case_id,root,initial_phase,delay,mechanics,a_participation,b_participation,a_support,b_support,physical_work,final_tick,pressure_phase,trace_hash,body_hash,a_live,b_live,quiescent
1,1500000,0,0,reference,4294967296,4294967296,4294967296,0,8,0,0,02fe740afbe2549aef07411ff49ed9745004c719316243e7b8a3fb91a69b20f6,e9158eee7c5b6cb1a31a4125084da0407abd2e55f33bb69297d53bf1e39ede72,1,1,1
1,1500000,0,0,production,4294967296,4294967296,4294967296,0,8,0,0,02fe740afbe2549aef07411ff49ed9745004c719316243e7b8a3fb91a69b20f6,e9158eee7c5b6cb1a31a4125084da0407abd2e55f33bb69297d53bf1e39ede72,1,1,1
2,1500000,0,1,reference,4026531840,4026531840,4026531840,0,8,1,1,a0901a357959af9b24b962439e4e5908ec29c32e0b1acdb6ffe5677c28d575a8,e9158eee7c5b6cb1a31a4125084da0407abd2e55f33bb69297d53bf1e39ede72,1,1,1
2,1500000,0,1,production,4026531840,4026531840,4026531840,0,8,1,1,a0901a357959af9b24b962439e4e5908ec29c32e0b1acdb6ffe5677c28d575a8,e9158eee7c5b6cb1a31a4125084da0407abd2e55f33bb69297d53bf1e39ede72,1,1,1
3,1500000,0,2,reference,3774873600,3774873600,3774873600,0,8,2,2,12d678044de9278c9ee3e9c4bf2e9c1aa02983764609d49fdbea456693f5b031,e9158eee7c5b6cb1a31a4125084da0407abd2e55f33bb69297d53bf1e39ede72,1,1,1
3,1500000,0,2,production,3774873600,3774873600,3774873600,0,8,2,2,12d678044de9278c9ee3e9c4bf2e9c1aa02983764609d49fdbea456693f5b031,e9158eee7c5b6cb1a31a4125084da0407abd2e55f33bb69297d53bf1e39ede72,1,1,1
4,1500000,0,3,reference,3538944000,3538944000,3538944000,0,8,3,3,83ada1d5ff08bfa0c54cef912e7204acd4ac18d0e86d3a9b688bf3fcfce9c15f,e9158eee7c5b6cb1a31a4125084da0407abd2e55f33bb69297d53bf1e39ede72,1,1,1
4,1500000,0,3,production,3538944000,3538944000,3538944000,0,8,3,3,83ada1d5ff08bfa0c54cef912e7204acd4ac18d0e86d3a9b688bf3fcfce9c15f,e9158eee7c5b6cb1a31a4125084da0407abd2e55f33bb69297d53bf1e39ede72,1,1,1
5,1500000,0,4,reference,3317760000,3317760000,3317760000,0,8,4,4,48b7a406d75a36d178a2ea4ad5e2527c86d7f2d56f27bd0fd750e9bf637de51d,e9158eee7c5b6cb1a31a4125084da0407abd2e55f33bb69297d53bf1e39ede72,1,1,1
5,1500000,0,4,production,3317760000,3317760000,3317760000,0,8,4,4,48b7a406d75a36d178a2ea4ad5e2527c86d7f2d56f27bd0fd750e9bf637de51d,e9158eee7c5b6cb1a31a4125084da0407abd2e55f33bb69297d53bf1e39ede72,1,1,1
6,1500000,0,5,reference,3110400000,3110400000,3110400000,0,8,5,5,e37bf9cef075d9b6179196957529ce98d953bd1af402948fbb087a5bb59f62a2,35aa08cea2f755fed5fc42e15413ebfbd31c89cee13ec2a5467410cc03010cd4,1,1,1
6,1500000,0,5,production,3110400000,3110400000,3110400000,0,8,5,5,e37bf9cef075d9b6179196957529ce98d953bd1af402948fbb087a5bb59f62a2,35aa08cea2f755fed5fc42e15413ebfbd31c89cee13ec2a5467410cc03010cd4,1,1,1
7,1500000,0,6,reference,2916000000,2916000000,2916000000,0,8,6,6,08694f37d7cb386576dc6ef4e7d1567a9a46309f9656365eb4d2f378bb479ff2,35aa08cea2f755fed5fc42e15413ebfbd31c89cee13ec2a5467410cc03010cd4,1,1,1
7,1500000,0,6,production,2916000000,2916000000,2916000000,0,8,6,6,08694f37d7cb386576dc6ef4e7d1567a9a46309f9656365eb4d2f378bb479ff2,35aa08cea2f755fed5fc42e15413ebfbd31c89cee13ec2a5467410cc03010cd4,1,1,1
8,1500000,0,7,reference,2733750000,2733750000,2733750000,0,8,7,7,d710f2f53f0671fc3db414fb5139b1e83e93ad24a2a746d20ea1aeae0ac15d60,35aa08cea2f755fed5fc42e15413ebfbd31c89cee13ec2a5467410cc03010cd4,1,1,1
8,1500000,0,7,production,2733750000,2733750000,2733750000,0,8,7,7,d710f2f53f0671fc3db414fb5139b1e83e93ad24a2a746d20ea1aeae0ac15d60,35aa08cea2f755fed5fc42e15413ebfbd31c89cee13ec2a5467410cc03010cd4,1,1,1
9,1500000,0,8,reference,2562890625,2562890625,2562890625,0,8,8,8,a274323b54941f53c2d53fe320b9cdf801045be946c34948192b7c1836ca6603,35aa08cea2f755fed5fc42e15413ebfbd31c89cee13ec2a5467410cc03010cd4,1,1,1
9,1500000,0,8,production,2562890625,2562890625,2562890625,0,8,8,8,a274323b54941f53c2d53fe320b9cdf801045be946c34948192b7c1836ca6603,35aa08cea2f755fed5fc42e15413ebfbd31c89cee13ec2a5467410cc03010cd4,1,1,1
10,1500000,0,9,reference,2402709960,2402709960,2402709960,0,8,9,9,60b2b11022471e8caa0f80f2610947b752fbc4529a4cb819b906ef80803344ac,35aa08cea2f755fed5fc42e15413ebfbd31c89cee13ec2a5467410cc03010cd4,1,1,1
10,1500000,0,9,production,2402709960,2402709960,2402709960,0,8,9,9,60b2b11022471e8caa0f80f2610947b752fbc4529a4cb819b906ef80803344ac,35aa08cea2f755fed5fc42e15413ebfbd31c89cee13ec2a5467410cc03010cd4,1,1,1
11,1500000,0,10,reference,2252540587,2252540587,2252540587,0,8,10,0,254bcaefb07f849f7df452f4b71aa965da5553fc4294f9f4430d22bf2123c94b,57ae97d32dc25413615ea45ef8a29c544cbb03cb81a8f0ac47d8547555ea1aa0,1,1,1
11,1500000,0,10,production,2252540587,2252540587,2252540587,0,8,10,0,254bcaefb07f849f7df452f4b71aa965da5553fc4294f9f4430d22bf2123c94b,57ae97d32dc25413615ea45ef8a29c544cbb03cb81a8f0ac47d8547555ea1aa0,1,1,1
12,1500000,0,11,reference,2111756800,2111756800,2111756800,0,8,11,1,94dc2dfa87099a61c8e8c00c48fc68d2226976d90d7882a4c318ce6870ecd918,57ae97d32dc25413615ea45ef8a29c544cbb03cb81a8f0ac47d8547555ea1aa0,1,1,1
12,1500000,0,11,production,2111756800,2111756800,2111756800,0,8,11,1,94dc2dfa87099a61c8e8c00c48fc68d2226976d90d7882a4c318ce6870ecd918,57ae97d32dc25413615ea45ef8a29c544cbb03cb81a8f0ac47d8547555ea1aa0,1,1,1
13,1500000,0,12,reference,1979772000,1979772000,1979772000,0,8,12,2,a2c15ce606aa1b865daf13830f0c86fbc1ebc91f403b65cb9cfa48e2212f3bad,57ae97d32dc25413615ea45ef8a29c544cbb03cb81a8f0ac47d8547555ea1aa0,1,1,1
13,1500000,0,12,production,1979772000,1979772000,1979772000,0,8,12,2,a2c15ce606aa1b865daf13830f0c86fbc1ebc91f403b65cb9cfa48e2212f3bad,57ae97d32dc25413615ea45ef8a29c544cbb03cb81a8f0ac47d8547555ea1aa0,1,1,1
14,1500000,0,13,reference,1856036250,1856036250,1856036250,0,8,13,3,cc097c6424fd05028804bf27676e311334607353c982256a868ee325270be0a1,57ae97d32dc25413615ea45ef8a29c544cbb03cb81a8f0ac47d8547555ea1aa0,1,1,1
14,1500000,0,13,production,1856036250,1856036250,1856036250,0,8,13,3,cc097c6424fd05028804bf27676e311334607353c982256a868ee325270be0a1,57ae97d32dc25413615ea45ef8a29c544cbb03cb81a8f0ac47d8547555ea1aa0,1,1,1
15,1500000,0,14,reference,1740033984,1740033984,1740033984,0,8,14,4,05f9adeddef6fbbc1cd8a80a9f1e069a72edf533acaa19de761fcab533bedca5,57ae97d32dc25413615ea45ef8a29c544cbb03cb81a8f0ac47d8547555ea1aa0,1,1,1
15,1500000,0,14,production,1740033984,1740033984,1740033984,0,8,14,4,05f9adeddef6fbbc1cd8a80a9f1e069a72edf533acaa19de761fcab533bedca5,57ae97d32dc25413615ea45ef8a29c544cbb03cb81a8f0ac47d8547555ea1aa0,1,1,1
16,1500000,0,15,reference,1631281860,1631281860,1631281860,0,8,15,5,cc6d637c96ff9e758f6da7e33d6972cf405f62891d9fb980d07e793bec71790b,57ae97d32dc25413615ea45ef8a29c544cbb03cb81a8f0ac47d8547555ea1aa0,1,1,1
16,1500000,0,15,production,1631281860,1631281860,1631281860,0,8,15,5,cc6d637c96ff9e758f6da7e33d6972cf405f62891d9fb980d07e793bec71790b,57ae97d32dc25413615ea45ef8a29c544cbb03cb81a8f0ac47d8547555ea1aa0,1,1,1
17,1500000,0,16,reference,1529326743,1529326743,1529326743,0,8,16,6,f491fc751899ccaf966ceee6abaabb08e50e89db561550e3c91c271b2fe8be5f,57ae97d32dc25413615ea45ef8a29c544cbb03cb81a8f0ac47d8547555ea1aa0,1,1,1
17,1500000,0,16,production,1529326743,1529326743,1529326743,0,8,16,6,f491fc751899ccaf966ceee6abaabb08e50e89db561550e3c91c271b2fe8be5f,57ae97d32dc25413615ea45ef8a29c544cbb03cb81a8f0ac47d8547555ea1aa0,1,1,1
18,1500000,0,17,reference,1433743821,1433743821,1433743821,0,8,17,7,bcf26206f02f758cb7ce6918a7d78478592cbde10e7098d3bc043d1b40f2df94,57ae97d32dc25413615ea45ef8a29c544cbb03cb81a8f0ac47d8547555ea1aa0,1,1,1
18,1500000,0,17,production,1433743821,1433743821,1433743821,0,8,17,7,bcf26206f02f758cb7ce6918a7d78478592cbde10e7098d3bc043d1b40f2df94,57ae97d32dc25413615ea45ef8a29c544cbb03cb81a8f0ac47d8547555ea1aa0,1,1,1
19,1500000,0,18,reference,1344134832,1344134832,1344134832,0,8,18,8,d466e960ec4fe175891cbd809ad8b2da2d90940941a5682035257aa4a82014d7,57ae97d32dc25413615ea45ef8a29c544cbb03cb81a8f0ac47d8547555ea1aa0,1,1,1
19,1500000,0,18,production,1344134832,1344134832,1344134832,0,8,18,8,d466e960ec4fe175891cbd809ad8b2da2d90940941a5682035257aa4a82014d7,57ae97d32dc25413615ea45ef8a29c544cbb03cb81a8f0ac47d8547555ea1aa0,1,1,1
20,1500000,0,19,reference,1260126405,1260126405,1260126405,0,8,19,9,e43b8a3a5da5a6deb6fc08152110584aea7daa1f5ec705a3cb31a7a8122de667,57ae97d32dc25413615ea45ef8a29c544cbb03cb81a8f0ac47d8547555ea1aa0,1,1,1
20,1500000,0,19,production,1260126405,1260126405,1260126405,0,8,19,9,e43b8a3a5da5a6deb6fc08152110584aea7daa1f5ec705a3cb31a7a8122de667,57ae97d32dc25413615ea45ef8a29c544cbb03cb81a8f0ac47d8547555ea1aa0,1,1,1
21,1500000,0,20,reference,1181368504,1181368504,1181368504,0,8,20,0,be33b23b1a464eacaefd70c140c2fb7d0cf81e4b96ae69b2dd9ad8be8ead10e6,dbeb9b856978f8b34c333a90b6a2fff3dee48ce9057647c624a9030a4ae32727,1,1,1
21,1500000,0,20,production,1181368504,1181368504,1181368504,0,8,20,0,be33b23b1a464eacaefd70c140c2fb7d0cf81e4b96ae69b2dd9ad8be8ead10e6,dbeb9b856978f8b34c333a90b6a2fff3dee48ce9057647c624a9030a4ae32727,1,1,1
22,1500000,0,1024,reference,0,0,0,0,8,1024,4,1e8a50a961b54c0a8ee398f6a2901c62247829dbfc1e25cd41bb1243daaabf06,361174b06e976edd62ea9e6bc1d004d0865ec2723107e0f60db523b3952d3364,1,1,1
22,1500000,0,1024,production,0,0,0,0,8,1024,4,1e8a50a961b54c0a8ee398f6a2901c62247829dbfc1e25cd41bb1243daaabf06,361174b06e976edd62ea9e6bc1d004d0865ec2723107e0f60db523b3952d3364,1,1,1
23,1500000,1,0,reference,4294967296,4294967296,4294967296,0,8,1,1,92b7c983118fb8385f7a56babdbb2886629d5076140afdf280cdb62cf4341e36,e9158eee7c5b6cb1a31a4125084da0407abd2e55f33bb69297d53bf1e39ede72,1,1,1
23,1500000,1,0,production,4294967296,4294967296,4294967296,0,8,1,1,92b7c983118fb8385f7a56babdbb2886629d5076140afdf280cdb62cf4341e36,e9158eee7c5b6cb1a31a4125084da0407abd2e55f33bb69297d53bf1e39ede72,1,1,1
24,1500000,1,1,reference,4026531840,4026531840,4026531840,0,8,2,2,f7bb5453f68882084012d246299cec21b2fb654aac545375107bd81383d4f755,e9158eee7c5b6cb1a31a4125084da0407abd2e55f33bb69297d53bf1e39ede72,1,1,1
24,1500000,1,1,production,4026531840,4026531840,4026531840,0,8,2,2,f7bb5453f68882084012d246299cec21b2fb654aac545375107bd81383d4f755,e9158eee7c5b6cb1a31a4125084da0407abd2e55f33bb69297d53bf1e39ede72,1,1,1
25,1500000,1,2,reference,3774873600,3774873600,3774873600,0,8,3,3,be4596c3b24e6d01192b949f90290b624d0f63a021afa212ca27f70b00bb3a38,e9158eee7c5b6cb1a31a4125084da0407abd2e55f33bb69297d53bf1e39ede72,1,1,1
25,1500000,1,2,production,3774873600,3774873600,3774873600,0,8,3,3,be4596c3b24e6d01192b949f90290b624d0f63a021afa212ca27f70b00bb3a38,e9158eee7c5b6cb1a31a4125084da0407abd2e55f33bb69297d53bf1e39ede72,1,1,1
26,1500000,1,3,reference,3538944000,3538944000,3538944000,0,8,4,4,f32ea2a5a066994cfc08cd04995a2d2b24c4bf84ca1773f2eb40eddd4cd6fdc6,e9158eee7c5b6cb1a31a4125084da0407abd2e55f33bb69297d53bf1e39ede72,1,1,1
26,1500000,1,3,production,3538944000,3538944000,3538944000,0,8,4,4,f32ea2a5a066994cfc08cd04995a2d2b24c4bf84ca1773f2eb40eddd4cd6fdc6,e9158eee7c5b6cb1a31a4125084da0407abd2e55f33bb69297d53bf1e39ede72,1,1,1
27,1500000,1,4,reference,3317760000,3317760000,3317760000,0,8,5,5,01aae94c68f83bea2d8e67ab7055d171f46d837dcea30c7a14c1627c40f0ca66,e9158eee7c5b6cb1a31a4125084da0407abd2e55f33bb69297d53bf1e39ede72,1,1,1
27,1500000,1,4,production,3317760000,3317760000,3317760000,0,8,5,5,01aae94c68f83bea2d8e67ab7055d171f46d837dcea30c7a14c1627c40f0ca66,e9158eee7c5b6cb1a31a4125084da0407abd2e55f33bb69297d53bf1e39ede72,1,1,1
28,1500000,1,5,reference,3110400000,3110400000,3110400000,0,8,6,6,84fcf1e5e9e8231ca1ef7d45f3b4b1c1316df88b1b8a00d48db26eef0db01386,35aa08cea2f755fed5fc42e15413ebfbd31c89cee13ec2a5467410cc03010cd4,1,1,1
28,1500000,1,5,production,3110400000,3110400000,3110400000,0,8,6,6,84fcf1e5e9e8231ca1ef7d45f3b4b1c1316df88b1b8a00d48db26eef0db01386,35aa08cea2f755fed5fc42e15413ebfbd31c89cee13ec2a5467410cc03010cd4,1,1,1
29,1500000,1,6,reference,2916000000,2916000000,2916000000,0,8,7,7,c907df96e1549caeb951dfa28999a837a2b35216c9f4eea2505adaaa77d75954,35aa08cea2f755fed5fc42e15413ebfbd31c89cee13ec2a5467410cc03010cd4,1,1,1
29,1500000,1,6,production,2916000000,2916000000,2916000000,0,8,7,7,c907df96e1549caeb951dfa28999a837a2b35216c9f4eea2505adaaa77d75954,35aa08cea2f755fed5fc42e15413ebfbd31c89cee13ec2a5467410cc03010cd4,1,1,1
30,1500000,1,7,reference,2733750000,2733750000,2733750000,0,8,8,8,461dffb71af52d2d7353ee60fb2e888b5efaa28d8b001696eae23cdbfdb786ab,35aa08cea2f755fed5fc42e15413ebfbd31c89cee13ec2a5467410cc03010cd4,1,1,1
30,1500000,1,7,production,2733750000,2733750000,2733750000,0,8,8,8,461dffb71af52d2d7353ee60fb2e888b5efaa28d8b001696eae23cdbfdb786ab,35aa08cea2f755fed5fc42e15413ebfbd31c89cee13ec2a5467410cc03010cd4,1,1,1
31,1500000,1,8,reference,2562890625,2562890625,2562890625,0,8,9,9,9d55c0beffee9e6c04612780a9d8c14e8f5a2b9649443be10fd1e58766911da0,35aa08cea2f755fed5fc42e15413ebfbd31c89cee13ec2a5467410cc03010cd4,1,1,1
31,1500000,1,8,production,2562890625,2562890625,2562890625,0,8,9,9,9d55c0beffee9e6c04612780a9d8c14e8f5a2b9649443be10fd1e58766911da0,35aa08cea2f755fed5fc42e15413ebfbd31c89cee13ec2a5467410cc03010cd4,1,1,1
32,1500000,1,9,reference,2402709960,2402709960,2402709960,0,8,10,0,8d87f7fc6888f5bdd15d55680758965f7b185468c5e311aaeffb47467d1776b6,57ae97d32dc25413615ea45ef8a29c544cbb03cb81a8f0ac47d8547555ea1aa0,1,1,1
32,1500000,1,9,production,2402709960,2402709960,2402709960,0,8,10,0,8d87f7fc6888f5bdd15d55680758965f7b185468c5e311aaeffb47467d1776b6,57ae97d32dc25413615ea45ef8a29c544cbb03cb81a8f0ac47d8547555ea1aa0,1,1,1
33,1500000,1,10,reference,2252540587,2252540587,2252540587,0,8,11,1,4b2ba0084c36af243d27682cbb70cee42082a026a7a0bfe9d40db35eabaa2709,57ae97d32dc25413615ea45ef8a29c544cbb03cb81a8f0ac47d8547555ea1aa0,1,1,1
33,1500000,1,10,production,2252540587,2252540587,2252540587,0,8,11,1,4b2ba0084c36af243d27682cbb70cee42082a026a7a0bfe9d40db35eabaa2709,57ae97d32dc25413615ea45ef8a29c544cbb03cb81a8f0ac47d8547555ea1aa0,1,1,1
34,1500000,1,11,reference,2111756800,2111756800,2111756800,0,8,12,2,cf63a2be950532cd4bfefc6e8037534f49be88e534a89df071ce9ca2152481e9,57ae97d32dc25413615ea45ef8a29c544cbb03cb81a8f0ac47d8547555ea1aa0,1,1,1
34,1500000,1,11,production,2111756800,2111756800,2111756800,0,8,12,2,cf63a2be950532cd4bfefc6e8037534f49be88e534a89df071ce9ca2152481e9,57ae97d32dc25413615ea45ef8a29c544cbb03cb81a8f0ac47d8547555ea1aa0,1,1,1
35,1500000,1,12,reference,1979772000,1979772000,1979772000,0,8,13,3,19c84c9acfdc8bceb086a5f113ce468d5c3ed4e1c636ed438c88703b10cf4e72,57ae97d32dc25413615ea45ef8a29c544cbb03cb81a8f0ac47d8547555ea1aa0,1,1,1
35,1500000,1,12,production,1979772000,1979772000,1979772000,0,8,13,3,19c84c9acfdc8bceb086a5f113ce468d5c3ed4e1c636ed438c88703b10cf4e72,57ae97d32dc25413615ea45ef8a29c544cbb03cb81a8f0ac47d8547555ea1aa0,1,1,1
36,1500000,1,13,reference,1856036250,1856036250,1856036250,0,8,14,4,3f377c060dca6e2dda633bb2ad374980cc47c2eb2b68456c3731ee915a9528bf,57ae97d32dc25413615ea45ef8a29c544cbb03cb81a8f0ac47d8547555ea1aa0,1,1,1
36,1500000,1,13,production,1856036250,1856036250,1856036250,0,8,14,4,3f377c060dca6e2dda633bb2ad374980cc47c2eb2b68456c3731ee915a9528bf,57ae97d32dc25413615ea45ef8a29c544cbb03cb81a8f0ac47d8547555ea1aa0,1,1,1
37,1500000,1,14,reference,1740033984,1740033984,1740033984,0,8,15,5,9bd819be6fdb307a35240590c690d4c72a7f2ebde6e9eebd13050379860b732c,57ae97d32dc25413615ea45ef8a29c544cbb03cb81a8f0ac47d8547555ea1aa0,1,1,1
37,1500000,1,14,production,1740033984,1740033984,1740033984,0,8,15,5,9bd819be6fdb307a35240590c690d4c72a7f2ebde6e9eebd13050379860b732c,57ae97d32dc25413615ea45ef8a29c544cbb03cb81a8f0ac47d8547555ea1aa0,1,1,1
38,1500000,1,15,reference,1631281860,1631281860,1631281860,0,8,16,6,e3d8ee3c281300f23531292079067be24f92b9215b82ed2c7dafe7cc319ef4e0,57ae97d32dc25413615ea45ef8a29c544cbb03cb81a8f0ac47d8547555ea1aa0,1,1,1
38,1500000,1,15,production,1631281860,1631281860,1631281860,0,8,16,6,e3d8ee3c281300f23531292079067be24f92b9215b82ed2c7dafe7cc319ef4e0,57ae97d32dc25413615ea45ef8a29c544cbb03cb81a8f0ac47d8547555ea1aa0,1,1,1
39,1500000,1,16,reference,1529326743,1529326743,1529326743,0,8,17,7,4a8fc9b59dad4cba994b45625f1ce813cd9a235e07dc2574bfde8445887ab157,57ae97d32dc25413615ea45ef8a29c544cbb03cb81a8f0ac47d8547555ea1aa0,1,1,1
39,1500000,1,16,production,1529326743,1529326743,1529326743,0,8,17,7,4a8fc9b59dad4cba994b45625f1ce813cd9a235e07dc2574bfde8445887ab157,57ae97d32dc25413615ea45ef8a29c544cbb03cb81a8f0ac47d8547555ea1aa0,1,1,1
40,1500000,1,17,reference,1433743821,1433743821,1433743821,0,8,18,8,2b4bdc76976495e34e286375d48bb235120f727416030b33ab09b2e63ba660af,57ae97d32dc25413615ea45ef8a29c544cbb03cb81a8f0ac47d8547555ea1aa0,1,1,1
40,1500000,1,17,production,1433743821,1433743821,1433743821,0,8,18,8,2b4bdc76976495e34e286375d48bb235120f727416030b33ab09b2e63ba660af,57ae97d32dc25413615ea45ef8a29c544cbb03cb81a8f0ac47d8547555ea1aa0,1,1,1
41,1500000,1,18,reference,1344134832,1344134832,1344134832,0,8,19,9,d1a2ade8605ee291ac49d10c7814fb931efd1ee01ae6582eff005f666fbf616a,57ae97d32dc25413615ea45ef8a29c544cbb03cb81a8f0ac47d8547555ea1aa0,1,1,1
41,1500000,1,18,production,1344134832,1344134832,1344134832,0,8,19,9,d1a2ade8605ee291ac49d10c7814fb931efd1ee01ae6582eff005f666fbf616a,57ae97d32dc25413615ea45ef8a29c544cbb03cb81a8f0ac47d8547555ea1aa0,1,1,1
42,1500000,1,19,reference,1260126405,1260126405,1260126405,0,8,20,0,3561b4c3c867dfc54167603432262314a990ce04d116a6a856d364f823962685,dbeb9b856978f8b34c333a90b6a2fff3dee48ce9057647c624a9030a4ae32727,1,1,1
42,1500000,1,19,production,1260126405,1260126405,1260126405,0,8,20,0,3561b4c3c867dfc54167603432262314a990ce04d116a6a856d364f823962685,dbeb9b856978f8b34c333a90b6a2fff3dee48ce9057647c624a9030a4ae32727,1,1,1
43,1500000,1,20,reference,1181368504,1181368504,1181368504,0,8,21,1,5ad9543d9c772418222b5c49ba8cf57c2006f3c769f0877d8ffdd0e87de55131,dbeb9b856978f8b34c333a90b6a2fff3dee48ce9057647c624a9030a4ae32727,1,1,1
43,1500000,1,20,production,1181368504,1181368504,1181368504,0,8,21,1,5ad9543d9c772418222b5c49ba8cf57c2006f3c769f0877d8ffdd0e87de55131,dbeb9b856978f8b34c333a90b6a2fff3dee48ce9057647c624a9030a4ae32727,1,1,1
44,1500000,1,1024,reference,0,0,0,0,8,1025,5,8e15f66e56bd52d228148490e6df6517f0d06a1e26f1189333225f11c121c2f3,361174b06e976edd62ea9e6bc1d004d0865ec2723107e0f60db523b3952d3364,1,1,1
44,1500000,1,1024,production,0,0,0,0,8,1025,5,8e15f66e56bd52d228148490e6df6517f0d06a1e26f1189333225f11c121c2f3,361174b06e976edd62ea9e6bc1d004d0865ec2723107e0f60db523b3952d3364,1,1,1
45,1500000,2,0,reference,4294967296,4294967296,4294967296,0,8,2,2,d82e888bb19f8f130fc205f4fc9be37a86e1ad05e394a19e2fdc2df79feb654d,e9158eee7c5b6cb1a31a4125084da0407abd2e55f33bb69297d53bf1e39ede72,1,1,1
45,1500000,2,0,production,4294967296,4294967296,4294967296,0,8,2,2,d82e888bb19f8f130fc205f4fc9be37a86e1ad05e394a19e2fdc2df79feb654d,e9158eee7c5b6cb1a31a4125084da0407abd2e55f33bb69297d53bf1e39ede72,1,1,1
46,1500000,2,1,reference,4026531840,4026531840,4026531840,0,8,3,3,f18e1c97b2eb42db799f173f860f0f27afa181a24c1764cfb109392301045750,e9158eee7c5b6cb1a31a4125084da0407abd2e55f33bb69297d53bf1e39ede72,1,1,1
46,1500000,2,1,production,4026531840,4026531840,4026531840,0,8,3,3,f18e1c97b2eb42db799f173f860f0f27afa181a24c1764cfb109392301045750,e9158eee7c5b6cb1a31a4125084da0407abd2e55f33bb69297d53bf1e39ede72,1,1,1
47,1500000,2,2,reference,3774873600,3774873600,3774873600,0,8,4,4,58e5b44241ebbcb4d342670db99a17cc8bbff70f6786516b3fc515c81448e5f9,e9158eee7c5b6cb1a31a4125084da0407abd2e55f33bb69297d53bf1e39ede72,1,1,1
47,1500000,2,2,production,3774873600,3774873600,3774873600,0,8,4,4,58e5b44241ebbcb4d342670db99a17cc8bbff70f6786516b3fc515c81448e5f9,e9158eee7c5b6cb1a31a4125084da0407abd2e55f33bb69297d53bf1e39ede72,1,1,1
48,1500000,2,3,reference,3538944000,3538944000,3538944000,0,8,5,5,a104a37be258cae244c09ddcbba60a6c38e9429a6ef2a8d4f58103a371b206b2,e9158eee7c5b6cb1a31a4125084da0407abd2e55f33bb69297d53bf1e39ede72,1,1,1
48,1500000,2,3,production,3538944000,3538944000,3538944000,0,8,5,5,a104a37be258cae244c09ddcbba60a6c38e9429a6ef2a8d4f58103a371b206b2,e9158eee7c5b6cb1a31a4125084da0407abd2e55f33bb69297d53bf1e39ede72,1,1,1
49,1500000,2,4,reference,3317760000,3317760000,3317760000,0,8,6,6,cb4b8afd7a5a7586890693fbb07f91d9f0f4f29f442f57c6c4b357908bee321b,e9158eee7c5b6cb1a31a4125084da0407abd2e55f33bb69297d53bf1e39ede72,1,1,1
49,1500000,2,4,production,3317760000,3317760000,3317760000,0,8,6,6,cb4b8afd7a5a7586890693fbb07f91d9f0f4f29f442f57c6c4b357908bee321b,e9158eee7c5b6cb1a31a4125084da0407abd2e55f33bb69297d53bf1e39ede72,1,1,1
50,1500000,2,5,reference,3110400000,3110400000,3110400000,0,8,7,7,c01ca5603faa5f44fc95d46ec3637d2632536716533c59ed11e4564318a5a480,35aa08cea2f755fed5fc42e15413ebfbd31c89cee13ec2a5467410cc03010cd4,1,1,1
50,1500000,2,5,production,3110400000,3110400000,3110400000,0,8,7,7,c01ca5603faa5f44fc95d46ec3637d2632536716533c59ed11e4564318a5a480,35aa08cea2f755fed5fc42e15413ebfbd31c89cee13ec2a5467410cc03010cd4,1,1,1
51,1500000,2,6,reference,2916000000,2916000000,2916000000,0,8,8,8,fed03eb2510f7deacc1e103c79215b96413bb15488e64c5e8cf8b1ffbd540852,35aa08cea2f755fed5fc42e15413ebfbd31c89cee13ec2a5467410cc03010cd4,1,1,1
51,1500000,2,6,production,2916000000,2916000000,2916000000,0,8,8,8,fed03eb2510f7deacc1e103c79215b96413bb15488e64c5e8cf8b1ffbd540852,35aa08cea2f755fed5fc42e15413ebfbd31c89cee13ec2a5467410cc03010cd4,1,1,1
52,1500000,2,7,reference,2733750000,2733750000,2733750000,0,8,9,9,c1c6af1bef05dd2155d16ff1f4e3b30057b1e761bf9d9e1133c11def5ec0f3c5,35aa08cea2f755fed5fc42e15413ebfbd31c89cee13ec2a5467410cc03010cd4,1,1,1
52,1500000,2,7,production,2733750000,2733750000,2733750000,0,8,9,9,c1c6af1bef05dd2155d16ff1f4e3b30057b1e761bf9d9e1133c11def5ec0f3c5,35aa08cea2f755fed5fc42e15413ebfbd31c89cee13ec2a5467410cc03010cd4,1,1,1
53,1500000,2,8,reference,2562890625,2562890625,2562890625,0,8,10,0,b1b5a740351a8307ca59f6f095776902e0d4caf9de99105c549cf2acef1fbd13,57ae97d32dc25413615ea45ef8a29c544cbb03cb81a8f0ac47d8547555ea1aa0,1,1,1
53,1500000,2,8,production,2562890625,2562890625,2562890625,0,8,10,0,b1b5a740351a8307ca59f6f095776902e0d4caf9de99105c549cf2acef1fbd13,57ae97d32dc25413615ea45ef8a29c544cbb03cb81a8f0ac47d8547555ea1aa0,1,1,1
54,1500000,2,9,reference,2402709960,2402709960,2402709960,0,8,11,1,641d753eff78d9fbe5fa3cdf2f7f35a9ff1601d7cfb4aa1e29bc09570800a20b,57ae97d32dc25413615ea45ef8a29c544cbb03cb81a8f0ac47d8547555ea1aa0,1,1,1
54,1500000,2,9,production,2402709960,2402709960,2402709960,0,8,11,1,641d753eff78d9fbe5fa3cdf2f7f35a9ff1601d7cfb4aa1e29bc09570800a20b,57ae97d32dc25413615ea45ef8a29c544cbb03cb81a8f0ac47d8547555ea1aa0,1,1,1
55,1500000,2,10,reference,2252540587,2252540587,2252540587,0,8,12,2,687a151f977facefedfa4a2a244f9a099a15c0515dc2fbbdf622b75fcaa2a8d7,57ae97d32dc25413615ea45ef8a29c544cbb03cb81a8f0ac47d8547555ea1aa0,1,1,1
55,1500000,2,10,production,2252540587,2252540587,2252540587,0,8,12,2,687a151f977facefedfa4a2a244f9a099a15c0515dc2fbbdf622b75fcaa2a8d7,57ae97d32dc25413615ea45ef8a29c544cbb03cb81a8f0ac47d8547555ea1aa0,1,1,1
56,1500000,2,11,reference,2111756800,2111756800,2111756800,0,8,13,3,d93e1a606b380f82113af0eb41a6badbf624377ab7de706ee5a4559b41590168,57ae97d32dc25413615ea45ef8a29c544cbb03cb81a8f0ac47d8547555ea1aa0,1,1,1
56,1500000,2,11,production,2111756800,2111756800,2111756800,0,8,13,3,d93e1a606b380f82113af0eb41a6badbf624377ab7de706ee5a4559b41590168,57ae97d32dc25413615ea45ef8a29c544cbb03cb81a8f0ac47d8547555ea1aa0,1,1,1
57,1500000,2,12,reference,1979772000,1979772000,1979772000,0,8,14,4,f32aa054f3213ffe60f0ab060e1c696c09a186a22fe48064ed359e0919e7cea7,57ae97d32dc25413615ea45ef8a29c544cbb03cb81a8f0ac47d8547555ea1aa0,1,1,1
57,1500000,2,12,production,1979772000,1979772000,1979772000,0,8,14,4,f32aa054f3213ffe60f0ab060e1c696c09a186a22fe48064ed359e0919e7cea7,57ae97d32dc25413615ea45ef8a29c544cbb03cb81a8f0ac47d8547555ea1aa0,1,1,1
58,1500000,2,13,reference,1856036250,1856036250,1856036250,0,8,15,5,482dd2fb35be34236220e10a7cde9519d0ff3830a6663ba19c8e21b8603032f1,57ae97d32dc25413615ea45ef8a29c544cbb03cb81a8f0ac47d8547555ea1aa0,1,1,1
58,1500000,2,13,production,1856036250,1856036250,1856036250,0,8,15,5,482dd2fb35be34236220e10a7cde9519d0ff3830a6663ba19c8e21b8603032f1,57ae97d32dc25413615ea45ef8a29c544cbb03cb81a8f0ac47d8547555ea1aa0,1,1,1
59,1500000,2,14,reference,1740033984,1740033984,1740033984,0,8,16,6,fa056472c7e1e51d232e02244f1afdb1a3a3bf5e88152d98713cbdc5ccb3d1dd,57ae97d32dc25413615ea45ef8a29c544cbb03cb81a8f0ac47d8547555ea1aa0,1,1,1
59,1500000,2,14,production,1740033984,1740033984,1740033984,0,8,16,6,fa056472c7e1e51d232e02244f1afdb1a3a3bf5e88152d98713cbdc5ccb3d1dd,57ae97d32dc25413615ea45ef8a29c544cbb03cb81a8f0ac47d8547555ea1aa0,1,1,1
60,1500000,2,15,reference,1631281860,1631281860,1631281860,0,8,17,7,61d9e4e8757436c0d71125a41f6584cd67354d745cb78bfa6eeadfbadae11424,57ae97d32dc25413615ea45ef8a29c544cbb03cb81a8f0ac47d8547555ea1aa0,1,1,1
60,1500000,2,15,production,1631281860,1631281860,1631281860,0,8,17,7,61d9e4e8757436c0d71125a41f6584cd67354d745cb78bfa6eeadfbadae11424,57ae97d32dc25413615ea45ef8a29c544cbb03cb81a8f0ac47d8547555ea1aa0,1,1,1
61,1500000,2,16,reference,1529326743,1529326743,1529326743,0,8,18,8,144d7b4b11e8a2d4eded1894ab47dfacddf43039c7b0b3b9d7c89ff31674a81b,57ae97d32dc25413615ea45ef8a29c544cbb03cb81a8f0ac47d8547555ea1aa0,1,1,1
61,1500000,2,16,production,1529326743,1529326743,1529326743,0,8,18,8,144d7b4b11e8a2d4eded1894ab47dfacddf43039c7b0b3b9d7c89ff31674a81b,57ae97d32dc25413615ea45ef8a29c544cbb03cb81a8f0ac47d8547555ea1aa0,1,1,1
62,1500000,2,17,reference,1433743821,1433743821,1433743821,0,8,19,9,ed9073f6b7e41dbcf2e61dcffb2e87dead86f70dedd5a02c9cb53badf20f4ecf,57ae97d32dc25413615ea45ef8a29c544cbb03cb81a8f0ac47d8547555ea1aa0,1,1,1
62,1500000,2,17,production,1433743821,1433743821,1433743821,0,8,19,9,ed9073f6b7e41dbcf2e61dcffb2e87dead86f70dedd5a02c9cb53badf20f4ecf,57ae97d32dc25413615ea45ef8a29c544cbb03cb81a8f0ac47d8547555ea1aa0,1,1,1
63,1500000,2,18,reference,1344134832,1344134832,1344134832,0,8,20,0,d373ae6f0fac07f068bed6bde78be8aca88a54b809299baa3101c4f3efd1e8e7,dbeb9b856978f8b34c333a90b6a2fff3dee48ce9057647c624a9030a4ae32727,1,1,1
63,1500000,2,18,production,1344134832,1344134832,1344134832,0,8,20,0,d373ae6f0fac07f068bed6bde78be8aca88a54b809299baa3101c4f3efd1e8e7,dbeb9b856978f8b34c333a90b6a2fff3dee48ce9057647c624a9030a4ae32727,1,1,1
64,1500000,2,19,reference,1260126405,1260126405,1260126405,0,8,21,1,e1700a2bab424794c8ac1987416c221c300f0838ac15e987f1dda708c02b13f1,dbeb9b856978f8b34c333a90b6a2fff3dee48ce9057647c624a9030a4ae32727,1,1,1
64,1500000,2,19,production,1260126405,1260126405,1260126405,0,8,21,1,e1700a2bab424794c8ac1987416c221c300f0838ac15e987f1dda708c02b13f1,dbeb9b856978f8b34c333a90b6a2fff3dee48ce9057647c624a9030a4ae32727,1,1,1
65,1500000,2,20,reference,1181368504,1181368504,1181368504,0,8,22,2,f59c2539e00057ac8240c51b3616110a7304326189004fa99403af5624dea74a,dbeb9b856978f8b34c333a90b6a2fff3dee48ce9057647c624a9030a4ae32727,1,1,1
65,1500000,2,20,production,1181368504,1181368504,1181368504,0,8,22,2,f59c2539e00057ac8240c51b3616110a7304326189004fa99403af5624dea74a,dbeb9b856978f8b34c333a90b6a2fff3dee48ce9057647c624a9030a4ae32727,1,1,1
66,1500000,2,1024,reference,0,0,0,0,8,1026,6,49072e4ec56b145285bd0ef184ed0cf22db6aacf8ee5af79233d63f698213386,361174b06e976edd62ea9e6bc1d004d0865ec2723107e0f60db523b3952d3364,1,1,1
66,1500000,2,1024,production,0,0,0,0,8,1026,6,49072e4ec56b145285bd0ef184ed0cf22db6aacf8ee5af79233d63f698213386,361174b06e976edd62ea9e6bc1d004d0865ec2723107e0f60db523b3952d3364,1,1,1
67,1500000,3,0,reference,4294967296,4294967296,4294967296,0,8,3,3,da34314d113c79e41647e75e26f8139008d08ebe5280aa4a4612dfe300b612f9,e9158eee7c5b6cb1a31a4125084da0407abd2e55f33bb69297d53bf1e39ede72,1,1,1
67,1500000,3,0,production,4294967296,4294967296,4294967296,0,8,3,3,da34314d113c79e41647e75e26f8139008d08ebe5280aa4a4612dfe300b612f9,e9158eee7c5b6cb1a31a4125084da0407abd2e55f33bb69297d53bf1e39ede72,1,1,1
68,1500000,3,1,reference,4026531840,4026531840,4026531840,0,8,4,4,28454edb58299618f9e16dc9c9b8da9f7fb892bc57769f6bb7be42da5915b371,e9158eee7c5b6cb1a31a4125084da0407abd2e55f33bb69297d53bf1e39ede72,1,1,1
68,1500000,3,1,production,4026531840,4026531840,4026531840,0,8,4,4,28454edb58299618f9e16dc9c9b8da9f7fb892bc57769f6bb7be42da5915b371,e9158eee7c5b6cb1a31a4125084da0407abd2e55f33bb69297d53bf1e39ede72,1,1,1
69,1500000,3,2,reference,3774873600,3774873600,3774873600,0,8,5,5,95be9b3d1184788508493fce8e3e87c3a5ddb2620ea7594c17878cd31deebbf5,e9158eee7c5b6cb1a31a4125084da0407abd2e55f33bb69297d53bf1e39ede72,1,1,1
69,1500000,3,2,production,3774873600,3774873600,3774873600,0,8,5,5,95be9b3d1184788508493fce8e3e87c3a5ddb2620ea7594c17878cd31deebbf5,e9158eee7c5b6cb1a31a4125084da0407abd2e55f33bb69297d53bf1e39ede72,1,1,1
70,1500000,3,3,reference,3538944000,3538944000,3538944000,0,8,6,6,d70ed517a7b0d4f0018c2929698b920181d68c68a355555dae9ed4dc470b180c,e9158eee7c5b6cb1a31a4125084da0407abd2e55f33bb69297d53bf1e39ede72,1,1,1
70,1500000,3,3,production,3538944000,3538944000,3538944000,0,8,6,6,d70ed517a7b0d4f0018c2929698b920181d68c68a355555dae9ed4dc470b180c,e9158eee7c5b6cb1a31a4125084da0407abd2e55f33bb69297d53bf1e39ede72,1,1,1
71,1500000,3,4,reference,3317760000,3317760000,3317760000,0,8,7,7,6308c83e2777ddb8868e51033f77bda2d5e65ab70f15142cea17d39f91ae26f3,e9158eee7c5b6cb1a31a4125084da0407abd2e55f33bb69297d53bf1e39ede72,1,1,1
71,1500000,3,4,production,3317760000,3317760000,3317760000,0,8,7,7,6308c83e2777ddb8868e51033f77bda2d5e65ab70f15142cea17d39f91ae26f3,e9158eee7c5b6cb1a31a4125084da0407abd2e55f33bb69297d53bf1e39ede72,1,1,1
72,1500000,3,5,reference,3110400000,3110400000,3110400000,0,8,8,8,3447ae0a37080347fb0191e8706b2a8576cee94dfc8dd7dbe513e33034a9ffdc,35aa08cea2f755fed5fc42e15413ebfbd31c89cee13ec2a5467410cc03010cd4,1,1,1
72,1500000,3,5,production,3110400000,3110400000,3110400000,0,8,8,8,3447ae0a37080347fb0191e8706b2a8576cee94dfc8dd7dbe513e33034a9ffdc,35aa08cea2f755fed5fc42e15413ebfbd31c89cee13ec2a5467410cc03010cd4,1,1,1
73,1500000,3,6,reference,2916000000,2916000000,2916000000,0,8,9,9,b6e9427d51357fc6318a97866238abf26d4ffbdd979e81f996a024dd0c1883ee,35aa08cea2f755fed5fc42e15413ebfbd31c89cee13ec2a5467410cc03010cd4,1,1,1
73,1500000,3,6,production,2916000000,2916000000,2916000000,0,8,9,9,b6e9427d51357fc6318a97866238abf26d4ffbdd979e81f996a024dd0c1883ee,35aa08cea2f755fed5fc42e15413ebfbd31c89cee13ec2a5467410cc03010cd4,1,1,1
74,1500000,3,7,reference,2733750000,2733750000,2733750000,0,8,10,0,5c26a190e45b576fcf35d990a823de552e597c3bd41552204bed32a20513e1f8,57ae97d32dc25413615ea45ef8a29c544cbb03cb81a8f0ac47d8547555ea1aa0,1,1,1
74,1500000,3,7,production,2733750000,2733750000,2733750000,0,8,10,0,5c26a190e45b576fcf35d990a823de552e597c3bd41552204bed32a20513e1f8,57ae97d32dc25413615ea45ef8a29c544cbb03cb81a8f0ac47d8547555ea1aa0,1,1,1
75,1500000,3,8,reference,2562890625,2562890625,2562890625,0,8,11,1,e6395a4d062e67977ed97258b70586fd25ed5fce748c4dc33bfcc854e3e2f2eb,57ae97d32dc25413615ea45ef8a29c544cbb03cb81a8f0ac47d8547555ea1aa0,1,1,1
75,1500000,3,8,production,2562890625,2562890625,2562890625,0,8,11,1,e6395a4d062e67977ed97258b70586fd25ed5fce748c4dc33bfcc854e3e2f2eb,57ae97d32dc25413615ea45ef8a29c544cbb03cb81a8f0ac47d8547555ea1aa0,1,1,1
76,1500000,3,9,reference,2402709960,2402709960,2402709960,0,8,12,2,8fc59c05ae9c6167bd0c7fb38f0d67964e2c70c627aea35a8e1758cd87b0c737,57ae97d32dc25413615ea45ef8a29c544cbb03cb81a8f0ac47d8547555ea1aa0,1,1,1
76,1500000,3,9,production,2402709960,2402709960,2402709960,0,8,12,2,8fc59c05ae9c6167bd0c7fb38f0d67964e2c70c627aea35a8e1758cd87b0c737,57ae97d32dc25413615ea45ef8a29c544cbb03cb81a8f0ac47d8547555ea1aa0,1,1,1
77,1500000,3,10,reference,2252540587,2252540587,2252540587,0,8,13,3,448be8d4840d516311ef6707bcc672be21cbccd3fd30619d4d8f18546eabfdab,57ae97d32dc25413615ea45ef8a29c544cbb03cb81a8f0ac47d8547555ea1aa0,1,1,1
77,1500000,3,10,production,2252540587,2252540587,2252540587,0,8,13,3,448be8d4840d516311ef6707bcc672be21cbccd3fd30619d4d8f18546eabfdab,57ae97d32dc25413615ea45ef8a29c544cbb03cb81a8f0ac47d8547555ea1aa0,1,1,1
78,1500000,3,11,reference,2111756800,2111756800,2111756800,0,8,14,4,091cfe71c5da361b234f526dc82edcfce3307a55501e1aefb96d6d1ca39a40b5,57ae97d32dc25413615ea45ef8a29c544cbb03cb81a8f0ac47d8547555ea1aa0,1,1,1
78,1500000,3,11,production,2111756800,2111756800,2111756800,0,8,14,4,091cfe71c5da361b234f526dc82edcfce3307a55501e1aefb96d6d1ca39a40b5,57ae97d32dc25413615ea45ef8a29c544cbb03cb81a8f0ac47d8547555ea1aa0,1,1,1
79,1500000,3,12,reference,1979772000,1979772000,1979772000,0,8,15,5,98d97b133b71e5684bd6459c97b6f3d41160c415320af3a89d9cd34636dfdf76,57ae97d32dc25413615ea45ef8a29c544cbb03cb81a8f0ac47d8547555ea1aa0,1,1,1
79,1500000,3,12,production,1979772000,1979772000,1979772000,0,8,15,5,98d97b133b71e5684bd6459c97b6f3d41160c415320af3a89d9cd34636dfdf76,57ae97d32dc25413615ea45ef8a29c544cbb03cb81a8f0ac47d8547555ea1aa0,1,1,1
80,1500000,3,13,reference,1856036250,1856036250,1856036250,0,8,16,6,3ed20c48dde5eababe326beedf03534f8ef3c1b2db385a8e9e5721994a57d799,57ae97d32dc25413615ea45ef8a29c544cbb03cb81a8f0ac47d8547555ea1aa0,1,1,1
80,1500000,3,13,production,1856036250,1856036250,1856036250,0,8,16,6,3ed20c48dde5eababe326beedf03534f8ef3c1b2db385a8e9e5721994a57d799,57ae97d32dc25413615ea45ef8a29c544cbb03cb81a8f0ac47d8547555ea1aa0,1,1,1
81,1500000,3,14,reference,1740033984,1740033984,1740033984,0,8,17,7,4dfbd447d960d2bb05279cf0fc074cca323cbf90eb5f1cf0966f862e4e2f8a89,57ae97d32dc25413615ea45ef8a29c544cbb03cb81a8f0ac47d8547555ea1aa0,1,1,1
81,1500000,3,14,production,1740033984,1740033984,1740033984,0,8,17,7,4dfbd447d960d2bb05279cf0fc074cca323cbf90eb5f1cf0966f862e4e2f8a89,57ae97d32dc25413615ea45ef8a29c544cbb03cb81a8f0ac47d8547555ea1aa0,1,1,1
82,1500000,3,15,reference,1631281860,1631281860,1631281860,0,8,18,8,42b7f3dae18e7f0d9ee4a25a1c8d1b608b84288792dee83ca150e1f1a6f961c0,57ae97d32dc25413615ea45ef8a29c544cbb03cb81a8f0ac47d8547555ea1aa0,1,1,1
82,1500000,3,15,production,1631281860,1631281860,1631281860,0,8,18,8,42b7f3dae18e7f0d9ee4a25a1c8d1b608b84288792dee83ca150e1f1a6f961c0,57ae97d32dc25413615ea45ef8a29c544cbb03cb81a8f0ac47d8547555ea1aa0,1,1,1
83,1500000,3,16,reference,1529326743,1529326743,1529326743,0,8,19,9,e962c9e2779cc0b029ddb678c2bf756e914824cedecf1cb32e7d0aa42b66fd0f,57ae97d32dc25413615ea45ef8a29c544cbb03cb81a8f0ac47d8547555ea1aa0,1,1,1
83,1500000,3,16,production,1529326743,1529326743,1529326743,0,8,19,9,e962c9e2779cc0b029ddb678c2bf756e914824cedecf1cb32e7d0aa42b66fd0f,57ae97d32dc25413615ea45ef8a29c544cbb03cb81a8f0ac47d8547555ea1aa0,1,1,1
84,1500000,3,17,reference,1433743821,1433743821,1433743821,0,8,20,0,a40e4323f3ba5b6969dc0f46baa138d621fe61ff15940d2b14cb69fdb697678c,dbeb9b856978f8b34c333a90b6a2fff3dee48ce9057647c624a9030a4ae32727,1,1,1
84,1500000,3,17,production,1433743821,1433743821,1433743821,0,8,20,0,a40e4323f3ba5b6969dc0f46baa138d621fe61ff15940d2b14cb69fdb697678c,dbeb9b856978f8b34c333a90b6a2fff3dee48ce9057647c624a9030a4ae32727,1,1,1
85,1500000,3,18,reference,1344134832,1344134832,1344134832,0,8,21,1,8ce335cb620dded398cae18c23c0bc507c100077df71e09039241d65185b7031,dbeb9b856978f8b34c333a90b6a2fff3dee48ce9057647c624a9030a4ae32727,1,1,1
85,1500000,3,18,production,1344134832,1344134832,1344134832,0,8,21,1,8ce335cb620dded398cae18c23c0bc507c100077df71e09039241d65185b7031,dbeb9b856978f8b34c333a90b6a2fff3dee48ce9057647c624a9030a4ae32727,1,1,1
86,1500000,3,19,reference,1260126405,1260126405,1260126405,0,8,22,2,70fc82c5434b03efde63a028ac220163daa2b3a6f8398d398c410b5e2f94a98e,dbeb9b856978f8b34c333a90b6a2fff3dee48ce9057647c624a9030a4ae32727,1,1,1
86,1500000,3,19,production,1260126405,1260126405,1260126405,0,8,22,2,70fc82c5434b03efde63a028ac220163daa2b3a6f8398d398c410b5e2f94a98e,dbeb9b856978f8b34c333a90b6a2fff3dee48ce9057647c624a9030a4ae32727,1,1,1
87,1500000,3,20,reference,1181368504,1181368504,1181368504,0,8,23,3,38cdcbe5e8aea7d504f5c970ce608cf15dc9041e13a2d152b4fd396f9581f5a0,dbeb9b856978f8b34c333a90b6a2fff3dee48ce9057647c624a9030a4ae32727,1,1,1
87,1500000,3,20,production,1181368504,1181368504,1181368504,0,8,23,3,38cdcbe5e8aea7d504f5c970ce608cf15dc9041e13a2d152b4fd396f9581f5a0,dbeb9b856978f8b34c333a90b6a2fff3dee48ce9057647c624a9030a4ae32727,1,1,1
88,1500000,3,1024,reference,0,0,0,0,8,1027,7,b41edd0829d78e4137ec4524bb7c1d3c0a03ba2d8b0caaf68ece36a6b49634c3,361174b06e976edd62ea9e6bc1d004d0865ec2723107e0f60db523b3952d3364,1,1,1
88,1500000,3,1024,production,0,0,0,0,8,1027,7,b41edd0829d78e4137ec4524bb7c1d3c0a03ba2d8b0caaf68ece36a6b49634c3,361174b06e976edd62ea9e6bc1d004d0865ec2723107e0f60db523b3952d3364,1,1,1
89,1500000,4,0,reference,4294967296,4294967296,4294967296,0,8,4,4,782965f2b09f0981fafb4d5be083ff8c6dab75208326faf06b6a2b03f56549f7,e9158eee7c5b6cb1a31a4125084da0407abd2e55f33bb69297d53bf1e39ede72,1,1,1
89,1500000,4,0,production,4294967296,4294967296,4294967296,0,8,4,4,782965f2b09f0981fafb4d5be083ff8c6dab75208326faf06b6a2b03f56549f7,e9158eee7c5b6cb1a31a4125084da0407abd2e55f33bb69297d53bf1e39ede72,1,1,1
90,1500000,4,1,reference,4026531840,4026531840,4026531840,0,8,5,5,cdedbf0d97f24dd7ff08a62f98e289a1697e74c4ccf4afa28750e4ec90f9cf51,e9158eee7c5b6cb1a31a4125084da0407abd2e55f33bb69297d53bf1e39ede72,1,1,1
90,1500000,4,1,production,4026531840,4026531840,4026531840,0,8,5,5,cdedbf0d97f24dd7ff08a62f98e289a1697e74c4ccf4afa28750e4ec90f9cf51,e9158eee7c5b6cb1a31a4125084da0407abd2e55f33bb69297d53bf1e39ede72,1,1,1
91,1500000,4,2,reference,3774873600,3774873600,3774873600,0,8,6,6,f385dbf398e9eff15a2a4233b44681be8d5514d7a9b1bdd12a767ed9a2b5efba,e9158eee7c5b6cb1a31a4125084da0407abd2e55f33bb69297d53bf1e39ede72,1,1,1
91,1500000,4,2,production,3774873600,3774873600,3774873600,0,8,6,6,f385dbf398e9eff15a2a4233b44681be8d5514d7a9b1bdd12a767ed9a2b5efba,e9158eee7c5b6cb1a31a4125084da0407abd2e55f33bb69297d53bf1e39ede72,1,1,1
92,1500000,4,3,reference,3538944000,3538944000,3538944000,0,8,7,7,223140ab750b6be450b5531001a3d52a78ed2a8669d916277fecb1d7d0f82e0e,e9158eee7c5b6cb1a31a4125084da0407abd2e55f33bb69297d53bf1e39ede72,1,1,1
92,1500000,4,3,production,3538944000,3538944000,3538944000,0,8,7,7,223140ab750b6be450b5531001a3d52a78ed2a8669d916277fecb1d7d0f82e0e,e9158eee7c5b6cb1a31a4125084da0407abd2e55f33bb69297d53bf1e39ede72,1,1,1
93,1500000,4,4,reference,3317760000,3317760000,3317760000,0,8,8,8,45eb252d97a0e63db48b6c24091b1e38e58b1a597aa177f16e8206a341035bc6,e9158eee7c5b6cb1a31a4125084da0407abd2e55f33bb69297d53bf1e39ede72,1,1,1
93,1500000,4,4,production,3317760000,3317760000,3317760000,0,8,8,8,45eb252d97a0e63db48b6c24091b1e38e58b1a597aa177f16e8206a341035bc6,e9158eee7c5b6cb1a31a4125084da0407abd2e55f33bb69297d53bf1e39ede72,1,1,1
94,1500000,4,5,reference,3110400000,3110400000,3110400000,0,8,9,9,56a6eedbcddbe6c54fe06ba8e073d0141bca503fcb7e15ba899c886032977e3d,35aa08cea2f755fed5fc42e15413ebfbd31c89cee13ec2a5467410cc03010cd4,1,1,1
94,1500000,4,5,production,3110400000,3110400000,3110400000,0,8,9,9,56a6eedbcddbe6c54fe06ba8e073d0141bca503fcb7e15ba899c886032977e3d,35aa08cea2f755fed5fc42e15413ebfbd31c89cee13ec2a5467410cc03010cd4,1,1,1
95,1500000,4,6,reference,2916000000,2916000000,2916000000,0,8,10,0,8eee56ec3443bc9a8f71a7f86f62f54780985e6f2288fd99a62aee98a0cc41dc,57ae97d32dc25413615ea45ef8a29c544cbb03cb81a8f0ac47d8547555ea1aa0,1,1,1
95,1500000,4,6,production,2916000000,2916000000,2916000000,0,8,10,0,8eee56ec3443bc9a8f71a7f86f62f54780985e6f2288fd99a62aee98a0cc41dc,57ae97d32dc25413615ea45ef8a29c544cbb03cb81a8f0ac47d8547555ea1aa0,1,1,1
96,1500000,4,7,reference,2733750000,2733750000,2733750000,0,8,11,1,bcaa573e413effb680c3f99a56deda51c8219efa5a7766cbd5bbfe2c59c9bb0e,57ae97d32dc25413615ea45ef8a29c544cbb03cb81a8f0ac47d8547555ea1aa0,1,1,1
96,1500000,4,7,production,2733750000,2733750000,2733750000,0,8,11,1,bcaa573e413effb680c3f99a56deda51c8219efa5a7766cbd5bbfe2c59c9bb0e,57ae97d32dc25413615ea45ef8a29c544cbb03cb81a8f0ac47d8547555ea1aa0,1,1,1
97,1500000,4,8,reference,2562890625,2562890625,2562890625,0,8,12,2,cf1770c957a54012c36efc17beb9fbc74fa71fe53bfe84a57b9ab421c855b5f9,57ae97d32dc25413615ea45ef8a29c544cbb03cb81a8f0ac47d8547555ea1aa0,1,1,1
97,1500000,4,8,production,2562890625,2562890625,2562890625,0,8,12,2,cf1770c957a54012c36efc17beb9fbc74fa71fe53bfe84a57b9ab421c855b5f9,57ae97d32dc25413615ea45ef8a29c544cbb03cb81a8f0ac47d8547555ea1aa0,1,1,1
98,1500000,4,9,reference,2402709960,2402709960,2402709960,0,8,13,3,0e93632e3b76d025f47f5c6372a9f50f57a6831bb835ad0c5037762f2068f35a,57ae97d32dc25413615ea45ef8a29c544cbb03cb81a8f0ac47d8547555ea1aa0,1,1,1
98,1500000,4,9,production,2402709960,2402709960,2402709960,0,8,13,3,0e93632e3b76d025f47f5c6372a9f50f57a6831bb835ad0c5037762f2068f35a,57ae97d32dc25413615ea45ef8a29c544cbb03cb81a8f0ac47d8547555ea1aa0,1,1,1
99,1500000,4,10,reference,2252540587,2252540587,2252540587,0,8,14,4,8934dd6b4db26cb1eee2bd3b888b1c9799d9b27f3810d4284bfb55ebc1c0471e,57ae97d32dc25413615ea45ef8a29c544cbb03cb81a8f0ac47d8547555ea1aa0,1,1,1
99,1500000,4,10,production,2252540587,2252540587,2252540587,0,8,14,4,8934dd6b4db26cb1eee2bd3b888b1c9799d9b27f3810d4284bfb55ebc1c0471e,57ae97d32dc25413615ea45ef8a29c544cbb03cb81a8f0ac47d8547555ea1aa0,1,1,1
100,1500000,4,11,reference,2111756800,2111756800,2111756800,0,8,15,5,2e4d655c2ffd67d4413b31f1701da0c89ac63272a1c6cb518ca06f79310e06c7,57ae97d32dc25413615ea45ef8a29c544cbb03cb81a8f0ac47d8547555ea1aa0,1,1,1
100,1500000,4,11,production,2111756800,2111756800,2111756800,0,8,15,5,2e4d655c2ffd67d4413b31f1701da0c89ac63272a1c6cb518ca06f79310e06c7,57ae97d32dc25413615ea45ef8a29c544cbb03cb81a8f0ac47d8547555ea1aa0,1,1,1
101,1500000,4,12,reference,1979772000,1979772000,1979772000,0,8,16,6,6d1f9595d0a357d8961f250e480aa3fc21c85ae411a76ea51552f081c137cc3c,57ae97d32dc25413615ea45ef8a29c544cbb03cb81a8f0ac47d8547555ea1aa0,1,1,1
101,1500000,4,12,production,1979772000,1979772000,1979772000,0,8,16,6,6d1f9595d0a357d8961f250e480aa3fc21c85ae411a76ea51552f081c137cc3c,57ae97d32dc25413615ea45ef8a29c544cbb03cb81a8f0ac47d8547555ea1aa0,1,1,1
102,1500000,4,13,reference,1856036250,1856036250,1856036250,0,8,17,7,f41afa1923b8ed656ae79d1e9de102c1b912762e08d6424ebf26a1dd02f4646b,57ae97d32dc25413615ea45ef8a29c544cbb03cb81a8f0ac47d8547555ea1aa0,1,1,1
102,1500000,4,13,production,1856036250,1856036250,1856036250,0,8,17,7,f41afa1923b8ed656ae79d1e9de102c1b912762e08d6424ebf26a1dd02f4646b,57ae97d32dc25413615ea45ef8a29c544cbb03cb81a8f0ac47d8547555ea1aa0,1,1,1
103,1500000,4,14,reference,1740033984,1740033984,1740033984,0,8,18,8,5841eac6eac0eb12acd8acc3e9d927e10572aa84d895c985aa71aa38d282559c,57ae97d32dc25413615ea45ef8a29c544cbb03cb81a8f0ac47d8547555ea1aa0,1,1,1
103,1500000,4,14,production,1740033984,1740033984,1740033984,0,8,18,8,5841eac6eac0eb12acd8acc3e9d927e10572aa84d895c985aa71aa38d282559c,57ae97d32dc25413615ea45ef8a29c544cbb03cb81a8f0ac47d8547555ea1aa0,1,1,1
104,1500000,4,15,reference,1631281860,1631281860,1631281860,0,8,19,9,6ea4bb88b11d83d13d966d3a9fbc0d136684fdbcc24f909d4be439487abbfab4,57ae97d32dc25413615ea45ef8a29c544cbb03cb81a8f0ac47d8547555ea1aa0,1,1,1
104,1500000,4,15,production,1631281860,1631281860,1631281860,0,8,19,9,6ea4bb88b11d83d13d966d3a9fbc0d136684fdbcc24f909d4be439487abbfab4,57ae97d32dc25413615ea45ef8a29c544cbb03cb81a8f0ac47d8547555ea1aa0,1,1,1
105,1500000,4,16,reference,1529326743,1529326743,1529326743,0,8,20,0,081dae88e3efb9fdb243594c4025824c6204540a12d84cc9e35179c6b92e5659,dbeb9b856978f8b34c333a90b6a2fff3dee48ce9057647c624a9030a4ae32727,1,1,1
105,1500000,4,16,production,1529326743,1529326743,1529326743,0,8,20,0,081dae88e3efb9fdb243594c4025824c6204540a12d84cc9e35179c6b92e5659,dbeb9b856978f8b34c333a90b6a2fff3dee48ce9057647c624a9030a4ae32727,1,1,1
106,1500000,4,17,reference,1433743821,1433743821,1433743821,0,8,21,1,b6b9eaa1c43858260c702f104e82c2698fc4feb2b434cf50b5d0a5b7713fccbf,dbeb9b856978f8b34c333a90b6a2fff3dee48ce9057647c624a9030a4ae32727,1,1,1
106,1500000,4,17,production,1433743821,1433743821,1433743821,0,8,21,1,b6b9eaa1c43858260c702f104e82c2698fc4feb2b434cf50b5d0a5b7713fccbf,dbeb9b856978f8b34c333a90b6a2fff3dee48ce9057647c624a9030a4ae32727,1,1,1
107,1500000,4,18,reference,1344134832,1344134832,1344134832,0,8,22,2,b8212b220173691fc936832d6f62931fd5299abfd36d871aa9c088659bfca9dc,dbeb9b856978f8b34c333a90b6a2fff3dee48ce9057647c624a9030a4ae32727,1,1,1
107,1500000,4,18,production,1344134832,1344134832,1344134832,0,8,22,2,b8212b220173691fc936832d6f62931fd5299abfd36d871aa9c088659bfca9dc,dbeb9b856978f8b34c333a90b6a2fff3dee48ce9057647c624a9030a4ae32727,1,1,1
108,1500000,4,19,reference,1260126405,1260126405,1260126405,0,8,23,3,fcb89c260f66a58b7f7f61e2cd674c3d1dcc6b5e6c9addfc2d1c0c343eb15850,dbeb9b856978f8b34c333a90b6a2fff3dee48ce9057647c624a9030a4ae32727,1,1,1
108,1500000,4,19,production,1260126405,1260126405,1260126405,0,8,23,3,fcb89c260f66a58b7f7f61e2cd674c3d1dcc6b5e6c9addfc2d1c0c343eb15850,dbeb9b856978f8b34c333a90b6a2fff3dee48ce9057647c624a9030a4ae32727,1,1,1
109,1500000,4,20,reference,1181368504,1181368504,1181368504,0,8,24,4,82b7c9f4be03d8ce586f510eadc3ea8654a401d5c667ba97bf64365157130b70,dbeb9b856978f8b34c333a90b6a2fff3dee48ce9057647c624a9030a4ae32727,1,1,1
109,1500000,4,20,production,1181368504,1181368504,1181368504,0,8,24,4,82b7c9f4be03d8ce586f510eadc3ea8654a401d5c667ba97bf64365157130b70,dbeb9b856978f8b34c333a90b6a2fff3dee48ce9057647c624a9030a4ae32727,1,1,1
110,1500000,4,1024,reference,0,0,0,0,8,1028,8,2b270980bc6bd8f776bed261fe8284583f13c5599845632666be8c2b98ed9ce7,361174b06e976edd62ea9e6bc1d004d0865ec2723107e0f60db523b3952d3364,1,1,1
110,1500000,4,1024,production,0,0,0,0,8,1028,8,2b270980bc6bd8f776bed261fe8284583f13c5599845632666be8c2b98ed9ce7,361174b06e976edd62ea9e6bc1d004d0865ec2723107e0f60db523b3952d3364,1,1,1
111,1500000,5,0,reference,4294967296,4294967296,4294967296,0,8,5,5,516d949ada2ea1128938f1fb6f89ab303ad0dc556d2a4086b835bee2e17649b3,e9158eee7c5b6cb1a31a4125084da0407abd2e55f33bb69297d53bf1e39ede72,1,1,1
111,1500000,5,0,production,4294967296,4294967296,4294967296,0,8,5,5,516d949ada2ea1128938f1fb6f89ab303ad0dc556d2a4086b835bee2e17649b3,e9158eee7c5b6cb1a31a4125084da0407abd2e55f33bb69297d53bf1e39ede72,1,1,1
112,1500000,5,1,reference,4026531840,4026531840,4026531840,0,8,6,6,6860c67708a4db26a2fb20ad500f3b092d54fd82bb912406ccd08ed872644ff2,e9158eee7c5b6cb1a31a4125084da0407abd2e55f33bb69297d53bf1e39ede72,1,1,1
112,1500000,5,1,production,4026531840,4026531840,4026531840,0,8,6,6,6860c67708a4db26a2fb20ad500f3b092d54fd82bb912406ccd08ed872644ff2,e9158eee7c5b6cb1a31a4125084da0407abd2e55f33bb69297d53bf1e39ede72,1,1,1
113,1500000,5,2,reference,3774873600,3774873600,3774873600,0,8,7,7,af56a3e1d504470e45d5fe2fec200346cfa5736510c5c7efd744d08173463229,e9158eee7c5b6cb1a31a4125084da0407abd2e55f33bb69297d53bf1e39ede72,1,1,1
113,1500000,5,2,production,3774873600,3774873600,3774873600,0,8,7,7,af56a3e1d504470e45d5fe2fec200346cfa5736510c5c7efd744d08173463229,e9158eee7c5b6cb1a31a4125084da0407abd2e55f33bb69297d53bf1e39ede72,1,1,1
114,1500000,5,3,reference,3538944000,3538944000,3538944000,0,8,8,8,d2cac2e31a273ef01deb35dd161f2d658dbc4cd2a484b3e1ed4992b06cf112a3,e9158eee7c5b6cb1a31a4125084da0407abd2e55f33bb69297d53bf1e39ede72,1,1,1
114,1500000,5,3,production,3538944000,3538944000,3538944000,0,8,8,8,d2cac2e31a273ef01deb35dd161f2d658dbc4cd2a484b3e1ed4992b06cf112a3,e9158eee7c5b6cb1a31a4125084da0407abd2e55f33bb69297d53bf1e39ede72,1,1,1
115,1500000,5,4,reference,3317760000,3317760000,3317760000,0,8,9,9,6c726fe7c89c623644835f4cd8c4bce7ac92e5f52ae4e58d40bf8a9882a879b1,e9158eee7c5b6cb1a31a4125084da0407abd2e55f33bb69297d53bf1e39ede72,1,1,1
115,1500000,5,4,production,3317760000,3317760000,3317760000,0,8,9,9,6c726fe7c89c623644835f4cd8c4bce7ac92e5f52ae4e58d40bf8a9882a879b1,e9158eee7c5b6cb1a31a4125084da0407abd2e55f33bb69297d53bf1e39ede72,1,1,1
116,1500000,5,5,reference,3110400000,3110400000,3110400000,0,8,10,0,ffe74c2aac2e84695501a9446c993f9a6270d6f06fd07523440843d0f75d3307,57ae97d32dc25413615ea45ef8a29c544cbb03cb81a8f0ac47d8547555ea1aa0,1,1,1
116,1500000,5,5,production,3110400000,3110400000,3110400000,0,8,10,0,ffe74c2aac2e84695501a9446c993f9a6270d6f06fd07523440843d0f75d3307,57ae97d32dc25413615ea45ef8a29c544cbb03cb81a8f0ac47d8547555ea1aa0,1,1,1
117,1500000,5,6,reference,2916000000,2916000000,2916000000,0,8,11,1,69f5511639aa14b7aa1de36cfda0f89cc7305bd6eacc40c6b403dbbb24e1bb19,57ae97d32dc25413615ea45ef8a29c544cbb03cb81a8f0ac47d8547555ea1aa0,1,1,1
117,1500000,5,6,production,2916000000,2916000000,2916000000,0,8,11,1,69f5511639aa14b7aa1de36cfda0f89cc7305bd6eacc40c6b403dbbb24e1bb19,57ae97d32dc25413615ea45ef8a29c544cbb03cb81a8f0ac47d8547555ea1aa0,1,1,1
118,1500000,5,7,reference,2733750000,2733750000,2733750000,0,8,12,2,b8230783e7b59a577f3166199c8ba013b2cd18e7b9e062c6b608fa92f6f64abd,57ae97d32dc25413615ea45ef8a29c544cbb03cb81a8f0ac47d8547555ea1aa0,1,1,1
118,1500000,5,7,production,2733750000,2733750000,2733750000,0,8,12,2,b8230783e7b59a577f3166199c8ba013b2cd18e7b9e062c6b608fa92f6f64abd,57ae97d32dc25413615ea45ef8a29c544cbb03cb81a8f0ac47d8547555ea1aa0,1,1,1
119,1500000,5,8,reference,2562890625,2562890625,2562890625,0,8,13,3,aa16c6755cee02c3a9623f82c7f0dafd52ae078a3b5fb0b6a0b27d218cab0378,57ae97d32dc25413615ea45ef8a29c544cbb03cb81a8f0ac47d8547555ea1aa0,1,1,1
119,1500000,5,8,production,2562890625,2562890625,2562890625,0,8,13,3,aa16c6755cee02c3a9623f82c7f0dafd52ae078a3b5fb0b6a0b27d218cab0378,57ae97d32dc25413615ea45ef8a29c544cbb03cb81a8f0ac47d8547555ea1aa0,1,1,1
120,1500000,5,9,reference,2402709960,2402709960,2402709960,0,8,14,4,f80295741264dba37ddc87435f08dc0a5f8f54f3a8eead5dcd745744ffcc5905,57ae97d32dc25413615ea45ef8a29c544cbb03cb81a8f0ac47d8547555ea1aa0,1,1,1
120,1500000,5,9,production,2402709960,2402709960,2402709960,0,8,14,4,f80295741264dba37ddc87435f08dc0a5f8f54f3a8eead5dcd745744ffcc5905,57ae97d32dc25413615ea45ef8a29c544cbb03cb81a8f0ac47d8547555ea1aa0,1,1,1
121,1500000,5,10,reference,2252540587,2252540587,2252540587,0,8,15,5,6de1ca53c0fcb7dacc83793b51f2f67a7d217b9739c9214269e42f0cca2bed91,57ae97d32dc25413615ea45ef8a29c544cbb03cb81a8f0ac47d8547555ea1aa0,1,1,1
121,1500000,5,10,production,2252540587,2252540587,2252540587,0,8,15,5,6de1ca53c0fcb7dacc83793b51f2f67a7d217b9739c9214269e42f0cca2bed91,57ae97d32dc25413615ea45ef8a29c544cbb03cb81a8f0ac47d8547555ea1aa0,1,1,1
122,1500000,5,11,reference,2111756800,2111756800,2111756800,0,8,16,6,9fee69c6d235d2269375166c0fb7681518d6f79014b34e9cc2f4ce9a3fcd6de8,57ae97d32dc25413615ea45ef8a29c544cbb03cb81a8f0ac47d8547555ea1aa0,1,1,1
122,1500000,5,11,production,2111756800,2111756800,2111756800,0,8,16,6,9fee69c6d235d2269375166c0fb7681518d6f79014b34e9cc2f4ce9a3fcd6de8,57ae97d32dc25413615ea45ef8a29c544cbb03cb81a8f0ac47d8547555ea1aa0,1,1,1
123,1500000,5,12,reference,1979772000,1979772000,1979772000,0,8,17,7,e3df803cbbb1e11b834e8a911242b06519410e3d904e3c34cb536972f80b3a3f,57ae97d32dc25413615ea45ef8a29c544cbb03cb81a8f0ac47d8547555ea1aa0,1,1,1
123,1500000,5,12,production,1979772000,1979772000,1979772000,0,8,17,7,e3df803cbbb1e11b834e8a911242b06519410e3d904e3c34cb536972f80b3a3f,57ae97d32dc25413615ea45ef8a29c544cbb03cb81a8f0ac47d8547555ea1aa0,1,1,1
124,1500000,5,13,reference,1856036250,1856036250,1856036250,0,8,18,8,45c505ee3e0b61dffc670a3b6d977561d95617e9bcfd40522628955fd2844abd,57ae97d32dc25413615ea45ef8a29c544cbb03cb81a8f0ac47d8547555ea1aa0,1,1,1
124,1500000,5,13,production,1856036250,1856036250,1856036250,0,8,18,8,45c505ee3e0b61dffc670a3b6d977561d95617e9bcfd40522628955fd2844abd,57ae97d32dc25413615ea45ef8a29c544cbb03cb81a8f0ac47d8547555ea1aa0,1,1,1
125,1500000,5,14,reference,1740033984,1740033984,1740033984,0,8,19,9,171f7bb31edff98678a90e159c110086d3b2fca2c31e857428452682e8177f60,57ae97d32dc25413615ea45ef8a29c544cbb03cb81a8f0ac47d8547555ea1aa0,1,1,1
125,1500000,5,14,production,1740033984,1740033984,1740033984,0,8,19,9,171f7bb31edff98678a90e159c110086d3b2fca2c31e857428452682e8177f60,57ae97d32dc25413615ea45ef8a29c544cbb03cb81a8f0ac47d8547555ea1aa0,1,1,1
126,1500000,5,15,reference,1631281860,1631281860,1631281860,0,8,20,0,75912d54b4fede04bc80baea812d132a967f90437e7a86616cc0ecc32c6ef31f,dbeb9b856978f8b34c333a90b6a2fff3dee48ce9057647c624a9030a4ae32727,1,1,1
126,1500000,5,15,production,1631281860,1631281860,1631281860,0,8,20,0,75912d54b4fede04bc80baea812d132a967f90437e7a86616cc0ecc32c6ef31f,dbeb9b856978f8b34c333a90b6a2fff3dee48ce9057647c624a9030a4ae32727,1,1,1
127,1500000,5,16,reference,1529326743,1529326743,1529326743,0,8,21,1,e40fc2759959ed1d5ec1f29e9dea5079dc431424b370f1395dcb6c958e1bd62f,dbeb9b856978f8b34c333a90b6a2fff3dee48ce9057647c624a9030a4ae32727,1,1,1
127,1500000,5,16,production,1529326743,1529326743,1529326743,0,8,21,1,e40fc2759959ed1d5ec1f29e9dea5079dc431424b370f1395dcb6c958e1bd62f,dbeb9b856978f8b34c333a90b6a2fff3dee48ce9057647c624a9030a4ae32727,1,1,1
128,1500000,5,17,reference,1433743821,1433743821,1433743821,0,8,22,2,85f925850162043427a7b2a933fc0d207641defa5b5a4e9c18ffe2fbd323b262,dbeb9b856978f8b34c333a90b6a2fff3dee48ce9057647c624a9030a4ae32727,1,1,1
128,1500000,5,17,production,1433743821,1433743821,1433743821,0,8,22,2,85f925850162043427a7b2a933fc0d207641defa5b5a4e9c18ffe2fbd323b262,dbeb9b856978f8b34c333a90b6a2fff3dee48ce9057647c624a9030a4ae32727,1,1,1
129,1500000,5,18,reference,1344134832,1344134832,1344134832,0,8,23,3,e11ed8aee5cc04bc9731a4824d0423021af56dc99340c10614cc7455f40fab38,dbeb9b856978f8b34c333a90b6a2fff3dee48ce9057647c624a9030a4ae32727,1,1,1
129,1500000,5,18,production,1344134832,1344134832,1344134832,0,8,23,3,e11ed8aee5cc04bc9731a4824d0423021af56dc99340c10614cc7455f40fab38,dbeb9b856978f8b34c333a90b6a2fff3dee48ce9057647c624a9030a4ae32727,1,1,1
130,1500000,5,19,reference,1260126405,1260126405,1260126405,0,8,24,4,259635b249348e0db25a6eb11c4e37fa5135668e315da879fde2fb66aa1d7d25,dbeb9b856978f8b34c333a90b6a2fff3dee48ce9057647c624a9030a4ae32727,1,1,1
130,1500000,5,19,production,1260126405,1260126405,1260126405,0,8,24,4,259635b249348e0db25a6eb11c4e37fa5135668e315da879fde2fb66aa1d7d25,dbeb9b856978f8b34c333a90b6a2fff3dee48ce9057647c624a9030a4ae32727,1,1,1
131,1500000,5,20,reference,1181368504,1181368504,1181368504,0,8,25,5,e38d135da9512d42f9ab992839b3557c5bac6816037c2cba4ac6cbc9932f9245,dbeb9b856978f8b34c333a90b6a2fff3dee48ce9057647c624a9030a4ae32727,1,1,1
131,1500000,5,20,production,1181368504,1181368504,1181368504,0,8,25,5,e38d135da9512d42f9ab992839b3557c5bac6816037c2cba4ac6cbc9932f9245,dbeb9b856978f8b34c333a90b6a2fff3dee48ce9057647c624a9030a4ae32727,1,1,1
132,1500000,5,1024,reference,0,0,0,0,8,1029,9,2621345d59bc5274f41c0567b3d2297be5d1fca1a027c12704e150fb8948ac0e,361174b06e976edd62ea9e6bc1d004d0865ec2723107e0f60db523b3952d3364,1,1,1
132,1500000,5,1024,production,0,0,0,0,8,1029,9,2621345d59bc5274f41c0567b3d2297be5d1fca1a027c12704e150fb8948ac0e,361174b06e976edd62ea9e6bc1d004d0865ec2723107e0f60db523b3952d3364,1,1,1
133,1500000,6,0,reference,4294967296,4294967296,4294967296,0,8,6,6,4abf00225b1391a2bf904d1c304345e4c75c51de8ab8730dd1a91243755f112d,e9158eee7c5b6cb1a31a4125084da0407abd2e55f33bb69297d53bf1e39ede72,1,1,1
133,1500000,6,0,production,4294967296,4294967296,4294967296,0,8,6,6,4abf00225b1391a2bf904d1c304345e4c75c51de8ab8730dd1a91243755f112d,e9158eee7c5b6cb1a31a4125084da0407abd2e55f33bb69297d53bf1e39ede72,1,1,1
134,1500000,6,1,reference,4026531840,4026531840,4026531840,0,8,7,7,07bbcbd159613a809df5ee8f884dfba9f8835524df36d1d4036d4a000dce3552,e9158eee7c5b6cb1a31a4125084da0407abd2e55f33bb69297d53bf1e39ede72,1,1,1
134,1500000,6,1,production,4026531840,4026531840,4026531840,0,8,7,7,07bbcbd159613a809df5ee8f884dfba9f8835524df36d1d4036d4a000dce3552,e9158eee7c5b6cb1a31a4125084da0407abd2e55f33bb69297d53bf1e39ede72,1,1,1
135,1500000,6,2,reference,3774873600,3774873600,3774873600,0,8,8,8,31e4dbaeb9e6350184103af10b7cc83e1ce13687bd56483c8980e085aaee4005,e9158eee7c5b6cb1a31a4125084da0407abd2e55f33bb69297d53bf1e39ede72,1,1,1
135,1500000,6,2,production,3774873600,3774873600,3774873600,0,8,8,8,31e4dbaeb9e6350184103af10b7cc83e1ce13687bd56483c8980e085aaee4005,e9158eee7c5b6cb1a31a4125084da0407abd2e55f33bb69297d53bf1e39ede72,1,1,1
136,1500000,6,3,reference,3538944000,3538944000,3538944000,0,8,9,9,e20d7be5c06f4dd44452d3c3e224e2c00f6f84ee0309ddd792c4321fd75720bb,e9158eee7c5b6cb1a31a4125084da0407abd2e55f33bb69297d53bf1e39ede72,1,1,1
136,1500000,6,3,production,3538944000,3538944000,3538944000,0,8,9,9,e20d7be5c06f4dd44452d3c3e224e2c00f6f84ee0309ddd792c4321fd75720bb,e9158eee7c5b6cb1a31a4125084da0407abd2e55f33bb69297d53bf1e39ede72,1,1,1
137,1500000,6,4,reference,3317760000,3317760000,3317760000,0,8,10,0,a1e8507be036bc0dc8c315e8edbacece5603a5c4da258e3051eed89af7afebcb,5455f5e8db2db293771869974205407519bec283df980442f11318600f41dc6b,1,1,1
137,1500000,6,4,production,3317760000,3317760000,3317760000,0,8,10,0,a1e8507be036bc0dc8c315e8edbacece5603a5c4da258e3051eed89af7afebcb,5455f5e8db2db293771869974205407519bec283df980442f11318600f41dc6b,1,1,1
138,1500000,6,5,reference,3110400000,3110400000,3110400000,0,8,11,1,45f13da54a39f0f16a831969f32d3197a460fc12b07281cec7ff2702d53800c1,fb4f88ff21ddd457449d6dc59782c72c87a367dfbae5d2f8e2c8108ec35975d4,1,1,1
138,1500000,6,5,production,3110400000,3110400000,3110400000,0,8,11,1,45f13da54a39f0f16a831969f32d3197a460fc12b07281cec7ff2702d53800c1,fb4f88ff21ddd457449d6dc59782c72c87a367dfbae5d2f8e2c8108ec35975d4,1,1,1
139,1500000,6,6,reference,2916000000,2916000000,2916000000,0,8,12,2,b87bca30f49c27d743ed6c13d5fb3531d6c63077917401638fe4958ba1c2804f,fb4f88ff21ddd457449d6dc59782c72c87a367dfbae5d2f8e2c8108ec35975d4,1,1,1
139,1500000,6,6,production,2916000000,2916000000,2916000000,0,8,12,2,b87bca30f49c27d743ed6c13d5fb3531d6c63077917401638fe4958ba1c2804f,fb4f88ff21ddd457449d6dc59782c72c87a367dfbae5d2f8e2c8108ec35975d4,1,1,1
140,1500000,6,7,reference,2733750000,2733750000,2733750000,0,8,13,3,96eb852b030ae3c6a7935effe961dd62541bbbf274acb3714643c720913bbbb2,fb4f88ff21ddd457449d6dc59782c72c87a367dfbae5d2f8e2c8108ec35975d4,1,1,1
140,1500000,6,7,production,2733750000,2733750000,2733750000,0,8,13,3,96eb852b030ae3c6a7935effe961dd62541bbbf274acb3714643c720913bbbb2,fb4f88ff21ddd457449d6dc59782c72c87a367dfbae5d2f8e2c8108ec35975d4,1,1,1
141,1500000,6,8,reference,2562890625,2562890625,2562890625,0,8,14,4,c0014f00b71394aa6918752180f4ed655ca0bacc298be3c311fff6975c272945,fb4f88ff21ddd457449d6dc59782c72c87a367dfbae5d2f8e2c8108ec35975d4,1,1,1
141,1500000,6,8,production,2562890625,2562890625,2562890625,0,8,14,4,c0014f00b71394aa6918752180f4ed655ca0bacc298be3c311fff6975c272945,fb4f88ff21ddd457449d6dc59782c72c87a367dfbae5d2f8e2c8108ec35975d4,1,1,1
142,1500000,6,9,reference,2402709960,2402709960,2402709960,0,8,15,5,851327bacde1bac8f0b592915e09220c70aae2147870fced99fae60e08a09f7d,fb4f88ff21ddd457449d6dc59782c72c87a367dfbae5d2f8e2c8108ec35975d4,1,1,1
142,1500000,6,9,production,2402709960,2402709960,2402709960,0,8,15,5,851327bacde1bac8f0b592915e09220c70aae2147870fced99fae60e08a09f7d,fb4f88ff21ddd457449d6dc59782c72c87a367dfbae5d2f8e2c8108ec35975d4,1,1,1
143,1500000,6,10,reference,2252540587,2252540587,2252540587,0,8,16,6,d9a8db644ab738627621a0e63c534df6c4ba5fb1d44a858e96c2a7e957ddd67f,fb4f88ff21ddd457449d6dc59782c72c87a367dfbae5d2f8e2c8108ec35975d4,1,1,1
143,1500000,6,10,production,2252540587,2252540587,2252540587,0,8,16,6,d9a8db644ab738627621a0e63c534df6c4ba5fb1d44a858e96c2a7e957ddd67f,fb4f88ff21ddd457449d6dc59782c72c87a367dfbae5d2f8e2c8108ec35975d4,1,1,1
144,1500000,6,11,reference,2111756800,2111756800,2111756800,0,8,17,7,ef7497a97aaaec2f199680cb261170b962f822bc0c555b2c8797463764ceb066,fb4f88ff21ddd457449d6dc59782c72c87a367dfbae5d2f8e2c8108ec35975d4,1,1,1
144,1500000,6,11,production,2111756800,2111756800,2111756800,0,8,17,7,ef7497a97aaaec2f199680cb261170b962f822bc0c555b2c8797463764ceb066,fb4f88ff21ddd457449d6dc59782c72c87a367dfbae5d2f8e2c8108ec35975d4,1,1,1
145,1500000,6,12,reference,1979772000,1979772000,1979772000,0,8,18,8,a2d51b4faf239f5a76d37899ca7249b684a28e4dd5327e3cc3cdc977d934b33c,fb4f88ff21ddd457449d6dc59782c72c87a367dfbae5d2f8e2c8108ec35975d4,1,1,1
145,1500000,6,12,production,1979772000,1979772000,1979772000,0,8,18,8,a2d51b4faf239f5a76d37899ca7249b684a28e4dd5327e3cc3cdc977d934b33c,fb4f88ff21ddd457449d6dc59782c72c87a367dfbae5d2f8e2c8108ec35975d4,1,1,1
146,1500000,6,13,reference,1856036250,1856036250,1856036250,0,8,19,9,599f2fdfb677a65810c2b43296dcea86bf80f2a4439ad17a4fe8ae0e2b4430c2,fb4f88ff21ddd457449d6dc59782c72c87a367dfbae5d2f8e2c8108ec35975d4,1,1,1
146,1500000,6,13,production,1856036250,1856036250,1856036250,0,8,19,9,599f2fdfb677a65810c2b43296dcea86bf80f2a4439ad17a4fe8ae0e2b4430c2,fb4f88ff21ddd457449d6dc59782c72c87a367dfbae5d2f8e2c8108ec35975d4,1,1,1
147,1500000,6,14,reference,1740033984,1740033984,1740033984,0,8,20,0,1b047542f48107ee353e533e2ddd2e974f9de83ba15a726326979edf96c3ea69,3130867b3c27aeaac58836dd4592ccc7afad358fca6039b0eeaa9b05194b8a6b,1,1,1
147,1500000,6,14,production,1740033984,1740033984,1740033984,0,8,20,0,1b047542f48107ee353e533e2ddd2e974f9de83ba15a726326979edf96c3ea69,3130867b3c27aeaac58836dd4592ccc7afad358fca6039b0eeaa9b05194b8a6b,1,1,1
148,1500000,6,15,reference,1631281860,1631281860,1631281860,0,8,21,1,6eea7a38c23e3a8842bb1927a97c930b2b1baaa3057449cf9423884c66a880f1,3130867b3c27aeaac58836dd4592ccc7afad358fca6039b0eeaa9b05194b8a6b,1,1,1
148,1500000,6,15,production,1631281860,1631281860,1631281860,0,8,21,1,6eea7a38c23e3a8842bb1927a97c930b2b1baaa3057449cf9423884c66a880f1,3130867b3c27aeaac58836dd4592ccc7afad358fca6039b0eeaa9b05194b8a6b,1,1,1
149,1500000,6,16,reference,1529326743,1529326743,1529326743,0,8,22,2,68b2d1034f0c22dcf24fa9dec85918b6f76238268f29bd9cc8f389e742106f6c,3130867b3c27aeaac58836dd4592ccc7afad358fca6039b0eeaa9b05194b8a6b,1,1,1
149,1500000,6,16,production,1529326743,1529326743,1529326743,0,8,22,2,68b2d1034f0c22dcf24fa9dec85918b6f76238268f29bd9cc8f389e742106f6c,3130867b3c27aeaac58836dd4592ccc7afad358fca6039b0eeaa9b05194b8a6b,1,1,1
150,1500000,6,17,reference,1433743821,1433743821,1433743821,0,8,23,3,35d9bcbfcfa07f64716ce6b5a51c3cd64147691d975fec7340b82060a53ac017,3130867b3c27aeaac58836dd4592ccc7afad358fca6039b0eeaa9b05194b8a6b,1,1,1
150,1500000,6,17,production,1433743821,1433743821,1433743821,0,8,23,3,35d9bcbfcfa07f64716ce6b5a51c3cd64147691d975fec7340b82060a53ac017,3130867b3c27aeaac58836dd4592ccc7afad358fca6039b0eeaa9b05194b8a6b,1,1,1
151,1500000,6,18,reference,1344134832,1344134832,1344134832,0,8,24,4,03b3eec1f48b29840aec10f283fa049abf25f49cf0399fd7257d00363636ef8e,3130867b3c27aeaac58836dd4592ccc7afad358fca6039b0eeaa9b05194b8a6b,1,1,1
151,1500000,6,18,production,1344134832,1344134832,1344134832,0,8,24,4,03b3eec1f48b29840aec10f283fa049abf25f49cf0399fd7257d00363636ef8e,3130867b3c27aeaac58836dd4592ccc7afad358fca6039b0eeaa9b05194b8a6b,1,1,1
152,1500000,6,19,reference,1260126405,1260126405,1260126405,0,8,25,5,09c725b145d81b70362e57b9c9146fa8f9f91d86a57ef61dcfc50aa8d55737fe,3130867b3c27aeaac58836dd4592ccc7afad358fca6039b0eeaa9b05194b8a6b,1,1,1
152,1500000,6,19,production,1260126405,1260126405,1260126405,0,8,25,5,09c725b145d81b70362e57b9c9146fa8f9f91d86a57ef61dcfc50aa8d55737fe,3130867b3c27aeaac58836dd4592ccc7afad358fca6039b0eeaa9b05194b8a6b,1,1,1
153,1500000,6,20,reference,1181368504,1181368504,1181368504,0,8,26,6,5aa75ef93c75e10327c24fd94c46ecb1d55ba41f18d60ef188a9708f004e8a5a,3130867b3c27aeaac58836dd4592ccc7afad358fca6039b0eeaa9b05194b8a6b,1,1,1
153,1500000,6,20,production,1181368504,1181368504,1181368504,0,8,26,6,5aa75ef93c75e10327c24fd94c46ecb1d55ba41f18d60ef188a9708f004e8a5a,3130867b3c27aeaac58836dd4592ccc7afad358fca6039b0eeaa9b05194b8a6b,1,1,1
154,1500000,6,1024,reference,0,0,0,0,8,1030,0,c477f79016d985a607b38f061f091e211ca5846103b6246d8243d8e3f7f3f7bb,be3d73e7f5cbeb9e51dd17b416253da028c31ff61d45ebfc49a7b2b9852a6181,1,1,1
154,1500000,6,1024,production,0,0,0,0,8,1030,0,c477f79016d985a607b38f061f091e211ca5846103b6246d8243d8e3f7f3f7bb,be3d73e7f5cbeb9e51dd17b416253da028c31ff61d45ebfc49a7b2b9852a6181,1,1,1
155,1500000,7,0,reference,4294967296,4294967296,4294967296,0,8,7,7,1b13d55a66a9d9724a3ca237a5358900a6d952de644f290b8a5fce2b0eb22bac,e9158eee7c5b6cb1a31a4125084da0407abd2e55f33bb69297d53bf1e39ede72,1,1,1
155,1500000,7,0,production,4294967296,4294967296,4294967296,0,8,7,7,1b13d55a66a9d9724a3ca237a5358900a6d952de644f290b8a5fce2b0eb22bac,e9158eee7c5b6cb1a31a4125084da0407abd2e55f33bb69297d53bf1e39ede72,1,1,1
156,1500000,7,1,reference,4026531840,4026531840,4026531840,0,8,8,8,fbd699c58fd11aa4ed0648117007317474e20d1abcb5eb6b7a38d2c35ea245be,e9158eee7c5b6cb1a31a4125084da0407abd2e55f33bb69297d53bf1e39ede72,1,1,1
156,1500000,7,1,production,4026531840,4026531840,4026531840,0,8,8,8,fbd699c58fd11aa4ed0648117007317474e20d1abcb5eb6b7a38d2c35ea245be,e9158eee7c5b6cb1a31a4125084da0407abd2e55f33bb69297d53bf1e39ede72,1,1,1
157,1500000,7,2,reference,3774873600,3774873600,3774873600,0,8,9,9,5a2544eca13d738c693a260ffef9135868aa7b88b8163feb4ef9f50601b6d9e3,e9158eee7c5b6cb1a31a4125084da0407abd2e55f33bb69297d53bf1e39ede72,1,1,1
157,1500000,7,2,production,3774873600,3774873600,3774873600,0,8,9,9,5a2544eca13d738c693a260ffef9135868aa7b88b8163feb4ef9f50601b6d9e3,e9158eee7c5b6cb1a31a4125084da0407abd2e55f33bb69297d53bf1e39ede72,1,1,1
158,1500000,7,3,reference,3538944000,3538944000,3538944000,0,8,10,0,1093ee6195c53be18571fbc4fb7f93e76a94ed561343ad35eb5361ee7d9940ef,5455f5e8db2db293771869974205407519bec283df980442f11318600f41dc6b,1,1,1
158,1500000,7,3,production,3538944000,3538944000,3538944000,0,8,10,0,1093ee6195c53be18571fbc4fb7f93e76a94ed561343ad35eb5361ee7d9940ef,5455f5e8db2db293771869974205407519bec283df980442f11318600f41dc6b,1,1,1
159,1500000,7,4,reference,3317760000,3317760000,3317760000,0,8,11,1,66aa028cf310a32cceb2270e4dbe0934df3a8cfc1ef384c999a1603becf0779e,5455f5e8db2db293771869974205407519bec283df980442f11318600f41dc6b,1,1,1
159,1500000,7,4,production,3317760000,3317760000,3317760000,0,8,11,1,66aa028cf310a32cceb2270e4dbe0934df3a8cfc1ef384c999a1603becf0779e,5455f5e8db2db293771869974205407519bec283df980442f11318600f41dc6b,1,1,1
160,1500000,7,5,reference,3110400000,3110400000,3110400000,0,8,12,2,4f0de00fae0bb57b723ec1c4c83000610eb8108bbdc7d6ac4b25d0d11b5ae3c6,fb4f88ff21ddd457449d6dc59782c72c87a367dfbae5d2f8e2c8108ec35975d4,1,1,1
160,1500000,7,5,production,3110400000,3110400000,3110400000,0,8,12,2,4f0de00fae0bb57b723ec1c4c83000610eb8108bbdc7d6ac4b25d0d11b5ae3c6,fb4f88ff21ddd457449d6dc59782c72c87a367dfbae5d2f8e2c8108ec35975d4,1,1,1
161,1500000,7,6,reference,2916000000,2916000000,2916000000,0,8,13,3,c7ec34c1c85a42f5f5bceb75d39e2cc4b45c80a6b5828cc18846118e02a0ba85,fb4f88ff21ddd457449d6dc59782c72c87a367dfbae5d2f8e2c8108ec35975d4,1,1,1
161,1500000,7,6,production,2916000000,2916000000,2916000000,0,8,13,3,c7ec34c1c85a42f5f5bceb75d39e2cc4b45c80a6b5828cc18846118e02a0ba85,fb4f88ff21ddd457449d6dc59782c72c87a367dfbae5d2f8e2c8108ec35975d4,1,1,1
162,1500000,7,7,reference,2733750000,2733750000,2733750000,0,8,14,4,255e4a090ff14f6aa7c193c5773c3887d9c615bbbafafce44c346ab9a49ff10b,fb4f88ff21ddd457449d6dc59782c72c87a367dfbae5d2f8e2c8108ec35975d4,1,1,1
162,1500000,7,7,production,2733750000,2733750000,2733750000,0,8,14,4,255e4a090ff14f6aa7c193c5773c3887d9c615bbbafafce44c346ab9a49ff10b,fb4f88ff21ddd457449d6dc59782c72c87a367dfbae5d2f8e2c8108ec35975d4,1,1,1
163,1500000,7,8,reference,2562890625,2562890625,2562890625,0,8,15,5,87444295f5dcfcd113e3517dd96e30dbd8f88480e8b7271e6cc6a849f15d4764,fb4f88ff21ddd457449d6dc59782c72c87a367dfbae5d2f8e2c8108ec35975d4,1,1,1
163,1500000,7,8,production,2562890625,2562890625,2562890625,0,8,15,5,87444295f5dcfcd113e3517dd96e30dbd8f88480e8b7271e6cc6a849f15d4764,fb4f88ff21ddd457449d6dc59782c72c87a367dfbae5d2f8e2c8108ec35975d4,1,1,1
164,1500000,7,9,reference,2402709960,2402709960,2402709960,0,8,16,6,9dfbfcc6ae68fe3845e9dfc95f2c4b5d3a083370431a4c1ce0a23db19e92864c,fb4f88ff21ddd457449d6dc59782c72c87a367dfbae5d2f8e2c8108ec35975d4,1,1,1
164,1500000,7,9,production,2402709960,2402709960,2402709960,0,8,16,6,9dfbfcc6ae68fe3845e9dfc95f2c4b5d3a083370431a4c1ce0a23db19e92864c,fb4f88ff21ddd457449d6dc59782c72c87a367dfbae5d2f8e2c8108ec35975d4,1,1,1
165,1500000,7,10,reference,2252540587,2252540587,2252540587,0,8,17,7,1da20aa2d40805486299312c6f8c491ff1c5a7a8852649bade2240f4f011be92,fb4f88ff21ddd457449d6dc59782c72c87a367dfbae5d2f8e2c8108ec35975d4,1,1,1
165,1500000,7,10,production,2252540587,2252540587,2252540587,0,8,17,7,1da20aa2d40805486299312c6f8c491ff1c5a7a8852649bade2240f4f011be92,fb4f88ff21ddd457449d6dc59782c72c87a367dfbae5d2f8e2c8108ec35975d4,1,1,1
166,1500000,7,11,reference,2111756800,2111756800,2111756800,0,8,18,8,1749dda89fd0745cdc712cb51f71fce14bb989a011354ff1b8c2404cc753b2d6,fb4f88ff21ddd457449d6dc59782c72c87a367dfbae5d2f8e2c8108ec35975d4,1,1,1
166,1500000,7,11,production,2111756800,2111756800,2111756800,0,8,18,8,1749dda89fd0745cdc712cb51f71fce14bb989a011354ff1b8c2404cc753b2d6,fb4f88ff21ddd457449d6dc59782c72c87a367dfbae5d2f8e2c8108ec35975d4,1,1,1
167,1500000,7,12,reference,1979772000,1979772000,1979772000,0,8,19,9,a55daa887aa32fc5641c918aca0abb95872986710b2088ef2bff51587b4f3918,fb4f88ff21ddd457449d6dc59782c72c87a367dfbae5d2f8e2c8108ec35975d4,1,1,1
167,1500000,7,12,production,1979772000,1979772000,1979772000,0,8,19,9,a55daa887aa32fc5641c918aca0abb95872986710b2088ef2bff51587b4f3918,fb4f88ff21ddd457449d6dc59782c72c87a367dfbae5d2f8e2c8108ec35975d4,1,1,1
168,1500000,7,13,reference,1856036250,1856036250,1856036250,0,8,20,0,e6dd88e07dbe6db3b9baa0deef9f69574588f18a2eed8e6fcc0276e85d90b911,3130867b3c27aeaac58836dd4592ccc7afad358fca6039b0eeaa9b05194b8a6b,1,1,1
168,1500000,7,13,production,1856036250,1856036250,1856036250,0,8,20,0,e6dd88e07dbe6db3b9baa0deef9f69574588f18a2eed8e6fcc0276e85d90b911,3130867b3c27aeaac58836dd4592ccc7afad358fca6039b0eeaa9b05194b8a6b,1,1,1
169,1500000,7,14,reference,1740033984,1740033984,1740033984,0,8,21,1,3ef7a37cb7261a6a9aa192990b79eb15cd3063d769b6f190e0ef9d16493deeff,3130867b3c27aeaac58836dd4592ccc7afad358fca6039b0eeaa9b05194b8a6b,1,1,1
169,1500000,7,14,production,1740033984,1740033984,1740033984,0,8,21,1,3ef7a37cb7261a6a9aa192990b79eb15cd3063d769b6f190e0ef9d16493deeff,3130867b3c27aeaac58836dd4592ccc7afad358fca6039b0eeaa9b05194b8a6b,1,1,1
170,1500000,7,15,reference,1631281860,1631281860,1631281860,0,8,22,2,8af9ca2b10aaefb7347b7c4f97f8141b6d52d163882f1ce11500682ccf81cd54,3130867b3c27aeaac58836dd4592ccc7afad358fca6039b0eeaa9b05194b8a6b,1,1,1
170,1500000,7,15,production,1631281860,1631281860,1631281860,0,8,22,2,8af9ca2b10aaefb7347b7c4f97f8141b6d52d163882f1ce11500682ccf81cd54,3130867b3c27aeaac58836dd4592ccc7afad358fca6039b0eeaa9b05194b8a6b,1,1,1
171,1500000,7,16,reference,1529326743,1529326743,1529326743,0,8,23,3,3686129a5f028a8a552c21eb944709a850b9b7c948d72a31d1968eda6b908f8f,3130867b3c27aeaac58836dd4592ccc7afad358fca6039b0eeaa9b05194b8a6b,1,1,1
171,1500000,7,16,production,1529326743,1529326743,1529326743,0,8,23,3,3686129a5f028a8a552c21eb944709a850b9b7c948d72a31d1968eda6b908f8f,3130867b3c27aeaac58836dd4592ccc7afad358fca6039b0eeaa9b05194b8a6b,1,1,1
172,1500000,7,17,reference,1433743821,1433743821,1433743821,0,8,24,4,44122248ddb8c69b8aa0e12ddc070e57bc46f2ac64017ad4e5b134d73a3a48af,3130867b3c27aeaac58836dd4592ccc7afad358fca6039b0eeaa9b05194b8a6b,1,1,1
172,1500000,7,17,production,1433743821,1433743821,1433743821,0,8,24,4,44122248ddb8c69b8aa0e12ddc070e57bc46f2ac64017ad4e5b134d73a3a48af,3130867b3c27aeaac58836dd4592ccc7afad358fca6039b0eeaa9b05194b8a6b,1,1,1
173,1500000,7,18,reference,1344134832,1344134832,1344134832,0,8,25,5,546f0123b4ab3aeecfd87b4c61fc5261a42867b7ba1dc45d4948d98cc4c74226,3130867b3c27aeaac58836dd4592ccc7afad358fca6039b0eeaa9b05194b8a6b,1,1,1
173,1500000,7,18,production,1344134832,1344134832,1344134832,0,8,25,5,546f0123b4ab3aeecfd87b4c61fc5261a42867b7ba1dc45d4948d98cc4c74226,3130867b3c27aeaac58836dd4592ccc7afad358fca6039b0eeaa9b05194b8a6b,1,1,1
174,1500000,7,19,reference,1260126405,1260126405,1260126405,0,8,26,6,24c94fec9112322e0606b135d82cfb3856276ba64d1e84abdcb493e2f90229f1,3130867b3c27aeaac58836dd4592ccc7afad358fca6039b0eeaa9b05194b8a6b,1,1,1
174,1500000,7,19,production,1260126405,1260126405,1260126405,0,8,26,6,24c94fec9112322e0606b135d82cfb3856276ba64d1e84abdcb493e2f90229f1,3130867b3c27aeaac58836dd4592ccc7afad358fca6039b0eeaa9b05194b8a6b,1,1,1
175,1500000,7,20,reference,1181368504,1181368504,1181368504,0,8,27,7,f74941bde8da2637fdd5426aa37ce83913550b8cf9ff56b56115156844ae90bb,3130867b3c27aeaac58836dd4592ccc7afad358fca6039b0eeaa9b05194b8a6b,1,1,1
175,1500000,7,20,production,1181368504,1181368504,1181368504,0,8,27,7,f74941bde8da2637fdd5426aa37ce83913550b8cf9ff56b56115156844ae90bb,3130867b3c27aeaac58836dd4592ccc7afad358fca6039b0eeaa9b05194b8a6b,1,1,1
176,1500000,7,1024,reference,0,0,0,0,8,1031,1,a1640ebc507cc43cc4a6341bd191734dc892d2b30129ea1afd7bcc7dc5109710,be3d73e7f5cbeb9e51dd17b416253da028c31ff61d45ebfc49a7b2b9852a6181,1,1,1
176,1500000,7,1024,production,0,0,0,0,8,1031,1,a1640ebc507cc43cc4a6341bd191734dc892d2b30129ea1afd7bcc7dc5109710,be3d73e7f5cbeb9e51dd17b416253da028c31ff61d45ebfc49a7b2b9852a6181,1,1,1
177,1500000,8,0,reference,4294967296,4294967296,4294967296,0,8,8,8,415a96aec799b17d0b2e6a972b049300aaecb3e31fade0b42963cf7445bcd9b1,e9158eee7c5b6cb1a31a4125084da0407abd2e55f33bb69297d53bf1e39ede72,1,1,1
177,1500000,8,0,production,4294967296,4294967296,4294967296,0,8,8,8,415a96aec799b17d0b2e6a972b049300aaecb3e31fade0b42963cf7445bcd9b1,e9158eee7c5b6cb1a31a4125084da0407abd2e55f33bb69297d53bf1e39ede72,1,1,1
178,1500000,8,1,reference,4026531840,4026531840,4026531840,0,8,9,9,0649be2945b3986edd9a3930fb8b340b7cd2c7667be8488a43f8bf56b38ac914,e9158eee7c5b6cb1a31a4125084da0407abd2e55f33bb69297d53bf1e39ede72,1,1,1
178,1500000,8,1,production,4026531840,4026531840,4026531840,0,8,9,9,0649be2945b3986edd9a3930fb8b340b7cd2c7667be8488a43f8bf56b38ac914,e9158eee7c5b6cb1a31a4125084da0407abd2e55f33bb69297d53bf1e39ede72,1,1,1
179,1500000,8,2,reference,3774873600,3774873600,3774873600,0,8,10,0,56696179c85225b4e0cda33b8b50e4887f0bf748f9af3dec05dbf5c6c32c7b67,5455f5e8db2db293771869974205407519bec283df980442f11318600f41dc6b,1,1,1
179,1500000,8,2,production,3774873600,3774873600,3774873600,0,8,10,0,56696179c85225b4e0cda33b8b50e4887f0bf748f9af3dec05dbf5c6c32c7b67,5455f5e8db2db293771869974205407519bec283df980442f11318600f41dc6b,1,1,1
180,1500000,8,3,reference,3538944000,3538944000,3538944000,0,8,11,1,982e858873a085f64cf9fbcc6809527454fdde34b0065e6e7be3d5a6425bd669,5455f5e8db2db293771869974205407519bec283df980442f11318600f41dc6b,1,1,1
180,1500000,8,3,production,3538944000,3538944000,3538944000,0,8,11,1,982e858873a085f64cf9fbcc6809527454fdde34b0065e6e7be3d5a6425bd669,5455f5e8db2db293771869974205407519bec283df980442f11318600f41dc6b,1,1,1
181,1500000,8,4,reference,3317760000,3317760000,3317760000,0,8,12,2,977549f458fbb96e2b12498832cc3172f7ece50e559647d49ce1324a8202e1be,5455f5e8db2db293771869974205407519bec283df980442f11318600f41dc6b,1,1,1
181,1500000,8,4,production,3317760000,3317760000,3317760000,0,8,12,2,977549f458fbb96e2b12498832cc3172f7ece50e559647d49ce1324a8202e1be,5455f5e8db2db293771869974205407519bec283df980442f11318600f41dc6b,1,1,1
182,1500000,8,5,reference,3110400000,3110400000,3110400000,0,8,13,3,bedef15c7102384ac562c58959e4cd3358f9563a40988d1c693978bd0aff683d,fb4f88ff21ddd457449d6dc59782c72c87a367dfbae5d2f8e2c8108ec35975d4,1,1,1
182,1500000,8,5,production,3110400000,3110400000,3110400000,0,8,13,3,bedef15c7102384ac562c58959e4cd3358f9563a40988d1c693978bd0aff683d,fb4f88ff21ddd457449d6dc59782c72c87a367dfbae5d2f8e2c8108ec35975d4,1,1,1
183,1500000,8,6,reference,2916000000,2916000000,2916000000,0,8,14,4,ad02f45e011b8a15fd1de1821ff6000e4ca2b211e66e7e1cfa46388fcdf2d563,fb4f88ff21ddd457449d6dc59782c72c87a367dfbae5d2f8e2c8108ec35975d4,1,1,1
183,1500000,8,6,production,2916000000,2916000000,2916000000,0,8,14,4,ad02f45e011b8a15fd1de1821ff6000e4ca2b211e66e7e1cfa46388fcdf2d563,fb4f88ff21ddd457449d6dc59782c72c87a367dfbae5d2f8e2c8108ec35975d4,1,1,1
184,1500000,8,7,reference,2733750000,2733750000,2733750000,0,8,15,5,43c62a00dbd9d523a10342d4a33278080e2d639648f360117ce80860e045a7b4,fb4f88ff21ddd457449d6dc59782c72c87a367dfbae5d2f8e2c8108ec35975d4,1,1,1
184,1500000,8,7,production,2733750000,2733750000,2733750000,0,8,15,5,43c62a00dbd9d523a10342d4a33278080e2d639648f360117ce80860e045a7b4,fb4f88ff21ddd457449d6dc59782c72c87a367dfbae5d2f8e2c8108ec35975d4,1,1,1
185,1500000,8,8,reference,2562890625,2562890625,2562890625,0,8,16,6,78a572c2f2b8fbb7cb727149638809601e5d24d6d6f3f3ee7c69814e1b67878e,fb4f88ff21ddd457449d6dc59782c72c87a367dfbae5d2f8e2c8108ec35975d4,1,1,1
185,1500000,8,8,production,2562890625,2562890625,2562890625,0,8,16,6,78a572c2f2b8fbb7cb727149638809601e5d24d6d6f3f3ee7c69814e1b67878e,fb4f88ff21ddd457449d6dc59782c72c87a367dfbae5d2f8e2c8108ec35975d4,1,1,1
186,1500000,8,9,reference,2402709960,2402709960,2402709960,0,8,17,7,06d480a767e15bbbf4e58fb944f59428eb3422f810f925cfa01156641b0bd89a,fb4f88ff21ddd457449d6dc59782c72c87a367dfbae5d2f8e2c8108ec35975d4,1,1,1
186,1500000,8,9,production,2402709960,2402709960,2402709960,0,8,17,7,06d480a767e15bbbf4e58fb944f59428eb3422f810f925cfa01156641b0bd89a,fb4f88ff21ddd457449d6dc59782c72c87a367dfbae5d2f8e2c8108ec35975d4,1,1,1
187,1500000,8,10,reference,2252540587,2252540587,2252540587,0,8,18,8,1367ca68baa01f2a5667934b7e01b94cbd47fa4ae14606128a07038b7ceb4150,fb4f88ff21ddd457449d6dc59782c72c87a367dfbae5d2f8e2c8108ec35975d4,1,1,1
187,1500000,8,10,production,2252540587,2252540587,2252540587,0,8,18,8,1367ca68baa01f2a5667934b7e01b94cbd47fa4ae14606128a07038b7ceb4150,fb4f88ff21ddd457449d6dc59782c72c87a367dfbae5d2f8e2c8108ec35975d4,1,1,1
188,1500000,8,11,reference,2111756800,2111756800,2111756800,0,8,19,9,0998d954550b616c22248251b352da558bc373c35bec3f2cad92127dba0c2bd6,fb4f88ff21ddd457449d6dc59782c72c87a367dfbae5d2f8e2c8108ec35975d4,1,1,1
188,1500000,8,11,production,2111756800,2111756800,2111756800,0,8,19,9,0998d954550b616c22248251b352da558bc373c35bec3f2cad92127dba0c2bd6,fb4f88ff21ddd457449d6dc59782c72c87a367dfbae5d2f8e2c8108ec35975d4,1,1,1
189,1500000,8,12,reference,1979772000,1979772000,1979772000,0,8,20,0,7e9c9e321f0d5c382c1e3d93b3d5482b330d4d4d5e9ce21a1dab38ba00ba7ae7,3130867b3c27aeaac58836dd4592ccc7afad358fca6039b0eeaa9b05194b8a6b,1,1,1
189,1500000,8,12,production,1979772000,1979772000,1979772000,0,8,20,0,7e9c9e321f0d5c382c1e3d93b3d5482b330d4d4d5e9ce21a1dab38ba00ba7ae7,3130867b3c27aeaac58836dd4592ccc7afad358fca6039b0eeaa9b05194b8a6b,1,1,1
190,1500000,8,13,reference,1856036250,1856036250,1856036250,0,8,21,1,4500025ce677c57e65c0f93af44287657347f4363745117e85b489fdf5f1e754,3130867b3c27aeaac58836dd4592ccc7afad358fca6039b0eeaa9b05194b8a6b,1,1,1
190,1500000,8,13,production,1856036250,1856036250,1856036250,0,8,21,1,4500025ce677c57e65c0f93af44287657347f4363745117e85b489fdf5f1e754,3130867b3c27aeaac58836dd4592ccc7afad358fca6039b0eeaa9b05194b8a6b,1,1,1
191,1500000,8,14,reference,1740033984,1740033984,1740033984,0,8,22,2,b5fe172fca86de250d9a9fd6aeaa7d43f3b469e19bdfb5fedb4aa45e8ef43a3a,3130867b3c27aeaac58836dd4592ccc7afad358fca6039b0eeaa9b05194b8a6b,1,1,1
191,1500000,8,14,production,1740033984,1740033984,1740033984,0,8,22,2,b5fe172fca86de250d9a9fd6aeaa7d43f3b469e19bdfb5fedb4aa45e8ef43a3a,3130867b3c27aeaac58836dd4592ccc7afad358fca6039b0eeaa9b05194b8a6b,1,1,1
192,1500000,8,15,reference,1631281860,1631281860,1631281860,0,8,23,3,08dca2c65917d3bdd2af8ca51d066f180f2fdb67bf5fef25d6ef8378bb3b97f3,3130867b3c27aeaac58836dd4592ccc7afad358fca6039b0eeaa9b05194b8a6b,1,1,1
192,1500000,8,15,production,1631281860,1631281860,1631281860,0,8,23,3,08dca2c65917d3bdd2af8ca51d066f180f2fdb67bf5fef25d6ef8378bb3b97f3,3130867b3c27aeaac58836dd4592ccc7afad358fca6039b0eeaa9b05194b8a6b,1,1,1
193,1500000,8,16,reference,1529326743,1529326743,1529326743,0,8,24,4,80b1ee0ab80f8bf8745755e8fe5272401dd0780bb56d043a384e6f418beebf00,3130867b3c27aeaac58836dd4592ccc7afad358fca6039b0eeaa9b05194b8a6b,1,1,1
193,1500000,8,16,production,1529326743,1529326743,1529326743,0,8,24,4,80b1ee0ab80f8bf8745755e8fe5272401dd0780bb56d043a384e6f418beebf00,3130867b3c27aeaac58836dd4592ccc7afad358fca6039b0eeaa9b05194b8a6b,1,1,1
194,1500000,8,17,reference,1433743821,1433743821,1433743821,0,8,25,5,a6fbf4ee8ccc4ec14a5ca126ab9a14c83a00f23ccefffd63f78ec83c289a394c,3130867b3c27aeaac58836dd4592ccc7afad358fca6039b0eeaa9b05194b8a6b,1,1,1
194,1500000,8,17,production,1433743821,1433743821,1433743821,0,8,25,5,a6fbf4ee8ccc4ec14a5ca126ab9a14c83a00f23ccefffd63f78ec83c289a394c,3130867b3c27aeaac58836dd4592ccc7afad358fca6039b0eeaa9b05194b8a6b,1,1,1
195,1500000,8,18,reference,1344134832,1344134832,1344134832,0,8,26,6,a221ef2730ad177174705599aaa47eaccdc6ee4bb2de52bdb17431ae2de56d83,3130867b3c27aeaac58836dd4592ccc7afad358fca6039b0eeaa9b05194b8a6b,1,1,1
195,1500000,8,18,production,1344134832,1344134832,1344134832,0,8,26,6,a221ef2730ad177174705599aaa47eaccdc6ee4bb2de52bdb17431ae2de56d83,3130867b3c27aeaac58836dd4592ccc7afad358fca6039b0eeaa9b05194b8a6b,1,1,1
196,1500000,8,19,reference,1260126405,1260126405,1260126405,0,8,27,7,d8d5e63535f9627c9bd2921247910f6d19d50ad7df6ddc6b8963cf65435bd601,3130867b3c27aeaac58836dd4592ccc7afad358fca6039b0eeaa9b05194b8a6b,1,1,1
196,1500000,8,19,production,1260126405,1260126405,1260126405,0,8,27,7,d8d5e63535f9627c9bd2921247910f6d19d50ad7df6ddc6b8963cf65435bd601,3130867b3c27aeaac58836dd4592ccc7afad358fca6039b0eeaa9b05194b8a6b,1,1,1
197,1500000,8,20,reference,1181368504,1181368504,1181368504,0,8,28,8,61c2f13eb2a924fdf1a68347597a8d9f9ccfd67afea64ad12ee176e37a68e522,3130867b3c27aeaac58836dd4592ccc7afad358fca6039b0eeaa9b05194b8a6b,1,1,1
197,1500000,8,20,production,1181368504,1181368504,1181368504,0,8,28,8,61c2f13eb2a924fdf1a68347597a8d9f9ccfd67afea64ad12ee176e37a68e522,3130867b3c27aeaac58836dd4592ccc7afad358fca6039b0eeaa9b05194b8a6b,1,1,1
198,1500000,8,1024,reference,0,0,0,0,8,1032,2,bbc4ff40aa386479d74ae8faa02246f5c96eefae035dbd6e30a066d0bd171246,be3d73e7f5cbeb9e51dd17b416253da028c31ff61d45ebfc49a7b2b9852a6181,1,1,1
198,1500000,8,1024,production,0,0,0,0,8,1032,2,bbc4ff40aa386479d74ae8faa02246f5c96eefae035dbd6e30a066d0bd171246,be3d73e7f5cbeb9e51dd17b416253da028c31ff61d45ebfc49a7b2b9852a6181,1,1,1
199,1500000,9,0,reference,4294967296,4294967296,4294967296,0,8,9,9,f69380aed79a42001e64bf8688e9cf75c6108549be4e231cc05b9ca968e266be,e9158eee7c5b6cb1a31a4125084da0407abd2e55f33bb69297d53bf1e39ede72,1,1,1
199,1500000,9,0,production,4294967296,4294967296,4294967296,0,8,9,9,f69380aed79a42001e64bf8688e9cf75c6108549be4e231cc05b9ca968e266be,e9158eee7c5b6cb1a31a4125084da0407abd2e55f33bb69297d53bf1e39ede72,1,1,1
200,1500000,9,1,reference,4026531840,4026531840,4026531840,0,8,10,0,56c810b6e95efc6c4295aa75afc5ca66dfb3f0c4e6c79db6c5ac7c85aefb1bad,5455f5e8db2db293771869974205407519bec283df980442f11318600f41dc6b,1,1,1
200,1500000,9,1,production,4026531840,4026531840,4026531840,0,8,10,0,56c810b6e95efc6c4295aa75afc5ca66dfb3f0c4e6c79db6c5ac7c85aefb1bad,5455f5e8db2db293771869974205407519bec283df980442f11318600f41dc6b,1,1,1
201,1500000,9,2,reference,3774873600,3774873600,3774873600,0,8,11,1,36e80de0401934e08ec9598b22a5a859f6a85c4cd8169a99ba9c23d514364952,5455f5e8db2db293771869974205407519bec283df980442f11318600f41dc6b,1,1,1
201,1500000,9,2,production,3774873600,3774873600,3774873600,0,8,11,1,36e80de0401934e08ec9598b22a5a859f6a85c4cd8169a99ba9c23d514364952,5455f5e8db2db293771869974205407519bec283df980442f11318600f41dc6b,1,1,1
202,1500000,9,3,reference,3538944000,3538944000,3538944000,0,8,12,2,072bb13d8f02a86d0ac288857e0f79523783ac22915da98a77f79c7fa023f533,5455f5e8db2db293771869974205407519bec283df980442f11318600f41dc6b,1,1,1
202,1500000,9,3,production,3538944000,3538944000,3538944000,0,8,12,2,072bb13d8f02a86d0ac288857e0f79523783ac22915da98a77f79c7fa023f533,5455f5e8db2db293771869974205407519bec283df980442f11318600f41dc6b,1,1,1
203,1500000,9,4,reference,3317760000,3317760000,3317760000,0,8,13,3,121e9097a2c19709cbfd9d1c8b68ffefb742b4ee5da4d5c8fb36310ae6ba9ff6,5455f5e8db2db293771869974205407519bec283df980442f11318600f41dc6b,1,1,1
203,1500000,9,4,production,3317760000,3317760000,3317760000,0,8,13,3,121e9097a2c19709cbfd9d1c8b68ffefb742b4ee5da4d5c8fb36310ae6ba9ff6,5455f5e8db2db293771869974205407519bec283df980442f11318600f41dc6b,1,1,1
204,1500000,9,5,reference,3110400000,3110400000,3110400000,0,8,14,4,693e6a2f0fef7dd180d65c23f197669ff080af2904e3d1f713d0cc0824ec44db,fb4f88ff21ddd457449d6dc59782c72c87a367dfbae5d2f8e2c8108ec35975d4,1,1,1
204,1500000,9,5,production,3110400000,3110400000,3110400000,0,8,14,4,693e6a2f0fef7dd180d65c23f197669ff080af2904e3d1f713d0cc0824ec44db,fb4f88ff21ddd457449d6dc59782c72c87a367dfbae5d2f8e2c8108ec35975d4,1,1,1
205,1500000,9,6,reference,2916000000,2916000000,2916000000,0,8,15,5,d341121886753af8d99591c06627fe6be9e0959e7dc96a00b75ae312c29ff64f,fb4f88ff21ddd457449d6dc59782c72c87a367dfbae5d2f8e2c8108ec35975d4,1,1,1
205,1500000,9,6,production,2916000000,2916000000,2916000000,0,8,15,5,d341121886753af8d99591c06627fe6be9e0959e7dc96a00b75ae312c29ff64f,fb4f88ff21ddd457449d6dc59782c72c87a367dfbae5d2f8e2c8108ec35975d4,1,1,1
206,1500000,9,7,reference,2733750000,2733750000,2733750000,0,8,16,6,c9abb7457b9cd8c6d53a6782b8efbe158e69077d84593b946e8d2d2b26a2b5c5,fb4f88ff21ddd457449d6dc59782c72c87a367dfbae5d2f8e2c8108ec35975d4,1,1,1
206,1500000,9,7,production,2733750000,2733750000,2733750000,0,8,16,6,c9abb7457b9cd8c6d53a6782b8efbe158e69077d84593b946e8d2d2b26a2b5c5,fb4f88ff21ddd457449d6dc59782c72c87a367dfbae5d2f8e2c8108ec35975d4,1,1,1
207,1500000,9,8,reference,2562890625,2562890625,2562890625,0,8,17,7,82a9e171fe19011168dac93e2ab99d81c50049ca636b942335f96d1ad13142e2,fb4f88ff21ddd457449d6dc59782c72c87a367dfbae5d2f8e2c8108ec35975d4,1,1,1
207,1500000,9,8,production,2562890625,2562890625,2562890625,0,8,17,7,82a9e171fe19011168dac93e2ab99d81c50049ca636b942335f96d1ad13142e2,fb4f88ff21ddd457449d6dc59782c72c87a367dfbae5d2f8e2c8108ec35975d4,1,1,1
208,1500000,9,9,reference,2402709960,2402709960,2402709960,0,8,18,8,7f40219f03290d7e8aabe3a863d7fd3a4f1945de74c8dec535782ae2adf6a9ab,fb4f88ff21ddd457449d6dc59782c72c87a367dfbae5d2f8e2c8108ec35975d4,1,1,1
208,1500000,9,9,production,2402709960,2402709960,2402709960,0,8,18,8,7f40219f03290d7e8aabe3a863d7fd3a4f1945de74c8dec535782ae2adf6a9ab,fb4f88ff21ddd457449d6dc59782c72c87a367dfbae5d2f8e2c8108ec35975d4,1,1,1
209,1500000,9,10,reference,2252540587,2252540587,2252540587,0,8,19,9,aed6dd9bdd719d225877b1163d0f34d7563cdf41fc1a7b17da25c07a66b5357f,fb4f88ff21ddd457449d6dc59782c72c87a367dfbae5d2f8e2c8108ec35975d4,1,1,1
209,1500000,9,10,production,2252540587,2252540587,2252540587,0,8,19,9,aed6dd9bdd719d225877b1163d0f34d7563cdf41fc1a7b17da25c07a66b5357f,fb4f88ff21ddd457449d6dc59782c72c87a367dfbae5d2f8e2c8108ec35975d4,1,1,1
210,1500000,9,11,reference,2111756800,2111756800,2111756800,0,8,20,0,e28e800020b0e6f94bcdcf76a32f6cffff891d99d350c450c446b78fb06e4a75,3130867b3c27aeaac58836dd4592ccc7afad358fca6039b0eeaa9b05194b8a6b,1,1,1
210,1500000,9,11,production,2111756800,2111756800,2111756800,0,8,20,0,e28e800020b0e6f94bcdcf76a32f6cffff891d99d350c450c446b78fb06e4a75,3130867b3c27aeaac58836dd4592ccc7afad358fca6039b0eeaa9b05194b8a6b,1,1,1
211,1500000,9,12,reference,1979772000,1979772000,1979772000,0,8,21,1,0a58e35a17154c558293ed8f1caa95f3bce84f65adaa0d269358cfc89fd9b5b2,3130867b3c27aeaac58836dd4592ccc7afad358fca6039b0eeaa9b05194b8a6b,1,1,1
211,1500000,9,12,production,1979772000,1979772000,1979772000,0,8,21,1,0a58e35a17154c558293ed8f1caa95f3bce84f65adaa0d269358cfc89fd9b5b2,3130867b3c27aeaac58836dd4592ccc7afad358fca6039b0eeaa9b05194b8a6b,1,1,1
212,1500000,9,13,reference,1856036250,1856036250,1856036250,0,8,22,2,25fabc9b36f61bbb1bb964e6835039d2c971c8ce4cff431834df650fc986ea99,3130867b3c27aeaac58836dd4592ccc7afad358fca6039b0eeaa9b05194b8a6b,1,1,1
212,1500000,9,13,production,1856036250,1856036250,1856036250,0,8,22,2,25fabc9b36f61bbb1bb964e6835039d2c971c8ce4cff431834df650fc986ea99,3130867b3c27aeaac58836dd4592ccc7afad358fca6039b0eeaa9b05194b8a6b,1,1,1
213,1500000,9,14,reference,1740033984,1740033984,1740033984,0,8,23,3,00c4a232ce725fda290b1a35b2d8705a786749feae88447e45900b4f5f0f5b43,3130867b3c27aeaac58836dd4592ccc7afad358fca6039b0eeaa9b05194b8a6b,1,1,1
213,1500000,9,14,production,1740033984,1740033984,1740033984,0,8,23,3,00c4a232ce725fda290b1a35b2d8705a786749feae88447e45900b4f5f0f5b43,3130867b3c27aeaac58836dd4592ccc7afad358fca6039b0eeaa9b05194b8a6b,1,1,1
214,1500000,9,15,reference,1631281860,1631281860,1631281860,0,8,24,4,a8154ef864d77169453496187135db9ed827517ca9bcdc338d81ec839b030184,3130867b3c27aeaac58836dd4592ccc7afad358fca6039b0eeaa9b05194b8a6b,1,1,1
214,1500000,9,15,production,1631281860,1631281860,1631281860,0,8,24,4,a8154ef864d77169453496187135db9ed827517ca9bcdc338d81ec839b030184,3130867b3c27aeaac58836dd4592ccc7afad358fca6039b0eeaa9b05194b8a6b,1,1,1
215,1500000,9,16,reference,1529326743,1529326743,1529326743,0,8,25,5,b6474a9547a1d65aab4d4f5467d0b1c8d3a979e05430cde7bb05ed4bb404c463,3130867b3c27aeaac58836dd4592ccc7afad358fca6039b0eeaa9b05194b8a6b,1,1,1
215,1500000,9,16,production,1529326743,1529326743,1529326743,0,8,25,5,b6474a9547a1d65aab4d4f5467d0b1c8d3a979e05430cde7bb05ed4bb404c463,3130867b3c27aeaac58836dd4592ccc7afad358fca6039b0eeaa9b05194b8a6b,1,1,1
216,1500000,9,17,reference,1433743821,1433743821,1433743821,0,8,26,6,675c30c54dd9af3d5a2360c917ea2fa1ef8e27bfbcd43c0cdb7a745bb3cfea4b,3130867b3c27aeaac58836dd4592ccc7afad358fca6039b0eeaa9b05194b8a6b,1,1,1
216,1500000,9,17,production,1433743821,1433743821,1433743821,0,8,26,6,675c30c54dd9af3d5a2360c917ea2fa1ef8e27bfbcd43c0cdb7a745bb3cfea4b,3130867b3c27aeaac58836dd4592ccc7afad358fca6039b0eeaa9b05194b8a6b,1,1,1
217,1500000,9,18,reference,1344134832,1344134832,1344134832,0,8,27,7,beca7eea43a48e170ad5a81ec9bfa53752635a9820f56feb2e8890b309fecbc2,3130867b3c27aeaac58836dd4592ccc7afad358fca6039b0eeaa9b05194b8a6b,1,1,1
217,1500000,9,18,production,1344134832,1344134832,1344134832,0,8,27,7,beca7eea43a48e170ad5a81ec9bfa53752635a9820f56feb2e8890b309fecbc2,3130867b3c27aeaac58836dd4592ccc7afad358fca6039b0eeaa9b05194b8a6b,1,1,1
218,1500000,9,19,reference,1260126405,1260126405,1260126405,0,8,28,8,64f8927f681b9c557a20acfd7fd82b023a5300237a8e6503b8fed59ea795fed0,3130867b3c27aeaac58836dd4592ccc7afad358fca6039b0eeaa9b05194b8a6b,1,1,1
218,1500000,9,19,production,1260126405,1260126405,1260126405,0,8,28,8,64f8927f681b9c557a20acfd7fd82b023a5300237a8e6503b8fed59ea795fed0,3130867b3c27aeaac58836dd4592ccc7afad358fca6039b0eeaa9b05194b8a6b,1,1,1
219,1500000,9,20,reference,1181368504,1181368504,1181368504,0,8,29,9,3168f23e53746661659116a6f76bbe500fbf20ab34bdcd567d9f14b038cd08c1,3130867b3c27aeaac58836dd4592ccc7afad358fca6039b0eeaa9b05194b8a6b,1,1,1
219,1500000,9,20,production,1181368504,1181368504,1181368504,0,8,29,9,3168f23e53746661659116a6f76bbe500fbf20ab34bdcd567d9f14b038cd08c1,3130867b3c27aeaac58836dd4592ccc7afad358fca6039b0eeaa9b05194b8a6b,1,1,1
220,1500000,9,1024,reference,0,0,0,0,8,1033,3,436cfaf56128a9f921cec502327456e31def696a810a02b38e5034fdfe896a06,be3d73e7f5cbeb9e51dd17b416253da028c31ff61d45ebfc49a7b2b9852a6181,1,1,1
220,1500000,9,1024,production,0,0,0,0,8,1033,3,436cfaf56128a9f921cec502327456e31def696a810a02b38e5034fdfe896a06,be3d73e7f5cbeb9e51dd17b416253da028c31ff61d45ebfc49a7b2b9852a6181,1,1,1
221,1600000,0,0,reference,4294967296,4294967296,4294967296,0,8,0,0,02fe740afbe2549aef07411ff49ed9745004c719316243e7b8a3fb91a69b20f6,75253521aff80512691b11e99a2b3c6b3b6bb3e50becd494d46b9e4765525efe,1,1,1
221,1600000,0,0,production,4294967296,4294967296,4294967296,0,8,0,0,02fe740afbe2549aef07411ff49ed9745004c719316243e7b8a3fb91a69b20f6,75253521aff80512691b11e99a2b3c6b3b6bb3e50becd494d46b9e4765525efe,1,1,1
222,1600000,0,1,reference,4026531840,4026531840,4026531840,0,8,1,1,a0901a357959af9b24b962439e4e5908ec29c32e0b1acdb6ffe5677c28d575a8,75253521aff80512691b11e99a2b3c6b3b6bb3e50becd494d46b9e4765525efe,1,1,1
222,1600000,0,1,production,4026531840,4026531840,4026531840,0,8,1,1,a0901a357959af9b24b962439e4e5908ec29c32e0b1acdb6ffe5677c28d575a8,75253521aff80512691b11e99a2b3c6b3b6bb3e50becd494d46b9e4765525efe,1,1,1
223,1600000,0,2,reference,3774873600,3774873600,3774873600,0,8,2,2,12d678044de9278c9ee3e9c4bf2e9c1aa02983764609d49fdbea456693f5b031,75253521aff80512691b11e99a2b3c6b3b6bb3e50becd494d46b9e4765525efe,1,1,1
223,1600000,0,2,production,3774873600,3774873600,3774873600,0,8,2,2,12d678044de9278c9ee3e9c4bf2e9c1aa02983764609d49fdbea456693f5b031,75253521aff80512691b11e99a2b3c6b3b6bb3e50becd494d46b9e4765525efe,1,1,1
224,1600000,0,3,reference,3538944000,3538944000,3538944000,0,8,3,3,83ada1d5ff08bfa0c54cef912e7204acd4ac18d0e86d3a9b688bf3fcfce9c15f,75253521aff80512691b11e99a2b3c6b3b6bb3e50becd494d46b9e4765525efe,1,1,1
224,1600000,0,3,production,3538944000,3538944000,3538944000,0,8,3,3,83ada1d5ff08bfa0c54cef912e7204acd4ac18d0e86d3a9b688bf3fcfce9c15f,75253521aff80512691b11e99a2b3c6b3b6bb3e50becd494d46b9e4765525efe,1,1,1
225,1600000,0,4,reference,3317760000,3317760000,3317760000,0,8,4,4,48b7a406d75a36d178a2ea4ad5e2527c86d7f2d56f27bd0fd750e9bf637de51d,75253521aff80512691b11e99a2b3c6b3b6bb3e50becd494d46b9e4765525efe,1,1,1
225,1600000,0,4,production,3317760000,3317760000,3317760000,0,8,4,4,48b7a406d75a36d178a2ea4ad5e2527c86d7f2d56f27bd0fd750e9bf637de51d,75253521aff80512691b11e99a2b3c6b3b6bb3e50becd494d46b9e4765525efe,1,1,1
226,1600000,0,5,reference,3110400000,3110400000,3110400000,0,8,5,5,e37bf9cef075d9b6179196957529ce98d953bd1af402948fbb087a5bb59f62a2,8b1929fa3652f25e85b5d53fab4bd9fdd326027c63ee11af1f3db9087ddf38ea,1,1,1
226,1600000,0,5,production,3110400000,3110400000,3110400000,0,8,5,5,e37bf9cef075d9b6179196957529ce98d953bd1af402948fbb087a5bb59f62a2,8b1929fa3652f25e85b5d53fab4bd9fdd326027c63ee11af1f3db9087ddf38ea,1,1,1
227,1600000,0,6,reference,2916000000,2916000000,2916000000,0,8,6,6,08694f37d7cb386576dc6ef4e7d1567a9a46309f9656365eb4d2f378bb479ff2,8b1929fa3652f25e85b5d53fab4bd9fdd326027c63ee11af1f3db9087ddf38ea,1,1,1
227,1600000,0,6,production,2916000000,2916000000,2916000000,0,8,6,6,08694f37d7cb386576dc6ef4e7d1567a9a46309f9656365eb4d2f378bb479ff2,8b1929fa3652f25e85b5d53fab4bd9fdd326027c63ee11af1f3db9087ddf38ea,1,1,1
228,1600000,0,7,reference,2733750000,2733750000,2733750000,0,8,7,7,d710f2f53f0671fc3db414fb5139b1e83e93ad24a2a746d20ea1aeae0ac15d60,8b1929fa3652f25e85b5d53fab4bd9fdd326027c63ee11af1f3db9087ddf38ea,1,1,1
228,1600000,0,7,production,2733750000,2733750000,2733750000,0,8,7,7,d710f2f53f0671fc3db414fb5139b1e83e93ad24a2a746d20ea1aeae0ac15d60,8b1929fa3652f25e85b5d53fab4bd9fdd326027c63ee11af1f3db9087ddf38ea,1,1,1
229,1600000,0,8,reference,2562890625,2562890625,2562890625,0,8,8,8,a274323b54941f53c2d53fe320b9cdf801045be946c34948192b7c1836ca6603,8b1929fa3652f25e85b5d53fab4bd9fdd326027c63ee11af1f3db9087ddf38ea,1,1,1
229,1600000,0,8,production,2562890625,2562890625,2562890625,0,8,8,8,a274323b54941f53c2d53fe320b9cdf801045be946c34948192b7c1836ca6603,8b1929fa3652f25e85b5d53fab4bd9fdd326027c63ee11af1f3db9087ddf38ea,1,1,1
230,1600000,0,9,reference,2402709960,2402709960,2402709960,0,8,9,9,60b2b11022471e8caa0f80f2610947b752fbc4529a4cb819b906ef80803344ac,8b1929fa3652f25e85b5d53fab4bd9fdd326027c63ee11af1f3db9087ddf38ea,1,1,1
230,1600000,0,9,production,2402709960,2402709960,2402709960,0,8,9,9,60b2b11022471e8caa0f80f2610947b752fbc4529a4cb819b906ef80803344ac,8b1929fa3652f25e85b5d53fab4bd9fdd326027c63ee11af1f3db9087ddf38ea,1,1,1
231,1600000,0,10,reference,2252540587,2252540587,2252540587,0,8,10,0,254bcaefb07f849f7df452f4b71aa965da5553fc4294f9f4430d22bf2123c94b,6f22e0c67cc429294411ab7904d76efb941457a2b56adafba169ead01d3878e9,1,1,1
231,1600000,0,10,production,2252540587,2252540587,2252540587,0,8,10,0,254bcaefb07f849f7df452f4b71aa965da5553fc4294f9f4430d22bf2123c94b,6f22e0c67cc429294411ab7904d76efb941457a2b56adafba169ead01d3878e9,1,1,1
232,1600000,0,11,reference,2111756800,2111756800,2111756800,0,8,11,1,94dc2dfa87099a61c8e8c00c48fc68d2226976d90d7882a4c318ce6870ecd918,6f22e0c67cc429294411ab7904d76efb941457a2b56adafba169ead01d3878e9,1,1,1
232,1600000,0,11,production,2111756800,2111756800,2111756800,0,8,11,1,94dc2dfa87099a61c8e8c00c48fc68d2226976d90d7882a4c318ce6870ecd918,6f22e0c67cc429294411ab7904d76efb941457a2b56adafba169ead01d3878e9,1,1,1
233,1600000,0,12,reference,1979772000,1979772000,1979772000,0,8,12,2,a2c15ce606aa1b865daf13830f0c86fbc1ebc91f403b65cb9cfa48e2212f3bad,6f22e0c67cc429294411ab7904d76efb941457a2b56adafba169ead01d3878e9,1,1,1
233,1600000,0,12,production,1979772000,1979772000,1979772000,0,8,12,2,a2c15ce606aa1b865daf13830f0c86fbc1ebc91f403b65cb9cfa48e2212f3bad,6f22e0c67cc429294411ab7904d76efb941457a2b56adafba169ead01d3878e9,1,1,1
234,1600000,0,13,reference,1856036250,1856036250,1856036250,0,8,13,3,cc097c6424fd05028804bf27676e311334607353c982256a868ee325270be0a1,6f22e0c67cc429294411ab7904d76efb941457a2b56adafba169ead01d3878e9,1,1,1
234,1600000,0,13,production,1856036250,1856036250,1856036250,0,8,13,3,cc097c6424fd05028804bf27676e311334607353c982256a868ee325270be0a1,6f22e0c67cc429294411ab7904d76efb941457a2b56adafba169ead01d3878e9,1,1,1
235,1600000,0,14,reference,1740033984,1740033984,1740033984,0,8,14,4,05f9adeddef6fbbc1cd8a80a9f1e069a72edf533acaa19de761fcab533bedca5,6f22e0c67cc429294411ab7904d76efb941457a2b56adafba169ead01d3878e9,1,1,1
235,1600000,0,14,production,1740033984,1740033984,1740033984,0,8,14,4,05f9adeddef6fbbc1cd8a80a9f1e069a72edf533acaa19de761fcab533bedca5,6f22e0c67cc429294411ab7904d76efb941457a2b56adafba169ead01d3878e9,1,1,1
236,1600000,0,15,reference,1631281860,1631281860,1631281860,0,8,15,5,cc6d637c96ff9e758f6da7e33d6972cf405f62891d9fb980d07e793bec71790b,6f22e0c67cc429294411ab7904d76efb941457a2b56adafba169ead01d3878e9,1,1,1
236,1600000,0,15,production,1631281860,1631281860,1631281860,0,8,15,5,cc6d637c96ff9e758f6da7e33d6972cf405f62891d9fb980d07e793bec71790b,6f22e0c67cc429294411ab7904d76efb941457a2b56adafba169ead01d3878e9,1,1,1
237,1600000,0,16,reference,1529326743,1529326743,1529326743,0,8,16,6,f491fc751899ccaf966ceee6abaabb08e50e89db561550e3c91c271b2fe8be5f,6f22e0c67cc429294411ab7904d76efb941457a2b56adafba169ead01d3878e9,1,1,1
237,1600000,0,16,production,1529326743,1529326743,1529326743,0,8,16,6,f491fc751899ccaf966ceee6abaabb08e50e89db561550e3c91c271b2fe8be5f,6f22e0c67cc429294411ab7904d76efb941457a2b56adafba169ead01d3878e9,1,1,1
238,1600000,0,17,reference,1433743821,1433743821,1433743821,0,8,17,7,bcf26206f02f758cb7ce6918a7d78478592cbde10e7098d3bc043d1b40f2df94,6f22e0c67cc429294411ab7904d76efb941457a2b56adafba169ead01d3878e9,1,1,1
238,1600000,0,17,production,1433743821,1433743821,1433743821,0,8,17,7,bcf26206f02f758cb7ce6918a7d78478592cbde10e7098d3bc043d1b40f2df94,6f22e0c67cc429294411ab7904d76efb941457a2b56adafba169ead01d3878e9,1,1,1
239,1600000,0,18,reference,1344134832,1344134832,1344134832,0,8,18,8,d466e960ec4fe175891cbd809ad8b2da2d90940941a5682035257aa4a82014d7,6f22e0c67cc429294411ab7904d76efb941457a2b56adafba169ead01d3878e9,1,1,1
239,1600000,0,18,production,1344134832,1344134832,1344134832,0,8,18,8,d466e960ec4fe175891cbd809ad8b2da2d90940941a5682035257aa4a82014d7,6f22e0c67cc429294411ab7904d76efb941457a2b56adafba169ead01d3878e9,1,1,1
240,1600000,0,19,reference,1260126405,1260126405,1260126405,0,8,19,9,e43b8a3a5da5a6deb6fc08152110584aea7daa1f5ec705a3cb31a7a8122de667,6f22e0c67cc429294411ab7904d76efb941457a2b56adafba169ead01d3878e9,1,1,1
240,1600000,0,19,production,1260126405,1260126405,1260126405,0,8,19,9,e43b8a3a5da5a6deb6fc08152110584aea7daa1f5ec705a3cb31a7a8122de667,6f22e0c67cc429294411ab7904d76efb941457a2b56adafba169ead01d3878e9,1,1,1
241,1600000,0,20,reference,1181368504,1181368504,1181368504,0,8,20,0,be33b23b1a464eacaefd70c140c2fb7d0cf81e4b96ae69b2dd9ad8be8ead10e6,3c577d3ceef5e391f23b458793eca46523ddfa10d8193b90af6465bfcf1f4e4a,1,1,1
241,1600000,0,20,production,1181368504,1181368504,1181368504,0,8,20,0,be33b23b1a464eacaefd70c140c2fb7d0cf81e4b96ae69b2dd9ad8be8ead10e6,3c577d3ceef5e391f23b458793eca46523ddfa10d8193b90af6465bfcf1f4e4a,1,1,1
242,1600000,0,1024,reference,0,0,0,0,8,1024,4,1e8a50a961b54c0a8ee398f6a2901c62247829dbfc1e25cd41bb1243daaabf06,cd727505aabffd8bf9acb02c1849daedafe326fc52d1ef19ed39bda25d01648e,1,1,1
242,1600000,0,1024,production,0,0,0,0,8,1024,4,1e8a50a961b54c0a8ee398f6a2901c62247829dbfc1e25cd41bb1243daaabf06,cd727505aabffd8bf9acb02c1849daedafe326fc52d1ef19ed39bda25d01648e,1,1,1
243,1600000,1,0,reference,4294967296,4294967296,4294967296,0,8,1,1,92b7c983118fb8385f7a56babdbb2886629d5076140afdf280cdb62cf4341e36,75253521aff80512691b11e99a2b3c6b3b6bb3e50becd494d46b9e4765525efe,1,1,1
243,1600000,1,0,production,4294967296,4294967296,4294967296,0,8,1,1,92b7c983118fb8385f7a56babdbb2886629d5076140afdf280cdb62cf4341e36,75253521aff80512691b11e99a2b3c6b3b6bb3e50becd494d46b9e4765525efe,1,1,1
244,1600000,1,1,reference,4026531840,4026531840,4026531840,0,8,2,2,f7bb5453f68882084012d246299cec21b2fb654aac545375107bd81383d4f755,75253521aff80512691b11e99a2b3c6b3b6bb3e50becd494d46b9e4765525efe,1,1,1
244,1600000,1,1,production,4026531840,4026531840,4026531840,0,8,2,2,f7bb5453f68882084012d246299cec21b2fb654aac545375107bd81383d4f755,75253521aff80512691b11e99a2b3c6b3b6bb3e50becd494d46b9e4765525efe,1,1,1
245,1600000,1,2,reference,3774873600,3774873600,3774873600,0,8,3,3,be4596c3b24e6d01192b949f90290b624d0f63a021afa212ca27f70b00bb3a38,75253521aff80512691b11e99a2b3c6b3b6bb3e50becd494d46b9e4765525efe,1,1,1
245,1600000,1,2,production,3774873600,3774873600,3774873600,0,8,3,3,be4596c3b24e6d01192b949f90290b624d0f63a021afa212ca27f70b00bb3a38,75253521aff80512691b11e99a2b3c6b3b6bb3e50becd494d46b9e4765525efe,1,1,1
246,1600000,1,3,reference,3538944000,3538944000,3538944000,0,8,4,4,f32ea2a5a066994cfc08cd04995a2d2b24c4bf84ca1773f2eb40eddd4cd6fdc6,75253521aff80512691b11e99a2b3c6b3b6bb3e50becd494d46b9e4765525efe,1,1,1
246,1600000,1,3,production,3538944000,3538944000,3538944000,0,8,4,4,f32ea2a5a066994cfc08cd04995a2d2b24c4bf84ca1773f2eb40eddd4cd6fdc6,75253521aff80512691b11e99a2b3c6b3b6bb3e50becd494d46b9e4765525efe,1,1,1
247,1600000,1,4,reference,3317760000,3317760000,3317760000,0,8,5,5,01aae94c68f83bea2d8e67ab7055d171f46d837dcea30c7a14c1627c40f0ca66,75253521aff80512691b11e99a2b3c6b3b6bb3e50becd494d46b9e4765525efe,1,1,1
247,1600000,1,4,production,3317760000,3317760000,3317760000,0,8,5,5,01aae94c68f83bea2d8e67ab7055d171f46d837dcea30c7a14c1627c40f0ca66,75253521aff80512691b11e99a2b3c6b3b6bb3e50becd494d46b9e4765525efe,1,1,1
248,1600000,1,5,reference,3110400000,3110400000,3110400000,0,8,6,6,84fcf1e5e9e8231ca1ef7d45f3b4b1c1316df88b1b8a00d48db26eef0db01386,8b1929fa3652f25e85b5d53fab4bd9fdd326027c63ee11af1f3db9087ddf38ea,1,1,1
248,1600000,1,5,production,3110400000,3110400000,3110400000,0,8,6,6,84fcf1e5e9e8231ca1ef7d45f3b4b1c1316df88b1b8a00d48db26eef0db01386,8b1929fa3652f25e85b5d53fab4bd9fdd326027c63ee11af1f3db9087ddf38ea,1,1,1
249,1600000,1,6,reference,2916000000,2916000000,2916000000,0,8,7,7,c907df96e1549caeb951dfa28999a837a2b35216c9f4eea2505adaaa77d75954,8b1929fa3652f25e85b5d53fab4bd9fdd326027c63ee11af1f3db9087ddf38ea,1,1,1
249,1600000,1,6,production,2916000000,2916000000,2916000000,0,8,7,7,c907df96e1549caeb951dfa28999a837a2b35216c9f4eea2505adaaa77d75954,8b1929fa3652f25e85b5d53fab4bd9fdd326027c63ee11af1f3db9087ddf38ea,1,1,1
250,1600000,1,7,reference,2733750000,2733750000,2733750000,0,8,8,8,461dffb71af52d2d7353ee60fb2e888b5efaa28d8b001696eae23cdbfdb786ab,8b1929fa3652f25e85b5d53fab4bd9fdd326027c63ee11af1f3db9087ddf38ea,1,1,1
250,1600000,1,7,production,2733750000,2733750000,2733750000,0,8,8,8,461dffb71af52d2d7353ee60fb2e888b5efaa28d8b001696eae23cdbfdb786ab,8b1929fa3652f25e85b5d53fab4bd9fdd326027c63ee11af1f3db9087ddf38ea,1,1,1
251,1600000,1,8,reference,2562890625,2562890625,2562890625,0,8,9,9,9d55c0beffee9e6c04612780a9d8c14e8f5a2b9649443be10fd1e58766911da0,8b1929fa3652f25e85b5d53fab4bd9fdd326027c63ee11af1f3db9087ddf38ea,1,1,1
251,1600000,1,8,production,2562890625,2562890625,2562890625,0,8,9,9,9d55c0beffee9e6c04612780a9d8c14e8f5a2b9649443be10fd1e58766911da0,8b1929fa3652f25e85b5d53fab4bd9fdd326027c63ee11af1f3db9087ddf38ea,1,1,1
252,1600000,1,9,reference,2402709960,2402709960,2402709960,0,8,10,0,8d87f7fc6888f5bdd15d55680758965f7b185468c5e311aaeffb47467d1776b6,6f22e0c67cc429294411ab7904d76efb941457a2b56adafba169ead01d3878e9,1,1,1
252,1600000,1,9,production,2402709960,2402709960,2402709960,0,8,10,0,8d87f7fc6888f5bdd15d55680758965f7b185468c5e311aaeffb47467d1776b6,6f22e0c67cc429294411ab7904d76efb941457a2b56adafba169ead01d3878e9,1,1,1
253,1600000,1,10,reference,2252540587,2252540587,2252540587,0,8,11,1,4b2ba0084c36af243d27682cbb70cee42082a026a7a0bfe9d40db35eabaa2709,6f22e0c67cc429294411ab7904d76efb941457a2b56adafba169ead01d3878e9,1,1,1
253,1600000,1,10,production,2252540587,2252540587,2252540587,0,8,11,1,4b2ba0084c36af243d27682cbb70cee42082a026a7a0bfe9d40db35eabaa2709,6f22e0c67cc429294411ab7904d76efb941457a2b56adafba169ead01d3878e9,1,1,1
254,1600000,1,11,reference,2111756800,2111756800,2111756800,0,8,12,2,cf63a2be950532cd4bfefc6e8037534f49be88e534a89df071ce9ca2152481e9,6f22e0c67cc429294411ab7904d76efb941457a2b56adafba169ead01d3878e9,1,1,1
254,1600000,1,11,production,2111756800,2111756800,2111756800,0,8,12,2,cf63a2be950532cd4bfefc6e8037534f49be88e534a89df071ce9ca2152481e9,6f22e0c67cc429294411ab7904d76efb941457a2b56adafba169ead01d3878e9,1,1,1
255,1600000,1,12,reference,1979772000,1979772000,1979772000,0,8,13,3,19c84c9acfdc8bceb086a5f113ce468d5c3ed4e1c636ed438c88703b10cf4e72,6f22e0c67cc429294411ab7904d76efb941457a2b56adafba169ead01d3878e9,1,1,1
255,1600000,1,12,production,1979772000,1979772000,1979772000,0,8,13,3,19c84c9acfdc8bceb086a5f113ce468d5c3ed4e1c636ed438c88703b10cf4e72,6f22e0c67cc429294411ab7904d76efb941457a2b56adafba169ead01d3878e9,1,1,1
256,1600000,1,13,reference,1856036250,1856036250,1856036250,0,8,14,4,3f377c060dca6e2dda633bb2ad374980cc47c2eb2b68456c3731ee915a9528bf,6f22e0c67cc429294411ab7904d76efb941457a2b56adafba169ead01d3878e9,1,1,1
256,1600000,1,13,production,1856036250,1856036250,1856036250,0,8,14,4,3f377c060dca6e2dda633bb2ad374980cc47c2eb2b68456c3731ee915a9528bf,6f22e0c67cc429294411ab7904d76efb941457a2b56adafba169ead01d3878e9,1,1,1
257,1600000,1,14,reference,1740033984,1740033984,1740033984,0,8,15,5,9bd819be6fdb307a35240590c690d4c72a7f2ebde6e9eebd13050379860b732c,6f22e0c67cc429294411ab7904d76efb941457a2b56adafba169ead01d3878e9,1,1,1
257,1600000,1,14,production,1740033984,1740033984,1740033984,0,8,15,5,9bd819be6fdb307a35240590c690d4c72a7f2ebde6e9eebd13050379860b732c,6f22e0c67cc429294411ab7904d76efb941457a2b56adafba169ead01d3878e9,1,1,1
258,1600000,1,15,reference,1631281860,1631281860,1631281860,0,8,16,6,e3d8ee3c281300f23531292079067be24f92b9215b82ed2c7dafe7cc319ef4e0,6f22e0c67cc429294411ab7904d76efb941457a2b56adafba169ead01d3878e9,1,1,1
258,1600000,1,15,production,1631281860,1631281860,1631281860,0,8,16,6,e3d8ee3c281300f23531292079067be24f92b9215b82ed2c7dafe7cc319ef4e0,6f22e0c67cc429294411ab7904d76efb941457a2b56adafba169ead01d3878e9,1,1,1
259,1600000,1,16,reference,1529326743,1529326743,1529326743,0,8,17,7,4a8fc9b59dad4cba994b45625f1ce813cd9a235e07dc2574bfde8445887ab157,6f22e0c67cc429294411ab7904d76efb941457a2b56adafba169ead01d3878e9,1,1,1
259,1600000,1,16,production,1529326743,1529326743,1529326743,0,8,17,7,4a8fc9b59dad4cba994b45625f1ce813cd9a235e07dc2574bfde8445887ab157,6f22e0c67cc429294411ab7904d76efb941457a2b56adafba169ead01d3878e9,1,1,1
260,1600000,1,17,reference,1433743821,1433743821,1433743821,0,8,18,8,2b4bdc76976495e34e286375d48bb235120f727416030b33ab09b2e63ba660af,6f22e0c67cc429294411ab7904d76efb941457a2b56adafba169ead01d3878e9,1,1,1
260,1600000,1,17,production,1433743821,1433743821,1433743821,0,8,18,8,2b4bdc76976495e34e286375d48bb235120f727416030b33ab09b2e63ba660af,6f22e0c67cc429294411ab7904d76efb941457a2b56adafba169ead01d3878e9,1,1,1
261,1600000,1,18,reference,1344134832,1344134832,1344134832,0,8,19,9,d1a2ade8605ee291ac49d10c7814fb931efd1ee01ae6582eff005f666fbf616a,6f22e0c67cc429294411ab7904d76efb941457a2b56adafba169ead01d3878e9,1,1,1
261,1600000,1,18,production,1344134832,1344134832,1344134832,0,8,19,9,d1a2ade8605ee291ac49d10c7814fb931efd1ee01ae6582eff005f666fbf616a,6f22e0c67cc429294411ab7904d76efb941457a2b56adafba169ead01d3878e9,1,1,1
262,1600000,1,19,reference,1260126405,1260126405,1260126405,0,8,20,0,3561b4c3c867dfc54167603432262314a990ce04d116a6a856d364f823962685,3c577d3ceef5e391f23b458793eca46523ddfa10d8193b90af6465bfcf1f4e4a,1,1,1
262,1600000,1,19,production,1260126405,1260126405,1260126405,0,8,20,0,3561b4c3c867dfc54167603432262314a990ce04d116a6a856d364f823962685,3c577d3ceef5e391f23b458793eca46523ddfa10d8193b90af6465bfcf1f4e4a,1,1,1
263,1600000,1,20,reference,1181368504,1181368504,1181368504,0,8,21,1,5ad9543d9c772418222b5c49ba8cf57c2006f3c769f0877d8ffdd0e87de55131,3c577d3ceef5e391f23b458793eca46523ddfa10d8193b90af6465bfcf1f4e4a,1,1,1
263,1600000,1,20,production,1181368504,1181368504,1181368504,0,8,21,1,5ad9543d9c772418222b5c49ba8cf57c2006f3c769f0877d8ffdd0e87de55131,3c577d3ceef5e391f23b458793eca46523ddfa10d8193b90af6465bfcf1f4e4a,1,1,1
264,1600000,1,1024,reference,0,0,0,0,8,1025,5,8e15f66e56bd52d228148490e6df6517f0d06a1e26f1189333225f11c121c2f3,cd727505aabffd8bf9acb02c1849daedafe326fc52d1ef19ed39bda25d01648e,1,1,1
264,1600000,1,1024,production,0,0,0,0,8,1025,5,8e15f66e56bd52d228148490e6df6517f0d06a1e26f1189333225f11c121c2f3,cd727505aabffd8bf9acb02c1849daedafe326fc52d1ef19ed39bda25d01648e,1,1,1
265,1600000,2,0,reference,4294967296,4294967296,4294967296,0,8,2,2,d82e888bb19f8f130fc205f4fc9be37a86e1ad05e394a19e2fdc2df79feb654d,75253521aff80512691b11e99a2b3c6b3b6bb3e50becd494d46b9e4765525efe,1,1,1
265,1600000,2,0,production,4294967296,4294967296,4294967296,0,8,2,2,d82e888bb19f8f130fc205f4fc9be37a86e1ad05e394a19e2fdc2df79feb654d,75253521aff80512691b11e99a2b3c6b3b6bb3e50becd494d46b9e4765525efe,1,1,1
266,1600000,2,1,reference,4026531840,4026531840,4026531840,0,8,3,3,f18e1c97b2eb42db799f173f860f0f27afa181a24c1764cfb109392301045750,75253521aff80512691b11e99a2b3c6b3b6bb3e50becd494d46b9e4765525efe,1,1,1
266,1600000,2,1,production,4026531840,4026531840,4026531840,0,8,3,3,f18e1c97b2eb42db799f173f860f0f27afa181a24c1764cfb109392301045750,75253521aff80512691b11e99a2b3c6b3b6bb3e50becd494d46b9e4765525efe,1,1,1
267,1600000,2,2,reference,3774873600,3774873600,3774873600,0,8,4,4,58e5b44241ebbcb4d342670db99a17cc8bbff70f6786516b3fc515c81448e5f9,75253521aff80512691b11e99a2b3c6b3b6bb3e50becd494d46b9e4765525efe,1,1,1
267,1600000,2,2,production,3774873600,3774873600,3774873600,0,8,4,4,58e5b44241ebbcb4d342670db99a17cc8bbff70f6786516b3fc515c81448e5f9,75253521aff80512691b11e99a2b3c6b3b6bb3e50becd494d46b9e4765525efe,1,1,1
268,1600000,2,3,reference,3538944000,3538944000,3538944000,0,8,5,5,a104a37be258cae244c09ddcbba60a6c38e9429a6ef2a8d4f58103a371b206b2,75253521aff80512691b11e99a2b3c6b3b6bb3e50becd494d46b9e4765525efe,1,1,1
268,1600000,2,3,production,3538944000,3538944000,3538944000,0,8,5,5,a104a37be258cae244c09ddcbba60a6c38e9429a6ef2a8d4f58103a371b206b2,75253521aff80512691b11e99a2b3c6b3b6bb3e50becd494d46b9e4765525efe,1,1,1
269,1600000,2,4,reference,3317760000,3317760000,3317760000,0,8,6,6,cb4b8afd7a5a7586890693fbb07f91d9f0f4f29f442f57c6c4b357908bee321b,75253521aff80512691b11e99a2b3c6b3b6bb3e50becd494d46b9e4765525efe,1,1,1
269,1600000,2,4,production,3317760000,3317760000,3317760000,0,8,6,6,cb4b8afd7a5a7586890693fbb07f91d9f0f4f29f442f57c6c4b357908bee321b,75253521aff80512691b11e99a2b3c6b3b6bb3e50becd494d46b9e4765525efe,1,1,1
270,1600000,2,5,reference,3110400000,3110400000,3110400000,0,8,7,7,c01ca5603faa5f44fc95d46ec3637d2632536716533c59ed11e4564318a5a480,8b1929fa3652f25e85b5d53fab4bd9fdd326027c63ee11af1f3db9087ddf38ea,1,1,1
270,1600000,2,5,production,3110400000,3110400000,3110400000,0,8,7,7,c01ca5603faa5f44fc95d46ec3637d2632536716533c59ed11e4564318a5a480,8b1929fa3652f25e85b5d53fab4bd9fdd326027c63ee11af1f3db9087ddf38ea,1,1,1
271,1600000,2,6,reference,2916000000,2916000000,2916000000,0,8,8,8,fed03eb2510f7deacc1e103c79215b96413bb15488e64c5e8cf8b1ffbd540852,8b1929fa3652f25e85b5d53fab4bd9fdd326027c63ee11af1f3db9087ddf38ea,1,1,1
271,1600000,2,6,production,2916000000,2916000000,2916000000,0,8,8,8,fed03eb2510f7deacc1e103c79215b96413bb15488e64c5e8cf8b1ffbd540852,8b1929fa3652f25e85b5d53fab4bd9fdd326027c63ee11af1f3db9087ddf38ea,1,1,1
272,1600000,2,7,reference,2733750000,2733750000,2733750000,0,8,9,9,c1c6af1bef05dd2155d16ff1f4e3b30057b1e761bf9d9e1133c11def5ec0f3c5,8b1929fa3652f25e85b5d53fab4bd9fdd326027c63ee11af1f3db9087ddf38ea,1,1,1
272,1600000,2,7,production,2733750000,2733750000,2733750000,0,8,9,9,c1c6af1bef05dd2155d16ff1f4e3b30057b1e761bf9d9e1133c11def5ec0f3c5,8b1929fa3652f25e85b5d53fab4bd9fdd326027c63ee11af1f3db9087ddf38ea,1,1,1
273,1600000,2,8,reference,2562890625,2562890625,2562890625,0,8,10,0,b1b5a740351a8307ca59f6f095776902e0d4caf9de99105c549cf2acef1fbd13,6f22e0c67cc429294411ab7904d76efb941457a2b56adafba169ead01d3878e9,1,1,1
273,1600000,2,8,production,2562890625,2562890625,2562890625,0,8,10,0,b1b5a740351a8307ca59f6f095776902e0d4caf9de99105c549cf2acef1fbd13,6f22e0c67cc429294411ab7904d76efb941457a2b56adafba169ead01d3878e9,1,1,1
274,1600000,2,9,reference,2402709960,2402709960,2402709960,0,8,11,1,641d753eff78d9fbe5fa3cdf2f7f35a9ff1601d7cfb4aa1e29bc09570800a20b,6f22e0c67cc429294411ab7904d76efb941457a2b56adafba169ead01d3878e9,1,1,1
274,1600000,2,9,production,2402709960,2402709960,2402709960,0,8,11,1,641d753eff78d9fbe5fa3cdf2f7f35a9ff1601d7cfb4aa1e29bc09570800a20b,6f22e0c67cc429294411ab7904d76efb941457a2b56adafba169ead01d3878e9,1,1,1
275,1600000,2,10,reference,2252540587,2252540587,2252540587,0,8,12,2,687a151f977facefedfa4a2a244f9a099a15c0515dc2fbbdf622b75fcaa2a8d7,6f22e0c67cc429294411ab7904d76efb941457a2b56adafba169ead01d3878e9,1,1,1
275,1600000,2,10,production,2252540587,2252540587,2252540587,0,8,12,2,687a151f977facefedfa4a2a244f9a099a15c0515dc2fbbdf622b75fcaa2a8d7,6f22e0c67cc429294411ab7904d76efb941457a2b56adafba169ead01d3878e9,1,1,1
276,1600000,2,11,reference,2111756800,2111756800,2111756800,0,8,13,3,d93e1a606b380f82113af0eb41a6badbf624377ab7de706ee5a4559b41590168,6f22e0c67cc429294411ab7904d76efb941457a2b56adafba169ead01d3878e9,1,1,1
276,1600000,2,11,production,2111756800,2111756800,2111756800,0,8,13,3,d93e1a606b380f82113af0eb41a6badbf624377ab7de706ee5a4559b41590168,6f22e0c67cc429294411ab7904d76efb941457a2b56adafba169ead01d3878e9,1,1,1
277,1600000,2,12,reference,1979772000,1979772000,1979772000,0,8,14,4,f32aa054f3213ffe60f0ab060e1c696c09a186a22fe48064ed359e0919e7cea7,6f22e0c67cc429294411ab7904d76efb941457a2b56adafba169ead01d3878e9,1,1,1
277,1600000,2,12,production,1979772000,1979772000,1979772000,0,8,14,4,f32aa054f3213ffe60f0ab060e1c696c09a186a22fe48064ed359e0919e7cea7,6f22e0c67cc429294411ab7904d76efb941457a2b56adafba169ead01d3878e9,1,1,1
278,1600000,2,13,reference,1856036250,1856036250,1856036250,0,8,15,5,482dd2fb35be34236220e10a7cde9519d0ff3830a6663ba19c8e21b8603032f1,6f22e0c67cc429294411ab7904d76efb941457a2b56adafba169ead01d3878e9,1,1,1
278,1600000,2,13,production,1856036250,1856036250,1856036250,0,8,15,5,482dd2fb35be34236220e10a7cde9519d0ff3830a6663ba19c8e21b8603032f1,6f22e0c67cc429294411ab7904d76efb941457a2b56adafba169ead01d3878e9,1,1,1
279,1600000,2,14,reference,1740033984,1740033984,1740033984,0,8,16,6,fa056472c7e1e51d232e02244f1afdb1a3a3bf5e88152d98713cbdc5ccb3d1dd,6f22e0c67cc429294411ab7904d76efb941457a2b56adafba169ead01d3878e9,1,1,1
279,1600000,2,14,production,1740033984,1740033984,1740033984,0,8,16,6,fa056472c7e1e51d232e02244f1afdb1a3a3bf5e88152d98713cbdc5ccb3d1dd,6f22e0c67cc429294411ab7904d76efb941457a2b56adafba169ead01d3878e9,1,1,1
280,1600000,2,15,reference,1631281860,1631281860,1631281860,0,8,17,7,61d9e4e8757436c0d71125a41f6584cd67354d745cb78bfa6eeadfbadae11424,6f22e0c67cc429294411ab7904d76efb941457a2b56adafba169ead01d3878e9,1,1,1
280,1600000,2,15,production,1631281860,1631281860,1631281860,0,8,17,7,61d9e4e8757436c0d71125a41f6584cd67354d745cb78bfa6eeadfbadae11424,6f22e0c67cc429294411ab7904d76efb941457a2b56adafba169ead01d3878e9,1,1,1
281,1600000,2,16,reference,1529326743,1529326743,1529326743,0,8,18,8,144d7b4b11e8a2d4eded1894ab47dfacddf43039c7b0b3b9d7c89ff31674a81b,6f22e0c67cc429294411ab7904d76efb941457a2b56adafba169ead01d3878e9,1,1,1
281,1600000,2,16,production,1529326743,1529326743,1529326743,0,8,18,8,144d7b4b11e8a2d4eded1894ab47dfacddf43039c7b0b3b9d7c89ff31674a81b,6f22e0c67cc429294411ab7904d76efb941457a2b56adafba169ead01d3878e9,1,1,1
282,1600000,2,17,reference,1433743821,1433743821,1433743821,0,8,19,9,ed9073f6b7e41dbcf2e61dcffb2e87dead86f70dedd5a02c9cb53badf20f4ecf,6f22e0c67cc429294411ab7904d76efb941457a2b56adafba169ead01d3878e9,1,1,1
282,1600000,2,17,production,1433743821,1433743821,1433743821,0,8,19,9,ed9073f6b7e41dbcf2e61dcffb2e87dead86f70dedd5a02c9cb53badf20f4ecf,6f22e0c67cc429294411ab7904d76efb941457a2b56adafba169ead01d3878e9,1,1,1
283,1600000,2,18,reference,1344134832,1344134832,1344134832,0,8,20,0,d373ae6f0fac07f068bed6bde78be8aca88a54b809299baa3101c4f3efd1e8e7,3c577d3ceef5e391f23b458793eca46523ddfa10d8193b90af6465bfcf1f4e4a,1,1,1
283,1600000,2,18,production,1344134832,1344134832,1344134832,0,8,20,0,d373ae6f0fac07f068bed6bde78be8aca88a54b809299baa3101c4f3efd1e8e7,3c577d3ceef5e391f23b458793eca46523ddfa10d8193b90af6465bfcf1f4e4a,1,1,1
284,1600000,2,19,reference,1260126405,1260126405,1260126405,0,8,21,1,e1700a2bab424794c8ac1987416c221c300f0838ac15e987f1dda708c02b13f1,3c577d3ceef5e391f23b458793eca46523ddfa10d8193b90af6465bfcf1f4e4a,1,1,1
284,1600000,2,19,production,1260126405,1260126405,1260126405,0,8,21,1,e1700a2bab424794c8ac1987416c221c300f0838ac15e987f1dda708c02b13f1,3c577d3ceef5e391f23b458793eca46523ddfa10d8193b90af6465bfcf1f4e4a,1,1,1
285,1600000,2,20,reference,1181368504,1181368504,1181368504,0,8,22,2,f59c2539e00057ac8240c51b3616110a7304326189004fa99403af5624dea74a,3c577d3ceef5e391f23b458793eca46523ddfa10d8193b90af6465bfcf1f4e4a,1,1,1
285,1600000,2,20,production,1181368504,1181368504,1181368504,0,8,22,2,f59c2539e00057ac8240c51b3616110a7304326189004fa99403af5624dea74a,3c577d3ceef5e391f23b458793eca46523ddfa10d8193b90af6465bfcf1f4e4a,1,1,1
286,1600000,2,1024,reference,0,0,0,0,8,1026,6,49072e4ec56b145285bd0ef184ed0cf22db6aacf8ee5af79233d63f698213386,cd727505aabffd8bf9acb02c1849daedafe326fc52d1ef19ed39bda25d01648e,1,1,1
286,1600000,2,1024,production,0,0,0,0,8,1026,6,49072e4ec56b145285bd0ef184ed0cf22db6aacf8ee5af79233d63f698213386,cd727505aabffd8bf9acb02c1849daedafe326fc52d1ef19ed39bda25d01648e,1,1,1
287,1600000,3,0,reference,4294967296,4294967296,4294967296,0,8,3,3,da34314d113c79e41647e75e26f8139008d08ebe5280aa4a4612dfe300b612f9,75253521aff80512691b11e99a2b3c6b3b6bb3e50becd494d46b9e4765525efe,1,1,1
287,1600000,3,0,production,4294967296,4294967296,4294967296,0,8,3,3,da34314d113c79e41647e75e26f8139008d08ebe5280aa4a4612dfe300b612f9,75253521aff80512691b11e99a2b3c6b3b6bb3e50becd494d46b9e4765525efe,1,1,1
288,1600000,3,1,reference,4026531840,4026531840,4026531840,0,8,4,4,28454edb58299618f9e16dc9c9b8da9f7fb892bc57769f6bb7be42da5915b371,75253521aff80512691b11e99a2b3c6b3b6bb3e50becd494d46b9e4765525efe,1,1,1
288,1600000,3,1,production,4026531840,4026531840,4026531840,0,8,4,4,28454edb58299618f9e16dc9c9b8da9f7fb892bc57769f6bb7be42da5915b371,75253521aff80512691b11e99a2b3c6b3b6bb3e50becd494d46b9e4765525efe,1,1,1
289,1600000,3,2,reference,3774873600,3774873600,3774873600,0,8,5,5,95be9b3d1184788508493fce8e3e87c3a5ddb2620ea7594c17878cd31deebbf5,75253521aff80512691b11e99a2b3c6b3b6bb3e50becd494d46b9e4765525efe,1,1,1
289,1600000,3,2,production,3774873600,3774873600,3774873600,0,8,5,5,95be9b3d1184788508493fce8e3e87c3a5ddb2620ea7594c17878cd31deebbf5,75253521aff80512691b11e99a2b3c6b3b6bb3e50becd494d46b9e4765525efe,1,1,1
290,1600000,3,3,reference,3538944000,3538944000,3538944000,0,8,6,6,d70ed517a7b0d4f0018c2929698b920181d68c68a355555dae9ed4dc470b180c,75253521aff80512691b11e99a2b3c6b3b6bb3e50becd494d46b9e4765525efe,1,1,1
290,1600000,3,3,production,3538944000,3538944000,3538944000,0,8,6,6,d70ed517a7b0d4f0018c2929698b920181d68c68a355555dae9ed4dc470b180c,75253521aff80512691b11e99a2b3c6b3b6bb3e50becd494d46b9e4765525efe,1,1,1
291,1600000,3,4,reference,3317760000,3317760000,3317760000,0,8,7,7,6308c83e2777ddb8868e51033f77bda2d5e65ab70f15142cea17d39f91ae26f3,75253521aff80512691b11e99a2b3c6b3b6bb3e50becd494d46b9e4765525efe,1,1,1
291,1600000,3,4,production,3317760000,3317760000,3317760000,0,8,7,7,6308c83e2777ddb8868e51033f77bda2d5e65ab70f15142cea17d39f91ae26f3,75253521aff80512691b11e99a2b3c6b3b6bb3e50becd494d46b9e4765525efe,1,1,1
292,1600000,3,5,reference,3110400000,3110400000,3110400000,0,8,8,8,3447ae0a37080347fb0191e8706b2a8576cee94dfc8dd7dbe513e33034a9ffdc,8b1929fa3652f25e85b5d53fab4bd9fdd326027c63ee11af1f3db9087ddf38ea,1,1,1
292,1600000,3,5,production,3110400000,3110400000,3110400000,0,8,8,8,3447ae0a37080347fb0191e8706b2a8576cee94dfc8dd7dbe513e33034a9ffdc,8b1929fa3652f25e85b5d53fab4bd9fdd326027c63ee11af1f3db9087ddf38ea,1,1,1
293,1600000,3,6,reference,2916000000,2916000000,2916000000,0,8,9,9,b6e9427d51357fc6318a97866238abf26d4ffbdd979e81f996a024dd0c1883ee,8b1929fa3652f25e85b5d53fab4bd9fdd326027c63ee11af1f3db9087ddf38ea,1,1,1
293,1600000,3,6,production,2916000000,2916000000,2916000000,0,8,9,9,b6e9427d51357fc6318a97866238abf26d4ffbdd979e81f996a024dd0c1883ee,8b1929fa3652f25e85b5d53fab4bd9fdd326027c63ee11af1f3db9087ddf38ea,1,1,1
294,1600000,3,7,reference,2733750000,2733750000,2733750000,0,8,10,0,5c26a190e45b576fcf35d990a823de552e597c3bd41552204bed32a20513e1f8,6f22e0c67cc429294411ab7904d76efb941457a2b56adafba169ead01d3878e9,1,1,1
294,1600000,3,7,production,2733750000,2733750000,2733750000,0,8,10,0,5c26a190e45b576fcf35d990a823de552e597c3bd41552204bed32a20513e1f8,6f22e0c67cc429294411ab7904d76efb941457a2b56adafba169ead01d3878e9,1,1,1
295,1600000,3,8,reference,2562890625,2562890625,2562890625,0,8,11,1,e6395a4d062e67977ed97258b70586fd25ed5fce748c4dc33bfcc854e3e2f2eb,6f22e0c67cc429294411ab7904d76efb941457a2b56adafba169ead01d3878e9,1,1,1
295,1600000,3,8,production,2562890625,2562890625,2562890625,0,8,11,1,e6395a4d062e67977ed97258b70586fd25ed5fce748c4dc33bfcc854e3e2f2eb,6f22e0c67cc429294411ab7904d76efb941457a2b56adafba169ead01d3878e9,1,1,1
296,1600000,3,9,reference,2402709960,2402709960,2402709960,0,8,12,2,8fc59c05ae9c6167bd0c7fb38f0d67964e2c70c627aea35a8e1758cd87b0c737,6f22e0c67cc429294411ab7904d76efb941457a2b56adafba169ead01d3878e9,1,1,1
296,1600000,3,9,production,2402709960,2402709960,2402709960,0,8,12,2,8fc59c05ae9c6167bd0c7fb38f0d67964e2c70c627aea35a8e1758cd87b0c737,6f22e0c67cc429294411ab7904d76efb941457a2b56adafba169ead01d3878e9,1,1,1
297,1600000,3,10,reference,2252540587,2252540587,2252540587,0,8,13,3,448be8d4840d516311ef6707bcc672be21cbccd3fd30619d4d8f18546eabfdab,6f22e0c67cc429294411ab7904d76efb941457a2b56adafba169ead01d3878e9,1,1,1
297,1600000,3,10,production,2252540587,2252540587,2252540587,0,8,13,3,448be8d4840d516311ef6707bcc672be21cbccd3fd30619d4d8f18546eabfdab,6f22e0c67cc429294411ab7904d76efb941457a2b56adafba169ead01d3878e9,1,1,1
298,1600000,3,11,reference,2111756800,2111756800,2111756800,0,8,14,4,091cfe71c5da361b234f526dc82edcfce3307a55501e1aefb96d6d1ca39a40b5,6f22e0c67cc429294411ab7904d76efb941457a2b56adafba169ead01d3878e9,1,1,1
298,1600000,3,11,production,2111756800,2111756800,2111756800,0,8,14,4,091cfe71c5da361b234f526dc82edcfce3307a55501e1aefb96d6d1ca39a40b5,6f22e0c67cc429294411ab7904d76efb941457a2b56adafba169ead01d3878e9,1,1,1
299,1600000,3,12,reference,1979772000,1979772000,1979772000,0,8,15,5,98d97b133b71e5684bd6459c97b6f3d41160c415320af3a89d9cd34636dfdf76,6f22e0c67cc429294411ab7904d76efb941457a2b56adafba169ead01d3878e9,1,1,1
299,1600000,3,12,production,1979772000,1979772000,1979772000,0,8,15,5,98d97b133b71e5684bd6459c97b6f3d41160c415320af3a89d9cd34636dfdf76,6f22e0c67cc429294411ab7904d76efb941457a2b56adafba169ead01d3878e9,1,1,1
300,1600000,3,13,reference,1856036250,1856036250,1856036250,0,8,16,6,3ed20c48dde5eababe326beedf03534f8ef3c1b2db385a8e9e5721994a57d799,6f22e0c67cc429294411ab7904d76efb941457a2b56adafba169ead01d3878e9,1,1,1
300,1600000,3,13,production,1856036250,1856036250,1856036250,0,8,16,6,3ed20c48dde5eababe326beedf03534f8ef3c1b2db385a8e9e5721994a57d799,6f22e0c67cc429294411ab7904d76efb941457a2b56adafba169ead01d3878e9,1,1,1
301,1600000,3,14,reference,1740033984,1740033984,1740033984,0,8,17,7,4dfbd447d960d2bb05279cf0fc074cca323cbf90eb5f1cf0966f862e4e2f8a89,6f22e0c67cc429294411ab7904d76efb941457a2b56adafba169ead01d3878e9,1,1,1
301,1600000,3,14,production,1740033984,1740033984,1740033984,0,8,17,7,4dfbd447d960d2bb05279cf0fc074cca323cbf90eb5f1cf0966f862e4e2f8a89,6f22e0c67cc429294411ab7904d76efb941457a2b56adafba169ead01d3878e9,1,1,1
302,1600000,3,15,reference,1631281860,1631281860,1631281860,0,8,18,8,42b7f3dae18e7f0d9ee4a25a1c8d1b608b84288792dee83ca150e1f1a6f961c0,6f22e0c67cc429294411ab7904d76efb941457a2b56adafba169ead01d3878e9,1,1,1
302,1600000,3,15,production,1631281860,1631281860,1631281860,0,8,18,8,42b7f3dae18e7f0d9ee4a25a1c8d1b608b84288792dee83ca150e1f1a6f961c0,6f22e0c67cc429294411ab7904d76efb941457a2b56adafba169ead01d3878e9,1,1,1
303,1600000,3,16,reference,1529326743,1529326743,1529326743,0,8,19,9,e962c9e2779cc0b029ddb678c2bf756e914824cedecf1cb32e7d0aa42b66fd0f,6f22e0c67cc429294411ab7904d76efb941457a2b56adafba169ead01d3878e9,1,1,1
303,1600000,3,16,production,1529326743,1529326743,1529326743,0,8,19,9,e962c9e2779cc0b029ddb678c2bf756e914824cedecf1cb32e7d0aa42b66fd0f,6f22e0c67cc429294411ab7904d76efb941457a2b56adafba169ead01d3878e9,1,1,1
304,1600000,3,17,reference,1433743821,1433743821,1433743821,0,8,20,0,a40e4323f3ba5b6969dc0f46baa138d621fe61ff15940d2b14cb69fdb697678c,3c577d3ceef5e391f23b458793eca46523ddfa10d8193b90af6465bfcf1f4e4a,1,1,1
304,1600000,3,17,production,1433743821,1433743821,1433743821,0,8,20,0,a40e4323f3ba5b6969dc0f46baa138d621fe61ff15940d2b14cb69fdb697678c,3c577d3ceef5e391f23b458793eca46523ddfa10d8193b90af6465bfcf1f4e4a,1,1,1
305,1600000,3,18,reference,1344134832,1344134832,1344134832,0,8,21,1,8ce335cb620dded398cae18c23c0bc507c100077df71e09039241d65185b7031,3c577d3ceef5e391f23b458793eca46523ddfa10d8193b90af6465bfcf1f4e4a,1,1,1
305,1600000,3,18,production,1344134832,1344134832,1344134832,0,8,21,1,8ce335cb620dded398cae18c23c0bc507c100077df71e09039241d65185b7031,3c577d3ceef5e391f23b458793eca46523ddfa10d8193b90af6465bfcf1f4e4a,1,1,1
306,1600000,3,19,reference,1260126405,1260126405,1260126405,0,8,22,2,70fc82c5434b03efde63a028ac220163daa2b3a6f8398d398c410b5e2f94a98e,3c577d3ceef5e391f23b458793eca46523ddfa10d8193b90af6465bfcf1f4e4a,1,1,1
306,1600000,3,19,production,1260126405,1260126405,1260126405,0,8,22,2,70fc82c5434b03efde63a028ac220163daa2b3a6f8398d398c410b5e2f94a98e,3c577d3ceef5e391f23b458793eca46523ddfa10d8193b90af6465bfcf1f4e4a,1,1,1
307,1600000,3,20,reference,1181368504,1181368504,1181368504,0,8,23,3,38cdcbe5e8aea7d504f5c970ce608cf15dc9041e13a2d152b4fd396f9581f5a0,3c577d3ceef5e391f23b458793eca46523ddfa10d8193b90af6465bfcf1f4e4a,1,1,1
307,1600000,3,20,production,1181368504,1181368504,1181368504,0,8,23,3,38cdcbe5e8aea7d504f5c970ce608cf15dc9041e13a2d152b4fd396f9581f5a0,3c577d3ceef5e391f23b458793eca46523ddfa10d8193b90af6465bfcf1f4e4a,1,1,1
308,1600000,3,1024,reference,0,0,0,0,8,1027,7,b41edd0829d78e4137ec4524bb7c1d3c0a03ba2d8b0caaf68ece36a6b49634c3,cd727505aabffd8bf9acb02c1849daedafe326fc52d1ef19ed39bda25d01648e,1,1,1
308,1600000,3,1024,production,0,0,0,0,8,1027,7,b41edd0829d78e4137ec4524bb7c1d3c0a03ba2d8b0caaf68ece36a6b49634c3,cd727505aabffd8bf9acb02c1849daedafe326fc52d1ef19ed39bda25d01648e,1,1,1
309,1600000,4,0,reference,4294967296,4294967296,4294967296,0,8,4,4,782965f2b09f0981fafb4d5be083ff8c6dab75208326faf06b6a2b03f56549f7,75253521aff80512691b11e99a2b3c6b3b6bb3e50becd494d46b9e4765525efe,1,1,1
309,1600000,4,0,production,4294967296,4294967296,4294967296,0,8,4,4,782965f2b09f0981fafb4d5be083ff8c6dab75208326faf06b6a2b03f56549f7,75253521aff80512691b11e99a2b3c6b3b6bb3e50becd494d46b9e4765525efe,1,1,1
310,1600000,4,1,reference,4026531840,4026531840,4026531840,0,8,5,5,cdedbf0d97f24dd7ff08a62f98e289a1697e74c4ccf4afa28750e4ec90f9cf51,75253521aff80512691b11e99a2b3c6b3b6bb3e50becd494d46b9e4765525efe,1,1,1
310,1600000,4,1,production,4026531840,4026531840,4026531840,0,8,5,5,cdedbf0d97f24dd7ff08a62f98e289a1697e74c4ccf4afa28750e4ec90f9cf51,75253521aff80512691b11e99a2b3c6b3b6bb3e50becd494d46b9e4765525efe,1,1,1
311,1600000,4,2,reference,3774873600,3774873600,3774873600,0,8,6,6,f385dbf398e9eff15a2a4233b44681be8d5514d7a9b1bdd12a767ed9a2b5efba,75253521aff80512691b11e99a2b3c6b3b6bb3e50becd494d46b9e4765525efe,1,1,1
311,1600000,4,2,production,3774873600,3774873600,3774873600,0,8,6,6,f385dbf398e9eff15a2a4233b44681be8d5514d7a9b1bdd12a767ed9a2b5efba,75253521aff80512691b11e99a2b3c6b3b6bb3e50becd494d46b9e4765525efe,1,1,1
312,1600000,4,3,reference,3538944000,3538944000,3538944000,0,8,7,7,223140ab750b6be450b5531001a3d52a78ed2a8669d916277fecb1d7d0f82e0e,75253521aff80512691b11e99a2b3c6b3b6bb3e50becd494d46b9e4765525efe,1,1,1
312,1600000,4,3,production,3538944000,3538944000,3538944000,0,8,7,7,223140ab750b6be450b5531001a3d52a78ed2a8669d916277fecb1d7d0f82e0e,75253521aff80512691b11e99a2b3c6b3b6bb3e50becd494d46b9e4765525efe,1,1,1
313,1600000,4,4,reference,3317760000,3317760000,3317760000,0,8,8,8,45eb252d97a0e63db48b6c24091b1e38e58b1a597aa177f16e8206a341035bc6,75253521aff80512691b11e99a2b3c6b3b6bb3e50becd494d46b9e4765525efe,1,1,1
313,1600000,4,4,production,3317760000,3317760000,3317760000,0,8,8,8,45eb252d97a0e63db48b6c24091b1e38e58b1a597aa177f16e8206a341035bc6,75253521aff80512691b11e99a2b3c6b3b6bb3e50becd494d46b9e4765525efe,1,1,1
314,1600000,4,5,reference,3110400000,3110400000,3110400000,0,8,9,9,56a6eedbcddbe6c54fe06ba8e073d0141bca503fcb7e15ba899c886032977e3d,8b1929fa3652f25e85b5d53fab4bd9fdd326027c63ee11af1f3db9087ddf38ea,1,1,1
314,1600000,4,5,production,3110400000,3110400000,3110400000,0,8,9,9,56a6eedbcddbe6c54fe06ba8e073d0141bca503fcb7e15ba899c886032977e3d,8b1929fa3652f25e85b5d53fab4bd9fdd326027c63ee11af1f3db9087ddf38ea,1,1,1
315,1600000,4,6,reference,2916000000,2916000000,2916000000,0,8,10,0,8eee56ec3443bc9a8f71a7f86f62f54780985e6f2288fd99a62aee98a0cc41dc,6f22e0c67cc429294411ab7904d76efb941457a2b56adafba169ead01d3878e9,1,1,1
315,1600000,4,6,production,2916000000,2916000000,2916000000,0,8,10,0,8eee56ec3443bc9a8f71a7f86f62f54780985e6f2288fd99a62aee98a0cc41dc,6f22e0c67cc429294411ab7904d76efb941457a2b56adafba169ead01d3878e9,1,1,1
316,1600000,4,7,reference,2733750000,2733750000,2733750000,0,8,11,1,bcaa573e413effb680c3f99a56deda51c8219efa5a7766cbd5bbfe2c59c9bb0e,6f22e0c67cc429294411ab7904d76efb941457a2b56adafba169ead01d3878e9,1,1,1
316,1600000,4,7,production,2733750000,2733750000,2733750000,0,8,11,1,bcaa573e413effb680c3f99a56deda51c8219efa5a7766cbd5bbfe2c59c9bb0e,6f22e0c67cc429294411ab7904d76efb941457a2b56adafba169ead01d3878e9,1,1,1
317,1600000,4,8,reference,2562890625,2562890625,2562890625,0,8,12,2,cf1770c957a54012c36efc17beb9fbc74fa71fe53bfe84a57b9ab421c855b5f9,6f22e0c67cc429294411ab7904d76efb941457a2b56adafba169ead01d3878e9,1,1,1
317,1600000,4,8,production,2562890625,2562890625,2562890625,0,8,12,2,cf1770c957a54012c36efc17beb9fbc74fa71fe53bfe84a57b9ab421c855b5f9,6f22e0c67cc429294411ab7904d76efb941457a2b56adafba169ead01d3878e9,1,1,1
318,1600000,4,9,reference,2402709960,2402709960,2402709960,0,8,13,3,0e93632e3b76d025f47f5c6372a9f50f57a6831bb835ad0c5037762f2068f35a,6f22e0c67cc429294411ab7904d76efb941457a2b56adafba169ead01d3878e9,1,1,1
318,1600000,4,9,production,2402709960,2402709960,2402709960,0,8,13,3,0e93632e3b76d025f47f5c6372a9f50f57a6831bb835ad0c5037762f2068f35a,6f22e0c67cc429294411ab7904d76efb941457a2b56adafba169ead01d3878e9,1,1,1
319,1600000,4,10,reference,2252540587,2252540587,2252540587,0,8,14,4,8934dd6b4db26cb1eee2bd3b888b1c9799d9b27f3810d4284bfb55ebc1c0471e,6f22e0c67cc429294411ab7904d76efb941457a2b56adafba169ead01d3878e9,1,1,1
319,1600000,4,10,production,2252540587,2252540587,2252540587,0,8,14,4,8934dd6b4db26cb1eee2bd3b888b1c9799d9b27f3810d4284bfb55ebc1c0471e,6f22e0c67cc429294411ab7904d76efb941457a2b56adafba169ead01d3878e9,1,1,1
320,1600000,4,11,reference,2111756800,2111756800,2111756800,0,8,15,5,2e4d655c2ffd67d4413b31f1701da0c89ac63272a1c6cb518ca06f79310e06c7,6f22e0c67cc429294411ab7904d76efb941457a2b56adafba169ead01d3878e9,1,1,1
320,1600000,4,11,production,2111756800,2111756800,2111756800,0,8,15,5,2e4d655c2ffd67d4413b31f1701da0c89ac63272a1c6cb518ca06f79310e06c7,6f22e0c67cc429294411ab7904d76efb941457a2b56adafba169ead01d3878e9,1,1,1
321,1600000,4,12,reference,1979772000,1979772000,1979772000,0,8,16,6,6d1f9595d0a357d8961f250e480aa3fc21c85ae411a76ea51552f081c137cc3c,6f22e0c67cc429294411ab7904d76efb941457a2b56adafba169ead01d3878e9,1,1,1
321,1600000,4,12,production,1979772000,1979772000,1979772000,0,8,16,6,6d1f9595d0a357d8961f250e480aa3fc21c85ae411a76ea51552f081c137cc3c,6f22e0c67cc429294411ab7904d76efb941457a2b56adafba169ead01d3878e9,1,1,1
322,1600000,4,13,reference,1856036250,1856036250,1856036250,0,8,17,7,f41afa1923b8ed656ae79d1e9de102c1b912762e08d6424ebf26a1dd02f4646b,6f22e0c67cc429294411ab7904d76efb941457a2b56adafba169ead01d3878e9,1,1,1
322,1600000,4,13,production,1856036250,1856036250,1856036250,0,8,17,7,f41afa1923b8ed656ae79d1e9de102c1b912762e08d6424ebf26a1dd02f4646b,6f22e0c67cc429294411ab7904d76efb941457a2b56adafba169ead01d3878e9,1,1,1
323,1600000,4,14,reference,1740033984,1740033984,1740033984,0,8,18,8,5841eac6eac0eb12acd8acc3e9d927e10572aa84d895c985aa71aa38d282559c,6f22e0c67cc429294411ab7904d76efb941457a2b56adafba169ead01d3878e9,1,1,1
323,1600000,4,14,production,1740033984,1740033984,1740033984,0,8,18,8,5841eac6eac0eb12acd8acc3e9d927e10572aa84d895c985aa71aa38d282559c,6f22e0c67cc429294411ab7904d76efb941457a2b56adafba169ead01d3878e9,1,1,1
324,1600000,4,15,reference,1631281860,1631281860,1631281860,0,8,19,9,6ea4bb88b11d83d13d966d3a9fbc0d136684fdbcc24f909d4be439487abbfab4,6f22e0c67cc429294411ab7904d76efb941457a2b56adafba169ead01d3878e9,1,1,1
324,1600000,4,15,production,1631281860,1631281860,1631281860,0,8,19,9,6ea4bb88b11d83d13d966d3a9fbc0d136684fdbcc24f909d4be439487abbfab4,6f22e0c67cc429294411ab7904d76efb941457a2b56adafba169ead01d3878e9,1,1,1
325,1600000,4,16,reference,1529326743,1529326743,1529326743,0,8,20,0,081dae88e3efb9fdb243594c4025824c6204540a12d84cc9e35179c6b92e5659,3c577d3ceef5e391f23b458793eca46523ddfa10d8193b90af6465bfcf1f4e4a,1,1,1
325,1600000,4,16,production,1529326743,1529326743,1529326743,0,8,20,0,081dae88e3efb9fdb243594c4025824c6204540a12d84cc9e35179c6b92e5659,3c577d3ceef5e391f23b458793eca46523ddfa10d8193b90af6465bfcf1f4e4a,1,1,1
326,1600000,4,17,reference,1433743821,1433743821,1433743821,0,8,21,1,b6b9eaa1c43858260c702f104e82c2698fc4feb2b434cf50b5d0a5b7713fccbf,3c577d3ceef5e391f23b458793eca46523ddfa10d8193b90af6465bfcf1f4e4a,1,1,1
326,1600000,4,17,production,1433743821,1433743821,1433743821,0,8,21,1,b6b9eaa1c43858260c702f104e82c2698fc4feb2b434cf50b5d0a5b7713fccbf,3c577d3ceef5e391f23b458793eca46523ddfa10d8193b90af6465bfcf1f4e4a,1,1,1
327,1600000,4,18,reference,1344134832,1344134832,1344134832,0,8,22,2,b8212b220173691fc936832d6f62931fd5299abfd36d871aa9c088659bfca9dc,3c577d3ceef5e391f23b458793eca46523ddfa10d8193b90af6465bfcf1f4e4a,1,1,1
327,1600000,4,18,production,1344134832,1344134832,1344134832,0,8,22,2,b8212b220173691fc936832d6f62931fd5299abfd36d871aa9c088659bfca9dc,3c577d3ceef5e391f23b458793eca46523ddfa10d8193b90af6465bfcf1f4e4a,1,1,1
328,1600000,4,19,reference,1260126405,1260126405,1260126405,0,8,23,3,fcb89c260f66a58b7f7f61e2cd674c3d1dcc6b5e6c9addfc2d1c0c343eb15850,3c577d3ceef5e391f23b458793eca46523ddfa10d8193b90af6465bfcf1f4e4a,1,1,1
328,1600000,4,19,production,1260126405,1260126405,1260126405,0,8,23,3,fcb89c260f66a58b7f7f61e2cd674c3d1dcc6b5e6c9addfc2d1c0c343eb15850,3c577d3ceef5e391f23b458793eca46523ddfa10d8193b90af6465bfcf1f4e4a,1,1,1
329,1600000,4,20,reference,1181368504,1181368504,1181368504,0,8,24,4,82b7c9f4be03d8ce586f510eadc3ea8654a401d5c667ba97bf64365157130b70,3c577d3ceef5e391f23b458793eca46523ddfa10d8193b90af6465bfcf1f4e4a,1,1,1
329,1600000,4,20,production,1181368504,1181368504,1181368504,0,8,24,4,82b7c9f4be03d8ce586f510eadc3ea8654a401d5c667ba97bf64365157130b70,3c577d3ceef5e391f23b458793eca46523ddfa10d8193b90af6465bfcf1f4e4a,1,1,1
330,1600000,4,1024,reference,0,0,0,0,8,1028,8,2b270980bc6bd8f776bed261fe8284583f13c5599845632666be8c2b98ed9ce7,cd727505aabffd8bf9acb02c1849daedafe326fc52d1ef19ed39bda25d01648e,1,1,1
330,1600000,4,1024,production,0,0,0,0,8,1028,8,2b270980bc6bd8f776bed261fe8284583f13c5599845632666be8c2b98ed9ce7,cd727505aabffd8bf9acb02c1849daedafe326fc52d1ef19ed39bda25d01648e,1,1,1
331,1600000,5,0,reference,4294967296,4294967296,4294967296,0,8,5,5,516d949ada2ea1128938f1fb6f89ab303ad0dc556d2a4086b835bee2e17649b3,75253521aff80512691b11e99a2b3c6b3b6bb3e50becd494d46b9e4765525efe,1,1,1
331,1600000,5,0,production,4294967296,4294967296,4294967296,0,8,5,5,516d949ada2ea1128938f1fb6f89ab303ad0dc556d2a4086b835bee2e17649b3,75253521aff80512691b11e99a2b3c6b3b6bb3e50becd494d46b9e4765525efe,1,1,1
332,1600000,5,1,reference,4026531840,4026531840,4026531840,0,8,6,6,6860c67708a4db26a2fb20ad500f3b092d54fd82bb912406ccd08ed872644ff2,75253521aff80512691b11e99a2b3c6b3b6bb3e50becd494d46b9e4765525efe,1,1,1
332,1600000,5,1,production,4026531840,4026531840,4026531840,0,8,6,6,6860c67708a4db26a2fb20ad500f3b092d54fd82bb912406ccd08ed872644ff2,75253521aff80512691b11e99a2b3c6b3b6bb3e50becd494d46b9e4765525efe,1,1,1
333,1600000,5,2,reference,3774873600,3774873600,3774873600,0,8,7,7,af56a3e1d504470e45d5fe2fec200346cfa5736510c5c7efd744d08173463229,75253521aff80512691b11e99a2b3c6b3b6bb3e50becd494d46b9e4765525efe,1,1,1
333,1600000,5,2,production,3774873600,3774873600,3774873600,0,8,7,7,af56a3e1d504470e45d5fe2fec200346cfa5736510c5c7efd744d08173463229,75253521aff80512691b11e99a2b3c6b3b6bb3e50becd494d46b9e4765525efe,1,1,1
334,1600000,5,3,reference,3538944000,3538944000,3538944000,0,8,8,8,d2cac2e31a273ef01deb35dd161f2d658dbc4cd2a484b3e1ed4992b06cf112a3,75253521aff80512691b11e99a2b3c6b3b6bb3e50becd494d46b9e4765525efe,1,1,1
334,1600000,5,3,production,3538944000,3538944000,3538944000,0,8,8,8,d2cac2e31a273ef01deb35dd161f2d658dbc4cd2a484b3e1ed4992b06cf112a3,75253521aff80512691b11e99a2b3c6b3b6bb3e50becd494d46b9e4765525efe,1,1,1
335,1600000,5,4,reference,3317760000,3317760000,3317760000,0,8,9,9,6c726fe7c89c623644835f4cd8c4bce7ac92e5f52ae4e58d40bf8a9882a879b1,75253521aff80512691b11e99a2b3c6b3b6bb3e50becd494d46b9e4765525efe,1,1,1
335,1600000,5,4,production,3317760000,3317760000,3317760000,0,8,9,9,6c726fe7c89c623644835f4cd8c4bce7ac92e5f52ae4e58d40bf8a9882a879b1,75253521aff80512691b11e99a2b3c6b3b6bb3e50becd494d46b9e4765525efe,1,1,1
336,1600000,5,5,reference,3110400000,3110400000,3110400000,0,8,10,0,ffe74c2aac2e84695501a9446c993f9a6270d6f06fd07523440843d0f75d3307,6f22e0c67cc429294411ab7904d76efb941457a2b56adafba169ead01d3878e9,1,1,1
336,1600000,5,5,production,3110400000,3110400000,3110400000,0,8,10,0,ffe74c2aac2e84695501a9446c993f9a6270d6f06fd07523440843d0f75d3307,6f22e0c67cc429294411ab7904d76efb941457a2b56adafba169ead01d3878e9,1,1,1
337,1600000,5,6,reference,2916000000,2916000000,2916000000,0,8,11,1,69f5511639aa14b7aa1de36cfda0f89cc7305bd6eacc40c6b403dbbb24e1bb19,6f22e0c67cc429294411ab7904d76efb941457a2b56adafba169ead01d3878e9,1,1,1
337,1600000,5,6,production,2916000000,2916000000,2916000000,0,8,11,1,69f5511639aa14b7aa1de36cfda0f89cc7305bd6eacc40c6b403dbbb24e1bb19,6f22e0c67cc429294411ab7904d76efb941457a2b56adafba169ead01d3878e9,1,1,1
338,1600000,5,7,reference,2733750000,2733750000,2733750000,0,8,12,2,b8230783e7b59a577f3166199c8ba013b2cd18e7b9e062c6b608fa92f6f64abd,6f22e0c67cc429294411ab7904d76efb941457a2b56adafba169ead01d3878e9,1,1,1
338,1600000,5,7,production,2733750000,2733750000,2733750000,0,8,12,2,b8230783e7b59a577f3166199c8ba013b2cd18e7b9e062c6b608fa92f6f64abd,6f22e0c67cc429294411ab7904d76efb941457a2b56adafba169ead01d3878e9,1,1,1
339,1600000,5,8,reference,2562890625,2562890625,2562890625,0,8,13,3,aa16c6755cee02c3a9623f82c7f0dafd52ae078a3b5fb0b6a0b27d218cab0378,6f22e0c67cc429294411ab7904d76efb941457a2b56adafba169ead01d3878e9,1,1,1
339,1600000,5,8,production,2562890625,2562890625,2562890625,0,8,13,3,aa16c6755cee02c3a9623f82c7f0dafd52ae078a3b5fb0b6a0b27d218cab0378,6f22e0c67cc429294411ab7904d76efb941457a2b56adafba169ead01d3878e9,1,1,1
340,1600000,5,9,reference,2402709960,2402709960,2402709960,0,8,14,4,f80295741264dba37ddc87435f08dc0a5f8f54f3a8eead5dcd745744ffcc5905,6f22e0c67cc429294411ab7904d76efb941457a2b56adafba169ead01d3878e9,1,1,1
340,1600000,5,9,production,2402709960,2402709960,2402709960,0,8,14,4,f80295741264dba37ddc87435f08dc0a5f8f54f3a8eead5dcd745744ffcc5905,6f22e0c67cc429294411ab7904d76efb941457a2b56adafba169ead01d3878e9,1,1,1
341,1600000,5,10,reference,2252540587,2252540587,2252540587,0,8,15,5,6de1ca53c0fcb7dacc83793b51f2f67a7d217b9739c9214269e42f0cca2bed91,6f22e0c67cc429294411ab7904d76efb941457a2b56adafba169ead01d3878e9,1,1,1
341,1600000,5,10,production,2252540587,2252540587,2252540587,0,8,15,5,6de1ca53c0fcb7dacc83793b51f2f67a7d217b9739c9214269e42f0cca2bed91,6f22e0c67cc429294411ab7904d76efb941457a2b56adafba169ead01d3878e9,1,1,1
342,1600000,5,11,reference,2111756800,2111756800,2111756800,0,8,16,6,9fee69c6d235d2269375166c0fb7681518d6f79014b34e9cc2f4ce9a3fcd6de8,6f22e0c67cc429294411ab7904d76efb941457a2b56adafba169ead01d3878e9,1,1,1
342,1600000,5,11,production,2111756800,2111756800,2111756800,0,8,16,6,9fee69c6d235d2269375166c0fb7681518d6f79014b34e9cc2f4ce9a3fcd6de8,6f22e0c67cc429294411ab7904d76efb941457a2b56adafba169ead01d3878e9,1,1,1
343,1600000,5,12,reference,1979772000,1979772000,1979772000,0,8,17,7,e3df803cbbb1e11b834e8a911242b06519410e3d904e3c34cb536972f80b3a3f,6f22e0c67cc429294411ab7904d76efb941457a2b56adafba169ead01d3878e9,1,1,1
343,1600000,5,12,production,1979772000,1979772000,1979772000,0,8,17,7,e3df803cbbb1e11b834e8a911242b06519410e3d904e3c34cb536972f80b3a3f,6f22e0c67cc429294411ab7904d76efb941457a2b56adafba169ead01d3878e9,1,1,1
344,1600000,5,13,reference,1856036250,1856036250,1856036250,0,8,18,8,45c505ee3e0b61dffc670a3b6d977561d95617e9bcfd40522628955fd2844abd,6f22e0c67cc429294411ab7904d76efb941457a2b56adafba169ead01d3878e9,1,1,1
344,1600000,5,13,production,1856036250,1856036250,1856036250,0,8,18,8,45c505ee3e0b61dffc670a3b6d977561d95617e9bcfd40522628955fd2844abd,6f22e0c67cc429294411ab7904d76efb941457a2b56adafba169ead01d3878e9,1,1,1
345,1600000,5,14,reference,1740033984,1740033984,1740033984,0,8,19,9,171f7bb31edff98678a90e159c110086d3b2fca2c31e857428452682e8177f60,6f22e0c67cc429294411ab7904d76efb941457a2b56adafba169ead01d3878e9,1,1,1
345,1600000,5,14,production,1740033984,1740033984,1740033984,0,8,19,9,171f7bb31edff98678a90e159c110086d3b2fca2c31e857428452682e8177f60,6f22e0c67cc429294411ab7904d76efb941457a2b56adafba169ead01d3878e9,1,1,1
346,1600000,5,15,reference,1631281860,1631281860,1631281860,0,8,20,0,75912d54b4fede04bc80baea812d132a967f90437e7a86616cc0ecc32c6ef31f,3c577d3ceef5e391f23b458793eca46523ddfa10d8193b90af6465bfcf1f4e4a,1,1,1
346,1600000,5,15,production,1631281860,1631281860,1631281860,0,8,20,0,75912d54b4fede04bc80baea812d132a967f90437e7a86616cc0ecc32c6ef31f,3c577d3ceef5e391f23b458793eca46523ddfa10d8193b90af6465bfcf1f4e4a,1,1,1
347,1600000,5,16,reference,1529326743,1529326743,1529326743,0,8,21,1,e40fc2759959ed1d5ec1f29e9dea5079dc431424b370f1395dcb6c958e1bd62f,3c577d3ceef5e391f23b458793eca46523ddfa10d8193b90af6465bfcf1f4e4a,1,1,1
347,1600000,5,16,production,1529326743,1529326743,1529326743,0,8,21,1,e40fc2759959ed1d5ec1f29e9dea5079dc431424b370f1395dcb6c958e1bd62f,3c577d3ceef5e391f23b458793eca46523ddfa10d8193b90af6465bfcf1f4e4a,1,1,1
348,1600000,5,17,reference,1433743821,1433743821,1433743821,0,8,22,2,85f925850162043427a7b2a933fc0d207641defa5b5a4e9c18ffe2fbd323b262,3c577d3ceef5e391f23b458793eca46523ddfa10d8193b90af6465bfcf1f4e4a,1,1,1
348,1600000,5,17,production,1433743821,1433743821,1433743821,0,8,22,2,85f925850162043427a7b2a933fc0d207641defa5b5a4e9c18ffe2fbd323b262,3c577d3ceef5e391f23b458793eca46523ddfa10d8193b90af6465bfcf1f4e4a,1,1,1
349,1600000,5,18,reference,1344134832,1344134832,1344134832,0,8,23,3,e11ed8aee5cc04bc9731a4824d0423021af56dc99340c10614cc7455f40fab38,3c577d3ceef5e391f23b458793eca46523ddfa10d8193b90af6465bfcf1f4e4a,1,1,1
349,1600000,5,18,production,1344134832,1344134832,1344134832,0,8,23,3,e11ed8aee5cc04bc9731a4824d0423021af56dc99340c10614cc7455f40fab38,3c577d3ceef5e391f23b458793eca46523ddfa10d8193b90af6465bfcf1f4e4a,1,1,1
350,1600000,5,19,reference,1260126405,1260126405,1260126405,0,8,24,4,259635b249348e0db25a6eb11c4e37fa5135668e315da879fde2fb66aa1d7d25,3c577d3ceef5e391f23b458793eca46523ddfa10d8193b90af6465bfcf1f4e4a,1,1,1
350,1600000,5,19,production,1260126405,1260126405,1260126405,0,8,24,4,259635b249348e0db25a6eb11c4e37fa5135668e315da879fde2fb66aa1d7d25,3c577d3ceef5e391f23b458793eca46523ddfa10d8193b90af6465bfcf1f4e4a,1,1,1
351,1600000,5,20,reference,1181368504,1181368504,1181368504,0,8,25,5,e38d135da9512d42f9ab992839b3557c5bac6816037c2cba4ac6cbc9932f9245,3c577d3ceef5e391f23b458793eca46523ddfa10d8193b90af6465bfcf1f4e4a,1,1,1
351,1600000,5,20,production,1181368504,1181368504,1181368504,0,8,25,5,e38d135da9512d42f9ab992839b3557c5bac6816037c2cba4ac6cbc9932f9245,3c577d3ceef5e391f23b458793eca46523ddfa10d8193b90af6465bfcf1f4e4a,1,1,1
352,1600000,5,1024,reference,0,0,0,0,8,1029,9,2621345d59bc5274f41c0567b3d2297be5d1fca1a027c12704e150fb8948ac0e,cd727505aabffd8bf9acb02c1849daedafe326fc52d1ef19ed39bda25d01648e,1,1,1
352,1600000,5,1024,production,0,0,0,0,8,1029,9,2621345d59bc5274f41c0567b3d2297be5d1fca1a027c12704e150fb8948ac0e,cd727505aabffd8bf9acb02c1849daedafe326fc52d1ef19ed39bda25d01648e,1,1,1
353,1600000,6,0,reference,4294967296,4294967296,4294967296,0,8,6,6,4abf00225b1391a2bf904d1c304345e4c75c51de8ab8730dd1a91243755f112d,75253521aff80512691b11e99a2b3c6b3b6bb3e50becd494d46b9e4765525efe,1,1,1
353,1600000,6,0,production,4294967296,4294967296,4294967296,0,8,6,6,4abf00225b1391a2bf904d1c304345e4c75c51de8ab8730dd1a91243755f112d,75253521aff80512691b11e99a2b3c6b3b6bb3e50becd494d46b9e4765525efe,1,1,1
354,1600000,6,1,reference,4026531840,4026531840,4026531840,0,8,7,7,07bbcbd159613a809df5ee8f884dfba9f8835524df36d1d4036d4a000dce3552,75253521aff80512691b11e99a2b3c6b3b6bb3e50becd494d46b9e4765525efe,1,1,1
354,1600000,6,1,production,4026531840,4026531840,4026531840,0,8,7,7,07bbcbd159613a809df5ee8f884dfba9f8835524df36d1d4036d4a000dce3552,75253521aff80512691b11e99a2b3c6b3b6bb3e50becd494d46b9e4765525efe,1,1,1
355,1600000,6,2,reference,3774873600,3774873600,3774873600,0,8,8,8,31e4dbaeb9e6350184103af10b7cc83e1ce13687bd56483c8980e085aaee4005,75253521aff80512691b11e99a2b3c6b3b6bb3e50becd494d46b9e4765525efe,1,1,1
355,1600000,6,2,production,3774873600,3774873600,3774873600,0,8,8,8,31e4dbaeb9e6350184103af10b7cc83e1ce13687bd56483c8980e085aaee4005,75253521aff80512691b11e99a2b3c6b3b6bb3e50becd494d46b9e4765525efe,1,1,1
356,1600000,6,3,reference,3538944000,3538944000,3538944000,0,8,9,9,e20d7be5c06f4dd44452d3c3e224e2c00f6f84ee0309ddd792c4321fd75720bb,75253521aff80512691b11e99a2b3c6b3b6bb3e50becd494d46b9e4765525efe,1,1,1
356,1600000,6,3,production,3538944000,3538944000,3538944000,0,8,9,9,e20d7be5c06f4dd44452d3c3e224e2c00f6f84ee0309ddd792c4321fd75720bb,75253521aff80512691b11e99a2b3c6b3b6bb3e50becd494d46b9e4765525efe,1,1,1
357,1600000,6,4,reference,3317760000,3317760000,3317760000,0,8,10,0,a1e8507be036bc0dc8c315e8edbacece5603a5c4da258e3051eed89af7afebcb,7bc308586fb06d0ae01a7f8b5e4856c590fb86275a262cb2a19367e4a4c66319,1,1,1
357,1600000,6,4,production,3317760000,3317760000,3317760000,0,8,10,0,a1e8507be036bc0dc8c315e8edbacece5603a5c4da258e3051eed89af7afebcb,7bc308586fb06d0ae01a7f8b5e4856c590fb86275a262cb2a19367e4a4c66319,1,1,1
358,1600000,6,5,reference,3110400000,3110400000,3110400000,0,8,11,1,45f13da54a39f0f16a831969f32d3197a460fc12b07281cec7ff2702d53800c1,b3b67230f65e73537e9827043dd10004defe7a3d57d82da2ffa47fbb7f526769,1,1,1
358,1600000,6,5,production,3110400000,3110400000,3110400000,0,8,11,1,45f13da54a39f0f16a831969f32d3197a460fc12b07281cec7ff2702d53800c1,b3b67230f65e73537e9827043dd10004defe7a3d57d82da2ffa47fbb7f526769,1,1,1
359,1600000,6,6,reference,2916000000,2916000000,2916000000,0,8,12,2,b87bca30f49c27d743ed6c13d5fb3531d6c63077917401638fe4958ba1c2804f,b3b67230f65e73537e9827043dd10004defe7a3d57d82da2ffa47fbb7f526769,1,1,1
359,1600000,6,6,production,2916000000,2916000000,2916000000,0,8,12,2,b87bca30f49c27d743ed6c13d5fb3531d6c63077917401638fe4958ba1c2804f,b3b67230f65e73537e9827043dd10004defe7a3d57d82da2ffa47fbb7f526769,1,1,1
360,1600000,6,7,reference,2733750000,2733750000,2733750000,0,8,13,3,96eb852b030ae3c6a7935effe961dd62541bbbf274acb3714643c720913bbbb2,b3b67230f65e73537e9827043dd10004defe7a3d57d82da2ffa47fbb7f526769,1,1,1
360,1600000,6,7,production,2733750000,2733750000,2733750000,0,8,13,3,96eb852b030ae3c6a7935effe961dd62541bbbf274acb3714643c720913bbbb2,b3b67230f65e73537e9827043dd10004defe7a3d57d82da2ffa47fbb7f526769,1,1,1
361,1600000,6,8,reference,2562890625,2562890625,2562890625,0,8,14,4,c0014f00b71394aa6918752180f4ed655ca0bacc298be3c311fff6975c272945,b3b67230f65e73537e9827043dd10004defe7a3d57d82da2ffa47fbb7f526769,1,1,1
361,1600000,6,8,production,2562890625,2562890625,2562890625,0,8,14,4,c0014f00b71394aa6918752180f4ed655ca0bacc298be3c311fff6975c272945,b3b67230f65e73537e9827043dd10004defe7a3d57d82da2ffa47fbb7f526769,1,1,1
362,1600000,6,9,reference,2402709960,2402709960,2402709960,0,8,15,5,851327bacde1bac8f0b592915e09220c70aae2147870fced99fae60e08a09f7d,b3b67230f65e73537e9827043dd10004defe7a3d57d82da2ffa47fbb7f526769,1,1,1
362,1600000,6,9,production,2402709960,2402709960,2402709960,0,8,15,5,851327bacde1bac8f0b592915e09220c70aae2147870fced99fae60e08a09f7d,b3b67230f65e73537e9827043dd10004defe7a3d57d82da2ffa47fbb7f526769,1,1,1
363,1600000,6,10,reference,2252540587,2252540587,2252540587,0,8,16,6,d9a8db644ab738627621a0e63c534df6c4ba5fb1d44a858e96c2a7e957ddd67f,b3b67230f65e73537e9827043dd10004defe7a3d57d82da2ffa47fbb7f526769,1,1,1
363,1600000,6,10,production,2252540587,2252540587,2252540587,0,8,16,6,d9a8db644ab738627621a0e63c534df6c4ba5fb1d44a858e96c2a7e957ddd67f,b3b67230f65e73537e9827043dd10004defe7a3d57d82da2ffa47fbb7f526769,1,1,1
364,1600000,6,11,reference,2111756800,2111756800,2111756800,0,8,17,7,ef7497a97aaaec2f199680cb261170b962f822bc0c555b2c8797463764ceb066,b3b67230f65e73537e9827043dd10004defe7a3d57d82da2ffa47fbb7f526769,1,1,1
364,1600000,6,11,production,2111756800,2111756800,2111756800,0,8,17,7,ef7497a97aaaec2f199680cb261170b962f822bc0c555b2c8797463764ceb066,b3b67230f65e73537e9827043dd10004defe7a3d57d82da2ffa47fbb7f526769,1,1,1
365,1600000,6,12,reference,1979772000,1979772000,1979772000,0,8,18,8,a2d51b4faf239f5a76d37899ca7249b684a28e4dd5327e3cc3cdc977d934b33c,b3b67230f65e73537e9827043dd10004defe7a3d57d82da2ffa47fbb7f526769,1,1,1
365,1600000,6,12,production,1979772000,1979772000,1979772000,0,8,18,8,a2d51b4faf239f5a76d37899ca7249b684a28e4dd5327e3cc3cdc977d934b33c,b3b67230f65e73537e9827043dd10004defe7a3d57d82da2ffa47fbb7f526769,1,1,1
366,1600000,6,13,reference,1856036250,1856036250,1856036250,0,8,19,9,599f2fdfb677a65810c2b43296dcea86bf80f2a4439ad17a4fe8ae0e2b4430c2,b3b67230f65e73537e9827043dd10004defe7a3d57d82da2ffa47fbb7f526769,1,1,1
366,1600000,6,13,production,1856036250,1856036250,1856036250,0,8,19,9,599f2fdfb677a65810c2b43296dcea86bf80f2a4439ad17a4fe8ae0e2b4430c2,b3b67230f65e73537e9827043dd10004defe7a3d57d82da2ffa47fbb7f526769,1,1,1
367,1600000,6,14,reference,1740033984,1740033984,1740033984,0,8,20,0,1b047542f48107ee353e533e2ddd2e974f9de83ba15a726326979edf96c3ea69,0df964240331d7949f7b0f60b2dd9b8222aefff60d4f5d2f43b102c8ca004670,1,1,1
367,1600000,6,14,production,1740033984,1740033984,1740033984,0,8,20,0,1b047542f48107ee353e533e2ddd2e974f9de83ba15a726326979edf96c3ea69,0df964240331d7949f7b0f60b2dd9b8222aefff60d4f5d2f43b102c8ca004670,1,1,1
368,1600000,6,15,reference,1631281860,1631281860,1631281860,0,8,21,1,6eea7a38c23e3a8842bb1927a97c930b2b1baaa3057449cf9423884c66a880f1,0df964240331d7949f7b0f60b2dd9b8222aefff60d4f5d2f43b102c8ca004670,1,1,1
368,1600000,6,15,production,1631281860,1631281860,1631281860,0,8,21,1,6eea7a38c23e3a8842bb1927a97c930b2b1baaa3057449cf9423884c66a880f1,0df964240331d7949f7b0f60b2dd9b8222aefff60d4f5d2f43b102c8ca004670,1,1,1
369,1600000,6,16,reference,1529326743,1529326743,1529326743,0,8,22,2,68b2d1034f0c22dcf24fa9dec85918b6f76238268f29bd9cc8f389e742106f6c,0df964240331d7949f7b0f60b2dd9b8222aefff60d4f5d2f43b102c8ca004670,1,1,1
369,1600000,6,16,production,1529326743,1529326743,1529326743,0,8,22,2,68b2d1034f0c22dcf24fa9dec85918b6f76238268f29bd9cc8f389e742106f6c,0df964240331d7949f7b0f60b2dd9b8222aefff60d4f5d2f43b102c8ca004670,1,1,1
370,1600000,6,17,reference,1433743821,1433743821,1433743821,0,8,23,3,35d9bcbfcfa07f64716ce6b5a51c3cd64147691d975fec7340b82060a53ac017,0df964240331d7949f7b0f60b2dd9b8222aefff60d4f5d2f43b102c8ca004670,1,1,1
370,1600000,6,17,production,1433743821,1433743821,1433743821,0,8,23,3,35d9bcbfcfa07f64716ce6b5a51c3cd64147691d975fec7340b82060a53ac017,0df964240331d7949f7b0f60b2dd9b8222aefff60d4f5d2f43b102c8ca004670,1,1,1
371,1600000,6,18,reference,1344134832,1344134832,1344134832,0,8,24,4,03b3eec1f48b29840aec10f283fa049abf25f49cf0399fd7257d00363636ef8e,0df964240331d7949f7b0f60b2dd9b8222aefff60d4f5d2f43b102c8ca004670,1,1,1
371,1600000,6,18,production,1344134832,1344134832,1344134832,0,8,24,4,03b3eec1f48b29840aec10f283fa049abf25f49cf0399fd7257d00363636ef8e,0df964240331d7949f7b0f60b2dd9b8222aefff60d4f5d2f43b102c8ca004670,1,1,1
372,1600000,6,19,reference,1260126405,1260126405,1260126405,0,8,25,5,09c725b145d81b70362e57b9c9146fa8f9f91d86a57ef61dcfc50aa8d55737fe,0df964240331d7949f7b0f60b2dd9b8222aefff60d4f5d2f43b102c8ca004670,1,1,1
372,1600000,6,19,production,1260126405,1260126405,1260126405,0,8,25,5,09c725b145d81b70362e57b9c9146fa8f9f91d86a57ef61dcfc50aa8d55737fe,0df964240331d7949f7b0f60b2dd9b8222aefff60d4f5d2f43b102c8ca004670,1,1,1
373,1600000,6,20,reference,1181368504,1181368504,1181368504,0,8,26,6,5aa75ef93c75e10327c24fd94c46ecb1d55ba41f18d60ef188a9708f004e8a5a,0df964240331d7949f7b0f60b2dd9b8222aefff60d4f5d2f43b102c8ca004670,1,1,1
373,1600000,6,20,production,1181368504,1181368504,1181368504,0,8,26,6,5aa75ef93c75e10327c24fd94c46ecb1d55ba41f18d60ef188a9708f004e8a5a,0df964240331d7949f7b0f60b2dd9b8222aefff60d4f5d2f43b102c8ca004670,1,1,1
374,1600000,6,1024,reference,0,0,0,0,8,1030,0,c477f79016d985a607b38f061f091e211ca5846103b6246d8243d8e3f7f3f7bb,4f6e44a035d8285bc3c2a4e7fdbb9cc327fd081547bd89d7f669c19a29343041,1,1,1
374,1600000,6,1024,production,0,0,0,0,8,1030,0,c477f79016d985a607b38f061f091e211ca5846103b6246d8243d8e3f7f3f7bb,4f6e44a035d8285bc3c2a4e7fdbb9cc327fd081547bd89d7f669c19a29343041,1,1,1
375,1600000,7,0,reference,4294967296,4294967296,4294967296,0,8,7,7,1b13d55a66a9d9724a3ca237a5358900a6d952de644f290b8a5fce2b0eb22bac,75253521aff80512691b11e99a2b3c6b3b6bb3e50becd494d46b9e4765525efe,1,1,1
375,1600000,7,0,production,4294967296,4294967296,4294967296,0,8,7,7,1b13d55a66a9d9724a3ca237a5358900a6d952de644f290b8a5fce2b0eb22bac,75253521aff80512691b11e99a2b3c6b3b6bb3e50becd494d46b9e4765525efe,1,1,1
376,1600000,7,1,reference,4026531840,4026531840,4026531840,0,8,8,8,fbd699c58fd11aa4ed0648117007317474e20d1abcb5eb6b7a38d2c35ea245be,75253521aff80512691b11e99a2b3c6b3b6bb3e50becd494d46b9e4765525efe,1,1,1
376,1600000,7,1,production,4026531840,4026531840,4026531840,0,8,8,8,fbd699c58fd11aa4ed0648117007317474e20d1abcb5eb6b7a38d2c35ea245be,75253521aff80512691b11e99a2b3c6b3b6bb3e50becd494d46b9e4765525efe,1,1,1
377,1600000,7,2,reference,3774873600,3774873600,3774873600,0,8,9,9,5a2544eca13d738c693a260ffef9135868aa7b88b8163feb4ef9f50601b6d9e3,75253521aff80512691b11e99a2b3c6b3b6bb3e50becd494d46b9e4765525efe,1,1,1
377,1600000,7,2,production,3774873600,3774873600,3774873600,0,8,9,9,5a2544eca13d738c693a260ffef9135868aa7b88b8163feb4ef9f50601b6d9e3,75253521aff80512691b11e99a2b3c6b3b6bb3e50becd494d46b9e4765525efe,1,1,1
378,1600000,7,3,reference,3538944000,3538944000,3538944000,0,8,10,0,1093ee6195c53be18571fbc4fb7f93e76a94ed561343ad35eb5361ee7d9940ef,7bc308586fb06d0ae01a7f8b5e4856c590fb86275a262cb2a19367e4a4c66319,1,1,1
378,1600000,7,3,production,3538944000,3538944000,3538944000,0,8,10,0,1093ee6195c53be18571fbc4fb7f93e76a94ed561343ad35eb5361ee7d9940ef,7bc308586fb06d0ae01a7f8b5e4856c590fb86275a262cb2a19367e4a4c66319,1,1,1
379,1600000,7,4,reference,3317760000,3317760000,3317760000,0,8,11,1,66aa028cf310a32cceb2270e4dbe0934df3a8cfc1ef384c999a1603becf0779e,7bc308586fb06d0ae01a7f8b5e4856c590fb86275a262cb2a19367e4a4c66319,1,1,1
379,1600000,7,4,production,3317760000,3317760000,3317760000,0,8,11,1,66aa028cf310a32cceb2270e4dbe0934df3a8cfc1ef384c999a1603becf0779e,7bc308586fb06d0ae01a7f8b5e4856c590fb86275a262cb2a19367e4a4c66319,1,1,1
380,1600000,7,5,reference,3110400000,3110400000,3110400000,0,8,12,2,4f0de00fae0bb57b723ec1c4c83000610eb8108bbdc7d6ac4b25d0d11b5ae3c6,b3b67230f65e73537e9827043dd10004defe7a3d57d82da2ffa47fbb7f526769,1,1,1
380,1600000,7,5,production,3110400000,3110400000,3110400000,0,8,12,2,4f0de00fae0bb57b723ec1c4c83000610eb8108bbdc7d6ac4b25d0d11b5ae3c6,b3b67230f65e73537e9827043dd10004defe7a3d57d82da2ffa47fbb7f526769,1,1,1
381,1600000,7,6,reference,2916000000,2916000000,2916000000,0,8,13,3,c7ec34c1c85a42f5f5bceb75d39e2cc4b45c80a6b5828cc18846118e02a0ba85,b3b67230f65e73537e9827043dd10004defe7a3d57d82da2ffa47fbb7f526769,1,1,1
381,1600000,7,6,production,2916000000,2916000000,2916000000,0,8,13,3,c7ec34c1c85a42f5f5bceb75d39e2cc4b45c80a6b5828cc18846118e02a0ba85,b3b67230f65e73537e9827043dd10004defe7a3d57d82da2ffa47fbb7f526769,1,1,1
382,1600000,7,7,reference,2733750000,2733750000,2733750000,0,8,14,4,255e4a090ff14f6aa7c193c5773c3887d9c615bbbafafce44c346ab9a49ff10b,b3b67230f65e73537e9827043dd10004defe7a3d57d82da2ffa47fbb7f526769,1,1,1
382,1600000,7,7,production,2733750000,2733750000,2733750000,0,8,14,4,255e4a090ff14f6aa7c193c5773c3887d9c615bbbafafce44c346ab9a49ff10b,b3b67230f65e73537e9827043dd10004defe7a3d57d82da2ffa47fbb7f526769,1,1,1
383,1600000,7,8,reference,2562890625,2562890625,2562890625,0,8,15,5,87444295f5dcfcd113e3517dd96e30dbd8f88480e8b7271e6cc6a849f15d4764,b3b67230f65e73537e9827043dd10004defe7a3d57d82da2ffa47fbb7f526769,1,1,1
383,1600000,7,8,production,2562890625,2562890625,2562890625,0,8,15,5,87444295f5dcfcd113e3517dd96e30dbd8f88480e8b7271e6cc6a849f15d4764,b3b67230f65e73537e9827043dd10004defe7a3d57d82da2ffa47fbb7f526769,1,1,1
384,1600000,7,9,reference,2402709960,2402709960,2402709960,0,8,16,6,9dfbfcc6ae68fe3845e9dfc95f2c4b5d3a083370431a4c1ce0a23db19e92864c,b3b67230f65e73537e9827043dd10004defe7a3d57d82da2ffa47fbb7f526769,1,1,1
384,1600000,7,9,production,2402709960,2402709960,2402709960,0,8,16,6,9dfbfcc6ae68fe3845e9dfc95f2c4b5d3a083370431a4c1ce0a23db19e92864c,b3b67230f65e73537e9827043dd10004defe7a3d57d82da2ffa47fbb7f526769,1,1,1
385,1600000,7,10,reference,2252540587,2252540587,2252540587,0,8,17,7,1da20aa2d40805486299312c6f8c491ff1c5a7a8852649bade2240f4f011be92,b3b67230f65e73537e9827043dd10004defe7a3d57d82da2ffa47fbb7f526769,1,1,1
385,1600000,7,10,production,2252540587,2252540587,2252540587,0,8,17,7,1da20aa2d40805486299312c6f8c491ff1c5a7a8852649bade2240f4f011be92,b3b67230f65e73537e9827043dd10004defe7a3d57d82da2ffa47fbb7f526769,1,1,1
386,1600000,7,11,reference,2111756800,2111756800,2111756800,0,8,18,8,1749dda89fd0745cdc712cb51f71fce14bb989a011354ff1b8c2404cc753b2d6,b3b67230f65e73537e9827043dd10004defe7a3d57d82da2ffa47fbb7f526769,1,1,1
386,1600000,7,11,production,2111756800,2111756800,2111756800,0,8,18,8,1749dda89fd0745cdc712cb51f71fce14bb989a011354ff1b8c2404cc753b2d6,b3b67230f65e73537e9827043dd10004defe7a3d57d82da2ffa47fbb7f526769,1,1,1
387,1600000,7,12,reference,1979772000,1979772000,1979772000,0,8,19,9,a55daa887aa32fc5641c918aca0abb95872986710b2088ef2bff51587b4f3918,b3b67230f65e73537e9827043dd10004defe7a3d57d82da2ffa47fbb7f526769,1,1,1
387,1600000,7,12,production,1979772000,1979772000,1979772000,0,8,19,9,a55daa887aa32fc5641c918aca0abb95872986710b2088ef2bff51587b4f3918,b3b67230f65e73537e9827043dd10004defe7a3d57d82da2ffa47fbb7f526769,1,1,1
388,1600000,7,13,reference,1856036250,1856036250,1856036250,0,8,20,0,e6dd88e07dbe6db3b9baa0deef9f69574588f18a2eed8e6fcc0276e85d90b911,0df964240331d7949f7b0f60b2dd9b8222aefff60d4f5d2f43b102c8ca004670,1,1,1
388,1600000,7,13,production,1856036250,1856036250,1856036250,0,8,20,0,e6dd88e07dbe6db3b9baa0deef9f69574588f18a2eed8e6fcc0276e85d90b911,0df964240331d7949f7b0f60b2dd9b8222aefff60d4f5d2f43b102c8ca004670,1,1,1
389,1600000,7,14,reference,1740033984,1740033984,1740033984,0,8,21,1,3ef7a37cb7261a6a9aa192990b79eb15cd3063d769b6f190e0ef9d16493deeff,0df964240331d7949f7b0f60b2dd9b8222aefff60d4f5d2f43b102c8ca004670,1,1,1
389,1600000,7,14,production,1740033984,1740033984,1740033984,0,8,21,1,3ef7a37cb7261a6a9aa192990b79eb15cd3063d769b6f190e0ef9d16493deeff,0df964240331d7949f7b0f60b2dd9b8222aefff60d4f5d2f43b102c8ca004670,1,1,1
390,1600000,7,15,reference,1631281860,1631281860,1631281860,0,8,22,2,8af9ca2b10aaefb7347b7c4f97f8141b6d52d163882f1ce11500682ccf81cd54,0df964240331d7949f7b0f60b2dd9b8222aefff60d4f5d2f43b102c8ca004670,1,1,1
390,1600000,7,15,production,1631281860,1631281860,1631281860,0,8,22,2,8af9ca2b10aaefb7347b7c4f97f8141b6d52d163882f1ce11500682ccf81cd54,0df964240331d7949f7b0f60b2dd9b8222aefff60d4f5d2f43b102c8ca004670,1,1,1
391,1600000,7,16,reference,1529326743,1529326743,1529326743,0,8,23,3,3686129a5f028a8a552c21eb944709a850b9b7c948d72a31d1968eda6b908f8f,0df964240331d7949f7b0f60b2dd9b8222aefff60d4f5d2f43b102c8ca004670,1,1,1
391,1600000,7,16,production,1529326743,1529326743,1529326743,0,8,23,3,3686129a5f028a8a552c21eb944709a850b9b7c948d72a31d1968eda6b908f8f,0df964240331d7949f7b0f60b2dd9b8222aefff60d4f5d2f43b102c8ca004670,1,1,1
392,1600000,7,17,reference,1433743821,1433743821,1433743821,0,8,24,4,44122248ddb8c69b8aa0e12ddc070e57bc46f2ac64017ad4e5b134d73a3a48af,0df964240331d7949f7b0f60b2dd9b8222aefff60d4f5d2f43b102c8ca004670,1,1,1
392,1600000,7,17,production,1433743821,1433743821,1433743821,0,8,24,4,44122248ddb8c69b8aa0e12ddc070e57bc46f2ac64017ad4e5b134d73a3a48af,0df964240331d7949f7b0f60b2dd9b8222aefff60d4f5d2f43b102c8ca004670,1,1,1
393,1600000,7,18,reference,1344134832,1344134832,1344134832,0,8,25,5,546f0123b4ab3aeecfd87b4c61fc5261a42867b7ba1dc45d4948d98cc4c74226,0df964240331d7949f7b0f60b2dd9b8222aefff60d4f5d2f43b102c8ca004670,1,1,1
393,1600000,7,18,production,1344134832,1344134832,1344134832,0,8,25,5,546f0123b4ab3aeecfd87b4c61fc5261a42867b7ba1dc45d4948d98cc4c74226,0df964240331d7949f7b0f60b2dd9b8222aefff60d4f5d2f43b102c8ca004670,1,1,1
394,1600000,7,19,reference,1260126405,1260126405,1260126405,0,8,26,6,24c94fec9112322e0606b135d82cfb3856276ba64d1e84abdcb493e2f90229f1,0df964240331d7949f7b0f60b2dd9b8222aefff60d4f5d2f43b102c8ca004670,1,1,1
394,1600000,7,19,production,1260126405,1260126405,1260126405,0,8,26,6,24c94fec9112322e0606b135d82cfb3856276ba64d1e84abdcb493e2f90229f1,0df964240331d7949f7b0f60b2dd9b8222aefff60d4f5d2f43b102c8ca004670,1,1,1
395,1600000,7,20,reference,1181368504,1181368504,1181368504,0,8,27,7,f74941bde8da2637fdd5426aa37ce83913550b8cf9ff56b56115156844ae90bb,0df964240331d7949f7b0f60b2dd9b8222aefff60d4f5d2f43b102c8ca004670,1,1,1
395,1600000,7,20,production,1181368504,1181368504,1181368504,0,8,27,7,f74941bde8da2637fdd5426aa37ce83913550b8cf9ff56b56115156844ae90bb,0df964240331d7949f7b0f60b2dd9b8222aefff60d4f5d2f43b102c8ca004670,1,1,1
396,1600000,7,1024,reference,0,0,0,0,8,1031,1,a1640ebc507cc43cc4a6341bd191734dc892d2b30129ea1afd7bcc7dc5109710,4f6e44a035d8285bc3c2a4e7fdbb9cc327fd081547bd89d7f669c19a29343041,1,1,1
396,1600000,7,1024,production,0,0,0,0,8,1031,1,a1640ebc507cc43cc4a6341bd191734dc892d2b30129ea1afd7bcc7dc5109710,4f6e44a035d8285bc3c2a4e7fdbb9cc327fd081547bd89d7f669c19a29343041,1,1,1
397,1600000,8,0,reference,4294967296,4294967296,4294967296,0,8,8,8,415a96aec799b17d0b2e6a972b049300aaecb3e31fade0b42963cf7445bcd9b1,75253521aff80512691b11e99a2b3c6b3b6bb3e50becd494d46b9e4765525efe,1,1,1
397,1600000,8,0,production,4294967296,4294967296,4294967296,0,8,8,8,415a96aec799b17d0b2e6a972b049300aaecb3e31fade0b42963cf7445bcd9b1,75253521aff80512691b11e99a2b3c6b3b6bb3e50becd494d46b9e4765525efe,1,1,1
398,1600000,8,1,reference,4026531840,4026531840,4026531840,0,8,9,9,0649be2945b3986edd9a3930fb8b340b7cd2c7667be8488a43f8bf56b38ac914,75253521aff80512691b11e99a2b3c6b3b6bb3e50becd494d46b9e4765525efe,1,1,1
398,1600000,8,1,production,4026531840,4026531840,4026531840,0,8,9,9,0649be2945b3986edd9a3930fb8b340b7cd2c7667be8488a43f8bf56b38ac914,75253521aff80512691b11e99a2b3c6b3b6bb3e50becd494d46b9e4765525efe,1,1,1
399,1600000,8,2,reference,3774873600,3774873600,3774873600,0,8,10,0,56696179c85225b4e0cda33b8b50e4887f0bf748f9af3dec05dbf5c6c32c7b67,7bc308586fb06d0ae01a7f8b5e4856c590fb86275a262cb2a19367e4a4c66319,1,1,1
399,1600000,8,2,production,3774873600,3774873600,3774873600,0,8,10,0,56696179c85225b4e0cda33b8b50e4887f0bf748f9af3dec05dbf5c6c32c7b67,7bc308586fb06d0ae01a7f8b5e4856c590fb86275a262cb2a19367e4a4c66319,1,1,1
400,1600000,8,3,reference,3538944000,3538944000,3538944000,0,8,11,1,982e858873a085f64cf9fbcc6809527454fdde34b0065e6e7be3d5a6425bd669,7bc308586fb06d0ae01a7f8b5e4856c590fb86275a262cb2a19367e4a4c66319,1,1,1
400,1600000,8,3,production,3538944000,3538944000,3538944000,0,8,11,1,982e858873a085f64cf9fbcc6809527454fdde34b0065e6e7be3d5a6425bd669,7bc308586fb06d0ae01a7f8b5e4856c590fb86275a262cb2a19367e4a4c66319,1,1,1
401,1600000,8,4,reference,3317760000,3317760000,3317760000,0,8,12,2,977549f458fbb96e2b12498832cc3172f7ece50e559647d49ce1324a8202e1be,7bc308586fb06d0ae01a7f8b5e4856c590fb86275a262cb2a19367e4a4c66319,1,1,1
401,1600000,8,4,production,3317760000,3317760000,3317760000,0,8,12,2,977549f458fbb96e2b12498832cc3172f7ece50e559647d49ce1324a8202e1be,7bc308586fb06d0ae01a7f8b5e4856c590fb86275a262cb2a19367e4a4c66319,1,1,1
402,1600000,8,5,reference,3110400000,3110400000,3110400000,0,8,13,3,bedef15c7102384ac562c58959e4cd3358f9563a40988d1c693978bd0aff683d,b3b67230f65e73537e9827043dd10004defe7a3d57d82da2ffa47fbb7f526769,1,1,1
402,1600000,8,5,production,3110400000,3110400000,3110400000,0,8,13,3,bedef15c7102384ac562c58959e4cd3358f9563a40988d1c693978bd0aff683d,b3b67230f65e73537e9827043dd10004defe7a3d57d82da2ffa47fbb7f526769,1,1,1
403,1600000,8,6,reference,2916000000,2916000000,2916000000,0,8,14,4,ad02f45e011b8a15fd1de1821ff6000e4ca2b211e66e7e1cfa46388fcdf2d563,b3b67230f65e73537e9827043dd10004defe7a3d57d82da2ffa47fbb7f526769,1,1,1
403,1600000,8,6,production,2916000000,2916000000,2916000000,0,8,14,4,ad02f45e011b8a15fd1de1821ff6000e4ca2b211e66e7e1cfa46388fcdf2d563,b3b67230f65e73537e9827043dd10004defe7a3d57d82da2ffa47fbb7f526769,1,1,1
404,1600000,8,7,reference,2733750000,2733750000,2733750000,0,8,15,5,43c62a00dbd9d523a10342d4a33278080e2d639648f360117ce80860e045a7b4,b3b67230f65e73537e9827043dd10004defe7a3d57d82da2ffa47fbb7f526769,1,1,1
404,1600000,8,7,production,2733750000,2733750000,2733750000,0,8,15,5,43c62a00dbd9d523a10342d4a33278080e2d639648f360117ce80860e045a7b4,b3b67230f65e73537e9827043dd10004defe7a3d57d82da2ffa47fbb7f526769,1,1,1
405,1600000,8,8,reference,2562890625,2562890625,2562890625,0,8,16,6,78a572c2f2b8fbb7cb727149638809601e5d24d6d6f3f3ee7c69814e1b67878e,b3b67230f65e73537e9827043dd10004defe7a3d57d82da2ffa47fbb7f526769,1,1,1
405,1600000,8,8,production,2562890625,2562890625,2562890625,0,8,16,6,78a572c2f2b8fbb7cb727149638809601e5d24d6d6f3f3ee7c69814e1b67878e,b3b67230f65e73537e9827043dd10004defe7a3d57d82da2ffa47fbb7f526769,1,1,1
406,1600000,8,9,reference,2402709960,2402709960,2402709960,0,8,17,7,06d480a767e15bbbf4e58fb944f59428eb3422f810f925cfa01156641b0bd89a,b3b67230f65e73537e9827043dd10004defe7a3d57d82da2ffa47fbb7f526769,1,1,1
406,1600000,8,9,production,2402709960,2402709960,2402709960,0,8,17,7,06d480a767e15bbbf4e58fb944f59428eb3422f810f925cfa01156641b0bd89a,b3b67230f65e73537e9827043dd10004defe7a3d57d82da2ffa47fbb7f526769,1,1,1
407,1600000,8,10,reference,2252540587,2252540587,2252540587,0,8,18,8,1367ca68baa01f2a5667934b7e01b94cbd47fa4ae14606128a07038b7ceb4150,b3b67230f65e73537e9827043dd10004defe7a3d57d82da2ffa47fbb7f526769,1,1,1
407,1600000,8,10,production,2252540587,2252540587,2252540587,0,8,18,8,1367ca68baa01f2a5667934b7e01b94cbd47fa4ae14606128a07038b7ceb4150,b3b67230f65e73537e9827043dd10004defe7a3d57d82da2ffa47fbb7f526769,1,1,1
408,1600000,8,11,reference,2111756800,2111756800,2111756800,0,8,19,9,0998d954550b616c22248251b352da558bc373c35bec3f2cad92127dba0c2bd6,b3b67230f65e73537e9827043dd10004defe7a3d57d82da2ffa47fbb7f526769,1,1,1
408,1600000,8,11,production,2111756800,2111756800,2111756800,0,8,19,9,0998d954550b616c22248251b352da558bc373c35bec3f2cad92127dba0c2bd6,b3b67230f65e73537e9827043dd10004defe7a3d57d82da2ffa47fbb7f526769,1,1,1
409,1600000,8,12,reference,1979772000,1979772000,1979772000,0,8,20,0,7e9c9e321f0d5c382c1e3d93b3d5482b330d4d4d5e9ce21a1dab38ba00ba7ae7,0df964240331d7949f7b0f60b2dd9b8222aefff60d4f5d2f43b102c8ca004670,1,1,1
409,1600000,8,12,production,1979772000,1979772000,1979772000,0,8,20,0,7e9c9e321f0d5c382c1e3d93b3d5482b330d4d4d5e9ce21a1dab38ba00ba7ae7,0df964240331d7949f7b0f60b2dd9b8222aefff60d4f5d2f43b102c8ca004670,1,1,1
410,1600000,8,13,reference,1856036250,1856036250,1856036250,0,8,21,1,4500025ce677c57e65c0f93af44287657347f4363745117e85b489fdf5f1e754,0df964240331d7949f7b0f60b2dd9b8222aefff60d4f5d2f43b102c8ca004670,1,1,1
410,1600000,8,13,production,1856036250,1856036250,1856036250,0,8,21,1,4500025ce677c57e65c0f93af44287657347f4363745117e85b489fdf5f1e754,0df964240331d7949f7b0f60b2dd9b8222aefff60d4f5d2f43b102c8ca004670,1,1,1
411,1600000,8,14,reference,1740033984,1740033984,1740033984,0,8,22,2,b5fe172fca86de250d9a9fd6aeaa7d43f3b469e19bdfb5fedb4aa45e8ef43a3a,0df964240331d7949f7b0f60b2dd9b8222aefff60d4f5d2f43b102c8ca004670,1,1,1
411,1600000,8,14,production,1740033984,1740033984,1740033984,0,8,22,2,b5fe172fca86de250d9a9fd6aeaa7d43f3b469e19bdfb5fedb4aa45e8ef43a3a,0df964240331d7949f7b0f60b2dd9b8222aefff60d4f5d2f43b102c8ca004670,1,1,1
412,1600000,8,15,reference,1631281860,1631281860,1631281860,0,8,23,3,08dca2c65917d3bdd2af8ca51d066f180f2fdb67bf5fef25d6ef8378bb3b97f3,0df964240331d7949f7b0f60b2dd9b8222aefff60d4f5d2f43b102c8ca004670,1,1,1
412,1600000,8,15,production,1631281860,1631281860,1631281860,0,8,23,3,08dca2c65917d3bdd2af8ca51d066f180f2fdb67bf5fef25d6ef8378bb3b97f3,0df964240331d7949f7b0f60b2dd9b8222aefff60d4f5d2f43b102c8ca004670,1,1,1
413,1600000,8,16,reference,1529326743,1529326743,1529326743,0,8,24,4,80b1ee0ab80f8bf8745755e8fe5272401dd0780bb56d043a384e6f418beebf00,0df964240331d7949f7b0f60b2dd9b8222aefff60d4f5d2f43b102c8ca004670,1,1,1
413,1600000,8,16,production,1529326743,1529326743,1529326743,0,8,24,4,80b1ee0ab80f8bf8745755e8fe5272401dd0780bb56d043a384e6f418beebf00,0df964240331d7949f7b0f60b2dd9b8222aefff60d4f5d2f43b102c8ca004670,1,1,1
414,1600000,8,17,reference,1433743821,1433743821,1433743821,0,8,25,5,a6fbf4ee8ccc4ec14a5ca126ab9a14c83a00f23ccefffd63f78ec83c289a394c,0df964240331d7949f7b0f60b2dd9b8222aefff60d4f5d2f43b102c8ca004670,1,1,1
414,1600000,8,17,production,1433743821,1433743821,1433743821,0,8,25,5,a6fbf4ee8ccc4ec14a5ca126ab9a14c83a00f23ccefffd63f78ec83c289a394c,0df964240331d7949f7b0f60b2dd9b8222aefff60d4f5d2f43b102c8ca004670,1,1,1
415,1600000,8,18,reference,1344134832,1344134832,1344134832,0,8,26,6,a221ef2730ad177174705599aaa47eaccdc6ee4bb2de52bdb17431ae2de56d83,0df964240331d7949f7b0f60b2dd9b8222aefff60d4f5d2f43b102c8ca004670,1,1,1
415,1600000,8,18,production,1344134832,1344134832,1344134832,0,8,26,6,a221ef2730ad177174705599aaa47eaccdc6ee4bb2de52bdb17431ae2de56d83,0df964240331d7949f7b0f60b2dd9b8222aefff60d4f5d2f43b102c8ca004670,1,1,1
416,1600000,8,19,reference,1260126405,1260126405,1260126405,0,8,27,7,d8d5e63535f9627c9bd2921247910f6d19d50ad7df6ddc6b8963cf65435bd601,0df964240331d7949f7b0f60b2dd9b8222aefff60d4f5d2f43b102c8ca004670,1,1,1
416,1600000,8,19,production,1260126405,1260126405,1260126405,0,8,27,7,d8d5e63535f9627c9bd2921247910f6d19d50ad7df6ddc6b8963cf65435bd601,0df964240331d7949f7b0f60b2dd9b8222aefff60d4f5d2f43b102c8ca004670,1,1,1
417,1600000,8,20,reference,1181368504,1181368504,1181368504,0,8,28,8,61c2f13eb2a924fdf1a68347597a8d9f9ccfd67afea64ad12ee176e37a68e522,0df964240331d7949f7b0f60b2dd9b8222aefff60d4f5d2f43b102c8ca004670,1,1,1
417,1600000,8,20,production,1181368504,1181368504,1181368504,0,8,28,8,61c2f13eb2a924fdf1a68347597a8d9f9ccfd67afea64ad12ee176e37a68e522,0df964240331d7949f7b0f60b2dd9b8222aefff60d4f5d2f43b102c8ca004670,1,1,1
418,1600000,8,1024,reference,0,0,0,0,8,1032,2,bbc4ff40aa386479d74ae8faa02246f5c96eefae035dbd6e30a066d0bd171246,4f6e44a035d8285bc3c2a4e7fdbb9cc327fd081547bd89d7f669c19a29343041,1,1,1
418,1600000,8,1024,production,0,0,0,0,8,1032,2,bbc4ff40aa386479d74ae8faa02246f5c96eefae035dbd6e30a066d0bd171246,4f6e44a035d8285bc3c2a4e7fdbb9cc327fd081547bd89d7f669c19a29343041,1,1,1
419,1600000,9,0,reference,4294967296,4294967296,4294967296,0,8,9,9,f69380aed79a42001e64bf8688e9cf75c6108549be4e231cc05b9ca968e266be,75253521aff80512691b11e99a2b3c6b3b6bb3e50becd494d46b9e4765525efe,1,1,1
419,1600000,9,0,production,4294967296,4294967296,4294967296,0,8,9,9,f69380aed79a42001e64bf8688e9cf75c6108549be4e231cc05b9ca968e266be,75253521aff80512691b11e99a2b3c6b3b6bb3e50becd494d46b9e4765525efe,1,1,1
420,1600000,9,1,reference,4026531840,4026531840,4026531840,0,8,10,0,56c810b6e95efc6c4295aa75afc5ca66dfb3f0c4e6c79db6c5ac7c85aefb1bad,7bc308586fb06d0ae01a7f8b5e4856c590fb86275a262cb2a19367e4a4c66319,1,1,1
420,1600000,9,1,production,4026531840,4026531840,4026531840,0,8,10,0,56c810b6e95efc6c4295aa75afc5ca66dfb3f0c4e6c79db6c5ac7c85aefb1bad,7bc308586fb06d0ae01a7f8b5e4856c590fb86275a262cb2a19367e4a4c66319,1,1,1
421,1600000,9,2,reference,3774873600,3774873600,3774873600,0,8,11,1,36e80de0401934e08ec9598b22a5a859f6a85c4cd8169a99ba9c23d514364952,7bc308586fb06d0ae01a7f8b5e4856c590fb86275a262cb2a19367e4a4c66319,1,1,1
421,1600000,9,2,production,3774873600,3774873600,3774873600,0,8,11,1,36e80de0401934e08ec9598b22a5a859f6a85c4cd8169a99ba9c23d514364952,7bc308586fb06d0ae01a7f8b5e4856c590fb86275a262cb2a19367e4a4c66319,1,1,1
422,1600000,9,3,reference,3538944000,3538944000,3538944000,0,8,12,2,072bb13d8f02a86d0ac288857e0f79523783ac22915da98a77f79c7fa023f533,7bc308586fb06d0ae01a7f8b5e4856c590fb86275a262cb2a19367e4a4c66319,1,1,1
422,1600000,9,3,production,3538944000,3538944000,3538944000,0,8,12,2,072bb13d8f02a86d0ac288857e0f79523783ac22915da98a77f79c7fa023f533,7bc308586fb06d0ae01a7f8b5e4856c590fb86275a262cb2a19367e4a4c66319,1,1,1
423,1600000,9,4,reference,3317760000,3317760000,3317760000,0,8,13,3,121e9097a2c19709cbfd9d1c8b68ffefb742b4ee5da4d5c8fb36310ae6ba9ff6,7bc308586fb06d0ae01a7f8b5e4856c590fb86275a262cb2a19367e4a4c66319,1,1,1
423,1600000,9,4,production,3317760000,3317760000,3317760000,0,8,13,3,121e9097a2c19709cbfd9d1c8b68ffefb742b4ee5da4d5c8fb36310ae6ba9ff6,7bc308586fb06d0ae01a7f8b5e4856c590fb86275a262cb2a19367e4a4c66319,1,1,1
424,1600000,9,5,reference,3110400000,3110400000,3110400000,0,8,14,4,693e6a2f0fef7dd180d65c23f197669ff080af2904e3d1f713d0cc0824ec44db,b3b67230f65e73537e9827043dd10004defe7a3d57d82da2ffa47fbb7f526769,1,1,1
424,1600000,9,5,production,3110400000,3110400000,3110400000,0,8,14,4,693e6a2f0fef7dd180d65c23f197669ff080af2904e3d1f713d0cc0824ec44db,b3b67230f65e73537e9827043dd10004defe7a3d57d82da2ffa47fbb7f526769,1,1,1
425,1600000,9,6,reference,2916000000,2916000000,2916000000,0,8,15,5,d341121886753af8d99591c06627fe6be9e0959e7dc96a00b75ae312c29ff64f,b3b67230f65e73537e9827043dd10004defe7a3d57d82da2ffa47fbb7f526769,1,1,1
425,1600000,9,6,production,2916000000,2916000000,2916000000,0,8,15,5,d341121886753af8d99591c06627fe6be9e0959e7dc96a00b75ae312c29ff64f,b3b67230f65e73537e9827043dd10004defe7a3d57d82da2ffa47fbb7f526769,1,1,1
426,1600000,9,7,reference,2733750000,2733750000,2733750000,0,8,16,6,c9abb7457b9cd8c6d53a6782b8efbe158e69077d84593b946e8d2d2b26a2b5c5,b3b67230f65e73537e9827043dd10004defe7a3d57d82da2ffa47fbb7f526769,1,1,1
426,1600000,9,7,production,2733750000,2733750000,2733750000,0,8,16,6,c9abb7457b9cd8c6d53a6782b8efbe158e69077d84593b946e8d2d2b26a2b5c5,b3b67230f65e73537e9827043dd10004defe7a3d57d82da2ffa47fbb7f526769,1,1,1
427,1600000,9,8,reference,2562890625,2562890625,2562890625,0,8,17,7,82a9e171fe19011168dac93e2ab99d81c50049ca636b942335f96d1ad13142e2,b3b67230f65e73537e9827043dd10004defe7a3d57d82da2ffa47fbb7f526769,1,1,1
427,1600000,9,8,production,2562890625,2562890625,2562890625,0,8,17,7,82a9e171fe19011168dac93e2ab99d81c50049ca636b942335f96d1ad13142e2,b3b67230f65e73537e9827043dd10004defe7a3d57d82da2ffa47fbb7f526769,1,1,1
428,1600000,9,9,reference,2402709960,2402709960,2402709960,0,8,18,8,7f40219f03290d7e8aabe3a863d7fd3a4f1945de74c8dec535782ae2adf6a9ab,b3b67230f65e73537e9827043dd10004defe7a3d57d82da2ffa47fbb7f526769,1,1,1
428,1600000,9,9,production,2402709960,2402709960,2402709960,0,8,18,8,7f40219f03290d7e8aabe3a863d7fd3a4f1945de74c8dec535782ae2adf6a9ab,b3b67230f65e73537e9827043dd10004defe7a3d57d82da2ffa47fbb7f526769,1,1,1
429,1600000,9,10,reference,2252540587,2252540587,2252540587,0,8,19,9,aed6dd9bdd719d225877b1163d0f34d7563cdf41fc1a7b17da25c07a66b5357f,b3b67230f65e73537e9827043dd10004defe7a3d57d82da2ffa47fbb7f526769,1,1,1
429,1600000,9,10,production,2252540587,2252540587,2252540587,0,8,19,9,aed6dd9bdd719d225877b1163d0f34d7563cdf41fc1a7b17da25c07a66b5357f,b3b67230f65e73537e9827043dd10004defe7a3d57d82da2ffa47fbb7f526769,1,1,1
430,1600000,9,11,reference,2111756800,2111756800,2111756800,0,8,20,0,e28e800020b0e6f94bcdcf76a32f6cffff891d99d350c450c446b78fb06e4a75,0df964240331d7949f7b0f60b2dd9b8222aefff60d4f5d2f43b102c8ca004670,1,1,1
430,1600000,9,11,production,2111756800,2111756800,2111756800,0,8,20,0,e28e800020b0e6f94bcdcf76a32f6cffff891d99d350c450c446b78fb06e4a75,0df964240331d7949f7b0f60b2dd9b8222aefff60d4f5d2f43b102c8ca004670,1,1,1
431,1600000,9,12,reference,1979772000,1979772000,1979772000,0,8,21,1,0a58e35a17154c558293ed8f1caa95f3bce84f65adaa0d269358cfc89fd9b5b2,0df964240331d7949f7b0f60b2dd9b8222aefff60d4f5d2f43b102c8ca004670,1,1,1
431,1600000,9,12,production,1979772000,1979772000,1979772000,0,8,21,1,0a58e35a17154c558293ed8f1caa95f3bce84f65adaa0d269358cfc89fd9b5b2,0df964240331d7949f7b0f60b2dd9b8222aefff60d4f5d2f43b102c8ca004670,1,1,1
432,1600000,9,13,reference,1856036250,1856036250,1856036250,0,8,22,2,25fabc9b36f61bbb1bb964e6835039d2c971c8ce4cff431834df650fc986ea99,0df964240331d7949f7b0f60b2dd9b8222aefff60d4f5d2f43b102c8ca004670,1,1,1
432,1600000,9,13,production,1856036250,1856036250,1856036250,0,8,22,2,25fabc9b36f61bbb1bb964e6835039d2c971c8ce4cff431834df650fc986ea99,0df964240331d7949f7b0f60b2dd9b8222aefff60d4f5d2f43b102c8ca004670,1,1,1
433,1600000,9,14,reference,1740033984,1740033984,1740033984,0,8,23,3,00c4a232ce725fda290b1a35b2d8705a786749feae88447e45900b4f5f0f5b43,0df964240331d7949f7b0f60b2dd9b8222aefff60d4f5d2f43b102c8ca004670,1,1,1
433,1600000,9,14,production,1740033984,1740033984,1740033984,0,8,23,3,00c4a232ce725fda290b1a35b2d8705a786749feae88447e45900b4f5f0f5b43,0df964240331d7949f7b0f60b2dd9b8222aefff60d4f5d2f43b102c8ca004670,1,1,1
434,1600000,9,15,reference,1631281860,1631281860,1631281860,0,8,24,4,a8154ef864d77169453496187135db9ed827517ca9bcdc338d81ec839b030184,0df964240331d7949f7b0f60b2dd9b8222aefff60d4f5d2f43b102c8ca004670,1,1,1
434,1600000,9,15,production,1631281860,1631281860,1631281860,0,8,24,4,a8154ef864d77169453496187135db9ed827517ca9bcdc338d81ec839b030184,0df964240331d7949f7b0f60b2dd9b8222aefff60d4f5d2f43b102c8ca004670,1,1,1
435,1600000,9,16,reference,1529326743,1529326743,1529326743,0,8,25,5,b6474a9547a1d65aab4d4f5467d0b1c8d3a979e05430cde7bb05ed4bb404c463,0df964240331d7949f7b0f60b2dd9b8222aefff60d4f5d2f43b102c8ca004670,1,1,1
435,1600000,9,16,production,1529326743,1529326743,1529326743,0,8,25,5,b6474a9547a1d65aab4d4f5467d0b1c8d3a979e05430cde7bb05ed4bb404c463,0df964240331d7949f7b0f60b2dd9b8222aefff60d4f5d2f43b102c8ca004670,1,1,1
436,1600000,9,17,reference,1433743821,1433743821,1433743821,0,8,26,6,675c30c54dd9af3d5a2360c917ea2fa1ef8e27bfbcd43c0cdb7a745bb3cfea4b,0df964240331d7949f7b0f60b2dd9b8222aefff60d4f5d2f43b102c8ca004670,1,1,1
436,1600000,9,17,production,1433743821,1433743821,1433743821,0,8,26,6,675c30c54dd9af3d5a2360c917ea2fa1ef8e27bfbcd43c0cdb7a745bb3cfea4b,0df964240331d7949f7b0f60b2dd9b8222aefff60d4f5d2f43b102c8ca004670,1,1,1
437,1600000,9,18,reference,1344134832,1344134832,1344134832,0,8,27,7,beca7eea43a48e170ad5a81ec9bfa53752635a9820f56feb2e8890b309fecbc2,0df964240331d7949f7b0f60b2dd9b8222aefff60d4f5d2f43b102c8ca004670,1,1,1
437,1600000,9,18,production,1344134832,1344134832,1344134832,0,8,27,7,beca7eea43a48e170ad5a81ec9bfa53752635a9820f56feb2e8890b309fecbc2,0df964240331d7949f7b0f60b2dd9b8222aefff60d4f5d2f43b102c8ca004670,1,1,1
438,1600000,9,19,reference,1260126405,1260126405,1260126405,0,8,28,8,64f8927f681b9c557a20acfd7fd82b023a5300237a8e6503b8fed59ea795fed0,0df964240331d7949f7b0f60b2dd9b8222aefff60d4f5d2f43b102c8ca004670,1,1,1
438,1600000,9,19,production,1260126405,1260126405,1260126405,0,8,28,8,64f8927f681b9c557a20acfd7fd82b023a5300237a8e6503b8fed59ea795fed0,0df964240331d7949f7b0f60b2dd9b8222aefff60d4f5d2f43b102c8ca004670,1,1,1
439,1600000,9,20,reference,1181368504,1181368504,1181368504,0,8,29,9,3168f23e53746661659116a6f76bbe500fbf20ab34bdcd567d9f14b038cd08c1,0df964240331d7949f7b0f60b2dd9b8222aefff60d4f5d2f43b102c8ca004670,1,1,1
439,1600000,9,20,production,1181368504,1181368504,1181368504,0,8,29,9,3168f23e53746661659116a6f76bbe500fbf20ab34bdcd567d9f14b038cd08c1,0df964240331d7949f7b0f60b2dd9b8222aefff60d4f5d2f43b102c8ca004670,1,1,1
440,1600000,9,1024,reference,0,0,0,0,8,1033,3,436cfaf56128a9f921cec502327456e31def696a810a02b38e5034fdfe896a06,4f6e44a035d8285bc3c2a4e7fdbb9cc327fd081547bd89d7f669c19a29343041,1,1,1
440,1600000,9,1024,production,0,0,0,0,8,1033,3,436cfaf56128a9f921cec502327456e31def696a810a02b38e5034fdfe896a06,4f6e44a035d8285bc3c2a4e7fdbb9cc327fd081547bd89d7f669c19a29343041,1,1,1
