case_id,root,initial_phase,scenario,mechanics,a_updates,b_updates,a_initial_resistance,a_final_resistance,a_initial_coupling,a_final_coupling,a_live,b_initial_resistance,b_final_resistance,b_initial_coupling,b_final_coupling,b_live,drive_deliveries,modulatory_deliveries,fires,resistance_events,proposals,deallocations,crossings,ca_fires,physical_work,final_tick,pressure_phase,raw_trace_hash,body_hash,quiescent,normalized_trace_hash
1,1300000,0,old_source_local,reference,1,1,4,7,1,1,1,4,7,1,1,1,4,1,2,2,0,0,0,1,7,0,0,e08e2a24e2010eee763b8b0e217f4b78814b2415ba8fb77d8bbc55e5717f81e2,c6d1333a6aedaf4f5c23a03d0b8146a3c5f89bf7184c82ae0ab9b838f80cb1a3,1,0c6e4e2d7bcfd86993c5d87b639917f523402dabf757edb65c6e02ec48d0c53e
1,1300000,0,old_source_local,production,1,1,4,7,1,1,1,4,7,1,1,1,4,1,2,2,0,0,0,1,7,0,0,e08e2a24e2010eee763b8b0e217f4b78814b2415ba8fb77d8bbc55e5717f81e2,c6d1333a6aedaf4f5c23a03d0b8146a3c5f89bf7184c82ae0ab9b838f80cb1a3,1,0c6e4e2d7bcfd86993c5d87b639917f523402dabf757edb65c6e02ec48d0c53e
2,1300000,0,c0_contact_a,reference,1,0,4,7,1,1,1,4,4,1,1,1,6,1,4,1,0,0,0,1,8,0,0,4a0424bcc81f5324c7b1543f04c1f70e05b7ddc1394e6214827fa23d266be355,19b2c87d31b3bb6cdee7a6cfb42d847c516f61616a51c201dd19de6df028dc2d,1,d57d43f35184310efb9da380e9c52cebd284d98e7e68d25e2954266c50c0cec4
2,1300000,0,c0_contact_a,production,1,0,4,7,1,1,1,4,4,1,1,1,6,1,4,1,0,0,0,1,8,0,0,4a0424bcc81f5324c7b1543f04c1f70e05b7ddc1394e6214827fa23d266be355,19b2c87d31b3bb6cdee7a6cfb42d847c516f61616a51c201dd19de6df028dc2d,1,d57d43f35184310efb9da380e9c52cebd284d98e7e68d25e2954266c50c0cec4
3,1300000,0,c1_contact_b,reference,0,1,4,4,1,1,1,4,7,1,1,1,6,1,4,1,0,0,0,1,8,0,0,e6126b32ae899a4560b3b426abe9c0c8e981dfffd024493f4f073a539caa62e5,108a955c815b48efa20d063396a2b9b354a1de4f7802847ecc9456ec893d327c,1,8b3b7ec2154e0526a2ceffe1141d141ef52371597f6a69d673661de56b2cf691
3,1300000,0,c1_contact_b,production,0,1,4,4,1,1,1,4,7,1,1,1,6,1,4,1,0,0,0,1,8,0,0,e6126b32ae899a4560b3b426abe9c0c8e981dfffd024493f4f073a539caa62e5,108a955c815b48efa20d063396a2b9b354a1de4f7802847ecc9456ec893d327c,1,8b3b7ec2154e0526a2ceffe1141d141ef52371597f6a69d673661de56b2cf691
4,1300000,0,c2_a_not_traversed,reference,0,0,4,4,1,1,1,4,4,1,1,1,3,1,2,0,0,0,0,0,4,0,0,5027e45c5022db32f18d7f1bb8a03274af1b826f61f2ac3fb36816c6d241aa76,bf1c6d057bd4d92d9ef76ef8c44c4fe0193332305255ae78108f5c77abf1e51c,1,92258b789ba6357d0796cc5a7b4bb3bd24b61e9449706f6030683dedda4c37d3
4,1300000,0,c2_a_not_traversed,production,0,0,4,4,1,1,1,4,4,1,1,1,3,1,2,0,0,0,0,0,4,0,0,5027e45c5022db32f18d7f1bb8a03274af1b826f61f2ac3fb36816c6d241aa76,bf1c6d057bd4d92d9ef76ef8c44c4fe0193332305255ae78108f5c77abf1e51c,1,92258b789ba6357d0796cc5a7b4bb3bd24b61e9449706f6030683dedda4c37d3
5,1300000,0,c3_drive_at_ca,reference,0,0,4,4,1,1,1,4,4,1,1,1,7,0,4,0,0,0,0,2,7,1,1,59b25a5b57523a558025f97a58eadb37e21c26606295917e1de436adca5b84ba,2dd327c5a5b82d5dfc1eeab45b6cf6c74d1e910b8aead18126e8da2fb85bb216,1,da33bfdd2f32ae1c22992b291449237b53089027fb2364868438c63135e2e00c
5,1300000,0,c3_drive_at_ca,production,0,0,4,4,1,1,1,4,4,1,1,1,7,0,4,0,0,0,0,2,7,1,1,59b25a5b57523a558025f97a58eadb37e21c26606295917e1de436adca5b84ba,2dd327c5a5b82d5dfc1eeab45b6cf6c74d1e910b8aead18126e8da2fb85bb216,1,da33bfdd2f32ae1c22992b291449237b53089027fb2364868438c63135e2e00c
6,1300000,0,c4_late_modulation,reference,1,0,4,7,1,1,1,4,4,1,1,1,6,1,4,1,0,0,0,1,8,5,5,c237b7b04d3a1b16b66707fd7d475f021db863198e4020a45382411599bbb8aa,19b2c87d31b3bb6cdee7a6cfb42d847c516f61616a51c201dd19de6df028dc2d,1,94ee019ca340abd6f2f348b4c53b6936928a973f5f2c27b2eb65cfef5deb2939
6,1300000,0,c4_late_modulation,production,1,0,4,7,1,1,1,4,4,1,1,1,6,1,4,1,0,0,0,1,8,5,5,c237b7b04d3a1b16b66707fd7d475f021db863198e4020a45382411599bbb8aa,19b2c87d31b3bb6cdee7a6cfb42d847c516f61616a51c201dd19de6df028dc2d,1,94ee019ca340abd6f2f348b4c53b6936928a973f5f2c27b2eb65cfef5deb2939
7,1300000,0,c5_dense_distractors,reference,1,0,4,7,1,1,1,4,4,1,1,1,71,1,37,1,0,0,0,2,73,1,1,2437c004ed0869a216cb1b5a75252e76262915890b862d426a78066b3fab005a,e3f1982ed7aacfbcb1bf15a9ae7ea5b470bb169c99186bb3d87173fff728b8c7,1,58e1d3404923b247e8a8053920b2f78b5f9054b1c799040b1a2cbf4b03d72e16
7,1300000,0,c5_dense_distractors,production,1,0,4,7,1,1,1,4,4,1,1,1,71,1,37,1,0,0,0,2,73,1,1,2437c004ed0869a216cb1b5a75252e76262915890b862d426a78066b3fab005a,e3f1982ed7aacfbcb1bf15a9ae7ea5b470bb169c99186bb3d87173fff728b8c7,1,58e1d3404923b247e8a8053920b2f78b5f9054b1c799040b1a2cbf4b03d72e16
8,1300000,0,c6_swapped_identity,reference,1,0,4,7,1,1,1,4,4,1,1,1,6,1,4,1,0,0,0,1,8,0,0,4a0424bcc81f5324c7b1543f04c1f70e05b7ddc1394e6214827fa23d266be355,1d95a50bf6607c40a5056896c6a09df8992f102a9384556714ac03c2de6aa58e,1,d57d43f35184310efb9da380e9c52cebd284d98e7e68d25e2954266c50c0cec4
8,1300000,0,c6_swapped_identity,production,1,0,4,7,1,1,1,4,4,1,1,1,6,1,4,1,0,0,0,1,8,0,0,4a0424bcc81f5324c7b1543f04c1f70e05b7ddc1394e6214827fa23d266be355,1d95a50bf6607c40a5056896c6a09df8992f102a9384556714ac03c2de6aa58e,1,d57d43f35184310efb9da380e9c52cebd284d98e7e68d25e2954266c50c0cec4
9,1300000,0,c6_reverse_order,reference,1,0,4,7,1,1,1,4,4,1,1,1,6,1,4,1,0,0,0,1,8,0,0,da5c22a5e59bf05fc9a0e6a26c0ab06f8fec0d54e285b3523869be95ecaf9a70,769cc22368356229ec599a9ff73c60c4c7ee771d4e52171e03c36668ee94174b,1,8b3b7ec2154e0526a2ceffe1141d141ef52371597f6a69d673661de56b2cf691
9,1300000,0,c6_reverse_order,production,1,0,4,7,1,1,1,4,4,1,1,1,6,1,4,1,0,0,0,1,8,0,0,da5c22a5e59bf05fc9a0e6a26c0ab06f8fec0d54e285b3523869be95ecaf9a70,769cc22368356229ec599a9ff73c60c4c7ee771d4e52171e03c36668ee94174b,1,8b3b7ec2154e0526a2ceffe1141d141ef52371597f6a69d673661de56b2cf691
10,1300000,0,c6_timing_offset,reference,1,0,4,7,1,1,1,4,4,1,1,1,6,1,4,1,0,0,0,1,8,2,2,cdcf047ccb94a5b3cc9e91460071696d5612cb2352993134bc6d7d3f518e6320,c6f96e07b9c8a41a00d3ff52a7ecfb90fe81867fdc227679783babb61921e29c,1,00108b9e2d3677b01b6d429814ad1eed2edaa66978a339e29e68270aa2ee217e
10,1300000,0,c6_timing_offset,production,1,0,4,7,1,1,1,4,4,1,1,1,6,1,4,1,0,0,0,1,8,2,2,cdcf047ccb94a5b3cc9e91460071696d5612cb2352993134bc6d7d3f518e6320,c6f96e07b9c8a41a00d3ff52a7ecfb90fe81867fdc227679783babb61921e29c,1,00108b9e2d3677b01b6d429814ad1eed2edaa66978a339e29e68270aa2ee217e
11,1300000,0,c7_contact_fanout,reference,1,1,4,7,1,1,1,4,7,1,1,1,6,1,4,2,0,0,0,1,9,0,0,edda0f81a90f690c928319939797f2dbc17c3cb09fc6027b7c714d62dc3c722c,7b9c5cb5148b3f1b2c03e5851e9e663c2242a3295fea14b41877f9469326eb13,1,283ee8d4c41b40dbc0646eeb0cdfdcd0ae042f450a176f525a760e6a2c62d081
11,1300000,0,c7_contact_fanout,production,1,1,4,7,1,1,1,4,7,1,1,1,6,1,4,2,0,0,0,1,9,0,0,edda0f81a90f690c928319939797f2dbc17c3cb09fc6027b7c714d62dc3c722c,7b9c5cb5148b3f1b2c03e5851e9e663c2242a3295fea14b41877f9469326eb13,1,283ee8d4c41b40dbc0646eeb0cdfdcd0ae042f450a176f525a760e6a2c62d081
12,1300000,1,old_source_local,reference,1,1,4,7,1,1,1,4,7,1,1,1,4,1,2,2,0,0,0,1,7,1,1,f3cee1ff12fb6dbd0d27d7d2a6fd5f4fbc5246de270dd9c4dfded34f511521ba,c6d1333a6aedaf4f5c23a03d0b8146a3c5f89bf7184c82ae0ab9b838f80cb1a3,1,6ed39caa69dca8afd54615b71e96ca54dcf149649aa1c66e853062c7e2d5ce4e
12,1300000,1,old_source_local,production,1,1,4,7,1,1,1,4,7,1,1,1,4,1,2,2,0,0,0,1,7,1,1,f3cee1ff12fb6dbd0d27d7d2a6fd5f4fbc5246de270dd9c4dfded34f511521ba,c6d1333a6aedaf4f5c23a03d0b8146a3c5f89bf7184c82ae0ab9b838f80cb1a3,1,6ed39caa69dca8afd54615b71e96ca54dcf149649aa1c66e853062c7e2d5ce4e
13,1300000,1,c0_contact_a,reference,1,0,4,7,1,1,1,4,4,1,1,1,6,1,4,1,0,0,0,1,8,1,1,35048e4ac78c9ce6e1bd7c64917fa272c002de28ebf0724a39a2f834dfbf4921,19b2c87d31b3bb6cdee7a6cfb42d847c516f61616a51c201dd19de6df028dc2d,1,ea08513394817448a8c5c515d5d6e150a31ed2141cb2b77f7077a318fa0db74d
13,1300000,1,c0_contact_a,production,1,0,4,7,1,1,1,4,4,1,1,1,6,1,4,1,0,0,0,1,8,1,1,35048e4ac78c9ce6e1bd7c64917fa272c002de28ebf0724a39a2f834dfbf4921,19b2c87d31b3bb6cdee7a6cfb42d847c516f61616a51c201dd19de6df028dc2d,1,ea08513394817448a8c5c515d5d6e150a31ed2141cb2b77f7077a318fa0db74d
14,1300000,1,c1_contact_b,reference,0,1,4,4,1,1,1,4,7,1,1,1,6,1,4,1,0,0,0,1,8,1,1,d21a50a4e565286d1c27a731963fdf3fbad645b258ac0275bc342299ad396217,108a955c815b48efa20d063396a2b9b354a1de4f7802847ecc9456ec893d327c,1,144a94e84cd4a03cd64092eddd91a90f3dc31b8c455f83baf6f8b1e6930136e1
14,1300000,1,c1_contact_b,production,0,1,4,4,1,1,1,4,7,1,1,1,6,1,4,1,0,0,0,1,8,1,1,d21a50a4e565286d1c27a731963fdf3fbad645b258ac0275bc342299ad396217,108a955c815b48efa20d063396a2b9b354a1de4f7802847ecc9456ec893d327c,1,144a94e84cd4a03cd64092eddd91a90f3dc31b8c455f83baf6f8b1e6930136e1
15,1300000,1,c2_a_not_traversed,reference,0,0,4,4,1,1,1,4,4,1,1,1,3,1,2,0,0,0,0,0,4,1,1,694327f6c93892752fb867974cc77c9d36bdcd80742cea0089e51da042b9ec10,bf1c6d057bd4d92d9ef76ef8c44c4fe0193332305255ae78108f5c77abf1e51c,1,a84e9948bc9a5734c8bcb61af68e22abf12126b3f2b0166159ac845735990e32
15,1300000,1,c2_a_not_traversed,production,0,0,4,4,1,1,1,4,4,1,1,1,3,1,2,0,0,0,0,0,4,1,1,694327f6c93892752fb867974cc77c9d36bdcd80742cea0089e51da042b9ec10,bf1c6d057bd4d92d9ef76ef8c44c4fe0193332305255ae78108f5c77abf1e51c,1,a84e9948bc9a5734c8bcb61af68e22abf12126b3f2b0166159ac845735990e32
16,1300000,1,c3_drive_at_ca,reference,0,0,4,4,1,1,1,4,4,1,1,1,7,0,4,0,0,0,0,2,7,2,2,2d9698915b94f09e5779721a062086bec504e9d8c2c4712e16a5d847a746c118,2dd327c5a5b82d5dfc1eeab45b6cf6c74d1e910b8aead18126e8da2fb85bb216,1,3c9a03a7a8b4df03b17d05d7f7a9a7a31dc1eb7e7a73310138af287fc4d9215e
16,1300000,1,c3_drive_at_ca,production,0,0,4,4,1,1,1,4,4,1,1,1,7,0,4,0,0,0,0,2,7,2,2,2d9698915b94f09e5779721a062086bec504e9d8c2c4712e16a5d847a746c118,2dd327c5a5b82d5dfc1eeab45b6cf6c74d1e910b8aead18126e8da2fb85bb216,1,3c9a03a7a8b4df03b17d05d7f7a9a7a31dc1eb7e7a73310138af287fc4d9215e
17,1300000,1,c4_late_modulation,reference,1,0,4,7,1,1,1,4,4,1,1,1,6,1,4,1,0,0,0,1,8,6,6,2968e9ca221341b9e22c1176c7aa1da950240f8c57f05df7af76ea87d16350b5,19b2c87d31b3bb6cdee7a6cfb42d847c516f61616a51c201dd19de6df028dc2d,1,411be4a614f452c3bf76223e57d6c994ae141ebea7f2c5df0d3e53d0981a38fc
17,1300000,1,c4_late_modulation,production,1,0,4,7,1,1,1,4,4,1,1,1,6,1,4,1,0,0,0,1,8,6,6,2968e9ca221341b9e22c1176c7aa1da950240f8c57f05df7af76ea87d16350b5,19b2c87d31b3bb6cdee7a6cfb42d847c516f61616a51c201dd19de6df028dc2d,1,411be4a614f452c3bf76223e57d6c994ae141ebea7f2c5df0d3e53d0981a38fc
18,1300000,1,c5_dense_distractors,reference,1,0,4,7,1,1,1,4,4,1,1,1,71,1,37,1,0,0,0,2,73,2,2,01487bf5ee3ebfbe82ceef6e0f9ce25b91c2430614a984972795211714c497cb,e3f1982ed7aacfbcb1bf15a9ae7ea5b470bb169c99186bb3d87173fff728b8c7,1,1e3623a8b29b8e2ebef55df1a3f78d876846363e972f427ae1e838ab06b25060
18,1300000,1,c5_dense_distractors,production,1,0,4,7,1,1,1,4,4,1,1,1,71,1,37,1,0,0,0,2,73,2,2,01487bf5ee3ebfbe82ceef6e0f9ce25b91c2430614a984972795211714c497cb,e3f1982ed7aacfbcb1bf15a9ae7ea5b470bb169c99186bb3d87173fff728b8c7,1,1e3623a8b29b8e2ebef55df1a3f78d876846363e972f427ae1e838ab06b25060
19,1300000,1,c6_swapped_identity,reference,1,0,4,7,1,1,1,4,4,1,1,1,6,1,4,1,0,0,0,1,8,1,1,35048e4ac78c9ce6e1bd7c64917fa272c002de28ebf0724a39a2f834dfbf4921,1d95a50bf6607c40a5056896c6a09df8992f102a9384556714ac03c2de6aa58e,1,ea08513394817448a8c5c515d5d6e150a31ed2141cb2b77f7077a318fa0db74d
19,1300000,1,c6_swapped_identity,production,1,0,4,7,1,1,1,4,4,1,1,1,6,1,4,1,0,0,0,1,8,1,1,35048e4ac78c9ce6e1bd7c64917fa272c002de28ebf0724a39a2f834dfbf4921,1d95a50bf6607c40a5056896c6a09df8992f102a9384556714ac03c2de6aa58e,1,ea08513394817448a8c5c515d5d6e150a31ed2141cb2b77f7077a318fa0db74d
20,1300000,1,c6_reverse_order,reference,1,0,4,7,1,1,1,4,4,1,1,1,6,1,4,1,0,0,0,1,8,1,1,86054e5a051896fa24426c6ddcce9dea17c5dfe02da345fe91bfc6dec2cb7691,769cc22368356229ec599a9ff73c60c4c7ee771d4e52171e03c36668ee94174b,1,144a94e84cd4a03cd64092eddd91a90f3dc31b8c455f83baf6f8b1e6930136e1
20,1300000,1,c6_reverse_order,production,1,0,4,7,1,1,1,4,4,1,1,1,6,1,4,1,0,0,0,1,8,1,1,86054e5a051896fa24426c6ddcce9dea17c5dfe02da345fe91bfc6dec2cb7691,769cc22368356229ec599a9ff73c60c4c7ee771d4e52171e03c36668ee94174b,1,144a94e84cd4a03cd64092eddd91a90f3dc31b8c455f83baf6f8b1e6930136e1
21,1300000,1,c6_timing_offset,reference,1,0,4,7,1,1,1,4,4,1,1,1,6,1,4,1,0,0,0,1,8,3,3,25376fe6751c8f6409f78212e0255c57bd25e2ce4e1df543a26f8e4c216d0c4c,c6f96e07b9c8a41a00d3ff52a7ecfb90fe81867fdc227679783babb61921e29c,1,7c8efcc30c152a2a00b4c9c6eb90e44e13b51ff843efb3617b9e881ac32f3893
21,1300000,1,c6_timing_offset,production,1,0,4,7,1,1,1,4,4,1,1,1,6,1,4,1,0,0,0,1,8,3,3,25376fe6751c8f6409f78212e0255c57bd25e2ce4e1df543a26f8e4c216d0c4c,c6f96e07b9c8a41a00d3ff52a7ecfb90fe81867fdc227679783babb61921e29c,1,7c8efcc30c152a2a00b4c9c6eb90e44e13b51ff843efb3617b9e881ac32f3893
22,1300000,1,c7_contact_fanout,reference,1,1,4,7,1,1,1,4,7,1,1,1,6,1,4,2,0,0,0,1,9,1,1,3a1dc66bd4c01016a06e21795d247750785c7d497cd8ea2b8e51e1ce63758387,7b9c5cb5148b3f1b2c03e5851e9e663c2242a3295fea14b41877f9469326eb13,1,5163f3d7932aac6f1130b1b56014eefebbb139f7f0c9a63432d4ed32cd196e48
22,1300000,1,c7_contact_fanout,production,1,1,4,7,1,1,1,4,7,1,1,1,6,1,4,2,0,0,0,1,9,1,1,3a1dc66bd4c01016a06e21795d247750785c7d497cd8ea2b8e51e1ce63758387,7b9c5cb5148b3f1b2c03e5851e9e663c2242a3295fea14b41877f9469326eb13,1,5163f3d7932aac6f1130b1b56014eefebbb139f7f0c9a63432d4ed32cd196e48
23,1300000,2,old_source_local,reference,1,1,4,7,1,1,1,4,7,1,1,1,4,1,2,2,0,0,0,1,7,2,2,5f8d36265847d8f9879cda922f6b55731e2f644f104f1f9af96760b6287dd956,c6d1333a6aedaf4f5c23a03d0b8146a3c5f89bf7184c82ae0ab9b838f80cb1a3,1,184cce794795cc369f2b734689c46ff99be00b2f90a399054e573934832f61a9
23,1300000,2,old_source_local,production,1,1,4,7,1,1,1,4,7,1,1,1,4,1,2,2,0,0,0,1,7,2,2,5f8d36265847d8f9879cda922f6b55731e2f644f104f1f9af96760b6287dd956,c6d1333a6aedaf4f5c23a03d0b8146a3c5f89bf7184c82ae0ab9b838f80cb1a3,1,184cce794795cc369f2b734689c46ff99be00b2f90a399054e573934832f61a9
24,1300000,2,c0_contact_a,reference,1,0,4,7,1,1,1,4,4,1,1,1,6,1,4,1,0,0,0,1,8,2,2,091c4d6e6677847cc558dda82f60a3b1941519d6cbd9803ec22cb376c999e4ec,19b2c87d31b3bb6cdee7a6cfb42d847c516f61616a51c201dd19de6df028dc2d,1,b6bae646e50ce3526cb89078e82e78f9b6a6c5025aa8f6e93846b93e4947171b
24,1300000,2,c0_contact_a,production,1,0,4,7,1,1,1,4,4,1,1,1,6,1,4,1,0,0,0,1,8,2,2,091c4d6e6677847cc558dda82f60a3b1941519d6cbd9803ec22cb376c999e4ec,19b2c87d31b3bb6cdee7a6cfb42d847c516f61616a51c201dd19de6df028dc2d,1,b6bae646e50ce3526cb89078e82e78f9b6a6c5025aa8f6e93846b93e4947171b
25,1300000,2,c1_contact_b,reference,0,1,4,4,1,1,1,4,7,1,1,1,6,1,4,1,0,0,0,1,8,2,2,d507caf84a9d0dbec000ae8aed8263ad9cadd4af06f112b69574c103067c62d4,108a955c815b48efa20d063396a2b9b354a1de4f7802847ecc9456ec893d327c,1,c637ebc935462ed0c3637d11f7a9339b861e5f8057a8c4b6dddaba39e95af4b5
25,1300000,2,c1_contact_b,production,0,1,4,4,1,1,1,4,7,1,1,1,6,1,4,1,0,0,0,1,8,2,2,d507caf84a9d0dbec000ae8aed8263ad9cadd4af06f112b69574c103067c62d4,108a955c815b48efa20d063396a2b9b354a1de4f7802847ecc9456ec893d327c,1,c637ebc935462ed0c3637d11f7a9339b861e5f8057a8c4b6dddaba39e95af4b5
26,1300000,2,c2_a_not_traversed,reference,0,0,4,4,1,1,1,4,4,1,1,1,3,1,2,0,0,0,0,0,4,2,2,1fd972fa683f01706da3803c407adbac73dc1b77a1b684c5517efe33b0d6613f,bf1c6d057bd4d92d9ef76ef8c44c4fe0193332305255ae78108f5c77abf1e51c,1,c2e14b05ed5cb98ceb45d44a17811eceac28cf909398064a5c41ec2581dadda9
26,1300000,2,c2_a_not_traversed,production,0,0,4,4,1,1,1,4,4,1,1,1,3,1,2,0,0,0,0,0,4,2,2,1fd972fa683f01706da3803c407adbac73dc1b77a1b684c5517efe33b0d6613f,bf1c6d057bd4d92d9ef76ef8c44c4fe0193332305255ae78108f5c77abf1e51c,1,c2e14b05ed5cb98ceb45d44a17811eceac28cf909398064a5c41ec2581dadda9
27,1300000,2,c3_drive_at_ca,reference,0,0,4,4,1,1,1,4,4,1,1,1,7,0,4,0,0,0,0,2,7,3,3,660f91e3c8695584822cf32f4c32f09d42e68281a64f8f0e62391dd0e254d581,2dd327c5a5b82d5dfc1eeab45b6cf6c74d1e910b8aead18126e8da2fb85bb216,1,122ccf66f1c6276251cf10027b18913139ccda3df54fc258056e44bdfc411d75
27,1300000,2,c3_drive_at_ca,production,0,0,4,4,1,1,1,4,4,1,1,1,7,0,4,0,0,0,0,2,7,3,3,660f91e3c8695584822cf32f4c32f09d42e68281a64f8f0e62391dd0e254d581,2dd327c5a5b82d5dfc1eeab45b6cf6c74d1e910b8aead18126e8da2fb85bb216,1,122ccf66f1c6276251cf10027b18913139ccda3df54fc258056e44bdfc411d75
28,1300000,2,c4_late_modulation,reference,1,0,4,7,1,1,1,4,4,1,1,1,6,1,4,1,0,0,0,1,8,7,7,153566ca69e3eea5143a672d432df97d36e13f7d5e60706eb6c4bfdd77334537,19b2c87d31b3bb6cdee7a6cfb42d847c516f61616a51c201dd19de6df028dc2d,1,34905c470018c72c10d29b0b85b791ee56e2b48b2ea39b837d7ffcafef0ffe0b
28,1300000,2,c4_late_modulation,production,1,0,4,7,1,1,1,4,4,1,1,1,6,1,4,1,0,0,0,1,8,7,7,153566ca69e3eea5143a672d432df97d36e13f7d5e60706eb6c4bfdd77334537,19b2c87d31b3bb6cdee7a6cfb42d847c516f61616a51c201dd19de6df028dc2d,1,34905c470018c72c10d29b0b85b791ee56e2b48b2ea39b837d7ffcafef0ffe0b
29,1300000,2,c5_dense_distractors,reference,1,0,4,7,1,1,1,4,4,1,1,1,71,1,37,1,0,0,0,2,73,3,3,d702adc1dceca0a1f2af9df19ba8a5ed757e572a593547951cb777d775b46a8e,e3f1982ed7aacfbcb1bf15a9ae7ea5b470bb169c99186bb3d87173fff728b8c7,1,93447b7b77f5a10ffd53a39cd2841257c1511735b7fb1074d78571c3051cb80f
29,1300000,2,c5_dense_distractors,production,1,0,4,7,1,1,1,4,4,1,1,1,71,1,37,1,0,0,0,2,73,3,3,d702adc1dceca0a1f2af9df19ba8a5ed757e572a593547951cb777d775b46a8e,e3f1982ed7aacfbcb1bf15a9ae7ea5b470bb169c99186bb3d87173fff728b8c7,1,93447b7b77f5a10ffd53a39cd2841257c1511735b7fb1074d78571c3051cb80f
30,1300000,2,c6_swapped_identity,reference,1,0,4,7,1,1,1,4,4,1,1,1,6,1,4,1,0,0,0,1,8,2,2,091c4d6e6677847cc558dda82f60a3b1941519d6cbd9803ec22cb376c999e4ec,1d95a50bf6607c40a5056896c6a09df8992f102a9384556714ac03c2de6aa58e,1,b6bae646e50ce3526cb89078e82e78f9b6a6c5025aa8f6e93846b93e4947171b
30,1300000,2,c6_swapped_identity,production,1,0,4,7,1,1,1,4,4,1,1,1,6,1,4,1,0,0,0,1,8,2,2,091c4d6e6677847cc558dda82f60a3b1941519d6cbd9803ec22cb376c999e4ec,1d95a50bf6607c40a5056896c6a09df8992f102a9384556714ac03c2de6aa58e,1,b6bae646e50ce3526cb89078e82e78f9b6a6c5025aa8f6e93846b93e4947171b
31,1300000,2,c6_reverse_order,reference,1,0,4,7,1,1,1,4,4,1,1,1,6,1,4,1,0,0,0,1,8,2,2,778198fe00d06d0e6198530993fa366251e9a0b1f6e2e225eb993a12c5a2b8ab,769cc22368356229ec599a9ff73c60c4c7ee771d4e52171e03c36668ee94174b,1,c637ebc935462ed0c3637d11f7a9339b861e5f8057a8c4b6dddaba39e95af4b5
31,1300000,2,c6_reverse_order,production,1,0,4,7,1,1,1,4,4,1,1,1,6,1,4,1,0,0,0,1,8,2,2,778198fe00d06d0e6198530993fa366251e9a0b1f6e2e225eb993a12c5a2b8ab,769cc22368356229ec599a9ff73c60c4c7ee771d4e52171e03c36668ee94174b,1,c637ebc935462ed0c3637d11f7a9339b861e5f8057a8c4b6dddaba39e95af4b5
32,1300000,2,c6_timing_offset,reference,1,0,4,7,1,1,1,4,4,1,1,1,6,1,4,1,0,0,0,1,8,4,4,2f0668ce37866d83ddf0dd26c03ca648fa6e98608b77c2b743a53a2c9e51695d,c6f96e07b9c8a41a00d3ff52a7ecfb90fe81867fdc227679783babb61921e29c,1,fc871d75277dde43d4b637eee8b1428f5f1946f9357f765c8486b7c4c80da7b8
32,1300000,2,c6_timing_offset,production,1,0,4,7,1,1,1,4,4,1,1,1,6,1,4,1,0,0,0,1,8,4,4,2f0668ce37866d83ddf0dd26c03ca648fa6e98608b77c2b743a53a2c9e51695d,c6f96e07b9c8a41a00d3ff52a7ecfb90fe81867fdc227679783babb61921e29c,1,fc871d75277dde43d4b637eee8b1428f5f1946f9357f765c8486b7c4c80da7b8
33,1300000,2,c7_contact_fanout,reference,1,1,4,7,1,1,1,4,7,1,1,1,6,1,4,2,0,0,0,1,9,2,2,a6d862abdbfd6030889904c9ca5740d594ef5653b5c557d6c22241bbf9c661de,7b9c5cb5148b3f1b2c03e5851e9e663c2242a3295fea14b41877f9469326eb13,1,263a86a9ff0ed3639827116576459fc854e4c87bb9631f0e02555c21d1941a8d
33,1300000,2,c7_contact_fanout,production,1,1,4,7,1,1,1,4,7,1,1,1,6,1,4,2,0,0,0,1,9,2,2,a6d862abdbfd6030889904c9ca5740d594ef5653b5c557d6c22241bbf9c661de,7b9c5cb5148b3f1b2c03e5851e9e663c2242a3295fea14b41877f9469326eb13,1,263a86a9ff0ed3639827116576459fc854e4c87bb9631f0e02555c21d1941a8d
34,1300000,3,old_source_local,reference,1,1,4,7,1,1,1,4,7,1,1,1,4,1,2,2,0,0,0,1,7,3,3,71e05a84cc40696660f0468213e663cbd94f81adf5f5e4757bc8a57bb8a348e4,c6d1333a6aedaf4f5c23a03d0b8146a3c5f89bf7184c82ae0ab9b838f80cb1a3,1,36a3c6e3f7ec2cca9b69f7851b12999a13397bb94940704319ae002b486ea64b
34,1300000,3,old_source_local,production,1,1,4,7,1,1,1,4,7,1,1,1,4,1,2,2,0,0,0,1,7,3,3,71e05a84cc40696660f0468213e663cbd94f81adf5f5e4757bc8a57bb8a348e4,c6d1333a6aedaf4f5c23a03d0b8146a3c5f89bf7184c82ae0ab9b838f80cb1a3,1,36a3c6e3f7ec2cca9b69f7851b12999a13397bb94940704319ae002b486ea64b
35,1300000,3,c0_contact_a,reference,1,0,4,7,1,1,1,4,4,1,1,1,6,1,4,1,0,0,0,1,8,3,3,74595d65a0ceff869ef64de9054b67882e4d665c503bc3da18c7b0a385084920,19b2c87d31b3bb6cdee7a6cfb42d847c516f61616a51c201dd19de6df028dc2d,1,0b084fc69c731b3439068a1b0248b54c9eb9a0dca3649d56ffdb4c7f90ab85b6
35,1300000,3,c0_contact_a,production,1,0,4,7,1,1,1,4,4,1,1,1,6,1,4,1,0,0,0,1,8,3,3,74595d65a0ceff869ef64de9054b67882e4d665c503bc3da18c7b0a385084920,19b2c87d31b3bb6cdee7a6cfb42d847c516f61616a51c201dd19de6df028dc2d,1,0b084fc69c731b3439068a1b0248b54c9eb9a0dca3649d56ffdb4c7f90ab85b6
36,1300000,3,c1_contact_b,reference,0,1,4,4,1,1,1,4,7,1,1,1,6,1,4,1,0,0,0,1,8,3,3,2719eabd00df02f0fca513418df8528d58f09a3f4a8a7161f5d44c8290854bf3,108a955c815b48efa20d063396a2b9b354a1de4f7802847ecc9456ec893d327c,1,755a8f15e111a90d831901df0f279e06d514bf0be3125b3d68ff366234f4a711
36,1300000,3,c1_contact_b,production,0,1,4,4,1,1,1,4,7,1,1,1,6,1,4,1,0,0,0,1,8,3,3,2719eabd00df02f0fca513418df8528d58f09a3f4a8a7161f5d44c8290854bf3,108a955c815b48efa20d063396a2b9b354a1de4f7802847ecc9456ec893d327c,1,755a8f15e111a90d831901df0f279e06d514bf0be3125b3d68ff366234f4a711
37,1300000,3,c2_a_not_traversed,reference,0,0,4,4,1,1,1,4,4,1,1,1,3,1,2,0,0,0,0,0,4,3,3,679675e42d193dde5d029c3728ce554dcd2c26881a2ad173661013ba4376fb02,bf1c6d057bd4d92d9ef76ef8c44c4fe0193332305255ae78108f5c77abf1e51c,1,ba9f7ae12f8acc8203682de02d35ac74efc719eedf37ea441d0a904d53249ec5
37,1300000,3,c2_a_not_traversed,production,0,0,4,4,1,1,1,4,4,1,1,1,3,1,2,0,0,0,0,0,4,3,3,679675e42d193dde5d029c3728ce554dcd2c26881a2ad173661013ba4376fb02,bf1c6d057bd4d92d9ef76ef8c44c4fe0193332305255ae78108f5c77abf1e51c,1,ba9f7ae12f8acc8203682de02d35ac74efc719eedf37ea441d0a904d53249ec5
38,1300000,3,c3_drive_at_ca,reference,0,0,4,4,1,1,1,4,4,1,1,1,7,0,4,0,0,0,0,2,7,4,4,a7c4d1319d2762f292ee923036c46b4d9f3dc34ce13ecadf528e022b1d2027ec,2dd327c5a5b82d5dfc1eeab45b6cf6c74d1e910b8aead18126e8da2fb85bb216,1,adf67c9aaf5a3b3ea258ac975c3dd44a93a03bda0b3a88847e53382997ae1a94
38,1300000,3,c3_drive_at_ca,production,0,0,4,4,1,1,1,4,4,1,1,1,7,0,4,0,0,0,0,2,7,4,4,a7c4d1319d2762f292ee923036c46b4d9f3dc34ce13ecadf528e022b1d2027ec,2dd327c5a5b82d5dfc1eeab45b6cf6c74d1e910b8aead18126e8da2fb85bb216,1,adf67c9aaf5a3b3ea258ac975c3dd44a93a03bda0b3a88847e53382997ae1a94
39,1300000,3,c4_late_modulation,reference,1,0,4,7,1,1,1,4,4,1,1,1,6,1,4,1,0,0,0,1,8,8,8,5aa02cf070318a7f7ffcaf69cfe72e3267a41769fb9405979e6abef4220ebb58,19b2c87d31b3bb6cdee7a6cfb42d847c516f61616a51c201dd19de6df028dc2d,1,3c6388f71fdf37be04b1e7a895f276d8f68a1ab38549150bfacb00d99dbf6cf4
39,1300000,3,c4_late_modulation,production,1,0,4,7,1,1,1,4,4,1,1,1,6,1,4,1,0,0,0,1,8,8,8,5aa02cf070318a7f7ffcaf69cfe72e3267a41769fb9405979e6abef4220ebb58,19b2c87d31b3bb6cdee7a6cfb42d847c516f61616a51c201dd19de6df028dc2d,1,3c6388f71fdf37be04b1e7a895f276d8f68a1ab38549150bfacb00d99dbf6cf4
40,1300000,3,c5_dense_distractors,reference,1,0,4,7,1,1,1,4,4,1,1,1,71,1,37,1,0,0,0,2,73,4,4,c13cc398109fdbd2102a5f28f2fb12a3f65ca3ec54a0da25def8a82d419b52b0,e3f1982ed7aacfbcb1bf15a9ae7ea5b470bb169c99186bb3d87173fff728b8c7,1,15c00820a857a6c65f97377ce56529b3d67661d0cf3de2606bebebd6bf422b6d
40,1300000,3,c5_dense_distractors,production,1,0,4,7,1,1,1,4,4,1,1,1,71,1,37,1,0,0,0,2,73,4,4,c13cc398109fdbd2102a5f28f2fb12a3f65ca3ec54a0da25def8a82d419b52b0,e3f1982ed7aacfbcb1bf15a9ae7ea5b470bb169c99186bb3d87173fff728b8c7,1,15c00820a857a6c65f97377ce56529b3d67661d0cf3de2606bebebd6bf422b6d
41,1300000,3,c6_swapped_identity,reference,1,0,4,7,1,1,1,4,4,1,1,1,6,1,4,1,0,0,0,1,8,3,3,74595d65a0ceff869ef64de9054b67882e4d665c503bc3da18c7b0a385084920,1d95a50bf6607c40a5056896c6a09df8992f102a9384556714ac03c2de6aa58e,1,0b084fc69c731b3439068a1b0248b54c9eb9a0dca3649d56ffdb4c7f90ab85b6
41,1300000,3,c6_swapped_identity,production,1,0,4,7,1,1,1,4,4,1,1,1,6,1,4,1,0,0,0,1,8,3,3,74595d65a0ceff869ef64de9054b67882e4d665c503bc3da18c7b0a385084920,1d95a50bf6607c40a5056896c6a09df8992f102a9384556714ac03c2de6aa58e,1,0b084fc69c731b3439068a1b0248b54c9eb9a0dca3649d56ffdb4c7f90ab85b6
42,1300000,3,c6_reverse_order,reference,1,0,4,7,1,1,1,4,4,1,1,1,6,1,4,1,0,0,0,1,8,3,3,56cd15cd2a88fbd05e24f4022dcc6cc5cd8c094a7ca7d2a97a670a64d52d7cf9,769cc22368356229ec599a9ff73c60c4c7ee771d4e52171e03c36668ee94174b,1,755a8f15e111a90d831901df0f279e06d514bf0be3125b3d68ff366234f4a711
42,1300000,3,c6_reverse_order,production,1,0,4,7,1,1,1,4,4,1,1,1,6,1,4,1,0,0,0,1,8,3,3,56cd15cd2a88fbd05e24f4022dcc6cc5cd8c094a7ca7d2a97a670a64d52d7cf9,769cc22368356229ec599a9ff73c60c4c7ee771d4e52171e03c36668ee94174b,1,755a8f15e111a90d831901df0f279e06d514bf0be3125b3d68ff366234f4a711
43,1300000,3,c6_timing_offset,reference,1,0,4,7,1,1,1,4,4,1,1,1,6,1,4,1,0,0,0,1,8,5,5,5c4e6359d546b760753e00eb3cb9945af20760ba2a7b5d4e5e7dd3a3a76fe0a0,c6f96e07b9c8a41a00d3ff52a7ecfb90fe81867fdc227679783babb61921e29c,1,d6939271c7ec0fd654c3c6fcf5eb35cfa177c41d52830455fef6b96ec44f5dd8
43,1300000,3,c6_timing_offset,production,1,0,4,7,1,1,1,4,4,1,1,1,6,1,4,1,0,0,0,1,8,5,5,5c4e6359d546b760753e00eb3cb9945af20760ba2a7b5d4e5e7dd3a3a76fe0a0,c6f96e07b9c8a41a00d3ff52a7ecfb90fe81867fdc227679783babb61921e29c,1,d6939271c7ec0fd654c3c6fcf5eb35cfa177c41d52830455fef6b96ec44f5dd8
44,1300000,3,c7_contact_fanout,reference,1,1,4,7,1,1,1,4,7,1,1,1,6,1,4,2,0,0,0,1,9,3,3,70800446e1dad09418d23e96bb4321f915bb6feeb98959a0d8942b6be86b7c7a,7b9c5cb5148b3f1b2c03e5851e9e663c2242a3295fea14b41877f9469326eb13,1,cc60f5eaa331e6ea68598bd1c40dc9204f2872bea788386f21433e9feafb4593
44,1300000,3,c7_contact_fanout,production,1,1,4,7,1,1,1,4,7,1,1,1,6,1,4,2,0,0,0,1,9,3,3,70800446e1dad09418d23e96bb4321f915bb6feeb98959a0d8942b6be86b7c7a,7b9c5cb5148b3f1b2c03e5851e9e663c2242a3295fea14b41877f9469326eb13,1,cc60f5eaa331e6ea68598bd1c40dc9204f2872bea788386f21433e9feafb4593
45,1300000,4,old_source_local,reference,1,1,4,7,1,1,1,4,7,1,1,1,4,1,2,2,0,0,0,1,7,4,4,06dec99ab8d8edc0a643c10bb11b98d1b615336cfff6948d6f1960abe5d0d8ed,c6d1333a6aedaf4f5c23a03d0b8146a3c5f89bf7184c82ae0ab9b838f80cb1a3,1,97b08a654f3281d8f1fbb5f716e54bcc59f0b23126b36f2fe35aab43e90d1b02
45,1300000,4,old_source_local,production,1,1,4,7,1,1,1,4,7,1,1,1,4,1,2,2,0,0,0,1,7,4,4,06dec99ab8d8edc0a643c10bb11b98d1b615336cfff6948d6f1960abe5d0d8ed,c6d1333a6aedaf4f5c23a03d0b8146a3c5f89bf7184c82ae0ab9b838f80cb1a3,1,97b08a654f3281d8f1fbb5f716e54bcc59f0b23126b36f2fe35aab43e90d1b02
46,1300000,4,c0_contact_a,reference,1,0,4,7,1,1,1,4,4,1,1,1,6,1,4,1,0,0,0,1,8,4,4,5bbc26e69dc91962a3e54917faf1d3cfd920e17650b8b9004ed4a90bf5e42e93,19b2c87d31b3bb6cdee7a6cfb42d847c516f61616a51c201dd19de6df028dc2d,1,dc495d89785ec8e8e9c1a298038aa01c5cfb153e3eb5dfd7f555bf040cbe6a1b
46,1300000,4,c0_contact_a,production,1,0,4,7,1,1,1,4,4,1,1,1,6,1,4,1,0,0,0,1,8,4,4,5bbc26e69dc91962a3e54917faf1d3cfd920e17650b8b9004ed4a90bf5e42e93,19b2c87d31b3bb6cdee7a6cfb42d847c516f61616a51c201dd19de6df028dc2d,1,dc495d89785ec8e8e9c1a298038aa01c5cfb153e3eb5dfd7f555bf040cbe6a1b
47,1300000,4,c1_contact_b,reference,0,1,4,4,1,1,1,4,7,1,1,1,6,1,4,1,0,0,0,1,8,4,4,b954d2e594cb41a26d93d7303fe0a2cdb928a075788c859404cec62ddc4b072d,108a955c815b48efa20d063396a2b9b354a1de4f7802847ecc9456ec893d327c,1,9a93aca0a67c8f4cb67638e97e6b6c814d988a1c28a210b62f78a0a109988682
47,1300000,4,c1_contact_b,production,0,1,4,4,1,1,1,4,7,1,1,1,6,1,4,1,0,0,0,1,8,4,4,b954d2e594cb41a26d93d7303fe0a2cdb928a075788c859404cec62ddc4b072d,108a955c815b48efa20d063396a2b9b354a1de4f7802847ecc9456ec893d327c,1,9a93aca0a67c8f4cb67638e97e6b6c814d988a1c28a210b62f78a0a109988682
48,1300000,4,c2_a_not_traversed,reference,0,0,4,4,1,1,1,4,4,1,1,1,3,1,2,0,0,0,0,0,4,4,4,828c2f71f5009dbc1eb90524810016f92e210f5c2624f1e6897b2b0f20310b18,bf1c6d057bd4d92d9ef76ef8c44c4fe0193332305255ae78108f5c77abf1e51c,1,52a141d9b63b35904dea030920fe0dd8197ee65a943e59a230308b1c1117f556
48,1300000,4,c2_a_not_traversed,production,0,0,4,4,1,1,1,4,4,1,1,1,3,1,2,0,0,0,0,0,4,4,4,828c2f71f5009dbc1eb90524810016f92e210f5c2624f1e6897b2b0f20310b18,bf1c6d057bd4d92d9ef76ef8c44c4fe0193332305255ae78108f5c77abf1e51c,1,52a141d9b63b35904dea030920fe0dd8197ee65a943e59a230308b1c1117f556
49,1300000,4,c3_drive_at_ca,reference,0,0,4,4,1,1,1,4,4,1,1,1,7,0,4,0,0,0,0,2,7,5,5,b616735d8e64d935172ffd1c9aa4745570292a61791282c377c73370cca820e3,2dd327c5a5b82d5dfc1eeab45b6cf6c74d1e910b8aead18126e8da2fb85bb216,1,17f08be246de42dd35cb31bbd067e9b4a3066509cb50214bd6391fad5781160e
49,1300000,4,c3_drive_at_ca,production,0,0,4,4,1,1,1,4,4,1,1,1,7,0,4,0,0,0,0,2,7,5,5,b616735d8e64d935172ffd1c9aa4745570292a61791282c377c73370cca820e3,2dd327c5a5b82d5dfc1eeab45b6cf6c74d1e910b8aead18126e8da2fb85bb216,1,17f08be246de42dd35cb31bbd067e9b4a3066509cb50214bd6391fad5781160e
50,1300000,4,c4_late_modulation,reference,1,0,4,7,1,1,1,4,4,1,1,1,6,1,4,1,0,0,0,1,8,9,9,60f5f8ac8d600db4b99f7aabb28d05b058d50062a6edb71700956cd9528fd02f,19b2c87d31b3bb6cdee7a6cfb42d847c516f61616a51c201dd19de6df028dc2d,1,ae3ae6c09fadf45c8a618da08f40dc937169dfc768ba6cef9120ab28e43a50a2
50,1300000,4,c4_late_modulation,production,1,0,4,7,1,1,1,4,4,1,1,1,6,1,4,1,0,0,0,1,8,9,9,60f5f8ac8d600db4b99f7aabb28d05b058d50062a6edb71700956cd9528fd02f,19b2c87d31b3bb6cdee7a6cfb42d847c516f61616a51c201dd19de6df028dc2d,1,ae3ae6c09fadf45c8a618da08f40dc937169dfc768ba6cef9120ab28e43a50a2
51,1300000,4,c5_dense_distractors,reference,1,0,4,7,1,1,1,4,4,1,1,1,71,1,37,1,0,0,0,2,73,5,5,725a8267a5240474aa8ede67f82070fe17ded47e9a05f1554b6edacd2be22e7f,e3f1982ed7aacfbcb1bf15a9ae7ea5b470bb169c99186bb3d87173fff728b8c7,1,8d41d3e18eab44a9ef5023af566c97d4884f22fe00fad8c46d10694a01cc978c
51,1300000,4,c5_dense_distractors,production,1,0,4,7,1,1,1,4,4,1,1,1,71,1,37,1,0,0,0,2,73,5,5,725a8267a5240474aa8ede67f82070fe17ded47e9a05f1554b6edacd2be22e7f,e3f1982ed7aacfbcb1bf15a9ae7ea5b470bb169c99186bb3d87173fff728b8c7,1,8d41d3e18eab44a9ef5023af566c97d4884f22fe00fad8c46d10694a01cc978c
52,1300000,4,c6_swapped_identity,reference,1,0,4,7,1,1,1,4,4,1,1,1,6,1,4,1,0,0,0,1,8,4,4,5bbc26e69dc91962a3e54917faf1d3cfd920e17650b8b9004ed4a90bf5e42e93,1d95a50bf6607c40a5056896c6a09df8992f102a9384556714ac03c2de6aa58e,1,dc495d89785ec8e8e9c1a298038aa01c5cfb153e3eb5dfd7f555bf040cbe6a1b
52,1300000,4,c6_swapped_identity,production,1,0,4,7,1,1,1,4,4,1,1,1,6,1,4,1,0,0,0,1,8,4,4,5bbc26e69dc91962a3e54917faf1d3cfd920e17650b8b9004ed4a90bf5e42e93,1d95a50bf6607c40a5056896c6a09df8992f102a9384556714ac03c2de6aa58e,1,dc495d89785ec8e8e9c1a298038aa01c5cfb153e3eb5dfd7f555bf040cbe6a1b
53,1300000,4,c6_reverse_order,reference,1,0,4,7,1,1,1,4,4,1,1,1,6,1,4,1,0,0,0,1,8,4,4,31c0f6d38c6508f35f93ef2624d85006e986f8e0ba17435cb555d05aae2e4c59,769cc22368356229ec599a9ff73c60c4c7ee771d4e52171e03c36668ee94174b,1,9a93aca0a67c8f4cb67638e97e6b6c814d988a1c28a210b62f78a0a109988682
53,1300000,4,c6_reverse_order,production,1,0,4,7,1,1,1,4,4,1,1,1,6,1,4,1,0,0,0,1,8,4,4,31c0f6d38c6508f35f93ef2624d85006e986f8e0ba17435cb555d05aae2e4c59,769cc22368356229ec599a9ff73c60c4c7ee771d4e52171e03c36668ee94174b,1,9a93aca0a67c8f4cb67638e97e6b6c814d988a1c28a210b62f78a0a109988682
54,1300000,4,c6_timing_offset,reference,1,0,4,7,1,1,1,4,4,1,1,1,6,1,4,1,0,0,0,1,8,6,6,f5bb4e2e7b882f6484a271e1cc9cf69f10fa0838232823a826747fc784324c00,c6f96e07b9c8a41a00d3ff52a7ecfb90fe81867fdc227679783babb61921e29c,1,62faa960cdceee933f85c1ce5b422ce04662c157b01fe844e684175eaac38cad
54,1300000,4,c6_timing_offset,production,1,0,4,7,1,1,1,4,4,1,1,1,6,1,4,1,0,0,0,1,8,6,6,f5bb4e2e7b882f6484a271e1cc9cf69f10fa0838232823a826747fc784324c00,c6f96e07b9c8a41a00d3ff52a7ecfb90fe81867fdc227679783babb61921e29c,1,62faa960cdceee933f85c1ce5b422ce04662c157b01fe844e684175eaac38cad
55,1300000,4,c7_contact_fanout,reference,1,1,4,7,1,1,1,4,7,1,1,1,6,1,4,2,0,0,0,1,9,4,4,f6935796e072392aa384edaff29e09bdf87ce2bcb7291520f453f61c8ea89359,7b9c5cb5148b3f1b2c03e5851e9e663c2242a3295fea14b41877f9469326eb13,1,8bcfbaa939b634bd990f05de46d70bd447bcf0f68b25163abdf1699b30cd433d
55,1300000,4,c7_contact_fanout,production,1,1,4,7,1,1,1,4,7,1,1,1,6,1,4,2,0,0,0,1,9,4,4,f6935796e072392aa384edaff29e09bdf87ce2bcb7291520f453f61c8ea89359,7b9c5cb5148b3f1b2c03e5851e9e663c2242a3295fea14b41877f9469326eb13,1,8bcfbaa939b634bd990f05de46d70bd447bcf0f68b25163abdf1699b30cd433d
56,1300000,5,old_source_local,reference,1,1,4,7,1,1,1,4,7,1,1,1,4,1,2,2,0,0,0,1,7,5,5,0675a8950aabfc9e2d0f28a020086bd649389d00cc0867729b659cf56f0d4c98,c6d1333a6aedaf4f5c23a03d0b8146a3c5f89bf7184c82ae0ab9b838f80cb1a3,1,cd35a9565a1da4d22b53489095b524fc5ea7af11c4b4d8875b4247b12853d94c
56,1300000,5,old_source_local,production,1,1,4,7,1,1,1,4,7,1,1,1,4,1,2,2,0,0,0,1,7,5,5,0675a8950aabfc9e2d0f28a020086bd649389d00cc0867729b659cf56f0d4c98,c6d1333a6aedaf4f5c23a03d0b8146a3c5f89bf7184c82ae0ab9b838f80cb1a3,1,cd35a9565a1da4d22b53489095b524fc5ea7af11c4b4d8875b4247b12853d94c
57,1300000,5,c0_contact_a,reference,1,0,4,7,1,1,1,4,4,1,1,1,6,1,4,1,0,0,0,1,8,5,5,581a1e329be244351565df983cc297fb5c195ac5a5c74b214e9265932e508060,19b2c87d31b3bb6cdee7a6cfb42d847c516f61616a51c201dd19de6df028dc2d,1,d83eb6bd86a426f9cf0a1388a5c760d195d7a57943dde7db4eefadea5f9170a2
57,1300000,5,c0_contact_a,production,1,0,4,7,1,1,1,4,4,1,1,1,6,1,4,1,0,0,0,1,8,5,5,581a1e329be244351565df983cc297fb5c195ac5a5c74b214e9265932e508060,19b2c87d31b3bb6cdee7a6cfb42d847c516f61616a51c201dd19de6df028dc2d,1,d83eb6bd86a426f9cf0a1388a5c760d195d7a57943dde7db4eefadea5f9170a2
58,1300000,5,c1_contact_b,reference,0,1,4,4,1,1,1,4,7,1,1,1,6,1,4,1,0,0,0,1,8,5,5,ef01ddb0093882a698868630e6949799dffd9d88b0ee3c433f6c9514a70a8358,108a955c815b48efa20d063396a2b9b354a1de4f7802847ecc9456ec893d327c,1,a6770b373cdfbe8cfd022e8b442f29a5c2eb076b57760242a6af6a94847c9e51
58,1300000,5,c1_contact_b,production,0,1,4,4,1,1,1,4,7,1,1,1,6,1,4,1,0,0,0,1,8,5,5,ef01ddb0093882a698868630e6949799dffd9d88b0ee3c433f6c9514a70a8358,108a955c815b48efa20d063396a2b9b354a1de4f7802847ecc9456ec893d327c,1,a6770b373cdfbe8cfd022e8b442f29a5c2eb076b57760242a6af6a94847c9e51
59,1300000,5,c2_a_not_traversed,reference,0,0,4,4,1,1,1,4,4,1,1,1,3,1,2,0,0,0,0,0,4,5,5,50be3e1c94dae1d2bfcb477a6b5ad86820f69ae1be4777270ee02870c233f0b6,bf1c6d057bd4d92d9ef76ef8c44c4fe0193332305255ae78108f5c77abf1e51c,1,cfed9b045b4ba9a0c925e1463372b1f77071f7757491a88e93178b9a806f7df7
59,1300000,5,c2_a_not_traversed,production,0,0,4,4,1,1,1,4,4,1,1,1,3,1,2,0,0,0,0,0,4,5,5,50be3e1c94dae1d2bfcb477a6b5ad86820f69ae1be4777270ee02870c233f0b6,bf1c6d057bd4d92d9ef76ef8c44c4fe0193332305255ae78108f5c77abf1e51c,1,cfed9b045b4ba9a0c925e1463372b1f77071f7757491a88e93178b9a806f7df7
60,1300000,5,c3_drive_at_ca,reference,0,0,4,4,1,1,1,4,4,1,1,1,7,0,4,0,0,0,0,2,7,6,6,05848f333ccbd5f93f7a4eb0c28f3f12b92dc8f1b5bbb67849dfad572c8ccaf1,2dd327c5a5b82d5dfc1eeab45b6cf6c74d1e910b8aead18126e8da2fb85bb216,1,07fac0c3816d4eccd4168ea02e21c2ed674e9a00a6b0e1d89892a5f51114dbf0
60,1300000,5,c3_drive_at_ca,production,0,0,4,4,1,1,1,4,4,1,1,1,7,0,4,0,0,0,0,2,7,6,6,05848f333ccbd5f93f7a4eb0c28f3f12b92dc8f1b5bbb67849dfad572c8ccaf1,2dd327c5a5b82d5dfc1eeab45b6cf6c74d1e910b8aead18126e8da2fb85bb216,1,07fac0c3816d4eccd4168ea02e21c2ed674e9a00a6b0e1d89892a5f51114dbf0
61,1300000,5,c4_late_modulation,reference,1,0,4,6,1,1,1,4,3,1,1,1,6,1,4,1,0,0,0,1,8,10,0,180f86501d89ecd37020c9323526f40981456284e542042c2ad9bc5c5d481289,f0d95e18ae6eb9c60e18b92e80540422a08f6c923cc84b497f696da8175e2083,1,c73daed0a95b9960fc5b9f6d0d0f656d706097ddff53251b7d4cfe87cb30c475
61,1300000,5,c4_late_modulation,production,1,0,4,6,1,1,1,4,3,1,1,1,6,1,4,1,0,0,0,1,8,10,0,180f86501d89ecd37020c9323526f40981456284e542042c2ad9bc5c5d481289,f0d95e18ae6eb9c60e18b92e80540422a08f6c923cc84b497f696da8175e2083,1,c73daed0a95b9960fc5b9f6d0d0f656d706097ddff53251b7d4cfe87cb30c475
62,1300000,5,c5_dense_distractors,reference,1,0,4,7,1,1,1,4,4,1,1,1,71,1,37,1,0,0,0,2,73,6,6,3c32bdc0074a7beba2694e58364440aa4169366eaf17ef215ba6c22a869899f3,e3f1982ed7aacfbcb1bf15a9ae7ea5b470bb169c99186bb3d87173fff728b8c7,1,d649b692bc4604dabb6ae3611453e47caadf6806fa013b1dc4e6d9cd6d15bcd4
62,1300000,5,c5_dense_distractors,production,1,0,4,7,1,1,1,4,4,1,1,1,71,1,37,1,0,0,0,2,73,6,6,3c32bdc0074a7beba2694e58364440aa4169366eaf17ef215ba6c22a869899f3,e3f1982ed7aacfbcb1bf15a9ae7ea5b470bb169c99186bb3d87173fff728b8c7,1,d649b692bc4604dabb6ae3611453e47caadf6806fa013b1dc4e6d9cd6d15bcd4
63,1300000,5,c6_swapped_identity,reference,1,0,4,7,1,1,1,4,4,1,1,1,6,1,4,1,0,0,0,1,8,5,5,581a1e329be244351565df983cc297fb5c195ac5a5c74b214e9265932e508060,1d95a50bf6607c40a5056896c6a09df8992f102a9384556714ac03c2de6aa58e,1,d83eb6bd86a426f9cf0a1388a5c760d195d7a57943dde7db4eefadea5f9170a2
63,1300000,5,c6_swapped_identity,production,1,0,4,7,1,1,1,4,4,1,1,1,6,1,4,1,0,0,0,1,8,5,5,581a1e329be244351565df983cc297fb5c195ac5a5c74b214e9265932e508060,1d95a50bf6607c40a5056896c6a09df8992f102a9384556714ac03c2de6aa58e,1,d83eb6bd86a426f9cf0a1388a5c760d195d7a57943dde7db4eefadea5f9170a2
64,1300000,5,c6_reverse_order,reference,1,0,4,7,1,1,1,4,4,1,1,1,6,1,4,1,0,0,0,1,8,5,5,0d116c19658b79ce2c7c151e7b124ba451601fc98649ffb906b4f4e20190ef71,769cc22368356229ec599a9ff73c60c4c7ee771d4e52171e03c36668ee94174b,1,a6770b373cdfbe8cfd022e8b442f29a5c2eb076b57760242a6af6a94847c9e51
64,1300000,5,c6_reverse_order,production,1,0,4,7,1,1,1,4,4,1,1,1,6,1,4,1,0,0,0,1,8,5,5,0d116c19658b79ce2c7c151e7b124ba451601fc98649ffb906b4f4e20190ef71,769cc22368356229ec599a9ff73c60c4c7ee771d4e52171e03c36668ee94174b,1,a6770b373cdfbe8cfd022e8b442f29a5c2eb076b57760242a6af6a94847c9e51
65,1300000,5,c6_timing_offset,reference,1,0,4,7,1,1,1,4,4,1,1,1,6,1,4,1,0,0,0,1,8,7,7,db0a24020397165a030128ecd1ed40df705417d737e3d41acb30d1478a15633e,c6f96e07b9c8a41a00d3ff52a7ecfb90fe81867fdc227679783babb61921e29c,1,9855f89afda729556be5e821ff06f8577ccc5cd562814e0175b4f670a8647eb4
65,1300000,5,c6_timing_offset,production,1,0,4,7,1,1,1,4,4,1,1,1,6,1,4,1,0,0,0,1,8,7,7,db0a24020397165a030128ecd1ed40df705417d737e3d41acb30d1478a15633e,c6f96e07b9c8a41a00d3ff52a7ecfb90fe81867fdc227679783babb61921e29c,1,9855f89afda729556be5e821ff06f8577ccc5cd562814e0175b4f670a8647eb4
66,1300000,5,c7_contact_fanout,reference,1,1,4,7,1,1,1,4,7,1,1,1,6,1,4,2,0,0,0,1,9,5,5,ab8584ac2ecc55ec42a367d5c936baed1bcf6da4261cff6435fdb4535be00be9,7b9c5cb5148b3f1b2c03e5851e9e663c2242a3295fea14b41877f9469326eb13,1,71e67c684462d159bda7986db52a25a20bd659548d5c404a621d5ad9021765f3
66,1300000,5,c7_contact_fanout,production,1,1,4,7,1,1,1,4,7,1,1,1,6,1,4,2,0,0,0,1,9,5,5,ab8584ac2ecc55ec42a367d5c936baed1bcf6da4261cff6435fdb4535be00be9,7b9c5cb5148b3f1b2c03e5851e9e663c2242a3295fea14b41877f9469326eb13,1,71e67c684462d159bda7986db52a25a20bd659548d5c404a621d5ad9021765f3
67,1300000,6,old_source_local,reference,1,1,4,7,1,1,1,4,7,1,1,1,4,1,2,2,0,0,0,1,7,6,6,c69f40042c4dd9c2b06f7abef24f23decea63aeab427bc47dae8a9ed06fd6a57,c6d1333a6aedaf4f5c23a03d0b8146a3c5f89bf7184c82ae0ab9b838f80cb1a3,1,4ddadacaf52a5ec040504aec4d479440912d0f4bbf93a441f0e78e177e884693
67,1300000,6,old_source_local,production,1,1,4,7,1,1,1,4,7,1,1,1,4,1,2,2,0,0,0,1,7,6,6,c69f40042c4dd9c2b06f7abef24f23decea63aeab427bc47dae8a9ed06fd6a57,c6d1333a6aedaf4f5c23a03d0b8146a3c5f89bf7184c82ae0ab9b838f80cb1a3,1,4ddadacaf52a5ec040504aec4d479440912d0f4bbf93a441f0e78e177e884693
68,1300000,6,c0_contact_a,reference,1,0,4,7,1,1,1,4,4,1,1,1,6,1,4,1,0,0,0,1,8,6,6,4e0e3fc1ea2adfa6272b2069fea8d60bfe3ae7d060f9a4ae9320f266cf5e626d,19b2c87d31b3bb6cdee7a6cfb42d847c516f61616a51c201dd19de6df028dc2d,1,c2a75145f3ea986fec4a3eeb617476d7ca4b4ea796a1a8b6ebf69998a056df16
68,1300000,6,c0_contact_a,production,1,0,4,7,1,1,1,4,4,1,1,1,6,1,4,1,0,0,0,1,8,6,6,4e0e3fc1ea2adfa6272b2069fea8d60bfe3ae7d060f9a4ae9320f266cf5e626d,19b2c87d31b3bb6cdee7a6cfb42d847c516f61616a51c201dd19de6df028dc2d,1,c2a75145f3ea986fec4a3eeb617476d7ca4b4ea796a1a8b6ebf69998a056df16
69,1300000,6,c1_contact_b,reference,0,1,4,4,1,1,1,4,7,1,1,1,6,1,4,1,0,0,0,1,8,6,6,cdcd2508a4265c036e927cfba6ad38647cdad6626b5d52cf106e4e1f1aec5084,108a955c815b48efa20d063396a2b9b354a1de4f7802847ecc9456ec893d327c,1,5491a8d8aa442b38bedd728583c83730853deefe3a2972728776b988d0667d7f
69,1300000,6,c1_contact_b,production,0,1,4,4,1,1,1,4,7,1,1,1,6,1,4,1,0,0,0,1,8,6,6,cdcd2508a4265c036e927cfba6ad38647cdad6626b5d52cf106e4e1f1aec5084,108a955c815b48efa20d063396a2b9b354a1de4f7802847ecc9456ec893d327c,1,5491a8d8aa442b38bedd728583c83730853deefe3a2972728776b988d0667d7f
70,1300000,6,c2_a_not_traversed,reference,0,0,4,4,1,1,1,4,4,1,1,1,3,1,2,0,0,0,0,0,4,6,6,afb2a464c3c469b9d8a9c79fda07d92171de4505a09bac2183e58e7e9b93bb32,bf1c6d057bd4d92d9ef76ef8c44c4fe0193332305255ae78108f5c77abf1e51c,1,7ea84b040ee3c53e6c2f2fb22394b26e17e45bffc7f28bacc30e34106771dd73
70,1300000,6,c2_a_not_traversed,production,0,0,4,4,1,1,1,4,4,1,1,1,3,1,2,0,0,0,0,0,4,6,6,afb2a464c3c469b9d8a9c79fda07d92171de4505a09bac2183e58e7e9b93bb32,bf1c6d057bd4d92d9ef76ef8c44c4fe0193332305255ae78108f5c77abf1e51c,1,7ea84b040ee3c53e6c2f2fb22394b26e17e45bffc7f28bacc30e34106771dd73
71,1300000,6,c3_drive_at_ca,reference,0,0,4,4,1,1,1,4,4,1,1,1,7,0,4,0,0,0,0,2,7,7,7,7d7ade8a13aaabe6544460598dcf07e98a8ab3d44ac52ecf4b881e39e951212a,2dd327c5a5b82d5dfc1eeab45b6cf6c74d1e910b8aead18126e8da2fb85bb216,1,63064b11f54621f0ef543cdbb69d357ca1afb543b193f72da3b211742646c0e2
71,1300000,6,c3_drive_at_ca,production,0,0,4,4,1,1,1,4,4,1,1,1,7,0,4,0,0,0,0,2,7,7,7,7d7ade8a13aaabe6544460598dcf07e98a8ab3d44ac52ecf4b881e39e951212a,2dd327c5a5b82d5dfc1eeab45b6cf6c74d1e910b8aead18126e8da2fb85bb216,1,63064b11f54621f0ef543cdbb69d357ca1afb543b193f72da3b211742646c0e2
72,1300000,6,c4_late_modulation,reference,1,0,4,6,1,1,1,4,3,1,1,1,6,1,4,1,0,0,0,1,8,11,1,2b1f2f6a217d34bfb10e5057ca064e5fc994e0f86f6d9682b3e1d3872f2655f2,f0d95e18ae6eb9c60e18b92e80540422a08f6c923cc84b497f696da8175e2083,1,af27212a19228d95350f50145e20180af38ea0c682fad9fa0d3998b28f16cb21
72,1300000,6,c4_late_modulation,production,1,0,4,6,1,1,1,4,3,1,1,1,6,1,4,1,0,0,0,1,8,11,1,2b1f2f6a217d34bfb10e5057ca064e5fc994e0f86f6d9682b3e1d3872f2655f2,f0d95e18ae6eb9c60e18b92e80540422a08f6c923cc84b497f696da8175e2083,1,af27212a19228d95350f50145e20180af38ea0c682fad9fa0d3998b28f16cb21
73,1300000,6,c5_dense_distractors,reference,1,0,4,7,1,1,1,4,4,1,1,1,71,1,37,1,0,0,0,2,73,7,7,7030b152b1cf6e40509413499e8f515eecabdc69179ccfd76845b71eea8877e7,e3f1982ed7aacfbcb1bf15a9ae7ea5b470bb169c99186bb3d87173fff728b8c7,1,a12feceee7833fa12e5fdfba30fbbf57c8c1267f6c5ff2cecf9df9b20e130292
73,1300000,6,c5_dense_distractors,production,1,0,4,7,1,1,1,4,4,1,1,1,71,1,37,1,0,0,0,2,73,7,7,7030b152b1cf6e40509413499e8f515eecabdc69179ccfd76845b71eea8877e7,e3f1982ed7aacfbcb1bf15a9ae7ea5b470bb169c99186bb3d87173fff728b8c7,1,a12feceee7833fa12e5fdfba30fbbf57c8c1267f6c5ff2cecf9df9b20e130292
74,1300000,6,c6_swapped_identity,reference,1,0,4,7,1,1,1,4,4,1,1,1,6,1,4,1,0,0,0,1,8,6,6,4e0e3fc1ea2adfa6272b2069fea8d60bfe3ae7d060f9a4ae9320f266cf5e626d,1d95a50bf6607c40a5056896c6a09df8992f102a9384556714ac03c2de6aa58e,1,c2a75145f3ea986fec4a3eeb617476d7ca4b4ea796a1a8b6ebf69998a056df16
74,1300000,6,c6_swapped_identity,production,1,0,4,7,1,1,1,4,4,1,1,1,6,1,4,1,0,0,0,1,8,6,6,4e0e3fc1ea2adfa6272b2069fea8d60bfe3ae7d060f9a4ae9320f266cf5e626d,1d95a50bf6607c40a5056896c6a09df8992f102a9384556714ac03c2de6aa58e,1,c2a75145f3ea986fec4a3eeb617476d7ca4b4ea796a1a8b6ebf69998a056df16
75,1300000,6,c6_reverse_order,reference,1,0,4,7,1,1,1,4,4,1,1,1,6,1,4,1,0,0,0,1,8,6,6,fe484b4c50aa4338801d0018184504b74244a96c3806cc381fb799aaada96f8a,769cc22368356229ec599a9ff73c60c4c7ee771d4e52171e03c36668ee94174b,1,5491a8d8aa442b38bedd728583c83730853deefe3a2972728776b988d0667d7f
75,1300000,6,c6_reverse_order,production,1,0,4,7,1,1,1,4,4,1,1,1,6,1,4,1,0,0,0,1,8,6,6,fe484b4c50aa4338801d0018184504b74244a96c3806cc381fb799aaada96f8a,769cc22368356229ec599a9ff73c60c4c7ee771d4e52171e03c36668ee94174b,1,5491a8d8aa442b38bedd728583c83730853deefe3a2972728776b988d0667d7f
76,1300000,6,c6_timing_offset,reference,1,0,4,7,1,1,1,4,4,1,1,1,6,1,4,1,0,0,0,1,8,8,8,3dbb578868c7e3d5a7285f8bfa0bd1e89584c08ebde2b32a0d3927c1913bf936,c6f96e07b9c8a41a00d3ff52a7ecfb90fe81867fdc227679783babb61921e29c,1,6c5cca8e67afa3d783ecd8c4edf3ba84788590c4451aa5ea337c93694bfb2ae5
76,1300000,6,c6_timing_offset,production,1,0,4,7,1,1,1,4,4,1,1,1,6,1,4,1,0,0,0,1,8,8,8,3dbb578868c7e3d5a7285f8bfa0bd1e89584c08ebde2b32a0d3927c1913bf936,c6f96e07b9c8a41a00d3ff52a7ecfb90fe81867fdc227679783babb61921e29c,1,6c5cca8e67afa3d783ecd8c4edf3ba84788590c4451aa5ea337c93694bfb2ae5
77,1300000,6,c7_contact_fanout,reference,1,1,4,7,1,1,1,4,7,1,1,1,6,1,4,2,0,0,0,1,9,6,6,d78894a12a158e9b7caeeb46f27c29ff227e482d1dfbda16bcc65d7db3470fe9,7b9c5cb5148b3f1b2c03e5851e9e663c2242a3295fea14b41877f9469326eb13,1,d9107d5eab41b2be89ec35b6e3cf1557e6a21f5c9c58f3d2206872642115ac06
77,1300000,6,c7_contact_fanout,production,1,1,4,7,1,1,1,4,7,1,1,1,6,1,4,2,0,0,0,1,9,6,6,d78894a12a158e9b7caeeb46f27c29ff227e482d1dfbda16bcc65d7db3470fe9,7b9c5cb5148b3f1b2c03e5851e9e663c2242a3295fea14b41877f9469326eb13,1,d9107d5eab41b2be89ec35b6e3cf1557e6a21f5c9c58f3d2206872642115ac06
78,1300000,7,old_source_local,reference,1,1,4,7,1,1,1,4,7,1,1,1,4,1,2,2,0,0,0,1,7,7,7,f83ed4e40af0fd0a8cd68533152e877c20e27ed4671c8b659fd8c964af3f9eaf,c6d1333a6aedaf4f5c23a03d0b8146a3c5f89bf7184c82ae0ab9b838f80cb1a3,1,590776355943841ff4fc1415a19fd4bab680a1cf233539b7793e4588ac46aa19
78,1300000,7,old_source_local,production,1,1,4,7,1,1,1,4,7,1,1,1,4,1,2,2,0,0,0,1,7,7,7,f83ed4e40af0fd0a8cd68533152e877c20e27ed4671c8b659fd8c964af3f9eaf,c6d1333a6aedaf4f5c23a03d0b8146a3c5f89bf7184c82ae0ab9b838f80cb1a3,1,590776355943841ff4fc1415a19fd4bab680a1cf233539b7793e4588ac46aa19
79,1300000,7,c0_contact_a,reference,1,0,4,7,1,1,1,4,4,1,1,1,6,1,4,1,0,0,0,1,8,7,7,40b573e3ee2ed1546e989eda80a7d279688afc75abe8e770f265659204cf0825,19b2c87d31b3bb6cdee7a6cfb42d847c516f61616a51c201dd19de6df028dc2d,1,7ecb0e0b25151f7643683ee9037192ed3d769bd21825deec078c086106ebf7c2
79,1300000,7,c0_contact_a,production,1,0,4,7,1,1,1,4,4,1,1,1,6,1,4,1,0,0,0,1,8,7,7,40b573e3ee2ed1546e989eda80a7d279688afc75abe8e770f265659204cf0825,19b2c87d31b3bb6cdee7a6cfb42d847c516f61616a51c201dd19de6df028dc2d,1,7ecb0e0b25151f7643683ee9037192ed3d769bd21825deec078c086106ebf7c2
80,1300000,7,c1_contact_b,reference,0,1,4,4,1,1,1,4,7,1,1,1,6,1,4,1,0,0,0,1,8,7,7,147b49810333de825c27f98435ad403c2b18e3b358663c3420a5c5b69158996d,108a955c815b48efa20d063396a2b9b354a1de4f7802847ecc9456ec893d327c,1,3d1cef9d955677ea839bda4b2e2646083310a30789e286e60b7a8495df9ca804
80,1300000,7,c1_contact_b,production,0,1,4,4,1,1,1,4,7,1,1,1,6,1,4,1,0,0,0,1,8,7,7,147b49810333de825c27f98435ad403c2b18e3b358663c3420a5c5b69158996d,108a955c815b48efa20d063396a2b9b354a1de4f7802847ecc9456ec893d327c,1,3d1cef9d955677ea839bda4b2e2646083310a30789e286e60b7a8495df9ca804
81,1300000,7,c2_a_not_traversed,reference,0,0,4,4,1,1,1,4,4,1,1,1,3,1,2,0,0,0,0,0,4,7,7,5214a792d2e0df5d88fead5e3cd3b345efe1d4904fb114f61ab5e9bfc5fe66de,bf1c6d057bd4d92d9ef76ef8c44c4fe0193332305255ae78108f5c77abf1e51c,1,6fbf85f8de7bf16f3d85168a9d0fbe182a0af1e26e93eeca5040490130c17cb3
81,1300000,7,c2_a_not_traversed,production,0,0,4,4,1,1,1,4,4,1,1,1,3,1,2,0,0,0,0,0,4,7,7,5214a792d2e0df5d88fead5e3cd3b345efe1d4904fb114f61ab5e9bfc5fe66de,bf1c6d057bd4d92d9ef76ef8c44c4fe0193332305255ae78108f5c77abf1e51c,1,6fbf85f8de7bf16f3d85168a9d0fbe182a0af1e26e93eeca5040490130c17cb3
82,1300000,7,c3_drive_at_ca,reference,0,0,4,4,1,1,1,4,4,1,1,1,7,0,4,0,0,0,0,2,7,8,8,ee14567dfd07c7f99ddb836994460d89a7a46ddd11db3c7f46ca2f074a74cb7b,2dd327c5a5b82d5dfc1eeab45b6cf6c74d1e910b8aead18126e8da2fb85bb216,1,152cb63add557925c70b7bbebfa5c212f64718f5adaceb295a41ba6ca11d613a
82,1300000,7,c3_drive_at_ca,production,0,0,4,4,1,1,1,4,4,1,1,1,7,0,4,0,0,0,0,2,7,8,8,ee14567dfd07c7f99ddb836994460d89a7a46ddd11db3c7f46ca2f074a74cb7b,2dd327c5a5b82d5dfc1eeab45b6cf6c74d1e910b8aead18126e8da2fb85bb216,1,152cb63add557925c70b7bbebfa5c212f64718f5adaceb295a41ba6ca11d613a
83,1300000,7,c4_late_modulation,reference,1,0,4,6,1,1,1,4,3,1,1,1,6,1,4,1,0,0,0,1,8,12,2,3f8674e15a618d626ddb6ee8052452b89cf28446ad43123ec898d4e8c118c094,f0d95e18ae6eb9c60e18b92e80540422a08f6c923cc84b497f696da8175e2083,1,02b04746e7c8eed17461af844cf4d882da71e32dfb6cdb1385b087525aef9a30
83,1300000,7,c4_late_modulation,production,1,0,4,6,1,1,1,4,3,1,1,1,6,1,4,1,0,0,0,1,8,12,2,3f8674e15a618d626ddb6ee8052452b89cf28446ad43123ec898d4e8c118c094,f0d95e18ae6eb9c60e18b92e80540422a08f6c923cc84b497f696da8175e2083,1,02b04746e7c8eed17461af844cf4d882da71e32dfb6cdb1385b087525aef9a30
84,1300000,7,c5_dense_distractors,reference,1,0,4,7,1,1,1,4,4,1,1,1,71,1,37,1,0,0,0,2,73,8,8,60cb01bff95b5ffafeb559825e0cd5c0be4bc93a9ca88c86e391edfaa6f00e38,e3f1982ed7aacfbcb1bf15a9ae7ea5b470bb169c99186bb3d87173fff728b8c7,1,731b93006cdceaf0dd8ec0e14e329ff5a277f99cb1bd7f90e91d234bc22a2a88
84,1300000,7,c5_dense_distractors,production,1,0,4,7,1,1,1,4,4,1,1,1,71,1,37,1,0,0,0,2,73,8,8,60cb01bff95b5ffafeb559825e0cd5c0be4bc93a9ca88c86e391edfaa6f00e38,e3f1982ed7aacfbcb1bf15a9ae7ea5b470bb169c99186bb3d87173fff728b8c7,1,731b93006cdceaf0dd8ec0e14e329ff5a277f99cb1bd7f90e91d234bc22a2a88
85,1300000,7,c6_swapped_identity,reference,1,0,4,7,1,1,1,4,4,1,1,1,6,1,4,1,0,0,0,1,8,7,7,40b573e3ee2ed1546e989eda80a7d279688afc75abe8e770f265659204cf0825,1d95a50bf6607c40a5056896c6a09df8992f102a9384556714ac03c2de6aa58e,1,7ecb0e0b25151f7643683ee9037192ed3d769bd21825deec078c086106ebf7c2
85,1300000,7,c6_swapped_identity,production,1,0,4,7,1,1,1,4,4,1,1,1,6,1,4,1,0,0,0,1,8,7,7,40b573e3ee2ed1546e989eda80a7d279688afc75abe8e770f265659204cf0825,1d95a50bf6607c40a5056896c6a09df8992f102a9384556714ac03c2de6aa58e,1,7ecb0e0b25151f7643683ee9037192ed3d769bd21825deec078c086106ebf7c2
86,1300000,7,c6_reverse_order,reference,1,0,4,7,1,1,1,4,4,1,1,1,6,1,4,1,0,0,0,1,8,7,7,9c55e665cd2e7015963d574ed219a27dda9d74ca8f6990b914bb6afa94b935b1,769cc22368356229ec599a9ff73c60c4c7ee771d4e52171e03c36668ee94174b,1,3d1cef9d955677ea839bda4b2e2646083310a30789e286e60b7a8495df9ca804
86,1300000,7,c6_reverse_order,production,1,0,4,7,1,1,1,4,4,1,1,1,6,1,4,1,0,0,0,1,8,7,7,9c55e665cd2e7015963d574ed219a27dda9d74ca8f6990b914bb6afa94b935b1,769cc22368356229ec599a9ff73c60c4c7ee771d4e52171e03c36668ee94174b,1,3d1cef9d955677ea839bda4b2e2646083310a30789e286e60b7a8495df9ca804
87,1300000,7,c6_timing_offset,reference,1,0,4,7,1,1,1,4,4,1,1,1,6,1,4,1,0,0,0,1,8,9,9,635251b4c11e793d81dffae6dc74f3bef2c5c5d640a428d1c2c923a98d5f6c34,c6f96e07b9c8a41a00d3ff52a7ecfb90fe81867fdc227679783babb61921e29c,1,04770499d9e13dd3dc7d4dd0cb780bb113f0888ae3af5c1d9d039107b49cb784
87,1300000,7,c6_timing_offset,production,1,0,4,7,1,1,1,4,4,1,1,1,6,1,4,1,0,0,0,1,8,9,9,635251b4c11e793d81dffae6dc74f3bef2c5c5d640a428d1c2c923a98d5f6c34,c6f96e07b9c8a41a00d3ff52a7ecfb90fe81867fdc227679783babb61921e29c,1,04770499d9e13dd3dc7d4dd0cb780bb113f0888ae3af5c1d9d039107b49cb784
88,1300000,7,c7_contact_fanout,reference,1,1,4,7,1,1,1,4,7,1,1,1,6,1,4,2,0,0,0,1,9,7,7,c3de5bbb36ae76b29f9092448b8dcad55273906e2c4b1e94e8b7349ee70b8c75,7b9c5cb5148b3f1b2c03e5851e9e663c2242a3295fea14b41877f9469326eb13,1,2310e5ab6ef404fbd54a7c0076fdb7be08a4c97fb6a2f48bc5c1478366d3eab5
88,1300000,7,c7_contact_fanout,production,1,1,4,7,1,1,1,4,7,1,1,1,6,1,4,2,0,0,0,1,9,7,7,c3de5bbb36ae76b29f9092448b8dcad55273906e2c4b1e94e8b7349ee70b8c75,7b9c5cb5148b3f1b2c03e5851e9e663c2242a3295fea14b41877f9469326eb13,1,2310e5ab6ef404fbd54a7c0076fdb7be08a4c97fb6a2f48bc5c1478366d3eab5
89,1300000,8,old_source_local,reference,1,1,4,7,1,1,1,4,7,1,1,1,4,1,2,2,0,0,0,1,7,8,8,e6eddecf8cbac94af52aced4a51ea16330af4ae51aebdcf6b642ce9d0a090953,c6d1333a6aedaf4f5c23a03d0b8146a3c5f89bf7184c82ae0ab9b838f80cb1a3,1,d19422e52ad1099110e9ee30d0c8b8c7b4307093d5d0427955608303780c41a4
89,1300000,8,old_source_local,production,1,1,4,7,1,1,1,4,7,1,1,1,4,1,2,2,0,0,0,1,7,8,8,e6eddecf8cbac94af52aced4a51ea16330af4ae51aebdcf6b642ce9d0a090953,c6d1333a6aedaf4f5c23a03d0b8146a3c5f89bf7184c82ae0ab9b838f80cb1a3,1,d19422e52ad1099110e9ee30d0c8b8c7b4307093d5d0427955608303780c41a4
90,1300000,8,c0_contact_a,reference,1,0,4,7,1,1,1,4,4,1,1,1,6,1,4,1,0,0,0,1,8,8,8,c855c72582e3714b47ca021dff60022b778fc0aa7d2dd81963cff1a94655725c,19b2c87d31b3bb6cdee7a6cfb42d847c516f61616a51c201dd19de6df028dc2d,1,fa1158d8e7ac959de3f4a2a21cb44ef6bc5514cdcdacf301706226c6adb7c428
90,1300000,8,c0_contact_a,production,1,0,4,7,1,1,1,4,4,1,1,1,6,1,4,1,0,0,0,1,8,8,8,c855c72582e3714b47ca021dff60022b778fc0aa7d2dd81963cff1a94655725c,19b2c87d31b3bb6cdee7a6cfb42d847c516f61616a51c201dd19de6df028dc2d,1,fa1158d8e7ac959de3f4a2a21cb44ef6bc5514cdcdacf301706226c6adb7c428
91,1300000,8,c1_contact_b,reference,0,1,4,4,1,1,1,4,7,1,1,1,6,1,4,1,0,0,0,1,8,8,8,1630b62da27717d787b97573176153bbfe39cd9e1882358e72275d1b46d64ace,108a955c815b48efa20d063396a2b9b354a1de4f7802847ecc9456ec893d327c,1,5e740e5f214f1179e59046a4a3d60e092223d048e8b058dc3cc0c4171141b520
91,1300000,8,c1_contact_b,production,0,1,4,4,1,1,1,4,7,1,1,1,6,1,4,1,0,0,0,1,8,8,8,1630b62da27717d787b97573176153bbfe39cd9e1882358e72275d1b46d64ace,108a955c815b48efa20d063396a2b9b354a1de4f7802847ecc9456ec893d327c,1,5e740e5f214f1179e59046a4a3d60e092223d048e8b058dc3cc0c4171141b520
92,1300000,8,c2_a_not_traversed,reference,0,0,4,4,1,1,1,4,4,1,1,1,3,1,2,0,0,0,0,0,4,8,8,444232d835041312aadfe9abc8b238c3f76523f9e14ba82ff4666a4568783cda,bf1c6d057bd4d92d9ef76ef8c44c4fe0193332305255ae78108f5c77abf1e51c,1,27f42a826c22ae719eef5105abdc995b0b8dfec67951ce08aea6f3e7fa312493
92,1300000,8,c2_a_not_traversed,production,0,0,4,4,1,1,1,4,4,1,1,1,3,1,2,0,0,0,0,0,4,8,8,444232d835041312aadfe9abc8b238c3f76523f9e14ba82ff4666a4568783cda,bf1c6d057bd4d92d9ef76ef8c44c4fe0193332305255ae78108f5c77abf1e51c,1,27f42a826c22ae719eef5105abdc995b0b8dfec67951ce08aea6f3e7fa312493
93,1300000,8,c3_drive_at_ca,reference,0,0,4,4,1,1,1,4,4,1,1,1,7,0,4,0,0,0,0,2,7,9,9,0a8c307c18112e64224f539808da68c167a72fcd5336b8ab51ac737b8b88a63c,2dd327c5a5b82d5dfc1eeab45b6cf6c74d1e910b8aead18126e8da2fb85bb216,1,4766f16b118b662f729aa19bb59435133478162c28840748474e59e14c3b289d
93,1300000,8,c3_drive_at_ca,production,0,0,4,4,1,1,1,4,4,1,1,1,7,0,4,0,0,0,0,2,7,9,9,0a8c307c18112e64224f539808da68c167a72fcd5336b8ab51ac737b8b88a63c,2dd327c5a5b82d5dfc1eeab45b6cf6c74d1e910b8aead18126e8da2fb85bb216,1,4766f16b118b662f729aa19bb59435133478162c28840748474e59e14c3b289d
94,1300000,8,c4_late_modulation,reference,1,0,4,6,1,1,1,4,3,1,1,1,6,1,4,1,0,0,0,1,8,13,3,ed067662b7674550c60e90f99aa68f4bdd05af7e7a2f46af6b1aae1311e81e3b,f0d95e18ae6eb9c60e18b92e80540422a08f6c923cc84b497f696da8175e2083,1,b1e4f22839c4fea2b5d381569dfa0d783b753cf284f092ab063a7278e54a5951
94,1300000,8,c4_late_modulation,production,1,0,4,6,1,1,1,4,3,1,1,1,6,1,4,1,0,0,0,1,8,13,3,ed067662b7674550c60e90f99aa68f4bdd05af7e7a2f46af6b1aae1311e81e3b,f0d95e18ae6eb9c60e18b92e80540422a08f6c923cc84b497f696da8175e2083,1,b1e4f22839c4fea2b5d381569dfa0d783b753cf284f092ab063a7278e54a5951
95,1300000,8,c5_dense_distractors,reference,1,0,4,7,1,1,1,4,4,1,1,1,71,1,37,1,0,0,0,2,73,9,9,4a5df53cbea1734f9a8f6613f0e69583b23b451dfe01faf90bf6b8d50266be2a,e3f1982ed7aacfbcb1bf15a9ae7ea5b470bb169c99186bb3d87173fff728b8c7,1,fc57a6d385500c920a653eaf37e1a5e553e9570850aa525201ddc6a75dc80c38
95,1300000,8,c5_dense_distractors,production,1,0,4,7,1,1,1,4,4,1,1,1,71,1,37,1,0,0,0,2,73,9,9,4a5df53cbea1734f9a8f6613f0e69583b23b451dfe01faf90bf6b8d50266be2a,e3f1982ed7aacfbcb1bf15a9ae7ea5b470bb169c99186bb3d87173fff728b8c7,1,fc57a6d385500c920a653eaf37e1a5e553e9570850aa525201ddc6a75dc80c38
96,1300000,8,c6_swapped_identity,reference,1,0,4,7,1,1,1,4,4,1,1,1,6,1,4,1,0,0,0,1,8,8,8,c855c72582e3714b47ca021dff60022b778fc0aa7d2dd81963cff1a94655725c,1d95a50bf6607c40a5056896c6a09df8992f102a9384556714ac03c2de6aa58e,1,fa1158d8e7ac959de3f4a2a21cb44ef6bc5514cdcdacf301706226c6adb7c428
96,1300000,8,c6_swapped_identity,production,1,0,4,7,1,1,1,4,4,1,1,1,6,1,4,1,0,0,0,1,8,8,8,c855c72582e3714b47ca021dff60022b778fc0aa7d2dd81963cff1a94655725c,1d95a50bf6607c40a5056896c6a09df8992f102a9384556714ac03c2de6aa58e,1,fa1158d8e7ac959de3f4a2a21cb44ef6bc5514cdcdacf301706226c6adb7c428
97,1300000,8,c6_reverse_order,reference,1,0,4,7,1,1,1,4,4,1,1,1,6,1,4,1,0,0,0,1,8,8,8,d36b824a430a2efc347545949ccf67fc84d7613cee1351211817e5a4d20448db,769cc22368356229ec599a9ff73c60c4c7ee771d4e52171e03c36668ee94174b,1,5e740e5f214f1179e59046a4a3d60e092223d048e8b058dc3cc0c4171141b520
97,1300000,8,c6_reverse_order,production,1,0,4,7,1,1,1,4,4,1,1,1,6,1,4,1,0,0,0,1,8,8,8,d36b824a430a2efc347545949ccf67fc84d7613cee1351211817e5a4d20448db,769cc22368356229ec599a9ff73c60c4c7ee771d4e52171e03c36668ee94174b,1,5e740e5f214f1179e59046a4a3d60e092223d048e8b058dc3cc0c4171141b520
98,1300000,8,c6_timing_offset,reference,1,0,4,6,1,1,1,4,3,1,1,1,6,1,4,1,0,0,0,1,8,10,0,2bdf8e8d1869745fa1f1fecaf45db35410e6f13988fa7ff4438ec64377c9f37f,19642391236cfa7711a5c1a232c6377fabbab6e45237116d657699ba5719d633,1,71753e062e08a517898e04081d996bff23f6e7d674cc2e64dd086a0de7568197
98,1300000,8,c6_timing_offset,production,1,0,4,6,1,1,1,4,3,1,1,1,6,1,4,1,0,0,0,1,8,10,0,2bdf8e8d1869745fa1f1fecaf45db35410e6f13988fa7ff4438ec64377c9f37f,19642391236cfa7711a5c1a232c6377fabbab6e45237116d657699ba5719d633,1,71753e062e08a517898e04081d996bff23f6e7d674cc2e64dd086a0de7568197
99,1300000,8,c7_contact_fanout,reference,1,1,4,7,1,1,1,4,7,1,1,1,6,1,4,2,0,0,0,1,9,8,8,2d796f627a2421132a5685cb39ffd35d6d37a3e1e446b2f8352b2fa235534879,7b9c5cb5148b3f1b2c03e5851e9e663c2242a3295fea14b41877f9469326eb13,1,4707f4e7c15a683933261d44fb4baab7da45e6998b131441bed3edc52f8dd684
99,1300000,8,c7_contact_fanout,production,1,1,4,7,1,1,1,4,7,1,1,1,6,1,4,2,0,0,0,1,9,8,8,2d796f627a2421132a5685cb39ffd35d6d37a3e1e446b2f8352b2fa235534879,7b9c5cb5148b3f1b2c03e5851e9e663c2242a3295fea14b41877f9469326eb13,1,4707f4e7c15a683933261d44fb4baab7da45e6998b131441bed3edc52f8dd684
100,1300000,9,old_source_local,reference,1,1,4,7,1,1,1,4,7,1,1,1,4,1,2,2,0,0,0,1,7,9,9,12f3645aab62128fb79f89595ac3fc2cfe5d40aa60d4b60d10206868129d87ce,c6d1333a6aedaf4f5c23a03d0b8146a3c5f89bf7184c82ae0ab9b838f80cb1a3,1,43a020a9f60a7b88eb7d3abfeaa9eff45c088e0b5dddd6a05cb0516f2808af3d
100,1300000,9,old_source_local,production,1,1,4,7,1,1,1,4,7,1,1,1,4,1,2,2,0,0,0,1,7,9,9,12f3645aab62128fb79f89595ac3fc2cfe5d40aa60d4b60d10206868129d87ce,c6d1333a6aedaf4f5c23a03d0b8146a3c5f89bf7184c82ae0ab9b838f80cb1a3,1,43a020a9f60a7b88eb7d3abfeaa9eff45c088e0b5dddd6a05cb0516f2808af3d
101,1300000,9,c0_contact_a,reference,1,0,4,7,1,1,1,4,4,1,1,1,6,1,4,1,0,0,0,1,8,9,9,48c0ba4b027c0e3a7976b32d7b2c11afb7ade7017a2b41af9ff231d4b5e9cfa9,19b2c87d31b3bb6cdee7a6cfb42d847c516f61616a51c201dd19de6df028dc2d,1,2c1fbc491ebd36f4dd1329741d0e21e1fb000de87b72c4a6fc37fa74066524da
101,1300000,9,c0_contact_a,production,1,0,4,7,1,1,1,4,4,1,1,1,6,1,4,1,0,0,0,1,8,9,9,48c0ba4b027c0e3a7976b32d7b2c11afb7ade7017a2b41af9ff231d4b5e9cfa9,19b2c87d31b3bb6cdee7a6cfb42d847c516f61616a51c201dd19de6df028dc2d,1,2c1fbc491ebd36f4dd1329741d0e21e1fb000de87b72c4a6fc37fa74066524da
102,1300000,9,c1_contact_b,reference,0,1,4,4,1,1,1,4,7,1,1,1,6,1,4,1,0,0,0,1,8,9,9,9215bae0abb3a6653eeca5c96ce6e446936ab5335c0b3692a1efc1f0975c2221,108a955c815b48efa20d063396a2b9b354a1de4f7802847ecc9456ec893d327c,1,1888b3c260d6a106b814a326a5d709dc49ca0b301fdcf5ce18c1fc020a7b6128
102,1300000,9,c1_contact_b,production,0,1,4,4,1,1,1,4,7,1,1,1,6,1,4,1,0,0,0,1,8,9,9,9215bae0abb3a6653eeca5c96ce6e446936ab5335c0b3692a1efc1f0975c2221,108a955c815b48efa20d063396a2b9b354a1de4f7802847ecc9456ec893d327c,1,1888b3c260d6a106b814a326a5d709dc49ca0b301fdcf5ce18c1fc020a7b6128
103,1300000,9,c2_a_not_traversed,reference,0,0,4,4,1,1,1,4,4,1,1,1,3,1,2,0,0,0,0,0,4,9,9,1967fc920234e9c5540359207dabf69720f8e683c4d5f47607379c2caab58a1a,bf1c6d057bd4d92d9ef76ef8c44c4fe0193332305255ae78108f5c77abf1e51c,1,6e4568df912dc7ff01c49772c3b2d0806baf2e5f15e4b1b359caf6ca7b0a9dfd
103,1300000,9,c2_a_not_traversed,production,0,0,4,4,1,1,1,4,4,1,1,1,3,1,2,0,0,0,0,0,4,9,9,1967fc920234e9c5540359207dabf69720f8e683c4d5f47607379c2caab58a1a,bf1c6d057bd4d92d9ef76ef8c44c4fe0193332305255ae78108f5c77abf1e51c,1,6e4568df912dc7ff01c49772c3b2d0806baf2e5f15e4b1b359caf6ca7b0a9dfd
104,1300000,9,c3_drive_at_ca,reference,0,0,4,3,1,1,1,4,3,1,1,1,7,0,4,0,0,0,0,2,7,10,0,3eef89951bff6c9e8b2ba45b627dbede016b43139309059c5031bfad719c69ec,0d0c71779c1c8aa56bb3b57c3a37a3f49eefeee0f1e47e1616fb15a71ab0d1e6,1,89a0606ccd7deb50b212e76b2d6971ee76cf568a419776bb395710ce86996b45
104,1300000,9,c3_drive_at_ca,production,0,0,4,3,1,1,1,4,3,1,1,1,7,0,4,0,0,0,0,2,7,10,0,3eef89951bff6c9e8b2ba45b627dbede016b43139309059c5031bfad719c69ec,0d0c71779c1c8aa56bb3b57c3a37a3f49eefeee0f1e47e1616fb15a71ab0d1e6,1,89a0606ccd7deb50b212e76b2d6971ee76cf568a419776bb395710ce86996b45
105,1300000,9,c4_late_modulation,reference,1,0,4,6,1,1,1,4,3,1,1,1,6,1,4,1,0,0,0,1,8,14,4,ea7b88a1886cfe71617315ae1a2bc31d30fcc8674a840ee03525cdca25e03ed4,f0d95e18ae6eb9c60e18b92e80540422a08f6c923cc84b497f696da8175e2083,1,7f00cf9bb22dc19a9be8c5b38f9a1af9273bade3e1c44b2d664ce01f8e85d713
105,1300000,9,c4_late_modulation,production,1,0,4,6,1,1,1,4,3,1,1,1,6,1,4,1,0,0,0,1,8,14,4,ea7b88a1886cfe71617315ae1a2bc31d30fcc8674a840ee03525cdca25e03ed4,f0d95e18ae6eb9c60e18b92e80540422a08f6c923cc84b497f696da8175e2083,1,7f00cf9bb22dc19a9be8c5b38f9a1af9273bade3e1c44b2d664ce01f8e85d713
106,1300000,9,c5_dense_distractors,reference,1,0,4,6,1,1,1,4,3,1,1,1,71,1,37,1,0,0,0,2,73,10,0,c317fc2f6397fccaeb8fe78cc448c6fcc2514ef67ecd587b948a9fe1848ae55c,6e708d24cf97f8511a4ef23b99f336e04983c1136883e89ce248bc21d3bb3e47,1,9d6bdb0d9367f801c6026ab1f5d7f16a0dc29a5cf2c8f5c18dd9e973e0f9db6a
106,1300000,9,c5_dense_distractors,production,1,0,4,6,1,1,1,4,3,1,1,1,71,1,37,1,0,0,0,2,73,10,0,c317fc2f6397fccaeb8fe78cc448c6fcc2514ef67ecd587b948a9fe1848ae55c,6e708d24cf97f8511a4ef23b99f336e04983c1136883e89ce248bc21d3bb3e47,1,9d6bdb0d9367f801c6026ab1f5d7f16a0dc29a5cf2c8f5c18dd9e973e0f9db6a
107,1300000,9,c6_swapped_identity,reference,1,0,4,7,1,1,1,4,4,1,1,1,6,1,4,1,0,0,0,1,8,9,9,48c0ba4b027c0e3a7976b32d7b2c11afb7ade7017a2b41af9ff231d4b5e9cfa9,1d95a50bf6607c40a5056896c6a09df8992f102a9384556714ac03c2de6aa58e,1,2c1fbc491ebd36f4dd1329741d0e21e1fb000de87b72c4a6fc37fa74066524da
107,1300000,9,c6_swapped_identity,production,1,0,4,7,1,1,1,4,4,1,1,1,6,1,4,1,0,0,0,1,8,9,9,48c0ba4b027c0e3a7976b32d7b2c11afb7ade7017a2b41af9ff231d4b5e9cfa9,1d95a50bf6607c40a5056896c6a09df8992f102a9384556714ac03c2de6aa58e,1,2c1fbc491ebd36f4dd1329741d0e21e1fb000de87b72c4a6fc37fa74066524da
108,1300000,9,c6_reverse_order,reference,1,0,4,7,1,1,1,4,4,1,1,1,6,1,4,1,0,0,0,1,8,9,9,e47d7a0ddd5927041d2e2a5dc06c22e5c77da634605fe245b4305ffa33aedaba,769cc22368356229ec599a9ff73c60c4c7ee771d4e52171e03c36668ee94174b,1,1888b3c260d6a106b814a326a5d709dc49ca0b301fdcf5ce18c1fc020a7b6128
108,1300000,9,c6_reverse_order,production,1,0,4,7,1,1,1,4,4,1,1,1,6,1,4,1,0,0,0,1,8,9,9,e47d7a0ddd5927041d2e2a5dc06c22e5c77da634605fe245b4305ffa33aedaba,769cc22368356229ec599a9ff73c60c4c7ee771d4e52171e03c36668ee94174b,1,1888b3c260d6a106b814a326a5d709dc49ca0b301fdcf5ce18c1fc020a7b6128
109,1300000,9,c6_timing_offset,reference,1,0,4,6,1,1,1,4,3,1,1,1,6,1,4,1,0,0,0,1,8,11,1,a73f44f14ad82dae0be01ba322eb3faf36f7bf316a1e074ad7eff947c7d7bb8d,19642391236cfa7711a5c1a232c6377fabbab6e45237116d657699ba5719d633,1,e55754d5082caecee2613850824e1a36884f0fa7fdfdf66a50223204eefe41fd
109,1300000,9,c6_timing_offset,production,1,0,4,6,1,1,1,4,3,1,1,1,6,1,4,1,0,0,0,1,8,11,1,a73f44f14ad82dae0be01ba322eb3faf36f7bf316a1e074ad7eff947c7d7bb8d,19642391236cfa7711a5c1a232c6377fabbab6e45237116d657699ba5719d633,1,e55754d5082caecee2613850824e1a36884f0fa7fdfdf66a50223204eefe41fd
110,1300000,9,c7_contact_fanout,reference,1,1,4,7,1,1,1,4,7,1,1,1,6,1,4,2,0,0,0,1,9,9,9,0bff7585103acf85a8a2c58a423a21a392080075cc7ae0db09db2475c34dd337,7b9c5cb5148b3f1b2c03e5851e9e663c2242a3295fea14b41877f9469326eb13,1,abf921a3204a02e74808c34878e84c4441cabdb6fcd5cab01f5059ccc2dfa87c
110,1300000,9,c7_contact_fanout,production,1,1,4,7,1,1,1,4,7,1,1,1,6,1,4,2,0,0,0,1,9,9,9,0bff7585103acf85a8a2c58a423a21a392080075cc7ae0db09db2475c34dd337,7b9c5cb5148b3f1b2c03e5851e9e663c2242a3295fea14b41877f9469326eb13,1,abf921a3204a02e74808c34878e84c4441cabdb6fcd5cab01f5059ccc2dfa87c
111,1400000,0,old_source_local,reference,1,1,4,7,1,1,1,4,7,1,1,1,4,1,2,2,0,0,0,1,7,0,0,e08e2a24e2010eee763b8b0e217f4b78814b2415ba8fb77d8bbc55e5717f81e2,db0a44b9120a9dd199beadf045694ff4c66a610a53fa6c0a8ff0bbd06a9447f9,1,0c6e4e2d7bcfd86993c5d87b639917f523402dabf757edb65c6e02ec48d0c53e
111,1400000,0,old_source_local,production,1,1,4,7,1,1,1,4,7,1,1,1,4,1,2,2,0,0,0,1,7,0,0,e08e2a24e2010eee763b8b0e217f4b78814b2415ba8fb77d8bbc55e5717f81e2,db0a44b9120a9dd199beadf045694ff4c66a610a53fa6c0a8ff0bbd06a9447f9,1,0c6e4e2d7bcfd86993c5d87b639917f523402dabf757edb65c6e02ec48d0c53e
112,1400000,0,c0_contact_a,reference,1,0,4,7,1,1,1,4,4,1,1,1,6,1,4,1,0,0,0,1,8,0,0,4a0424bcc81f5324c7b1543f04c1f70e05b7ddc1394e6214827fa23d266be355,ba00d12572db4b31f97c445384f9a518f17f3e4a15fd622b1013972b88d93d4c,1,d57d43f35184310efb9da380e9c52cebd284d98e7e68d25e2954266c50c0cec4
112,1400000,0,c0_contact_a,production,1,0,4,7,1,1,1,4,4,1,1,1,6,1,4,1,0,0,0,1,8,0,0,4a0424bcc81f5324c7b1543f04c1f70e05b7ddc1394e6214827fa23d266be355,ba00d12572db4b31f97c445384f9a518f17f3e4a15fd622b1013972b88d93d4c,1,d57d43f35184310efb9da380e9c52cebd284d98e7e68d25e2954266c50c0cec4
113,1400000,0,c1_contact_b,reference,0,1,4,4,1,1,1,4,7,1,1,1,6,1,4,1,0,0,0,1,8,0,0,e6126b32ae899a4560b3b426abe9c0c8e981dfffd024493f4f073a539caa62e5,10c869f16a8f2fa80fc6d1a1a4605f7db2021487ac8202f28259ab751b8225f6,1,8b3b7ec2154e0526a2ceffe1141d141ef52371597f6a69d673661de56b2cf691
113,1400000,0,c1_contact_b,production,0,1,4,4,1,1,1,4,7,1,1,1,6,1,4,1,0,0,0,1,8,0,0,e6126b32ae899a4560b3b426abe9c0c8e981dfffd024493f4f073a539caa62e5,10c869f16a8f2fa80fc6d1a1a4605f7db2021487ac8202f28259ab751b8225f6,1,8b3b7ec2154e0526a2ceffe1141d141ef52371597f6a69d673661de56b2cf691
114,1400000,0,c2_a_not_traversed,reference,0,0,4,4,1,1,1,4,4,1,1,1,3,1,2,0,0,0,0,0,4,0,0,5027e45c5022db32f18d7f1bb8a03274af1b826f61f2ac3fb36816c6d241aa76,11836b80ee5afebba3003edd95de7ba1311ed73a4cdd280a168571df52ac07fc,1,92258b789ba6357d0796cc5a7b4bb3bd24b61e9449706f6030683dedda4c37d3
114,1400000,0,c2_a_not_traversed,production,0,0,4,4,1,1,1,4,4,1,1,1,3,1,2,0,0,0,0,0,4,0,0,5027e45c5022db32f18d7f1bb8a03274af1b826f61f2ac3fb36816c6d241aa76,11836b80ee5afebba3003edd95de7ba1311ed73a4cdd280a168571df52ac07fc,1,92258b789ba6357d0796cc5a7b4bb3bd24b61e9449706f6030683dedda4c37d3
115,1400000,0,c3_drive_at_ca,reference,0,0,4,4,1,1,1,4,4,1,1,1,7,0,4,0,0,0,0,2,7,1,1,59b25a5b57523a558025f97a58eadb37e21c26606295917e1de436adca5b84ba,7726192f2ed9d9abe8b7d777e58902b62f7ff597c539fbe2e71d261fc8bde37a,1,da33bfdd2f32ae1c22992b291449237b53089027fb2364868438c63135e2e00c
115,1400000,0,c3_drive_at_ca,production,0,0,4,4,1,1,1,4,4,1,1,1,7,0,4,0,0,0,0,2,7,1,1,59b25a5b57523a558025f97a58eadb37e21c26606295917e1de436adca5b84ba,7726192f2ed9d9abe8b7d777e58902b62f7ff597c539fbe2e71d261fc8bde37a,1,da33bfdd2f32ae1c22992b291449237b53089027fb2364868438c63135e2e00c
116,1400000,0,c4_late_modulation,reference,1,0,4,7,1,1,1,4,4,1,1,1,6,1,4,1,0,0,0,1,8,5,5,c237b7b04d3a1b16b66707fd7d475f021db863198e4020a45382411599bbb8aa,ba00d12572db4b31f97c445384f9a518f17f3e4a15fd622b1013972b88d93d4c,1,94ee019ca340abd6f2f348b4c53b6936928a973f5f2c27b2eb65cfef5deb2939
116,1400000,0,c4_late_modulation,production,1,0,4,7,1,1,1,4,4,1,1,1,6,1,4,1,0,0,0,1,8,5,5,c237b7b04d3a1b16b66707fd7d475f021db863198e4020a45382411599bbb8aa,ba00d12572db4b31f97c445384f9a518f17f3e4a15fd622b1013972b88d93d4c,1,94ee019ca340abd6f2f348b4c53b6936928a973f5f2c27b2eb65cfef5deb2939
117,1400000,0,c5_dense_distractors,reference,1,0,4,7,1,1,1,4,4,1,1,1,71,1,37,1,0,0,0,2,73,1,1,2437c004ed0869a216cb1b5a75252e76262915890b862d426a78066b3fab005a,204c338963b6e36a05a0bd788531523e1a09e89311658289577e47d4c2b8c754,1,58e1d3404923b247e8a8053920b2f78b5f9054b1c799040b1a2cbf4b03d72e16
117,1400000,0,c5_dense_distractors,production,1,0,4,7,1,1,1,4,4,1,1,1,71,1,37,1,0,0,0,2,73,1,1,2437c004ed0869a216cb1b5a75252e76262915890b862d426a78066b3fab005a,204c338963b6e36a05a0bd788531523e1a09e89311658289577e47d4c2b8c754,1,58e1d3404923b247e8a8053920b2f78b5f9054b1c799040b1a2cbf4b03d72e16
118,1400000,0,c6_swapped_identity,reference,1,0,4,7,1,1,1,4,4,1,1,1,6,1,4,1,0,0,0,1,8,0,0,4a0424bcc81f5324c7b1543f04c1f70e05b7ddc1394e6214827fa23d266be355,6af23378e0ef8d547bd2779f240a372dab8f30fceb08ff94d71ce982332b95d9,1,d57d43f35184310efb9da380e9c52cebd284d98e7e68d25e2954266c50c0cec4
118,1400000,0,c6_swapped_identity,production,1,0,4,7,1,1,1,4,4,1,1,1,6,1,4,1,0,0,0,1,8,0,0,4a0424bcc81f5324c7b1543f04c1f70e05b7ddc1394e6214827fa23d266be355,6af23378e0ef8d547bd2779f240a372dab8f30fceb08ff94d71ce982332b95d9,1,d57d43f35184310efb9da380e9c52cebd284d98e7e68d25e2954266c50c0cec4
119,1400000,0,c6_reverse_order,reference,1,0,4,7,1,1,1,4,4,1,1,1,6,1,4,1,0,0,0,1,8,0,0,da5c22a5e59bf05fc9a0e6a26c0ab06f8fec0d54e285b3523869be95ecaf9a70,1196c6e8fe2e434ca12653a7009105add40a0f879c50133219163c9caa6ba765,1,8b3b7ec2154e0526a2ceffe1141d141ef52371597f6a69d673661de56b2cf691
119,1400000,0,c6_reverse_order,production,1,0,4,7,1,1,1,4,4,1,1,1,6,1,4,1,0,0,0,1,8,0,0,da5c22a5e59bf05fc9a0e6a26c0ab06f8fec0d54e285b3523869be95ecaf9a70,1196c6e8fe2e434ca12653a7009105add40a0f879c50133219163c9caa6ba765,1,8b3b7ec2154e0526a2ceffe1141d141ef52371597f6a69d673661de56b2cf691
120,1400000,0,c6_timing_offset,reference,1,0,4,7,1,1,1,4,4,1,1,1,6,1,4,1,0,0,0,1,8,2,2,cdcf047ccb94a5b3cc9e91460071696d5612cb2352993134bc6d7d3f518e6320,ace08be659ed980b8d7d2bb763d452686c2ba3325f133372ed4b92f09d5c4a02,1,00108b9e2d3677b01b6d429814ad1eed2edaa66978a339e29e68270aa2ee217e
120,1400000,0,c6_timing_offset,production,1,0,4,7,1,1,1,4,4,1,1,1,6,1,4,1,0,0,0,1,8,2,2,cdcf047ccb94a5b3cc9e91460071696d5612cb2352993134bc6d7d3f518e6320,ace08be659ed980b8d7d2bb763d452686c2ba3325f133372ed4b92f09d5c4a02,1,00108b9e2d3677b01b6d429814ad1eed2edaa66978a339e29e68270aa2ee217e
121,1400000,0,c7_contact_fanout,reference,1,1,4,7,1,1,1,4,7,1,1,1,6,1,4,2,0,0,0,1,9,0,0,edda0f81a90f690c928319939797f2dbc17c3cb09fc6027b7c714d62dc3c722c,9ff6f22cea183b936585c3186172b78964d71816fc41260a83300492c856e45b,1,283ee8d4c41b40dbc0646eeb0cdfdcd0ae042f450a176f525a760e6a2c62d081
121,1400000,0,c7_contact_fanout,production,1,1,4,7,1,1,1,4,7,1,1,1,6,1,4,2,0,0,0,1,9,0,0,edda0f81a90f690c928319939797f2dbc17c3cb09fc6027b7c714d62dc3c722c,9ff6f22cea183b936585c3186172b78964d71816fc41260a83300492c856e45b,1,283ee8d4c41b40dbc0646eeb0cdfdcd0ae042f450a176f525a760e6a2c62d081
122,1400000,1,old_source_local,reference,1,1,4,7,1,1,1,4,7,1,1,1,4,1,2,2,0,0,0,1,7,1,1,f3cee1ff12fb6dbd0d27d7d2a6fd5f4fbc5246de270dd9c4dfded34f511521ba,db0a44b9120a9dd199beadf045694ff4c66a610a53fa6c0a8ff0bbd06a9447f9,1,6ed39caa69dca8afd54615b71e96ca54dcf149649aa1c66e853062c7e2d5ce4e
122,1400000,1,old_source_local,production,1,1,4,7,1,1,1,4,7,1,1,1,4,1,2,2,0,0,0,1,7,1,1,f3cee1ff12fb6dbd0d27d7d2a6fd5f4fbc5246de270dd9c4dfded34f511521ba,db0a44b9120a9dd199beadf045694ff4c66a610a53fa6c0a8ff0bbd06a9447f9,1,6ed39caa69dca8afd54615b71e96ca54dcf149649aa1c66e853062c7e2d5ce4e
123,1400000,1,c0_contact_a,reference,1,0,4,7,1,1,1,4,4,1,1,1,6,1,4,1,0,0,0,1,8,1,1,35048e4ac78c9ce6e1bd7c64917fa272c002de28ebf0724a39a2f834dfbf4921,ba00d12572db4b31f97c445384f9a518f17f3e4a15fd622b1013972b88d93d4c,1,ea08513394817448a8c5c515d5d6e150a31ed2141cb2b77f7077a318fa0db74d
123,1400000,1,c0_contact_a,production,1,0,4,7,1,1,1,4,4,1,1,1,6,1,4,1,0,0,0,1,8,1,1,35048e4ac78c9ce6e1bd7c64917fa272c002de28ebf0724a39a2f834dfbf4921,ba00d12572db4b31f97c445384f9a518f17f3e4a15fd622b1013972b88d93d4c,1,ea08513394817448a8c5c515d5d6e150a31ed2141cb2b77f7077a318fa0db74d
124,1400000,1,c1_contact_b,reference,0,1,4,4,1,1,1,4,7,1,1,1,6,1,4,1,0,0,0,1,8,1,1,d21a50a4e565286d1c27a731963fdf3fbad645b258ac0275bc342299ad396217,10c869f16a8f2fa80fc6d1a1a4605f7db2021487ac8202f28259ab751b8225f6,1,144a94e84cd4a03cd64092eddd91a90f3dc31b8c455f83baf6f8b1e6930136e1
124,1400000,1,c1_contact_b,production,0,1,4,4,1,1,1,4,7,1,1,1,6,1,4,1,0,0,0,1,8,1,1,d21a50a4e565286d1c27a731963fdf3fbad645b258ac0275bc342299ad396217,10c869f16a8f2fa80fc6d1a1a4605f7db2021487ac8202f28259ab751b8225f6,1,144a94e84cd4a03cd64092eddd91a90f3dc31b8c455f83baf6f8b1e6930136e1
125,1400000,1,c2_a_not_traversed,reference,0,0,4,4,1,1,1,4,4,1,1,1,3,1,2,0,0,0,0,0,4,1,1,694327f6c93892752fb867974cc77c9d36bdcd80742cea0089e51da042b9ec10,11836b80ee5afebba3003edd95de7ba1311ed73a4cdd280a168571df52ac07fc,1,a84e9948bc9a5734c8bcb61af68e22abf12126b3f2b0166159ac845735990e32
125,1400000,1,c2_a_not_traversed,production,0,0,4,4,1,1,1,4,4,1,1,1,3,1,2,0,0,0,0,0,4,1,1,694327f6c93892752fb867974cc77c9d36bdcd80742cea0089e51da042b9ec10,11836b80ee5afebba3003edd95de7ba1311ed73a4cdd280a168571df52ac07fc,1,a84e9948bc9a5734c8bcb61af68e22abf12126b3f2b0166159ac845735990e32
126,1400000,1,c3_drive_at_ca,reference,0,0,4,4,1,1,1,4,4,1,1,1,7,0,4,0,0,0,0,2,7,2,2,2d9698915b94f09e5779721a062086bec504e9d8c2c4712e16a5d847a746c118,7726192f2ed9d9abe8b7d777e58902b62f7ff597c539fbe2e71d261fc8bde37a,1,3c9a03a7a8b4df03b17d05d7f7a9a7a31dc1eb7e7a73310138af287fc4d9215e
126,1400000,1,c3_drive_at_ca,production,0,0,4,4,1,1,1,4,4,1,1,1,7,0,4,0,0,0,0,2,7,2,2,2d9698915b94f09e5779721a062086bec504e9d8c2c4712e16a5d847a746c118,7726192f2ed9d9abe8b7d777e58902b62f7ff597c539fbe2e71d261fc8bde37a,1,3c9a03a7a8b4df03b17d05d7f7a9a7a31dc1eb7e7a73310138af287fc4d9215e
127,1400000,1,c4_late_modulation,reference,1,0,4,7,1,1,1,4,4,1,1,1,6,1,4,1,0,0,0,1,8,6,6,2968e9ca221341b9e22c1176c7aa1da950240f8c57f05df7af76ea87d16350b5,ba00d12572db4b31f97c445384f9a518f17f3e4a15fd622b1013972b88d93d4c,1,411be4a614f452c3bf76223e57d6c994ae141ebea7f2c5df0d3e53d0981a38fc
127,1400000,1,c4_late_modulation,production,1,0,4,7,1,1,1,4,4,1,1,1,6,1,4,1,0,0,0,1,8,6,6,2968e9ca221341b9e22c1176c7aa1da950240f8c57f05df7af76ea87d16350b5,ba00d12572db4b31f97c445384f9a518f17f3e4a15fd622b1013972b88d93d4c,1,411be4a614f452c3bf76223e57d6c994ae141ebea7f2c5df0d3e53d0981a38fc
128,1400000,1,c5_dense_distractors,reference,1,0,4,7,1,1,1,4,4,1,1,1,71,1,37,1,0,0,0,2,73,2,2,01487bf5ee3ebfbe82ceef6e0f9ce25b91c2430614a984972795211714c497cb,204c338963b6e36a05a0bd788531523e1a09e89311658289577e47d4c2b8c754,1,1e3623a8b29b8e2ebef55df1a3f78d876846363e972f427ae1e838ab06b25060
128,1400000,1,c5_dense_distractors,production,1,0,4,7,1,1,1,4,4,1,1,1,71,1,37,1,0,0,0,2,73,2,2,01487bf5ee3ebfbe82ceef6e0f9ce25b91c2430614a984972795211714c497cb,204c338963b6e36a05a0bd788531523e1a09e89311658289577e47d4c2b8c754,1,1e3623a8b29b8e2ebef55df1a3f78d876846363e972f427ae1e838ab06b25060
129,1400000,1,c6_swapped_identity,reference,1,0,4,7,1,1,1,4,4,1,1,1,6,1,4,1,0,0,0,1,8,1,1,35048e4ac78c9ce6e1bd7c64917fa272c002de28ebf0724a39a2f834dfbf4921,6af23378e0ef8d547bd2779f240a372dab8f30fceb08ff94d71ce982332b95d9,1,ea08513394817448a8c5c515d5d6e150a31ed2141cb2b77f7077a318fa0db74d
129,1400000,1,c6_swapped_identity,production,1,0,4,7,1,1,1,4,4,1,1,1,6,1,4,1,0,0,0,1,8,1,1,35048e4ac78c9ce6e1bd7c64917fa272c002de28ebf0724a39a2f834dfbf4921,6af23378e0ef8d547bd2779f240a372dab8f30fceb08ff94d71ce982332b95d9,1,ea08513394817448a8c5c515d5d6e150a31ed2141cb2b77f7077a318fa0db74d
130,1400000,1,c6_reverse_order,reference,1,0,4,7,1,1,1,4,4,1,1,1,6,1,4,1,0,0,0,1,8,1,1,86054e5a051896fa24426c6ddcce9dea17c5dfe02da345fe91bfc6dec2cb7691,1196c6e8fe2e434ca12653a7009105add40a0f879c50133219163c9caa6ba765,1,144a94e84cd4a03cd64092eddd91a90f3dc31b8c455f83baf6f8b1e6930136e1
130,1400000,1,c6_reverse_order,production,1,0,4,7,1,1,1,4,4,1,1,1,6,1,4,1,0,0,0,1,8,1,1,86054e5a051896fa24426c6ddcce9dea17c5dfe02da345fe91bfc6dec2cb7691,1196c6e8fe2e434ca12653a7009105add40a0f879c50133219163c9caa6ba765,1,144a94e84cd4a03cd64092eddd91a90f3dc31b8c455f83baf6f8b1e6930136e1
131,1400000,1,c6_timing_offset,reference,1,0,4,7,1,1,1,4,4,1,1,1,6,1,4,1,0,0,0,1,8,3,3,25376fe6751c8f6409f78212e0255c57bd25e2ce4e1df543a26f8e4c216d0c4c,ace08be659ed980b8d7d2bb763d452686c2ba3325f133372ed4b92f09d5c4a02,1,7c8efcc30c152a2a00b4c9c6eb90e44e13b51ff843efb3617b9e881ac32f3893
131,1400000,1,c6_timing_offset,production,1,0,4,7,1,1,1,4,4,1,1,1,6,1,4,1,0,0,0,1,8,3,3,25376fe6751c8f6409f78212e0255c57bd25e2ce4e1df543a26f8e4c216d0c4c,ace08be659ed980b8d7d2bb763d452686c2ba3325f133372ed4b92f09d5c4a02,1,7c8efcc30c152a2a00b4c9c6eb90e44e13b51ff843efb3617b9e881ac32f3893
132,1400000,1,c7_contact_fanout,reference,1,1,4,7,1,1,1,4,7,1,1,1,6,1,4,2,0,0,0,1,9,1,1,3a1dc66bd4c01016a06e21795d247750785c7d497cd8ea2b8e51e1ce63758387,9ff6f22cea183b936585c3186172b78964d71816fc41260a83300492c856e45b,1,5163f3d7932aac6f1130b1b56014eefebbb139f7f0c9a63432d4ed32cd196e48
132,1400000,1,c7_contact_fanout,production,1,1,4,7,1,1,1,4,7,1,1,1,6,1,4,2,0,0,0,1,9,1,1,3a1dc66bd4c01016a06e21795d247750785c7d497cd8ea2b8e51e1ce63758387,9ff6f22cea183b936585c3186172b78964d71816fc41260a83300492c856e45b,1,5163f3d7932aac6f1130b1b56014eefebbb139f7f0c9a63432d4ed32cd196e48
133,1400000,2,old_source_local,reference,1,1,4,7,1,1,1,4,7,1,1,1,4,1,2,2,0,0,0,1,7,2,2,5f8d36265847d8f9879cda922f6b55731e2f644f104f1f9af96760b6287dd956,db0a44b9120a9dd199beadf045694ff4c66a610a53fa6c0a8ff0bbd06a9447f9,1,184cce794795cc369f2b734689c46ff99be00b2f90a399054e573934832f61a9
133,1400000,2,old_source_local,production,1,1,4,7,1,1,1,4,7,1,1,1,4,1,2,2,0,0,0,1,7,2,2,5f8d36265847d8f9879cda922f6b55731e2f644f104f1f9af96760b6287dd956,db0a44b9120a9dd199beadf045694ff4c66a610a53fa6c0a8ff0bbd06a9447f9,1,184cce794795cc369f2b734689c46ff99be00b2f90a399054e573934832f61a9
134,1400000,2,c0_contact_a,reference,1,0,4,7,1,1,1,4,4,1,1,1,6,1,4,1,0,0,0,1,8,2,2,091c4d6e6677847cc558dda82f60a3b1941519d6cbd9803ec22cb376c999e4ec,ba00d12572db4b31f97c445384f9a518f17f3e4a15fd622b1013972b88d93d4c,1,b6bae646e50ce3526cb89078e82e78f9b6a6c5025aa8f6e93846b93e4947171b
134,1400000,2,c0_contact_a,production,1,0,4,7,1,1,1,4,4,1,1,1,6,1,4,1,0,0,0,1,8,2,2,091c4d6e6677847cc558dda82f60a3b1941519d6cbd9803ec22cb376c999e4ec,ba00d12572db4b31f97c445384f9a518f17f3e4a15fd622b1013972b88d93d4c,1,b6bae646e50ce3526cb89078e82e78f9b6a6c5025aa8f6e93846b93e4947171b
135,1400000,2,c1_contact_b,reference,0,1,4,4,1,1,1,4,7,1,1,1,6,1,4,1,0,0,0,1,8,2,2,d507caf84a9d0dbec000ae8aed8263ad9cadd4af06f112b69574c103067c62d4,10c869f16a8f2fa80fc6d1a1a4605f7db2021487ac8202f28259ab751b8225f6,1,c637ebc935462ed0c3637d11f7a9339b861e5f8057a8c4b6dddaba39e95af4b5
135,1400000,2,c1_contact_b,production,0,1,4,4,1,1,1,4,7,1,1,1,6,1,4,1,0,0,0,1,8,2,2,d507caf84a9d0dbec000ae8aed8263ad9cadd4af06f112b69574c103067c62d4,10c869f16a8f2fa80fc6d1a1a4605f7db2021487ac8202f28259ab751b8225f6,1,c637ebc935462ed0c3637d11f7a9339b861e5f8057a8c4b6dddaba39e95af4b5
136,1400000,2,c2_a_not_traversed,reference,0,0,4,4,1,1,1,4,4,1,1,1,3,1,2,0,0,0,0,0,4,2,2,1fd972fa683f01706da3803c407adbac73dc1b77a1b684c5517efe33b0d6613f,11836b80ee5afebba3003edd95de7ba1311ed73a4cdd280a168571df52ac07fc,1,c2e14b05ed5cb98ceb45d44a17811eceac28cf909398064a5c41ec2581dadda9
136,1400000,2,c2_a_not_traversed,production,0,0,4,4,1,1,1,4,4,1,1,1,3,1,2,0,0,0,0,0,4,2,2,1fd972fa683f01706da3803c407adbac73dc1b77a1b684c5517efe33b0d6613f,11836b80ee5afebba3003edd95de7ba1311ed73a4cdd280a168571df52ac07fc,1,c2e14b05ed5cb98ceb45d44a17811eceac28cf909398064a5c41ec2581dadda9
137,1400000,2,c3_drive_at_ca,reference,0,0,4,4,1,1,1,4,4,1,1,1,7,0,4,0,0,0,0,2,7,3,3,660f91e3c8695584822cf32f4c32f09d42e68281a64f8f0e62391dd0e254d581,7726192f2ed9d9abe8b7d777e58902b62f7ff597c539fbe2e71d261fc8bde37a,1,122ccf66f1c6276251cf10027b18913139ccda3df54fc258056e44bdfc411d75
137,1400000,2,c3_drive_at_ca,production,0,0,4,4,1,1,1,4,4,1,1,1,7,0,4,0,0,0,0,2,7,3,3,660f91e3c8695584822cf32f4c32f09d42e68281a64f8f0e62391dd0e254d581,7726192f2ed9d9abe8b7d777e58902b62f7ff597c539fbe2e71d261fc8bde37a,1,122ccf66f1c6276251cf10027b18913139ccda3df54fc258056e44bdfc411d75
138,1400000,2,c4_late_modulation,reference,1,0,4,7,1,1,1,4,4,1,1,1,6,1,4,1,0,0,0,1,8,7,7,153566ca69e3eea5143a672d432df97d36e13f7d5e60706eb6c4bfdd77334537,ba00d12572db4b31f97c445384f9a518f17f3e4a15fd622b1013972b88d93d4c,1,34905c470018c72c10d29b0b85b791ee56e2b48b2ea39b837d7ffcafef0ffe0b
138,1400000,2,c4_late_modulation,production,1,0,4,7,1,1,1,4,4,1,1,1,6,1,4,1,0,0,0,1,8,7,7,153566ca69e3eea5143a672d432df97d36e13f7d5e60706eb6c4bfdd77334537,ba00d12572db4b31f97c445384f9a518f17f3e4a15fd622b1013972b88d93d4c,1,34905c470018c72c10d29b0b85b791ee56e2b48b2ea39b837d7ffcafef0ffe0b
139,1400000,2,c5_dense_distractors,reference,1,0,4,7,1,1,1,4,4,1,1,1,71,1,37,1,0,0,0,2,73,3,3,d702adc1dceca0a1f2af9df19ba8a5ed757e572a593547951cb777d775b46a8e,204c338963b6e36a05a0bd788531523e1a09e89311658289577e47d4c2b8c754,1,93447b7b77f5a10ffd53a39cd2841257c1511735b7fb1074d78571c3051cb80f
139,1400000,2,c5_dense_distractors,production,1,0,4,7,1,1,1,4,4,1,1,1,71,1,37,1,0,0,0,2,73,3,3,d702adc1dceca0a1f2af9df19ba8a5ed757e572a593547951cb777d775b46a8e,204c338963b6e36a05a0bd788531523e1a09e89311658289577e47d4c2b8c754,1,93447b7b77f5a10ffd53a39cd2841257c1511735b7fb1074d78571c3051cb80f
140,1400000,2,c6_swapped_identity,reference,1,0,4,7,1,1,1,4,4,1,1,1,6,1,4,1,0,0,0,1,8,2,2,091c4d6e6677847cc558dda82f60a3b1941519d6cbd9803ec22cb376c999e4ec,6af23378e0ef8d547bd2779f240a372dab8f30fceb08ff94d71ce982332b95d9,1,b6bae646e50ce3526cb89078e82e78f9b6a6c5025aa8f6e93846b93e4947171b
140,1400000,2,c6_swapped_identity,production,1,0,4,7,1,1,1,4,4,1,1,1,6,1,4,1,0,0,0,1,8,2,2,091c4d6e6677847cc558dda82f60a3b1941519d6cbd9803ec22cb376c999e4ec,6af23378e0ef8d547bd2779f240a372dab8f30fceb08ff94d71ce982332b95d9,1,b6bae646e50ce3526cb89078e82e78f9b6a6c5025aa8f6e93846b93e4947171b
141,1400000,2,c6_reverse_order,reference,1,0,4,7,1,1,1,4,4,1,1,1,6,1,4,1,0,0,0,1,8,2,2,778198fe00d06d0e6198530993fa366251e9a0b1f6e2e225eb993a12c5a2b8ab,1196c6e8fe2e434ca12653a7009105add40a0f879c50133219163c9caa6ba765,1,c637ebc935462ed0c3637d11f7a9339b861e5f8057a8c4b6dddaba39e95af4b5
141,1400000,2,c6_reverse_order,production,1,0,4,7,1,1,1,4,4,1,1,1,6,1,4,1,0,0,0,1,8,2,2,778198fe00d06d0e6198530993fa366251e9a0b1f6e2e225eb993a12c5a2b8ab,1196c6e8fe2e434ca12653a7009105add40a0f879c50133219163c9caa6ba765,1,c637ebc935462ed0c3637d11f7a9339b861e5f8057a8c4b6dddaba39e95af4b5
142,1400000,2,c6_timing_offset,reference,1,0,4,7,1,1,1,4,4,1,1,1,6,1,4,1,0,0,0,1,8,4,4,2f0668ce37866d83ddf0dd26c03ca648fa6e98608b77c2b743a53a2c9e51695d,ace08be659ed980b8d7d2bb763d452686c2ba3325f133372ed4b92f09d5c4a02,1,fc871d75277dde43d4b637eee8b1428f5f1946f9357f765c8486b7c4c80da7b8
142,1400000,2,c6_timing_offset,production,1,0,4,7,1,1,1,4,4,1,1,1,6,1,4,1,0,0,0,1,8,4,4,2f0668ce37866d83ddf0dd26c03ca648fa6e98608b77c2b743a53a2c9e51695d,ace08be659ed980b8d7d2bb763d452686c2ba3325f133372ed4b92f09d5c4a02,1,fc871d75277dde43d4b637eee8b1428f5f1946f9357f765c8486b7c4c80da7b8
143,1400000,2,c7_contact_fanout,reference,1,1,4,7,1,1,1,4,7,1,1,1,6,1,4,2,0,0,0,1,9,2,2,a6d862abdbfd6030889904c9ca5740d594ef5653b5c557d6c22241bbf9c661de,9ff6f22cea183b936585c3186172b78964d71816fc41260a83300492c856e45b,1,263a86a9ff0ed3639827116576459fc854e4c87bb9631f0e02555c21d1941a8d
143,1400000,2,c7_contact_fanout,production,1,1,4,7,1,1,1,4,7,1,1,1,6,1,4,2,0,0,0,1,9,2,2,a6d862abdbfd6030889904c9ca5740d594ef5653b5c557d6c22241bbf9c661de,9ff6f22cea183b936585c3186172b78964d71816fc41260a83300492c856e45b,1,263a86a9ff0ed3639827116576459fc854e4c87bb9631f0e02555c21d1941a8d
144,1400000,3,old_source_local,reference,1,1,4,7,1,1,1,4,7,1,1,1,4,1,2,2,0,0,0,1,7,3,3,71e05a84cc40696660f0468213e663cbd94f81adf5f5e4757bc8a57bb8a348e4,db0a44b9120a9dd199beadf045694ff4c66a610a53fa6c0a8ff0bbd06a9447f9,1,36a3c6e3f7ec2cca9b69f7851b12999a13397bb94940704319ae002b486ea64b
144,1400000,3,old_source_local,production,1,1,4,7,1,1,1,4,7,1,1,1,4,1,2,2,0,0,0,1,7,3,3,71e05a84cc40696660f0468213e663cbd94f81adf5f5e4757bc8a57bb8a348e4,db0a44b9120a9dd199beadf045694ff4c66a610a53fa6c0a8ff0bbd06a9447f9,1,36a3c6e3f7ec2cca9b69f7851b12999a13397bb94940704319ae002b486ea64b
145,1400000,3,c0_contact_a,reference,1,0,4,7,1,1,1,4,4,1,1,1,6,1,4,1,0,0,0,1,8,3,3,74595d65a0ceff869ef64de9054b67882e4d665c503bc3da18c7b0a385084920,ba00d12572db4b31f97c445384f9a518f17f3e4a15fd622b1013972b88d93d4c,1,0b084fc69c731b3439068a1b0248b54c9eb9a0dca3649d56ffdb4c7f90ab85b6
145,1400000,3,c0_contact_a,production,1,0,4,7,1,1,1,4,4,1,1,1,6,1,4,1,0,0,0,1,8,3,3,74595d65a0ceff869ef64de9054b67882e4d665c503bc3da18c7b0a385084920,ba00d12572db4b31f97c445384f9a518f17f3e4a15fd622b1013972b88d93d4c,1,0b084fc69c731b3439068a1b0248b54c9eb9a0dca3649d56ffdb4c7f90ab85b6
146,1400000,3,c1_contact_b,reference,0,1,4,4,1,1,1,4,7,1,1,1,6,1,4,1,0,0,0,1,8,3,3,2719eabd00df02f0fca513418df8528d58f09a3f4a8a7161f5d44c8290854bf3,10c869f16a8f2fa80fc6d1a1a4605f7db2021487ac8202f28259ab751b8225f6,1,755a8f15e111a90d831901df0f279e06d514bf0be3125b3d68ff366234f4a711
146,1400000,3,c1_contact_b,production,0,1,4,4,1,1,1,4,7,1,1,1,6,1,4,1,0,0,0,1,8,3,3,2719eabd00df02f0fca513418df8528d58f09a3f4a8a7161f5d44c8290854bf3,10c869f16a8f2fa80fc6d1a1a4605f7db2021487ac8202f28259ab751b8225f6,1,755a8f15e111a90d831901df0f279e06d514bf0be3125b3d68ff366234f4a711
147,1400000,3,c2_a_not_traversed,reference,0,0,4,4,1,1,1,4,4,1,1,1,3,1,2,0,0,0,0,0,4,3,3,679675e42d193dde5d029c3728ce554dcd2c26881a2ad173661013ba4376fb02,11836b80ee5afebba3003edd95de7ba1311ed73a4cdd280a168571df52ac07fc,1,ba9f7ae12f8acc8203682de02d35ac74efc719eedf37ea441d0a904d53249ec5
147,1400000,3,c2_a_not_traversed,production,0,0,4,4,1,1,1,4,4,1,1,1,3,1,2,0,0,0,0,0,4,3,3,679675e42d193dde5d029c3728ce554dcd2c26881a2ad173661013ba4376fb02,11836b80ee5afebba3003edd95de7ba1311ed73a4cdd280a168571df52ac07fc,1,ba9f7ae12f8acc8203682de02d35ac74efc719eedf37ea441d0a904d53249ec5
148,1400000,3,c3_drive_at_ca,reference,0,0,4,4,1,1,1,4,4,1,1,1,7,0,4,0,0,0,0,2,7,4,4,a7c4d1319d2762f292ee923036c46b4d9f3dc34ce13ecadf528e022b1d2027ec,7726192f2ed9d9abe8b7d777e58902b62f7ff597c539fbe2e71d261fc8bde37a,1,adf67c9aaf5a3b3ea258ac975c3dd44a93a03bda0b3a88847e53382997ae1a94
148,1400000,3,c3_drive_at_ca,production,0,0,4,4,1,1,1,4,4,1,1,1,7,0,4,0,0,0,0,2,7,4,4,a7c4d1319d2762f292ee923036c46b4d9f3dc34ce13ecadf528e022b1d2027ec,7726192f2ed9d9abe8b7d777e58902b62f7ff597c539fbe2e71d261fc8bde37a,1,adf67c9aaf5a3b3ea258ac975c3dd44a93a03bda0b3a88847e53382997ae1a94
149,1400000,3,c4_late_modulation,reference,1,0,4,7,1,1,1,4,4,1,1,1,6,1,4,1,0,0,0,1,8,8,8,5aa02cf070318a7f7ffcaf69cfe72e3267a41769fb9405979e6abef4220ebb58,ba00d12572db4b31f97c445384f9a518f17f3e4a15fd622b1013972b88d93d4c,1,3c6388f71fdf37be04b1e7a895f276d8f68a1ab38549150bfacb00d99dbf6cf4
149,1400000,3,c4_late_modulation,production,1,0,4,7,1,1,1,4,4,1,1,1,6,1,4,1,0,0,0,1,8,8,8,5aa02cf070318a7f7ffcaf69cfe72e3267a41769fb9405979e6abef4220ebb58,ba00d12572db4b31f97c445384f9a518f17f3e4a15fd622b1013972b88d93d4c,1,3c6388f71fdf37be04b1e7a895f276d8f68a1ab38549150bfacb00d99dbf6cf4
150,1400000,3,c5_dense_distractors,reference,1,0,4,7,1,1,1,4,4,1,1,1,71,1,37,1,0,0,0,2,73,4,4,c13cc398109fdbd2102a5f28f2fb12a3f65ca3ec54a0da25def8a82d419b52b0,204c338963b6e36a05a0bd788531523e1a09e89311658289577e47d4c2b8c754,1,15c00820a857a6c65f97377ce56529b3d67661d0cf3de2606bebebd6bf422b6d
150,1400000,3,c5_dense_distractors,production,1,0,4,7,1,1,1,4,4,1,1,1,71,1,37,1,0,0,0,2,73,4,4,c13cc398109fdbd2102a5f28f2fb12a3f65ca3ec54a0da25def8a82d419b52b0,204c338963b6e36a05a0bd788531523e1a09e89311658289577e47d4c2b8c754,1,15c00820a857a6c65f97377ce56529b3d67661d0cf3de2606bebebd6bf422b6d
151,1400000,3,c6_swapped_identity,reference,1,0,4,7,1,1,1,4,4,1,1,1,6,1,4,1,0,0,0,1,8,3,3,74595d65a0ceff869ef64de9054b67882e4d665c503bc3da18c7b0a385084920,6af23378e0ef8d547bd2779f240a372dab8f30fceb08ff94d71ce982332b95d9,1,0b084fc69c731b3439068a1b0248b54c9eb9a0dca3649d56ffdb4c7f90ab85b6
151,1400000,3,c6_swapped_identity,production,1,0,4,7,1,1,1,4,4,1,1,1,6,1,4,1,0,0,0,1,8,3,3,74595d65a0ceff869ef64de9054b67882e4d665c503bc3da18c7b0a385084920,6af23378e0ef8d547bd2779f240a372dab8f30fceb08ff94d71ce982332b95d9,1,0b084fc69c731b3439068a1b0248b54c9eb9a0dca3649d56ffdb4c7f90ab85b6
152,1400000,3,c6_reverse_order,reference,1,0,4,7,1,1,1,4,4,1,1,1,6,1,4,1,0,0,0,1,8,3,3,56cd15cd2a88fbd05e24f4022dcc6cc5cd8c094a7ca7d2a97a670a64d52d7cf9,1196c6e8fe2e434ca12653a7009105add40a0f879c50133219163c9caa6ba765,1,755a8f15e111a90d831901df0f279e06d514bf0be3125b3d68ff366234f4a711
152,1400000,3,c6_reverse_order,production,1,0,4,7,1,1,1,4,4,1,1,1,6,1,4,1,0,0,0,1,8,3,3,56cd15cd2a88fbd05e24f4022dcc6cc5cd8c094a7ca7d2a97a670a64d52d7cf9,1196c6e8fe2e434ca12653a7009105add40a0f879c50133219163c9caa6ba765,1,755a8f15e111a90d831901df0f279e06d514bf0be3125b3d68ff366234f4a711
153,1400000,3,c6_timing_offset,reference,1,0,4,7,1,1,1,4,4,1,1,1,6,1,4,1,0,0,0,1,8,5,5,5c4e6359d546b760753e00eb3cb9945af20760ba2a7b5d4e5e7dd3a3a76fe0a0,ace08be659ed980b8d7d2bb763d452686c2ba3325f133372ed4b92f09d5c4a02,1,d6939271c7ec0fd654c3c6fcf5eb35cfa177c41d52830455fef6b96ec44f5dd8
153,1400000,3,c6_timing_offset,production,1,0,4,7,1,1,1,4,4,1,1,1,6,1,4,1,0,0,0,1,8,5,5,5c4e6359d546b760753e00eb3cb9945af20760ba2a7b5d4e5e7dd3a3a76fe0a0,ace08be659ed980b8d7d2bb763d452686c2ba3325f133372ed4b92f09d5c4a02,1,d6939271c7ec0fd654c3c6fcf5eb35cfa177c41d52830455fef6b96ec44f5dd8
154,1400000,3,c7_contact_fanout,reference,1,1,4,7,1,1,1,4,7,1,1,1,6,1,4,2,0,0,0,1,9,3,3,70800446e1dad09418d23e96bb4321f915bb6feeb98959a0d8942b6be86b7c7a,9ff6f22cea183b936585c3186172b78964d71816fc41260a83300492c856e45b,1,cc60f5eaa331e6ea68598bd1c40dc9204f2872bea788386f21433e9feafb4593
154,1400000,3,c7_contact_fanout,production,1,1,4,7,1,1,1,4,7,1,1,1,6,1,4,2,0,0,0,1,9,3,3,70800446e1dad09418d23e96bb4321f915bb6feeb98959a0d8942b6be86b7c7a,9ff6f22cea183b936585c3186172b78964d71816fc41260a83300492c856e45b,1,cc60f5eaa331e6ea68598bd1c40dc9204f2872bea788386f21433e9feafb4593
155,1400000,4,old_source_local,reference,1,1,4,7,1,1,1,4,7,1,1,1,4,1,2,2,0,0,0,1,7,4,4,06dec99ab8d8edc0a643c10bb11b98d1b615336cfff6948d6f1960abe5d0d8ed,db0a44b9120a9dd199beadf045694ff4c66a610a53fa6c0a8ff0bbd06a9447f9,1,97b08a654f3281d8f1fbb5f716e54bcc59f0b23126b36f2fe35aab43e90d1b02
155,1400000,4,old_source_local,production,1,1,4,7,1,1,1,4,7,1,1,1,4,1,2,2,0,0,0,1,7,4,4,06dec99ab8d8edc0a643c10bb11b98d1b615336cfff6948d6f1960abe5d0d8ed,db0a44b9120a9dd199beadf045694ff4c66a610a53fa6c0a8ff0bbd06a9447f9,1,97b08a654f3281d8f1fbb5f716e54bcc59f0b23126b36f2fe35aab43e90d1b02
156,1400000,4,c0_contact_a,reference,1,0,4,7,1,1,1,4,4,1,1,1,6,1,4,1,0,0,0,1,8,4,4,5bbc26e69dc91962a3e54917faf1d3cfd920e17650b8b9004ed4a90bf5e42e93,ba00d12572db4b31f97c445384f9a518f17f3e4a15fd622b1013972b88d93d4c,1,dc495d89785ec8e8e9c1a298038aa01c5cfb153e3eb5dfd7f555bf040cbe6a1b
156,1400000,4,c0_contact_a,production,1,0,4,7,1,1,1,4,4,1,1,1,6,1,4,1,0,0,0,1,8,4,4,5bbc26e69dc91962a3e54917faf1d3cfd920e17650b8b9004ed4a90bf5e42e93,ba00d12572db4b31f97c445384f9a518f17f3e4a15fd622b1013972b88d93d4c,1,dc495d89785ec8e8e9c1a298038aa01c5cfb153e3eb5dfd7f555bf040cbe6a1b
157,1400000,4,c1_contact_b,reference,0,1,4,4,1,1,1,4,7,1,1,1,6,1,4,1,0,0,0,1,8,4,4,b954d2e594cb41a26d93d7303fe0a2cdb928a075788c859404cec62ddc4b072d,10c869f16a8f2fa80fc6d1a1a4605f7db2021487ac8202f28259ab751b8225f6,1,9a93aca0a67c8f4cb67638e97e6b6c814d988a1c28a210b62f78a0a109988682
157,1400000,4,c1_contact_b,production,0,1,4,4,1,1,1,4,7,1,1,1,6,1,4,1,0,0,0,1,8,4,4,b954d2e594cb41a26d93d7303fe0a2cdb928a075788c859404cec62ddc4b072d,10c869f16a8f2fa80fc6d1a1a4605f7db2021487ac8202f28259ab751b8225f6,1,9a93aca0a67c8f4cb67638e97e6b6c814d988a1c28a210b62f78a0a109988682
158,1400000,4,c2_a_not_traversed,reference,0,0,4,4,1,1,1,4,4,1,1,1,3,1,2,0,0,0,0,0,4,4,4,828c2f71f5009dbc1eb90524810016f92e210f5c2624f1e6897b2b0f20310b18,11836b80ee5afebba3003edd95de7ba1311ed73a4cdd280a168571df52ac07fc,1,52a141d9b63b35904dea030920fe0dd8197ee65a943e59a230308b1c1117f556
158,1400000,4,c2_a_not_traversed,production,0,0,4,4,1,1,1,4,4,1,1,1,3,1,2,0,0,0,0,0,4,4,4,828c2f71f5009dbc1eb90524810016f92e210f5c2624f1e6897b2b0f20310b18,11836b80ee5afebba3003edd95de7ba1311ed73a4cdd280a168571df52ac07fc,1,52a141d9b63b35904dea030920fe0dd8197ee65a943e59a230308b1c1117f556
159,1400000,4,c3_drive_at_ca,reference,0,0,4,4,1,1,1,4,4,1,1,1,7,0,4,0,0,0,0,2,7,5,5,b616735d8e64d935172ffd1c9aa4745570292a61791282c377c73370cca820e3,7726192f2ed9d9abe8b7d777e58902b62f7ff597c539fbe2e71d261fc8bde37a,1,17f08be246de42dd35cb31bbd067e9b4a3066509cb50214bd6391fad5781160e
159,1400000,4,c3_drive_at_ca,production,0,0,4,4,1,1,1,4,4,1,1,1,7,0,4,0,0,0,0,2,7,5,5,b616735d8e64d935172ffd1c9aa4745570292a61791282c377c73370cca820e3,7726192f2ed9d9abe8b7d777e58902b62f7ff597c539fbe2e71d261fc8bde37a,1,17f08be246de42dd35cb31bbd067e9b4a3066509cb50214bd6391fad5781160e
160,1400000,4,c4_late_modulation,reference,1,0,4,7,1,1,1,4,4,1,1,1,6,1,4,1,0,0,0,1,8,9,9,60f5f8ac8d600db4b99f7aabb28d05b058d50062a6edb71700956cd9528fd02f,ba00d12572db4b31f97c445384f9a518f17f3e4a15fd622b1013972b88d93d4c,1,ae3ae6c09fadf45c8a618da08f40dc937169dfc768ba6cef9120ab28e43a50a2
160,1400000,4,c4_late_modulation,production,1,0,4,7,1,1,1,4,4,1,1,1,6,1,4,1,0,0,0,1,8,9,9,60f5f8ac8d600db4b99f7aabb28d05b058d50062a6edb71700956cd9528fd02f,ba00d12572db4b31f97c445384f9a518f17f3e4a15fd622b1013972b88d93d4c,1,ae3ae6c09fadf45c8a618da08f40dc937169dfc768ba6cef9120ab28e43a50a2
161,1400000,4,c5_dense_distractors,reference,1,0,4,7,1,1,1,4,4,1,1,1,71,1,37,1,0,0,0,2,73,5,5,725a8267a5240474aa8ede67f82070fe17ded47e9a05f1554b6edacd2be22e7f,204c338963b6e36a05a0bd788531523e1a09e89311658289577e47d4c2b8c754,1,8d41d3e18eab44a9ef5023af566c97d4884f22fe00fad8c46d10694a01cc978c
161,1400000,4,c5_dense_distractors,production,1,0,4,7,1,1,1,4,4,1,1,1,71,1,37,1,0,0,0,2,73,5,5,725a8267a5240474aa8ede67f82070fe17ded47e9a05f1554b6edacd2be22e7f,204c338963b6e36a05a0bd788531523e1a09e89311658289577e47d4c2b8c754,1,8d41d3e18eab44a9ef5023af566c97d4884f22fe00fad8c46d10694a01cc978c
162,1400000,4,c6_swapped_identity,reference,1,0,4,7,1,1,1,4,4,1,1,1,6,1,4,1,0,0,0,1,8,4,4,5bbc26e69dc91962a3e54917faf1d3cfd920e17650b8b9004ed4a90bf5e42e93,6af23378e0ef8d547bd2779f240a372dab8f30fceb08ff94d71ce982332b95d9,1,dc495d89785ec8e8e9c1a298038aa01c5cfb153e3eb5dfd7f555bf040cbe6a1b
162,1400000,4,c6_swapped_identity,production,1,0,4,7,1,1,1,4,4,1,1,1,6,1,4,1,0,0,0,1,8,4,4,5bbc26e69dc91962a3e54917faf1d3cfd920e17650b8b9004ed4a90bf5e42e93,6af23378e0ef8d547bd2779f240a372dab8f30fceb08ff94d71ce982332b95d9,1,dc495d89785ec8e8e9c1a298038aa01c5cfb153e3eb5dfd7f555bf040cbe6a1b
163,1400000,4,c6_reverse_order,reference,1,0,4,7,1,1,1,4,4,1,1,1,6,1,4,1,0,0,0,1,8,4,4,31c0f6d38c6508f35f93ef2624d85006e986f8e0ba17435cb555d05aae2e4c59,1196c6e8fe2e434ca12653a7009105add40a0f879c50133219163c9caa6ba765,1,9a93aca0a67c8f4cb67638e97e6b6c814d988a1c28a210b62f78a0a109988682
163,1400000,4,c6_reverse_order,production,1,0,4,7,1,1,1,4,4,1,1,1,6,1,4,1,0,0,0,1,8,4,4,31c0f6d38c6508f35f93ef2624d85006e986f8e0ba17435cb555d05aae2e4c59,1196c6e8fe2e434ca12653a7009105add40a0f879c50133219163c9caa6ba765,1,9a93aca0a67c8f4cb67638e97e6b6c814d988a1c28a210b62f78a0a109988682
164,1400000,4,c6_timing_offset,reference,1,0,4,7,1,1,1,4,4,1,1,1,6,1,4,1,0,0,0,1,8,6,6,f5bb4e2e7b882f6484a271e1cc9cf69f10fa0838232823a826747fc784324c00,ace08be659ed980b8d7d2bb763d452686c2ba3325f133372ed4b92f09d5c4a02,1,62faa960cdceee933f85c1ce5b422ce04662c157b01fe844e684175eaac38cad
164,1400000,4,c6_timing_offset,production,1,0,4,7,1,1,1,4,4,1,1,1,6,1,4,1,0,0,0,1,8,6,6,f5bb4e2e7b882f6484a271e1cc9cf69f10fa0838232823a826747fc784324c00,ace08be659ed980b8d7d2bb763d452686c2ba3325f133372ed4b92f09d5c4a02,1,62faa960cdceee933f85c1ce5b422ce04662c157b01fe844e684175eaac38cad
165,1400000,4,c7_contact_fanout,reference,1,1,4,7,1,1,1,4,7,1,1,1,6,1,4,2,0,0,0,1,9,4,4,f6935796e072392aa384edaff29e09bdf87ce2bcb7291520f453f61c8ea89359,9ff6f22cea183b936585c3186172b78964d71816fc41260a83300492c856e45b,1,8bcfbaa939b634bd990f05de46d70bd447bcf0f68b25163abdf1699b30cd433d
165,1400000,4,c7_contact_fanout,production,1,1,4,7,1,1,1,4,7,1,1,1,6,1,4,2,0,0,0,1,9,4,4,f6935796e072392aa384edaff29e09bdf87ce2bcb7291520f453f61c8ea89359,9ff6f22cea183b936585c3186172b78964d71816fc41260a83300492c856e45b,1,8bcfbaa939b634bd990f05de46d70bd447bcf0f68b25163abdf1699b30cd433d
166,1400000,5,old_source_local,reference,1,1,4,7,1,1,1,4,7,1,1,1,4,1,2,2,0,0,0,1,7,5,5,0675a8950aabfc9e2d0f28a020086bd649389d00cc0867729b659cf56f0d4c98,db0a44b9120a9dd199beadf045694ff4c66a610a53fa6c0a8ff0bbd06a9447f9,1,cd35a9565a1da4d22b53489095b524fc5ea7af11c4b4d8875b4247b12853d94c
166,1400000,5,old_source_local,production,1,1,4,7,1,1,1,4,7,1,1,1,4,1,2,2,0,0,0,1,7,5,5,0675a8950aabfc9e2d0f28a020086bd649389d00cc0867729b659cf56f0d4c98,db0a44b9120a9dd199beadf045694ff4c66a610a53fa6c0a8ff0bbd06a9447f9,1,cd35a9565a1da4d22b53489095b524fc5ea7af11c4b4d8875b4247b12853d94c
167,1400000,5,c0_contact_a,reference,1,0,4,7,1,1,1,4,4,1,1,1,6,1,4,1,0,0,0,1,8,5,5,581a1e329be244351565df983cc297fb5c195ac5a5c74b214e9265932e508060,ba00d12572db4b31f97c445384f9a518f17f3e4a15fd622b1013972b88d93d4c,1,d83eb6bd86a426f9cf0a1388a5c760d195d7a57943dde7db4eefadea5f9170a2
167,1400000,5,c0_contact_a,production,1,0,4,7,1,1,1,4,4,1,1,1,6,1,4,1,0,0,0,1,8,5,5,581a1e329be244351565df983cc297fb5c195ac5a5c74b214e9265932e508060,ba00d12572db4b31f97c445384f9a518f17f3e4a15fd622b1013972b88d93d4c,1,d83eb6bd86a426f9cf0a1388a5c760d195d7a57943dde7db4eefadea5f9170a2
168,1400000,5,c1_contact_b,reference,0,1,4,4,1,1,1,4,7,1,1,1,6,1,4,1,0,0,0,1,8,5,5,ef01ddb0093882a698868630e6949799dffd9d88b0ee3c433f6c9514a70a8358,10c869f16a8f2fa80fc6d1a1a4605f7db2021487ac8202f28259ab751b8225f6,1,a6770b373cdfbe8cfd022e8b442f29a5c2eb076b57760242a6af6a94847c9e51
168,1400000,5,c1_contact_b,production,0,1,4,4,1,1,1,4,7,1,1,1,6,1,4,1,0,0,0,1,8,5,5,ef01ddb0093882a698868630e6949799dffd9d88b0ee3c433f6c9514a70a8358,10c869f16a8f2fa80fc6d1a1a4605f7db2021487ac8202f28259ab751b8225f6,1,a6770b373cdfbe8cfd022e8b442f29a5c2eb076b57760242a6af6a94847c9e51
169,1400000,5,c2_a_not_traversed,reference,0,0,4,4,1,1,1,4,4,1,1,1,3,1,2,0,0,0,0,0,4,5,5,50be3e1c94dae1d2bfcb477a6b5ad86820f69ae1be4777270ee02870c233f0b6,11836b80ee5afebba3003edd95de7ba1311ed73a4cdd280a168571df52ac07fc,1,cfed9b045b4ba9a0c925e1463372b1f77071f7757491a88e93178b9a806f7df7
169,1400000,5,c2_a_not_traversed,production,0,0,4,4,1,1,1,4,4,1,1,1,3,1,2,0,0,0,0,0,4,5,5,50be3e1c94dae1d2bfcb477a6b5ad86820f69ae1be4777270ee02870c233f0b6,11836b80ee5afebba3003edd95de7ba1311ed73a4cdd280a168571df52ac07fc,1,cfed9b045b4ba9a0c925e1463372b1f77071f7757491a88e93178b9a806f7df7
170,1400000,5,c3_drive_at_ca,reference,0,0,4,4,1,1,1,4,4,1,1,1,7,0,4,0,0,0,0,2,7,6,6,05848f333ccbd5f93f7a4eb0c28f3f12b92dc8f1b5bbb67849dfad572c8ccaf1,7726192f2ed9d9abe8b7d777e58902b62f7ff597c539fbe2e71d261fc8bde37a,1,07fac0c3816d4eccd4168ea02e21c2ed674e9a00a6b0e1d89892a5f51114dbf0
170,1400000,5,c3_drive_at_ca,production,0,0,4,4,1,1,1,4,4,1,1,1,7,0,4,0,0,0,0,2,7,6,6,05848f333ccbd5f93f7a4eb0c28f3f12b92dc8f1b5bbb67849dfad572c8ccaf1,7726192f2ed9d9abe8b7d777e58902b62f7ff597c539fbe2e71d261fc8bde37a,1,07fac0c3816d4eccd4168ea02e21c2ed674e9a00a6b0e1d89892a5f51114dbf0
171,1400000,5,c4_late_modulation,reference,1,0,4,6,1,1,1,4,3,1,1,1,6,1,4,1,0,0,0,1,8,10,0,180f86501d89ecd37020c9323526f40981456284e542042c2ad9bc5c5d481289,d6df230b5513cb422e07cce01ebe0777201ad5c599473363ff7f3d3112327d30,1,c73daed0a95b9960fc5b9f6d0d0f656d706097ddff53251b7d4cfe87cb30c475
171,1400000,5,c4_late_modulation,production,1,0,4,6,1,1,1,4,3,1,1,1,6,1,4,1,0,0,0,1,8,10,0,180f86501d89ecd37020c9323526f40981456284e542042c2ad9bc5c5d481289,d6df230b5513cb422e07cce01ebe0777201ad5c599473363ff7f3d3112327d30,1,c73daed0a95b9960fc5b9f6d0d0f656d706097ddff53251b7d4cfe87cb30c475
172,1400000,5,c5_dense_distractors,reference,1,0,4,7,1,1,1,4,4,1,1,1,71,1,37,1,0,0,0,2,73,6,6,3c32bdc0074a7beba2694e58364440aa4169366eaf17ef215ba6c22a869899f3,204c338963b6e36a05a0bd788531523e1a09e89311658289577e47d4c2b8c754,1,d649b692bc4604dabb6ae3611453e47caadf6806fa013b1dc4e6d9cd6d15bcd4
172,1400000,5,c5_dense_distractors,production,1,0,4,7,1,1,1,4,4,1,1,1,71,1,37,1,0,0,0,2,73,6,6,3c32bdc0074a7beba2694e58364440aa4169366eaf17ef215ba6c22a869899f3,204c338963b6e36a05a0bd788531523e1a09e89311658289577e47d4c2b8c754,1,d649b692bc4604dabb6ae3611453e47caadf6806fa013b1dc4e6d9cd6d15bcd4
173,1400000,5,c6_swapped_identity,reference,1,0,4,7,1,1,1,4,4,1,1,1,6,1,4,1,0,0,0,1,8,5,5,581a1e329be244351565df983cc297fb5c195ac5a5c74b214e9265932e508060,6af23378e0ef8d547bd2779f240a372dab8f30fceb08ff94d71ce982332b95d9,1,d83eb6bd86a426f9cf0a1388a5c760d195d7a57943dde7db4eefadea5f9170a2
173,1400000,5,c6_swapped_identity,production,1,0,4,7,1,1,1,4,4,1,1,1,6,1,4,1,0,0,0,1,8,5,5,581a1e329be244351565df983cc297fb5c195ac5a5c74b214e9265932e508060,6af23378e0ef8d547bd2779f240a372dab8f30fceb08ff94d71ce982332b95d9,1,d83eb6bd86a426f9cf0a1388a5c760d195d7a57943dde7db4eefadea5f9170a2
174,1400000,5,c6_reverse_order,reference,1,0,4,7,1,1,1,4,4,1,1,1,6,1,4,1,0,0,0,1,8,5,5,0d116c19658b79ce2c7c151e7b124ba451601fc98649ffb906b4f4e20190ef71,1196c6e8fe2e434ca12653a7009105add40a0f879c50133219163c9caa6ba765,1,a6770b373cdfbe8cfd022e8b442f29a5c2eb076b57760242a6af6a94847c9e51
174,1400000,5,c6_reverse_order,production,1,0,4,7,1,1,1,4,4,1,1,1,6,1,4,1,0,0,0,1,8,5,5,0d116c19658b79ce2c7c151e7b124ba451601fc98649ffb906b4f4e20190ef71,1196c6e8fe2e434ca12653a7009105add40a0f879c50133219163c9caa6ba765,1,a6770b373cdfbe8cfd022e8b442f29a5c2eb076b57760242a6af6a94847c9e51
175,1400000,5,c6_timing_offset,reference,1,0,4,7,1,1,1,4,4,1,1,1,6,1,4,1,0,0,0,1,8,7,7,db0a24020397165a030128ecd1ed40df705417d737e3d41acb30d1478a15633e,ace08be659ed980b8d7d2bb763d452686c2ba3325f133372ed4b92f09d5c4a02,1,9855f89afda729556be5e821ff06f8577ccc5cd562814e0175b4f670a8647eb4
175,1400000,5,c6_timing_offset,production,1,0,4,7,1,1,1,4,4,1,1,1,6,1,4,1,0,0,0,1,8,7,7,db0a24020397165a030128ecd1ed40df705417d737e3d41acb30d1478a15633e,ace08be659ed980b8d7d2bb763d452686c2ba3325f133372ed4b92f09d5c4a02,1,9855f89afda729556be5e821ff06f8577ccc5cd562814e0175b4f670a8647eb4
176,1400000,5,c7_contact_fanout,reference,1,1,4,7,1,1,1,4,7,1,1,1,6,1,4,2,0,0,0,1,9,5,5,ab8584ac2ecc55ec42a367d5c936baed1bcf6da4261cff6435fdb4535be00be9,9ff6f22cea183b936585c3186172b78964d71816fc41260a83300492c856e45b,1,71e67c684462d159bda7986db52a25a20bd659548d5c404a621d5ad9021765f3
176,1400000,5,c7_contact_fanout,production,1,1,4,7,1,1,1,4,7,1,1,1,6,1,4,2,0,0,0,1,9,5,5,ab8584ac2ecc55ec42a367d5c936baed1bcf6da4261cff6435fdb4535be00be9,9ff6f22cea183b936585c3186172b78964d71816fc41260a83300492c856e45b,1,71e67c684462d159bda7986db52a25a20bd659548d5c404a621d5ad9021765f3
177,1400000,6,old_source_local,reference,1,1,4,7,1,1,1,4,7,1,1,1,4,1,2,2,0,0,0,1,7,6,6,c69f40042c4dd9c2b06f7abef24f23decea63aeab427bc47dae8a9ed06fd6a57,db0a44b9120a9dd199beadf045694ff4c66a610a53fa6c0a8ff0bbd06a9447f9,1,4ddadacaf52a5ec040504aec4d479440912d0f4bbf93a441f0e78e177e884693
177,1400000,6,old_source_local,production,1,1,4,7,1,1,1,4,7,1,1,1,4,1,2,2,0,0,0,1,7,6,6,c69f40042c4dd9c2b06f7abef24f23decea63aeab427bc47dae8a9ed06fd6a57,db0a44b9120a9dd199beadf045694ff4c66a610a53fa6c0a8ff0bbd06a9447f9,1,4ddadacaf52a5ec040504aec4d479440912d0f4bbf93a441f0e78e177e884693
178,1400000,6,c0_contact_a,reference,1,0,4,7,1,1,1,4,4,1,1,1,6,1,4,1,0,0,0,1,8,6,6,4e0e3fc1ea2adfa6272b2069fea8d60bfe3ae7d060f9a4ae9320f266cf5e626d,ba00d12572db4b31f97c445384f9a518f17f3e4a15fd622b1013972b88d93d4c,1,c2a75145f3ea986fec4a3eeb617476d7ca4b4ea796a1a8b6ebf69998a056df16
178,1400000,6,c0_contact_a,production,1,0,4,7,1,1,1,4,4,1,1,1,6,1,4,1,0,0,0,1,8,6,6,4e0e3fc1ea2adfa6272b2069fea8d60bfe3ae7d060f9a4ae9320f266cf5e626d,ba00d12572db4b31f97c445384f9a518f17f3e4a15fd622b1013972b88d93d4c,1,c2a75145f3ea986fec4a3eeb617476d7ca4b4ea796a1a8b6ebf69998a056df16
179,1400000,6,c1_contact_b,reference,0,1,4,4,1,1,1,4,7,1,1,1,6,1,4,1,0,0,0,1,8,6,6,cdcd2508a4265c036e927cfba6ad38647cdad6626b5d52cf106e4e1f1aec5084,10c869f16a8f2fa80fc6d1a1a4605f7db2021487ac8202f28259ab751b8225f6,1,5491a8d8aa442b38bedd728583c83730853deefe3a2972728776b988d0667d7f
179,1400000,6,c1_contact_b,production,0,1,4,4,1,1,1,4,7,1,1,1,6,1,4,1,0,0,0,1,8,6,6,cdcd2508a4265c036e927cfba6ad38647cdad6626b5d52cf106e4e1f1aec5084,10c869f16a8f2fa80fc6d1a1a4605f7db2021487ac8202f28259ab751b8225f6,1,5491a8d8aa442b38bedd728583c83730853deefe3a2972728776b988d0667d7f
180,1400000,6,c2_a_not_traversed,reference,0,0,4,4,1,1,1,4,4,1,1,1,3,1,2,0,0,0,0,0,4,6,6,afb2a464c3c469b9d8a9c79fda07d92171de4505a09bac2183e58e7e9b93bb32,11836b80ee5afebba3003edd95de7ba1311ed73a4cdd280a168571df52ac07fc,1,7ea84b040ee3c53e6c2f2fb22394b26e17e45bffc7f28bacc30e34106771dd73
180,1400000,6,c2_a_not_traversed,production,0,0,4,4,1,1,1,4,4,1,1,1,3,1,2,0,0,0,0,0,4,6,6,afb2a464c3c469b9d8a9c79fda07d92171de4505a09bac2183e58e7e9b93bb32,11836b80ee5afebba3003edd95de7ba1311ed73a4cdd280a168571df52ac07fc,1,7ea84b040ee3c53e6c2f2fb22394b26e17e45bffc7f28bacc30e34106771dd73
181,1400000,6,c3_drive_at_ca,reference,0,0,4,4,1,1,1,4,4,1,1,1,7,0,4,0,0,0,0,2,7,7,7,7d7ade8a13aaabe6544460598dcf07e98a8ab3d44ac52ecf4b881e39e951212a,7726192f2ed9d9abe8b7d777e58902b62f7ff597c539fbe2e71d261fc8bde37a,1,63064b11f54621f0ef543cdbb69d357ca1afb543b193f72da3b211742646c0e2
181,1400000,6,c3_drive_at_ca,production,0,0,4,4,1,1,1,4,4,1,1,1,7,0,4,0,0,0,0,2,7,7,7,7d7ade8a13aaabe6544460598dcf07e98a8ab3d44ac52ecf4b881e39e951212a,7726192f2ed9d9abe8b7d777e58902b62f7ff597c539fbe2e71d261fc8bde37a,1,63064b11f54621f0ef543cdbb69d357ca1afb543b193f72da3b211742646c0e2
182,1400000,6,c4_late_modulation,reference,1,0,4,6,1,1,1,4,3,1,1,1,6,1,4,1,0,0,0,1,8,11,1,2b1f2f6a217d34bfb10e5057ca064e5fc994e0f86f6d9682b3e1d3872f2655f2,d6df230b5513cb422e07cce01ebe0777201ad5c599473363ff7f3d3112327d30,1,af27212a19228d95350f50145e20180af38ea0c682fad9fa0d3998b28f16cb21
182,1400000,6,c4_late_modulation,production,1,0,4,6,1,1,1,4,3,1,1,1,6,1,4,1,0,0,0,1,8,11,1,2b1f2f6a217d34bfb10e5057ca064e5fc994e0f86f6d9682b3e1d3872f2655f2,d6df230b5513cb422e07cce01ebe0777201ad5c599473363ff7f3d3112327d30,1,af27212a19228d95350f50145e20180af38ea0c682fad9fa0d3998b28f16cb21
183,1400000,6,c5_dense_distractors,reference,1,0,4,7,1,1,1,4,4,1,1,1,71,1,37,1,0,0,0,2,73,7,7,7030b152b1cf6e40509413499e8f515eecabdc69179ccfd76845b71eea8877e7,204c338963b6e36a05a0bd788531523e1a09e89311658289577e47d4c2b8c754,1,a12feceee7833fa12e5fdfba30fbbf57c8c1267f6c5ff2cecf9df9b20e130292
183,1400000,6,c5_dense_distractors,production,1,0,4,7,1,1,1,4,4,1,1,1,71,1,37,1,0,0,0,2,73,7,7,7030b152b1cf6e40509413499e8f515eecabdc69179ccfd76845b71eea8877e7,204c338963b6e36a05a0bd788531523e1a09e89311658289577e47d4c2b8c754,1,a12feceee7833fa12e5fdfba30fbbf57c8c1267f6c5ff2cecf9df9b20e130292
184,1400000,6,c6_swapped_identity,reference,1,0,4,7,1,1,1,4,4,1,1,1,6,1,4,1,0,0,0,1,8,6,6,4e0e3fc1ea2adfa6272b2069fea8d60bfe3ae7d060f9a4ae9320f266cf5e626d,6af23378e0ef8d547bd2779f240a372dab8f30fceb08ff94d71ce982332b95d9,1,c2a75145f3ea986fec4a3eeb617476d7ca4b4ea796a1a8b6ebf69998a056df16
184,1400000,6,c6_swapped_identity,production,1,0,4,7,1,1,1,4,4,1,1,1,6,1,4,1,0,0,0,1,8,6,6,4e0e3fc1ea2adfa6272b2069fea8d60bfe3ae7d060f9a4ae9320f266cf5e626d,6af23378e0ef8d547bd2779f240a372dab8f30fceb08ff94d71ce982332b95d9,1,c2a75145f3ea986fec4a3eeb617476d7ca4b4ea796a1a8b6ebf69998a056df16
185,1400000,6,c6_reverse_order,reference,1,0,4,7,1,1,1,4,4,1,1,1,6,1,4,1,0,0,0,1,8,6,6,fe484b4c50aa4338801d0018184504b74244a96c3806cc381fb799aaada96f8a,1196c6e8fe2e434ca12653a7009105add40a0f879c50133219163c9caa6ba765,1,5491a8d8aa442b38bedd728583c83730853deefe3a2972728776b988d0667d7f
185,1400000,6,c6_reverse_order,production,1,0,4,7,1,1,1,4,4,1,1,1,6,1,4,1,0,0,0,1,8,6,6,fe484b4c50aa4338801d0018184504b74244a96c3806cc381fb799aaada96f8a,1196c6e8fe2e434ca12653a7009105add40a0f879c50133219163c9caa6ba765,1,5491a8d8aa442b38bedd728583c83730853deefe3a2972728776b988d0667d7f
186,1400000,6,c6_timing_offset,reference,1,0,4,7,1,1,1,4,4,1,1,1,6,1,4,1,0,0,0,1,8,8,8,3dbb578868c7e3d5a7285f8bfa0bd1e89584c08ebde2b32a0d3927c1913bf936,ace08be659ed980b8d7d2bb763d452686c2ba3325f133372ed4b92f09d5c4a02,1,6c5cca8e67afa3d783ecd8c4edf3ba84788590c4451aa5ea337c93694bfb2ae5
186,1400000,6,c6_timing_offset,production,1,0,4,7,1,1,1,4,4,1,1,1,6,1,4,1,0,0,0,1,8,8,8,3dbb578868c7e3d5a7285f8bfa0bd1e89584c08ebde2b32a0d3927c1913bf936,ace08be659ed980b8d7d2bb763d452686c2ba3325f133372ed4b92f09d5c4a02,1,6c5cca8e67afa3d783ecd8c4edf3ba84788590c4451aa5ea337c93694bfb2ae5
187,1400000,6,c7_contact_fanout,reference,1,1,4,7,1,1,1,4,7,1,1,1,6,1,4,2,0,0,0,1,9,6,6,d78894a12a158e9b7caeeb46f27c29ff227e482d1dfbda16bcc65d7db3470fe9,9ff6f22cea183b936585c3186172b78964d71816fc41260a83300492c856e45b,1,d9107d5eab41b2be89ec35b6e3cf1557e6a21f5c9c58f3d2206872642115ac06
187,1400000,6,c7_contact_fanout,production,1,1,4,7,1,1,1,4,7,1,1,1,6,1,4,2,0,0,0,1,9,6,6,d78894a12a158e9b7caeeb46f27c29ff227e482d1dfbda16bcc65d7db3470fe9,9ff6f22cea183b936585c3186172b78964d71816fc41260a83300492c856e45b,1,d9107d5eab41b2be89ec35b6e3cf1557e6a21f5c9c58f3d2206872642115ac06
188,1400000,7,old_source_local,reference,1,1,4,7,1,1,1,4,7,1,1,1,4,1,2,2,0,0,0,1,7,7,7,f83ed4e40af0fd0a8cd68533152e877c20e27ed4671c8b659fd8c964af3f9eaf,db0a44b9120a9dd199beadf045694ff4c66a610a53fa6c0a8ff0bbd06a9447f9,1,590776355943841ff4fc1415a19fd4bab680a1cf233539b7793e4588ac46aa19
188,1400000,7,old_source_local,production,1,1,4,7,1,1,1,4,7,1,1,1,4,1,2,2,0,0,0,1,7,7,7,f83ed4e40af0fd0a8cd68533152e877c20e27ed4671c8b659fd8c964af3f9eaf,db0a44b9120a9dd199beadf045694ff4c66a610a53fa6c0a8ff0bbd06a9447f9,1,590776355943841ff4fc1415a19fd4bab680a1cf233539b7793e4588ac46aa19
189,1400000,7,c0_contact_a,reference,1,0,4,7,1,1,1,4,4,1,1,1,6,1,4,1,0,0,0,1,8,7,7,40b573e3ee2ed1546e989eda80a7d279688afc75abe8e770f265659204cf0825,ba00d12572db4b31f97c445384f9a518f17f3e4a15fd622b1013972b88d93d4c,1,7ecb0e0b25151f7643683ee9037192ed3d769bd21825deec078c086106ebf7c2
189,1400000,7,c0_contact_a,production,1,0,4,7,1,1,1,4,4,1,1,1,6,1,4,1,0,0,0,1,8,7,7,40b573e3ee2ed1546e989eda80a7d279688afc75abe8e770f265659204cf0825,ba00d12572db4b31f97c445384f9a518f17f3e4a15fd622b1013972b88d93d4c,1,7ecb0e0b25151f7643683ee9037192ed3d769bd21825deec078c086106ebf7c2
190,1400000,7,c1_contact_b,reference,0,1,4,4,1,1,1,4,7,1,1,1,6,1,4,1,0,0,0,1,8,7,7,147b49810333de825c27f98435ad403c2b18e3b358663c3420a5c5b69158996d,10c869f16a8f2fa80fc6d1a1a4605f7db2021487ac8202f28259ab751b8225f6,1,3d1cef9d955677ea839bda4b2e2646083310a30789e286e60b7a8495df9ca804
190,1400000,7,c1_contact_b,production,0,1,4,4,1,1,1,4,7,1,1,1,6,1,4,1,0,0,0,1,8,7,7,147b49810333de825c27f98435ad403c2b18e3b358663c3420a5c5b69158996d,10c869f16a8f2fa80fc6d1a1a4605f7db2021487ac8202f28259ab751b8225f6,1,3d1cef9d955677ea839bda4b2e2646083310a30789e286e60b7a8495df9ca804
191,1400000,7,c2_a_not_traversed,reference,0,0,4,4,1,1,1,4,4,1,1,1,3,1,2,0,0,0,0,0,4,7,7,5214a792d2e0df5d88fead5e3cd3b345efe1d4904fb114f61ab5e9bfc5fe66de,11836b80ee5afebba3003edd95de7ba1311ed73a4cdd280a168571df52ac07fc,1,6fbf85f8de7bf16f3d85168a9d0fbe182a0af1e26e93eeca5040490130c17cb3
191,1400000,7,c2_a_not_traversed,production,0,0,4,4,1,1,1,4,4,1,1,1,3,1,2,0,0,0,0,0,4,7,7,5214a792d2e0df5d88fead5e3cd3b345efe1d4904fb114f61ab5e9bfc5fe66de,11836b80ee5afebba3003edd95de7ba1311ed73a4cdd280a168571df52ac07fc,1,6fbf85f8de7bf16f3d85168a9d0fbe182a0af1e26e93eeca5040490130c17cb3
192,1400000,7,c3_drive_at_ca,reference,0,0,4,4,1,1,1,4,4,1,1,1,7,0,4,0,0,0,0,2,7,8,8,ee14567dfd07c7f99ddb836994460d89a7a46ddd11db3c7f46ca2f074a74cb7b,7726192f2ed9d9abe8b7d777e58902b62f7ff597c539fbe2e71d261fc8bde37a,1,152cb63add557925c70b7bbebfa5c212f64718f5adaceb295a41ba6ca11d613a
192,1400000,7,c3_drive_at_ca,production,0,0,4,4,1,1,1,4,4,1,1,1,7,0,4,0,0,0,0,2,7,8,8,ee14567dfd07c7f99ddb836994460d89a7a46ddd11db3c7f46ca2f074a74cb7b,7726192f2ed9d9abe8b7d777e58902b62f7ff597c539fbe2e71d261fc8bde37a,1,152cb63add557925c70b7bbebfa5c212f64718f5adaceb295a41ba6ca11d613a
193,1400000,7,c4_late_modulation,reference,1,0,4,6,1,1,1,4,3,1,1,1,6,1,4,1,0,0,0,1,8,12,2,3f8674e15a618d626ddb6ee8052452b89cf28446ad43123ec898d4e8c118c094,d6df230b5513cb422e07cce01ebe0777201ad5c599473363ff7f3d3112327d30,1,02b04746e7c8eed17461af844cf4d882da71e32dfb6cdb1385b087525aef9a30
193,1400000,7,c4_late_modulation,production,1,0,4,6,1,1,1,4,3,1,1,1,6,1,4,1,0,0,0,1,8,12,2,3f8674e15a618d626ddb6ee8052452b89cf28446ad43123ec898d4e8c118c094,d6df230b5513cb422e07cce01ebe0777201ad5c599473363ff7f3d3112327d30,1,02b04746e7c8eed17461af844cf4d882da71e32dfb6cdb1385b087525aef9a30
194,1400000,7,c5_dense_distractors,reference,1,0,4,7,1,1,1,4,4,1,1,1,71,1,37,1,0,0,0,2,73,8,8,60cb01bff95b5ffafeb559825e0cd5c0be4bc93a9ca88c86e391edfaa6f00e38,204c338963b6e36a05a0bd788531523e1a09e89311658289577e47d4c2b8c754,1,731b93006cdceaf0dd8ec0e14e329ff5a277f99cb1bd7f90e91d234bc22a2a88
194,1400000,7,c5_dense_distractors,production,1,0,4,7,1,1,1,4,4,1,1,1,71,1,37,1,0,0,0,2,73,8,8,60cb01bff95b5ffafeb559825e0cd5c0be4bc93a9ca88c86e391edfaa6f00e38,204c338963b6e36a05a0bd788531523e1a09e89311658289577e47d4c2b8c754,1,731b93006cdceaf0dd8ec0e14e329ff5a277f99cb1bd7f90e91d234bc22a2a88
195,1400000,7,c6_swapped_identity,reference,1,0,4,7,1,1,1,4,4,1,1,1,6,1,4,1,0,0,0,1,8,7,7,40b573e3ee2ed1546e989eda80a7d279688afc75abe8e770f265659204cf0825,6af23378e0ef8d547bd2779f240a372dab8f30fceb08ff94d71ce982332b95d9,1,7ecb0e0b25151f7643683ee9037192ed3d769bd21825deec078c086106ebf7c2
195,1400000,7,c6_swapped_identity,production,1,0,4,7,1,1,1,4,4,1,1,1,6,1,4,1,0,0,0,1,8,7,7,40b573e3ee2ed1546e989eda80a7d279688afc75abe8e770f265659204cf0825,6af23378e0ef8d547bd2779f240a372dab8f30fceb08ff94d71ce982332b95d9,1,7ecb0e0b25151f7643683ee9037192ed3d769bd21825deec078c086106ebf7c2
196,1400000,7,c6_reverse_order,reference,1,0,4,7,1,1,1,4,4,1,1,1,6,1,4,1,0,0,0,1,8,7,7,9c55e665cd2e7015963d574ed219a27dda9d74ca8f6990b914bb6afa94b935b1,1196c6e8fe2e434ca12653a7009105add40a0f879c50133219163c9caa6ba765,1,3d1cef9d955677ea839bda4b2e2646083310a30789e286e60b7a8495df9ca804
196,1400000,7,c6_reverse_order,production,1,0,4,7,1,1,1,4,4,1,1,1,6,1,4,1,0,0,0,1,8,7,7,9c55e665cd2e7015963d574ed219a27dda9d74ca8f6990b914bb6afa94b935b1,1196c6e8fe2e434ca12653a7009105add40a0f879c50133219163c9caa6ba765,1,3d1cef9d955677ea839bda4b2e2646083310a30789e286e60b7a8495df9ca804
197,1400000,7,c6_timing_offset,reference,1,0,4,7,1,1,1,4,4,1,1,1,6,1,4,1,0,0,0,1,8,9,9,635251b4c11e793d81dffae6dc74f3bef2c5c5d640a428d1c2c923a98d5f6c34,ace08be659ed980b8d7d2bb763d452686c2ba3325f133372ed4b92f09d5c4a02,1,04770499d9e13dd3dc7d4dd0cb780bb113f0888ae3af5c1d9d039107b49cb784
197,1400000,7,c6_timing_offset,production,1,0,4,7,1,1,1,4,4,1,1,1,6,1,4,1,0,0,0,1,8,9,9,635251b4c11e793d81dffae6dc74f3bef2c5c5d640a428d1c2c923a98d5f6c34,ace08be659ed980b8d7d2bb763d452686c2ba3325f133372ed4b92f09d5c4a02,1,04770499d9e13dd3dc7d4dd0cb780bb113f0888ae3af5c1d9d039107b49cb784
198,1400000,7,c7_contact_fanout,reference,1,1,4,7,1,1,1,4,7,1,1,1,6,1,4,2,0,0,0,1,9,7,7,c3de5bbb36ae76b29f9092448b8dcad55273906e2c4b1e94e8b7349ee70b8c75,9ff6f22cea183b936585c3186172b78964d71816fc41260a83300492c856e45b,1,2310e5ab6ef404fbd54a7c0076fdb7be08a4c97fb6a2f48bc5c1478366d3eab5
198,1400000,7,c7_contact_fanout,production,1,1,4,7,1,1,1,4,7,1,1,1,6,1,4,2,0,0,0,1,9,7,7,c3de5bbb36ae76b29f9092448b8dcad55273906e2c4b1e94e8b7349ee70b8c75,9ff6f22cea183b936585c3186172b78964d71816fc41260a83300492c856e45b,1,2310e5ab6ef404fbd54a7c0076fdb7be08a4c97fb6a2f48bc5c1478366d3eab5
199,1400000,8,old_source_local,reference,1,1,4,7,1,1,1,4,7,1,1,1,4,1,2,2,0,0,0,1,7,8,8,e6eddecf8cbac94af52aced4a51ea16330af4ae51aebdcf6b642ce9d0a090953,db0a44b9120a9dd199beadf045694ff4c66a610a53fa6c0a8ff0bbd06a9447f9,1,d19422e52ad1099110e9ee30d0c8b8c7b4307093d5d0427955608303780c41a4
199,1400000,8,old_source_local,production,1,1,4,7,1,1,1,4,7,1,1,1,4,1,2,2,0,0,0,1,7,8,8,e6eddecf8cbac94af52aced4a51ea16330af4ae51aebdcf6b642ce9d0a090953,db0a44b9120a9dd199beadf045694ff4c66a610a53fa6c0a8ff0bbd06a9447f9,1,d19422e52ad1099110e9ee30d0c8b8c7b4307093d5d0427955608303780c41a4
200,1400000,8,c0_contact_a,reference,1,0,4,7,1,1,1,4,4,1,1,1,6,1,4,1,0,0,0,1,8,8,8,c855c72582e3714b47ca021dff60022b778fc0aa7d2dd81963cff1a94655725c,ba00d12572db4b31f97c445384f9a518f17f3e4a15fd622b1013972b88d93d4c,1,fa1158d8e7ac959de3f4a2a21cb44ef6bc5514cdcdacf301706226c6adb7c428
200,1400000,8,c0_contact_a,production,1,0,4,7,1,1,1,4,4,1,1,1,6,1,4,1,0,0,0,1,8,8,8,c855c72582e3714b47ca021dff60022b778fc0aa7d2dd81963cff1a94655725c,ba00d12572db4b31f97c445384f9a518f17f3e4a15fd622b1013972b88d93d4c,1,fa1158d8e7ac959de3f4a2a21cb44ef6bc5514cdcdacf301706226c6adb7c428
201,1400000,8,c1_contact_b,reference,0,1,4,4,1,1,1,4,7,1,1,1,6,1,4,1,0,0,0,1,8,8,8,1630b62da27717d787b97573176153bbfe39cd9e1882358e72275d1b46d64ace,10c869f16a8f2fa80fc6d1a1a4605f7db2021487ac8202f28259ab751b8225f6,1,5e740e5f214f1179e59046a4a3d60e092223d048e8b058dc3cc0c4171141b520
201,1400000,8,c1_contact_b,production,0,1,4,4,1,1,1,4,7,1,1,1,6,1,4,1,0,0,0,1,8,8,8,1630b62da27717d787b97573176153bbfe39cd9e1882358e72275d1b46d64ace,10c869f16a8f2fa80fc6d1a1a4605f7db2021487ac8202f28259ab751b8225f6,1,5e740e5f214f1179e59046a4a3d60e092223d048e8b058dc3cc0c4171141b520
202,1400000,8,c2_a_not_traversed,reference,0,0,4,4,1,1,1,4,4,1,1,1,3,1,2,0,0,0,0,0,4,8,8,444232d835041312aadfe9abc8b238c3f76523f9e14ba82ff4666a4568783cda,11836b80ee5afebba3003edd95de7ba1311ed73a4cdd280a168571df52ac07fc,1,27f42a826c22ae719eef5105abdc995b0b8dfec67951ce08aea6f3e7fa312493
202,1400000,8,c2_a_not_traversed,production,0,0,4,4,1,1,1,4,4,1,1,1,3,1,2,0,0,0,0,0,4,8,8,444232d835041312aadfe9abc8b238c3f76523f9e14ba82ff4666a4568783cda,11836b80ee5afebba3003edd95de7ba1311ed73a4cdd280a168571df52ac07fc,1,27f42a826c22ae719eef5105abdc995b0b8dfec67951ce08aea6f3e7fa312493
203,1400000,8,c3_drive_at_ca,reference,0,0,4,4,1,1,1,4,4,1,1,1,7,0,4,0,0,0,0,2,7,9,9,0a8c307c18112e64224f539808da68c167a72fcd5336b8ab51ac737b8b88a63c,7726192f2ed9d9abe8b7d777e58902b62f7ff597c539fbe2e71d261fc8bde37a,1,4766f16b118b662f729aa19bb59435133478162c28840748474e59e14c3b289d
203,1400000,8,c3_drive_at_ca,production,0,0,4,4,1,1,1,4,4,1,1,1,7,0,4,0,0,0,0,2,7,9,9,0a8c307c18112e64224f539808da68c167a72fcd5336b8ab51ac737b8b88a63c,7726192f2ed9d9abe8b7d777e58902b62f7ff597c539fbe2e71d261fc8bde37a,1,4766f16b118b662f729aa19bb59435133478162c28840748474e59e14c3b289d
204,1400000,8,c4_late_modulation,reference,1,0,4,6,1,1,1,4,3,1,1,1,6,1,4,1,0,0,0,1,8,13,3,ed067662b7674550c60e90f99aa68f4bdd05af7e7a2f46af6b1aae1311e81e3b,d6df230b5513cb422e07cce01ebe0777201ad5c599473363ff7f3d3112327d30,1,b1e4f22839c4fea2b5d381569dfa0d783b753cf284f092ab063a7278e54a5951
204,1400000,8,c4_late_modulation,production,1,0,4,6,1,1,1,4,3,1,1,1,6,1,4,1,0,0,0,1,8,13,3,ed067662b7674550c60e90f99aa68f4bdd05af7e7a2f46af6b1aae1311e81e3b,d6df230b5513cb422e07cce01ebe0777201ad5c599473363ff7f3d3112327d30,1,b1e4f22839c4fea2b5d381569dfa0d783b753cf284f092ab063a7278e54a5951
205,1400000,8,c5_dense_distractors,reference,1,0,4,7,1,1,1,4,4,1,1,1,71,1,37,1,0,0,0,2,73,9,9,4a5df53cbea1734f9a8f6613f0e69583b23b451dfe01faf90bf6b8d50266be2a,204c338963b6e36a05a0bd788531523e1a09e89311658289577e47d4c2b8c754,1,fc57a6d385500c920a653eaf37e1a5e553e9570850aa525201ddc6a75dc80c38
205,1400000,8,c5_dense_distractors,production,1,0,4,7,1,1,1,4,4,1,1,1,71,1,37,1,0,0,0,2,73,9,9,4a5df53cbea1734f9a8f6613f0e69583b23b451dfe01faf90bf6b8d50266be2a,204c338963b6e36a05a0bd788531523e1a09e89311658289577e47d4c2b8c754,1,fc57a6d385500c920a653eaf37e1a5e553e9570850aa525201ddc6a75dc80c38
206,1400000,8,c6_swapped_identity,reference,1,0,4,7,1,1,1,4,4,1,1,1,6,1,4,1,0,0,0,1,8,8,8,c855c72582e3714b47ca021dff60022b778fc0aa7d2dd81963cff1a94655725c,6af23378e0ef8d547bd2779f240a372dab8f30fceb08ff94d71ce982332b95d9,1,fa1158d8e7ac959de3f4a2a21cb44ef6bc5514cdcdacf301706226c6adb7c428
206,1400000,8,c6_swapped_identity,production,1,0,4,7,1,1,1,4,4,1,1,1,6,1,4,1,0,0,0,1,8,8,8,c855c72582e3714b47ca021dff60022b778fc0aa7d2dd81963cff1a94655725c,6af23378e0ef8d547bd2779f240a372dab8f30fceb08ff94d71ce982332b95d9,1,fa1158d8e7ac959de3f4a2a21cb44ef6bc5514cdcdacf301706226c6adb7c428
207,1400000,8,c6_reverse_order,reference,1,0,4,7,1,1,1,4,4,1,1,1,6,1,4,1,0,0,0,1,8,8,8,d36b824a430a2efc347545949ccf67fc84d7613cee1351211817e5a4d20448db,1196c6e8fe2e434ca12653a7009105add40a0f879c50133219163c9caa6ba765,1,5e740e5f214f1179e59046a4a3d60e092223d048e8b058dc3cc0c4171141b520
207,1400000,8,c6_reverse_order,production,1,0,4,7,1,1,1,4,4,1,1,1,6,1,4,1,0,0,0,1,8,8,8,d36b824a430a2efc347545949ccf67fc84d7613cee1351211817e5a4d20448db,1196c6e8fe2e434ca12653a7009105add40a0f879c50133219163c9caa6ba765,1,5e740e5f214f1179e59046a4a3d60e092223d048e8b058dc3cc0c4171141b520
208,1400000,8,c6_timing_offset,reference,1,0,4,6,1,1,1,4,3,1,1,1,6,1,4,1,0,0,0,1,8,10,0,2bdf8e8d1869745fa1f1fecaf45db35410e6f13988fa7ff4438ec64377c9f37f,27a5cb10831b8a1a825fad4ad1bfd0a78219cf0755ee5eab59582bcad728b797,1,71753e062e08a517898e04081d996bff23f6e7d674cc2e64dd086a0de7568197
208,1400000,8,c6_timing_offset,production,1,0,4,6,1,1,1,4,3,1,1,1,6,1,4,1,0,0,0,1,8,10,0,2bdf8e8d1869745fa1f1fecaf45db35410e6f13988fa7ff4438ec64377c9f37f,27a5cb10831b8a1a825fad4ad1bfd0a78219cf0755ee5eab59582bcad728b797,1,71753e062e08a517898e04081d996bff23f6e7d674cc2e64dd086a0de7568197
209,1400000,8,c7_contact_fanout,reference,1,1,4,7,1,1,1,4,7,1,1,1,6,1,4,2,0,0,0,1,9,8,8,2d796f627a2421132a5685cb39ffd35d6d37a3e1e446b2f8352b2fa235534879,9ff6f22cea183b936585c3186172b78964d71816fc41260a83300492c856e45b,1,4707f4e7c15a683933261d44fb4baab7da45e6998b131441bed3edc52f8dd684
209,1400000,8,c7_contact_fanout,production,1,1,4,7,1,1,1,4,7,1,1,1,6,1,4,2,0,0,0,1,9,8,8,2d796f627a2421132a5685cb39ffd35d6d37a3e1e446b2f8352b2fa235534879,9ff6f22cea183b936585c3186172b78964d71816fc41260a83300492c856e45b,1,4707f4e7c15a683933261d44fb4baab7da45e6998b131441bed3edc52f8dd684
210,1400000,9,old_source_local,reference,1,1,4,7,1,1,1,4,7,1,1,1,4,1,2,2,0,0,0,1,7,9,9,12f3645aab62128fb79f89595ac3fc2cfe5d40aa60d4b60d10206868129d87ce,db0a44b9120a9dd199beadf045694ff4c66a610a53fa6c0a8ff0bbd06a9447f9,1,43a020a9f60a7b88eb7d3abfeaa9eff45c088e0b5dddd6a05cb0516f2808af3d
210,1400000,9,old_source_local,production,1,1,4,7,1,1,1,4,7,1,1,1,4,1,2,2,0,0,0,1,7,9,9,12f3645aab62128fb79f89595ac3fc2cfe5d40aa60d4b60d10206868129d87ce,db0a44b9120a9dd199beadf045694ff4c66a610a53fa6c0a8ff0bbd06a9447f9,1,43a020a9f60a7b88eb7d3abfeaa9eff45c088e0b5dddd6a05cb0516f2808af3d
211,1400000,9,c0_contact_a,reference,1,0,4,7,1,1,1,4,4,1,1,1,6,1,4,1,0,0,0,1,8,9,9,48c0ba4b027c0e3a7976b32d7b2c11afb7ade7017a2b41af9ff231d4b5e9cfa9,ba00d12572db4b31f97c445384f9a518f17f3e4a15fd622b1013972b88d93d4c,1,2c1fbc491ebd36f4dd1329741d0e21e1fb000de87b72c4a6fc37fa74066524da
211,1400000,9,c0_contact_a,production,1,0,4,7,1,1,1,4,4,1,1,1,6,1,4,1,0,0,0,1,8,9,9,48c0ba4b027c0e3a7976b32d7b2c11afb7ade7017a2b41af9ff231d4b5e9cfa9,ba00d12572db4b31f97c445384f9a518f17f3e4a15fd622b1013972b88d93d4c,1,2c1fbc491ebd36f4dd1329741d0e21e1fb000de87b72c4a6fc37fa74066524da
212,1400000,9,c1_contact_b,reference,0,1,4,4,1,1,1,4,7,1,1,1,6,1,4,1,0,0,0,1,8,9,9,9215bae0abb3a6653eeca5c96ce6e446936ab5335c0b3692a1efc1f0975c2221,10c869f16a8f2fa80fc6d1a1a4605f7db2021487ac8202f28259ab751b8225f6,1,1888b3c260d6a106b814a326a5d709dc49ca0b301fdcf5ce18c1fc020a7b6128
212,1400000,9,c1_contact_b,production,0,1,4,4,1,1,1,4,7,1,1,1,6,1,4,1,0,0,0,1,8,9,9,9215bae0abb3a6653eeca5c96ce6e446936ab5335c0b3692a1efc1f0975c2221,10c869f16a8f2fa80fc6d1a1a4605f7db2021487ac8202f28259ab751b8225f6,1,1888b3c260d6a106b814a326a5d709dc49ca0b301fdcf5ce18c1fc020a7b6128
213,1400000,9,c2_a_not_traversed,reference,0,0,4,4,1,1,1,4,4,1,1,1,3,1,2,0,0,0,0,0,4,9,9,1967fc920234e9c5540359207dabf69720f8e683c4d5f47607379c2caab58a1a,11836b80ee5afebba3003edd95de7ba1311ed73a4cdd280a168571df52ac07fc,1,6e4568df912dc7ff01c49772c3b2d0806baf2e5f15e4b1b359caf6ca7b0a9dfd
213,1400000,9,c2_a_not_traversed,production,0,0,4,4,1,1,1,4,4,1,1,1,3,1,2,0,0,0,0,0,4,9,9,1967fc920234e9c5540359207dabf69720f8e683c4d5f47607379c2caab58a1a,11836b80ee5afebba3003edd95de7ba1311ed73a4cdd280a168571df52ac07fc,1,6e4568df912dc7ff01c49772c3b2d0806baf2e5f15e4b1b359caf6ca7b0a9dfd
214,1400000,9,c3_drive_at_ca,reference,0,0,4,3,1,1,1,4,3,1,1,1,7,0,4,0,0,0,0,2,7,10,0,3eef89951bff6c9e8b2ba45b627dbede016b43139309059c5031bfad719c69ec,f86691b799275dab113c79903fe84395c56ccf43def21ac727db6c7419013ab0,1,89a0606ccd7deb50b212e76b2d6971ee76cf568a419776bb395710ce86996b45
214,1400000,9,c3_drive_at_ca,production,0,0,4,3,1,1,1,4,3,1,1,1,7,0,4,0,0,0,0,2,7,10,0,3eef89951bff6c9e8b2ba45b627dbede016b43139309059c5031bfad719c69ec,f86691b799275dab113c79903fe84395c56ccf43def21ac727db6c7419013ab0,1,89a0606ccd7deb50b212e76b2d6971ee76cf568a419776bb395710ce86996b45
215,1400000,9,c4_late_modulation,reference,1,0,4,6,1,1,1,4,3,1,1,1,6,1,4,1,0,0,0,1,8,14,4,ea7b88a1886cfe71617315ae1a2bc31d30fcc8674a840ee03525cdca25e03ed4,d6df230b5513cb422e07cce01ebe0777201ad5c599473363ff7f3d3112327d30,1,7f00cf9bb22dc19a9be8c5b38f9a1af9273bade3e1c44b2d664ce01f8e85d713
215,1400000,9,c4_late_modulation,production,1,0,4,6,1,1,1,4,3,1,1,1,6,1,4,1,0,0,0,1,8,14,4,ea7b88a1886cfe71617315ae1a2bc31d30fcc8674a840ee03525cdca25e03ed4,d6df230b5513cb422e07cce01ebe0777201ad5c599473363ff7f3d3112327d30,1,7f00cf9bb22dc19a9be8c5b38f9a1af9273bade3e1c44b2d664ce01f8e85d713
216,1400000,9,c5_dense_distractors,reference,1,0,4,6,1,1,1,4,3,1,1,1,71,1,37,1,0,0,0,2,73,10,0,c317fc2f6397fccaeb8fe78cc448c6fcc2514ef67ecd587b948a9fe1848ae55c,dc1f987373fbb964ac5477fc8f003b242572e44a891c1227a087cf71328c015c,1,9d6bdb0d9367f801c6026ab1f5d7f16a0dc29a5cf2c8f5c18dd9e973e0f9db6a
216,1400000,9,c5_dense_distractors,production,1,0,4,6,1,1,1,4,3,1,1,1,71,1,37,1,0,0,0,2,73,10,0,c317fc2f6397fccaeb8fe78cc448c6fcc2514ef67ecd587b948a9fe1848ae55c,dc1f987373fbb964ac5477fc8f003b242572e44a891c1227a087cf71328c015c,1,9d6bdb0d9367f801c6026ab1f5d7f16a0dc29a5cf2c8f5c18dd9e973e0f9db6a
217,1400000,9,c6_swapped_identity,reference,1,0,4,7,1,1,1,4,4,1,1,1,6,1,4,1,0,0,0,1,8,9,9,48c0ba4b027c0e3a7976b32d7b2c11afb7ade7017a2b41af9ff231d4b5e9cfa9,6af23378e0ef8d547bd2779f240a372dab8f30fceb08ff94d71ce982332b95d9,1,2c1fbc491ebd36f4dd1329741d0e21e1fb000de87b72c4a6fc37fa74066524da
217,1400000,9,c6_swapped_identity,production,1,0,4,7,1,1,1,4,4,1,1,1,6,1,4,1,0,0,0,1,8,9,9,48c0ba4b027c0e3a7976b32d7b2c11afb7ade7017a2b41af9ff231d4b5e9cfa9,6af23378e0ef8d547bd2779f240a372dab8f30fceb08ff94d71ce982332b95d9,1,2c1fbc491ebd36f4dd1329741d0e21e1fb000de87b72c4a6fc37fa74066524da
218,1400000,9,c6_reverse_order,reference,1,0,4,7,1,1,1,4,4,1,1,1,6,1,4,1,0,0,0,1,8,9,9,e47d7a0ddd5927041d2e2a5dc06c22e5c77da634605fe245b4305ffa33aedaba,1196c6e8fe2e434ca12653a7009105add40a0f879c50133219163c9caa6ba765,1,1888b3c260d6a106b814a326a5d709dc49ca0b301fdcf5ce18c1fc020a7b6128
218,1400000,9,c6_reverse_order,production,1,0,4,7,1,1,1,4,4,1,1,1,6,1,4,1,0,0,0,1,8,9,9,e47d7a0ddd5927041d2e2a5dc06c22e5c77da634605fe245b4305ffa33aedaba,1196c6e8fe2e434ca12653a7009105add40a0f879c50133219163c9caa6ba765,1,1888b3c260d6a106b814a326a5d709dc49ca0b301fdcf5ce18c1fc020a7b6128
219,1400000,9,c6_timing_offset,reference,1,0,4,6,1,1,1,4,3,1,1,1,6,1,4,1,0,0,0,1,8,11,1,a73f44f14ad82dae0be01ba322eb3faf36f7bf316a1e074ad7eff947c7d7bb8d,27a5cb10831b8a1a825fad4ad1bfd0a78219cf0755ee5eab59582bcad728b797,1,e55754d5082caecee2613850824e1a36884f0fa7fdfdf66a50223204eefe41fd
219,1400000,9,c6_timing_offset,production,1,0,4,6,1,1,1,4,3,1,1,1,6,1,4,1,0,0,0,1,8,11,1,a73f44f14ad82dae0be01ba322eb3faf36f7bf316a1e074ad7eff947c7d7bb8d,27a5cb10831b8a1a825fad4ad1bfd0a78219cf0755ee5eab59582bcad728b797,1,e55754d5082caecee2613850824e1a36884f0fa7fdfdf66a50223204eefe41fd
220,1400000,9,c7_contact_fanout,reference,1,1,4,7,1,1,1,4,7,1,1,1,6,1,4,2,0,0,0,1,9,9,9,0bff7585103acf85a8a2c58a423a21a392080075cc7ae0db09db2475c34dd337,9ff6f22cea183b936585c3186172b78964d71816fc41260a83300492c856e45b,1,abf921a3204a02e74808c34878e84c4441cabdb6fcd5cab01f5059ccc2dfa87c
220,1400000,9,c7_contact_fanout,production,1,1,4,7,1,1,1,4,7,1,1,1,6,1,4,2,0,0,0,1,9,9,9,0bff7585103acf85a8a2c58a423a21a392080075cc7ae0db09db2475c34dd337,9ff6f22cea183b936585c3186172b78964d71816fc41260a83300492c856e45b,1,abf921a3204a02e74808c34878e84c4441cabdb6fcd5cab01f5059ccc2dfa87c
