case_id,root,absolute_phase,family,mechanics,class,period_firings,period_ticks,first_firings,continuation_firings,fire_counts,traversals,scheduled_deliveries,continuation_deliveries,physical_work,final_tick,states,naturally_quiescent,ceiling_reached,continuation_ceiling_reached,unbounded_match,trace_hash,continuation_trace_hash,body_hash,live_hash,replay_equal,mechanics_equal,predicate_pass,case_pass
1,5700000,0,one_way_c2_d1_t2,reference,dies,0,0,2,0,1|1,1,2,0,2,1,1/1000000/2,true,false,false,true,98b4ce212803027308e1813fe8f2dbcaeacd563bf32105f317302f38986074bd,4f53cda18c2baa0c0354bb5f9a3ecbe5ed12ab4d8e11ba873c2f11161202b945,a2590be5d41d3124e31ed0d8fa720fe6aa308830bf98b16c83a2120318ccaf66,d28a031d84b1ce9ec656d648274a13877633797290725fb51fc10de2792cb829,true,true,true,true
1,5700000,0,one_way_c2_d1_t2,production,dies,0,0,2,0,1|1,1,2,0,2,1,1/1000000/2,true,false,false,true,98b4ce212803027308e1813fe8f2dbcaeacd563bf32105f317302f38986074bd,4f53cda18c2baa0c0354bb5f9a3ecbe5ed12ab4d8e11ba873c2f11161202b945,a2590be5d41d3124e31ed0d8fa720fe6aa308830bf98b16c83a2120318ccaf66,5ccd6992334857229decc64454106d2b9b131083e2925857e9dc22c81ca79c4d,true,true,true,true
2,5700000,0,reciprocal_c1_d1_t2,reference,dies,0,0,1,0,1|0,1,2,0,2,1,1/1000000/1;1/1000000/1,true,false,false,true,40a38ee47120a74b367de7b54b99cc6aee03670588e3549407eaa5a588c83f34,4f53cda18c2baa0c0354bb5f9a3ecbe5ed12ab4d8e11ba873c2f11161202b945,893fde4229639d9f3ed093ffe47e502e090f46551176449a182bf85ac837c9d7,62fb1a330bc1f8fbf742362b6b48cdff367c445755688904440f23eb83e57fc9,true,true,true,true
2,5700000,0,reciprocal_c1_d1_t2,production,dies,0,0,1,0,1|0,1,2,0,2,1,1/1000000/1;1/1000000/1,true,false,false,true,40a38ee47120a74b367de7b54b99cc6aee03670588e3549407eaa5a588c83f34,4f53cda18c2baa0c0354bb5f9a3ecbe5ed12ab4d8e11ba873c2f11161202b945,893fde4229639d9f3ed093ffe47e502e090f46551176449a182bf85ac837c9d7,0f184cb9f49f224f384c8af373a8253ae5ca5d132be5af62590064956fb45a42,true,true,true,true
3,5700000,0,reciprocal_c1_d1_t1,reference,periodic,2,2,256,32,144|144,287,256,32,288,287,1/999972/1;1/999972/1,false,true,true,true,daaea32cb44d5a798787610a1e338a73af5d2ea0660df3003407f99e691194fc,f74261c332da30c69fb5259e1337f7ba313c20ed7943d7c320a79739cfc63424,0d54d95e74ddd331d78f960a5fa142b081e9602f7ebcb350e56b62c14a73e2bc,3f9d7361d1a2dac9fbac3475570cd7cc79b1dbb29db649e657ebc4d8de974176,true,true,true,true
3,5700000,0,reciprocal_c1_d1_t1,production,periodic,2,2,256,32,144|144,287,256,32,288,287,1/999972/1;1/999972/1,false,true,true,true,daaea32cb44d5a798787610a1e338a73af5d2ea0660df3003407f99e691194fc,f74261c332da30c69fb5259e1337f7ba313c20ed7943d7c320a79739cfc63424,0d54d95e74ddd331d78f960a5fa142b081e9602f7ebcb350e56b62c14a73e2bc,4fd3820973a3a4f5cf8a37df3f7fefc8b00543d596eb5add776177456d42ec4a,true,true,true,true
4,5700000,0,reciprocal_c2_d0_t2,reference,dies,0,0,2,0,1|1,2,3,0,3,0,1/1000000/2;1/1000000/2,true,false,false,true,dbdb554e0d4b20e3a462c2fba71a879b29f15a68efc023ad0861dcdffc153c86,4f53cda18c2baa0c0354bb5f9a3ecbe5ed12ab4d8e11ba873c2f11161202b945,067b7897453a840897bb9eb6a6768563891f5efea50ee192db90b8423dd7b11d,7102ef7e376d0488b26638f891aca1a02d7e38b381f5739934d8e923ce5d22b5,true,true,true,true
4,5700000,0,reciprocal_c2_d0_t2,production,dies,0,0,2,0,1|1,2,3,0,3,0,1/1000000/2;1/1000000/2,true,false,false,true,dbdb554e0d4b20e3a462c2fba71a879b29f15a68efc023ad0861dcdffc153c86,4f53cda18c2baa0c0354bb5f9a3ecbe5ed12ab4d8e11ba873c2f11161202b945,067b7897453a840897bb9eb6a6768563891f5efea50ee192db90b8423dd7b11d,7102ef7e376d0488b26638f891aca1a02d7e38b381f5739934d8e923ce5d22b5,true,true,true,true
5,5700000,0,reciprocal_c2_d0_t2_alternating_phase,reference,dies,0,0,2,0,1|1,2,3,0,3,0,1/1000000/2;1/1000000/2,true,false,false,true,907d6662377bd6a5919cad4b7f466430e84b45aff40f38cd8db5310bfb33e237,4f53cda18c2baa0c0354bb5f9a3ecbe5ed12ab4d8e11ba873c2f11161202b945,cbd7b1c027498cfdd3657e5d2e2a9b4e01f7d82d21c319bad9c57a7225e041be,885318169c95f4a399cc38891ae50a893306056599f13633077faa0323bebc6d,true,true,true,true
5,5700000,0,reciprocal_c2_d0_t2_alternating_phase,production,dies,0,0,2,0,1|1,2,3,0,3,0,1/1000000/2;1/1000000/2,true,false,false,true,907d6662377bd6a5919cad4b7f466430e84b45aff40f38cd8db5310bfb33e237,4f53cda18c2baa0c0354bb5f9a3ecbe5ed12ab4d8e11ba873c2f11161202b945,cbd7b1c027498cfdd3657e5d2e2a9b4e01f7d82d21c319bad9c57a7225e041be,885318169c95f4a399cc38891ae50a893306056599f13633077faa0323bebc6d,true,true,true,true
6,5700000,0,reciprocal_c2_d1_t2,reference,periodic,2,2,256,32,144|144,287,256,32,288,287,1/999972/2;1/999972/2,false,true,true,true,c99e0c1e8d4da85c4d6e0612015044f995994026f703afcccbda2e07c21a445c,0ad54b2cb6797dffea2d9c1b41beb9270e92d08c1536c5860d68f463e592c055,f90d5be5b88e7a23328d5b3f05ea929bb5f9cb5b85fd0f6df85e94e19d4738d3,4932f206aec6c0dfceb147233ab3f0391f36a23ece51a4269182d68280f58d2a,true,true,true,true
6,5700000,0,reciprocal_c2_d1_t2,production,periodic,2,2,256,32,144|144,287,256,32,288,287,1/999972/2;1/999972/2,false,true,true,true,c99e0c1e8d4da85c4d6e0612015044f995994026f703afcccbda2e07c21a445c,0ad54b2cb6797dffea2d9c1b41beb9270e92d08c1536c5860d68f463e592c055,f90d5be5b88e7a23328d5b3f05ea929bb5f9cb5b85fd0f6df85e94e19d4738d3,d000d8dec9d217a1b69189848ad422d29864d1bbee6c2ddb107267d0779c85ad,true,true,true,true
7,5700000,0,reciprocal_c2_d2_t2,reference,periodic,2,4,256,32,144|144,287,256,32,288,574,1/999943/2;1/999943/2,false,true,true,true,c26834b2a9d7f7f3194c8fc39e6c73237c8b527f13887a44537680849db0e480,4e24319921b5150195f1da1f73b9463e0c2336443c7939f48dd4f8c4a77fd66f,9b248831cc69065a58d772b1b17a6d56c4082b767df10eb71dc6d61642a575db,b074ed42986c7a2eb9140235ae77fd5e48dcb29ebd2d5461a6509f180509b878,true,true,true,true
7,5700000,0,reciprocal_c2_d2_t2,production,periodic,2,4,256,32,144|144,287,256,32,288,574,1/999943/2;1/999943/2,false,true,true,true,c26834b2a9d7f7f3194c8fc39e6c73237c8b527f13887a44537680849db0e480,4e24319921b5150195f1da1f73b9463e0c2336443c7939f48dd4f8c4a77fd66f,9b248831cc69065a58d772b1b17a6d56c4082b767df10eb71dc6d61642a575db,948aa88300a1822ba68b80be40fbc6abce208706db35ddda88587f5e75eb7848,true,true,true,true
8,5700000,0,reciprocal_c2_d3_t2,reference,periodic,2,6,256,32,144|144,287,256,32,288,861,1/999914/2;1/999914/2,false,true,true,true,55801c491c57e3dfbeba0b76839cd73d809ba63ed9df144dd0cbd62ac289dec9,5da9f2179c922e614c5bdbc9131d95fe3a8b741e6b3df56730d45dcea30b4597,9f4ce15e2b57966d3256f7a03f53f3ac300ca75b44207e84d2aa8961d43093bc,91d625866cef836dab2035a31a68ab1bc96a01e5cfa4eb640c2ff637e72f0c79,true,true,true,true
8,5700000,0,reciprocal_c2_d3_t2,production,periodic,2,6,256,32,144|144,287,256,32,288,861,1/999914/2;1/999914/2,false,true,true,true,55801c491c57e3dfbeba0b76839cd73d809ba63ed9df144dd0cbd62ac289dec9,5da9f2179c922e614c5bdbc9131d95fe3a8b741e6b3df56730d45dcea30b4597,9f4ce15e2b57966d3256f7a03f53f3ac300ca75b44207e84d2aa8961d43093bc,1d67052559c1c621cf64dcef80f932ba6739699261c59e9971656f3216cc3d96,true,true,true,true
9,5700000,0,reciprocal_c2_mixed_d0_d1_t2,reference,periodic,2,1,256,32,144|144,287,256,32,288,143,1/999986/2;1/999986/2,false,true,true,true,830634e81d8edb1c8b8748e99afdc319108f811beabd83348555702a9090bfe4,3973df9450abea4b48acf8ef6fbb07b46369ef7a82438c25265024131d17d37d,a2453f275ac5d883b218a763855bdd3c4b6dce336e7e14f62e1a3ce42c9ef862,7436fa56300ff54aa389ba4e73671f5c7588ae841fc2dc878a5176e8b465caf8,true,true,true,true
9,5700000,0,reciprocal_c2_mixed_d0_d1_t2,production,periodic,2,1,256,32,144|144,287,256,32,288,143,1/999986/2;1/999986/2,false,true,true,true,830634e81d8edb1c8b8748e99afdc319108f811beabd83348555702a9090bfe4,3973df9450abea4b48acf8ef6fbb07b46369ef7a82438c25265024131d17d37d,a2453f275ac5d883b218a763855bdd3c4b6dce336e7e14f62e1a3ce42c9ef862,7436fa56300ff54aa389ba4e73671f5c7588ae841fc2dc878a5176e8b465caf8,true,true,true,true
10,5700000,0,reciprocal_c2_d1_t2_alternating_phase,reference,periodic,2,2,256,32,144|144,287,256,32,288,287,1/999972/2;1/999972/2,false,true,true,true,f7d6bf365c172f32f4763ce1c395285eaa9d899112654a9afa5b9cbccb63d1f2,b798736e3dd5eadad9aec021251646132bb412c2628601ab34b02c01f4576f1a,21ef48ebbe81b6ccdef658b2c6498387408f9ed7a133aca85325d4108efd253c,abeff14a505568ea66d181cd2fb6dbe1f61496e2a0e9662c02d823a856f7eaca,true,true,true,true
10,5700000,0,reciprocal_c2_d1_t2_alternating_phase,production,periodic,2,2,256,32,144|144,287,256,32,288,287,1/999972/2;1/999972/2,false,true,true,true,f7d6bf365c172f32f4763ce1c395285eaa9d899112654a9afa5b9cbccb63d1f2,b798736e3dd5eadad9aec021251646132bb412c2628601ab34b02c01f4576f1a,21ef48ebbe81b6ccdef658b2c6498387408f9ed7a133aca85325d4108efd253c,194782d0dc310656956d9c1ca1ce4f65de484ddd7305959f9b15414006663196,true,true,true,true
11,5700000,0,reciprocal_c2_d1_t1,reference,periodic,2,2,256,32,144|144,287,256,32,288,287,1/999972/2;1/999972/2,false,true,true,true,dcd2dc09eba5e7a73d75a43e53f3784953b6011c254e6a210fe7cf78c5b952ce,0ad54b2cb6797dffea2d9c1b41beb9270e92d08c1536c5860d68f463e592c055,d9233bbc8246aa60b087af71bfad512fd0ff396946cddc34f81437978d1748a8,d47284f86cc7a032db42b431af1dec09ba91bb403f129993a29205f161a46649,true,true,true,true
11,5700000,0,reciprocal_c2_d1_t1,production,periodic,2,2,256,32,144|144,287,256,32,288,287,1/999972/2;1/999972/2,false,true,true,true,dcd2dc09eba5e7a73d75a43e53f3784953b6011c254e6a210fe7cf78c5b952ce,0ad54b2cb6797dffea2d9c1b41beb9270e92d08c1536c5860d68f463e592c055,d9233bbc8246aa60b087af71bfad512fd0ff396946cddc34f81437978d1748a8,b233ab07acdd647bf9053ddd71d4a32aa078d0e83aa3964dcd2b5f4d1a399dd1,true,true,true,true
12,5700000,0,reciprocal_c2_d1_t3,reference,dies,0,0,1,0,1|0,1,2,0,2,1,1/1000000/2;1/1000000/2,true,false,false,true,ef3d76240c0c953a8f896ed1213558487208fe0693fc6fa8745adb25f5edd316,4f53cda18c2baa0c0354bb5f9a3ecbe5ed12ab4d8e11ba873c2f11161202b945,28de4b9d696133cdd4686930321d89b7f3a0bcc1a4507a46e906b8b6759f610a,d05f010f6f6e515eedaca84bad89c0fcf5cbaff11a190e9a8feeca2499da94dd,true,true,true,true
12,5700000,0,reciprocal_c2_d1_t3,production,dies,0,0,1,0,1|0,1,2,0,2,1,1/1000000/2;1/1000000/2,true,false,false,true,ef3d76240c0c953a8f896ed1213558487208fe0693fc6fa8745adb25f5edd316,4f53cda18c2baa0c0354bb5f9a3ecbe5ed12ab4d8e11ba873c2f11161202b945,28de4b9d696133cdd4686930321d89b7f3a0bcc1a4507a46e906b8b6759f610a,e01896901fff47f758ef3d3a1a8866a7c217027277c0c2c88c561d8c341412fd,true,true,true,true
13,5700000,0,cycle_3_c2_d1_t2,reference,periodic,3,3,256,32,96|96|96,287,256,32,288,287,1/999972/2;1/999972/2;1/999972/2,false,true,true,true,5b23e966ed04c7be1592dbdf9de53037d4945e72e9e194c93937edd7655c3a4b,d098000292c6094b9faea98509502f08ab3dc0898b1caef2b246f53c16cf76df,fc8d7a606dee22b1dd1c3ec8b3b5f3ae7124dba25f71efdc586ee601318bbdcf,e9f12395e418509513f9075c65a4829de37fa44d00ebdbfe96423d5b3f21050c,true,true,true,true
13,5700000,0,cycle_3_c2_d1_t2,production,periodic,3,3,256,32,96|96|96,287,256,32,288,287,1/999972/2;1/999972/2;1/999972/2,false,true,true,true,5b23e966ed04c7be1592dbdf9de53037d4945e72e9e194c93937edd7655c3a4b,d098000292c6094b9faea98509502f08ab3dc0898b1caef2b246f53c16cf76df,fc8d7a606dee22b1dd1c3ec8b3b5f3ae7124dba25f71efdc586ee601318bbdcf,c73cffc70cf5d6bf126bf612a90a0c462ca0b37048ee33b19c46a040e82b6c59,true,true,true,true
14,5700000,0,cycle_4_c2_d1_t2,reference,periodic,4,4,256,32,72|72|72|72,287,256,32,288,287,1/999972/2;1/999972/2;1/999972/2;1/999972/2,false,true,true,true,75c7161dda4d1500d5191b0f31f243cb5149009b5b6acea1f3728d02947cabbd,b13e90d4d0d51a7560bd94322f02302faa417f646c335a1674d4f66464372183,f127b1b04a6ec2b4cdf6cbc76ecc5711b3abca4f893e5abbe220bcbf884fa7e5,067b293165005cac009e32be1c96da3c62d127dc317f00e0911aade3d4f7212e,true,true,true,true
14,5700000,0,cycle_4_c2_d1_t2,production,periodic,4,4,256,32,72|72|72|72,287,256,32,288,287,1/999972/2;1/999972/2;1/999972/2;1/999972/2,false,true,true,true,75c7161dda4d1500d5191b0f31f243cb5149009b5b6acea1f3728d02947cabbd,b13e90d4d0d51a7560bd94322f02302faa417f646c335a1674d4f66464372183,f127b1b04a6ec2b4cdf6cbc76ecc5711b3abca4f893e5abbe220bcbf884fa7e5,9a8f8c4abcc0f27f03bc050534a4484ebbdb66fb67755fa9ebe85ca3ab9e59d5,true,true,true,true
15,5700000,0,cycle_8_c2_d1_t2,reference,periodic,8,8,256,32,36|36|36|36|36|36|36|36,287,256,32,288,287,1/999972/2;1/999972/2;1/999972/2;1/999972/2;1/999972/2;1/999972/2;1/999972/2;1/999972/2,false,true,true,true,3e50a47c739c750665dc6dc140d3b92c0a2d0bbddb518f726833e63821eebcac,e9180678e504e6850db46fa827b3d1c732bdc256504813ff32e386e375b2f5f6,79c770175160a16a4190142229dbff52864195a261858815849f5489fc673a14,80074b102939d37009bd5500963a6ece034849640b74b773cef1ba9ca0f43d0e,true,true,true,true
15,5700000,0,cycle_8_c2_d1_t2,production,periodic,8,8,256,32,36|36|36|36|36|36|36|36,287,256,32,288,287,1/999972/2;1/999972/2;1/999972/2;1/999972/2;1/999972/2;1/999972/2;1/999972/2;1/999972/2,false,true,true,true,3e50a47c739c750665dc6dc140d3b92c0a2d0bbddb518f726833e63821eebcac,e9180678e504e6850db46fa827b3d1c732bdc256504813ff32e386e375b2f5f6,79c770175160a16a4190142229dbff52864195a261858815849f5489fc673a14,4ecb2cdfdbf8d65903e2ccf2be94d08b6d8e448aecc07ba50d61878772813ad8,true,true,true,true
16,5700000,0,cycle_3_c2_d0_t2,reference,dies,0,0,3,0,1|1|1,3,4,0,4,0,1/1000000/2;1/1000000/2;1/1000000/2,true,false,false,true,8793bdd2d3ff6b0a2ecb342dce69eb683b3be0188151b139a900d8136664d9bc,4f53cda18c2baa0c0354bb5f9a3ecbe5ed12ab4d8e11ba873c2f11161202b945,3f0b647e758e21ed6e01a3c0fa394fdb5e00d985963ff13d839f7d0f99db9f35,f28f34ed00dff51e35afa4a446afa817238a95c2a4753d44284ad4ec49ec7061,true,true,true,true
16,5700000,0,cycle_3_c2_d0_t2,production,dies,0,0,3,0,1|1|1,3,4,0,4,0,1/1000000/2;1/1000000/2;1/1000000/2,true,false,false,true,8793bdd2d3ff6b0a2ecb342dce69eb683b3be0188151b139a900d8136664d9bc,4f53cda18c2baa0c0354bb5f9a3ecbe5ed12ab4d8e11ba873c2f11161202b945,3f0b647e758e21ed6e01a3c0fa394fdb5e00d985963ff13d839f7d0f99db9f35,f28f34ed00dff51e35afa4a446afa817238a95c2a4753d44284ad4ec49ec7061,true,true,true,true
17,5700000,0,cycle_4_c2_d0_t2,reference,dies,0,0,4,0,1|1|1|1,4,5,0,5,0,1/1000000/2;1/1000000/2;1/1000000/2;1/1000000/2,true,false,false,true,b2906df22bd7bd903dd57afa3cc8b8d3ff482f4531269d2a760f36498c6b39cd,4f53cda18c2baa0c0354bb5f9a3ecbe5ed12ab4d8e11ba873c2f11161202b945,f996c73008a9a84bfd8b750bc60885233fc99040decee681711aa327364cf953,d88dc06d486ab34db1b89481c70ce11dc41fbca57866af8362b808e3d540188a,true,true,true,true
17,5700000,0,cycle_4_c2_d0_t2,production,dies,0,0,4,0,1|1|1|1,4,5,0,5,0,1/1000000/2;1/1000000/2;1/1000000/2;1/1000000/2,true,false,false,true,b2906df22bd7bd903dd57afa3cc8b8d3ff482f4531269d2a760f36498c6b39cd,4f53cda18c2baa0c0354bb5f9a3ecbe5ed12ab4d8e11ba873c2f11161202b945,f996c73008a9a84bfd8b750bc60885233fc99040decee681711aa327364cf953,d88dc06d486ab34db1b89481c70ce11dc41fbca57866af8362b808e3d540188a,true,true,true,true
18,5700000,0,cycle_8_c2_d0_t2,reference,dies,0,0,8,0,1|1|1|1|1|1|1|1,8,9,0,9,0,1/1000000/2;1/1000000/2;1/1000000/2;1/1000000/2;1/1000000/2;1/1000000/2;1/1000000/2;1/1000000/2,true,false,false,true,c8fbb79bb4de6e41f9bac12a9603d534a7cff645135f67bd8fa371d46db5e343,4f53cda18c2baa0c0354bb5f9a3ecbe5ed12ab4d8e11ba873c2f11161202b945,b1fceaae00c7a90dab5e3c03fa2b7b8d5708b0453d79020dd295f41a66c9e19e,ae8f1001fe3613995a538925f644abc2d65be1a64fbe0a7dd6b4edd00059d31d,true,true,true,true
18,5700000,0,cycle_8_c2_d0_t2,production,dies,0,0,8,0,1|1|1|1|1|1|1|1,8,9,0,9,0,1/1000000/2;1/1000000/2;1/1000000/2;1/1000000/2;1/1000000/2;1/1000000/2;1/1000000/2;1/1000000/2,true,false,false,true,c8fbb79bb4de6e41f9bac12a9603d534a7cff645135f67bd8fa371d46db5e343,4f53cda18c2baa0c0354bb5f9a3ecbe5ed12ab4d8e11ba873c2f11161202b945,b1fceaae00c7a90dab5e3c03fa2b7b8d5708b0453d79020dd295f41a66c9e19e,ae8f1001fe3613995a538925f644abc2d65be1a64fbe0a7dd6b4edd00059d31d,true,true,true,true
19,5700000,0,chain_8_c2_d1_t2,reference,dies,0,0,8,0,1|1|1|1|1|1|1|1,7,8,0,8,7,1/1000000/2;1/1000000/2;1/1000000/2;1/1000000/2;1/1000000/2;1/1000000/2;1/1000000/2,true,false,false,true,d83adb2459de21c90c5116859353158eb073dc816bd7b838e610f0ad8d5ecc58,4f53cda18c2baa0c0354bb5f9a3ecbe5ed12ab4d8e11ba873c2f11161202b945,dea9e1d644726f96e0c08a2e678f6f6e8897c21ba4a06426a3a81522a0877f5b,9eb3b5f76e37815de46c2c31b19d84b4480150db113a138a90bfcd38fb1ff9e0,true,true,true,true
19,5700000,0,chain_8_c2_d1_t2,production,dies,0,0,8,0,1|1|1|1|1|1|1|1,7,8,0,8,7,1/1000000/2;1/1000000/2;1/1000000/2;1/1000000/2;1/1000000/2;1/1000000/2;1/1000000/2,true,false,false,true,d83adb2459de21c90c5116859353158eb073dc816bd7b838e610f0ad8d5ecc58,4f53cda18c2baa0c0354bb5f9a3ecbe5ed12ab4d8e11ba873c2f11161202b945,dea9e1d644726f96e0c08a2e678f6f6e8897c21ba4a06426a3a81522a0877f5b,98ea94311c7bf044c4279f2160675b03331819027230d2b0f98344d4486e27aa,true,true,true,true
20,5700000,0,chain_8_c2_d0_t2,reference,dies,0,0,8,0,1|1|1|1|1|1|1|1,7,8,0,8,0,1/1000000/2;1/1000000/2;1/1000000/2;1/1000000/2;1/1000000/2;1/1000000/2;1/1000000/2,true,false,false,true,31f5130e70adaf5995032a7806691352684ffa1a027525a71f2a3a1b054a39c9,4f53cda18c2baa0c0354bb5f9a3ecbe5ed12ab4d8e11ba873c2f11161202b945,b904d3542041bd79b3843b96baac802e050df60cceba07abdb71e64b740021a5,699bf67eca061425218663fc2e502d160ebe5280ce71889706497620fd4f6da8,true,true,true,true
20,5700000,0,chain_8_c2_d0_t2,production,dies,0,0,8,0,1|1|1|1|1|1|1|1,7,8,0,8,0,1/1000000/2;1/1000000/2;1/1000000/2;1/1000000/2;1/1000000/2;1/1000000/2;1/1000000/2,true,false,false,true,31f5130e70adaf5995032a7806691352684ffa1a027525a71f2a3a1b054a39c9,4f53cda18c2baa0c0354bb5f9a3ecbe5ed12ab4d8e11ba873c2f11161202b945,b904d3542041bd79b3843b96baac802e050df60cceba07abdb71e64b740021a5,699bf67eca061425218663fc2e502d160ebe5280ce71889706497620fd4f6da8,true,true,true,true
21,5700000,1,one_way_c2_d1_t2,reference,dies,0,0,2,0,1|1,1,2,0,2,2,1/1000000/2,true,false,false,true,8a47f47fb0dd4e5a6046502c508541e61a64254086838cfa1f8293d46315bf8a,4f53cda18c2baa0c0354bb5f9a3ecbe5ed12ab4d8e11ba873c2f11161202b945,a2590be5d41d3124e31ed0d8fa720fe6aa308830bf98b16c83a2120318ccaf66,e8b245123c3d796b0e5164f41f616ecbce72d990ddf1b409e61297287e238281,true,true,true,true
21,5700000,1,one_way_c2_d1_t2,production,dies,0,0,2,0,1|1,1,2,0,2,2,1/1000000/2,true,false,false,true,8a47f47fb0dd4e5a6046502c508541e61a64254086838cfa1f8293d46315bf8a,4f53cda18c2baa0c0354bb5f9a3ecbe5ed12ab4d8e11ba873c2f11161202b945,a2590be5d41d3124e31ed0d8fa720fe6aa308830bf98b16c83a2120318ccaf66,b1eeb38f8cd1e7efcc64580996c50fa827b19c979cfec3b34fb26d086e373ece,true,true,true,true
22,5700000,1,reciprocal_c1_d1_t2,reference,dies,0,0,1,0,1|0,1,2,0,2,2,1/1000000/1;1/1000000/1,true,false,false,true,9087c7effc1c85e54267793b10bf9098ec59cdfc3564e00f2d60acbb2ead6ca5,4f53cda18c2baa0c0354bb5f9a3ecbe5ed12ab4d8e11ba873c2f11161202b945,893fde4229639d9f3ed093ffe47e502e090f46551176449a182bf85ac837c9d7,5ed3fd987f84be52bfed01d6d2458ff4d419c89bdb57f46ec903f033777f0040,true,true,true,true
22,5700000,1,reciprocal_c1_d1_t2,production,dies,0,0,1,0,1|0,1,2,0,2,2,1/1000000/1;1/1000000/1,true,false,false,true,9087c7effc1c85e54267793b10bf9098ec59cdfc3564e00f2d60acbb2ead6ca5,4f53cda18c2baa0c0354bb5f9a3ecbe5ed12ab4d8e11ba873c2f11161202b945,893fde4229639d9f3ed093ffe47e502e090f46551176449a182bf85ac837c9d7,c6751062d782ca343518cd6bbb2ef54b54b172358d93739d44dc067be21a5b34,true,true,true,true
23,5700000,1,reciprocal_c1_d1_t1,reference,periodic,2,2,256,32,144|144,287,256,32,288,288,1/999972/1;1/999972/1,false,true,true,true,2ef4db1f58921da03dc0c4e3e7cb44a4f89cd7268f0af9ffa6f7c69319ff8425,20ad9ee7689640abd4ee98f5d32de80936009d1ab60a242351e7963cac40915a,0d54d95e74ddd331d78f960a5fa142b081e9602f7ebcb350e56b62c14a73e2bc,41b4a950ffb13c0af25affa69ea00fc86dee208a440cb4d5ddf7cff6e056a7cb,true,true,true,true
23,5700000,1,reciprocal_c1_d1_t1,production,periodic,2,2,256,32,144|144,287,256,32,288,288,1/999972/1;1/999972/1,false,true,true,true,2ef4db1f58921da03dc0c4e3e7cb44a4f89cd7268f0af9ffa6f7c69319ff8425,20ad9ee7689640abd4ee98f5d32de80936009d1ab60a242351e7963cac40915a,0d54d95e74ddd331d78f960a5fa142b081e9602f7ebcb350e56b62c14a73e2bc,4b61ee2d7d7b9176000c1a2c0ec35450f6635b0b9f7baba9741121d8aa6c150e,true,true,true,true
24,5700000,1,reciprocal_c2_d0_t2,reference,dies,0,0,2,0,1|1,2,3,0,3,1,1/1000000/2;1/1000000/2,true,false,false,true,e98e3bb21501b09d698c17edc40147d7e0f4a64a0003b7058831f686e9e08031,4f53cda18c2baa0c0354bb5f9a3ecbe5ed12ab4d8e11ba873c2f11161202b945,067b7897453a840897bb9eb6a6768563891f5efea50ee192db90b8423dd7b11d,d9debe99b2cd9abdd70ba89f3054de0d576c2e4d2c53245edb62db5ac21736cb,true,true,true,true
24,5700000,1,reciprocal_c2_d0_t2,production,dies,0,0,2,0,1|1,2,3,0,3,1,1/1000000/2;1/1000000/2,true,false,false,true,e98e3bb21501b09d698c17edc40147d7e0f4a64a0003b7058831f686e9e08031,4f53cda18c2baa0c0354bb5f9a3ecbe5ed12ab4d8e11ba873c2f11161202b945,067b7897453a840897bb9eb6a6768563891f5efea50ee192db90b8423dd7b11d,d9debe99b2cd9abdd70ba89f3054de0d576c2e4d2c53245edb62db5ac21736cb,true,true,true,true
25,5700000,1,reciprocal_c2_d0_t2_alternating_phase,reference,dies,0,0,2,0,1|1,2,3,0,3,1,1/1000000/2;1/1000000/2,true,false,false,true,b70c3563e3e06fbe6da2d989fb1e5e67bf564d02309ecd13c60495cbfa662939,4f53cda18c2baa0c0354bb5f9a3ecbe5ed12ab4d8e11ba873c2f11161202b945,cbd7b1c027498cfdd3657e5d2e2a9b4e01f7d82d21c319bad9c57a7225e041be,89c29a8541fe358c386d6cc9d6c3d074c6921744b0345c4334c8269a02543177,true,true,true,true
25,5700000,1,reciprocal_c2_d0_t2_alternating_phase,production,dies,0,0,2,0,1|1,2,3,0,3,1,1/1000000/2;1/1000000/2,true,false,false,true,b70c3563e3e06fbe6da2d989fb1e5e67bf564d02309ecd13c60495cbfa662939,4f53cda18c2baa0c0354bb5f9a3ecbe5ed12ab4d8e11ba873c2f11161202b945,cbd7b1c027498cfdd3657e5d2e2a9b4e01f7d82d21c319bad9c57a7225e041be,89c29a8541fe358c386d6cc9d6c3d074c6921744b0345c4334c8269a02543177,true,true,true,true
26,5700000,1,reciprocal_c2_d1_t2,reference,periodic,2,2,256,32,144|144,287,256,32,288,288,1/999972/2;1/999972/2,false,true,true,true,316ccbfe02534a6f147fe7282dbc725f9e00a07b2ce54cb73ca52f19e53d0af5,0da61e4fa64c2210d0a4412c079ea9a03e058cc06bf960b68fb7f61febf11fd6,f90d5be5b88e7a23328d5b3f05ea929bb5f9cb5b85fd0f6df85e94e19d4738d3,e5e8385f9e57a6721ac87b18bcb9b1d543f19ffc887c3a3ae01e852e2f0c7917,true,true,true,true
26,5700000,1,reciprocal_c2_d1_t2,production,periodic,2,2,256,32,144|144,287,256,32,288,288,1/999972/2;1/999972/2,false,true,true,true,316ccbfe02534a6f147fe7282dbc725f9e00a07b2ce54cb73ca52f19e53d0af5,0da61e4fa64c2210d0a4412c079ea9a03e058cc06bf960b68fb7f61febf11fd6,f90d5be5b88e7a23328d5b3f05ea929bb5f9cb5b85fd0f6df85e94e19d4738d3,cd9a048c6c464d39902fd80e24c534cd3496f92a79b6f2f0c8567bb5da45a97d,true,true,true,true
27,5700000,1,reciprocal_c2_d2_t2,reference,periodic,2,4,256,32,144|144,287,256,32,288,575,1/999943/2;1/999943/2,false,true,true,true,62d60157c64c85caaafae55af4ba81b28c4921c724ecf4f5b8ed5362c7b1c8cb,7832f5d2fa2a1e569f63c4fb4bb10927e79cc9fcf2ef67e86efdcbff338d7580,9b248831cc69065a58d772b1b17a6d56c4082b767df10eb71dc6d61642a575db,583a6a84451141d3d802a1031b5ce70e0f9f2e16f20e7ddd55c002aad91b079d,true,true,true,true
27,5700000,1,reciprocal_c2_d2_t2,production,periodic,2,4,256,32,144|144,287,256,32,288,575,1/999943/2;1/999943/2,false,true,true,true,62d60157c64c85caaafae55af4ba81b28c4921c724ecf4f5b8ed5362c7b1c8cb,7832f5d2fa2a1e569f63c4fb4bb10927e79cc9fcf2ef67e86efdcbff338d7580,9b248831cc69065a58d772b1b17a6d56c4082b767df10eb71dc6d61642a575db,a100f054de2d97326d72246cc0fae49205e2d780373e7c0726202e57547c6054,true,true,true,true
28,5700000,1,reciprocal_c2_d3_t2,reference,periodic,2,6,256,32,144|144,287,256,32,288,862,1/999914/2;1/999914/2,false,true,true,true,2d39948ab67abd2731114d0c9e152ed5be6d90717ecdb8918fa1e0597f833ecb,44f803a6df9d766c0078aac8f282e8d143260812af4406c2a7d50b96a6e7f722,9f4ce15e2b57966d3256f7a03f53f3ac300ca75b44207e84d2aa8961d43093bc,c0d8b0cf580317c6be8c4827ffccbbe7304fb1e7e1f5e1f31c7fc49a47678d25,true,true,true,true
28,5700000,1,reciprocal_c2_d3_t2,production,periodic,2,6,256,32,144|144,287,256,32,288,862,1/999914/2;1/999914/2,false,true,true,true,2d39948ab67abd2731114d0c9e152ed5be6d90717ecdb8918fa1e0597f833ecb,44f803a6df9d766c0078aac8f282e8d143260812af4406c2a7d50b96a6e7f722,9f4ce15e2b57966d3256f7a03f53f3ac300ca75b44207e84d2aa8961d43093bc,3c334510833d6c930b86fdfe7319f43690da31f8eb9b2a20c35ca52bd41fe396,true,true,true,true
29,5700000,1,reciprocal_c2_mixed_d0_d1_t2,reference,periodic,2,1,256,32,144|144,287,256,32,288,144,1/999986/2;1/999986/2,false,true,true,true,5094d190f090c3b5482047846e966a24410bb88a805c8e2149862154b37ee99a,73432a804c96c1163fabc19f070a44ca224c21a9a30e003c6085b3199ad59a72,a2453f275ac5d883b218a763855bdd3c4b6dce336e7e14f62e1a3ce42c9ef862,c14e775ab2cd724dc13f8f5bc464f92f9c6eba7c1ca9114c66a9ebde1b64dd22,true,true,true,true
29,5700000,1,reciprocal_c2_mixed_d0_d1_t2,production,periodic,2,1,256,32,144|144,287,256,32,288,144,1/999986/2;1/999986/2,false,true,true,true,5094d190f090c3b5482047846e966a24410bb88a805c8e2149862154b37ee99a,73432a804c96c1163fabc19f070a44ca224c21a9a30e003c6085b3199ad59a72,a2453f275ac5d883b218a763855bdd3c4b6dce336e7e14f62e1a3ce42c9ef862,c14e775ab2cd724dc13f8f5bc464f92f9c6eba7c1ca9114c66a9ebde1b64dd22,true,true,true,true
30,5700000,1,reciprocal_c2_d1_t2_alternating_phase,reference,periodic,2,2,256,32,144|144,287,256,32,288,288,1/999972/2;1/999972/2,false,true,true,true,25a16579c81fb881c7ea2874886e265c35b4dbf471b972e6317107abec517bea,3e27ef805dccc737adbc7385e93bcf8429ea6d3f9850a7f9123625cc01256a22,21ef48ebbe81b6ccdef658b2c6498387408f9ed7a133aca85325d4108efd253c,91793684ea78b49252b18c301cb22d89e2e2a27402285a6518a64a6514e1f02b,true,true,true,true
30,5700000,1,reciprocal_c2_d1_t2_alternating_phase,production,periodic,2,2,256,32,144|144,287,256,32,288,288,1/999972/2;1/999972/2,false,true,true,true,25a16579c81fb881c7ea2874886e265c35b4dbf471b972e6317107abec517bea,3e27ef805dccc737adbc7385e93bcf8429ea6d3f9850a7f9123625cc01256a22,21ef48ebbe81b6ccdef658b2c6498387408f9ed7a133aca85325d4108efd253c,cfcd5ef9cb593ed03088c23fde76e0741214d833863b556503134620c9a4ed30,true,true,true,true
31,5700000,1,reciprocal_c2_d1_t1,reference,periodic,2,2,256,32,144|144,287,256,32,288,288,1/999972/2;1/999972/2,false,true,true,true,1a047f0e2d4fc1f151c98de7c6997bd2e1c58051364e38797822e1b36e818d61,0da61e4fa64c2210d0a4412c079ea9a03e058cc06bf960b68fb7f61febf11fd6,d9233bbc8246aa60b087af71bfad512fd0ff396946cddc34f81437978d1748a8,e5ba6023750627beea72bf10be986e2ac3266e7077db70fe800b5a37305e4036,true,true,true,true
31,5700000,1,reciprocal_c2_d1_t1,production,periodic,2,2,256,32,144|144,287,256,32,288,288,1/999972/2;1/999972/2,false,true,true,true,1a047f0e2d4fc1f151c98de7c6997bd2e1c58051364e38797822e1b36e818d61,0da61e4fa64c2210d0a4412c079ea9a03e058cc06bf960b68fb7f61febf11fd6,d9233bbc8246aa60b087af71bfad512fd0ff396946cddc34f81437978d1748a8,56facd49511e6c3cc8b217848d155b0ae0604cb103e01d4d7eed13890f3bc21e,true,true,true,true
32,5700000,1,reciprocal_c2_d1_t3,reference,dies,0,0,1,0,1|0,1,2,0,2,2,1/1000000/2;1/1000000/2,true,false,false,true,db98386bd791483d5ddadb06ee6c2d5200d0d7d8227797f4a0ddb0d189ef81ee,4f53cda18c2baa0c0354bb5f9a3ecbe5ed12ab4d8e11ba873c2f11161202b945,28de4b9d696133cdd4686930321d89b7f3a0bcc1a4507a46e906b8b6759f610a,eded1777c77ae380f87f33432f9c28f2fbe4693a829d659f3fdf915305c639f5,true,true,true,true
32,5700000,1,reciprocal_c2_d1_t3,production,dies,0,0,1,0,1|0,1,2,0,2,2,1/1000000/2;1/1000000/2,true,false,false,true,db98386bd791483d5ddadb06ee6c2d5200d0d7d8227797f4a0ddb0d189ef81ee,4f53cda18c2baa0c0354bb5f9a3ecbe5ed12ab4d8e11ba873c2f11161202b945,28de4b9d696133cdd4686930321d89b7f3a0bcc1a4507a46e906b8b6759f610a,ca467cd0f4a299fb29d3174e49c36c302b6727db9d150a0c39f1052f1edd2953,true,true,true,true
33,5700000,1,cycle_3_c2_d1_t2,reference,periodic,3,3,256,32,96|96|96,287,256,32,288,288,1/999972/2;1/999972/2;1/999972/2,false,true,true,true,c094d4bf04bd777d300d2c6b194f6ca1215f32ae4f117867f3e0ce64cbce4490,f8f477e8a6fdf699ddfc39c5b3970fb7c87f1ee41c21f8cbab52360b615fd7e4,fc8d7a606dee22b1dd1c3ec8b3b5f3ae7124dba25f71efdc586ee601318bbdcf,4cbabdebfdbc3a000e41f138f49dda0629c9a307a5c45c339125f65a217b384a,true,true,true,true
33,5700000,1,cycle_3_c2_d1_t2,production,periodic,3,3,256,32,96|96|96,287,256,32,288,288,1/999972/2;1/999972/2;1/999972/2,false,true,true,true,c094d4bf04bd777d300d2c6b194f6ca1215f32ae4f117867f3e0ce64cbce4490,f8f477e8a6fdf699ddfc39c5b3970fb7c87f1ee41c21f8cbab52360b615fd7e4,fc8d7a606dee22b1dd1c3ec8b3b5f3ae7124dba25f71efdc586ee601318bbdcf,2314a9e1abd2e89dffab49c46cba3e95c2da8e5cf9b8c862780c5926de8bf9c2,true,true,true,true
34,5700000,1,cycle_4_c2_d1_t2,reference,periodic,4,4,256,32,72|72|72|72,287,256,32,288,288,1/999972/2;1/999972/2;1/999972/2;1/999972/2,false,true,true,true,eea048f5d7b6b3cbd5cb63bbafedfe9c77bdcaf15ac53e90cea5410a27edc99d,2379b7eeda7ea5c81723ffdd4c433807bad2fa0b2ba758a2112cdd2ab34b7921,f127b1b04a6ec2b4cdf6cbc76ecc5711b3abca4f893e5abbe220bcbf884fa7e5,dd2c5172bc0b766646db0f80621e9c75071af29cf8110faf353e9df8dab78c3f,true,true,true,true
34,5700000,1,cycle_4_c2_d1_t2,production,periodic,4,4,256,32,72|72|72|72,287,256,32,288,288,1/999972/2;1/999972/2;1/999972/2;1/999972/2,false,true,true,true,eea048f5d7b6b3cbd5cb63bbafedfe9c77bdcaf15ac53e90cea5410a27edc99d,2379b7eeda7ea5c81723ffdd4c433807bad2fa0b2ba758a2112cdd2ab34b7921,f127b1b04a6ec2b4cdf6cbc76ecc5711b3abca4f893e5abbe220bcbf884fa7e5,ecc60cc24476b2189089dc1fba2313140b4e1b93e01b7846cf1afa35592adff4,true,true,true,true
35,5700000,1,cycle_8_c2_d1_t2,reference,periodic,8,8,256,32,36|36|36|36|36|36|36|36,287,256,32,288,288,1/999972/2;1/999972/2;1/999972/2;1/999972/2;1/999972/2;1/999972/2;1/999972/2;1/999972/2,false,true,true,true,b5f8bb8e8780c3c36903489d9631e937396b8e5444b2070ffb458e2fd75d2ed3,3f7c40c892a4c31b26377cbb9dce36534c91743ac3b32e79f51d26216c639b87,79c770175160a16a4190142229dbff52864195a261858815849f5489fc673a14,5e1067a144e5abdf3efe288c72faf1b3eb33abd35bb0e445650f35bc436994c8,true,true,true,true
35,5700000,1,cycle_8_c2_d1_t2,production,periodic,8,8,256,32,36|36|36|36|36|36|36|36,287,256,32,288,288,1/999972/2;1/999972/2;1/999972/2;1/999972/2;1/999972/2;1/999972/2;1/999972/2;1/999972/2,false,true,true,true,b5f8bb8e8780c3c36903489d9631e937396b8e5444b2070ffb458e2fd75d2ed3,3f7c40c892a4c31b26377cbb9dce36534c91743ac3b32e79f51d26216c639b87,79c770175160a16a4190142229dbff52864195a261858815849f5489fc673a14,3b1cc2080ed20701b4f43d6c2f6f1241927781d4b2b5666a736d65331946162f,true,true,true,true
36,5700000,1,cycle_3_c2_d0_t2,reference,dies,0,0,3,0,1|1|1,3,4,0,4,1,1/1000000/2;1/1000000/2;1/1000000/2,true,false,false,true,6fe6a500e1c365a772af97bb58d5b4bfb0c15dddd399a32a138d09b805377d48,4f53cda18c2baa0c0354bb5f9a3ecbe5ed12ab4d8e11ba873c2f11161202b945,3f0b647e758e21ed6e01a3c0fa394fdb5e00d985963ff13d839f7d0f99db9f35,c1a0bb8e3831b542e3ecda28a47c541f6739f32e7fdc5883709c97cc392e237b,true,true,true,true
36,5700000,1,cycle_3_c2_d0_t2,production,dies,0,0,3,0,1|1|1,3,4,0,4,1,1/1000000/2;1/1000000/2;1/1000000/2,true,false,false,true,6fe6a500e1c365a772af97bb58d5b4bfb0c15dddd399a32a138d09b805377d48,4f53cda18c2baa0c0354bb5f9a3ecbe5ed12ab4d8e11ba873c2f11161202b945,3f0b647e758e21ed6e01a3c0fa394fdb5e00d985963ff13d839f7d0f99db9f35,c1a0bb8e3831b542e3ecda28a47c541f6739f32e7fdc5883709c97cc392e237b,true,true,true,true
37,5700000,1,cycle_4_c2_d0_t2,reference,dies,0,0,4,0,1|1|1|1,4,5,0,5,1,1/1000000/2;1/1000000/2;1/1000000/2;1/1000000/2,true,false,false,true,a281d4c773a8741460ccbe125ce7ba6d1521558dd1c0f3ae106cbbc7077ecf15,4f53cda18c2baa0c0354bb5f9a3ecbe5ed12ab4d8e11ba873c2f11161202b945,f996c73008a9a84bfd8b750bc60885233fc99040decee681711aa327364cf953,d364f5d5df08575c005f45ac719f065df0a62ff1f287e2a1b3f948ae99eaadb9,true,true,true,true
37,5700000,1,cycle_4_c2_d0_t2,production,dies,0,0,4,0,1|1|1|1,4,5,0,5,1,1/1000000/2;1/1000000/2;1/1000000/2;1/1000000/2,true,false,false,true,a281d4c773a8741460ccbe125ce7ba6d1521558dd1c0f3ae106cbbc7077ecf15,4f53cda18c2baa0c0354bb5f9a3ecbe5ed12ab4d8e11ba873c2f11161202b945,f996c73008a9a84bfd8b750bc60885233fc99040decee681711aa327364cf953,d364f5d5df08575c005f45ac719f065df0a62ff1f287e2a1b3f948ae99eaadb9,true,true,true,true
38,5700000,1,cycle_8_c2_d0_t2,reference,dies,0,0,8,0,1|1|1|1|1|1|1|1,8,9,0,9,1,1/1000000/2;1/1000000/2;1/1000000/2;1/1000000/2;1/1000000/2;1/1000000/2;1/1000000/2;1/1000000/2,true,false,false,true,15e8212e18226eddf79fa31715b2fed9b2b214f356856dc0ed1a8776a4d68ad4,4f53cda18c2baa0c0354bb5f9a3ecbe5ed12ab4d8e11ba873c2f11161202b945,b1fceaae00c7a90dab5e3c03fa2b7b8d5708b0453d79020dd295f41a66c9e19e,b24d39ba65240be5781f56e4a7db19ed344946536204b6d5e4ed3d1c736aefc2,true,true,true,true
38,5700000,1,cycle_8_c2_d0_t2,production,dies,0,0,8,0,1|1|1|1|1|1|1|1,8,9,0,9,1,1/1000000/2;1/1000000/2;1/1000000/2;1/1000000/2;1/1000000/2;1/1000000/2;1/1000000/2;1/1000000/2,true,false,false,true,15e8212e18226eddf79fa31715b2fed9b2b214f356856dc0ed1a8776a4d68ad4,4f53cda18c2baa0c0354bb5f9a3ecbe5ed12ab4d8e11ba873c2f11161202b945,b1fceaae00c7a90dab5e3c03fa2b7b8d5708b0453d79020dd295f41a66c9e19e,b24d39ba65240be5781f56e4a7db19ed344946536204b6d5e4ed3d1c736aefc2,true,true,true,true
39,5700000,1,chain_8_c2_d1_t2,reference,dies,0,0,8,0,1|1|1|1|1|1|1|1,7,8,0,8,8,1/1000000/2;1/1000000/2;1/1000000/2;1/1000000/2;1/1000000/2;1/1000000/2;1/1000000/2,true,false,false,true,7d5a5358d438600f34c77a483c0a9d984d0f5816ae699ddee80b3d154f676370,4f53cda18c2baa0c0354bb5f9a3ecbe5ed12ab4d8e11ba873c2f11161202b945,dea9e1d644726f96e0c08a2e678f6f6e8897c21ba4a06426a3a81522a0877f5b,f52ce46cd74eedd28702a9363333254300d6dfab9723408c04296f554e4affc5,true,true,true,true
39,5700000,1,chain_8_c2_d1_t2,production,dies,0,0,8,0,1|1|1|1|1|1|1|1,7,8,0,8,8,1/1000000/2;1/1000000/2;1/1000000/2;1/1000000/2;1/1000000/2;1/1000000/2;1/1000000/2,true,false,false,true,7d5a5358d438600f34c77a483c0a9d984d0f5816ae699ddee80b3d154f676370,4f53cda18c2baa0c0354bb5f9a3ecbe5ed12ab4d8e11ba873c2f11161202b945,dea9e1d644726f96e0c08a2e678f6f6e8897c21ba4a06426a3a81522a0877f5b,65282414dbd8c6a259f07aa12dabab7f5f2765b2dbcbdde6bfa12ce51f1d17b1,true,true,true,true
40,5700000,1,chain_8_c2_d0_t2,reference,dies,0,0,8,0,1|1|1|1|1|1|1|1,7,8,0,8,1,1/1000000/2;1/1000000/2;1/1000000/2;1/1000000/2;1/1000000/2;1/1000000/2;1/1000000/2,true,false,false,true,58564689d89a3e379de2e8673a36a0094a1676119afe94b1bffb3ce25096e62c,4f53cda18c2baa0c0354bb5f9a3ecbe5ed12ab4d8e11ba873c2f11161202b945,b904d3542041bd79b3843b96baac802e050df60cceba07abdb71e64b740021a5,d7024651e3fc9c1bebd5a597f6f4702e44f933fa847d4048f22fb617ed50b278,true,true,true,true
40,5700000,1,chain_8_c2_d0_t2,production,dies,0,0,8,0,1|1|1|1|1|1|1|1,7,8,0,8,1,1/1000000/2;1/1000000/2;1/1000000/2;1/1000000/2;1/1000000/2;1/1000000/2;1/1000000/2,true,false,false,true,58564689d89a3e379de2e8673a36a0094a1676119afe94b1bffb3ce25096e62c,4f53cda18c2baa0c0354bb5f9a3ecbe5ed12ab4d8e11ba873c2f11161202b945,b904d3542041bd79b3843b96baac802e050df60cceba07abdb71e64b740021a5,d7024651e3fc9c1bebd5a597f6f4702e44f933fa847d4048f22fb617ed50b278,true,true,true,true
41,5700000,2,one_way_c2_d1_t2,reference,dies,0,0,2,0,1|1,1,2,0,2,3,1/1000000/2,true,false,false,true,ed4f307f8b05b47d8c09bde9fe30d0d5804942d6cab838de03c1f35c8ac2a288,4f53cda18c2baa0c0354bb5f9a3ecbe5ed12ab4d8e11ba873c2f11161202b945,a2590be5d41d3124e31ed0d8fa720fe6aa308830bf98b16c83a2120318ccaf66,9fef91f14276795745774275afd8bf838fed4fa6230ee3c38be7ff202f96dbe6,true,true,true,true
41,5700000,2,one_way_c2_d1_t2,production,dies,0,0,2,0,1|1,1,2,0,2,3,1/1000000/2,true,false,false,true,ed4f307f8b05b47d8c09bde9fe30d0d5804942d6cab838de03c1f35c8ac2a288,4f53cda18c2baa0c0354bb5f9a3ecbe5ed12ab4d8e11ba873c2f11161202b945,a2590be5d41d3124e31ed0d8fa720fe6aa308830bf98b16c83a2120318ccaf66,c658bb06706a8d7fef91efeee1bdae492957e2adc4a3078dec06d9b05f49a401,true,true,true,true
42,5700000,2,reciprocal_c1_d1_t2,reference,dies,0,0,1,0,1|0,1,2,0,2,3,1/1000000/1;1/1000000/1,true,false,false,true,64abaae57bf686e524d04d38586e8949d59d328fa6cded97b73151fab784ecc5,4f53cda18c2baa0c0354bb5f9a3ecbe5ed12ab4d8e11ba873c2f11161202b945,893fde4229639d9f3ed093ffe47e502e090f46551176449a182bf85ac837c9d7,acb16eb61688fb033e6520812fa5fa41fde5515a2f185e813174a4bc171e4fa8,true,true,true,true
42,5700000,2,reciprocal_c1_d1_t2,production,dies,0,0,1,0,1|0,1,2,0,2,3,1/1000000/1;1/1000000/1,true,false,false,true,64abaae57bf686e524d04d38586e8949d59d328fa6cded97b73151fab784ecc5,4f53cda18c2baa0c0354bb5f9a3ecbe5ed12ab4d8e11ba873c2f11161202b945,893fde4229639d9f3ed093ffe47e502e090f46551176449a182bf85ac837c9d7,6751427f11f24a42ec5c2dbf8db1ba26346f5410bbbec9f89d491aa8978bff00,true,true,true,true
43,5700000,2,reciprocal_c1_d1_t1,reference,periodic,2,2,256,32,144|144,287,256,32,288,289,1/999972/1;1/999972/1,false,true,true,true,a256b61749b7ea53baff836dc630db8126ca43855604e1edfa875b248d9c082d,5a636acd7f7ae17daffe009e96f95a75c2a99dd94c96086024e9ff7b68a9788d,0d54d95e74ddd331d78f960a5fa142b081e9602f7ebcb350e56b62c14a73e2bc,9990b73768579917ca46e44c233341bbc62c6f2a88cf532ea73b225fd4c61fa8,true,true,true,true
43,5700000,2,reciprocal_c1_d1_t1,production,periodic,2,2,256,32,144|144,287,256,32,288,289,1/999972/1;1/999972/1,false,true,true,true,a256b61749b7ea53baff836dc630db8126ca43855604e1edfa875b248d9c082d,5a636acd7f7ae17daffe009e96f95a75c2a99dd94c96086024e9ff7b68a9788d,0d54d95e74ddd331d78f960a5fa142b081e9602f7ebcb350e56b62c14a73e2bc,a2c41629f4a4916806e094fcd868c9f6d7c5657ee8412ac05b380b24eb6b25d0,true,true,true,true
44,5700000,2,reciprocal_c2_d0_t2,reference,dies,0,0,2,0,1|1,2,3,0,3,2,1/1000000/2;1/1000000/2,true,false,false,true,e1ed8a5345dd987f582aaab91f1e8629480472076bc96a6c2a0ad18f23cc6335,4f53cda18c2baa0c0354bb5f9a3ecbe5ed12ab4d8e11ba873c2f11161202b945,067b7897453a840897bb9eb6a6768563891f5efea50ee192db90b8423dd7b11d,f3f0e04adb6dd191ebc1f6e67ade05f480b3d0bc66eff401aafed27d34b9ddf2,true,true,true,true
44,5700000,2,reciprocal_c2_d0_t2,production,dies,0,0,2,0,1|1,2,3,0,3,2,1/1000000/2;1/1000000/2,true,false,false,true,e1ed8a5345dd987f582aaab91f1e8629480472076bc96a6c2a0ad18f23cc6335,4f53cda18c2baa0c0354bb5f9a3ecbe5ed12ab4d8e11ba873c2f11161202b945,067b7897453a840897bb9eb6a6768563891f5efea50ee192db90b8423dd7b11d,f3f0e04adb6dd191ebc1f6e67ade05f480b3d0bc66eff401aafed27d34b9ddf2,true,true,true,true
45,5700000,2,reciprocal_c2_d0_t2_alternating_phase,reference,dies,0,0,2,0,1|1,2,3,0,3,2,1/1000000/2;1/1000000/2,true,false,false,true,105572a18052fc06901ab0e09493ca6e5aa39f0185bec2852cfde0227d919929,4f53cda18c2baa0c0354bb5f9a3ecbe5ed12ab4d8e11ba873c2f11161202b945,cbd7b1c027498cfdd3657e5d2e2a9b4e01f7d82d21c319bad9c57a7225e041be,2e66f30fc2a058c2e4f388feac28c906311a96a22dd20dcbc6221a5e85e10076,true,true,true,true
45,5700000,2,reciprocal_c2_d0_t2_alternating_phase,production,dies,0,0,2,0,1|1,2,3,0,3,2,1/1000000/2;1/1000000/2,true,false,false,true,105572a18052fc06901ab0e09493ca6e5aa39f0185bec2852cfde0227d919929,4f53cda18c2baa0c0354bb5f9a3ecbe5ed12ab4d8e11ba873c2f11161202b945,cbd7b1c027498cfdd3657e5d2e2a9b4e01f7d82d21c319bad9c57a7225e041be,2e66f30fc2a058c2e4f388feac28c906311a96a22dd20dcbc6221a5e85e10076,true,true,true,true
46,5700000,2,reciprocal_c2_d1_t2,reference,periodic,2,2,256,32,144|144,287,256,32,288,289,1/999972/2;1/999972/2,false,true,true,true,261496d9ec9245770a589dd0890f1cd93ef1be7dfc59b0bf303d2ba326bb1b6a,2d117c854206cdb1ef3acd508ade79a95f3bc789a216efe1af6386c18ef6876f,f90d5be5b88e7a23328d5b3f05ea929bb5f9cb5b85fd0f6df85e94e19d4738d3,3121b29a08a28f1d601a13460a55714c1c1b83d415358e2c4fea55de85eb8404,true,true,true,true
46,5700000,2,reciprocal_c2_d1_t2,production,periodic,2,2,256,32,144|144,287,256,32,288,289,1/999972/2;1/999972/2,false,true,true,true,261496d9ec9245770a589dd0890f1cd93ef1be7dfc59b0bf303d2ba326bb1b6a,2d117c854206cdb1ef3acd508ade79a95f3bc789a216efe1af6386c18ef6876f,f90d5be5b88e7a23328d5b3f05ea929bb5f9cb5b85fd0f6df85e94e19d4738d3,10afee69b1a9648499119276053f7789561773d52abb0c7f69e751c96a94c163,true,true,true,true
47,5700000,2,reciprocal_c2_d2_t2,reference,periodic,2,4,256,32,144|144,287,256,32,288,576,1/999943/2;1/999943/2,false,true,true,true,b5ffb084efe07357c7b8c6211a48f681ed932c4cc0ffeb2aacc8e7b136c9b30b,36f613f45668289044c6c2114447c3eb74cee2120e093bf6f36e9c58e5e1f7e8,9b248831cc69065a58d772b1b17a6d56c4082b767df10eb71dc6d61642a575db,b503714add06d6625e9d85d7085a244b5ab16e0e276cd71d61d024abc8d64728,true,true,true,true
47,5700000,2,reciprocal_c2_d2_t2,production,periodic,2,4,256,32,144|144,287,256,32,288,576,1/999943/2;1/999943/2,false,true,true,true,b5ffb084efe07357c7b8c6211a48f681ed932c4cc0ffeb2aacc8e7b136c9b30b,36f613f45668289044c6c2114447c3eb74cee2120e093bf6f36e9c58e5e1f7e8,9b248831cc69065a58d772b1b17a6d56c4082b767df10eb71dc6d61642a575db,bc2196d7e56e930b3311f0a3f87478dffc7b02cb9595057f6009eac639300179,true,true,true,true
48,5700000,2,reciprocal_c2_d3_t2,reference,periodic,2,6,256,32,144|144,287,256,32,288,863,1/999914/2;1/999914/2,false,true,true,true,7ce8308ceeff061735c9fd398b4308ad0afd20a17ab6ed211bb60d35b10e11f8,9d82ffff987c413969db4905287d1bd5e49b02f95dbcf59c8595f0dd2cda033d,9f4ce15e2b57966d3256f7a03f53f3ac300ca75b44207e84d2aa8961d43093bc,e60fc23f8ad2dc6a89fd51cc6c8a06d5c16dc564f78db336a4f9d482a81fce0c,true,true,true,true
48,5700000,2,reciprocal_c2_d3_t2,production,periodic,2,6,256,32,144|144,287,256,32,288,863,1/999914/2;1/999914/2,false,true,true,true,7ce8308ceeff061735c9fd398b4308ad0afd20a17ab6ed211bb60d35b10e11f8,9d82ffff987c413969db4905287d1bd5e49b02f95dbcf59c8595f0dd2cda033d,9f4ce15e2b57966d3256f7a03f53f3ac300ca75b44207e84d2aa8961d43093bc,57ff2a966f6230d78226f04ce2ed544c186213bac6a2b24897128a1b2f023deb,true,true,true,true
49,5700000,2,reciprocal_c2_mixed_d0_d1_t2,reference,periodic,2,1,256,32,144|144,287,256,32,288,145,1/999986/2;1/999986/2,false,true,true,true,6c5e9c6ae595bfd035d017910cc60cd582a5a029693d85039a7fe55996fe630a,b19165cfd1f42879c60ed28f52489f43ef79964fa8aae53672da392ce9b72969,a2453f275ac5d883b218a763855bdd3c4b6dce336e7e14f62e1a3ce42c9ef862,3119a3e920c90a73cc43dfeafacfa88a610cf12e38afdd1421dfb212be9f773a,true,true,true,true
49,5700000,2,reciprocal_c2_mixed_d0_d1_t2,production,periodic,2,1,256,32,144|144,287,256,32,288,145,1/999986/2;1/999986/2,false,true,true,true,6c5e9c6ae595bfd035d017910cc60cd582a5a029693d85039a7fe55996fe630a,b19165cfd1f42879c60ed28f52489f43ef79964fa8aae53672da392ce9b72969,a2453f275ac5d883b218a763855bdd3c4b6dce336e7e14f62e1a3ce42c9ef862,3119a3e920c90a73cc43dfeafacfa88a610cf12e38afdd1421dfb212be9f773a,true,true,true,true
50,5700000,2,reciprocal_c2_d1_t2_alternating_phase,reference,periodic,2,2,256,32,144|144,287,256,32,288,289,1/999972/2;1/999972/2,false,true,true,true,e968b63ab95a50c92e880a530bf77eccf4a13fa7d2d806661d1b7b93e947281b,4719b4df7f9e3a900267f7b5b80f29a18250e9f858b3fe2532f8a29ab9831053,21ef48ebbe81b6ccdef658b2c6498387408f9ed7a133aca85325d4108efd253c,c5422a7010aba683267690589c3b3b0a6e29f88a8db756708083ae2c4c83d0c8,true,true,true,true
50,5700000,2,reciprocal_c2_d1_t2_alternating_phase,production,periodic,2,2,256,32,144|144,287,256,32,288,289,1/999972/2;1/999972/2,false,true,true,true,e968b63ab95a50c92e880a530bf77eccf4a13fa7d2d806661d1b7b93e947281b,4719b4df7f9e3a900267f7b5b80f29a18250e9f858b3fe2532f8a29ab9831053,21ef48ebbe81b6ccdef658b2c6498387408f9ed7a133aca85325d4108efd253c,8c433f1331e7be57a9be7f7bde2b7061b376b844b6abc66749270942a43efbf7,true,true,true,true
51,5700000,2,reciprocal_c2_d1_t1,reference,periodic,2,2,256,32,144|144,287,256,32,288,289,1/999972/2;1/999972/2,false,true,true,true,fa55aac0d29a6352411f21cb0fa7905827ae54b41373a31c99faa5148f1de213,2d117c854206cdb1ef3acd508ade79a95f3bc789a216efe1af6386c18ef6876f,d9233bbc8246aa60b087af71bfad512fd0ff396946cddc34f81437978d1748a8,d0bda902aa27e1285f5251436959a4e8b6e36c7493e4532b401469235a9a9c35,true,true,true,true
51,5700000,2,reciprocal_c2_d1_t1,production,periodic,2,2,256,32,144|144,287,256,32,288,289,1/999972/2;1/999972/2,false,true,true,true,fa55aac0d29a6352411f21cb0fa7905827ae54b41373a31c99faa5148f1de213,2d117c854206cdb1ef3acd508ade79a95f3bc789a216efe1af6386c18ef6876f,d9233bbc8246aa60b087af71bfad512fd0ff396946cddc34f81437978d1748a8,5ec5e26d620c075a5bcf9062482889b0843c67491c02218f1e6fa7096875cce3,true,true,true,true
52,5700000,2,reciprocal_c2_d1_t3,reference,dies,0,0,1,0,1|0,1,2,0,2,3,1/1000000/2;1/1000000/2,true,false,false,true,4fc095965a093fd73bd18036812ac528e68653f016dcfc7cc8cc214d28438ca8,4f53cda18c2baa0c0354bb5f9a3ecbe5ed12ab4d8e11ba873c2f11161202b945,28de4b9d696133cdd4686930321d89b7f3a0bcc1a4507a46e906b8b6759f610a,aeb7b7ba9d1003bc3448a4f90c2275663104edc17c09518689951e65015cd4fe,true,true,true,true
52,5700000,2,reciprocal_c2_d1_t3,production,dies,0,0,1,0,1|0,1,2,0,2,3,1/1000000/2;1/1000000/2,true,false,false,true,4fc095965a093fd73bd18036812ac528e68653f016dcfc7cc8cc214d28438ca8,4f53cda18c2baa0c0354bb5f9a3ecbe5ed12ab4d8e11ba873c2f11161202b945,28de4b9d696133cdd4686930321d89b7f3a0bcc1a4507a46e906b8b6759f610a,6a4de093ec022da1cf01ee969a6102ab55dd8649d72fb2c4501574a395237ccd,true,true,true,true
53,5700000,2,cycle_3_c2_d1_t2,reference,periodic,3,3,256,32,96|96|96,287,256,32,288,289,1/999972/2;1/999972/2;1/999972/2,false,true,true,true,da666cce466e8f6d6544ffe01c497457fd2b7de2875461077ed6c1a98cb75106,ad605206050154e04e5f7e3f7d18c7a3e783ceba6d84622e1c7d19f8a1e15b38,fc8d7a606dee22b1dd1c3ec8b3b5f3ae7124dba25f71efdc586ee601318bbdcf,1dedb729d08c046b0320c48e99b9f35f2c799614378c4185683e695aa3ab7264,true,true,true,true
53,5700000,2,cycle_3_c2_d1_t2,production,periodic,3,3,256,32,96|96|96,287,256,32,288,289,1/999972/2;1/999972/2;1/999972/2,false,true,true,true,da666cce466e8f6d6544ffe01c497457fd2b7de2875461077ed6c1a98cb75106,ad605206050154e04e5f7e3f7d18c7a3e783ceba6d84622e1c7d19f8a1e15b38,fc8d7a606dee22b1dd1c3ec8b3b5f3ae7124dba25f71efdc586ee601318bbdcf,718424d4d998ece142076672f0635c8df526454c4cf6e3cdedf4c3c23f96131a,true,true,true,true
54,5700000,2,cycle_4_c2_d1_t2,reference,periodic,4,4,256,32,72|72|72|72,287,256,32,288,289,1/999972/2;1/999972/2;1/999972/2;1/999972/2,false,true,true,true,dcd5a0016e33332a4083ffcd511e8f74d9b3595f3abd9f3b1c79bfc917dc0bad,2cbbad45d25ee54857b982033cb31ddf763a8770ada341377ed65df4b3462e11,f127b1b04a6ec2b4cdf6cbc76ecc5711b3abca4f893e5abbe220bcbf884fa7e5,51b79219ef8c3cd4ce4a793844ed57c77e8af9d73e113aa96809a01d72612a1a,true,true,true,true
54,5700000,2,cycle_4_c2_d1_t2,production,periodic,4,4,256,32,72|72|72|72,287,256,32,288,289,1/999972/2;1/999972/2;1/999972/2;1/999972/2,false,true,true,true,dcd5a0016e33332a4083ffcd511e8f74d9b3595f3abd9f3b1c79bfc917dc0bad,2cbbad45d25ee54857b982033cb31ddf763a8770ada341377ed65df4b3462e11,f127b1b04a6ec2b4cdf6cbc76ecc5711b3abca4f893e5abbe220bcbf884fa7e5,01152334f1b86a77bd51ffe9099ec7b4cc359f043eecb127ff4519d5566b07d1,true,true,true,true
55,5700000,2,cycle_8_c2_d1_t2,reference,periodic,8,8,256,32,36|36|36|36|36|36|36|36,287,256,32,288,289,1/999972/2;1/999972/2;1/999972/2;1/999972/2;1/999972/2;1/999972/2;1/999972/2;1/999972/2,false,true,true,true,e3cc60eda31e51e32fd476e5153329ea83d6afb52e62ade43be399d8916f1e65,ca07d4f467f405491b87d5758c300f1bc74e66b343c3c5df895d815d55d35935,79c770175160a16a4190142229dbff52864195a261858815849f5489fc673a14,32c98ad3dfde6dd8fd144be85f69872d1b24e75d2e84db848f009c6d698c5dd6,true,true,true,true
55,5700000,2,cycle_8_c2_d1_t2,production,periodic,8,8,256,32,36|36|36|36|36|36|36|36,287,256,32,288,289,1/999972/2;1/999972/2;1/999972/2;1/999972/2;1/999972/2;1/999972/2;1/999972/2;1/999972/2,false,true,true,true,e3cc60eda31e51e32fd476e5153329ea83d6afb52e62ade43be399d8916f1e65,ca07d4f467f405491b87d5758c300f1bc74e66b343c3c5df895d815d55d35935,79c770175160a16a4190142229dbff52864195a261858815849f5489fc673a14,75114d4fefff774bac256acfe033c2fc451d2334bf73fa75df00bf38fe718e81,true,true,true,true
56,5700000,2,cycle_3_c2_d0_t2,reference,dies,0,0,3,0,1|1|1,3,4,0,4,2,1/1000000/2;1/1000000/2;1/1000000/2,true,false,false,true,9cffaed855b116ffb98993c8dd9703cd6efedecdcd57a86ba0265ec1e5838f74,4f53cda18c2baa0c0354bb5f9a3ecbe5ed12ab4d8e11ba873c2f11161202b945,3f0b647e758e21ed6e01a3c0fa394fdb5e00d985963ff13d839f7d0f99db9f35,2a20722e549978697a7c660bec9123d421a1231c767c8ccda9018ea9c67871f6,true,true,true,true
56,5700000,2,cycle_3_c2_d0_t2,production,dies,0,0,3,0,1|1|1,3,4,0,4,2,1/1000000/2;1/1000000/2;1/1000000/2,true,false,false,true,9cffaed855b116ffb98993c8dd9703cd6efedecdcd57a86ba0265ec1e5838f74,4f53cda18c2baa0c0354bb5f9a3ecbe5ed12ab4d8e11ba873c2f11161202b945,3f0b647e758e21ed6e01a3c0fa394fdb5e00d985963ff13d839f7d0f99db9f35,2a20722e549978697a7c660bec9123d421a1231c767c8ccda9018ea9c67871f6,true,true,true,true
57,5700000,2,cycle_4_c2_d0_t2,reference,dies,0,0,4,0,1|1|1|1,4,5,0,5,2,1/1000000/2;1/1000000/2;1/1000000/2;1/1000000/2,true,false,false,true,29729446e65fc0f4daab1a9e1a5a074624c0c1918c9ff098cc247503e02e7330,4f53cda18c2baa0c0354bb5f9a3ecbe5ed12ab4d8e11ba873c2f11161202b945,f996c73008a9a84bfd8b750bc60885233fc99040decee681711aa327364cf953,1bba174d76c26bf8fd26ff01335e991f8e0770426bf8d8813f6d6569723eed15,true,true,true,true
57,5700000,2,cycle_4_c2_d0_t2,production,dies,0,0,4,0,1|1|1|1,4,5,0,5,2,1/1000000/2;1/1000000/2;1/1000000/2;1/1000000/2,true,false,false,true,29729446e65fc0f4daab1a9e1a5a074624c0c1918c9ff098cc247503e02e7330,4f53cda18c2baa0c0354bb5f9a3ecbe5ed12ab4d8e11ba873c2f11161202b945,f996c73008a9a84bfd8b750bc60885233fc99040decee681711aa327364cf953,1bba174d76c26bf8fd26ff01335e991f8e0770426bf8d8813f6d6569723eed15,true,true,true,true
58,5700000,2,cycle_8_c2_d0_t2,reference,dies,0,0,8,0,1|1|1|1|1|1|1|1,8,9,0,9,2,1/1000000/2;1/1000000/2;1/1000000/2;1/1000000/2;1/1000000/2;1/1000000/2;1/1000000/2;1/1000000/2,true,false,false,true,4ac174cd934cccf5823d05f48a62bc80c3d33ab015342aa2685608d2ce8a0f14,4f53cda18c2baa0c0354bb5f9a3ecbe5ed12ab4d8e11ba873c2f11161202b945,b1fceaae00c7a90dab5e3c03fa2b7b8d5708b0453d79020dd295f41a66c9e19e,c43321f20b54883772efbd93ed3f35be764e59b746c2b0085a1b6118f4c3cd5e,true,true,true,true
58,5700000,2,cycle_8_c2_d0_t2,production,dies,0,0,8,0,1|1|1|1|1|1|1|1,8,9,0,9,2,1/1000000/2;1/1000000/2;1/1000000/2;1/1000000/2;1/1000000/2;1/1000000/2;1/1000000/2;1/1000000/2,true,false,false,true,4ac174cd934cccf5823d05f48a62bc80c3d33ab015342aa2685608d2ce8a0f14,4f53cda18c2baa0c0354bb5f9a3ecbe5ed12ab4d8e11ba873c2f11161202b945,b1fceaae00c7a90dab5e3c03fa2b7b8d5708b0453d79020dd295f41a66c9e19e,c43321f20b54883772efbd93ed3f35be764e59b746c2b0085a1b6118f4c3cd5e,true,true,true,true
59,5700000,2,chain_8_c2_d1_t2,reference,dies,0,0,8,0,1|1|1|1|1|1|1|1,7,8,0,8,9,1/1000000/2;1/1000000/2;1/1000000/2;1/1000000/2;1/1000000/2;1/1000000/2;1/1000000/2,true,false,false,true,cb656bbe0d4e0ab59e3744ab0c56ecf31eb5e1629cefd1037a4ebc9906d5ee42,4f53cda18c2baa0c0354bb5f9a3ecbe5ed12ab4d8e11ba873c2f11161202b945,dea9e1d644726f96e0c08a2e678f6f6e8897c21ba4a06426a3a81522a0877f5b,eff647342f25de0b7508f3c18bb246649ee430452749cdedb5f896894ccb5779,true,true,true,true
59,5700000,2,chain_8_c2_d1_t2,production,dies,0,0,8,0,1|1|1|1|1|1|1|1,7,8,0,8,9,1/1000000/2;1/1000000/2;1/1000000/2;1/1000000/2;1/1000000/2;1/1000000/2;1/1000000/2,true,false,false,true,cb656bbe0d4e0ab59e3744ab0c56ecf31eb5e1629cefd1037a4ebc9906d5ee42,4f53cda18c2baa0c0354bb5f9a3ecbe5ed12ab4d8e11ba873c2f11161202b945,dea9e1d644726f96e0c08a2e678f6f6e8897c21ba4a06426a3a81522a0877f5b,8438403e58ac93a822f5f619035c77a3b9107639ef6eeb10f593bc20fd7e0436,true,true,true,true
60,5700000,2,chain_8_c2_d0_t2,reference,dies,0,0,8,0,1|1|1|1|1|1|1|1,7,8,0,8,2,1/1000000/2;1/1000000/2;1/1000000/2;1/1000000/2;1/1000000/2;1/1000000/2;1/1000000/2,true,false,false,true,89bacab8cac9c814f831ff04d572615907a065efba93ca89dcf7f8601a9394b1,4f53cda18c2baa0c0354bb5f9a3ecbe5ed12ab4d8e11ba873c2f11161202b945,b904d3542041bd79b3843b96baac802e050df60cceba07abdb71e64b740021a5,a85ab0e3d5d1ef995e1e1cf389dc686c58a16c4d3ccad9792a2f461b03fba20e,true,true,true,true
60,5700000,2,chain_8_c2_d0_t2,production,dies,0,0,8,0,1|1|1|1|1|1|1|1,7,8,0,8,2,1/1000000/2;1/1000000/2;1/1000000/2;1/1000000/2;1/1000000/2;1/1000000/2;1/1000000/2,true,false,false,true,89bacab8cac9c814f831ff04d572615907a065efba93ca89dcf7f8601a9394b1,4f53cda18c2baa0c0354bb5f9a3ecbe5ed12ab4d8e11ba873c2f11161202b945,b904d3542041bd79b3843b96baac802e050df60cceba07abdb71e64b740021a5,a85ab0e3d5d1ef995e1e1cf389dc686c58a16c4d3ccad9792a2f461b03fba20e,true,true,true,true
61,5700000,3,one_way_c2_d1_t2,reference,dies,0,0,2,0,1|1,1,2,0,2,4,1/1000000/2,true,false,false,true,9560706030cada8aeb00fe315c85dc590619c73625ffe56df5b059e212590c1f,4f53cda18c2baa0c0354bb5f9a3ecbe5ed12ab4d8e11ba873c2f11161202b945,a2590be5d41d3124e31ed0d8fa720fe6aa308830bf98b16c83a2120318ccaf66,9d01d2a75167638df03ce92d73e7cf881db3106086131ac922b21c59de28f196,true,true,true,true
61,5700000,3,one_way_c2_d1_t2,production,dies,0,0,2,0,1|1,1,2,0,2,4,1/1000000/2,true,false,false,true,9560706030cada8aeb00fe315c85dc590619c73625ffe56df5b059e212590c1f,4f53cda18c2baa0c0354bb5f9a3ecbe5ed12ab4d8e11ba873c2f11161202b945,a2590be5d41d3124e31ed0d8fa720fe6aa308830bf98b16c83a2120318ccaf66,11cdce8f452329760288081f089f368bc83a868a75e3dcb71257ce6b1074aa6c,true,true,true,true
62,5700000,3,reciprocal_c1_d1_t2,reference,dies,0,0,1,0,1|0,1,2,0,2,4,1/1000000/1;1/1000000/1,true,false,false,true,b95b451d47c16553755f8232574df8d6039f74401160d5c7f763df575f070ddb,4f53cda18c2baa0c0354bb5f9a3ecbe5ed12ab4d8e11ba873c2f11161202b945,893fde4229639d9f3ed093ffe47e502e090f46551176449a182bf85ac837c9d7,1d76f81e652fed84e0d661129852f75245eabe8d19f79df7700b9c6c60b50368,true,true,true,true
62,5700000,3,reciprocal_c1_d1_t2,production,dies,0,0,1,0,1|0,1,2,0,2,4,1/1000000/1;1/1000000/1,true,false,false,true,b95b451d47c16553755f8232574df8d6039f74401160d5c7f763df575f070ddb,4f53cda18c2baa0c0354bb5f9a3ecbe5ed12ab4d8e11ba873c2f11161202b945,893fde4229639d9f3ed093ffe47e502e090f46551176449a182bf85ac837c9d7,6bfdd1f1fc6b5e1bafd55f0bc2c84cbd2a6d65b716bafa1298d720959a2f7342,true,true,true,true
63,5700000,3,reciprocal_c1_d1_t1,reference,periodic,2,2,256,32,144|144,287,256,32,288,290,1/999972/1;1/999972/1,false,true,true,true,0e29545f888101ead60b52f59bbe95f4ee6f9e23057fa221b8cd4a77e3aec17d,338a0e2d3a18d582d817cdb51162ae6351873ca6a097a363df020d3884eae8f3,0d54d95e74ddd331d78f960a5fa142b081e9602f7ebcb350e56b62c14a73e2bc,d8e9ff92008b0967a086c90712ec9eb6764b7809c72936ce33f90340bb969643,true,true,true,true
63,5700000,3,reciprocal_c1_d1_t1,production,periodic,2,2,256,32,144|144,287,256,32,288,290,1/999972/1;1/999972/1,false,true,true,true,0e29545f888101ead60b52f59bbe95f4ee6f9e23057fa221b8cd4a77e3aec17d,338a0e2d3a18d582d817cdb51162ae6351873ca6a097a363df020d3884eae8f3,0d54d95e74ddd331d78f960a5fa142b081e9602f7ebcb350e56b62c14a73e2bc,c7ec7d9889e3339b719971285a4c20277cf639e307678f882b1d0fe5bebffc95,true,true,true,true
64,5700000,3,reciprocal_c2_d0_t2,reference,dies,0,0,2,0,1|1,2,3,0,3,3,1/1000000/2;1/1000000/2,true,false,false,true,1fb0a3e475174f1e4ea50d9a48308b9fc464239d0ba438b0f90f491054f0ddec,4f53cda18c2baa0c0354bb5f9a3ecbe5ed12ab4d8e11ba873c2f11161202b945,067b7897453a840897bb9eb6a6768563891f5efea50ee192db90b8423dd7b11d,d49110685029bab982c19c34c20bed8fc2d87494a698a56386fe9dd185015ddc,true,true,true,true
64,5700000,3,reciprocal_c2_d0_t2,production,dies,0,0,2,0,1|1,2,3,0,3,3,1/1000000/2;1/1000000/2,true,false,false,true,1fb0a3e475174f1e4ea50d9a48308b9fc464239d0ba438b0f90f491054f0ddec,4f53cda18c2baa0c0354bb5f9a3ecbe5ed12ab4d8e11ba873c2f11161202b945,067b7897453a840897bb9eb6a6768563891f5efea50ee192db90b8423dd7b11d,d49110685029bab982c19c34c20bed8fc2d87494a698a56386fe9dd185015ddc,true,true,true,true
65,5700000,3,reciprocal_c2_d0_t2_alternating_phase,reference,dies,0,0,2,0,1|1,2,3,0,3,3,1/1000000/2;1/1000000/2,true,false,false,true,a9cedd5fa4b560b14bdde17c84621686c50ad5c91cb8aa362b5cbd1466c5c7a3,4f53cda18c2baa0c0354bb5f9a3ecbe5ed12ab4d8e11ba873c2f11161202b945,cbd7b1c027498cfdd3657e5d2e2a9b4e01f7d82d21c319bad9c57a7225e041be,3b22ccd73589e69ed84f9866743c96c9bf9867e1a76a7df0c03a14f534cd7e37,true,true,true,true
65,5700000,3,reciprocal_c2_d0_t2_alternating_phase,production,dies,0,0,2,0,1|1,2,3,0,3,3,1/1000000/2;1/1000000/2,true,false,false,true,a9cedd5fa4b560b14bdde17c84621686c50ad5c91cb8aa362b5cbd1466c5c7a3,4f53cda18c2baa0c0354bb5f9a3ecbe5ed12ab4d8e11ba873c2f11161202b945,cbd7b1c027498cfdd3657e5d2e2a9b4e01f7d82d21c319bad9c57a7225e041be,3b22ccd73589e69ed84f9866743c96c9bf9867e1a76a7df0c03a14f534cd7e37,true,true,true,true
66,5700000,3,reciprocal_c2_d1_t2,reference,periodic,2,2,256,32,144|144,287,256,32,288,290,1/999972/2;1/999972/2,false,true,true,true,a5a291751900661cdf2fd55f7047896941f67ee569d48e85658d034b8c83805c,7179661b5e0df903cc6c67319d3f2bdd54cd95d284f05502780b1a5310f4d4c8,f90d5be5b88e7a23328d5b3f05ea929bb5f9cb5b85fd0f6df85e94e19d4738d3,a8c18afcd82d0ca9e1ba5e19a9b2722bd5ab6603f827dc14ac2859cf56c5c316,true,true,true,true
66,5700000,3,reciprocal_c2_d1_t2,production,periodic,2,2,256,32,144|144,287,256,32,288,290,1/999972/2;1/999972/2,false,true,true,true,a5a291751900661cdf2fd55f7047896941f67ee569d48e85658d034b8c83805c,7179661b5e0df903cc6c67319d3f2bdd54cd95d284f05502780b1a5310f4d4c8,f90d5be5b88e7a23328d5b3f05ea929bb5f9cb5b85fd0f6df85e94e19d4738d3,839b9642bfcfb426d9beaefd3a93b2e3170d4f2ffae0a1fdf3303d39bb866b5e,true,true,true,true
67,5700000,3,reciprocal_c2_d2_t2,reference,periodic,2,4,256,32,144|144,287,256,32,288,577,1/999943/2;1/999943/2,false,true,true,true,ecbd3c2846e84c77fd62a7939a2a29cb5a7a303e1dc977818ba337e98daa1fc0,0d5e47796f7061d977fc9fb0bf17cd4c23ce01696b9e1ead4b44b2164a085314,9b248831cc69065a58d772b1b17a6d56c4082b767df10eb71dc6d61642a575db,2e4e3faaffc5a9826431106cb2a554dfdebd38a767089e2e57a091025644fb22,true,true,true,true
67,5700000,3,reciprocal_c2_d2_t2,production,periodic,2,4,256,32,144|144,287,256,32,288,577,1/999943/2;1/999943/2,false,true,true,true,ecbd3c2846e84c77fd62a7939a2a29cb5a7a303e1dc977818ba337e98daa1fc0,0d5e47796f7061d977fc9fb0bf17cd4c23ce01696b9e1ead4b44b2164a085314,9b248831cc69065a58d772b1b17a6d56c4082b767df10eb71dc6d61642a575db,040a248c599022137bf3a63732d7a4873ea508654e873cd90ef45913d4541e67,true,true,true,true
68,5700000,3,reciprocal_c2_d3_t2,reference,periodic,2,6,256,32,144|144,287,256,32,288,864,1/999914/2;1/999914/2,false,true,true,true,79b70010fe3cc57067d83126c2acec737f6196e5079fa2804469052eeb764843,d43287fd5683d750d3cc6434d03998c1325b29940914ac19a3c189a20e2dfd91,9f4ce15e2b57966d3256f7a03f53f3ac300ca75b44207e84d2aa8961d43093bc,11a8d7271a9db4b3e30453b7c504bd7c507e7467d1b19858c307ae993071940f,true,true,true,true
68,5700000,3,reciprocal_c2_d3_t2,production,periodic,2,6,256,32,144|144,287,256,32,288,864,1/999914/2;1/999914/2,false,true,true,true,79b70010fe3cc57067d83126c2acec737f6196e5079fa2804469052eeb764843,d43287fd5683d750d3cc6434d03998c1325b29940914ac19a3c189a20e2dfd91,9f4ce15e2b57966d3256f7a03f53f3ac300ca75b44207e84d2aa8961d43093bc,3a2b66cfae3a2f294efdc956d599de1606952c2ea750cd91fdb8bfb032ace974,true,true,true,true
69,5700000,3,reciprocal_c2_mixed_d0_d1_t2,reference,periodic,2,1,256,32,144|144,287,256,32,288,146,1/999986/2;1/999986/2,false,true,true,true,c6ffcb33578c1c70757424bc37ab5690a6261d0947e98cf2e0b9e1de6a14e44b,974e3394f105694f2ce08b16a3e17c4efb653397fc900c21af58de795cc8e2f9,a2453f275ac5d883b218a763855bdd3c4b6dce336e7e14f62e1a3ce42c9ef862,d224e350b2c8aa9708d830b23e02fd6d878e5bd9aa1959ac64051d0fe9bfc938,true,true,true,true
69,5700000,3,reciprocal_c2_mixed_d0_d1_t2,production,periodic,2,1,256,32,144|144,287,256,32,288,146,1/999986/2;1/999986/2,false,true,true,true,c6ffcb33578c1c70757424bc37ab5690a6261d0947e98cf2e0b9e1de6a14e44b,974e3394f105694f2ce08b16a3e17c4efb653397fc900c21af58de795cc8e2f9,a2453f275ac5d883b218a763855bdd3c4b6dce336e7e14f62e1a3ce42c9ef862,d224e350b2c8aa9708d830b23e02fd6d878e5bd9aa1959ac64051d0fe9bfc938,true,true,true,true
70,5700000,3,reciprocal_c2_d1_t2_alternating_phase,reference,periodic,2,2,256,32,144|144,287,256,32,288,290,1/999972/2;1/999972/2,false,true,true,true,59c36235402a4091bdf028b7e79d7fe397d0e2e17dbbd9514d1390fabb2773df,125d56a015755992427c17d7055304c847734f7d76869eb491f773153cc024ce,21ef48ebbe81b6ccdef658b2c6498387408f9ed7a133aca85325d4108efd253c,d5754d8892eb43653812861988e64df10b23567979ea0f8253b376d3661b0ecf,true,true,true,true
70,5700000,3,reciprocal_c2_d1_t2_alternating_phase,production,periodic,2,2,256,32,144|144,287,256,32,288,290,1/999972/2;1/999972/2,false,true,true,true,59c36235402a4091bdf028b7e79d7fe397d0e2e17dbbd9514d1390fabb2773df,125d56a015755992427c17d7055304c847734f7d76869eb491f773153cc024ce,21ef48ebbe81b6ccdef658b2c6498387408f9ed7a133aca85325d4108efd253c,673b9f914193c58318b681e8fbada60db612450cc352a20b7d114212f92c7b1f,true,true,true,true
71,5700000,3,reciprocal_c2_d1_t1,reference,periodic,2,2,256,32,144|144,287,256,32,288,290,1/999972/2;1/999972/2,false,true,true,true,f413d1d7955149673d4e67541ab94e9ab6e11be5ae10662a70be987dd0ac4492,7179661b5e0df903cc6c67319d3f2bdd54cd95d284f05502780b1a5310f4d4c8,d9233bbc8246aa60b087af71bfad512fd0ff396946cddc34f81437978d1748a8,67101478c2b48820a7655d0361d8ec027f80c5b74887d0baad216f08fa150e43,true,true,true,true
71,5700000,3,reciprocal_c2_d1_t1,production,periodic,2,2,256,32,144|144,287,256,32,288,290,1/999972/2;1/999972/2,false,true,true,true,f413d1d7955149673d4e67541ab94e9ab6e11be5ae10662a70be987dd0ac4492,7179661b5e0df903cc6c67319d3f2bdd54cd95d284f05502780b1a5310f4d4c8,d9233bbc8246aa60b087af71bfad512fd0ff396946cddc34f81437978d1748a8,17e1b8ceb80a8bcc8a94fb14fe7b92e6392cc3bf2f01b0de88551d1b23d11455,true,true,true,true
72,5700000,3,reciprocal_c2_d1_t3,reference,dies,0,0,1,0,1|0,1,2,0,2,4,1/1000000/2;1/1000000/2,true,false,false,true,7e32b44b8798cb019b2f4d48c099d4020a0275a44b5704893dc2db40ef953ef5,4f53cda18c2baa0c0354bb5f9a3ecbe5ed12ab4d8e11ba873c2f11161202b945,28de4b9d696133cdd4686930321d89b7f3a0bcc1a4507a46e906b8b6759f610a,e7023c4a9ba01cbe32f5427ce7e5257042290dd1f7e4d30066c97690a67ef950,true,true,true,true
72,5700000,3,reciprocal_c2_d1_t3,production,dies,0,0,1,0,1|0,1,2,0,2,4,1/1000000/2;1/1000000/2,true,false,false,true,7e32b44b8798cb019b2f4d48c099d4020a0275a44b5704893dc2db40ef953ef5,4f53cda18c2baa0c0354bb5f9a3ecbe5ed12ab4d8e11ba873c2f11161202b945,28de4b9d696133cdd4686930321d89b7f3a0bcc1a4507a46e906b8b6759f610a,e68fe93c7b8ace420a8bd22e497a119ea820c65a8d4a8fe946d23a0b25f5e2a2,true,true,true,true
73,5700000,3,cycle_3_c2_d1_t2,reference,periodic,3,3,256,32,96|96|96,287,256,32,288,290,1/999972/2;1/999972/2;1/999972/2,false,true,true,true,e40f181f7940dc7c60a50b1134b493737f1245e092d5899dfd065218a325fcfa,032073946c29ee0d17c086b947b44e4f494b073c0acefa0e1e1176c6209fd387,fc8d7a606dee22b1dd1c3ec8b3b5f3ae7124dba25f71efdc586ee601318bbdcf,13c684db13b5f144e12cb0b72c30be9f95ee8347f65d7ad94a397cea195d0c19,true,true,true,true
73,5700000,3,cycle_3_c2_d1_t2,production,periodic,3,3,256,32,96|96|96,287,256,32,288,290,1/999972/2;1/999972/2;1/999972/2,false,true,true,true,e40f181f7940dc7c60a50b1134b493737f1245e092d5899dfd065218a325fcfa,032073946c29ee0d17c086b947b44e4f494b073c0acefa0e1e1176c6209fd387,fc8d7a606dee22b1dd1c3ec8b3b5f3ae7124dba25f71efdc586ee601318bbdcf,e31da7b9218f5c2e4ad04a77a4383fd4d670ed8021de59e4fec6e7c720e63963,true,true,true,true
74,5700000,3,cycle_4_c2_d1_t2,reference,periodic,4,4,256,32,72|72|72|72,287,256,32,288,290,1/999972/2;1/999972/2;1/999972/2;1/999972/2,false,true,true,true,9dc7903b2c3c3210815700a9ed111ca9b635854b942371c958e30e3a4af9233d,ac1ffa7591e9467ea09a385f509411ecabf0e76f9321bd501fb48059ec23b014,f127b1b04a6ec2b4cdf6cbc76ecc5711b3abca4f893e5abbe220bcbf884fa7e5,89f01b7f97f15316fccc75f944c1b3b2598d03222a6927cfd3dce3a8e4ee18d1,true,true,true,true
74,5700000,3,cycle_4_c2_d1_t2,production,periodic,4,4,256,32,72|72|72|72,287,256,32,288,290,1/999972/2;1/999972/2;1/999972/2;1/999972/2,false,true,true,true,9dc7903b2c3c3210815700a9ed111ca9b635854b942371c958e30e3a4af9233d,ac1ffa7591e9467ea09a385f509411ecabf0e76f9321bd501fb48059ec23b014,f127b1b04a6ec2b4cdf6cbc76ecc5711b3abca4f893e5abbe220bcbf884fa7e5,825c0d2b6f5cc59645c314cdaa10416c413507e986464f64e971ad7cf3fe9884,true,true,true,true
75,5700000,3,cycle_8_c2_d1_t2,reference,periodic,8,8,256,32,36|36|36|36|36|36|36|36,287,256,32,288,290,1/999972/2;1/999972/2;1/999972/2;1/999972/2;1/999972/2;1/999972/2;1/999972/2;1/999972/2,false,true,true,true,066f04c2b1e92dee0380a6be205c82c0abd7418db9aa6fbb2f60495dc56d4eec,b172739856916de84f38cacbcec2138551ebe9228ec57f9725e8cf53c77e013d,79c770175160a16a4190142229dbff52864195a261858815849f5489fc673a14,abbeca36bbb21982131ccd17f146b12f91500cf15acf7868e1136c5fa87fc18f,true,true,true,true
75,5700000,3,cycle_8_c2_d1_t2,production,periodic,8,8,256,32,36|36|36|36|36|36|36|36,287,256,32,288,290,1/999972/2;1/999972/2;1/999972/2;1/999972/2;1/999972/2;1/999972/2;1/999972/2;1/999972/2,false,true,true,true,066f04c2b1e92dee0380a6be205c82c0abd7418db9aa6fbb2f60495dc56d4eec,b172739856916de84f38cacbcec2138551ebe9228ec57f9725e8cf53c77e013d,79c770175160a16a4190142229dbff52864195a261858815849f5489fc673a14,bdf08d0856add9a73b14cc07bfc19278829888a01b32b117f1f95048238e55ba,true,true,true,true
76,5700000,3,cycle_3_c2_d0_t2,reference,dies,0,0,3,0,1|1|1,3,4,0,4,3,1/1000000/2;1/1000000/2;1/1000000/2,true,false,false,true,5388e6bd8d87e7905c84ff7a38dbf472043bea671bb937feb4f12bb000703c14,4f53cda18c2baa0c0354bb5f9a3ecbe5ed12ab4d8e11ba873c2f11161202b945,3f0b647e758e21ed6e01a3c0fa394fdb5e00d985963ff13d839f7d0f99db9f35,5fa014ab1f9ddaca2b89dd3b2a914ecd7e9c83003461c3607f3bd251f69f11b9,true,true,true,true
76,5700000,3,cycle_3_c2_d0_t2,production,dies,0,0,3,0,1|1|1,3,4,0,4,3,1/1000000/2;1/1000000/2;1/1000000/2,true,false,false,true,5388e6bd8d87e7905c84ff7a38dbf472043bea671bb937feb4f12bb000703c14,4f53cda18c2baa0c0354bb5f9a3ecbe5ed12ab4d8e11ba873c2f11161202b945,3f0b647e758e21ed6e01a3c0fa394fdb5e00d985963ff13d839f7d0f99db9f35,5fa014ab1f9ddaca2b89dd3b2a914ecd7e9c83003461c3607f3bd251f69f11b9,true,true,true,true
77,5700000,3,cycle_4_c2_d0_t2,reference,dies,0,0,4,0,1|1|1|1,4,5,0,5,3,1/1000000/2;1/1000000/2;1/1000000/2;1/1000000/2,true,false,false,true,94c2bd2601fa0a0b5152dc2e93512d9f3307a23fafbe637b76d733b9d73e3e5c,4f53cda18c2baa0c0354bb5f9a3ecbe5ed12ab4d8e11ba873c2f11161202b945,f996c73008a9a84bfd8b750bc60885233fc99040decee681711aa327364cf953,bf5c4d437b5479f89578c3c422142140bba85b8400ac8eb2afcd181f5204fd83,true,true,true,true
77,5700000,3,cycle_4_c2_d0_t2,production,dies,0,0,4,0,1|1|1|1,4,5,0,5,3,1/1000000/2;1/1000000/2;1/1000000/2;1/1000000/2,true,false,false,true,94c2bd2601fa0a0b5152dc2e93512d9f3307a23fafbe637b76d733b9d73e3e5c,4f53cda18c2baa0c0354bb5f9a3ecbe5ed12ab4d8e11ba873c2f11161202b945,f996c73008a9a84bfd8b750bc60885233fc99040decee681711aa327364cf953,bf5c4d437b5479f89578c3c422142140bba85b8400ac8eb2afcd181f5204fd83,true,true,true,true
78,5700000,3,cycle_8_c2_d0_t2,reference,dies,0,0,8,0,1|1|1|1|1|1|1|1,8,9,0,9,3,1/1000000/2;1/1000000/2;1/1000000/2;1/1000000/2;1/1000000/2;1/1000000/2;1/1000000/2;1/1000000/2,true,false,false,true,91c925e88729effbe929ddf8062d80b181f540f43eeb97b8b94fd237dd231b65,4f53cda18c2baa0c0354bb5f9a3ecbe5ed12ab4d8e11ba873c2f11161202b945,b1fceaae00c7a90dab5e3c03fa2b7b8d5708b0453d79020dd295f41a66c9e19e,2c39514583767ee2089498cc8756f3671f8d3dd76eb02e66cbe7157366b15fd1,true,true,true,true
78,5700000,3,cycle_8_c2_d0_t2,production,dies,0,0,8,0,1|1|1|1|1|1|1|1,8,9,0,9,3,1/1000000/2;1/1000000/2;1/1000000/2;1/1000000/2;1/1000000/2;1/1000000/2;1/1000000/2;1/1000000/2,true,false,false,true,91c925e88729effbe929ddf8062d80b181f540f43eeb97b8b94fd237dd231b65,4f53cda18c2baa0c0354bb5f9a3ecbe5ed12ab4d8e11ba873c2f11161202b945,b1fceaae00c7a90dab5e3c03fa2b7b8d5708b0453d79020dd295f41a66c9e19e,2c39514583767ee2089498cc8756f3671f8d3dd76eb02e66cbe7157366b15fd1,true,true,true,true
79,5700000,3,chain_8_c2_d1_t2,reference,dies,0,0,8,0,1|1|1|1|1|1|1|1,7,8,0,8,10,1/1000000/2;1/1000000/2;1/1000000/2;1/1000000/2;1/1000000/2;1/1000000/2;1/1000000/2,true,false,false,true,2c75b8a9a739ad01cd56618a4b00b327bc3bdb9dc1b882a1267e69c7f401a1bd,4f53cda18c2baa0c0354bb5f9a3ecbe5ed12ab4d8e11ba873c2f11161202b945,dea9e1d644726f96e0c08a2e678f6f6e8897c21ba4a06426a3a81522a0877f5b,477db58f1c4f0f166b4cef20bf2b3cf652cc0af638bbf91be0f9be5c639abc5e,true,true,true,true
79,5700000,3,chain_8_c2_d1_t2,production,dies,0,0,8,0,1|1|1|1|1|1|1|1,7,8,0,8,10,1/1000000/2;1/1000000/2;1/1000000/2;1/1000000/2;1/1000000/2;1/1000000/2;1/1000000/2,true,false,false,true,2c75b8a9a739ad01cd56618a4b00b327bc3bdb9dc1b882a1267e69c7f401a1bd,4f53cda18c2baa0c0354bb5f9a3ecbe5ed12ab4d8e11ba873c2f11161202b945,dea9e1d644726f96e0c08a2e678f6f6e8897c21ba4a06426a3a81522a0877f5b,610160946b58b13209d969c8e528bc5db356f268b4f30f60036d1c0873d1e4cf,true,true,true,true
80,5700000,3,chain_8_c2_d0_t2,reference,dies,0,0,8,0,1|1|1|1|1|1|1|1,7,8,0,8,3,1/1000000/2;1/1000000/2;1/1000000/2;1/1000000/2;1/1000000/2;1/1000000/2;1/1000000/2,true,false,false,true,86a062e65355051910bdb9c566c46f2d01302ee1141ec0a1177a38e330894f28,4f53cda18c2baa0c0354bb5f9a3ecbe5ed12ab4d8e11ba873c2f11161202b945,b904d3542041bd79b3843b96baac802e050df60cceba07abdb71e64b740021a5,cbf5c542a8f85319442719d5a8eb0bf7f1541eb4441cdc41ea57a3b47cf1b9fd,true,true,true,true
80,5700000,3,chain_8_c2_d0_t2,production,dies,0,0,8,0,1|1|1|1|1|1|1|1,7,8,0,8,3,1/1000000/2;1/1000000/2;1/1000000/2;1/1000000/2;1/1000000/2;1/1000000/2;1/1000000/2,true,false,false,true,86a062e65355051910bdb9c566c46f2d01302ee1141ec0a1177a38e330894f28,4f53cda18c2baa0c0354bb5f9a3ecbe5ed12ab4d8e11ba873c2f11161202b945,b904d3542041bd79b3843b96baac802e050df60cceba07abdb71e64b740021a5,cbf5c542a8f85319442719d5a8eb0bf7f1541eb4441cdc41ea57a3b47cf1b9fd,true,true,true,true
81,5700000,4,one_way_c2_d1_t2,reference,dies,0,0,2,0,1|1,1,2,0,2,5,1/1000000/2,true,false,false,true,5a16b6b2ece322205350bacd0aa3b1fcf61986552ee37dc5192bbf4e7fefaef1,4f53cda18c2baa0c0354bb5f9a3ecbe5ed12ab4d8e11ba873c2f11161202b945,a2590be5d41d3124e31ed0d8fa720fe6aa308830bf98b16c83a2120318ccaf66,d4e89ee8d4009ded04801bbf848c15ebc66e4956db7da2f3d882968792118246,true,true,true,true
81,5700000,4,one_way_c2_d1_t2,production,dies,0,0,2,0,1|1,1,2,0,2,5,1/1000000/2,true,false,false,true,5a16b6b2ece322205350bacd0aa3b1fcf61986552ee37dc5192bbf4e7fefaef1,4f53cda18c2baa0c0354bb5f9a3ecbe5ed12ab4d8e11ba873c2f11161202b945,a2590be5d41d3124e31ed0d8fa720fe6aa308830bf98b16c83a2120318ccaf66,b8198b681330f38c880fc6531107c4368049a6a3104484b516cf1b133c1b7f3d,true,true,true,true
82,5700000,4,reciprocal_c1_d1_t2,reference,dies,0,0,1,0,1|0,1,2,0,2,5,1/1000000/1;1/1000000/1,true,false,false,true,77f1fb09a87e503d17fdb7e14f72663c97ad5d5385be3f97a83ea15fe6eb70f6,4f53cda18c2baa0c0354bb5f9a3ecbe5ed12ab4d8e11ba873c2f11161202b945,893fde4229639d9f3ed093ffe47e502e090f46551176449a182bf85ac837c9d7,b2d0724082e340e0c3608f5116bb3e6c8e224a9e11d5983cd409a8ef354f4874,true,true,true,true
82,5700000,4,reciprocal_c1_d1_t2,production,dies,0,0,1,0,1|0,1,2,0,2,5,1/1000000/1;1/1000000/1,true,false,false,true,77f1fb09a87e503d17fdb7e14f72663c97ad5d5385be3f97a83ea15fe6eb70f6,4f53cda18c2baa0c0354bb5f9a3ecbe5ed12ab4d8e11ba873c2f11161202b945,893fde4229639d9f3ed093ffe47e502e090f46551176449a182bf85ac837c9d7,af867659463faba554eeeb0e0d52ce3697ac92d32dc1c09351d6c98896b06430,true,true,true,true
83,5700000,4,reciprocal_c1_d1_t1,reference,periodic,2,2,256,32,144|144,287,256,32,288,291,1/999972/1;1/999972/1,false,true,true,true,5ff9468596afaadd91d744350fbe40461c48f363ff647938d86d6cb8e379b45e,c9d9b592b19f1f02453a7f1f4047751ca9fa95945d233a95a1dc95936d3de10d,0d54d95e74ddd331d78f960a5fa142b081e9602f7ebcb350e56b62c14a73e2bc,6866173833c00c4c0244cc5e4e1daa4f0a054289b3c5ecce4cdaa8aca71b8798,true,true,true,true
83,5700000,4,reciprocal_c1_d1_t1,production,periodic,2,2,256,32,144|144,287,256,32,288,291,1/999972/1;1/999972/1,false,true,true,true,5ff9468596afaadd91d744350fbe40461c48f363ff647938d86d6cb8e379b45e,c9d9b592b19f1f02453a7f1f4047751ca9fa95945d233a95a1dc95936d3de10d,0d54d95e74ddd331d78f960a5fa142b081e9602f7ebcb350e56b62c14a73e2bc,06abff3df51dc37ba99ed890c281449c992357d6e67c97f82383397892e093b4,true,true,true,true
84,5700000,4,reciprocal_c2_d0_t2,reference,dies,0,0,2,0,1|1,2,3,0,3,4,1/1000000/2;1/1000000/2,true,false,false,true,c79d7e017edb9099e6d9f4cdb98a84f4a220da24616fc076e3183e8aa79ad875,4f53cda18c2baa0c0354bb5f9a3ecbe5ed12ab4d8e11ba873c2f11161202b945,067b7897453a840897bb9eb6a6768563891f5efea50ee192db90b8423dd7b11d,d26649133d5005720175eacac72cac23f3fe4c34e9c6e4220c546b7aacdfb77c,true,true,true,true
84,5700000,4,reciprocal_c2_d0_t2,production,dies,0,0,2,0,1|1,2,3,0,3,4,1/1000000/2;1/1000000/2,true,false,false,true,c79d7e017edb9099e6d9f4cdb98a84f4a220da24616fc076e3183e8aa79ad875,4f53cda18c2baa0c0354bb5f9a3ecbe5ed12ab4d8e11ba873c2f11161202b945,067b7897453a840897bb9eb6a6768563891f5efea50ee192db90b8423dd7b11d,d26649133d5005720175eacac72cac23f3fe4c34e9c6e4220c546b7aacdfb77c,true,true,true,true
85,5700000,4,reciprocal_c2_d0_t2_alternating_phase,reference,dies,0,0,2,0,1|1,2,3,0,3,4,1/1000000/2;1/1000000/2,true,false,false,true,5356b95d4565994581ab1cbe271b1e18540c394a4eb831266113bd7626dc5e4e,4f53cda18c2baa0c0354bb5f9a3ecbe5ed12ab4d8e11ba873c2f11161202b945,cbd7b1c027498cfdd3657e5d2e2a9b4e01f7d82d21c319bad9c57a7225e041be,63bda9da1d3bd9ad2ca8382be927e334787bc62f05837450d47ba150456276ae,true,true,true,true
85,5700000,4,reciprocal_c2_d0_t2_alternating_phase,production,dies,0,0,2,0,1|1,2,3,0,3,4,1/1000000/2;1/1000000/2,true,false,false,true,5356b95d4565994581ab1cbe271b1e18540c394a4eb831266113bd7626dc5e4e,4f53cda18c2baa0c0354bb5f9a3ecbe5ed12ab4d8e11ba873c2f11161202b945,cbd7b1c027498cfdd3657e5d2e2a9b4e01f7d82d21c319bad9c57a7225e041be,63bda9da1d3bd9ad2ca8382be927e334787bc62f05837450d47ba150456276ae,true,true,true,true
86,5700000,4,reciprocal_c2_d1_t2,reference,periodic,2,2,256,32,144|144,287,256,32,288,291,1/999972/2;1/999972/2,false,true,true,true,52893cfc9eae3728c21cb67fc65a8ea3501215e53f3a2970b7b4bc375a20ae6d,6aad337d6312c0651ca0dee099bdbecc0c0f698f63b6a23f92c50e68e806d229,f90d5be5b88e7a23328d5b3f05ea929bb5f9cb5b85fd0f6df85e94e19d4738d3,f1458db149a1ec2da7f6703d438bfbe89e5fcc740a05f20421909acf3a20c08f,true,true,true,true
86,5700000,4,reciprocal_c2_d1_t2,production,periodic,2,2,256,32,144|144,287,256,32,288,291,1/999972/2;1/999972/2,false,true,true,true,52893cfc9eae3728c21cb67fc65a8ea3501215e53f3a2970b7b4bc375a20ae6d,6aad337d6312c0651ca0dee099bdbecc0c0f698f63b6a23f92c50e68e806d229,f90d5be5b88e7a23328d5b3f05ea929bb5f9cb5b85fd0f6df85e94e19d4738d3,620e9ead4612398400c81d9797def190a499f568a965a0abbeb9aeb5a8063ae2,true,true,true,true
87,5700000,4,reciprocal_c2_d2_t2,reference,periodic,2,4,256,32,144|144,287,256,32,288,578,1/999943/2;1/999943/2,false,true,true,true,c8ff8634c14febc7d236e65304603f80ef771a8d5b893ace7fc8845f0d667870,d8a1d94b1c0014f1f38210e58ee33121679e2937364e4d942b275db9ae0ec117,9b248831cc69065a58d772b1b17a6d56c4082b767df10eb71dc6d61642a575db,116590120575c32546ae4f3ae1a10f3ad8fa5687dbe5e227f4343aa2c9d3a9c9,true,true,true,true
87,5700000,4,reciprocal_c2_d2_t2,production,periodic,2,4,256,32,144|144,287,256,32,288,578,1/999943/2;1/999943/2,false,true,true,true,c8ff8634c14febc7d236e65304603f80ef771a8d5b893ace7fc8845f0d667870,d8a1d94b1c0014f1f38210e58ee33121679e2937364e4d942b275db9ae0ec117,9b248831cc69065a58d772b1b17a6d56c4082b767df10eb71dc6d61642a575db,33f65896aa13e541aacd47b6f786c4092b9e703407740a3cabc2773414b53f78,true,true,true,true
88,5700000,4,reciprocal_c2_d3_t2,reference,periodic,2,6,256,32,144|144,287,256,32,288,865,1/999914/2;1/999914/2,false,true,true,true,a83b8b42abfc1385da4fc028930543d1e38e0285154852bb30e90fb1b06eb822,64f43e8c81c81c77ac993c5147b28f394ac6af1a84f765c8be6c4a4e93fda465,9f4ce15e2b57966d3256f7a03f53f3ac300ca75b44207e84d2aa8961d43093bc,73369d8f2dcf35dcf24d0783bf16496b14e891c41c250ffa39c6cdf888a14449,true,true,true,true
88,5700000,4,reciprocal_c2_d3_t2,production,periodic,2,6,256,32,144|144,287,256,32,288,865,1/999914/2;1/999914/2,false,true,true,true,a83b8b42abfc1385da4fc028930543d1e38e0285154852bb30e90fb1b06eb822,64f43e8c81c81c77ac993c5147b28f394ac6af1a84f765c8be6c4a4e93fda465,9f4ce15e2b57966d3256f7a03f53f3ac300ca75b44207e84d2aa8961d43093bc,0e2e8b962d8900824af1c542fb05be54941a2bb6097b27ad9ff4c296ad52b6ce,true,true,true,true
89,5700000,4,reciprocal_c2_mixed_d0_d1_t2,reference,periodic,2,1,256,32,144|144,287,256,32,288,147,1/999986/2;1/999986/2,false,true,true,true,71a741b447412cede4fb1b9ee4314d4733903f7bd148bbcd6bb0c250132efa07,51b9bf0cf3c1c4d27db8a862bdf5e7b56f68b553d8ff16c1eb29e377a63a7abc,a2453f275ac5d883b218a763855bdd3c4b6dce336e7e14f62e1a3ce42c9ef862,0da2206853cc3ab3620e9894e38c760cd4baf493699c6701d178978cbafec4d9,true,true,true,true
89,5700000,4,reciprocal_c2_mixed_d0_d1_t2,production,periodic,2,1,256,32,144|144,287,256,32,288,147,1/999986/2;1/999986/2,false,true,true,true,71a741b447412cede4fb1b9ee4314d4733903f7bd148bbcd6bb0c250132efa07,51b9bf0cf3c1c4d27db8a862bdf5e7b56f68b553d8ff16c1eb29e377a63a7abc,a2453f275ac5d883b218a763855bdd3c4b6dce336e7e14f62e1a3ce42c9ef862,0da2206853cc3ab3620e9894e38c760cd4baf493699c6701d178978cbafec4d9,true,true,true,true
90,5700000,4,reciprocal_c2_d1_t2_alternating_phase,reference,periodic,2,2,256,32,144|144,287,256,32,288,291,1/999972/2;1/999972/2,false,true,true,true,2f6fae876e36a48fefd446459a6dac55a9cb085c6e4b0765de7dbc5fcaaf13ca,1e5ba47b837b0774db5a7c35dd9424de404640f8560bf9edf3f63ff13446c011,21ef48ebbe81b6ccdef658b2c6498387408f9ed7a133aca85325d4108efd253c,3a4249759ad4aea66fe6848b3648723698af78eab16bb4fa97f3c7dcba0e556d,true,true,true,true
90,5700000,4,reciprocal_c2_d1_t2_alternating_phase,production,periodic,2,2,256,32,144|144,287,256,32,288,291,1/999972/2;1/999972/2,false,true,true,true,2f6fae876e36a48fefd446459a6dac55a9cb085c6e4b0765de7dbc5fcaaf13ca,1e5ba47b837b0774db5a7c35dd9424de404640f8560bf9edf3f63ff13446c011,21ef48ebbe81b6ccdef658b2c6498387408f9ed7a133aca85325d4108efd253c,8018d1f177ad8bb44b81688218a7fbb51c7f5a69c19956c5364493925b50c886,true,true,true,true
91,5700000,4,reciprocal_c2_d1_t1,reference,periodic,2,2,256,32,144|144,287,256,32,288,291,1/999972/2;1/999972/2,false,true,true,true,d64552618f052743901c8b6aeea13b4dc44fae9d6d409aa7cbc47c01a0d2f8f0,6aad337d6312c0651ca0dee099bdbecc0c0f698f63b6a23f92c50e68e806d229,d9233bbc8246aa60b087af71bfad512fd0ff396946cddc34f81437978d1748a8,686b4d231b11820a14b37f6afc01fcc8177f3f5df205cb45ae9cd4736e6b4dde,true,true,true,true
91,5700000,4,reciprocal_c2_d1_t1,production,periodic,2,2,256,32,144|144,287,256,32,288,291,1/999972/2;1/999972/2,false,true,true,true,d64552618f052743901c8b6aeea13b4dc44fae9d6d409aa7cbc47c01a0d2f8f0,6aad337d6312c0651ca0dee099bdbecc0c0f698f63b6a23f92c50e68e806d229,d9233bbc8246aa60b087af71bfad512fd0ff396946cddc34f81437978d1748a8,39c403491c6df25f6c9c20f0d4cd3bf79ec8614cf8121be37782c313a5991256,true,true,true,true
92,5700000,4,reciprocal_c2_d1_t3,reference,dies,0,0,1,0,1|0,1,2,0,2,5,1/1000000/2;1/1000000/2,true,false,false,true,f2ab2369f4cc1cd235acbd1dc03fbad50b8cf5fd0b1d114a0e69c52f6ec1f1c9,4f53cda18c2baa0c0354bb5f9a3ecbe5ed12ab4d8e11ba873c2f11161202b945,28de4b9d696133cdd4686930321d89b7f3a0bcc1a4507a46e906b8b6759f610a,6669b1bd3d2625a6da9e8739c221ad8a343b78dab614f3ecb6683e25e2d28a84,true,true,true,true
92,5700000,4,reciprocal_c2_d1_t3,production,dies,0,0,1,0,1|0,1,2,0,2,5,1/1000000/2;1/1000000/2,true,false,false,true,f2ab2369f4cc1cd235acbd1dc03fbad50b8cf5fd0b1d114a0e69c52f6ec1f1c9,4f53cda18c2baa0c0354bb5f9a3ecbe5ed12ab4d8e11ba873c2f11161202b945,28de4b9d696133cdd4686930321d89b7f3a0bcc1a4507a46e906b8b6759f610a,a1e7f55e9bf9b3cf4ab7666770bce5a41e35b9897a4a0bf1ffb1f37d5fa3fe4b,true,true,true,true
93,5700000,4,cycle_3_c2_d1_t2,reference,periodic,3,3,256,32,96|96|96,287,256,32,288,291,1/999972/2;1/999972/2;1/999972/2,false,true,true,true,4c4ba29bb5b314ecaca307fe4659e598b9cd6a9bfcf060810ebd6864a61f2182,eafbc808511d4f526d3b9b0c6dfd1ef43b4a2697b7c4058f927bc1c933e20c21,fc8d7a606dee22b1dd1c3ec8b3b5f3ae7124dba25f71efdc586ee601318bbdcf,3dd9a71f67f72bd71131032ce4f173f4ddb3c0d68dacec4ad6e5afb3138b5f86,true,true,true,true
93,5700000,4,cycle_3_c2_d1_t2,production,periodic,3,3,256,32,96|96|96,287,256,32,288,291,1/999972/2;1/999972/2;1/999972/2,false,true,true,true,4c4ba29bb5b314ecaca307fe4659e598b9cd6a9bfcf060810ebd6864a61f2182,eafbc808511d4f526d3b9b0c6dfd1ef43b4a2697b7c4058f927bc1c933e20c21,fc8d7a606dee22b1dd1c3ec8b3b5f3ae7124dba25f71efdc586ee601318bbdcf,9e20d1a1c72f7b8eff93b6754ca156e4cab220552e1026674a11aab906484c25,true,true,true,true
94,5700000,4,cycle_4_c2_d1_t2,reference,periodic,4,4,256,32,72|72|72|72,287,256,32,288,291,1/999972/2;1/999972/2;1/999972/2;1/999972/2,false,true,true,true,71ec80ca2f4cef7ec26eecbb9bc88b440e51658800d82482b7108c789947110f,e1d482c86264ad1682aa09bc42f2f5fb39435312c1a4bbfe884d482701627a16,f127b1b04a6ec2b4cdf6cbc76ecc5711b3abca4f893e5abbe220bcbf884fa7e5,d271fc673af2634d684a8f10797a468ef02bfa6d69c69c7ae3ad1a549069d1d9,true,true,true,true
94,5700000,4,cycle_4_c2_d1_t2,production,periodic,4,4,256,32,72|72|72|72,287,256,32,288,291,1/999972/2;1/999972/2;1/999972/2;1/999972/2,false,true,true,true,71ec80ca2f4cef7ec26eecbb9bc88b440e51658800d82482b7108c789947110f,e1d482c86264ad1682aa09bc42f2f5fb39435312c1a4bbfe884d482701627a16,f127b1b04a6ec2b4cdf6cbc76ecc5711b3abca4f893e5abbe220bcbf884fa7e5,77d46081f0868d28d212d250672c6b3b189481ff7e4fdf659edd35da22c49eba,true,true,true,true
95,5700000,4,cycle_8_c2_d1_t2,reference,periodic,8,8,256,32,36|36|36|36|36|36|36|36,287,256,32,288,291,1/999972/2;1/999972/2;1/999972/2;1/999972/2;1/999972/2;1/999972/2;1/999972/2;1/999972/2,false,true,true,true,d407ba6fe6a2a2d4426ad5b07ca0eb3224fd7fdcc0779f810b708b1a3e7e48d4,90d573677744cf099f26fb40f12373fe44dc67b1efd67b26db0893246fefc938,79c770175160a16a4190142229dbff52864195a261858815849f5489fc673a14,a2588dc8c9a5e6e68acbaa624da4cb4cad7e03c66ba73eacd65a3a8bcfe38bce,true,true,true,true
95,5700000,4,cycle_8_c2_d1_t2,production,periodic,8,8,256,32,36|36|36|36|36|36|36|36,287,256,32,288,291,1/999972/2;1/999972/2;1/999972/2;1/999972/2;1/999972/2;1/999972/2;1/999972/2;1/999972/2,false,true,true,true,d407ba6fe6a2a2d4426ad5b07ca0eb3224fd7fdcc0779f810b708b1a3e7e48d4,90d573677744cf099f26fb40f12373fe44dc67b1efd67b26db0893246fefc938,79c770175160a16a4190142229dbff52864195a261858815849f5489fc673a14,ed058c9405a346e243d2d20e5651f16836e74e229f319655f02b03912be1094d,true,true,true,true
96,5700000,4,cycle_3_c2_d0_t2,reference,dies,0,0,3,0,1|1|1,3,4,0,4,4,1/1000000/2;1/1000000/2;1/1000000/2,true,false,false,true,d51b449d8cd5d22ec7bae52f4397167a7091d76d111a7849b538aa03e8a6abf4,4f53cda18c2baa0c0354bb5f9a3ecbe5ed12ab4d8e11ba873c2f11161202b945,3f0b647e758e21ed6e01a3c0fa394fdb5e00d985963ff13d839f7d0f99db9f35,eab1dea63232cb61c48690d11baad3af4f626603ea79f76542ec0d10241b194b,true,true,true,true
96,5700000,4,cycle_3_c2_d0_t2,production,dies,0,0,3,0,1|1|1,3,4,0,4,4,1/1000000/2;1/1000000/2;1/1000000/2,true,false,false,true,d51b449d8cd5d22ec7bae52f4397167a7091d76d111a7849b538aa03e8a6abf4,4f53cda18c2baa0c0354bb5f9a3ecbe5ed12ab4d8e11ba873c2f11161202b945,3f0b647e758e21ed6e01a3c0fa394fdb5e00d985963ff13d839f7d0f99db9f35,eab1dea63232cb61c48690d11baad3af4f626603ea79f76542ec0d10241b194b,true,true,true,true
97,5700000,4,cycle_4_c2_d0_t2,reference,dies,0,0,4,0,1|1|1|1,4,5,0,5,4,1/1000000/2;1/1000000/2;1/1000000/2;1/1000000/2,true,false,false,true,8a4774f87666179804ab67e1fed7993df47530271d0a01c70988a4e12036af5a,4f53cda18c2baa0c0354bb5f9a3ecbe5ed12ab4d8e11ba873c2f11161202b945,f996c73008a9a84bfd8b750bc60885233fc99040decee681711aa327364cf953,6f61b21de74889e07929b06ca18bb3e4a1103dca4150eae81c7463f7361472d5,true,true,true,true
97,5700000,4,cycle_4_c2_d0_t2,production,dies,0,0,4,0,1|1|1|1,4,5,0,5,4,1/1000000/2;1/1000000/2;1/1000000/2;1/1000000/2,true,false,false,true,8a4774f87666179804ab67e1fed7993df47530271d0a01c70988a4e12036af5a,4f53cda18c2baa0c0354bb5f9a3ecbe5ed12ab4d8e11ba873c2f11161202b945,f996c73008a9a84bfd8b750bc60885233fc99040decee681711aa327364cf953,6f61b21de74889e07929b06ca18bb3e4a1103dca4150eae81c7463f7361472d5,true,true,true,true
98,5700000,4,cycle_8_c2_d0_t2,reference,dies,0,0,8,0,1|1|1|1|1|1|1|1,8,9,0,9,4,1/1000000/2;1/1000000/2;1/1000000/2;1/1000000/2;1/1000000/2;1/1000000/2;1/1000000/2;1/1000000/2,true,false,false,true,2166c35046a7487a8e9feada469014a4fcf6afb53c2e5bbae0d09d624344f759,4f53cda18c2baa0c0354bb5f9a3ecbe5ed12ab4d8e11ba873c2f11161202b945,b1fceaae00c7a90dab5e3c03fa2b7b8d5708b0453d79020dd295f41a66c9e19e,da071c6b9742d6851b33d0139d6e9a265cf731fbb4e00402f359edb0b77a0d05,true,true,true,true
98,5700000,4,cycle_8_c2_d0_t2,production,dies,0,0,8,0,1|1|1|1|1|1|1|1,8,9,0,9,4,1/1000000/2;1/1000000/2;1/1000000/2;1/1000000/2;1/1000000/2;1/1000000/2;1/1000000/2;1/1000000/2,true,false,false,true,2166c35046a7487a8e9feada469014a4fcf6afb53c2e5bbae0d09d624344f759,4f53cda18c2baa0c0354bb5f9a3ecbe5ed12ab4d8e11ba873c2f11161202b945,b1fceaae00c7a90dab5e3c03fa2b7b8d5708b0453d79020dd295f41a66c9e19e,da071c6b9742d6851b33d0139d6e9a265cf731fbb4e00402f359edb0b77a0d05,true,true,true,true
99,5700000,4,chain_8_c2_d1_t2,reference,dies,0,0,8,0,1|1|1|1|1|1|1|1,7,8,0,8,11,1/1000000/2;1/1000000/2;1/1000000/2;1/1000000/2;1/1000000/2;1/1000000/2;1/1000000/2,true,false,false,true,909cb71d4cae3e153cf39b376086cf1a88e000a25edc900bfc54ccca19d2db58,4f53cda18c2baa0c0354bb5f9a3ecbe5ed12ab4d8e11ba873c2f11161202b945,dea9e1d644726f96e0c08a2e678f6f6e8897c21ba4a06426a3a81522a0877f5b,34389b3ac9d4a21d3bf677f4980d591d0210a009124a8b5124f281ff26b63d26,true,true,true,true
99,5700000,4,chain_8_c2_d1_t2,production,dies,0,0,8,0,1|1|1|1|1|1|1|1,7,8,0,8,11,1/1000000/2;1/1000000/2;1/1000000/2;1/1000000/2;1/1000000/2;1/1000000/2;1/1000000/2,true,false,false,true,909cb71d4cae3e153cf39b376086cf1a88e000a25edc900bfc54ccca19d2db58,4f53cda18c2baa0c0354bb5f9a3ecbe5ed12ab4d8e11ba873c2f11161202b945,dea9e1d644726f96e0c08a2e678f6f6e8897c21ba4a06426a3a81522a0877f5b,09a8ce3af71ffa849d5eba4207107ae6abec99061303e71f36d8fa023868d7f2,true,true,true,true
100,5700000,4,chain_8_c2_d0_t2,reference,dies,0,0,8,0,1|1|1|1|1|1|1|1,7,8,0,8,4,1/1000000/2;1/1000000/2;1/1000000/2;1/1000000/2;1/1000000/2;1/1000000/2;1/1000000/2,true,false,false,true,faa79030433fc333b56d24dd8a17e3c809766b5378801ffc6553ff47475d82ec,4f53cda18c2baa0c0354bb5f9a3ecbe5ed12ab4d8e11ba873c2f11161202b945,b904d3542041bd79b3843b96baac802e050df60cceba07abdb71e64b740021a5,e65229b0e09cae1857d8a81ccedc0efe7ec2321bf2bfb0cdcc8fb9a879466a74,true,true,true,true
100,5700000,4,chain_8_c2_d0_t2,production,dies,0,0,8,0,1|1|1|1|1|1|1|1,7,8,0,8,4,1/1000000/2;1/1000000/2;1/1000000/2;1/1000000/2;1/1000000/2;1/1000000/2;1/1000000/2,true,false,false,true,faa79030433fc333b56d24dd8a17e3c809766b5378801ffc6553ff47475d82ec,4f53cda18c2baa0c0354bb5f9a3ecbe5ed12ab4d8e11ba873c2f11161202b945,b904d3542041bd79b3843b96baac802e050df60cceba07abdb71e64b740021a5,e65229b0e09cae1857d8a81ccedc0efe7ec2321bf2bfb0cdcc8fb9a879466a74,true,true,true,true
101,5700000,5,one_way_c2_d1_t2,reference,dies,0,0,2,0,1|1,1,2,0,2,6,1/1000000/2,true,false,false,true,e80e518cddab8f64c1b7e2e89ae1624702349456f3273c9e82ec680d0803619b,4f53cda18c2baa0c0354bb5f9a3ecbe5ed12ab4d8e11ba873c2f11161202b945,a2590be5d41d3124e31ed0d8fa720fe6aa308830bf98b16c83a2120318ccaf66,db971fbdcc1864335135fc5cde8d731016bd750313eb42478bd6b7be0666cef5,true,true,true,true
101,5700000,5,one_way_c2_d1_t2,production,dies,0,0,2,0,1|1,1,2,0,2,6,1/1000000/2,true,false,false,true,e80e518cddab8f64c1b7e2e89ae1624702349456f3273c9e82ec680d0803619b,4f53cda18c2baa0c0354bb5f9a3ecbe5ed12ab4d8e11ba873c2f11161202b945,a2590be5d41d3124e31ed0d8fa720fe6aa308830bf98b16c83a2120318ccaf66,af8b876324e170fce7b83adbc41ed36d7fa88464bdeb22ad01bf993e272dd30e,true,true,true,true
102,5700000,5,reciprocal_c1_d1_t2,reference,dies,0,0,1,0,1|0,1,2,0,2,6,1/1000000/1;1/1000000/1,true,false,false,true,72b0a4b268015228040cd089dc82553ec36c0ae8dcc21274eb557834d93233e5,4f53cda18c2baa0c0354bb5f9a3ecbe5ed12ab4d8e11ba873c2f11161202b945,893fde4229639d9f3ed093ffe47e502e090f46551176449a182bf85ac837c9d7,83c609ef34dddd620e2f3ffbd518ac2cb482924d33798c995a75cfdd80a58299,true,true,true,true
102,5700000,5,reciprocal_c1_d1_t2,production,dies,0,0,1,0,1|0,1,2,0,2,6,1/1000000/1;1/1000000/1,true,false,false,true,72b0a4b268015228040cd089dc82553ec36c0ae8dcc21274eb557834d93233e5,4f53cda18c2baa0c0354bb5f9a3ecbe5ed12ab4d8e11ba873c2f11161202b945,893fde4229639d9f3ed093ffe47e502e090f46551176449a182bf85ac837c9d7,7b15e20fe67b78f727eed98082063c8ff1787e9c56fb6bb9384ea736713fc829,true,true,true,true
103,5700000,5,reciprocal_c1_d1_t1,reference,periodic,2,2,256,32,144|144,287,256,32,288,292,1/999972/1;1/999972/1,false,true,true,true,74fcca33d506b5496ef2832b46c8dc7086a0fa09b6e3584e2bccb9a5b119b308,5f5fd379abfc0ca43a9635bbe306d66595c5e627bf96dd273927ed2d506d0754,0d54d95e74ddd331d78f960a5fa142b081e9602f7ebcb350e56b62c14a73e2bc,2ce9cea5006286986dcdbfeac12c9da53e2c38957e8477f065bc8a9bd082a8df,true,true,true,true
103,5700000,5,reciprocal_c1_d1_t1,production,periodic,2,2,256,32,144|144,287,256,32,288,292,1/999972/1;1/999972/1,false,true,true,true,74fcca33d506b5496ef2832b46c8dc7086a0fa09b6e3584e2bccb9a5b119b308,5f5fd379abfc0ca43a9635bbe306d66595c5e627bf96dd273927ed2d506d0754,0d54d95e74ddd331d78f960a5fa142b081e9602f7ebcb350e56b62c14a73e2bc,9be504663ab55cdbdb39282ec7a714ef037361238c536a2818cdad73e9d6dd42,true,true,true,true
104,5700000,5,reciprocal_c2_d0_t2,reference,dies,0,0,2,0,1|1,2,3,0,3,5,1/1000000/2;1/1000000/2,true,false,false,true,664bc4d2f5ae8f744c460ec58e70088018cc689a75345a3ef55741823fa27024,4f53cda18c2baa0c0354bb5f9a3ecbe5ed12ab4d8e11ba873c2f11161202b945,067b7897453a840897bb9eb6a6768563891f5efea50ee192db90b8423dd7b11d,43ddd34ce13b05ab1aac23ffe36a57922bca8417593811e784eaf76a5ac2a9b0,true,true,true,true
104,5700000,5,reciprocal_c2_d0_t2,production,dies,0,0,2,0,1|1,2,3,0,3,5,1/1000000/2;1/1000000/2,true,false,false,true,664bc4d2f5ae8f744c460ec58e70088018cc689a75345a3ef55741823fa27024,4f53cda18c2baa0c0354bb5f9a3ecbe5ed12ab4d8e11ba873c2f11161202b945,067b7897453a840897bb9eb6a6768563891f5efea50ee192db90b8423dd7b11d,43ddd34ce13b05ab1aac23ffe36a57922bca8417593811e784eaf76a5ac2a9b0,true,true,true,true
105,5700000,5,reciprocal_c2_d0_t2_alternating_phase,reference,dies,0,0,2,0,1|1,2,3,0,3,5,1/1000000/2;1/1000000/2,true,false,false,true,6847045dd5151d27cee46e58cfad0ec888091ed624c3c1384c2fd2629608cf1d,4f53cda18c2baa0c0354bb5f9a3ecbe5ed12ab4d8e11ba873c2f11161202b945,cbd7b1c027498cfdd3657e5d2e2a9b4e01f7d82d21c319bad9c57a7225e041be,2b6889412b8e754568e855fd5c28505efa8d79dc92245740e3de30b121991ef4,true,true,true,true
105,5700000,5,reciprocal_c2_d0_t2_alternating_phase,production,dies,0,0,2,0,1|1,2,3,0,3,5,1/1000000/2;1/1000000/2,true,false,false,true,6847045dd5151d27cee46e58cfad0ec888091ed624c3c1384c2fd2629608cf1d,4f53cda18c2baa0c0354bb5f9a3ecbe5ed12ab4d8e11ba873c2f11161202b945,cbd7b1c027498cfdd3657e5d2e2a9b4e01f7d82d21c319bad9c57a7225e041be,2b6889412b8e754568e855fd5c28505efa8d79dc92245740e3de30b121991ef4,true,true,true,true
106,5700000,5,reciprocal_c2_d1_t2,reference,periodic,2,2,256,32,144|144,287,256,32,288,292,1/999972/2;1/999972/2,false,true,true,true,49ab1e4b7adeb449a9c596667d3540897946cf7b98013f4736f8f1f62ac0af72,7a8a1092980198779026bd011c6073736a1b8d07a40164759aba563762ab54a5,f90d5be5b88e7a23328d5b3f05ea929bb5f9cb5b85fd0f6df85e94e19d4738d3,db8a32522ea867f759940734bbdf08722c18a2499c8659b33b23e0e03dce4729,true,true,true,true
106,5700000,5,reciprocal_c2_d1_t2,production,periodic,2,2,256,32,144|144,287,256,32,288,292,1/999972/2;1/999972/2,false,true,true,true,49ab1e4b7adeb449a9c596667d3540897946cf7b98013f4736f8f1f62ac0af72,7a8a1092980198779026bd011c6073736a1b8d07a40164759aba563762ab54a5,f90d5be5b88e7a23328d5b3f05ea929bb5f9cb5b85fd0f6df85e94e19d4738d3,6dde987a9609cd381cdeff6b0c698c7ce1b0cf9e3094096446fa1a8ef53827e9,true,true,true,true
107,5700000,5,reciprocal_c2_d2_t2,reference,periodic,2,4,256,32,144|144,287,256,32,288,579,1/999943/2;1/999943/2,false,true,true,true,9c3073bc6c4672052174b94203efbe2a20ee959ae5cb5bf7e294349dfb1e15fe,b2d23c39113bcc45e93491cceb1d73b470cd36e1dbad57c1d76ba618a736e73b,9b248831cc69065a58d772b1b17a6d56c4082b767df10eb71dc6d61642a575db,6ac79a87c429f93549cb988d2650b5ab54e19c48e65bdf56f34e7341e86269fa,true,true,true,true
107,5700000,5,reciprocal_c2_d2_t2,production,periodic,2,4,256,32,144|144,287,256,32,288,579,1/999943/2;1/999943/2,false,true,true,true,9c3073bc6c4672052174b94203efbe2a20ee959ae5cb5bf7e294349dfb1e15fe,b2d23c39113bcc45e93491cceb1d73b470cd36e1dbad57c1d76ba618a736e73b,9b248831cc69065a58d772b1b17a6d56c4082b767df10eb71dc6d61642a575db,14e9f90e10d5aaf3465c6f3cf6ecb48ca517f2ffbb96a29e4dfdd17e82a0ab88,true,true,true,true
108,5700000,5,reciprocal_c2_d3_t2,reference,periodic,2,6,256,32,144|144,287,256,32,288,866,1/999914/2;1/999914/2,false,true,true,true,c9e196ef0cc97741c8a251f7beda20104bc6d35debb1b1b911fdef7c08bfaaad,420f9505fe60486bfe320af015eea2575677c5ae0b7ee741edeaa128795eef8a,9f4ce15e2b57966d3256f7a03f53f3ac300ca75b44207e84d2aa8961d43093bc,bd34ccdb7b00937bc7932da6dc616c600c8f14ca16b08f2408459e992003266a,true,true,true,true
108,5700000,5,reciprocal_c2_d3_t2,production,periodic,2,6,256,32,144|144,287,256,32,288,866,1/999914/2;1/999914/2,false,true,true,true,c9e196ef0cc97741c8a251f7beda20104bc6d35debb1b1b911fdef7c08bfaaad,420f9505fe60486bfe320af015eea2575677c5ae0b7ee741edeaa128795eef8a,9f4ce15e2b57966d3256f7a03f53f3ac300ca75b44207e84d2aa8961d43093bc,c0df1d5902d39d243e631e0b66648b07ce918372320542e880752ca488458a1f,true,true,true,true
109,5700000,5,reciprocal_c2_mixed_d0_d1_t2,reference,periodic,2,1,256,32,144|144,287,256,32,288,148,1/999986/2;1/999986/2,false,true,true,true,2e887c2b0169e9af8385d5e57864cac7f5e8e89b9b9035b425ed2a1c5b314a6c,1773a70e7ff367bb1d958bf85e215a3c60a5f3b2eb1c2bd9b6f0620045974eef,a2453f275ac5d883b218a763855bdd3c4b6dce336e7e14f62e1a3ce42c9ef862,13b9c4abe3db870c795d253176130ac8f8988032cd6a0bb7934232a52fe7df8b,true,true,true,true
109,5700000,5,reciprocal_c2_mixed_d0_d1_t2,production,periodic,2,1,256,32,144|144,287,256,32,288,148,1/999986/2;1/999986/2,false,true,true,true,2e887c2b0169e9af8385d5e57864cac7f5e8e89b9b9035b425ed2a1c5b314a6c,1773a70e7ff367bb1d958bf85e215a3c60a5f3b2eb1c2bd9b6f0620045974eef,a2453f275ac5d883b218a763855bdd3c4b6dce336e7e14f62e1a3ce42c9ef862,13b9c4abe3db870c795d253176130ac8f8988032cd6a0bb7934232a52fe7df8b,true,true,true,true
110,5700000,5,reciprocal_c2_d1_t2_alternating_phase,reference,periodic,2,2,256,32,144|144,287,256,32,288,292,1/999972/2;1/999972/2,false,true,true,true,9783c4cfca87d8fabdefc0ee8e9a441f3d1c89325392b18084fe44fea4c46ccd,1009e55dd91ded4854206efde3d80fbf86dbe0e2296116577af7c6a266a1d7fe,21ef48ebbe81b6ccdef658b2c6498387408f9ed7a133aca85325d4108efd253c,c693babe62a4d0b6711ec5366157de44a442b05e61fd1fedc089021bdce03ca6,true,true,true,true
110,5700000,5,reciprocal_c2_d1_t2_alternating_phase,production,periodic,2,2,256,32,144|144,287,256,32,288,292,1/999972/2;1/999972/2,false,true,true,true,9783c4cfca87d8fabdefc0ee8e9a441f3d1c89325392b18084fe44fea4c46ccd,1009e55dd91ded4854206efde3d80fbf86dbe0e2296116577af7c6a266a1d7fe,21ef48ebbe81b6ccdef658b2c6498387408f9ed7a133aca85325d4108efd253c,eb4d129b2adc0f1e378020738eedd13f4ffa4936582592630e33ab7235936858,true,true,true,true
111,5700000,5,reciprocal_c2_d1_t1,reference,periodic,2,2,256,32,144|144,287,256,32,288,292,1/999972/2;1/999972/2,false,true,true,true,8e07a232fbb18b21723c674a18afbc285c8cb5505c9eba2bd43d9ae913042652,7a8a1092980198779026bd011c6073736a1b8d07a40164759aba563762ab54a5,d9233bbc8246aa60b087af71bfad512fd0ff396946cddc34f81437978d1748a8,05cc69dc24266d15338a41ca4351031d4c47f3e85f6e41ca52b73acee8a4010f,true,true,true,true
111,5700000,5,reciprocal_c2_d1_t1,production,periodic,2,2,256,32,144|144,287,256,32,288,292,1/999972/2;1/999972/2,false,true,true,true,8e07a232fbb18b21723c674a18afbc285c8cb5505c9eba2bd43d9ae913042652,7a8a1092980198779026bd011c6073736a1b8d07a40164759aba563762ab54a5,d9233bbc8246aa60b087af71bfad512fd0ff396946cddc34f81437978d1748a8,745e9d80396fb58fd1e9f38bf80b08a972bb6253b375776dc9b95717167d187f,true,true,true,true
112,5700000,5,reciprocal_c2_d1_t3,reference,dies,0,0,1,0,1|0,1,2,0,2,6,1/1000000/2;1/1000000/2,true,false,false,true,7b8b1997d1e908a579f4c4923ec08cb22db53e5ce8032db2d96df371a102cf53,4f53cda18c2baa0c0354bb5f9a3ecbe5ed12ab4d8e11ba873c2f11161202b945,28de4b9d696133cdd4686930321d89b7f3a0bcc1a4507a46e906b8b6759f610a,1e4a2d5bddf688217cada5d9ea0c2b189589325809423ab2d4344fe473b243b9,true,true,true,true
112,5700000,5,reciprocal_c2_d1_t3,production,dies,0,0,1,0,1|0,1,2,0,2,6,1/1000000/2;1/1000000/2,true,false,false,true,7b8b1997d1e908a579f4c4923ec08cb22db53e5ce8032db2d96df371a102cf53,4f53cda18c2baa0c0354bb5f9a3ecbe5ed12ab4d8e11ba873c2f11161202b945,28de4b9d696133cdd4686930321d89b7f3a0bcc1a4507a46e906b8b6759f610a,a7e333f97b767a8f87748382baa1a91b89af90d4f80b076f2869bf522de20b3f,true,true,true,true
113,5700000,5,cycle_3_c2_d1_t2,reference,periodic,3,3,256,32,96|96|96,287,256,32,288,292,1/999972/2;1/999972/2;1/999972/2,false,true,true,true,c459946f33ebb6b6327ce03bf56eef70f2e821f5fdcc15ac1354842d210824b8,58f8657a9cb8ff50d6772054dfe943f3b12ba48846e25936c67cce0167fd22cc,fc8d7a606dee22b1dd1c3ec8b3b5f3ae7124dba25f71efdc586ee601318bbdcf,85b0ce6fc1af09162b08a0ab9130ca3d7b27dbfe283e9236aea76155eca5806a,true,true,true,true
113,5700000,5,cycle_3_c2_d1_t2,production,periodic,3,3,256,32,96|96|96,287,256,32,288,292,1/999972/2;1/999972/2;1/999972/2,false,true,true,true,c459946f33ebb6b6327ce03bf56eef70f2e821f5fdcc15ac1354842d210824b8,58f8657a9cb8ff50d6772054dfe943f3b12ba48846e25936c67cce0167fd22cc,fc8d7a606dee22b1dd1c3ec8b3b5f3ae7124dba25f71efdc586ee601318bbdcf,27e063d74366f00a79423a9a6c0b41c16b0de31d125bc761e2169e1f86d4558e,true,true,true,true
114,5700000,5,cycle_4_c2_d1_t2,reference,periodic,4,4,256,32,72|72|72|72,287,256,32,288,292,1/999972/2;1/999972/2;1/999972/2;1/999972/2,false,true,true,true,09d87cad3a6a2d73ded08449d96c6077548a87ebdca9d2cce2983af9b41ee23b,5a6db1d148a0584ce7bf8b4e836b372a1e19019cc37d514dbce667a30312594b,f127b1b04a6ec2b4cdf6cbc76ecc5711b3abca4f893e5abbe220bcbf884fa7e5,7d515bccf55a2bdd4d441d253bbde9cd688a7665b727577f71a5f81b02bfa7db,true,true,true,true
114,5700000,5,cycle_4_c2_d1_t2,production,periodic,4,4,256,32,72|72|72|72,287,256,32,288,292,1/999972/2;1/999972/2;1/999972/2;1/999972/2,false,true,true,true,09d87cad3a6a2d73ded08449d96c6077548a87ebdca9d2cce2983af9b41ee23b,5a6db1d148a0584ce7bf8b4e836b372a1e19019cc37d514dbce667a30312594b,f127b1b04a6ec2b4cdf6cbc76ecc5711b3abca4f893e5abbe220bcbf884fa7e5,1a35ad1623d53a295c7b6f3c601381c4223d593dc2287b51049642406423bc15,true,true,true,true
115,5700000,5,cycle_8_c2_d1_t2,reference,periodic,8,8,256,32,36|36|36|36|36|36|36|36,287,256,32,288,292,1/999972/2;1/999972/2;1/999972/2;1/999972/2;1/999972/2;1/999972/2;1/999972/2;1/999972/2,false,true,true,true,1fd07d003e7c84022665383db815980db802aaace7719ffff00cf500dc815ad7,a8f9250b40e9dee454427f7b3a7b07dcbcf3145f0bf10e6647671cf0ebc56ed4,79c770175160a16a4190142229dbff52864195a261858815849f5489fc673a14,9811e47fac2977bef047cfdc128adaf106700006bab271fc88c141bf4b41ebd5,true,true,true,true
115,5700000,5,cycle_8_c2_d1_t2,production,periodic,8,8,256,32,36|36|36|36|36|36|36|36,287,256,32,288,292,1/999972/2;1/999972/2;1/999972/2;1/999972/2;1/999972/2;1/999972/2;1/999972/2;1/999972/2,false,true,true,true,1fd07d003e7c84022665383db815980db802aaace7719ffff00cf500dc815ad7,a8f9250b40e9dee454427f7b3a7b07dcbcf3145f0bf10e6647671cf0ebc56ed4,79c770175160a16a4190142229dbff52864195a261858815849f5489fc673a14,66b3ba284f27ebe83edc8192e4746e5332c6cc4cb964a30b16b48940459e6c7e,true,true,true,true
116,5700000,5,cycle_3_c2_d0_t2,reference,dies,0,0,3,0,1|1|1,3,4,0,4,5,1/1000000/2;1/1000000/2;1/1000000/2,true,false,false,true,a4ddc3b82dcc481878bd5cdfcfefa7c631c99b735e716268d12f4aac798909bc,4f53cda18c2baa0c0354bb5f9a3ecbe5ed12ab4d8e11ba873c2f11161202b945,3f0b647e758e21ed6e01a3c0fa394fdb5e00d985963ff13d839f7d0f99db9f35,8dd82a8d0b831bd86b0edc354f9062fc55324afda4bbdc690b1bc5504586a0e6,true,true,true,true
116,5700000,5,cycle_3_c2_d0_t2,production,dies,0,0,3,0,1|1|1,3,4,0,4,5,1/1000000/2;1/1000000/2;1/1000000/2,true,false,false,true,a4ddc3b82dcc481878bd5cdfcfefa7c631c99b735e716268d12f4aac798909bc,4f53cda18c2baa0c0354bb5f9a3ecbe5ed12ab4d8e11ba873c2f11161202b945,3f0b647e758e21ed6e01a3c0fa394fdb5e00d985963ff13d839f7d0f99db9f35,8dd82a8d0b831bd86b0edc354f9062fc55324afda4bbdc690b1bc5504586a0e6,true,true,true,true
117,5700000,5,cycle_4_c2_d0_t2,reference,dies,0,0,4,0,1|1|1|1,4,5,0,5,5,1/1000000/2;1/1000000/2;1/1000000/2;1/1000000/2,true,false,false,true,1a17250c6492b85885135f5c1f673a744c6a51e25325ed12bf81452f28aee17a,4f53cda18c2baa0c0354bb5f9a3ecbe5ed12ab4d8e11ba873c2f11161202b945,f996c73008a9a84bfd8b750bc60885233fc99040decee681711aa327364cf953,3fcad99e8f49a50e0a665e076c8b20f642e45310259effa62b6019d005e42f06,true,true,true,true
117,5700000,5,cycle_4_c2_d0_t2,production,dies,0,0,4,0,1|1|1|1,4,5,0,5,5,1/1000000/2;1/1000000/2;1/1000000/2;1/1000000/2,true,false,false,true,1a17250c6492b85885135f5c1f673a744c6a51e25325ed12bf81452f28aee17a,4f53cda18c2baa0c0354bb5f9a3ecbe5ed12ab4d8e11ba873c2f11161202b945,f996c73008a9a84bfd8b750bc60885233fc99040decee681711aa327364cf953,3fcad99e8f49a50e0a665e076c8b20f642e45310259effa62b6019d005e42f06,true,true,true,true
118,5700000,5,cycle_8_c2_d0_t2,reference,dies,0,0,8,0,1|1|1|1|1|1|1|1,8,9,0,9,5,1/1000000/2;1/1000000/2;1/1000000/2;1/1000000/2;1/1000000/2;1/1000000/2;1/1000000/2;1/1000000/2,true,false,false,true,e8983ddb5314d461bcc9eb19ff2bfd097c6f49f6d54861f50188b3a9dd169e6d,4f53cda18c2baa0c0354bb5f9a3ecbe5ed12ab4d8e11ba873c2f11161202b945,b1fceaae00c7a90dab5e3c03fa2b7b8d5708b0453d79020dd295f41a66c9e19e,0480d1a48699eb667135298293c1df8f5804533c6ad7425839516b86fcbe7918,true,true,true,true
118,5700000,5,cycle_8_c2_d0_t2,production,dies,0,0,8,0,1|1|1|1|1|1|1|1,8,9,0,9,5,1/1000000/2;1/1000000/2;1/1000000/2;1/1000000/2;1/1000000/2;1/1000000/2;1/1000000/2;1/1000000/2,true,false,false,true,e8983ddb5314d461bcc9eb19ff2bfd097c6f49f6d54861f50188b3a9dd169e6d,4f53cda18c2baa0c0354bb5f9a3ecbe5ed12ab4d8e11ba873c2f11161202b945,b1fceaae00c7a90dab5e3c03fa2b7b8d5708b0453d79020dd295f41a66c9e19e,0480d1a48699eb667135298293c1df8f5804533c6ad7425839516b86fcbe7918,true,true,true,true
119,5700000,5,chain_8_c2_d1_t2,reference,dies,0,0,8,0,1|1|1|1|1|1|1|1,7,8,0,8,12,1/1000000/2;1/1000000/2;1/1000000/2;1/1000000/2;1/1000000/2;1/1000000/2;1/1000000/2,true,false,false,true,9161adadeb2bfeab86a6a72493c63e088ad40ee47edced4b282af91834723223,4f53cda18c2baa0c0354bb5f9a3ecbe5ed12ab4d8e11ba873c2f11161202b945,dea9e1d644726f96e0c08a2e678f6f6e8897c21ba4a06426a3a81522a0877f5b,4608ce05bde87bedeb33ca6112cd7c9608d12600088feb5d51128146b2999585,true,true,true,true
119,5700000,5,chain_8_c2_d1_t2,production,dies,0,0,8,0,1|1|1|1|1|1|1|1,7,8,0,8,12,1/1000000/2;1/1000000/2;1/1000000/2;1/1000000/2;1/1000000/2;1/1000000/2;1/1000000/2,true,false,false,true,9161adadeb2bfeab86a6a72493c63e088ad40ee47edced4b282af91834723223,4f53cda18c2baa0c0354bb5f9a3ecbe5ed12ab4d8e11ba873c2f11161202b945,dea9e1d644726f96e0c08a2e678f6f6e8897c21ba4a06426a3a81522a0877f5b,b8422eb8297888328cbadae08a9d39b10dd61ea087aab0aa60fc37f4aeea1f5a,true,true,true,true
120,5700000,5,chain_8_c2_d0_t2,reference,dies,0,0,8,0,1|1|1|1|1|1|1|1,7,8,0,8,5,1/1000000/2;1/1000000/2;1/1000000/2;1/1000000/2;1/1000000/2;1/1000000/2;1/1000000/2,true,false,false,true,86f250cecd63ec54d002a207b227d1fcc48e8e3a14d594e25b7ee8de44cfdd97,4f53cda18c2baa0c0354bb5f9a3ecbe5ed12ab4d8e11ba873c2f11161202b945,b904d3542041bd79b3843b96baac802e050df60cceba07abdb71e64b740021a5,0a0a6265ef0610482e738dd633448cef83d189b7e8dba78cfcb00745ba240c0c,true,true,true,true
120,5700000,5,chain_8_c2_d0_t2,production,dies,0,0,8,0,1|1|1|1|1|1|1|1,7,8,0,8,5,1/1000000/2;1/1000000/2;1/1000000/2;1/1000000/2;1/1000000/2;1/1000000/2;1/1000000/2,true,false,false,true,86f250cecd63ec54d002a207b227d1fcc48e8e3a14d594e25b7ee8de44cfdd97,4f53cda18c2baa0c0354bb5f9a3ecbe5ed12ab4d8e11ba873c2f11161202b945,b904d3542041bd79b3843b96baac802e050df60cceba07abdb71e64b740021a5,0a0a6265ef0610482e738dd633448cef83d189b7e8dba78cfcb00745ba240c0c,true,true,true,true
121,5700000,6,one_way_c2_d1_t2,reference,dies,0,0,2,0,1|1,1,2,0,2,7,1/1000000/2,true,false,false,true,06f5aba3245acc6f4ea7cf480a4334a596da5524afaeb6cfc32fd4095392b1ee,4f53cda18c2baa0c0354bb5f9a3ecbe5ed12ab4d8e11ba873c2f11161202b945,a2590be5d41d3124e31ed0d8fa720fe6aa308830bf98b16c83a2120318ccaf66,21e41a88f455ffacbf90db18ed8829ed4bd2b594629855623b2bf52b4de180c1,true,true,true,true
121,5700000,6,one_way_c2_d1_t2,production,dies,0,0,2,0,1|1,1,2,0,2,7,1/1000000/2,true,false,false,true,06f5aba3245acc6f4ea7cf480a4334a596da5524afaeb6cfc32fd4095392b1ee,4f53cda18c2baa0c0354bb5f9a3ecbe5ed12ab4d8e11ba873c2f11161202b945,a2590be5d41d3124e31ed0d8fa720fe6aa308830bf98b16c83a2120318ccaf66,2003070f53a646220f1ddd5762b6f51177840efd1e5d79ecdddd17bc75a05201,true,true,true,true
122,5700000,6,reciprocal_c1_d1_t2,reference,dies,0,0,1,0,1|0,1,2,0,2,7,1/1000000/1;1/1000000/1,true,false,false,true,6c895e2707f1020fb2d2d8245c7de80f7a6526f75acce542991b4edb9cd8ba10,4f53cda18c2baa0c0354bb5f9a3ecbe5ed12ab4d8e11ba873c2f11161202b945,893fde4229639d9f3ed093ffe47e502e090f46551176449a182bf85ac837c9d7,0e42296fe900c4a6a962b118e879b53c40b2d82debf4f8ff209893e4a5baae94,true,true,true,true
122,5700000,6,reciprocal_c1_d1_t2,production,dies,0,0,1,0,1|0,1,2,0,2,7,1/1000000/1;1/1000000/1,true,false,false,true,6c895e2707f1020fb2d2d8245c7de80f7a6526f75acce542991b4edb9cd8ba10,4f53cda18c2baa0c0354bb5f9a3ecbe5ed12ab4d8e11ba873c2f11161202b945,893fde4229639d9f3ed093ffe47e502e090f46551176449a182bf85ac837c9d7,5e069d55d30a1992f5dc7c3fc5cd3d82bc171ea53c7e4b8f58f1e23f8018f0e0,true,true,true,true
123,5700000,6,reciprocal_c1_d1_t1,reference,periodic,2,2,256,32,144|144,287,256,32,288,293,1/999972/1;1/999972/1,false,true,true,true,861ec14ce0f206b39d382f3c5d6c692f50a175cf1978f1cbfc6ea00e3fe44fa1,ec26a2d3cfcdea9b1b6d07b352a2015ce022ca81619b68a8e02fe4863e74d192,0d54d95e74ddd331d78f960a5fa142b081e9602f7ebcb350e56b62c14a73e2bc,deb0432692a5daa0135bb27f54736cb4a347e9616316de20c3679db5574d35ad,true,true,true,true
123,5700000,6,reciprocal_c1_d1_t1,production,periodic,2,2,256,32,144|144,287,256,32,288,293,1/999972/1;1/999972/1,false,true,true,true,861ec14ce0f206b39d382f3c5d6c692f50a175cf1978f1cbfc6ea00e3fe44fa1,ec26a2d3cfcdea9b1b6d07b352a2015ce022ca81619b68a8e02fe4863e74d192,0d54d95e74ddd331d78f960a5fa142b081e9602f7ebcb350e56b62c14a73e2bc,c83ff646beb42cc7f2e0ff02f2ced289da1c37cc841ee74e88d77d636cfc71b3,true,true,true,true
124,5700000,6,reciprocal_c2_d0_t2,reference,dies,0,0,2,0,1|1,2,3,0,3,6,1/1000000/2;1/1000000/2,true,false,false,true,da22abec376aadf8cf4a62af0ac701b0c7aa6875e0ef8abfc59e08acee31fc0f,4f53cda18c2baa0c0354bb5f9a3ecbe5ed12ab4d8e11ba873c2f11161202b945,067b7897453a840897bb9eb6a6768563891f5efea50ee192db90b8423dd7b11d,601bd58d8def1e7ec5776c0f56112efdf12d404c47f7977bc591c41a69ae42a1,true,true,true,true
124,5700000,6,reciprocal_c2_d0_t2,production,dies,0,0,2,0,1|1,2,3,0,3,6,1/1000000/2;1/1000000/2,true,false,false,true,da22abec376aadf8cf4a62af0ac701b0c7aa6875e0ef8abfc59e08acee31fc0f,4f53cda18c2baa0c0354bb5f9a3ecbe5ed12ab4d8e11ba873c2f11161202b945,067b7897453a840897bb9eb6a6768563891f5efea50ee192db90b8423dd7b11d,601bd58d8def1e7ec5776c0f56112efdf12d404c47f7977bc591c41a69ae42a1,true,true,true,true
125,5700000,6,reciprocal_c2_d0_t2_alternating_phase,reference,dies,0,0,2,0,1|1,2,3,0,3,6,1/1000000/2;1/1000000/2,true,false,false,true,3b0cd587315fa289dc8d7fbfb394af0c86679119904d39a932dec7825c6da775,4f53cda18c2baa0c0354bb5f9a3ecbe5ed12ab4d8e11ba873c2f11161202b945,cbd7b1c027498cfdd3657e5d2e2a9b4e01f7d82d21c319bad9c57a7225e041be,dfcafbb8bcd4b90a2a9c484c82545444a19febeaa68ba0cb7ff77729f806b50f,true,true,true,true
125,5700000,6,reciprocal_c2_d0_t2_alternating_phase,production,dies,0,0,2,0,1|1,2,3,0,3,6,1/1000000/2;1/1000000/2,true,false,false,true,3b0cd587315fa289dc8d7fbfb394af0c86679119904d39a932dec7825c6da775,4f53cda18c2baa0c0354bb5f9a3ecbe5ed12ab4d8e11ba873c2f11161202b945,cbd7b1c027498cfdd3657e5d2e2a9b4e01f7d82d21c319bad9c57a7225e041be,dfcafbb8bcd4b90a2a9c484c82545444a19febeaa68ba0cb7ff77729f806b50f,true,true,true,true
126,5700000,6,reciprocal_c2_d1_t2,reference,periodic,2,2,256,32,144|144,287,256,32,288,293,1/999972/2;1/999972/2,false,true,true,true,dfaed705fb1554b34bc55a79c650eda0b4a311f66e4ea63521be44026cc7f322,2d3558286b484751dadff14c83ef2dde16f5ba800b6b0ae9f2ff16a2e7220f28,f90d5be5b88e7a23328d5b3f05ea929bb5f9cb5b85fd0f6df85e94e19d4738d3,ea889146c9f085c1b2980925b8414b5b8c85dfe501c476b64ec9f63f54e1b783,true,true,true,true
126,5700000,6,reciprocal_c2_d1_t2,production,periodic,2,2,256,32,144|144,287,256,32,288,293,1/999972/2;1/999972/2,false,true,true,true,dfaed705fb1554b34bc55a79c650eda0b4a311f66e4ea63521be44026cc7f322,2d3558286b484751dadff14c83ef2dde16f5ba800b6b0ae9f2ff16a2e7220f28,f90d5be5b88e7a23328d5b3f05ea929bb5f9cb5b85fd0f6df85e94e19d4738d3,a87802f001512e35298460fca69c2072d3e112cbdd6e6693617f0d8c974dfc24,true,true,true,true
127,5700000,6,reciprocal_c2_d2_t2,reference,periodic,2,4,256,32,144|144,287,256,32,288,580,1/999943/2;1/999943/2,false,true,true,true,feec6f3b486491c894b2732ae9597fec79218292a888f7f01cd2c75e55f31ff8,34fbfe8f201056a85ce0f7e3b9dfddd04c3ca48cdc1f50273e6cfbd3444965ce,9b248831cc69065a58d772b1b17a6d56c4082b767df10eb71dc6d61642a575db,c4371cfcfa6bd8ec1b60e2e046a9c6a7cddb9b32726b0831cdcd5188d6de54e5,true,true,true,true
127,5700000,6,reciprocal_c2_d2_t2,production,periodic,2,4,256,32,144|144,287,256,32,288,580,1/999943/2;1/999943/2,false,true,true,true,feec6f3b486491c894b2732ae9597fec79218292a888f7f01cd2c75e55f31ff8,34fbfe8f201056a85ce0f7e3b9dfddd04c3ca48cdc1f50273e6cfbd3444965ce,9b248831cc69065a58d772b1b17a6d56c4082b767df10eb71dc6d61642a575db,731eee1d4653c9fbb41e9529633e2bae10df8391822018ab0e696f445411bc94,true,true,true,true
128,5700000,6,reciprocal_c2_d3_t2,reference,periodic,2,6,256,32,144|144,287,256,32,288,867,1/999914/2;1/999914/2,false,true,true,true,d918c1505a6bc3743aff96069f32a18b014b708c83bbded14bb2b66be02b6e80,0eecfc26a84ee4260756da12545942f09e206c1425207e2e564ec10cd96d086a,9f4ce15e2b57966d3256f7a03f53f3ac300ca75b44207e84d2aa8961d43093bc,7f889b4472b5eeaa12981dedb93c05d3c1aa57963e285b758fade7a34ba54ace,true,true,true,true
128,5700000,6,reciprocal_c2_d3_t2,production,periodic,2,6,256,32,144|144,287,256,32,288,867,1/999914/2;1/999914/2,false,true,true,true,d918c1505a6bc3743aff96069f32a18b014b708c83bbded14bb2b66be02b6e80,0eecfc26a84ee4260756da12545942f09e206c1425207e2e564ec10cd96d086a,9f4ce15e2b57966d3256f7a03f53f3ac300ca75b44207e84d2aa8961d43093bc,01e43fe8d5976463c9c021f61c82e90a76e11607d6cc46f3b7c1233cafec4c1a,true,true,true,true
129,5700000,6,reciprocal_c2_mixed_d0_d1_t2,reference,periodic,2,1,256,32,144|144,287,256,32,288,149,1/999986/2;1/999986/2,false,true,true,true,57b4dd7afa0e04097089724449ab13e2a06d0d12f54b4259419826bf27dfd9a7,62befa5dc7559ad771fc8f63efa30448d03cd7c8e3a9aa975d15ff74aea9f65e,a2453f275ac5d883b218a763855bdd3c4b6dce336e7e14f62e1a3ce42c9ef862,3e584d43da3f64a4e270bf3391ef6c18dbe98662e5f300a559b517b6baac3b3d,true,true,true,true
129,5700000,6,reciprocal_c2_mixed_d0_d1_t2,production,periodic,2,1,256,32,144|144,287,256,32,288,149,1/999986/2;1/999986/2,false,true,true,true,57b4dd7afa0e04097089724449ab13e2a06d0d12f54b4259419826bf27dfd9a7,62befa5dc7559ad771fc8f63efa30448d03cd7c8e3a9aa975d15ff74aea9f65e,a2453f275ac5d883b218a763855bdd3c4b6dce336e7e14f62e1a3ce42c9ef862,3e584d43da3f64a4e270bf3391ef6c18dbe98662e5f300a559b517b6baac3b3d,true,true,true,true
130,5700000,6,reciprocal_c2_d1_t2_alternating_phase,reference,periodic,2,2,256,32,144|144,287,256,32,288,293,1/999972/2;1/999972/2,false,true,true,true,b1bc3ee2554c60da17750b45b51844c872064924f9a0f502daa5a425be464edf,187e75004b5d6ae4c730c12b39f67dac720ed06c8a0e8dfb8097b1ca1217e60b,21ef48ebbe81b6ccdef658b2c6498387408f9ed7a133aca85325d4108efd253c,3c1adb2db5016e41dfb733f7231c0fe2c5c33561cf53ce9c1786fe0854bf6a97,true,true,true,true
130,5700000,6,reciprocal_c2_d1_t2_alternating_phase,production,periodic,2,2,256,32,144|144,287,256,32,288,293,1/999972/2;1/999972/2,false,true,true,true,b1bc3ee2554c60da17750b45b51844c872064924f9a0f502daa5a425be464edf,187e75004b5d6ae4c730c12b39f67dac720ed06c8a0e8dfb8097b1ca1217e60b,21ef48ebbe81b6ccdef658b2c6498387408f9ed7a133aca85325d4108efd253c,d05bfdeb267404fe81136dfcb776e3135b7cb68604bd8daffd80f7d59658ec09,true,true,true,true
131,5700000,6,reciprocal_c2_d1_t1,reference,periodic,2,2,256,32,144|144,287,256,32,288,293,1/999972/2;1/999972/2,false,true,true,true,b0427d3e969ace209c4c7accdaf46f79a10fe0816338f7550e80f21ee139d190,2d3558286b484751dadff14c83ef2dde16f5ba800b6b0ae9f2ff16a2e7220f28,d9233bbc8246aa60b087af71bfad512fd0ff396946cddc34f81437978d1748a8,b46c63d5f21083ad552b016fce246ce9f0fd6ced26d2ec24ff4c5ef48e082e72,true,true,true,true
131,5700000,6,reciprocal_c2_d1_t1,production,periodic,2,2,256,32,144|144,287,256,32,288,293,1/999972/2;1/999972/2,false,true,true,true,b0427d3e969ace209c4c7accdaf46f79a10fe0816338f7550e80f21ee139d190,2d3558286b484751dadff14c83ef2dde16f5ba800b6b0ae9f2ff16a2e7220f28,d9233bbc8246aa60b087af71bfad512fd0ff396946cddc34f81437978d1748a8,92d6410756b4128d5cb9f8f0a5a207c67dce2301eadc7127c9aee4b90eed1a7b,true,true,true,true
132,5700000,6,reciprocal_c2_d1_t3,reference,dies,0,0,1,0,1|0,1,2,0,2,7,1/1000000/2;1/1000000/2,true,false,false,true,3602127ed8e710512e13871bc92c5e5451e7d319e410ec10085fc446c399227f,4f53cda18c2baa0c0354bb5f9a3ecbe5ed12ab4d8e11ba873c2f11161202b945,28de4b9d696133cdd4686930321d89b7f3a0bcc1a4507a46e906b8b6759f610a,c9c2b65b19e70e2f9f4e8894d528468706246961dd41d622ddf24c395e5aad88,true,true,true,true
132,5700000,6,reciprocal_c2_d1_t3,production,dies,0,0,1,0,1|0,1,2,0,2,7,1/1000000/2;1/1000000/2,true,false,false,true,3602127ed8e710512e13871bc92c5e5451e7d319e410ec10085fc446c399227f,4f53cda18c2baa0c0354bb5f9a3ecbe5ed12ab4d8e11ba873c2f11161202b945,28de4b9d696133cdd4686930321d89b7f3a0bcc1a4507a46e906b8b6759f610a,5923febb0ccacdbaed005d90d6b623d1e4b895e7e93c9da7c669b98a6e76b024,true,true,true,true
133,5700000,6,cycle_3_c2_d1_t2,reference,periodic,3,3,256,32,96|96|96,287,256,32,288,293,1/999972/2;1/999972/2;1/999972/2,false,true,true,true,1d9cb6dc400ab602baf7cb9e2e0a80b216e0a4048955dbb56549fa421ecd9914,f9f2f522fbae795a50abd7871bb440a136dad94f09e0eaa0446b09b0147b25e4,fc8d7a606dee22b1dd1c3ec8b3b5f3ae7124dba25f71efdc586ee601318bbdcf,a30f19842e0374deb92e210fa66b967e8e4b9ed241a071c3be6e92bc43c4d58f,true,true,true,true
133,5700000,6,cycle_3_c2_d1_t2,production,periodic,3,3,256,32,96|96|96,287,256,32,288,293,1/999972/2;1/999972/2;1/999972/2,false,true,true,true,1d9cb6dc400ab602baf7cb9e2e0a80b216e0a4048955dbb56549fa421ecd9914,f9f2f522fbae795a50abd7871bb440a136dad94f09e0eaa0446b09b0147b25e4,fc8d7a606dee22b1dd1c3ec8b3b5f3ae7124dba25f71efdc586ee601318bbdcf,a6c12801deb8490f6702992efac1d05e4924f662d55a34bc46e4dda07b22865f,true,true,true,true
134,5700000,6,cycle_4_c2_d1_t2,reference,periodic,4,4,256,32,72|72|72|72,287,256,32,288,293,1/999972/2;1/999972/2;1/999972/2;1/999972/2,false,true,true,true,a19f121cd8bee2b0d22e04486f6afeb1368ca740d6b2659e5176a4ddfd6a7ff3,98bf61c845c8232ec7716a3ca75e267380d2f4687d1188e467cf4df344832f57,f127b1b04a6ec2b4cdf6cbc76ecc5711b3abca4f893e5abbe220bcbf884fa7e5,70d50fa43fc6d435fa4d4d828a398e9386abe6417d595039cd302012ddba0961,true,true,true,true
134,5700000,6,cycle_4_c2_d1_t2,production,periodic,4,4,256,32,72|72|72|72,287,256,32,288,293,1/999972/2;1/999972/2;1/999972/2;1/999972/2,false,true,true,true,a19f121cd8bee2b0d22e04486f6afeb1368ca740d6b2659e5176a4ddfd6a7ff3,98bf61c845c8232ec7716a3ca75e267380d2f4687d1188e467cf4df344832f57,f127b1b04a6ec2b4cdf6cbc76ecc5711b3abca4f893e5abbe220bcbf884fa7e5,38a8f6db5abb64178dd7455de09701f7d95c12f778ff0a3b9a983237293c49c9,true,true,true,true
135,5700000,6,cycle_8_c2_d1_t2,reference,periodic,8,8,256,32,36|36|36|36|36|36|36|36,287,256,32,288,293,1/999972/2;1/999972/2;1/999972/2;1/999972/2;1/999972/2;1/999972/2;1/999972/2;1/999972/2,false,true,true,true,8d2b4c0e5c14fff4dec76cc092d6ee4145b0333aee027808877ebeb3085e9812,0d268c2d8c2eab8e62e65a29d32033022ccb61f005cfd5ea904ed7d8993479ed,79c770175160a16a4190142229dbff52864195a261858815849f5489fc673a14,2490d28b252a224e0161d66ed060437a40d3ec5970845164bba6e24d49dd34cd,true,true,true,true
135,5700000,6,cycle_8_c2_d1_t2,production,periodic,8,8,256,32,36|36|36|36|36|36|36|36,287,256,32,288,293,1/999972/2;1/999972/2;1/999972/2;1/999972/2;1/999972/2;1/999972/2;1/999972/2;1/999972/2,false,true,true,true,8d2b4c0e5c14fff4dec76cc092d6ee4145b0333aee027808877ebeb3085e9812,0d268c2d8c2eab8e62e65a29d32033022ccb61f005cfd5ea904ed7d8993479ed,79c770175160a16a4190142229dbff52864195a261858815849f5489fc673a14,05281d64318ffae6c0f82e448f2d7a8a3f9f98f4911e442679c2661a1afafec2,true,true,true,true
136,5700000,6,cycle_3_c2_d0_t2,reference,dies,0,0,3,0,1|1|1,3,4,0,4,6,1/1000000/2;1/1000000/2;1/1000000/2,true,false,false,true,1dc2e348f082e648ee412b785894a434a1ea71e4458a1b908d9f99cc1107ef09,4f53cda18c2baa0c0354bb5f9a3ecbe5ed12ab4d8e11ba873c2f11161202b945,3f0b647e758e21ed6e01a3c0fa394fdb5e00d985963ff13d839f7d0f99db9f35,32f404f5d283b886b0bfdac34f84e99cf6463601caeedeb1da2f61269729d9e7,true,true,true,true
136,5700000,6,cycle_3_c2_d0_t2,production,dies,0,0,3,0,1|1|1,3,4,0,4,6,1/1000000/2;1/1000000/2;1/1000000/2,true,false,false,true,1dc2e348f082e648ee412b785894a434a1ea71e4458a1b908d9f99cc1107ef09,4f53cda18c2baa0c0354bb5f9a3ecbe5ed12ab4d8e11ba873c2f11161202b945,3f0b647e758e21ed6e01a3c0fa394fdb5e00d985963ff13d839f7d0f99db9f35,32f404f5d283b886b0bfdac34f84e99cf6463601caeedeb1da2f61269729d9e7,true,true,true,true
137,5700000,6,cycle_4_c2_d0_t2,reference,dies,0,0,4,0,1|1|1|1,4,5,0,5,6,1/1000000/2;1/1000000/2;1/1000000/2;1/1000000/2,true,false,false,true,b15442478c4addc7e1737177f2654720fe5dc4bfa22cb5931263bdb014459fd6,4f53cda18c2baa0c0354bb5f9a3ecbe5ed12ab4d8e11ba873c2f11161202b945,f996c73008a9a84bfd8b750bc60885233fc99040decee681711aa327364cf953,dce2d7fe3c4fec4b7cb7710716b3bdac1975a86afaac4faa8aae8fd0032f34e5,true,true,true,true
137,5700000,6,cycle_4_c2_d0_t2,production,dies,0,0,4,0,1|1|1|1,4,5,0,5,6,1/1000000/2;1/1000000/2;1/1000000/2;1/1000000/2,true,false,false,true,b15442478c4addc7e1737177f2654720fe5dc4bfa22cb5931263bdb014459fd6,4f53cda18c2baa0c0354bb5f9a3ecbe5ed12ab4d8e11ba873c2f11161202b945,f996c73008a9a84bfd8b750bc60885233fc99040decee681711aa327364cf953,dce2d7fe3c4fec4b7cb7710716b3bdac1975a86afaac4faa8aae8fd0032f34e5,true,true,true,true
138,5700000,6,cycle_8_c2_d0_t2,reference,dies,0,0,8,0,1|1|1|1|1|1|1|1,8,9,0,9,6,1/1000000/2;1/1000000/2;1/1000000/2;1/1000000/2;1/1000000/2;1/1000000/2;1/1000000/2;1/1000000/2,true,false,false,true,3a08695402599cccc496050f2df5ec545cfd6e00f2820e6cd36bc155dadec3ac,4f53cda18c2baa0c0354bb5f9a3ecbe5ed12ab4d8e11ba873c2f11161202b945,b1fceaae00c7a90dab5e3c03fa2b7b8d5708b0453d79020dd295f41a66c9e19e,c60ae7c72f6bde1cb5c2f7f6c7c840003ab4fe9450ffbeab0851d2857d64e49b,true,true,true,true
138,5700000,6,cycle_8_c2_d0_t2,production,dies,0,0,8,0,1|1|1|1|1|1|1|1,8,9,0,9,6,1/1000000/2;1/1000000/2;1/1000000/2;1/1000000/2;1/1000000/2;1/1000000/2;1/1000000/2;1/1000000/2,true,false,false,true,3a08695402599cccc496050f2df5ec545cfd6e00f2820e6cd36bc155dadec3ac,4f53cda18c2baa0c0354bb5f9a3ecbe5ed12ab4d8e11ba873c2f11161202b945,b1fceaae00c7a90dab5e3c03fa2b7b8d5708b0453d79020dd295f41a66c9e19e,c60ae7c72f6bde1cb5c2f7f6c7c840003ab4fe9450ffbeab0851d2857d64e49b,true,true,true,true
139,5700000,6,chain_8_c2_d1_t2,reference,dies,0,0,8,0,1|1|1|1|1|1|1|1,7,8,0,8,13,1/1000000/2;1/1000000/2;1/1000000/2;1/1000000/2;1/1000000/2;1/1000000/2;1/1000000/2,true,false,false,true,5fb0d8aebe9f5509936732749fb612a22f5e862090a67415fcf3e6030dab8f54,4f53cda18c2baa0c0354bb5f9a3ecbe5ed12ab4d8e11ba873c2f11161202b945,dea9e1d644726f96e0c08a2e678f6f6e8897c21ba4a06426a3a81522a0877f5b,16f23c3a87a2befa80efd1f4ea8c704d4c893f92d8f8bb772a26a98bad33d334,true,true,true,true
139,5700000,6,chain_8_c2_d1_t2,production,dies,0,0,8,0,1|1|1|1|1|1|1|1,7,8,0,8,13,1/1000000/2;1/1000000/2;1/1000000/2;1/1000000/2;1/1000000/2;1/1000000/2;1/1000000/2,true,false,false,true,5fb0d8aebe9f5509936732749fb612a22f5e862090a67415fcf3e6030dab8f54,4f53cda18c2baa0c0354bb5f9a3ecbe5ed12ab4d8e11ba873c2f11161202b945,dea9e1d644726f96e0c08a2e678f6f6e8897c21ba4a06426a3a81522a0877f5b,e37657456acfa413f6fe00efd8bb399ddd8d790f67aaedd7c54155fccf93d893,true,true,true,true
140,5700000,6,chain_8_c2_d0_t2,reference,dies,0,0,8,0,1|1|1|1|1|1|1|1,7,8,0,8,6,1/1000000/2;1/1000000/2;1/1000000/2;1/1000000/2;1/1000000/2;1/1000000/2;1/1000000/2,true,false,false,true,35da4e3270b43e56337fdcd15531bca24d7aec8a8edae5b1768a00a7e134954f,4f53cda18c2baa0c0354bb5f9a3ecbe5ed12ab4d8e11ba873c2f11161202b945,b904d3542041bd79b3843b96baac802e050df60cceba07abdb71e64b740021a5,fe25dd7294467220ee39ce04703030c0a889d4b57004a6ac551d55fb7d6c824b,true,true,true,true
140,5700000,6,chain_8_c2_d0_t2,production,dies,0,0,8,0,1|1|1|1|1|1|1|1,7,8,0,8,6,1/1000000/2;1/1000000/2;1/1000000/2;1/1000000/2;1/1000000/2;1/1000000/2;1/1000000/2,true,false,false,true,35da4e3270b43e56337fdcd15531bca24d7aec8a8edae5b1768a00a7e134954f,4f53cda18c2baa0c0354bb5f9a3ecbe5ed12ab4d8e11ba873c2f11161202b945,b904d3542041bd79b3843b96baac802e050df60cceba07abdb71e64b740021a5,fe25dd7294467220ee39ce04703030c0a889d4b57004a6ac551d55fb7d6c824b,true,true,true,true
141,5700000,7,one_way_c2_d1_t2,reference,dies,0,0,2,0,1|1,1,2,0,2,8,1/1000000/2,true,false,false,true,b7dc8c4afe1fcc34ba33f0ee2cd2c32ea4389f8373059b064a2a9aeb7f309f02,4f53cda18c2baa0c0354bb5f9a3ecbe5ed12ab4d8e11ba873c2f11161202b945,a2590be5d41d3124e31ed0d8fa720fe6aa308830bf98b16c83a2120318ccaf66,33631ccc18e4bc5b8a81b104eb7fe9b862985552dcacdbbd287bcc7b63014b34,true,true,true,true
141,5700000,7,one_way_c2_d1_t2,production,dies,0,0,2,0,1|1,1,2,0,2,8,1/1000000/2,true,false,false,true,b7dc8c4afe1fcc34ba33f0ee2cd2c32ea4389f8373059b064a2a9aeb7f309f02,4f53cda18c2baa0c0354bb5f9a3ecbe5ed12ab4d8e11ba873c2f11161202b945,a2590be5d41d3124e31ed0d8fa720fe6aa308830bf98b16c83a2120318ccaf66,46e751091b343e324f46de61734af7a54908c7fb37ca264c90f86a2ac7607675,true,true,true,true
142,5700000,7,reciprocal_c1_d1_t2,reference,dies,0,0,1,0,1|0,1,2,0,2,8,1/1000000/1;1/1000000/1,true,false,false,true,1231ad92edf237b319412c0eb7b2241fd752fded211a2af619f9072d29a4165c,4f53cda18c2baa0c0354bb5f9a3ecbe5ed12ab4d8e11ba873c2f11161202b945,893fde4229639d9f3ed093ffe47e502e090f46551176449a182bf85ac837c9d7,9f56ae53610057182d1b0c6e50fb8efce6d2e981a210e27c589c6d6fd0cffa8a,true,true,true,true
142,5700000,7,reciprocal_c1_d1_t2,production,dies,0,0,1,0,1|0,1,2,0,2,8,1/1000000/1;1/1000000/1,true,false,false,true,1231ad92edf237b319412c0eb7b2241fd752fded211a2af619f9072d29a4165c,4f53cda18c2baa0c0354bb5f9a3ecbe5ed12ab4d8e11ba873c2f11161202b945,893fde4229639d9f3ed093ffe47e502e090f46551176449a182bf85ac837c9d7,1d84a7700db0de2e44597bc9fc4dab525c23fc501438a26f43e60c396c88b30e,true,true,true,true
143,5700000,7,reciprocal_c1_d1_t1,reference,periodic,2,2,256,32,144|144,287,256,32,288,294,1/999972/1;1/999972/1,false,true,true,true,f253a6eb698687d27e79417ccc77c5de57c653dc929c986d1216c923346d1aec,7e3cbfb9f1a6f1b0ef551c41df82d796b2ffd211fd2645a03a717634beb75fab,0d54d95e74ddd331d78f960a5fa142b081e9602f7ebcb350e56b62c14a73e2bc,b0b24d5a50ddf4f3e5e36bff24ac174c2125077c19d1d1182366f7aa9cb6148b,true,true,true,true
143,5700000,7,reciprocal_c1_d1_t1,production,periodic,2,2,256,32,144|144,287,256,32,288,294,1/999972/1;1/999972/1,false,true,true,true,f253a6eb698687d27e79417ccc77c5de57c653dc929c986d1216c923346d1aec,7e3cbfb9f1a6f1b0ef551c41df82d796b2ffd211fd2645a03a717634beb75fab,0d54d95e74ddd331d78f960a5fa142b081e9602f7ebcb350e56b62c14a73e2bc,577d21d5252bb17c0e87bfb3f06a6537f3e7fda64a3c387699ba2c5b2aabc5ef,true,true,true,true
144,5700000,7,reciprocal_c2_d0_t2,reference,dies,0,0,2,0,1|1,2,3,0,3,7,1/1000000/2;1/1000000/2,true,false,false,true,fe6bed3b50fd1fbb6ab8f373b1b2cab414d1bb5795eb25e5a1fe71974e4663a7,4f53cda18c2baa0c0354bb5f9a3ecbe5ed12ab4d8e11ba873c2f11161202b945,067b7897453a840897bb9eb6a6768563891f5efea50ee192db90b8423dd7b11d,04011b580d2d061cad73e9e1100ae030d06d76705fd41d1e27a4217fdc26529b,true,true,true,true
144,5700000,7,reciprocal_c2_d0_t2,production,dies,0,0,2,0,1|1,2,3,0,3,7,1/1000000/2;1/1000000/2,true,false,false,true,fe6bed3b50fd1fbb6ab8f373b1b2cab414d1bb5795eb25e5a1fe71974e4663a7,4f53cda18c2baa0c0354bb5f9a3ecbe5ed12ab4d8e11ba873c2f11161202b945,067b7897453a840897bb9eb6a6768563891f5efea50ee192db90b8423dd7b11d,04011b580d2d061cad73e9e1100ae030d06d76705fd41d1e27a4217fdc26529b,true,true,true,true
145,5700000,7,reciprocal_c2_d0_t2_alternating_phase,reference,dies,0,0,2,0,1|1,2,3,0,3,7,1/1000000/2;1/1000000/2,true,false,false,true,6c8a61895e1cb1562e96d8774371d50fdb204edcec6ede02b593208d43ba54b3,4f53cda18c2baa0c0354bb5f9a3ecbe5ed12ab4d8e11ba873c2f11161202b945,cbd7b1c027498cfdd3657e5d2e2a9b4e01f7d82d21c319bad9c57a7225e041be,ac43951a5c40fa482790882831ed9bd8c04d5b42a5bbf11f4323c33e44c6eaeb,true,true,true,true
145,5700000,7,reciprocal_c2_d0_t2_alternating_phase,production,dies,0,0,2,0,1|1,2,3,0,3,7,1/1000000/2;1/1000000/2,true,false,false,true,6c8a61895e1cb1562e96d8774371d50fdb204edcec6ede02b593208d43ba54b3,4f53cda18c2baa0c0354bb5f9a3ecbe5ed12ab4d8e11ba873c2f11161202b945,cbd7b1c027498cfdd3657e5d2e2a9b4e01f7d82d21c319bad9c57a7225e041be,ac43951a5c40fa482790882831ed9bd8c04d5b42a5bbf11f4323c33e44c6eaeb,true,true,true,true
146,5700000,7,reciprocal_c2_d1_t2,reference,periodic,2,2,256,32,144|144,287,256,32,288,294,1/999972/2;1/999972/2,false,true,true,true,74b78510ef9ade217997dc499be9ecc8fd890d49980bd91aa4cfcae1035ff306,bea0e2ed2984d5ac839c0d0599256da4a00db1bedd0502f79dddf746cc658db0,f90d5be5b88e7a23328d5b3f05ea929bb5f9cb5b85fd0f6df85e94e19d4738d3,cfc969566e7ea05e074cec9aab66ea77411b83505c40465686b40a1a2723205b,true,true,true,true
146,5700000,7,reciprocal_c2_d1_t2,production,periodic,2,2,256,32,144|144,287,256,32,288,294,1/999972/2;1/999972/2,false,true,true,true,74b78510ef9ade217997dc499be9ecc8fd890d49980bd91aa4cfcae1035ff306,bea0e2ed2984d5ac839c0d0599256da4a00db1bedd0502f79dddf746cc658db0,f90d5be5b88e7a23328d5b3f05ea929bb5f9cb5b85fd0f6df85e94e19d4738d3,03b84a09c355c6b967be7257c9d8917e40cc207fd00489c9c95f1e941ba64e0a,true,true,true,true
147,5700000,7,reciprocal_c2_d2_t2,reference,periodic,2,4,256,32,144|144,287,256,32,288,581,1/999943/2;1/999943/2,false,true,true,true,7b9d7c536564750972c94a84cdb9cc03b6d5a7951f513f156232aa098d1cf740,3e71094dbd246c95a294bb81fe0ab2e339b216c74d37d54a7fa9d70dba13a01d,9b248831cc69065a58d772b1b17a6d56c4082b767df10eb71dc6d61642a575db,55f8cd6b1eb93cc864972eddbe21e9f33e65f5cbb7bd4b26005bf8c82a606ee6,true,true,true,true
147,5700000,7,reciprocal_c2_d2_t2,production,periodic,2,4,256,32,144|144,287,256,32,288,581,1/999943/2;1/999943/2,false,true,true,true,7b9d7c536564750972c94a84cdb9cc03b6d5a7951f513f156232aa098d1cf740,3e71094dbd246c95a294bb81fe0ab2e339b216c74d37d54a7fa9d70dba13a01d,9b248831cc69065a58d772b1b17a6d56c4082b767df10eb71dc6d61642a575db,90d6c490bc03f1fdbb796221e5a4cba78e02c0183226336e12ea312101792d2c,true,true,true,true
148,5700000,7,reciprocal_c2_d3_t2,reference,periodic,2,6,256,32,144|144,287,256,32,288,868,1/999914/2;1/999914/2,false,true,true,true,28c500866f67bdb11075eec0d07b8ef02b53955fd954b6cf9cf2a4e7c2e75143,1fbd4e7404be9af721f6ef1d3a1bba49bb1938bff4267bd57edef2880460540b,9f4ce15e2b57966d3256f7a03f53f3ac300ca75b44207e84d2aa8961d43093bc,ff47a7ed111ea9e90a9247e981fd5dc9c50160e6b44044d9f5e62d42acc6e95a,true,true,true,true
148,5700000,7,reciprocal_c2_d3_t2,production,periodic,2,6,256,32,144|144,287,256,32,288,868,1/999914/2;1/999914/2,false,true,true,true,28c500866f67bdb11075eec0d07b8ef02b53955fd954b6cf9cf2a4e7c2e75143,1fbd4e7404be9af721f6ef1d3a1bba49bb1938bff4267bd57edef2880460540b,9f4ce15e2b57966d3256f7a03f53f3ac300ca75b44207e84d2aa8961d43093bc,377046db0a7903f2ae474f8c3754d6a0076f1bd0b30b3dd95b962530fc463488,true,true,true,true
149,5700000,7,reciprocal_c2_mixed_d0_d1_t2,reference,periodic,2,1,256,32,144|144,287,256,32,288,150,1/999986/2;1/999986/2,false,true,true,true,5bc36ac75bf153ff21085b6e76612a60e100b9868a79e3019ac8dd0c492244dd,3b8a4f69076025ff4ee7c60a4f7ff460ed41bca6651cfe8f21e04a9259ebd799,a2453f275ac5d883b218a763855bdd3c4b6dce336e7e14f62e1a3ce42c9ef862,94c1e538edfdf27d2bf8c7b7670cc4e5c40ae15caa461e72c817b34055b2f5cb,true,true,true,true
149,5700000,7,reciprocal_c2_mixed_d0_d1_t2,production,periodic,2,1,256,32,144|144,287,256,32,288,150,1/999986/2;1/999986/2,false,true,true,true,5bc36ac75bf153ff21085b6e76612a60e100b9868a79e3019ac8dd0c492244dd,3b8a4f69076025ff4ee7c60a4f7ff460ed41bca6651cfe8f21e04a9259ebd799,a2453f275ac5d883b218a763855bdd3c4b6dce336e7e14f62e1a3ce42c9ef862,94c1e538edfdf27d2bf8c7b7670cc4e5c40ae15caa461e72c817b34055b2f5cb,true,true,true,true
150,5700000,7,reciprocal_c2_d1_t2_alternating_phase,reference,periodic,2,2,256,32,144|144,287,256,32,288,294,1/999972/2;1/999972/2,false,true,true,true,583e639cab0cfb5a3e4ca1b55bcee08a2ce048b249761a2585fd3ca7e04571f5,b6cfcd245755ecbccd9dc26ab06edb7e94f328a55cf61982cc2f624affa5fc18,21ef48ebbe81b6ccdef658b2c6498387408f9ed7a133aca85325d4108efd253c,40f4f1557245ab75873f3ff0f27840c264eefcb6f9d2ae5dc6e403cd3551ff27,true,true,true,true
150,5700000,7,reciprocal_c2_d1_t2_alternating_phase,production,periodic,2,2,256,32,144|144,287,256,32,288,294,1/999972/2;1/999972/2,false,true,true,true,583e639cab0cfb5a3e4ca1b55bcee08a2ce048b249761a2585fd3ca7e04571f5,b6cfcd245755ecbccd9dc26ab06edb7e94f328a55cf61982cc2f624affa5fc18,21ef48ebbe81b6ccdef658b2c6498387408f9ed7a133aca85325d4108efd253c,d9994679f39ddff16139df3b548bdc77a9093d41b410fbaa81c99a7b34ce64b2,true,true,true,true
151,5700000,7,reciprocal_c2_d1_t1,reference,periodic,2,2,256,32,144|144,287,256,32,288,294,1/999972/2;1/999972/2,false,true,true,true,55d4251ebcf2b83a1582bd2118e0b758cde3462f6426dbdafec1de22d4d2da27,bea0e2ed2984d5ac839c0d0599256da4a00db1bedd0502f79dddf746cc658db0,d9233bbc8246aa60b087af71bfad512fd0ff396946cddc34f81437978d1748a8,4e570bbf6a63d04d81d13e5a8fdd17abce7510740b4367022582128b7ddcf5bc,true,true,true,true
151,5700000,7,reciprocal_c2_d1_t1,production,periodic,2,2,256,32,144|144,287,256,32,288,294,1/999972/2;1/999972/2,false,true,true,true,55d4251ebcf2b83a1582bd2118e0b758cde3462f6426dbdafec1de22d4d2da27,bea0e2ed2984d5ac839c0d0599256da4a00db1bedd0502f79dddf746cc658db0,d9233bbc8246aa60b087af71bfad512fd0ff396946cddc34f81437978d1748a8,7e1059215c795d3e13ca08c68f83806906df089391b9d41ce2ede09b9adeb48c,true,true,true,true
152,5700000,7,reciprocal_c2_d1_t3,reference,dies,0,0,1,0,1|0,1,2,0,2,8,1/1000000/2;1/1000000/2,true,false,false,true,a7ec9f60466d55472594fc4c76907a6e365a2f4f0846ce681ae683bbbc442322,4f53cda18c2baa0c0354bb5f9a3ecbe5ed12ab4d8e11ba873c2f11161202b945,28de4b9d696133cdd4686930321d89b7f3a0bcc1a4507a46e906b8b6759f610a,e35cc69070867788869905c41fdf5393620db03e9e6b72df86ad84e570fc90ee,true,true,true,true
152,5700000,7,reciprocal_c2_d1_t3,production,dies,0,0,1,0,1|0,1,2,0,2,8,1/1000000/2;1/1000000/2,true,false,false,true,a7ec9f60466d55472594fc4c76907a6e365a2f4f0846ce681ae683bbbc442322,4f53cda18c2baa0c0354bb5f9a3ecbe5ed12ab4d8e11ba873c2f11161202b945,28de4b9d696133cdd4686930321d89b7f3a0bcc1a4507a46e906b8b6759f610a,8a4292c9b74b3ab223d79a78f69bd5152fcb6bef49a4f42255900e301394c8ca,true,true,true,true
153,5700000,7,cycle_3_c2_d1_t2,reference,periodic,3,3,256,32,96|96|96,287,256,32,288,294,1/999972/2;1/999972/2;1/999972/2,false,true,true,true,6f02de3568b4372d439df227d6ed1825439b1db75adcd84ed1acc0c2a4dcbad6,92dc82e85984bc982834afeef8188ffc803ed16b2943121f8443f6ecce4b6a12,fc8d7a606dee22b1dd1c3ec8b3b5f3ae7124dba25f71efdc586ee601318bbdcf,8c1c9e4678250a1c0e31cd98e786c2ca16a1cd9134d1c7215989913976bf5136,true,true,true,true
153,5700000,7,cycle_3_c2_d1_t2,production,periodic,3,3,256,32,96|96|96,287,256,32,288,294,1/999972/2;1/999972/2;1/999972/2,false,true,true,true,6f02de3568b4372d439df227d6ed1825439b1db75adcd84ed1acc0c2a4dcbad6,92dc82e85984bc982834afeef8188ffc803ed16b2943121f8443f6ecce4b6a12,fc8d7a606dee22b1dd1c3ec8b3b5f3ae7124dba25f71efdc586ee601318bbdcf,d4a0dd5b1fac43ea96805aad220c728374d392ae4520ca99d1d36f713e7f89e2,true,true,true,true
154,5700000,7,cycle_4_c2_d1_t2,reference,periodic,4,4,256,32,72|72|72|72,287,256,32,288,294,1/999972/2;1/999972/2;1/999972/2;1/999972/2,false,true,true,true,f3967fadb97ac9b32d14751151666bc377f1244fb9d5c6f8280353d42d94fe49,3559d404b36a21c44cf80fe798097e62062ef6c5c6e322222dfac8b2de468b96,f127b1b04a6ec2b4cdf6cbc76ecc5711b3abca4f893e5abbe220bcbf884fa7e5,ed3ad323a49e7e018549255fac3c02bad647cd33c964b95d81f75a0ecbaa14c8,true,true,true,true
154,5700000,7,cycle_4_c2_d1_t2,production,periodic,4,4,256,32,72|72|72|72,287,256,32,288,294,1/999972/2;1/999972/2;1/999972/2;1/999972/2,false,true,true,true,f3967fadb97ac9b32d14751151666bc377f1244fb9d5c6f8280353d42d94fe49,3559d404b36a21c44cf80fe798097e62062ef6c5c6e322222dfac8b2de468b96,f127b1b04a6ec2b4cdf6cbc76ecc5711b3abca4f893e5abbe220bcbf884fa7e5,818eb6740b50c0ff9225e783956b9adf937895bc726b98adadcc1307e04070af,true,true,true,true
155,5700000,7,cycle_8_c2_d1_t2,reference,periodic,8,8,256,32,36|36|36|36|36|36|36|36,287,256,32,288,294,1/999972/2;1/999972/2;1/999972/2;1/999972/2;1/999972/2;1/999972/2;1/999972/2;1/999972/2,false,true,true,true,070fc6a55be30bbb5389c18fe6f5336724bf14cc3dd0ed4ad15029fb74941d84,2f49ca66a8fb92eccd9bd5004f9aa85296f8987f4efcb3cce78034ec54f3c48a,79c770175160a16a4190142229dbff52864195a261858815849f5489fc673a14,b9544e0ba5937950000a8dc2d0bc2e96143aaddc022956259ed88fb2a847835a,true,true,true,true
155,5700000,7,cycle_8_c2_d1_t2,production,periodic,8,8,256,32,36|36|36|36|36|36|36|36,287,256,32,288,294,1/999972/2;1/999972/2;1/999972/2;1/999972/2;1/999972/2;1/999972/2;1/999972/2;1/999972/2,false,true,true,true,070fc6a55be30bbb5389c18fe6f5336724bf14cc3dd0ed4ad15029fb74941d84,2f49ca66a8fb92eccd9bd5004f9aa85296f8987f4efcb3cce78034ec54f3c48a,79c770175160a16a4190142229dbff52864195a261858815849f5489fc673a14,0aab3ea4e4d2d0b0907cda36ffcb59e9da7cb605b99a5e8b05765188ccc404c9,true,true,true,true
156,5700000,7,cycle_3_c2_d0_t2,reference,dies,0,0,3,0,1|1|1,3,4,0,4,7,1/1000000/2;1/1000000/2;1/1000000/2,true,false,false,true,6ab8e87a1c7626a5b294d9fcd2c6807281f632cf7ca33d5a23e695c33aa6bfd0,4f53cda18c2baa0c0354bb5f9a3ecbe5ed12ab4d8e11ba873c2f11161202b945,3f0b647e758e21ed6e01a3c0fa394fdb5e00d985963ff13d839f7d0f99db9f35,8a29d482e12b71ef84a5e7170074935460e7daa74202590e462ad8cfcb241b85,true,true,true,true
156,5700000,7,cycle_3_c2_d0_t2,production,dies,0,0,3,0,1|1|1,3,4,0,4,7,1/1000000/2;1/1000000/2;1/1000000/2,true,false,false,true,6ab8e87a1c7626a5b294d9fcd2c6807281f632cf7ca33d5a23e695c33aa6bfd0,4f53cda18c2baa0c0354bb5f9a3ecbe5ed12ab4d8e11ba873c2f11161202b945,3f0b647e758e21ed6e01a3c0fa394fdb5e00d985963ff13d839f7d0f99db9f35,8a29d482e12b71ef84a5e7170074935460e7daa74202590e462ad8cfcb241b85,true,true,true,true
157,5700000,7,cycle_4_c2_d0_t2,reference,dies,0,0,4,0,1|1|1|1,4,5,0,5,7,1/1000000/2;1/1000000/2;1/1000000/2;1/1000000/2,true,false,false,true,f03fb0e3c90fc01075215b97f17898b4fef7c06513daa7a626b8a8039fc75ddd,4f53cda18c2baa0c0354bb5f9a3ecbe5ed12ab4d8e11ba873c2f11161202b945,f996c73008a9a84bfd8b750bc60885233fc99040decee681711aa327364cf953,73871570bc840eac407120b1935a89db2529b35db33aaba6da399ce61bc1c2a6,true,true,true,true
157,5700000,7,cycle_4_c2_d0_t2,production,dies,0,0,4,0,1|1|1|1,4,5,0,5,7,1/1000000/2;1/1000000/2;1/1000000/2;1/1000000/2,true,false,false,true,f03fb0e3c90fc01075215b97f17898b4fef7c06513daa7a626b8a8039fc75ddd,4f53cda18c2baa0c0354bb5f9a3ecbe5ed12ab4d8e11ba873c2f11161202b945,f996c73008a9a84bfd8b750bc60885233fc99040decee681711aa327364cf953,73871570bc840eac407120b1935a89db2529b35db33aaba6da399ce61bc1c2a6,true,true,true,true
158,5700000,7,cycle_8_c2_d0_t2,reference,dies,0,0,8,0,1|1|1|1|1|1|1|1,8,9,0,9,7,1/1000000/2;1/1000000/2;1/1000000/2;1/1000000/2;1/1000000/2;1/1000000/2;1/1000000/2;1/1000000/2,true,false,false,true,087b21ccf935f4ed6b7a6a9bc2fde2ba9664ab00467122d8638850225819f3ca,4f53cda18c2baa0c0354bb5f9a3ecbe5ed12ab4d8e11ba873c2f11161202b945,b1fceaae00c7a90dab5e3c03fa2b7b8d5708b0453d79020dd295f41a66c9e19e,06def64a31d373190cbf4dee9ec3c62f1e7ad4ca7e87acd11a13965657289e3f,true,true,true,true
158,5700000,7,cycle_8_c2_d0_t2,production,dies,0,0,8,0,1|1|1|1|1|1|1|1,8,9,0,9,7,1/1000000/2;1/1000000/2;1/1000000/2;1/1000000/2;1/1000000/2;1/1000000/2;1/1000000/2;1/1000000/2,true,false,false,true,087b21ccf935f4ed6b7a6a9bc2fde2ba9664ab00467122d8638850225819f3ca,4f53cda18c2baa0c0354bb5f9a3ecbe5ed12ab4d8e11ba873c2f11161202b945,b1fceaae00c7a90dab5e3c03fa2b7b8d5708b0453d79020dd295f41a66c9e19e,06def64a31d373190cbf4dee9ec3c62f1e7ad4ca7e87acd11a13965657289e3f,true,true,true,true
159,5700000,7,chain_8_c2_d1_t2,reference,dies,0,0,8,0,1|1|1|1|1|1|1|1,7,8,0,8,14,1/1000000/2;1/1000000/2;1/1000000/2;1/1000000/2;1/1000000/2;1/1000000/2;1/1000000/2,true,false,false,true,48ee461886aae08ccfafa165183df072bd212c7be54c377be6c0f19cde14967c,4f53cda18c2baa0c0354bb5f9a3ecbe5ed12ab4d8e11ba873c2f11161202b945,dea9e1d644726f96e0c08a2e678f6f6e8897c21ba4a06426a3a81522a0877f5b,44bb541fab3c3be4ebedf9f97a2ee5267f2d4dfac473bb39f141a41066132627,true,true,true,true
159,5700000,7,chain_8_c2_d1_t2,production,dies,0,0,8,0,1|1|1|1|1|1|1|1,7,8,0,8,14,1/1000000/2;1/1000000/2;1/1000000/2;1/1000000/2;1/1000000/2;1/1000000/2;1/1000000/2,true,false,false,true,48ee461886aae08ccfafa165183df072bd212c7be54c377be6c0f19cde14967c,4f53cda18c2baa0c0354bb5f9a3ecbe5ed12ab4d8e11ba873c2f11161202b945,dea9e1d644726f96e0c08a2e678f6f6e8897c21ba4a06426a3a81522a0877f5b,476c44b2ddc5113d030f8d7e7f0335334339db02fe93c69f0d6906c65385da43,true,true,true,true
160,5700000,7,chain_8_c2_d0_t2,reference,dies,0,0,8,0,1|1|1|1|1|1|1|1,7,8,0,8,7,1/1000000/2;1/1000000/2;1/1000000/2;1/1000000/2;1/1000000/2;1/1000000/2;1/1000000/2,true,false,false,true,8d46924d47e3eeef58ad7bf5051f14751e0140dd7761e32b5d6e2784919ce005,4f53cda18c2baa0c0354bb5f9a3ecbe5ed12ab4d8e11ba873c2f11161202b945,b904d3542041bd79b3843b96baac802e050df60cceba07abdb71e64b740021a5,c2ba7acaff7113db911ec95006d3750c447429d4c6ae36c2c88f7a70a6570998,true,true,true,true
160,5700000,7,chain_8_c2_d0_t2,production,dies,0,0,8,0,1|1|1|1|1|1|1|1,7,8,0,8,7,1/1000000/2;1/1000000/2;1/1000000/2;1/1000000/2;1/1000000/2;1/1000000/2;1/1000000/2,true,false,false,true,8d46924d47e3eeef58ad7bf5051f14751e0140dd7761e32b5d6e2784919ce005,4f53cda18c2baa0c0354bb5f9a3ecbe5ed12ab4d8e11ba873c2f11161202b945,b904d3542041bd79b3843b96baac802e050df60cceba07abdb71e64b740021a5,c2ba7acaff7113db911ec95006d3750c447429d4c6ae36c2c88f7a70a6570998,true,true,true,true
161,5700000,8,one_way_c2_d1_t2,reference,dies,0,0,2,0,1|1,1,2,0,2,9,1/1000000/2,true,false,false,true,83a8ab56c8814f4bc37bc9210005dc53e479385795c69595e9571e766e22a774,4f53cda18c2baa0c0354bb5f9a3ecbe5ed12ab4d8e11ba873c2f11161202b945,a2590be5d41d3124e31ed0d8fa720fe6aa308830bf98b16c83a2120318ccaf66,86aa20348d88c966b2e49d1aa9fd669d141598156e13eaaab7a584372cfc850c,true,true,true,true
161,5700000,8,one_way_c2_d1_t2,production,dies,0,0,2,0,1|1,1,2,0,2,9,1/1000000/2,true,false,false,true,83a8ab56c8814f4bc37bc9210005dc53e479385795c69595e9571e766e22a774,4f53cda18c2baa0c0354bb5f9a3ecbe5ed12ab4d8e11ba873c2f11161202b945,a2590be5d41d3124e31ed0d8fa720fe6aa308830bf98b16c83a2120318ccaf66,577e5e49ec86f184c6101eaf9c64d044c30dc928caa9d19f00162d7bddfe7e7b,true,true,true,true
162,5700000,8,reciprocal_c1_d1_t2,reference,dies,0,0,1,0,1|0,1,2,0,2,9,1/1000000/1;1/1000000/1,true,false,false,true,d8edfaf80af1c10bce103f20864e082e3560489e0c0242beadfb5cc62cb27931,4f53cda18c2baa0c0354bb5f9a3ecbe5ed12ab4d8e11ba873c2f11161202b945,893fde4229639d9f3ed093ffe47e502e090f46551176449a182bf85ac837c9d7,a7b79498785ddbaac1657246c7090334990bddb04963c4f194e47fb05aa518cf,true,true,true,true
162,5700000,8,reciprocal_c1_d1_t2,production,dies,0,0,1,0,1|0,1,2,0,2,9,1/1000000/1;1/1000000/1,true,false,false,true,d8edfaf80af1c10bce103f20864e082e3560489e0c0242beadfb5cc62cb27931,4f53cda18c2baa0c0354bb5f9a3ecbe5ed12ab4d8e11ba873c2f11161202b945,893fde4229639d9f3ed093ffe47e502e090f46551176449a182bf85ac837c9d7,65e0bbc189fea1e8e25a8102e5358d8643042c5a42396d69d65a136311709c02,true,true,true,true
163,5700000,8,reciprocal_c1_d1_t1,reference,periodic,2,2,256,32,144|144,287,256,32,288,295,1/999972/1;1/999972/1,false,true,true,true,9b5b9572a5d9ec7607e004feaf648cab0cc6aa2b9e8364cfb77422be6a69b4ec,fe8e57e894078dad4e7cf7ddfe798473b776ddf4b79c1e7c28fdca08a27ce4ad,0d54d95e74ddd331d78f960a5fa142b081e9602f7ebcb350e56b62c14a73e2bc,8163a89dc3c9f8ae4c1d0eb408d48ae7a18982b1ffc46366c1676613c8b0c764,true,true,true,true
163,5700000,8,reciprocal_c1_d1_t1,production,periodic,2,2,256,32,144|144,287,256,32,288,295,1/999972/1;1/999972/1,false,true,true,true,9b5b9572a5d9ec7607e004feaf648cab0cc6aa2b9e8364cfb77422be6a69b4ec,fe8e57e894078dad4e7cf7ddfe798473b776ddf4b79c1e7c28fdca08a27ce4ad,0d54d95e74ddd331d78f960a5fa142b081e9602f7ebcb350e56b62c14a73e2bc,61424fc30fb67451bbe235d2f57c832fd670cc402025fc0f719bc187c68a2020,true,true,true,true
164,5700000,8,reciprocal_c2_d0_t2,reference,dies,0,0,2,0,1|1,2,3,0,3,8,1/1000000/2;1/1000000/2,true,false,false,true,5fcc5cdabb629eeef7baff0bb0569db1761f2654786da9a5255c008f9cf91374,4f53cda18c2baa0c0354bb5f9a3ecbe5ed12ab4d8e11ba873c2f11161202b945,067b7897453a840897bb9eb6a6768563891f5efea50ee192db90b8423dd7b11d,e8b81138b214b3b8c07a7d3f146324a5b0ab0eecce1d8dcaae46753b9564a722,true,true,true,true
164,5700000,8,reciprocal_c2_d0_t2,production,dies,0,0,2,0,1|1,2,3,0,3,8,1/1000000/2;1/1000000/2,true,false,false,true,5fcc5cdabb629eeef7baff0bb0569db1761f2654786da9a5255c008f9cf91374,4f53cda18c2baa0c0354bb5f9a3ecbe5ed12ab4d8e11ba873c2f11161202b945,067b7897453a840897bb9eb6a6768563891f5efea50ee192db90b8423dd7b11d,e8b81138b214b3b8c07a7d3f146324a5b0ab0eecce1d8dcaae46753b9564a722,true,true,true,true
165,5700000,8,reciprocal_c2_d0_t2_alternating_phase,reference,dies,0,0,2,0,1|1,2,3,0,3,8,1/1000000/2;1/1000000/2,true,false,false,true,95e1d04e684361c21d23ee818660c70b52ec8a8fdbe20622f6a6d753cb754ae5,4f53cda18c2baa0c0354bb5f9a3ecbe5ed12ab4d8e11ba873c2f11161202b945,cbd7b1c027498cfdd3657e5d2e2a9b4e01f7d82d21c319bad9c57a7225e041be,d050eba23b7816dd788f86de65cdae502ca94bb2072b4eab492299e7f77da3fc,true,true,true,true
165,5700000,8,reciprocal_c2_d0_t2_alternating_phase,production,dies,0,0,2,0,1|1,2,3,0,3,8,1/1000000/2;1/1000000/2,true,false,false,true,95e1d04e684361c21d23ee818660c70b52ec8a8fdbe20622f6a6d753cb754ae5,4f53cda18c2baa0c0354bb5f9a3ecbe5ed12ab4d8e11ba873c2f11161202b945,cbd7b1c027498cfdd3657e5d2e2a9b4e01f7d82d21c319bad9c57a7225e041be,d050eba23b7816dd788f86de65cdae502ca94bb2072b4eab492299e7f77da3fc,true,true,true,true
166,5700000,8,reciprocal_c2_d1_t2,reference,periodic,2,2,256,32,144|144,287,256,32,288,295,1/999972/2;1/999972/2,false,true,true,true,02b6a72e702f877c9e63f12547b2d33f9ecb4f7443dba05456f694f66ce11549,308c69726ff452dea21523c0c793e0280159def032081e65974aa49b7c151af0,f90d5be5b88e7a23328d5b3f05ea929bb5f9cb5b85fd0f6df85e94e19d4738d3,98109a6dcfe5f8e8cee364e931722dfb92ec0847fde611999d35a932d27c0e70,true,true,true,true
166,5700000,8,reciprocal_c2_d1_t2,production,periodic,2,2,256,32,144|144,287,256,32,288,295,1/999972/2;1/999972/2,false,true,true,true,02b6a72e702f877c9e63f12547b2d33f9ecb4f7443dba05456f694f66ce11549,308c69726ff452dea21523c0c793e0280159def032081e65974aa49b7c151af0,f90d5be5b88e7a23328d5b3f05ea929bb5f9cb5b85fd0f6df85e94e19d4738d3,aaa46a98a0dd0cee1bce408f66d67df8f87c9de233eab2a8bff688f76b62489c,true,true,true,true
167,5700000,8,reciprocal_c2_d2_t2,reference,periodic,2,4,256,32,144|144,287,256,32,288,582,1/999943/2;1/999943/2,false,true,true,true,19d472bbc697267236cb8db141569b9c887d1b769f1e49674812ba1a701f94c4,74d7665ca370256a37b810f23efad196fd228580baad87960d8cbc9b23396fff,9b248831cc69065a58d772b1b17a6d56c4082b767df10eb71dc6d61642a575db,066d71f9a158f12016fb86ccf05fd4ea0373293dbdb92bd52faa311693db7619,true,true,true,true
167,5700000,8,reciprocal_c2_d2_t2,production,periodic,2,4,256,32,144|144,287,256,32,288,582,1/999943/2;1/999943/2,false,true,true,true,19d472bbc697267236cb8db141569b9c887d1b769f1e49674812ba1a701f94c4,74d7665ca370256a37b810f23efad196fd228580baad87960d8cbc9b23396fff,9b248831cc69065a58d772b1b17a6d56c4082b767df10eb71dc6d61642a575db,5b8d54d93960fc83d2ab0302fb30873b6a38459dcaad5a4b95bb8fc9108ca2b4,true,true,true,true
168,5700000,8,reciprocal_c2_d3_t2,reference,periodic,2,6,256,32,144|144,287,256,32,288,869,1/999914/2;1/999914/2,false,true,true,true,ecce46ab7fbbe4444c6c3d8df2c684b9eee99231681119203b7d4624a1e4918e,261c71f357b47d3f0f85887ec57f63f6bf7d552982b41a8741acb3f63fcf6238,9f4ce15e2b57966d3256f7a03f53f3ac300ca75b44207e84d2aa8961d43093bc,11304f78c7bf0c5733a0cfc64a22d7707db9d0b286c48643b85715b9bbe58900,true,true,true,true
168,5700000,8,reciprocal_c2_d3_t2,production,periodic,2,6,256,32,144|144,287,256,32,288,869,1/999914/2;1/999914/2,false,true,true,true,ecce46ab7fbbe4444c6c3d8df2c684b9eee99231681119203b7d4624a1e4918e,261c71f357b47d3f0f85887ec57f63f6bf7d552982b41a8741acb3f63fcf6238,9f4ce15e2b57966d3256f7a03f53f3ac300ca75b44207e84d2aa8961d43093bc,f7f5f02177e3d283b54be470cc3e7bae9ef8871efb72ffd0f8d800c0fcdabb65,true,true,true,true
169,5700000,8,reciprocal_c2_mixed_d0_d1_t2,reference,periodic,2,1,256,32,144|144,287,256,32,288,151,1/999986/2;1/999986/2,false,true,true,true,c1f6095d0bd9113923c63266259a7f3099c4a25c2128d1c82d96a11c5f14b490,a932afb07d94237b67a4dc44afe20f09903153f29c9273dccc6fcf419df4ba3a,a2453f275ac5d883b218a763855bdd3c4b6dce336e7e14f62e1a3ce42c9ef862,892002bac4e8f3d16d8b79cf9a0ae5c07558dcc28688f6048b5d36691d7e3ea9,true,true,true,true
169,5700000,8,reciprocal_c2_mixed_d0_d1_t2,production,periodic,2,1,256,32,144|144,287,256,32,288,151,1/999986/2;1/999986/2,false,true,true,true,c1f6095d0bd9113923c63266259a7f3099c4a25c2128d1c82d96a11c5f14b490,a932afb07d94237b67a4dc44afe20f09903153f29c9273dccc6fcf419df4ba3a,a2453f275ac5d883b218a763855bdd3c4b6dce336e7e14f62e1a3ce42c9ef862,892002bac4e8f3d16d8b79cf9a0ae5c07558dcc28688f6048b5d36691d7e3ea9,true,true,true,true
170,5700000,8,reciprocal_c2_d1_t2_alternating_phase,reference,periodic,2,2,256,32,144|144,287,256,32,288,295,1/999972/2;1/999972/2,false,true,true,true,9270f14b746540128509db050dc4c748796f779e401ee9785871ab3916b6afda,d5383f4fc19384e9b0b48d20ad0a7588c33d20e31152967eca18b44251da3983,21ef48ebbe81b6ccdef658b2c6498387408f9ed7a133aca85325d4108efd253c,dc448826eabdcd343c01536674fae43afd00e3ee5b0f460bf0a58f6f011ea360,true,true,true,true
170,5700000,8,reciprocal_c2_d1_t2_alternating_phase,production,periodic,2,2,256,32,144|144,287,256,32,288,295,1/999972/2;1/999972/2,false,true,true,true,9270f14b746540128509db050dc4c748796f779e401ee9785871ab3916b6afda,d5383f4fc19384e9b0b48d20ad0a7588c33d20e31152967eca18b44251da3983,21ef48ebbe81b6ccdef658b2c6498387408f9ed7a133aca85325d4108efd253c,2362b8ef2cf1442ecd32e94832314ed2abf368c8709f5eb7082a182d5d9ffa8f,true,true,true,true
171,5700000,8,reciprocal_c2_d1_t1,reference,periodic,2,2,256,32,144|144,287,256,32,288,295,1/999972/2;1/999972/2,false,true,true,true,05f031743a95f2b839f42a5b4bdaaae5828774ad3ea796099572043a0a552b5b,308c69726ff452dea21523c0c793e0280159def032081e65974aa49b7c151af0,d9233bbc8246aa60b087af71bfad512fd0ff396946cddc34f81437978d1748a8,ea559fe1ddfed385ddeae07be4bbef788fd77918f72e99bc9f7cab4be266e3d1,true,true,true,true
171,5700000,8,reciprocal_c2_d1_t1,production,periodic,2,2,256,32,144|144,287,256,32,288,295,1/999972/2;1/999972/2,false,true,true,true,05f031743a95f2b839f42a5b4bdaaae5828774ad3ea796099572043a0a552b5b,308c69726ff452dea21523c0c793e0280159def032081e65974aa49b7c151af0,d9233bbc8246aa60b087af71bfad512fd0ff396946cddc34f81437978d1748a8,b902d3f5d12e6bfa7ac1f66fcc600207d69255d613f957d685975085d8477f62,true,true,true,true
172,5700000,8,reciprocal_c2_d1_t3,reference,dies,0,0,1,0,1|0,1,2,0,2,9,1/1000000/2;1/1000000/2,true,false,false,true,f97db20698a50dede3819d10f96a6bdb73dbe99cd044f031b48a5704e6e42b44,4f53cda18c2baa0c0354bb5f9a3ecbe5ed12ab4d8e11ba873c2f11161202b945,28de4b9d696133cdd4686930321d89b7f3a0bcc1a4507a46e906b8b6759f610a,de50335842b57410c982193f126dd653ef67de8a15abf3b29921a9ebece21448,true,true,true,true
172,5700000,8,reciprocal_c2_d1_t3,production,dies,0,0,1,0,1|0,1,2,0,2,9,1/1000000/2;1/1000000/2,true,false,false,true,f97db20698a50dede3819d10f96a6bdb73dbe99cd044f031b48a5704e6e42b44,4f53cda18c2baa0c0354bb5f9a3ecbe5ed12ab4d8e11ba873c2f11161202b945,28de4b9d696133cdd4686930321d89b7f3a0bcc1a4507a46e906b8b6759f610a,c332d26154aa7370f7333b667e86fc1bf01810ab8a04d26848595e2a78af7425,true,true,true,true
173,5700000,8,cycle_3_c2_d1_t2,reference,periodic,3,3,256,32,96|96|96,287,256,32,288,295,1/999972/2;1/999972/2;1/999972/2,false,true,true,true,2b85394b6fd928c13a39b774efe7a3c0bc1f6c1612c3d04869ad6d402ab7930d,08232b5dcf013ce2887df2751999e5273f15afb9a2b2a73cd11a280ca5d7c82b,fc8d7a606dee22b1dd1c3ec8b3b5f3ae7124dba25f71efdc586ee601318bbdcf,6f0c9d19cf4be8449478bd36e6f6575fb7fc5f9892cddd5aa0281ca66bcecad7,true,true,true,true
173,5700000,8,cycle_3_c2_d1_t2,production,periodic,3,3,256,32,96|96|96,287,256,32,288,295,1/999972/2;1/999972/2;1/999972/2,false,true,true,true,2b85394b6fd928c13a39b774efe7a3c0bc1f6c1612c3d04869ad6d402ab7930d,08232b5dcf013ce2887df2751999e5273f15afb9a2b2a73cd11a280ca5d7c82b,fc8d7a606dee22b1dd1c3ec8b3b5f3ae7124dba25f71efdc586ee601318bbdcf,ac20c6b0297785ae5672f842113898025a3b1d6adce6df14c96606b090111400,true,true,true,true
174,5700000,8,cycle_4_c2_d1_t2,reference,periodic,4,4,256,32,72|72|72|72,287,256,32,288,295,1/999972/2;1/999972/2;1/999972/2;1/999972/2,false,true,true,true,35c8645b176fc7d578434e9bbadf3a73ff78449906f645ae9cab2fe7fce27bd9,0f4d741bc648742e1da83fc0ce43f4a8e066322807a543032c08f2d08503c136,f127b1b04a6ec2b4cdf6cbc76ecc5711b3abca4f893e5abbe220bcbf884fa7e5,77d2e2f53d9ad9fe72796f862607076290b51f150076dc41b068f15df842a3c5,true,true,true,true
174,5700000,8,cycle_4_c2_d1_t2,production,periodic,4,4,256,32,72|72|72|72,287,256,32,288,295,1/999972/2;1/999972/2;1/999972/2;1/999972/2,false,true,true,true,35c8645b176fc7d578434e9bbadf3a73ff78449906f645ae9cab2fe7fce27bd9,0f4d741bc648742e1da83fc0ce43f4a8e066322807a543032c08f2d08503c136,f127b1b04a6ec2b4cdf6cbc76ecc5711b3abca4f893e5abbe220bcbf884fa7e5,aa32eedf9555bedb427c43779b7b446425e1dd79e849823e530e2cf3f7fc6631,true,true,true,true
175,5700000,8,cycle_8_c2_d1_t2,reference,periodic,8,8,256,32,36|36|36|36|36|36|36|36,287,256,32,288,295,1/999972/2;1/999972/2;1/999972/2;1/999972/2;1/999972/2;1/999972/2;1/999972/2;1/999972/2,false,true,true,true,9544b2c170c8bac303bf9cdf0ae3fd51a91a3209f77ca1ff73dd675458721658,18de8fa3b37a8c1775c2aa7a0cefa1081bd4d9c55af9a2b64e374885ea6a5bf7,79c770175160a16a4190142229dbff52864195a261858815849f5489fc673a14,19915efafe5c4be8799190a44c15e44db0140544471b581f410f3766fa161cf2,true,true,true,true
175,5700000,8,cycle_8_c2_d1_t2,production,periodic,8,8,256,32,36|36|36|36|36|36|36|36,287,256,32,288,295,1/999972/2;1/999972/2;1/999972/2;1/999972/2;1/999972/2;1/999972/2;1/999972/2;1/999972/2,false,true,true,true,9544b2c170c8bac303bf9cdf0ae3fd51a91a3209f77ca1ff73dd675458721658,18de8fa3b37a8c1775c2aa7a0cefa1081bd4d9c55af9a2b64e374885ea6a5bf7,79c770175160a16a4190142229dbff52864195a261858815849f5489fc673a14,74ddfe3f14e814299e92b303d9fa23852461c3de5c1043b9946e814085edb3bd,true,true,true,true
176,5700000,8,cycle_3_c2_d0_t2,reference,dies,0,0,3,0,1|1|1,3,4,0,4,8,1/1000000/2;1/1000000/2;1/1000000/2,true,false,false,true,fe7f53e9588f9e3c3e9d3582a86a13ce3933343da19a8d5bbcab40e5acf2d268,4f53cda18c2baa0c0354bb5f9a3ecbe5ed12ab4d8e11ba873c2f11161202b945,3f0b647e758e21ed6e01a3c0fa394fdb5e00d985963ff13d839f7d0f99db9f35,2ba415caf26d9b68e5f05ec00ca42d474727e88e5a03c2183fc84646f71dab66,true,true,true,true
176,5700000,8,cycle_3_c2_d0_t2,production,dies,0,0,3,0,1|1|1,3,4,0,4,8,1/1000000/2;1/1000000/2;1/1000000/2,true,false,false,true,fe7f53e9588f9e3c3e9d3582a86a13ce3933343da19a8d5bbcab40e5acf2d268,4f53cda18c2baa0c0354bb5f9a3ecbe5ed12ab4d8e11ba873c2f11161202b945,3f0b647e758e21ed6e01a3c0fa394fdb5e00d985963ff13d839f7d0f99db9f35,2ba415caf26d9b68e5f05ec00ca42d474727e88e5a03c2183fc84646f71dab66,true,true,true,true
177,5700000,8,cycle_4_c2_d0_t2,reference,dies,0,0,4,0,1|1|1|1,4,5,0,5,8,1/1000000/2;1/1000000/2;1/1000000/2;1/1000000/2,true,false,false,true,708d32a82e7d8645e1d74c65dc751912584d91a43df881d86b3e4b4a167093a5,4f53cda18c2baa0c0354bb5f9a3ecbe5ed12ab4d8e11ba873c2f11161202b945,f996c73008a9a84bfd8b750bc60885233fc99040decee681711aa327364cf953,b528be93047c34eda0d2d1b4d6613b0ba0c815b12d6a41d75d0541835200cc6f,true,true,true,true
177,5700000,8,cycle_4_c2_d0_t2,production,dies,0,0,4,0,1|1|1|1,4,5,0,5,8,1/1000000/2;1/1000000/2;1/1000000/2;1/1000000/2,true,false,false,true,708d32a82e7d8645e1d74c65dc751912584d91a43df881d86b3e4b4a167093a5,4f53cda18c2baa0c0354bb5f9a3ecbe5ed12ab4d8e11ba873c2f11161202b945,f996c73008a9a84bfd8b750bc60885233fc99040decee681711aa327364cf953,b528be93047c34eda0d2d1b4d6613b0ba0c815b12d6a41d75d0541835200cc6f,true,true,true,true
178,5700000,8,cycle_8_c2_d0_t2,reference,dies,0,0,8,0,1|1|1|1|1|1|1|1,8,9,0,9,8,1/1000000/2;1/1000000/2;1/1000000/2;1/1000000/2;1/1000000/2;1/1000000/2;1/1000000/2;1/1000000/2,true,false,false,true,1f40a9de9e8ac26952aad394ab88aa84bea12fec464cecfd0b9f8790957c9f35,4f53cda18c2baa0c0354bb5f9a3ecbe5ed12ab4d8e11ba873c2f11161202b945,b1fceaae00c7a90dab5e3c03fa2b7b8d5708b0453d79020dd295f41a66c9e19e,77f45e38d61489b4fc72939311681a31603f10fe97072a35750f84d1c0192428,true,true,true,true
178,5700000,8,cycle_8_c2_d0_t2,production,dies,0,0,8,0,1|1|1|1|1|1|1|1,8,9,0,9,8,1/1000000/2;1/1000000/2;1/1000000/2;1/1000000/2;1/1000000/2;1/1000000/2;1/1000000/2;1/1000000/2,true,false,false,true,1f40a9de9e8ac26952aad394ab88aa84bea12fec464cecfd0b9f8790957c9f35,4f53cda18c2baa0c0354bb5f9a3ecbe5ed12ab4d8e11ba873c2f11161202b945,b1fceaae00c7a90dab5e3c03fa2b7b8d5708b0453d79020dd295f41a66c9e19e,77f45e38d61489b4fc72939311681a31603f10fe97072a35750f84d1c0192428,true,true,true,true
179,5700000,8,chain_8_c2_d1_t2,reference,dies,0,0,8,0,1|1|1|1|1|1|1|1,7,8,0,8,15,1/1000000/2;1/1000000/2;1/1000000/2;1/1000000/2;1/1000000/2;1/1000000/2;1/1000000/2,true,false,false,true,bdc890034b4fef906a0ef6664e085040a0575f4432494a1ed04449bad7ad0c01,4f53cda18c2baa0c0354bb5f9a3ecbe5ed12ab4d8e11ba873c2f11161202b945,dea9e1d644726f96e0c08a2e678f6f6e8897c21ba4a06426a3a81522a0877f5b,7193388f87c83a96d2a37ee76b365013f1854276224be9f001d776624ea37f03,true,true,true,true
179,5700000,8,chain_8_c2_d1_t2,production,dies,0,0,8,0,1|1|1|1|1|1|1|1,7,8,0,8,15,1/1000000/2;1/1000000/2;1/1000000/2;1/1000000/2;1/1000000/2;1/1000000/2;1/1000000/2,true,false,false,true,bdc890034b4fef906a0ef6664e085040a0575f4432494a1ed04449bad7ad0c01,4f53cda18c2baa0c0354bb5f9a3ecbe5ed12ab4d8e11ba873c2f11161202b945,dea9e1d644726f96e0c08a2e678f6f6e8897c21ba4a06426a3a81522a0877f5b,55f2e60131d335862d3d1e13d12c214fbf2395b7f164ccf1b1f3d2fc32b68a7e,true,true,true,true
180,5700000,8,chain_8_c2_d0_t2,reference,dies,0,0,8,0,1|1|1|1|1|1|1|1,7,8,0,8,8,1/1000000/2;1/1000000/2;1/1000000/2;1/1000000/2;1/1000000/2;1/1000000/2;1/1000000/2,true,false,false,true,059daaf26784a8ed707508d06c5c695c34f7ce6ab1a1cdc990632eb3952feff9,4f53cda18c2baa0c0354bb5f9a3ecbe5ed12ab4d8e11ba873c2f11161202b945,b904d3542041bd79b3843b96baac802e050df60cceba07abdb71e64b740021a5,a45101bf2725d1cbb92512346771ce3c460d3dc1d72b011281ad13df733e7361,true,true,true,true
180,5700000,8,chain_8_c2_d0_t2,production,dies,0,0,8,0,1|1|1|1|1|1|1|1,7,8,0,8,8,1/1000000/2;1/1000000/2;1/1000000/2;1/1000000/2;1/1000000/2;1/1000000/2;1/1000000/2,true,false,false,true,059daaf26784a8ed707508d06c5c695c34f7ce6ab1a1cdc990632eb3952feff9,4f53cda18c2baa0c0354bb5f9a3ecbe5ed12ab4d8e11ba873c2f11161202b945,b904d3542041bd79b3843b96baac802e050df60cceba07abdb71e64b740021a5,a45101bf2725d1cbb92512346771ce3c460d3dc1d72b011281ad13df733e7361,true,true,true,true
181,5700000,9,one_way_c2_d1_t2,reference,dies,0,0,2,0,1|1,1,2,0,2,10,1/1000000/2,true,false,false,true,89c70ef2701f3e1c410c2f0011574c8dd7512955d657d941a20756936628b02a,4f53cda18c2baa0c0354bb5f9a3ecbe5ed12ab4d8e11ba873c2f11161202b945,a2590be5d41d3124e31ed0d8fa720fe6aa308830bf98b16c83a2120318ccaf66,364a98ffa7e03935116781bf04a099cd928ded286f63efba318e10726b691f9c,true,true,true,true
181,5700000,9,one_way_c2_d1_t2,production,dies,0,0,2,0,1|1,1,2,0,2,10,1/1000000/2,true,false,false,true,89c70ef2701f3e1c410c2f0011574c8dd7512955d657d941a20756936628b02a,4f53cda18c2baa0c0354bb5f9a3ecbe5ed12ab4d8e11ba873c2f11161202b945,a2590be5d41d3124e31ed0d8fa720fe6aa308830bf98b16c83a2120318ccaf66,9311db910dd35396a2918a2ebf042ffccc53f92346e70f3fb10243f305e65d4c,true,true,true,true
182,5700000,9,reciprocal_c1_d1_t2,reference,dies,0,0,1,0,1|0,1,2,0,2,10,1/1000000/1;1/1000000/1,true,false,false,true,3889a0cffbda726f0c69e0c2c568b5fb4ac65843ef4df076087b960105a7f360,4f53cda18c2baa0c0354bb5f9a3ecbe5ed12ab4d8e11ba873c2f11161202b945,893fde4229639d9f3ed093ffe47e502e090f46551176449a182bf85ac837c9d7,eafc8be4ba1f84138151036726afe2eb6014e88b5ff0aba2ee8694a3c9ca352e,true,true,true,true
182,5700000,9,reciprocal_c1_d1_t2,production,dies,0,0,1,0,1|0,1,2,0,2,10,1/1000000/1;1/1000000/1,true,false,false,true,3889a0cffbda726f0c69e0c2c568b5fb4ac65843ef4df076087b960105a7f360,4f53cda18c2baa0c0354bb5f9a3ecbe5ed12ab4d8e11ba873c2f11161202b945,893fde4229639d9f3ed093ffe47e502e090f46551176449a182bf85ac837c9d7,4b2da5697eebc43942e13e7810a48b1e040a9daf4a76d4aa35d33da9ab6d7aac,true,true,true,true
183,5700000,9,reciprocal_c1_d1_t1,reference,periodic,2,2,256,32,144|144,287,256,32,288,296,1/999972/1;1/999972/1,false,true,true,true,a0b0a55db9bde3e346fbd963626edca4204218a77c86485d0faa38f6274a73c0,df3b7033ed1473c6e6e45c42f852855f6994a044a1e23296726efc9cf7ce2b1b,0d54d95e74ddd331d78f960a5fa142b081e9602f7ebcb350e56b62c14a73e2bc,42245a941efa1104aa590fbc82dd7178837a447783af091d73acedeb05a58d7b,true,true,true,true
183,5700000,9,reciprocal_c1_d1_t1,production,periodic,2,2,256,32,144|144,287,256,32,288,296,1/999972/1;1/999972/1,false,true,true,true,a0b0a55db9bde3e346fbd963626edca4204218a77c86485d0faa38f6274a73c0,df3b7033ed1473c6e6e45c42f852855f6994a044a1e23296726efc9cf7ce2b1b,0d54d95e74ddd331d78f960a5fa142b081e9602f7ebcb350e56b62c14a73e2bc,d759541e81d0d8596004b64e508f6c57afcc202ccaf17b217823ea8345ba5557,true,true,true,true
184,5700000,9,reciprocal_c2_d0_t2,reference,dies,0,0,2,0,1|1,2,3,0,3,9,1/1000000/2;1/1000000/2,true,false,false,true,0d8bdaf39376c95bee609b56a5656374beeac8faa334e3e2c6b48560c94bbae8,4f53cda18c2baa0c0354bb5f9a3ecbe5ed12ab4d8e11ba873c2f11161202b945,067b7897453a840897bb9eb6a6768563891f5efea50ee192db90b8423dd7b11d,c60c86f2c760b88ed4e8d6823823b0d0dd5f8b20bef5dc47a9424cb2c98270a5,true,true,true,true
184,5700000,9,reciprocal_c2_d0_t2,production,dies,0,0,2,0,1|1,2,3,0,3,9,1/1000000/2;1/1000000/2,true,false,false,true,0d8bdaf39376c95bee609b56a5656374beeac8faa334e3e2c6b48560c94bbae8,4f53cda18c2baa0c0354bb5f9a3ecbe5ed12ab4d8e11ba873c2f11161202b945,067b7897453a840897bb9eb6a6768563891f5efea50ee192db90b8423dd7b11d,c60c86f2c760b88ed4e8d6823823b0d0dd5f8b20bef5dc47a9424cb2c98270a5,true,true,true,true
185,5700000,9,reciprocal_c2_d0_t2_alternating_phase,reference,dies,0,0,2,0,1|1,2,3,0,3,9,1/1000000/2;1/1000000/2,true,false,false,true,ae2749e7e9e2a1f941864c657124c2833d06f958e49c4ef033dc42ff040a86ae,4f53cda18c2baa0c0354bb5f9a3ecbe5ed12ab4d8e11ba873c2f11161202b945,cbd7b1c027498cfdd3657e5d2e2a9b4e01f7d82d21c319bad9c57a7225e041be,a46e17826e4d17dba739e7402f90681a08861b0a101eccf919efe1be5e8005cc,true,true,true,true
185,5700000,9,reciprocal_c2_d0_t2_alternating_phase,production,dies,0,0,2,0,1|1,2,3,0,3,9,1/1000000/2;1/1000000/2,true,false,false,true,ae2749e7e9e2a1f941864c657124c2833d06f958e49c4ef033dc42ff040a86ae,4f53cda18c2baa0c0354bb5f9a3ecbe5ed12ab4d8e11ba873c2f11161202b945,cbd7b1c027498cfdd3657e5d2e2a9b4e01f7d82d21c319bad9c57a7225e041be,a46e17826e4d17dba739e7402f90681a08861b0a101eccf919efe1be5e8005cc,true,true,true,true
186,5700000,9,reciprocal_c2_d1_t2,reference,periodic,2,2,256,32,144|144,287,256,32,288,296,1/999972/2;1/999972/2,false,true,true,true,83ea3faf6a03c8cccdb77270a146ca6998e24bb1b208a2e94f07a60992dbdae8,ca9eb775ccddb44e62e59b8131ecff69106c9978ce7ce046bd71f13228f0fda6,f90d5be5b88e7a23328d5b3f05ea929bb5f9cb5b85fd0f6df85e94e19d4738d3,c97fef67361717e1afac66b715f2555f9f754472cd27441d21462dd536341e86,true,true,true,true
186,5700000,9,reciprocal_c2_d1_t2,production,periodic,2,2,256,32,144|144,287,256,32,288,296,1/999972/2;1/999972/2,false,true,true,true,83ea3faf6a03c8cccdb77270a146ca6998e24bb1b208a2e94f07a60992dbdae8,ca9eb775ccddb44e62e59b8131ecff69106c9978ce7ce046bd71f13228f0fda6,f90d5be5b88e7a23328d5b3f05ea929bb5f9cb5b85fd0f6df85e94e19d4738d3,888f2ccbbad936c1261208daaeaecda4dd2fe86ceba5dfa6afaaf12a33f67781,true,true,true,true
187,5700000,9,reciprocal_c2_d2_t2,reference,periodic,2,4,256,32,144|144,287,256,32,288,583,1/999943/2;1/999943/2,false,true,true,true,23cc77adb306f12e40d8fbf4eedf3244736db668ddfd6f791938f33fde058bca,f991b9e610e724cf01e44633e89e79348ff5ab73920cc409927ee764a9d49a4f,9b248831cc69065a58d772b1b17a6d56c4082b767df10eb71dc6d61642a575db,6ecccffc384bfc77c6c06a63e3c62fb1487118ac67c1d0ce3b32c7e8fa6ee76c,true,true,true,true
187,5700000,9,reciprocal_c2_d2_t2,production,periodic,2,4,256,32,144|144,287,256,32,288,583,1/999943/2;1/999943/2,false,true,true,true,23cc77adb306f12e40d8fbf4eedf3244736db668ddfd6f791938f33fde058bca,f991b9e610e724cf01e44633e89e79348ff5ab73920cc409927ee764a9d49a4f,9b248831cc69065a58d772b1b17a6d56c4082b767df10eb71dc6d61642a575db,281df505b01df45905245ddd7e76435bed9859928e8d75aa104d50ebb43cb05b,true,true,true,true
188,5700000,9,reciprocal_c2_d3_t2,reference,periodic,2,6,256,32,144|144,287,256,32,288,870,1/999914/2;1/999914/2,false,true,true,true,44da11c4c3430061edbda2a039af9b511714b3bbfce862dec11975df80e45f77,604b29c100b71f5551ce1aa8d550a90d9b2bd76a146bd9ad4e0e2e11adc7562f,9f4ce15e2b57966d3256f7a03f53f3ac300ca75b44207e84d2aa8961d43093bc,c8885a808c4e15017d011ea4720e575738160927c352efb6fc0698fd4d1c4f4f,true,true,true,true
188,5700000,9,reciprocal_c2_d3_t2,production,periodic,2,6,256,32,144|144,287,256,32,288,870,1/999914/2;1/999914/2,false,true,true,true,44da11c4c3430061edbda2a039af9b511714b3bbfce862dec11975df80e45f77,604b29c100b71f5551ce1aa8d550a90d9b2bd76a146bd9ad4e0e2e11adc7562f,9f4ce15e2b57966d3256f7a03f53f3ac300ca75b44207e84d2aa8961d43093bc,8f6a3cb3e5c5b6df068824e2a0ea12950c983f0bf981b3fb74a4218c58cf7bc7,true,true,true,true
189,5700000,9,reciprocal_c2_mixed_d0_d1_t2,reference,periodic,2,1,256,32,144|144,287,256,32,288,152,1/999986/2;1/999986/2,false,true,true,true,7bb7bb72315c22507627e043247ce665c5af7d59492ef22f23d13cb352e3c301,bc6431c076f0f7eef4ab87f9c19bc17cbde78debcaba3e2c73ab646ff93110e9,a2453f275ac5d883b218a763855bdd3c4b6dce336e7e14f62e1a3ce42c9ef862,cfa5dffb0267ca5b086cd642b2d760cf9247dad1d44b2405d5e4dc585fc15319,true,true,true,true
189,5700000,9,reciprocal_c2_mixed_d0_d1_t2,production,periodic,2,1,256,32,144|144,287,256,32,288,152,1/999986/2;1/999986/2,false,true,true,true,7bb7bb72315c22507627e043247ce665c5af7d59492ef22f23d13cb352e3c301,bc6431c076f0f7eef4ab87f9c19bc17cbde78debcaba3e2c73ab646ff93110e9,a2453f275ac5d883b218a763855bdd3c4b6dce336e7e14f62e1a3ce42c9ef862,cfa5dffb0267ca5b086cd642b2d760cf9247dad1d44b2405d5e4dc585fc15319,true,true,true,true
190,5700000,9,reciprocal_c2_d1_t2_alternating_phase,reference,periodic,2,2,256,32,144|144,287,256,32,288,296,1/999972/2;1/999972/2,false,true,true,true,b4aeb12a9c6eb7eb3617c907459529cb5055fd84764a078b75dab8159ff70cbf,35e1ffd2ec1de1e128f71e11dbad58bd2592e70b15aad2154051309a58931bed,21ef48ebbe81b6ccdef658b2c6498387408f9ed7a133aca85325d4108efd253c,53264c8b7cffd6f04830b5035ec1e2126ddff7364808ccd6e91a66cbbcaa4f29,true,true,true,true
190,5700000,9,reciprocal_c2_d1_t2_alternating_phase,production,periodic,2,2,256,32,144|144,287,256,32,288,296,1/999972/2;1/999972/2,false,true,true,true,b4aeb12a9c6eb7eb3617c907459529cb5055fd84764a078b75dab8159ff70cbf,35e1ffd2ec1de1e128f71e11dbad58bd2592e70b15aad2154051309a58931bed,21ef48ebbe81b6ccdef658b2c6498387408f9ed7a133aca85325d4108efd253c,26207f145aa2e3713b44d463c6614325b9f230410a21f6cec76b41c2c4e6090a,true,true,true,true
191,5700000,9,reciprocal_c2_d1_t1,reference,periodic,2,2,256,32,144|144,287,256,32,288,296,1/999972/2;1/999972/2,false,true,true,true,cd96b579da5cd25d110741c4cf059e5e030d0ca0eaa8fa31decbaad01d3eb311,ca9eb775ccddb44e62e59b8131ecff69106c9978ce7ce046bd71f13228f0fda6,d9233bbc8246aa60b087af71bfad512fd0ff396946cddc34f81437978d1748a8,21f8e197f2042d67d41eb46b937f80042aff753c9d8b0454aab95e501638941f,true,true,true,true
191,5700000,9,reciprocal_c2_d1_t1,production,periodic,2,2,256,32,144|144,287,256,32,288,296,1/999972/2;1/999972/2,false,true,true,true,cd96b579da5cd25d110741c4cf059e5e030d0ca0eaa8fa31decbaad01d3eb311,ca9eb775ccddb44e62e59b8131ecff69106c9978ce7ce046bd71f13228f0fda6,d9233bbc8246aa60b087af71bfad512fd0ff396946cddc34f81437978d1748a8,3312834c6354387dba1428cc504756c6d5498c707f840d954d86c2e07af794f9,true,true,true,true
192,5700000,9,reciprocal_c2_d1_t3,reference,dies,0,0,1,0,1|0,1,2,0,2,10,1/1000000/2;1/1000000/2,true,false,false,true,8f6feae4b896469f13b32fdd9c207633cbf21f3fb23c622b657c158db1b2479e,4f53cda18c2baa0c0354bb5f9a3ecbe5ed12ab4d8e11ba873c2f11161202b945,28de4b9d696133cdd4686930321d89b7f3a0bcc1a4507a46e906b8b6759f610a,6138d82080b84ac2cc501c539285c74d5a5612ebe768cf6749ef1dd0198b8ea4,true,true,true,true
192,5700000,9,reciprocal_c2_d1_t3,production,dies,0,0,1,0,1|0,1,2,0,2,10,1/1000000/2;1/1000000/2,true,false,false,true,8f6feae4b896469f13b32fdd9c207633cbf21f3fb23c622b657c158db1b2479e,4f53cda18c2baa0c0354bb5f9a3ecbe5ed12ab4d8e11ba873c2f11161202b945,28de4b9d696133cdd4686930321d89b7f3a0bcc1a4507a46e906b8b6759f610a,79398cdaff1717805c97fd0c77656345d588c0dd8daf4552baee6b640b33f28f,true,true,true,true
193,5700000,9,cycle_3_c2_d1_t2,reference,periodic,3,3,256,32,96|96|96,287,256,32,288,296,1/999972/2;1/999972/2;1/999972/2,false,true,true,true,1383a7f2c3c1d72a7cb06e7a89d75736265d33fdde4b5ae5d844f6df1a061707,622a7484d9024ea1d65fa12a3dc7331f481fc8e177f0ba482e617a07b1d96544,fc8d7a606dee22b1dd1c3ec8b3b5f3ae7124dba25f71efdc586ee601318bbdcf,d87d9f4724607d408edffd2a37adcbeb8dd2e48cd3ea9210d47a5c4909688409,true,true,true,true
193,5700000,9,cycle_3_c2_d1_t2,production,periodic,3,3,256,32,96|96|96,287,256,32,288,296,1/999972/2;1/999972/2;1/999972/2,false,true,true,true,1383a7f2c3c1d72a7cb06e7a89d75736265d33fdde4b5ae5d844f6df1a061707,622a7484d9024ea1d65fa12a3dc7331f481fc8e177f0ba482e617a07b1d96544,fc8d7a606dee22b1dd1c3ec8b3b5f3ae7124dba25f71efdc586ee601318bbdcf,0cb02557aea6ee4bcf6d32ea91e0110a6c6c2235564a0b6b57bfa60652702f7d,true,true,true,true
194,5700000,9,cycle_4_c2_d1_t2,reference,periodic,4,4,256,32,72|72|72|72,287,256,32,288,296,1/999972/2;1/999972/2;1/999972/2;1/999972/2,false,true,true,true,d2b81689c5b17eaeb3d423aaef5f4cc375c419587103745d316c62b294283beb,df5821f9531693b60190d6f4789c6dfd62055560b735b3a0859c99cdb7b32c4c,f127b1b04a6ec2b4cdf6cbc76ecc5711b3abca4f893e5abbe220bcbf884fa7e5,95a88a5a3d9213c823cc6ed041db7f0549a1985de23105674bc008205a8210c2,true,true,true,true
194,5700000,9,cycle_4_c2_d1_t2,production,periodic,4,4,256,32,72|72|72|72,287,256,32,288,296,1/999972/2;1/999972/2;1/999972/2;1/999972/2,false,true,true,true,d2b81689c5b17eaeb3d423aaef5f4cc375c419587103745d316c62b294283beb,df5821f9531693b60190d6f4789c6dfd62055560b735b3a0859c99cdb7b32c4c,f127b1b04a6ec2b4cdf6cbc76ecc5711b3abca4f893e5abbe220bcbf884fa7e5,80370cfd513458b4674402a49481ed8cc3d0efd357a1551190ac11b2b55857b6,true,true,true,true
195,5700000,9,cycle_8_c2_d1_t2,reference,periodic,8,8,256,32,36|36|36|36|36|36|36|36,287,256,32,288,296,1/999972/2;1/999972/2;1/999972/2;1/999972/2;1/999972/2;1/999972/2;1/999972/2;1/999972/2,false,true,true,true,4fdea3d6e9295c2b6d1ddee7717bf1514399a6a7af22a1e75a4a7c4ed422c19f,6234be8f329bc1387c4a778e0bdfd0803801258bec8170c7377b422713106f88,79c770175160a16a4190142229dbff52864195a261858815849f5489fc673a14,85fd5b4e5dfa7606614ee7a01da2b66ebe2792a6abcaa6580d137f586b85e6e1,true,true,true,true
195,5700000,9,cycle_8_c2_d1_t2,production,periodic,8,8,256,32,36|36|36|36|36|36|36|36,287,256,32,288,296,1/999972/2;1/999972/2;1/999972/2;1/999972/2;1/999972/2;1/999972/2;1/999972/2;1/999972/2,false,true,true,true,4fdea3d6e9295c2b6d1ddee7717bf1514399a6a7af22a1e75a4a7c4ed422c19f,6234be8f329bc1387c4a778e0bdfd0803801258bec8170c7377b422713106f88,79c770175160a16a4190142229dbff52864195a261858815849f5489fc673a14,1564306bd733ee702b9f87424f8eec73a8241f806e683629cb70e085bf736025,true,true,true,true
196,5700000,9,cycle_3_c2_d0_t2,reference,dies,0,0,3,0,1|1|1,3,4,0,4,9,1/1000000/2;1/1000000/2;1/1000000/2,true,false,false,true,386ac80bd1be3ae51bdb7fa2821893df26d38be698f37f03d1a6424eea6eae81,4f53cda18c2baa0c0354bb5f9a3ecbe5ed12ab4d8e11ba873c2f11161202b945,3f0b647e758e21ed6e01a3c0fa394fdb5e00d985963ff13d839f7d0f99db9f35,b4348027da011969e0af8bd38f4457454903474f4c7304c96ae871370158c675,true,true,true,true
196,5700000,9,cycle_3_c2_d0_t2,production,dies,0,0,3,0,1|1|1,3,4,0,4,9,1/1000000/2;1/1000000/2;1/1000000/2,true,false,false,true,386ac80bd1be3ae51bdb7fa2821893df26d38be698f37f03d1a6424eea6eae81,4f53cda18c2baa0c0354bb5f9a3ecbe5ed12ab4d8e11ba873c2f11161202b945,3f0b647e758e21ed6e01a3c0fa394fdb5e00d985963ff13d839f7d0f99db9f35,b4348027da011969e0af8bd38f4457454903474f4c7304c96ae871370158c675,true,true,true,true
197,5700000,9,cycle_4_c2_d0_t2,reference,dies,0,0,4,0,1|1|1|1,4,5,0,5,9,1/1000000/2;1/1000000/2;1/1000000/2;1/1000000/2,true,false,false,true,9e6b3bd69dc9e1fcae89f9070272ff7971ce5ca2d9067f4bd9642e8e25965dcf,4f53cda18c2baa0c0354bb5f9a3ecbe5ed12ab4d8e11ba873c2f11161202b945,f996c73008a9a84bfd8b750bc60885233fc99040decee681711aa327364cf953,79a27467f36f2462b88db542ddde34dcd4dd2118910659c0f625404678248511,true,true,true,true
197,5700000,9,cycle_4_c2_d0_t2,production,dies,0,0,4,0,1|1|1|1,4,5,0,5,9,1/1000000/2;1/1000000/2;1/1000000/2;1/1000000/2,true,false,false,true,9e6b3bd69dc9e1fcae89f9070272ff7971ce5ca2d9067f4bd9642e8e25965dcf,4f53cda18c2baa0c0354bb5f9a3ecbe5ed12ab4d8e11ba873c2f11161202b945,f996c73008a9a84bfd8b750bc60885233fc99040decee681711aa327364cf953,79a27467f36f2462b88db542ddde34dcd4dd2118910659c0f625404678248511,true,true,true,true
198,5700000,9,cycle_8_c2_d0_t2,reference,dies,0,0,8,0,1|1|1|1|1|1|1|1,8,9,0,9,9,1/1000000/2;1/1000000/2;1/1000000/2;1/1000000/2;1/1000000/2;1/1000000/2;1/1000000/2;1/1000000/2,true,false,false,true,2469deca4cb387408f01407f596a494e4604ac2d24e6f11e461d35bfc54816ad,4f53cda18c2baa0c0354bb5f9a3ecbe5ed12ab4d8e11ba873c2f11161202b945,b1fceaae00c7a90dab5e3c03fa2b7b8d5708b0453d79020dd295f41a66c9e19e,07f0478152b7734071bc335d2643c8a2205ca7aa0338097c005e20d49d34c5ee,true,true,true,true
198,5700000,9,cycle_8_c2_d0_t2,production,dies,0,0,8,0,1|1|1|1|1|1|1|1,8,9,0,9,9,1/1000000/2;1/1000000/2;1/1000000/2;1/1000000/2;1/1000000/2;1/1000000/2;1/1000000/2;1/1000000/2,true,false,false,true,2469deca4cb387408f01407f596a494e4604ac2d24e6f11e461d35bfc54816ad,4f53cda18c2baa0c0354bb5f9a3ecbe5ed12ab4d8e11ba873c2f11161202b945,b1fceaae00c7a90dab5e3c03fa2b7b8d5708b0453d79020dd295f41a66c9e19e,07f0478152b7734071bc335d2643c8a2205ca7aa0338097c005e20d49d34c5ee,true,true,true,true
199,5700000,9,chain_8_c2_d1_t2,reference,dies,0,0,8,0,1|1|1|1|1|1|1|1,7,8,0,8,16,1/1000000/2;1/1000000/2;1/1000000/2;1/1000000/2;1/1000000/2;1/1000000/2;1/1000000/2,true,false,false,true,08ae017ab67dcd22cff151bd4b52d5b1ab6d65f1fc0ed33f8032d76576a6c7d6,4f53cda18c2baa0c0354bb5f9a3ecbe5ed12ab4d8e11ba873c2f11161202b945,dea9e1d644726f96e0c08a2e678f6f6e8897c21ba4a06426a3a81522a0877f5b,c4fb8d319bbb4f05e3586572ea7d8d6b93b4b659ce05bfa6138da28ebf78ffe3,true,true,true,true
199,5700000,9,chain_8_c2_d1_t2,production,dies,0,0,8,0,1|1|1|1|1|1|1|1,7,8,0,8,16,1/1000000/2;1/1000000/2;1/1000000/2;1/1000000/2;1/1000000/2;1/1000000/2;1/1000000/2,true,false,false,true,08ae017ab67dcd22cff151bd4b52d5b1ab6d65f1fc0ed33f8032d76576a6c7d6,4f53cda18c2baa0c0354bb5f9a3ecbe5ed12ab4d8e11ba873c2f11161202b945,dea9e1d644726f96e0c08a2e678f6f6e8897c21ba4a06426a3a81522a0877f5b,acb3ea8358bc609b9f5e5245b6801ec83059d4db1ecb9ef4a572593dda64f1ed,true,true,true,true
200,5700000,9,chain_8_c2_d0_t2,reference,dies,0,0,8,0,1|1|1|1|1|1|1|1,7,8,0,8,9,1/1000000/2;1/1000000/2;1/1000000/2;1/1000000/2;1/1000000/2;1/1000000/2;1/1000000/2,true,false,false,true,e6d61752e5af08c7b95a6bd0595f8ad7307564d7203f2e3c2b1570a488505ad0,4f53cda18c2baa0c0354bb5f9a3ecbe5ed12ab4d8e11ba873c2f11161202b945,b904d3542041bd79b3843b96baac802e050df60cceba07abdb71e64b740021a5,c12127ca82466929ca3e1b0858d85138113e27e7574103758f873b32555a26c7,true,true,true,true
200,5700000,9,chain_8_c2_d0_t2,production,dies,0,0,8,0,1|1|1|1|1|1|1|1,7,8,0,8,9,1/1000000/2;1/1000000/2;1/1000000/2;1/1000000/2;1/1000000/2;1/1000000/2;1/1000000/2,true,false,false,true,e6d61752e5af08c7b95a6bd0595f8ad7307564d7203f2e3c2b1570a488505ad0,4f53cda18c2baa0c0354bb5f9a3ecbe5ed12ab4d8e11ba873c2f11161202b945,b904d3542041bd79b3843b96baac802e050df60cceba07abdb71e64b740021a5,c12127ca82466929ca3e1b0858d85138113e27e7574103758f873b32555a26c7,true,true,true,true
201,5800000,0,one_way_c2_d1_t2,reference,dies,0,0,2,0,1|1,1,2,0,2,1,1/1000000/2,true,false,false,true,98b4ce212803027308e1813fe8f2dbcaeacd563bf32105f317302f38986074bd,4f53cda18c2baa0c0354bb5f9a3ecbe5ed12ab4d8e11ba873c2f11161202b945,ba86850bcdef45619e13652e953232b0e9973d49ed7837a81035be5b289a10c2,ad3814edbc78bf9fd30aa1a995b5213f3671c4eb8556af48bfc62035517323ce,true,true,true,true
201,5800000,0,one_way_c2_d1_t2,production,dies,0,0,2,0,1|1,1,2,0,2,1,1/1000000/2,true,false,false,true,98b4ce212803027308e1813fe8f2dbcaeacd563bf32105f317302f38986074bd,4f53cda18c2baa0c0354bb5f9a3ecbe5ed12ab4d8e11ba873c2f11161202b945,ba86850bcdef45619e13652e953232b0e9973d49ed7837a81035be5b289a10c2,61e4cf0ea046f213e8ffeb772a0cd6024bdd30551c30dbd15758d797e79efc16,true,true,true,true
202,5800000,0,reciprocal_c1_d1_t2,reference,dies,0,0,1,0,1|0,1,2,0,2,1,1/1000000/1;1/1000000/1,true,false,false,true,40a38ee47120a74b367de7b54b99cc6aee03670588e3549407eaa5a588c83f34,4f53cda18c2baa0c0354bb5f9a3ecbe5ed12ab4d8e11ba873c2f11161202b945,7e61c7860810a7dea41d2865dff5e53f0939349d47e63403599daa86104c144b,89e30f68769458b437e8237491ad74db5dc4bc9c311cca25464b950af34ad84d,true,true,true,true
202,5800000,0,reciprocal_c1_d1_t2,production,dies,0,0,1,0,1|0,1,2,0,2,1,1/1000000/1;1/1000000/1,true,false,false,true,40a38ee47120a74b367de7b54b99cc6aee03670588e3549407eaa5a588c83f34,4f53cda18c2baa0c0354bb5f9a3ecbe5ed12ab4d8e11ba873c2f11161202b945,7e61c7860810a7dea41d2865dff5e53f0939349d47e63403599daa86104c144b,87faae89c5523c1d7dd73955dae0948f7ead5c02ac45b03cce930b6cc021b4fd,true,true,true,true
203,5800000,0,reciprocal_c1_d1_t1,reference,periodic,2,2,256,32,144|144,287,256,32,288,287,1/999972/1;1/999972/1,false,true,true,true,daaea32cb44d5a798787610a1e338a73af5d2ea0660df3003407f99e691194fc,f74261c332da30c69fb5259e1337f7ba313c20ed7943d7c320a79739cfc63424,997bd6d3e67c16f14a1e0c20988056a638636364c4e61806761c27576977f979,d3caf875af065ea84e1a698d877216985b50b1a96d0ea1ea1a9a2898c359f8b6,true,true,true,true
203,5800000,0,reciprocal_c1_d1_t1,production,periodic,2,2,256,32,144|144,287,256,32,288,287,1/999972/1;1/999972/1,false,true,true,true,daaea32cb44d5a798787610a1e338a73af5d2ea0660df3003407f99e691194fc,f74261c332da30c69fb5259e1337f7ba313c20ed7943d7c320a79739cfc63424,997bd6d3e67c16f14a1e0c20988056a638636364c4e61806761c27576977f979,6770691c85d72a693f1e6503d3f048f225f52313c6238fcaef10741d96867494,true,true,true,true
204,5800000,0,reciprocal_c2_d0_t2,reference,dies,0,0,2,0,1|1,2,3,0,3,0,1/1000000/2;1/1000000/2,true,false,false,true,dbdb554e0d4b20e3a462c2fba71a879b29f15a68efc023ad0861dcdffc153c86,4f53cda18c2baa0c0354bb5f9a3ecbe5ed12ab4d8e11ba873c2f11161202b945,1249964b4484da02ac884c9714ae292c5a1e9e76917ba0351cc83ba646785aa5,3f69a24d23f6fa6101ac593bad6daba38416a473ece824126b2043280c285c58,true,true,true,true
204,5800000,0,reciprocal_c2_d0_t2,production,dies,0,0,2,0,1|1,2,3,0,3,0,1/1000000/2;1/1000000/2,true,false,false,true,dbdb554e0d4b20e3a462c2fba71a879b29f15a68efc023ad0861dcdffc153c86,4f53cda18c2baa0c0354bb5f9a3ecbe5ed12ab4d8e11ba873c2f11161202b945,1249964b4484da02ac884c9714ae292c5a1e9e76917ba0351cc83ba646785aa5,3f69a24d23f6fa6101ac593bad6daba38416a473ece824126b2043280c285c58,true,true,true,true
205,5800000,0,reciprocal_c2_d0_t2_alternating_phase,reference,dies,0,0,2,0,1|1,2,3,0,3,0,1/1000000/2;1/1000000/2,true,false,false,true,907d6662377bd6a5919cad4b7f466430e84b45aff40f38cd8db5310bfb33e237,4f53cda18c2baa0c0354bb5f9a3ecbe5ed12ab4d8e11ba873c2f11161202b945,f7220b224854e72e70241987daca61c91c51a9d01d695110df4804b4b3ee8744,7f97885564046e0a88a76d4c4e82e439316b375fe93a446d7aba0cab2bac4842,true,true,true,true
205,5800000,0,reciprocal_c2_d0_t2_alternating_phase,production,dies,0,0,2,0,1|1,2,3,0,3,0,1/1000000/2;1/1000000/2,true,false,false,true,907d6662377bd6a5919cad4b7f466430e84b45aff40f38cd8db5310bfb33e237,4f53cda18c2baa0c0354bb5f9a3ecbe5ed12ab4d8e11ba873c2f11161202b945,f7220b224854e72e70241987daca61c91c51a9d01d695110df4804b4b3ee8744,7f97885564046e0a88a76d4c4e82e439316b375fe93a446d7aba0cab2bac4842,true,true,true,true
206,5800000,0,reciprocal_c2_d1_t2,reference,periodic,2,2,256,32,144|144,287,256,32,288,287,1/999972/2;1/999972/2,false,true,true,true,c99e0c1e8d4da85c4d6e0612015044f995994026f703afcccbda2e07c21a445c,0ad54b2cb6797dffea2d9c1b41beb9270e92d08c1536c5860d68f463e592c055,bb2faaa4858b7b832fdcb0475b352cb8cf5688428fc850fc081dcb0ff41f6256,af9101d5379d3c98521957f3e4da38df4a3810fb4f13afae5440009417d1af67,true,true,true,true
206,5800000,0,reciprocal_c2_d1_t2,production,periodic,2,2,256,32,144|144,287,256,32,288,287,1/999972/2;1/999972/2,false,true,true,true,c99e0c1e8d4da85c4d6e0612015044f995994026f703afcccbda2e07c21a445c,0ad54b2cb6797dffea2d9c1b41beb9270e92d08c1536c5860d68f463e592c055,bb2faaa4858b7b832fdcb0475b352cb8cf5688428fc850fc081dcb0ff41f6256,6ca6b8946758f734c5a87fd717205e8c15304b9ff6a04962a0ba67431de20525,true,true,true,true
207,5800000,0,reciprocal_c2_d2_t2,reference,periodic,2,4,256,32,144|144,287,256,32,288,574,1/999943/2;1/999943/2,false,true,true,true,c26834b2a9d7f7f3194c8fc39e6c73237c8b527f13887a44537680849db0e480,4e24319921b5150195f1da1f73b9463e0c2336443c7939f48dd4f8c4a77fd66f,6fed6072200f51a9defa56ce37054214fd61204d8d8d5cbbeebf990dbf2630f0,834eeff055b35fefc7e1bc1c5d199d1e45d8a8e387c16bbfae58a750e0cb8370,true,true,true,true
207,5800000,0,reciprocal_c2_d2_t2,production,periodic,2,4,256,32,144|144,287,256,32,288,574,1/999943/2;1/999943/2,false,true,true,true,c26834b2a9d7f7f3194c8fc39e6c73237c8b527f13887a44537680849db0e480,4e24319921b5150195f1da1f73b9463e0c2336443c7939f48dd4f8c4a77fd66f,6fed6072200f51a9defa56ce37054214fd61204d8d8d5cbbeebf990dbf2630f0,709d08eff25ccbceea0bc1b6bdfc9ae4a80685ba26f60803b66feef894c5779e,true,true,true,true
208,5800000,0,reciprocal_c2_d3_t2,reference,periodic,2,6,256,32,144|144,287,256,32,288,861,1/999914/2;1/999914/2,false,true,true,true,55801c491c57e3dfbeba0b76839cd73d809ba63ed9df144dd0cbd62ac289dec9,5da9f2179c922e614c5bdbc9131d95fe3a8b741e6b3df56730d45dcea30b4597,09a2b470e6e5f822853cddfdc17ed6d8d10eca077dbfd25ce613ead1ba852de2,46753b88294c4e0f0971e15ea631ee130a0e4112adaeec3dd3172a91f98c2295,true,true,true,true
208,5800000,0,reciprocal_c2_d3_t2,production,periodic,2,6,256,32,144|144,287,256,32,288,861,1/999914/2;1/999914/2,false,true,true,true,55801c491c57e3dfbeba0b76839cd73d809ba63ed9df144dd0cbd62ac289dec9,5da9f2179c922e614c5bdbc9131d95fe3a8b741e6b3df56730d45dcea30b4597,09a2b470e6e5f822853cddfdc17ed6d8d10eca077dbfd25ce613ead1ba852de2,3c78808f7c2b5c35fef624393c447cffe3e0d23252447ecfaf0570ec9fb04e6e,true,true,true,true
209,5800000,0,reciprocal_c2_mixed_d0_d1_t2,reference,periodic,2,1,256,32,144|144,287,256,32,288,143,1/999986/2;1/999986/2,false,true,true,true,830634e81d8edb1c8b8748e99afdc319108f811beabd83348555702a9090bfe4,3973df9450abea4b48acf8ef6fbb07b46369ef7a82438c25265024131d17d37d,7bf0d39612af60bbf7bd3363e2f4e532570f65a470840fb4c11b8327e8e39caa,abdce00c2acac05946797927b6d0c27bdeb47873a5fbe7cf8814c426b4b7a466,true,true,true,true
209,5800000,0,reciprocal_c2_mixed_d0_d1_t2,production,periodic,2,1,256,32,144|144,287,256,32,288,143,1/999986/2;1/999986/2,false,true,true,true,830634e81d8edb1c8b8748e99afdc319108f811beabd83348555702a9090bfe4,3973df9450abea4b48acf8ef6fbb07b46369ef7a82438c25265024131d17d37d,7bf0d39612af60bbf7bd3363e2f4e532570f65a470840fb4c11b8327e8e39caa,abdce00c2acac05946797927b6d0c27bdeb47873a5fbe7cf8814c426b4b7a466,true,true,true,true
210,5800000,0,reciprocal_c2_d1_t2_alternating_phase,reference,periodic,2,2,256,32,144|144,287,256,32,288,287,1/999972/2;1/999972/2,false,true,true,true,f7d6bf365c172f32f4763ce1c395285eaa9d899112654a9afa5b9cbccb63d1f2,b798736e3dd5eadad9aec021251646132bb412c2628601ab34b02c01f4576f1a,109534d32de3ca80d647923875d95c3e7f5cff02c9541760ab804afb1b840b2f,65aa23c15b3176c1766c3f60053993577c0672d4b8e756db44eb7b43385f5b3d,true,true,true,true
210,5800000,0,reciprocal_c2_d1_t2_alternating_phase,production,periodic,2,2,256,32,144|144,287,256,32,288,287,1/999972/2;1/999972/2,false,true,true,true,f7d6bf365c172f32f4763ce1c395285eaa9d899112654a9afa5b9cbccb63d1f2,b798736e3dd5eadad9aec021251646132bb412c2628601ab34b02c01f4576f1a,109534d32de3ca80d647923875d95c3e7f5cff02c9541760ab804afb1b840b2f,3af4bfa1930ffbf3c525684bc0b2b1ab9b132c2664964000988872529627c38e,true,true,true,true
211,5800000,0,reciprocal_c2_d1_t1,reference,periodic,2,2,256,32,144|144,287,256,32,288,287,1/999972/2;1/999972/2,false,true,true,true,dcd2dc09eba5e7a73d75a43e53f3784953b6011c254e6a210fe7cf78c5b952ce,0ad54b2cb6797dffea2d9c1b41beb9270e92d08c1536c5860d68f463e592c055,d1006f50b310ffa9f21e4dacb7f5d56210af45f8d058324c4964b05042ca9a04,b65f8a88fae1016cd348990720a52848e590c79a8b16e678e7161e97c7eb1478,true,true,true,true
211,5800000,0,reciprocal_c2_d1_t1,production,periodic,2,2,256,32,144|144,287,256,32,288,287,1/999972/2;1/999972/2,false,true,true,true,dcd2dc09eba5e7a73d75a43e53f3784953b6011c254e6a210fe7cf78c5b952ce,0ad54b2cb6797dffea2d9c1b41beb9270e92d08c1536c5860d68f463e592c055,d1006f50b310ffa9f21e4dacb7f5d56210af45f8d058324c4964b05042ca9a04,c4cc3bebc770003e8e462f69e779aa9baec2ced60ece2d54714981f2a6a27de5,true,true,true,true
212,5800000,0,reciprocal_c2_d1_t3,reference,dies,0,0,1,0,1|0,1,2,0,2,1,1/1000000/2;1/1000000/2,true,false,false,true,ef3d76240c0c953a8f896ed1213558487208fe0693fc6fa8745adb25f5edd316,4f53cda18c2baa0c0354bb5f9a3ecbe5ed12ab4d8e11ba873c2f11161202b945,b865d8d27fbf36d6ada4d411a42a70992fcc23b87876a3251b356105464fd791,346e6da75a71b55f3fd032bc7ce6cbbb4dc720624d167a5069609434ecfffbd8,true,true,true,true
212,5800000,0,reciprocal_c2_d1_t3,production,dies,0,0,1,0,1|0,1,2,0,2,1,1/1000000/2;1/1000000/2,true,false,false,true,ef3d76240c0c953a8f896ed1213558487208fe0693fc6fa8745adb25f5edd316,4f53cda18c2baa0c0354bb5f9a3ecbe5ed12ab4d8e11ba873c2f11161202b945,b865d8d27fbf36d6ada4d411a42a70992fcc23b87876a3251b356105464fd791,4ca8e0d8b8e59bb824267ef6509e75c6df5b1c25e3f0dfe9a88fa73de08b655e,true,true,true,true
213,5800000,0,cycle_3_c2_d1_t2,reference,periodic,3,3,256,32,96|96|96,287,256,32,288,287,1/999972/2;1/999972/2;1/999972/2,false,true,true,true,5b23e966ed04c7be1592dbdf9de53037d4945e72e9e194c93937edd7655c3a4b,d098000292c6094b9faea98509502f08ab3dc0898b1caef2b246f53c16cf76df,6450db7d67552cd64f35c897f4b7b11cac91fced9627a6ed0167eda6134c9dea,544a433aa6069c988bd287d6482ac69b6b9755c8985f35882269e8f371332ced,true,true,true,true
213,5800000,0,cycle_3_c2_d1_t2,production,periodic,3,3,256,32,96|96|96,287,256,32,288,287,1/999972/2;1/999972/2;1/999972/2,false,true,true,true,5b23e966ed04c7be1592dbdf9de53037d4945e72e9e194c93937edd7655c3a4b,d098000292c6094b9faea98509502f08ab3dc0898b1caef2b246f53c16cf76df,6450db7d67552cd64f35c897f4b7b11cac91fced9627a6ed0167eda6134c9dea,d89f13a0a87fcd103abf60d147eb9fe08ed275ad5aedd28b92888af595de9390,true,true,true,true
214,5800000,0,cycle_4_c2_d1_t2,reference,periodic,4,4,256,32,72|72|72|72,287,256,32,288,287,1/999972/2;1/999972/2;1/999972/2;1/999972/2,false,true,true,true,75c7161dda4d1500d5191b0f31f243cb5149009b5b6acea1f3728d02947cabbd,b13e90d4d0d51a7560bd94322f02302faa417f646c335a1674d4f66464372183,378f8c1487b69338ef2070b6b10adc29d56dcaf726cbe1dda8759eaf54aea1f9,c8a2b1fd924e387173f77327e15216b775755c1488b07a81a27ed7661402004d,true,true,true,true
214,5800000,0,cycle_4_c2_d1_t2,production,periodic,4,4,256,32,72|72|72|72,287,256,32,288,287,1/999972/2;1/999972/2;1/999972/2;1/999972/2,false,true,true,true,75c7161dda4d1500d5191b0f31f243cb5149009b5b6acea1f3728d02947cabbd,b13e90d4d0d51a7560bd94322f02302faa417f646c335a1674d4f66464372183,378f8c1487b69338ef2070b6b10adc29d56dcaf726cbe1dda8759eaf54aea1f9,ff05c649b9aa1ad2513b1ce1976316961aa95fbd5a6d550ee619e735b2bfb3c5,true,true,true,true
215,5800000,0,cycle_8_c2_d1_t2,reference,periodic,8,8,256,32,36|36|36|36|36|36|36|36,287,256,32,288,287,1/999972/2;1/999972/2;1/999972/2;1/999972/2;1/999972/2;1/999972/2;1/999972/2;1/999972/2,false,true,true,true,3e50a47c739c750665dc6dc140d3b92c0a2d0bbddb518f726833e63821eebcac,e9180678e504e6850db46fa827b3d1c732bdc256504813ff32e386e375b2f5f6,f31459496e4cfc85dedc53f29f0e63dcc61c3097fc1d9705642fb6c9b830d5ce,d1e8c92ef22f655152df029fc17bbadcc754400ad9829e2afe6202a5008387c2,true,true,true,true
215,5800000,0,cycle_8_c2_d1_t2,production,periodic,8,8,256,32,36|36|36|36|36|36|36|36,287,256,32,288,287,1/999972/2;1/999972/2;1/999972/2;1/999972/2;1/999972/2;1/999972/2;1/999972/2;1/999972/2,false,true,true,true,3e50a47c739c750665dc6dc140d3b92c0a2d0bbddb518f726833e63821eebcac,e9180678e504e6850db46fa827b3d1c732bdc256504813ff32e386e375b2f5f6,f31459496e4cfc85dedc53f29f0e63dcc61c3097fc1d9705642fb6c9b830d5ce,7ef68ea46205e3588b46b0b4efa98a31a79f2891c25e8adc7580feeb2d59ff65,true,true,true,true
216,5800000,0,cycle_3_c2_d0_t2,reference,dies,0,0,3,0,1|1|1,3,4,0,4,0,1/1000000/2;1/1000000/2;1/1000000/2,true,false,false,true,8793bdd2d3ff6b0a2ecb342dce69eb683b3be0188151b139a900d8136664d9bc,4f53cda18c2baa0c0354bb5f9a3ecbe5ed12ab4d8e11ba873c2f11161202b945,586a18e894a0524184792ea0df72da4bd6b150f5e4854ba75a64fc04cdb0b88b,f25414ba07e4cc82995e36a99638c960ea6dc4a20642e2db77291f4779fbb538,true,true,true,true
216,5800000,0,cycle_3_c2_d0_t2,production,dies,0,0,3,0,1|1|1,3,4,0,4,0,1/1000000/2;1/1000000/2;1/1000000/2,true,false,false,true,8793bdd2d3ff6b0a2ecb342dce69eb683b3be0188151b139a900d8136664d9bc,4f53cda18c2baa0c0354bb5f9a3ecbe5ed12ab4d8e11ba873c2f11161202b945,586a18e894a0524184792ea0df72da4bd6b150f5e4854ba75a64fc04cdb0b88b,f25414ba07e4cc82995e36a99638c960ea6dc4a20642e2db77291f4779fbb538,true,true,true,true
217,5800000,0,cycle_4_c2_d0_t2,reference,dies,0,0,4,0,1|1|1|1,4,5,0,5,0,1/1000000/2;1/1000000/2;1/1000000/2;1/1000000/2,true,false,false,true,b2906df22bd7bd903dd57afa3cc8b8d3ff482f4531269d2a760f36498c6b39cd,4f53cda18c2baa0c0354bb5f9a3ecbe5ed12ab4d8e11ba873c2f11161202b945,43df5c790f4f57e24f146b668966b07412b2fd24ebe7515069629468bb34e401,1cc4e46b5d753974b078319b5cec20eedb49204fe79734a0bfb6c60656e55a0f,true,true,true,true
217,5800000,0,cycle_4_c2_d0_t2,production,dies,0,0,4,0,1|1|1|1,4,5,0,5,0,1/1000000/2;1/1000000/2;1/1000000/2;1/1000000/2,true,false,false,true,b2906df22bd7bd903dd57afa3cc8b8d3ff482f4531269d2a760f36498c6b39cd,4f53cda18c2baa0c0354bb5f9a3ecbe5ed12ab4d8e11ba873c2f11161202b945,43df5c790f4f57e24f146b668966b07412b2fd24ebe7515069629468bb34e401,1cc4e46b5d753974b078319b5cec20eedb49204fe79734a0bfb6c60656e55a0f,true,true,true,true
218,5800000,0,cycle_8_c2_d0_t2,reference,dies,0,0,8,0,1|1|1|1|1|1|1|1,8,9,0,9,0,1/1000000/2;1/1000000/2;1/1000000/2;1/1000000/2;1/1000000/2;1/1000000/2;1/1000000/2;1/1000000/2,true,false,false,true,c8fbb79bb4de6e41f9bac12a9603d534a7cff645135f67bd8fa371d46db5e343,4f53cda18c2baa0c0354bb5f9a3ecbe5ed12ab4d8e11ba873c2f11161202b945,026143305591c1f4c66c840ef55842d0af4600bcb2e6cc8cc4e2e7bd80309494,2fbc847eb378b22402687afc7d63247de12341bcc5c9423553dcf131798bb7a5,true,true,true,true
218,5800000,0,cycle_8_c2_d0_t2,production,dies,0,0,8,0,1|1|1|1|1|1|1|1,8,9,0,9,0,1/1000000/2;1/1000000/2;1/1000000/2;1/1000000/2;1/1000000/2;1/1000000/2;1/1000000/2;1/1000000/2,true,false,false,true,c8fbb79bb4de6e41f9bac12a9603d534a7cff645135f67bd8fa371d46db5e343,4f53cda18c2baa0c0354bb5f9a3ecbe5ed12ab4d8e11ba873c2f11161202b945,026143305591c1f4c66c840ef55842d0af4600bcb2e6cc8cc4e2e7bd80309494,2fbc847eb378b22402687afc7d63247de12341bcc5c9423553dcf131798bb7a5,true,true,true,true
219,5800000,0,chain_8_c2_d1_t2,reference,dies,0,0,8,0,1|1|1|1|1|1|1|1,7,8,0,8,7,1/1000000/2;1/1000000/2;1/1000000/2;1/1000000/2;1/1000000/2;1/1000000/2;1/1000000/2,true,false,false,true,d83adb2459de21c90c5116859353158eb073dc816bd7b838e610f0ad8d5ecc58,4f53cda18c2baa0c0354bb5f9a3ecbe5ed12ab4d8e11ba873c2f11161202b945,bcc5cb1634fb96b39e4638d9eaf7c414a5b16d2a037c6d2e46b0cef7ed231bda,5311b204772d35e04bd121efe03c15038dde84b4f226a749cc7c9ab0db53811c,true,true,true,true
219,5800000,0,chain_8_c2_d1_t2,production,dies,0,0,8,0,1|1|1|1|1|1|1|1,7,8,0,8,7,1/1000000/2;1/1000000/2;1/1000000/2;1/1000000/2;1/1000000/2;1/1000000/2;1/1000000/2,true,false,false,true,d83adb2459de21c90c5116859353158eb073dc816bd7b838e610f0ad8d5ecc58,4f53cda18c2baa0c0354bb5f9a3ecbe5ed12ab4d8e11ba873c2f11161202b945,bcc5cb1634fb96b39e4638d9eaf7c414a5b16d2a037c6d2e46b0cef7ed231bda,0d409838d0dedde17a33786d03b579d5da499db3018119585cb6e5ac418807df,true,true,true,true
220,5800000,0,chain_8_c2_d0_t2,reference,dies,0,0,8,0,1|1|1|1|1|1|1|1,7,8,0,8,0,1/1000000/2;1/1000000/2;1/1000000/2;1/1000000/2;1/1000000/2;1/1000000/2;1/1000000/2,true,false,false,true,31f5130e70adaf5995032a7806691352684ffa1a027525a71f2a3a1b054a39c9,4f53cda18c2baa0c0354bb5f9a3ecbe5ed12ab4d8e11ba873c2f11161202b945,878d732f838f9027526454f16bd59608cf031ea565f2fda98982860553009fd2,85e0ab2b3cd954c9546eb4fd98a1167b7c64c7f857dec0fa8f2a3dde61113143,true,true,true,true
220,5800000,0,chain_8_c2_d0_t2,production,dies,0,0,8,0,1|1|1|1|1|1|1|1,7,8,0,8,0,1/1000000/2;1/1000000/2;1/1000000/2;1/1000000/2;1/1000000/2;1/1000000/2;1/1000000/2,true,false,false,true,31f5130e70adaf5995032a7806691352684ffa1a027525a71f2a3a1b054a39c9,4f53cda18c2baa0c0354bb5f9a3ecbe5ed12ab4d8e11ba873c2f11161202b945,878d732f838f9027526454f16bd59608cf031ea565f2fda98982860553009fd2,85e0ab2b3cd954c9546eb4fd98a1167b7c64c7f857dec0fa8f2a3dde61113143,true,true,true,true
221,5800000,1,one_way_c2_d1_t2,reference,dies,0,0,2,0,1|1,1,2,0,2,2,1/1000000/2,true,false,false,true,8a47f47fb0dd4e5a6046502c508541e61a64254086838cfa1f8293d46315bf8a,4f53cda18c2baa0c0354bb5f9a3ecbe5ed12ab4d8e11ba873c2f11161202b945,ba86850bcdef45619e13652e953232b0e9973d49ed7837a81035be5b289a10c2,8dd4c857babd81ae3f2549952b752a34d9ffeaa682a65d7a0c85d7e9b06bff0f,true,true,true,true
221,5800000,1,one_way_c2_d1_t2,production,dies,0,0,2,0,1|1,1,2,0,2,2,1/1000000/2,true,false,false,true,8a47f47fb0dd4e5a6046502c508541e61a64254086838cfa1f8293d46315bf8a,4f53cda18c2baa0c0354bb5f9a3ecbe5ed12ab4d8e11ba873c2f11161202b945,ba86850bcdef45619e13652e953232b0e9973d49ed7837a81035be5b289a10c2,fb87b35eb23f6dd9c5bba18f5ed0a1829fec329024b39d0270c40ad2b442124d,true,true,true,true
222,5800000,1,reciprocal_c1_d1_t2,reference,dies,0,0,1,0,1|0,1,2,0,2,2,1/1000000/1;1/1000000/1,true,false,false,true,9087c7effc1c85e54267793b10bf9098ec59cdfc3564e00f2d60acbb2ead6ca5,4f53cda18c2baa0c0354bb5f9a3ecbe5ed12ab4d8e11ba873c2f11161202b945,7e61c7860810a7dea41d2865dff5e53f0939349d47e63403599daa86104c144b,c59538dbf018949c07b6b107eed5e23a876d9575625abffe21d1148417622b7e,true,true,true,true
222,5800000,1,reciprocal_c1_d1_t2,production,dies,0,0,1,0,1|0,1,2,0,2,2,1/1000000/1;1/1000000/1,true,false,false,true,9087c7effc1c85e54267793b10bf9098ec59cdfc3564e00f2d60acbb2ead6ca5,4f53cda18c2baa0c0354bb5f9a3ecbe5ed12ab4d8e11ba873c2f11161202b945,7e61c7860810a7dea41d2865dff5e53f0939349d47e63403599daa86104c144b,0f1fcd579d84e5ec5e39a78b39c0349bd7db858769f3c648fb135e50f267200c,true,true,true,true
223,5800000,1,reciprocal_c1_d1_t1,reference,periodic,2,2,256,32,144|144,287,256,32,288,288,1/999972/1;1/999972/1,false,true,true,true,2ef4db1f58921da03dc0c4e3e7cb44a4f89cd7268f0af9ffa6f7c69319ff8425,20ad9ee7689640abd4ee98f5d32de80936009d1ab60a242351e7963cac40915a,997bd6d3e67c16f14a1e0c20988056a638636364c4e61806761c27576977f979,67fd49d7ad62e3fddb285d780b221393881acae61fe3bc3fd256984fa1b5a717,true,true,true,true
223,5800000,1,reciprocal_c1_d1_t1,production,periodic,2,2,256,32,144|144,287,256,32,288,288,1/999972/1;1/999972/1,false,true,true,true,2ef4db1f58921da03dc0c4e3e7cb44a4f89cd7268f0af9ffa6f7c69319ff8425,20ad9ee7689640abd4ee98f5d32de80936009d1ab60a242351e7963cac40915a,997bd6d3e67c16f14a1e0c20988056a638636364c4e61806761c27576977f979,25001ef76407b10ff20b765a24959be1e7bc9349fb9f1d547b53cbc4dfab8f88,true,true,true,true
224,5800000,1,reciprocal_c2_d0_t2,reference,dies,0,0,2,0,1|1,2,3,0,3,1,1/1000000/2;1/1000000/2,true,false,false,true,e98e3bb21501b09d698c17edc40147d7e0f4a64a0003b7058831f686e9e08031,4f53cda18c2baa0c0354bb5f9a3ecbe5ed12ab4d8e11ba873c2f11161202b945,1249964b4484da02ac884c9714ae292c5a1e9e76917ba0351cc83ba646785aa5,fa896df5534f508b78a3a7717f53a550546a3380c12895dc0bc48d7416d22dd1,true,true,true,true
224,5800000,1,reciprocal_c2_d0_t2,production,dies,0,0,2,0,1|1,2,3,0,3,1,1/1000000/2;1/1000000/2,true,false,false,true,e98e3bb21501b09d698c17edc40147d7e0f4a64a0003b7058831f686e9e08031,4f53cda18c2baa0c0354bb5f9a3ecbe5ed12ab4d8e11ba873c2f11161202b945,1249964b4484da02ac884c9714ae292c5a1e9e76917ba0351cc83ba646785aa5,fa896df5534f508b78a3a7717f53a550546a3380c12895dc0bc48d7416d22dd1,true,true,true,true
225,5800000,1,reciprocal_c2_d0_t2_alternating_phase,reference,dies,0,0,2,0,1|1,2,3,0,3,1,1/1000000/2;1/1000000/2,true,false,false,true,b70c3563e3e06fbe6da2d989fb1e5e67bf564d02309ecd13c60495cbfa662939,4f53cda18c2baa0c0354bb5f9a3ecbe5ed12ab4d8e11ba873c2f11161202b945,f7220b224854e72e70241987daca61c91c51a9d01d695110df4804b4b3ee8744,6eeaf3a3021c19cebb6d0cc2bb032663fc1adea8459fec342c7d8ffe35ca9458,true,true,true,true
225,5800000,1,reciprocal_c2_d0_t2_alternating_phase,production,dies,0,0,2,0,1|1,2,3,0,3,1,1/1000000/2;1/1000000/2,true,false,false,true,b70c3563e3e06fbe6da2d989fb1e5e67bf564d02309ecd13c60495cbfa662939,4f53cda18c2baa0c0354bb5f9a3ecbe5ed12ab4d8e11ba873c2f11161202b945,f7220b224854e72e70241987daca61c91c51a9d01d695110df4804b4b3ee8744,6eeaf3a3021c19cebb6d0cc2bb032663fc1adea8459fec342c7d8ffe35ca9458,true,true,true,true
226,5800000,1,reciprocal_c2_d1_t2,reference,periodic,2,2,256,32,144|144,287,256,32,288,288,1/999972/2;1/999972/2,false,true,true,true,316ccbfe02534a6f147fe7282dbc725f9e00a07b2ce54cb73ca52f19e53d0af5,0da61e4fa64c2210d0a4412c079ea9a03e058cc06bf960b68fb7f61febf11fd6,bb2faaa4858b7b832fdcb0475b352cb8cf5688428fc850fc081dcb0ff41f6256,991d73f8b7d5016d8ed5f41aac0dec93cba08f89bcf3565dcf5ed1ef5b044c48,true,true,true,true
226,5800000,1,reciprocal_c2_d1_t2,production,periodic,2,2,256,32,144|144,287,256,32,288,288,1/999972/2;1/999972/2,false,true,true,true,316ccbfe02534a6f147fe7282dbc725f9e00a07b2ce54cb73ca52f19e53d0af5,0da61e4fa64c2210d0a4412c079ea9a03e058cc06bf960b68fb7f61febf11fd6,bb2faaa4858b7b832fdcb0475b352cb8cf5688428fc850fc081dcb0ff41f6256,68c05c56c1dfffbfd18f2f172ffe160ee4280275fa3a3684bfbe8accb07f436e,true,true,true,true
227,5800000,1,reciprocal_c2_d2_t2,reference,periodic,2,4,256,32,144|144,287,256,32,288,575,1/999943/2;1/999943/2,false,true,true,true,62d60157c64c85caaafae55af4ba81b28c4921c724ecf4f5b8ed5362c7b1c8cb,7832f5d2fa2a1e569f63c4fb4bb10927e79cc9fcf2ef67e86efdcbff338d7580,6fed6072200f51a9defa56ce37054214fd61204d8d8d5cbbeebf990dbf2630f0,dfa4a4fdefe973200917e9a09bcc3e483c5eefe50894fd162796ef08a48b3771,true,true,true,true
227,5800000,1,reciprocal_c2_d2_t2,production,periodic,2,4,256,32,144|144,287,256,32,288,575,1/999943/2;1/999943/2,false,true,true,true,62d60157c64c85caaafae55af4ba81b28c4921c724ecf4f5b8ed5362c7b1c8cb,7832f5d2fa2a1e569f63c4fb4bb10927e79cc9fcf2ef67e86efdcbff338d7580,6fed6072200f51a9defa56ce37054214fd61204d8d8d5cbbeebf990dbf2630f0,8bb2dee0929422c7436d33e7f9a7637cb6e43e8709dfa834f7fceff4b29e6220,true,true,true,true
228,5800000,1,reciprocal_c2_d3_t2,reference,periodic,2,6,256,32,144|144,287,256,32,288,862,1/999914/2;1/999914/2,false,true,true,true,2d39948ab67abd2731114d0c9e152ed5be6d90717ecdb8918fa1e0597f833ecb,44f803a6df9d766c0078aac8f282e8d143260812af4406c2a7d50b96a6e7f722,09a2b470e6e5f822853cddfdc17ed6d8d10eca077dbfd25ce613ead1ba852de2,48faaf348952302f66a769ad73f997d40f5ba9bf45795d77660f18e6d5c771ae,true,true,true,true
228,5800000,1,reciprocal_c2_d3_t2,production,periodic,2,6,256,32,144|144,287,256,32,288,862,1/999914/2;1/999914/2,false,true,true,true,2d39948ab67abd2731114d0c9e152ed5be6d90717ecdb8918fa1e0597f833ecb,44f803a6df9d766c0078aac8f282e8d143260812af4406c2a7d50b96a6e7f722,09a2b470e6e5f822853cddfdc17ed6d8d10eca077dbfd25ce613ead1ba852de2,dd7e2a93fe1c7856fa01cf0f536dee4a03ca0d9f39e5f66250394af76848734a,true,true,true,true
229,5800000,1,reciprocal_c2_mixed_d0_d1_t2,reference,periodic,2,1,256,32,144|144,287,256,32,288,144,1/999986/2;1/999986/2,false,true,true,true,5094d190f090c3b5482047846e966a24410bb88a805c8e2149862154b37ee99a,73432a804c96c1163fabc19f070a44ca224c21a9a30e003c6085b3199ad59a72,7bf0d39612af60bbf7bd3363e2f4e532570f65a470840fb4c11b8327e8e39caa,c0a161009b7a5eac64c13c66319fe756f23f64c0ca549b83829a8547409deec7,true,true,true,true
229,5800000,1,reciprocal_c2_mixed_d0_d1_t2,production,periodic,2,1,256,32,144|144,287,256,32,288,144,1/999986/2;1/999986/2,false,true,true,true,5094d190f090c3b5482047846e966a24410bb88a805c8e2149862154b37ee99a,73432a804c96c1163fabc19f070a44ca224c21a9a30e003c6085b3199ad59a72,7bf0d39612af60bbf7bd3363e2f4e532570f65a470840fb4c11b8327e8e39caa,c0a161009b7a5eac64c13c66319fe756f23f64c0ca549b83829a8547409deec7,true,true,true,true
230,5800000,1,reciprocal_c2_d1_t2_alternating_phase,reference,periodic,2,2,256,32,144|144,287,256,32,288,288,1/999972/2;1/999972/2,false,true,true,true,25a16579c81fb881c7ea2874886e265c35b4dbf471b972e6317107abec517bea,3e27ef805dccc737adbc7385e93bcf8429ea6d3f9850a7f9123625cc01256a22,109534d32de3ca80d647923875d95c3e7f5cff02c9541760ab804afb1b840b2f,bbebf74067cf9f99c91dc6793d9d6e8015c57fe4d1d2a5cf75c64175c8b14f94,true,true,true,true
230,5800000,1,reciprocal_c2_d1_t2_alternating_phase,production,periodic,2,2,256,32,144|144,287,256,32,288,288,1/999972/2;1/999972/2,false,true,true,true,25a16579c81fb881c7ea2874886e265c35b4dbf471b972e6317107abec517bea,3e27ef805dccc737adbc7385e93bcf8429ea6d3f9850a7f9123625cc01256a22,109534d32de3ca80d647923875d95c3e7f5cff02c9541760ab804afb1b840b2f,da165f971b6008490482d38ec6fd19cc9d370d1948a9b299740bc84cf709ee6e,true,true,true,true
231,5800000,1,reciprocal_c2_d1_t1,reference,periodic,2,2,256,32,144|144,287,256,32,288,288,1/999972/2;1/999972/2,false,true,true,true,1a047f0e2d4fc1f151c98de7c6997bd2e1c58051364e38797822e1b36e818d61,0da61e4fa64c2210d0a4412c079ea9a03e058cc06bf960b68fb7f61febf11fd6,d1006f50b310ffa9f21e4dacb7f5d56210af45f8d058324c4964b05042ca9a04,458ed761f1666fe4c6ee86d50852d089462ddf4d3b36abf5e327042883610b19,true,true,true,true
231,5800000,1,reciprocal_c2_d1_t1,production,periodic,2,2,256,32,144|144,287,256,32,288,288,1/999972/2;1/999972/2,false,true,true,true,1a047f0e2d4fc1f151c98de7c6997bd2e1c58051364e38797822e1b36e818d61,0da61e4fa64c2210d0a4412c079ea9a03e058cc06bf960b68fb7f61febf11fd6,d1006f50b310ffa9f21e4dacb7f5d56210af45f8d058324c4964b05042ca9a04,2c9e8901cc8ff157f193c879bb59ea5d32904e8f5ce6bd15244d061efef3b64a,true,true,true,true
232,5800000,1,reciprocal_c2_d1_t3,reference,dies,0,0,1,0,1|0,1,2,0,2,2,1/1000000/2;1/1000000/2,true,false,false,true,db98386bd791483d5ddadb06ee6c2d5200d0d7d8227797f4a0ddb0d189ef81ee,4f53cda18c2baa0c0354bb5f9a3ecbe5ed12ab4d8e11ba873c2f11161202b945,b865d8d27fbf36d6ada4d411a42a70992fcc23b87876a3251b356105464fd791,e4032862700f512bb6f177270bb0b29293fa29159da7f123a24353bae846013e,true,true,true,true
232,5800000,1,reciprocal_c2_d1_t3,production,dies,0,0,1,0,1|0,1,2,0,2,2,1/1000000/2;1/1000000/2,true,false,false,true,db98386bd791483d5ddadb06ee6c2d5200d0d7d8227797f4a0ddb0d189ef81ee,4f53cda18c2baa0c0354bb5f9a3ecbe5ed12ab4d8e11ba873c2f11161202b945,b865d8d27fbf36d6ada4d411a42a70992fcc23b87876a3251b356105464fd791,905e2b9a881de5676be7f5781b4e8a68f10a23da187bc5f8ecdb7e8468307053,true,true,true,true
233,5800000,1,cycle_3_c2_d1_t2,reference,periodic,3,3,256,32,96|96|96,287,256,32,288,288,1/999972/2;1/999972/2;1/999972/2,false,true,true,true,c094d4bf04bd777d300d2c6b194f6ca1215f32ae4f117867f3e0ce64cbce4490,f8f477e8a6fdf699ddfc39c5b3970fb7c87f1ee41c21f8cbab52360b615fd7e4,6450db7d67552cd64f35c897f4b7b11cac91fced9627a6ed0167eda6134c9dea,bf324468332e33da720ecb533156dc39d125385717312b0d3bebe68e0c364d56,true,true,true,true
233,5800000,1,cycle_3_c2_d1_t2,production,periodic,3,3,256,32,96|96|96,287,256,32,288,288,1/999972/2;1/999972/2;1/999972/2,false,true,true,true,c094d4bf04bd777d300d2c6b194f6ca1215f32ae4f117867f3e0ce64cbce4490,f8f477e8a6fdf699ddfc39c5b3970fb7c87f1ee41c21f8cbab52360b615fd7e4,6450db7d67552cd64f35c897f4b7b11cac91fced9627a6ed0167eda6134c9dea,09296e6cf7173b60a530de0778e773545cf58aff16f3e49118c0c981f14d5060,true,true,true,true
234,5800000,1,cycle_4_c2_d1_t2,reference,periodic,4,4,256,32,72|72|72|72,287,256,32,288,288,1/999972/2;1/999972/2;1/999972/2;1/999972/2,false,true,true,true,eea048f5d7b6b3cbd5cb63bbafedfe9c77bdcaf15ac53e90cea5410a27edc99d,2379b7eeda7ea5c81723ffdd4c433807bad2fa0b2ba758a2112cdd2ab34b7921,378f8c1487b69338ef2070b6b10adc29d56dcaf726cbe1dda8759eaf54aea1f9,5a072a4dac6e65dd6980dc7768c27dc3666eb057d2e597c986617b78ae2ba797,true,true,true,true
234,5800000,1,cycle_4_c2_d1_t2,production,periodic,4,4,256,32,72|72|72|72,287,256,32,288,288,1/999972/2;1/999972/2;1/999972/2;1/999972/2,false,true,true,true,eea048f5d7b6b3cbd5cb63bbafedfe9c77bdcaf15ac53e90cea5410a27edc99d,2379b7eeda7ea5c81723ffdd4c433807bad2fa0b2ba758a2112cdd2ab34b7921,378f8c1487b69338ef2070b6b10adc29d56dcaf726cbe1dda8759eaf54aea1f9,49a094ac9ae66010bdd40bcc5a5fdb666c9d5169a317c4692626e09924ab2bfa,true,true,true,true
235,5800000,1,cycle_8_c2_d1_t2,reference,periodic,8,8,256,32,36|36|36|36|36|36|36|36,287,256,32,288,288,1/999972/2;1/999972/2;1/999972/2;1/999972/2;1/999972/2;1/999972/2;1/999972/2;1/999972/2,false,true,true,true,b5f8bb8e8780c3c36903489d9631e937396b8e5444b2070ffb458e2fd75d2ed3,3f7c40c892a4c31b26377cbb9dce36534c91743ac3b32e79f51d26216c639b87,f31459496e4cfc85dedc53f29f0e63dcc61c3097fc1d9705642fb6c9b830d5ce,0cca42e295f425b2077a866f61b859c1dc3c076ddd837624ff41652d0c465421,true,true,true,true
235,5800000,1,cycle_8_c2_d1_t2,production,periodic,8,8,256,32,36|36|36|36|36|36|36|36,287,256,32,288,288,1/999972/2;1/999972/2;1/999972/2;1/999972/2;1/999972/2;1/999972/2;1/999972/2;1/999972/2,false,true,true,true,b5f8bb8e8780c3c36903489d9631e937396b8e5444b2070ffb458e2fd75d2ed3,3f7c40c892a4c31b26377cbb9dce36534c91743ac3b32e79f51d26216c639b87,f31459496e4cfc85dedc53f29f0e63dcc61c3097fc1d9705642fb6c9b830d5ce,24c1a6745b2543b0365305de3e56c5799a48ec3c6d55b0889dd7ba70ac7b64b7,true,true,true,true
236,5800000,1,cycle_3_c2_d0_t2,reference,dies,0,0,3,0,1|1|1,3,4,0,4,1,1/1000000/2;1/1000000/2;1/1000000/2,true,false,false,true,6fe6a500e1c365a772af97bb58d5b4bfb0c15dddd399a32a138d09b805377d48,4f53cda18c2baa0c0354bb5f9a3ecbe5ed12ab4d8e11ba873c2f11161202b945,586a18e894a0524184792ea0df72da4bd6b150f5e4854ba75a64fc04cdb0b88b,c7ffeae4e5495ec2615a1d77ebc6d267e6235267a3ed0af67eb1439dce86b8af,true,true,true,true
236,5800000,1,cycle_3_c2_d0_t2,production,dies,0,0,3,0,1|1|1,3,4,0,4,1,1/1000000/2;1/1000000/2;1/1000000/2,true,false,false,true,6fe6a500e1c365a772af97bb58d5b4bfb0c15dddd399a32a138d09b805377d48,4f53cda18c2baa0c0354bb5f9a3ecbe5ed12ab4d8e11ba873c2f11161202b945,586a18e894a0524184792ea0df72da4bd6b150f5e4854ba75a64fc04cdb0b88b,c7ffeae4e5495ec2615a1d77ebc6d267e6235267a3ed0af67eb1439dce86b8af,true,true,true,true
237,5800000,1,cycle_4_c2_d0_t2,reference,dies,0,0,4,0,1|1|1|1,4,5,0,5,1,1/1000000/2;1/1000000/2;1/1000000/2;1/1000000/2,true,false,false,true,a281d4c773a8741460ccbe125ce7ba6d1521558dd1c0f3ae106cbbc7077ecf15,4f53cda18c2baa0c0354bb5f9a3ecbe5ed12ab4d8e11ba873c2f11161202b945,43df5c790f4f57e24f146b668966b07412b2fd24ebe7515069629468bb34e401,7a7c7bd778a8f6e90116b555777381ca193ab095ed4e273eccccabcc777b9aa7,true,true,true,true
237,5800000,1,cycle_4_c2_d0_t2,production,dies,0,0,4,0,1|1|1|1,4,5,0,5,1,1/1000000/2;1/1000000/2;1/1000000/2;1/1000000/2,true,false,false,true,a281d4c773a8741460ccbe125ce7ba6d1521558dd1c0f3ae106cbbc7077ecf15,4f53cda18c2baa0c0354bb5f9a3ecbe5ed12ab4d8e11ba873c2f11161202b945,43df5c790f4f57e24f146b668966b07412b2fd24ebe7515069629468bb34e401,7a7c7bd778a8f6e90116b555777381ca193ab095ed4e273eccccabcc777b9aa7,true,true,true,true
238,5800000,1,cycle_8_c2_d0_t2,reference,dies,0,0,8,0,1|1|1|1|1|1|1|1,8,9,0,9,1,1/1000000/2;1/1000000/2;1/1000000/2;1/1000000/2;1/1000000/2;1/1000000/2;1/1000000/2;1/1000000/2,true,false,false,true,15e8212e18226eddf79fa31715b2fed9b2b214f356856dc0ed1a8776a4d68ad4,4f53cda18c2baa0c0354bb5f9a3ecbe5ed12ab4d8e11ba873c2f11161202b945,026143305591c1f4c66c840ef55842d0af4600bcb2e6cc8cc4e2e7bd80309494,f770b0248b17f29ddb3911dee4487830ae56db2e5e51768050178c671e6de697,true,true,true,true
238,5800000,1,cycle_8_c2_d0_t2,production,dies,0,0,8,0,1|1|1|1|1|1|1|1,8,9,0,9,1,1/1000000/2;1/1000000/2;1/1000000/2;1/1000000/2;1/1000000/2;1/1000000/2;1/1000000/2;1/1000000/2,true,false,false,true,15e8212e18226eddf79fa31715b2fed9b2b214f356856dc0ed1a8776a4d68ad4,4f53cda18c2baa0c0354bb5f9a3ecbe5ed12ab4d8e11ba873c2f11161202b945,026143305591c1f4c66c840ef55842d0af4600bcb2e6cc8cc4e2e7bd80309494,f770b0248b17f29ddb3911dee4487830ae56db2e5e51768050178c671e6de697,true,true,true,true
239,5800000,1,chain_8_c2_d1_t2,reference,dies,0,0,8,0,1|1|1|1|1|1|1|1,7,8,0,8,8,1/1000000/2;1/1000000/2;1/1000000/2;1/1000000/2;1/1000000/2;1/1000000/2;1/1000000/2,true,false,false,true,7d5a5358d438600f34c77a483c0a9d984d0f5816ae699ddee80b3d154f676370,4f53cda18c2baa0c0354bb5f9a3ecbe5ed12ab4d8e11ba873c2f11161202b945,bcc5cb1634fb96b39e4638d9eaf7c414a5b16d2a037c6d2e46b0cef7ed231bda,9ae27947edf57e86ae927639bd374ae2c9297d44bad0e927579a4d1c38a5fdb4,true,true,true,true
239,5800000,1,chain_8_c2_d1_t2,production,dies,0,0,8,0,1|1|1|1|1|1|1|1,7,8,0,8,8,1/1000000/2;1/1000000/2;1/1000000/2;1/1000000/2;1/1000000/2;1/1000000/2;1/1000000/2,true,false,false,true,7d5a5358d438600f34c77a483c0a9d984d0f5816ae699ddee80b3d154f676370,4f53cda18c2baa0c0354bb5f9a3ecbe5ed12ab4d8e11ba873c2f11161202b945,bcc5cb1634fb96b39e4638d9eaf7c414a5b16d2a037c6d2e46b0cef7ed231bda,4032a0aff36e54d5675b0c93169c51419e94bae8e77882f48b1ddf840345f10c,true,true,true,true
240,5800000,1,chain_8_c2_d0_t2,reference,dies,0,0,8,0,1|1|1|1|1|1|1|1,7,8,0,8,1,1/1000000/2;1/1000000/2;1/1000000/2;1/1000000/2;1/1000000/2;1/1000000/2;1/1000000/2,true,false,false,true,58564689d89a3e379de2e8673a36a0094a1676119afe94b1bffb3ce25096e62c,4f53cda18c2baa0c0354bb5f9a3ecbe5ed12ab4d8e11ba873c2f11161202b945,878d732f838f9027526454f16bd59608cf031ea565f2fda98982860553009fd2,9f75cc91c7ccf1381c43890901b6bf5a0fba5b0d99bc3e5ac649e02fcfa66b67,true,true,true,true
240,5800000,1,chain_8_c2_d0_t2,production,dies,0,0,8,0,1|1|1|1|1|1|1|1,7,8,0,8,1,1/1000000/2;1/1000000/2;1/1000000/2;1/1000000/2;1/1000000/2;1/1000000/2;1/1000000/2,true,false,false,true,58564689d89a3e379de2e8673a36a0094a1676119afe94b1bffb3ce25096e62c,4f53cda18c2baa0c0354bb5f9a3ecbe5ed12ab4d8e11ba873c2f11161202b945,878d732f838f9027526454f16bd59608cf031ea565f2fda98982860553009fd2,9f75cc91c7ccf1381c43890901b6bf5a0fba5b0d99bc3e5ac649e02fcfa66b67,true,true,true,true
241,5800000,2,one_way_c2_d1_t2,reference,dies,0,0,2,0,1|1,1,2,0,2,3,1/1000000/2,true,false,false,true,ed4f307f8b05b47d8c09bde9fe30d0d5804942d6cab838de03c1f35c8ac2a288,4f53cda18c2baa0c0354bb5f9a3ecbe5ed12ab4d8e11ba873c2f11161202b945,ba86850bcdef45619e13652e953232b0e9973d49ed7837a81035be5b289a10c2,3b2612955751add5533e7324e0dbf64dfcc05ec5a048959c29787e8b3b6d1085,true,true,true,true
241,5800000,2,one_way_c2_d1_t2,production,dies,0,0,2,0,1|1,1,2,0,2,3,1/1000000/2,true,false,false,true,ed4f307f8b05b47d8c09bde9fe30d0d5804942d6cab838de03c1f35c8ac2a288,4f53cda18c2baa0c0354bb5f9a3ecbe5ed12ab4d8e11ba873c2f11161202b945,ba86850bcdef45619e13652e953232b0e9973d49ed7837a81035be5b289a10c2,70b1d1172c5acfbe7e5ab4a455c5a08745b0058b40bfcf822c6060f8115ddf37,true,true,true,true
242,5800000,2,reciprocal_c1_d1_t2,reference,dies,0,0,1,0,1|0,1,2,0,2,3,1/1000000/1;1/1000000/1,true,false,false,true,64abaae57bf686e524d04d38586e8949d59d328fa6cded97b73151fab784ecc5,4f53cda18c2baa0c0354bb5f9a3ecbe5ed12ab4d8e11ba873c2f11161202b945,7e61c7860810a7dea41d2865dff5e53f0939349d47e63403599daa86104c144b,735e67f2f64c9b6320d09bd8e7873ab6f8f2a6274624a9c59732f90a16689f3b,true,true,true,true
242,5800000,2,reciprocal_c1_d1_t2,production,dies,0,0,1,0,1|0,1,2,0,2,3,1/1000000/1;1/1000000/1,true,false,false,true,64abaae57bf686e524d04d38586e8949d59d328fa6cded97b73151fab784ecc5,4f53cda18c2baa0c0354bb5f9a3ecbe5ed12ab4d8e11ba873c2f11161202b945,7e61c7860810a7dea41d2865dff5e53f0939349d47e63403599daa86104c144b,6aad26aab96c3e49fb17dfa01de4e82b8d025d977173bec43a8e6e5a7cac7a42,true,true,true,true
243,5800000,2,reciprocal_c1_d1_t1,reference,periodic,2,2,256,32,144|144,287,256,32,288,289,1/999972/1;1/999972/1,false,true,true,true,a256b61749b7ea53baff836dc630db8126ca43855604e1edfa875b248d9c082d,5a636acd7f7ae17daffe009e96f95a75c2a99dd94c96086024e9ff7b68a9788d,997bd6d3e67c16f14a1e0c20988056a638636364c4e61806761c27576977f979,891e69e615a9101cba90f1dffb2ab92caebda11c06863465a050d6f2f83f58d3,true,true,true,true
243,5800000,2,reciprocal_c1_d1_t1,production,periodic,2,2,256,32,144|144,287,256,32,288,289,1/999972/1;1/999972/1,false,true,true,true,a256b61749b7ea53baff836dc630db8126ca43855604e1edfa875b248d9c082d,5a636acd7f7ae17daffe009e96f95a75c2a99dd94c96086024e9ff7b68a9788d,997bd6d3e67c16f14a1e0c20988056a638636364c4e61806761c27576977f979,0b5e6b0bfd57040e8994e6b54210ccd30c23494994ad497c6fe0b94f83205bb7,true,true,true,true
244,5800000,2,reciprocal_c2_d0_t2,reference,dies,0,0,2,0,1|1,2,3,0,3,2,1/1000000/2;1/1000000/2,true,false,false,true,e1ed8a5345dd987f582aaab91f1e8629480472076bc96a6c2a0ad18f23cc6335,4f53cda18c2baa0c0354bb5f9a3ecbe5ed12ab4d8e11ba873c2f11161202b945,1249964b4484da02ac884c9714ae292c5a1e9e76917ba0351cc83ba646785aa5,57eddb07bb14cd22ac2306589b9fc957918d596b9e10a83feaf6a5c964e4098d,true,true,true,true
244,5800000,2,reciprocal_c2_d0_t2,production,dies,0,0,2,0,1|1,2,3,0,3,2,1/1000000/2;1/1000000/2,true,false,false,true,e1ed8a5345dd987f582aaab91f1e8629480472076bc96a6c2a0ad18f23cc6335,4f53cda18c2baa0c0354bb5f9a3ecbe5ed12ab4d8e11ba873c2f11161202b945,1249964b4484da02ac884c9714ae292c5a1e9e76917ba0351cc83ba646785aa5,57eddb07bb14cd22ac2306589b9fc957918d596b9e10a83feaf6a5c964e4098d,true,true,true,true
245,5800000,2,reciprocal_c2_d0_t2_alternating_phase,reference,dies,0,0,2,0,1|1,2,3,0,3,2,1/1000000/2;1/1000000/2,true,false,false,true,105572a18052fc06901ab0e09493ca6e5aa39f0185bec2852cfde0227d919929,4f53cda18c2baa0c0354bb5f9a3ecbe5ed12ab4d8e11ba873c2f11161202b945,f7220b224854e72e70241987daca61c91c51a9d01d695110df4804b4b3ee8744,92f3ad8acbfde19c79ee9121f789aeec58d4843178530537bc416d08d37adc66,true,true,true,true
245,5800000,2,reciprocal_c2_d0_t2_alternating_phase,production,dies,0,0,2,0,1|1,2,3,0,3,2,1/1000000/2;1/1000000/2,true,false,false,true,105572a18052fc06901ab0e09493ca6e5aa39f0185bec2852cfde0227d919929,4f53cda18c2baa0c0354bb5f9a3ecbe5ed12ab4d8e11ba873c2f11161202b945,f7220b224854e72e70241987daca61c91c51a9d01d695110df4804b4b3ee8744,92f3ad8acbfde19c79ee9121f789aeec58d4843178530537bc416d08d37adc66,true,true,true,true
246,5800000,2,reciprocal_c2_d1_t2,reference,periodic,2,2,256,32,144|144,287,256,32,288,289,1/999972/2;1/999972/2,false,true,true,true,261496d9ec9245770a589dd0890f1cd93ef1be7dfc59b0bf303d2ba326bb1b6a,2d117c854206cdb1ef3acd508ade79a95f3bc789a216efe1af6386c18ef6876f,bb2faaa4858b7b832fdcb0475b352cb8cf5688428fc850fc081dcb0ff41f6256,1d580d35c8d5b35787401b7041235f7fed2bd89532386026b7561366b8a3bd19,true,true,true,true
246,5800000,2,reciprocal_c2_d1_t2,production,periodic,2,2,256,32,144|144,287,256,32,288,289,1/999972/2;1/999972/2,false,true,true,true,261496d9ec9245770a589dd0890f1cd93ef1be7dfc59b0bf303d2ba326bb1b6a,2d117c854206cdb1ef3acd508ade79a95f3bc789a216efe1af6386c18ef6876f,bb2faaa4858b7b832fdcb0475b352cb8cf5688428fc850fc081dcb0ff41f6256,809f2768589cb465f8a76076ad5ded09c73c1184e7cb3bf77b969b64d350ad01,true,true,true,true
247,5800000,2,reciprocal_c2_d2_t2,reference,periodic,2,4,256,32,144|144,287,256,32,288,576,1/999943/2;1/999943/2,false,true,true,true,b5ffb084efe07357c7b8c6211a48f681ed932c4cc0ffeb2aacc8e7b136c9b30b,36f613f45668289044c6c2114447c3eb74cee2120e093bf6f36e9c58e5e1f7e8,6fed6072200f51a9defa56ce37054214fd61204d8d8d5cbbeebf990dbf2630f0,100001d92e0b776879b3987fd70fedc5976caaa5d606a51d4d387832d6ef31ac,true,true,true,true
247,5800000,2,reciprocal_c2_d2_t2,production,periodic,2,4,256,32,144|144,287,256,32,288,576,1/999943/2;1/999943/2,false,true,true,true,b5ffb084efe07357c7b8c6211a48f681ed932c4cc0ffeb2aacc8e7b136c9b30b,36f613f45668289044c6c2114447c3eb74cee2120e093bf6f36e9c58e5e1f7e8,6fed6072200f51a9defa56ce37054214fd61204d8d8d5cbbeebf990dbf2630f0,b5ad053a44321367ef146a2694b35dbb9b34f02d7e3f81354e36c494f42d5f37,true,true,true,true
248,5800000,2,reciprocal_c2_d3_t2,reference,periodic,2,6,256,32,144|144,287,256,32,288,863,1/999914/2;1/999914/2,false,true,true,true,7ce8308ceeff061735c9fd398b4308ad0afd20a17ab6ed211bb60d35b10e11f8,9d82ffff987c413969db4905287d1bd5e49b02f95dbcf59c8595f0dd2cda033d,09a2b470e6e5f822853cddfdc17ed6d8d10eca077dbfd25ce613ead1ba852de2,3b9e5d0a2d2ad418d1fcc0595543a2ddb5f59d8c960ab5696b28b1863d2cd469,true,true,true,true
248,5800000,2,reciprocal_c2_d3_t2,production,periodic,2,6,256,32,144|144,287,256,32,288,863,1/999914/2;1/999914/2,false,true,true,true,7ce8308ceeff061735c9fd398b4308ad0afd20a17ab6ed211bb60d35b10e11f8,9d82ffff987c413969db4905287d1bd5e49b02f95dbcf59c8595f0dd2cda033d,09a2b470e6e5f822853cddfdc17ed6d8d10eca077dbfd25ce613ead1ba852de2,a3cd775b8faf770c2e18b82c9d3e1dd3cb56d4af7e5eb1822c155c91627ef4ae,true,true,true,true
249,5800000,2,reciprocal_c2_mixed_d0_d1_t2,reference,periodic,2,1,256,32,144|144,287,256,32,288,145,1/999986/2;1/999986/2,false,true,true,true,6c5e9c6ae595bfd035d017910cc60cd582a5a029693d85039a7fe55996fe630a,b19165cfd1f42879c60ed28f52489f43ef79964fa8aae53672da392ce9b72969,7bf0d39612af60bbf7bd3363e2f4e532570f65a470840fb4c11b8327e8e39caa,338ccbe2428ca4758d34e32d524edb5da0a97733833be65f787b3fc386c94f13,true,true,true,true
249,5800000,2,reciprocal_c2_mixed_d0_d1_t2,production,periodic,2,1,256,32,144|144,287,256,32,288,145,1/999986/2;1/999986/2,false,true,true,true,6c5e9c6ae595bfd035d017910cc60cd582a5a029693d85039a7fe55996fe630a,b19165cfd1f42879c60ed28f52489f43ef79964fa8aae53672da392ce9b72969,7bf0d39612af60bbf7bd3363e2f4e532570f65a470840fb4c11b8327e8e39caa,338ccbe2428ca4758d34e32d524edb5da0a97733833be65f787b3fc386c94f13,true,true,true,true
250,5800000,2,reciprocal_c2_d1_t2_alternating_phase,reference,periodic,2,2,256,32,144|144,287,256,32,288,289,1/999972/2;1/999972/2,false,true,true,true,e968b63ab95a50c92e880a530bf77eccf4a13fa7d2d806661d1b7b93e947281b,4719b4df7f9e3a900267f7b5b80f29a18250e9f858b3fe2532f8a29ab9831053,109534d32de3ca80d647923875d95c3e7f5cff02c9541760ab804afb1b840b2f,8ba7f31a956fc6a802781d72e0623eebf33c2b0f8bb0e52ee1b68b549842f4ff,true,true,true,true
250,5800000,2,reciprocal_c2_d1_t2_alternating_phase,production,periodic,2,2,256,32,144|144,287,256,32,288,289,1/999972/2;1/999972/2,false,true,true,true,e968b63ab95a50c92e880a530bf77eccf4a13fa7d2d806661d1b7b93e947281b,4719b4df7f9e3a900267f7b5b80f29a18250e9f858b3fe2532f8a29ab9831053,109534d32de3ca80d647923875d95c3e7f5cff02c9541760ab804afb1b840b2f,cae7d76b1f54cf733c73a54ddab5cffeb738842a88959a0c109326e7a0c39e05,true,true,true,true
251,5800000,2,reciprocal_c2_d1_t1,reference,periodic,2,2,256,32,144|144,287,256,32,288,289,1/999972/2;1/999972/2,false,true,true,true,fa55aac0d29a6352411f21cb0fa7905827ae54b41373a31c99faa5148f1de213,2d117c854206cdb1ef3acd508ade79a95f3bc789a216efe1af6386c18ef6876f,d1006f50b310ffa9f21e4dacb7f5d56210af45f8d058324c4964b05042ca9a04,1f07802c1303014131139dd0950040241edf626f4a9e499c86ac9a7a17538711,true,true,true,true
251,5800000,2,reciprocal_c2_d1_t1,production,periodic,2,2,256,32,144|144,287,256,32,288,289,1/999972/2;1/999972/2,false,true,true,true,fa55aac0d29a6352411f21cb0fa7905827ae54b41373a31c99faa5148f1de213,2d117c854206cdb1ef3acd508ade79a95f3bc789a216efe1af6386c18ef6876f,d1006f50b310ffa9f21e4dacb7f5d56210af45f8d058324c4964b05042ca9a04,2268a768c0d3c3a8d2509fd2b38be41457fb7c23b031e9f88cbf2139ecb98261,true,true,true,true
252,5800000,2,reciprocal_c2_d1_t3,reference,dies,0,0,1,0,1|0,1,2,0,2,3,1/1000000/2;1/1000000/2,true,false,false,true,4fc095965a093fd73bd18036812ac528e68653f016dcfc7cc8cc214d28438ca8,4f53cda18c2baa0c0354bb5f9a3ecbe5ed12ab4d8e11ba873c2f11161202b945,b865d8d27fbf36d6ada4d411a42a70992fcc23b87876a3251b356105464fd791,1b0e0f0c4badcfef7e26e959787a82f5d03ece5462a048bca807e5241313f190,true,true,true,true
252,5800000,2,reciprocal_c2_d1_t3,production,dies,0,0,1,0,1|0,1,2,0,2,3,1/1000000/2;1/1000000/2,true,false,false,true,4fc095965a093fd73bd18036812ac528e68653f016dcfc7cc8cc214d28438ca8,4f53cda18c2baa0c0354bb5f9a3ecbe5ed12ab4d8e11ba873c2f11161202b945,b865d8d27fbf36d6ada4d411a42a70992fcc23b87876a3251b356105464fd791,8ba6b76e0e7145630c24f8148cc2042d4341891962e412aa9a65a9e241ef96de,true,true,true,true
253,5800000,2,cycle_3_c2_d1_t2,reference,periodic,3,3,256,32,96|96|96,287,256,32,288,289,1/999972/2;1/999972/2;1/999972/2,false,true,true,true,da666cce466e8f6d6544ffe01c497457fd2b7de2875461077ed6c1a98cb75106,ad605206050154e04e5f7e3f7d18c7a3e783ceba6d84622e1c7d19f8a1e15b38,6450db7d67552cd64f35c897f4b7b11cac91fced9627a6ed0167eda6134c9dea,e2a44b84ef71c34d6c08a3b67341927e3cb24fcf55e32031e41804ceef556c04,true,true,true,true
253,5800000,2,cycle_3_c2_d1_t2,production,periodic,3,3,256,32,96|96|96,287,256,32,288,289,1/999972/2;1/999972/2;1/999972/2,false,true,true,true,da666cce466e8f6d6544ffe01c497457fd2b7de2875461077ed6c1a98cb75106,ad605206050154e04e5f7e3f7d18c7a3e783ceba6d84622e1c7d19f8a1e15b38,6450db7d67552cd64f35c897f4b7b11cac91fced9627a6ed0167eda6134c9dea,4899f55dd5aeaea1b1dbc7bb8cd9f49070e6f4f1e35c306085958a9d5254abf5,true,true,true,true
254,5800000,2,cycle_4_c2_d1_t2,reference,periodic,4,4,256,32,72|72|72|72,287,256,32,288,289,1/999972/2;1/999972/2;1/999972/2;1/999972/2,false,true,true,true,dcd5a0016e33332a4083ffcd511e8f74d9b3595f3abd9f3b1c79bfc917dc0bad,2cbbad45d25ee54857b982033cb31ddf763a8770ada341377ed65df4b3462e11,378f8c1487b69338ef2070b6b10adc29d56dcaf726cbe1dda8759eaf54aea1f9,219363d04fe4c8e260fbda3353d94a03c41dcb4f2f20bad52903651f49f88e6d,true,true,true,true
254,5800000,2,cycle_4_c2_d1_t2,production,periodic,4,4,256,32,72|72|72|72,287,256,32,288,289,1/999972/2;1/999972/2;1/999972/2;1/999972/2,false,true,true,true,dcd5a0016e33332a4083ffcd511e8f74d9b3595f3abd9f3b1c79bfc917dc0bad,2cbbad45d25ee54857b982033cb31ddf763a8770ada341377ed65df4b3462e11,378f8c1487b69338ef2070b6b10adc29d56dcaf726cbe1dda8759eaf54aea1f9,b91e99ea6511453fcb77f7902a20ada47cde8cd2ffc0880f1d32131d869d7840,true,true,true,true
255,5800000,2,cycle_8_c2_d1_t2,reference,periodic,8,8,256,32,36|36|36|36|36|36|36|36,287,256,32,288,289,1/999972/2;1/999972/2;1/999972/2;1/999972/2;1/999972/2;1/999972/2;1/999972/2;1/999972/2,false,true,true,true,e3cc60eda31e51e32fd476e5153329ea83d6afb52e62ade43be399d8916f1e65,ca07d4f467f405491b87d5758c300f1bc74e66b343c3c5df895d815d55d35935,f31459496e4cfc85dedc53f29f0e63dcc61c3097fc1d9705642fb6c9b830d5ce,ca1b18acc96bb267bb54ed8e7b87f62e434816978b708fa42387f38710d6ac10,true,true,true,true
255,5800000,2,cycle_8_c2_d1_t2,production,periodic,8,8,256,32,36|36|36|36|36|36|36|36,287,256,32,288,289,1/999972/2;1/999972/2;1/999972/2;1/999972/2;1/999972/2;1/999972/2;1/999972/2;1/999972/2,false,true,true,true,e3cc60eda31e51e32fd476e5153329ea83d6afb52e62ade43be399d8916f1e65,ca07d4f467f405491b87d5758c300f1bc74e66b343c3c5df895d815d55d35935,f31459496e4cfc85dedc53f29f0e63dcc61c3097fc1d9705642fb6c9b830d5ce,dcc216973d86c7846286af654924d9da22ab8bb8bf5922b593bf2e4c85d2a4d9,true,true,true,true
256,5800000,2,cycle_3_c2_d0_t2,reference,dies,0,0,3,0,1|1|1,3,4,0,4,2,1/1000000/2;1/1000000/2;1/1000000/2,true,false,false,true,9cffaed855b116ffb98993c8dd9703cd6efedecdcd57a86ba0265ec1e5838f74,4f53cda18c2baa0c0354bb5f9a3ecbe5ed12ab4d8e11ba873c2f11161202b945,586a18e894a0524184792ea0df72da4bd6b150f5e4854ba75a64fc04cdb0b88b,5ebf6280d3bbcfcf68b6df9d11c94ae3204419d8ac44c24129960558d538d6de,true,true,true,true
256,5800000,2,cycle_3_c2_d0_t2,production,dies,0,0,3,0,1|1|1,3,4,0,4,2,1/1000000/2;1/1000000/2;1/1000000/2,true,false,false,true,9cffaed855b116ffb98993c8dd9703cd6efedecdcd57a86ba0265ec1e5838f74,4f53cda18c2baa0c0354bb5f9a3ecbe5ed12ab4d8e11ba873c2f11161202b945,586a18e894a0524184792ea0df72da4bd6b150f5e4854ba75a64fc04cdb0b88b,5ebf6280d3bbcfcf68b6df9d11c94ae3204419d8ac44c24129960558d538d6de,true,true,true,true
257,5800000,2,cycle_4_c2_d0_t2,reference,dies,0,0,4,0,1|1|1|1,4,5,0,5,2,1/1000000/2;1/1000000/2;1/1000000/2;1/1000000/2,true,false,false,true,29729446e65fc0f4daab1a9e1a5a074624c0c1918c9ff098cc247503e02e7330,4f53cda18c2baa0c0354bb5f9a3ecbe5ed12ab4d8e11ba873c2f11161202b945,43df5c790f4f57e24f146b668966b07412b2fd24ebe7515069629468bb34e401,8e4d599921dc1333f3186a0309f5314a70dac4ce14175cb2bc60c3756c3faae8,true,true,true,true
257,5800000,2,cycle_4_c2_d0_t2,production,dies,0,0,4,0,1|1|1|1,4,5,0,5,2,1/1000000/2;1/1000000/2;1/1000000/2;1/1000000/2,true,false,false,true,29729446e65fc0f4daab1a9e1a5a074624c0c1918c9ff098cc247503e02e7330,4f53cda18c2baa0c0354bb5f9a3ecbe5ed12ab4d8e11ba873c2f11161202b945,43df5c790f4f57e24f146b668966b07412b2fd24ebe7515069629468bb34e401,8e4d599921dc1333f3186a0309f5314a70dac4ce14175cb2bc60c3756c3faae8,true,true,true,true
258,5800000,2,cycle_8_c2_d0_t2,reference,dies,0,0,8,0,1|1|1|1|1|1|1|1,8,9,0,9,2,1/1000000/2;1/1000000/2;1/1000000/2;1/1000000/2;1/1000000/2;1/1000000/2;1/1000000/2;1/1000000/2,true,false,false,true,4ac174cd934cccf5823d05f48a62bc80c3d33ab015342aa2685608d2ce8a0f14,4f53cda18c2baa0c0354bb5f9a3ecbe5ed12ab4d8e11ba873c2f11161202b945,026143305591c1f4c66c840ef55842d0af4600bcb2e6cc8cc4e2e7bd80309494,20234df3cd2582779a2bd47df84f8ad83a989078509899953a6d9ac778484e42,true,true,true,true
258,5800000,2,cycle_8_c2_d0_t2,production,dies,0,0,8,0,1|1|1|1|1|1|1|1,8,9,0,9,2,1/1000000/2;1/1000000/2;1/1000000/2;1/1000000/2;1/1000000/2;1/1000000/2;1/1000000/2;1/1000000/2,true,false,false,true,4ac174cd934cccf5823d05f48a62bc80c3d33ab015342aa2685608d2ce8a0f14,4f53cda18c2baa0c0354bb5f9a3ecbe5ed12ab4d8e11ba873c2f11161202b945,026143305591c1f4c66c840ef55842d0af4600bcb2e6cc8cc4e2e7bd80309494,20234df3cd2582779a2bd47df84f8ad83a989078509899953a6d9ac778484e42,true,true,true,true
259,5800000,2,chain_8_c2_d1_t2,reference,dies,0,0,8,0,1|1|1|1|1|1|1|1,7,8,0,8,9,1/1000000/2;1/1000000/2;1/1000000/2;1/1000000/2;1/1000000/2;1/1000000/2;1/1000000/2,true,false,false,true,cb656bbe0d4e0ab59e3744ab0c56ecf31eb5e1629cefd1037a4ebc9906d5ee42,4f53cda18c2baa0c0354bb5f9a3ecbe5ed12ab4d8e11ba873c2f11161202b945,bcc5cb1634fb96b39e4638d9eaf7c414a5b16d2a037c6d2e46b0cef7ed231bda,7e9205b29b5152fd802c9a30710af768b5276316ec2a403f0c796eb7593f6240,true,true,true,true
259,5800000,2,chain_8_c2_d1_t2,production,dies,0,0,8,0,1|1|1|1|1|1|1|1,7,8,0,8,9,1/1000000/2;1/1000000/2;1/1000000/2;1/1000000/2;1/1000000/2;1/1000000/2;1/1000000/2,true,false,false,true,cb656bbe0d4e0ab59e3744ab0c56ecf31eb5e1629cefd1037a4ebc9906d5ee42,4f53cda18c2baa0c0354bb5f9a3ecbe5ed12ab4d8e11ba873c2f11161202b945,bcc5cb1634fb96b39e4638d9eaf7c414a5b16d2a037c6d2e46b0cef7ed231bda,b6b2f1df753d1964269ac0a736e6fb716ba46e670865f5798d0966e734a7b610,true,true,true,true
260,5800000,2,chain_8_c2_d0_t2,reference,dies,0,0,8,0,1|1|1|1|1|1|1|1,7,8,0,8,2,1/1000000/2;1/1000000/2;1/1000000/2;1/1000000/2;1/1000000/2;1/1000000/2;1/1000000/2,true,false,false,true,89bacab8cac9c814f831ff04d572615907a065efba93ca89dcf7f8601a9394b1,4f53cda18c2baa0c0354bb5f9a3ecbe5ed12ab4d8e11ba873c2f11161202b945,878d732f838f9027526454f16bd59608cf031ea565f2fda98982860553009fd2,9c5d2ed6fe349222d7afada334c26710fe163c05b391c91532067823f6ecff23,true,true,true,true
260,5800000,2,chain_8_c2_d0_t2,production,dies,0,0,8,0,1|1|1|1|1|1|1|1,7,8,0,8,2,1/1000000/2;1/1000000/2;1/1000000/2;1/1000000/2;1/1000000/2;1/1000000/2;1/1000000/2,true,false,false,true,89bacab8cac9c814f831ff04d572615907a065efba93ca89dcf7f8601a9394b1,4f53cda18c2baa0c0354bb5f9a3ecbe5ed12ab4d8e11ba873c2f11161202b945,878d732f838f9027526454f16bd59608cf031ea565f2fda98982860553009fd2,9c5d2ed6fe349222d7afada334c26710fe163c05b391c91532067823f6ecff23,true,true,true,true
261,5800000,3,one_way_c2_d1_t2,reference,dies,0,0,2,0,1|1,1,2,0,2,4,1/1000000/2,true,false,false,true,9560706030cada8aeb00fe315c85dc590619c73625ffe56df5b059e212590c1f,4f53cda18c2baa0c0354bb5f9a3ecbe5ed12ab4d8e11ba873c2f11161202b945,ba86850bcdef45619e13652e953232b0e9973d49ed7837a81035be5b289a10c2,5cc797f793c7d1194a00fc4882957e98e14cdb1efc6696be0a3178f3f47053aa,true,true,true,true
261,5800000,3,one_way_c2_d1_t2,production,dies,0,0,2,0,1|1,1,2,0,2,4,1/1000000/2,true,false,false,true,9560706030cada8aeb00fe315c85dc590619c73625ffe56df5b059e212590c1f,4f53cda18c2baa0c0354bb5f9a3ecbe5ed12ab4d8e11ba873c2f11161202b945,ba86850bcdef45619e13652e953232b0e9973d49ed7837a81035be5b289a10c2,914aea5da99d41f37d1deb7a6b16039b73201d68ee83d760bce80f784495f1cd,true,true,true,true
262,5800000,3,reciprocal_c1_d1_t2,reference,dies,0,0,1,0,1|0,1,2,0,2,4,1/1000000/1;1/1000000/1,true,false,false,true,b95b451d47c16553755f8232574df8d6039f74401160d5c7f763df575f070ddb,4f53cda18c2baa0c0354bb5f9a3ecbe5ed12ab4d8e11ba873c2f11161202b945,7e61c7860810a7dea41d2865dff5e53f0939349d47e63403599daa86104c144b,6a2b9b94061a05882fcd60df22683d73293a054f66e8c7261d3eb8e28e02a9bf,true,true,true,true
262,5800000,3,reciprocal_c1_d1_t2,production,dies,0,0,1,0,1|0,1,2,0,2,4,1/1000000/1;1/1000000/1,true,false,false,true,b95b451d47c16553755f8232574df8d6039f74401160d5c7f763df575f070ddb,4f53cda18c2baa0c0354bb5f9a3ecbe5ed12ab4d8e11ba873c2f11161202b945,7e61c7860810a7dea41d2865dff5e53f0939349d47e63403599daa86104c144b,52b282d25b2c5aef71d55d65e22b0d91fda0883ec6e2f04625a7be758c1f1782,true,true,true,true
263,5800000,3,reciprocal_c1_d1_t1,reference,periodic,2,2,256,32,144|144,287,256,32,288,290,1/999972/1;1/999972/1,false,true,true,true,0e29545f888101ead60b52f59bbe95f4ee6f9e23057fa221b8cd4a77e3aec17d,338a0e2d3a18d582d817cdb51162ae6351873ca6a097a363df020d3884eae8f3,997bd6d3e67c16f14a1e0c20988056a638636364c4e61806761c27576977f979,2da4dc0da8e772fb4d415338e599c3a40ba6c12ba1667c2c3c93298a90bac1fe,true,true,true,true
263,5800000,3,reciprocal_c1_d1_t1,production,periodic,2,2,256,32,144|144,287,256,32,288,290,1/999972/1;1/999972/1,false,true,true,true,0e29545f888101ead60b52f59bbe95f4ee6f9e23057fa221b8cd4a77e3aec17d,338a0e2d3a18d582d817cdb51162ae6351873ca6a097a363df020d3884eae8f3,997bd6d3e67c16f14a1e0c20988056a638636364c4e61806761c27576977f979,461c0a272424e89563867d6ed622d6677969e8ee78eeab85803dbb18ca377262,true,true,true,true
264,5800000,3,reciprocal_c2_d0_t2,reference,dies,0,0,2,0,1|1,2,3,0,3,3,1/1000000/2;1/1000000/2,true,false,false,true,1fb0a3e475174f1e4ea50d9a48308b9fc464239d0ba438b0f90f491054f0ddec,4f53cda18c2baa0c0354bb5f9a3ecbe5ed12ab4d8e11ba873c2f11161202b945,1249964b4484da02ac884c9714ae292c5a1e9e76917ba0351cc83ba646785aa5,24bfa31a8e199fc41a96833ececb911a40ae96d25b57caa5e8f7f9caba6a69a7,true,true,true,true
264,5800000,3,reciprocal_c2_d0_t2,production,dies,0,0,2,0,1|1,2,3,0,3,3,1/1000000/2;1/1000000/2,true,false,false,true,1fb0a3e475174f1e4ea50d9a48308b9fc464239d0ba438b0f90f491054f0ddec,4f53cda18c2baa0c0354bb5f9a3ecbe5ed12ab4d8e11ba873c2f11161202b945,1249964b4484da02ac884c9714ae292c5a1e9e76917ba0351cc83ba646785aa5,24bfa31a8e199fc41a96833ececb911a40ae96d25b57caa5e8f7f9caba6a69a7,true,true,true,true
265,5800000,3,reciprocal_c2_d0_t2_alternating_phase,reference,dies,0,0,2,0,1|1,2,3,0,3,3,1/1000000/2;1/1000000/2,true,false,false,true,a9cedd5fa4b560b14bdde17c84621686c50ad5c91cb8aa362b5cbd1466c5c7a3,4f53cda18c2baa0c0354bb5f9a3ecbe5ed12ab4d8e11ba873c2f11161202b945,f7220b224854e72e70241987daca61c91c51a9d01d695110df4804b4b3ee8744,1ebde63c7bb21c3d0ae8cf1ba3600b8268a2f514a710d4add52d5f64e877d1a5,true,true,true,true
265,5800000,3,reciprocal_c2_d0_t2_alternating_phase,production,dies,0,0,2,0,1|1,2,3,0,3,3,1/1000000/2;1/1000000/2,true,false,false,true,a9cedd5fa4b560b14bdde17c84621686c50ad5c91cb8aa362b5cbd1466c5c7a3,4f53cda18c2baa0c0354bb5f9a3ecbe5ed12ab4d8e11ba873c2f11161202b945,f7220b224854e72e70241987daca61c91c51a9d01d695110df4804b4b3ee8744,1ebde63c7bb21c3d0ae8cf1ba3600b8268a2f514a710d4add52d5f64e877d1a5,true,true,true,true
266,5800000,3,reciprocal_c2_d1_t2,reference,periodic,2,2,256,32,144|144,287,256,32,288,290,1/999972/2;1/999972/2,false,true,true,true,a5a291751900661cdf2fd55f7047896941f67ee569d48e85658d034b8c83805c,7179661b5e0df903cc6c67319d3f2bdd54cd95d284f05502780b1a5310f4d4c8,bb2faaa4858b7b832fdcb0475b352cb8cf5688428fc850fc081dcb0ff41f6256,1bdd6b6811797df1197c32554d6037e1152ea9a958c4f6ff81053241d4bf514c,true,true,true,true
266,5800000,3,reciprocal_c2_d1_t2,production,periodic,2,2,256,32,144|144,287,256,32,288,290,1/999972/2;1/999972/2,false,true,true,true,a5a291751900661cdf2fd55f7047896941f67ee569d48e85658d034b8c83805c,7179661b5e0df903cc6c67319d3f2bdd54cd95d284f05502780b1a5310f4d4c8,bb2faaa4858b7b832fdcb0475b352cb8cf5688428fc850fc081dcb0ff41f6256,824f4332d3d558d8e6e9d6ad9ddfbe5ad9acf5ec2a848d9457f5aeb6f902b7ff,true,true,true,true
267,5800000,3,reciprocal_c2_d2_t2,reference,periodic,2,4,256,32,144|144,287,256,32,288,577,1/999943/2;1/999943/2,false,true,true,true,ecbd3c2846e84c77fd62a7939a2a29cb5a7a303e1dc977818ba337e98daa1fc0,0d5e47796f7061d977fc9fb0bf17cd4c23ce01696b9e1ead4b44b2164a085314,6fed6072200f51a9defa56ce37054214fd61204d8d8d5cbbeebf990dbf2630f0,db5e26ae9b43ca95d62ca6f3fb96957e22c5540b31e6cc2978b7f7aa2e89e436,true,true,true,true
267,5800000,3,reciprocal_c2_d2_t2,production,periodic,2,4,256,32,144|144,287,256,32,288,577,1/999943/2;1/999943/2,false,true,true,true,ecbd3c2846e84c77fd62a7939a2a29cb5a7a303e1dc977818ba337e98daa1fc0,0d5e47796f7061d977fc9fb0bf17cd4c23ce01696b9e1ead4b44b2164a085314,6fed6072200f51a9defa56ce37054214fd61204d8d8d5cbbeebf990dbf2630f0,d83c14713b8e8e69ca97f22b96144ff373a854b3c93b9a5a2d8efcececa9b1ca,true,true,true,true
268,5800000,3,reciprocal_c2_d3_t2,reference,periodic,2,6,256,32,144|144,287,256,32,288,864,1/999914/2;1/999914/2,false,true,true,true,79b70010fe3cc57067d83126c2acec737f6196e5079fa2804469052eeb764843,d43287fd5683d750d3cc6434d03998c1325b29940914ac19a3c189a20e2dfd91,09a2b470e6e5f822853cddfdc17ed6d8d10eca077dbfd25ce613ead1ba852de2,f12a8c6ba5fe314d0e9e8c946822d9c50466d381a22474e34bd733a324aa9025,true,true,true,true
268,5800000,3,reciprocal_c2_d3_t2,production,periodic,2,6,256,32,144|144,287,256,32,288,864,1/999914/2;1/999914/2,false,true,true,true,79b70010fe3cc57067d83126c2acec737f6196e5079fa2804469052eeb764843,d43287fd5683d750d3cc6434d03998c1325b29940914ac19a3c189a20e2dfd91,09a2b470e6e5f822853cddfdc17ed6d8d10eca077dbfd25ce613ead1ba852de2,1b25e8703dcc924710784893c70d36eb5d48924bb07824c12ce951c37ca64493,true,true,true,true
269,5800000,3,reciprocal_c2_mixed_d0_d1_t2,reference,periodic,2,1,256,32,144|144,287,256,32,288,146,1/999986/2;1/999986/2,false,true,true,true,c6ffcb33578c1c70757424bc37ab5690a6261d0947e98cf2e0b9e1de6a14e44b,974e3394f105694f2ce08b16a3e17c4efb653397fc900c21af58de795cc8e2f9,7bf0d39612af60bbf7bd3363e2f4e532570f65a470840fb4c11b8327e8e39caa,d7c3b8b3a64f27c41a1367bf9c13259d8f3bbdfbc8606deffe394786c328c152,true,true,true,true
269,5800000,3,reciprocal_c2_mixed_d0_d1_t2,production,periodic,2,1,256,32,144|144,287,256,32,288,146,1/999986/2;1/999986/2,false,true,true,true,c6ffcb33578c1c70757424bc37ab5690a6261d0947e98cf2e0b9e1de6a14e44b,974e3394f105694f2ce08b16a3e17c4efb653397fc900c21af58de795cc8e2f9,7bf0d39612af60bbf7bd3363e2f4e532570f65a470840fb4c11b8327e8e39caa,d7c3b8b3a64f27c41a1367bf9c13259d8f3bbdfbc8606deffe394786c328c152,true,true,true,true
270,5800000,3,reciprocal_c2_d1_t2_alternating_phase,reference,periodic,2,2,256,32,144|144,287,256,32,288,290,1/999972/2;1/999972/2,false,true,true,true,59c36235402a4091bdf028b7e79d7fe397d0e2e17dbbd9514d1390fabb2773df,125d56a015755992427c17d7055304c847734f7d76869eb491f773153cc024ce,109534d32de3ca80d647923875d95c3e7f5cff02c9541760ab804afb1b840b2f,9f4e6773d3683d4668f1483da8644df58ee59d69e312f18ad8af29a94c189a43,true,true,true,true
270,5800000,3,reciprocal_c2_d1_t2_alternating_phase,production,periodic,2,2,256,32,144|144,287,256,32,288,290,1/999972/2;1/999972/2,false,true,true,true,59c36235402a4091bdf028b7e79d7fe397d0e2e17dbbd9514d1390fabb2773df,125d56a015755992427c17d7055304c847734f7d76869eb491f773153cc024ce,109534d32de3ca80d647923875d95c3e7f5cff02c9541760ab804afb1b840b2f,8b142ac8e2fb1e77142d218e413082bfa20ab3c9d0dae8ef692979472b29f31f,true,true,true,true
271,5800000,3,reciprocal_c2_d1_t1,reference,periodic,2,2,256,32,144|144,287,256,32,288,290,1/999972/2;1/999972/2,false,true,true,true,f413d1d7955149673d4e67541ab94e9ab6e11be5ae10662a70be987dd0ac4492,7179661b5e0df903cc6c67319d3f2bdd54cd95d284f05502780b1a5310f4d4c8,d1006f50b310ffa9f21e4dacb7f5d56210af45f8d058324c4964b05042ca9a04,f2e11a866c536e8181c9af70408fec07b2764781c44ab5a6beb05b962c14f211,true,true,true,true
271,5800000,3,reciprocal_c2_d1_t1,production,periodic,2,2,256,32,144|144,287,256,32,288,290,1/999972/2;1/999972/2,false,true,true,true,f413d1d7955149673d4e67541ab94e9ab6e11be5ae10662a70be987dd0ac4492,7179661b5e0df903cc6c67319d3f2bdd54cd95d284f05502780b1a5310f4d4c8,d1006f50b310ffa9f21e4dacb7f5d56210af45f8d058324c4964b05042ca9a04,6d64a52171ca741e579977ce6218413a3e146bb0f4caf13c6624939397f12904,true,true,true,true
272,5800000,3,reciprocal_c2_d1_t3,reference,dies,0,0,1,0,1|0,1,2,0,2,4,1/1000000/2;1/1000000/2,true,false,false,true,7e32b44b8798cb019b2f4d48c099d4020a0275a44b5704893dc2db40ef953ef5,4f53cda18c2baa0c0354bb5f9a3ecbe5ed12ab4d8e11ba873c2f11161202b945,b865d8d27fbf36d6ada4d411a42a70992fcc23b87876a3251b356105464fd791,73a64c4daa49e475dd038e6f8358e1d3c0484a7b777a0ec3c39d0297ebb3117e,true,true,true,true
272,5800000,3,reciprocal_c2_d1_t3,production,dies,0,0,1,0,1|0,1,2,0,2,4,1/1000000/2;1/1000000/2,true,false,false,true,7e32b44b8798cb019b2f4d48c099d4020a0275a44b5704893dc2db40ef953ef5,4f53cda18c2baa0c0354bb5f9a3ecbe5ed12ab4d8e11ba873c2f11161202b945,b865d8d27fbf36d6ada4d411a42a70992fcc23b87876a3251b356105464fd791,18b36b081c952881e2abdeaeaa11a4d04c8c4b8966e8bca78e06370a96d6d1a2,true,true,true,true
273,5800000,3,cycle_3_c2_d1_t2,reference,periodic,3,3,256,32,96|96|96,287,256,32,288,290,1/999972/2;1/999972/2;1/999972/2,false,true,true,true,e40f181f7940dc7c60a50b1134b493737f1245e092d5899dfd065218a325fcfa,032073946c29ee0d17c086b947b44e4f494b073c0acefa0e1e1176c6209fd387,6450db7d67552cd64f35c897f4b7b11cac91fced9627a6ed0167eda6134c9dea,51b75b5a8ace6f349cd6b20cf0741ea517f17024b4d57b7ae1ea40eb4abceca1,true,true,true,true
273,5800000,3,cycle_3_c2_d1_t2,production,periodic,3,3,256,32,96|96|96,287,256,32,288,290,1/999972/2;1/999972/2;1/999972/2,false,true,true,true,e40f181f7940dc7c60a50b1134b493737f1245e092d5899dfd065218a325fcfa,032073946c29ee0d17c086b947b44e4f494b073c0acefa0e1e1176c6209fd387,6450db7d67552cd64f35c897f4b7b11cac91fced9627a6ed0167eda6134c9dea,d29494aab3c6afff3ff7bfe4975604c0fbbee0c8bec88890a37129495a913eaf,true,true,true,true
274,5800000,3,cycle_4_c2_d1_t2,reference,periodic,4,4,256,32,72|72|72|72,287,256,32,288,290,1/999972/2;1/999972/2;1/999972/2;1/999972/2,false,true,true,true,9dc7903b2c3c3210815700a9ed111ca9b635854b942371c958e30e3a4af9233d,ac1ffa7591e9467ea09a385f509411ecabf0e76f9321bd501fb48059ec23b014,378f8c1487b69338ef2070b6b10adc29d56dcaf726cbe1dda8759eaf54aea1f9,45c4c8bc7bb575723be6f96b463190a4962208108268517ae85300160cc2be5c,true,true,true,true
274,5800000,3,cycle_4_c2_d1_t2,production,periodic,4,4,256,32,72|72|72|72,287,256,32,288,290,1/999972/2;1/999972/2;1/999972/2;1/999972/2,false,true,true,true,9dc7903b2c3c3210815700a9ed111ca9b635854b942371c958e30e3a4af9233d,ac1ffa7591e9467ea09a385f509411ecabf0e76f9321bd501fb48059ec23b014,378f8c1487b69338ef2070b6b10adc29d56dcaf726cbe1dda8759eaf54aea1f9,c2eb1e18c6962b414384b8e0373dc7bf90b63a1fbc1425f4a080cadd0aab8df5,true,true,true,true
275,5800000,3,cycle_8_c2_d1_t2,reference,periodic,8,8,256,32,36|36|36|36|36|36|36|36,287,256,32,288,290,1/999972/2;1/999972/2;1/999972/2;1/999972/2;1/999972/2;1/999972/2;1/999972/2;1/999972/2,false,true,true,true,066f04c2b1e92dee0380a6be205c82c0abd7418db9aa6fbb2f60495dc56d4eec,b172739856916de84f38cacbcec2138551ebe9228ec57f9725e8cf53c77e013d,f31459496e4cfc85dedc53f29f0e63dcc61c3097fc1d9705642fb6c9b830d5ce,e990d74a6ebf59b1bd4f8d8e306ed3ea3e3b995316c58d85fc879e2c977f0832,true,true,true,true
275,5800000,3,cycle_8_c2_d1_t2,production,periodic,8,8,256,32,36|36|36|36|36|36|36|36,287,256,32,288,290,1/999972/2;1/999972/2;1/999972/2;1/999972/2;1/999972/2;1/999972/2;1/999972/2;1/999972/2,false,true,true,true,066f04c2b1e92dee0380a6be205c82c0abd7418db9aa6fbb2f60495dc56d4eec,b172739856916de84f38cacbcec2138551ebe9228ec57f9725e8cf53c77e013d,f31459496e4cfc85dedc53f29f0e63dcc61c3097fc1d9705642fb6c9b830d5ce,481675ccdb506fde5fd8e69ec211f5359d909a33a006825eac630a8943289a07,true,true,true,true
276,5800000,3,cycle_3_c2_d0_t2,reference,dies,0,0,3,0,1|1|1,3,4,0,4,3,1/1000000/2;1/1000000/2;1/1000000/2,true,false,false,true,5388e6bd8d87e7905c84ff7a38dbf472043bea671bb937feb4f12bb000703c14,4f53cda18c2baa0c0354bb5f9a3ecbe5ed12ab4d8e11ba873c2f11161202b945,586a18e894a0524184792ea0df72da4bd6b150f5e4854ba75a64fc04cdb0b88b,efd80f502b5edfc30db009b8b4c8811258214f84a5c212eefa77c6684748dc2d,true,true,true,true
276,5800000,3,cycle_3_c2_d0_t2,production,dies,0,0,3,0,1|1|1,3,4,0,4,3,1/1000000/2;1/1000000/2;1/1000000/2,true,false,false,true,5388e6bd8d87e7905c84ff7a38dbf472043bea671bb937feb4f12bb000703c14,4f53cda18c2baa0c0354bb5f9a3ecbe5ed12ab4d8e11ba873c2f11161202b945,586a18e894a0524184792ea0df72da4bd6b150f5e4854ba75a64fc04cdb0b88b,efd80f502b5edfc30db009b8b4c8811258214f84a5c212eefa77c6684748dc2d,true,true,true,true
277,5800000,3,cycle_4_c2_d0_t2,reference,dies,0,0,4,0,1|1|1|1,4,5,0,5,3,1/1000000/2;1/1000000/2;1/1000000/2;1/1000000/2,true,false,false,true,94c2bd2601fa0a0b5152dc2e93512d9f3307a23fafbe637b76d733b9d73e3e5c,4f53cda18c2baa0c0354bb5f9a3ecbe5ed12ab4d8e11ba873c2f11161202b945,43df5c790f4f57e24f146b668966b07412b2fd24ebe7515069629468bb34e401,6681572349d9f5efb9741972256b66d029bb2d16de8710765c3503bc1ea90f35,true,true,true,true
277,5800000,3,cycle_4_c2_d0_t2,production,dies,0,0,4,0,1|1|1|1,4,5,0,5,3,1/1000000/2;1/1000000/2;1/1000000/2;1/1000000/2,true,false,false,true,94c2bd2601fa0a0b5152dc2e93512d9f3307a23fafbe637b76d733b9d73e3e5c,4f53cda18c2baa0c0354bb5f9a3ecbe5ed12ab4d8e11ba873c2f11161202b945,43df5c790f4f57e24f146b668966b07412b2fd24ebe7515069629468bb34e401,6681572349d9f5efb9741972256b66d029bb2d16de8710765c3503bc1ea90f35,true,true,true,true
278,5800000,3,cycle_8_c2_d0_t2,reference,dies,0,0,8,0,1|1|1|1|1|1|1|1,8,9,0,9,3,1/1000000/2;1/1000000/2;1/1000000/2;1/1000000/2;1/1000000/2;1/1000000/2;1/1000000/2;1/1000000/2,true,false,false,true,91c925e88729effbe929ddf8062d80b181f540f43eeb97b8b94fd237dd231b65,4f53cda18c2baa0c0354bb5f9a3ecbe5ed12ab4d8e11ba873c2f11161202b945,026143305591c1f4c66c840ef55842d0af4600bcb2e6cc8cc4e2e7bd80309494,0524e92c26ae7dd4c8e7c7ac45316a50d62c3a787d63efbf9f286f54cf7dd091,true,true,true,true
278,5800000,3,cycle_8_c2_d0_t2,production,dies,0,0,8,0,1|1|1|1|1|1|1|1,8,9,0,9,3,1/1000000/2;1/1000000/2;1/1000000/2;1/1000000/2;1/1000000/2;1/1000000/2;1/1000000/2;1/1000000/2,true,false,false,true,91c925e88729effbe929ddf8062d80b181f540f43eeb97b8b94fd237dd231b65,4f53cda18c2baa0c0354bb5f9a3ecbe5ed12ab4d8e11ba873c2f11161202b945,026143305591c1f4c66c840ef55842d0af4600bcb2e6cc8cc4e2e7bd80309494,0524e92c26ae7dd4c8e7c7ac45316a50d62c3a787d63efbf9f286f54cf7dd091,true,true,true,true
279,5800000,3,chain_8_c2_d1_t2,reference,dies,0,0,8,0,1|1|1|1|1|1|1|1,7,8,0,8,10,1/1000000/2;1/1000000/2;1/1000000/2;1/1000000/2;1/1000000/2;1/1000000/2;1/1000000/2,true,false,false,true,2c75b8a9a739ad01cd56618a4b00b327bc3bdb9dc1b882a1267e69c7f401a1bd,4f53cda18c2baa0c0354bb5f9a3ecbe5ed12ab4d8e11ba873c2f11161202b945,bcc5cb1634fb96b39e4638d9eaf7c414a5b16d2a037c6d2e46b0cef7ed231bda,cdf55b87dbe195e944074c450a076f5dc8f00d4dfd8cd1d1c3318d147141aaf0,true,true,true,true
279,5800000,3,chain_8_c2_d1_t2,production,dies,0,0,8,0,1|1|1|1|1|1|1|1,7,8,0,8,10,1/1000000/2;1/1000000/2;1/1000000/2;1/1000000/2;1/1000000/2;1/1000000/2;1/1000000/2,true,false,false,true,2c75b8a9a739ad01cd56618a4b00b327bc3bdb9dc1b882a1267e69c7f401a1bd,4f53cda18c2baa0c0354bb5f9a3ecbe5ed12ab4d8e11ba873c2f11161202b945,bcc5cb1634fb96b39e4638d9eaf7c414a5b16d2a037c6d2e46b0cef7ed231bda,498c9d8f4ca6eb8e4b8007a1152e81c92ace92ac5fb372d968b684e0598e8b99,true,true,true,true
280,5800000,3,chain_8_c2_d0_t2,reference,dies,0,0,8,0,1|1|1|1|1|1|1|1,7,8,0,8,3,1/1000000/2;1/1000000/2;1/1000000/2;1/1000000/2;1/1000000/2;1/1000000/2;1/1000000/2,true,false,false,true,86a062e65355051910bdb9c566c46f2d01302ee1141ec0a1177a38e330894f28,4f53cda18c2baa0c0354bb5f9a3ecbe5ed12ab4d8e11ba873c2f11161202b945,878d732f838f9027526454f16bd59608cf031ea565f2fda98982860553009fd2,19a7b52de9411f1553bfc874ff309754f47b7558971008933401a10d3e2e3d4d,true,true,true,true
280,5800000,3,chain_8_c2_d0_t2,production,dies,0,0,8,0,1|1|1|1|1|1|1|1,7,8,0,8,3,1/1000000/2;1/1000000/2;1/1000000/2;1/1000000/2;1/1000000/2;1/1000000/2;1/1000000/2,true,false,false,true,86a062e65355051910bdb9c566c46f2d01302ee1141ec0a1177a38e330894f28,4f53cda18c2baa0c0354bb5f9a3ecbe5ed12ab4d8e11ba873c2f11161202b945,878d732f838f9027526454f16bd59608cf031ea565f2fda98982860553009fd2,19a7b52de9411f1553bfc874ff309754f47b7558971008933401a10d3e2e3d4d,true,true,true,true
281,5800000,4,one_way_c2_d1_t2,reference,dies,0,0,2,0,1|1,1,2,0,2,5,1/1000000/2,true,false,false,true,5a16b6b2ece322205350bacd0aa3b1fcf61986552ee37dc5192bbf4e7fefaef1,4f53cda18c2baa0c0354bb5f9a3ecbe5ed12ab4d8e11ba873c2f11161202b945,ba86850bcdef45619e13652e953232b0e9973d49ed7837a81035be5b289a10c2,924089a889d704f666a981b770b65b9e2ecb33427a87b1d5da8e1f24167c125f,true,true,true,true
281,5800000,4,one_way_c2_d1_t2,production,dies,0,0,2,0,1|1,1,2,0,2,5,1/1000000/2,true,false,false,true,5a16b6b2ece322205350bacd0aa3b1fcf61986552ee37dc5192bbf4e7fefaef1,4f53cda18c2baa0c0354bb5f9a3ecbe5ed12ab4d8e11ba873c2f11161202b945,ba86850bcdef45619e13652e953232b0e9973d49ed7837a81035be5b289a10c2,014080587d6514bf217e09b1b687fb23b963ac2dcfde1d7a537ec39ead3569b8,true,true,true,true
282,5800000,4,reciprocal_c1_d1_t2,reference,dies,0,0,1,0,1|0,1,2,0,2,5,1/1000000/1;1/1000000/1,true,false,false,true,77f1fb09a87e503d17fdb7e14f72663c97ad5d5385be3f97a83ea15fe6eb70f6,4f53cda18c2baa0c0354bb5f9a3ecbe5ed12ab4d8e11ba873c2f11161202b945,7e61c7860810a7dea41d2865dff5e53f0939349d47e63403599daa86104c144b,1dce8e4018e25040a5ddb8c3b9b5edb407ad0a2943413f50c3e8d6ac44a10288,true,true,true,true
282,5800000,4,reciprocal_c1_d1_t2,production,dies,0,0,1,0,1|0,1,2,0,2,5,1/1000000/1;1/1000000/1,true,false,false,true,77f1fb09a87e503d17fdb7e14f72663c97ad5d5385be3f97a83ea15fe6eb70f6,4f53cda18c2baa0c0354bb5f9a3ecbe5ed12ab4d8e11ba873c2f11161202b945,7e61c7860810a7dea41d2865dff5e53f0939349d47e63403599daa86104c144b,55b879b828c23d0ab839e7ea37fd1ab679af972b6473d90ebd434d87f2609f63,true,true,true,true
283,5800000,4,reciprocal_c1_d1_t1,reference,periodic,2,2,256,32,144|144,287,256,32,288,291,1/999972/1;1/999972/1,false,true,true,true,5ff9468596afaadd91d744350fbe40461c48f363ff647938d86d6cb8e379b45e,c9d9b592b19f1f02453a7f1f4047751ca9fa95945d233a95a1dc95936d3de10d,997bd6d3e67c16f14a1e0c20988056a638636364c4e61806761c27576977f979,ce43ab061575f1c920986bfc2ae1bd1e143ee9c5f7d7d211cec361c786d915a1,true,true,true,true
283,5800000,4,reciprocal_c1_d1_t1,production,periodic,2,2,256,32,144|144,287,256,32,288,291,1/999972/1;1/999972/1,false,true,true,true,5ff9468596afaadd91d744350fbe40461c48f363ff647938d86d6cb8e379b45e,c9d9b592b19f1f02453a7f1f4047751ca9fa95945d233a95a1dc95936d3de10d,997bd6d3e67c16f14a1e0c20988056a638636364c4e61806761c27576977f979,b46f5ec56138cdb94944817a8010cef880f753e61d95098c490bed0f1cbb3da4,true,true,true,true
284,5800000,4,reciprocal_c2_d0_t2,reference,dies,0,0,2,0,1|1,2,3,0,3,4,1/1000000/2;1/1000000/2,true,false,false,true,c79d7e017edb9099e6d9f4cdb98a84f4a220da24616fc076e3183e8aa79ad875,4f53cda18c2baa0c0354bb5f9a3ecbe5ed12ab4d8e11ba873c2f11161202b945,1249964b4484da02ac884c9714ae292c5a1e9e76917ba0351cc83ba646785aa5,294528efc5641c7348d58e56c5c80d10dc4fcb5f5a99b6dfb1ff954bfe93261d,true,true,true,true
284,5800000,4,reciprocal_c2_d0_t2,production,dies,0,0,2,0,1|1,2,3,0,3,4,1/1000000/2;1/1000000/2,true,false,false,true,c79d7e017edb9099e6d9f4cdb98a84f4a220da24616fc076e3183e8aa79ad875,4f53cda18c2baa0c0354bb5f9a3ecbe5ed12ab4d8e11ba873c2f11161202b945,1249964b4484da02ac884c9714ae292c5a1e9e76917ba0351cc83ba646785aa5,294528efc5641c7348d58e56c5c80d10dc4fcb5f5a99b6dfb1ff954bfe93261d,true,true,true,true
285,5800000,4,reciprocal_c2_d0_t2_alternating_phase,reference,dies,0,0,2,0,1|1,2,3,0,3,4,1/1000000/2;1/1000000/2,true,false,false,true,5356b95d4565994581ab1cbe271b1e18540c394a4eb831266113bd7626dc5e4e,4f53cda18c2baa0c0354bb5f9a3ecbe5ed12ab4d8e11ba873c2f11161202b945,f7220b224854e72e70241987daca61c91c51a9d01d695110df4804b4b3ee8744,1b100a5d1e2cb9e35471fd74e66e7c8bc7c52547bf573376399219be85ef2091,true,true,true,true
285,5800000,4,reciprocal_c2_d0_t2_alternating_phase,production,dies,0,0,2,0,1|1,2,3,0,3,4,1/1000000/2;1/1000000/2,true,false,false,true,5356b95d4565994581ab1cbe271b1e18540c394a4eb831266113bd7626dc5e4e,4f53cda18c2baa0c0354bb5f9a3ecbe5ed12ab4d8e11ba873c2f11161202b945,f7220b224854e72e70241987daca61c91c51a9d01d695110df4804b4b3ee8744,1b100a5d1e2cb9e35471fd74e66e7c8bc7c52547bf573376399219be85ef2091,true,true,true,true
286,5800000,4,reciprocal_c2_d1_t2,reference,periodic,2,2,256,32,144|144,287,256,32,288,291,1/999972/2;1/999972/2,false,true,true,true,52893cfc9eae3728c21cb67fc65a8ea3501215e53f3a2970b7b4bc375a20ae6d,6aad337d6312c0651ca0dee099bdbecc0c0f698f63b6a23f92c50e68e806d229,bb2faaa4858b7b832fdcb0475b352cb8cf5688428fc850fc081dcb0ff41f6256,349abe7b824243b7006acdd675743300dc91115ef2c36dfa498bf8474ae91ec0,true,true,true,true
286,5800000,4,reciprocal_c2_d1_t2,production,periodic,2,2,256,32,144|144,287,256,32,288,291,1/999972/2;1/999972/2,false,true,true,true,52893cfc9eae3728c21cb67fc65a8ea3501215e53f3a2970b7b4bc375a20ae6d,6aad337d6312c0651ca0dee099bdbecc0c0f698f63b6a23f92c50e68e806d229,bb2faaa4858b7b832fdcb0475b352cb8cf5688428fc850fc081dcb0ff41f6256,1258c0a270266e3495426f2a76fc991004c99dccc3672969ef207fff6cac9e33,true,true,true,true
287,5800000,4,reciprocal_c2_d2_t2,reference,periodic,2,4,256,32,144|144,287,256,32,288,578,1/999943/2;1/999943/2,false,true,true,true,c8ff8634c14febc7d236e65304603f80ef771a8d5b893ace7fc8845f0d667870,d8a1d94b1c0014f1f38210e58ee33121679e2937364e4d942b275db9ae0ec117,6fed6072200f51a9defa56ce37054214fd61204d8d8d5cbbeebf990dbf2630f0,efea0775b1b47dcb8c9ee1f46e4da0f5272311780c999b16b4a1fff51561152b,true,true,true,true
287,5800000,4,reciprocal_c2_d2_t2,production,periodic,2,4,256,32,144|144,287,256,32,288,578,1/999943/2;1/999943/2,false,true,true,true,c8ff8634c14febc7d236e65304603f80ef771a8d5b893ace7fc8845f0d667870,d8a1d94b1c0014f1f38210e58ee33121679e2937364e4d942b275db9ae0ec117,6fed6072200f51a9defa56ce37054214fd61204d8d8d5cbbeebf990dbf2630f0,a734e453fda872d7fca4768abf555e11035c65dbcf102745147296f7f753c562,true,true,true,true
288,5800000,4,reciprocal_c2_d3_t2,reference,periodic,2,6,256,32,144|144,287,256,32,288,865,1/999914/2;1/999914/2,false,true,true,true,a83b8b42abfc1385da4fc028930543d1e38e0285154852bb30e90fb1b06eb822,64f43e8c81c81c77ac993c5147b28f394ac6af1a84f765c8be6c4a4e93fda465,09a2b470e6e5f822853cddfdc17ed6d8d10eca077dbfd25ce613ead1ba852de2,30b28a469b44a7812cc4cc01734a1a6ba420ddff28dc3c653d4450c7dd1688aa,true,true,true,true
288,5800000,4,reciprocal_c2_d3_t2,production,periodic,2,6,256,32,144|144,287,256,32,288,865,1/999914/2;1/999914/2,false,true,true,true,a83b8b42abfc1385da4fc028930543d1e38e0285154852bb30e90fb1b06eb822,64f43e8c81c81c77ac993c5147b28f394ac6af1a84f765c8be6c4a4e93fda465,09a2b470e6e5f822853cddfdc17ed6d8d10eca077dbfd25ce613ead1ba852de2,57da1d06f034a52965d2f6d64d084bb6eb33de8c256d1cbe8a84a2f74dc6e03a,true,true,true,true
289,5800000,4,reciprocal_c2_mixed_d0_d1_t2,reference,periodic,2,1,256,32,144|144,287,256,32,288,147,1/999986/2;1/999986/2,false,true,true,true,71a741b447412cede4fb1b9ee4314d4733903f7bd148bbcd6bb0c250132efa07,51b9bf0cf3c1c4d27db8a862bdf5e7b56f68b553d8ff16c1eb29e377a63a7abc,7bf0d39612af60bbf7bd3363e2f4e532570f65a470840fb4c11b8327e8e39caa,24c80cf0c43b8aa01c859db05edeaae398e1f62708f23078f1d947e63bc381a3,true,true,true,true
289,5800000,4,reciprocal_c2_mixed_d0_d1_t2,production,periodic,2,1,256,32,144|144,287,256,32,288,147,1/999986/2;1/999986/2,false,true,true,true,71a741b447412cede4fb1b9ee4314d4733903f7bd148bbcd6bb0c250132efa07,51b9bf0cf3c1c4d27db8a862bdf5e7b56f68b553d8ff16c1eb29e377a63a7abc,7bf0d39612af60bbf7bd3363e2f4e532570f65a470840fb4c11b8327e8e39caa,24c80cf0c43b8aa01c859db05edeaae398e1f62708f23078f1d947e63bc381a3,true,true,true,true
290,5800000,4,reciprocal_c2_d1_t2_alternating_phase,reference,periodic,2,2,256,32,144|144,287,256,32,288,291,1/999972/2;1/999972/2,false,true,true,true,2f6fae876e36a48fefd446459a6dac55a9cb085c6e4b0765de7dbc5fcaaf13ca,1e5ba47b837b0774db5a7c35dd9424de404640f8560bf9edf3f63ff13446c011,109534d32de3ca80d647923875d95c3e7f5cff02c9541760ab804afb1b840b2f,22ad6bff596c528a61f1a195a30c9e5438a9c4463be45e08de79cd8a8a155004,true,true,true,true
290,5800000,4,reciprocal_c2_d1_t2_alternating_phase,production,periodic,2,2,256,32,144|144,287,256,32,288,291,1/999972/2;1/999972/2,false,true,true,true,2f6fae876e36a48fefd446459a6dac55a9cb085c6e4b0765de7dbc5fcaaf13ca,1e5ba47b837b0774db5a7c35dd9424de404640f8560bf9edf3f63ff13446c011,109534d32de3ca80d647923875d95c3e7f5cff02c9541760ab804afb1b840b2f,25f63a74210ef0c922eb0af3ab1be77c459a79a10312269107e4777bf85cac56,true,true,true,true
291,5800000,4,reciprocal_c2_d1_t1,reference,periodic,2,2,256,32,144|144,287,256,32,288,291,1/999972/2;1/999972/2,false,true,true,true,d64552618f052743901c8b6aeea13b4dc44fae9d6d409aa7cbc47c01a0d2f8f0,6aad337d6312c0651ca0dee099bdbecc0c0f698f63b6a23f92c50e68e806d229,d1006f50b310ffa9f21e4dacb7f5d56210af45f8d058324c4964b05042ca9a04,5146f31ce13505ca0416a02d5be51a8d5c5add6a1b1b163d6a8a310433f4858f,true,true,true,true
291,5800000,4,reciprocal_c2_d1_t1,production,periodic,2,2,256,32,144|144,287,256,32,288,291,1/999972/2;1/999972/2,false,true,true,true,d64552618f052743901c8b6aeea13b4dc44fae9d6d409aa7cbc47c01a0d2f8f0,6aad337d6312c0651ca0dee099bdbecc0c0f698f63b6a23f92c50e68e806d229,d1006f50b310ffa9f21e4dacb7f5d56210af45f8d058324c4964b05042ca9a04,cd50e786079252c01fb4c9fd4e01666fb7e356466c0ad830a64c1aec223ceb41,true,true,true,true
292,5800000,4,reciprocal_c2_d1_t3,reference,dies,0,0,1,0,1|0,1,2,0,2,5,1/1000000/2;1/1000000/2,true,false,false,true,f2ab2369f4cc1cd235acbd1dc03fbad50b8cf5fd0b1d114a0e69c52f6ec1f1c9,4f53cda18c2baa0c0354bb5f9a3ecbe5ed12ab4d8e11ba873c2f11161202b945,b865d8d27fbf36d6ada4d411a42a70992fcc23b87876a3251b356105464fd791,3546e040ee345a6e11ddaab46033c52779c8aa8b5a50381025c31fcf860492b4,true,true,true,true
292,5800000,4,reciprocal_c2_d1_t3,production,dies,0,0,1,0,1|0,1,2,0,2,5,1/1000000/2;1/1000000/2,true,false,false,true,f2ab2369f4cc1cd235acbd1dc03fbad50b8cf5fd0b1d114a0e69c52f6ec1f1c9,4f53cda18c2baa0c0354bb5f9a3ecbe5ed12ab4d8e11ba873c2f11161202b945,b865d8d27fbf36d6ada4d411a42a70992fcc23b87876a3251b356105464fd791,64281a6644ae330c63bcdb0080c38b4f811f7b0fff1f722facb466d366ae0192,true,true,true,true
293,5800000,4,cycle_3_c2_d1_t2,reference,periodic,3,3,256,32,96|96|96,287,256,32,288,291,1/999972/2;1/999972/2;1/999972/2,false,true,true,true,4c4ba29bb5b314ecaca307fe4659e598b9cd6a9bfcf060810ebd6864a61f2182,eafbc808511d4f526d3b9b0c6dfd1ef43b4a2697b7c4058f927bc1c933e20c21,6450db7d67552cd64f35c897f4b7b11cac91fced9627a6ed0167eda6134c9dea,9e26ff3936542222a6af0d8dc8de08f691198d4b5bbe266b433ae00255fc2d73,true,true,true,true
293,5800000,4,cycle_3_c2_d1_t2,production,periodic,3,3,256,32,96|96|96,287,256,32,288,291,1/999972/2;1/999972/2;1/999972/2,false,true,true,true,4c4ba29bb5b314ecaca307fe4659e598b9cd6a9bfcf060810ebd6864a61f2182,eafbc808511d4f526d3b9b0c6dfd1ef43b4a2697b7c4058f927bc1c933e20c21,6450db7d67552cd64f35c897f4b7b11cac91fced9627a6ed0167eda6134c9dea,89e5f9f0ea40d0a6f3cbc8274f32c19951d83f3a1f52305d515dd7a6878ec154,true,true,true,true
294,5800000,4,cycle_4_c2_d1_t2,reference,periodic,4,4,256,32,72|72|72|72,287,256,32,288,291,1/999972/2;1/999972/2;1/999972/2;1/999972/2,false,true,true,true,71ec80ca2f4cef7ec26eecbb9bc88b440e51658800d82482b7108c789947110f,e1d482c86264ad1682aa09bc42f2f5fb39435312c1a4bbfe884d482701627a16,378f8c1487b69338ef2070b6b10adc29d56dcaf726cbe1dda8759eaf54aea1f9,c5dc10ef851bbdbd165f92e3ebc7f7f9355f8be7c622910e3cb75dd715ac0ee0,true,true,true,true
294,5800000,4,cycle_4_c2_d1_t2,production,periodic,4,4,256,32,72|72|72|72,287,256,32,288,291,1/999972/2;1/999972/2;1/999972/2;1/999972/2,false,true,true,true,71ec80ca2f4cef7ec26eecbb9bc88b440e51658800d82482b7108c789947110f,e1d482c86264ad1682aa09bc42f2f5fb39435312c1a4bbfe884d482701627a16,378f8c1487b69338ef2070b6b10adc29d56dcaf726cbe1dda8759eaf54aea1f9,23ffb7768984b4493b199c9852fa621a6bac84fa58d8a54e68efdf25973418b3,true,true,true,true
295,5800000,4,cycle_8_c2_d1_t2,reference,periodic,8,8,256,32,36|36|36|36|36|36|36|36,287,256,32,288,291,1/999972/2;1/999972/2;1/999972/2;1/999972/2;1/999972/2;1/999972/2;1/999972/2;1/999972/2,false,true,true,true,d407ba6fe6a2a2d4426ad5b07ca0eb3224fd7fdcc0779f810b708b1a3e7e48d4,90d573677744cf099f26fb40f12373fe44dc67b1efd67b26db0893246fefc938,f31459496e4cfc85dedc53f29f0e63dcc61c3097fc1d9705642fb6c9b830d5ce,ed7e2c31cce1029b921322ec38d77d5ab092a3833db7e8a6297214cf8cba6437,true,true,true,true
295,5800000,4,cycle_8_c2_d1_t2,production,periodic,8,8,256,32,36|36|36|36|36|36|36|36,287,256,32,288,291,1/999972/2;1/999972/2;1/999972/2;1/999972/2;1/999972/2;1/999972/2;1/999972/2;1/999972/2,false,true,true,true,d407ba6fe6a2a2d4426ad5b07ca0eb3224fd7fdcc0779f810b708b1a3e7e48d4,90d573677744cf099f26fb40f12373fe44dc67b1efd67b26db0893246fefc938,f31459496e4cfc85dedc53f29f0e63dcc61c3097fc1d9705642fb6c9b830d5ce,296db963463a62fb777576198d093b7c45a45f5f38531b983b45464733fb89b3,true,true,true,true
296,5800000,4,cycle_3_c2_d0_t2,reference,dies,0,0,3,0,1|1|1,3,4,0,4,4,1/1000000/2;1/1000000/2;1/1000000/2,true,false,false,true,d51b449d8cd5d22ec7bae52f4397167a7091d76d111a7849b538aa03e8a6abf4,4f53cda18c2baa0c0354bb5f9a3ecbe5ed12ab4d8e11ba873c2f11161202b945,586a18e894a0524184792ea0df72da4bd6b150f5e4854ba75a64fc04cdb0b88b,34fa45b0fd650f2b4058c9adee72a07144e4db10395b8c2a6ab51eaaaa8ace71,true,true,true,true
296,5800000,4,cycle_3_c2_d0_t2,production,dies,0,0,3,0,1|1|1,3,4,0,4,4,1/1000000/2;1/1000000/2;1/1000000/2,true,false,false,true,d51b449d8cd5d22ec7bae52f4397167a7091d76d111a7849b538aa03e8a6abf4,4f53cda18c2baa0c0354bb5f9a3ecbe5ed12ab4d8e11ba873c2f11161202b945,586a18e894a0524184792ea0df72da4bd6b150f5e4854ba75a64fc04cdb0b88b,34fa45b0fd650f2b4058c9adee72a07144e4db10395b8c2a6ab51eaaaa8ace71,true,true,true,true
297,5800000,4,cycle_4_c2_d0_t2,reference,dies,0,0,4,0,1|1|1|1,4,5,0,5,4,1/1000000/2;1/1000000/2;1/1000000/2;1/1000000/2,true,false,false,true,8a4774f87666179804ab67e1fed7993df47530271d0a01c70988a4e12036af5a,4f53cda18c2baa0c0354bb5f9a3ecbe5ed12ab4d8e11ba873c2f11161202b945,43df5c790f4f57e24f146b668966b07412b2fd24ebe7515069629468bb34e401,c7705aac2b845158f0a93ccccf342aea9f682a45c695cdd6c440bae8716993b0,true,true,true,true
297,5800000,4,cycle_4_c2_d0_t2,production,dies,0,0,4,0,1|1|1|1,4,5,0,5,4,1/1000000/2;1/1000000/2;1/1000000/2;1/1000000/2,true,false,false,true,8a4774f87666179804ab67e1fed7993df47530271d0a01c70988a4e12036af5a,4f53cda18c2baa0c0354bb5f9a3ecbe5ed12ab4d8e11ba873c2f11161202b945,43df5c790f4f57e24f146b668966b07412b2fd24ebe7515069629468bb34e401,c7705aac2b845158f0a93ccccf342aea9f682a45c695cdd6c440bae8716993b0,true,true,true,true
298,5800000,4,cycle_8_c2_d0_t2,reference,dies,0,0,8,0,1|1|1|1|1|1|1|1,8,9,0,9,4,1/1000000/2;1/1000000/2;1/1000000/2;1/1000000/2;1/1000000/2;1/1000000/2;1/1000000/2;1/1000000/2,true,false,false,true,2166c35046a7487a8e9feada469014a4fcf6afb53c2e5bbae0d09d624344f759,4f53cda18c2baa0c0354bb5f9a3ecbe5ed12ab4d8e11ba873c2f11161202b945,026143305591c1f4c66c840ef55842d0af4600bcb2e6cc8cc4e2e7bd80309494,9e73598f90add0d5c4b818306242c7d3a0829a6a5ba28e8eb14279330e0f8a85,true,true,true,true
298,5800000,4,cycle_8_c2_d0_t2,production,dies,0,0,8,0,1|1|1|1|1|1|1|1,8,9,0,9,4,1/1000000/2;1/1000000/2;1/1000000/2;1/1000000/2;1/1000000/2;1/1000000/2;1/1000000/2;1/1000000/2,true,false,false,true,2166c35046a7487a8e9feada469014a4fcf6afb53c2e5bbae0d09d624344f759,4f53cda18c2baa0c0354bb5f9a3ecbe5ed12ab4d8e11ba873c2f11161202b945,026143305591c1f4c66c840ef55842d0af4600bcb2e6cc8cc4e2e7bd80309494,9e73598f90add0d5c4b818306242c7d3a0829a6a5ba28e8eb14279330e0f8a85,true,true,true,true
299,5800000,4,chain_8_c2_d1_t2,reference,dies,0,0,8,0,1|1|1|1|1|1|1|1,7,8,0,8,11,1/1000000/2;1/1000000/2;1/1000000/2;1/1000000/2;1/1000000/2;1/1000000/2;1/1000000/2,true,false,false,true,909cb71d4cae3e153cf39b376086cf1a88e000a25edc900bfc54ccca19d2db58,4f53cda18c2baa0c0354bb5f9a3ecbe5ed12ab4d8e11ba873c2f11161202b945,bcc5cb1634fb96b39e4638d9eaf7c414a5b16d2a037c6d2e46b0cef7ed231bda,e06107d91df449cf29f8cf4ba17117f6cf30ccc4430af465392670c07a4047fe,true,true,true,true
299,5800000,4,chain_8_c2_d1_t2,production,dies,0,0,8,0,1|1|1|1|1|1|1|1,7,8,0,8,11,1/1000000/2;1/1000000/2;1/1000000/2;1/1000000/2;1/1000000/2;1/1000000/2;1/1000000/2,true,false,false,true,909cb71d4cae3e153cf39b376086cf1a88e000a25edc900bfc54ccca19d2db58,4f53cda18c2baa0c0354bb5f9a3ecbe5ed12ab4d8e11ba873c2f11161202b945,bcc5cb1634fb96b39e4638d9eaf7c414a5b16d2a037c6d2e46b0cef7ed231bda,a6b6c1e14dd210081737cafd480e76bb1b62f92be59a73e26a9418a4d09d8e48,true,true,true,true
300,5800000,4,chain_8_c2_d0_t2,reference,dies,0,0,8,0,1|1|1|1|1|1|1|1,7,8,0,8,4,1/1000000/2;1/1000000/2;1/1000000/2;1/1000000/2;1/1000000/2;1/1000000/2;1/1000000/2,true,false,false,true,faa79030433fc333b56d24dd8a17e3c809766b5378801ffc6553ff47475d82ec,4f53cda18c2baa0c0354bb5f9a3ecbe5ed12ab4d8e11ba873c2f11161202b945,878d732f838f9027526454f16bd59608cf031ea565f2fda98982860553009fd2,eb4071d3f3f0616514374192e66e943d8365371dd14ff21cbfa43a7285093470,true,true,true,true
300,5800000,4,chain_8_c2_d0_t2,production,dies,0,0,8,0,1|1|1|1|1|1|1|1,7,8,0,8,4,1/1000000/2;1/1000000/2;1/1000000/2;1/1000000/2;1/1000000/2;1/1000000/2;1/1000000/2,true,false,false,true,faa79030433fc333b56d24dd8a17e3c809766b5378801ffc6553ff47475d82ec,4f53cda18c2baa0c0354bb5f9a3ecbe5ed12ab4d8e11ba873c2f11161202b945,878d732f838f9027526454f16bd59608cf031ea565f2fda98982860553009fd2,eb4071d3f3f0616514374192e66e943d8365371dd14ff21cbfa43a7285093470,true,true,true,true
301,5800000,5,one_way_c2_d1_t2,reference,dies,0,0,2,0,1|1,1,2,0,2,6,1/1000000/2,true,false,false,true,e80e518cddab8f64c1b7e2e89ae1624702349456f3273c9e82ec680d0803619b,4f53cda18c2baa0c0354bb5f9a3ecbe5ed12ab4d8e11ba873c2f11161202b945,ba86850bcdef45619e13652e953232b0e9973d49ed7837a81035be5b289a10c2,b601141f69e3581e30fd52c09bfb518e4b83eafce8fb446a8c53bda1c98ef45e,true,true,true,true
301,5800000,5,one_way_c2_d1_t2,production,dies,0,0,2,0,1|1,1,2,0,2,6,1/1000000/2,true,false,false,true,e80e518cddab8f64c1b7e2e89ae1624702349456f3273c9e82ec680d0803619b,4f53cda18c2baa0c0354bb5f9a3ecbe5ed12ab4d8e11ba873c2f11161202b945,ba86850bcdef45619e13652e953232b0e9973d49ed7837a81035be5b289a10c2,4404104654376503c05a09589bd35759f4ac07f3467c7c164a712d9c699a6417,true,true,true,true
302,5800000,5,reciprocal_c1_d1_t2,reference,dies,0,0,1,0,1|0,1,2,0,2,6,1/1000000/1;1/1000000/1,true,false,false,true,72b0a4b268015228040cd089dc82553ec36c0ae8dcc21274eb557834d93233e5,4f53cda18c2baa0c0354bb5f9a3ecbe5ed12ab4d8e11ba873c2f11161202b945,7e61c7860810a7dea41d2865dff5e53f0939349d47e63403599daa86104c144b,28e6f4af8a1989485076fe09ea914a248f898c2ec809aa9ae144215bfba944c2,true,true,true,true
302,5800000,5,reciprocal_c1_d1_t2,production,dies,0,0,1,0,1|0,1,2,0,2,6,1/1000000/1;1/1000000/1,true,false,false,true,72b0a4b268015228040cd089dc82553ec36c0ae8dcc21274eb557834d93233e5,4f53cda18c2baa0c0354bb5f9a3ecbe5ed12ab4d8e11ba873c2f11161202b945,7e61c7860810a7dea41d2865dff5e53f0939349d47e63403599daa86104c144b,137a974b148d085ba903c74eeb4ea24f9ebf1b8e42a83f313af3d668c2758184,true,true,true,true
303,5800000,5,reciprocal_c1_d1_t1,reference,periodic,2,2,256,32,144|144,287,256,32,288,292,1/999972/1;1/999972/1,false,true,true,true,74fcca33d506b5496ef2832b46c8dc7086a0fa09b6e3584e2bccb9a5b119b308,5f5fd379abfc0ca43a9635bbe306d66595c5e627bf96dd273927ed2d506d0754,997bd6d3e67c16f14a1e0c20988056a638636364c4e61806761c27576977f979,d3d120f0a4db1d511c2a3fe24f65b4a6e942bffd472308d49a92d0891314cd74,true,true,true,true
303,5800000,5,reciprocal_c1_d1_t1,production,periodic,2,2,256,32,144|144,287,256,32,288,292,1/999972/1;1/999972/1,false,true,true,true,74fcca33d506b5496ef2832b46c8dc7086a0fa09b6e3584e2bccb9a5b119b308,5f5fd379abfc0ca43a9635bbe306d66595c5e627bf96dd273927ed2d506d0754,997bd6d3e67c16f14a1e0c20988056a638636364c4e61806761c27576977f979,3b080e8633931c9832a644259dbebf8f4ed488203b977391140e9a95970456f1,true,true,true,true
304,5800000,5,reciprocal_c2_d0_t2,reference,dies,0,0,2,0,1|1,2,3,0,3,5,1/1000000/2;1/1000000/2,true,false,false,true,664bc4d2f5ae8f744c460ec58e70088018cc689a75345a3ef55741823fa27024,4f53cda18c2baa0c0354bb5f9a3ecbe5ed12ab4d8e11ba873c2f11161202b945,1249964b4484da02ac884c9714ae292c5a1e9e76917ba0351cc83ba646785aa5,586c1f1b2f1649f086fabadbb3a218c0bede52d65e8d0528aead6c49e5311615,true,true,true,true
304,5800000,5,reciprocal_c2_d0_t2,production,dies,0,0,2,0,1|1,2,3,0,3,5,1/1000000/2;1/1000000/2,true,false,false,true,664bc4d2f5ae8f744c460ec58e70088018cc689a75345a3ef55741823fa27024,4f53cda18c2baa0c0354bb5f9a3ecbe5ed12ab4d8e11ba873c2f11161202b945,1249964b4484da02ac884c9714ae292c5a1e9e76917ba0351cc83ba646785aa5,586c1f1b2f1649f086fabadbb3a218c0bede52d65e8d0528aead6c49e5311615,true,true,true,true
305,5800000,5,reciprocal_c2_d0_t2_alternating_phase,reference,dies,0,0,2,0,1|1,2,3,0,3,5,1/1000000/2;1/1000000/2,true,false,false,true,6847045dd5151d27cee46e58cfad0ec888091ed624c3c1384c2fd2629608cf1d,4f53cda18c2baa0c0354bb5f9a3ecbe5ed12ab4d8e11ba873c2f11161202b945,f7220b224854e72e70241987daca61c91c51a9d01d695110df4804b4b3ee8744,57e0d5d3117fbb9435385415da7b510ef2439f9f38dc5e88624fbb06893acbd5,true,true,true,true
305,5800000,5,reciprocal_c2_d0_t2_alternating_phase,production,dies,0,0,2,0,1|1,2,3,0,3,5,1/1000000/2;1/1000000/2,true,false,false,true,6847045dd5151d27cee46e58cfad0ec888091ed624c3c1384c2fd2629608cf1d,4f53cda18c2baa0c0354bb5f9a3ecbe5ed12ab4d8e11ba873c2f11161202b945,f7220b224854e72e70241987daca61c91c51a9d01d695110df4804b4b3ee8744,57e0d5d3117fbb9435385415da7b510ef2439f9f38dc5e88624fbb06893acbd5,true,true,true,true
306,5800000,5,reciprocal_c2_d1_t2,reference,periodic,2,2,256,32,144|144,287,256,32,288,292,1/999972/2;1/999972/2,false,true,true,true,49ab1e4b7adeb449a9c596667d3540897946cf7b98013f4736f8f1f62ac0af72,7a8a1092980198779026bd011c6073736a1b8d07a40164759aba563762ab54a5,bb2faaa4858b7b832fdcb0475b352cb8cf5688428fc850fc081dcb0ff41f6256,a4baf5b2e4e8c6ae3f9657cf0da762b2e91f9211914ea7da1e2fa9d6fe52651e,true,true,true,true
306,5800000,5,reciprocal_c2_d1_t2,production,periodic,2,2,256,32,144|144,287,256,32,288,292,1/999972/2;1/999972/2,false,true,true,true,49ab1e4b7adeb449a9c596667d3540897946cf7b98013f4736f8f1f62ac0af72,7a8a1092980198779026bd011c6073736a1b8d07a40164759aba563762ab54a5,bb2faaa4858b7b832fdcb0475b352cb8cf5688428fc850fc081dcb0ff41f6256,69668681e40587bb3d399fcb001d89b835d5c39d13f1f458e3421a9ed5f5701c,true,true,true,true
307,5800000,5,reciprocal_c2_d2_t2,reference,periodic,2,4,256,32,144|144,287,256,32,288,579,1/999943/2;1/999943/2,false,true,true,true,9c3073bc6c4672052174b94203efbe2a20ee959ae5cb5bf7e294349dfb1e15fe,b2d23c39113bcc45e93491cceb1d73b470cd36e1dbad57c1d76ba618a736e73b,6fed6072200f51a9defa56ce37054214fd61204d8d8d5cbbeebf990dbf2630f0,2b3f21d0948917bbc0d409e12ed59e4d724e453279482ba8d68a47362c8c8288,true,true,true,true
307,5800000,5,reciprocal_c2_d2_t2,production,periodic,2,4,256,32,144|144,287,256,32,288,579,1/999943/2;1/999943/2,false,true,true,true,9c3073bc6c4672052174b94203efbe2a20ee959ae5cb5bf7e294349dfb1e15fe,b2d23c39113bcc45e93491cceb1d73b470cd36e1dbad57c1d76ba618a736e73b,6fed6072200f51a9defa56ce37054214fd61204d8d8d5cbbeebf990dbf2630f0,b1f4af37b2c1f588e401547f62a5ebfacf5c0effba09294d1ecaa86716a61dfb,true,true,true,true
308,5800000,5,reciprocal_c2_d3_t2,reference,periodic,2,6,256,32,144|144,287,256,32,288,866,1/999914/2;1/999914/2,false,true,true,true,c9e196ef0cc97741c8a251f7beda20104bc6d35debb1b1b911fdef7c08bfaaad,420f9505fe60486bfe320af015eea2575677c5ae0b7ee741edeaa128795eef8a,09a2b470e6e5f822853cddfdc17ed6d8d10eca077dbfd25ce613ead1ba852de2,eec4debfa767e8981068451643b84edf2ba681a434a88990137567cd96da532a,true,true,true,true
308,5800000,5,reciprocal_c2_d3_t2,production,periodic,2,6,256,32,144|144,287,256,32,288,866,1/999914/2;1/999914/2,false,true,true,true,c9e196ef0cc97741c8a251f7beda20104bc6d35debb1b1b911fdef7c08bfaaad,420f9505fe60486bfe320af015eea2575677c5ae0b7ee741edeaa128795eef8a,09a2b470e6e5f822853cddfdc17ed6d8d10eca077dbfd25ce613ead1ba852de2,e146e36b4249048a5e1545fd95a98598283aa84940e8cc8525732c6b2099dcc3,true,true,true,true
309,5800000,5,reciprocal_c2_mixed_d0_d1_t2,reference,periodic,2,1,256,32,144|144,287,256,32,288,148,1/999986/2;1/999986/2,false,true,true,true,2e887c2b0169e9af8385d5e57864cac7f5e8e89b9b9035b425ed2a1c5b314a6c,1773a70e7ff367bb1d958bf85e215a3c60a5f3b2eb1c2bd9b6f0620045974eef,7bf0d39612af60bbf7bd3363e2f4e532570f65a470840fb4c11b8327e8e39caa,d0279b24ea949bf4f2d217f9630296cbd2ad73a7f25de1aad94ae1c254534316,true,true,true,true
309,5800000,5,reciprocal_c2_mixed_d0_d1_t2,production,periodic,2,1,256,32,144|144,287,256,32,288,148,1/999986/2;1/999986/2,false,true,true,true,2e887c2b0169e9af8385d5e57864cac7f5e8e89b9b9035b425ed2a1c5b314a6c,1773a70e7ff367bb1d958bf85e215a3c60a5f3b2eb1c2bd9b6f0620045974eef,7bf0d39612af60bbf7bd3363e2f4e532570f65a470840fb4c11b8327e8e39caa,d0279b24ea949bf4f2d217f9630296cbd2ad73a7f25de1aad94ae1c254534316,true,true,true,true
310,5800000,5,reciprocal_c2_d1_t2_alternating_phase,reference,periodic,2,2,256,32,144|144,287,256,32,288,292,1/999972/2;1/999972/2,false,true,true,true,9783c4cfca87d8fabdefc0ee8e9a441f3d1c89325392b18084fe44fea4c46ccd,1009e55dd91ded4854206efde3d80fbf86dbe0e2296116577af7c6a266a1d7fe,109534d32de3ca80d647923875d95c3e7f5cff02c9541760ab804afb1b840b2f,731b3feee5b447605de80f7b2b5f159cc73cce147251093a5a43208db83ae319,true,true,true,true
310,5800000,5,reciprocal_c2_d1_t2_alternating_phase,production,periodic,2,2,256,32,144|144,287,256,32,288,292,1/999972/2;1/999972/2,false,true,true,true,9783c4cfca87d8fabdefc0ee8e9a441f3d1c89325392b18084fe44fea4c46ccd,1009e55dd91ded4854206efde3d80fbf86dbe0e2296116577af7c6a266a1d7fe,109534d32de3ca80d647923875d95c3e7f5cff02c9541760ab804afb1b840b2f,abca18b9f331774552d07e34d4210c465f987b4379077726c0981c182968cb47,true,true,true,true
311,5800000,5,reciprocal_c2_d1_t1,reference,periodic,2,2,256,32,144|144,287,256,32,288,292,1/999972/2;1/999972/2,false,true,true,true,8e07a232fbb18b21723c674a18afbc285c8cb5505c9eba2bd43d9ae913042652,7a8a1092980198779026bd011c6073736a1b8d07a40164759aba563762ab54a5,d1006f50b310ffa9f21e4dacb7f5d56210af45f8d058324c4964b05042ca9a04,afd8a44322e0a9ba17d2f5dedfd5efd3b5fe221f7ac0bee14cfdd472cc140206,true,true,true,true
311,5800000,5,reciprocal_c2_d1_t1,production,periodic,2,2,256,32,144|144,287,256,32,288,292,1/999972/2;1/999972/2,false,true,true,true,8e07a232fbb18b21723c674a18afbc285c8cb5505c9eba2bd43d9ae913042652,7a8a1092980198779026bd011c6073736a1b8d07a40164759aba563762ab54a5,d1006f50b310ffa9f21e4dacb7f5d56210af45f8d058324c4964b05042ca9a04,d4630ed9e81cebeb9896a6a8573dae4ec6a85f4dc978b800c5af27ac9bcf16e7,true,true,true,true
312,5800000,5,reciprocal_c2_d1_t3,reference,dies,0,0,1,0,1|0,1,2,0,2,6,1/1000000/2;1/1000000/2,true,false,false,true,7b8b1997d1e908a579f4c4923ec08cb22db53e5ce8032db2d96df371a102cf53,4f53cda18c2baa0c0354bb5f9a3ecbe5ed12ab4d8e11ba873c2f11161202b945,b865d8d27fbf36d6ada4d411a42a70992fcc23b87876a3251b356105464fd791,09d05ec36a7dc92673fab638f01ad2e5109f338eea14b6c769660f9042979b56,true,true,true,true
312,5800000,5,reciprocal_c2_d1_t3,production,dies,0,0,1,0,1|0,1,2,0,2,6,1/1000000/2;1/1000000/2,true,false,false,true,7b8b1997d1e908a579f4c4923ec08cb22db53e5ce8032db2d96df371a102cf53,4f53cda18c2baa0c0354bb5f9a3ecbe5ed12ab4d8e11ba873c2f11161202b945,b865d8d27fbf36d6ada4d411a42a70992fcc23b87876a3251b356105464fd791,93ad2c0a67e5ecb5a0da4b0ad4500e1c38b24732d890590a8015b62cdac967be,true,true,true,true
313,5800000,5,cycle_3_c2_d1_t2,reference,periodic,3,3,256,32,96|96|96,287,256,32,288,292,1/999972/2;1/999972/2;1/999972/2,false,true,true,true,c459946f33ebb6b6327ce03bf56eef70f2e821f5fdcc15ac1354842d210824b8,58f8657a9cb8ff50d6772054dfe943f3b12ba48846e25936c67cce0167fd22cc,6450db7d67552cd64f35c897f4b7b11cac91fced9627a6ed0167eda6134c9dea,678d1cbac4b6cee797b8a73838ffc783ddbf215daa2242dc0d0d8f0c9169a66a,true,true,true,true
313,5800000,5,cycle_3_c2_d1_t2,production,periodic,3,3,256,32,96|96|96,287,256,32,288,292,1/999972/2;1/999972/2;1/999972/2,false,true,true,true,c459946f33ebb6b6327ce03bf56eef70f2e821f5fdcc15ac1354842d210824b8,58f8657a9cb8ff50d6772054dfe943f3b12ba48846e25936c67cce0167fd22cc,6450db7d67552cd64f35c897f4b7b11cac91fced9627a6ed0167eda6134c9dea,7c168e1da95fa642b63d846d0b889e169ed1e7b21956111c5463da4298fe4df2,true,true,true,true
314,5800000,5,cycle_4_c2_d1_t2,reference,periodic,4,4,256,32,72|72|72|72,287,256,32,288,292,1/999972/2;1/999972/2;1/999972/2;1/999972/2,false,true,true,true,09d87cad3a6a2d73ded08449d96c6077548a87ebdca9d2cce2983af9b41ee23b,5a6db1d148a0584ce7bf8b4e836b372a1e19019cc37d514dbce667a30312594b,378f8c1487b69338ef2070b6b10adc29d56dcaf726cbe1dda8759eaf54aea1f9,3b5375de2fc1c6c41c552e88067b87374e27f9786cadb35608256b06b1e91074,true,true,true,true
314,5800000,5,cycle_4_c2_d1_t2,production,periodic,4,4,256,32,72|72|72|72,287,256,32,288,292,1/999972/2;1/999972/2;1/999972/2;1/999972/2,false,true,true,true,09d87cad3a6a2d73ded08449d96c6077548a87ebdca9d2cce2983af9b41ee23b,5a6db1d148a0584ce7bf8b4e836b372a1e19019cc37d514dbce667a30312594b,378f8c1487b69338ef2070b6b10adc29d56dcaf726cbe1dda8759eaf54aea1f9,2d727a54d8c4eb9af25311f286ce2c405b81a9ebae48e111e237c915b96969d4,true,true,true,true
315,5800000,5,cycle_8_c2_d1_t2,reference,periodic,8,8,256,32,36|36|36|36|36|36|36|36,287,256,32,288,292,1/999972/2;1/999972/2;1/999972/2;1/999972/2;1/999972/2;1/999972/2;1/999972/2;1/999972/2,false,true,true,true,1fd07d003e7c84022665383db815980db802aaace7719ffff00cf500dc815ad7,a8f9250b40e9dee454427f7b3a7b07dcbcf3145f0bf10e6647671cf0ebc56ed4,f31459496e4cfc85dedc53f29f0e63dcc61c3097fc1d9705642fb6c9b830d5ce,0e55b67d3b1660b431b763c04cab16efa864ace5768b3d58e1a44d8524a46a61,true,true,true,true
315,5800000,5,cycle_8_c2_d1_t2,production,periodic,8,8,256,32,36|36|36|36|36|36|36|36,287,256,32,288,292,1/999972/2;1/999972/2;1/999972/2;1/999972/2;1/999972/2;1/999972/2;1/999972/2;1/999972/2,false,true,true,true,1fd07d003e7c84022665383db815980db802aaace7719ffff00cf500dc815ad7,a8f9250b40e9dee454427f7b3a7b07dcbcf3145f0bf10e6647671cf0ebc56ed4,f31459496e4cfc85dedc53f29f0e63dcc61c3097fc1d9705642fb6c9b830d5ce,0c7baec1bab218ca20bf16ea5dfa2ff78eac2bccc4ac8aea962089c8ff375ef2,true,true,true,true
316,5800000,5,cycle_3_c2_d0_t2,reference,dies,0,0,3,0,1|1|1,3,4,0,4,5,1/1000000/2;1/1000000/2;1/1000000/2,true,false,false,true,a4ddc3b82dcc481878bd5cdfcfefa7c631c99b735e716268d12f4aac798909bc,4f53cda18c2baa0c0354bb5f9a3ecbe5ed12ab4d8e11ba873c2f11161202b945,586a18e894a0524184792ea0df72da4bd6b150f5e4854ba75a64fc04cdb0b88b,4b142384201cad16748309fb15a929a03d3576c31682a486ce1a2fe3e3b2c45a,true,true,true,true
316,5800000,5,cycle_3_c2_d0_t2,production,dies,0,0,3,0,1|1|1,3,4,0,4,5,1/1000000/2;1/1000000/2;1/1000000/2,true,false,false,true,a4ddc3b82dcc481878bd5cdfcfefa7c631c99b735e716268d12f4aac798909bc,4f53cda18c2baa0c0354bb5f9a3ecbe5ed12ab4d8e11ba873c2f11161202b945,586a18e894a0524184792ea0df72da4bd6b150f5e4854ba75a64fc04cdb0b88b,4b142384201cad16748309fb15a929a03d3576c31682a486ce1a2fe3e3b2c45a,true,true,true,true
317,5800000,5,cycle_4_c2_d0_t2,reference,dies,0,0,4,0,1|1|1|1,4,5,0,5,5,1/1000000/2;1/1000000/2;1/1000000/2;1/1000000/2,true,false,false,true,1a17250c6492b85885135f5c1f673a744c6a51e25325ed12bf81452f28aee17a,4f53cda18c2baa0c0354bb5f9a3ecbe5ed12ab4d8e11ba873c2f11161202b945,43df5c790f4f57e24f146b668966b07412b2fd24ebe7515069629468bb34e401,5b91732fba75f47e4352a8a942146e356d9e8eb4095e020bb120250313ecad96,true,true,true,true
317,5800000,5,cycle_4_c2_d0_t2,production,dies,0,0,4,0,1|1|1|1,4,5,0,5,5,1/1000000/2;1/1000000/2;1/1000000/2;1/1000000/2,true,false,false,true,1a17250c6492b85885135f5c1f673a744c6a51e25325ed12bf81452f28aee17a,4f53cda18c2baa0c0354bb5f9a3ecbe5ed12ab4d8e11ba873c2f11161202b945,43df5c790f4f57e24f146b668966b07412b2fd24ebe7515069629468bb34e401,5b91732fba75f47e4352a8a942146e356d9e8eb4095e020bb120250313ecad96,true,true,true,true
318,5800000,5,cycle_8_c2_d0_t2,reference,dies,0,0,8,0,1|1|1|1|1|1|1|1,8,9,0,9,5,1/1000000/2;1/1000000/2;1/1000000/2;1/1000000/2;1/1000000/2;1/1000000/2;1/1000000/2;1/1000000/2,true,false,false,true,e8983ddb5314d461bcc9eb19ff2bfd097c6f49f6d54861f50188b3a9dd169e6d,4f53cda18c2baa0c0354bb5f9a3ecbe5ed12ab4d8e11ba873c2f11161202b945,026143305591c1f4c66c840ef55842d0af4600bcb2e6cc8cc4e2e7bd80309494,82e64bb28d4a88dd1d4570d1f1fea68eacc130adb01bdd170c7df357f65998b2,true,true,true,true
318,5800000,5,cycle_8_c2_d0_t2,production,dies,0,0,8,0,1|1|1|1|1|1|1|1,8,9,0,9,5,1/1000000/2;1/1000000/2;1/1000000/2;1/1000000/2;1/1000000/2;1/1000000/2;1/1000000/2;1/1000000/2,true,false,false,true,e8983ddb5314d461bcc9eb19ff2bfd097c6f49f6d54861f50188b3a9dd169e6d,4f53cda18c2baa0c0354bb5f9a3ecbe5ed12ab4d8e11ba873c2f11161202b945,026143305591c1f4c66c840ef55842d0af4600bcb2e6cc8cc4e2e7bd80309494,82e64bb28d4a88dd1d4570d1f1fea68eacc130adb01bdd170c7df357f65998b2,true,true,true,true
319,5800000,5,chain_8_c2_d1_t2,reference,dies,0,0,8,0,1|1|1|1|1|1|1|1,7,8,0,8,12,1/1000000/2;1/1000000/2;1/1000000/2;1/1000000/2;1/1000000/2;1/1000000/2;1/1000000/2,true,false,false,true,9161adadeb2bfeab86a6a72493c63e088ad40ee47edced4b282af91834723223,4f53cda18c2baa0c0354bb5f9a3ecbe5ed12ab4d8e11ba873c2f11161202b945,bcc5cb1634fb96b39e4638d9eaf7c414a5b16d2a037c6d2e46b0cef7ed231bda,3a1233957df5059ebfa32ee02699627f895f8aff3d90e390f48adaa403298e86,true,true,true,true
319,5800000,5,chain_8_c2_d1_t2,production,dies,0,0,8,0,1|1|1|1|1|1|1|1,7,8,0,8,12,1/1000000/2;1/1000000/2;1/1000000/2;1/1000000/2;1/1000000/2;1/1000000/2;1/1000000/2,true,false,false,true,9161adadeb2bfeab86a6a72493c63e088ad40ee47edced4b282af91834723223,4f53cda18c2baa0c0354bb5f9a3ecbe5ed12ab4d8e11ba873c2f11161202b945,bcc5cb1634fb96b39e4638d9eaf7c414a5b16d2a037c6d2e46b0cef7ed231bda,37835707201dc7344961542393ba99cfbc12e0f5d0f4d4a84feac650a94e7a34,true,true,true,true
320,5800000,5,chain_8_c2_d0_t2,reference,dies,0,0,8,0,1|1|1|1|1|1|1|1,7,8,0,8,5,1/1000000/2;1/1000000/2;1/1000000/2;1/1000000/2;1/1000000/2;1/1000000/2;1/1000000/2,true,false,false,true,86f250cecd63ec54d002a207b227d1fcc48e8e3a14d594e25b7ee8de44cfdd97,4f53cda18c2baa0c0354bb5f9a3ecbe5ed12ab4d8e11ba873c2f11161202b945,878d732f838f9027526454f16bd59608cf031ea565f2fda98982860553009fd2,9e9cc5c6da56303f29e4602c3b34c8f960d4d030a1d8659ea233208c4fe8e829,true,true,true,true
320,5800000,5,chain_8_c2_d0_t2,production,dies,0,0,8,0,1|1|1|1|1|1|1|1,7,8,0,8,5,1/1000000/2;1/1000000/2;1/1000000/2;1/1000000/2;1/1000000/2;1/1000000/2;1/1000000/2,true,false,false,true,86f250cecd63ec54d002a207b227d1fcc48e8e3a14d594e25b7ee8de44cfdd97,4f53cda18c2baa0c0354bb5f9a3ecbe5ed12ab4d8e11ba873c2f11161202b945,878d732f838f9027526454f16bd59608cf031ea565f2fda98982860553009fd2,9e9cc5c6da56303f29e4602c3b34c8f960d4d030a1d8659ea233208c4fe8e829,true,true,true,true
321,5800000,6,one_way_c2_d1_t2,reference,dies,0,0,2,0,1|1,1,2,0,2,7,1/1000000/2,true,false,false,true,06f5aba3245acc6f4ea7cf480a4334a596da5524afaeb6cfc32fd4095392b1ee,4f53cda18c2baa0c0354bb5f9a3ecbe5ed12ab4d8e11ba873c2f11161202b945,ba86850bcdef45619e13652e953232b0e9973d49ed7837a81035be5b289a10c2,24222ead56a7a70b3c21799cd7013b89d21f074630bdaae3ebbd51648194a7d8,true,true,true,true
321,5800000,6,one_way_c2_d1_t2,production,dies,0,0,2,0,1|1,1,2,0,2,7,1/1000000/2,true,false,false,true,06f5aba3245acc6f4ea7cf480a4334a596da5524afaeb6cfc32fd4095392b1ee,4f53cda18c2baa0c0354bb5f9a3ecbe5ed12ab4d8e11ba873c2f11161202b945,ba86850bcdef45619e13652e953232b0e9973d49ed7837a81035be5b289a10c2,4593daabd90383ed2f5bbf39d7a13ed30e59565c61ec1382ebe86f7a618aa7bd,true,true,true,true
322,5800000,6,reciprocal_c1_d1_t2,reference,dies,0,0,1,0,1|0,1,2,0,2,7,1/1000000/1;1/1000000/1,true,false,false,true,6c895e2707f1020fb2d2d8245c7de80f7a6526f75acce542991b4edb9cd8ba10,4f53cda18c2baa0c0354bb5f9a3ecbe5ed12ab4d8e11ba873c2f11161202b945,7e61c7860810a7dea41d2865dff5e53f0939349d47e63403599daa86104c144b,d1fa1f704baa796438cc327a6fbbbd9a1b1a35689654eb0187af2123ddca3208,true,true,true,true
322,5800000,6,reciprocal_c1_d1_t2,production,dies,0,0,1,0,1|0,1,2,0,2,7,1/1000000/1;1/1000000/1,true,false,false,true,6c895e2707f1020fb2d2d8245c7de80f7a6526f75acce542991b4edb9cd8ba10,4f53cda18c2baa0c0354bb5f9a3ecbe5ed12ab4d8e11ba873c2f11161202b945,7e61c7860810a7dea41d2865dff5e53f0939349d47e63403599daa86104c144b,13a3c3590d3a2845806168e5505f4dd2c53fbe2ff06cd27a80848d653d90383c,true,true,true,true
323,5800000,6,reciprocal_c1_d1_t1,reference,periodic,2,2,256,32,144|144,287,256,32,288,293,1/999972/1;1/999972/1,false,true,true,true,861ec14ce0f206b39d382f3c5d6c692f50a175cf1978f1cbfc6ea00e3fe44fa1,ec26a2d3cfcdea9b1b6d07b352a2015ce022ca81619b68a8e02fe4863e74d192,997bd6d3e67c16f14a1e0c20988056a638636364c4e61806761c27576977f979,a18fff973deab90bfbf065f19cf08bf422fd46f5cfae19dbafbd289115659819,true,true,true,true
323,5800000,6,reciprocal_c1_d1_t1,production,periodic,2,2,256,32,144|144,287,256,32,288,293,1/999972/1;1/999972/1,false,true,true,true,861ec14ce0f206b39d382f3c5d6c692f50a175cf1978f1cbfc6ea00e3fe44fa1,ec26a2d3cfcdea9b1b6d07b352a2015ce022ca81619b68a8e02fe4863e74d192,997bd6d3e67c16f14a1e0c20988056a638636364c4e61806761c27576977f979,a6db37639ba4c1088a7d8b62fe728fbdaad75836a3aea824e57c2f0c4b61ccca,true,true,true,true
324,5800000,6,reciprocal_c2_d0_t2,reference,dies,0,0,2,0,1|1,2,3,0,3,6,1/1000000/2;1/1000000/2,true,false,false,true,da22abec376aadf8cf4a62af0ac701b0c7aa6875e0ef8abfc59e08acee31fc0f,4f53cda18c2baa0c0354bb5f9a3ecbe5ed12ab4d8e11ba873c2f11161202b945,1249964b4484da02ac884c9714ae292c5a1e9e76917ba0351cc83ba646785aa5,17fb4c21444955ba875f038e3b008a8fa18da4284ecd844c4fc543671b849a2d,true,true,true,true
324,5800000,6,reciprocal_c2_d0_t2,production,dies,0,0,2,0,1|1,2,3,0,3,6,1/1000000/2;1/1000000/2,true,false,false,true,da22abec376aadf8cf4a62af0ac701b0c7aa6875e0ef8abfc59e08acee31fc0f,4f53cda18c2baa0c0354bb5f9a3ecbe5ed12ab4d8e11ba873c2f11161202b945,1249964b4484da02ac884c9714ae292c5a1e9e76917ba0351cc83ba646785aa5,17fb4c21444955ba875f038e3b008a8fa18da4284ecd844c4fc543671b849a2d,true,true,true,true
325,5800000,6,reciprocal_c2_d0_t2_alternating_phase,reference,dies,0,0,2,0,1|1,2,3,0,3,6,1/1000000/2;1/1000000/2,true,false,false,true,3b0cd587315fa289dc8d7fbfb394af0c86679119904d39a932dec7825c6da775,4f53cda18c2baa0c0354bb5f9a3ecbe5ed12ab4d8e11ba873c2f11161202b945,f7220b224854e72e70241987daca61c91c51a9d01d695110df4804b4b3ee8744,ae4b2dd552b59e04dfd9c05e3d46629b4add1795787cc1b7982ff880f9445b4c,true,true,true,true
325,5800000,6,reciprocal_c2_d0_t2_alternating_phase,production,dies,0,0,2,0,1|1,2,3,0,3,6,1/1000000/2;1/1000000/2,true,false,false,true,3b0cd587315fa289dc8d7fbfb394af0c86679119904d39a932dec7825c6da775,4f53cda18c2baa0c0354bb5f9a3ecbe5ed12ab4d8e11ba873c2f11161202b945,f7220b224854e72e70241987daca61c91c51a9d01d695110df4804b4b3ee8744,ae4b2dd552b59e04dfd9c05e3d46629b4add1795787cc1b7982ff880f9445b4c,true,true,true,true
326,5800000,6,reciprocal_c2_d1_t2,reference,periodic,2,2,256,32,144|144,287,256,32,288,293,1/999972/2;1/999972/2,false,true,true,true,dfaed705fb1554b34bc55a79c650eda0b4a311f66e4ea63521be44026cc7f322,2d3558286b484751dadff14c83ef2dde16f5ba800b6b0ae9f2ff16a2e7220f28,bb2faaa4858b7b832fdcb0475b352cb8cf5688428fc850fc081dcb0ff41f6256,43b97362dca0b8b8547b76e90b29e41d918ff3ad57d013620eaa2db5ab917f7b,true,true,true,true
326,5800000,6,reciprocal_c2_d1_t2,production,periodic,2,2,256,32,144|144,287,256,32,288,293,1/999972/2;1/999972/2,false,true,true,true,dfaed705fb1554b34bc55a79c650eda0b4a311f66e4ea63521be44026cc7f322,2d3558286b484751dadff14c83ef2dde16f5ba800b6b0ae9f2ff16a2e7220f28,bb2faaa4858b7b832fdcb0475b352cb8cf5688428fc850fc081dcb0ff41f6256,6bfa863c05bf37339cd98ad38dab43eb87171b24024495faa082fa5ec2aeecc0,true,true,true,true
327,5800000,6,reciprocal_c2_d2_t2,reference,periodic,2,4,256,32,144|144,287,256,32,288,580,1/999943/2;1/999943/2,false,true,true,true,feec6f3b486491c894b2732ae9597fec79218292a888f7f01cd2c75e55f31ff8,34fbfe8f201056a85ce0f7e3b9dfddd04c3ca48cdc1f50273e6cfbd3444965ce,6fed6072200f51a9defa56ce37054214fd61204d8d8d5cbbeebf990dbf2630f0,4a57be6eda446159d766979aff5b0afbe005ed712f3d2fe26ceac9eecc87c541,true,true,true,true
327,5800000,6,reciprocal_c2_d2_t2,production,periodic,2,4,256,32,144|144,287,256,32,288,580,1/999943/2;1/999943/2,false,true,true,true,feec6f3b486491c894b2732ae9597fec79218292a888f7f01cd2c75e55f31ff8,34fbfe8f201056a85ce0f7e3b9dfddd04c3ca48cdc1f50273e6cfbd3444965ce,6fed6072200f51a9defa56ce37054214fd61204d8d8d5cbbeebf990dbf2630f0,b56649998669759a3cf9c31fb8c08b76dcd30dfabf31e544bad372aba48ca6cb,true,true,true,true
328,5800000,6,reciprocal_c2_d3_t2,reference,periodic,2,6,256,32,144|144,287,256,32,288,867,1/999914/2;1/999914/2,false,true,true,true,d918c1505a6bc3743aff96069f32a18b014b708c83bbded14bb2b66be02b6e80,0eecfc26a84ee4260756da12545942f09e206c1425207e2e564ec10cd96d086a,09a2b470e6e5f822853cddfdc17ed6d8d10eca077dbfd25ce613ead1ba852de2,1b59ed6bc3b9d08b332b4bc52dda157cbd3ae374c6e8d456e329cfbdb9de9472,true,true,true,true
328,5800000,6,reciprocal_c2_d3_t2,production,periodic,2,6,256,32,144|144,287,256,32,288,867,1/999914/2;1/999914/2,false,true,true,true,d918c1505a6bc3743aff96069f32a18b014b708c83bbded14bb2b66be02b6e80,0eecfc26a84ee4260756da12545942f09e206c1425207e2e564ec10cd96d086a,09a2b470e6e5f822853cddfdc17ed6d8d10eca077dbfd25ce613ead1ba852de2,e7fcac7533e235a8fd16ac61bd61cac36f23f86e70b585abb8a4e7e6651e5f39,true,true,true,true
329,5800000,6,reciprocal_c2_mixed_d0_d1_t2,reference,periodic,2,1,256,32,144|144,287,256,32,288,149,1/999986/2;1/999986/2,false,true,true,true,57b4dd7afa0e04097089724449ab13e2a06d0d12f54b4259419826bf27dfd9a7,62befa5dc7559ad771fc8f63efa30448d03cd7c8e3a9aa975d15ff74aea9f65e,7bf0d39612af60bbf7bd3363e2f4e532570f65a470840fb4c11b8327e8e39caa,c910b3c4f4f7877c9a77f98522711b46ffe31a51309b2fcf5d1fe439e6d191ce,true,true,true,true
329,5800000,6,reciprocal_c2_mixed_d0_d1_t2,production,periodic,2,1,256,32,144|144,287,256,32,288,149,1/999986/2;1/999986/2,false,true,true,true,57b4dd7afa0e04097089724449ab13e2a06d0d12f54b4259419826bf27dfd9a7,62befa5dc7559ad771fc8f63efa30448d03cd7c8e3a9aa975d15ff74aea9f65e,7bf0d39612af60bbf7bd3363e2f4e532570f65a470840fb4c11b8327e8e39caa,c910b3c4f4f7877c9a77f98522711b46ffe31a51309b2fcf5d1fe439e6d191ce,true,true,true,true
330,5800000,6,reciprocal_c2_d1_t2_alternating_phase,reference,periodic,2,2,256,32,144|144,287,256,32,288,293,1/999972/2;1/999972/2,false,true,true,true,b1bc3ee2554c60da17750b45b51844c872064924f9a0f502daa5a425be464edf,187e75004b5d6ae4c730c12b39f67dac720ed06c8a0e8dfb8097b1ca1217e60b,109534d32de3ca80d647923875d95c3e7f5cff02c9541760ab804afb1b840b2f,b64c5210b8f570be47906cf6e2612bfdd4de7f8538ded8f6bbc7acc193a581c6,true,true,true,true
330,5800000,6,reciprocal_c2_d1_t2_alternating_phase,production,periodic,2,2,256,32,144|144,287,256,32,288,293,1/999972/2;1/999972/2,false,true,true,true,b1bc3ee2554c60da17750b45b51844c872064924f9a0f502daa5a425be464edf,187e75004b5d6ae4c730c12b39f67dac720ed06c8a0e8dfb8097b1ca1217e60b,109534d32de3ca80d647923875d95c3e7f5cff02c9541760ab804afb1b840b2f,fe737caaf041a465b1c7a04af9b7b3aa043660e2cf7012ba750702f62927edeb,true,true,true,true
331,5800000,6,reciprocal_c2_d1_t1,reference,periodic,2,2,256,32,144|144,287,256,32,288,293,1/999972/2;1/999972/2,false,true,true,true,b0427d3e969ace209c4c7accdaf46f79a10fe0816338f7550e80f21ee139d190,2d3558286b484751dadff14c83ef2dde16f5ba800b6b0ae9f2ff16a2e7220f28,d1006f50b310ffa9f21e4dacb7f5d56210af45f8d058324c4964b05042ca9a04,c206685f2427119c3d238d8f7593402dafa4493c2de9bdefe5feecc8f5b44bb7,true,true,true,true
331,5800000,6,reciprocal_c2_d1_t1,production,periodic,2,2,256,32,144|144,287,256,32,288,293,1/999972/2;1/999972/2,false,true,true,true,b0427d3e969ace209c4c7accdaf46f79a10fe0816338f7550e80f21ee139d190,2d3558286b484751dadff14c83ef2dde16f5ba800b6b0ae9f2ff16a2e7220f28,d1006f50b310ffa9f21e4dacb7f5d56210af45f8d058324c4964b05042ca9a04,e510995db278e2aee013cf7504029795b5e0af29b3ebf058fc1447e330df2554,true,true,true,true
332,5800000,6,reciprocal_c2_d1_t3,reference,dies,0,0,1,0,1|0,1,2,0,2,7,1/1000000/2;1/1000000/2,true,false,false,true,3602127ed8e710512e13871bc92c5e5451e7d319e410ec10085fc446c399227f,4f53cda18c2baa0c0354bb5f9a3ecbe5ed12ab4d8e11ba873c2f11161202b945,b865d8d27fbf36d6ada4d411a42a70992fcc23b87876a3251b356105464fd791,96e6c9742037be62c82c8d9d615f186c7302983b3951b2efd59e5e1d391cfb3b,true,true,true,true
332,5800000,6,reciprocal_c2_d1_t3,production,dies,0,0,1,0,1|0,1,2,0,2,7,1/1000000/2;1/1000000/2,true,false,false,true,3602127ed8e710512e13871bc92c5e5451e7d319e410ec10085fc446c399227f,4f53cda18c2baa0c0354bb5f9a3ecbe5ed12ab4d8e11ba873c2f11161202b945,b865d8d27fbf36d6ada4d411a42a70992fcc23b87876a3251b356105464fd791,fa8e6500085c6bfba67216fdff832dfb96ba39be8cba55a278ea812dea1406e1,true,true,true,true
333,5800000,6,cycle_3_c2_d1_t2,reference,periodic,3,3,256,32,96|96|96,287,256,32,288,293,1/999972/2;1/999972/2;1/999972/2,false,true,true,true,1d9cb6dc400ab602baf7cb9e2e0a80b216e0a4048955dbb56549fa421ecd9914,f9f2f522fbae795a50abd7871bb440a136dad94f09e0eaa0446b09b0147b25e4,6450db7d67552cd64f35c897f4b7b11cac91fced9627a6ed0167eda6134c9dea,6aa3dafdd102d73c58e945aa955dc78990f2f92ff3b37dae09438ac5e62acca3,true,true,true,true
333,5800000,6,cycle_3_c2_d1_t2,production,periodic,3,3,256,32,96|96|96,287,256,32,288,293,1/999972/2;1/999972/2;1/999972/2,false,true,true,true,1d9cb6dc400ab602baf7cb9e2e0a80b216e0a4048955dbb56549fa421ecd9914,f9f2f522fbae795a50abd7871bb440a136dad94f09e0eaa0446b09b0147b25e4,6450db7d67552cd64f35c897f4b7b11cac91fced9627a6ed0167eda6134c9dea,7b16f41ef9ed8d8064e68fdc32fcd0d72b543f321583e17c6c8493bbd8306cdb,true,true,true,true
334,5800000,6,cycle_4_c2_d1_t2,reference,periodic,4,4,256,32,72|72|72|72,287,256,32,288,293,1/999972/2;1/999972/2;1/999972/2;1/999972/2,false,true,true,true,a19f121cd8bee2b0d22e04486f6afeb1368ca740d6b2659e5176a4ddfd6a7ff3,98bf61c845c8232ec7716a3ca75e267380d2f4687d1188e467cf4df344832f57,378f8c1487b69338ef2070b6b10adc29d56dcaf726cbe1dda8759eaf54aea1f9,25f26ff5975bab76939b96270923caf1b1f17c2b39130e07ffe560abc45d1352,true,true,true,true
334,5800000,6,cycle_4_c2_d1_t2,production,periodic,4,4,256,32,72|72|72|72,287,256,32,288,293,1/999972/2;1/999972/2;1/999972/2;1/999972/2,false,true,true,true,a19f121cd8bee2b0d22e04486f6afeb1368ca740d6b2659e5176a4ddfd6a7ff3,98bf61c845c8232ec7716a3ca75e267380d2f4687d1188e467cf4df344832f57,378f8c1487b69338ef2070b6b10adc29d56dcaf726cbe1dda8759eaf54aea1f9,2e2f2e562142cb953643d3c1f3479afef69f72f2af82c70a266f79d716f96b47,true,true,true,true
335,5800000,6,cycle_8_c2_d1_t2,reference,periodic,8,8,256,32,36|36|36|36|36|36|36|36,287,256,32,288,293,1/999972/2;1/999972/2;1/999972/2;1/999972/2;1/999972/2;1/999972/2;1/999972/2;1/999972/2,false,true,true,true,8d2b4c0e5c14fff4dec76cc092d6ee4145b0333aee027808877ebeb3085e9812,0d268c2d8c2eab8e62e65a29d32033022ccb61f005cfd5ea904ed7d8993479ed,f31459496e4cfc85dedc53f29f0e63dcc61c3097fc1d9705642fb6c9b830d5ce,fefa57274e54a5bbeaf555e916499acd9f16e43f743bb6fb073e20c8d1f8fbc8,true,true,true,true
335,5800000,6,cycle_8_c2_d1_t2,production,periodic,8,8,256,32,36|36|36|36|36|36|36|36,287,256,32,288,293,1/999972/2;1/999972/2;1/999972/2;1/999972/2;1/999972/2;1/999972/2;1/999972/2;1/999972/2,false,true,true,true,8d2b4c0e5c14fff4dec76cc092d6ee4145b0333aee027808877ebeb3085e9812,0d268c2d8c2eab8e62e65a29d32033022ccb61f005cfd5ea904ed7d8993479ed,f31459496e4cfc85dedc53f29f0e63dcc61c3097fc1d9705642fb6c9b830d5ce,77f949690bd018d64da807e2ebb0eb31e856bf3f09d4203f7ee2e097e0926045,true,true,true,true
336,5800000,6,cycle_3_c2_d0_t2,reference,dies,0,0,3,0,1|1|1,3,4,0,4,6,1/1000000/2;1/1000000/2;1/1000000/2,true,false,false,true,1dc2e348f082e648ee412b785894a434a1ea71e4458a1b908d9f99cc1107ef09,4f53cda18c2baa0c0354bb5f9a3ecbe5ed12ab4d8e11ba873c2f11161202b945,586a18e894a0524184792ea0df72da4bd6b150f5e4854ba75a64fc04cdb0b88b,42c13413e9de3b9b847c0e26682a45e8d61c8790bf35fdf5f988d984d6569eff,true,true,true,true
336,5800000,6,cycle_3_c2_d0_t2,production,dies,0,0,3,0,1|1|1,3,4,0,4,6,1/1000000/2;1/1000000/2;1/1000000/2,true,false,false,true,1dc2e348f082e648ee412b785894a434a1ea71e4458a1b908d9f99cc1107ef09,4f53cda18c2baa0c0354bb5f9a3ecbe5ed12ab4d8e11ba873c2f11161202b945,586a18e894a0524184792ea0df72da4bd6b150f5e4854ba75a64fc04cdb0b88b,42c13413e9de3b9b847c0e26682a45e8d61c8790bf35fdf5f988d984d6569eff,true,true,true,true
337,5800000,6,cycle_4_c2_d0_t2,reference,dies,0,0,4,0,1|1|1|1,4,5,0,5,6,1/1000000/2;1/1000000/2;1/1000000/2;1/1000000/2,true,false,false,true,b15442478c4addc7e1737177f2654720fe5dc4bfa22cb5931263bdb014459fd6,4f53cda18c2baa0c0354bb5f9a3ecbe5ed12ab4d8e11ba873c2f11161202b945,43df5c790f4f57e24f146b668966b07412b2fd24ebe7515069629468bb34e401,debe6857bd49880b4c505cfd0d1c55f8cd714338cc818c5e6f5f25ab31e2fea4,true,true,true,true
337,5800000,6,cycle_4_c2_d0_t2,production,dies,0,0,4,0,1|1|1|1,4,5,0,5,6,1/1000000/2;1/1000000/2;1/1000000/2;1/1000000/2,true,false,false,true,b15442478c4addc7e1737177f2654720fe5dc4bfa22cb5931263bdb014459fd6,4f53cda18c2baa0c0354bb5f9a3ecbe5ed12ab4d8e11ba873c2f11161202b945,43df5c790f4f57e24f146b668966b07412b2fd24ebe7515069629468bb34e401,debe6857bd49880b4c505cfd0d1c55f8cd714338cc818c5e6f5f25ab31e2fea4,true,true,true,true
338,5800000,6,cycle_8_c2_d0_t2,reference,dies,0,0,8,0,1|1|1|1|1|1|1|1,8,9,0,9,6,1/1000000/2;1/1000000/2;1/1000000/2;1/1000000/2;1/1000000/2;1/1000000/2;1/1000000/2;1/1000000/2,true,false,false,true,3a08695402599cccc496050f2df5ec545cfd6e00f2820e6cd36bc155dadec3ac,4f53cda18c2baa0c0354bb5f9a3ecbe5ed12ab4d8e11ba873c2f11161202b945,026143305591c1f4c66c840ef55842d0af4600bcb2e6cc8cc4e2e7bd80309494,318ce7e75bec93fe6bf38f629278d9e5d129716058f1153fc1d1584976bd6646,true,true,true,true
338,5800000,6,cycle_8_c2_d0_t2,production,dies,0,0,8,0,1|1|1|1|1|1|1|1,8,9,0,9,6,1/1000000/2;1/1000000/2;1/1000000/2;1/1000000/2;1/1000000/2;1/1000000/2;1/1000000/2;1/1000000/2,true,false,false,true,3a08695402599cccc496050f2df5ec545cfd6e00f2820e6cd36bc155dadec3ac,4f53cda18c2baa0c0354bb5f9a3ecbe5ed12ab4d8e11ba873c2f11161202b945,026143305591c1f4c66c840ef55842d0af4600bcb2e6cc8cc4e2e7bd80309494,318ce7e75bec93fe6bf38f629278d9e5d129716058f1153fc1d1584976bd6646,true,true,true,true
339,5800000,6,chain_8_c2_d1_t2,reference,dies,0,0,8,0,1|1|1|1|1|1|1|1,7,8,0,8,13,1/1000000/2;1/1000000/2;1/1000000/2;1/1000000/2;1/1000000/2;1/1000000/2;1/1000000/2,true,false,false,true,5fb0d8aebe9f5509936732749fb612a22f5e862090a67415fcf3e6030dab8f54,4f53cda18c2baa0c0354bb5f9a3ecbe5ed12ab4d8e11ba873c2f11161202b945,bcc5cb1634fb96b39e4638d9eaf7c414a5b16d2a037c6d2e46b0cef7ed231bda,b2433c7be60b4ad735b4dd197b58c67fd8137c159e1b875d8cf7bfb9dbf8ddfb,true,true,true,true
339,5800000,6,chain_8_c2_d1_t2,production,dies,0,0,8,0,1|1|1|1|1|1|1|1,7,8,0,8,13,1/1000000/2;1/1000000/2;1/1000000/2;1/1000000/2;1/1000000/2;1/1000000/2;1/1000000/2,true,false,false,true,5fb0d8aebe9f5509936732749fb612a22f5e862090a67415fcf3e6030dab8f54,4f53cda18c2baa0c0354bb5f9a3ecbe5ed12ab4d8e11ba873c2f11161202b945,bcc5cb1634fb96b39e4638d9eaf7c414a5b16d2a037c6d2e46b0cef7ed231bda,de94f45fcafaaa3c9da2fe9f534500c3aea33c1fa39fff65b3f5a02ee0cfa260,true,true,true,true
340,5800000,6,chain_8_c2_d0_t2,reference,dies,0,0,8,0,1|1|1|1|1|1|1|1,7,8,0,8,6,1/1000000/2;1/1000000/2;1/1000000/2;1/1000000/2;1/1000000/2;1/1000000/2;1/1000000/2,true,false,false,true,35da4e3270b43e56337fdcd15531bca24d7aec8a8edae5b1768a00a7e134954f,4f53cda18c2baa0c0354bb5f9a3ecbe5ed12ab4d8e11ba873c2f11161202b945,878d732f838f9027526454f16bd59608cf031ea565f2fda98982860553009fd2,1da8611dc6cbbb458c1188494f147b0b7694a08507893c4ccaf6382c16cddea3,true,true,true,true
340,5800000,6,chain_8_c2_d0_t2,production,dies,0,0,8,0,1|1|1|1|1|1|1|1,7,8,0,8,6,1/1000000/2;1/1000000/2;1/1000000/2;1/1000000/2;1/1000000/2;1/1000000/2;1/1000000/2,true,false,false,true,35da4e3270b43e56337fdcd15531bca24d7aec8a8edae5b1768a00a7e134954f,4f53cda18c2baa0c0354bb5f9a3ecbe5ed12ab4d8e11ba873c2f11161202b945,878d732f838f9027526454f16bd59608cf031ea565f2fda98982860553009fd2,1da8611dc6cbbb458c1188494f147b0b7694a08507893c4ccaf6382c16cddea3,true,true,true,true
341,5800000,7,one_way_c2_d1_t2,reference,dies,0,0,2,0,1|1,1,2,0,2,8,1/1000000/2,true,false,false,true,b7dc8c4afe1fcc34ba33f0ee2cd2c32ea4389f8373059b064a2a9aeb7f309f02,4f53cda18c2baa0c0354bb5f9a3ecbe5ed12ab4d8e11ba873c2f11161202b945,ba86850bcdef45619e13652e953232b0e9973d49ed7837a81035be5b289a10c2,a11c2a7cea249caaa91591f2654aab030d753e19345a4234849816f429c5d312,true,true,true,true
341,5800000,7,one_way_c2_d1_t2,production,dies,0,0,2,0,1|1,1,2,0,2,8,1/1000000/2,true,false,false,true,b7dc8c4afe1fcc34ba33f0ee2cd2c32ea4389f8373059b064a2a9aeb7f309f02,4f53cda18c2baa0c0354bb5f9a3ecbe5ed12ab4d8e11ba873c2f11161202b945,ba86850bcdef45619e13652e953232b0e9973d49ed7837a81035be5b289a10c2,3e1ac4ebf8c9ea5646a16f3f81a29ac04f92a95c677de1d6db08e8745b90c04e,true,true,true,true
342,5800000,7,reciprocal_c1_d1_t2,reference,dies,0,0,1,0,1|0,1,2,0,2,8,1/1000000/1;1/1000000/1,true,false,false,true,1231ad92edf237b319412c0eb7b2241fd752fded211a2af619f9072d29a4165c,4f53cda18c2baa0c0354bb5f9a3ecbe5ed12ab4d8e11ba873c2f11161202b945,7e61c7860810a7dea41d2865dff5e53f0939349d47e63403599daa86104c144b,b6eb036a4e5f60fb9f9d631e16a514634b6c34e74904e452092ff10beb1c6dcb,true,true,true,true
342,5800000,7,reciprocal_c1_d1_t2,production,dies,0,0,1,0,1|0,1,2,0,2,8,1/1000000/1;1/1000000/1,true,false,false,true,1231ad92edf237b319412c0eb7b2241fd752fded211a2af619f9072d29a4165c,4f53cda18c2baa0c0354bb5f9a3ecbe5ed12ab4d8e11ba873c2f11161202b945,7e61c7860810a7dea41d2865dff5e53f0939349d47e63403599daa86104c144b,de8b0b2a0e1c34861ca186656130956c9f81df34606ee082e682a2272b362f11,true,true,true,true
343,5800000,7,reciprocal_c1_d1_t1,reference,periodic,2,2,256,32,144|144,287,256,32,288,294,1/999972/1;1/999972/1,false,true,true,true,f253a6eb698687d27e79417ccc77c5de57c653dc929c986d1216c923346d1aec,7e3cbfb9f1a6f1b0ef551c41df82d796b2ffd211fd2645a03a717634beb75fab,997bd6d3e67c16f14a1e0c20988056a638636364c4e61806761c27576977f979,d0f0a2e5aff303e5bff62f6bf6e0b31b47e11bcb8365a0a31ed743d217f816b9,true,true,true,true
343,5800000,7,reciprocal_c1_d1_t1,production,periodic,2,2,256,32,144|144,287,256,32,288,294,1/999972/1;1/999972/1,false,true,true,true,f253a6eb698687d27e79417ccc77c5de57c653dc929c986d1216c923346d1aec,7e3cbfb9f1a6f1b0ef551c41df82d796b2ffd211fd2645a03a717634beb75fab,997bd6d3e67c16f14a1e0c20988056a638636364c4e61806761c27576977f979,ddfc8fab87778ea06f41ffb57f440777b533fdbbd195671c3d4dc82b059c3d94,true,true,true,true
344,5800000,7,reciprocal_c2_d0_t2,reference,dies,0,0,2,0,1|1,2,3,0,3,7,1/1000000/2;1/1000000/2,true,false,false,true,fe6bed3b50fd1fbb6ab8f373b1b2cab414d1bb5795eb25e5a1fe71974e4663a7,4f53cda18c2baa0c0354bb5f9a3ecbe5ed12ab4d8e11ba873c2f11161202b945,1249964b4484da02ac884c9714ae292c5a1e9e76917ba0351cc83ba646785aa5,75cf0e221c032f720fceda1b05f7cdfcd8d862145a0b2fbd1378db6727a78829,true,true,true,true
344,5800000,7,reciprocal_c2_d0_t2,production,dies,0,0,2,0,1|1,2,3,0,3,7,1/1000000/2;1/1000000/2,true,false,false,true,fe6bed3b50fd1fbb6ab8f373b1b2cab414d1bb5795eb25e5a1fe71974e4663a7,4f53cda18c2baa0c0354bb5f9a3ecbe5ed12ab4d8e11ba873c2f11161202b945,1249964b4484da02ac884c9714ae292c5a1e9e76917ba0351cc83ba646785aa5,75cf0e221c032f720fceda1b05f7cdfcd8d862145a0b2fbd1378db6727a78829,true,true,true,true
345,5800000,7,reciprocal_c2_d0_t2_alternating_phase,reference,dies,0,0,2,0,1|1,2,3,0,3,7,1/1000000/2;1/1000000/2,true,false,false,true,6c8a61895e1cb1562e96d8774371d50fdb204edcec6ede02b593208d43ba54b3,4f53cda18c2baa0c0354bb5f9a3ecbe5ed12ab4d8e11ba873c2f11161202b945,f7220b224854e72e70241987daca61c91c51a9d01d695110df4804b4b3ee8744,78e6215727c002aee7c980ce0d9e6d66a93841b723ed10ab07317acbb0b9b9f4,true,true,true,true
345,5800000,7,reciprocal_c2_d0_t2_alternating_phase,production,dies,0,0,2,0,1|1,2,3,0,3,7,1/1000000/2;1/1000000/2,true,false,false,true,6c8a61895e1cb1562e96d8774371d50fdb204edcec6ede02b593208d43ba54b3,4f53cda18c2baa0c0354bb5f9a3ecbe5ed12ab4d8e11ba873c2f11161202b945,f7220b224854e72e70241987daca61c91c51a9d01d695110df4804b4b3ee8744,78e6215727c002aee7c980ce0d9e6d66a93841b723ed10ab07317acbb0b9b9f4,true,true,true,true
346,5800000,7,reciprocal_c2_d1_t2,reference,periodic,2,2,256,32,144|144,287,256,32,288,294,1/999972/2;1/999972/2,false,true,true,true,74b78510ef9ade217997dc499be9ecc8fd890d49980bd91aa4cfcae1035ff306,bea0e2ed2984d5ac839c0d0599256da4a00db1bedd0502f79dddf746cc658db0,bb2faaa4858b7b832fdcb0475b352cb8cf5688428fc850fc081dcb0ff41f6256,78447851f5368d10415f3dcace2e4f334c9cda479d0096cf72a2312ec9827770,true,true,true,true
346,5800000,7,reciprocal_c2_d1_t2,production,periodic,2,2,256,32,144|144,287,256,32,288,294,1/999972/2;1/999972/2,false,true,true,true,74b78510ef9ade217997dc499be9ecc8fd890d49980bd91aa4cfcae1035ff306,bea0e2ed2984d5ac839c0d0599256da4a00db1bedd0502f79dddf746cc658db0,bb2faaa4858b7b832fdcb0475b352cb8cf5688428fc850fc081dcb0ff41f6256,522bd4cea3299acb6c23a39deec8e7b08fd7da88435e4fd4ce880418e4ef6ab9,true,true,true,true
347,5800000,7,reciprocal_c2_d2_t2,reference,periodic,2,4,256,32,144|144,287,256,32,288,581,1/999943/2;1/999943/2,false,true,true,true,7b9d7c536564750972c94a84cdb9cc03b6d5a7951f513f156232aa098d1cf740,3e71094dbd246c95a294bb81fe0ab2e339b216c74d37d54a7fa9d70dba13a01d,6fed6072200f51a9defa56ce37054214fd61204d8d8d5cbbeebf990dbf2630f0,d0458e4357359ed068c4e187ebe3b3dafe84279cfde1f369f753aafcac37ea76,true,true,true,true
347,5800000,7,reciprocal_c2_d2_t2,production,periodic,2,4,256,32,144|144,287,256,32,288,581,1/999943/2;1/999943/2,false,true,true,true,7b9d7c536564750972c94a84cdb9cc03b6d5a7951f513f156232aa098d1cf740,3e71094dbd246c95a294bb81fe0ab2e339b216c74d37d54a7fa9d70dba13a01d,6fed6072200f51a9defa56ce37054214fd61204d8d8d5cbbeebf990dbf2630f0,f5fab6d08deb14a4a049b827dce30e655e7eb69a536e430961242aaf41e8ff53,true,true,true,true
348,5800000,7,reciprocal_c2_d3_t2,reference,periodic,2,6,256,32,144|144,287,256,32,288,868,1/999914/2;1/999914/2,false,true,true,true,28c500866f67bdb11075eec0d07b8ef02b53955fd954b6cf9cf2a4e7c2e75143,1fbd4e7404be9af721f6ef1d3a1bba49bb1938bff4267bd57edef2880460540b,09a2b470e6e5f822853cddfdc17ed6d8d10eca077dbfd25ce613ead1ba852de2,24538dda330c6ac431660250e16638bb2692606bc9b05445bd6d7ea1c329ed6f,true,true,true,true
348,5800000,7,reciprocal_c2_d3_t2,production,periodic,2,6,256,32,144|144,287,256,32,288,868,1/999914/2;1/999914/2,false,true,true,true,28c500866f67bdb11075eec0d07b8ef02b53955fd954b6cf9cf2a4e7c2e75143,1fbd4e7404be9af721f6ef1d3a1bba49bb1938bff4267bd57edef2880460540b,09a2b470e6e5f822853cddfdc17ed6d8d10eca077dbfd25ce613ead1ba852de2,60fcb69d6faabdba99582bc1e850417a4b81241383404702790692aecd468bf1,true,true,true,true
349,5800000,7,reciprocal_c2_mixed_d0_d1_t2,reference,periodic,2,1,256,32,144|144,287,256,32,288,150,1/999986/2;1/999986/2,false,true,true,true,5bc36ac75bf153ff21085b6e76612a60e100b9868a79e3019ac8dd0c492244dd,3b8a4f69076025ff4ee7c60a4f7ff460ed41bca6651cfe8f21e04a9259ebd799,7bf0d39612af60bbf7bd3363e2f4e532570f65a470840fb4c11b8327e8e39caa,3f806f18cec2c88a1e8c1816171e1448dd42d08c0d4edf5c0a96f8da9ae9948d,true,true,true,true
349,5800000,7,reciprocal_c2_mixed_d0_d1_t2,production,periodic,2,1,256,32,144|144,287,256,32,288,150,1/999986/2;1/999986/2,false,true,true,true,5bc36ac75bf153ff21085b6e76612a60e100b9868a79e3019ac8dd0c492244dd,3b8a4f69076025ff4ee7c60a4f7ff460ed41bca6651cfe8f21e04a9259ebd799,7bf0d39612af60bbf7bd3363e2f4e532570f65a470840fb4c11b8327e8e39caa,3f806f18cec2c88a1e8c1816171e1448dd42d08c0d4edf5c0a96f8da9ae9948d,true,true,true,true
350,5800000,7,reciprocal_c2_d1_t2_alternating_phase,reference,periodic,2,2,256,32,144|144,287,256,32,288,294,1/999972/2;1/999972/2,false,true,true,true,583e639cab0cfb5a3e4ca1b55bcee08a2ce048b249761a2585fd3ca7e04571f5,b6cfcd245755ecbccd9dc26ab06edb7e94f328a55cf61982cc2f624affa5fc18,109534d32de3ca80d647923875d95c3e7f5cff02c9541760ab804afb1b840b2f,da3d6b79862a30112d5c27232384163626eea95acf08444ab41b1b9cd049a232,true,true,true,true
350,5800000,7,reciprocal_c2_d1_t2_alternating_phase,production,periodic,2,2,256,32,144|144,287,256,32,288,294,1/999972/2;1/999972/2,false,true,true,true,583e639cab0cfb5a3e4ca1b55bcee08a2ce048b249761a2585fd3ca7e04571f5,b6cfcd245755ecbccd9dc26ab06edb7e94f328a55cf61982cc2f624affa5fc18,109534d32de3ca80d647923875d95c3e7f5cff02c9541760ab804afb1b840b2f,7a3a6fe9517ca01e318d6e185cdf16f6906d2dc13ed75232b76550414ab9c50f,true,true,true,true
351,5800000,7,reciprocal_c2_d1_t1,reference,periodic,2,2,256,32,144|144,287,256,32,288,294,1/999972/2;1/999972/2,false,true,true,true,55d4251ebcf2b83a1582bd2118e0b758cde3462f6426dbdafec1de22d4d2da27,bea0e2ed2984d5ac839c0d0599256da4a00db1bedd0502f79dddf746cc658db0,d1006f50b310ffa9f21e4dacb7f5d56210af45f8d058324c4964b05042ca9a04,dd0abaeaacceb2f9a64cbe900a6ac22aafa5591d266557fdea6cfd4b7cbcdf19,true,true,true,true
351,5800000,7,reciprocal_c2_d1_t1,production,periodic,2,2,256,32,144|144,287,256,32,288,294,1/999972/2;1/999972/2,false,true,true,true,55d4251ebcf2b83a1582bd2118e0b758cde3462f6426dbdafec1de22d4d2da27,bea0e2ed2984d5ac839c0d0599256da4a00db1bedd0502f79dddf746cc658db0,d1006f50b310ffa9f21e4dacb7f5d56210af45f8d058324c4964b05042ca9a04,42b521da27c29f97d877767f9b15d8882462ef3be0014f7fdb71fb484daa04af,true,true,true,true
352,5800000,7,reciprocal_c2_d1_t3,reference,dies,0,0,1,0,1|0,1,2,0,2,8,1/1000000/2;1/1000000/2,true,false,false,true,a7ec9f60466d55472594fc4c76907a6e365a2f4f0846ce681ae683bbbc442322,4f53cda18c2baa0c0354bb5f9a3ecbe5ed12ab4d8e11ba873c2f11161202b945,b865d8d27fbf36d6ada4d411a42a70992fcc23b87876a3251b356105464fd791,0c49befdedc8a7573a989f65b5533129740049804e29926fc5572a52d695eabf,true,true,true,true
352,5800000,7,reciprocal_c2_d1_t3,production,dies,0,0,1,0,1|0,1,2,0,2,8,1/1000000/2;1/1000000/2,true,false,false,true,a7ec9f60466d55472594fc4c76907a6e365a2f4f0846ce681ae683bbbc442322,4f53cda18c2baa0c0354bb5f9a3ecbe5ed12ab4d8e11ba873c2f11161202b945,b865d8d27fbf36d6ada4d411a42a70992fcc23b87876a3251b356105464fd791,af90a1dd947f52f42f8bb183f0caef27373e2616f51a746d769215cdbbe66ac6,true,true,true,true
353,5800000,7,cycle_3_c2_d1_t2,reference,periodic,3,3,256,32,96|96|96,287,256,32,288,294,1/999972/2;1/999972/2;1/999972/2,false,true,true,true,6f02de3568b4372d439df227d6ed1825439b1db75adcd84ed1acc0c2a4dcbad6,92dc82e85984bc982834afeef8188ffc803ed16b2943121f8443f6ecce4b6a12,6450db7d67552cd64f35c897f4b7b11cac91fced9627a6ed0167eda6134c9dea,498afa98a69d35b90ffb056363337440acf18c8ec15da6c5b9b0abaf88cf23af,true,true,true,true
353,5800000,7,cycle_3_c2_d1_t2,production,periodic,3,3,256,32,96|96|96,287,256,32,288,294,1/999972/2;1/999972/2;1/999972/2,false,true,true,true,6f02de3568b4372d439df227d6ed1825439b1db75adcd84ed1acc0c2a4dcbad6,92dc82e85984bc982834afeef8188ffc803ed16b2943121f8443f6ecce4b6a12,6450db7d67552cd64f35c897f4b7b11cac91fced9627a6ed0167eda6134c9dea,23054a06172e722e95311d84219c7a40c604d5f9cdcaf279fd18e76db4900d3a,true,true,true,true
354,5800000,7,cycle_4_c2_d1_t2,reference,periodic,4,4,256,32,72|72|72|72,287,256,32,288,294,1/999972/2;1/999972/2;1/999972/2;1/999972/2,false,true,true,true,f3967fadb97ac9b32d14751151666bc377f1244fb9d5c6f8280353d42d94fe49,3559d404b36a21c44cf80fe798097e62062ef6c5c6e322222dfac8b2de468b96,378f8c1487b69338ef2070b6b10adc29d56dcaf726cbe1dda8759eaf54aea1f9,5547dba7469254c5c64511c69ce63229d3adb610d707f3dece0e22339013abed,true,true,true,true
354,5800000,7,cycle_4_c2_d1_t2,production,periodic,4,4,256,32,72|72|72|72,287,256,32,288,294,1/999972/2;1/999972/2;1/999972/2;1/999972/2,false,true,true,true,f3967fadb97ac9b32d14751151666bc377f1244fb9d5c6f8280353d42d94fe49,3559d404b36a21c44cf80fe798097e62062ef6c5c6e322222dfac8b2de468b96,378f8c1487b69338ef2070b6b10adc29d56dcaf726cbe1dda8759eaf54aea1f9,4785e868a9438770c7806518831958cb0258db5568fa759915b885800c04725e,true,true,true,true
355,5800000,7,cycle_8_c2_d1_t2,reference,periodic,8,8,256,32,36|36|36|36|36|36|36|36,287,256,32,288,294,1/999972/2;1/999972/2;1/999972/2;1/999972/2;1/999972/2;1/999972/2;1/999972/2;1/999972/2,false,true,true,true,070fc6a55be30bbb5389c18fe6f5336724bf14cc3dd0ed4ad15029fb74941d84,2f49ca66a8fb92eccd9bd5004f9aa85296f8987f4efcb3cce78034ec54f3c48a,f31459496e4cfc85dedc53f29f0e63dcc61c3097fc1d9705642fb6c9b830d5ce,dc2e88a97a31229f5b9a647be5aec2eab3f8a7f82c048ec3eaed6ba00580cafa,true,true,true,true
355,5800000,7,cycle_8_c2_d1_t2,production,periodic,8,8,256,32,36|36|36|36|36|36|36|36,287,256,32,288,294,1/999972/2;1/999972/2;1/999972/2;1/999972/2;1/999972/2;1/999972/2;1/999972/2;1/999972/2,false,true,true,true,070fc6a55be30bbb5389c18fe6f5336724bf14cc3dd0ed4ad15029fb74941d84,2f49ca66a8fb92eccd9bd5004f9aa85296f8987f4efcb3cce78034ec54f3c48a,f31459496e4cfc85dedc53f29f0e63dcc61c3097fc1d9705642fb6c9b830d5ce,c0a0d75c6f9286b0b4629d00308e92b4d051c4afc4d618df51211233c2e130a1,true,true,true,true
356,5800000,7,cycle_3_c2_d0_t2,reference,dies,0,0,3,0,1|1|1,3,4,0,4,7,1/1000000/2;1/1000000/2;1/1000000/2,true,false,false,true,6ab8e87a1c7626a5b294d9fcd2c6807281f632cf7ca33d5a23e695c33aa6bfd0,4f53cda18c2baa0c0354bb5f9a3ecbe5ed12ab4d8e11ba873c2f11161202b945,586a18e894a0524184792ea0df72da4bd6b150f5e4854ba75a64fc04cdb0b88b,16206acb759ad6756715929f572488b7ab905a3559f2a8fc48a00704b3b3950d,true,true,true,true
356,5800000,7,cycle_3_c2_d0_t2,production,dies,0,0,3,0,1|1|1,3,4,0,4,7,1/1000000/2;1/1000000/2;1/1000000/2,true,false,false,true,6ab8e87a1c7626a5b294d9fcd2c6807281f632cf7ca33d5a23e695c33aa6bfd0,4f53cda18c2baa0c0354bb5f9a3ecbe5ed12ab4d8e11ba873c2f11161202b945,586a18e894a0524184792ea0df72da4bd6b150f5e4854ba75a64fc04cdb0b88b,16206acb759ad6756715929f572488b7ab905a3559f2a8fc48a00704b3b3950d,true,true,true,true
357,5800000,7,cycle_4_c2_d0_t2,reference,dies,0,0,4,0,1|1|1|1,4,5,0,5,7,1/1000000/2;1/1000000/2;1/1000000/2;1/1000000/2,true,false,false,true,f03fb0e3c90fc01075215b97f17898b4fef7c06513daa7a626b8a8039fc75ddd,4f53cda18c2baa0c0354bb5f9a3ecbe5ed12ab4d8e11ba873c2f11161202b945,43df5c790f4f57e24f146b668966b07412b2fd24ebe7515069629468bb34e401,45ca7d5e6480c8e9bf6909eb4deb432ed50778067cad6681c918ed26471b0af5,true,true,true,true
357,5800000,7,cycle_4_c2_d0_t2,production,dies,0,0,4,0,1|1|1|1,4,5,0,5,7,1/1000000/2;1/1000000/2;1/1000000/2;1/1000000/2,true,false,false,true,f03fb0e3c90fc01075215b97f17898b4fef7c06513daa7a626b8a8039fc75ddd,4f53cda18c2baa0c0354bb5f9a3ecbe5ed12ab4d8e11ba873c2f11161202b945,43df5c790f4f57e24f146b668966b07412b2fd24ebe7515069629468bb34e401,45ca7d5e6480c8e9bf6909eb4deb432ed50778067cad6681c918ed26471b0af5,true,true,true,true
358,5800000,7,cycle_8_c2_d0_t2,reference,dies,0,0,8,0,1|1|1|1|1|1|1|1,8,9,0,9,7,1/1000000/2;1/1000000/2;1/1000000/2;1/1000000/2;1/1000000/2;1/1000000/2;1/1000000/2;1/1000000/2,true,false,false,true,087b21ccf935f4ed6b7a6a9bc2fde2ba9664ab00467122d8638850225819f3ca,4f53cda18c2baa0c0354bb5f9a3ecbe5ed12ab4d8e11ba873c2f11161202b945,026143305591c1f4c66c840ef55842d0af4600bcb2e6cc8cc4e2e7bd80309494,d3e4a7541a66eed80f29443d99faa47bb5daff3dfc86e24f4ec1835767d38abe,true,true,true,true
358,5800000,7,cycle_8_c2_d0_t2,production,dies,0,0,8,0,1|1|1|1|1|1|1|1,8,9,0,9,7,1/1000000/2;1/1000000/2;1/1000000/2;1/1000000/2;1/1000000/2;1/1000000/2;1/1000000/2;1/1000000/2,true,false,false,true,087b21ccf935f4ed6b7a6a9bc2fde2ba9664ab00467122d8638850225819f3ca,4f53cda18c2baa0c0354bb5f9a3ecbe5ed12ab4d8e11ba873c2f11161202b945,026143305591c1f4c66c840ef55842d0af4600bcb2e6cc8cc4e2e7bd80309494,d3e4a7541a66eed80f29443d99faa47bb5daff3dfc86e24f4ec1835767d38abe,true,true,true,true
359,5800000,7,chain_8_c2_d1_t2,reference,dies,0,0,8,0,1|1|1|1|1|1|1|1,7,8,0,8,14,1/1000000/2;1/1000000/2;1/1000000/2;1/1000000/2;1/1000000/2;1/1000000/2;1/1000000/2,true,false,false,true,48ee461886aae08ccfafa165183df072bd212c7be54c377be6c0f19cde14967c,4f53cda18c2baa0c0354bb5f9a3ecbe5ed12ab4d8e11ba873c2f11161202b945,bcc5cb1634fb96b39e4638d9eaf7c414a5b16d2a037c6d2e46b0cef7ed231bda,bdac3f8e8069f741b4e661b75350974df00e2f1d4d647ec83501db53e91c2a4e,true,true,true,true
359,5800000,7,chain_8_c2_d1_t2,production,dies,0,0,8,0,1|1|1|1|1|1|1|1,7,8,0,8,14,1/1000000/2;1/1000000/2;1/1000000/2;1/1000000/2;1/1000000/2;1/1000000/2;1/1000000/2,true,false,false,true,48ee461886aae08ccfafa165183df072bd212c7be54c377be6c0f19cde14967c,4f53cda18c2baa0c0354bb5f9a3ecbe5ed12ab4d8e11ba873c2f11161202b945,bcc5cb1634fb96b39e4638d9eaf7c414a5b16d2a037c6d2e46b0cef7ed231bda,ee5f29dabc4327d7fa8e34a2d905c886cbbc4d63d1239ed9172bdced77ca4e9f,true,true,true,true
360,5800000,7,chain_8_c2_d0_t2,reference,dies,0,0,8,0,1|1|1|1|1|1|1|1,7,8,0,8,7,1/1000000/2;1/1000000/2;1/1000000/2;1/1000000/2;1/1000000/2;1/1000000/2;1/1000000/2,true,false,false,true,8d46924d47e3eeef58ad7bf5051f14751e0140dd7761e32b5d6e2784919ce005,4f53cda18c2baa0c0354bb5f9a3ecbe5ed12ab4d8e11ba873c2f11161202b945,878d732f838f9027526454f16bd59608cf031ea565f2fda98982860553009fd2,b479ed87cf965f590696f0ef6b313acd0416c50ff4973b03c207c7efdd4d929f,true,true,true,true
360,5800000,7,chain_8_c2_d0_t2,production,dies,0,0,8,0,1|1|1|1|1|1|1|1,7,8,0,8,7,1/1000000/2;1/1000000/2;1/1000000/2;1/1000000/2;1/1000000/2;1/1000000/2;1/1000000/2,true,false,false,true,8d46924d47e3eeef58ad7bf5051f14751e0140dd7761e32b5d6e2784919ce005,4f53cda18c2baa0c0354bb5f9a3ecbe5ed12ab4d8e11ba873c2f11161202b945,878d732f838f9027526454f16bd59608cf031ea565f2fda98982860553009fd2,b479ed87cf965f590696f0ef6b313acd0416c50ff4973b03c207c7efdd4d929f,true,true,true,true
361,5800000,8,one_way_c2_d1_t2,reference,dies,0,0,2,0,1|1,1,2,0,2,9,1/1000000/2,true,false,false,true,83a8ab56c8814f4bc37bc9210005dc53e479385795c69595e9571e766e22a774,4f53cda18c2baa0c0354bb5f9a3ecbe5ed12ab4d8e11ba873c2f11161202b945,ba86850bcdef45619e13652e953232b0e9973d49ed7837a81035be5b289a10c2,6b556f3bcd9d25971307d312fa18671958bf9ef9d6e8cd15eb30787034619f7e,true,true,true,true
361,5800000,8,one_way_c2_d1_t2,production,dies,0,0,2,0,1|1,1,2,0,2,9,1/1000000/2,true,false,false,true,83a8ab56c8814f4bc37bc9210005dc53e479385795c69595e9571e766e22a774,4f53cda18c2baa0c0354bb5f9a3ecbe5ed12ab4d8e11ba873c2f11161202b945,ba86850bcdef45619e13652e953232b0e9973d49ed7837a81035be5b289a10c2,3d7127f7e3b6ec6e3e726ee0d24edc7062bad8c7439ff0ff0dfbc980cc398c8f,true,true,true,true
362,5800000,8,reciprocal_c1_d1_t2,reference,dies,0,0,1,0,1|0,1,2,0,2,9,1/1000000/1;1/1000000/1,true,false,false,true,d8edfaf80af1c10bce103f20864e082e3560489e0c0242beadfb5cc62cb27931,4f53cda18c2baa0c0354bb5f9a3ecbe5ed12ab4d8e11ba873c2f11161202b945,7e61c7860810a7dea41d2865dff5e53f0939349d47e63403599daa86104c144b,3895119966ab6277e867a35e53fdb76ab9ba97095bfb5f539cd01b0eb9bc28a0,true,true,true,true
362,5800000,8,reciprocal_c1_d1_t2,production,dies,0,0,1,0,1|0,1,2,0,2,9,1/1000000/1;1/1000000/1,true,false,false,true,d8edfaf80af1c10bce103f20864e082e3560489e0c0242beadfb5cc62cb27931,4f53cda18c2baa0c0354bb5f9a3ecbe5ed12ab4d8e11ba873c2f11161202b945,7e61c7860810a7dea41d2865dff5e53f0939349d47e63403599daa86104c144b,452904ec37efbc9b69c619ae44c8bc3c5185761dc7c4a4d50eaec50367150ad0,true,true,true,true
363,5800000,8,reciprocal_c1_d1_t1,reference,periodic,2,2,256,32,144|144,287,256,32,288,295,1/999972/1;1/999972/1,false,true,true,true,9b5b9572a5d9ec7607e004feaf648cab0cc6aa2b9e8364cfb77422be6a69b4ec,fe8e57e894078dad4e7cf7ddfe798473b776ddf4b79c1e7c28fdca08a27ce4ad,997bd6d3e67c16f14a1e0c20988056a638636364c4e61806761c27576977f979,4e7ffce8e8aa1185b86438160ab2dca8018064a994e45c411bff476e8be846fc,true,true,true,true
363,5800000,8,reciprocal_c1_d1_t1,production,periodic,2,2,256,32,144|144,287,256,32,288,295,1/999972/1;1/999972/1,false,true,true,true,9b5b9572a5d9ec7607e004feaf648cab0cc6aa2b9e8364cfb77422be6a69b4ec,fe8e57e894078dad4e7cf7ddfe798473b776ddf4b79c1e7c28fdca08a27ce4ad,997bd6d3e67c16f14a1e0c20988056a638636364c4e61806761c27576977f979,5b530d8a6f07665547ac4df105ee2c27eec438f1c632b4409ba781a6421a00c9,true,true,true,true
364,5800000,8,reciprocal_c2_d0_t2,reference,dies,0,0,2,0,1|1,2,3,0,3,8,1/1000000/2;1/1000000/2,true,false,false,true,5fcc5cdabb629eeef7baff0bb0569db1761f2654786da9a5255c008f9cf91374,4f53cda18c2baa0c0354bb5f9a3ecbe5ed12ab4d8e11ba873c2f11161202b945,1249964b4484da02ac884c9714ae292c5a1e9e76917ba0351cc83ba646785aa5,0b72a712c58f6038fb3c85a7cfcdce600156918fbd4bbf72102cba2dd6ce9a6e,true,true,true,true
364,5800000,8,reciprocal_c2_d0_t2,production,dies,0,0,2,0,1|1,2,3,0,3,8,1/1000000/2;1/1000000/2,true,false,false,true,5fcc5cdabb629eeef7baff0bb0569db1761f2654786da9a5255c008f9cf91374,4f53cda18c2baa0c0354bb5f9a3ecbe5ed12ab4d8e11ba873c2f11161202b945,1249964b4484da02ac884c9714ae292c5a1e9e76917ba0351cc83ba646785aa5,0b72a712c58f6038fb3c85a7cfcdce600156918fbd4bbf72102cba2dd6ce9a6e,true,true,true,true
365,5800000,8,reciprocal_c2_d0_t2_alternating_phase,reference,dies,0,0,2,0,1|1,2,3,0,3,8,1/1000000/2;1/1000000/2,true,false,false,true,95e1d04e684361c21d23ee818660c70b52ec8a8fdbe20622f6a6d753cb754ae5,4f53cda18c2baa0c0354bb5f9a3ecbe5ed12ab4d8e11ba873c2f11161202b945,f7220b224854e72e70241987daca61c91c51a9d01d695110df4804b4b3ee8744,893619ff209041a897d4cc4e6f5df9516870da0d43849e0e159c5ac054df2a83,true,true,true,true
365,5800000,8,reciprocal_c2_d0_t2_alternating_phase,production,dies,0,0,2,0,1|1,2,3,0,3,8,1/1000000/2;1/1000000/2,true,false,false,true,95e1d04e684361c21d23ee818660c70b52ec8a8fdbe20622f6a6d753cb754ae5,4f53cda18c2baa0c0354bb5f9a3ecbe5ed12ab4d8e11ba873c2f11161202b945,f7220b224854e72e70241987daca61c91c51a9d01d695110df4804b4b3ee8744,893619ff209041a897d4cc4e6f5df9516870da0d43849e0e159c5ac054df2a83,true,true,true,true
366,5800000,8,reciprocal_c2_d1_t2,reference,periodic,2,2,256,32,144|144,287,256,32,288,295,1/999972/2;1/999972/2,false,true,true,true,02b6a72e702f877c9e63f12547b2d33f9ecb4f7443dba05456f694f66ce11549,308c69726ff452dea21523c0c793e0280159def032081e65974aa49b7c151af0,bb2faaa4858b7b832fdcb0475b352cb8cf5688428fc850fc081dcb0ff41f6256,b299f91e162a8dabedc5c5cb4265bea70391d54cd1001d9ae124681deca4a058,true,true,true,true
366,5800000,8,reciprocal_c2_d1_t2,production,periodic,2,2,256,32,144|144,287,256,32,288,295,1/999972/2;1/999972/2,false,true,true,true,02b6a72e702f877c9e63f12547b2d33f9ecb4f7443dba05456f694f66ce11549,308c69726ff452dea21523c0c793e0280159def032081e65974aa49b7c151af0,bb2faaa4858b7b832fdcb0475b352cb8cf5688428fc850fc081dcb0ff41f6256,6abe36793e1c706569d090b6a0fb4b211ecb44c13efeacf8d6099b561d934e38,true,true,true,true
367,5800000,8,reciprocal_c2_d2_t2,reference,periodic,2,4,256,32,144|144,287,256,32,288,582,1/999943/2;1/999943/2,false,true,true,true,19d472bbc697267236cb8db141569b9c887d1b769f1e49674812ba1a701f94c4,74d7665ca370256a37b810f23efad196fd228580baad87960d8cbc9b23396fff,6fed6072200f51a9defa56ce37054214fd61204d8d8d5cbbeebf990dbf2630f0,11680ea38976f2d91999a11223147080936893c958371e45426f592f1ac7d15d,true,true,true,true
367,5800000,8,reciprocal_c2_d2_t2,production,periodic,2,4,256,32,144|144,287,256,32,288,582,1/999943/2;1/999943/2,false,true,true,true,19d472bbc697267236cb8db141569b9c887d1b769f1e49674812ba1a701f94c4,74d7665ca370256a37b810f23efad196fd228580baad87960d8cbc9b23396fff,6fed6072200f51a9defa56ce37054214fd61204d8d8d5cbbeebf990dbf2630f0,5bb2d4ea6e848daff77fe756be5155321f43bea77724d2e04836a262cdfbeec7,true,true,true,true
368,5800000,8,reciprocal_c2_d3_t2,reference,periodic,2,6,256,32,144|144,287,256,32,288,869,1/999914/2;1/999914/2,false,true,true,true,ecce46ab7fbbe4444c6c3d8df2c684b9eee99231681119203b7d4624a1e4918e,261c71f357b47d3f0f85887ec57f63f6bf7d552982b41a8741acb3f63fcf6238,09a2b470e6e5f822853cddfdc17ed6d8d10eca077dbfd25ce613ead1ba852de2,0e8859d5823e36353abdd34f926fa360e3b4c1ac5963ff0eba7677c8521b1f36,true,true,true,true
368,5800000,8,reciprocal_c2_d3_t2,production,periodic,2,6,256,32,144|144,287,256,32,288,869,1/999914/2;1/999914/2,false,true,true,true,ecce46ab7fbbe4444c6c3d8df2c684b9eee99231681119203b7d4624a1e4918e,261c71f357b47d3f0f85887ec57f63f6bf7d552982b41a8741acb3f63fcf6238,09a2b470e6e5f822853cddfdc17ed6d8d10eca077dbfd25ce613ead1ba852de2,6f55715cc615f8eb95a3de605293eecf686fe954ba05497ea66d8a55a7236829,true,true,true,true
369,5800000,8,reciprocal_c2_mixed_d0_d1_t2,reference,periodic,2,1,256,32,144|144,287,256,32,288,151,1/999986/2;1/999986/2,false,true,true,true,c1f6095d0bd9113923c63266259a7f3099c4a25c2128d1c82d96a11c5f14b490,a932afb07d94237b67a4dc44afe20f09903153f29c9273dccc6fcf419df4ba3a,7bf0d39612af60bbf7bd3363e2f4e532570f65a470840fb4c11b8327e8e39caa,9a3d86a5abe5601d4786271a28cde48066395ad84a91feef0f91a1ac34b5fb70,true,true,true,true
369,5800000,8,reciprocal_c2_mixed_d0_d1_t2,production,periodic,2,1,256,32,144|144,287,256,32,288,151,1/999986/2;1/999986/2,false,true,true,true,c1f6095d0bd9113923c63266259a7f3099c4a25c2128d1c82d96a11c5f14b490,a932afb07d94237b67a4dc44afe20f09903153f29c9273dccc6fcf419df4ba3a,7bf0d39612af60bbf7bd3363e2f4e532570f65a470840fb4c11b8327e8e39caa,9a3d86a5abe5601d4786271a28cde48066395ad84a91feef0f91a1ac34b5fb70,true,true,true,true
370,5800000,8,reciprocal_c2_d1_t2_alternating_phase,reference,periodic,2,2,256,32,144|144,287,256,32,288,295,1/999972/2;1/999972/2,false,true,true,true,9270f14b746540128509db050dc4c748796f779e401ee9785871ab3916b6afda,d5383f4fc19384e9b0b48d20ad0a7588c33d20e31152967eca18b44251da3983,109534d32de3ca80d647923875d95c3e7f5cff02c9541760ab804afb1b840b2f,62288d0e6ce19b1b0a8fa1ae7d749ff816d78e86e97b14c9cbf771fd7173ea1e,true,true,true,true
370,5800000,8,reciprocal_c2_d1_t2_alternating_phase,production,periodic,2,2,256,32,144|144,287,256,32,288,295,1/999972/2;1/999972/2,false,true,true,true,9270f14b746540128509db050dc4c748796f779e401ee9785871ab3916b6afda,d5383f4fc19384e9b0b48d20ad0a7588c33d20e31152967eca18b44251da3983,109534d32de3ca80d647923875d95c3e7f5cff02c9541760ab804afb1b840b2f,5c198bbf50a8cf6d90aec163b787016b4a37e2b0d00f08e9e18383c96b189fd5,true,true,true,true
371,5800000,8,reciprocal_c2_d1_t1,reference,periodic,2,2,256,32,144|144,287,256,32,288,295,1/999972/2;1/999972/2,false,true,true,true,05f031743a95f2b839f42a5b4bdaaae5828774ad3ea796099572043a0a552b5b,308c69726ff452dea21523c0c793e0280159def032081e65974aa49b7c151af0,d1006f50b310ffa9f21e4dacb7f5d56210af45f8d058324c4964b05042ca9a04,94c49cebdb51b5b629dd7694c6f80449da360154d2c361f6d895fc1808234a26,true,true,true,true
371,5800000,8,reciprocal_c2_d1_t1,production,periodic,2,2,256,32,144|144,287,256,32,288,295,1/999972/2;1/999972/2,false,true,true,true,05f031743a95f2b839f42a5b4bdaaae5828774ad3ea796099572043a0a552b5b,308c69726ff452dea21523c0c793e0280159def032081e65974aa49b7c151af0,d1006f50b310ffa9f21e4dacb7f5d56210af45f8d058324c4964b05042ca9a04,81350175df686e34ae6e6c41ed22357cc4431020a7a87cf59a4892b21bd48d7e,true,true,true,true
372,5800000,8,reciprocal_c2_d1_t3,reference,dies,0,0,1,0,1|0,1,2,0,2,9,1/1000000/2;1/1000000/2,true,false,false,true,f97db20698a50dede3819d10f96a6bdb73dbe99cd044f031b48a5704e6e42b44,4f53cda18c2baa0c0354bb5f9a3ecbe5ed12ab4d8e11ba873c2f11161202b945,b865d8d27fbf36d6ada4d411a42a70992fcc23b87876a3251b356105464fd791,931cb0f4cb537c55fc4b18121ecc58ea8d12a12cca2089c03a12ac8823b10a92,true,true,true,true
372,5800000,8,reciprocal_c2_d1_t3,production,dies,0,0,1,0,1|0,1,2,0,2,9,1/1000000/2;1/1000000/2,true,false,false,true,f97db20698a50dede3819d10f96a6bdb73dbe99cd044f031b48a5704e6e42b44,4f53cda18c2baa0c0354bb5f9a3ecbe5ed12ab4d8e11ba873c2f11161202b945,b865d8d27fbf36d6ada4d411a42a70992fcc23b87876a3251b356105464fd791,659113b93b5365886d10ced851795eab2916f1464d5d56c1ab560d3498aabe3d,true,true,true,true
373,5800000,8,cycle_3_c2_d1_t2,reference,periodic,3,3,256,32,96|96|96,287,256,32,288,295,1/999972/2;1/999972/2;1/999972/2,false,true,true,true,2b85394b6fd928c13a39b774efe7a3c0bc1f6c1612c3d04869ad6d402ab7930d,08232b5dcf013ce2887df2751999e5273f15afb9a2b2a73cd11a280ca5d7c82b,6450db7d67552cd64f35c897f4b7b11cac91fced9627a6ed0167eda6134c9dea,c9afbc82dc74a69ccc418f2ab7a2303b298200d98f2f2fa95bf26af42f7e8557,true,true,true,true
373,5800000,8,cycle_3_c2_d1_t2,production,periodic,3,3,256,32,96|96|96,287,256,32,288,295,1/999972/2;1/999972/2;1/999972/2,false,true,true,true,2b85394b6fd928c13a39b774efe7a3c0bc1f6c1612c3d04869ad6d402ab7930d,08232b5dcf013ce2887df2751999e5273f15afb9a2b2a73cd11a280ca5d7c82b,6450db7d67552cd64f35c897f4b7b11cac91fced9627a6ed0167eda6134c9dea,199c5b0df99dd7b7a07b7d08a54d4da9c8034ba59560bc99d21d25e5aa1b50a7,true,true,true,true
374,5800000,8,cycle_4_c2_d1_t2,reference,periodic,4,4,256,32,72|72|72|72,287,256,32,288,295,1/999972/2;1/999972/2;1/999972/2;1/999972/2,false,true,true,true,35c8645b176fc7d578434e9bbadf3a73ff78449906f645ae9cab2fe7fce27bd9,0f4d741bc648742e1da83fc0ce43f4a8e066322807a543032c08f2d08503c136,378f8c1487b69338ef2070b6b10adc29d56dcaf726cbe1dda8759eaf54aea1f9,78f08ee961b0b22acd48f5f0b12a78578a57be9e6ba0ee9ec9563a5a7722a57f,true,true,true,true
374,5800000,8,cycle_4_c2_d1_t2,production,periodic,4,4,256,32,72|72|72|72,287,256,32,288,295,1/999972/2;1/999972/2;1/999972/2;1/999972/2,false,true,true,true,35c8645b176fc7d578434e9bbadf3a73ff78449906f645ae9cab2fe7fce27bd9,0f4d741bc648742e1da83fc0ce43f4a8e066322807a543032c08f2d08503c136,378f8c1487b69338ef2070b6b10adc29d56dcaf726cbe1dda8759eaf54aea1f9,10559df3241cb9923c509765b4cc14c2db639b2b0633b6606264eb3b61b9ced7,true,true,true,true
375,5800000,8,cycle_8_c2_d1_t2,reference,periodic,8,8,256,32,36|36|36|36|36|36|36|36,287,256,32,288,295,1/999972/2;1/999972/2;1/999972/2;1/999972/2;1/999972/2;1/999972/2;1/999972/2;1/999972/2,false,true,true,true,9544b2c170c8bac303bf9cdf0ae3fd51a91a3209f77ca1ff73dd675458721658,18de8fa3b37a8c1775c2aa7a0cefa1081bd4d9c55af9a2b64e374885ea6a5bf7,f31459496e4cfc85dedc53f29f0e63dcc61c3097fc1d9705642fb6c9b830d5ce,a6730a6b8583f8656a93aa7d290980ad13471caad91317549d257b786e6ed3d2,true,true,true,true
375,5800000,8,cycle_8_c2_d1_t2,production,periodic,8,8,256,32,36|36|36|36|36|36|36|36,287,256,32,288,295,1/999972/2;1/999972/2;1/999972/2;1/999972/2;1/999972/2;1/999972/2;1/999972/2;1/999972/2,false,true,true,true,9544b2c170c8bac303bf9cdf0ae3fd51a91a3209f77ca1ff73dd675458721658,18de8fa3b37a8c1775c2aa7a0cefa1081bd4d9c55af9a2b64e374885ea6a5bf7,f31459496e4cfc85dedc53f29f0e63dcc61c3097fc1d9705642fb6c9b830d5ce,6bb1cb9bd9045c19b7b634afcd79509db6e96acbc585df8baebd1a1523e3e4c3,true,true,true,true
376,5800000,8,cycle_3_c2_d0_t2,reference,dies,0,0,3,0,1|1|1,3,4,0,4,8,1/1000000/2;1/1000000/2;1/1000000/2,true,false,false,true,fe7f53e9588f9e3c3e9d3582a86a13ce3933343da19a8d5bbcab40e5acf2d268,4f53cda18c2baa0c0354bb5f9a3ecbe5ed12ab4d8e11ba873c2f11161202b945,586a18e894a0524184792ea0df72da4bd6b150f5e4854ba75a64fc04cdb0b88b,409746ca39807ba719aeac01a6b52920b1db7088503d35a890fbbf0fa771de66,true,true,true,true
376,5800000,8,cycle_3_c2_d0_t2,production,dies,0,0,3,0,1|1|1,3,4,0,4,8,1/1000000/2;1/1000000/2;1/1000000/2,true,false,false,true,fe7f53e9588f9e3c3e9d3582a86a13ce3933343da19a8d5bbcab40e5acf2d268,4f53cda18c2baa0c0354bb5f9a3ecbe5ed12ab4d8e11ba873c2f11161202b945,586a18e894a0524184792ea0df72da4bd6b150f5e4854ba75a64fc04cdb0b88b,409746ca39807ba719aeac01a6b52920b1db7088503d35a890fbbf0fa771de66,true,true,true,true
377,5800000,8,cycle_4_c2_d0_t2,reference,dies,0,0,4,0,1|1|1|1,4,5,0,5,8,1/1000000/2;1/1000000/2;1/1000000/2;1/1000000/2,true,false,false,true,708d32a82e7d8645e1d74c65dc751912584d91a43df881d86b3e4b4a167093a5,4f53cda18c2baa0c0354bb5f9a3ecbe5ed12ab4d8e11ba873c2f11161202b945,43df5c790f4f57e24f146b668966b07412b2fd24ebe7515069629468bb34e401,1810f71ee046cb3897a4659a43f8204a5f94a6590aeb996d785e7485afade8de,true,true,true,true
377,5800000,8,cycle_4_c2_d0_t2,production,dies,0,0,4,0,1|1|1|1,4,5,0,5,8,1/1000000/2;1/1000000/2;1/1000000/2;1/1000000/2,true,false,false,true,708d32a82e7d8645e1d74c65dc751912584d91a43df881d86b3e4b4a167093a5,4f53cda18c2baa0c0354bb5f9a3ecbe5ed12ab4d8e11ba873c2f11161202b945,43df5c790f4f57e24f146b668966b07412b2fd24ebe7515069629468bb34e401,1810f71ee046cb3897a4659a43f8204a5f94a6590aeb996d785e7485afade8de,true,true,true,true
378,5800000,8,cycle_8_c2_d0_t2,reference,dies,0,0,8,0,1|1|1|1|1|1|1|1,8,9,0,9,8,1/1000000/2;1/1000000/2;1/1000000/2;1/1000000/2;1/1000000/2;1/1000000/2;1/1000000/2;1/1000000/2,true,false,false,true,1f40a9de9e8ac26952aad394ab88aa84bea12fec464cecfd0b9f8790957c9f35,4f53cda18c2baa0c0354bb5f9a3ecbe5ed12ab4d8e11ba873c2f11161202b945,026143305591c1f4c66c840ef55842d0af4600bcb2e6cc8cc4e2e7bd80309494,dab7a3bddecf19b7c988d000d2647afa01eeb43f19a1c49e305f97422398a5a7,true,true,true,true
378,5800000,8,cycle_8_c2_d0_t2,production,dies,0,0,8,0,1|1|1|1|1|1|1|1,8,9,0,9,8,1/1000000/2;1/1000000/2;1/1000000/2;1/1000000/2;1/1000000/2;1/1000000/2;1/1000000/2;1/1000000/2,true,false,false,true,1f40a9de9e8ac26952aad394ab88aa84bea12fec464cecfd0b9f8790957c9f35,4f53cda18c2baa0c0354bb5f9a3ecbe5ed12ab4d8e11ba873c2f11161202b945,026143305591c1f4c66c840ef55842d0af4600bcb2e6cc8cc4e2e7bd80309494,dab7a3bddecf19b7c988d000d2647afa01eeb43f19a1c49e305f97422398a5a7,true,true,true,true
379,5800000,8,chain_8_c2_d1_t2,reference,dies,0,0,8,0,1|1|1|1|1|1|1|1,7,8,0,8,15,1/1000000/2;1/1000000/2;1/1000000/2;1/1000000/2;1/1000000/2;1/1000000/2;1/1000000/2,true,false,false,true,bdc890034b4fef906a0ef6664e085040a0575f4432494a1ed04449bad7ad0c01,4f53cda18c2baa0c0354bb5f9a3ecbe5ed12ab4d8e11ba873c2f11161202b945,bcc5cb1634fb96b39e4638d9eaf7c414a5b16d2a037c6d2e46b0cef7ed231bda,0665c77a8bf8b7c3dc2b72a8fcfb899c7e0194948193a801be26f8f1fdab210e,true,true,true,true
379,5800000,8,chain_8_c2_d1_t2,production,dies,0,0,8,0,1|1|1|1|1|1|1|1,7,8,0,8,15,1/1000000/2;1/1000000/2;1/1000000/2;1/1000000/2;1/1000000/2;1/1000000/2;1/1000000/2,true,false,false,true,bdc890034b4fef906a0ef6664e085040a0575f4432494a1ed04449bad7ad0c01,4f53cda18c2baa0c0354bb5f9a3ecbe5ed12ab4d8e11ba873c2f11161202b945,bcc5cb1634fb96b39e4638d9eaf7c414a5b16d2a037c6d2e46b0cef7ed231bda,9166a8e30aaf3e3b566cd601be1fcd41b54676f4930a64be0265741cf392af49,true,true,true,true
380,5800000,8,chain_8_c2_d0_t2,reference,dies,0,0,8,0,1|1|1|1|1|1|1|1,7,8,0,8,8,1/1000000/2;1/1000000/2;1/1000000/2;1/1000000/2;1/1000000/2;1/1000000/2;1/1000000/2,true,false,false,true,059daaf26784a8ed707508d06c5c695c34f7ce6ab1a1cdc990632eb3952feff9,4f53cda18c2baa0c0354bb5f9a3ecbe5ed12ab4d8e11ba873c2f11161202b945,878d732f838f9027526454f16bd59608cf031ea565f2fda98982860553009fd2,1227e5360b008d9c6235a8b5b67515a0bb097756684816e9da154710800e2d5b,true,true,true,true
380,5800000,8,chain_8_c2_d0_t2,production,dies,0,0,8,0,1|1|1|1|1|1|1|1,7,8,0,8,8,1/1000000/2;1/1000000/2;1/1000000/2;1/1000000/2;1/1000000/2;1/1000000/2;1/1000000/2,true,false,false,true,059daaf26784a8ed707508d06c5c695c34f7ce6ab1a1cdc990632eb3952feff9,4f53cda18c2baa0c0354bb5f9a3ecbe5ed12ab4d8e11ba873c2f11161202b945,878d732f838f9027526454f16bd59608cf031ea565f2fda98982860553009fd2,1227e5360b008d9c6235a8b5b67515a0bb097756684816e9da154710800e2d5b,true,true,true,true
381,5800000,9,one_way_c2_d1_t2,reference,dies,0,0,2,0,1|1,1,2,0,2,10,1/1000000/2,true,false,false,true,89c70ef2701f3e1c410c2f0011574c8dd7512955d657d941a20756936628b02a,4f53cda18c2baa0c0354bb5f9a3ecbe5ed12ab4d8e11ba873c2f11161202b945,ba86850bcdef45619e13652e953232b0e9973d49ed7837a81035be5b289a10c2,7375f18ef5c9d74044c96c77fd61f36078c13b2ec014410e6e8ea55d0514974c,true,true,true,true
381,5800000,9,one_way_c2_d1_t2,production,dies,0,0,2,0,1|1,1,2,0,2,10,1/1000000/2,true,false,false,true,89c70ef2701f3e1c410c2f0011574c8dd7512955d657d941a20756936628b02a,4f53cda18c2baa0c0354bb5f9a3ecbe5ed12ab4d8e11ba873c2f11161202b945,ba86850bcdef45619e13652e953232b0e9973d49ed7837a81035be5b289a10c2,6d9fe23b83baaa1c4760a010fdbc8a4b1934d480bb69c7ebef30098b93451993,true,true,true,true
382,5800000,9,reciprocal_c1_d1_t2,reference,dies,0,0,1,0,1|0,1,2,0,2,10,1/1000000/1;1/1000000/1,true,false,false,true,3889a0cffbda726f0c69e0c2c568b5fb4ac65843ef4df076087b960105a7f360,4f53cda18c2baa0c0354bb5f9a3ecbe5ed12ab4d8e11ba873c2f11161202b945,7e61c7860810a7dea41d2865dff5e53f0939349d47e63403599daa86104c144b,a19ed60c11299449014cb00b4d3225d09fc64239fbc7fcd3369edbd7a9e74724,true,true,true,true
382,5800000,9,reciprocal_c1_d1_t2,production,dies,0,0,1,0,1|0,1,2,0,2,10,1/1000000/1;1/1000000/1,true,false,false,true,3889a0cffbda726f0c69e0c2c568b5fb4ac65843ef4df076087b960105a7f360,4f53cda18c2baa0c0354bb5f9a3ecbe5ed12ab4d8e11ba873c2f11161202b945,7e61c7860810a7dea41d2865dff5e53f0939349d47e63403599daa86104c144b,25acedc59611d39a501eb122ea7c02d131131e06dc4f683e6bb8041b11452ee5,true,true,true,true
383,5800000,9,reciprocal_c1_d1_t1,reference,periodic,2,2,256,32,144|144,287,256,32,288,296,1/999972/1;1/999972/1,false,true,true,true,a0b0a55db9bde3e346fbd963626edca4204218a77c86485d0faa38f6274a73c0,df3b7033ed1473c6e6e45c42f852855f6994a044a1e23296726efc9cf7ce2b1b,997bd6d3e67c16f14a1e0c20988056a638636364c4e61806761c27576977f979,5cc0826a4e4b5db5803707ecaa8e3bbabfa1af2b3ac2a39a4e3e9c8512ebc746,true,true,true,true
383,5800000,9,reciprocal_c1_d1_t1,production,periodic,2,2,256,32,144|144,287,256,32,288,296,1/999972/1;1/999972/1,false,true,true,true,a0b0a55db9bde3e346fbd963626edca4204218a77c86485d0faa38f6274a73c0,df3b7033ed1473c6e6e45c42f852855f6994a044a1e23296726efc9cf7ce2b1b,997bd6d3e67c16f14a1e0c20988056a638636364c4e61806761c27576977f979,1bc1a153cd6a9134402abc7d314f366546ea04d482df2e3177351e2fd38fd24d,true,true,true,true
384,5800000,9,reciprocal_c2_d0_t2,reference,dies,0,0,2,0,1|1,2,3,0,3,9,1/1000000/2;1/1000000/2,true,false,false,true,0d8bdaf39376c95bee609b56a5656374beeac8faa334e3e2c6b48560c94bbae8,4f53cda18c2baa0c0354bb5f9a3ecbe5ed12ab4d8e11ba873c2f11161202b945,1249964b4484da02ac884c9714ae292c5a1e9e76917ba0351cc83ba646785aa5,635ab2fa610e51326960c73abc44b99daad81f3b677c22fc1c5eaea4f2e36f90,true,true,true,true
384,5800000,9,reciprocal_c2_d0_t2,production,dies,0,0,2,0,1|1,2,3,0,3,9,1/1000000/2;1/1000000/2,true,false,false,true,0d8bdaf39376c95bee609b56a5656374beeac8faa334e3e2c6b48560c94bbae8,4f53cda18c2baa0c0354bb5f9a3ecbe5ed12ab4d8e11ba873c2f11161202b945,1249964b4484da02ac884c9714ae292c5a1e9e76917ba0351cc83ba646785aa5,635ab2fa610e51326960c73abc44b99daad81f3b677c22fc1c5eaea4f2e36f90,true,true,true,true
385,5800000,9,reciprocal_c2_d0_t2_alternating_phase,reference,dies,0,0,2,0,1|1,2,3,0,3,9,1/1000000/2;1/1000000/2,true,false,false,true,ae2749e7e9e2a1f941864c657124c2833d06f958e49c4ef033dc42ff040a86ae,4f53cda18c2baa0c0354bb5f9a3ecbe5ed12ab4d8e11ba873c2f11161202b945,f7220b224854e72e70241987daca61c91c51a9d01d695110df4804b4b3ee8744,75469e230f3814e2681d68edb810f0ce7cba1be2f17f742b2d5eae9bf5f8306d,true,true,true,true
385,5800000,9,reciprocal_c2_d0_t2_alternating_phase,production,dies,0,0,2,0,1|1,2,3,0,3,9,1/1000000/2;1/1000000/2,true,false,false,true,ae2749e7e9e2a1f941864c657124c2833d06f958e49c4ef033dc42ff040a86ae,4f53cda18c2baa0c0354bb5f9a3ecbe5ed12ab4d8e11ba873c2f11161202b945,f7220b224854e72e70241987daca61c91c51a9d01d695110df4804b4b3ee8744,75469e230f3814e2681d68edb810f0ce7cba1be2f17f742b2d5eae9bf5f8306d,true,true,true,true
386,5800000,9,reciprocal_c2_d1_t2,reference,periodic,2,2,256,32,144|144,287,256,32,288,296,1/999972/2;1/999972/2,false,true,true,true,83ea3faf6a03c8cccdb77270a146ca6998e24bb1b208a2e94f07a60992dbdae8,ca9eb775ccddb44e62e59b8131ecff69106c9978ce7ce046bd71f13228f0fda6,bb2faaa4858b7b832fdcb0475b352cb8cf5688428fc850fc081dcb0ff41f6256,4497a9b542eb60033c70c109a7d35774b3b4d92269485044c37013f90d3b49b4,true,true,true,true
386,5800000,9,reciprocal_c2_d1_t2,production,periodic,2,2,256,32,144|144,287,256,32,288,296,1/999972/2;1/999972/2,false,true,true,true,83ea3faf6a03c8cccdb77270a146ca6998e24bb1b208a2e94f07a60992dbdae8,ca9eb775ccddb44e62e59b8131ecff69106c9978ce7ce046bd71f13228f0fda6,bb2faaa4858b7b832fdcb0475b352cb8cf5688428fc850fc081dcb0ff41f6256,a618515f1f6fb8e13a565489c1938f9f5849b8c8dfa3dd1ba8f7c0b65e8efe3f,true,true,true,true
387,5800000,9,reciprocal_c2_d2_t2,reference,periodic,2,4,256,32,144|144,287,256,32,288,583,1/999943/2;1/999943/2,false,true,true,true,23cc77adb306f12e40d8fbf4eedf3244736db668ddfd6f791938f33fde058bca,f991b9e610e724cf01e44633e89e79348ff5ab73920cc409927ee764a9d49a4f,6fed6072200f51a9defa56ce37054214fd61204d8d8d5cbbeebf990dbf2630f0,09a72e983a987d7c053f05aaab5187f1aee8d3a13df4fbc7aa88da8aa8eb8bab,true,true,true,true
387,5800000,9,reciprocal_c2_d2_t2,production,periodic,2,4,256,32,144|144,287,256,32,288,583,1/999943/2;1/999943/2,false,true,true,true,23cc77adb306f12e40d8fbf4eedf3244736db668ddfd6f791938f33fde058bca,f991b9e610e724cf01e44633e89e79348ff5ab73920cc409927ee764a9d49a4f,6fed6072200f51a9defa56ce37054214fd61204d8d8d5cbbeebf990dbf2630f0,2326d60ec9c6621930dfad23854c9b2de4bd4ce19b8f76888cfa84f8ec8641d2,true,true,true,true
388,5800000,9,reciprocal_c2_d3_t2,reference,periodic,2,6,256,32,144|144,287,256,32,288,870,1/999914/2;1/999914/2,false,true,true,true,44da11c4c3430061edbda2a039af9b511714b3bbfce862dec11975df80e45f77,604b29c100b71f5551ce1aa8d550a90d9b2bd76a146bd9ad4e0e2e11adc7562f,09a2b470e6e5f822853cddfdc17ed6d8d10eca077dbfd25ce613ead1ba852de2,801c7e0e4f46c742ea1b542859c5aded06440a56db44b78fad5c16929fe46175,true,true,true,true
388,5800000,9,reciprocal_c2_d3_t2,production,periodic,2,6,256,32,144|144,287,256,32,288,870,1/999914/2;1/999914/2,false,true,true,true,44da11c4c3430061edbda2a039af9b511714b3bbfce862dec11975df80e45f77,604b29c100b71f5551ce1aa8d550a90d9b2bd76a146bd9ad4e0e2e11adc7562f,09a2b470e6e5f822853cddfdc17ed6d8d10eca077dbfd25ce613ead1ba852de2,3edc8f9ee7efdf29440a8260bc05697b014ef71b20997820fbbe567211498349,true,true,true,true
389,5800000,9,reciprocal_c2_mixed_d0_d1_t2,reference,periodic,2,1,256,32,144|144,287,256,32,288,152,1/999986/2;1/999986/2,false,true,true,true,7bb7bb72315c22507627e043247ce665c5af7d59492ef22f23d13cb352e3c301,bc6431c076f0f7eef4ab87f9c19bc17cbde78debcaba3e2c73ab646ff93110e9,7bf0d39612af60bbf7bd3363e2f4e532570f65a470840fb4c11b8327e8e39caa,3afebb3a4dcc1c057a2576f699d7b31806191ba7f2f19ecdd8fb0a9e757d83a1,true,true,true,true
389,5800000,9,reciprocal_c2_mixed_d0_d1_t2,production,periodic,2,1,256,32,144|144,287,256,32,288,152,1/999986/2;1/999986/2,false,true,true,true,7bb7bb72315c22507627e043247ce665c5af7d59492ef22f23d13cb352e3c301,bc6431c076f0f7eef4ab87f9c19bc17cbde78debcaba3e2c73ab646ff93110e9,7bf0d39612af60bbf7bd3363e2f4e532570f65a470840fb4c11b8327e8e39caa,3afebb3a4dcc1c057a2576f699d7b31806191ba7f2f19ecdd8fb0a9e757d83a1,true,true,true,true
390,5800000,9,reciprocal_c2_d1_t2_alternating_phase,reference,periodic,2,2,256,32,144|144,287,256,32,288,296,1/999972/2;1/999972/2,false,true,true,true,b4aeb12a9c6eb7eb3617c907459529cb5055fd84764a078b75dab8159ff70cbf,35e1ffd2ec1de1e128f71e11dbad58bd2592e70b15aad2154051309a58931bed,109534d32de3ca80d647923875d95c3e7f5cff02c9541760ab804afb1b840b2f,5bc726b680ad0f8166d78b17db5f6fe37f6f4bad3f7eeeaf0eadd657f5b94a1a,true,true,true,true
390,5800000,9,reciprocal_c2_d1_t2_alternating_phase,production,periodic,2,2,256,32,144|144,287,256,32,288,296,1/999972/2;1/999972/2,false,true,true,true,b4aeb12a9c6eb7eb3617c907459529cb5055fd84764a078b75dab8159ff70cbf,35e1ffd2ec1de1e128f71e11dbad58bd2592e70b15aad2154051309a58931bed,109534d32de3ca80d647923875d95c3e7f5cff02c9541760ab804afb1b840b2f,86b462b0efcdc42099e68b0157f39fa22ed7e53d5833d31844c66d7f243941d2,true,true,true,true
391,5800000,9,reciprocal_c2_d1_t1,reference,periodic,2,2,256,32,144|144,287,256,32,288,296,1/999972/2;1/999972/2,false,true,true,true,cd96b579da5cd25d110741c4cf059e5e030d0ca0eaa8fa31decbaad01d3eb311,ca9eb775ccddb44e62e59b8131ecff69106c9978ce7ce046bd71f13228f0fda6,d1006f50b310ffa9f21e4dacb7f5d56210af45f8d058324c4964b05042ca9a04,d988e795059505b5fabcb5b6556121c2f26e3bd411638f88946fb6cecfaa9401,true,true,true,true
391,5800000,9,reciprocal_c2_d1_t1,production,periodic,2,2,256,32,144|144,287,256,32,288,296,1/999972/2;1/999972/2,false,true,true,true,cd96b579da5cd25d110741c4cf059e5e030d0ca0eaa8fa31decbaad01d3eb311,ca9eb775ccddb44e62e59b8131ecff69106c9978ce7ce046bd71f13228f0fda6,d1006f50b310ffa9f21e4dacb7f5d56210af45f8d058324c4964b05042ca9a04,929eee884fbacfca9e31d75db292e63ff4732a8388d0b14137280558215553bd,true,true,true,true
392,5800000,9,reciprocal_c2_d1_t3,reference,dies,0,0,1,0,1|0,1,2,0,2,10,1/1000000/2;1/1000000/2,true,false,false,true,8f6feae4b896469f13b32fdd9c207633cbf21f3fb23c622b657c158db1b2479e,4f53cda18c2baa0c0354bb5f9a3ecbe5ed12ab4d8e11ba873c2f11161202b945,b865d8d27fbf36d6ada4d411a42a70992fcc23b87876a3251b356105464fd791,2bdd25246e55dc6600b00865ec5a197f8dfc394e0705a3ca6675201a4a947dc7,true,true,true,true
392,5800000,9,reciprocal_c2_d1_t3,production,dies,0,0,1,0,1|0,1,2,0,2,10,1/1000000/2;1/1000000/2,true,false,false,true,8f6feae4b896469f13b32fdd9c207633cbf21f3fb23c622b657c158db1b2479e,4f53cda18c2baa0c0354bb5f9a3ecbe5ed12ab4d8e11ba873c2f11161202b945,b865d8d27fbf36d6ada4d411a42a70992fcc23b87876a3251b356105464fd791,b6134275edc8950d01b3c7024d2c08dbea8ceda97351bcfa9dde2bf973905e1a,true,true,true,true
393,5800000,9,cycle_3_c2_d1_t2,reference,periodic,3,3,256,32,96|96|96,287,256,32,288,296,1/999972/2;1/999972/2;1/999972/2,false,true,true,true,1383a7f2c3c1d72a7cb06e7a89d75736265d33fdde4b5ae5d844f6df1a061707,622a7484d9024ea1d65fa12a3dc7331f481fc8e177f0ba482e617a07b1d96544,6450db7d67552cd64f35c897f4b7b11cac91fced9627a6ed0167eda6134c9dea,07e98bd31c1c0688826aec626235840acf303c28884bf6bf7389ae152352ebec,true,true,true,true
393,5800000,9,cycle_3_c2_d1_t2,production,periodic,3,3,256,32,96|96|96,287,256,32,288,296,1/999972/2;1/999972/2;1/999972/2,false,true,true,true,1383a7f2c3c1d72a7cb06e7a89d75736265d33fdde4b5ae5d844f6df1a061707,622a7484d9024ea1d65fa12a3dc7331f481fc8e177f0ba482e617a07b1d96544,6450db7d67552cd64f35c897f4b7b11cac91fced9627a6ed0167eda6134c9dea,16f63ea004d3943c8abc6b8cd7cbfa9b9f7eccbac8a6f0d2a38f2146ab1e4103,true,true,true,true
394,5800000,9,cycle_4_c2_d1_t2,reference,periodic,4,4,256,32,72|72|72|72,287,256,32,288,296,1/999972/2;1/999972/2;1/999972/2;1/999972/2,false,true,true,true,d2b81689c5b17eaeb3d423aaef5f4cc375c419587103745d316c62b294283beb,df5821f9531693b60190d6f4789c6dfd62055560b735b3a0859c99cdb7b32c4c,378f8c1487b69338ef2070b6b10adc29d56dcaf726cbe1dda8759eaf54aea1f9,4c34a78e83f9c037a48259ec0fc3166b5de0ae130918020284c0bff518faf37d,true,true,true,true
394,5800000,9,cycle_4_c2_d1_t2,production,periodic,4,4,256,32,72|72|72|72,287,256,32,288,296,1/999972/2;1/999972/2;1/999972/2;1/999972/2,false,true,true,true,d2b81689c5b17eaeb3d423aaef5f4cc375c419587103745d316c62b294283beb,df5821f9531693b60190d6f4789c6dfd62055560b735b3a0859c99cdb7b32c4c,378f8c1487b69338ef2070b6b10adc29d56dcaf726cbe1dda8759eaf54aea1f9,b58d012282609ee87160baf2d8d82627abb1b56f29d17a8d7606d0aa8adde7ef,true,true,true,true
395,5800000,9,cycle_8_c2_d1_t2,reference,periodic,8,8,256,32,36|36|36|36|36|36|36|36,287,256,32,288,296,1/999972/2;1/999972/2;1/999972/2;1/999972/2;1/999972/2;1/999972/2;1/999972/2;1/999972/2,false,true,true,true,4fdea3d6e9295c2b6d1ddee7717bf1514399a6a7af22a1e75a4a7c4ed422c19f,6234be8f329bc1387c4a778e0bdfd0803801258bec8170c7377b422713106f88,f31459496e4cfc85dedc53f29f0e63dcc61c3097fc1d9705642fb6c9b830d5ce,16caf55b251e0de7290eaae3dcf2737e2f81e79e8e166c127f753367230ed8b4,true,true,true,true
395,5800000,9,cycle_8_c2_d1_t2,production,periodic,8,8,256,32,36|36|36|36|36|36|36|36,287,256,32,288,296,1/999972/2;1/999972/2;1/999972/2;1/999972/2;1/999972/2;1/999972/2;1/999972/2;1/999972/2,false,true,true,true,4fdea3d6e9295c2b6d1ddee7717bf1514399a6a7af22a1e75a4a7c4ed422c19f,6234be8f329bc1387c4a778e0bdfd0803801258bec8170c7377b422713106f88,f31459496e4cfc85dedc53f29f0e63dcc61c3097fc1d9705642fb6c9b830d5ce,cf45cf35cd5d41c001b3c06362f7dadf9fd9b5b4df16882d7e5ef9d84388004e,true,true,true,true
396,5800000,9,cycle_3_c2_d0_t2,reference,dies,0,0,3,0,1|1|1,3,4,0,4,9,1/1000000/2;1/1000000/2;1/1000000/2,true,false,false,true,386ac80bd1be3ae51bdb7fa2821893df26d38be698f37f03d1a6424eea6eae81,4f53cda18c2baa0c0354bb5f9a3ecbe5ed12ab4d8e11ba873c2f11161202b945,586a18e894a0524184792ea0df72da4bd6b150f5e4854ba75a64fc04cdb0b88b,21bce118225f5d2f23302862fbc30e6235c4e44e2be6a679b34b97f1f43648e4,true,true,true,true
396,5800000,9,cycle_3_c2_d0_t2,production,dies,0,0,3,0,1|1|1,3,4,0,4,9,1/1000000/2;1/1000000/2;1/1000000/2,true,false,false,true,386ac80bd1be3ae51bdb7fa2821893df26d38be698f37f03d1a6424eea6eae81,4f53cda18c2baa0c0354bb5f9a3ecbe5ed12ab4d8e11ba873c2f11161202b945,586a18e894a0524184792ea0df72da4bd6b150f5e4854ba75a64fc04cdb0b88b,21bce118225f5d2f23302862fbc30e6235c4e44e2be6a679b34b97f1f43648e4,true,true,true,true
397,5800000,9,cycle_4_c2_d0_t2,reference,dies,0,0,4,0,1|1|1|1,4,5,0,5,9,1/1000000/2;1/1000000/2;1/1000000/2;1/1000000/2,true,false,false,true,9e6b3bd69dc9e1fcae89f9070272ff7971ce5ca2d9067f4bd9642e8e25965dcf,4f53cda18c2baa0c0354bb5f9a3ecbe5ed12ab4d8e11ba873c2f11161202b945,43df5c790f4f57e24f146b668966b07412b2fd24ebe7515069629468bb34e401,3c84b11b800eaff82a2918f4e6f0ab5da70a2b1459e0a4ca22c66d630cdd5821,true,true,true,true
397,5800000,9,cycle_4_c2_d0_t2,production,dies,0,0,4,0,1|1|1|1,4,5,0,5,9,1/1000000/2;1/1000000/2;1/1000000/2;1/1000000/2,true,false,false,true,9e6b3bd69dc9e1fcae89f9070272ff7971ce5ca2d9067f4bd9642e8e25965dcf,4f53cda18c2baa0c0354bb5f9a3ecbe5ed12ab4d8e11ba873c2f11161202b945,43df5c790f4f57e24f146b668966b07412b2fd24ebe7515069629468bb34e401,3c84b11b800eaff82a2918f4e6f0ab5da70a2b1459e0a4ca22c66d630cdd5821,true,true,true,true
398,5800000,9,cycle_8_c2_d0_t2,reference,dies,0,0,8,0,1|1|1|1|1|1|1|1,8,9,0,9,9,1/1000000/2;1/1000000/2;1/1000000/2;1/1000000/2;1/1000000/2;1/1000000/2;1/1000000/2;1/1000000/2,true,false,false,true,2469deca4cb387408f01407f596a494e4604ac2d24e6f11e461d35bfc54816ad,4f53cda18c2baa0c0354bb5f9a3ecbe5ed12ab4d8e11ba873c2f11161202b945,026143305591c1f4c66c840ef55842d0af4600bcb2e6cc8cc4e2e7bd80309494,b245b462bb7892ae6f1ddb4cd8eaa6f82c0eb74007aa44470bcf665b51f9ac5a,true,true,true,true
398,5800000,9,cycle_8_c2_d0_t2,production,dies,0,0,8,0,1|1|1|1|1|1|1|1,8,9,0,9,9,1/1000000/2;1/1000000/2;1/1000000/2;1/1000000/2;1/1000000/2;1/1000000/2;1/1000000/2;1/1000000/2,true,false,false,true,2469deca4cb387408f01407f596a494e4604ac2d24e6f11e461d35bfc54816ad,4f53cda18c2baa0c0354bb5f9a3ecbe5ed12ab4d8e11ba873c2f11161202b945,026143305591c1f4c66c840ef55842d0af4600bcb2e6cc8cc4e2e7bd80309494,b245b462bb7892ae6f1ddb4cd8eaa6f82c0eb74007aa44470bcf665b51f9ac5a,true,true,true,true
399,5800000,9,chain_8_c2_d1_t2,reference,dies,0,0,8,0,1|1|1|1|1|1|1|1,7,8,0,8,16,1/1000000/2;1/1000000/2;1/1000000/2;1/1000000/2;1/1000000/2;1/1000000/2;1/1000000/2,true,false,false,true,08ae017ab67dcd22cff151bd4b52d5b1ab6d65f1fc0ed33f8032d76576a6c7d6,4f53cda18c2baa0c0354bb5f9a3ecbe5ed12ab4d8e11ba873c2f11161202b945,bcc5cb1634fb96b39e4638d9eaf7c414a5b16d2a037c6d2e46b0cef7ed231bda,1e49c3a6cb3eea891963e5ebeac34b8374cacb06f2704cca90befcea8b6dea84,true,true,true,true
399,5800000,9,chain_8_c2_d1_t2,production,dies,0,0,8,0,1|1|1|1|1|1|1|1,7,8,0,8,16,1/1000000/2;1/1000000/2;1/1000000/2;1/1000000/2;1/1000000/2;1/1000000/2;1/1000000/2,true,false,false,true,08ae017ab67dcd22cff151bd4b52d5b1ab6d65f1fc0ed33f8032d76576a6c7d6,4f53cda18c2baa0c0354bb5f9a3ecbe5ed12ab4d8e11ba873c2f11161202b945,bcc5cb1634fb96b39e4638d9eaf7c414a5b16d2a037c6d2e46b0cef7ed231bda,21c6bc83fde6b76f5cf7f79bb370105ba4406badb35e915774054f70adc518ad,true,true,true,true
400,5800000,9,chain_8_c2_d0_t2,reference,dies,0,0,8,0,1|1|1|1|1|1|1|1,7,8,0,8,9,1/1000000/2;1/1000000/2;1/1000000/2;1/1000000/2;1/1000000/2;1/1000000/2;1/1000000/2,true,false,false,true,e6d61752e5af08c7b95a6bd0595f8ad7307564d7203f2e3c2b1570a488505ad0,4f53cda18c2baa0c0354bb5f9a3ecbe5ed12ab4d8e11ba873c2f11161202b945,878d732f838f9027526454f16bd59608cf031ea565f2fda98982860553009fd2,0c94fd13541acec16f4da246b3c7828956b4b1c1b5008e97e50a5fed7a7bee02,true,true,true,true
400,5800000,9,chain_8_c2_d0_t2,production,dies,0,0,8,0,1|1|1|1|1|1|1|1,7,8,0,8,9,1/1000000/2;1/1000000/2;1/1000000/2;1/1000000/2;1/1000000/2;1/1000000/2;1/1000000/2,true,false,false,true,e6d61752e5af08c7b95a6bd0595f8ad7307564d7203f2e3c2b1570a488505ad0,4f53cda18c2baa0c0354bb5f9a3ecbe5ed12ab4d8e11ba873c2f11161202b945,878d732f838f9027526454f16bd59608cf031ea565f2fda98982860553009fd2,0c94fd13541acec16f4da246b3c7828956b4b1c1b5008e97e50a5fed7a7bee02,true,true,true,true
