case_id,root,phase,family,arm,mechanics,states,measures,drive,modulation,fires,resistance_events,qlp,crossings,proposals,deallocations,physical_work,final_tick,trace_hash,body_hash,live_hash,quiescent,replay_equal,mechanics_equal,predicate_pass,case_pass
1,5300000,0,cpc0_contact_locality,persistence_only,reference,1/7/1/4026531840/4026531840;1/4/1/4026531840/0,4026531840|0,6,1,4,1,0,0,0,0,8,1,7b5efb1d815bd18f6de819dfaf81c5898c3cc796408074a3e6a1a7c97e12677b,5d21a241db2871bc20d007807f439ea3b70228f76a6e29f4a37a0d1813fc513c,50d283f4f6513e0705bab0fade0fc1e68183f0fc3c64fc39ee21f0d3fcb76300,true,true,true,true,true
1,5300000,0,cpc0_contact_locality,persistence_only,production,1/7/1/4026531840/4026531840;1/4/1/4026531840/0,4026531840|0,6,1,4,1,0,0,0,0,8,1,7b5efb1d815bd18f6de819dfaf81c5898c3cc796408074a3e6a1a7c97e12677b,5d21a241db2871bc20d007807f439ea3b70228f76a6e29f4a37a0d1813fc513c,0c64764e20c690b3122b01eb42b8c4df5480db5340206f3be6a635f05f7c7971,true,true,true,true,true
2,5300000,0,cpc0_contact_locality,efficacy_and_persistence,reference,1/7/2/4026531840/4026531840;1/4/2/4026531840/0,4026531840|0,6,1,4,1,0,0,0,0,8,1,645dd88c5b158d6e7e32380e52ff9688572e56491521289ba5d04a4a9b9eb55a,25bc55597d7464edc810fef74b7495f3a557acbba932620ad296d801994f84d3,0adc638336004c79dde772d002e258ff7454b8d1bda84dac09347135b2794802,true,true,true,true,true
2,5300000,0,cpc0_contact_locality,efficacy_and_persistence,production,1/7/2/4026531840/4026531840;1/4/2/4026531840/0,4026531840|0,6,1,4,1,0,0,0,0,8,1,645dd88c5b158d6e7e32380e52ff9688572e56491521289ba5d04a4a9b9eb55a,25bc55597d7464edc810fef74b7495f3a557acbba932620ad296d801994f84d3,532a291f0fac14666eee5ff2f6f16b6759e7cb156e904fffdb62cdab120a8f68,true,true,true,true,true
3,5300000,0,cpc1_temporal_participation,persistence_only,reference,1/6/1/1979772000/4026531840;1/5/1/1979772000/1979772000;1/7/1/1979772000/3110400000;1/7/1/1979772000/3110400000;1/7/1/4542662625/7136931840,4026531840|1979772000|3110400000|3110400000|7136931840,19,5,12,5,0,0,0,0,29,12,3b7e7efc0c824453945db7aaaab408ca12743f85eea4d31ae1f0eb53270aa59c,fb20b0e89201baaa171b1f297a5c77507d0d1d8e66cd15139cd31b4940fbd950,955ce7ca58ab809d2b1d4caef08f8a72aca72c87e0fc96f3ae091e50da1a93ae,true,true,true,true,true
3,5300000,0,cpc1_temporal_participation,persistence_only,production,1/6/1/1979772000/4026531840;1/5/1/1979772000/1979772000;1/7/1/1979772000/3110400000;1/7/1/1979772000/3110400000;1/7/1/4542662625/7136931840,4026531840|1979772000|3110400000|3110400000|7136931840,19,5,12,5,0,0,0,0,29,12,3b7e7efc0c824453945db7aaaab408ca12743f85eea4d31ae1f0eb53270aa59c,fb20b0e89201baaa171b1f297a5c77507d0d1d8e66cd15139cd31b4940fbd950,e02f101d13719e1141a5df3634a3913b6efd9d35e1e0580c44a489fbf58ab6e9,true,true,true,true,true
4,5300000,0,cpc1_temporal_participation,efficacy_and_persistence,reference,1/6/2/1979772000/4026531840;1/5/2/1979772000/1979772000;1/7/2/1979772000/3110400000;1/7/2/1979772000/3110400000;1/7/2/4542662625/7136931840,4026531840|1979772000|3110400000|3110400000|7136931840,19,5,12,5,0,0,0,0,29,12,c88e9b38226a32da18b5457e09295d11f5e9431cd2e43889ff4c2c41c807ec73,2a81415d36bfe9ac09e04c88ed64e85eac47fafadf9ba4dc510865a3a5c2f491,a60dc2766be811cac99b45bdfd55d4c30e6b222c00cbe589ce038883f6e46d25,true,true,true,true,true
4,5300000,0,cpc1_temporal_participation,efficacy_and_persistence,production,1/6/2/1979772000/4026531840;1/5/2/1979772000/1979772000;1/7/2/1979772000/3110400000;1/7/2/1979772000/3110400000;1/7/2/4542662625/7136931840,4026531840|1979772000|3110400000|3110400000|7136931840,19,5,12,5,0,0,0,0,29,12,c88e9b38226a32da18b5457e09295d11f5e9431cd2e43889ff4c2c41c807ec73,2a81415d36bfe9ac09e04c88ed64e85eac47fafadf9ba4dc510865a3a5c2f491,5b5531cc51fd26ffcdf8155ebc7a64dddb4f6b5c4f5d552fb9a5b0a71639e54a,true,true,true,true,true
5,5300000,0,pqlc0_one_hop,persistence_only,reference,1/7/1/4026531840/4026531840,1|4026531840,5,2,4,2,1,0,0,0,10,1,1769241bdad4576e92b6d27c55e52874ef4047947e36f0d7d55dec82b60dfa82,82fb0c3237301212d15a38c5a0f220c0289c9ea27be2c69a4211e0c504dd0103,6ac2d18a7cdc8d6b13e6cc8154de16fb7a5d42db1f130ffbed346fdfcb65f5c3,true,true,true,true,true
5,5300000,0,pqlc0_one_hop,persistence_only,production,1/7/1/4026531840/4026531840,1|4026531840,5,2,4,2,1,0,0,0,10,1,1769241bdad4576e92b6d27c55e52874ef4047947e36f0d7d55dec82b60dfa82,82fb0c3237301212d15a38c5a0f220c0289c9ea27be2c69a4211e0c504dd0103,22948ecf8d00fea7cf29af73e0df2a7674ee58118edc79758bc1d590d43dcd27,true,true,true,true,true
6,5300000,0,pqlc0_one_hop,efficacy_and_persistence,reference,1/7/2/4026531840/4026531840,1|4026531840,5,2,4,2,1,0,0,0,10,1,6abc422e09be03de387e97a49238b1d0bd25126b0dd6b3cb4849ed949ab76f57,bd4604d0940ebf3b52437153a33f5edae6b1d85357a12e7b40fd5b77870a0563,eb92ea4c64f954110b8a7f2bab8009fe46182235cc2b439fa8cc1b19500de73f,true,true,true,true,true
6,5300000,0,pqlc0_one_hop,efficacy_and_persistence,production,1/7/2/4026531840/4026531840,1|4026531840,5,2,4,2,1,0,0,0,10,1,6abc422e09be03de387e97a49238b1d0bd25126b0dd6b3cb4849ed949ab76f57,bd4604d0940ebf3b52437153a33f5edae6b1d85357a12e7b40fd5b77870a0563,9421e9b65c2ed37d29526645e4809d95ec891c399f5480129dce6eec11f569e1,true,true,true,true,true
7,5300000,0,pqlc1_depth_16,persistence_only,reference,1/7/1/4026531840/4026531840;1/7/1/4026531840/4026531840;1/7/1/4026531840/4026531840;1/7/1/4026531840/4026531840;1/7/1/4026531840/4026531840;1/7/1/4026531840/4026531840;1/7/1/4026531840/4026531840;1/7/1/4026531840/4026531840;1/7/1/4026531840/4026531840;1/7/1/4026531840/4026531840;1/7/1/4026531840/4026531840;1/7/1/4026531840/4026531840;1/7/1/4026531840/4026531840;1/7/1/4026531840/4026531840;1/7/1/4026531840/4026531840;1/7/1/4026531840/4026531840,16,19,16,18,16,15,0,0,0,66,1,4dfb006685670f2cdee6b6231d1ee95c6017db314cf1b8ae6432568be67a5a43,91edb008854c66ef7cefff8c16ee47463e95230b333c09ccbc04d7de00738c70,81417d72d585b1628aeb651bf1d9b90245576557c62ea3592af93aba9ec6d710,true,true,true,true,true
7,5300000,0,pqlc1_depth_16,persistence_only,production,1/7/1/4026531840/4026531840;1/7/1/4026531840/4026531840;1/7/1/4026531840/4026531840;1/7/1/4026531840/4026531840;1/7/1/4026531840/4026531840;1/7/1/4026531840/4026531840;1/7/1/4026531840/4026531840;1/7/1/4026531840/4026531840;1/7/1/4026531840/4026531840;1/7/1/4026531840/4026531840;1/7/1/4026531840/4026531840;1/7/1/4026531840/4026531840;1/7/1/4026531840/4026531840;1/7/1/4026531840/4026531840;1/7/1/4026531840/4026531840;1/7/1/4026531840/4026531840,16,19,16,18,16,15,0,0,0,66,1,4dfb006685670f2cdee6b6231d1ee95c6017db314cf1b8ae6432568be67a5a43,91edb008854c66ef7cefff8c16ee47463e95230b333c09ccbc04d7de00738c70,9e11f873b0fdf8aa6514ebb0ab352fea3252725d4c989288e4404fa773b3b596,true,true,true,true,true
8,5300000,0,pqlc1_depth_16,efficacy_and_persistence,reference,1/7/2/4026531840/4026531840;1/7/2/4026531840/4026531840;1/7/2/4026531840/4026531840;1/7/2/4026531840/4026531840;1/7/2/4026531840/4026531840;1/7/2/4026531840/4026531840;1/7/2/4026531840/4026531840;1/7/2/4026531840/4026531840;1/7/2/4026531840/4026531840;1/7/2/4026531840/4026531840;1/7/2/4026531840/4026531840;1/7/2/4026531840/4026531840;1/7/2/4026531840/4026531840;1/7/2/4026531840/4026531840;1/7/2/4026531840/4026531840;1/7/2/4026531840/4026531840,16,19,16,18,16,15,0,0,0,66,1,3fcdd65883c7a818159b25bb8687c95b701c478e135a6a7de3cd0d445ba842f4,380532ccc638974f7dc8f7194895688485ebac146f9acb1c5713921c7c175fd9,3872f66dbff9891dbc2d280b48037cc9c01eb07bc03ac1bab2982acd889c817c,true,true,true,true,true
8,5300000,0,pqlc1_depth_16,efficacy_and_persistence,production,1/7/2/4026531840/4026531840;1/7/2/4026531840/4026531840;1/7/2/4026531840/4026531840;1/7/2/4026531840/4026531840;1/7/2/4026531840/4026531840;1/7/2/4026531840/4026531840;1/7/2/4026531840/4026531840;1/7/2/4026531840/4026531840;1/7/2/4026531840/4026531840;1/7/2/4026531840/4026531840;1/7/2/4026531840/4026531840;1/7/2/4026531840/4026531840;1/7/2/4026531840/4026531840;1/7/2/4026531840/4026531840;1/7/2/4026531840/4026531840;1/7/2/4026531840/4026531840,16,19,16,18,16,15,0,0,0,66,1,3fcdd65883c7a818159b25bb8687c95b701c478e135a6a7de3cd0d445ba842f4,380532ccc638974f7dc8f7194895688485ebac146f9acb1c5713921c7c175fd9,43208ba8a1bef0a63493e5b7db983fd5e0f90344f74125699475d76f7f0fbe7e,true,true,true,true,true
9,5300000,0,fd0_equal_persistence,persistence_only,reference,1/1/1/0/0;0/0/1/0/0,1|0,0,0,0,0,0,0,0,1,1,40,4f53cda18c2baa0c0354bb5f9a3ecbe5ed12ab4d8e11ba873c2f11161202b945,744cb21fcd53c9919cacd4f20806dff8a61608e07189e592537e1518ab8de6d0,1e967442d41edc81f01809f19eb0cdf49997cc553f5619f343b952dd159e2633,true,true,true,true,true
9,5300000,0,fd0_equal_persistence,persistence_only,production,1/1/1/0/0;0/0/1/0/0,1|0,0,0,0,0,0,0,0,1,1,40,4f53cda18c2baa0c0354bb5f9a3ecbe5ed12ab4d8e11ba873c2f11161202b945,744cb21fcd53c9919cacd4f20806dff8a61608e07189e592537e1518ab8de6d0,f49548ef3765a582620c10e70d2cdf2b32b2148e36e4e76820d735e32f34c385,true,true,true,true,true
10,5300000,0,fd0_equal_persistence,efficacy_and_persistence,reference,1/1/2/0/0;0/0/2/0/0,1|0,0,0,0,0,0,0,0,1,1,40,4f53cda18c2baa0c0354bb5f9a3ecbe5ed12ab4d8e11ba873c2f11161202b945,fdd53932bf59840d7fedf359a5db8bf87804d154a0a1f302f74e2d38b953ef88,c825ce3767c86e48f05fa45e1163ce25f69ce02cd2b703d481e8be63282ff24e,true,true,true,true,true
10,5300000,0,fd0_equal_persistence,efficacy_and_persistence,production,1/1/2/0/0;0/0/2/0/0,1|0,0,0,0,0,0,0,0,1,1,40,4f53cda18c2baa0c0354bb5f9a3ecbe5ed12ab4d8e11ba873c2f11161202b945,fdd53932bf59840d7fedf359a5db8bf87804d154a0a1f302f74e2d38b953ef88,f9e36b10d7b0ca9dabe4b0169705b0d953e557d821fbf4a6f60365082c2dce1b,true,true,true,true,true
11,5300000,0,fd1_consolidation,persistence_only,reference,1/4/1/4026531840/4026531840;1/1/1/4026531840/0,4026531840|0,5,1,3,1,0,0,0,0,7,1,2ac96d70ccc89b833a919a81597236108d114cf7b365b7f125946d3237a48036,23059cc86a0d0f3de608bbede123bc0e190f84751e34b7e6779590c62c5a698a,8646c8eae2ec5414e26528f5094107c7717800e83420a56c52e49b42ca465643,true,true,true,true,true
11,5300000,0,fd1_consolidation,persistence_only,production,1/4/1/4026531840/4026531840;1/1/1/4026531840/0,4026531840|0,5,1,3,1,0,0,0,0,7,1,2ac96d70ccc89b833a919a81597236108d114cf7b365b7f125946d3237a48036,23059cc86a0d0f3de608bbede123bc0e190f84751e34b7e6779590c62c5a698a,9f0caa65302aff1d174a50090feb13734dabc5add4dd80d0050b0347e11c87f4,true,true,true,true,true
12,5300000,0,fd1_consolidation,efficacy_and_persistence,reference,1/4/2/4026531840/4026531840;1/1/2/4026531840/0,4026531840|0,5,1,3,1,0,0,0,0,7,1,c0a80c0160761856c1fab1a3587176a9210f510ce4a36c83a647598589cf8a3f,16e3efda1054298d025f2d8e6dfa8f0cfc87abb8279c7450a6229fac1a848c68,51adaf992a916209a83f63a56309236ddac6141f61971b9a0b9eca4651414f35,true,true,true,true,true
12,5300000,0,fd1_consolidation,efficacy_and_persistence,production,1/4/2/4026531840/4026531840;1/1/2/4026531840/0,4026531840|0,5,1,3,1,0,0,0,0,7,1,c0a80c0160761856c1fab1a3587176a9210f510ce4a36c83a647598589cf8a3f,16e3efda1054298d025f2d8e6dfa8f0cfc87abb8279c7450a6229fac1a848c68,d1f337e5e76d1b44957a6b28f0a5e584722e569612f5badf7ebb5ba80c629937,true,true,true,true,true
13,5300000,0,threshold_1_already_executable,persistence_only,reference,1/4/1/4294967296/0,1|1,3,0,2,0,0,1,0,0,3,0,ed91bcab0d41d5e30348a11b2741ede37cb125a87e337b3b6b01bb1e257b7b64,0c898e7f87eb2c6c748df5453d345ed68d6836d9a788894eeea2c2ce83e9edf7,cf738795587f1f37b485d2637b28b71494bdfbd0a8f8608068ce817acc165272,true,true,true,true,true
13,5300000,0,threshold_1_already_executable,persistence_only,production,1/4/1/4294967296/0,1|1,3,0,2,0,0,1,0,0,3,0,ed91bcab0d41d5e30348a11b2741ede37cb125a87e337b3b6b01bb1e257b7b64,0c898e7f87eb2c6c748df5453d345ed68d6836d9a788894eeea2c2ce83e9edf7,cf738795587f1f37b485d2637b28b71494bdfbd0a8f8608068ce817acc165272,true,true,true,true,true
14,5300000,0,threshold_1_already_executable,efficacy_and_persistence,reference,1/4/2/4294967296/0,1|1,3,0,2,0,0,1,0,0,3,0,e06338547d4fd83ef4fc92263ee078516f209c6f923fdba118a9ca46bde34ad3,9eeee3cfa562d848a7dbe1aa32096afd808be08b883073102a79514446292a07,1913006a111ef435bfd3da929e47e9d021792a68fb2c57744880e6c127b1020a,true,true,true,true,true
14,5300000,0,threshold_1_already_executable,efficacy_and_persistence,production,1/4/2/4294967296/0,1|1,3,0,2,0,0,1,0,0,3,0,e06338547d4fd83ef4fc92263ee078516f209c6f923fdba118a9ca46bde34ad3,9eeee3cfa562d848a7dbe1aa32096afd808be08b883073102a79514446292a07,1913006a111ef435bfd3da929e47e9d021792a68fb2c57744880e6c127b1020a,true,true,true,true,true
15,5300000,0,threshold_2_acquired_efficacy,persistence_only,reference,1/4/1/4294967296/0;1/1/1/4294967296/0,0|0|0,4,0,2,0,0,0,0,0,4,0,d00be5d8839bbde0bf7c29a16018e869f6b5fb56ebf22668edfbae2209ee02d8,a399aaf0be1453a2ae75101af7f833f4cb0e2d9f1696e20f2c0d69b735213b45,42b36e4b28037462a6c6debd9632b99f255eef812d2e65d8ed62deee267d6d8e,true,true,true,true,true
15,5300000,0,threshold_2_acquired_efficacy,persistence_only,production,1/4/1/4294967296/0;1/1/1/4294967296/0,0|0|0,4,0,2,0,0,0,0,0,4,0,d00be5d8839bbde0bf7c29a16018e869f6b5fb56ebf22668edfbae2209ee02d8,a399aaf0be1453a2ae75101af7f833f4cb0e2d9f1696e20f2c0d69b735213b45,42b36e4b28037462a6c6debd9632b99f255eef812d2e65d8ed62deee267d6d8e,true,true,true,true,true
16,5300000,0,threshold_2_acquired_efficacy,efficacy_and_persistence,reference,1/4/2/4294967296/0;1/1/1/4294967296/0,1|0|1,5,0,3,0,0,1,0,0,5,0,05f227cc3d84f5e87bbf611908f392d1a9f4ce5cd668c8806ba8c4ef8309fbce,be10356bb5548e7ba580c054778c2f458ff5777d05ae7f43925951e450f4962b,659e31a30c06ff22bdf5401f12a4ac42fac1debd57e98da8d9c3425829364792,true,true,true,true,true
16,5300000,0,threshold_2_acquired_efficacy,efficacy_and_persistence,production,1/4/2/4294967296/0;1/1/1/4294967296/0,1|0|1,5,0,3,0,0,1,0,0,5,0,05f227cc3d84f5e87bbf611908f392d1a9f4ce5cd668c8806ba8c4ef8309fbce,be10356bb5548e7ba580c054778c2f458ff5777d05ae7f43925951e450f4962b,659e31a30c06ff22bdf5401f12a4ac42fac1debd57e98da8d9c3425829364792,true,true,true,true,true
17,5300000,0,threshold_3_still_insufficient,persistence_only,reference,1/4/1/4294967296/0,0|0,2,0,1,0,0,0,0,0,2,0,b1e043ab1adf8c4b9f43d6117e99aed133d8e104f4c8bc316d3a98f87ffc011c,ec744c9d466a34c48ba868944b66d3f80eeae3a7554401cb9f1901663159931c,65753e3864dc477e1639d70d427d899fc042326a2f8bcaa19b3aa8d4ec7ce797,true,true,true,true,true
17,5300000,0,threshold_3_still_insufficient,persistence_only,production,1/4/1/4294967296/0,0|0,2,0,1,0,0,0,0,0,2,0,b1e043ab1adf8c4b9f43d6117e99aed133d8e104f4c8bc316d3a98f87ffc011c,ec744c9d466a34c48ba868944b66d3f80eeae3a7554401cb9f1901663159931c,65753e3864dc477e1639d70d427d899fc042326a2f8bcaa19b3aa8d4ec7ce797,true,true,true,true,true
18,5300000,0,threshold_3_still_insufficient,efficacy_and_persistence,reference,1/4/2/4294967296/0,0|0,2,0,1,0,0,0,0,0,2,0,f7b1b44f70b942fe3886be980377132939284784b7c5b56ad7bb6752cfe96a68,bba48bb062192a99d74e194cedcf9119164f1d34907c6ab35c21293ab04afdaa,3c818a4b9115d62a39e4efa81d7bfd83ec7138093a1c1bbfe4186a83df417b09,true,true,true,true,true
18,5300000,0,threshold_3_still_insufficient,efficacy_and_persistence,production,1/4/2/4294967296/0,0|0,2,0,1,0,0,0,0,0,2,0,f7b1b44f70b942fe3886be980377132939284784b7c5b56ad7bb6752cfe96a68,bba48bb062192a99d74e194cedcf9119164f1d34907c6ab35c21293ab04afdaa,3c818a4b9115d62a39e4efa81d7bfd83ec7138093a1c1bbfe4186a83df417b09,true,true,true,true,true
19,5300000,0,threshold_2_two_physical_inputs,persistence_only,reference,1/4/1/4294967296/0;1/4/1/4294967296/0,1|1,5,0,3,0,0,1,0,0,5,0,55f066ec761604d5e1ced7d8cdfba741684376d4243d1422d6239ab09b4a8a91,0c1b7c0b69153af38127431b2a3f2f1e22ae42e4d321a99995216c1e4fee6b9a,f2bc42b594f59b75eacc338659b856d0d2a7ec0ef60cc998d740493c9c95a3e5,true,true,true,true,true
19,5300000,0,threshold_2_two_physical_inputs,persistence_only,production,1/4/1/4294967296/0;1/4/1/4294967296/0,1|1,5,0,3,0,0,1,0,0,5,0,55f066ec761604d5e1ced7d8cdfba741684376d4243d1422d6239ab09b4a8a91,0c1b7c0b69153af38127431b2a3f2f1e22ae42e4d321a99995216c1e4fee6b9a,f2bc42b594f59b75eacc338659b856d0d2a7ec0ef60cc998d740493c9c95a3e5,true,true,true,true,true
20,5300000,0,threshold_2_two_physical_inputs,efficacy_and_persistence,reference,1/4/1/4294967296/0;1/4/1/4294967296/0,1|1,5,0,3,0,0,1,0,0,5,0,e69913471eeba43fed93ae5d1de88356c8fbc2b6effbd8d100f22d5b13fbb8ab,6192b135a2e20dd512fbddd9269ef25f684cb1a96ec7c9c4b74c44f7cdfd49f0,b4d6d5dc58d92c82c4ae0d4f45f8b8daf4b92e8f44dfb7d4fa4fb3cfb0057c28,true,true,true,true,true
20,5300000,0,threshold_2_two_physical_inputs,efficacy_and_persistence,production,1/4/1/4294967296/0;1/4/1/4294967296/0,1|1,5,0,3,0,0,1,0,0,5,0,e69913471eeba43fed93ae5d1de88356c8fbc2b6effbd8d100f22d5b13fbb8ab,6192b135a2e20dd512fbddd9269ef25f684cb1a96ec7c9c4b74c44f7cdfd49f0,b4d6d5dc58d92c82c4ae0d4f45f8b8daf4b92e8f44dfb7d4fa4fb3cfb0057c28,true,true,true,true,true
21,5300000,1,cpc0_contact_locality,persistence_only,reference,1/7/1/4026531840/4026531840;1/4/1/4026531840/0,4026531840|0,6,1,4,1,0,0,0,0,8,2,57f766a5aefef412ed7512746a4549bf199cea6e34bb0a007bfd956047774ab1,5d21a241db2871bc20d007807f439ea3b70228f76a6e29f4a37a0d1813fc513c,754e941d591764119aaf4591ce5370c7a4cb458082bf657813361e593254e2d7,true,true,true,true,true
21,5300000,1,cpc0_contact_locality,persistence_only,production,1/7/1/4026531840/4026531840;1/4/1/4026531840/0,4026531840|0,6,1,4,1,0,0,0,0,8,2,57f766a5aefef412ed7512746a4549bf199cea6e34bb0a007bfd956047774ab1,5d21a241db2871bc20d007807f439ea3b70228f76a6e29f4a37a0d1813fc513c,0d93158074ab48c7f8145b77636422cced928dd32d89fc28bee03eb740fce872,true,true,true,true,true
22,5300000,1,cpc0_contact_locality,efficacy_and_persistence,reference,1/7/2/4026531840/4026531840;1/4/2/4026531840/0,4026531840|0,6,1,4,1,0,0,0,0,8,2,712ae9f80bb23c3a1814cbaf66dcf4f87b49090ea267fb211398afc50f306b03,25bc55597d7464edc810fef74b7495f3a557acbba932620ad296d801994f84d3,248dbfdfc876a9a9a7e556176910a37ab404a869a638dcdd1b79b14865ce4c6b,true,true,true,true,true
22,5300000,1,cpc0_contact_locality,efficacy_and_persistence,production,1/7/2/4026531840/4026531840;1/4/2/4026531840/0,4026531840|0,6,1,4,1,0,0,0,0,8,2,712ae9f80bb23c3a1814cbaf66dcf4f87b49090ea267fb211398afc50f306b03,25bc55597d7464edc810fef74b7495f3a557acbba932620ad296d801994f84d3,791b2bd8b52a87b713188dce5695e6bc3bbf7d2f74f99859bad274999c1178c8,true,true,true,true,true
23,5300000,1,cpc1_temporal_participation,persistence_only,reference,1/6/1/1979772000/4026531840;1/5/1/1979772000/1979772000;1/7/1/1979772000/3110400000;1/7/1/1979772000/3110400000;1/7/1/4542662625/7136931840,4026531840|1979772000|3110400000|3110400000|7136931840,19,5,12,5,0,0,0,0,29,13,5ebfba1825e515e5c566813e136a6c7a7712fec0ff900c26a026c58bf22174ec,fb20b0e89201baaa171b1f297a5c77507d0d1d8e66cd15139cd31b4940fbd950,8bfd172daef5f84b17a32f0b6b2866228c22665b554e8a2bc314c4c792b01055,true,true,true,true,true
23,5300000,1,cpc1_temporal_participation,persistence_only,production,1/6/1/1979772000/4026531840;1/5/1/1979772000/1979772000;1/7/1/1979772000/3110400000;1/7/1/1979772000/3110400000;1/7/1/4542662625/7136931840,4026531840|1979772000|3110400000|3110400000|7136931840,19,5,12,5,0,0,0,0,29,13,5ebfba1825e515e5c566813e136a6c7a7712fec0ff900c26a026c58bf22174ec,fb20b0e89201baaa171b1f297a5c77507d0d1d8e66cd15139cd31b4940fbd950,cbd3728c033e770c17e15019f9f6bbcd7ac0fd4603ec345116a2fbac5b762490,true,true,true,true,true
24,5300000,1,cpc1_temporal_participation,efficacy_and_persistence,reference,1/6/2/1979772000/4026531840;1/5/2/1979772000/1979772000;1/7/2/1979772000/3110400000;1/7/2/1979772000/3110400000;1/7/2/4542662625/7136931840,4026531840|1979772000|3110400000|3110400000|7136931840,19,5,12,5,0,0,0,0,29,13,c95ecc5f434dd086480ddf119e6d4b2dd5fa392e5f1ec31339ef544a38bc9599,2a81415d36bfe9ac09e04c88ed64e85eac47fafadf9ba4dc510865a3a5c2f491,22372f98450bcf4f62889bb92ebe58e091eb781ebaac5cd76a746c1c7cc11606,true,true,true,true,true
24,5300000,1,cpc1_temporal_participation,efficacy_and_persistence,production,1/6/2/1979772000/4026531840;1/5/2/1979772000/1979772000;1/7/2/1979772000/3110400000;1/7/2/1979772000/3110400000;1/7/2/4542662625/7136931840,4026531840|1979772000|3110400000|3110400000|7136931840,19,5,12,5,0,0,0,0,29,13,c95ecc5f434dd086480ddf119e6d4b2dd5fa392e5f1ec31339ef544a38bc9599,2a81415d36bfe9ac09e04c88ed64e85eac47fafadf9ba4dc510865a3a5c2f491,ae340c8c982a52ba838a6ad64d729cf44012d6e4629a2066c9125a85f72874cf,true,true,true,true,true
25,5300000,1,pqlc0_one_hop,persistence_only,reference,1/7/1/4026531840/4026531840,1|4026531840,5,2,4,2,1,0,0,0,10,2,0066f87499e5bf4f999e7e5ed85e1c513275ba6f093e95a21dd5af9a9d5df58b,82fb0c3237301212d15a38c5a0f220c0289c9ea27be2c69a4211e0c504dd0103,564e6f523982938c05912d21db335c0ce8fa3ee9f44f883ae99285f67699b634,true,true,true,true,true
25,5300000,1,pqlc0_one_hop,persistence_only,production,1/7/1/4026531840/4026531840,1|4026531840,5,2,4,2,1,0,0,0,10,2,0066f87499e5bf4f999e7e5ed85e1c513275ba6f093e95a21dd5af9a9d5df58b,82fb0c3237301212d15a38c5a0f220c0289c9ea27be2c69a4211e0c504dd0103,c1ab38adfcaaf3b9a1e0815e68916de87376a9a4ef929f0482d79e77a7b60464,true,true,true,true,true
26,5300000,1,pqlc0_one_hop,efficacy_and_persistence,reference,1/7/2/4026531840/4026531840,1|4026531840,5,2,4,2,1,0,0,0,10,2,e20e7cb512db83048c97c0408f730e0442be3573ab9321db4b619b84ba533eaf,bd4604d0940ebf3b52437153a33f5edae6b1d85357a12e7b40fd5b77870a0563,4fffbf58342c5e02eeeae3e244c1cfbef6495e6aa6f35199f6c6d529fbec451e,true,true,true,true,true
26,5300000,1,pqlc0_one_hop,efficacy_and_persistence,production,1/7/2/4026531840/4026531840,1|4026531840,5,2,4,2,1,0,0,0,10,2,e20e7cb512db83048c97c0408f730e0442be3573ab9321db4b619b84ba533eaf,bd4604d0940ebf3b52437153a33f5edae6b1d85357a12e7b40fd5b77870a0563,39b7df0252fd9baf301d68caee0cf3c6ce5258c923a672e18353930ddd086121,true,true,true,true,true
27,5300000,1,pqlc1_depth_16,persistence_only,reference,1/7/1/4026531840/4026531840;1/7/1/4026531840/4026531840;1/7/1/4026531840/4026531840;1/7/1/4026531840/4026531840;1/7/1/4026531840/4026531840;1/7/1/4026531840/4026531840;1/7/1/4026531840/4026531840;1/7/1/4026531840/4026531840;1/7/1/4026531840/4026531840;1/7/1/4026531840/4026531840;1/7/1/4026531840/4026531840;1/7/1/4026531840/4026531840;1/7/1/4026531840/4026531840;1/7/1/4026531840/4026531840;1/7/1/4026531840/4026531840;1/7/1/4026531840/4026531840,16,19,16,18,16,15,0,0,0,66,2,e94da82837d905ae8c0301058e4041376ef6d9efed2024bc100f412c4d5b1242,91edb008854c66ef7cefff8c16ee47463e95230b333c09ccbc04d7de00738c70,f8e553fb83ab4414748224ba51820ee84b44da0e68b7bdcdd90c125fc5ef13b3,true,true,true,true,true
27,5300000,1,pqlc1_depth_16,persistence_only,production,1/7/1/4026531840/4026531840;1/7/1/4026531840/4026531840;1/7/1/4026531840/4026531840;1/7/1/4026531840/4026531840;1/7/1/4026531840/4026531840;1/7/1/4026531840/4026531840;1/7/1/4026531840/4026531840;1/7/1/4026531840/4026531840;1/7/1/4026531840/4026531840;1/7/1/4026531840/4026531840;1/7/1/4026531840/4026531840;1/7/1/4026531840/4026531840;1/7/1/4026531840/4026531840;1/7/1/4026531840/4026531840;1/7/1/4026531840/4026531840;1/7/1/4026531840/4026531840,16,19,16,18,16,15,0,0,0,66,2,e94da82837d905ae8c0301058e4041376ef6d9efed2024bc100f412c4d5b1242,91edb008854c66ef7cefff8c16ee47463e95230b333c09ccbc04d7de00738c70,c1f59466d83d4e39e6dfe673afb1470650a3fb9f69c130d529a618cb9dd44781,true,true,true,true,true
28,5300000,1,pqlc1_depth_16,efficacy_and_persistence,reference,1/7/2/4026531840/4026531840;1/7/2/4026531840/4026531840;1/7/2/4026531840/4026531840;1/7/2/4026531840/4026531840;1/7/2/4026531840/4026531840;1/7/2/4026531840/4026531840;1/7/2/4026531840/4026531840;1/7/2/4026531840/4026531840;1/7/2/4026531840/4026531840;1/7/2/4026531840/4026531840;1/7/2/4026531840/4026531840;1/7/2/4026531840/4026531840;1/7/2/4026531840/4026531840;1/7/2/4026531840/4026531840;1/7/2/4026531840/4026531840;1/7/2/4026531840/4026531840,16,19,16,18,16,15,0,0,0,66,2,479183f00d7838242c9713e93a2bbdaf138b0782dd3128f62bf35a5768fcd3ae,380532ccc638974f7dc8f7194895688485ebac146f9acb1c5713921c7c175fd9,15f3f8699c71ade01a4ead48a33e13f508a8e98b218afe9d3a62391d97338d17,true,true,true,true,true
28,5300000,1,pqlc1_depth_16,efficacy_and_persistence,production,1/7/2/4026531840/4026531840;1/7/2/4026531840/4026531840;1/7/2/4026531840/4026531840;1/7/2/4026531840/4026531840;1/7/2/4026531840/4026531840;1/7/2/4026531840/4026531840;1/7/2/4026531840/4026531840;1/7/2/4026531840/4026531840;1/7/2/4026531840/4026531840;1/7/2/4026531840/4026531840;1/7/2/4026531840/4026531840;1/7/2/4026531840/4026531840;1/7/2/4026531840/4026531840;1/7/2/4026531840/4026531840;1/7/2/4026531840/4026531840;1/7/2/4026531840/4026531840,16,19,16,18,16,15,0,0,0,66,2,479183f00d7838242c9713e93a2bbdaf138b0782dd3128f62bf35a5768fcd3ae,380532ccc638974f7dc8f7194895688485ebac146f9acb1c5713921c7c175fd9,3aadfc62ee56365756098905034f49eef88dd4a11096cb75a8570f5b585f3633,true,true,true,true,true
29,5300000,1,fd0_equal_persistence,persistence_only,reference,1/1/1/0/0;0/0/1/0/0,1|0,0,0,0,0,0,0,0,1,1,41,4f53cda18c2baa0c0354bb5f9a3ecbe5ed12ab4d8e11ba873c2f11161202b945,744cb21fcd53c9919cacd4f20806dff8a61608e07189e592537e1518ab8de6d0,8b13b18d91f1015800278fffcfb47d0953fc21c657462b02b98560701ecae3e3,true,true,true,true,true
29,5300000,1,fd0_equal_persistence,persistence_only,production,1/1/1/0/0;0/0/1/0/0,1|0,0,0,0,0,0,0,0,1,1,41,4f53cda18c2baa0c0354bb5f9a3ecbe5ed12ab4d8e11ba873c2f11161202b945,744cb21fcd53c9919cacd4f20806dff8a61608e07189e592537e1518ab8de6d0,28b8b2fa58534320a1065debeb7a0ad5f3f2eda7f2f170e1845f24fe5fd79972,true,true,true,true,true
30,5300000,1,fd0_equal_persistence,efficacy_and_persistence,reference,1/1/2/0/0;0/0/2/0/0,1|0,0,0,0,0,0,0,0,1,1,41,4f53cda18c2baa0c0354bb5f9a3ecbe5ed12ab4d8e11ba873c2f11161202b945,fdd53932bf59840d7fedf359a5db8bf87804d154a0a1f302f74e2d38b953ef88,23bda75b7de11e1d1b8ca8c1635c8db5546b252edb361ef1989b5550c49569eb,true,true,true,true,true
30,5300000,1,fd0_equal_persistence,efficacy_and_persistence,production,1/1/2/0/0;0/0/2/0/0,1|0,0,0,0,0,0,0,0,1,1,41,4f53cda18c2baa0c0354bb5f9a3ecbe5ed12ab4d8e11ba873c2f11161202b945,fdd53932bf59840d7fedf359a5db8bf87804d154a0a1f302f74e2d38b953ef88,8a2c56a3777163db646dd5ceb3be843d54c79715fcf00e5d27dc7d8b0bf188ee,true,true,true,true,true
31,5300000,1,fd1_consolidation,persistence_only,reference,1/4/1/4026531840/4026531840;1/1/1/4026531840/0,4026531840|0,5,1,3,1,0,0,0,0,7,2,8c1858334538a251cd905e979918bf932595e0774b9473ad85bd5cfd2b741607,23059cc86a0d0f3de608bbede123bc0e190f84751e34b7e6779590c62c5a698a,d9093df10cd8b6948ecd3f2845a5358a0c9b1f1f47756f4c806bc4df824fabd7,true,true,true,true,true
31,5300000,1,fd1_consolidation,persistence_only,production,1/4/1/4026531840/4026531840;1/1/1/4026531840/0,4026531840|0,5,1,3,1,0,0,0,0,7,2,8c1858334538a251cd905e979918bf932595e0774b9473ad85bd5cfd2b741607,23059cc86a0d0f3de608bbede123bc0e190f84751e34b7e6779590c62c5a698a,73e8fcee32b81b082933824f300370f2e765e1db7fc9925fd230607d5d17b8f0,true,true,true,true,true
32,5300000,1,fd1_consolidation,efficacy_and_persistence,reference,1/4/2/4026531840/4026531840;1/1/2/4026531840/0,4026531840|0,5,1,3,1,0,0,0,0,7,2,8f1640f0ab6229ca8d74288ae28de1c5c8ae2054b4ffecf0db37364fe78b94a4,16e3efda1054298d025f2d8e6dfa8f0cfc87abb8279c7450a6229fac1a848c68,a8ba920d831508f9ad71e6b9214215b4852b0c6b749bc3055d168d8f4a3ec8d8,true,true,true,true,true
32,5300000,1,fd1_consolidation,efficacy_and_persistence,production,1/4/2/4026531840/4026531840;1/1/2/4026531840/0,4026531840|0,5,1,3,1,0,0,0,0,7,2,8f1640f0ab6229ca8d74288ae28de1c5c8ae2054b4ffecf0db37364fe78b94a4,16e3efda1054298d025f2d8e6dfa8f0cfc87abb8279c7450a6229fac1a848c68,63c97abad277987c09e746f29cbd3f2c244b8e37ea32fccd384df8bff3152f71,true,true,true,true,true
33,5300000,1,threshold_1_already_executable,persistence_only,reference,1/4/1/4294967296/0,1|1,3,0,2,0,0,1,0,0,3,1,4df6391874975ec736e76099b8469092eb51f5271ad339e40ef32dc268eaa656,0c898e7f87eb2c6c748df5453d345ed68d6836d9a788894eeea2c2ce83e9edf7,0fd275138a26d242b0654b688c3fd6fde9297a45d879da9cbeafc46b27990454,true,true,true,true,true
33,5300000,1,threshold_1_already_executable,persistence_only,production,1/4/1/4294967296/0,1|1,3,0,2,0,0,1,0,0,3,1,4df6391874975ec736e76099b8469092eb51f5271ad339e40ef32dc268eaa656,0c898e7f87eb2c6c748df5453d345ed68d6836d9a788894eeea2c2ce83e9edf7,0fd275138a26d242b0654b688c3fd6fde9297a45d879da9cbeafc46b27990454,true,true,true,true,true
34,5300000,1,threshold_1_already_executable,efficacy_and_persistence,reference,1/4/2/4294967296/0,1|1,3,0,2,0,0,1,0,0,3,1,fe90bc9f7c52e7a2b018b22f216a8c0226a9b168601fbac5aa5c44ac3bac9dc2,9eeee3cfa562d848a7dbe1aa32096afd808be08b883073102a79514446292a07,0420e8b2ed77a55a278d0cad6391ce8471fe72108fd1f75fbab0210dad4ec53a,true,true,true,true,true
34,5300000,1,threshold_1_already_executable,efficacy_and_persistence,production,1/4/2/4294967296/0,1|1,3,0,2,0,0,1,0,0,3,1,fe90bc9f7c52e7a2b018b22f216a8c0226a9b168601fbac5aa5c44ac3bac9dc2,9eeee3cfa562d848a7dbe1aa32096afd808be08b883073102a79514446292a07,0420e8b2ed77a55a278d0cad6391ce8471fe72108fd1f75fbab0210dad4ec53a,true,true,true,true,true
35,5300000,1,threshold_2_acquired_efficacy,persistence_only,reference,1/4/1/4294967296/0;1/1/1/4294967296/0,0|0|0,4,0,2,0,0,0,0,0,4,1,b66942e803de6b3bb9b5148522e62120f090ee23b617db666bda67faa16d0fb6,a399aaf0be1453a2ae75101af7f833f4cb0e2d9f1696e20f2c0d69b735213b45,6a03e753a5f8300b71097b1d2560f7e3684130cb022e1daedc4cc6d99c0537a3,true,true,true,true,true
35,5300000,1,threshold_2_acquired_efficacy,persistence_only,production,1/4/1/4294967296/0;1/1/1/4294967296/0,0|0|0,4,0,2,0,0,0,0,0,4,1,b66942e803de6b3bb9b5148522e62120f090ee23b617db666bda67faa16d0fb6,a399aaf0be1453a2ae75101af7f833f4cb0e2d9f1696e20f2c0d69b735213b45,6a03e753a5f8300b71097b1d2560f7e3684130cb022e1daedc4cc6d99c0537a3,true,true,true,true,true
36,5300000,1,threshold_2_acquired_efficacy,efficacy_and_persistence,reference,1/4/2/4294967296/0;1/1/1/4294967296/0,1|0|1,5,0,3,0,0,1,0,0,5,1,127b7577b778e49fbecc0da848a29a7b4175398ae4bd25f1797f6be726f7c84b,be10356bb5548e7ba580c054778c2f458ff5777d05ae7f43925951e450f4962b,2f510b9e9595d12d84ad44c3028182b916c3825ec58cf04d1c00538b7011a419,true,true,true,true,true
36,5300000,1,threshold_2_acquired_efficacy,efficacy_and_persistence,production,1/4/2/4294967296/0;1/1/1/4294967296/0,1|0|1,5,0,3,0,0,1,0,0,5,1,127b7577b778e49fbecc0da848a29a7b4175398ae4bd25f1797f6be726f7c84b,be10356bb5548e7ba580c054778c2f458ff5777d05ae7f43925951e450f4962b,2f510b9e9595d12d84ad44c3028182b916c3825ec58cf04d1c00538b7011a419,true,true,true,true,true
37,5300000,1,threshold_3_still_insufficient,persistence_only,reference,1/4/1/4294967296/0,0|0,2,0,1,0,0,0,0,0,2,1,086f1c604f772cb52c2391099e19ea67d577e3196d59ee883cd1d01f9eb7ddfa,ec744c9d466a34c48ba868944b66d3f80eeae3a7554401cb9f1901663159931c,50a800250b10bfb13b48e2d133eb657029f880420d005d2b05e5a27c0d21f76e,true,true,true,true,true
37,5300000,1,threshold_3_still_insufficient,persistence_only,production,1/4/1/4294967296/0,0|0,2,0,1,0,0,0,0,0,2,1,086f1c604f772cb52c2391099e19ea67d577e3196d59ee883cd1d01f9eb7ddfa,ec744c9d466a34c48ba868944b66d3f80eeae3a7554401cb9f1901663159931c,50a800250b10bfb13b48e2d133eb657029f880420d005d2b05e5a27c0d21f76e,true,true,true,true,true
38,5300000,1,threshold_3_still_insufficient,efficacy_and_persistence,reference,1/4/2/4294967296/0,0|0,2,0,1,0,0,0,0,0,2,1,710b8577f33142ac29972bf3a01bb1013fd8e09174edb5f9fbe81391e5f5b69a,bba48bb062192a99d74e194cedcf9119164f1d34907c6ab35c21293ab04afdaa,4c361b626aec1bdaff408be0215f29f1f5b9777a70782d911ff875c30e051e01,true,true,true,true,true
38,5300000,1,threshold_3_still_insufficient,efficacy_and_persistence,production,1/4/2/4294967296/0,0|0,2,0,1,0,0,0,0,0,2,1,710b8577f33142ac29972bf3a01bb1013fd8e09174edb5f9fbe81391e5f5b69a,bba48bb062192a99d74e194cedcf9119164f1d34907c6ab35c21293ab04afdaa,4c361b626aec1bdaff408be0215f29f1f5b9777a70782d911ff875c30e051e01,true,true,true,true,true
39,5300000,1,threshold_2_two_physical_inputs,persistence_only,reference,1/4/1/4294967296/0;1/4/1/4294967296/0,1|1,5,0,3,0,0,1,0,0,5,1,3a6c269a5bd7948afa6ea654c9541b84c8c554156fc6ef5f387b9b2c4ef69624,0c1b7c0b69153af38127431b2a3f2f1e22ae42e4d321a99995216c1e4fee6b9a,dd8f476893daffaf2ac7ba2634aa806f8990241419313b8d1b9db49a714adfa5,true,true,true,true,true
39,5300000,1,threshold_2_two_physical_inputs,persistence_only,production,1/4/1/4294967296/0;1/4/1/4294967296/0,1|1,5,0,3,0,0,1,0,0,5,1,3a6c269a5bd7948afa6ea654c9541b84c8c554156fc6ef5f387b9b2c4ef69624,0c1b7c0b69153af38127431b2a3f2f1e22ae42e4d321a99995216c1e4fee6b9a,dd8f476893daffaf2ac7ba2634aa806f8990241419313b8d1b9db49a714adfa5,true,true,true,true,true
40,5300000,1,threshold_2_two_physical_inputs,efficacy_and_persistence,reference,1/4/1/4294967296/0;1/4/1/4294967296/0,1|1,5,0,3,0,0,1,0,0,5,1,11f309a61d66f8fcd807571d1d10ab2365fb19650b159ecb47cd41a5e2006176,6192b135a2e20dd512fbddd9269ef25f684cb1a96ec7c9c4b74c44f7cdfd49f0,4057be387f92fbb3104b2afaa8747d2dff3b42b9300c163542ed8fba47c52fb5,true,true,true,true,true
40,5300000,1,threshold_2_two_physical_inputs,efficacy_and_persistence,production,1/4/1/4294967296/0;1/4/1/4294967296/0,1|1,5,0,3,0,0,1,0,0,5,1,11f309a61d66f8fcd807571d1d10ab2365fb19650b159ecb47cd41a5e2006176,6192b135a2e20dd512fbddd9269ef25f684cb1a96ec7c9c4b74c44f7cdfd49f0,4057be387f92fbb3104b2afaa8747d2dff3b42b9300c163542ed8fba47c52fb5,true,true,true,true,true
41,5300000,2,cpc0_contact_locality,persistence_only,reference,1/7/1/4026531840/4026531840;1/4/1/4026531840/0,4026531840|0,6,1,4,1,0,0,0,0,8,3,b9a15559447e56352edcec2e1bd865ebf988dc4312d769e7cb734f493603b6df,5d21a241db2871bc20d007807f439ea3b70228f76a6e29f4a37a0d1813fc513c,403d4c12b749aaa4bb18d87801ba69822851491edfa34c499c7e30d2edb3f39e,true,true,true,true,true
41,5300000,2,cpc0_contact_locality,persistence_only,production,1/7/1/4026531840/4026531840;1/4/1/4026531840/0,4026531840|0,6,1,4,1,0,0,0,0,8,3,b9a15559447e56352edcec2e1bd865ebf988dc4312d769e7cb734f493603b6df,5d21a241db2871bc20d007807f439ea3b70228f76a6e29f4a37a0d1813fc513c,10aeb10b2d29c335c39ce3ea60a08876e967a4423da0c9a731bd921d6080f199,true,true,true,true,true
42,5300000,2,cpc0_contact_locality,efficacy_and_persistence,reference,1/7/2/4026531840/4026531840;1/4/2/4026531840/0,4026531840|0,6,1,4,1,0,0,0,0,8,3,a57c34a08880af786ea60ba103ad52fda6081104016835e582b67743fe43db07,25bc55597d7464edc810fef74b7495f3a557acbba932620ad296d801994f84d3,fc7cbd471afdde84d06122995ff5e0ebfb8b461d875467743af8d046f75ff1aa,true,true,true,true,true
42,5300000,2,cpc0_contact_locality,efficacy_and_persistence,production,1/7/2/4026531840/4026531840;1/4/2/4026531840/0,4026531840|0,6,1,4,1,0,0,0,0,8,3,a57c34a08880af786ea60ba103ad52fda6081104016835e582b67743fe43db07,25bc55597d7464edc810fef74b7495f3a557acbba932620ad296d801994f84d3,3dbdfa8c935bc8b269b7009a89b87f172870a23cf18802a3d306efbf3298c648,true,true,true,true,true
43,5300000,2,cpc1_temporal_participation,persistence_only,reference,1/6/1/1979772000/4026531840;1/5/1/1979772000/1979772000;1/7/1/1979772000/3110400000;1/7/1/1979772000/3110400000;1/7/1/4542662625/7136931840,4026531840|1979772000|3110400000|3110400000|7136931840,19,5,12,5,0,0,0,0,29,14,dc3e9be1abbeed62cb6d8630dfb196924f4df152a46de6c5e9f6dc3b78c40216,fb20b0e89201baaa171b1f297a5c77507d0d1d8e66cd15139cd31b4940fbd950,83104a039ba8e56a1e1c52dd6f98d6ed579ae155b214dc3b03c89b74c52fb54e,true,true,true,true,true
43,5300000,2,cpc1_temporal_participation,persistence_only,production,1/6/1/1979772000/4026531840;1/5/1/1979772000/1979772000;1/7/1/1979772000/3110400000;1/7/1/1979772000/3110400000;1/7/1/4542662625/7136931840,4026531840|1979772000|3110400000|3110400000|7136931840,19,5,12,5,0,0,0,0,29,14,dc3e9be1abbeed62cb6d8630dfb196924f4df152a46de6c5e9f6dc3b78c40216,fb20b0e89201baaa171b1f297a5c77507d0d1d8e66cd15139cd31b4940fbd950,006850489c0e31f71be32a05de2961c871d569bdb5c9c3167bf3b634ad60ca49,true,true,true,true,true
44,5300000,2,cpc1_temporal_participation,efficacy_and_persistence,reference,1/6/2/1979772000/4026531840;1/5/2/1979772000/1979772000;1/7/2/1979772000/3110400000;1/7/2/1979772000/3110400000;1/7/2/4542662625/7136931840,4026531840|1979772000|3110400000|3110400000|7136931840,19,5,12,5,0,0,0,0,29,14,98c8df952f02ee60261891f1c8991cdadc32d7f41fb32128c67006eb906fe09f,2a81415d36bfe9ac09e04c88ed64e85eac47fafadf9ba4dc510865a3a5c2f491,14468b308803bfbabba3a7421f0b4b7baf7c33551957307651d3ec10547b419e,true,true,true,true,true
44,5300000,2,cpc1_temporal_participation,efficacy_and_persistence,production,1/6/2/1979772000/4026531840;1/5/2/1979772000/1979772000;1/7/2/1979772000/3110400000;1/7/2/1979772000/3110400000;1/7/2/4542662625/7136931840,4026531840|1979772000|3110400000|3110400000|7136931840,19,5,12,5,0,0,0,0,29,14,98c8df952f02ee60261891f1c8991cdadc32d7f41fb32128c67006eb906fe09f,2a81415d36bfe9ac09e04c88ed64e85eac47fafadf9ba4dc510865a3a5c2f491,13079a819f1c8a662fc4455d5dfbf7153f43f294fbbe95914e19df97b1fa4d01,true,true,true,true,true
45,5300000,2,pqlc0_one_hop,persistence_only,reference,1/7/1/4026531840/4026531840,1|4026531840,5,2,4,2,1,0,0,0,10,3,573e3eb749637d45da790bb515610d466a0621c02d9a881bc7c2e813bf7c55f3,82fb0c3237301212d15a38c5a0f220c0289c9ea27be2c69a4211e0c504dd0103,3c5650f31c6e546666493eb35393e8fd168f327cf89c04b36f70a018ed5014f6,true,true,true,true,true
45,5300000,2,pqlc0_one_hop,persistence_only,production,1/7/1/4026531840/4026531840,1|4026531840,5,2,4,2,1,0,0,0,10,3,573e3eb749637d45da790bb515610d466a0621c02d9a881bc7c2e813bf7c55f3,82fb0c3237301212d15a38c5a0f220c0289c9ea27be2c69a4211e0c504dd0103,e0a42cd6416c6e563576dd03a04f3989985e477028b78d7b0f27586083f1b8d4,true,true,true,true,true
46,5300000,2,pqlc0_one_hop,efficacy_and_persistence,reference,1/7/2/4026531840/4026531840,1|4026531840,5,2,4,2,1,0,0,0,10,3,37a202121faa73d0ac82fb381d0468248bd4733e30e5acce2ffc2e336e213986,bd4604d0940ebf3b52437153a33f5edae6b1d85357a12e7b40fd5b77870a0563,e1ab0a515c39a3549125facd226bc65d8c8bf330b6c89848908981bd4ade9a1c,true,true,true,true,true
46,5300000,2,pqlc0_one_hop,efficacy_and_persistence,production,1/7/2/4026531840/4026531840,1|4026531840,5,2,4,2,1,0,0,0,10,3,37a202121faa73d0ac82fb381d0468248bd4733e30e5acce2ffc2e336e213986,bd4604d0940ebf3b52437153a33f5edae6b1d85357a12e7b40fd5b77870a0563,175da61534b5bfe32ca3c2e196292059a5fc6018688b9da27ea51134c411aedc,true,true,true,true,true
47,5300000,2,pqlc1_depth_16,persistence_only,reference,1/7/1/4026531840/4026531840;1/7/1/4026531840/4026531840;1/7/1/4026531840/4026531840;1/7/1/4026531840/4026531840;1/7/1/4026531840/4026531840;1/7/1/4026531840/4026531840;1/7/1/4026531840/4026531840;1/7/1/4026531840/4026531840;1/7/1/4026531840/4026531840;1/7/1/4026531840/4026531840;1/7/1/4026531840/4026531840;1/7/1/4026531840/4026531840;1/7/1/4026531840/4026531840;1/7/1/4026531840/4026531840;1/7/1/4026531840/4026531840;1/7/1/4026531840/4026531840,16,19,16,18,16,15,0,0,0,66,3,a4effee3de61b0de0adc17a7cba63498795d159ebe9119f74b763c33e6b1ac4f,91edb008854c66ef7cefff8c16ee47463e95230b333c09ccbc04d7de00738c70,07e0331eaa8d948a08d5bb09f6aabb52e6784b981cb8285dec259f3dea7ef3bc,true,true,true,true,true
47,5300000,2,pqlc1_depth_16,persistence_only,production,1/7/1/4026531840/4026531840;1/7/1/4026531840/4026531840;1/7/1/4026531840/4026531840;1/7/1/4026531840/4026531840;1/7/1/4026531840/4026531840;1/7/1/4026531840/4026531840;1/7/1/4026531840/4026531840;1/7/1/4026531840/4026531840;1/7/1/4026531840/4026531840;1/7/1/4026531840/4026531840;1/7/1/4026531840/4026531840;1/7/1/4026531840/4026531840;1/7/1/4026531840/4026531840;1/7/1/4026531840/4026531840;1/7/1/4026531840/4026531840;1/7/1/4026531840/4026531840,16,19,16,18,16,15,0,0,0,66,3,a4effee3de61b0de0adc17a7cba63498795d159ebe9119f74b763c33e6b1ac4f,91edb008854c66ef7cefff8c16ee47463e95230b333c09ccbc04d7de00738c70,15c69d82ef1743afdcccaf271499d016d41dd05d6888bf1ee2378fe144e4edbf,true,true,true,true,true
48,5300000,2,pqlc1_depth_16,efficacy_and_persistence,reference,1/7/2/4026531840/4026531840;1/7/2/4026531840/4026531840;1/7/2/4026531840/4026531840;1/7/2/4026531840/4026531840;1/7/2/4026531840/4026531840;1/7/2/4026531840/4026531840;1/7/2/4026531840/4026531840;1/7/2/4026531840/4026531840;1/7/2/4026531840/4026531840;1/7/2/4026531840/4026531840;1/7/2/4026531840/4026531840;1/7/2/4026531840/4026531840;1/7/2/4026531840/4026531840;1/7/2/4026531840/4026531840;1/7/2/4026531840/4026531840;1/7/2/4026531840/4026531840,16,19,16,18,16,15,0,0,0,66,3,3164295394b4676de9ea464654c81cacb405ece80e16491f770c059d64d312bf,380532ccc638974f7dc8f7194895688485ebac146f9acb1c5713921c7c175fd9,1853e4cd8b7a0ce99d2159b577b5225495fde230bef531819371bd84e46de860,true,true,true,true,true
48,5300000,2,pqlc1_depth_16,efficacy_and_persistence,production,1/7/2/4026531840/4026531840;1/7/2/4026531840/4026531840;1/7/2/4026531840/4026531840;1/7/2/4026531840/4026531840;1/7/2/4026531840/4026531840;1/7/2/4026531840/4026531840;1/7/2/4026531840/4026531840;1/7/2/4026531840/4026531840;1/7/2/4026531840/4026531840;1/7/2/4026531840/4026531840;1/7/2/4026531840/4026531840;1/7/2/4026531840/4026531840;1/7/2/4026531840/4026531840;1/7/2/4026531840/4026531840;1/7/2/4026531840/4026531840;1/7/2/4026531840/4026531840,16,19,16,18,16,15,0,0,0,66,3,3164295394b4676de9ea464654c81cacb405ece80e16491f770c059d64d312bf,380532ccc638974f7dc8f7194895688485ebac146f9acb1c5713921c7c175fd9,ee0338232262b732dd22a3921ae517007dbce9d3a26efd795ff53b5bbae2e4fa,true,true,true,true,true
49,5300000,2,fd0_equal_persistence,persistence_only,reference,1/1/1/0/0;0/0/1/0/0,1|0,0,0,0,0,0,0,0,1,1,42,4f53cda18c2baa0c0354bb5f9a3ecbe5ed12ab4d8e11ba873c2f11161202b945,744cb21fcd53c9919cacd4f20806dff8a61608e07189e592537e1518ab8de6d0,97b4656c64aa3737807b0209a5443c78b1b8de72465aa480965cfa52f7767fac,true,true,true,true,true
49,5300000,2,fd0_equal_persistence,persistence_only,production,1/1/1/0/0;0/0/1/0/0,1|0,0,0,0,0,0,0,0,1,1,42,4f53cda18c2baa0c0354bb5f9a3ecbe5ed12ab4d8e11ba873c2f11161202b945,744cb21fcd53c9919cacd4f20806dff8a61608e07189e592537e1518ab8de6d0,e01f8a7665d0a0abd93ae5db01df9c7e4062dacf1813bba2ea72876a41fef2d1,true,true,true,true,true
50,5300000,2,fd0_equal_persistence,efficacy_and_persistence,reference,1/1/2/0/0;0/0/2/0/0,1|0,0,0,0,0,0,0,0,1,1,42,4f53cda18c2baa0c0354bb5f9a3ecbe5ed12ab4d8e11ba873c2f11161202b945,fdd53932bf59840d7fedf359a5db8bf87804d154a0a1f302f74e2d38b953ef88,07c397b7831ca4ff9eab94df7dcdb706e5eeb6090d256d25883ddbd637554a8e,true,true,true,true,true
50,5300000,2,fd0_equal_persistence,efficacy_and_persistence,production,1/1/2/0/0;0/0/2/0/0,1|0,0,0,0,0,0,0,0,1,1,42,4f53cda18c2baa0c0354bb5f9a3ecbe5ed12ab4d8e11ba873c2f11161202b945,fdd53932bf59840d7fedf359a5db8bf87804d154a0a1f302f74e2d38b953ef88,6efbfd3150d6bfce664c65ab6150842019449b6270e918215da4ee414713a4e3,true,true,true,true,true
51,5300000,2,fd1_consolidation,persistence_only,reference,1/4/1/4026531840/4026531840;1/1/1/4026531840/0,4026531840|0,5,1,3,1,0,0,0,0,7,3,76af576056a92d7fec5d8c3ee6d268effcedd9a295be7d320493decf9f9a34cd,23059cc86a0d0f3de608bbede123bc0e190f84751e34b7e6779590c62c5a698a,99610551587672efc3b825d271ba9a667b7934abc11e76fcf34a62993732c218,true,true,true,true,true
51,5300000,2,fd1_consolidation,persistence_only,production,1/4/1/4026531840/4026531840;1/1/1/4026531840/0,4026531840|0,5,1,3,1,0,0,0,0,7,3,76af576056a92d7fec5d8c3ee6d268effcedd9a295be7d320493decf9f9a34cd,23059cc86a0d0f3de608bbede123bc0e190f84751e34b7e6779590c62c5a698a,cfe6b4e52205a71dd5d2d8a7f51d346c170bc0a10601f99d4002c21339a80eb7,true,true,true,true,true
52,5300000,2,fd1_consolidation,efficacy_and_persistence,reference,1/4/2/4026531840/4026531840;1/1/2/4026531840/0,4026531840|0,5,1,3,1,0,0,0,0,7,3,a41a9af0e123232532f4428064d5a029d804bcba4d6edc1867d200fed5a3f89c,16e3efda1054298d025f2d8e6dfa8f0cfc87abb8279c7450a6229fac1a848c68,edcb6344795fa59074e0a2c4d58de49815165d0aad6ec4d28640a4b37cba7183,true,true,true,true,true
52,5300000,2,fd1_consolidation,efficacy_and_persistence,production,1/4/2/4026531840/4026531840;1/1/2/4026531840/0,4026531840|0,5,1,3,1,0,0,0,0,7,3,a41a9af0e123232532f4428064d5a029d804bcba4d6edc1867d200fed5a3f89c,16e3efda1054298d025f2d8e6dfa8f0cfc87abb8279c7450a6229fac1a848c68,f7d2eed8fa8c87349df6701261f08a13bfd5fd1c7eeebbe4761fc04d37a2ca8b,true,true,true,true,true
53,5300000,2,threshold_1_already_executable,persistence_only,reference,1/4/1/4294967296/0,1|1,3,0,2,0,0,1,0,0,3,2,4fcb96e099037901558c748ad550f869147905aaff3c06c179007ffd22bbc777,0c898e7f87eb2c6c748df5453d345ed68d6836d9a788894eeea2c2ce83e9edf7,f26566be2db9ff9c520116bd2124c1cf3aaafbd253470bf704aeff7e982e3306,true,true,true,true,true
53,5300000,2,threshold_1_already_executable,persistence_only,production,1/4/1/4294967296/0,1|1,3,0,2,0,0,1,0,0,3,2,4fcb96e099037901558c748ad550f869147905aaff3c06c179007ffd22bbc777,0c898e7f87eb2c6c748df5453d345ed68d6836d9a788894eeea2c2ce83e9edf7,f26566be2db9ff9c520116bd2124c1cf3aaafbd253470bf704aeff7e982e3306,true,true,true,true,true
54,5300000,2,threshold_1_already_executable,efficacy_and_persistence,reference,1/4/2/4294967296/0,1|1,3,0,2,0,0,1,0,0,3,2,82dda0da3a44e6c506cc34c7668f8d319823de0bb2f613acb8ef0a42c3bef259,9eeee3cfa562d848a7dbe1aa32096afd808be08b883073102a79514446292a07,0c5a69c28204161046a738f37e959b5f95ca74ca1a2a734cfecd9983cc647445,true,true,true,true,true
54,5300000,2,threshold_1_already_executable,efficacy_and_persistence,production,1/4/2/4294967296/0,1|1,3,0,2,0,0,1,0,0,3,2,82dda0da3a44e6c506cc34c7668f8d319823de0bb2f613acb8ef0a42c3bef259,9eeee3cfa562d848a7dbe1aa32096afd808be08b883073102a79514446292a07,0c5a69c28204161046a738f37e959b5f95ca74ca1a2a734cfecd9983cc647445,true,true,true,true,true
55,5300000,2,threshold_2_acquired_efficacy,persistence_only,reference,1/4/1/4294967296/0;1/1/1/4294967296/0,0|0|0,4,0,2,0,0,0,0,0,4,2,5be02a7a5e67818e83d8c1ec291faadd21fa934ec48695d56491b4b284ffb48c,a399aaf0be1453a2ae75101af7f833f4cb0e2d9f1696e20f2c0d69b735213b45,72f369fc51ebe81fbc1f03023f207ca52041806240992e6e2259a4032bb5ff52,true,true,true,true,true
55,5300000,2,threshold_2_acquired_efficacy,persistence_only,production,1/4/1/4294967296/0;1/1/1/4294967296/0,0|0|0,4,0,2,0,0,0,0,0,4,2,5be02a7a5e67818e83d8c1ec291faadd21fa934ec48695d56491b4b284ffb48c,a399aaf0be1453a2ae75101af7f833f4cb0e2d9f1696e20f2c0d69b735213b45,72f369fc51ebe81fbc1f03023f207ca52041806240992e6e2259a4032bb5ff52,true,true,true,true,true
56,5300000,2,threshold_2_acquired_efficacy,efficacy_and_persistence,reference,1/4/2/4294967296/0;1/1/1/4294967296/0,1|0|1,5,0,3,0,0,1,0,0,5,2,132a71d344d2d4212cf028834c9128134a15b062eb6f0ce6cf43c7f01ea11489,be10356bb5548e7ba580c054778c2f458ff5777d05ae7f43925951e450f4962b,52f399f00119dc1a149da1a5f9751d85ad4b089f25d699e87f0c616930dc31b8,true,true,true,true,true
56,5300000,2,threshold_2_acquired_efficacy,efficacy_and_persistence,production,1/4/2/4294967296/0;1/1/1/4294967296/0,1|0|1,5,0,3,0,0,1,0,0,5,2,132a71d344d2d4212cf028834c9128134a15b062eb6f0ce6cf43c7f01ea11489,be10356bb5548e7ba580c054778c2f458ff5777d05ae7f43925951e450f4962b,52f399f00119dc1a149da1a5f9751d85ad4b089f25d699e87f0c616930dc31b8,true,true,true,true,true
57,5300000,2,threshold_3_still_insufficient,persistence_only,reference,1/4/1/4294967296/0,0|0,2,0,1,0,0,0,0,0,2,2,2631b44293af4bbfbfac3fb4c04d236cca88a9e8ae8598897c5d21114e035c12,ec744c9d466a34c48ba868944b66d3f80eeae3a7554401cb9f1901663159931c,5dffe0e2dd1c40a9ada1df872a6dd28b97680422168aaaaa908e43d1f19bb202,true,true,true,true,true
57,5300000,2,threshold_3_still_insufficient,persistence_only,production,1/4/1/4294967296/0,0|0,2,0,1,0,0,0,0,0,2,2,2631b44293af4bbfbfac3fb4c04d236cca88a9e8ae8598897c5d21114e035c12,ec744c9d466a34c48ba868944b66d3f80eeae3a7554401cb9f1901663159931c,5dffe0e2dd1c40a9ada1df872a6dd28b97680422168aaaaa908e43d1f19bb202,true,true,true,true,true
58,5300000,2,threshold_3_still_insufficient,efficacy_and_persistence,reference,1/4/2/4294967296/0,0|0,2,0,1,0,0,0,0,0,2,2,dbfe17f13658a0d10794bdef42f7d66b5e1c01f8cd385a1037a69d10a8a7f016,bba48bb062192a99d74e194cedcf9119164f1d34907c6ab35c21293ab04afdaa,4b0503be68eeaaefbfe6c835919659ade0caea2e89ee4a319bbfb10b219721d2,true,true,true,true,true
58,5300000,2,threshold_3_still_insufficient,efficacy_and_persistence,production,1/4/2/4294967296/0,0|0,2,0,1,0,0,0,0,0,2,2,dbfe17f13658a0d10794bdef42f7d66b5e1c01f8cd385a1037a69d10a8a7f016,bba48bb062192a99d74e194cedcf9119164f1d34907c6ab35c21293ab04afdaa,4b0503be68eeaaefbfe6c835919659ade0caea2e89ee4a319bbfb10b219721d2,true,true,true,true,true
59,5300000,2,threshold_2_two_physical_inputs,persistence_only,reference,1/4/1/4294967296/0;1/4/1/4294967296/0,1|1,5,0,3,0,0,1,0,0,5,2,f9d7fd7b56fd161b258b64e69d6144dc2a72df49e6a3411c843dad7d59140b68,0c1b7c0b69153af38127431b2a3f2f1e22ae42e4d321a99995216c1e4fee6b9a,f479a16430eee928a06a9c751513a62a45205aef6b2608f1341a94bc00a45486,true,true,true,true,true
59,5300000,2,threshold_2_two_physical_inputs,persistence_only,production,1/4/1/4294967296/0;1/4/1/4294967296/0,1|1,5,0,3,0,0,1,0,0,5,2,f9d7fd7b56fd161b258b64e69d6144dc2a72df49e6a3411c843dad7d59140b68,0c1b7c0b69153af38127431b2a3f2f1e22ae42e4d321a99995216c1e4fee6b9a,f479a16430eee928a06a9c751513a62a45205aef6b2608f1341a94bc00a45486,true,true,true,true,true
60,5300000,2,threshold_2_two_physical_inputs,efficacy_and_persistence,reference,1/4/1/4294967296/0;1/4/1/4294967296/0,1|1,5,0,3,0,0,1,0,0,5,2,e6cec5c5fd4a1fe5484570fee1f7afac5a3cbb44c79ea3d1469f89da8a2808ef,6192b135a2e20dd512fbddd9269ef25f684cb1a96ec7c9c4b74c44f7cdfd49f0,c19d659860305068fc46af8abe8a35d7730eacb4c662e799df7b0e473af7850e,true,true,true,true,true
60,5300000,2,threshold_2_two_physical_inputs,efficacy_and_persistence,production,1/4/1/4294967296/0;1/4/1/4294967296/0,1|1,5,0,3,0,0,1,0,0,5,2,e6cec5c5fd4a1fe5484570fee1f7afac5a3cbb44c79ea3d1469f89da8a2808ef,6192b135a2e20dd512fbddd9269ef25f684cb1a96ec7c9c4b74c44f7cdfd49f0,c19d659860305068fc46af8abe8a35d7730eacb4c662e799df7b0e473af7850e,true,true,true,true,true
61,5300000,3,cpc0_contact_locality,persistence_only,reference,1/7/1/4026531840/4026531840;1/4/1/4026531840/0,4026531840|0,6,1,4,1,0,0,0,0,8,4,37ad5d243fb9a745478b2dfba26377c493bb845e61568dd0723e20be5ea86047,5d21a241db2871bc20d007807f439ea3b70228f76a6e29f4a37a0d1813fc513c,2c1cada996aed6414968253cde82bb098346c7523f675377d092d75b45c2fc16,true,true,true,true,true
61,5300000,3,cpc0_contact_locality,persistence_only,production,1/7/1/4026531840/4026531840;1/4/1/4026531840/0,4026531840|0,6,1,4,1,0,0,0,0,8,4,37ad5d243fb9a745478b2dfba26377c493bb845e61568dd0723e20be5ea86047,5d21a241db2871bc20d007807f439ea3b70228f76a6e29f4a37a0d1813fc513c,9cb2dc4ee12e9bd00d7f8ebe9a70c4946fa95cac3e68aced1a8757a70a992a26,true,true,true,true,true
62,5300000,3,cpc0_contact_locality,efficacy_and_persistence,reference,1/7/2/4026531840/4026531840;1/4/2/4026531840/0,4026531840|0,6,1,4,1,0,0,0,0,8,4,74ac82b517c7b59d44a0bfa701709a3cfc318c4e1957e9d53d649eb5adc60c4e,25bc55597d7464edc810fef74b7495f3a557acbba932620ad296d801994f84d3,4ff6e282648f03f59a1ac2f35f61bab432dfa667958b01f31fbbbd404e2fee76,true,true,true,true,true
62,5300000,3,cpc0_contact_locality,efficacy_and_persistence,production,1/7/2/4026531840/4026531840;1/4/2/4026531840/0,4026531840|0,6,1,4,1,0,0,0,0,8,4,74ac82b517c7b59d44a0bfa701709a3cfc318c4e1957e9d53d649eb5adc60c4e,25bc55597d7464edc810fef74b7495f3a557acbba932620ad296d801994f84d3,8f953d9e665914263575f94fe0e0a9dc3585223b45e24b322c288667fe3cb472,true,true,true,true,true
63,5300000,3,cpc1_temporal_participation,persistence_only,reference,1/6/1/1979772000/4026531840;1/5/1/1979772000/1979772000;1/7/1/1979772000/3110400000;1/7/1/1979772000/3110400000;1/7/1/4542662625/7136931840,4026531840|1979772000|3110400000|3110400000|7136931840,19,5,12,5,0,0,0,0,29,15,a1633e3cde712c0dc6f1101db42aa8cabfb13365ccd13db1ca060cb38923e6df,fb20b0e89201baaa171b1f297a5c77507d0d1d8e66cd15139cd31b4940fbd950,1477617ef4b3cf48b85f4366755588ea72d8b9f1f1fbf9a3e990bbb6bf0203ef,true,true,true,true,true
63,5300000,3,cpc1_temporal_participation,persistence_only,production,1/6/1/1979772000/4026531840;1/5/1/1979772000/1979772000;1/7/1/1979772000/3110400000;1/7/1/1979772000/3110400000;1/7/1/4542662625/7136931840,4026531840|1979772000|3110400000|3110400000|7136931840,19,5,12,5,0,0,0,0,29,15,a1633e3cde712c0dc6f1101db42aa8cabfb13365ccd13db1ca060cb38923e6df,fb20b0e89201baaa171b1f297a5c77507d0d1d8e66cd15139cd31b4940fbd950,10ebee949da08d62ec9c5c57562cf9b02db5fddde1824c1ca43b4c518a7d6631,true,true,true,true,true
64,5300000,3,cpc1_temporal_participation,efficacy_and_persistence,reference,1/6/2/1979772000/4026531840;1/5/2/1979772000/1979772000;1/7/2/1979772000/3110400000;1/7/2/1979772000/3110400000;1/7/2/4542662625/7136931840,4026531840|1979772000|3110400000|3110400000|7136931840,19,5,12,5,0,0,0,0,29,15,100078ddc8d89d0d08bf130af9274921eddcd91e76e559a8ca38164108a600d3,2a81415d36bfe9ac09e04c88ed64e85eac47fafadf9ba4dc510865a3a5c2f491,58329138752dfdb3174530dd722f14c2956624d56e717f3048d26b2800c8605c,true,true,true,true,true
64,5300000,3,cpc1_temporal_participation,efficacy_and_persistence,production,1/6/2/1979772000/4026531840;1/5/2/1979772000/1979772000;1/7/2/1979772000/3110400000;1/7/2/1979772000/3110400000;1/7/2/4542662625/7136931840,4026531840|1979772000|3110400000|3110400000|7136931840,19,5,12,5,0,0,0,0,29,15,100078ddc8d89d0d08bf130af9274921eddcd91e76e559a8ca38164108a600d3,2a81415d36bfe9ac09e04c88ed64e85eac47fafadf9ba4dc510865a3a5c2f491,3490ba0d7487fee24ca9dd2eab006a6622cdccc5245aa2c209eed34a463d0bac,true,true,true,true,true
65,5300000,3,pqlc0_one_hop,persistence_only,reference,1/7/1/4026531840/4026531840,1|4026531840,5,2,4,2,1,0,0,0,10,4,9c7f1c0648f4c1db6e90731b03b6abfe1ac2530903b7ea425bfc3003cd65d6ee,82fb0c3237301212d15a38c5a0f220c0289c9ea27be2c69a4211e0c504dd0103,03fa553a2225626cc758909be4efd78d9e6311024d08ea3fcdfd8ca431b64148,true,true,true,true,true
65,5300000,3,pqlc0_one_hop,persistence_only,production,1/7/1/4026531840/4026531840,1|4026531840,5,2,4,2,1,0,0,0,10,4,9c7f1c0648f4c1db6e90731b03b6abfe1ac2530903b7ea425bfc3003cd65d6ee,82fb0c3237301212d15a38c5a0f220c0289c9ea27be2c69a4211e0c504dd0103,beff1ab53b969ad09a2647559d54fb018a7be4b58e9b69feac6d9bd0279d6bbf,true,true,true,true,true
66,5300000,3,pqlc0_one_hop,efficacy_and_persistence,reference,1/7/2/4026531840/4026531840,1|4026531840,5,2,4,2,1,0,0,0,10,4,684672311603458dbd87d50fccd38e94f2c14b66dd20498d5c57ee7a6c389cf2,bd4604d0940ebf3b52437153a33f5edae6b1d85357a12e7b40fd5b77870a0563,35c85d4b77d7c8b0992223a4b163ee783bc8733ce06c61fc94692b3dc4d976a3,true,true,true,true,true
66,5300000,3,pqlc0_one_hop,efficacy_and_persistence,production,1/7/2/4026531840/4026531840,1|4026531840,5,2,4,2,1,0,0,0,10,4,684672311603458dbd87d50fccd38e94f2c14b66dd20498d5c57ee7a6c389cf2,bd4604d0940ebf3b52437153a33f5edae6b1d85357a12e7b40fd5b77870a0563,6ad3d946d0b180010a42eb6f60d529b3a8fec8790c0795ae10b577178b6d58a5,true,true,true,true,true
67,5300000,3,pqlc1_depth_16,persistence_only,reference,1/7/1/4026531840/4026531840;1/7/1/4026531840/4026531840;1/7/1/4026531840/4026531840;1/7/1/4026531840/4026531840;1/7/1/4026531840/4026531840;1/7/1/4026531840/4026531840;1/7/1/4026531840/4026531840;1/7/1/4026531840/4026531840;1/7/1/4026531840/4026531840;1/7/1/4026531840/4026531840;1/7/1/4026531840/4026531840;1/7/1/4026531840/4026531840;1/7/1/4026531840/4026531840;1/7/1/4026531840/4026531840;1/7/1/4026531840/4026531840;1/7/1/4026531840/4026531840,16,19,16,18,16,15,0,0,0,66,4,c0d75982fc6c481508c0234aad5769826ad30cc9edf6a0f51e7768ce195ed9a1,91edb008854c66ef7cefff8c16ee47463e95230b333c09ccbc04d7de00738c70,e1e14fbf48c2eb1da017a2656d3d4a9b0dc6f31ad9332403a64982b22ecd8b16,true,true,true,true,true
67,5300000,3,pqlc1_depth_16,persistence_only,production,1/7/1/4026531840/4026531840;1/7/1/4026531840/4026531840;1/7/1/4026531840/4026531840;1/7/1/4026531840/4026531840;1/7/1/4026531840/4026531840;1/7/1/4026531840/4026531840;1/7/1/4026531840/4026531840;1/7/1/4026531840/4026531840;1/7/1/4026531840/4026531840;1/7/1/4026531840/4026531840;1/7/1/4026531840/4026531840;1/7/1/4026531840/4026531840;1/7/1/4026531840/4026531840;1/7/1/4026531840/4026531840;1/7/1/4026531840/4026531840;1/7/1/4026531840/4026531840,16,19,16,18,16,15,0,0,0,66,4,c0d75982fc6c481508c0234aad5769826ad30cc9edf6a0f51e7768ce195ed9a1,91edb008854c66ef7cefff8c16ee47463e95230b333c09ccbc04d7de00738c70,f6b5090d8d9b59287aee5fd4b644713efb8fa2792fa191a22b4740121f14cbfd,true,true,true,true,true
68,5300000,3,pqlc1_depth_16,efficacy_and_persistence,reference,1/7/2/4026531840/4026531840;1/7/2/4026531840/4026531840;1/7/2/4026531840/4026531840;1/7/2/4026531840/4026531840;1/7/2/4026531840/4026531840;1/7/2/4026531840/4026531840;1/7/2/4026531840/4026531840;1/7/2/4026531840/4026531840;1/7/2/4026531840/4026531840;1/7/2/4026531840/4026531840;1/7/2/4026531840/4026531840;1/7/2/4026531840/4026531840;1/7/2/4026531840/4026531840;1/7/2/4026531840/4026531840;1/7/2/4026531840/4026531840;1/7/2/4026531840/4026531840,16,19,16,18,16,15,0,0,0,66,4,6e3ef0173781d68bdb75b6a6e4f1402971affd505d9b0851b42794ea230d3e52,380532ccc638974f7dc8f7194895688485ebac146f9acb1c5713921c7c175fd9,6da023dac0f41dd00e7253747c4d60260c0d8b745f6d42d2f05b39c8d6c054ec,true,true,true,true,true
68,5300000,3,pqlc1_depth_16,efficacy_and_persistence,production,1/7/2/4026531840/4026531840;1/7/2/4026531840/4026531840;1/7/2/4026531840/4026531840;1/7/2/4026531840/4026531840;1/7/2/4026531840/4026531840;1/7/2/4026531840/4026531840;1/7/2/4026531840/4026531840;1/7/2/4026531840/4026531840;1/7/2/4026531840/4026531840;1/7/2/4026531840/4026531840;1/7/2/4026531840/4026531840;1/7/2/4026531840/4026531840;1/7/2/4026531840/4026531840;1/7/2/4026531840/4026531840;1/7/2/4026531840/4026531840;1/7/2/4026531840/4026531840,16,19,16,18,16,15,0,0,0,66,4,6e3ef0173781d68bdb75b6a6e4f1402971affd505d9b0851b42794ea230d3e52,380532ccc638974f7dc8f7194895688485ebac146f9acb1c5713921c7c175fd9,97b57dd8ccc956613b121ea82fb2d55948d8edfd1a3a2c1714caaa33db0be7ce,true,true,true,true,true
69,5300000,3,fd0_equal_persistence,persistence_only,reference,1/1/1/0/0;0/0/1/0/0,1|0,0,0,0,0,0,0,0,1,1,43,4f53cda18c2baa0c0354bb5f9a3ecbe5ed12ab4d8e11ba873c2f11161202b945,744cb21fcd53c9919cacd4f20806dff8a61608e07189e592537e1518ab8de6d0,d56b4858c988886bc13b7b340ca41751955e61681ba75ebeccd96392982eea24,true,true,true,true,true
69,5300000,3,fd0_equal_persistence,persistence_only,production,1/1/1/0/0;0/0/1/0/0,1|0,0,0,0,0,0,0,0,1,1,43,4f53cda18c2baa0c0354bb5f9a3ecbe5ed12ab4d8e11ba873c2f11161202b945,744cb21fcd53c9919cacd4f20806dff8a61608e07189e592537e1518ab8de6d0,166ed63862827488dab8c90d7200281b5dcccafb1620bd663f472abe19588e23,true,true,true,true,true
70,5300000,3,fd0_equal_persistence,efficacy_and_persistence,reference,1/1/2/0/0;0/0/2/0/0,1|0,0,0,0,0,0,0,0,1,1,43,4f53cda18c2baa0c0354bb5f9a3ecbe5ed12ab4d8e11ba873c2f11161202b945,fdd53932bf59840d7fedf359a5db8bf87804d154a0a1f302f74e2d38b953ef88,de3a158b649e06f161a3e9f58e6bd01d67edb66dc17306c062ee4ab53a63cb74,true,true,true,true,true
70,5300000,3,fd0_equal_persistence,efficacy_and_persistence,production,1/1/2/0/0;0/0/2/0/0,1|0,0,0,0,0,0,0,0,1,1,43,4f53cda18c2baa0c0354bb5f9a3ecbe5ed12ab4d8e11ba873c2f11161202b945,fdd53932bf59840d7fedf359a5db8bf87804d154a0a1f302f74e2d38b953ef88,761a5eb247e2514659de4236800259391d645e81ef48ad3021b98a2c9dc61c6b,true,true,true,true,true
71,5300000,3,fd1_consolidation,persistence_only,reference,1/4/1/4026531840/4026531840;1/1/1/4026531840/0,4026531840|0,5,1,3,1,0,0,0,0,7,4,0f2cf4d57c8255a679ba6ef6e5fab25fbc6dca26b2d936a3638652f265f95f0d,23059cc86a0d0f3de608bbede123bc0e190f84751e34b7e6779590c62c5a698a,ecbf94f885169d58e848ab958ef5957a0d0348874a082cc8a25d896b14451a20,true,true,true,true,true
71,5300000,3,fd1_consolidation,persistence_only,production,1/4/1/4026531840/4026531840;1/1/1/4026531840/0,4026531840|0,5,1,3,1,0,0,0,0,7,4,0f2cf4d57c8255a679ba6ef6e5fab25fbc6dca26b2d936a3638652f265f95f0d,23059cc86a0d0f3de608bbede123bc0e190f84751e34b7e6779590c62c5a698a,bdf3163284b8117f86715a3a981e4231334b58781c5a8cce50d89b8e5c13d960,true,true,true,true,true
72,5300000,3,fd1_consolidation,efficacy_and_persistence,reference,1/4/2/4026531840/4026531840;1/1/2/4026531840/0,4026531840|0,5,1,3,1,0,0,0,0,7,4,54f86c0700bf7e0ffc4d9d48bb1f4783523232c7d3b134492c09d2e0bbce50a0,16e3efda1054298d025f2d8e6dfa8f0cfc87abb8279c7450a6229fac1a848c68,429c1edc00605a400bc79e8b580c80e3f144d16959c7a13fc1c679f7eb006da8,true,true,true,true,true
72,5300000,3,fd1_consolidation,efficacy_and_persistence,production,1/4/2/4026531840/4026531840;1/1/2/4026531840/0,4026531840|0,5,1,3,1,0,0,0,0,7,4,54f86c0700bf7e0ffc4d9d48bb1f4783523232c7d3b134492c09d2e0bbce50a0,16e3efda1054298d025f2d8e6dfa8f0cfc87abb8279c7450a6229fac1a848c68,7069deb44f81959a6be81a7e2738b2848aaac99a1e17c8a37fa5e644d16f5cf6,true,true,true,true,true
73,5300000,3,threshold_1_already_executable,persistence_only,reference,1/4/1/4294967296/0,1|1,3,0,2,0,0,1,0,0,3,3,d7f4cba5fba7a8a7f1c786eb948fe66441dfafe9ce78a6192a2a2ceadc20c070,0c898e7f87eb2c6c748df5453d345ed68d6836d9a788894eeea2c2ce83e9edf7,3a896478fc410d772ed018cb72cd9feb84145143da26ad85ee73b004a9e27aef,true,true,true,true,true
73,5300000,3,threshold_1_already_executable,persistence_only,production,1/4/1/4294967296/0,1|1,3,0,2,0,0,1,0,0,3,3,d7f4cba5fba7a8a7f1c786eb948fe66441dfafe9ce78a6192a2a2ceadc20c070,0c898e7f87eb2c6c748df5453d345ed68d6836d9a788894eeea2c2ce83e9edf7,3a896478fc410d772ed018cb72cd9feb84145143da26ad85ee73b004a9e27aef,true,true,true,true,true
74,5300000,3,threshold_1_already_executable,efficacy_and_persistence,reference,1/4/2/4294967296/0,1|1,3,0,2,0,0,1,0,0,3,3,554efe44eb9f1dab968eda331b70d7ac0b9f653954d334a809c58e8c78c980eb,9eeee3cfa562d848a7dbe1aa32096afd808be08b883073102a79514446292a07,0dc3a08e7d55573b2b0241cf68e4ec398c46046252d33698a4c11d1bf51104c5,true,true,true,true,true
74,5300000,3,threshold_1_already_executable,efficacy_and_persistence,production,1/4/2/4294967296/0,1|1,3,0,2,0,0,1,0,0,3,3,554efe44eb9f1dab968eda331b70d7ac0b9f653954d334a809c58e8c78c980eb,9eeee3cfa562d848a7dbe1aa32096afd808be08b883073102a79514446292a07,0dc3a08e7d55573b2b0241cf68e4ec398c46046252d33698a4c11d1bf51104c5,true,true,true,true,true
75,5300000,3,threshold_2_acquired_efficacy,persistence_only,reference,1/4/1/4294967296/0;1/1/1/4294967296/0,0|0|0,4,0,2,0,0,0,0,0,4,3,8bd10f5f4ffffbeff4724945985d3ebc48e0b59461890787fb11c5e7c416221b,a399aaf0be1453a2ae75101af7f833f4cb0e2d9f1696e20f2c0d69b735213b45,88534fab0077719692b79f571cf1cd5ceeb17dfc301a0e9c0b38b2ab60d057a5,true,true,true,true,true
75,5300000,3,threshold_2_acquired_efficacy,persistence_only,production,1/4/1/4294967296/0;1/1/1/4294967296/0,0|0|0,4,0,2,0,0,0,0,0,4,3,8bd10f5f4ffffbeff4724945985d3ebc48e0b59461890787fb11c5e7c416221b,a399aaf0be1453a2ae75101af7f833f4cb0e2d9f1696e20f2c0d69b735213b45,88534fab0077719692b79f571cf1cd5ceeb17dfc301a0e9c0b38b2ab60d057a5,true,true,true,true,true
76,5300000,3,threshold_2_acquired_efficacy,efficacy_and_persistence,reference,1/4/2/4294967296/0;1/1/1/4294967296/0,1|0|1,5,0,3,0,0,1,0,0,5,3,b108762880ad0f4126efce2b2f1b71205d4bf2b9576de61914484c457bdd4bc1,be10356bb5548e7ba580c054778c2f458ff5777d05ae7f43925951e450f4962b,d5f47d82c42135927f01f5053ac45c961fb3c331a13bab855db662f63691894c,true,true,true,true,true
76,5300000,3,threshold_2_acquired_efficacy,efficacy_and_persistence,production,1/4/2/4294967296/0;1/1/1/4294967296/0,1|0|1,5,0,3,0,0,1,0,0,5,3,b108762880ad0f4126efce2b2f1b71205d4bf2b9576de61914484c457bdd4bc1,be10356bb5548e7ba580c054778c2f458ff5777d05ae7f43925951e450f4962b,d5f47d82c42135927f01f5053ac45c961fb3c331a13bab855db662f63691894c,true,true,true,true,true
77,5300000,3,threshold_3_still_insufficient,persistence_only,reference,1/4/1/4294967296/0,0|0,2,0,1,0,0,0,0,0,2,3,d752b00d554f981178cbdff4a0dc9ce75e34bf31913cd44cba258c3a23ad053c,ec744c9d466a34c48ba868944b66d3f80eeae3a7554401cb9f1901663159931c,1a532d79e24ed15ed70a5627d0bc921110b9522dce9e3de4da64e2ac539aee8e,true,true,true,true,true
77,5300000,3,threshold_3_still_insufficient,persistence_only,production,1/4/1/4294967296/0,0|0,2,0,1,0,0,0,0,0,2,3,d752b00d554f981178cbdff4a0dc9ce75e34bf31913cd44cba258c3a23ad053c,ec744c9d466a34c48ba868944b66d3f80eeae3a7554401cb9f1901663159931c,1a532d79e24ed15ed70a5627d0bc921110b9522dce9e3de4da64e2ac539aee8e,true,true,true,true,true
78,5300000,3,threshold_3_still_insufficient,efficacy_and_persistence,reference,1/4/2/4294967296/0,0|0,2,0,1,0,0,0,0,0,2,3,1742b6abbff055353c728b533f6588381fdba687c199bbe391ced712b9673e9d,bba48bb062192a99d74e194cedcf9119164f1d34907c6ab35c21293ab04afdaa,e5c00f5204447b5b61f8992414f200558068c4af7236d1f93d5e4a6b58689920,true,true,true,true,true
78,5300000,3,threshold_3_still_insufficient,efficacy_and_persistence,production,1/4/2/4294967296/0,0|0,2,0,1,0,0,0,0,0,2,3,1742b6abbff055353c728b533f6588381fdba687c199bbe391ced712b9673e9d,bba48bb062192a99d74e194cedcf9119164f1d34907c6ab35c21293ab04afdaa,e5c00f5204447b5b61f8992414f200558068c4af7236d1f93d5e4a6b58689920,true,true,true,true,true
79,5300000,3,threshold_2_two_physical_inputs,persistence_only,reference,1/4/1/4294967296/0;1/4/1/4294967296/0,1|1,5,0,3,0,0,1,0,0,5,3,0c21c751d359f8c848a2408437ec26003e59d3d87f19c1e1168aeabdddafcb1e,0c1b7c0b69153af38127431b2a3f2f1e22ae42e4d321a99995216c1e4fee6b9a,5fe0aa732fa01622df2afcb1fc0c5c192df6d3033ee56b0c5d55e45e43ff85f1,true,true,true,true,true
79,5300000,3,threshold_2_two_physical_inputs,persistence_only,production,1/4/1/4294967296/0;1/4/1/4294967296/0,1|1,5,0,3,0,0,1,0,0,5,3,0c21c751d359f8c848a2408437ec26003e59d3d87f19c1e1168aeabdddafcb1e,0c1b7c0b69153af38127431b2a3f2f1e22ae42e4d321a99995216c1e4fee6b9a,5fe0aa732fa01622df2afcb1fc0c5c192df6d3033ee56b0c5d55e45e43ff85f1,true,true,true,true,true
80,5300000,3,threshold_2_two_physical_inputs,efficacy_and_persistence,reference,1/4/1/4294967296/0;1/4/1/4294967296/0,1|1,5,0,3,0,0,1,0,0,5,3,3baa54f2d1dcf3faa4acd4da0906b545e51ef1132ee859d0bdfcd429ab0dd085,6192b135a2e20dd512fbddd9269ef25f684cb1a96ec7c9c4b74c44f7cdfd49f0,bcd865988d2fa0ecf9b64c75e4446e40c23875c0232f5891a10e8beda6b3245e,true,true,true,true,true
80,5300000,3,threshold_2_two_physical_inputs,efficacy_and_persistence,production,1/4/1/4294967296/0;1/4/1/4294967296/0,1|1,5,0,3,0,0,1,0,0,5,3,3baa54f2d1dcf3faa4acd4da0906b545e51ef1132ee859d0bdfcd429ab0dd085,6192b135a2e20dd512fbddd9269ef25f684cb1a96ec7c9c4b74c44f7cdfd49f0,bcd865988d2fa0ecf9b64c75e4446e40c23875c0232f5891a10e8beda6b3245e,true,true,true,true,true
81,5300000,4,cpc0_contact_locality,persistence_only,reference,1/7/1/4026531840/4026531840;1/4/1/4026531840/0,4026531840|0,6,1,4,1,0,0,0,0,8,5,ba20d8dcd2512c9c2b7e7598834db22897491394f9fa7bf70694ac1ae3b6d443,5d21a241db2871bc20d007807f439ea3b70228f76a6e29f4a37a0d1813fc513c,ab7fb1608132924da824dd2c73bbd7c1090c1c42d2bd5588a1a955d8443258f3,true,true,true,true,true
81,5300000,4,cpc0_contact_locality,persistence_only,production,1/7/1/4026531840/4026531840;1/4/1/4026531840/0,4026531840|0,6,1,4,1,0,0,0,0,8,5,ba20d8dcd2512c9c2b7e7598834db22897491394f9fa7bf70694ac1ae3b6d443,5d21a241db2871bc20d007807f439ea3b70228f76a6e29f4a37a0d1813fc513c,6fc25c0db36c6df5df4d0a82a99cb78f68f75f359ed0a48b691a15f0b5f135a3,true,true,true,true,true
82,5300000,4,cpc0_contact_locality,efficacy_and_persistence,reference,1/7/2/4026531840/4026531840;1/4/2/4026531840/0,4026531840|0,6,1,4,1,0,0,0,0,8,5,0ef7034089358f488ea224db8fe8f7e0d08e09212701100c89731a9e06431124,25bc55597d7464edc810fef74b7495f3a557acbba932620ad296d801994f84d3,2da595feed79e3b282b61125939a66f8446c6883fef29d52172e448c6f1db361,true,true,true,true,true
82,5300000,4,cpc0_contact_locality,efficacy_and_persistence,production,1/7/2/4026531840/4026531840;1/4/2/4026531840/0,4026531840|0,6,1,4,1,0,0,0,0,8,5,0ef7034089358f488ea224db8fe8f7e0d08e09212701100c89731a9e06431124,25bc55597d7464edc810fef74b7495f3a557acbba932620ad296d801994f84d3,aa3c392a91440c893ced0b478a469dd009e1249c709eb8f31d096ad8744b4897,true,true,true,true,true
83,5300000,4,cpc1_temporal_participation,persistence_only,reference,1/6/1/1979772000/4026531840;1/5/1/1979772000/1979772000;1/7/1/1979772000/3110400000;1/7/1/1979772000/3110400000;1/7/1/4542662625/7136931840,4026531840|1979772000|3110400000|3110400000|7136931840,19,5,12,5,0,0,0,0,29,16,b9b26d56a86e858dd54278c63d6b1b5a466f666eb9eded3afe50a31dd061a1b8,fb20b0e89201baaa171b1f297a5c77507d0d1d8e66cd15139cd31b4940fbd950,9659289cec4698a9eda5c4c8d28e1a68a10e3c49f388c4b89725e7a32bd5fb64,true,true,true,true,true
83,5300000,4,cpc1_temporal_participation,persistence_only,production,1/6/1/1979772000/4026531840;1/5/1/1979772000/1979772000;1/7/1/1979772000/3110400000;1/7/1/1979772000/3110400000;1/7/1/4542662625/7136931840,4026531840|1979772000|3110400000|3110400000|7136931840,19,5,12,5,0,0,0,0,29,16,b9b26d56a86e858dd54278c63d6b1b5a466f666eb9eded3afe50a31dd061a1b8,fb20b0e89201baaa171b1f297a5c77507d0d1d8e66cd15139cd31b4940fbd950,103ec87f89b3904ce8f48c5aa423fc299eb4ebe01d8d16365def5c121fc00ebd,true,true,true,true,true
84,5300000,4,cpc1_temporal_participation,efficacy_and_persistence,reference,1/6/2/1979772000/4026531840;1/5/2/1979772000/1979772000;1/7/2/1979772000/3110400000;1/7/2/1979772000/3110400000;1/7/2/4542662625/7136931840,4026531840|1979772000|3110400000|3110400000|7136931840,19,5,12,5,0,0,0,0,29,16,6e85106663f864f5bde4460335f3096f1a8be08fedcdc14f7fa71d1c92dace10,2a81415d36bfe9ac09e04c88ed64e85eac47fafadf9ba4dc510865a3a5c2f491,f4b1b70cfd9f30bccc87e5b6c624b0c054d634aca5a8673046d7b724aada173c,true,true,true,true,true
84,5300000,4,cpc1_temporal_participation,efficacy_and_persistence,production,1/6/2/1979772000/4026531840;1/5/2/1979772000/1979772000;1/7/2/1979772000/3110400000;1/7/2/1979772000/3110400000;1/7/2/4542662625/7136931840,4026531840|1979772000|3110400000|3110400000|7136931840,19,5,12,5,0,0,0,0,29,16,6e85106663f864f5bde4460335f3096f1a8be08fedcdc14f7fa71d1c92dace10,2a81415d36bfe9ac09e04c88ed64e85eac47fafadf9ba4dc510865a3a5c2f491,6a8b41c8a7711ca85841349278e7bf91b2006e5351a612cdad25ba4c31e94d68,true,true,true,true,true
85,5300000,4,pqlc0_one_hop,persistence_only,reference,1/7/1/4026531840/4026531840,1|4026531840,5,2,4,2,1,0,0,0,10,5,59a990d71ecbf01997f00b0f9c24374acc385646d35d89a067d4312376b17203,82fb0c3237301212d15a38c5a0f220c0289c9ea27be2c69a4211e0c504dd0103,26e7e028e79c58a8fa6e046a8b701c02f877a433e7ddd9b4ec5185c8e5e74e24,true,true,true,true,true
85,5300000,4,pqlc0_one_hop,persistence_only,production,1/7/1/4026531840/4026531840,1|4026531840,5,2,4,2,1,0,0,0,10,5,59a990d71ecbf01997f00b0f9c24374acc385646d35d89a067d4312376b17203,82fb0c3237301212d15a38c5a0f220c0289c9ea27be2c69a4211e0c504dd0103,0984fe93d454dedb9f5715c17066307aff7e7e8713a06eece62dbc7b86cc0cc4,true,true,true,true,true
86,5300000,4,pqlc0_one_hop,efficacy_and_persistence,reference,1/7/2/4026531840/4026531840,1|4026531840,5,2,4,2,1,0,0,0,10,5,adf185efc7a44b837a5ff1a9bbcd2fbe3c3cb537ffa5b61079b202614b080c74,bd4604d0940ebf3b52437153a33f5edae6b1d85357a12e7b40fd5b77870a0563,83f1126e60ca3b9716e8f9aa6af3fa57489805d57079eb62ec36acdca0c445d3,true,true,true,true,true
86,5300000,4,pqlc0_one_hop,efficacy_and_persistence,production,1/7/2/4026531840/4026531840,1|4026531840,5,2,4,2,1,0,0,0,10,5,adf185efc7a44b837a5ff1a9bbcd2fbe3c3cb537ffa5b61079b202614b080c74,bd4604d0940ebf3b52437153a33f5edae6b1d85357a12e7b40fd5b77870a0563,41752a5e57f74afdb32de8592278079902939063f596a295278175a209ffc0fc,true,true,true,true,true
87,5300000,4,pqlc1_depth_16,persistence_only,reference,1/7/1/4026531840/4026531840;1/7/1/4026531840/4026531840;1/7/1/4026531840/4026531840;1/7/1/4026531840/4026531840;1/7/1/4026531840/4026531840;1/7/1/4026531840/4026531840;1/7/1/4026531840/4026531840;1/7/1/4026531840/4026531840;1/7/1/4026531840/4026531840;1/7/1/4026531840/4026531840;1/7/1/4026531840/4026531840;1/7/1/4026531840/4026531840;1/7/1/4026531840/4026531840;1/7/1/4026531840/4026531840;1/7/1/4026531840/4026531840;1/7/1/4026531840/4026531840,16,19,16,18,16,15,0,0,0,66,5,6c4d2ec95124ecf85d4216eaf480f170f4c69bb849e60dc76d15106e3a363823,91edb008854c66ef7cefff8c16ee47463e95230b333c09ccbc04d7de00738c70,41cae4e4952403fcfb88363c40f91c38abf4028f57ca5f1c37636add21ced729,true,true,true,true,true
87,5300000,4,pqlc1_depth_16,persistence_only,production,1/7/1/4026531840/4026531840;1/7/1/4026531840/4026531840;1/7/1/4026531840/4026531840;1/7/1/4026531840/4026531840;1/7/1/4026531840/4026531840;1/7/1/4026531840/4026531840;1/7/1/4026531840/4026531840;1/7/1/4026531840/4026531840;1/7/1/4026531840/4026531840;1/7/1/4026531840/4026531840;1/7/1/4026531840/4026531840;1/7/1/4026531840/4026531840;1/7/1/4026531840/4026531840;1/7/1/4026531840/4026531840;1/7/1/4026531840/4026531840;1/7/1/4026531840/4026531840,16,19,16,18,16,15,0,0,0,66,5,6c4d2ec95124ecf85d4216eaf480f170f4c69bb849e60dc76d15106e3a363823,91edb008854c66ef7cefff8c16ee47463e95230b333c09ccbc04d7de00738c70,3b6b1297ecc0818591ec2a4c3edfdf9b0a0ba8f9f5c8b0ca492540c668fa3ead,true,true,true,true,true
88,5300000,4,pqlc1_depth_16,efficacy_and_persistence,reference,1/7/2/4026531840/4026531840;1/7/2/4026531840/4026531840;1/7/2/4026531840/4026531840;1/7/2/4026531840/4026531840;1/7/2/4026531840/4026531840;1/7/2/4026531840/4026531840;1/7/2/4026531840/4026531840;1/7/2/4026531840/4026531840;1/7/2/4026531840/4026531840;1/7/2/4026531840/4026531840;1/7/2/4026531840/4026531840;1/7/2/4026531840/4026531840;1/7/2/4026531840/4026531840;1/7/2/4026531840/4026531840;1/7/2/4026531840/4026531840;1/7/2/4026531840/4026531840,16,19,16,18,16,15,0,0,0,66,5,d622699bcdf0c7b96c3b579bb8141b0dbda88b9df2a8205a09828a7479cd9ac2,380532ccc638974f7dc8f7194895688485ebac146f9acb1c5713921c7c175fd9,302797a71d5f1bf74f258a6f1fbbc5fd2093339da7b8dd7132e02a7e4e8fe1ae,true,true,true,true,true
88,5300000,4,pqlc1_depth_16,efficacy_and_persistence,production,1/7/2/4026531840/4026531840;1/7/2/4026531840/4026531840;1/7/2/4026531840/4026531840;1/7/2/4026531840/4026531840;1/7/2/4026531840/4026531840;1/7/2/4026531840/4026531840;1/7/2/4026531840/4026531840;1/7/2/4026531840/4026531840;1/7/2/4026531840/4026531840;1/7/2/4026531840/4026531840;1/7/2/4026531840/4026531840;1/7/2/4026531840/4026531840;1/7/2/4026531840/4026531840;1/7/2/4026531840/4026531840;1/7/2/4026531840/4026531840;1/7/2/4026531840/4026531840,16,19,16,18,16,15,0,0,0,66,5,d622699bcdf0c7b96c3b579bb8141b0dbda88b9df2a8205a09828a7479cd9ac2,380532ccc638974f7dc8f7194895688485ebac146f9acb1c5713921c7c175fd9,dabf23d6a9a316d6198a83f73f3a3187ebb872c6cbfcb61477143a3c4bcaa9f0,true,true,true,true,true
89,5300000,4,fd0_equal_persistence,persistence_only,reference,1/1/1/0/0;0/0/1/0/0,1|0,0,0,0,0,0,0,0,1,1,44,4f53cda18c2baa0c0354bb5f9a3ecbe5ed12ab4d8e11ba873c2f11161202b945,744cb21fcd53c9919cacd4f20806dff8a61608e07189e592537e1518ab8de6d0,e94390d976d7768fd3d6398b43fe82b37803e4b7c7e14716c83e7ede67643502,true,true,true,true,true
89,5300000,4,fd0_equal_persistence,persistence_only,production,1/1/1/0/0;0/0/1/0/0,1|0,0,0,0,0,0,0,0,1,1,44,4f53cda18c2baa0c0354bb5f9a3ecbe5ed12ab4d8e11ba873c2f11161202b945,744cb21fcd53c9919cacd4f20806dff8a61608e07189e592537e1518ab8de6d0,b5d23cf7558acadfdb8461140c45acbef36566efd5397ec707e516d599c93174,true,true,true,true,true
90,5300000,4,fd0_equal_persistence,efficacy_and_persistence,reference,1/1/2/0/0;0/0/2/0/0,1|0,0,0,0,0,0,0,0,1,1,44,4f53cda18c2baa0c0354bb5f9a3ecbe5ed12ab4d8e11ba873c2f11161202b945,fdd53932bf59840d7fedf359a5db8bf87804d154a0a1f302f74e2d38b953ef88,f6b064345c72f0769be4944f2e10cf28b6f21ec560cd311767ef2a3d2d0a19bd,true,true,true,true,true
90,5300000,4,fd0_equal_persistence,efficacy_and_persistence,production,1/1/2/0/0;0/0/2/0/0,1|0,0,0,0,0,0,0,0,1,1,44,4f53cda18c2baa0c0354bb5f9a3ecbe5ed12ab4d8e11ba873c2f11161202b945,fdd53932bf59840d7fedf359a5db8bf87804d154a0a1f302f74e2d38b953ef88,a021bb50e9f01e073c419d8544216e84c7b9928bd6c1ddb8a6de860b744d3fde,true,true,true,true,true
91,5300000,4,fd1_consolidation,persistence_only,reference,1/4/1/4026531840/4026531840;1/1/1/4026531840/0,4026531840|0,5,1,3,1,0,0,0,0,7,5,06ada500634afca1e92b06717a363885959208483fa5c0e7437df82002c24868,23059cc86a0d0f3de608bbede123bc0e190f84751e34b7e6779590c62c5a698a,36e3a40176666e386375ecc53727c10cb844c1f22af6be5f1134af9555fcb372,true,true,true,true,true
91,5300000,4,fd1_consolidation,persistence_only,production,1/4/1/4026531840/4026531840;1/1/1/4026531840/0,4026531840|0,5,1,3,1,0,0,0,0,7,5,06ada500634afca1e92b06717a363885959208483fa5c0e7437df82002c24868,23059cc86a0d0f3de608bbede123bc0e190f84751e34b7e6779590c62c5a698a,1636888499398506c25ff3cc95a4d92a06415a9d080e4350e8262e491d3f0f4e,true,true,true,true,true
92,5300000,4,fd1_consolidation,efficacy_and_persistence,reference,1/4/2/4026531840/4026531840;1/1/2/4026531840/0,4026531840|0,5,1,3,1,0,0,0,0,7,5,73e7e78c82ad43bbcdce868f10fabafca84090d45d40c43e3c742990fd41b276,16e3efda1054298d025f2d8e6dfa8f0cfc87abb8279c7450a6229fac1a848c68,2308a4f23730fac02bebd287ffca6476366641b0958fccedf286ab2b44a70466,true,true,true,true,true
92,5300000,4,fd1_consolidation,efficacy_and_persistence,production,1/4/2/4026531840/4026531840;1/1/2/4026531840/0,4026531840|0,5,1,3,1,0,0,0,0,7,5,73e7e78c82ad43bbcdce868f10fabafca84090d45d40c43e3c742990fd41b276,16e3efda1054298d025f2d8e6dfa8f0cfc87abb8279c7450a6229fac1a848c68,dc7e945a6b27112c8dbf2b5fe6ddb38853b6d14932011462edc4d92b557367a9,true,true,true,true,true
93,5300000,4,threshold_1_already_executable,persistence_only,reference,1/4/1/4294967296/0,1|1,3,0,2,0,0,1,0,0,3,4,12d47ee0e2f3b3f839a68753f97816f1038c00417c537c036231421810e76164,0c898e7f87eb2c6c748df5453d345ed68d6836d9a788894eeea2c2ce83e9edf7,4ec6b1e4c0174e281081120a22683d892f7f6f745f8ca210f7cc9c640367b662,true,true,true,true,true
93,5300000,4,threshold_1_already_executable,persistence_only,production,1/4/1/4294967296/0,1|1,3,0,2,0,0,1,0,0,3,4,12d47ee0e2f3b3f839a68753f97816f1038c00417c537c036231421810e76164,0c898e7f87eb2c6c748df5453d345ed68d6836d9a788894eeea2c2ce83e9edf7,4ec6b1e4c0174e281081120a22683d892f7f6f745f8ca210f7cc9c640367b662,true,true,true,true,true
94,5300000,4,threshold_1_already_executable,efficacy_and_persistence,reference,1/4/2/4294967296/0,1|1,3,0,2,0,0,1,0,0,3,4,71579fb37195162de9da9c6cd0a4030dbffabadfdfb98ec7155030386018a6bd,9eeee3cfa562d848a7dbe1aa32096afd808be08b883073102a79514446292a07,2522e7a8e077696284f463ba1d5acc2a296f3126975b35e65938e7792ce18f80,true,true,true,true,true
94,5300000,4,threshold_1_already_executable,efficacy_and_persistence,production,1/4/2/4294967296/0,1|1,3,0,2,0,0,1,0,0,3,4,71579fb37195162de9da9c6cd0a4030dbffabadfdfb98ec7155030386018a6bd,9eeee3cfa562d848a7dbe1aa32096afd808be08b883073102a79514446292a07,2522e7a8e077696284f463ba1d5acc2a296f3126975b35e65938e7792ce18f80,true,true,true,true,true
95,5300000,4,threshold_2_acquired_efficacy,persistence_only,reference,1/4/1/4294967296/0;1/1/1/4294967296/0,0|0|0,4,0,2,0,0,0,0,0,4,4,7fd037dee2ea8a06adc3350bed5ee8173188b978dc6d25a16d244b5bcc60bb9e,a399aaf0be1453a2ae75101af7f833f4cb0e2d9f1696e20f2c0d69b735213b45,62a6aa44bd0de436546862aadd7aeced7d85a2931ce95e8a41db38d19384b9cf,true,true,true,true,true
95,5300000,4,threshold_2_acquired_efficacy,persistence_only,production,1/4/1/4294967296/0;1/1/1/4294967296/0,0|0|0,4,0,2,0,0,0,0,0,4,4,7fd037dee2ea8a06adc3350bed5ee8173188b978dc6d25a16d244b5bcc60bb9e,a399aaf0be1453a2ae75101af7f833f4cb0e2d9f1696e20f2c0d69b735213b45,62a6aa44bd0de436546862aadd7aeced7d85a2931ce95e8a41db38d19384b9cf,true,true,true,true,true
96,5300000,4,threshold_2_acquired_efficacy,efficacy_and_persistence,reference,1/4/2/4294967296/0;1/1/1/4294967296/0,1|0|1,5,0,3,0,0,1,0,0,5,4,998112548142e6a39c1cfe608221bf141d0b4e309b2ce7edbe617ece918b2d14,be10356bb5548e7ba580c054778c2f458ff5777d05ae7f43925951e450f4962b,9fb7038100d09e58ade9b13329cdebaf2bc506ee15de162b6b6ca11f356003f7,true,true,true,true,true
96,5300000,4,threshold_2_acquired_efficacy,efficacy_and_persistence,production,1/4/2/4294967296/0;1/1/1/4294967296/0,1|0|1,5,0,3,0,0,1,0,0,5,4,998112548142e6a39c1cfe608221bf141d0b4e309b2ce7edbe617ece918b2d14,be10356bb5548e7ba580c054778c2f458ff5777d05ae7f43925951e450f4962b,9fb7038100d09e58ade9b13329cdebaf2bc506ee15de162b6b6ca11f356003f7,true,true,true,true,true
97,5300000,4,threshold_3_still_insufficient,persistence_only,reference,1/4/1/4294967296/0,0|0,2,0,1,0,0,0,0,0,2,4,4e97ecb7535760be33c119c3b19b38a3c71bb2956845bdb1fae80524cf7df75a,ec744c9d466a34c48ba868944b66d3f80eeae3a7554401cb9f1901663159931c,855fd3a7e277f79853320eb645dd4d3c7fe44d1be3cebb0a2a2a6d094c4e1466,true,true,true,true,true
97,5300000,4,threshold_3_still_insufficient,persistence_only,production,1/4/1/4294967296/0,0|0,2,0,1,0,0,0,0,0,2,4,4e97ecb7535760be33c119c3b19b38a3c71bb2956845bdb1fae80524cf7df75a,ec744c9d466a34c48ba868944b66d3f80eeae3a7554401cb9f1901663159931c,855fd3a7e277f79853320eb645dd4d3c7fe44d1be3cebb0a2a2a6d094c4e1466,true,true,true,true,true
98,5300000,4,threshold_3_still_insufficient,efficacy_and_persistence,reference,1/4/2/4294967296/0,0|0,2,0,1,0,0,0,0,0,2,4,833364aa35e55618a02c7430d2f69e90e16fcf7148e22d0e9ddfaa58bc066a68,bba48bb062192a99d74e194cedcf9119164f1d34907c6ab35c21293ab04afdaa,2ff0c634c69c6fb7afdb8db195f2c64414a2b68e548e71c7d4636718a37cfadb,true,true,true,true,true
98,5300000,4,threshold_3_still_insufficient,efficacy_and_persistence,production,1/4/2/4294967296/0,0|0,2,0,1,0,0,0,0,0,2,4,833364aa35e55618a02c7430d2f69e90e16fcf7148e22d0e9ddfaa58bc066a68,bba48bb062192a99d74e194cedcf9119164f1d34907c6ab35c21293ab04afdaa,2ff0c634c69c6fb7afdb8db195f2c64414a2b68e548e71c7d4636718a37cfadb,true,true,true,true,true
99,5300000,4,threshold_2_two_physical_inputs,persistence_only,reference,1/4/1/4294967296/0;1/4/1/4294967296/0,1|1,5,0,3,0,0,1,0,0,5,4,308b3d1ae2d0b984cbed8d6c42e25b2e726942090a452252c48c78bcc4fb48cb,0c1b7c0b69153af38127431b2a3f2f1e22ae42e4d321a99995216c1e4fee6b9a,8597e9795089eb19b3055d23132e5bac7d571ef3fe9f88a302c4ec8264e9beee,true,true,true,true,true
99,5300000,4,threshold_2_two_physical_inputs,persistence_only,production,1/4/1/4294967296/0;1/4/1/4294967296/0,1|1,5,0,3,0,0,1,0,0,5,4,308b3d1ae2d0b984cbed8d6c42e25b2e726942090a452252c48c78bcc4fb48cb,0c1b7c0b69153af38127431b2a3f2f1e22ae42e4d321a99995216c1e4fee6b9a,8597e9795089eb19b3055d23132e5bac7d571ef3fe9f88a302c4ec8264e9beee,true,true,true,true,true
100,5300000,4,threshold_2_two_physical_inputs,efficacy_and_persistence,reference,1/4/1/4294967296/0;1/4/1/4294967296/0,1|1,5,0,3,0,0,1,0,0,5,4,213cdfa630222c990b5bcf997eecf10089f9d2bb3fc78b2710121fe6260cc8dd,6192b135a2e20dd512fbddd9269ef25f684cb1a96ec7c9c4b74c44f7cdfd49f0,14643d53dab07ba2ac9d985b45edabe71b0a6f86ad59537ea8b0630deac82f61,true,true,true,true,true
100,5300000,4,threshold_2_two_physical_inputs,efficacy_and_persistence,production,1/4/1/4294967296/0;1/4/1/4294967296/0,1|1,5,0,3,0,0,1,0,0,5,4,213cdfa630222c990b5bcf997eecf10089f9d2bb3fc78b2710121fe6260cc8dd,6192b135a2e20dd512fbddd9269ef25f684cb1a96ec7c9c4b74c44f7cdfd49f0,14643d53dab07ba2ac9d985b45edabe71b0a6f86ad59537ea8b0630deac82f61,true,true,true,true,true
101,5300000,5,cpc0_contact_locality,persistence_only,reference,1/7/1/4026531840/4026531840;1/4/1/4026531840/0,4026531840|0,6,1,4,1,0,0,0,0,8,6,8e6ea49f38f40f7cdd010408e76883b50ece694bb751633113b2779798f403e9,5d21a241db2871bc20d007807f439ea3b70228f76a6e29f4a37a0d1813fc513c,29525e772f957f54343291d5cb99da6a521f194d593c5f2036d8f73e17e62e1f,true,true,true,true,true
101,5300000,5,cpc0_contact_locality,persistence_only,production,1/7/1/4026531840/4026531840;1/4/1/4026531840/0,4026531840|0,6,1,4,1,0,0,0,0,8,6,8e6ea49f38f40f7cdd010408e76883b50ece694bb751633113b2779798f403e9,5d21a241db2871bc20d007807f439ea3b70228f76a6e29f4a37a0d1813fc513c,e0aeedc6fa7bc8e46cb5ef813276472f750471753533523a1753b3197a303e90,true,true,true,true,true
102,5300000,5,cpc0_contact_locality,efficacy_and_persistence,reference,1/7/2/4026531840/4026531840;1/4/2/4026531840/0,4026531840|0,6,1,4,1,0,0,0,0,8,6,2303a29cb758fa39a83560ac03f6cac1d2d986facc78e1bf4e11b591d803e2c7,25bc55597d7464edc810fef74b7495f3a557acbba932620ad296d801994f84d3,7d00b1b1b0c0f65df1467fc69f1fe19686d38e68ca899a7ef29653287216e03f,true,true,true,true,true
102,5300000,5,cpc0_contact_locality,efficacy_and_persistence,production,1/7/2/4026531840/4026531840;1/4/2/4026531840/0,4026531840|0,6,1,4,1,0,0,0,0,8,6,2303a29cb758fa39a83560ac03f6cac1d2d986facc78e1bf4e11b591d803e2c7,25bc55597d7464edc810fef74b7495f3a557acbba932620ad296d801994f84d3,1baa2045b833e96f274c4c61f50021fbaad4c687993411163940009486f469b4,true,true,true,true,true
103,5300000,5,cpc1_temporal_participation,persistence_only,reference,1/6/1/1979772000/4026531840;1/5/1/1979772000/1979772000;1/7/1/1979772000/3110400000;1/7/1/1979772000/3110400000;1/7/1/4542662625/7136931840,4026531840|1979772000|3110400000|3110400000|7136931840,19,5,12,5,0,0,0,0,29,17,e5d9ec07935f2b76d02aac08aba7a5e766ff5ab5bf348f934b7d42b83ba45571,fb20b0e89201baaa171b1f297a5c77507d0d1d8e66cd15139cd31b4940fbd950,e0567a1c92feb755195c29575f310f0329fec650d5d93150beb73867566a773e,true,true,true,true,true
103,5300000,5,cpc1_temporal_participation,persistence_only,production,1/6/1/1979772000/4026531840;1/5/1/1979772000/1979772000;1/7/1/1979772000/3110400000;1/7/1/1979772000/3110400000;1/7/1/4542662625/7136931840,4026531840|1979772000|3110400000|3110400000|7136931840,19,5,12,5,0,0,0,0,29,17,e5d9ec07935f2b76d02aac08aba7a5e766ff5ab5bf348f934b7d42b83ba45571,fb20b0e89201baaa171b1f297a5c77507d0d1d8e66cd15139cd31b4940fbd950,e3bc9150fe400bdae74f54f90bc2b20e00156960329fe9f5f44749ce90138e19,true,true,true,true,true
104,5300000,5,cpc1_temporal_participation,efficacy_and_persistence,reference,1/6/2/1979772000/4026531840;1/5/2/1979772000/1979772000;1/7/2/1979772000/3110400000;1/7/2/1979772000/3110400000;1/7/2/4542662625/7136931840,4026531840|1979772000|3110400000|3110400000|7136931840,19,5,12,5,0,0,0,0,29,17,eae536485c05b30b238db7cb578de9c6d8e532fc43459d15d49a62e287235720,2a81415d36bfe9ac09e04c88ed64e85eac47fafadf9ba4dc510865a3a5c2f491,d84efd3891a50cd04e70c60a6f33702beb2931afb33d70901f3023f05f4ff472,true,true,true,true,true
104,5300000,5,cpc1_temporal_participation,efficacy_and_persistence,production,1/6/2/1979772000/4026531840;1/5/2/1979772000/1979772000;1/7/2/1979772000/3110400000;1/7/2/1979772000/3110400000;1/7/2/4542662625/7136931840,4026531840|1979772000|3110400000|3110400000|7136931840,19,5,12,5,0,0,0,0,29,17,eae536485c05b30b238db7cb578de9c6d8e532fc43459d15d49a62e287235720,2a81415d36bfe9ac09e04c88ed64e85eac47fafadf9ba4dc510865a3a5c2f491,cd9eba1ed81f337b6b196843ac4c3df3de5e0513e6e4f5316fc27ba77351463f,true,true,true,true,true
105,5300000,5,pqlc0_one_hop,persistence_only,reference,1/7/1/4026531840/4026531840,1|4026531840,5,2,4,2,1,0,0,0,10,6,d5d52a04b6d807e3df50974cd04f0ac3a38f27730aafa7f5fa6a7d761652e00a,82fb0c3237301212d15a38c5a0f220c0289c9ea27be2c69a4211e0c504dd0103,46a4401433244d907b1cb6aefff696851c80d9d90378b434b9c5692e0f965b88,true,true,true,true,true
105,5300000,5,pqlc0_one_hop,persistence_only,production,1/7/1/4026531840/4026531840,1|4026531840,5,2,4,2,1,0,0,0,10,6,d5d52a04b6d807e3df50974cd04f0ac3a38f27730aafa7f5fa6a7d761652e00a,82fb0c3237301212d15a38c5a0f220c0289c9ea27be2c69a4211e0c504dd0103,3f4d07b94c07b3f1bbc18cee25e0a8abde26e064be66f142e2d8ff9db8f0840f,true,true,true,true,true
106,5300000,5,pqlc0_one_hop,efficacy_and_persistence,reference,1/7/2/4026531840/4026531840,1|4026531840,5,2,4,2,1,0,0,0,10,6,68a01f120d070530585abbdae298aa9498de7c4f914629033005c191026e56fe,bd4604d0940ebf3b52437153a33f5edae6b1d85357a12e7b40fd5b77870a0563,d2f3784660e679d4ce03267e0735d3371be033b637fbccce3aa458b9fc03cb79,true,true,true,true,true
106,5300000,5,pqlc0_one_hop,efficacy_and_persistence,production,1/7/2/4026531840/4026531840,1|4026531840,5,2,4,2,1,0,0,0,10,6,68a01f120d070530585abbdae298aa9498de7c4f914629033005c191026e56fe,bd4604d0940ebf3b52437153a33f5edae6b1d85357a12e7b40fd5b77870a0563,73deabea7df4aa2b09052d24f12dac15e29ec52a9e7f4abd68a41fe3bfc2b236,true,true,true,true,true
107,5300000,5,pqlc1_depth_16,persistence_only,reference,1/7/1/4026531840/4026531840;1/7/1/4026531840/4026531840;1/7/1/4026531840/4026531840;1/7/1/4026531840/4026531840;1/7/1/4026531840/4026531840;1/7/1/4026531840/4026531840;1/7/1/4026531840/4026531840;1/7/1/4026531840/4026531840;1/7/1/4026531840/4026531840;1/7/1/4026531840/4026531840;1/7/1/4026531840/4026531840;1/7/1/4026531840/4026531840;1/7/1/4026531840/4026531840;1/7/1/4026531840/4026531840;1/7/1/4026531840/4026531840;1/7/1/4026531840/4026531840,16,19,16,18,16,15,0,0,0,66,6,622f4822625e448f98fcbf075c1a6a4760bfe7690655c418d94c0ea2b2be7856,91edb008854c66ef7cefff8c16ee47463e95230b333c09ccbc04d7de00738c70,730798168418eb2ba58102b6d03a3cf1928a2a0a81a1a7164e6fe636deb32375,true,true,true,true,true
107,5300000,5,pqlc1_depth_16,persistence_only,production,1/7/1/4026531840/4026531840;1/7/1/4026531840/4026531840;1/7/1/4026531840/4026531840;1/7/1/4026531840/4026531840;1/7/1/4026531840/4026531840;1/7/1/4026531840/4026531840;1/7/1/4026531840/4026531840;1/7/1/4026531840/4026531840;1/7/1/4026531840/4026531840;1/7/1/4026531840/4026531840;1/7/1/4026531840/4026531840;1/7/1/4026531840/4026531840;1/7/1/4026531840/4026531840;1/7/1/4026531840/4026531840;1/7/1/4026531840/4026531840;1/7/1/4026531840/4026531840,16,19,16,18,16,15,0,0,0,66,6,622f4822625e448f98fcbf075c1a6a4760bfe7690655c418d94c0ea2b2be7856,91edb008854c66ef7cefff8c16ee47463e95230b333c09ccbc04d7de00738c70,18c5c71246485061a53fc2e37717301b32d93076fbe21dbe18bf97e7dee726aa,true,true,true,true,true
108,5300000,5,pqlc1_depth_16,efficacy_and_persistence,reference,1/7/2/4026531840/4026531840;1/7/2/4026531840/4026531840;1/7/2/4026531840/4026531840;1/7/2/4026531840/4026531840;1/7/2/4026531840/4026531840;1/7/2/4026531840/4026531840;1/7/2/4026531840/4026531840;1/7/2/4026531840/4026531840;1/7/2/4026531840/4026531840;1/7/2/4026531840/4026531840;1/7/2/4026531840/4026531840;1/7/2/4026531840/4026531840;1/7/2/4026531840/4026531840;1/7/2/4026531840/4026531840;1/7/2/4026531840/4026531840;1/7/2/4026531840/4026531840,16,19,16,18,16,15,0,0,0,66,6,bf776e04066bbf054196ef02b0491859ed27a8c45a06bb453b9d1c6b79759cc4,380532ccc638974f7dc8f7194895688485ebac146f9acb1c5713921c7c175fd9,0ac585de171fe32555ceb7bae4b0aa6b7e52b0aeaa930bed9b9738279a082314,true,true,true,true,true
108,5300000,5,pqlc1_depth_16,efficacy_and_persistence,production,1/7/2/4026531840/4026531840;1/7/2/4026531840/4026531840;1/7/2/4026531840/4026531840;1/7/2/4026531840/4026531840;1/7/2/4026531840/4026531840;1/7/2/4026531840/4026531840;1/7/2/4026531840/4026531840;1/7/2/4026531840/4026531840;1/7/2/4026531840/4026531840;1/7/2/4026531840/4026531840;1/7/2/4026531840/4026531840;1/7/2/4026531840/4026531840;1/7/2/4026531840/4026531840;1/7/2/4026531840/4026531840;1/7/2/4026531840/4026531840;1/7/2/4026531840/4026531840,16,19,16,18,16,15,0,0,0,66,6,bf776e04066bbf054196ef02b0491859ed27a8c45a06bb453b9d1c6b79759cc4,380532ccc638974f7dc8f7194895688485ebac146f9acb1c5713921c7c175fd9,fa64b7197ac3806524de992b60643436bb15c01e08cbc67ad958e2451411c26a,true,true,true,true,true
109,5300000,5,fd0_equal_persistence,persistence_only,reference,1/1/1/0/0;0/0/1/0/0,1|0,0,0,0,0,0,0,0,1,1,45,4f53cda18c2baa0c0354bb5f9a3ecbe5ed12ab4d8e11ba873c2f11161202b945,744cb21fcd53c9919cacd4f20806dff8a61608e07189e592537e1518ab8de6d0,5d8080adcb4b5da55e68af544f0049e5cda3be8ad20073a19d2a60b8d98b4ab8,true,true,true,true,true
109,5300000,5,fd0_equal_persistence,persistence_only,production,1/1/1/0/0;0/0/1/0/0,1|0,0,0,0,0,0,0,0,1,1,45,4f53cda18c2baa0c0354bb5f9a3ecbe5ed12ab4d8e11ba873c2f11161202b945,744cb21fcd53c9919cacd4f20806dff8a61608e07189e592537e1518ab8de6d0,7be982222645b98012bbc0bee453b9abef42df04ab0111e0cd3fe9c61ed13dbb,true,true,true,true,true
110,5300000,5,fd0_equal_persistence,efficacy_and_persistence,reference,1/1/2/0/0;0/0/2/0/0,1|0,0,0,0,0,0,0,0,1,1,45,4f53cda18c2baa0c0354bb5f9a3ecbe5ed12ab4d8e11ba873c2f11161202b945,fdd53932bf59840d7fedf359a5db8bf87804d154a0a1f302f74e2d38b953ef88,e7652da6b1841e5f34ac421ec2357d8855b19cf8650bf8c7db8d1cb5c6db1bc8,true,true,true,true,true
110,5300000,5,fd0_equal_persistence,efficacy_and_persistence,production,1/1/2/0/0;0/0/2/0/0,1|0,0,0,0,0,0,0,0,1,1,45,4f53cda18c2baa0c0354bb5f9a3ecbe5ed12ab4d8e11ba873c2f11161202b945,fdd53932bf59840d7fedf359a5db8bf87804d154a0a1f302f74e2d38b953ef88,fb89a100aef149c3b8c07ec998058fbdcb3ef2d9ae76ef415d3c38e5a0f3a3f9,true,true,true,true,true
111,5300000,5,fd1_consolidation,persistence_only,reference,1/4/1/4026531840/4026531840;1/1/1/4026531840/0,4026531840|0,5,1,3,1,0,0,0,0,7,6,efcec222887f10d4531bdb6d0b00128717fccbd3f711ddba12e232cc74a1722b,23059cc86a0d0f3de608bbede123bc0e190f84751e34b7e6779590c62c5a698a,4f068f68715f23098fba16bb18b1502d169979065e4a6647a8e106b10070353a,true,true,true,true,true
111,5300000,5,fd1_consolidation,persistence_only,production,1/4/1/4026531840/4026531840;1/1/1/4026531840/0,4026531840|0,5,1,3,1,0,0,0,0,7,6,efcec222887f10d4531bdb6d0b00128717fccbd3f711ddba12e232cc74a1722b,23059cc86a0d0f3de608bbede123bc0e190f84751e34b7e6779590c62c5a698a,c2ffb7b06ddea23bbba022fa80f3717510b611948b79dc0aec33f926c7428b1d,true,true,true,true,true
112,5300000,5,fd1_consolidation,efficacy_and_persistence,reference,1/4/2/4026531840/4026531840;1/1/2/4026531840/0,4026531840|0,5,1,3,1,0,0,0,0,7,6,58095e3dae5393f141b3c6f231087dfbbdff422a5e6e5edf6f7cf5106bd157f0,16e3efda1054298d025f2d8e6dfa8f0cfc87abb8279c7450a6229fac1a848c68,6b7e9a187099b76fdcdf131e529924fa787e6264deed300029fa58396759cc39,true,true,true,true,true
112,5300000,5,fd1_consolidation,efficacy_and_persistence,production,1/4/2/4026531840/4026531840;1/1/2/4026531840/0,4026531840|0,5,1,3,1,0,0,0,0,7,6,58095e3dae5393f141b3c6f231087dfbbdff422a5e6e5edf6f7cf5106bd157f0,16e3efda1054298d025f2d8e6dfa8f0cfc87abb8279c7450a6229fac1a848c68,efbd2092b289ec4b9b103ed5ddf761110f63081294311350223f74b2ac5b763a,true,true,true,true,true
113,5300000,5,threshold_1_already_executable,persistence_only,reference,1/4/1/4294967296/0,1|1,3,0,2,0,0,1,0,0,3,5,41b00e7066e40a1ad2ae17cea6f82181b8efdfcd49a8585c7e9226541b234bee,0c898e7f87eb2c6c748df5453d345ed68d6836d9a788894eeea2c2ce83e9edf7,e1582a5134001c8d58bf2313ccc3f19de0e4925de733e6bcf7e653e863785930,true,true,true,true,true
113,5300000,5,threshold_1_already_executable,persistence_only,production,1/4/1/4294967296/0,1|1,3,0,2,0,0,1,0,0,3,5,41b00e7066e40a1ad2ae17cea6f82181b8efdfcd49a8585c7e9226541b234bee,0c898e7f87eb2c6c748df5453d345ed68d6836d9a788894eeea2c2ce83e9edf7,e1582a5134001c8d58bf2313ccc3f19de0e4925de733e6bcf7e653e863785930,true,true,true,true,true
114,5300000,5,threshold_1_already_executable,efficacy_and_persistence,reference,1/4/2/4294967296/0,1|1,3,0,2,0,0,1,0,0,3,5,29f26f55d6720ad249a2cba280763078bd79750403daa0e7c6949feaa1e2b5c1,9eeee3cfa562d848a7dbe1aa32096afd808be08b883073102a79514446292a07,4499cd9bb3174352425c4e0c89cc8e797aa5e8f54034672a58b4d01ab6bd60b0,true,true,true,true,true
114,5300000,5,threshold_1_already_executable,efficacy_and_persistence,production,1/4/2/4294967296/0,1|1,3,0,2,0,0,1,0,0,3,5,29f26f55d6720ad249a2cba280763078bd79750403daa0e7c6949feaa1e2b5c1,9eeee3cfa562d848a7dbe1aa32096afd808be08b883073102a79514446292a07,4499cd9bb3174352425c4e0c89cc8e797aa5e8f54034672a58b4d01ab6bd60b0,true,true,true,true,true
115,5300000,5,threshold_2_acquired_efficacy,persistence_only,reference,1/4/1/4294967296/0;1/1/1/4294967296/0,0|0|0,4,0,2,0,0,0,0,0,4,5,63409dd258b80b7ba18d234d632359866783e0a012ac66a45bc6560150e990a6,a399aaf0be1453a2ae75101af7f833f4cb0e2d9f1696e20f2c0d69b735213b45,7045b4cbdc896c0295966061c0cfb44c62052e799cafab8a2fd714b8307a87d1,true,true,true,true,true
115,5300000,5,threshold_2_acquired_efficacy,persistence_only,production,1/4/1/4294967296/0;1/1/1/4294967296/0,0|0|0,4,0,2,0,0,0,0,0,4,5,63409dd258b80b7ba18d234d632359866783e0a012ac66a45bc6560150e990a6,a399aaf0be1453a2ae75101af7f833f4cb0e2d9f1696e20f2c0d69b735213b45,7045b4cbdc896c0295966061c0cfb44c62052e799cafab8a2fd714b8307a87d1,true,true,true,true,true
116,5300000,5,threshold_2_acquired_efficacy,efficacy_and_persistence,reference,1/4/2/4294967296/0;1/1/1/4294967296/0,1|0|1,5,0,3,0,0,1,0,0,5,5,0504b8e45d7dd8e13935039d776d70b7045d63cb51acf3b5d65054faf7a42298,be10356bb5548e7ba580c054778c2f458ff5777d05ae7f43925951e450f4962b,1df1c6d8641151c11bf967980bf32ed3faf512a899624038be1af0bc6120f72d,true,true,true,true,true
116,5300000,5,threshold_2_acquired_efficacy,efficacy_and_persistence,production,1/4/2/4294967296/0;1/1/1/4294967296/0,1|0|1,5,0,3,0,0,1,0,0,5,5,0504b8e45d7dd8e13935039d776d70b7045d63cb51acf3b5d65054faf7a42298,be10356bb5548e7ba580c054778c2f458ff5777d05ae7f43925951e450f4962b,1df1c6d8641151c11bf967980bf32ed3faf512a899624038be1af0bc6120f72d,true,true,true,true,true
117,5300000,5,threshold_3_still_insufficient,persistence_only,reference,1/4/1/4294967296/0,0|0,2,0,1,0,0,0,0,0,2,5,b2ab1a750af73cfec924f3d60f526f6589e3c4d87140625b1475261297029704,ec744c9d466a34c48ba868944b66d3f80eeae3a7554401cb9f1901663159931c,256e7e0c3ae1b5345051e86351068670f5f66e3fab5046b79e722b3c69935ccd,true,true,true,true,true
117,5300000,5,threshold_3_still_insufficient,persistence_only,production,1/4/1/4294967296/0,0|0,2,0,1,0,0,0,0,0,2,5,b2ab1a750af73cfec924f3d60f526f6589e3c4d87140625b1475261297029704,ec744c9d466a34c48ba868944b66d3f80eeae3a7554401cb9f1901663159931c,256e7e0c3ae1b5345051e86351068670f5f66e3fab5046b79e722b3c69935ccd,true,true,true,true,true
118,5300000,5,threshold_3_still_insufficient,efficacy_and_persistence,reference,1/4/2/4294967296/0,0|0,2,0,1,0,0,0,0,0,2,5,86b138b5ed2adab38b75c01a893a797941bfa697ae30addccd7d8a161f93ddd5,bba48bb062192a99d74e194cedcf9119164f1d34907c6ab35c21293ab04afdaa,bc961803bb923c4de421b6a8e6398ae774d7ae4d9cd5c29ddda89a98d957d1ab,true,true,true,true,true
118,5300000,5,threshold_3_still_insufficient,efficacy_and_persistence,production,1/4/2/4294967296/0,0|0,2,0,1,0,0,0,0,0,2,5,86b138b5ed2adab38b75c01a893a797941bfa697ae30addccd7d8a161f93ddd5,bba48bb062192a99d74e194cedcf9119164f1d34907c6ab35c21293ab04afdaa,bc961803bb923c4de421b6a8e6398ae774d7ae4d9cd5c29ddda89a98d957d1ab,true,true,true,true,true
119,5300000,5,threshold_2_two_physical_inputs,persistence_only,reference,1/4/1/4294967296/0;1/4/1/4294967296/0,1|1,5,0,3,0,0,1,0,0,5,5,2111387ed408d21061233182fd475de11d80385cff79fa40db0f1f65ab4bc696,0c1b7c0b69153af38127431b2a3f2f1e22ae42e4d321a99995216c1e4fee6b9a,d8f3e95a2eb025240e1e245aaee7889a40f5ee834fe4f9176b7f8fe5fdde2f34,true,true,true,true,true
119,5300000,5,threshold_2_two_physical_inputs,persistence_only,production,1/4/1/4294967296/0;1/4/1/4294967296/0,1|1,5,0,3,0,0,1,0,0,5,5,2111387ed408d21061233182fd475de11d80385cff79fa40db0f1f65ab4bc696,0c1b7c0b69153af38127431b2a3f2f1e22ae42e4d321a99995216c1e4fee6b9a,d8f3e95a2eb025240e1e245aaee7889a40f5ee834fe4f9176b7f8fe5fdde2f34,true,true,true,true,true
120,5300000,5,threshold_2_two_physical_inputs,efficacy_and_persistence,reference,1/4/1/4294967296/0;1/4/1/4294967296/0,1|1,5,0,3,0,0,1,0,0,5,5,11ff6ee83bf406fb05f485a5603652e8d7b05c333c556f77239e67dd1050cfeb,6192b135a2e20dd512fbddd9269ef25f684cb1a96ec7c9c4b74c44f7cdfd49f0,2bbc76f9a3aad567601fff5ee4823c3fc26323987c98090f2c22ff65ecf51a1f,true,true,true,true,true
120,5300000,5,threshold_2_two_physical_inputs,efficacy_and_persistence,production,1/4/1/4294967296/0;1/4/1/4294967296/0,1|1,5,0,3,0,0,1,0,0,5,5,11ff6ee83bf406fb05f485a5603652e8d7b05c333c556f77239e67dd1050cfeb,6192b135a2e20dd512fbddd9269ef25f684cb1a96ec7c9c4b74c44f7cdfd49f0,2bbc76f9a3aad567601fff5ee4823c3fc26323987c98090f2c22ff65ecf51a1f,true,true,true,true,true
121,5300000,6,cpc0_contact_locality,persistence_only,reference,1/7/1/4026531840/4026531840;1/4/1/4026531840/0,4026531840|0,6,1,4,1,0,0,0,0,8,7,ba303956e661ca1b63031167fd9bc88949691e5bab5bc3830ca8a02bbf1b1257,5d21a241db2871bc20d007807f439ea3b70228f76a6e29f4a37a0d1813fc513c,606ed7416301b3ef07682de5d8cf273b7d921cd665767dddf8fc4185ee3191ff,true,true,true,true,true
121,5300000,6,cpc0_contact_locality,persistence_only,production,1/7/1/4026531840/4026531840;1/4/1/4026531840/0,4026531840|0,6,1,4,1,0,0,0,0,8,7,ba303956e661ca1b63031167fd9bc88949691e5bab5bc3830ca8a02bbf1b1257,5d21a241db2871bc20d007807f439ea3b70228f76a6e29f4a37a0d1813fc513c,3b4c6197096b5d85e2398b725c71db35d822906613a629e51dbbeb23d58ce243,true,true,true,true,true
122,5300000,6,cpc0_contact_locality,efficacy_and_persistence,reference,1/7/2/4026531840/4026531840;1/4/2/4026531840/0,4026531840|0,6,1,4,1,0,0,0,0,8,7,f734a25927c17d3c495113bd0d6376f941ad270a459799a268aa927d7ee44aa1,25bc55597d7464edc810fef74b7495f3a557acbba932620ad296d801994f84d3,5131273f0015aac4e8fe8d54ccbeeb8cb71c8862fbc750816c979597c92c8452,true,true,true,true,true
122,5300000,6,cpc0_contact_locality,efficacy_and_persistence,production,1/7/2/4026531840/4026531840;1/4/2/4026531840/0,4026531840|0,6,1,4,1,0,0,0,0,8,7,f734a25927c17d3c495113bd0d6376f941ad270a459799a268aa927d7ee44aa1,25bc55597d7464edc810fef74b7495f3a557acbba932620ad296d801994f84d3,f86f2f3a7fa9b65d950d53d783904eef871fa41386635b259b3d5ef4585fc8be,true,true,true,true,true
123,5300000,6,cpc1_temporal_participation,persistence_only,reference,1/6/1/1979772000/4026531840;1/5/1/1979772000/1979772000;1/7/1/1979772000/3110400000;1/7/1/1979772000/3110400000;1/7/1/4542662625/7136931840,4026531840|1979772000|3110400000|3110400000|7136931840,19,5,12,5,0,0,0,0,29,18,6dbd410c543a8859d0c152c9a81047838f251f710df665a6d351cc363b68cae9,fb20b0e89201baaa171b1f297a5c77507d0d1d8e66cd15139cd31b4940fbd950,db28c24001a0257638bb85829d12eadac9aa71bffe71cbc91e1ee2cdf31d9d76,true,true,true,true,true
123,5300000,6,cpc1_temporal_participation,persistence_only,production,1/6/1/1979772000/4026531840;1/5/1/1979772000/1979772000;1/7/1/1979772000/3110400000;1/7/1/1979772000/3110400000;1/7/1/4542662625/7136931840,4026531840|1979772000|3110400000|3110400000|7136931840,19,5,12,5,0,0,0,0,29,18,6dbd410c543a8859d0c152c9a81047838f251f710df665a6d351cc363b68cae9,fb20b0e89201baaa171b1f297a5c77507d0d1d8e66cd15139cd31b4940fbd950,b645aaa76a36d6de5696d57e7323e3265dcc08582bef50d44549bb5b79c5d13b,true,true,true,true,true
124,5300000,6,cpc1_temporal_participation,efficacy_and_persistence,reference,1/6/2/1979772000/4026531840;1/5/2/1979772000/1979772000;1/7/2/1979772000/3110400000;1/7/2/1979772000/3110400000;1/7/2/4542662625/7136931840,4026531840|1979772000|3110400000|3110400000|7136931840,19,5,12,5,0,0,0,0,29,18,d3efa94cccebb9b002822f33610505d150172275df27fcf2ccfc0b35456fcf17,2a81415d36bfe9ac09e04c88ed64e85eac47fafadf9ba4dc510865a3a5c2f491,d5e1b51463bb961155a7649ff6f2b64ade3dde7346f305db1875d5c358b1443c,true,true,true,true,true
124,5300000,6,cpc1_temporal_participation,efficacy_and_persistence,production,1/6/2/1979772000/4026531840;1/5/2/1979772000/1979772000;1/7/2/1979772000/3110400000;1/7/2/1979772000/3110400000;1/7/2/4542662625/7136931840,4026531840|1979772000|3110400000|3110400000|7136931840,19,5,12,5,0,0,0,0,29,18,d3efa94cccebb9b002822f33610505d150172275df27fcf2ccfc0b35456fcf17,2a81415d36bfe9ac09e04c88ed64e85eac47fafadf9ba4dc510865a3a5c2f491,e87877aec902a9545a181c84ff86ff7d937b90b42370e450ce17268a965434aa,true,true,true,true,true
125,5300000,6,pqlc0_one_hop,persistence_only,reference,1/7/1/4026531840/4026531840,1|4026531840,5,2,4,2,1,0,0,0,10,7,bcb4957837dbf1c85400a8f2300d66e284ad05805fe2be39cee8719ef2edb1ea,82fb0c3237301212d15a38c5a0f220c0289c9ea27be2c69a4211e0c504dd0103,6291afa6f2f0dbf45e1409a56b26827ea52db9743920e657e91ac26e1cdfe52b,true,true,true,true,true
125,5300000,6,pqlc0_one_hop,persistence_only,production,1/7/1/4026531840/4026531840,1|4026531840,5,2,4,2,1,0,0,0,10,7,bcb4957837dbf1c85400a8f2300d66e284ad05805fe2be39cee8719ef2edb1ea,82fb0c3237301212d15a38c5a0f220c0289c9ea27be2c69a4211e0c504dd0103,af205abd694513a16f8e1464e3fd59a2da5922330cef2a942d1f1573157ece05,true,true,true,true,true
126,5300000,6,pqlc0_one_hop,efficacy_and_persistence,reference,1/7/2/4026531840/4026531840,1|4026531840,5,2,4,2,1,0,0,0,10,7,e962be9ad339a7628654bdfd7d2b5c369054657bc2a0f5135558444a44c4fa8e,bd4604d0940ebf3b52437153a33f5edae6b1d85357a12e7b40fd5b77870a0563,a3c1eddfddf5eff8cb2a6646bb56bfb5bfc69f9c5445dc4ace046fa0e7e75985,true,true,true,true,true
126,5300000,6,pqlc0_one_hop,efficacy_and_persistence,production,1/7/2/4026531840/4026531840,1|4026531840,5,2,4,2,1,0,0,0,10,7,e962be9ad339a7628654bdfd7d2b5c369054657bc2a0f5135558444a44c4fa8e,bd4604d0940ebf3b52437153a33f5edae6b1d85357a12e7b40fd5b77870a0563,f66c15f425346476fc6946560b64e17a77322186d16247a1d77916e21dc8be81,true,true,true,true,true
127,5300000,6,pqlc1_depth_16,persistence_only,reference,1/7/1/4026531840/4026531840;1/7/1/4026531840/4026531840;1/7/1/4026531840/4026531840;1/7/1/4026531840/4026531840;1/7/1/4026531840/4026531840;1/7/1/4026531840/4026531840;1/7/1/4026531840/4026531840;1/7/1/4026531840/4026531840;1/7/1/4026531840/4026531840;1/7/1/4026531840/4026531840;1/7/1/4026531840/4026531840;1/7/1/4026531840/4026531840;1/7/1/4026531840/4026531840;1/7/1/4026531840/4026531840;1/7/1/4026531840/4026531840;1/7/1/4026531840/4026531840,16,19,16,18,16,15,0,0,0,66,7,7d1f2d37d67986aab5db3dccb4263d9727999c6c944df1b63bcbf3dccce0230c,91edb008854c66ef7cefff8c16ee47463e95230b333c09ccbc04d7de00738c70,42156f1ed07165dd4a8e3c5271427398ff147a69853734d40b46f007ccc8037a,true,true,true,true,true
127,5300000,6,pqlc1_depth_16,persistence_only,production,1/7/1/4026531840/4026531840;1/7/1/4026531840/4026531840;1/7/1/4026531840/4026531840;1/7/1/4026531840/4026531840;1/7/1/4026531840/4026531840;1/7/1/4026531840/4026531840;1/7/1/4026531840/4026531840;1/7/1/4026531840/4026531840;1/7/1/4026531840/4026531840;1/7/1/4026531840/4026531840;1/7/1/4026531840/4026531840;1/7/1/4026531840/4026531840;1/7/1/4026531840/4026531840;1/7/1/4026531840/4026531840;1/7/1/4026531840/4026531840;1/7/1/4026531840/4026531840,16,19,16,18,16,15,0,0,0,66,7,7d1f2d37d67986aab5db3dccb4263d9727999c6c944df1b63bcbf3dccce0230c,91edb008854c66ef7cefff8c16ee47463e95230b333c09ccbc04d7de00738c70,4edf0a638f2fec311f36a4bb772e0db3da43e62b10fc0029040e468c7d6f1fa1,true,true,true,true,true
128,5300000,6,pqlc1_depth_16,efficacy_and_persistence,reference,1/7/2/4026531840/4026531840;1/7/2/4026531840/4026531840;1/7/2/4026531840/4026531840;1/7/2/4026531840/4026531840;1/7/2/4026531840/4026531840;1/7/2/4026531840/4026531840;1/7/2/4026531840/4026531840;1/7/2/4026531840/4026531840;1/7/2/4026531840/4026531840;1/7/2/4026531840/4026531840;1/7/2/4026531840/4026531840;1/7/2/4026531840/4026531840;1/7/2/4026531840/4026531840;1/7/2/4026531840/4026531840;1/7/2/4026531840/4026531840;1/7/2/4026531840/4026531840,16,19,16,18,16,15,0,0,0,66,7,48255832bdf81b1799cfe7f08c55eb7e7869c5c04c1eebb11af16efe72780970,380532ccc638974f7dc8f7194895688485ebac146f9acb1c5713921c7c175fd9,b63b17b3681009c3c8d72b096d782695285109877a90b3864c7358cb85acd34f,true,true,true,true,true
128,5300000,6,pqlc1_depth_16,efficacy_and_persistence,production,1/7/2/4026531840/4026531840;1/7/2/4026531840/4026531840;1/7/2/4026531840/4026531840;1/7/2/4026531840/4026531840;1/7/2/4026531840/4026531840;1/7/2/4026531840/4026531840;1/7/2/4026531840/4026531840;1/7/2/4026531840/4026531840;1/7/2/4026531840/4026531840;1/7/2/4026531840/4026531840;1/7/2/4026531840/4026531840;1/7/2/4026531840/4026531840;1/7/2/4026531840/4026531840;1/7/2/4026531840/4026531840;1/7/2/4026531840/4026531840;1/7/2/4026531840/4026531840,16,19,16,18,16,15,0,0,0,66,7,48255832bdf81b1799cfe7f08c55eb7e7869c5c04c1eebb11af16efe72780970,380532ccc638974f7dc8f7194895688485ebac146f9acb1c5713921c7c175fd9,29a81cf341d0d67a06d21629c45246984dbe31ee0ecc50538ef085c02449302f,true,true,true,true,true
129,5300000,6,fd0_equal_persistence,persistence_only,reference,1/1/1/0/0;0/0/1/0/0,1|0,0,0,0,0,0,0,0,1,1,46,4f53cda18c2baa0c0354bb5f9a3ecbe5ed12ab4d8e11ba873c2f11161202b945,744cb21fcd53c9919cacd4f20806dff8a61608e07189e592537e1518ab8de6d0,cd7201068667af4c0b1163cf1409d98b6d306d162b0b535657803077baff9773,true,true,true,true,true
129,5300000,6,fd0_equal_persistence,persistence_only,production,1/1/1/0/0;0/0/1/0/0,1|0,0,0,0,0,0,0,0,1,1,46,4f53cda18c2baa0c0354bb5f9a3ecbe5ed12ab4d8e11ba873c2f11161202b945,744cb21fcd53c9919cacd4f20806dff8a61608e07189e592537e1518ab8de6d0,265486565560df4384c9fab4894c9715607bd920e01366f48b082f1b98b7ce60,true,true,true,true,true
130,5300000,6,fd0_equal_persistence,efficacy_and_persistence,reference,1/1/2/0/0;0/0/2/0/0,1|0,0,0,0,0,0,0,0,1,1,46,4f53cda18c2baa0c0354bb5f9a3ecbe5ed12ab4d8e11ba873c2f11161202b945,fdd53932bf59840d7fedf359a5db8bf87804d154a0a1f302f74e2d38b953ef88,5ca1cd571dcb9ca1238f4f68e7d680cc168eaa8160a40feeb746e59cf7f7ba94,true,true,true,true,true
130,5300000,6,fd0_equal_persistence,efficacy_and_persistence,production,1/1/2/0/0;0/0/2/0/0,1|0,0,0,0,0,0,0,0,1,1,46,4f53cda18c2baa0c0354bb5f9a3ecbe5ed12ab4d8e11ba873c2f11161202b945,fdd53932bf59840d7fedf359a5db8bf87804d154a0a1f302f74e2d38b953ef88,f5987f41eba0bb7ee1a1315de3e3e1617bf57b75c96bee07329f13b8555a2043,true,true,true,true,true
131,5300000,6,fd1_consolidation,persistence_only,reference,1/4/1/4026531840/4026531840;1/1/1/4026531840/0,4026531840|0,5,1,3,1,0,0,0,0,7,7,9e7d5cd12dfb8f5954bdf5eb398dc863bb1822c06a7141e17558af5313a51d93,23059cc86a0d0f3de608bbede123bc0e190f84751e34b7e6779590c62c5a698a,f575d8da9c0b9e3bd6d7a6a17c18ac90881b351ba0f8015485b7b518c2c250c0,true,true,true,true,true
131,5300000,6,fd1_consolidation,persistence_only,production,1/4/1/4026531840/4026531840;1/1/1/4026531840/0,4026531840|0,5,1,3,1,0,0,0,0,7,7,9e7d5cd12dfb8f5954bdf5eb398dc863bb1822c06a7141e17558af5313a51d93,23059cc86a0d0f3de608bbede123bc0e190f84751e34b7e6779590c62c5a698a,a37f1d405c65c928c54e4fe438f03ab80d628b1cb48b8002762c0e1f01fc16a4,true,true,true,true,true
132,5300000,6,fd1_consolidation,efficacy_and_persistence,reference,1/4/2/4026531840/4026531840;1/1/2/4026531840/0,4026531840|0,5,1,3,1,0,0,0,0,7,7,c22b297e2c0f29f0d8a21d19eacee28fcea0c751b05ad390a13cb042f08531b0,16e3efda1054298d025f2d8e6dfa8f0cfc87abb8279c7450a6229fac1a848c68,27a617023420c9bb7474a8ad8d0db236508735dd58452e5a49de71094158f9bd,true,true,true,true,true
132,5300000,6,fd1_consolidation,efficacy_and_persistence,production,1/4/2/4026531840/4026531840;1/1/2/4026531840/0,4026531840|0,5,1,3,1,0,0,0,0,7,7,c22b297e2c0f29f0d8a21d19eacee28fcea0c751b05ad390a13cb042f08531b0,16e3efda1054298d025f2d8e6dfa8f0cfc87abb8279c7450a6229fac1a848c68,f0ecee73c158a979c6306ab9f75160a3a24e4fe2c37622d308ca7bf715c0bb15,true,true,true,true,true
133,5300000,6,threshold_1_already_executable,persistence_only,reference,1/4/1/4294967296/0,1|1,3,0,2,0,0,1,0,0,3,6,19edd081fdf2a29a226d7dea8284b9a4a0067d8b5ea66646f696ec9270ee697c,0c898e7f87eb2c6c748df5453d345ed68d6836d9a788894eeea2c2ce83e9edf7,ba7173707b48d2f91ad7e61c54c6243d0f408bce703de818727d62b4b6ec5772,true,true,true,true,true
133,5300000,6,threshold_1_already_executable,persistence_only,production,1/4/1/4294967296/0,1|1,3,0,2,0,0,1,0,0,3,6,19edd081fdf2a29a226d7dea8284b9a4a0067d8b5ea66646f696ec9270ee697c,0c898e7f87eb2c6c748df5453d345ed68d6836d9a788894eeea2c2ce83e9edf7,ba7173707b48d2f91ad7e61c54c6243d0f408bce703de818727d62b4b6ec5772,true,true,true,true,true
134,5300000,6,threshold_1_already_executable,efficacy_and_persistence,reference,1/4/2/4294967296/0,1|1,3,0,2,0,0,1,0,0,3,6,bf16270b7ab0cdb70693e7fefb9185f69edf074ee13b58668477a1a48b73d0b2,9eeee3cfa562d848a7dbe1aa32096afd808be08b883073102a79514446292a07,9cd13b7d711e5bc7f2d7034cacb0db10583e3c5d534d128e3eb5229118735220,true,true,true,true,true
134,5300000,6,threshold_1_already_executable,efficacy_and_persistence,production,1/4/2/4294967296/0,1|1,3,0,2,0,0,1,0,0,3,6,bf16270b7ab0cdb70693e7fefb9185f69edf074ee13b58668477a1a48b73d0b2,9eeee3cfa562d848a7dbe1aa32096afd808be08b883073102a79514446292a07,9cd13b7d711e5bc7f2d7034cacb0db10583e3c5d534d128e3eb5229118735220,true,true,true,true,true
135,5300000,6,threshold_2_acquired_efficacy,persistence_only,reference,1/4/1/4294967296/0;1/1/1/4294967296/0,0|0|0,4,0,2,0,0,0,0,0,4,6,8dbd1a7e5828617bb29b32de1ee41b0363fe498aaaa8394744adb84843250ec5,a399aaf0be1453a2ae75101af7f833f4cb0e2d9f1696e20f2c0d69b735213b45,10b4e7404c476d53a67f119d5f85923042b7525a9371c1697b2cecdc7886979e,true,true,true,true,true
135,5300000,6,threshold_2_acquired_efficacy,persistence_only,production,1/4/1/4294967296/0;1/1/1/4294967296/0,0|0|0,4,0,2,0,0,0,0,0,4,6,8dbd1a7e5828617bb29b32de1ee41b0363fe498aaaa8394744adb84843250ec5,a399aaf0be1453a2ae75101af7f833f4cb0e2d9f1696e20f2c0d69b735213b45,10b4e7404c476d53a67f119d5f85923042b7525a9371c1697b2cecdc7886979e,true,true,true,true,true
136,5300000,6,threshold_2_acquired_efficacy,efficacy_and_persistence,reference,1/4/2/4294967296/0;1/1/1/4294967296/0,1|0|1,5,0,3,0,0,1,0,0,5,6,8531f65651fadd9d9bc3f22eeb95d43c4d1ecf72dd5ce45b10b2a1ab878b56e4,be10356bb5548e7ba580c054778c2f458ff5777d05ae7f43925951e450f4962b,438d23f1e79df280455cf4a875d8bd31cbc910d6344c192f0f7008617785e3d5,true,true,true,true,true
136,5300000,6,threshold_2_acquired_efficacy,efficacy_and_persistence,production,1/4/2/4294967296/0;1/1/1/4294967296/0,1|0|1,5,0,3,0,0,1,0,0,5,6,8531f65651fadd9d9bc3f22eeb95d43c4d1ecf72dd5ce45b10b2a1ab878b56e4,be10356bb5548e7ba580c054778c2f458ff5777d05ae7f43925951e450f4962b,438d23f1e79df280455cf4a875d8bd31cbc910d6344c192f0f7008617785e3d5,true,true,true,true,true
137,5300000,6,threshold_3_still_insufficient,persistence_only,reference,1/4/1/4294967296/0,0|0,2,0,1,0,0,0,0,0,2,6,663d8aa96c850157d38b600e2604cd0fe6fff593f324a73ee03edc39d998a9ed,ec744c9d466a34c48ba868944b66d3f80eeae3a7554401cb9f1901663159931c,34409d2a90e1bea3a040a55adbee33bcf4b5b07e3af8903fa725a051a31204be,true,true,true,true,true
137,5300000,6,threshold_3_still_insufficient,persistence_only,production,1/4/1/4294967296/0,0|0,2,0,1,0,0,0,0,0,2,6,663d8aa96c850157d38b600e2604cd0fe6fff593f324a73ee03edc39d998a9ed,ec744c9d466a34c48ba868944b66d3f80eeae3a7554401cb9f1901663159931c,34409d2a90e1bea3a040a55adbee33bcf4b5b07e3af8903fa725a051a31204be,true,true,true,true,true
138,5300000,6,threshold_3_still_insufficient,efficacy_and_persistence,reference,1/4/2/4294967296/0,0|0,2,0,1,0,0,0,0,0,2,6,1c6b75190bad2fa4901f7d283f7795ef9dae605a121f10efe67de25dd63b1f59,bba48bb062192a99d74e194cedcf9119164f1d34907c6ab35c21293ab04afdaa,3da483438616ba1751ba57d64b775f48d658c8815dc5176d9148bb8f3b1623a8,true,true,true,true,true
138,5300000,6,threshold_3_still_insufficient,efficacy_and_persistence,production,1/4/2/4294967296/0,0|0,2,0,1,0,0,0,0,0,2,6,1c6b75190bad2fa4901f7d283f7795ef9dae605a121f10efe67de25dd63b1f59,bba48bb062192a99d74e194cedcf9119164f1d34907c6ab35c21293ab04afdaa,3da483438616ba1751ba57d64b775f48d658c8815dc5176d9148bb8f3b1623a8,true,true,true,true,true
139,5300000,6,threshold_2_two_physical_inputs,persistence_only,reference,1/4/1/4294967296/0;1/4/1/4294967296/0,1|1,5,0,3,0,0,1,0,0,5,6,762263efa574959aa35996bec5614df00c01b4ffbe12a7c54ac077e287cfde12,0c1b7c0b69153af38127431b2a3f2f1e22ae42e4d321a99995216c1e4fee6b9a,74e3b15d8d78371e27f45b374d00540b6b2519b9609e51b6e03148d436ed9c34,true,true,true,true,true
139,5300000,6,threshold_2_two_physical_inputs,persistence_only,production,1/4/1/4294967296/0;1/4/1/4294967296/0,1|1,5,0,3,0,0,1,0,0,5,6,762263efa574959aa35996bec5614df00c01b4ffbe12a7c54ac077e287cfde12,0c1b7c0b69153af38127431b2a3f2f1e22ae42e4d321a99995216c1e4fee6b9a,74e3b15d8d78371e27f45b374d00540b6b2519b9609e51b6e03148d436ed9c34,true,true,true,true,true
140,5300000,6,threshold_2_two_physical_inputs,efficacy_and_persistence,reference,1/4/1/4294967296/0;1/4/1/4294967296/0,1|1,5,0,3,0,0,1,0,0,5,6,5afebdd0679fa12591c4b562a5bbca83df74d5366afb58d66c532926ca76a69f,6192b135a2e20dd512fbddd9269ef25f684cb1a96ec7c9c4b74c44f7cdfd49f0,adeefd39c44fd304fcde82d0af6a5db4cc9978300254df33381691e1ccb315da,true,true,true,true,true
140,5300000,6,threshold_2_two_physical_inputs,efficacy_and_persistence,production,1/4/1/4294967296/0;1/4/1/4294967296/0,1|1,5,0,3,0,0,1,0,0,5,6,5afebdd0679fa12591c4b562a5bbca83df74d5366afb58d66c532926ca76a69f,6192b135a2e20dd512fbddd9269ef25f684cb1a96ec7c9c4b74c44f7cdfd49f0,adeefd39c44fd304fcde82d0af6a5db4cc9978300254df33381691e1ccb315da,true,true,true,true,true
141,5300000,7,cpc0_contact_locality,persistence_only,reference,1/7/1/4026531840/4026531840;1/4/1/4026531840/0,4026531840|0,6,1,4,1,0,0,0,0,8,8,13ee8f69150c1a8c59bf65f75904f8895af7c8e13b3e996e50934958518758de,5d21a241db2871bc20d007807f439ea3b70228f76a6e29f4a37a0d1813fc513c,b865c23b1dae7866e0923a7f11b94bd19810b71dd6c3cb566bfc4485553e5cc2,true,true,true,true,true
141,5300000,7,cpc0_contact_locality,persistence_only,production,1/7/1/4026531840/4026531840;1/4/1/4026531840/0,4026531840|0,6,1,4,1,0,0,0,0,8,8,13ee8f69150c1a8c59bf65f75904f8895af7c8e13b3e996e50934958518758de,5d21a241db2871bc20d007807f439ea3b70228f76a6e29f4a37a0d1813fc513c,7f498fabfec834ef2b7cddd7d001e60dd4e780ec3486119c01e9b742f4d78d11,true,true,true,true,true
142,5300000,7,cpc0_contact_locality,efficacy_and_persistence,reference,1/7/2/4026531840/4026531840;1/4/2/4026531840/0,4026531840|0,6,1,4,1,0,0,0,0,8,8,843cf030ce6eec170cd257733dced9ea9bea620b37b657fe195c2f1ec853fa1a,25bc55597d7464edc810fef74b7495f3a557acbba932620ad296d801994f84d3,c4b19f03566c974ef73631184cd9addb78a689ad3509d181acd5fc0d9d7c03c8,true,true,true,true,true
142,5300000,7,cpc0_contact_locality,efficacy_and_persistence,production,1/7/2/4026531840/4026531840;1/4/2/4026531840/0,4026531840|0,6,1,4,1,0,0,0,0,8,8,843cf030ce6eec170cd257733dced9ea9bea620b37b657fe195c2f1ec853fa1a,25bc55597d7464edc810fef74b7495f3a557acbba932620ad296d801994f84d3,0d20e07197ac3c6e1b473d91cbd08f3c91af3b85a63866e36d39d08101c5c794,true,true,true,true,true
143,5300000,7,cpc1_temporal_participation,persistence_only,reference,1/6/1/1979772000/4026531840;1/5/1/1979772000/1979772000;1/7/1/1979772000/3110400000;1/7/1/1979772000/3110400000;1/7/1/4542662625/7136931840,4026531840|1979772000|3110400000|3110400000|7136931840,19,5,12,5,0,0,0,0,29,19,45a2e0f72f541f933ccfdd177d192f97a5181f0c4f75772caa8f135e1250aeed,fb20b0e89201baaa171b1f297a5c77507d0d1d8e66cd15139cd31b4940fbd950,796baf768b999d7a7f8d9db70f1fd14dba2ed2b72ea34b13e26b104a281912bb,true,true,true,true,true
143,5300000,7,cpc1_temporal_participation,persistence_only,production,1/6/1/1979772000/4026531840;1/5/1/1979772000/1979772000;1/7/1/1979772000/3110400000;1/7/1/1979772000/3110400000;1/7/1/4542662625/7136931840,4026531840|1979772000|3110400000|3110400000|7136931840,19,5,12,5,0,0,0,0,29,19,45a2e0f72f541f933ccfdd177d192f97a5181f0c4f75772caa8f135e1250aeed,fb20b0e89201baaa171b1f297a5c77507d0d1d8e66cd15139cd31b4940fbd950,b5735e74910defc4d539237b65fb87d1c4ecdc4095b653124e7fc1e8b4011e12,true,true,true,true,true
144,5300000,7,cpc1_temporal_participation,efficacy_and_persistence,reference,1/6/2/1979772000/4026531840;1/5/2/1979772000/1979772000;1/7/2/1979772000/3110400000;1/7/2/1979772000/3110400000;1/7/2/4542662625/7136931840,4026531840|1979772000|3110400000|3110400000|7136931840,19,5,12,5,0,0,0,0,29,19,1632ce60c3975c1cb98db40fbfaa4f464c4b84cbe901226d8b76ae00f4faea4a,2a81415d36bfe9ac09e04c88ed64e85eac47fafadf9ba4dc510865a3a5c2f491,acd9b72a354413c91dcb7624ca97c3bd519e78c3c087dedf5605e2c675fbbc68,true,true,true,true,true
144,5300000,7,cpc1_temporal_participation,efficacy_and_persistence,production,1/6/2/1979772000/4026531840;1/5/2/1979772000/1979772000;1/7/2/1979772000/3110400000;1/7/2/1979772000/3110400000;1/7/2/4542662625/7136931840,4026531840|1979772000|3110400000|3110400000|7136931840,19,5,12,5,0,0,0,0,29,19,1632ce60c3975c1cb98db40fbfaa4f464c4b84cbe901226d8b76ae00f4faea4a,2a81415d36bfe9ac09e04c88ed64e85eac47fafadf9ba4dc510865a3a5c2f491,e271b94fc50a9bf0d5a89eac7279c2e46ee622766508bcee3eb5557577754311,true,true,true,true,true
145,5300000,7,pqlc0_one_hop,persistence_only,reference,1/7/1/4026531840/4026531840,1|4026531840,5,2,4,2,1,0,0,0,10,8,051e9c2bcf44beb8110403949d9a90ba2662d21e1f82eee92ec291e1f172a8b1,82fb0c3237301212d15a38c5a0f220c0289c9ea27be2c69a4211e0c504dd0103,5f73b3416f4e7ee4000a88b08e49d0749ad95508c8801fd1ccbb682bd6d191f8,true,true,true,true,true
145,5300000,7,pqlc0_one_hop,persistence_only,production,1/7/1/4026531840/4026531840,1|4026531840,5,2,4,2,1,0,0,0,10,8,051e9c2bcf44beb8110403949d9a90ba2662d21e1f82eee92ec291e1f172a8b1,82fb0c3237301212d15a38c5a0f220c0289c9ea27be2c69a4211e0c504dd0103,9768cdf70a1d29b754ecec9d0dd944602d4d84c5a7b581dd8e1accd9687d57bd,true,true,true,true,true
146,5300000,7,pqlc0_one_hop,efficacy_and_persistence,reference,1/7/2/4026531840/4026531840,1|4026531840,5,2,4,2,1,0,0,0,10,8,a8fe86771abf5f975fcfda71196d1c16be04e63a05e65791cbe5b2443ce0753a,bd4604d0940ebf3b52437153a33f5edae6b1d85357a12e7b40fd5b77870a0563,1df6d673d09914ffafcfae952ea8499a8ab7d03a919fca6335bebd5793ab289f,true,true,true,true,true
146,5300000,7,pqlc0_one_hop,efficacy_and_persistence,production,1/7/2/4026531840/4026531840,1|4026531840,5,2,4,2,1,0,0,0,10,8,a8fe86771abf5f975fcfda71196d1c16be04e63a05e65791cbe5b2443ce0753a,bd4604d0940ebf3b52437153a33f5edae6b1d85357a12e7b40fd5b77870a0563,1ddb016be6368e82c413ea5477c40353ac3303169e66bf0c58d47970a0c07e3e,true,true,true,true,true
147,5300000,7,pqlc1_depth_16,persistence_only,reference,1/7/1/4026531840/4026531840;1/7/1/4026531840/4026531840;1/7/1/4026531840/4026531840;1/7/1/4026531840/4026531840;1/7/1/4026531840/4026531840;1/7/1/4026531840/4026531840;1/7/1/4026531840/4026531840;1/7/1/4026531840/4026531840;1/7/1/4026531840/4026531840;1/7/1/4026531840/4026531840;1/7/1/4026531840/4026531840;1/7/1/4026531840/4026531840;1/7/1/4026531840/4026531840;1/7/1/4026531840/4026531840;1/7/1/4026531840/4026531840;1/7/1/4026531840/4026531840,16,19,16,18,16,15,0,0,0,66,8,1907a32d9c1e5f4bf3cf2cddf38e982d0184f05a657b14f74bc77ca34ad2239d,91edb008854c66ef7cefff8c16ee47463e95230b333c09ccbc04d7de00738c70,32207b97b15baf0a391cd103b5aad158b072298aa2ae353eb74bdce590938100,true,true,true,true,true
147,5300000,7,pqlc1_depth_16,persistence_only,production,1/7/1/4026531840/4026531840;1/7/1/4026531840/4026531840;1/7/1/4026531840/4026531840;1/7/1/4026531840/4026531840;1/7/1/4026531840/4026531840;1/7/1/4026531840/4026531840;1/7/1/4026531840/4026531840;1/7/1/4026531840/4026531840;1/7/1/4026531840/4026531840;1/7/1/4026531840/4026531840;1/7/1/4026531840/4026531840;1/7/1/4026531840/4026531840;1/7/1/4026531840/4026531840;1/7/1/4026531840/4026531840;1/7/1/4026531840/4026531840;1/7/1/4026531840/4026531840,16,19,16,18,16,15,0,0,0,66,8,1907a32d9c1e5f4bf3cf2cddf38e982d0184f05a657b14f74bc77ca34ad2239d,91edb008854c66ef7cefff8c16ee47463e95230b333c09ccbc04d7de00738c70,8c8f3d7d3f48f9c23ff80f05a9595d2d93ad2f1757dc26bb7440fa37171eba33,true,true,true,true,true
148,5300000,7,pqlc1_depth_16,efficacy_and_persistence,reference,1/7/2/4026531840/4026531840;1/7/2/4026531840/4026531840;1/7/2/4026531840/4026531840;1/7/2/4026531840/4026531840;1/7/2/4026531840/4026531840;1/7/2/4026531840/4026531840;1/7/2/4026531840/4026531840;1/7/2/4026531840/4026531840;1/7/2/4026531840/4026531840;1/7/2/4026531840/4026531840;1/7/2/4026531840/4026531840;1/7/2/4026531840/4026531840;1/7/2/4026531840/4026531840;1/7/2/4026531840/4026531840;1/7/2/4026531840/4026531840;1/7/2/4026531840/4026531840,16,19,16,18,16,15,0,0,0,66,8,6bdde93fef2d6e6845e9c03f3395158f858d5f62649af0e198af8b0674567976,380532ccc638974f7dc8f7194895688485ebac146f9acb1c5713921c7c175fd9,11f91ac0bd7483815726843d0f35b9c16ebba63104f63e101256a3d7bc366271,true,true,true,true,true
148,5300000,7,pqlc1_depth_16,efficacy_and_persistence,production,1/7/2/4026531840/4026531840;1/7/2/4026531840/4026531840;1/7/2/4026531840/4026531840;1/7/2/4026531840/4026531840;1/7/2/4026531840/4026531840;1/7/2/4026531840/4026531840;1/7/2/4026531840/4026531840;1/7/2/4026531840/4026531840;1/7/2/4026531840/4026531840;1/7/2/4026531840/4026531840;1/7/2/4026531840/4026531840;1/7/2/4026531840/4026531840;1/7/2/4026531840/4026531840;1/7/2/4026531840/4026531840;1/7/2/4026531840/4026531840;1/7/2/4026531840/4026531840,16,19,16,18,16,15,0,0,0,66,8,6bdde93fef2d6e6845e9c03f3395158f858d5f62649af0e198af8b0674567976,380532ccc638974f7dc8f7194895688485ebac146f9acb1c5713921c7c175fd9,76f4e4ed7445739036c1c9f3219f931b5109bf4fdc5dec9847acb3b1debb40e7,true,true,true,true,true
149,5300000,7,fd0_equal_persistence,persistence_only,reference,1/1/1/0/0;0/0/1/0/0,1|0,0,0,0,0,0,0,0,1,1,47,4f53cda18c2baa0c0354bb5f9a3ecbe5ed12ab4d8e11ba873c2f11161202b945,744cb21fcd53c9919cacd4f20806dff8a61608e07189e592537e1518ab8de6d0,bc34b95f2cb0e83f2fcb1ad26a2f5f86fbeb9e6a4855d1601a347e13127a93da,true,true,true,true,true
149,5300000,7,fd0_equal_persistence,persistence_only,production,1/1/1/0/0;0/0/1/0/0,1|0,0,0,0,0,0,0,0,1,1,47,4f53cda18c2baa0c0354bb5f9a3ecbe5ed12ab4d8e11ba873c2f11161202b945,744cb21fcd53c9919cacd4f20806dff8a61608e07189e592537e1518ab8de6d0,2c1cee02c3cd9e792c8bdb68cb502c73097197830a76353ae92ad23ed4ceae04,true,true,true,true,true
150,5300000,7,fd0_equal_persistence,efficacy_and_persistence,reference,1/1/2/0/0;0/0/2/0/0,1|0,0,0,0,0,0,0,0,1,1,47,4f53cda18c2baa0c0354bb5f9a3ecbe5ed12ab4d8e11ba873c2f11161202b945,fdd53932bf59840d7fedf359a5db8bf87804d154a0a1f302f74e2d38b953ef88,bbf1cb4b70cda02b165f5ae15aed1297c79982a01591a1d97b2a261a9272f57c,true,true,true,true,true
150,5300000,7,fd0_equal_persistence,efficacy_and_persistence,production,1/1/2/0/0;0/0/2/0/0,1|0,0,0,0,0,0,0,0,1,1,47,4f53cda18c2baa0c0354bb5f9a3ecbe5ed12ab4d8e11ba873c2f11161202b945,fdd53932bf59840d7fedf359a5db8bf87804d154a0a1f302f74e2d38b953ef88,f3a157a67832824e9976b8b43d057c0c9f2beadefdc05f696249f01853073442,true,true,true,true,true
151,5300000,7,fd1_consolidation,persistence_only,reference,1/4/1/4026531840/4026531840;1/1/1/4026531840/0,4026531840|0,5,1,3,1,0,0,0,0,7,8,f7bb71c4f8b7e44c2083d644433eed2e6092205fcd35a2bc7d55ae4733d362d8,23059cc86a0d0f3de608bbede123bc0e190f84751e34b7e6779590c62c5a698a,b23730fff19e331b5bf27bf0aa17c411a83a7168855558285a6c03e530f7abe1,true,true,true,true,true
151,5300000,7,fd1_consolidation,persistence_only,production,1/4/1/4026531840/4026531840;1/1/1/4026531840/0,4026531840|0,5,1,3,1,0,0,0,0,7,8,f7bb71c4f8b7e44c2083d644433eed2e6092205fcd35a2bc7d55ae4733d362d8,23059cc86a0d0f3de608bbede123bc0e190f84751e34b7e6779590c62c5a698a,110f54cb28bdb839a5b3b9cb463ab926e3241a6876001f12c736b6c0e27bb0da,true,true,true,true,true
152,5300000,7,fd1_consolidation,efficacy_and_persistence,reference,1/4/2/4026531840/4026531840;1/1/2/4026531840/0,4026531840|0,5,1,3,1,0,0,0,0,7,8,364091db1a36293de81009950b6f09a98e2eb3d2329e141eb1b394ee11691211,16e3efda1054298d025f2d8e6dfa8f0cfc87abb8279c7450a6229fac1a848c68,7d7b0187f5c3c753bf7519de562f9ba03bb83a99e65b6e240e1511e0ea1c4273,true,true,true,true,true
152,5300000,7,fd1_consolidation,efficacy_and_persistence,production,1/4/2/4026531840/4026531840;1/1/2/4026531840/0,4026531840|0,5,1,3,1,0,0,0,0,7,8,364091db1a36293de81009950b6f09a98e2eb3d2329e141eb1b394ee11691211,16e3efda1054298d025f2d8e6dfa8f0cfc87abb8279c7450a6229fac1a848c68,84135040e49b6ab77e5638a9ff5330f460624f29feebc3eb2763df336f6e63a7,true,true,true,true,true
153,5300000,7,threshold_1_already_executable,persistence_only,reference,1/4/1/4294967296/0,1|1,3,0,2,0,0,1,0,0,3,7,89087f8cdb9bb59f472e9f70118d8ab0771d426773348f06bb881f774c901840,0c898e7f87eb2c6c748df5453d345ed68d6836d9a788894eeea2c2ce83e9edf7,ab402d310857b90971006b8a6d2a05258870d66ccab405f856f188b2cb595085,true,true,true,true,true
153,5300000,7,threshold_1_already_executable,persistence_only,production,1/4/1/4294967296/0,1|1,3,0,2,0,0,1,0,0,3,7,89087f8cdb9bb59f472e9f70118d8ab0771d426773348f06bb881f774c901840,0c898e7f87eb2c6c748df5453d345ed68d6836d9a788894eeea2c2ce83e9edf7,ab402d310857b90971006b8a6d2a05258870d66ccab405f856f188b2cb595085,true,true,true,true,true
154,5300000,7,threshold_1_already_executable,efficacy_and_persistence,reference,1/4/2/4294967296/0,1|1,3,0,2,0,0,1,0,0,3,7,876b72314e994a7e5630e93767a732eeb1da6541d3c805c73b3acf96cbefc8d2,9eeee3cfa562d848a7dbe1aa32096afd808be08b883073102a79514446292a07,9350c194ad8b3d289b9579788bee9b1d84717fd3d495f618f27214179e7bcd2a,true,true,true,true,true
154,5300000,7,threshold_1_already_executable,efficacy_and_persistence,production,1/4/2/4294967296/0,1|1,3,0,2,0,0,1,0,0,3,7,876b72314e994a7e5630e93767a732eeb1da6541d3c805c73b3acf96cbefc8d2,9eeee3cfa562d848a7dbe1aa32096afd808be08b883073102a79514446292a07,9350c194ad8b3d289b9579788bee9b1d84717fd3d495f618f27214179e7bcd2a,true,true,true,true,true
155,5300000,7,threshold_2_acquired_efficacy,persistence_only,reference,1/4/1/4294967296/0;1/1/1/4294967296/0,0|0|0,4,0,2,0,0,0,0,0,4,7,228047753e5c8ce56f40eb1957fc9cfd12b108f9e630837c13593e130db9bac8,a399aaf0be1453a2ae75101af7f833f4cb0e2d9f1696e20f2c0d69b735213b45,e6d2d6f171938b8d92f1a4550fe345dec0df5e0183aaf89e5fab7264f351eab0,true,true,true,true,true
155,5300000,7,threshold_2_acquired_efficacy,persistence_only,production,1/4/1/4294967296/0;1/1/1/4294967296/0,0|0|0,4,0,2,0,0,0,0,0,4,7,228047753e5c8ce56f40eb1957fc9cfd12b108f9e630837c13593e130db9bac8,a399aaf0be1453a2ae75101af7f833f4cb0e2d9f1696e20f2c0d69b735213b45,e6d2d6f171938b8d92f1a4550fe345dec0df5e0183aaf89e5fab7264f351eab0,true,true,true,true,true
156,5300000,7,threshold_2_acquired_efficacy,efficacy_and_persistence,reference,1/4/2/4294967296/0;1/1/1/4294967296/0,1|0|1,5,0,3,0,0,1,0,0,5,7,7eae0cf691972a62ab70edde35ab1f30b14a8f98d316d8aeda44b99c1ba2319a,be10356bb5548e7ba580c054778c2f458ff5777d05ae7f43925951e450f4962b,92e1b4aa67fcfcd29a0e76266632ded31f7199a5e4d4ce669ab57d920f59d6b7,true,true,true,true,true
156,5300000,7,threshold_2_acquired_efficacy,efficacy_and_persistence,production,1/4/2/4294967296/0;1/1/1/4294967296/0,1|0|1,5,0,3,0,0,1,0,0,5,7,7eae0cf691972a62ab70edde35ab1f30b14a8f98d316d8aeda44b99c1ba2319a,be10356bb5548e7ba580c054778c2f458ff5777d05ae7f43925951e450f4962b,92e1b4aa67fcfcd29a0e76266632ded31f7199a5e4d4ce669ab57d920f59d6b7,true,true,true,true,true
157,5300000,7,threshold_3_still_insufficient,persistence_only,reference,1/4/1/4294967296/0,0|0,2,0,1,0,0,0,0,0,2,7,4241c4dd76f32f9a3ddb1f5b3a048f0b13a5b401a4b451545e0d0020b540e7f1,ec744c9d466a34c48ba868944b66d3f80eeae3a7554401cb9f1901663159931c,c06b4f5bfa8a63778defaafcc4df5d8daff3c401353c97da5d5d9dc8e06fa7c6,true,true,true,true,true
157,5300000,7,threshold_3_still_insufficient,persistence_only,production,1/4/1/4294967296/0,0|0,2,0,1,0,0,0,0,0,2,7,4241c4dd76f32f9a3ddb1f5b3a048f0b13a5b401a4b451545e0d0020b540e7f1,ec744c9d466a34c48ba868944b66d3f80eeae3a7554401cb9f1901663159931c,c06b4f5bfa8a63778defaafcc4df5d8daff3c401353c97da5d5d9dc8e06fa7c6,true,true,true,true,true
158,5300000,7,threshold_3_still_insufficient,efficacy_and_persistence,reference,1/4/2/4294967296/0,0|0,2,0,1,0,0,0,0,0,2,7,0f0e4b8a30c14c1f6ade241ba2ff08b577acccabe45fbaf2a132487f88d5eba0,bba48bb062192a99d74e194cedcf9119164f1d34907c6ab35c21293ab04afdaa,3033e9ca7941d07500e9a5fd948003aecc7ea0bc3c9ee08a80b4160eeffe4684,true,true,true,true,true
158,5300000,7,threshold_3_still_insufficient,efficacy_and_persistence,production,1/4/2/4294967296/0,0|0,2,0,1,0,0,0,0,0,2,7,0f0e4b8a30c14c1f6ade241ba2ff08b577acccabe45fbaf2a132487f88d5eba0,bba48bb062192a99d74e194cedcf9119164f1d34907c6ab35c21293ab04afdaa,3033e9ca7941d07500e9a5fd948003aecc7ea0bc3c9ee08a80b4160eeffe4684,true,true,true,true,true
159,5300000,7,threshold_2_two_physical_inputs,persistence_only,reference,1/4/1/4294967296/0;1/4/1/4294967296/0,1|1,5,0,3,0,0,1,0,0,5,7,8844fe0351cd7c85249ea3e2700d99a1334a4a6c8e2733b31a88fecb55f1ae8e,0c1b7c0b69153af38127431b2a3f2f1e22ae42e4d321a99995216c1e4fee6b9a,447e8eb7a793d70a964e5ceb869de02c55421bfff21018d887b6c51cddedec8a,true,true,true,true,true
159,5300000,7,threshold_2_two_physical_inputs,persistence_only,production,1/4/1/4294967296/0;1/4/1/4294967296/0,1|1,5,0,3,0,0,1,0,0,5,7,8844fe0351cd7c85249ea3e2700d99a1334a4a6c8e2733b31a88fecb55f1ae8e,0c1b7c0b69153af38127431b2a3f2f1e22ae42e4d321a99995216c1e4fee6b9a,447e8eb7a793d70a964e5ceb869de02c55421bfff21018d887b6c51cddedec8a,true,true,true,true,true
160,5300000,7,threshold_2_two_physical_inputs,efficacy_and_persistence,reference,1/4/1/4294967296/0;1/4/1/4294967296/0,1|1,5,0,3,0,0,1,0,0,5,7,29aa707c1e381185c9dc2b7ce38b2ad2c4958620d817605c2501fb759dc2d7f1,6192b135a2e20dd512fbddd9269ef25f684cb1a96ec7c9c4b74c44f7cdfd49f0,ec7f08503d3149d1d34fe4f61636e3fc12a50fff72059315309e7f3100769f78,true,true,true,true,true
160,5300000,7,threshold_2_two_physical_inputs,efficacy_and_persistence,production,1/4/1/4294967296/0;1/4/1/4294967296/0,1|1,5,0,3,0,0,1,0,0,5,7,29aa707c1e381185c9dc2b7ce38b2ad2c4958620d817605c2501fb759dc2d7f1,6192b135a2e20dd512fbddd9269ef25f684cb1a96ec7c9c4b74c44f7cdfd49f0,ec7f08503d3149d1d34fe4f61636e3fc12a50fff72059315309e7f3100769f78,true,true,true,true,true
161,5300000,8,cpc0_contact_locality,persistence_only,reference,1/7/1/4026531840/4026531840;1/4/1/4026531840/0,4026531840|0,6,1,4,1,0,0,0,0,8,9,8a02f49716c9eb3cd32c5b77c96f556392417f3d2bd9b98475e2a72e4ec85cc5,5d21a241db2871bc20d007807f439ea3b70228f76a6e29f4a37a0d1813fc513c,f10c3302fd5f0e0fd3ab366ca47a1707ba0c615464a9c365e9bfe2ed533095fb,true,true,true,true,true
161,5300000,8,cpc0_contact_locality,persistence_only,production,1/7/1/4026531840/4026531840;1/4/1/4026531840/0,4026531840|0,6,1,4,1,0,0,0,0,8,9,8a02f49716c9eb3cd32c5b77c96f556392417f3d2bd9b98475e2a72e4ec85cc5,5d21a241db2871bc20d007807f439ea3b70228f76a6e29f4a37a0d1813fc513c,ede1fd70931b388dd724b33efc57b91a829a4914b5d4aacad06b499b2de8642f,true,true,true,true,true
162,5300000,8,cpc0_contact_locality,efficacy_and_persistence,reference,1/7/2/4026531840/4026531840;1/4/2/4026531840/0,4026531840|0,6,1,4,1,0,0,0,0,8,9,595c77bde4e74f7dd57e141ac6403b4b51fd3b7a1f5339859a54bd7a3b5f808e,25bc55597d7464edc810fef74b7495f3a557acbba932620ad296d801994f84d3,a3085557c16a87f9b5f27cdcb2788431eeef430022fec733035b1579df4816ae,true,true,true,true,true
162,5300000,8,cpc0_contact_locality,efficacy_and_persistence,production,1/7/2/4026531840/4026531840;1/4/2/4026531840/0,4026531840|0,6,1,4,1,0,0,0,0,8,9,595c77bde4e74f7dd57e141ac6403b4b51fd3b7a1f5339859a54bd7a3b5f808e,25bc55597d7464edc810fef74b7495f3a557acbba932620ad296d801994f84d3,7211aa0d3fc04e4485f0c93eb3a66ede35ead010584e07537ab6a4f28e92d7b7,true,true,true,true,true
163,5300000,8,cpc1_temporal_participation,persistence_only,reference,1/6/1/1979772000/4026531840;1/5/1/1979772000/1979772000;1/7/1/1979772000/3110400000;1/7/1/1979772000/3110400000;1/7/1/4542662625/7136931840,4026531840|1979772000|3110400000|3110400000|7136931840,19,5,12,5,0,0,0,0,29,20,74c4d3b568ed67c0af01356154d1ed40969b2e6e17c64eefbfbd4a3dd21c11f4,fb20b0e89201baaa171b1f297a5c77507d0d1d8e66cd15139cd31b4940fbd950,f95e344d8971689c510fba7dbc2474605a401999aeffa3ecc956262c9aed7205,true,true,true,true,true
163,5300000,8,cpc1_temporal_participation,persistence_only,production,1/6/1/1979772000/4026531840;1/5/1/1979772000/1979772000;1/7/1/1979772000/3110400000;1/7/1/1979772000/3110400000;1/7/1/4542662625/7136931840,4026531840|1979772000|3110400000|3110400000|7136931840,19,5,12,5,0,0,0,0,29,20,74c4d3b568ed67c0af01356154d1ed40969b2e6e17c64eefbfbd4a3dd21c11f4,fb20b0e89201baaa171b1f297a5c77507d0d1d8e66cd15139cd31b4940fbd950,e041651df4187f3924d94f11b3febc97426be7b91153447652e0420c90b6e92d,true,true,true,true,true
164,5300000,8,cpc1_temporal_participation,efficacy_and_persistence,reference,1/6/2/1979772000/4026531840;1/5/2/1979772000/1979772000;1/7/2/1979772000/3110400000;1/7/2/1979772000/3110400000;1/7/2/4542662625/7136931840,4026531840|1979772000|3110400000|3110400000|7136931840,19,5,12,5,0,0,0,0,29,20,20edbdd09e9315803b7079e52469cb10775114809a9a9cac8ce86a6203187d7d,2a81415d36bfe9ac09e04c88ed64e85eac47fafadf9ba4dc510865a3a5c2f491,d2115214d7f0af11404f33c503337182ddc4989125de49f2a4582ee30b8f16dd,true,true,true,true,true
164,5300000,8,cpc1_temporal_participation,efficacy_and_persistence,production,1/6/2/1979772000/4026531840;1/5/2/1979772000/1979772000;1/7/2/1979772000/3110400000;1/7/2/1979772000/3110400000;1/7/2/4542662625/7136931840,4026531840|1979772000|3110400000|3110400000|7136931840,19,5,12,5,0,0,0,0,29,20,20edbdd09e9315803b7079e52469cb10775114809a9a9cac8ce86a6203187d7d,2a81415d36bfe9ac09e04c88ed64e85eac47fafadf9ba4dc510865a3a5c2f491,05c5c68961cc0b1c8dcd10d334f3e160144ca3aa375e397d38808b0ac7aba97d,true,true,true,true,true
165,5300000,8,pqlc0_one_hop,persistence_only,reference,1/7/1/4026531840/4026531840,1|4026531840,5,2,4,2,1,0,0,0,10,9,158675983b5c43aeffd44099561f362195a6d10b938a188999392c64a694d7bf,82fb0c3237301212d15a38c5a0f220c0289c9ea27be2c69a4211e0c504dd0103,864175ed1c7e19851f22ea5d513e99c5fba0f36af5539cae4f9af7b5aa890a9d,true,true,true,true,true
165,5300000,8,pqlc0_one_hop,persistence_only,production,1/7/1/4026531840/4026531840,1|4026531840,5,2,4,2,1,0,0,0,10,9,158675983b5c43aeffd44099561f362195a6d10b938a188999392c64a694d7bf,82fb0c3237301212d15a38c5a0f220c0289c9ea27be2c69a4211e0c504dd0103,20b3519ccde436f5876f01da3e5b5847a35228284b6532905ce85d9007c962aa,true,true,true,true,true
166,5300000,8,pqlc0_one_hop,efficacy_and_persistence,reference,1/7/2/4026531840/4026531840,1|4026531840,5,2,4,2,1,0,0,0,10,9,5cb47543049ccef62b5a12c401488729ae7cc870432f36b9e21186e8165fb16a,bd4604d0940ebf3b52437153a33f5edae6b1d85357a12e7b40fd5b77870a0563,0b0d9de436f6f7355fd1d022342d2d95f235a5029d96d558ffbd3b75b4f4b155,true,true,true,true,true
166,5300000,8,pqlc0_one_hop,efficacy_and_persistence,production,1/7/2/4026531840/4026531840,1|4026531840,5,2,4,2,1,0,0,0,10,9,5cb47543049ccef62b5a12c401488729ae7cc870432f36b9e21186e8165fb16a,bd4604d0940ebf3b52437153a33f5edae6b1d85357a12e7b40fd5b77870a0563,1af771e0feb89f81bd3cfaf8b111739ccd106e6cb9032fa37b10de4f1eb108dd,true,true,true,true,true
167,5300000,8,pqlc1_depth_16,persistence_only,reference,1/7/1/4026531840/4026531840;1/7/1/4026531840/4026531840;1/7/1/4026531840/4026531840;1/7/1/4026531840/4026531840;1/7/1/4026531840/4026531840;1/7/1/4026531840/4026531840;1/7/1/4026531840/4026531840;1/7/1/4026531840/4026531840;1/7/1/4026531840/4026531840;1/7/1/4026531840/4026531840;1/7/1/4026531840/4026531840;1/7/1/4026531840/4026531840;1/7/1/4026531840/4026531840;1/7/1/4026531840/4026531840;1/7/1/4026531840/4026531840;1/7/1/4026531840/4026531840,16,19,16,18,16,15,0,0,0,66,9,ed5352ecd91ade7f25dd16248b8d7e926159fd85e8e5938aed4bab3af20dcb02,91edb008854c66ef7cefff8c16ee47463e95230b333c09ccbc04d7de00738c70,30ab5a0772e536c17611714740127d536bc6681064fcbf5d910c75b185570b44,true,true,true,true,true
167,5300000,8,pqlc1_depth_16,persistence_only,production,1/7/1/4026531840/4026531840;1/7/1/4026531840/4026531840;1/7/1/4026531840/4026531840;1/7/1/4026531840/4026531840;1/7/1/4026531840/4026531840;1/7/1/4026531840/4026531840;1/7/1/4026531840/4026531840;1/7/1/4026531840/4026531840;1/7/1/4026531840/4026531840;1/7/1/4026531840/4026531840;1/7/1/4026531840/4026531840;1/7/1/4026531840/4026531840;1/7/1/4026531840/4026531840;1/7/1/4026531840/4026531840;1/7/1/4026531840/4026531840;1/7/1/4026531840/4026531840,16,19,16,18,16,15,0,0,0,66,9,ed5352ecd91ade7f25dd16248b8d7e926159fd85e8e5938aed4bab3af20dcb02,91edb008854c66ef7cefff8c16ee47463e95230b333c09ccbc04d7de00738c70,f1993515e3695fd15651a80c0e80dca4b98bf6dc49e381a4b5614a5df037027c,true,true,true,true,true
168,5300000,8,pqlc1_depth_16,efficacy_and_persistence,reference,1/7/2/4026531840/4026531840;1/7/2/4026531840/4026531840;1/7/2/4026531840/4026531840;1/7/2/4026531840/4026531840;1/7/2/4026531840/4026531840;1/7/2/4026531840/4026531840;1/7/2/4026531840/4026531840;1/7/2/4026531840/4026531840;1/7/2/4026531840/4026531840;1/7/2/4026531840/4026531840;1/7/2/4026531840/4026531840;1/7/2/4026531840/4026531840;1/7/2/4026531840/4026531840;1/7/2/4026531840/4026531840;1/7/2/4026531840/4026531840;1/7/2/4026531840/4026531840,16,19,16,18,16,15,0,0,0,66,9,acb8f3acc9b5f72a7a790fe07cacf7fb95e0beab02564045d1fbee86ac7ee9c4,380532ccc638974f7dc8f7194895688485ebac146f9acb1c5713921c7c175fd9,f3d724396a54c3877f8e6c0af1b55728a2ea524dc87b7fd306f2588903aff95f,true,true,true,true,true
168,5300000,8,pqlc1_depth_16,efficacy_and_persistence,production,1/7/2/4026531840/4026531840;1/7/2/4026531840/4026531840;1/7/2/4026531840/4026531840;1/7/2/4026531840/4026531840;1/7/2/4026531840/4026531840;1/7/2/4026531840/4026531840;1/7/2/4026531840/4026531840;1/7/2/4026531840/4026531840;1/7/2/4026531840/4026531840;1/7/2/4026531840/4026531840;1/7/2/4026531840/4026531840;1/7/2/4026531840/4026531840;1/7/2/4026531840/4026531840;1/7/2/4026531840/4026531840;1/7/2/4026531840/4026531840;1/7/2/4026531840/4026531840,16,19,16,18,16,15,0,0,0,66,9,acb8f3acc9b5f72a7a790fe07cacf7fb95e0beab02564045d1fbee86ac7ee9c4,380532ccc638974f7dc8f7194895688485ebac146f9acb1c5713921c7c175fd9,3cbc1d9b0c9ef3edb57ae1727bd26ee3a49d385722182bad26f1d77fb3084f78,true,true,true,true,true
169,5300000,8,fd0_equal_persistence,persistence_only,reference,1/1/1/0/0;0/0/1/0/0,1|0,0,0,0,0,0,0,0,1,1,48,4f53cda18c2baa0c0354bb5f9a3ecbe5ed12ab4d8e11ba873c2f11161202b945,744cb21fcd53c9919cacd4f20806dff8a61608e07189e592537e1518ab8de6d0,165a3b74b5196d0217b4b2d2c21206d5cf3b47d69569995d4f0767a5521ed46d,true,true,true,true,true
169,5300000,8,fd0_equal_persistence,persistence_only,production,1/1/1/0/0;0/0/1/0/0,1|0,0,0,0,0,0,0,0,1,1,48,4f53cda18c2baa0c0354bb5f9a3ecbe5ed12ab4d8e11ba873c2f11161202b945,744cb21fcd53c9919cacd4f20806dff8a61608e07189e592537e1518ab8de6d0,ce974cbbf9774df1cfb29515cb7d41623e8f56e928d4fe6870f3768dbdd009a3,true,true,true,true,true
170,5300000,8,fd0_equal_persistence,efficacy_and_persistence,reference,1/1/2/0/0;0/0/2/0/0,1|0,0,0,0,0,0,0,0,1,1,48,4f53cda18c2baa0c0354bb5f9a3ecbe5ed12ab4d8e11ba873c2f11161202b945,fdd53932bf59840d7fedf359a5db8bf87804d154a0a1f302f74e2d38b953ef88,77b5be27e55047f0234044d8c4b73cf7ffebda6f892ca4ed937f8536b1f3c114,true,true,true,true,true
170,5300000,8,fd0_equal_persistence,efficacy_and_persistence,production,1/1/2/0/0;0/0/2/0/0,1|0,0,0,0,0,0,0,0,1,1,48,4f53cda18c2baa0c0354bb5f9a3ecbe5ed12ab4d8e11ba873c2f11161202b945,fdd53932bf59840d7fedf359a5db8bf87804d154a0a1f302f74e2d38b953ef88,f6c16900c563cae1c9910665e6311eabde06ddb95fba70d8d92066538167a364,true,true,true,true,true
171,5300000,8,fd1_consolidation,persistence_only,reference,1/4/1/4026531840/4026531840;1/1/1/4026531840/0,4026531840|0,5,1,3,1,0,0,0,0,7,9,bc616f9a0db3a71c8a8a887ef677b98ca6a69ab2dde0afb00e83a516af777f39,23059cc86a0d0f3de608bbede123bc0e190f84751e34b7e6779590c62c5a698a,4cdf0a5f62101a57abdcebd47451314e909fabe6030f8eba08da1a4f98470e95,true,true,true,true,true
171,5300000,8,fd1_consolidation,persistence_only,production,1/4/1/4026531840/4026531840;1/1/1/4026531840/0,4026531840|0,5,1,3,1,0,0,0,0,7,9,bc616f9a0db3a71c8a8a887ef677b98ca6a69ab2dde0afb00e83a516af777f39,23059cc86a0d0f3de608bbede123bc0e190f84751e34b7e6779590c62c5a698a,eab038d74e63ac04eac62c002821ae2156247cc67f06a6114e422e0578147f4c,true,true,true,true,true
172,5300000,8,fd1_consolidation,efficacy_and_persistence,reference,1/4/2/4026531840/4026531840;1/1/2/4026531840/0,4026531840|0,5,1,3,1,0,0,0,0,7,9,cba58f4fb28e29345a74273ba9eb34fef02b8d5ceea3f1f698ebbc1a4e6efb84,16e3efda1054298d025f2d8e6dfa8f0cfc87abb8279c7450a6229fac1a848c68,67e144ed0d7605303a459b7c2157b66de9947aa8cc3bcb3f2e44bd20b9688153,true,true,true,true,true
172,5300000,8,fd1_consolidation,efficacy_and_persistence,production,1/4/2/4026531840/4026531840;1/1/2/4026531840/0,4026531840|0,5,1,3,1,0,0,0,0,7,9,cba58f4fb28e29345a74273ba9eb34fef02b8d5ceea3f1f698ebbc1a4e6efb84,16e3efda1054298d025f2d8e6dfa8f0cfc87abb8279c7450a6229fac1a848c68,48f2c96cdf72f256d57dc9e101a55897db98988c54724ffd12970124fb2ba8cb,true,true,true,true,true
173,5300000,8,threshold_1_already_executable,persistence_only,reference,1/4/1/4294967296/0,1|1,3,0,2,0,0,1,0,0,3,8,75545dcd6b33fd548172cbfaa568da8fd830f63ac80bb08a2e90cdad5153fdf1,0c898e7f87eb2c6c748df5453d345ed68d6836d9a788894eeea2c2ce83e9edf7,b1257e292d8a9b005981c16cd9559e9921cef3bb07580d386508d9b7f5bdc43c,true,true,true,true,true
173,5300000,8,threshold_1_already_executable,persistence_only,production,1/4/1/4294967296/0,1|1,3,0,2,0,0,1,0,0,3,8,75545dcd6b33fd548172cbfaa568da8fd830f63ac80bb08a2e90cdad5153fdf1,0c898e7f87eb2c6c748df5453d345ed68d6836d9a788894eeea2c2ce83e9edf7,b1257e292d8a9b005981c16cd9559e9921cef3bb07580d386508d9b7f5bdc43c,true,true,true,true,true
174,5300000,8,threshold_1_already_executable,efficacy_and_persistence,reference,1/4/2/4294967296/0,1|1,3,0,2,0,0,1,0,0,3,8,04e799862fda43f63c1d4c459c1ac04304d24abe65787386769bc6e24edb6655,9eeee3cfa562d848a7dbe1aa32096afd808be08b883073102a79514446292a07,922e145696a85c8eaa00f522f4ae07cbc24df86cc10c35f471312a760bc32e8d,true,true,true,true,true
174,5300000,8,threshold_1_already_executable,efficacy_and_persistence,production,1/4/2/4294967296/0,1|1,3,0,2,0,0,1,0,0,3,8,04e799862fda43f63c1d4c459c1ac04304d24abe65787386769bc6e24edb6655,9eeee3cfa562d848a7dbe1aa32096afd808be08b883073102a79514446292a07,922e145696a85c8eaa00f522f4ae07cbc24df86cc10c35f471312a760bc32e8d,true,true,true,true,true
175,5300000,8,threshold_2_acquired_efficacy,persistence_only,reference,1/4/1/4294967296/0;1/1/1/4294967296/0,0|0|0,4,0,2,0,0,0,0,0,4,8,cab9d57ab6e8c7381cd54959b1f081819b525f97111de71db4ae439fbdc764e1,a399aaf0be1453a2ae75101af7f833f4cb0e2d9f1696e20f2c0d69b735213b45,761b5fc26db431d138521b60296b4829db9c3841a26a6ef375bfecc71c72bcac,true,true,true,true,true
175,5300000,8,threshold_2_acquired_efficacy,persistence_only,production,1/4/1/4294967296/0;1/1/1/4294967296/0,0|0|0,4,0,2,0,0,0,0,0,4,8,cab9d57ab6e8c7381cd54959b1f081819b525f97111de71db4ae439fbdc764e1,a399aaf0be1453a2ae75101af7f833f4cb0e2d9f1696e20f2c0d69b735213b45,761b5fc26db431d138521b60296b4829db9c3841a26a6ef375bfecc71c72bcac,true,true,true,true,true
176,5300000,8,threshold_2_acquired_efficacy,efficacy_and_persistence,reference,1/4/2/4294967296/0;1/1/1/4294967296/0,1|0|1,5,0,3,0,0,1,0,0,5,8,8dd0912a43e76276f60adeb3a1ccfb741ad0346ca97998aa2fb24da148cc5d76,be10356bb5548e7ba580c054778c2f458ff5777d05ae7f43925951e450f4962b,c31f54d0c624b2b13aa9160c48400ea698dd76da9f428ae8fe1fcacbfc6322c0,true,true,true,true,true
176,5300000,8,threshold_2_acquired_efficacy,efficacy_and_persistence,production,1/4/2/4294967296/0;1/1/1/4294967296/0,1|0|1,5,0,3,0,0,1,0,0,5,8,8dd0912a43e76276f60adeb3a1ccfb741ad0346ca97998aa2fb24da148cc5d76,be10356bb5548e7ba580c054778c2f458ff5777d05ae7f43925951e450f4962b,c31f54d0c624b2b13aa9160c48400ea698dd76da9f428ae8fe1fcacbfc6322c0,true,true,true,true,true
177,5300000,8,threshold_3_still_insufficient,persistence_only,reference,1/4/1/4294967296/0,0|0,2,0,1,0,0,0,0,0,2,8,a3fb08245bfed6a3a5f7cd88ec7dbca7630ae06422cd15519f6fcbce7fa70820,ec744c9d466a34c48ba868944b66d3f80eeae3a7554401cb9f1901663159931c,f5b4a193800df01f593b630a518e3c1ab55c89c1b8b6cba955a5db0cc27643e5,true,true,true,true,true
177,5300000,8,threshold_3_still_insufficient,persistence_only,production,1/4/1/4294967296/0,0|0,2,0,1,0,0,0,0,0,2,8,a3fb08245bfed6a3a5f7cd88ec7dbca7630ae06422cd15519f6fcbce7fa70820,ec744c9d466a34c48ba868944b66d3f80eeae3a7554401cb9f1901663159931c,f5b4a193800df01f593b630a518e3c1ab55c89c1b8b6cba955a5db0cc27643e5,true,true,true,true,true
178,5300000,8,threshold_3_still_insufficient,efficacy_and_persistence,reference,1/4/2/4294967296/0,0|0,2,0,1,0,0,0,0,0,2,8,c6f887a37fdd9945b5727ed31713b199f509a23bce76e9875815286b7b5da3d8,bba48bb062192a99d74e194cedcf9119164f1d34907c6ab35c21293ab04afdaa,ac2a17c8f6dde1628fcb7ddbe14cc8dd535ed9c890dfc314d6ed2b1f572ac582,true,true,true,true,true
178,5300000,8,threshold_3_still_insufficient,efficacy_and_persistence,production,1/4/2/4294967296/0,0|0,2,0,1,0,0,0,0,0,2,8,c6f887a37fdd9945b5727ed31713b199f509a23bce76e9875815286b7b5da3d8,bba48bb062192a99d74e194cedcf9119164f1d34907c6ab35c21293ab04afdaa,ac2a17c8f6dde1628fcb7ddbe14cc8dd535ed9c890dfc314d6ed2b1f572ac582,true,true,true,true,true
179,5300000,8,threshold_2_two_physical_inputs,persistence_only,reference,1/4/1/4294967296/0;1/4/1/4294967296/0,1|1,5,0,3,0,0,1,0,0,5,8,b8aa6f64359c7261c78d53aec99585b3b9d44345123cccb0d934e94f5b072547,0c1b7c0b69153af38127431b2a3f2f1e22ae42e4d321a99995216c1e4fee6b9a,1bca28d34ab88d511ffea6180e6005258cfded170988d908ec6c3d5a30844dda,true,true,true,true,true
179,5300000,8,threshold_2_two_physical_inputs,persistence_only,production,1/4/1/4294967296/0;1/4/1/4294967296/0,1|1,5,0,3,0,0,1,0,0,5,8,b8aa6f64359c7261c78d53aec99585b3b9d44345123cccb0d934e94f5b072547,0c1b7c0b69153af38127431b2a3f2f1e22ae42e4d321a99995216c1e4fee6b9a,1bca28d34ab88d511ffea6180e6005258cfded170988d908ec6c3d5a30844dda,true,true,true,true,true
180,5300000,8,threshold_2_two_physical_inputs,efficacy_and_persistence,reference,1/4/1/4294967296/0;1/4/1/4294967296/0,1|1,5,0,3,0,0,1,0,0,5,8,5b202cf90c1f70965583be9208e6a98daf32b4ae6fc00fb0d999981ddf625946,6192b135a2e20dd512fbddd9269ef25f684cb1a96ec7c9c4b74c44f7cdfd49f0,a6d1d19a3bc7ff4d124ea94c8f462e8912a96ca304eaee10774694bfad693a82,true,true,true,true,true
180,5300000,8,threshold_2_two_physical_inputs,efficacy_and_persistence,production,1/4/1/4294967296/0;1/4/1/4294967296/0,1|1,5,0,3,0,0,1,0,0,5,8,5b202cf90c1f70965583be9208e6a98daf32b4ae6fc00fb0d999981ddf625946,6192b135a2e20dd512fbddd9269ef25f684cb1a96ec7c9c4b74c44f7cdfd49f0,a6d1d19a3bc7ff4d124ea94c8f462e8912a96ca304eaee10774694bfad693a82,true,true,true,true,true
181,5300000,9,cpc0_contact_locality,persistence_only,reference,1/7/1/4026531840/4026531840;1/4/1/4026531840/0,4026531840|0,6,1,4,1,0,0,0,0,8,10,43f01f1ea03d86121a316a9f124398a294ed6aedd1bcc404565e93f8183e0760,5d21a241db2871bc20d007807f439ea3b70228f76a6e29f4a37a0d1813fc513c,50d24aa837f8355f5c2e556b9d974aba09cc548e17493c929d3c04448a96438b,true,true,true,true,true
181,5300000,9,cpc0_contact_locality,persistence_only,production,1/7/1/4026531840/4026531840;1/4/1/4026531840/0,4026531840|0,6,1,4,1,0,0,0,0,8,10,43f01f1ea03d86121a316a9f124398a294ed6aedd1bcc404565e93f8183e0760,5d21a241db2871bc20d007807f439ea3b70228f76a6e29f4a37a0d1813fc513c,284b0faa6e65c6ec69b784cfc2421db311a1e183a7f786892ed71c78fdaa5a7b,true,true,true,true,true
182,5300000,9,cpc0_contact_locality,efficacy_and_persistence,reference,1/7/2/4026531840/4026531840;1/4/2/4026531840/0,4026531840|0,6,1,4,1,0,0,0,0,8,10,eb6a8273d0147a20bcdfade054260a18754df35a83f3d031a879132efa1c2576,25bc55597d7464edc810fef74b7495f3a557acbba932620ad296d801994f84d3,ebc43519c4ace1ad0704c3ea46ca9114205cb1e775455782317c04bfc074ad78,true,true,true,true,true
182,5300000,9,cpc0_contact_locality,efficacy_and_persistence,production,1/7/2/4026531840/4026531840;1/4/2/4026531840/0,4026531840|0,6,1,4,1,0,0,0,0,8,10,eb6a8273d0147a20bcdfade054260a18754df35a83f3d031a879132efa1c2576,25bc55597d7464edc810fef74b7495f3a557acbba932620ad296d801994f84d3,89ce3077637165b80014a2bd3aff388bed0b72b7a135c4982e0b6aca5b35900d,true,true,true,true,true
183,5300000,9,cpc1_temporal_participation,persistence_only,reference,1/6/1/1979772000/4026531840;1/5/1/1979772000/1979772000;1/7/1/1979772000/3110400000;1/7/1/1979772000/3110400000;1/7/1/4542662625/7136931840,4026531840|1979772000|3110400000|3110400000|7136931840,19,5,12,5,0,0,0,0,29,21,69eadf594b38a2a7ae234d0bddc375cf39a4c274c098b1b9b534d1d7edc25251,fb20b0e89201baaa171b1f297a5c77507d0d1d8e66cd15139cd31b4940fbd950,44968c16e9c2b60c3dfa2f1e5c994b773de2ec88e0a7fb6ba2696f65769b7940,true,true,true,true,true
183,5300000,9,cpc1_temporal_participation,persistence_only,production,1/6/1/1979772000/4026531840;1/5/1/1979772000/1979772000;1/7/1/1979772000/3110400000;1/7/1/1979772000/3110400000;1/7/1/4542662625/7136931840,4026531840|1979772000|3110400000|3110400000|7136931840,19,5,12,5,0,0,0,0,29,21,69eadf594b38a2a7ae234d0bddc375cf39a4c274c098b1b9b534d1d7edc25251,fb20b0e89201baaa171b1f297a5c77507d0d1d8e66cd15139cd31b4940fbd950,851a1978d0b74f8a77e203622174ce2884ed5cedd072ab7658e41c9217fa474c,true,true,true,true,true
184,5300000,9,cpc1_temporal_participation,efficacy_and_persistence,reference,1/6/2/1979772000/4026531840;1/5/2/1979772000/1979772000;1/7/2/1979772000/3110400000;1/7/2/1979772000/3110400000;1/7/2/4542662625/7136931840,4026531840|1979772000|3110400000|3110400000|7136931840,19,5,12,5,0,0,0,0,29,21,739c290f3c1574034ec9bbdedc2030acacf1a829b8eff7e2f5bdeb5b45509ad5,2a81415d36bfe9ac09e04c88ed64e85eac47fafadf9ba4dc510865a3a5c2f491,9692cab117e4395fa6ffc52a02bd9ca92cba9c5d0eaf552cb7b20cc36b85ba7a,true,true,true,true,true
184,5300000,9,cpc1_temporal_participation,efficacy_and_persistence,production,1/6/2/1979772000/4026531840;1/5/2/1979772000/1979772000;1/7/2/1979772000/3110400000;1/7/2/1979772000/3110400000;1/7/2/4542662625/7136931840,4026531840|1979772000|3110400000|3110400000|7136931840,19,5,12,5,0,0,0,0,29,21,739c290f3c1574034ec9bbdedc2030acacf1a829b8eff7e2f5bdeb5b45509ad5,2a81415d36bfe9ac09e04c88ed64e85eac47fafadf9ba4dc510865a3a5c2f491,dbf4514caf078521d605b5b9fd00c0178c91e6766d11e9a5c29809592c22cdc6,true,true,true,true,true
185,5300000,9,pqlc0_one_hop,persistence_only,reference,1/7/1/4026531840/4026531840,1|4026531840,5,2,4,2,1,0,0,0,10,10,2f997b823f9a9869168ba9168f9483137d0e8c89fbd009921d1916bc0dffcb1d,82fb0c3237301212d15a38c5a0f220c0289c9ea27be2c69a4211e0c504dd0103,1389c0236ca9889417bdeba7f3f2dc4b56b48d5addcf5b12bbf405c3edec9196,true,true,true,true,true
185,5300000,9,pqlc0_one_hop,persistence_only,production,1/7/1/4026531840/4026531840,1|4026531840,5,2,4,2,1,0,0,0,10,10,2f997b823f9a9869168ba9168f9483137d0e8c89fbd009921d1916bc0dffcb1d,82fb0c3237301212d15a38c5a0f220c0289c9ea27be2c69a4211e0c504dd0103,5845f66e1080b6025b8421d20d25938a73885a62dc35a03112788a148f16e66f,true,true,true,true,true
186,5300000,9,pqlc0_one_hop,efficacy_and_persistence,reference,1/7/2/4026531840/4026531840,1|4026531840,5,2,4,2,1,0,0,0,10,10,b14d39e54666aead250619377393cbdfd329081795439d1649207941fb0beb34,bd4604d0940ebf3b52437153a33f5edae6b1d85357a12e7b40fd5b77870a0563,6c4a4c32c6316e2ec2014ebf3d07a6159a46163f3782f083774413103280b244,true,true,true,true,true
186,5300000,9,pqlc0_one_hop,efficacy_and_persistence,production,1/7/2/4026531840/4026531840,1|4026531840,5,2,4,2,1,0,0,0,10,10,b14d39e54666aead250619377393cbdfd329081795439d1649207941fb0beb34,bd4604d0940ebf3b52437153a33f5edae6b1d85357a12e7b40fd5b77870a0563,47ba88db8547c1432ced47e89fb9c5110f1dbad020c01468dd2f502de27c179e,true,true,true,true,true
187,5300000,9,pqlc1_depth_16,persistence_only,reference,1/7/1/4026531840/4026531840;1/7/1/4026531840/4026531840;1/7/1/4026531840/4026531840;1/7/1/4026531840/4026531840;1/7/1/4026531840/4026531840;1/7/1/4026531840/4026531840;1/7/1/4026531840/4026531840;1/7/1/4026531840/4026531840;1/7/1/4026531840/4026531840;1/7/1/4026531840/4026531840;1/7/1/4026531840/4026531840;1/7/1/4026531840/4026531840;1/7/1/4026531840/4026531840;1/7/1/4026531840/4026531840;1/7/1/4026531840/4026531840;1/7/1/4026531840/4026531840,16,19,16,18,16,15,0,0,0,66,10,0180bfd8fe3bee06d269b0f61e9dcea18935c632f6da70e96447ffb7b5535658,91edb008854c66ef7cefff8c16ee47463e95230b333c09ccbc04d7de00738c70,b6677d4cd1bbe4ffcb08fe44922c3e7ebd04d5e244b23beb130e655bf9eb6b8d,true,true,true,true,true
187,5300000,9,pqlc1_depth_16,persistence_only,production,1/7/1/4026531840/4026531840;1/7/1/4026531840/4026531840;1/7/1/4026531840/4026531840;1/7/1/4026531840/4026531840;1/7/1/4026531840/4026531840;1/7/1/4026531840/4026531840;1/7/1/4026531840/4026531840;1/7/1/4026531840/4026531840;1/7/1/4026531840/4026531840;1/7/1/4026531840/4026531840;1/7/1/4026531840/4026531840;1/7/1/4026531840/4026531840;1/7/1/4026531840/4026531840;1/7/1/4026531840/4026531840;1/7/1/4026531840/4026531840;1/7/1/4026531840/4026531840,16,19,16,18,16,15,0,0,0,66,10,0180bfd8fe3bee06d269b0f61e9dcea18935c632f6da70e96447ffb7b5535658,91edb008854c66ef7cefff8c16ee47463e95230b333c09ccbc04d7de00738c70,ddf50fdb5c617a65e995f8e3cc7c16447ed9fd02a21204ec413f42958b83d97d,true,true,true,true,true
188,5300000,9,pqlc1_depth_16,efficacy_and_persistence,reference,1/7/2/4026531840/4026531840;1/7/2/4026531840/4026531840;1/7/2/4026531840/4026531840;1/7/2/4026531840/4026531840;1/7/2/4026531840/4026531840;1/7/2/4026531840/4026531840;1/7/2/4026531840/4026531840;1/7/2/4026531840/4026531840;1/7/2/4026531840/4026531840;1/7/2/4026531840/4026531840;1/7/2/4026531840/4026531840;1/7/2/4026531840/4026531840;1/7/2/4026531840/4026531840;1/7/2/4026531840/4026531840;1/7/2/4026531840/4026531840;1/7/2/4026531840/4026531840,16,19,16,18,16,15,0,0,0,66,10,d15b52e405a2752553fcbea7eb625a13fcf091fd8624816a9d22e7f98485a055,380532ccc638974f7dc8f7194895688485ebac146f9acb1c5713921c7c175fd9,ef6da31202ac358cfeee5a660baa007f9bf1b13102d619812be22d7410100eac,true,true,true,true,true
188,5300000,9,pqlc1_depth_16,efficacy_and_persistence,production,1/7/2/4026531840/4026531840;1/7/2/4026531840/4026531840;1/7/2/4026531840/4026531840;1/7/2/4026531840/4026531840;1/7/2/4026531840/4026531840;1/7/2/4026531840/4026531840;1/7/2/4026531840/4026531840;1/7/2/4026531840/4026531840;1/7/2/4026531840/4026531840;1/7/2/4026531840/4026531840;1/7/2/4026531840/4026531840;1/7/2/4026531840/4026531840;1/7/2/4026531840/4026531840;1/7/2/4026531840/4026531840;1/7/2/4026531840/4026531840;1/7/2/4026531840/4026531840,16,19,16,18,16,15,0,0,0,66,10,d15b52e405a2752553fcbea7eb625a13fcf091fd8624816a9d22e7f98485a055,380532ccc638974f7dc8f7194895688485ebac146f9acb1c5713921c7c175fd9,c8bd4f9f0f00ccb50e5df3eaf70f70e94c4cdce81412981b313a6657882f63dd,true,true,true,true,true
189,5300000,9,fd0_equal_persistence,persistence_only,reference,1/1/1/0/0;0/0/1/0/0,1|0,0,0,0,0,0,0,0,1,1,49,4f53cda18c2baa0c0354bb5f9a3ecbe5ed12ab4d8e11ba873c2f11161202b945,744cb21fcd53c9919cacd4f20806dff8a61608e07189e592537e1518ab8de6d0,336cef94749d90e611c9a3b80ebbcdc080aad50ac0d6f7aa0359a79832bb631f,true,true,true,true,true
189,5300000,9,fd0_equal_persistence,persistence_only,production,1/1/1/0/0;0/0/1/0/0,1|0,0,0,0,0,0,0,0,1,1,49,4f53cda18c2baa0c0354bb5f9a3ecbe5ed12ab4d8e11ba873c2f11161202b945,744cb21fcd53c9919cacd4f20806dff8a61608e07189e592537e1518ab8de6d0,187e2a8d4c5e8d8cea6da941bb3d48fcc18a41afe280b467192a5ed24cd684ec,true,true,true,true,true
190,5300000,9,fd0_equal_persistence,efficacy_and_persistence,reference,1/1/2/0/0;0/0/2/0/0,1|0,0,0,0,0,0,0,0,1,1,49,4f53cda18c2baa0c0354bb5f9a3ecbe5ed12ab4d8e11ba873c2f11161202b945,fdd53932bf59840d7fedf359a5db8bf87804d154a0a1f302f74e2d38b953ef88,b574817ce121fd07ca4428585d80cada279749323f0905acefa875b3b01c02e6,true,true,true,true,true
190,5300000,9,fd0_equal_persistence,efficacy_and_persistence,production,1/1/2/0/0;0/0/2/0/0,1|0,0,0,0,0,0,0,0,1,1,49,4f53cda18c2baa0c0354bb5f9a3ecbe5ed12ab4d8e11ba873c2f11161202b945,fdd53932bf59840d7fedf359a5db8bf87804d154a0a1f302f74e2d38b953ef88,ca0f89975a228fa50a9bf8e3600f77014de57cab3ee9c89d9e0ddb8fffe1d942,true,true,true,true,true
191,5300000,9,fd1_consolidation,persistence_only,reference,1/4/1/4026531840/4026531840;1/1/1/4026531840/0,4026531840|0,5,1,3,1,0,0,0,0,7,10,9184e4cc9bb03486cc1ce2b57e3fccb5c152dc3aa58867981de19cd596338d98,23059cc86a0d0f3de608bbede123bc0e190f84751e34b7e6779590c62c5a698a,b57620056f77c6ba98ba9bcf8473b06e538082f54e5b944af6db5db37190af31,true,true,true,true,true
191,5300000,9,fd1_consolidation,persistence_only,production,1/4/1/4026531840/4026531840;1/1/1/4026531840/0,4026531840|0,5,1,3,1,0,0,0,0,7,10,9184e4cc9bb03486cc1ce2b57e3fccb5c152dc3aa58867981de19cd596338d98,23059cc86a0d0f3de608bbede123bc0e190f84751e34b7e6779590c62c5a698a,2701154066c14009f79f0dc00ee145401a4ab6651feb7db64a89238976a7988e,true,true,true,true,true
192,5300000,9,fd1_consolidation,efficacy_and_persistence,reference,1/4/2/4026531840/4026531840;1/1/2/4026531840/0,4026531840|0,5,1,3,1,0,0,0,0,7,10,1584bf6d6f0f67bd7b41c62d891d9d6778c95b04a879c27c98f0d1d687d654bd,16e3efda1054298d025f2d8e6dfa8f0cfc87abb8279c7450a6229fac1a848c68,dcc388cc212aa902b2eb3d41b4345cac3fe8781ec86c267388fbb7d3e19ba98a,true,true,true,true,true
192,5300000,9,fd1_consolidation,efficacy_and_persistence,production,1/4/2/4026531840/4026531840;1/1/2/4026531840/0,4026531840|0,5,1,3,1,0,0,0,0,7,10,1584bf6d6f0f67bd7b41c62d891d9d6778c95b04a879c27c98f0d1d687d654bd,16e3efda1054298d025f2d8e6dfa8f0cfc87abb8279c7450a6229fac1a848c68,01dc8b35cb9ae59d992896034152bbac3012f39d15730d744fb31b990f291038,true,true,true,true,true
193,5300000,9,threshold_1_already_executable,persistence_only,reference,1/4/1/4294967296/0,1|1,3,0,2,0,0,1,0,0,3,9,1bc7547a9150af02309e0a511c8b9394f0010a3703468d0e5f6f29fc9b3c36e1,0c898e7f87eb2c6c748df5453d345ed68d6836d9a788894eeea2c2ce83e9edf7,22b057155117c78496ed007e3db22ae5f27ae956e6c77bb7337b44472792cb5b,true,true,true,true,true
193,5300000,9,threshold_1_already_executable,persistence_only,production,1/4/1/4294967296/0,1|1,3,0,2,0,0,1,0,0,3,9,1bc7547a9150af02309e0a511c8b9394f0010a3703468d0e5f6f29fc9b3c36e1,0c898e7f87eb2c6c748df5453d345ed68d6836d9a788894eeea2c2ce83e9edf7,22b057155117c78496ed007e3db22ae5f27ae956e6c77bb7337b44472792cb5b,true,true,true,true,true
194,5300000,9,threshold_1_already_executable,efficacy_and_persistence,reference,1/4/2/4294967296/0,1|1,3,0,2,0,0,1,0,0,3,9,f9997805f782a75581cedfcbdb69d0d085bf62ad06677f57d5fb0757a449f24e,9eeee3cfa562d848a7dbe1aa32096afd808be08b883073102a79514446292a07,1071bab9c54350d261f4fd763ae3683b4c86c4ed24f0647a45c887347ff45307,true,true,true,true,true
194,5300000,9,threshold_1_already_executable,efficacy_and_persistence,production,1/4/2/4294967296/0,1|1,3,0,2,0,0,1,0,0,3,9,f9997805f782a75581cedfcbdb69d0d085bf62ad06677f57d5fb0757a449f24e,9eeee3cfa562d848a7dbe1aa32096afd808be08b883073102a79514446292a07,1071bab9c54350d261f4fd763ae3683b4c86c4ed24f0647a45c887347ff45307,true,true,true,true,true
195,5300000,9,threshold_2_acquired_efficacy,persistence_only,reference,1/4/1/4294967296/0;1/1/1/4294967296/0,0|0|0,4,0,2,0,0,0,0,0,4,9,ce7cf243d175823463512d604f96e537ff97e56d2322c660dcf5c957ff2990be,a399aaf0be1453a2ae75101af7f833f4cb0e2d9f1696e20f2c0d69b735213b45,2fc58c0c237c6a8dd56681c1ce2dead25b3e6a8f9cf479b204e11b0fb224ae90,true,true,true,true,true
195,5300000,9,threshold_2_acquired_efficacy,persistence_only,production,1/4/1/4294967296/0;1/1/1/4294967296/0,0|0|0,4,0,2,0,0,0,0,0,4,9,ce7cf243d175823463512d604f96e537ff97e56d2322c660dcf5c957ff2990be,a399aaf0be1453a2ae75101af7f833f4cb0e2d9f1696e20f2c0d69b735213b45,2fc58c0c237c6a8dd56681c1ce2dead25b3e6a8f9cf479b204e11b0fb224ae90,true,true,true,true,true
196,5300000,9,threshold_2_acquired_efficacy,efficacy_and_persistence,reference,1/4/2/4294967296/0;1/1/1/4294967296/0,1|0|1,5,0,3,0,0,1,0,0,5,9,e291cabd9e169b9c38115d3541c22c8172d58d03e4469b3e7b0c03fce1b0c369,be10356bb5548e7ba580c054778c2f458ff5777d05ae7f43925951e450f4962b,174a76bcf2c936c2cb5070d0c00964379c6ba24c5882b37eec841a5ab5943954,true,true,true,true,true
196,5300000,9,threshold_2_acquired_efficacy,efficacy_and_persistence,production,1/4/2/4294967296/0;1/1/1/4294967296/0,1|0|1,5,0,3,0,0,1,0,0,5,9,e291cabd9e169b9c38115d3541c22c8172d58d03e4469b3e7b0c03fce1b0c369,be10356bb5548e7ba580c054778c2f458ff5777d05ae7f43925951e450f4962b,174a76bcf2c936c2cb5070d0c00964379c6ba24c5882b37eec841a5ab5943954,true,true,true,true,true
197,5300000,9,threshold_3_still_insufficient,persistence_only,reference,1/4/1/4294967296/0,0|0,2,0,1,0,0,0,0,0,2,9,f3db3ca8a7cda6b4a658669b835bbc5a1b32151116252550c8485868bc38b3ab,ec744c9d466a34c48ba868944b66d3f80eeae3a7554401cb9f1901663159931c,da1d47ba2da29897f916a12ecca2fa8393480f48b68e296dc75c43463d14303a,true,true,true,true,true
197,5300000,9,threshold_3_still_insufficient,persistence_only,production,1/4/1/4294967296/0,0|0,2,0,1,0,0,0,0,0,2,9,f3db3ca8a7cda6b4a658669b835bbc5a1b32151116252550c8485868bc38b3ab,ec744c9d466a34c48ba868944b66d3f80eeae3a7554401cb9f1901663159931c,da1d47ba2da29897f916a12ecca2fa8393480f48b68e296dc75c43463d14303a,true,true,true,true,true
198,5300000,9,threshold_3_still_insufficient,efficacy_and_persistence,reference,1/4/2/4294967296/0,0|0,2,0,1,0,0,0,0,0,2,9,f56aa1400492d227b8c0cf6add4278354e23aff63a499fda12e35b491852ec94,bba48bb062192a99d74e194cedcf9119164f1d34907c6ab35c21293ab04afdaa,a81e44fdb97bb00377d45ca870f0bccaa647921d2dbd4de0da5e3495e073be1d,true,true,true,true,true
198,5300000,9,threshold_3_still_insufficient,efficacy_and_persistence,production,1/4/2/4294967296/0,0|0,2,0,1,0,0,0,0,0,2,9,f56aa1400492d227b8c0cf6add4278354e23aff63a499fda12e35b491852ec94,bba48bb062192a99d74e194cedcf9119164f1d34907c6ab35c21293ab04afdaa,a81e44fdb97bb00377d45ca870f0bccaa647921d2dbd4de0da5e3495e073be1d,true,true,true,true,true
199,5300000,9,threshold_2_two_physical_inputs,persistence_only,reference,1/4/1/4294967296/0;1/4/1/4294967296/0,1|1,5,0,3,0,0,1,0,0,5,9,b6bb0434da20e2b4597fd4674ab89800134aa03f1acb86570ef3d4165bf9c748,0c1b7c0b69153af38127431b2a3f2f1e22ae42e4d321a99995216c1e4fee6b9a,eb12be1d194fd293fa7fbe4a1f762b4ef77c8fe08bbd64eef1310033b2387ac0,true,true,true,true,true
199,5300000,9,threshold_2_two_physical_inputs,persistence_only,production,1/4/1/4294967296/0;1/4/1/4294967296/0,1|1,5,0,3,0,0,1,0,0,5,9,b6bb0434da20e2b4597fd4674ab89800134aa03f1acb86570ef3d4165bf9c748,0c1b7c0b69153af38127431b2a3f2f1e22ae42e4d321a99995216c1e4fee6b9a,eb12be1d194fd293fa7fbe4a1f762b4ef77c8fe08bbd64eef1310033b2387ac0,true,true,true,true,true
200,5300000,9,threshold_2_two_physical_inputs,efficacy_and_persistence,reference,1/4/1/4294967296/0;1/4/1/4294967296/0,1|1,5,0,3,0,0,1,0,0,5,9,53de5cd80ef93e6b779c08e1545e1865e2110be0085a2f8bd1d97d0d4660b341,6192b135a2e20dd512fbddd9269ef25f684cb1a96ec7c9c4b74c44f7cdfd49f0,22776468411de9370e16160aa7f9b3937e0f6b98e5ff485ace9dd8a27440e0d7,true,true,true,true,true
200,5300000,9,threshold_2_two_physical_inputs,efficacy_and_persistence,production,1/4/1/4294967296/0;1/4/1/4294967296/0,1|1,5,0,3,0,0,1,0,0,5,9,53de5cd80ef93e6b779c08e1545e1865e2110be0085a2f8bd1d97d0d4660b341,6192b135a2e20dd512fbddd9269ef25f684cb1a96ec7c9c4b74c44f7cdfd49f0,22776468411de9370e16160aa7f9b3937e0f6b98e5ff485ace9dd8a27440e0d7,true,true,true,true,true
201,5400000,0,cpc0_contact_locality,persistence_only,reference,1/7/1/4026531840/4026531840;1/4/1/4026531840/0,4026531840|0,6,1,4,1,0,0,0,0,8,1,7b5efb1d815bd18f6de819dfaf81c5898c3cc796408074a3e6a1a7c97e12677b,88880bc7b868be0e4448a5b7c9d7f2dce25d2de8b1962c50f9cb42e0335b5f63,0e736d1497ace2ad8bb6b797575a57e9c0551bbe266d2734494ab50d6ee61f2d,true,true,true,true,true
201,5400000,0,cpc0_contact_locality,persistence_only,production,1/7/1/4026531840/4026531840;1/4/1/4026531840/0,4026531840|0,6,1,4,1,0,0,0,0,8,1,7b5efb1d815bd18f6de819dfaf81c5898c3cc796408074a3e6a1a7c97e12677b,88880bc7b868be0e4448a5b7c9d7f2dce25d2de8b1962c50f9cb42e0335b5f63,c3a56960c4911833cdac0f4b9e25c3fb7765a5bbed1d025d16b2d550e56254ad,true,true,true,true,true
202,5400000,0,cpc0_contact_locality,efficacy_and_persistence,reference,1/7/2/4026531840/4026531840;1/4/2/4026531840/0,4026531840|0,6,1,4,1,0,0,0,0,8,1,645dd88c5b158d6e7e32380e52ff9688572e56491521289ba5d04a4a9b9eb55a,fe1c59409d7bd88635f205541e5f643c06ef2b3038486265d00dff85380b053f,e3cbbec37097c59eb0ff1f7ed208eefe7aab344a54abaeb83e64c05f88152283,true,true,true,true,true
202,5400000,0,cpc0_contact_locality,efficacy_and_persistence,production,1/7/2/4026531840/4026531840;1/4/2/4026531840/0,4026531840|0,6,1,4,1,0,0,0,0,8,1,645dd88c5b158d6e7e32380e52ff9688572e56491521289ba5d04a4a9b9eb55a,fe1c59409d7bd88635f205541e5f643c06ef2b3038486265d00dff85380b053f,2b6503e41a5673e40c28294f7fc63fa6f1d67b705cff247696b7f4037fe86858,true,true,true,true,true
203,5400000,0,cpc1_temporal_participation,persistence_only,reference,1/6/1/1979772000/4026531840;1/5/1/1979772000/1979772000;1/7/1/1979772000/3110400000;1/7/1/1979772000/3110400000;1/7/1/4542662625/7136931840,4026531840|1979772000|3110400000|3110400000|7136931840,19,5,12,5,0,0,0,0,29,12,3b7e7efc0c824453945db7aaaab408ca12743f85eea4d31ae1f0eb53270aa59c,f8a2a8391871b1ba9928dc958108b500e3c56af6a20e6d0950e739209581db7d,ef5b7c82c42134801e76919532914269d16804465bb148cd0289721adabc3ad1,true,true,true,true,true
203,5400000,0,cpc1_temporal_participation,persistence_only,production,1/6/1/1979772000/4026531840;1/5/1/1979772000/1979772000;1/7/1/1979772000/3110400000;1/7/1/1979772000/3110400000;1/7/1/4542662625/7136931840,4026531840|1979772000|3110400000|3110400000|7136931840,19,5,12,5,0,0,0,0,29,12,3b7e7efc0c824453945db7aaaab408ca12743f85eea4d31ae1f0eb53270aa59c,f8a2a8391871b1ba9928dc958108b500e3c56af6a20e6d0950e739209581db7d,bcc93e57d5ecce2b59af2814942a94b52cd87d96d78a2a5c694245c6d7154263,true,true,true,true,true
204,5400000,0,cpc1_temporal_participation,efficacy_and_persistence,reference,1/6/2/1979772000/4026531840;1/5/2/1979772000/1979772000;1/7/2/1979772000/3110400000;1/7/2/1979772000/3110400000;1/7/2/4542662625/7136931840,4026531840|1979772000|3110400000|3110400000|7136931840,19,5,12,5,0,0,0,0,29,12,c88e9b38226a32da18b5457e09295d11f5e9431cd2e43889ff4c2c41c807ec73,3e33182c7da78f2c8ee7010ba1eb54ea95f1e326fb4255a707303cc740c69439,7539b13aaeb3a8d9a8073c8e3edd139f75a51c700cf5e859d09f86cd107f2c00,true,true,true,true,true
204,5400000,0,cpc1_temporal_participation,efficacy_and_persistence,production,1/6/2/1979772000/4026531840;1/5/2/1979772000/1979772000;1/7/2/1979772000/3110400000;1/7/2/1979772000/3110400000;1/7/2/4542662625/7136931840,4026531840|1979772000|3110400000|3110400000|7136931840,19,5,12,5,0,0,0,0,29,12,c88e9b38226a32da18b5457e09295d11f5e9431cd2e43889ff4c2c41c807ec73,3e33182c7da78f2c8ee7010ba1eb54ea95f1e326fb4255a707303cc740c69439,bdddbc58f7bbc9018d6ed7d5cc9dae521cdd3bb62ab066981129a78d06a66fb9,true,true,true,true,true
205,5400000,0,pqlc0_one_hop,persistence_only,reference,1/7/1/4026531840/4026531840,1|4026531840,5,2,4,2,1,0,0,0,10,1,1769241bdad4576e92b6d27c55e52874ef4047947e36f0d7d55dec82b60dfa82,e1b652fa0b8cef2cc7721aabface5d6145af9b941fec8e3d8648a8dda4a6cb97,7c2d301ed47863969b919464f9e08d362c831a4f258ca3628dc99196f0372d4b,true,true,true,true,true
205,5400000,0,pqlc0_one_hop,persistence_only,production,1/7/1/4026531840/4026531840,1|4026531840,5,2,4,2,1,0,0,0,10,1,1769241bdad4576e92b6d27c55e52874ef4047947e36f0d7d55dec82b60dfa82,e1b652fa0b8cef2cc7721aabface5d6145af9b941fec8e3d8648a8dda4a6cb97,2c40a40c7ec1019f6bf7acefd4b455f00fb34b4ced2acde63bcdfcce99d544cd,true,true,true,true,true
206,5400000,0,pqlc0_one_hop,efficacy_and_persistence,reference,1/7/2/4026531840/4026531840,1|4026531840,5,2,4,2,1,0,0,0,10,1,6abc422e09be03de387e97a49238b1d0bd25126b0dd6b3cb4849ed949ab76f57,6ff3f5b3e02323338183510ec456de61b298c3aa75811a0ada02f80dbe8f4340,8e7a4a698028135fa62ef22702beb0288c4d0d9688f739575da8af327ea841ff,true,true,true,true,true
206,5400000,0,pqlc0_one_hop,efficacy_and_persistence,production,1/7/2/4026531840/4026531840,1|4026531840,5,2,4,2,1,0,0,0,10,1,6abc422e09be03de387e97a49238b1d0bd25126b0dd6b3cb4849ed949ab76f57,6ff3f5b3e02323338183510ec456de61b298c3aa75811a0ada02f80dbe8f4340,9b2ebae6a0dc08a3709bb9dd041cedd4b2f16315343d97e2bdb1514c8fb78d37,true,true,true,true,true
207,5400000,0,pqlc1_depth_16,persistence_only,reference,1/7/1/4026531840/4026531840;1/7/1/4026531840/4026531840;1/7/1/4026531840/4026531840;1/7/1/4026531840/4026531840;1/7/1/4026531840/4026531840;1/7/1/4026531840/4026531840;1/7/1/4026531840/4026531840;1/7/1/4026531840/4026531840;1/7/1/4026531840/4026531840;1/7/1/4026531840/4026531840;1/7/1/4026531840/4026531840;1/7/1/4026531840/4026531840;1/7/1/4026531840/4026531840;1/7/1/4026531840/4026531840;1/7/1/4026531840/4026531840;1/7/1/4026531840/4026531840,16,19,16,18,16,15,0,0,0,66,1,4dfb006685670f2cdee6b6231d1ee95c6017db314cf1b8ae6432568be67a5a43,6927f98f549ea5e7fe920e5617c002eeea3d6cb5666ccb0ef54e29675346d20c,e70d6b77dfb15c06aec87e086cdc844d3d83176046c8ff9b747d9db9e9c50066,true,true,true,true,true
207,5400000,0,pqlc1_depth_16,persistence_only,production,1/7/1/4026531840/4026531840;1/7/1/4026531840/4026531840;1/7/1/4026531840/4026531840;1/7/1/4026531840/4026531840;1/7/1/4026531840/4026531840;1/7/1/4026531840/4026531840;1/7/1/4026531840/4026531840;1/7/1/4026531840/4026531840;1/7/1/4026531840/4026531840;1/7/1/4026531840/4026531840;1/7/1/4026531840/4026531840;1/7/1/4026531840/4026531840;1/7/1/4026531840/4026531840;1/7/1/4026531840/4026531840;1/7/1/4026531840/4026531840;1/7/1/4026531840/4026531840,16,19,16,18,16,15,0,0,0,66,1,4dfb006685670f2cdee6b6231d1ee95c6017db314cf1b8ae6432568be67a5a43,6927f98f549ea5e7fe920e5617c002eeea3d6cb5666ccb0ef54e29675346d20c,619fdc5dbdf5e7e8b5f406582b0065593258f58228bfa24aa8f86e30bee5d994,true,true,true,true,true
208,5400000,0,pqlc1_depth_16,efficacy_and_persistence,reference,1/7/2/4026531840/4026531840;1/7/2/4026531840/4026531840;1/7/2/4026531840/4026531840;1/7/2/4026531840/4026531840;1/7/2/4026531840/4026531840;1/7/2/4026531840/4026531840;1/7/2/4026531840/4026531840;1/7/2/4026531840/4026531840;1/7/2/4026531840/4026531840;1/7/2/4026531840/4026531840;1/7/2/4026531840/4026531840;1/7/2/4026531840/4026531840;1/7/2/4026531840/4026531840;1/7/2/4026531840/4026531840;1/7/2/4026531840/4026531840;1/7/2/4026531840/4026531840,16,19,16,18,16,15,0,0,0,66,1,3fcdd65883c7a818159b25bb8687c95b701c478e135a6a7de3cd0d445ba842f4,832bfa7b84b6abf49ccfe1da7b4e6fcd01d5e5bbcb238539a6b360227129c876,6b7d8b213a63f2df5b6019a1ff323bf8d96dc6ab9be9fcddfa2855cc07f5e195,true,true,true,true,true
208,5400000,0,pqlc1_depth_16,efficacy_and_persistence,production,1/7/2/4026531840/4026531840;1/7/2/4026531840/4026531840;1/7/2/4026531840/4026531840;1/7/2/4026531840/4026531840;1/7/2/4026531840/4026531840;1/7/2/4026531840/4026531840;1/7/2/4026531840/4026531840;1/7/2/4026531840/4026531840;1/7/2/4026531840/4026531840;1/7/2/4026531840/4026531840;1/7/2/4026531840/4026531840;1/7/2/4026531840/4026531840;1/7/2/4026531840/4026531840;1/7/2/4026531840/4026531840;1/7/2/4026531840/4026531840;1/7/2/4026531840/4026531840,16,19,16,18,16,15,0,0,0,66,1,3fcdd65883c7a818159b25bb8687c95b701c478e135a6a7de3cd0d445ba842f4,832bfa7b84b6abf49ccfe1da7b4e6fcd01d5e5bbcb238539a6b360227129c876,fec24445e50e87cea3b10694a8c8aaf03698d764ad4553a4979a2f6f2314d841,true,true,true,true,true
209,5400000,0,fd0_equal_persistence,persistence_only,reference,1/1/1/0/0;0/0/1/0/0,1|0,0,0,0,0,0,0,0,1,1,40,4f53cda18c2baa0c0354bb5f9a3ecbe5ed12ab4d8e11ba873c2f11161202b945,258ee61416009af49b401174a2a2cde4ffe2cb3a4a8bfb7b7e682b170116f4bd,3e13607393c729e668feb1e182da2edf74c80927f696c5f4d8ecbd352b9016aa,true,true,true,true,true
209,5400000,0,fd0_equal_persistence,persistence_only,production,1/1/1/0/0;0/0/1/0/0,1|0,0,0,0,0,0,0,0,1,1,40,4f53cda18c2baa0c0354bb5f9a3ecbe5ed12ab4d8e11ba873c2f11161202b945,258ee61416009af49b401174a2a2cde4ffe2cb3a4a8bfb7b7e682b170116f4bd,bf782a1f25f5e122cdf1d5f8e51aa67c25293282681632c8dffbc864770c7573,true,true,true,true,true
210,5400000,0,fd0_equal_persistence,efficacy_and_persistence,reference,1/1/2/0/0;0/0/2/0/0,1|0,0,0,0,0,0,0,0,1,1,40,4f53cda18c2baa0c0354bb5f9a3ecbe5ed12ab4d8e11ba873c2f11161202b945,82bc90bd5d56a30e0cb483e55fc3ceead204328c548900301dca38adafdd8143,79c9e3f849de8ee538e413c594f3fb0941251eeca9eb90cc24e3d1ef98b0c23b,true,true,true,true,true
210,5400000,0,fd0_equal_persistence,efficacy_and_persistence,production,1/1/2/0/0;0/0/2/0/0,1|0,0,0,0,0,0,0,0,1,1,40,4f53cda18c2baa0c0354bb5f9a3ecbe5ed12ab4d8e11ba873c2f11161202b945,82bc90bd5d56a30e0cb483e55fc3ceead204328c548900301dca38adafdd8143,1d992d8051b2ee84c2f382ffd7143c4513150795738ccf863e5f34d8dd49e197,true,true,true,true,true
211,5400000,0,fd1_consolidation,persistence_only,reference,1/4/1/4026531840/4026531840;1/1/1/4026531840/0,4026531840|0,5,1,3,1,0,0,0,0,7,1,2ac96d70ccc89b833a919a81597236108d114cf7b365b7f125946d3237a48036,de8e53540d163984e0a2b7f143aa86dfed5fe4d03d693e80dca7e423fb059825,e875ee09e89204d93d2c7a74ea68d2a95a16016e257b0065b5911d76cad58845,true,true,true,true,true
211,5400000,0,fd1_consolidation,persistence_only,production,1/4/1/4026531840/4026531840;1/1/1/4026531840/0,4026531840|0,5,1,3,1,0,0,0,0,7,1,2ac96d70ccc89b833a919a81597236108d114cf7b365b7f125946d3237a48036,de8e53540d163984e0a2b7f143aa86dfed5fe4d03d693e80dca7e423fb059825,26e925a9dd0a18c3cbce23a5cd4570227f235c6e997c06eeed5cdcc3fd2078a0,true,true,true,true,true
212,5400000,0,fd1_consolidation,efficacy_and_persistence,reference,1/4/2/4026531840/4026531840;1/1/2/4026531840/0,4026531840|0,5,1,3,1,0,0,0,0,7,1,c0a80c0160761856c1fab1a3587176a9210f510ce4a36c83a647598589cf8a3f,5437664d4c0b7d0466ecbabb4e11e6c0d59138772843990437b9ab6484605434,a848083891612f064ab85ddae4bbc75f37896254410f4f8d450770c9be4691ac,true,true,true,true,true
212,5400000,0,fd1_consolidation,efficacy_and_persistence,production,1/4/2/4026531840/4026531840;1/1/2/4026531840/0,4026531840|0,5,1,3,1,0,0,0,0,7,1,c0a80c0160761856c1fab1a3587176a9210f510ce4a36c83a647598589cf8a3f,5437664d4c0b7d0466ecbabb4e11e6c0d59138772843990437b9ab6484605434,5d6c1c3bd3d8e0cab6e9b95264c2951b014ba97470b96c51dee16503f3782cc2,true,true,true,true,true
213,5400000,0,threshold_1_already_executable,persistence_only,reference,1/4/1/4294967296/0,1|1,3,0,2,0,0,1,0,0,3,0,c27ef828bd88570e45d33c2a726e9662fbf8b60f3f7ca287b6fa6eca2a421492,8336f3238ab83739e94f535a85f329a29edd8818d72f825680c7997903ff6b54,f4b15e0b30ae702b6abe9207c9ee4582656dff1f33c1e977d5ebf87b77c81948,true,true,true,true,true
213,5400000,0,threshold_1_already_executable,persistence_only,production,1/4/1/4294967296/0,1|1,3,0,2,0,0,1,0,0,3,0,c27ef828bd88570e45d33c2a726e9662fbf8b60f3f7ca287b6fa6eca2a421492,8336f3238ab83739e94f535a85f329a29edd8818d72f825680c7997903ff6b54,f4b15e0b30ae702b6abe9207c9ee4582656dff1f33c1e977d5ebf87b77c81948,true,true,true,true,true
214,5400000,0,threshold_1_already_executable,efficacy_and_persistence,reference,1/4/2/4294967296/0,1|1,3,0,2,0,0,1,0,0,3,0,8c1bb012397a357e0289f16d23d4a90bf4b1d4b78a68bed259faa78a365c3b08,ea186ff4ba857131e48fbc035ad962a9e7950b2de8384b60d16a42114290e51a,94aa922443e93d3041d0761b44ef1e7a6da562c90553a260a5bb637b088192a0,true,true,true,true,true
214,5400000,0,threshold_1_already_executable,efficacy_and_persistence,production,1/4/2/4294967296/0,1|1,3,0,2,0,0,1,0,0,3,0,8c1bb012397a357e0289f16d23d4a90bf4b1d4b78a68bed259faa78a365c3b08,ea186ff4ba857131e48fbc035ad962a9e7950b2de8384b60d16a42114290e51a,94aa922443e93d3041d0761b44ef1e7a6da562c90553a260a5bb637b088192a0,true,true,true,true,true
215,5400000,0,threshold_2_acquired_efficacy,persistence_only,reference,1/4/1/4294967296/0;1/1/1/4294967296/0,0|0|0,4,0,2,0,0,0,0,0,4,0,d00be5d8839bbde0bf7c29a16018e869f6b5fb56ebf22668edfbae2209ee02d8,eab891819a70a6905fc3fc564a80f5c351d876d173f2986bf74aab0c367a2bbd,9c4b27822ce7013bfed24d1c843c5ddf049bde51f2e3337f74e8964e42da1e03,true,true,true,true,true
215,5400000,0,threshold_2_acquired_efficacy,persistence_only,production,1/4/1/4294967296/0;1/1/1/4294967296/0,0|0|0,4,0,2,0,0,0,0,0,4,0,d00be5d8839bbde0bf7c29a16018e869f6b5fb56ebf22668edfbae2209ee02d8,eab891819a70a6905fc3fc564a80f5c351d876d173f2986bf74aab0c367a2bbd,9c4b27822ce7013bfed24d1c843c5ddf049bde51f2e3337f74e8964e42da1e03,true,true,true,true,true
216,5400000,0,threshold_2_acquired_efficacy,efficacy_and_persistence,reference,1/4/2/4294967296/0;1/1/1/4294967296/0,1|0|1,5,0,3,0,0,1,0,0,5,0,d640d405149f0fe1d9c17c682a772240a3a012d0c69e874e0f8ccc394388b8ad,6b8b27cd7d4e22f81b853675a5916b7af59dd6fc598285a100f0f910099dfca6,57b7156bfa2123cbc1c1e8a90a1f45ca0d902f5fdbfc5889dc6e195fdb220afc,true,true,true,true,true
216,5400000,0,threshold_2_acquired_efficacy,efficacy_and_persistence,production,1/4/2/4294967296/0;1/1/1/4294967296/0,1|0|1,5,0,3,0,0,1,0,0,5,0,d640d405149f0fe1d9c17c682a772240a3a012d0c69e874e0f8ccc394388b8ad,6b8b27cd7d4e22f81b853675a5916b7af59dd6fc598285a100f0f910099dfca6,57b7156bfa2123cbc1c1e8a90a1f45ca0d902f5fdbfc5889dc6e195fdb220afc,true,true,true,true,true
217,5400000,0,threshold_3_still_insufficient,persistence_only,reference,1/4/1/4294967296/0,0|0,2,0,1,0,0,0,0,0,2,0,b1e043ab1adf8c4b9f43d6117e99aed133d8e104f4c8bc316d3a98f87ffc011c,377246b0377c1169f514a2cdcbcf890178846720a16ff0f34bdd32d52b50f6f4,454334dc66bc1d5302f1bfd5136aebb0937330a123042b0a868e1f5ccc961e2c,true,true,true,true,true
217,5400000,0,threshold_3_still_insufficient,persistence_only,production,1/4/1/4294967296/0,0|0,2,0,1,0,0,0,0,0,2,0,b1e043ab1adf8c4b9f43d6117e99aed133d8e104f4c8bc316d3a98f87ffc011c,377246b0377c1169f514a2cdcbcf890178846720a16ff0f34bdd32d52b50f6f4,454334dc66bc1d5302f1bfd5136aebb0937330a123042b0a868e1f5ccc961e2c,true,true,true,true,true
218,5400000,0,threshold_3_still_insufficient,efficacy_and_persistence,reference,1/4/2/4294967296/0,0|0,2,0,1,0,0,0,0,0,2,0,f7b1b44f70b942fe3886be980377132939284784b7c5b56ad7bb6752cfe96a68,f87f4943d714c8973299868c1e7ef08c418eb1c323625a6e75d43264eac4946b,65bbdf9fce341f706452929bb2b91c70301c953dd94cc4c7b32710d1d3f99d0c,true,true,true,true,true
218,5400000,0,threshold_3_still_insufficient,efficacy_and_persistence,production,1/4/2/4294967296/0,0|0,2,0,1,0,0,0,0,0,2,0,f7b1b44f70b942fe3886be980377132939284784b7c5b56ad7bb6752cfe96a68,f87f4943d714c8973299868c1e7ef08c418eb1c323625a6e75d43264eac4946b,65bbdf9fce341f706452929bb2b91c70301c953dd94cc4c7b32710d1d3f99d0c,true,true,true,true,true
219,5400000,0,threshold_2_two_physical_inputs,persistence_only,reference,1/4/1/4294967296/0;1/4/1/4294967296/0,1|1,5,0,3,0,0,1,0,0,5,0,ef3e63f3d2dcba7837a604c81967eedd1624d660af5f2482e3cfce7ab917a6b7,e864d2909bfb11ce88e33fb63a7fcee94137f951e673355b1e3c727b3a37cfe8,a31b8bd5b4e70b7d48276a0fd6f21eb4a729bae12232546e7dd8c978f81cb3f6,true,true,true,true,true
219,5400000,0,threshold_2_two_physical_inputs,persistence_only,production,1/4/1/4294967296/0;1/4/1/4294967296/0,1|1,5,0,3,0,0,1,0,0,5,0,ef3e63f3d2dcba7837a604c81967eedd1624d660af5f2482e3cfce7ab917a6b7,e864d2909bfb11ce88e33fb63a7fcee94137f951e673355b1e3c727b3a37cfe8,a31b8bd5b4e70b7d48276a0fd6f21eb4a729bae12232546e7dd8c978f81cb3f6,true,true,true,true,true
220,5400000,0,threshold_2_two_physical_inputs,efficacy_and_persistence,reference,1/4/1/4294967296/0;1/4/1/4294967296/0,1|1,5,0,3,0,0,1,0,0,5,0,bacb44f0a5df207944117f1f56304348b48bb84bac54e414a5850a52c819d109,84194220d7931a04551a9eb60c34ae5c6155d86afafc67f58ee3db660842b53b,cb6399e0e20774552a2c76df3a040f5a9d6c5544eb355114cf7b8c3bee4a1cb2,true,true,true,true,true
220,5400000,0,threshold_2_two_physical_inputs,efficacy_and_persistence,production,1/4/1/4294967296/0;1/4/1/4294967296/0,1|1,5,0,3,0,0,1,0,0,5,0,bacb44f0a5df207944117f1f56304348b48bb84bac54e414a5850a52c819d109,84194220d7931a04551a9eb60c34ae5c6155d86afafc67f58ee3db660842b53b,cb6399e0e20774552a2c76df3a040f5a9d6c5544eb355114cf7b8c3bee4a1cb2,true,true,true,true,true
221,5400000,1,cpc0_contact_locality,persistence_only,reference,1/7/1/4026531840/4026531840;1/4/1/4026531840/0,4026531840|0,6,1,4,1,0,0,0,0,8,2,57f766a5aefef412ed7512746a4549bf199cea6e34bb0a007bfd956047774ab1,88880bc7b868be0e4448a5b7c9d7f2dce25d2de8b1962c50f9cb42e0335b5f63,35d1568807135b4ca2658e4f662c85b8c20324579f99447d9f1f30302fd96e48,true,true,true,true,true
221,5400000,1,cpc0_contact_locality,persistence_only,production,1/7/1/4026531840/4026531840;1/4/1/4026531840/0,4026531840|0,6,1,4,1,0,0,0,0,8,2,57f766a5aefef412ed7512746a4549bf199cea6e34bb0a007bfd956047774ab1,88880bc7b868be0e4448a5b7c9d7f2dce25d2de8b1962c50f9cb42e0335b5f63,d588a19c4db78b73d5966077956581ccadb3418852ac9737261d71f8216be0d0,true,true,true,true,true
222,5400000,1,cpc0_contact_locality,efficacy_and_persistence,reference,1/7/2/4026531840/4026531840;1/4/2/4026531840/0,4026531840|0,6,1,4,1,0,0,0,0,8,2,712ae9f80bb23c3a1814cbaf66dcf4f87b49090ea267fb211398afc50f306b03,fe1c59409d7bd88635f205541e5f643c06ef2b3038486265d00dff85380b053f,a43f57dad3cb7e7a9efca9027ff891726ecd40fde2620c0d8598d30074fcec12,true,true,true,true,true
222,5400000,1,cpc0_contact_locality,efficacy_and_persistence,production,1/7/2/4026531840/4026531840;1/4/2/4026531840/0,4026531840|0,6,1,4,1,0,0,0,0,8,2,712ae9f80bb23c3a1814cbaf66dcf4f87b49090ea267fb211398afc50f306b03,fe1c59409d7bd88635f205541e5f643c06ef2b3038486265d00dff85380b053f,3fb686b97d6ece1148469fa0bce647d5bf3b27a966d4c7cf6316b058823cdd96,true,true,true,true,true
223,5400000,1,cpc1_temporal_participation,persistence_only,reference,1/6/1/1979772000/4026531840;1/5/1/1979772000/1979772000;1/7/1/1979772000/3110400000;1/7/1/1979772000/3110400000;1/7/1/4542662625/7136931840,4026531840|1979772000|3110400000|3110400000|7136931840,19,5,12,5,0,0,0,0,29,13,5ebfba1825e515e5c566813e136a6c7a7712fec0ff900c26a026c58bf22174ec,f8a2a8391871b1ba9928dc958108b500e3c56af6a20e6d0950e739209581db7d,a53ea1bc2a491320bb46f6546df82ad9980af07f39c3629bf5b17516596a5f04,true,true,true,true,true
223,5400000,1,cpc1_temporal_participation,persistence_only,production,1/6/1/1979772000/4026531840;1/5/1/1979772000/1979772000;1/7/1/1979772000/3110400000;1/7/1/1979772000/3110400000;1/7/1/4542662625/7136931840,4026531840|1979772000|3110400000|3110400000|7136931840,19,5,12,5,0,0,0,0,29,13,5ebfba1825e515e5c566813e136a6c7a7712fec0ff900c26a026c58bf22174ec,f8a2a8391871b1ba9928dc958108b500e3c56af6a20e6d0950e739209581db7d,a04334caac78190368cc03215e76163f1898616098c2fd99743141e5c46a3f75,true,true,true,true,true
224,5400000,1,cpc1_temporal_participation,efficacy_and_persistence,reference,1/6/2/1979772000/4026531840;1/5/2/1979772000/1979772000;1/7/2/1979772000/3110400000;1/7/2/1979772000/3110400000;1/7/2/4542662625/7136931840,4026531840|1979772000|3110400000|3110400000|7136931840,19,5,12,5,0,0,0,0,29,13,c95ecc5f434dd086480ddf119e6d4b2dd5fa392e5f1ec31339ef544a38bc9599,3e33182c7da78f2c8ee7010ba1eb54ea95f1e326fb4255a707303cc740c69439,295853a59206ab2effc6ea7c4b754cdd5d9c998952561cb3500b2c9cf4dcfe20,true,true,true,true,true
224,5400000,1,cpc1_temporal_participation,efficacy_and_persistence,production,1/6/2/1979772000/4026531840;1/5/2/1979772000/1979772000;1/7/2/1979772000/3110400000;1/7/2/1979772000/3110400000;1/7/2/4542662625/7136931840,4026531840|1979772000|3110400000|3110400000|7136931840,19,5,12,5,0,0,0,0,29,13,c95ecc5f434dd086480ddf119e6d4b2dd5fa392e5f1ec31339ef544a38bc9599,3e33182c7da78f2c8ee7010ba1eb54ea95f1e326fb4255a707303cc740c69439,3a8d08075af26e0608bb5fd5ce0a64fcba973968b779f0d75361d39e72923dee,true,true,true,true,true
225,5400000,1,pqlc0_one_hop,persistence_only,reference,1/7/1/4026531840/4026531840,1|4026531840,5,2,4,2,1,0,0,0,10,2,0066f87499e5bf4f999e7e5ed85e1c513275ba6f093e95a21dd5af9a9d5df58b,e1b652fa0b8cef2cc7721aabface5d6145af9b941fec8e3d8648a8dda4a6cb97,783c6a0f6f326c0a6c9588eb8e54c12a4304249b96d35f575896ec6b777eee7a,true,true,true,true,true
225,5400000,1,pqlc0_one_hop,persistence_only,production,1/7/1/4026531840/4026531840,1|4026531840,5,2,4,2,1,0,0,0,10,2,0066f87499e5bf4f999e7e5ed85e1c513275ba6f093e95a21dd5af9a9d5df58b,e1b652fa0b8cef2cc7721aabface5d6145af9b941fec8e3d8648a8dda4a6cb97,3a4e66bd1232855ac86ff2de467ac7e95e0fc76269d8bff12f386e69030dcae6,true,true,true,true,true
226,5400000,1,pqlc0_one_hop,efficacy_and_persistence,reference,1/7/2/4026531840/4026531840,1|4026531840,5,2,4,2,1,0,0,0,10,2,e20e7cb512db83048c97c0408f730e0442be3573ab9321db4b619b84ba533eaf,6ff3f5b3e02323338183510ec456de61b298c3aa75811a0ada02f80dbe8f4340,80e2d19cd3b4cefaaa61507f4cf8d159d372f5abd57faa1f53bba833f6a7246b,true,true,true,true,true
226,5400000,1,pqlc0_one_hop,efficacy_and_persistence,production,1/7/2/4026531840/4026531840,1|4026531840,5,2,4,2,1,0,0,0,10,2,e20e7cb512db83048c97c0408f730e0442be3573ab9321db4b619b84ba533eaf,6ff3f5b3e02323338183510ec456de61b298c3aa75811a0ada02f80dbe8f4340,43561cfb56d5778c9ae96715aeb439ac73363767a09e010699940332d182ea4d,true,true,true,true,true
227,5400000,1,pqlc1_depth_16,persistence_only,reference,1/7/1/4026531840/4026531840;1/7/1/4026531840/4026531840;1/7/1/4026531840/4026531840;1/7/1/4026531840/4026531840;1/7/1/4026531840/4026531840;1/7/1/4026531840/4026531840;1/7/1/4026531840/4026531840;1/7/1/4026531840/4026531840;1/7/1/4026531840/4026531840;1/7/1/4026531840/4026531840;1/7/1/4026531840/4026531840;1/7/1/4026531840/4026531840;1/7/1/4026531840/4026531840;1/7/1/4026531840/4026531840;1/7/1/4026531840/4026531840;1/7/1/4026531840/4026531840,16,19,16,18,16,15,0,0,0,66,2,e94da82837d905ae8c0301058e4041376ef6d9efed2024bc100f412c4d5b1242,6927f98f549ea5e7fe920e5617c002eeea3d6cb5666ccb0ef54e29675346d20c,6ef56f5dcb9f8978832ccff496e9ba2f8a32c04e1c4771cc51542bad072dde5c,true,true,true,true,true
227,5400000,1,pqlc1_depth_16,persistence_only,production,1/7/1/4026531840/4026531840;1/7/1/4026531840/4026531840;1/7/1/4026531840/4026531840;1/7/1/4026531840/4026531840;1/7/1/4026531840/4026531840;1/7/1/4026531840/4026531840;1/7/1/4026531840/4026531840;1/7/1/4026531840/4026531840;1/7/1/4026531840/4026531840;1/7/1/4026531840/4026531840;1/7/1/4026531840/4026531840;1/7/1/4026531840/4026531840;1/7/1/4026531840/4026531840;1/7/1/4026531840/4026531840;1/7/1/4026531840/4026531840;1/7/1/4026531840/4026531840,16,19,16,18,16,15,0,0,0,66,2,e94da82837d905ae8c0301058e4041376ef6d9efed2024bc100f412c4d5b1242,6927f98f549ea5e7fe920e5617c002eeea3d6cb5666ccb0ef54e29675346d20c,acbae4e5f153a7531f9f6d357cf10ede8063ecf715054719fd7fa4775ee89a1a,true,true,true,true,true
228,5400000,1,pqlc1_depth_16,efficacy_and_persistence,reference,1/7/2/4026531840/4026531840;1/7/2/4026531840/4026531840;1/7/2/4026531840/4026531840;1/7/2/4026531840/4026531840;1/7/2/4026531840/4026531840;1/7/2/4026531840/4026531840;1/7/2/4026531840/4026531840;1/7/2/4026531840/4026531840;1/7/2/4026531840/4026531840;1/7/2/4026531840/4026531840;1/7/2/4026531840/4026531840;1/7/2/4026531840/4026531840;1/7/2/4026531840/4026531840;1/7/2/4026531840/4026531840;1/7/2/4026531840/4026531840;1/7/2/4026531840/4026531840,16,19,16,18,16,15,0,0,0,66,2,479183f00d7838242c9713e93a2bbdaf138b0782dd3128f62bf35a5768fcd3ae,832bfa7b84b6abf49ccfe1da7b4e6fcd01d5e5bbcb238539a6b360227129c876,a443a976bcdb25ee864340f15c9530f8bdcd3d3aa2c88925e6de54e08de5e63c,true,true,true,true,true
228,5400000,1,pqlc1_depth_16,efficacy_and_persistence,production,1/7/2/4026531840/4026531840;1/7/2/4026531840/4026531840;1/7/2/4026531840/4026531840;1/7/2/4026531840/4026531840;1/7/2/4026531840/4026531840;1/7/2/4026531840/4026531840;1/7/2/4026531840/4026531840;1/7/2/4026531840/4026531840;1/7/2/4026531840/4026531840;1/7/2/4026531840/4026531840;1/7/2/4026531840/4026531840;1/7/2/4026531840/4026531840;1/7/2/4026531840/4026531840;1/7/2/4026531840/4026531840;1/7/2/4026531840/4026531840;1/7/2/4026531840/4026531840,16,19,16,18,16,15,0,0,0,66,2,479183f00d7838242c9713e93a2bbdaf138b0782dd3128f62bf35a5768fcd3ae,832bfa7b84b6abf49ccfe1da7b4e6fcd01d5e5bbcb238539a6b360227129c876,ca0a185da8d0de438bb728b3a2a9545a58eb97749d217fa59672f7c135859650,true,true,true,true,true
229,5400000,1,fd0_equal_persistence,persistence_only,reference,1/1/1/0/0;0/0/1/0/0,1|0,0,0,0,0,0,0,0,1,1,41,4f53cda18c2baa0c0354bb5f9a3ecbe5ed12ab4d8e11ba873c2f11161202b945,258ee61416009af49b401174a2a2cde4ffe2cb3a4a8bfb7b7e682b170116f4bd,0c7f3fc958d99da6db7794d5001d235298307a68b53773ec1e92856eec967b4b,true,true,true,true,true
229,5400000,1,fd0_equal_persistence,persistence_only,production,1/1/1/0/0;0/0/1/0/0,1|0,0,0,0,0,0,0,0,1,1,41,4f53cda18c2baa0c0354bb5f9a3ecbe5ed12ab4d8e11ba873c2f11161202b945,258ee61416009af49b401174a2a2cde4ffe2cb3a4a8bfb7b7e682b170116f4bd,066906f6b2f9b4c4016bee627effcb60835015dbf36622a809c6420c16f99d30,true,true,true,true,true
230,5400000,1,fd0_equal_persistence,efficacy_and_persistence,reference,1/1/2/0/0;0/0/2/0/0,1|0,0,0,0,0,0,0,0,1,1,41,4f53cda18c2baa0c0354bb5f9a3ecbe5ed12ab4d8e11ba873c2f11161202b945,82bc90bd5d56a30e0cb483e55fc3ceead204328c548900301dca38adafdd8143,6b971dc589a8055580ec39e921018b077686958bb08fe5ff10f927709b23bcef,true,true,true,true,true
230,5400000,1,fd0_equal_persistence,efficacy_and_persistence,production,1/1/2/0/0;0/0/2/0/0,1|0,0,0,0,0,0,0,0,1,1,41,4f53cda18c2baa0c0354bb5f9a3ecbe5ed12ab4d8e11ba873c2f11161202b945,82bc90bd5d56a30e0cb483e55fc3ceead204328c548900301dca38adafdd8143,aa532051d0fd6e764a8e751f8450cee4d8d5ff5f8c469a0838bb5a88d402e72c,true,true,true,true,true
231,5400000,1,fd1_consolidation,persistence_only,reference,1/4/1/4026531840/4026531840;1/1/1/4026531840/0,4026531840|0,5,1,3,1,0,0,0,0,7,2,8c1858334538a251cd905e979918bf932595e0774b9473ad85bd5cfd2b741607,de8e53540d163984e0a2b7f143aa86dfed5fe4d03d693e80dca7e423fb059825,ca272ce830c4f531ed8165902549e3b40665e28e7cfe16858bc348771467263d,true,true,true,true,true
231,5400000,1,fd1_consolidation,persistence_only,production,1/4/1/4026531840/4026531840;1/1/1/4026531840/0,4026531840|0,5,1,3,1,0,0,0,0,7,2,8c1858334538a251cd905e979918bf932595e0774b9473ad85bd5cfd2b741607,de8e53540d163984e0a2b7f143aa86dfed5fe4d03d693e80dca7e423fb059825,cc641f1992192ac302086770f135efcb26f152e7c5e7e45fbad867fcb13369b0,true,true,true,true,true
232,5400000,1,fd1_consolidation,efficacy_and_persistence,reference,1/4/2/4026531840/4026531840;1/1/2/4026531840/0,4026531840|0,5,1,3,1,0,0,0,0,7,2,8f1640f0ab6229ca8d74288ae28de1c5c8ae2054b4ffecf0db37364fe78b94a4,5437664d4c0b7d0466ecbabb4e11e6c0d59138772843990437b9ab6484605434,66e17cb4cc6d3b7fb0f9bd9f995c4d0cc0b4bcd176a24a920ff0e9a9c3325075,true,true,true,true,true
232,5400000,1,fd1_consolidation,efficacy_and_persistence,production,1/4/2/4026531840/4026531840;1/1/2/4026531840/0,4026531840|0,5,1,3,1,0,0,0,0,7,2,8f1640f0ab6229ca8d74288ae28de1c5c8ae2054b4ffecf0db37364fe78b94a4,5437664d4c0b7d0466ecbabb4e11e6c0d59138772843990437b9ab6484605434,41f783e39bad102846b3b02f2d8c00c3580f526f0838a401bc877ee26d9b6abf,true,true,true,true,true
233,5400000,1,threshold_1_already_executable,persistence_only,reference,1/4/1/4294967296/0,1|1,3,0,2,0,0,1,0,0,3,1,a407dde4cdc7f3f2ecf9cfd77f813cab1e6cae8c57a073546c4e2b1e37775197,8336f3238ab83739e94f535a85f329a29edd8818d72f825680c7997903ff6b54,79a122002e4e8b57c196d93a2675b5095ba2beb54df5f562d3f2e44f8bcb1848,true,true,true,true,true
233,5400000,1,threshold_1_already_executable,persistence_only,production,1/4/1/4294967296/0,1|1,3,0,2,0,0,1,0,0,3,1,a407dde4cdc7f3f2ecf9cfd77f813cab1e6cae8c57a073546c4e2b1e37775197,8336f3238ab83739e94f535a85f329a29edd8818d72f825680c7997903ff6b54,79a122002e4e8b57c196d93a2675b5095ba2beb54df5f562d3f2e44f8bcb1848,true,true,true,true,true
234,5400000,1,threshold_1_already_executable,efficacy_and_persistence,reference,1/4/2/4294967296/0,1|1,3,0,2,0,0,1,0,0,3,1,5a8a1abc4d971276077d4b39e349673978681ac8f87732c353a3d197b90283cc,ea186ff4ba857131e48fbc035ad962a9e7950b2de8384b60d16a42114290e51a,97a4eaa50123f68257a0bfa1916faa111e49b48076048c2e60089b344b9f22fd,true,true,true,true,true
234,5400000,1,threshold_1_already_executable,efficacy_and_persistence,production,1/4/2/4294967296/0,1|1,3,0,2,0,0,1,0,0,3,1,5a8a1abc4d971276077d4b39e349673978681ac8f87732c353a3d197b90283cc,ea186ff4ba857131e48fbc035ad962a9e7950b2de8384b60d16a42114290e51a,97a4eaa50123f68257a0bfa1916faa111e49b48076048c2e60089b344b9f22fd,true,true,true,true,true
235,5400000,1,threshold_2_acquired_efficacy,persistence_only,reference,1/4/1/4294967296/0;1/1/1/4294967296/0,0|0|0,4,0,2,0,0,0,0,0,4,1,b66942e803de6b3bb9b5148522e62120f090ee23b617db666bda67faa16d0fb6,eab891819a70a6905fc3fc564a80f5c351d876d173f2986bf74aab0c367a2bbd,2fb76b4b2f554e72d6a00c8a0210d80fe91506859e9b7f428ae004d7e8006feb,true,true,true,true,true
235,5400000,1,threshold_2_acquired_efficacy,persistence_only,production,1/4/1/4294967296/0;1/1/1/4294967296/0,0|0|0,4,0,2,0,0,0,0,0,4,1,b66942e803de6b3bb9b5148522e62120f090ee23b617db666bda67faa16d0fb6,eab891819a70a6905fc3fc564a80f5c351d876d173f2986bf74aab0c367a2bbd,2fb76b4b2f554e72d6a00c8a0210d80fe91506859e9b7f428ae004d7e8006feb,true,true,true,true,true
236,5400000,1,threshold_2_acquired_efficacy,efficacy_and_persistence,reference,1/4/2/4294967296/0;1/1/1/4294967296/0,1|0|1,5,0,3,0,0,1,0,0,5,1,8b3b302b0e30941a4c478af2b0dbb7f407285f308b8ad5faeb1c68753be24f60,6b8b27cd7d4e22f81b853675a5916b7af59dd6fc598285a100f0f910099dfca6,aa2fc4ded92f27c37b9fe2ca3d402246e7efbd4df0f4d8e3a2c30c508a0fbc1f,true,true,true,true,true
236,5400000,1,threshold_2_acquired_efficacy,efficacy_and_persistence,production,1/4/2/4294967296/0;1/1/1/4294967296/0,1|0|1,5,0,3,0,0,1,0,0,5,1,8b3b302b0e30941a4c478af2b0dbb7f407285f308b8ad5faeb1c68753be24f60,6b8b27cd7d4e22f81b853675a5916b7af59dd6fc598285a100f0f910099dfca6,aa2fc4ded92f27c37b9fe2ca3d402246e7efbd4df0f4d8e3a2c30c508a0fbc1f,true,true,true,true,true
237,5400000,1,threshold_3_still_insufficient,persistence_only,reference,1/4/1/4294967296/0,0|0,2,0,1,0,0,0,0,0,2,1,086f1c604f772cb52c2391099e19ea67d577e3196d59ee883cd1d01f9eb7ddfa,377246b0377c1169f514a2cdcbcf890178846720a16ff0f34bdd32d52b50f6f4,baf04ae47457e19974eefd7093c460fb1bb6dd378824f069877787f9451994c9,true,true,true,true,true
237,5400000,1,threshold_3_still_insufficient,persistence_only,production,1/4/1/4294967296/0,0|0,2,0,1,0,0,0,0,0,2,1,086f1c604f772cb52c2391099e19ea67d577e3196d59ee883cd1d01f9eb7ddfa,377246b0377c1169f514a2cdcbcf890178846720a16ff0f34bdd32d52b50f6f4,baf04ae47457e19974eefd7093c460fb1bb6dd378824f069877787f9451994c9,true,true,true,true,true
238,5400000,1,threshold_3_still_insufficient,efficacy_and_persistence,reference,1/4/2/4294967296/0,0|0,2,0,1,0,0,0,0,0,2,1,710b8577f33142ac29972bf3a01bb1013fd8e09174edb5f9fbe81391e5f5b69a,f87f4943d714c8973299868c1e7ef08c418eb1c323625a6e75d43264eac4946b,223366b2648fb3508eb712112d72527b0e22f3d82ef77e063560c752ec555e0f,true,true,true,true,true
238,5400000,1,threshold_3_still_insufficient,efficacy_and_persistence,production,1/4/2/4294967296/0,0|0,2,0,1,0,0,0,0,0,2,1,710b8577f33142ac29972bf3a01bb1013fd8e09174edb5f9fbe81391e5f5b69a,f87f4943d714c8973299868c1e7ef08c418eb1c323625a6e75d43264eac4946b,223366b2648fb3508eb712112d72527b0e22f3d82ef77e063560c752ec555e0f,true,true,true,true,true
239,5400000,1,threshold_2_two_physical_inputs,persistence_only,reference,1/4/1/4294967296/0;1/4/1/4294967296/0,1|1,5,0,3,0,0,1,0,0,5,1,dafc0eb429fb95a6ee7920350d2e4584bd99bd54b7e7a695cebd4d3a421dcc9f,e864d2909bfb11ce88e33fb63a7fcee94137f951e673355b1e3c727b3a37cfe8,9d714d7220a18c3b751de1711c24ac011c331cb015318510f1f6af1216121f90,true,true,true,true,true
239,5400000,1,threshold_2_two_physical_inputs,persistence_only,production,1/4/1/4294967296/0;1/4/1/4294967296/0,1|1,5,0,3,0,0,1,0,0,5,1,dafc0eb429fb95a6ee7920350d2e4584bd99bd54b7e7a695cebd4d3a421dcc9f,e864d2909bfb11ce88e33fb63a7fcee94137f951e673355b1e3c727b3a37cfe8,9d714d7220a18c3b751de1711c24ac011c331cb015318510f1f6af1216121f90,true,true,true,true,true
240,5400000,1,threshold_2_two_physical_inputs,efficacy_and_persistence,reference,1/4/1/4294967296/0;1/4/1/4294967296/0,1|1,5,0,3,0,0,1,0,0,5,1,8df409c192c012880a0b3a38cc4a162ba5459027f8584d5537250fc18f57c02f,84194220d7931a04551a9eb60c34ae5c6155d86afafc67f58ee3db660842b53b,e8f5f751671c34d4120bba209b9ded577b0fc374d055d947a5f63bdf2cf8f8a8,true,true,true,true,true
240,5400000,1,threshold_2_two_physical_inputs,efficacy_and_persistence,production,1/4/1/4294967296/0;1/4/1/4294967296/0,1|1,5,0,3,0,0,1,0,0,5,1,8df409c192c012880a0b3a38cc4a162ba5459027f8584d5537250fc18f57c02f,84194220d7931a04551a9eb60c34ae5c6155d86afafc67f58ee3db660842b53b,e8f5f751671c34d4120bba209b9ded577b0fc374d055d947a5f63bdf2cf8f8a8,true,true,true,true,true
241,5400000,2,cpc0_contact_locality,persistence_only,reference,1/7/1/4026531840/4026531840;1/4/1/4026531840/0,4026531840|0,6,1,4,1,0,0,0,0,8,3,b9a15559447e56352edcec2e1bd865ebf988dc4312d769e7cb734f493603b6df,88880bc7b868be0e4448a5b7c9d7f2dce25d2de8b1962c50f9cb42e0335b5f63,c5fb109d1e80ab954c345d26d617016e9be0cf58ef987590dceae3e80a21aa79,true,true,true,true,true
241,5400000,2,cpc0_contact_locality,persistence_only,production,1/7/1/4026531840/4026531840;1/4/1/4026531840/0,4026531840|0,6,1,4,1,0,0,0,0,8,3,b9a15559447e56352edcec2e1bd865ebf988dc4312d769e7cb734f493603b6df,88880bc7b868be0e4448a5b7c9d7f2dce25d2de8b1962c50f9cb42e0335b5f63,eaeefff428f43685d2fe70e35f252faa50837c3205f2cd015178a1bd73e44387,true,true,true,true,true
242,5400000,2,cpc0_contact_locality,efficacy_and_persistence,reference,1/7/2/4026531840/4026531840;1/4/2/4026531840/0,4026531840|0,6,1,4,1,0,0,0,0,8,3,a57c34a08880af786ea60ba103ad52fda6081104016835e582b67743fe43db07,fe1c59409d7bd88635f205541e5f643c06ef2b3038486265d00dff85380b053f,d7f3a27cab98b88d709b7aa45c130dffae838eef99a6e16263b7499379b5faa4,true,true,true,true,true
242,5400000,2,cpc0_contact_locality,efficacy_and_persistence,production,1/7/2/4026531840/4026531840;1/4/2/4026531840/0,4026531840|0,6,1,4,1,0,0,0,0,8,3,a57c34a08880af786ea60ba103ad52fda6081104016835e582b67743fe43db07,fe1c59409d7bd88635f205541e5f643c06ef2b3038486265d00dff85380b053f,55272df5b7ea417baef3c0f1884e95a8ed27bce8acfab9519e5156ba59947fec,true,true,true,true,true
243,5400000,2,cpc1_temporal_participation,persistence_only,reference,1/6/1/1979772000/4026531840;1/5/1/1979772000/1979772000;1/7/1/1979772000/3110400000;1/7/1/1979772000/3110400000;1/7/1/4542662625/7136931840,4026531840|1979772000|3110400000|3110400000|7136931840,19,5,12,5,0,0,0,0,29,14,dc3e9be1abbeed62cb6d8630dfb196924f4df152a46de6c5e9f6dc3b78c40216,f8a2a8391871b1ba9928dc958108b500e3c56af6a20e6d0950e739209581db7d,942ea28107b944683a3561a4e22e29c90c42903651468938cf2f1d08a2f925bf,true,true,true,true,true
243,5400000,2,cpc1_temporal_participation,persistence_only,production,1/6/1/1979772000/4026531840;1/5/1/1979772000/1979772000;1/7/1/1979772000/3110400000;1/7/1/1979772000/3110400000;1/7/1/4542662625/7136931840,4026531840|1979772000|3110400000|3110400000|7136931840,19,5,12,5,0,0,0,0,29,14,dc3e9be1abbeed62cb6d8630dfb196924f4df152a46de6c5e9f6dc3b78c40216,f8a2a8391871b1ba9928dc958108b500e3c56af6a20e6d0950e739209581db7d,4d1d13f8445aae01d41a8a10367aa93322137383fb0a4832231a71e60476a53f,true,true,true,true,true
244,5400000,2,cpc1_temporal_participation,efficacy_and_persistence,reference,1/6/2/1979772000/4026531840;1/5/2/1979772000/1979772000;1/7/2/1979772000/3110400000;1/7/2/1979772000/3110400000;1/7/2/4542662625/7136931840,4026531840|1979772000|3110400000|3110400000|7136931840,19,5,12,5,0,0,0,0,29,14,98c8df952f02ee60261891f1c8991cdadc32d7f41fb32128c67006eb906fe09f,3e33182c7da78f2c8ee7010ba1eb54ea95f1e326fb4255a707303cc740c69439,cecd357295e7f7ea44c6620edf2dc1b20489a1fda589438be8090f8e330446c8,true,true,true,true,true
244,5400000,2,cpc1_temporal_participation,efficacy_and_persistence,production,1/6/2/1979772000/4026531840;1/5/2/1979772000/1979772000;1/7/2/1979772000/3110400000;1/7/2/1979772000/3110400000;1/7/2/4542662625/7136931840,4026531840|1979772000|3110400000|3110400000|7136931840,19,5,12,5,0,0,0,0,29,14,98c8df952f02ee60261891f1c8991cdadc32d7f41fb32128c67006eb906fe09f,3e33182c7da78f2c8ee7010ba1eb54ea95f1e326fb4255a707303cc740c69439,4a758261e0f60f9db4926d47d0c886d2c91b85812558444f30b33eeb4e9e1a17,true,true,true,true,true
245,5400000,2,pqlc0_one_hop,persistence_only,reference,1/7/1/4026531840/4026531840,1|4026531840,5,2,4,2,1,0,0,0,10,3,573e3eb749637d45da790bb515610d466a0621c02d9a881bc7c2e813bf7c55f3,e1b652fa0b8cef2cc7721aabface5d6145af9b941fec8e3d8648a8dda4a6cb97,8e476e74f79da457823fff18cf1b6d86f525b32107c22020998ea2a357b45ecb,true,true,true,true,true
245,5400000,2,pqlc0_one_hop,persistence_only,production,1/7/1/4026531840/4026531840,1|4026531840,5,2,4,2,1,0,0,0,10,3,573e3eb749637d45da790bb515610d466a0621c02d9a881bc7c2e813bf7c55f3,e1b652fa0b8cef2cc7721aabface5d6145af9b941fec8e3d8648a8dda4a6cb97,c1ce1577e07dc9369b4e4085e3d399e3b97480913c88626f0fd5797be49706c7,true,true,true,true,true
246,5400000,2,pqlc0_one_hop,efficacy_and_persistence,reference,1/7/2/4026531840/4026531840,1|4026531840,5,2,4,2,1,0,0,0,10,3,37a202121faa73d0ac82fb381d0468248bd4733e30e5acce2ffc2e336e213986,6ff3f5b3e02323338183510ec456de61b298c3aa75811a0ada02f80dbe8f4340,0f4457563619bb358d5b616fe53635fc2d4fad96a376fdcc0500827435eeb647,true,true,true,true,true
246,5400000,2,pqlc0_one_hop,efficacy_and_persistence,production,1/7/2/4026531840/4026531840,1|4026531840,5,2,4,2,1,0,0,0,10,3,37a202121faa73d0ac82fb381d0468248bd4733e30e5acce2ffc2e336e213986,6ff3f5b3e02323338183510ec456de61b298c3aa75811a0ada02f80dbe8f4340,6de3008abac5990e48b6cb7e2afa1070a58933264b068aeec56561aad3f3aca8,true,true,true,true,true
247,5400000,2,pqlc1_depth_16,persistence_only,reference,1/7/1/4026531840/4026531840;1/7/1/4026531840/4026531840;1/7/1/4026531840/4026531840;1/7/1/4026531840/4026531840;1/7/1/4026531840/4026531840;1/7/1/4026531840/4026531840;1/7/1/4026531840/4026531840;1/7/1/4026531840/4026531840;1/7/1/4026531840/4026531840;1/7/1/4026531840/4026531840;1/7/1/4026531840/4026531840;1/7/1/4026531840/4026531840;1/7/1/4026531840/4026531840;1/7/1/4026531840/4026531840;1/7/1/4026531840/4026531840;1/7/1/4026531840/4026531840,16,19,16,18,16,15,0,0,0,66,3,a4effee3de61b0de0adc17a7cba63498795d159ebe9119f74b763c33e6b1ac4f,6927f98f549ea5e7fe920e5617c002eeea3d6cb5666ccb0ef54e29675346d20c,9d75d342f64fcc870b4aeb7a6c728fa8c2a47afbed9cd9f96e3846baaa2b1442,true,true,true,true,true
247,5400000,2,pqlc1_depth_16,persistence_only,production,1/7/1/4026531840/4026531840;1/7/1/4026531840/4026531840;1/7/1/4026531840/4026531840;1/7/1/4026531840/4026531840;1/7/1/4026531840/4026531840;1/7/1/4026531840/4026531840;1/7/1/4026531840/4026531840;1/7/1/4026531840/4026531840;1/7/1/4026531840/4026531840;1/7/1/4026531840/4026531840;1/7/1/4026531840/4026531840;1/7/1/4026531840/4026531840;1/7/1/4026531840/4026531840;1/7/1/4026531840/4026531840;1/7/1/4026531840/4026531840;1/7/1/4026531840/4026531840,16,19,16,18,16,15,0,0,0,66,3,a4effee3de61b0de0adc17a7cba63498795d159ebe9119f74b763c33e6b1ac4f,6927f98f549ea5e7fe920e5617c002eeea3d6cb5666ccb0ef54e29675346d20c,f08784693f9968c26d1aedb8aaf9f0247075918a6c24ccc5b933cace4705bec3,true,true,true,true,true
248,5400000,2,pqlc1_depth_16,efficacy_and_persistence,reference,1/7/2/4026531840/4026531840;1/7/2/4026531840/4026531840;1/7/2/4026531840/4026531840;1/7/2/4026531840/4026531840;1/7/2/4026531840/4026531840;1/7/2/4026531840/4026531840;1/7/2/4026531840/4026531840;1/7/2/4026531840/4026531840;1/7/2/4026531840/4026531840;1/7/2/4026531840/4026531840;1/7/2/4026531840/4026531840;1/7/2/4026531840/4026531840;1/7/2/4026531840/4026531840;1/7/2/4026531840/4026531840;1/7/2/4026531840/4026531840;1/7/2/4026531840/4026531840,16,19,16,18,16,15,0,0,0,66,3,3164295394b4676de9ea464654c81cacb405ece80e16491f770c059d64d312bf,832bfa7b84b6abf49ccfe1da7b4e6fcd01d5e5bbcb238539a6b360227129c876,8094f71b0c775e94b2280480fe421a31e63cbf01d7108bfe80b995bafb816578,true,true,true,true,true
248,5400000,2,pqlc1_depth_16,efficacy_and_persistence,production,1/7/2/4026531840/4026531840;1/7/2/4026531840/4026531840;1/7/2/4026531840/4026531840;1/7/2/4026531840/4026531840;1/7/2/4026531840/4026531840;1/7/2/4026531840/4026531840;1/7/2/4026531840/4026531840;1/7/2/4026531840/4026531840;1/7/2/4026531840/4026531840;1/7/2/4026531840/4026531840;1/7/2/4026531840/4026531840;1/7/2/4026531840/4026531840;1/7/2/4026531840/4026531840;1/7/2/4026531840/4026531840;1/7/2/4026531840/4026531840;1/7/2/4026531840/4026531840,16,19,16,18,16,15,0,0,0,66,3,3164295394b4676de9ea464654c81cacb405ece80e16491f770c059d64d312bf,832bfa7b84b6abf49ccfe1da7b4e6fcd01d5e5bbcb238539a6b360227129c876,4da7e2adbf66651920edb56f9663d193697533dc1b134682085c5f5201a08f52,true,true,true,true,true
249,5400000,2,fd0_equal_persistence,persistence_only,reference,1/1/1/0/0;0/0/1/0/0,1|0,0,0,0,0,0,0,0,1,1,42,4f53cda18c2baa0c0354bb5f9a3ecbe5ed12ab4d8e11ba873c2f11161202b945,258ee61416009af49b401174a2a2cde4ffe2cb3a4a8bfb7b7e682b170116f4bd,58af1164045a7f241288840d8a47543720f9ec3b04036a4a2b9817cb98ec12b9,true,true,true,true,true
249,5400000,2,fd0_equal_persistence,persistence_only,production,1/1/1/0/0;0/0/1/0/0,1|0,0,0,0,0,0,0,0,1,1,42,4f53cda18c2baa0c0354bb5f9a3ecbe5ed12ab4d8e11ba873c2f11161202b945,258ee61416009af49b401174a2a2cde4ffe2cb3a4a8bfb7b7e682b170116f4bd,8ca1148dc446366ec8dd69649885ab0eaaa0720cce9664c0042672c3b625faaf,true,true,true,true,true
250,5400000,2,fd0_equal_persistence,efficacy_and_persistence,reference,1/1/2/0/0;0/0/2/0/0,1|0,0,0,0,0,0,0,0,1,1,42,4f53cda18c2baa0c0354bb5f9a3ecbe5ed12ab4d8e11ba873c2f11161202b945,82bc90bd5d56a30e0cb483e55fc3ceead204328c548900301dca38adafdd8143,f6bf6cd93d6d2ec0e1ab6ab3fa38de8efada9527f913fb387891aad1db11fb7a,true,true,true,true,true
250,5400000,2,fd0_equal_persistence,efficacy_and_persistence,production,1/1/2/0/0;0/0/2/0/0,1|0,0,0,0,0,0,0,0,1,1,42,4f53cda18c2baa0c0354bb5f9a3ecbe5ed12ab4d8e11ba873c2f11161202b945,82bc90bd5d56a30e0cb483e55fc3ceead204328c548900301dca38adafdd8143,8a3f61f9b1027cca0a5102db21e8be87697dfffdee1396dbb62116c67f2d0a1d,true,true,true,true,true
251,5400000,2,fd1_consolidation,persistence_only,reference,1/4/1/4026531840/4026531840;1/1/1/4026531840/0,4026531840|0,5,1,3,1,0,0,0,0,7,3,76af576056a92d7fec5d8c3ee6d268effcedd9a295be7d320493decf9f9a34cd,de8e53540d163984e0a2b7f143aa86dfed5fe4d03d693e80dca7e423fb059825,485ec634d0ad914f17ea28b435308c91b7df5f3b7ba9f87172ea1c2e84a142e8,true,true,true,true,true
251,5400000,2,fd1_consolidation,persistence_only,production,1/4/1/4026531840/4026531840;1/1/1/4026531840/0,4026531840|0,5,1,3,1,0,0,0,0,7,3,76af576056a92d7fec5d8c3ee6d268effcedd9a295be7d320493decf9f9a34cd,de8e53540d163984e0a2b7f143aa86dfed5fe4d03d693e80dca7e423fb059825,99dadd2341cf3dce74e7d58e4aa97010c32c4257676bb5d0dfdb966b1506d5a0,true,true,true,true,true
252,5400000,2,fd1_consolidation,efficacy_and_persistence,reference,1/4/2/4026531840/4026531840;1/1/2/4026531840/0,4026531840|0,5,1,3,1,0,0,0,0,7,3,a41a9af0e123232532f4428064d5a029d804bcba4d6edc1867d200fed5a3f89c,5437664d4c0b7d0466ecbabb4e11e6c0d59138772843990437b9ab6484605434,638efa8a2c2bad48146341524cc9aa5a6cc02cf2137060909a69f7887819bca9,true,true,true,true,true
252,5400000,2,fd1_consolidation,efficacy_and_persistence,production,1/4/2/4026531840/4026531840;1/1/2/4026531840/0,4026531840|0,5,1,3,1,0,0,0,0,7,3,a41a9af0e123232532f4428064d5a029d804bcba4d6edc1867d200fed5a3f89c,5437664d4c0b7d0466ecbabb4e11e6c0d59138772843990437b9ab6484605434,83434d1040f3a9a9b60ac1e5a5b1c7efb02dab05bf2dbc93a1b37817ee29504e,true,true,true,true,true
253,5400000,2,threshold_1_already_executable,persistence_only,reference,1/4/1/4294967296/0,1|1,3,0,2,0,0,1,0,0,3,2,3c2f5305288a6d8a5c7d843d76a5464222d9839f86ca6165d743bf1489042bbf,8336f3238ab83739e94f535a85f329a29edd8818d72f825680c7997903ff6b54,d25d57118bc229214b9f3bef74fd889646266537e42fcafc8ab6e5e3a19d86fc,true,true,true,true,true
253,5400000,2,threshold_1_already_executable,persistence_only,production,1/4/1/4294967296/0,1|1,3,0,2,0,0,1,0,0,3,2,3c2f5305288a6d8a5c7d843d76a5464222d9839f86ca6165d743bf1489042bbf,8336f3238ab83739e94f535a85f329a29edd8818d72f825680c7997903ff6b54,d25d57118bc229214b9f3bef74fd889646266537e42fcafc8ab6e5e3a19d86fc,true,true,true,true,true
254,5400000,2,threshold_1_already_executable,efficacy_and_persistence,reference,1/4/2/4294967296/0,1|1,3,0,2,0,0,1,0,0,3,2,30ec9cca5b4d210910dc64fedf835e2c0b0e5bf75e62e1068a312c47dd4f1f12,ea186ff4ba857131e48fbc035ad962a9e7950b2de8384b60d16a42114290e51a,f3fe735d73a9a8f42a3b8a5fb3cc85516a60f0e6cb6285eae9cc85de27ae19a3,true,true,true,true,true
254,5400000,2,threshold_1_already_executable,efficacy_and_persistence,production,1/4/2/4294967296/0,1|1,3,0,2,0,0,1,0,0,3,2,30ec9cca5b4d210910dc64fedf835e2c0b0e5bf75e62e1068a312c47dd4f1f12,ea186ff4ba857131e48fbc035ad962a9e7950b2de8384b60d16a42114290e51a,f3fe735d73a9a8f42a3b8a5fb3cc85516a60f0e6cb6285eae9cc85de27ae19a3,true,true,true,true,true
255,5400000,2,threshold_2_acquired_efficacy,persistence_only,reference,1/4/1/4294967296/0;1/1/1/4294967296/0,0|0|0,4,0,2,0,0,0,0,0,4,2,5be02a7a5e67818e83d8c1ec291faadd21fa934ec48695d56491b4b284ffb48c,eab891819a70a6905fc3fc564a80f5c351d876d173f2986bf74aab0c367a2bbd,c0420dceb4218f21673a60d6ef09b618ffaea42daf549980bf539d960d7e1ec9,true,true,true,true,true
255,5400000,2,threshold_2_acquired_efficacy,persistence_only,production,1/4/1/4294967296/0;1/1/1/4294967296/0,0|0|0,4,0,2,0,0,0,0,0,4,2,5be02a7a5e67818e83d8c1ec291faadd21fa934ec48695d56491b4b284ffb48c,eab891819a70a6905fc3fc564a80f5c351d876d173f2986bf74aab0c367a2bbd,c0420dceb4218f21673a60d6ef09b618ffaea42daf549980bf539d960d7e1ec9,true,true,true,true,true
256,5400000,2,threshold_2_acquired_efficacy,efficacy_and_persistence,reference,1/4/2/4294967296/0;1/1/1/4294967296/0,1|0|1,5,0,3,0,0,1,0,0,5,2,90498368e7afb3976ac281611e373cc006c57c435d9d943b30bb2eb95ec2dded,6b8b27cd7d4e22f81b853675a5916b7af59dd6fc598285a100f0f910099dfca6,04323df476742b28fb30b898daab725dcef30abc8fd54d4d5df661e3b8b753a7,true,true,true,true,true
256,5400000,2,threshold_2_acquired_efficacy,efficacy_and_persistence,production,1/4/2/4294967296/0;1/1/1/4294967296/0,1|0|1,5,0,3,0,0,1,0,0,5,2,90498368e7afb3976ac281611e373cc006c57c435d9d943b30bb2eb95ec2dded,6b8b27cd7d4e22f81b853675a5916b7af59dd6fc598285a100f0f910099dfca6,04323df476742b28fb30b898daab725dcef30abc8fd54d4d5df661e3b8b753a7,true,true,true,true,true
257,5400000,2,threshold_3_still_insufficient,persistence_only,reference,1/4/1/4294967296/0,0|0,2,0,1,0,0,0,0,0,2,2,2631b44293af4bbfbfac3fb4c04d236cca88a9e8ae8598897c5d21114e035c12,377246b0377c1169f514a2cdcbcf890178846720a16ff0f34bdd32d52b50f6f4,f55122dc021b78345c9cb6992afb831f0e91ebaa8923045ef20adfd4cd92a0ad,true,true,true,true,true
257,5400000,2,threshold_3_still_insufficient,persistence_only,production,1/4/1/4294967296/0,0|0,2,0,1,0,0,0,0,0,2,2,2631b44293af4bbfbfac3fb4c04d236cca88a9e8ae8598897c5d21114e035c12,377246b0377c1169f514a2cdcbcf890178846720a16ff0f34bdd32d52b50f6f4,f55122dc021b78345c9cb6992afb831f0e91ebaa8923045ef20adfd4cd92a0ad,true,true,true,true,true
258,5400000,2,threshold_3_still_insufficient,efficacy_and_persistence,reference,1/4/2/4294967296/0,0|0,2,0,1,0,0,0,0,0,2,2,dbfe17f13658a0d10794bdef42f7d66b5e1c01f8cd385a1037a69d10a8a7f016,f87f4943d714c8973299868c1e7ef08c418eb1c323625a6e75d43264eac4946b,0a6e5f83ebdb5ec0b08a4309976572d5c06034f3c971d0fb8f50ce454c3b6295,true,true,true,true,true
258,5400000,2,threshold_3_still_insufficient,efficacy_and_persistence,production,1/4/2/4294967296/0,0|0,2,0,1,0,0,0,0,0,2,2,dbfe17f13658a0d10794bdef42f7d66b5e1c01f8cd385a1037a69d10a8a7f016,f87f4943d714c8973299868c1e7ef08c418eb1c323625a6e75d43264eac4946b,0a6e5f83ebdb5ec0b08a4309976572d5c06034f3c971d0fb8f50ce454c3b6295,true,true,true,true,true
259,5400000,2,threshold_2_two_physical_inputs,persistence_only,reference,1/4/1/4294967296/0;1/4/1/4294967296/0,1|1,5,0,3,0,0,1,0,0,5,2,4fc3a527a1cc1d8460010d3acaf7d15cb5fdf9da6aed41355ad5d95ad5ddc58f,e864d2909bfb11ce88e33fb63a7fcee94137f951e673355b1e3c727b3a37cfe8,10c5fda240e02f777f0d0ad4cabd35ec89a0ac678a725256893afc7d0f13617a,true,true,true,true,true
259,5400000,2,threshold_2_two_physical_inputs,persistence_only,production,1/4/1/4294967296/0;1/4/1/4294967296/0,1|1,5,0,3,0,0,1,0,0,5,2,4fc3a527a1cc1d8460010d3acaf7d15cb5fdf9da6aed41355ad5d95ad5ddc58f,e864d2909bfb11ce88e33fb63a7fcee94137f951e673355b1e3c727b3a37cfe8,10c5fda240e02f777f0d0ad4cabd35ec89a0ac678a725256893afc7d0f13617a,true,true,true,true,true
260,5400000,2,threshold_2_two_physical_inputs,efficacy_and_persistence,reference,1/4/1/4294967296/0;1/4/1/4294967296/0,1|1,5,0,3,0,0,1,0,0,5,2,197043fbf24ecb655f07a96303d5de009bf23a6c7e252fbce96b198501ec55a8,84194220d7931a04551a9eb60c34ae5c6155d86afafc67f58ee3db660842b53b,64706b8aa04731e634ab38240cbc4ab8a47a33cc89640340d4a9aace6cf8a8c0,true,true,true,true,true
260,5400000,2,threshold_2_two_physical_inputs,efficacy_and_persistence,production,1/4/1/4294967296/0;1/4/1/4294967296/0,1|1,5,0,3,0,0,1,0,0,5,2,197043fbf24ecb655f07a96303d5de009bf23a6c7e252fbce96b198501ec55a8,84194220d7931a04551a9eb60c34ae5c6155d86afafc67f58ee3db660842b53b,64706b8aa04731e634ab38240cbc4ab8a47a33cc89640340d4a9aace6cf8a8c0,true,true,true,true,true
261,5400000,3,cpc0_contact_locality,persistence_only,reference,1/7/1/4026531840/4026531840;1/4/1/4026531840/0,4026531840|0,6,1,4,1,0,0,0,0,8,4,37ad5d243fb9a745478b2dfba26377c493bb845e61568dd0723e20be5ea86047,88880bc7b868be0e4448a5b7c9d7f2dce25d2de8b1962c50f9cb42e0335b5f63,b54b438262780043fef640d37c5e28d607fc1c56a45ac3c41c1c1c34ad6a45b9,true,true,true,true,true
261,5400000,3,cpc0_contact_locality,persistence_only,production,1/7/1/4026531840/4026531840;1/4/1/4026531840/0,4026531840|0,6,1,4,1,0,0,0,0,8,4,37ad5d243fb9a745478b2dfba26377c493bb845e61568dd0723e20be5ea86047,88880bc7b868be0e4448a5b7c9d7f2dce25d2de8b1962c50f9cb42e0335b5f63,345be72d8382249e05cab4d5998fd613b737acae1e34670e9252bc10c5933d56,true,true,true,true,true
262,5400000,3,cpc0_contact_locality,efficacy_and_persistence,reference,1/7/2/4026531840/4026531840;1/4/2/4026531840/0,4026531840|0,6,1,4,1,0,0,0,0,8,4,74ac82b517c7b59d44a0bfa701709a3cfc318c4e1957e9d53d649eb5adc60c4e,fe1c59409d7bd88635f205541e5f643c06ef2b3038486265d00dff85380b053f,d03be6a002b18aa6e25ae7bff63d125c28a0466d59d8be8f6958c14af80eb144,true,true,true,true,true
262,5400000,3,cpc0_contact_locality,efficacy_and_persistence,production,1/7/2/4026531840/4026531840;1/4/2/4026531840/0,4026531840|0,6,1,4,1,0,0,0,0,8,4,74ac82b517c7b59d44a0bfa701709a3cfc318c4e1957e9d53d649eb5adc60c4e,fe1c59409d7bd88635f205541e5f643c06ef2b3038486265d00dff85380b053f,3144fd04415a21f638554ecf1ab9c2004a2fded6d7d6f0df04d7a7794bd9efe9,true,true,true,true,true
263,5400000,3,cpc1_temporal_participation,persistence_only,reference,1/6/1/1979772000/4026531840;1/5/1/1979772000/1979772000;1/7/1/1979772000/3110400000;1/7/1/1979772000/3110400000;1/7/1/4542662625/7136931840,4026531840|1979772000|3110400000|3110400000|7136931840,19,5,12,5,0,0,0,0,29,15,a1633e3cde712c0dc6f1101db42aa8cabfb13365ccd13db1ca060cb38923e6df,f8a2a8391871b1ba9928dc958108b500e3c56af6a20e6d0950e739209581db7d,e32cff3e25f33302456d3e2e16f63240de84cba4868a59dcc32731d843469b3c,true,true,true,true,true
263,5400000,3,cpc1_temporal_participation,persistence_only,production,1/6/1/1979772000/4026531840;1/5/1/1979772000/1979772000;1/7/1/1979772000/3110400000;1/7/1/1979772000/3110400000;1/7/1/4542662625/7136931840,4026531840|1979772000|3110400000|3110400000|7136931840,19,5,12,5,0,0,0,0,29,15,a1633e3cde712c0dc6f1101db42aa8cabfb13365ccd13db1ca060cb38923e6df,f8a2a8391871b1ba9928dc958108b500e3c56af6a20e6d0950e739209581db7d,70dfe11e65f4cbb570de455517fe0588b3f320b19a629f9b1cc72960575514a5,true,true,true,true,true
264,5400000,3,cpc1_temporal_participation,efficacy_and_persistence,reference,1/6/2/1979772000/4026531840;1/5/2/1979772000/1979772000;1/7/2/1979772000/3110400000;1/7/2/1979772000/3110400000;1/7/2/4542662625/7136931840,4026531840|1979772000|3110400000|3110400000|7136931840,19,5,12,5,0,0,0,0,29,15,100078ddc8d89d0d08bf130af9274921eddcd91e76e559a8ca38164108a600d3,3e33182c7da78f2c8ee7010ba1eb54ea95f1e326fb4255a707303cc740c69439,3d5092310972f1ebbeacf4566959cce8882e436bc1e4e6275f8fbb0bf56a6ea8,true,true,true,true,true
264,5400000,3,cpc1_temporal_participation,efficacy_and_persistence,production,1/6/2/1979772000/4026531840;1/5/2/1979772000/1979772000;1/7/2/1979772000/3110400000;1/7/2/1979772000/3110400000;1/7/2/4542662625/7136931840,4026531840|1979772000|3110400000|3110400000|7136931840,19,5,12,5,0,0,0,0,29,15,100078ddc8d89d0d08bf130af9274921eddcd91e76e559a8ca38164108a600d3,3e33182c7da78f2c8ee7010ba1eb54ea95f1e326fb4255a707303cc740c69439,3a75b74390e7bd9fcb4b20ef480df8792aeddb2cf1adde977bf27931fd512335,true,true,true,true,true
265,5400000,3,pqlc0_one_hop,persistence_only,reference,1/7/1/4026531840/4026531840,1|4026531840,5,2,4,2,1,0,0,0,10,4,9c7f1c0648f4c1db6e90731b03b6abfe1ac2530903b7ea425bfc3003cd65d6ee,e1b652fa0b8cef2cc7721aabface5d6145af9b941fec8e3d8648a8dda4a6cb97,4fd8f9dd0a68facd6739bf493a642fe2d798e7ebcac6b6034fd3cc95e48732ff,true,true,true,true,true
265,5400000,3,pqlc0_one_hop,persistence_only,production,1/7/1/4026531840/4026531840,1|4026531840,5,2,4,2,1,0,0,0,10,4,9c7f1c0648f4c1db6e90731b03b6abfe1ac2530903b7ea425bfc3003cd65d6ee,e1b652fa0b8cef2cc7721aabface5d6145af9b941fec8e3d8648a8dda4a6cb97,2217c1b9122ff54612a84e7acb4331534084e91143e6babf41a38fe7632478e8,true,true,true,true,true
266,5400000,3,pqlc0_one_hop,efficacy_and_persistence,reference,1/7/2/4026531840/4026531840,1|4026531840,5,2,4,2,1,0,0,0,10,4,684672311603458dbd87d50fccd38e94f2c14b66dd20498d5c57ee7a6c389cf2,6ff3f5b3e02323338183510ec456de61b298c3aa75811a0ada02f80dbe8f4340,c641a81b070aa43e65e49463af32fb3026a4676a7189a8455ea5e21100b76cae,true,true,true,true,true
266,5400000,3,pqlc0_one_hop,efficacy_and_persistence,production,1/7/2/4026531840/4026531840,1|4026531840,5,2,4,2,1,0,0,0,10,4,684672311603458dbd87d50fccd38e94f2c14b66dd20498d5c57ee7a6c389cf2,6ff3f5b3e02323338183510ec456de61b298c3aa75811a0ada02f80dbe8f4340,001c6af3f5478834c3b3e93e6bbbd4478af13d78054a925ed1d01aa5c33e941d,true,true,true,true,true
267,5400000,3,pqlc1_depth_16,persistence_only,reference,1/7/1/4026531840/4026531840;1/7/1/4026531840/4026531840;1/7/1/4026531840/4026531840;1/7/1/4026531840/4026531840;1/7/1/4026531840/4026531840;1/7/1/4026531840/4026531840;1/7/1/4026531840/4026531840;1/7/1/4026531840/4026531840;1/7/1/4026531840/4026531840;1/7/1/4026531840/4026531840;1/7/1/4026531840/4026531840;1/7/1/4026531840/4026531840;1/7/1/4026531840/4026531840;1/7/1/4026531840/4026531840;1/7/1/4026531840/4026531840;1/7/1/4026531840/4026531840,16,19,16,18,16,15,0,0,0,66,4,c0d75982fc6c481508c0234aad5769826ad30cc9edf6a0f51e7768ce195ed9a1,6927f98f549ea5e7fe920e5617c002eeea3d6cb5666ccb0ef54e29675346d20c,c3ce379a2f3f3fdb0f3ff29f0573207370a1975f0a4ff5395257b6a6707943d7,true,true,true,true,true
267,5400000,3,pqlc1_depth_16,persistence_only,production,1/7/1/4026531840/4026531840;1/7/1/4026531840/4026531840;1/7/1/4026531840/4026531840;1/7/1/4026531840/4026531840;1/7/1/4026531840/4026531840;1/7/1/4026531840/4026531840;1/7/1/4026531840/4026531840;1/7/1/4026531840/4026531840;1/7/1/4026531840/4026531840;1/7/1/4026531840/4026531840;1/7/1/4026531840/4026531840;1/7/1/4026531840/4026531840;1/7/1/4026531840/4026531840;1/7/1/4026531840/4026531840;1/7/1/4026531840/4026531840;1/7/1/4026531840/4026531840,16,19,16,18,16,15,0,0,0,66,4,c0d75982fc6c481508c0234aad5769826ad30cc9edf6a0f51e7768ce195ed9a1,6927f98f549ea5e7fe920e5617c002eeea3d6cb5666ccb0ef54e29675346d20c,a48c38b071e02437e2b582f65af87c5ab74eb4abe944a603447a9659f1389105,true,true,true,true,true
268,5400000,3,pqlc1_depth_16,efficacy_and_persistence,reference,1/7/2/4026531840/4026531840;1/7/2/4026531840/4026531840;1/7/2/4026531840/4026531840;1/7/2/4026531840/4026531840;1/7/2/4026531840/4026531840;1/7/2/4026531840/4026531840;1/7/2/4026531840/4026531840;1/7/2/4026531840/4026531840;1/7/2/4026531840/4026531840;1/7/2/4026531840/4026531840;1/7/2/4026531840/4026531840;1/7/2/4026531840/4026531840;1/7/2/4026531840/4026531840;1/7/2/4026531840/4026531840;1/7/2/4026531840/4026531840;1/7/2/4026531840/4026531840,16,19,16,18,16,15,0,0,0,66,4,6e3ef0173781d68bdb75b6a6e4f1402971affd505d9b0851b42794ea230d3e52,832bfa7b84b6abf49ccfe1da7b4e6fcd01d5e5bbcb238539a6b360227129c876,c9667642b468632ae8a2e174db203103a3db864e062120ca4e8f95e2b0dc49fe,true,true,true,true,true
268,5400000,3,pqlc1_depth_16,efficacy_and_persistence,production,1/7/2/4026531840/4026531840;1/7/2/4026531840/4026531840;1/7/2/4026531840/4026531840;1/7/2/4026531840/4026531840;1/7/2/4026531840/4026531840;1/7/2/4026531840/4026531840;1/7/2/4026531840/4026531840;1/7/2/4026531840/4026531840;1/7/2/4026531840/4026531840;1/7/2/4026531840/4026531840;1/7/2/4026531840/4026531840;1/7/2/4026531840/4026531840;1/7/2/4026531840/4026531840;1/7/2/4026531840/4026531840;1/7/2/4026531840/4026531840;1/7/2/4026531840/4026531840,16,19,16,18,16,15,0,0,0,66,4,6e3ef0173781d68bdb75b6a6e4f1402971affd505d9b0851b42794ea230d3e52,832bfa7b84b6abf49ccfe1da7b4e6fcd01d5e5bbcb238539a6b360227129c876,c8503481e3f30a8c70aca38f954688b5e977c3484eb5a7930684b41960082837,true,true,true,true,true
269,5400000,3,fd0_equal_persistence,persistence_only,reference,1/1/1/0/0;0/0/1/0/0,1|0,0,0,0,0,0,0,0,1,1,43,4f53cda18c2baa0c0354bb5f9a3ecbe5ed12ab4d8e11ba873c2f11161202b945,258ee61416009af49b401174a2a2cde4ffe2cb3a4a8bfb7b7e682b170116f4bd,fcc79fd2d1bc4db81f8e2c7d9dad11c734fe6c22e5b1d3f2d6446a76cc0654df,true,true,true,true,true
269,5400000,3,fd0_equal_persistence,persistence_only,production,1/1/1/0/0;0/0/1/0/0,1|0,0,0,0,0,0,0,0,1,1,43,4f53cda18c2baa0c0354bb5f9a3ecbe5ed12ab4d8e11ba873c2f11161202b945,258ee61416009af49b401174a2a2cde4ffe2cb3a4a8bfb7b7e682b170116f4bd,3bc11ebe447a9e381f4e9cf1333838dc1c8b4a78e38b5135aba92b7ad987b69d,true,true,true,true,true
270,5400000,3,fd0_equal_persistence,efficacy_and_persistence,reference,1/1/2/0/0;0/0/2/0/0,1|0,0,0,0,0,0,0,0,1,1,43,4f53cda18c2baa0c0354bb5f9a3ecbe5ed12ab4d8e11ba873c2f11161202b945,82bc90bd5d56a30e0cb483e55fc3ceead204328c548900301dca38adafdd8143,272b8c9a5f72d3a603b191494177616ab1ef00764f1b45ed6751eeff10e8af7b,true,true,true,true,true
270,5400000,3,fd0_equal_persistence,efficacy_and_persistence,production,1/1/2/0/0;0/0/2/0/0,1|0,0,0,0,0,0,0,0,1,1,43,4f53cda18c2baa0c0354bb5f9a3ecbe5ed12ab4d8e11ba873c2f11161202b945,82bc90bd5d56a30e0cb483e55fc3ceead204328c548900301dca38adafdd8143,571b3680713f34ebe7aa3d83de216e87071aa906e46128d8e198430a466a7693,true,true,true,true,true
271,5400000,3,fd1_consolidation,persistence_only,reference,1/4/1/4026531840/4026531840;1/1/1/4026531840/0,4026531840|0,5,1,3,1,0,0,0,0,7,4,0f2cf4d57c8255a679ba6ef6e5fab25fbc6dca26b2d936a3638652f265f95f0d,de8e53540d163984e0a2b7f143aa86dfed5fe4d03d693e80dca7e423fb059825,c7844b9d2bfb5c434bef0e18fbb6b382feb679a8d59855ae3276d4c96238b100,true,true,true,true,true
271,5400000,3,fd1_consolidation,persistence_only,production,1/4/1/4026531840/4026531840;1/1/1/4026531840/0,4026531840|0,5,1,3,1,0,0,0,0,7,4,0f2cf4d57c8255a679ba6ef6e5fab25fbc6dca26b2d936a3638652f265f95f0d,de8e53540d163984e0a2b7f143aa86dfed5fe4d03d693e80dca7e423fb059825,a07af5b938999b33306d5e951014985764d486d0069051d02d7c838dbe517567,true,true,true,true,true
272,5400000,3,fd1_consolidation,efficacy_and_persistence,reference,1/4/2/4026531840/4026531840;1/1/2/4026531840/0,4026531840|0,5,1,3,1,0,0,0,0,7,4,54f86c0700bf7e0ffc4d9d48bb1f4783523232c7d3b134492c09d2e0bbce50a0,5437664d4c0b7d0466ecbabb4e11e6c0d59138772843990437b9ab6484605434,ad10d7a37a5ce22d7300454040cff9f3b1c6608ac70639d0c2dd39fd92b5d25f,true,true,true,true,true
272,5400000,3,fd1_consolidation,efficacy_and_persistence,production,1/4/2/4026531840/4026531840;1/1/2/4026531840/0,4026531840|0,5,1,3,1,0,0,0,0,7,4,54f86c0700bf7e0ffc4d9d48bb1f4783523232c7d3b134492c09d2e0bbce50a0,5437664d4c0b7d0466ecbabb4e11e6c0d59138772843990437b9ab6484605434,90a96f8e1bc8598513c29e9c9537c8e2799c733049981815688ebd415d2efdf1,true,true,true,true,true
273,5400000,3,threshold_1_already_executable,persistence_only,reference,1/4/1/4294967296/0,1|1,3,0,2,0,0,1,0,0,3,3,92461c0eb1bc7922bbc47dddafc55e79e28014ef4596d193d153362c9344b3e6,8336f3238ab83739e94f535a85f329a29edd8818d72f825680c7997903ff6b54,5a38fd43661f4e62dd656b98ae6a8843b5209cd81bb549b315d2784e3db2b419,true,true,true,true,true
273,5400000,3,threshold_1_already_executable,persistence_only,production,1/4/1/4294967296/0,1|1,3,0,2,0,0,1,0,0,3,3,92461c0eb1bc7922bbc47dddafc55e79e28014ef4596d193d153362c9344b3e6,8336f3238ab83739e94f535a85f329a29edd8818d72f825680c7997903ff6b54,5a38fd43661f4e62dd656b98ae6a8843b5209cd81bb549b315d2784e3db2b419,true,true,true,true,true
274,5400000,3,threshold_1_already_executable,efficacy_and_persistence,reference,1/4/2/4294967296/0,1|1,3,0,2,0,0,1,0,0,3,3,4d577e88beae8dcf99fa0beb9380333269fcbd5ebd0c800b09bf322a5d40a1a8,ea186ff4ba857131e48fbc035ad962a9e7950b2de8384b60d16a42114290e51a,c8c34e77c20d8f4dceb753a717792611607e775d54eb791d35e517eccd01b8ff,true,true,true,true,true
274,5400000,3,threshold_1_already_executable,efficacy_and_persistence,production,1/4/2/4294967296/0,1|1,3,0,2,0,0,1,0,0,3,3,4d577e88beae8dcf99fa0beb9380333269fcbd5ebd0c800b09bf322a5d40a1a8,ea186ff4ba857131e48fbc035ad962a9e7950b2de8384b60d16a42114290e51a,c8c34e77c20d8f4dceb753a717792611607e775d54eb791d35e517eccd01b8ff,true,true,true,true,true
275,5400000,3,threshold_2_acquired_efficacy,persistence_only,reference,1/4/1/4294967296/0;1/1/1/4294967296/0,0|0|0,4,0,2,0,0,0,0,0,4,3,8bd10f5f4ffffbeff4724945985d3ebc48e0b59461890787fb11c5e7c416221b,eab891819a70a6905fc3fc564a80f5c351d876d173f2986bf74aab0c367a2bbd,d5ff7a5dd582b44644b9290552b52ffa95d19305c304fc03a514bce6ec8692d6,true,true,true,true,true
275,5400000,3,threshold_2_acquired_efficacy,persistence_only,production,1/4/1/4294967296/0;1/1/1/4294967296/0,0|0|0,4,0,2,0,0,0,0,0,4,3,8bd10f5f4ffffbeff4724945985d3ebc48e0b59461890787fb11c5e7c416221b,eab891819a70a6905fc3fc564a80f5c351d876d173f2986bf74aab0c367a2bbd,d5ff7a5dd582b44644b9290552b52ffa95d19305c304fc03a514bce6ec8692d6,true,true,true,true,true
276,5400000,3,threshold_2_acquired_efficacy,efficacy_and_persistence,reference,1/4/2/4294967296/0;1/1/1/4294967296/0,1|0|1,5,0,3,0,0,1,0,0,5,3,0cf71248fdd6a03e5e65a428bae15fdadcc9b5411446d36a24d35900f0ffe489,6b8b27cd7d4e22f81b853675a5916b7af59dd6fc598285a100f0f910099dfca6,576475ac4c2132f1698a8566fc38b78a00bb1868005b0d3b36d04758356bc7a1,true,true,true,true,true
276,5400000,3,threshold_2_acquired_efficacy,efficacy_and_persistence,production,1/4/2/4294967296/0;1/1/1/4294967296/0,1|0|1,5,0,3,0,0,1,0,0,5,3,0cf71248fdd6a03e5e65a428bae15fdadcc9b5411446d36a24d35900f0ffe489,6b8b27cd7d4e22f81b853675a5916b7af59dd6fc598285a100f0f910099dfca6,576475ac4c2132f1698a8566fc38b78a00bb1868005b0d3b36d04758356bc7a1,true,true,true,true,true
277,5400000,3,threshold_3_still_insufficient,persistence_only,reference,1/4/1/4294967296/0,0|0,2,0,1,0,0,0,0,0,2,3,d752b00d554f981178cbdff4a0dc9ce75e34bf31913cd44cba258c3a23ad053c,377246b0377c1169f514a2cdcbcf890178846720a16ff0f34bdd32d52b50f6f4,709001dac1672a1a244afaf539dc2d33f00915c65dd14c5d3d9ad0d9fde931a3,true,true,true,true,true
277,5400000,3,threshold_3_still_insufficient,persistence_only,production,1/4/1/4294967296/0,0|0,2,0,1,0,0,0,0,0,2,3,d752b00d554f981178cbdff4a0dc9ce75e34bf31913cd44cba258c3a23ad053c,377246b0377c1169f514a2cdcbcf890178846720a16ff0f34bdd32d52b50f6f4,709001dac1672a1a244afaf539dc2d33f00915c65dd14c5d3d9ad0d9fde931a3,true,true,true,true,true
278,5400000,3,threshold_3_still_insufficient,efficacy_and_persistence,reference,1/4/2/4294967296/0,0|0,2,0,1,0,0,0,0,0,2,3,1742b6abbff055353c728b533f6588381fdba687c199bbe391ced712b9673e9d,f87f4943d714c8973299868c1e7ef08c418eb1c323625a6e75d43264eac4946b,48b326a9d00ba1466f73abfa43a546161cdc0139629d1d7a6c561b8d13c5697f,true,true,true,true,true
278,5400000,3,threshold_3_still_insufficient,efficacy_and_persistence,production,1/4/2/4294967296/0,0|0,2,0,1,0,0,0,0,0,2,3,1742b6abbff055353c728b533f6588381fdba687c199bbe391ced712b9673e9d,f87f4943d714c8973299868c1e7ef08c418eb1c323625a6e75d43264eac4946b,48b326a9d00ba1466f73abfa43a546161cdc0139629d1d7a6c561b8d13c5697f,true,true,true,true,true
279,5400000,3,threshold_2_two_physical_inputs,persistence_only,reference,1/4/1/4294967296/0;1/4/1/4294967296/0,1|1,5,0,3,0,0,1,0,0,5,3,98c834bef4f3847fe7bd96bff070708928c4d4544498b70e87f3966f90a8e91b,e864d2909bfb11ce88e33fb63a7fcee94137f951e673355b1e3c727b3a37cfe8,b707a12f0f490da77c9e0c486bc958f399f8ac1f2446c8ef8ed51566c925bdc5,true,true,true,true,true
279,5400000,3,threshold_2_two_physical_inputs,persistence_only,production,1/4/1/4294967296/0;1/4/1/4294967296/0,1|1,5,0,3,0,0,1,0,0,5,3,98c834bef4f3847fe7bd96bff070708928c4d4544498b70e87f3966f90a8e91b,e864d2909bfb11ce88e33fb63a7fcee94137f951e673355b1e3c727b3a37cfe8,b707a12f0f490da77c9e0c486bc958f399f8ac1f2446c8ef8ed51566c925bdc5,true,true,true,true,true
280,5400000,3,threshold_2_two_physical_inputs,efficacy_and_persistence,reference,1/4/1/4294967296/0;1/4/1/4294967296/0,1|1,5,0,3,0,0,1,0,0,5,3,12d830885d4ea6fe178f7952e0295fc388362cf1375aa5df032a3816694491bd,84194220d7931a04551a9eb60c34ae5c6155d86afafc67f58ee3db660842b53b,817c6644e73a509c47aaf0b50edf6b7453ef7becd84a893272b98d7e9343d6c9,true,true,true,true,true
280,5400000,3,threshold_2_two_physical_inputs,efficacy_and_persistence,production,1/4/1/4294967296/0;1/4/1/4294967296/0,1|1,5,0,3,0,0,1,0,0,5,3,12d830885d4ea6fe178f7952e0295fc388362cf1375aa5df032a3816694491bd,84194220d7931a04551a9eb60c34ae5c6155d86afafc67f58ee3db660842b53b,817c6644e73a509c47aaf0b50edf6b7453ef7becd84a893272b98d7e9343d6c9,true,true,true,true,true
281,5400000,4,cpc0_contact_locality,persistence_only,reference,1/7/1/4026531840/4026531840;1/4/1/4026531840/0,4026531840|0,6,1,4,1,0,0,0,0,8,5,ba20d8dcd2512c9c2b7e7598834db22897491394f9fa7bf70694ac1ae3b6d443,88880bc7b868be0e4448a5b7c9d7f2dce25d2de8b1962c50f9cb42e0335b5f63,a612f9ffdc7f25f8ad4834a44ec8b3bc0e01159619c94b1e79d337ef991f2eed,true,true,true,true,true
281,5400000,4,cpc0_contact_locality,persistence_only,production,1/7/1/4026531840/4026531840;1/4/1/4026531840/0,4026531840|0,6,1,4,1,0,0,0,0,8,5,ba20d8dcd2512c9c2b7e7598834db22897491394f9fa7bf70694ac1ae3b6d443,88880bc7b868be0e4448a5b7c9d7f2dce25d2de8b1962c50f9cb42e0335b5f63,ca479821451837d88d1fb56b2a5f84f1e516b400b76be9d499c0f68833095977,true,true,true,true,true
282,5400000,4,cpc0_contact_locality,efficacy_and_persistence,reference,1/7/2/4026531840/4026531840;1/4/2/4026531840/0,4026531840|0,6,1,4,1,0,0,0,0,8,5,0ef7034089358f488ea224db8fe8f7e0d08e09212701100c89731a9e06431124,fe1c59409d7bd88635f205541e5f643c06ef2b3038486265d00dff85380b053f,a65fc878462cde0ea60bc243ddb0661f790b91abe24d61cb481f8cbedb8829a3,true,true,true,true,true
282,5400000,4,cpc0_contact_locality,efficacy_and_persistence,production,1/7/2/4026531840/4026531840;1/4/2/4026531840/0,4026531840|0,6,1,4,1,0,0,0,0,8,5,0ef7034089358f488ea224db8fe8f7e0d08e09212701100c89731a9e06431124,fe1c59409d7bd88635f205541e5f643c06ef2b3038486265d00dff85380b053f,686aa429890e586e49f77e64ede29cc08f6c465ce59d4da6e36222d2b2434ffc,true,true,true,true,true
283,5400000,4,cpc1_temporal_participation,persistence_only,reference,1/6/1/1979772000/4026531840;1/5/1/1979772000/1979772000;1/7/1/1979772000/3110400000;1/7/1/1979772000/3110400000;1/7/1/4542662625/7136931840,4026531840|1979772000|3110400000|3110400000|7136931840,19,5,12,5,0,0,0,0,29,16,b9b26d56a86e858dd54278c63d6b1b5a466f666eb9eded3afe50a31dd061a1b8,f8a2a8391871b1ba9928dc958108b500e3c56af6a20e6d0950e739209581db7d,df42443ecde7c1cd8a411169336c5585c0355b02e903c7fd1640da27e0748e0f,true,true,true,true,true
283,5400000,4,cpc1_temporal_participation,persistence_only,production,1/6/1/1979772000/4026531840;1/5/1/1979772000/1979772000;1/7/1/1979772000/3110400000;1/7/1/1979772000/3110400000;1/7/1/4542662625/7136931840,4026531840|1979772000|3110400000|3110400000|7136931840,19,5,12,5,0,0,0,0,29,16,b9b26d56a86e858dd54278c63d6b1b5a466f666eb9eded3afe50a31dd061a1b8,f8a2a8391871b1ba9928dc958108b500e3c56af6a20e6d0950e739209581db7d,64e856c9f632a6ca89b1079762861a4380043d3a4767169200a26da9c8f0dcf7,true,true,true,true,true
284,5400000,4,cpc1_temporal_participation,efficacy_and_persistence,reference,1/6/2/1979772000/4026531840;1/5/2/1979772000/1979772000;1/7/2/1979772000/3110400000;1/7/2/1979772000/3110400000;1/7/2/4542662625/7136931840,4026531840|1979772000|3110400000|3110400000|7136931840,19,5,12,5,0,0,0,0,29,16,6e85106663f864f5bde4460335f3096f1a8be08fedcdc14f7fa71d1c92dace10,3e33182c7da78f2c8ee7010ba1eb54ea95f1e326fb4255a707303cc740c69439,0b03891f57b0a14124ab989c86875a592935720b1d00e8c548ece8e5a00f8fd0,true,true,true,true,true
284,5400000,4,cpc1_temporal_participation,efficacy_and_persistence,production,1/6/2/1979772000/4026531840;1/5/2/1979772000/1979772000;1/7/2/1979772000/3110400000;1/7/2/1979772000/3110400000;1/7/2/4542662625/7136931840,4026531840|1979772000|3110400000|3110400000|7136931840,19,5,12,5,0,0,0,0,29,16,6e85106663f864f5bde4460335f3096f1a8be08fedcdc14f7fa71d1c92dace10,3e33182c7da78f2c8ee7010ba1eb54ea95f1e326fb4255a707303cc740c69439,4b1182ac131e1b794d7318c6f4eeb368c25ecdd5a98cb818ac42889b0ba63523,true,true,true,true,true
285,5400000,4,pqlc0_one_hop,persistence_only,reference,1/7/1/4026531840/4026531840,1|4026531840,5,2,4,2,1,0,0,0,10,5,59a990d71ecbf01997f00b0f9c24374acc385646d35d89a067d4312376b17203,e1b652fa0b8cef2cc7721aabface5d6145af9b941fec8e3d8648a8dda4a6cb97,286defd6104ebececde234ba6df6c6fa35c25a054ae8649bbc7140abe6460fda,true,true,true,true,true
285,5400000,4,pqlc0_one_hop,persistence_only,production,1/7/1/4026531840/4026531840,1|4026531840,5,2,4,2,1,0,0,0,10,5,59a990d71ecbf01997f00b0f9c24374acc385646d35d89a067d4312376b17203,e1b652fa0b8cef2cc7721aabface5d6145af9b941fec8e3d8648a8dda4a6cb97,0898bf37127bec385cce9bbaed54179d37ac687d0e0ac44149c7dfa5bf78e662,true,true,true,true,true
286,5400000,4,pqlc0_one_hop,efficacy_and_persistence,reference,1/7/2/4026531840/4026531840,1|4026531840,5,2,4,2,1,0,0,0,10,5,adf185efc7a44b837a5ff1a9bbcd2fbe3c3cb537ffa5b61079b202614b080c74,6ff3f5b3e02323338183510ec456de61b298c3aa75811a0ada02f80dbe8f4340,3317e844ca08dd0be757b066b4619dc39bd71ee02627e87e7d35a0fd75409252,true,true,true,true,true
286,5400000,4,pqlc0_one_hop,efficacy_and_persistence,production,1/7/2/4026531840/4026531840,1|4026531840,5,2,4,2,1,0,0,0,10,5,adf185efc7a44b837a5ff1a9bbcd2fbe3c3cb537ffa5b61079b202614b080c74,6ff3f5b3e02323338183510ec456de61b298c3aa75811a0ada02f80dbe8f4340,b2f2973680c811cccc7efe1577279efe7d278aa75a9d628d465a80a42bd6637f,true,true,true,true,true
287,5400000,4,pqlc1_depth_16,persistence_only,reference,1/7/1/4026531840/4026531840;1/7/1/4026531840/4026531840;1/7/1/4026531840/4026531840;1/7/1/4026531840/4026531840;1/7/1/4026531840/4026531840;1/7/1/4026531840/4026531840;1/7/1/4026531840/4026531840;1/7/1/4026531840/4026531840;1/7/1/4026531840/4026531840;1/7/1/4026531840/4026531840;1/7/1/4026531840/4026531840;1/7/1/4026531840/4026531840;1/7/1/4026531840/4026531840;1/7/1/4026531840/4026531840;1/7/1/4026531840/4026531840;1/7/1/4026531840/4026531840,16,19,16,18,16,15,0,0,0,66,5,6c4d2ec95124ecf85d4216eaf480f170f4c69bb849e60dc76d15106e3a363823,6927f98f549ea5e7fe920e5617c002eeea3d6cb5666ccb0ef54e29675346d20c,5d70372ac549c06c52db505134255c79f8c190fe293b77696ce1bc9ea50d5349,true,true,true,true,true
287,5400000,4,pqlc1_depth_16,persistence_only,production,1/7/1/4026531840/4026531840;1/7/1/4026531840/4026531840;1/7/1/4026531840/4026531840;1/7/1/4026531840/4026531840;1/7/1/4026531840/4026531840;1/7/1/4026531840/4026531840;1/7/1/4026531840/4026531840;1/7/1/4026531840/4026531840;1/7/1/4026531840/4026531840;1/7/1/4026531840/4026531840;1/7/1/4026531840/4026531840;1/7/1/4026531840/4026531840;1/7/1/4026531840/4026531840;1/7/1/4026531840/4026531840;1/7/1/4026531840/4026531840;1/7/1/4026531840/4026531840,16,19,16,18,16,15,0,0,0,66,5,6c4d2ec95124ecf85d4216eaf480f170f4c69bb849e60dc76d15106e3a363823,6927f98f549ea5e7fe920e5617c002eeea3d6cb5666ccb0ef54e29675346d20c,154ceed370565f7e9ec78eaf4fc9b5973f3f8c3b662cbdfb1f3accf1f8fc8edf,true,true,true,true,true
288,5400000,4,pqlc1_depth_16,efficacy_and_persistence,reference,1/7/2/4026531840/4026531840;1/7/2/4026531840/4026531840;1/7/2/4026531840/4026531840;1/7/2/4026531840/4026531840;1/7/2/4026531840/4026531840;1/7/2/4026531840/4026531840;1/7/2/4026531840/4026531840;1/7/2/4026531840/4026531840;1/7/2/4026531840/4026531840;1/7/2/4026531840/4026531840;1/7/2/4026531840/4026531840;1/7/2/4026531840/4026531840;1/7/2/4026531840/4026531840;1/7/2/4026531840/4026531840;1/7/2/4026531840/4026531840;1/7/2/4026531840/4026531840,16,19,16,18,16,15,0,0,0,66,5,d622699bcdf0c7b96c3b579bb8141b0dbda88b9df2a8205a09828a7479cd9ac2,832bfa7b84b6abf49ccfe1da7b4e6fcd01d5e5bbcb238539a6b360227129c876,3b7ac118723c9e5beb330db48e964e17be02ba277d9af62062d4a52133c97746,true,true,true,true,true
288,5400000,4,pqlc1_depth_16,efficacy_and_persistence,production,1/7/2/4026531840/4026531840;1/7/2/4026531840/4026531840;1/7/2/4026531840/4026531840;1/7/2/4026531840/4026531840;1/7/2/4026531840/4026531840;1/7/2/4026531840/4026531840;1/7/2/4026531840/4026531840;1/7/2/4026531840/4026531840;1/7/2/4026531840/4026531840;1/7/2/4026531840/4026531840;1/7/2/4026531840/4026531840;1/7/2/4026531840/4026531840;1/7/2/4026531840/4026531840;1/7/2/4026531840/4026531840;1/7/2/4026531840/4026531840;1/7/2/4026531840/4026531840,16,19,16,18,16,15,0,0,0,66,5,d622699bcdf0c7b96c3b579bb8141b0dbda88b9df2a8205a09828a7479cd9ac2,832bfa7b84b6abf49ccfe1da7b4e6fcd01d5e5bbcb238539a6b360227129c876,b50bfe4b2a439704715a54c017dded6af783903254d64fa1da771424a8081837,true,true,true,true,true
289,5400000,4,fd0_equal_persistence,persistence_only,reference,1/1/1/0/0;0/0/1/0/0,1|0,0,0,0,0,0,0,0,1,1,44,4f53cda18c2baa0c0354bb5f9a3ecbe5ed12ab4d8e11ba873c2f11161202b945,258ee61416009af49b401174a2a2cde4ffe2cb3a4a8bfb7b7e682b170116f4bd,c8738b19f12670f48697693f41252dad26d3aebd2c66cc439eb4593a6ffc4d34,true,true,true,true,true
289,5400000,4,fd0_equal_persistence,persistence_only,production,1/1/1/0/0;0/0/1/0/0,1|0,0,0,0,0,0,0,0,1,1,44,4f53cda18c2baa0c0354bb5f9a3ecbe5ed12ab4d8e11ba873c2f11161202b945,258ee61416009af49b401174a2a2cde4ffe2cb3a4a8bfb7b7e682b170116f4bd,4709b640018f032b801412ae739ba1002a365f42658d8c400fa30aeb6b2c6aae,true,true,true,true,true
290,5400000,4,fd0_equal_persistence,efficacy_and_persistence,reference,1/1/2/0/0;0/0/2/0/0,1|0,0,0,0,0,0,0,0,1,1,44,4f53cda18c2baa0c0354bb5f9a3ecbe5ed12ab4d8e11ba873c2f11161202b945,82bc90bd5d56a30e0cb483e55fc3ceead204328c548900301dca38adafdd8143,5a550ddd58e3a7be1ce5ead0e3e34fcfe5f6f2728c8b939de9b9eaf3aaa19f5d,true,true,true,true,true
290,5400000,4,fd0_equal_persistence,efficacy_and_persistence,production,1/1/2/0/0;0/0/2/0/0,1|0,0,0,0,0,0,0,0,1,1,44,4f53cda18c2baa0c0354bb5f9a3ecbe5ed12ab4d8e11ba873c2f11161202b945,82bc90bd5d56a30e0cb483e55fc3ceead204328c548900301dca38adafdd8143,389ea5a403d6f0113eb1eda93db6ea0bce077be31789ac3afcefb81b78cc82da,true,true,true,true,true
291,5400000,4,fd1_consolidation,persistence_only,reference,1/4/1/4026531840/4026531840;1/1/1/4026531840/0,4026531840|0,5,1,3,1,0,0,0,0,7,5,06ada500634afca1e92b06717a363885959208483fa5c0e7437df82002c24868,de8e53540d163984e0a2b7f143aa86dfed5fe4d03d693e80dca7e423fb059825,4def95d72ecafdd2f27d5b5d1bd806f9631a317ee13af3ef9331b66b9ab6471b,true,true,true,true,true
291,5400000,4,fd1_consolidation,persistence_only,production,1/4/1/4026531840/4026531840;1/1/1/4026531840/0,4026531840|0,5,1,3,1,0,0,0,0,7,5,06ada500634afca1e92b06717a363885959208483fa5c0e7437df82002c24868,de8e53540d163984e0a2b7f143aa86dfed5fe4d03d693e80dca7e423fb059825,ddf50e110347b5c9310a9bd4443fadf071c0a3e9587a14e758d2715bf817828e,true,true,true,true,true
292,5400000,4,fd1_consolidation,efficacy_and_persistence,reference,1/4/2/4026531840/4026531840;1/1/2/4026531840/0,4026531840|0,5,1,3,1,0,0,0,0,7,5,73e7e78c82ad43bbcdce868f10fabafca84090d45d40c43e3c742990fd41b276,5437664d4c0b7d0466ecbabb4e11e6c0d59138772843990437b9ab6484605434,2e6b033f4286e8c050cf8e643ac0bc32f95258f32025fdad6ddd02b6e6126771,true,true,true,true,true
292,5400000,4,fd1_consolidation,efficacy_and_persistence,production,1/4/2/4026531840/4026531840;1/1/2/4026531840/0,4026531840|0,5,1,3,1,0,0,0,0,7,5,73e7e78c82ad43bbcdce868f10fabafca84090d45d40c43e3c742990fd41b276,5437664d4c0b7d0466ecbabb4e11e6c0d59138772843990437b9ab6484605434,0b68b686eb40a14b6d6edd2ca94a15e0c58f5032ff99e238dea29f445d37c8fc,true,true,true,true,true
293,5400000,4,threshold_1_already_executable,persistence_only,reference,1/4/1/4294967296/0,1|1,3,0,2,0,0,1,0,0,3,4,28b0b8c57672aea9688bbc0bf0dac947fb3d120cebab23f54275dbf09188f8e0,8336f3238ab83739e94f535a85f329a29edd8818d72f825680c7997903ff6b54,a36426fbcf30de6350dd146f59b6484f846d8640b0977bbf5d7bdcbdc743652c,true,true,true,true,true
293,5400000,4,threshold_1_already_executable,persistence_only,production,1/4/1/4294967296/0,1|1,3,0,2,0,0,1,0,0,3,4,28b0b8c57672aea9688bbc0bf0dac947fb3d120cebab23f54275dbf09188f8e0,8336f3238ab83739e94f535a85f329a29edd8818d72f825680c7997903ff6b54,a36426fbcf30de6350dd146f59b6484f846d8640b0977bbf5d7bdcbdc743652c,true,true,true,true,true
294,5400000,4,threshold_1_already_executable,efficacy_and_persistence,reference,1/4/2/4294967296/0,1|1,3,0,2,0,0,1,0,0,3,4,1eb4d602221da16fd01c8c9d25761c463273534553386de59be403003e85f990,ea186ff4ba857131e48fbc035ad962a9e7950b2de8384b60d16a42114290e51a,174f1386242f32300b2644165cc27f0a405f015094f2c53b1d1326782f5236cc,true,true,true,true,true
294,5400000,4,threshold_1_already_executable,efficacy_and_persistence,production,1/4/2/4294967296/0,1|1,3,0,2,0,0,1,0,0,3,4,1eb4d602221da16fd01c8c9d25761c463273534553386de59be403003e85f990,ea186ff4ba857131e48fbc035ad962a9e7950b2de8384b60d16a42114290e51a,174f1386242f32300b2644165cc27f0a405f015094f2c53b1d1326782f5236cc,true,true,true,true,true
295,5400000,4,threshold_2_acquired_efficacy,persistence_only,reference,1/4/1/4294967296/0;1/1/1/4294967296/0,0|0|0,4,0,2,0,0,0,0,0,4,4,7fd037dee2ea8a06adc3350bed5ee8173188b978dc6d25a16d244b5bcc60bb9e,eab891819a70a6905fc3fc564a80f5c351d876d173f2986bf74aab0c367a2bbd,73998be833e5a3b857257604cbc78b693ff99f6850349ba56c7cece9e8a3ced4,true,true,true,true,true
295,5400000,4,threshold_2_acquired_efficacy,persistence_only,production,1/4/1/4294967296/0;1/1/1/4294967296/0,0|0|0,4,0,2,0,0,0,0,0,4,4,7fd037dee2ea8a06adc3350bed5ee8173188b978dc6d25a16d244b5bcc60bb9e,eab891819a70a6905fc3fc564a80f5c351d876d173f2986bf74aab0c367a2bbd,73998be833e5a3b857257604cbc78b693ff99f6850349ba56c7cece9e8a3ced4,true,true,true,true,true
296,5400000,4,threshold_2_acquired_efficacy,efficacy_and_persistence,reference,1/4/2/4294967296/0;1/1/1/4294967296/0,1|0|1,5,0,3,0,0,1,0,0,5,4,2c65b4c6329cca023594580ed5978877f86bb33a51ff1340794b1d999d85dc80,6b8b27cd7d4e22f81b853675a5916b7af59dd6fc598285a100f0f910099dfca6,e5c37659c87c99b4eae4b9c4d759731a37e5fe701ddf0b82ead8302c7d7287e3,true,true,true,true,true
296,5400000,4,threshold_2_acquired_efficacy,efficacy_and_persistence,production,1/4/2/4294967296/0;1/1/1/4294967296/0,1|0|1,5,0,3,0,0,1,0,0,5,4,2c65b4c6329cca023594580ed5978877f86bb33a51ff1340794b1d999d85dc80,6b8b27cd7d4e22f81b853675a5916b7af59dd6fc598285a100f0f910099dfca6,e5c37659c87c99b4eae4b9c4d759731a37e5fe701ddf0b82ead8302c7d7287e3,true,true,true,true,true
297,5400000,4,threshold_3_still_insufficient,persistence_only,reference,1/4/1/4294967296/0,0|0,2,0,1,0,0,0,0,0,2,4,4e97ecb7535760be33c119c3b19b38a3c71bb2956845bdb1fae80524cf7df75a,377246b0377c1169f514a2cdcbcf890178846720a16ff0f34bdd32d52b50f6f4,390f03b710c1326ef4f331740385518784d0c71c1d22cd3c624e6770fbe47da7,true,true,true,true,true
297,5400000,4,threshold_3_still_insufficient,persistence_only,production,1/4/1/4294967296/0,0|0,2,0,1,0,0,0,0,0,2,4,4e97ecb7535760be33c119c3b19b38a3c71bb2956845bdb1fae80524cf7df75a,377246b0377c1169f514a2cdcbcf890178846720a16ff0f34bdd32d52b50f6f4,390f03b710c1326ef4f331740385518784d0c71c1d22cd3c624e6770fbe47da7,true,true,true,true,true
298,5400000,4,threshold_3_still_insufficient,efficacy_and_persistence,reference,1/4/2/4294967296/0,0|0,2,0,1,0,0,0,0,0,2,4,833364aa35e55618a02c7430d2f69e90e16fcf7148e22d0e9ddfaa58bc066a68,f87f4943d714c8973299868c1e7ef08c418eb1c323625a6e75d43264eac4946b,56861fdcdb40f859e3e0f92d86e60205eee0419eb91006c53e02165211f4774e,true,true,true,true,true
298,5400000,4,threshold_3_still_insufficient,efficacy_and_persistence,production,1/4/2/4294967296/0,0|0,2,0,1,0,0,0,0,0,2,4,833364aa35e55618a02c7430d2f69e90e16fcf7148e22d0e9ddfaa58bc066a68,f87f4943d714c8973299868c1e7ef08c418eb1c323625a6e75d43264eac4946b,56861fdcdb40f859e3e0f92d86e60205eee0419eb91006c53e02165211f4774e,true,true,true,true,true
299,5400000,4,threshold_2_two_physical_inputs,persistence_only,reference,1/4/1/4294967296/0;1/4/1/4294967296/0,1|1,5,0,3,0,0,1,0,0,5,4,48ffe4885b3c4755f07d75cd418eaa3bc41083aca63bc0c2b694392bb87a9c6a,e864d2909bfb11ce88e33fb63a7fcee94137f951e673355b1e3c727b3a37cfe8,7c165067d7af047117267bdee66d611e68a843ce24f386b5247e1545e0c32535,true,true,true,true,true
299,5400000,4,threshold_2_two_physical_inputs,persistence_only,production,1/4/1/4294967296/0;1/4/1/4294967296/0,1|1,5,0,3,0,0,1,0,0,5,4,48ffe4885b3c4755f07d75cd418eaa3bc41083aca63bc0c2b694392bb87a9c6a,e864d2909bfb11ce88e33fb63a7fcee94137f951e673355b1e3c727b3a37cfe8,7c165067d7af047117267bdee66d611e68a843ce24f386b5247e1545e0c32535,true,true,true,true,true
300,5400000,4,threshold_2_two_physical_inputs,efficacy_and_persistence,reference,1/4/1/4294967296/0;1/4/1/4294967296/0,1|1,5,0,3,0,0,1,0,0,5,4,ebb6f72000da7157ce6709a575551943bb34927e6e5eb995f11d4ef8c0c91b6f,84194220d7931a04551a9eb60c34ae5c6155d86afafc67f58ee3db660842b53b,8e6bcf1663da1b04be8db189c3cc11096a98c217a1cc5b723ec866a655e5b6dc,true,true,true,true,true
300,5400000,4,threshold_2_two_physical_inputs,efficacy_and_persistence,production,1/4/1/4294967296/0;1/4/1/4294967296/0,1|1,5,0,3,0,0,1,0,0,5,4,ebb6f72000da7157ce6709a575551943bb34927e6e5eb995f11d4ef8c0c91b6f,84194220d7931a04551a9eb60c34ae5c6155d86afafc67f58ee3db660842b53b,8e6bcf1663da1b04be8db189c3cc11096a98c217a1cc5b723ec866a655e5b6dc,true,true,true,true,true
301,5400000,5,cpc0_contact_locality,persistence_only,reference,1/7/1/4026531840/4026531840;1/4/1/4026531840/0,4026531840|0,6,1,4,1,0,0,0,0,8,6,8e6ea49f38f40f7cdd010408e76883b50ece694bb751633113b2779798f403e9,88880bc7b868be0e4448a5b7c9d7f2dce25d2de8b1962c50f9cb42e0335b5f63,c404a7f846322f230fc6aecc619fff6817a6d707266b8e0cb68dfd1820c9fc42,true,true,true,true,true
301,5400000,5,cpc0_contact_locality,persistence_only,production,1/7/1/4026531840/4026531840;1/4/1/4026531840/0,4026531840|0,6,1,4,1,0,0,0,0,8,6,8e6ea49f38f40f7cdd010408e76883b50ece694bb751633113b2779798f403e9,88880bc7b868be0e4448a5b7c9d7f2dce25d2de8b1962c50f9cb42e0335b5f63,0cdf35300754da7bf792dfc3bd2049c2c4c94da14c1c20f494edb85e9b4f102c,true,true,true,true,true
302,5400000,5,cpc0_contact_locality,efficacy_and_persistence,reference,1/7/2/4026531840/4026531840;1/4/2/4026531840/0,4026531840|0,6,1,4,1,0,0,0,0,8,6,2303a29cb758fa39a83560ac03f6cac1d2d986facc78e1bf4e11b591d803e2c7,fe1c59409d7bd88635f205541e5f643c06ef2b3038486265d00dff85380b053f,b826ce040f1b6d31b5f204fd23435c0243398532803f513fef88f6fa18216d44,true,true,true,true,true
302,5400000,5,cpc0_contact_locality,efficacy_and_persistence,production,1/7/2/4026531840/4026531840;1/4/2/4026531840/0,4026531840|0,6,1,4,1,0,0,0,0,8,6,2303a29cb758fa39a83560ac03f6cac1d2d986facc78e1bf4e11b591d803e2c7,fe1c59409d7bd88635f205541e5f643c06ef2b3038486265d00dff85380b053f,c81c68bbf9cf0e6504302da3a2c67eb961a379caa6f744b16bc3732501e85a2c,true,true,true,true,true
303,5400000,5,cpc1_temporal_participation,persistence_only,reference,1/6/1/1979772000/4026531840;1/5/1/1979772000/1979772000;1/7/1/1979772000/3110400000;1/7/1/1979772000/3110400000;1/7/1/4542662625/7136931840,4026531840|1979772000|3110400000|3110400000|7136931840,19,5,12,5,0,0,0,0,29,17,e5d9ec07935f2b76d02aac08aba7a5e766ff5ab5bf348f934b7d42b83ba45571,f8a2a8391871b1ba9928dc958108b500e3c56af6a20e6d0950e739209581db7d,333fa0718764de18d35c1e31f97f8b960245def516a569c5c3b32626f529c25b,true,true,true,true,true
303,5400000,5,cpc1_temporal_participation,persistence_only,production,1/6/1/1979772000/4026531840;1/5/1/1979772000/1979772000;1/7/1/1979772000/3110400000;1/7/1/1979772000/3110400000;1/7/1/4542662625/7136931840,4026531840|1979772000|3110400000|3110400000|7136931840,19,5,12,5,0,0,0,0,29,17,e5d9ec07935f2b76d02aac08aba7a5e766ff5ab5bf348f934b7d42b83ba45571,f8a2a8391871b1ba9928dc958108b500e3c56af6a20e6d0950e739209581db7d,3a3b8711fb095ed8b31919fb3a281c9ab93b2f8b2ef8bd673d43ef5ace70e72f,true,true,true,true,true
304,5400000,5,cpc1_temporal_participation,efficacy_and_persistence,reference,1/6/2/1979772000/4026531840;1/5/2/1979772000/1979772000;1/7/2/1979772000/3110400000;1/7/2/1979772000/3110400000;1/7/2/4542662625/7136931840,4026531840|1979772000|3110400000|3110400000|7136931840,19,5,12,5,0,0,0,0,29,17,eae536485c05b30b238db7cb578de9c6d8e532fc43459d15d49a62e287235720,3e33182c7da78f2c8ee7010ba1eb54ea95f1e326fb4255a707303cc740c69439,4846df91a7e0153b4561dcabff8091a939edaf4c08cd245a4645c814ab5e070a,true,true,true,true,true
304,5400000,5,cpc1_temporal_participation,efficacy_and_persistence,production,1/6/2/1979772000/4026531840;1/5/2/1979772000/1979772000;1/7/2/1979772000/3110400000;1/7/2/1979772000/3110400000;1/7/2/4542662625/7136931840,4026531840|1979772000|3110400000|3110400000|7136931840,19,5,12,5,0,0,0,0,29,17,eae536485c05b30b238db7cb578de9c6d8e532fc43459d15d49a62e287235720,3e33182c7da78f2c8ee7010ba1eb54ea95f1e326fb4255a707303cc740c69439,44d531d9b4bbb11dffea181b1ef7b792f34f4f6dc62af3737e4efb004188e201,true,true,true,true,true
305,5400000,5,pqlc0_one_hop,persistence_only,reference,1/7/1/4026531840/4026531840,1|4026531840,5,2,4,2,1,0,0,0,10,6,d5d52a04b6d807e3df50974cd04f0ac3a38f27730aafa7f5fa6a7d761652e00a,e1b652fa0b8cef2cc7721aabface5d6145af9b941fec8e3d8648a8dda4a6cb97,729c48a74dd0342f853b43767585b1bab54954f670fc9f1f42159a6a78b96e1a,true,true,true,true,true
305,5400000,5,pqlc0_one_hop,persistence_only,production,1/7/1/4026531840/4026531840,1|4026531840,5,2,4,2,1,0,0,0,10,6,d5d52a04b6d807e3df50974cd04f0ac3a38f27730aafa7f5fa6a7d761652e00a,e1b652fa0b8cef2cc7721aabface5d6145af9b941fec8e3d8648a8dda4a6cb97,44826ef686c3a9002d05a50baadc99b9bc57ee98017a30cb98afbf48ad121c28,true,true,true,true,true
306,5400000,5,pqlc0_one_hop,efficacy_and_persistence,reference,1/7/2/4026531840/4026531840,1|4026531840,5,2,4,2,1,0,0,0,10,6,68a01f120d070530585abbdae298aa9498de7c4f914629033005c191026e56fe,6ff3f5b3e02323338183510ec456de61b298c3aa75811a0ada02f80dbe8f4340,146c17e06c5a4846bae79287b93b9bb4426082026f9e401c9f9893e522ac8601,true,true,true,true,true
306,5400000,5,pqlc0_one_hop,efficacy_and_persistence,production,1/7/2/4026531840/4026531840,1|4026531840,5,2,4,2,1,0,0,0,10,6,68a01f120d070530585abbdae298aa9498de7c4f914629033005c191026e56fe,6ff3f5b3e02323338183510ec456de61b298c3aa75811a0ada02f80dbe8f4340,adec95875b4d99115e17b1ffa64e9e035b329b5676586f2f245110c57b17c4f6,true,true,true,true,true
307,5400000,5,pqlc1_depth_16,persistence_only,reference,1/7/1/4026531840/4026531840;1/7/1/4026531840/4026531840;1/7/1/4026531840/4026531840;1/7/1/4026531840/4026531840;1/7/1/4026531840/4026531840;1/7/1/4026531840/4026531840;1/7/1/4026531840/4026531840;1/7/1/4026531840/4026531840;1/7/1/4026531840/4026531840;1/7/1/4026531840/4026531840;1/7/1/4026531840/4026531840;1/7/1/4026531840/4026531840;1/7/1/4026531840/4026531840;1/7/1/4026531840/4026531840;1/7/1/4026531840/4026531840;1/7/1/4026531840/4026531840,16,19,16,18,16,15,0,0,0,66,6,622f4822625e448f98fcbf075c1a6a4760bfe7690655c418d94c0ea2b2be7856,6927f98f549ea5e7fe920e5617c002eeea3d6cb5666ccb0ef54e29675346d20c,4eb0f3a1422d0d7208be57dabbe17dfa720e723884e0a0059a832358e9c4c549,true,true,true,true,true
307,5400000,5,pqlc1_depth_16,persistence_only,production,1/7/1/4026531840/4026531840;1/7/1/4026531840/4026531840;1/7/1/4026531840/4026531840;1/7/1/4026531840/4026531840;1/7/1/4026531840/4026531840;1/7/1/4026531840/4026531840;1/7/1/4026531840/4026531840;1/7/1/4026531840/4026531840;1/7/1/4026531840/4026531840;1/7/1/4026531840/4026531840;1/7/1/4026531840/4026531840;1/7/1/4026531840/4026531840;1/7/1/4026531840/4026531840;1/7/1/4026531840/4026531840;1/7/1/4026531840/4026531840;1/7/1/4026531840/4026531840,16,19,16,18,16,15,0,0,0,66,6,622f4822625e448f98fcbf075c1a6a4760bfe7690655c418d94c0ea2b2be7856,6927f98f549ea5e7fe920e5617c002eeea3d6cb5666ccb0ef54e29675346d20c,b607e91b6491587e81406407fed2423907cc270346e7928f541b59206f194a3e,true,true,true,true,true
308,5400000,5,pqlc1_depth_16,efficacy_and_persistence,reference,1/7/2/4026531840/4026531840;1/7/2/4026531840/4026531840;1/7/2/4026531840/4026531840;1/7/2/4026531840/4026531840;1/7/2/4026531840/4026531840;1/7/2/4026531840/4026531840;1/7/2/4026531840/4026531840;1/7/2/4026531840/4026531840;1/7/2/4026531840/4026531840;1/7/2/4026531840/4026531840;1/7/2/4026531840/4026531840;1/7/2/4026531840/4026531840;1/7/2/4026531840/4026531840;1/7/2/4026531840/4026531840;1/7/2/4026531840/4026531840;1/7/2/4026531840/4026531840,16,19,16,18,16,15,0,0,0,66,6,bf776e04066bbf054196ef02b0491859ed27a8c45a06bb453b9d1c6b79759cc4,832bfa7b84b6abf49ccfe1da7b4e6fcd01d5e5bbcb238539a6b360227129c876,dbfd19ae0cf6f7590c68dee47d34d6fd074134d7f294759c430deeea943a085f,true,true,true,true,true
308,5400000,5,pqlc1_depth_16,efficacy_and_persistence,production,1/7/2/4026531840/4026531840;1/7/2/4026531840/4026531840;1/7/2/4026531840/4026531840;1/7/2/4026531840/4026531840;1/7/2/4026531840/4026531840;1/7/2/4026531840/4026531840;1/7/2/4026531840/4026531840;1/7/2/4026531840/4026531840;1/7/2/4026531840/4026531840;1/7/2/4026531840/4026531840;1/7/2/4026531840/4026531840;1/7/2/4026531840/4026531840;1/7/2/4026531840/4026531840;1/7/2/4026531840/4026531840;1/7/2/4026531840/4026531840;1/7/2/4026531840/4026531840,16,19,16,18,16,15,0,0,0,66,6,bf776e04066bbf054196ef02b0491859ed27a8c45a06bb453b9d1c6b79759cc4,832bfa7b84b6abf49ccfe1da7b4e6fcd01d5e5bbcb238539a6b360227129c876,a3074cfbf45290340feacfbc6bbb71f5431c34a156282fbf99734fdcaef1e5a5,true,true,true,true,true
309,5400000,5,fd0_equal_persistence,persistence_only,reference,1/1/1/0/0;0/0/1/0/0,1|0,0,0,0,0,0,0,0,1,1,45,4f53cda18c2baa0c0354bb5f9a3ecbe5ed12ab4d8e11ba873c2f11161202b945,258ee61416009af49b401174a2a2cde4ffe2cb3a4a8bfb7b7e682b170116f4bd,56c95886190690d7b9ee0fb9671f8c8db7dfa1c8bf7958db7588982871fada2d,true,true,true,true,true
309,5400000,5,fd0_equal_persistence,persistence_only,production,1/1/1/0/0;0/0/1/0/0,1|0,0,0,0,0,0,0,0,1,1,45,4f53cda18c2baa0c0354bb5f9a3ecbe5ed12ab4d8e11ba873c2f11161202b945,258ee61416009af49b401174a2a2cde4ffe2cb3a4a8bfb7b7e682b170116f4bd,4ad9237e0a15b738be80c1c843e744a48c63b00602ba089c54c5cef599a30d56,true,true,true,true,true
310,5400000,5,fd0_equal_persistence,efficacy_and_persistence,reference,1/1/2/0/0;0/0/2/0/0,1|0,0,0,0,0,0,0,0,1,1,45,4f53cda18c2baa0c0354bb5f9a3ecbe5ed12ab4d8e11ba873c2f11161202b945,82bc90bd5d56a30e0cb483e55fc3ceead204328c548900301dca38adafdd8143,a5204371bc7787a9c3f2b5b8b56ad0cffb8fb7084b452dc38fd4cfd57e8ca7d6,true,true,true,true,true
310,5400000,5,fd0_equal_persistence,efficacy_and_persistence,production,1/1/2/0/0;0/0/2/0/0,1|0,0,0,0,0,0,0,0,1,1,45,4f53cda18c2baa0c0354bb5f9a3ecbe5ed12ab4d8e11ba873c2f11161202b945,82bc90bd5d56a30e0cb483e55fc3ceead204328c548900301dca38adafdd8143,17f57ef72d6c39f41f20209e5891e04b6a40b30c68091bf9312b5a402d46775c,true,true,true,true,true
311,5400000,5,fd1_consolidation,persistence_only,reference,1/4/1/4026531840/4026531840;1/1/1/4026531840/0,4026531840|0,5,1,3,1,0,0,0,0,7,6,efcec222887f10d4531bdb6d0b00128717fccbd3f711ddba12e232cc74a1722b,de8e53540d163984e0a2b7f143aa86dfed5fe4d03d693e80dca7e423fb059825,67c07f8a06c291909dc94e29b3bf44ccd3088b9722e52bbcf326206bce813cdb,true,true,true,true,true
311,5400000,5,fd1_consolidation,persistence_only,production,1/4/1/4026531840/4026531840;1/1/1/4026531840/0,4026531840|0,5,1,3,1,0,0,0,0,7,6,efcec222887f10d4531bdb6d0b00128717fccbd3f711ddba12e232cc74a1722b,de8e53540d163984e0a2b7f143aa86dfed5fe4d03d693e80dca7e423fb059825,e0f112b41624af0d6fe9bbc10823d46c32518a420ec87bddc5e3de08b953f95b,true,true,true,true,true
312,5400000,5,fd1_consolidation,efficacy_and_persistence,reference,1/4/2/4026531840/4026531840;1/1/2/4026531840/0,4026531840|0,5,1,3,1,0,0,0,0,7,6,58095e3dae5393f141b3c6f231087dfbbdff422a5e6e5edf6f7cf5106bd157f0,5437664d4c0b7d0466ecbabb4e11e6c0d59138772843990437b9ab6484605434,5a4b72f95eea30bcffd6a6840ef51e45e7f558f18ea27ebf971f9c40ef8bbb96,true,true,true,true,true
312,5400000,5,fd1_consolidation,efficacy_and_persistence,production,1/4/2/4026531840/4026531840;1/1/2/4026531840/0,4026531840|0,5,1,3,1,0,0,0,0,7,6,58095e3dae5393f141b3c6f231087dfbbdff422a5e6e5edf6f7cf5106bd157f0,5437664d4c0b7d0466ecbabb4e11e6c0d59138772843990437b9ab6484605434,53db074466231b3bf3728a726ac786d93119d42a931264a9d73aa9d5ca00ed2c,true,true,true,true,true
313,5400000,5,threshold_1_already_executable,persistence_only,reference,1/4/1/4294967296/0,1|1,3,0,2,0,0,1,0,0,3,5,4af78d54ebffd5888ac21e85063062dc1a52bf11df06fcd929ffcf40cf25a7e9,8336f3238ab83739e94f535a85f329a29edd8818d72f825680c7997903ff6b54,1a3d9f56a67cf6ac899f4b2a6f889715627b83f27a5d4643de86c83869956c85,true,true,true,true,true
313,5400000,5,threshold_1_already_executable,persistence_only,production,1/4/1/4294967296/0,1|1,3,0,2,0,0,1,0,0,3,5,4af78d54ebffd5888ac21e85063062dc1a52bf11df06fcd929ffcf40cf25a7e9,8336f3238ab83739e94f535a85f329a29edd8818d72f825680c7997903ff6b54,1a3d9f56a67cf6ac899f4b2a6f889715627b83f27a5d4643de86c83869956c85,true,true,true,true,true
314,5400000,5,threshold_1_already_executable,efficacy_and_persistence,reference,1/4/2/4294967296/0,1|1,3,0,2,0,0,1,0,0,3,5,76ea616472a288a9a33e90b5a84a8b07bd44bdb30d3b6b4df53a0919d5a25e8f,ea186ff4ba857131e48fbc035ad962a9e7950b2de8384b60d16a42114290e51a,c1672411c3250375d84617846549f85445b5bee4aabd981a5457b785f8eddef3,true,true,true,true,true
314,5400000,5,threshold_1_already_executable,efficacy_and_persistence,production,1/4/2/4294967296/0,1|1,3,0,2,0,0,1,0,0,3,5,76ea616472a288a9a33e90b5a84a8b07bd44bdb30d3b6b4df53a0919d5a25e8f,ea186ff4ba857131e48fbc035ad962a9e7950b2de8384b60d16a42114290e51a,c1672411c3250375d84617846549f85445b5bee4aabd981a5457b785f8eddef3,true,true,true,true,true
315,5400000,5,threshold_2_acquired_efficacy,persistence_only,reference,1/4/1/4294967296/0;1/1/1/4294967296/0,0|0|0,4,0,2,0,0,0,0,0,4,5,63409dd258b80b7ba18d234d632359866783e0a012ac66a45bc6560150e990a6,eab891819a70a6905fc3fc564a80f5c351d876d173f2986bf74aab0c367a2bbd,f0c207f9d5553f6c1243c5bb5d49f22012ef593222eca592bb2e347706bb9efb,true,true,true,true,true
315,5400000,5,threshold_2_acquired_efficacy,persistence_only,production,1/4/1/4294967296/0;1/1/1/4294967296/0,0|0|0,4,0,2,0,0,0,0,0,4,5,63409dd258b80b7ba18d234d632359866783e0a012ac66a45bc6560150e990a6,eab891819a70a6905fc3fc564a80f5c351d876d173f2986bf74aab0c367a2bbd,f0c207f9d5553f6c1243c5bb5d49f22012ef593222eca592bb2e347706bb9efb,true,true,true,true,true
316,5400000,5,threshold_2_acquired_efficacy,efficacy_and_persistence,reference,1/4/2/4294967296/0;1/1/1/4294967296/0,1|0|1,5,0,3,0,0,1,0,0,5,5,d945c1c3aefe39f08e4ff537a45b191b670ef2eef88a777a8d817ea5b09f0f17,6b8b27cd7d4e22f81b853675a5916b7af59dd6fc598285a100f0f910099dfca6,0885807eaa7c49d77acb5120ce75717423d903c26e8ba8bd19b6cf466d4b152c,true,true,true,true,true
316,5400000,5,threshold_2_acquired_efficacy,efficacy_and_persistence,production,1/4/2/4294967296/0;1/1/1/4294967296/0,1|0|1,5,0,3,0,0,1,0,0,5,5,d945c1c3aefe39f08e4ff537a45b191b670ef2eef88a777a8d817ea5b09f0f17,6b8b27cd7d4e22f81b853675a5916b7af59dd6fc598285a100f0f910099dfca6,0885807eaa7c49d77acb5120ce75717423d903c26e8ba8bd19b6cf466d4b152c,true,true,true,true,true
317,5400000,5,threshold_3_still_insufficient,persistence_only,reference,1/4/1/4294967296/0,0|0,2,0,1,0,0,0,0,0,2,5,b2ab1a750af73cfec924f3d60f526f6589e3c4d87140625b1475261297029704,377246b0377c1169f514a2cdcbcf890178846720a16ff0f34bdd32d52b50f6f4,57addf725652482a6e8bd6c867c5978f2d005586cbff553060e051f091123596,true,true,true,true,true
317,5400000,5,threshold_3_still_insufficient,persistence_only,production,1/4/1/4294967296/0,0|0,2,0,1,0,0,0,0,0,2,5,b2ab1a750af73cfec924f3d60f526f6589e3c4d87140625b1475261297029704,377246b0377c1169f514a2cdcbcf890178846720a16ff0f34bdd32d52b50f6f4,57addf725652482a6e8bd6c867c5978f2d005586cbff553060e051f091123596,true,true,true,true,true
318,5400000,5,threshold_3_still_insufficient,efficacy_and_persistence,reference,1/4/2/4294967296/0,0|0,2,0,1,0,0,0,0,0,2,5,86b138b5ed2adab38b75c01a893a797941bfa697ae30addccd7d8a161f93ddd5,f87f4943d714c8973299868c1e7ef08c418eb1c323625a6e75d43264eac4946b,d78ad60c00b392681b3959eb54d248a7fc4793d51171a1f85224e713ff6a1451,true,true,true,true,true
318,5400000,5,threshold_3_still_insufficient,efficacy_and_persistence,production,1/4/2/4294967296/0,0|0,2,0,1,0,0,0,0,0,2,5,86b138b5ed2adab38b75c01a893a797941bfa697ae30addccd7d8a161f93ddd5,f87f4943d714c8973299868c1e7ef08c418eb1c323625a6e75d43264eac4946b,d78ad60c00b392681b3959eb54d248a7fc4793d51171a1f85224e713ff6a1451,true,true,true,true,true
319,5400000,5,threshold_2_two_physical_inputs,persistence_only,reference,1/4/1/4294967296/0;1/4/1/4294967296/0,1|1,5,0,3,0,0,1,0,0,5,5,faebfd93affe028ec87285403e1ac54fd3101ef088204481ceaaa418936c757a,e864d2909bfb11ce88e33fb63a7fcee94137f951e673355b1e3c727b3a37cfe8,f42e45b3dd78e62cfdf04fb183c9b2862eb4352cecb19a0747e5080ff120a465,true,true,true,true,true
319,5400000,5,threshold_2_two_physical_inputs,persistence_only,production,1/4/1/4294967296/0;1/4/1/4294967296/0,1|1,5,0,3,0,0,1,0,0,5,5,faebfd93affe028ec87285403e1ac54fd3101ef088204481ceaaa418936c757a,e864d2909bfb11ce88e33fb63a7fcee94137f951e673355b1e3c727b3a37cfe8,f42e45b3dd78e62cfdf04fb183c9b2862eb4352cecb19a0747e5080ff120a465,true,true,true,true,true
320,5400000,5,threshold_2_two_physical_inputs,efficacy_and_persistence,reference,1/4/1/4294967296/0;1/4/1/4294967296/0,1|1,5,0,3,0,0,1,0,0,5,5,535ad144c7f93cece1862eb1a732d0a1b2a394fdc469937e5605d5af6c0b08aa,84194220d7931a04551a9eb60c34ae5c6155d86afafc67f58ee3db660842b53b,73da51f3d00948c0dfa59a6cf746921058e57dbe504e4004cf63fb0195b4d66f,true,true,true,true,true
320,5400000,5,threshold_2_two_physical_inputs,efficacy_and_persistence,production,1/4/1/4294967296/0;1/4/1/4294967296/0,1|1,5,0,3,0,0,1,0,0,5,5,535ad144c7f93cece1862eb1a732d0a1b2a394fdc469937e5605d5af6c0b08aa,84194220d7931a04551a9eb60c34ae5c6155d86afafc67f58ee3db660842b53b,73da51f3d00948c0dfa59a6cf746921058e57dbe504e4004cf63fb0195b4d66f,true,true,true,true,true
321,5400000,6,cpc0_contact_locality,persistence_only,reference,1/7/1/4026531840/4026531840;1/4/1/4026531840/0,4026531840|0,6,1,4,1,0,0,0,0,8,7,ba303956e661ca1b63031167fd9bc88949691e5bab5bc3830ca8a02bbf1b1257,88880bc7b868be0e4448a5b7c9d7f2dce25d2de8b1962c50f9cb42e0335b5f63,b5dd5d06c53c082ffbaad58198a91942562f58a84b4328ef6baf1065681e900e,true,true,true,true,true
321,5400000,6,cpc0_contact_locality,persistence_only,production,1/7/1/4026531840/4026531840;1/4/1/4026531840/0,4026531840|0,6,1,4,1,0,0,0,0,8,7,ba303956e661ca1b63031167fd9bc88949691e5bab5bc3830ca8a02bbf1b1257,88880bc7b868be0e4448a5b7c9d7f2dce25d2de8b1962c50f9cb42e0335b5f63,f52a712a45b516ab491df343ab1a8fddd60572e94b8beb7bc51ef18f1e0c681e,true,true,true,true,true
322,5400000,6,cpc0_contact_locality,efficacy_and_persistence,reference,1/7/2/4026531840/4026531840;1/4/2/4026531840/0,4026531840|0,6,1,4,1,0,0,0,0,8,7,f734a25927c17d3c495113bd0d6376f941ad270a459799a268aa927d7ee44aa1,fe1c59409d7bd88635f205541e5f643c06ef2b3038486265d00dff85380b053f,c3dda14e1b57319c224165ad85bf4857707c810569801daa30a3ddaceb682be0,true,true,true,true,true
322,5400000,6,cpc0_contact_locality,efficacy_and_persistence,production,1/7/2/4026531840/4026531840;1/4/2/4026531840/0,4026531840|0,6,1,4,1,0,0,0,0,8,7,f734a25927c17d3c495113bd0d6376f941ad270a459799a268aa927d7ee44aa1,fe1c59409d7bd88635f205541e5f643c06ef2b3038486265d00dff85380b053f,3992626197efcb0108613d525bfa8b5646e2143f4b23d217d3be08ff9d9e0838,true,true,true,true,true
323,5400000,6,cpc1_temporal_participation,persistence_only,reference,1/6/1/1979772000/4026531840;1/5/1/1979772000/1979772000;1/7/1/1979772000/3110400000;1/7/1/1979772000/3110400000;1/7/1/4542662625/7136931840,4026531840|1979772000|3110400000|3110400000|7136931840,19,5,12,5,0,0,0,0,29,18,6dbd410c543a8859d0c152c9a81047838f251f710df665a6d351cc363b68cae9,f8a2a8391871b1ba9928dc958108b500e3c56af6a20e6d0950e739209581db7d,cc5db724bdd7ac39472d4f014fd3ca056988a53b2853bab1a48b471d031f1657,true,true,true,true,true
323,5400000,6,cpc1_temporal_participation,persistence_only,production,1/6/1/1979772000/4026531840;1/5/1/1979772000/1979772000;1/7/1/1979772000/3110400000;1/7/1/1979772000/3110400000;1/7/1/4542662625/7136931840,4026531840|1979772000|3110400000|3110400000|7136931840,19,5,12,5,0,0,0,0,29,18,6dbd410c543a8859d0c152c9a81047838f251f710df665a6d351cc363b68cae9,f8a2a8391871b1ba9928dc958108b500e3c56af6a20e6d0950e739209581db7d,65f0c128eca4ec3db34b7e92d721e2b602b8e24674f0aa88d8d7045b457704c2,true,true,true,true,true
324,5400000,6,cpc1_temporal_participation,efficacy_and_persistence,reference,1/6/2/1979772000/4026531840;1/5/2/1979772000/1979772000;1/7/2/1979772000/3110400000;1/7/2/1979772000/3110400000;1/7/2/4542662625/7136931840,4026531840|1979772000|3110400000|3110400000|7136931840,19,5,12,5,0,0,0,0,29,18,d3efa94cccebb9b002822f33610505d150172275df27fcf2ccfc0b35456fcf17,3e33182c7da78f2c8ee7010ba1eb54ea95f1e326fb4255a707303cc740c69439,d521fb396f1873f8c4fc123753240d44086c952cf356efc86cff18c7d16dd273,true,true,true,true,true
324,5400000,6,cpc1_temporal_participation,efficacy_and_persistence,production,1/6/2/1979772000/4026531840;1/5/2/1979772000/1979772000;1/7/2/1979772000/3110400000;1/7/2/1979772000/3110400000;1/7/2/4542662625/7136931840,4026531840|1979772000|3110400000|3110400000|7136931840,19,5,12,5,0,0,0,0,29,18,d3efa94cccebb9b002822f33610505d150172275df27fcf2ccfc0b35456fcf17,3e33182c7da78f2c8ee7010ba1eb54ea95f1e326fb4255a707303cc740c69439,be770fdb727953363cb40847d4d66650686f3fea56926f54e8a33b8626e2a391,true,true,true,true,true
325,5400000,6,pqlc0_one_hop,persistence_only,reference,1/7/1/4026531840/4026531840,1|4026531840,5,2,4,2,1,0,0,0,10,7,bcb4957837dbf1c85400a8f2300d66e284ad05805fe2be39cee8719ef2edb1ea,e1b652fa0b8cef2cc7721aabface5d6145af9b941fec8e3d8648a8dda4a6cb97,b4497f833ebcefa95f890129c94eb421430799dc8b35c92d3b1b186ac57b7e63,true,true,true,true,true
325,5400000,6,pqlc0_one_hop,persistence_only,production,1/7/1/4026531840/4026531840,1|4026531840,5,2,4,2,1,0,0,0,10,7,bcb4957837dbf1c85400a8f2300d66e284ad05805fe2be39cee8719ef2edb1ea,e1b652fa0b8cef2cc7721aabface5d6145af9b941fec8e3d8648a8dda4a6cb97,2514c6f8faadf391b13ddd52d399844d893365f31ebecce0b26919486b65c628,true,true,true,true,true
326,5400000,6,pqlc0_one_hop,efficacy_and_persistence,reference,1/7/2/4026531840/4026531840,1|4026531840,5,2,4,2,1,0,0,0,10,7,e962be9ad339a7628654bdfd7d2b5c369054657bc2a0f5135558444a44c4fa8e,6ff3f5b3e02323338183510ec456de61b298c3aa75811a0ada02f80dbe8f4340,b0ca00f7552d434016e9f759d545c14a0c86b55fd227a1cb44b2a8050f31ce63,true,true,true,true,true
326,5400000,6,pqlc0_one_hop,efficacy_and_persistence,production,1/7/2/4026531840/4026531840,1|4026531840,5,2,4,2,1,0,0,0,10,7,e962be9ad339a7628654bdfd7d2b5c369054657bc2a0f5135558444a44c4fa8e,6ff3f5b3e02323338183510ec456de61b298c3aa75811a0ada02f80dbe8f4340,fa7f7780a8d1fa641c9800b3c10c35848e53e33dc7643cd3239769f3e4cafd0b,true,true,true,true,true
327,5400000,6,pqlc1_depth_16,persistence_only,reference,1/7/1/4026531840/4026531840;1/7/1/4026531840/4026531840;1/7/1/4026531840/4026531840;1/7/1/4026531840/4026531840;1/7/1/4026531840/4026531840;1/7/1/4026531840/4026531840;1/7/1/4026531840/4026531840;1/7/1/4026531840/4026531840;1/7/1/4026531840/4026531840;1/7/1/4026531840/4026531840;1/7/1/4026531840/4026531840;1/7/1/4026531840/4026531840;1/7/1/4026531840/4026531840;1/7/1/4026531840/4026531840;1/7/1/4026531840/4026531840;1/7/1/4026531840/4026531840,16,19,16,18,16,15,0,0,0,66,7,7d1f2d37d67986aab5db3dccb4263d9727999c6c944df1b63bcbf3dccce0230c,6927f98f549ea5e7fe920e5617c002eeea3d6cb5666ccb0ef54e29675346d20c,2a20b36ccf34c6354d2aa41849c677b2b86df47059f6a33f1f0fa1952b21caf2,true,true,true,true,true
327,5400000,6,pqlc1_depth_16,persistence_only,production,1/7/1/4026531840/4026531840;1/7/1/4026531840/4026531840;1/7/1/4026531840/4026531840;1/7/1/4026531840/4026531840;1/7/1/4026531840/4026531840;1/7/1/4026531840/4026531840;1/7/1/4026531840/4026531840;1/7/1/4026531840/4026531840;1/7/1/4026531840/4026531840;1/7/1/4026531840/4026531840;1/7/1/4026531840/4026531840;1/7/1/4026531840/4026531840;1/7/1/4026531840/4026531840;1/7/1/4026531840/4026531840;1/7/1/4026531840/4026531840;1/7/1/4026531840/4026531840,16,19,16,18,16,15,0,0,0,66,7,7d1f2d37d67986aab5db3dccb4263d9727999c6c944df1b63bcbf3dccce0230c,6927f98f549ea5e7fe920e5617c002eeea3d6cb5666ccb0ef54e29675346d20c,8a6efd4a9eab71d0c7404b8c260eace446830b4850531064e2fb52581140ebf5,true,true,true,true,true
328,5400000,6,pqlc1_depth_16,efficacy_and_persistence,reference,1/7/2/4026531840/4026531840;1/7/2/4026531840/4026531840;1/7/2/4026531840/4026531840;1/7/2/4026531840/4026531840;1/7/2/4026531840/4026531840;1/7/2/4026531840/4026531840;1/7/2/4026531840/4026531840;1/7/2/4026531840/4026531840;1/7/2/4026531840/4026531840;1/7/2/4026531840/4026531840;1/7/2/4026531840/4026531840;1/7/2/4026531840/4026531840;1/7/2/4026531840/4026531840;1/7/2/4026531840/4026531840;1/7/2/4026531840/4026531840;1/7/2/4026531840/4026531840,16,19,16,18,16,15,0,0,0,66,7,48255832bdf81b1799cfe7f08c55eb7e7869c5c04c1eebb11af16efe72780970,832bfa7b84b6abf49ccfe1da7b4e6fcd01d5e5bbcb238539a6b360227129c876,e8cdf1958b6ad6eb3d5da7f970ebf7cb1b7fcd180f7e6d1a243492620a986f74,true,true,true,true,true
328,5400000,6,pqlc1_depth_16,efficacy_and_persistence,production,1/7/2/4026531840/4026531840;1/7/2/4026531840/4026531840;1/7/2/4026531840/4026531840;1/7/2/4026531840/4026531840;1/7/2/4026531840/4026531840;1/7/2/4026531840/4026531840;1/7/2/4026531840/4026531840;1/7/2/4026531840/4026531840;1/7/2/4026531840/4026531840;1/7/2/4026531840/4026531840;1/7/2/4026531840/4026531840;1/7/2/4026531840/4026531840;1/7/2/4026531840/4026531840;1/7/2/4026531840/4026531840;1/7/2/4026531840/4026531840;1/7/2/4026531840/4026531840,16,19,16,18,16,15,0,0,0,66,7,48255832bdf81b1799cfe7f08c55eb7e7869c5c04c1eebb11af16efe72780970,832bfa7b84b6abf49ccfe1da7b4e6fcd01d5e5bbcb238539a6b360227129c876,a74815e4fbc6676e69eff651811c672ef07f060d577e48c4455ed31f1a769fee,true,true,true,true,true
329,5400000,6,fd0_equal_persistence,persistence_only,reference,1/1/1/0/0;0/0/1/0/0,1|0,0,0,0,0,0,0,0,1,1,46,4f53cda18c2baa0c0354bb5f9a3ecbe5ed12ab4d8e11ba873c2f11161202b945,258ee61416009af49b401174a2a2cde4ffe2cb3a4a8bfb7b7e682b170116f4bd,e93c4cc20e138c5e3f54d3843142e56a73986a0434b25cecb3ed6fae989107cc,true,true,true,true,true
329,5400000,6,fd0_equal_persistence,persistence_only,production,1/1/1/0/0;0/0/1/0/0,1|0,0,0,0,0,0,0,0,1,1,46,4f53cda18c2baa0c0354bb5f9a3ecbe5ed12ab4d8e11ba873c2f11161202b945,258ee61416009af49b401174a2a2cde4ffe2cb3a4a8bfb7b7e682b170116f4bd,8dae2d2c8323e1c8219a23d08e0c36f5d4f1ff4a184829b020491b17534d75ef,true,true,true,true,true
330,5400000,6,fd0_equal_persistence,efficacy_and_persistence,reference,1/1/2/0/0;0/0/2/0/0,1|0,0,0,0,0,0,0,0,1,1,46,4f53cda18c2baa0c0354bb5f9a3ecbe5ed12ab4d8e11ba873c2f11161202b945,82bc90bd5d56a30e0cb483e55fc3ceead204328c548900301dca38adafdd8143,ee8c8c038e7c37141fecbf3a8ec487154d3e46f8d322b95c80483bd8843fed84,true,true,true,true,true
330,5400000,6,fd0_equal_persistence,efficacy_and_persistence,production,1/1/2/0/0;0/0/2/0/0,1|0,0,0,0,0,0,0,0,1,1,46,4f53cda18c2baa0c0354bb5f9a3ecbe5ed12ab4d8e11ba873c2f11161202b945,82bc90bd5d56a30e0cb483e55fc3ceead204328c548900301dca38adafdd8143,78feb2061247839d21301ecc52d41c6681ba3e9a4bdb85b0fae7e0c10f60dc58,true,true,true,true,true
331,5400000,6,fd1_consolidation,persistence_only,reference,1/4/1/4026531840/4026531840;1/1/1/4026531840/0,4026531840|0,5,1,3,1,0,0,0,0,7,7,9e7d5cd12dfb8f5954bdf5eb398dc863bb1822c06a7141e17558af5313a51d93,de8e53540d163984e0a2b7f143aa86dfed5fe4d03d693e80dca7e423fb059825,a7c3b18e5ad6e46790e364c5f552a025084688238a5e464455cf241f8ab1a102,true,true,true,true,true
331,5400000,6,fd1_consolidation,persistence_only,production,1/4/1/4026531840/4026531840;1/1/1/4026531840/0,4026531840|0,5,1,3,1,0,0,0,0,7,7,9e7d5cd12dfb8f5954bdf5eb398dc863bb1822c06a7141e17558af5313a51d93,de8e53540d163984e0a2b7f143aa86dfed5fe4d03d693e80dca7e423fb059825,f1a56ebd72d868e4d451cb6a3fda0fc237c0be6b089d9fb5cdd2a89367d82fb7,true,true,true,true,true
332,5400000,6,fd1_consolidation,efficacy_and_persistence,reference,1/4/2/4026531840/4026531840;1/1/2/4026531840/0,4026531840|0,5,1,3,1,0,0,0,0,7,7,c22b297e2c0f29f0d8a21d19eacee28fcea0c751b05ad390a13cb042f08531b0,5437664d4c0b7d0466ecbabb4e11e6c0d59138772843990437b9ab6484605434,26162b22a9789a10ad51f0b79d5a0776cbc27787ffcb1b08234f1d82f0172e5d,true,true,true,true,true
332,5400000,6,fd1_consolidation,efficacy_and_persistence,production,1/4/2/4026531840/4026531840;1/1/2/4026531840/0,4026531840|0,5,1,3,1,0,0,0,0,7,7,c22b297e2c0f29f0d8a21d19eacee28fcea0c751b05ad390a13cb042f08531b0,5437664d4c0b7d0466ecbabb4e11e6c0d59138772843990437b9ab6484605434,fa0a6b45676bb1d7cb229cb41cf883666104298cf2e2782f5a774915c2f992b7,true,true,true,true,true
333,5400000,6,threshold_1_already_executable,persistence_only,reference,1/4/1/4294967296/0,1|1,3,0,2,0,0,1,0,0,3,6,2b2f9ecf62a9814928b79a28eb307d7f2ff57bb3fd54ba02d5e5e1170ca46b68,8336f3238ab83739e94f535a85f329a29edd8818d72f825680c7997903ff6b54,05173f3f8dcb063cc34014dfd83cf17e163af11076fa337d61b2d4b179c6a76c,true,true,true,true,true
333,5400000,6,threshold_1_already_executable,persistence_only,production,1/4/1/4294967296/0,1|1,3,0,2,0,0,1,0,0,3,6,2b2f9ecf62a9814928b79a28eb307d7f2ff57bb3fd54ba02d5e5e1170ca46b68,8336f3238ab83739e94f535a85f329a29edd8818d72f825680c7997903ff6b54,05173f3f8dcb063cc34014dfd83cf17e163af11076fa337d61b2d4b179c6a76c,true,true,true,true,true
334,5400000,6,threshold_1_already_executable,efficacy_and_persistence,reference,1/4/2/4294967296/0,1|1,3,0,2,0,0,1,0,0,3,6,bbf85a7f5f1a7ec6074b7d597d5dd1aa55db00d646fc8ad81d469c677e555912,ea186ff4ba857131e48fbc035ad962a9e7950b2de8384b60d16a42114290e51a,01b0f3fad42c23f39d6fb8c89b0ea3fbf548841f5e6ee970a8d6ef427ef02a10,true,true,true,true,true
334,5400000,6,threshold_1_already_executable,efficacy_and_persistence,production,1/4/2/4294967296/0,1|1,3,0,2,0,0,1,0,0,3,6,bbf85a7f5f1a7ec6074b7d597d5dd1aa55db00d646fc8ad81d469c677e555912,ea186ff4ba857131e48fbc035ad962a9e7950b2de8384b60d16a42114290e51a,01b0f3fad42c23f39d6fb8c89b0ea3fbf548841f5e6ee970a8d6ef427ef02a10,true,true,true,true,true
335,5400000,6,threshold_2_acquired_efficacy,persistence_only,reference,1/4/1/4294967296/0;1/1/1/4294967296/0,0|0|0,4,0,2,0,0,0,0,0,4,6,8dbd1a7e5828617bb29b32de1ee41b0363fe498aaaa8394744adb84843250ec5,eab891819a70a6905fc3fc564a80f5c351d876d173f2986bf74aab0c367a2bbd,63a9a0e097fb951faee2d5feefafa36982dd49de98f141644ee7e9f54c2ae358,true,true,true,true,true
335,5400000,6,threshold_2_acquired_efficacy,persistence_only,production,1/4/1/4294967296/0;1/1/1/4294967296/0,0|0|0,4,0,2,0,0,0,0,0,4,6,8dbd1a7e5828617bb29b32de1ee41b0363fe498aaaa8394744adb84843250ec5,eab891819a70a6905fc3fc564a80f5c351d876d173f2986bf74aab0c367a2bbd,63a9a0e097fb951faee2d5feefafa36982dd49de98f141644ee7e9f54c2ae358,true,true,true,true,true
336,5400000,6,threshold_2_acquired_efficacy,efficacy_and_persistence,reference,1/4/2/4294967296/0;1/1/1/4294967296/0,1|0|1,5,0,3,0,0,1,0,0,5,6,3e811e6e16269cccf74476957dd3b9235500081267df6cc145b581bbbad578c7,6b8b27cd7d4e22f81b853675a5916b7af59dd6fc598285a100f0f910099dfca6,50ffb8e78c7bc2f93267218e4feb744e4ad293efe0cbeaa524f5b643a80f51c3,true,true,true,true,true
336,5400000,6,threshold_2_acquired_efficacy,efficacy_and_persistence,production,1/4/2/4294967296/0;1/1/1/4294967296/0,1|0|1,5,0,3,0,0,1,0,0,5,6,3e811e6e16269cccf74476957dd3b9235500081267df6cc145b581bbbad578c7,6b8b27cd7d4e22f81b853675a5916b7af59dd6fc598285a100f0f910099dfca6,50ffb8e78c7bc2f93267218e4feb744e4ad293efe0cbeaa524f5b643a80f51c3,true,true,true,true,true
337,5400000,6,threshold_3_still_insufficient,persistence_only,reference,1/4/1/4294967296/0,0|0,2,0,1,0,0,0,0,0,2,6,663d8aa96c850157d38b600e2604cd0fe6fff593f324a73ee03edc39d998a9ed,377246b0377c1169f514a2cdcbcf890178846720a16ff0f34bdd32d52b50f6f4,433ec20c29df128614e1e3d77c404f92713ab0147d48cbb0a4e3d09a5d58dcab,true,true,true,true,true
337,5400000,6,threshold_3_still_insufficient,persistence_only,production,1/4/1/4294967296/0,0|0,2,0,1,0,0,0,0,0,2,6,663d8aa96c850157d38b600e2604cd0fe6fff593f324a73ee03edc39d998a9ed,377246b0377c1169f514a2cdcbcf890178846720a16ff0f34bdd32d52b50f6f4,433ec20c29df128614e1e3d77c404f92713ab0147d48cbb0a4e3d09a5d58dcab,true,true,true,true,true
338,5400000,6,threshold_3_still_insufficient,efficacy_and_persistence,reference,1/4/2/4294967296/0,0|0,2,0,1,0,0,0,0,0,2,6,1c6b75190bad2fa4901f7d283f7795ef9dae605a121f10efe67de25dd63b1f59,f87f4943d714c8973299868c1e7ef08c418eb1c323625a6e75d43264eac4946b,e7e49b52cd37aed93d7774fd70b209cfe4240a2298c0ab0a400db07f12a3aa3c,true,true,true,true,true
338,5400000,6,threshold_3_still_insufficient,efficacy_and_persistence,production,1/4/2/4294967296/0,0|0,2,0,1,0,0,0,0,0,2,6,1c6b75190bad2fa4901f7d283f7795ef9dae605a121f10efe67de25dd63b1f59,f87f4943d714c8973299868c1e7ef08c418eb1c323625a6e75d43264eac4946b,e7e49b52cd37aed93d7774fd70b209cfe4240a2298c0ab0a400db07f12a3aa3c,true,true,true,true,true
339,5400000,6,threshold_2_two_physical_inputs,persistence_only,reference,1/4/1/4294967296/0;1/4/1/4294967296/0,1|1,5,0,3,0,0,1,0,0,5,6,08fada92b67a34d4dda2b0c6f299c4612a717f2207400feeadb240112cc11da8,e864d2909bfb11ce88e33fb63a7fcee94137f951e673355b1e3c727b3a37cfe8,6025669e69ebeb406f597d4609e37348a321c9421ebd9527eae98d1832dea0b4,true,true,true,true,true
339,5400000,6,threshold_2_two_physical_inputs,persistence_only,production,1/4/1/4294967296/0;1/4/1/4294967296/0,1|1,5,0,3,0,0,1,0,0,5,6,08fada92b67a34d4dda2b0c6f299c4612a717f2207400feeadb240112cc11da8,e864d2909bfb11ce88e33fb63a7fcee94137f951e673355b1e3c727b3a37cfe8,6025669e69ebeb406f597d4609e37348a321c9421ebd9527eae98d1832dea0b4,true,true,true,true,true
340,5400000,6,threshold_2_two_physical_inputs,efficacy_and_persistence,reference,1/4/1/4294967296/0;1/4/1/4294967296/0,1|1,5,0,3,0,0,1,0,0,5,6,e2e69d117ab322536b6244c1d75a86e479e1ca80cb10192ed263b1b70f53c38f,84194220d7931a04551a9eb60c34ae5c6155d86afafc67f58ee3db660842b53b,1716e2e67d6edd268741e5263ce3a28de3db50b030e650bfd1322701af9827ea,true,true,true,true,true
340,5400000,6,threshold_2_two_physical_inputs,efficacy_and_persistence,production,1/4/1/4294967296/0;1/4/1/4294967296/0,1|1,5,0,3,0,0,1,0,0,5,6,e2e69d117ab322536b6244c1d75a86e479e1ca80cb10192ed263b1b70f53c38f,84194220d7931a04551a9eb60c34ae5c6155d86afafc67f58ee3db660842b53b,1716e2e67d6edd268741e5263ce3a28de3db50b030e650bfd1322701af9827ea,true,true,true,true,true
341,5400000,7,cpc0_contact_locality,persistence_only,reference,1/7/1/4026531840/4026531840;1/4/1/4026531840/0,4026531840|0,6,1,4,1,0,0,0,0,8,8,13ee8f69150c1a8c59bf65f75904f8895af7c8e13b3e996e50934958518758de,88880bc7b868be0e4448a5b7c9d7f2dce25d2de8b1962c50f9cb42e0335b5f63,29f51a1416527e6ddcebbcde868164827319961ea45b9128cea635f85a5104e6,true,true,true,true,true
341,5400000,7,cpc0_contact_locality,persistence_only,production,1/7/1/4026531840/4026531840;1/4/1/4026531840/0,4026531840|0,6,1,4,1,0,0,0,0,8,8,13ee8f69150c1a8c59bf65f75904f8895af7c8e13b3e996e50934958518758de,88880bc7b868be0e4448a5b7c9d7f2dce25d2de8b1962c50f9cb42e0335b5f63,856626614c7e8373def60a9c060f05d4eb67d49e32c166d9629cfa8aade74139,true,true,true,true,true
342,5400000,7,cpc0_contact_locality,efficacy_and_persistence,reference,1/7/2/4026531840/4026531840;1/4/2/4026531840/0,4026531840|0,6,1,4,1,0,0,0,0,8,8,843cf030ce6eec170cd257733dced9ea9bea620b37b657fe195c2f1ec853fa1a,fe1c59409d7bd88635f205541e5f643c06ef2b3038486265d00dff85380b053f,fb949d322d4094a4a8fa8498f0da8602e416a8f9e5334878974a26f23763ed21,true,true,true,true,true
342,5400000,7,cpc0_contact_locality,efficacy_and_persistence,production,1/7/2/4026531840/4026531840;1/4/2/4026531840/0,4026531840|0,6,1,4,1,0,0,0,0,8,8,843cf030ce6eec170cd257733dced9ea9bea620b37b657fe195c2f1ec853fa1a,fe1c59409d7bd88635f205541e5f643c06ef2b3038486265d00dff85380b053f,14e49d5682c8893ab0663b7a2ef8d8c464bf714f64cb1461ffc393b31fdffe30,true,true,true,true,true
343,5400000,7,cpc1_temporal_participation,persistence_only,reference,1/6/1/1979772000/4026531840;1/5/1/1979772000/1979772000;1/7/1/1979772000/3110400000;1/7/1/1979772000/3110400000;1/7/1/4542662625/7136931840,4026531840|1979772000|3110400000|3110400000|7136931840,19,5,12,5,0,0,0,0,29,19,45a2e0f72f541f933ccfdd177d192f97a5181f0c4f75772caa8f135e1250aeed,f8a2a8391871b1ba9928dc958108b500e3c56af6a20e6d0950e739209581db7d,b5b160a854d8942cc3e4f71e2ff7cc54c7ed99b49707f5b53a9dcb0621e075de,true,true,true,true,true
343,5400000,7,cpc1_temporal_participation,persistence_only,production,1/6/1/1979772000/4026531840;1/5/1/1979772000/1979772000;1/7/1/1979772000/3110400000;1/7/1/1979772000/3110400000;1/7/1/4542662625/7136931840,4026531840|1979772000|3110400000|3110400000|7136931840,19,5,12,5,0,0,0,0,29,19,45a2e0f72f541f933ccfdd177d192f97a5181f0c4f75772caa8f135e1250aeed,f8a2a8391871b1ba9928dc958108b500e3c56af6a20e6d0950e739209581db7d,7f2b407e9d6db6f88582f0eae0aa5b299eaed3ea38e4c47b8478c8070ea3a5c7,true,true,true,true,true
344,5400000,7,cpc1_temporal_participation,efficacy_and_persistence,reference,1/6/2/1979772000/4026531840;1/5/2/1979772000/1979772000;1/7/2/1979772000/3110400000;1/7/2/1979772000/3110400000;1/7/2/4542662625/7136931840,4026531840|1979772000|3110400000|3110400000|7136931840,19,5,12,5,0,0,0,0,29,19,1632ce60c3975c1cb98db40fbfaa4f464c4b84cbe901226d8b76ae00f4faea4a,3e33182c7da78f2c8ee7010ba1eb54ea95f1e326fb4255a707303cc740c69439,ac211453c9ab33523a4d5922e64e50ec95dbe8f4b01969be2c9d12612e48d7e8,true,true,true,true,true
344,5400000,7,cpc1_temporal_participation,efficacy_and_persistence,production,1/6/2/1979772000/4026531840;1/5/2/1979772000/1979772000;1/7/2/1979772000/3110400000;1/7/2/1979772000/3110400000;1/7/2/4542662625/7136931840,4026531840|1979772000|3110400000|3110400000|7136931840,19,5,12,5,0,0,0,0,29,19,1632ce60c3975c1cb98db40fbfaa4f464c4b84cbe901226d8b76ae00f4faea4a,3e33182c7da78f2c8ee7010ba1eb54ea95f1e326fb4255a707303cc740c69439,c44a11d129e93335d2906deb675ae4f807a5a0d4707b7a06f4e7adff87da017f,true,true,true,true,true
345,5400000,7,pqlc0_one_hop,persistence_only,reference,1/7/1/4026531840/4026531840,1|4026531840,5,2,4,2,1,0,0,0,10,8,051e9c2bcf44beb8110403949d9a90ba2662d21e1f82eee92ec291e1f172a8b1,e1b652fa0b8cef2cc7721aabface5d6145af9b941fec8e3d8648a8dda4a6cb97,c21cb7e3327a8296f34e69e6db60492e59e1bb8c51e4f6116322e8af4ef787ff,true,true,true,true,true
345,5400000,7,pqlc0_one_hop,persistence_only,production,1/7/1/4026531840/4026531840,1|4026531840,5,2,4,2,1,0,0,0,10,8,051e9c2bcf44beb8110403949d9a90ba2662d21e1f82eee92ec291e1f172a8b1,e1b652fa0b8cef2cc7721aabface5d6145af9b941fec8e3d8648a8dda4a6cb97,89145630a63c4e78a716b80cfc24337327466c52960a525fbe6cbc5db76b455e,true,true,true,true,true
346,5400000,7,pqlc0_one_hop,efficacy_and_persistence,reference,1/7/2/4026531840/4026531840,1|4026531840,5,2,4,2,1,0,0,0,10,8,a8fe86771abf5f975fcfda71196d1c16be04e63a05e65791cbe5b2443ce0753a,6ff3f5b3e02323338183510ec456de61b298c3aa75811a0ada02f80dbe8f4340,87492a31534efab4a0bac500145d05429c7712bad5f2eae7f9fad9d25e63f46e,true,true,true,true,true
346,5400000,7,pqlc0_one_hop,efficacy_and_persistence,production,1/7/2/4026531840/4026531840,1|4026531840,5,2,4,2,1,0,0,0,10,8,a8fe86771abf5f975fcfda71196d1c16be04e63a05e65791cbe5b2443ce0753a,6ff3f5b3e02323338183510ec456de61b298c3aa75811a0ada02f80dbe8f4340,283456ddc9c20c93b1bac3316cefd4d4bf7da8bf9c3d3bb16394f64e31f98cb1,true,true,true,true,true
347,5400000,7,pqlc1_depth_16,persistence_only,reference,1/7/1/4026531840/4026531840;1/7/1/4026531840/4026531840;1/7/1/4026531840/4026531840;1/7/1/4026531840/4026531840;1/7/1/4026531840/4026531840;1/7/1/4026531840/4026531840;1/7/1/4026531840/4026531840;1/7/1/4026531840/4026531840;1/7/1/4026531840/4026531840;1/7/1/4026531840/4026531840;1/7/1/4026531840/4026531840;1/7/1/4026531840/4026531840;1/7/1/4026531840/4026531840;1/7/1/4026531840/4026531840;1/7/1/4026531840/4026531840;1/7/1/4026531840/4026531840,16,19,16,18,16,15,0,0,0,66,8,1907a32d9c1e5f4bf3cf2cddf38e982d0184f05a657b14f74bc77ca34ad2239d,6927f98f549ea5e7fe920e5617c002eeea3d6cb5666ccb0ef54e29675346d20c,6cd842436930424b6648916c458dc14c30d3c839da25d7903d97cd0a0553b30c,true,true,true,true,true
347,5400000,7,pqlc1_depth_16,persistence_only,production,1/7/1/4026531840/4026531840;1/7/1/4026531840/4026531840;1/7/1/4026531840/4026531840;1/7/1/4026531840/4026531840;1/7/1/4026531840/4026531840;1/7/1/4026531840/4026531840;1/7/1/4026531840/4026531840;1/7/1/4026531840/4026531840;1/7/1/4026531840/4026531840;1/7/1/4026531840/4026531840;1/7/1/4026531840/4026531840;1/7/1/4026531840/4026531840;1/7/1/4026531840/4026531840;1/7/1/4026531840/4026531840;1/7/1/4026531840/4026531840;1/7/1/4026531840/4026531840,16,19,16,18,16,15,0,0,0,66,8,1907a32d9c1e5f4bf3cf2cddf38e982d0184f05a657b14f74bc77ca34ad2239d,6927f98f549ea5e7fe920e5617c002eeea3d6cb5666ccb0ef54e29675346d20c,f0b8320698a579278d5341443aed71109f2aa2a55bc44dff217a8071ffa891ce,true,true,true,true,true
348,5400000,7,pqlc1_depth_16,efficacy_and_persistence,reference,1/7/2/4026531840/4026531840;1/7/2/4026531840/4026531840;1/7/2/4026531840/4026531840;1/7/2/4026531840/4026531840;1/7/2/4026531840/4026531840;1/7/2/4026531840/4026531840;1/7/2/4026531840/4026531840;1/7/2/4026531840/4026531840;1/7/2/4026531840/4026531840;1/7/2/4026531840/4026531840;1/7/2/4026531840/4026531840;1/7/2/4026531840/4026531840;1/7/2/4026531840/4026531840;1/7/2/4026531840/4026531840;1/7/2/4026531840/4026531840;1/7/2/4026531840/4026531840,16,19,16,18,16,15,0,0,0,66,8,6bdde93fef2d6e6845e9c03f3395158f858d5f62649af0e198af8b0674567976,832bfa7b84b6abf49ccfe1da7b4e6fcd01d5e5bbcb238539a6b360227129c876,75fd8e936acc1b82238fd784375194c26b7d83b30c24e901d379fc89a6ec2949,true,true,true,true,true
348,5400000,7,pqlc1_depth_16,efficacy_and_persistence,production,1/7/2/4026531840/4026531840;1/7/2/4026531840/4026531840;1/7/2/4026531840/4026531840;1/7/2/4026531840/4026531840;1/7/2/4026531840/4026531840;1/7/2/4026531840/4026531840;1/7/2/4026531840/4026531840;1/7/2/4026531840/4026531840;1/7/2/4026531840/4026531840;1/7/2/4026531840/4026531840;1/7/2/4026531840/4026531840;1/7/2/4026531840/4026531840;1/7/2/4026531840/4026531840;1/7/2/4026531840/4026531840;1/7/2/4026531840/4026531840;1/7/2/4026531840/4026531840,16,19,16,18,16,15,0,0,0,66,8,6bdde93fef2d6e6845e9c03f3395158f858d5f62649af0e198af8b0674567976,832bfa7b84b6abf49ccfe1da7b4e6fcd01d5e5bbcb238539a6b360227129c876,258b023f65e4e442382f1d45c7e398a31bf7f995581f00422bc5d00d2d36a9c9,true,true,true,true,true
349,5400000,7,fd0_equal_persistence,persistence_only,reference,1/1/1/0/0;0/0/1/0/0,1|0,0,0,0,0,0,0,0,1,1,47,4f53cda18c2baa0c0354bb5f9a3ecbe5ed12ab4d8e11ba873c2f11161202b945,258ee61416009af49b401174a2a2cde4ffe2cb3a4a8bfb7b7e682b170116f4bd,e3d16831572f8f257620a24c0110eeca1efdb097e9bfb761bdc710702b3cdc9f,true,true,true,true,true
349,5400000,7,fd0_equal_persistence,persistence_only,production,1/1/1/0/0;0/0/1/0/0,1|0,0,0,0,0,0,0,0,1,1,47,4f53cda18c2baa0c0354bb5f9a3ecbe5ed12ab4d8e11ba873c2f11161202b945,258ee61416009af49b401174a2a2cde4ffe2cb3a4a8bfb7b7e682b170116f4bd,ea7bb1134a4cb62f41a1bb9b390393b3d30ead98064209bd6d6ac547e52e0f24,true,true,true,true,true
350,5400000,7,fd0_equal_persistence,efficacy_and_persistence,reference,1/1/2/0/0;0/0/2/0/0,1|0,0,0,0,0,0,0,0,1,1,47,4f53cda18c2baa0c0354bb5f9a3ecbe5ed12ab4d8e11ba873c2f11161202b945,82bc90bd5d56a30e0cb483e55fc3ceead204328c548900301dca38adafdd8143,dec14b250f7d9e0d7e967e6d03a43f531f64c4c12fee538fc1d7aeb9e3c5e642,true,true,true,true,true
350,5400000,7,fd0_equal_persistence,efficacy_and_persistence,production,1/1/2/0/0;0/0/2/0/0,1|0,0,0,0,0,0,0,0,1,1,47,4f53cda18c2baa0c0354bb5f9a3ecbe5ed12ab4d8e11ba873c2f11161202b945,82bc90bd5d56a30e0cb483e55fc3ceead204328c548900301dca38adafdd8143,7bf9e16fec6aef3159d9dd1d823b0d09e26c61dd21348fe8eec20b92ba8d8258,true,true,true,true,true
351,5400000,7,fd1_consolidation,persistence_only,reference,1/4/1/4026531840/4026531840;1/1/1/4026531840/0,4026531840|0,5,1,3,1,0,0,0,0,7,8,f7bb71c4f8b7e44c2083d644433eed2e6092205fcd35a2bc7d55ae4733d362d8,de8e53540d163984e0a2b7f143aa86dfed5fe4d03d693e80dca7e423fb059825,85a69558faed517b52d77df7dbf44ed1323187328b2219ef47732d1ab67132ed,true,true,true,true,true
351,5400000,7,fd1_consolidation,persistence_only,production,1/4/1/4026531840/4026531840;1/1/1/4026531840/0,4026531840|0,5,1,3,1,0,0,0,0,7,8,f7bb71c4f8b7e44c2083d644433eed2e6092205fcd35a2bc7d55ae4733d362d8,de8e53540d163984e0a2b7f143aa86dfed5fe4d03d693e80dca7e423fb059825,2a38f97449a9c3eb0e0f20cefec33a2d7c5d14bb5a7ca11bc954f43f0facbc82,true,true,true,true,true
352,5400000,7,fd1_consolidation,efficacy_and_persistence,reference,1/4/2/4026531840/4026531840;1/1/2/4026531840/0,4026531840|0,5,1,3,1,0,0,0,0,7,8,364091db1a36293de81009950b6f09a98e2eb3d2329e141eb1b394ee11691211,5437664d4c0b7d0466ecbabb4e11e6c0d59138772843990437b9ab6484605434,4bd5c773037d5c3e2b34a6bf5f813405b925e9e6cffcf83e2041568da38cc9ec,true,true,true,true,true
352,5400000,7,fd1_consolidation,efficacy_and_persistence,production,1/4/2/4026531840/4026531840;1/1/2/4026531840/0,4026531840|0,5,1,3,1,0,0,0,0,7,8,364091db1a36293de81009950b6f09a98e2eb3d2329e141eb1b394ee11691211,5437664d4c0b7d0466ecbabb4e11e6c0d59138772843990437b9ab6484605434,90e93b16a1fadef4bd9a484030d8a1c60029630b7f67027cc3b7b168673203f4,true,true,true,true,true
353,5400000,7,threshold_1_already_executable,persistence_only,reference,1/4/1/4294967296/0,1|1,3,0,2,0,0,1,0,0,3,7,edda873d4941546dfdc755074bfaa63e0f24cb84234be2b85c3a2cce64e27b81,8336f3238ab83739e94f535a85f329a29edd8818d72f825680c7997903ff6b54,4dff2e4abb297af9f7f1f1793fe727bd9e234040788ae89f29ed26b142d8a308,true,true,true,true,true
353,5400000,7,threshold_1_already_executable,persistence_only,production,1/4/1/4294967296/0,1|1,3,0,2,0,0,1,0,0,3,7,edda873d4941546dfdc755074bfaa63e0f24cb84234be2b85c3a2cce64e27b81,8336f3238ab83739e94f535a85f329a29edd8818d72f825680c7997903ff6b54,4dff2e4abb297af9f7f1f1793fe727bd9e234040788ae89f29ed26b142d8a308,true,true,true,true,true
354,5400000,7,threshold_1_already_executable,efficacy_and_persistence,reference,1/4/2/4294967296/0,1|1,3,0,2,0,0,1,0,0,3,7,7dc594d157044c0d302584bf0a6b1f02202a68e726672a0efc7aa306e31ad88b,ea186ff4ba857131e48fbc035ad962a9e7950b2de8384b60d16a42114290e51a,eb33f32fbd83df900d61240ad268a5bf836e98f621d58e949a8d8fa210657ce7,true,true,true,true,true
354,5400000,7,threshold_1_already_executable,efficacy_and_persistence,production,1/4/2/4294967296/0,1|1,3,0,2,0,0,1,0,0,3,7,7dc594d157044c0d302584bf0a6b1f02202a68e726672a0efc7aa306e31ad88b,ea186ff4ba857131e48fbc035ad962a9e7950b2de8384b60d16a42114290e51a,eb33f32fbd83df900d61240ad268a5bf836e98f621d58e949a8d8fa210657ce7,true,true,true,true,true
355,5400000,7,threshold_2_acquired_efficacy,persistence_only,reference,1/4/1/4294967296/0;1/1/1/4294967296/0,0|0|0,4,0,2,0,0,0,0,0,4,7,228047753e5c8ce56f40eb1957fc9cfd12b108f9e630837c13593e130db9bac8,eab891819a70a6905fc3fc564a80f5c351d876d173f2986bf74aab0c367a2bbd,80a271241d55d6de649cce91b526fb0b53577cfa12412966fa2614676d358709,true,true,true,true,true
355,5400000,7,threshold_2_acquired_efficacy,persistence_only,production,1/4/1/4294967296/0;1/1/1/4294967296/0,0|0|0,4,0,2,0,0,0,0,0,4,7,228047753e5c8ce56f40eb1957fc9cfd12b108f9e630837c13593e130db9bac8,eab891819a70a6905fc3fc564a80f5c351d876d173f2986bf74aab0c367a2bbd,80a271241d55d6de649cce91b526fb0b53577cfa12412966fa2614676d358709,true,true,true,true,true
356,5400000,7,threshold_2_acquired_efficacy,efficacy_and_persistence,reference,1/4/2/4294967296/0;1/1/1/4294967296/0,1|0|1,5,0,3,0,0,1,0,0,5,7,cab97f53d58ed8bef4eda6acebf8e4e29d52cfa740593c8c4f2a29e9ba32a52f,6b8b27cd7d4e22f81b853675a5916b7af59dd6fc598285a100f0f910099dfca6,1798b10267b8518c1c9cf2e345da83344ced456562b0947739f631ed9a1e68af,true,true,true,true,true
356,5400000,7,threshold_2_acquired_efficacy,efficacy_and_persistence,production,1/4/2/4294967296/0;1/1/1/4294967296/0,1|0|1,5,0,3,0,0,1,0,0,5,7,cab97f53d58ed8bef4eda6acebf8e4e29d52cfa740593c8c4f2a29e9ba32a52f,6b8b27cd7d4e22f81b853675a5916b7af59dd6fc598285a100f0f910099dfca6,1798b10267b8518c1c9cf2e345da83344ced456562b0947739f631ed9a1e68af,true,true,true,true,true
357,5400000,7,threshold_3_still_insufficient,persistence_only,reference,1/4/1/4294967296/0,0|0,2,0,1,0,0,0,0,0,2,7,4241c4dd76f32f9a3ddb1f5b3a048f0b13a5b401a4b451545e0d0020b540e7f1,377246b0377c1169f514a2cdcbcf890178846720a16ff0f34bdd32d52b50f6f4,bf3b580a27745bf7261134564154fb2cef5d39537ce6285c1efd3b4b8840de68,true,true,true,true,true
357,5400000,7,threshold_3_still_insufficient,persistence_only,production,1/4/1/4294967296/0,0|0,2,0,1,0,0,0,0,0,2,7,4241c4dd76f32f9a3ddb1f5b3a048f0b13a5b401a4b451545e0d0020b540e7f1,377246b0377c1169f514a2cdcbcf890178846720a16ff0f34bdd32d52b50f6f4,bf3b580a27745bf7261134564154fb2cef5d39537ce6285c1efd3b4b8840de68,true,true,true,true,true
358,5400000,7,threshold_3_still_insufficient,efficacy_and_persistence,reference,1/4/2/4294967296/0,0|0,2,0,1,0,0,0,0,0,2,7,0f0e4b8a30c14c1f6ade241ba2ff08b577acccabe45fbaf2a132487f88d5eba0,f87f4943d714c8973299868c1e7ef08c418eb1c323625a6e75d43264eac4946b,61eb5ee3f3d90f2e14c507da4ddb5649810fabd7e419af5dcb88ab772fc06ddb,true,true,true,true,true
358,5400000,7,threshold_3_still_insufficient,efficacy_and_persistence,production,1/4/2/4294967296/0,0|0,2,0,1,0,0,0,0,0,2,7,0f0e4b8a30c14c1f6ade241ba2ff08b577acccabe45fbaf2a132487f88d5eba0,f87f4943d714c8973299868c1e7ef08c418eb1c323625a6e75d43264eac4946b,61eb5ee3f3d90f2e14c507da4ddb5649810fabd7e419af5dcb88ab772fc06ddb,true,true,true,true,true
359,5400000,7,threshold_2_two_physical_inputs,persistence_only,reference,1/4/1/4294967296/0;1/4/1/4294967296/0,1|1,5,0,3,0,0,1,0,0,5,7,f4f35a2591af9c9fe76e71693b8c12d490898415e5055506f120a544b18aa45d,e864d2909bfb11ce88e33fb63a7fcee94137f951e673355b1e3c727b3a37cfe8,305bf00f7605bd82bdc3bf5ea0884433becabb99b88a0f838dd2b6f7fd2e2605,true,true,true,true,true
359,5400000,7,threshold_2_two_physical_inputs,persistence_only,production,1/4/1/4294967296/0;1/4/1/4294967296/0,1|1,5,0,3,0,0,1,0,0,5,7,f4f35a2591af9c9fe76e71693b8c12d490898415e5055506f120a544b18aa45d,e864d2909bfb11ce88e33fb63a7fcee94137f951e673355b1e3c727b3a37cfe8,305bf00f7605bd82bdc3bf5ea0884433becabb99b88a0f838dd2b6f7fd2e2605,true,true,true,true,true
360,5400000,7,threshold_2_two_physical_inputs,efficacy_and_persistence,reference,1/4/1/4294967296/0;1/4/1/4294967296/0,1|1,5,0,3,0,0,1,0,0,5,7,4b856aced94a35231de4d5b02680360ce2432230266cd8aa88be6938180814ae,84194220d7931a04551a9eb60c34ae5c6155d86afafc67f58ee3db660842b53b,a37d1970cbaaa4ae92849da4104ecbc910eb9001e0f8e6e883038a96645af5b4,true,true,true,true,true
360,5400000,7,threshold_2_two_physical_inputs,efficacy_and_persistence,production,1/4/1/4294967296/0;1/4/1/4294967296/0,1|1,5,0,3,0,0,1,0,0,5,7,4b856aced94a35231de4d5b02680360ce2432230266cd8aa88be6938180814ae,84194220d7931a04551a9eb60c34ae5c6155d86afafc67f58ee3db660842b53b,a37d1970cbaaa4ae92849da4104ecbc910eb9001e0f8e6e883038a96645af5b4,true,true,true,true,true
361,5400000,8,cpc0_contact_locality,persistence_only,reference,1/7/1/4026531840/4026531840;1/4/1/4026531840/0,4026531840|0,6,1,4,1,0,0,0,0,8,9,8a02f49716c9eb3cd32c5b77c96f556392417f3d2bd9b98475e2a72e4ec85cc5,88880bc7b868be0e4448a5b7c9d7f2dce25d2de8b1962c50f9cb42e0335b5f63,225c72d1cfb7c81899429d46f2ac831a350469e35ff2a278fa188717c3d77f77,true,true,true,true,true
361,5400000,8,cpc0_contact_locality,persistence_only,production,1/7/1/4026531840/4026531840;1/4/1/4026531840/0,4026531840|0,6,1,4,1,0,0,0,0,8,9,8a02f49716c9eb3cd32c5b77c96f556392417f3d2bd9b98475e2a72e4ec85cc5,88880bc7b868be0e4448a5b7c9d7f2dce25d2de8b1962c50f9cb42e0335b5f63,80eee4d70a034a17ce1b26fba29622cf550081f0fcf413c358bcf29a54949d08,true,true,true,true,true
362,5400000,8,cpc0_contact_locality,efficacy_and_persistence,reference,1/7/2/4026531840/4026531840;1/4/2/4026531840/0,4026531840|0,6,1,4,1,0,0,0,0,8,9,595c77bde4e74f7dd57e141ac6403b4b51fd3b7a1f5339859a54bd7a3b5f808e,fe1c59409d7bd88635f205541e5f643c06ef2b3038486265d00dff85380b053f,31279104f1efc1a0b38602689a4349d548a1d04a7c0b07b11358a7c1b410322e,true,true,true,true,true
362,5400000,8,cpc0_contact_locality,efficacy_and_persistence,production,1/7/2/4026531840/4026531840;1/4/2/4026531840/0,4026531840|0,6,1,4,1,0,0,0,0,8,9,595c77bde4e74f7dd57e141ac6403b4b51fd3b7a1f5339859a54bd7a3b5f808e,fe1c59409d7bd88635f205541e5f643c06ef2b3038486265d00dff85380b053f,ec0db8e6936b01d7eb0729f25b8dde539667403324cfe083180c82fa622fc2dc,true,true,true,true,true
363,5400000,8,cpc1_temporal_participation,persistence_only,reference,1/6/1/1979772000/4026531840;1/5/1/1979772000/1979772000;1/7/1/1979772000/3110400000;1/7/1/1979772000/3110400000;1/7/1/4542662625/7136931840,4026531840|1979772000|3110400000|3110400000|7136931840,19,5,12,5,0,0,0,0,29,20,74c4d3b568ed67c0af01356154d1ed40969b2e6e17c64eefbfbd4a3dd21c11f4,f8a2a8391871b1ba9928dc958108b500e3c56af6a20e6d0950e739209581db7d,02b9dae1bd960a2e74279eb5d99a540c7705ab2016fa3b69961a21f5e2f40982,true,true,true,true,true
363,5400000,8,cpc1_temporal_participation,persistence_only,production,1/6/1/1979772000/4026531840;1/5/1/1979772000/1979772000;1/7/1/1979772000/3110400000;1/7/1/1979772000/3110400000;1/7/1/4542662625/7136931840,4026531840|1979772000|3110400000|3110400000|7136931840,19,5,12,5,0,0,0,0,29,20,74c4d3b568ed67c0af01356154d1ed40969b2e6e17c64eefbfbd4a3dd21c11f4,f8a2a8391871b1ba9928dc958108b500e3c56af6a20e6d0950e739209581db7d,7da16a02654d241639eda07c1486c27070cc4a610cea2e1d78edc8013ff779c1,true,true,true,true,true
364,5400000,8,cpc1_temporal_participation,efficacy_and_persistence,reference,1/6/2/1979772000/4026531840;1/5/2/1979772000/1979772000;1/7/2/1979772000/3110400000;1/7/2/1979772000/3110400000;1/7/2/4542662625/7136931840,4026531840|1979772000|3110400000|3110400000|7136931840,19,5,12,5,0,0,0,0,29,20,20edbdd09e9315803b7079e52469cb10775114809a9a9cac8ce86a6203187d7d,3e33182c7da78f2c8ee7010ba1eb54ea95f1e326fb4255a707303cc740c69439,165f0d6cfff23d6605835ca47632418e6474ef2f75d4810d047d99aab9c529c1,true,true,true,true,true
364,5400000,8,cpc1_temporal_participation,efficacy_and_persistence,production,1/6/2/1979772000/4026531840;1/5/2/1979772000/1979772000;1/7/2/1979772000/3110400000;1/7/2/1979772000/3110400000;1/7/2/4542662625/7136931840,4026531840|1979772000|3110400000|3110400000|7136931840,19,5,12,5,0,0,0,0,29,20,20edbdd09e9315803b7079e52469cb10775114809a9a9cac8ce86a6203187d7d,3e33182c7da78f2c8ee7010ba1eb54ea95f1e326fb4255a707303cc740c69439,9a14f9cdb86b55cc3700a447698fdae86407d798da60616174564247ed123ec4,true,true,true,true,true
365,5400000,8,pqlc0_one_hop,persistence_only,reference,1/7/1/4026531840/4026531840,1|4026531840,5,2,4,2,1,0,0,0,10,9,158675983b5c43aeffd44099561f362195a6d10b938a188999392c64a694d7bf,e1b652fa0b8cef2cc7721aabface5d6145af9b941fec8e3d8648a8dda4a6cb97,6a479c0b1c70cbc71f9b8b2fe530d70ec1227b91ca279ca623aa32e9006c3101,true,true,true,true,true
365,5400000,8,pqlc0_one_hop,persistence_only,production,1/7/1/4026531840/4026531840,1|4026531840,5,2,4,2,1,0,0,0,10,9,158675983b5c43aeffd44099561f362195a6d10b938a188999392c64a694d7bf,e1b652fa0b8cef2cc7721aabface5d6145af9b941fec8e3d8648a8dda4a6cb97,abe37b4901db979509e357cfa81c3e830ec4054cbfee0ac65d9a51a780757844,true,true,true,true,true
366,5400000,8,pqlc0_one_hop,efficacy_and_persistence,reference,1/7/2/4026531840/4026531840,1|4026531840,5,2,4,2,1,0,0,0,10,9,5cb47543049ccef62b5a12c401488729ae7cc870432f36b9e21186e8165fb16a,6ff3f5b3e02323338183510ec456de61b298c3aa75811a0ada02f80dbe8f4340,c64a038e999bc53638edced3fd86ae380776f094b26e148e39f61181ad2ddf9a,true,true,true,true,true
366,5400000,8,pqlc0_one_hop,efficacy_and_persistence,production,1/7/2/4026531840/4026531840,1|4026531840,5,2,4,2,1,0,0,0,10,9,5cb47543049ccef62b5a12c401488729ae7cc870432f36b9e21186e8165fb16a,6ff3f5b3e02323338183510ec456de61b298c3aa75811a0ada02f80dbe8f4340,b2c6cad51ffde611f235b04108cf129b1c6debfc353a226b5a02b6f9d813f318,true,true,true,true,true
367,5400000,8,pqlc1_depth_16,persistence_only,reference,1/7/1/4026531840/4026531840;1/7/1/4026531840/4026531840;1/7/1/4026531840/4026531840;1/7/1/4026531840/4026531840;1/7/1/4026531840/4026531840;1/7/1/4026531840/4026531840;1/7/1/4026531840/4026531840;1/7/1/4026531840/4026531840;1/7/1/4026531840/4026531840;1/7/1/4026531840/4026531840;1/7/1/4026531840/4026531840;1/7/1/4026531840/4026531840;1/7/1/4026531840/4026531840;1/7/1/4026531840/4026531840;1/7/1/4026531840/4026531840;1/7/1/4026531840/4026531840,16,19,16,18,16,15,0,0,0,66,9,ed5352ecd91ade7f25dd16248b8d7e926159fd85e8e5938aed4bab3af20dcb02,6927f98f549ea5e7fe920e5617c002eeea3d6cb5666ccb0ef54e29675346d20c,10f53e91c743e951b1af18853d052b5213502fef6a924da524ebf6c09295c1dc,true,true,true,true,true
367,5400000,8,pqlc1_depth_16,persistence_only,production,1/7/1/4026531840/4026531840;1/7/1/4026531840/4026531840;1/7/1/4026531840/4026531840;1/7/1/4026531840/4026531840;1/7/1/4026531840/4026531840;1/7/1/4026531840/4026531840;1/7/1/4026531840/4026531840;1/7/1/4026531840/4026531840;1/7/1/4026531840/4026531840;1/7/1/4026531840/4026531840;1/7/1/4026531840/4026531840;1/7/1/4026531840/4026531840;1/7/1/4026531840/4026531840;1/7/1/4026531840/4026531840;1/7/1/4026531840/4026531840;1/7/1/4026531840/4026531840,16,19,16,18,16,15,0,0,0,66,9,ed5352ecd91ade7f25dd16248b8d7e926159fd85e8e5938aed4bab3af20dcb02,6927f98f549ea5e7fe920e5617c002eeea3d6cb5666ccb0ef54e29675346d20c,e5954798b86927db04090f18e47970424cfda0aaf816cced874cde3971f7cc07,true,true,true,true,true
368,5400000,8,pqlc1_depth_16,efficacy_and_persistence,reference,1/7/2/4026531840/4026531840;1/7/2/4026531840/4026531840;1/7/2/4026531840/4026531840;1/7/2/4026531840/4026531840;1/7/2/4026531840/4026531840;1/7/2/4026531840/4026531840;1/7/2/4026531840/4026531840;1/7/2/4026531840/4026531840;1/7/2/4026531840/4026531840;1/7/2/4026531840/4026531840;1/7/2/4026531840/4026531840;1/7/2/4026531840/4026531840;1/7/2/4026531840/4026531840;1/7/2/4026531840/4026531840;1/7/2/4026531840/4026531840;1/7/2/4026531840/4026531840,16,19,16,18,16,15,0,0,0,66,9,acb8f3acc9b5f72a7a790fe07cacf7fb95e0beab02564045d1fbee86ac7ee9c4,832bfa7b84b6abf49ccfe1da7b4e6fcd01d5e5bbcb238539a6b360227129c876,1abe404acdb6acdc8e9ea7ee91d39b6eaee7bcdcf559d3b2d9d1e8bca0f07892,true,true,true,true,true
368,5400000,8,pqlc1_depth_16,efficacy_and_persistence,production,1/7/2/4026531840/4026531840;1/7/2/4026531840/4026531840;1/7/2/4026531840/4026531840;1/7/2/4026531840/4026531840;1/7/2/4026531840/4026531840;1/7/2/4026531840/4026531840;1/7/2/4026531840/4026531840;1/7/2/4026531840/4026531840;1/7/2/4026531840/4026531840;1/7/2/4026531840/4026531840;1/7/2/4026531840/4026531840;1/7/2/4026531840/4026531840;1/7/2/4026531840/4026531840;1/7/2/4026531840/4026531840;1/7/2/4026531840/4026531840;1/7/2/4026531840/4026531840,16,19,16,18,16,15,0,0,0,66,9,acb8f3acc9b5f72a7a790fe07cacf7fb95e0beab02564045d1fbee86ac7ee9c4,832bfa7b84b6abf49ccfe1da7b4e6fcd01d5e5bbcb238539a6b360227129c876,83bd85772e03a97d7a4e9a0c7f33b52fb60efff77c950a42d49f253436a97ab5,true,true,true,true,true
369,5400000,8,fd0_equal_persistence,persistence_only,reference,1/1/1/0/0;0/0/1/0/0,1|0,0,0,0,0,0,0,0,1,1,48,4f53cda18c2baa0c0354bb5f9a3ecbe5ed12ab4d8e11ba873c2f11161202b945,258ee61416009af49b401174a2a2cde4ffe2cb3a4a8bfb7b7e682b170116f4bd,733fb94c9f064d5503887b63466d7d7b5c4e4243334ee38649483d8682971325,true,true,true,true,true
369,5400000,8,fd0_equal_persistence,persistence_only,production,1/1/1/0/0;0/0/1/0/0,1|0,0,0,0,0,0,0,0,1,1,48,4f53cda18c2baa0c0354bb5f9a3ecbe5ed12ab4d8e11ba873c2f11161202b945,258ee61416009af49b401174a2a2cde4ffe2cb3a4a8bfb7b7e682b170116f4bd,20d95fa13dfa2c7fd518985e71bc8c16950774f9d9f49210e30b7dc04dedcb37,true,true,true,true,true
370,5400000,8,fd0_equal_persistence,efficacy_and_persistence,reference,1/1/2/0/0;0/0/2/0/0,1|0,0,0,0,0,0,0,0,1,1,48,4f53cda18c2baa0c0354bb5f9a3ecbe5ed12ab4d8e11ba873c2f11161202b945,82bc90bd5d56a30e0cb483e55fc3ceead204328c548900301dca38adafdd8143,fd2f7e3d1dee6b7dd95560c0f69c1454fa9a089a5ba8a0ffb1fc91d5a24e9eea,true,true,true,true,true
370,5400000,8,fd0_equal_persistence,efficacy_and_persistence,production,1/1/2/0/0;0/0/2/0/0,1|0,0,0,0,0,0,0,0,1,1,48,4f53cda18c2baa0c0354bb5f9a3ecbe5ed12ab4d8e11ba873c2f11161202b945,82bc90bd5d56a30e0cb483e55fc3ceead204328c548900301dca38adafdd8143,5fc5c12d0d71a829909c245a55ca7d4a0afe7db828e8f7dea6b7538fe74f27db,true,true,true,true,true
371,5400000,8,fd1_consolidation,persistence_only,reference,1/4/1/4026531840/4026531840;1/1/1/4026531840/0,4026531840|0,5,1,3,1,0,0,0,0,7,9,bc616f9a0db3a71c8a8a887ef677b98ca6a69ab2dde0afb00e83a516af777f39,de8e53540d163984e0a2b7f143aa86dfed5fe4d03d693e80dca7e423fb059825,1bc2e2d623a5e7151365b52d26a0f414e7a36a19d3ca3daf10a03d3d91e15293,true,true,true,true,true
371,5400000,8,fd1_consolidation,persistence_only,production,1/4/1/4026531840/4026531840;1/1/1/4026531840/0,4026531840|0,5,1,3,1,0,0,0,0,7,9,bc616f9a0db3a71c8a8a887ef677b98ca6a69ab2dde0afb00e83a516af777f39,de8e53540d163984e0a2b7f143aa86dfed5fe4d03d693e80dca7e423fb059825,6c543bf1ed20724624d587dd2bc9b9fa5a0b77b753f244d5b6c250c44bf1404e,true,true,true,true,true
372,5400000,8,fd1_consolidation,efficacy_and_persistence,reference,1/4/2/4026531840/4026531840;1/1/2/4026531840/0,4026531840|0,5,1,3,1,0,0,0,0,7,9,cba58f4fb28e29345a74273ba9eb34fef02b8d5ceea3f1f698ebbc1a4e6efb84,5437664d4c0b7d0466ecbabb4e11e6c0d59138772843990437b9ab6484605434,a4c87fa9299c0da8670554d609e9e1789c3afd3b0963ec0e662df23bea729503,true,true,true,true,true
372,5400000,8,fd1_consolidation,efficacy_and_persistence,production,1/4/2/4026531840/4026531840;1/1/2/4026531840/0,4026531840|0,5,1,3,1,0,0,0,0,7,9,cba58f4fb28e29345a74273ba9eb34fef02b8d5ceea3f1f698ebbc1a4e6efb84,5437664d4c0b7d0466ecbabb4e11e6c0d59138772843990437b9ab6484605434,b4aee15576d66ff0315e02528a44c98aac322b95c67a2c06a2c359deb29646a3,true,true,true,true,true
373,5400000,8,threshold_1_already_executable,persistence_only,reference,1/4/1/4294967296/0,1|1,3,0,2,0,0,1,0,0,3,8,6e05b19bd820ed98db0fb2d15336afbd18fc54179568dad3dff9efb88d338a99,8336f3238ab83739e94f535a85f329a29edd8818d72f825680c7997903ff6b54,587ae399675b01e2e09a1d8668ae5b7bb92e2cd4002988a5a0b77f9b2f906162,true,true,true,true,true
373,5400000,8,threshold_1_already_executable,persistence_only,production,1/4/1/4294967296/0,1|1,3,0,2,0,0,1,0,0,3,8,6e05b19bd820ed98db0fb2d15336afbd18fc54179568dad3dff9efb88d338a99,8336f3238ab83739e94f535a85f329a29edd8818d72f825680c7997903ff6b54,587ae399675b01e2e09a1d8668ae5b7bb92e2cd4002988a5a0b77f9b2f906162,true,true,true,true,true
374,5400000,8,threshold_1_already_executable,efficacy_and_persistence,reference,1/4/2/4294967296/0,1|1,3,0,2,0,0,1,0,0,3,8,0f92002955a904f9227eee1f531bea4ac713a6422979c241d9466bfa7efa508d,ea186ff4ba857131e48fbc035ad962a9e7950b2de8384b60d16a42114290e51a,beed95334a4108638c0f6e7b435c8a19641380382467fc982ccf73de35f6a956,true,true,true,true,true
374,5400000,8,threshold_1_already_executable,efficacy_and_persistence,production,1/4/2/4294967296/0,1|1,3,0,2,0,0,1,0,0,3,8,0f92002955a904f9227eee1f531bea4ac713a6422979c241d9466bfa7efa508d,ea186ff4ba857131e48fbc035ad962a9e7950b2de8384b60d16a42114290e51a,beed95334a4108638c0f6e7b435c8a19641380382467fc982ccf73de35f6a956,true,true,true,true,true
375,5400000,8,threshold_2_acquired_efficacy,persistence_only,reference,1/4/1/4294967296/0;1/1/1/4294967296/0,0|0|0,4,0,2,0,0,0,0,0,4,8,cab9d57ab6e8c7381cd54959b1f081819b525f97111de71db4ae439fbdc764e1,eab891819a70a6905fc3fc564a80f5c351d876d173f2986bf74aab0c367a2bbd,52f33c6dfae61b8d2deb83acd1be77a8b0a44c56ac12d7f48d01126beef7d931,true,true,true,true,true
375,5400000,8,threshold_2_acquired_efficacy,persistence_only,production,1/4/1/4294967296/0;1/1/1/4294967296/0,0|0|0,4,0,2,0,0,0,0,0,4,8,cab9d57ab6e8c7381cd54959b1f081819b525f97111de71db4ae439fbdc764e1,eab891819a70a6905fc3fc564a80f5c351d876d173f2986bf74aab0c367a2bbd,52f33c6dfae61b8d2deb83acd1be77a8b0a44c56ac12d7f48d01126beef7d931,true,true,true,true,true
376,5400000,8,threshold_2_acquired_efficacy,efficacy_and_persistence,reference,1/4/2/4294967296/0;1/1/1/4294967296/0,1|0|1,5,0,3,0,0,1,0,0,5,8,44abf9648a736c50c2c97f2838c539d59eed007bd210bd4e8f2313a9fc5ff486,6b8b27cd7d4e22f81b853675a5916b7af59dd6fc598285a100f0f910099dfca6,1afdede03bdf8e9f8aceb7c8745e2840c40781a769c2f7fe9705b187b2783e1d,true,true,true,true,true
376,5400000,8,threshold_2_acquired_efficacy,efficacy_and_persistence,production,1/4/2/4294967296/0;1/1/1/4294967296/0,1|0|1,5,0,3,0,0,1,0,0,5,8,44abf9648a736c50c2c97f2838c539d59eed007bd210bd4e8f2313a9fc5ff486,6b8b27cd7d4e22f81b853675a5916b7af59dd6fc598285a100f0f910099dfca6,1afdede03bdf8e9f8aceb7c8745e2840c40781a769c2f7fe9705b187b2783e1d,true,true,true,true,true
377,5400000,8,threshold_3_still_insufficient,persistence_only,reference,1/4/1/4294967296/0,0|0,2,0,1,0,0,0,0,0,2,8,a3fb08245bfed6a3a5f7cd88ec7dbca7630ae06422cd15519f6fcbce7fa70820,377246b0377c1169f514a2cdcbcf890178846720a16ff0f34bdd32d52b50f6f4,2014998bfe1e606b803581e05659ed481092b085888303104a816b3a9d2787bb,true,true,true,true,true
377,5400000,8,threshold_3_still_insufficient,persistence_only,production,1/4/1/4294967296/0,0|0,2,0,1,0,0,0,0,0,2,8,a3fb08245bfed6a3a5f7cd88ec7dbca7630ae06422cd15519f6fcbce7fa70820,377246b0377c1169f514a2cdcbcf890178846720a16ff0f34bdd32d52b50f6f4,2014998bfe1e606b803581e05659ed481092b085888303104a816b3a9d2787bb,true,true,true,true,true
378,5400000,8,threshold_3_still_insufficient,efficacy_and_persistence,reference,1/4/2/4294967296/0,0|0,2,0,1,0,0,0,0,0,2,8,c6f887a37fdd9945b5727ed31713b199f509a23bce76e9875815286b7b5da3d8,f87f4943d714c8973299868c1e7ef08c418eb1c323625a6e75d43264eac4946b,623db51365141a62693230f583e8a2df3f62b1bc1a73ec7d9eb6750d5fda7eab,true,true,true,true,true
378,5400000,8,threshold_3_still_insufficient,efficacy_and_persistence,production,1/4/2/4294967296/0,0|0,2,0,1,0,0,0,0,0,2,8,c6f887a37fdd9945b5727ed31713b199f509a23bce76e9875815286b7b5da3d8,f87f4943d714c8973299868c1e7ef08c418eb1c323625a6e75d43264eac4946b,623db51365141a62693230f583e8a2df3f62b1bc1a73ec7d9eb6750d5fda7eab,true,true,true,true,true
379,5400000,8,threshold_2_two_physical_inputs,persistence_only,reference,1/4/1/4294967296/0;1/4/1/4294967296/0,1|1,5,0,3,0,0,1,0,0,5,8,16a646bc8e4deb0b8b2bdb453606735ceed2da6b762395835bec2f8bf2c8ce6d,e864d2909bfb11ce88e33fb63a7fcee94137f951e673355b1e3c727b3a37cfe8,f53fde5e88897445c8072f110bdcca7d80d8b5e014b57bf16136cf0ae303a295,true,true,true,true,true
379,5400000,8,threshold_2_two_physical_inputs,persistence_only,production,1/4/1/4294967296/0;1/4/1/4294967296/0,1|1,5,0,3,0,0,1,0,0,5,8,16a646bc8e4deb0b8b2bdb453606735ceed2da6b762395835bec2f8bf2c8ce6d,e864d2909bfb11ce88e33fb63a7fcee94137f951e673355b1e3c727b3a37cfe8,f53fde5e88897445c8072f110bdcca7d80d8b5e014b57bf16136cf0ae303a295,true,true,true,true,true
380,5400000,8,threshold_2_two_physical_inputs,efficacy_and_persistence,reference,1/4/1/4294967296/0;1/4/1/4294967296/0,1|1,5,0,3,0,0,1,0,0,5,8,db531f3e5a21d0da1f936ce3755aa19cd0382bb02435272c2e86a056d7bb73c1,84194220d7931a04551a9eb60c34ae5c6155d86afafc67f58ee3db660842b53b,baff7ede5e0fb1d24831203e35cc797883436e5615889f9c63694991d587a5ed,true,true,true,true,true
380,5400000,8,threshold_2_two_physical_inputs,efficacy_and_persistence,production,1/4/1/4294967296/0;1/4/1/4294967296/0,1|1,5,0,3,0,0,1,0,0,5,8,db531f3e5a21d0da1f936ce3755aa19cd0382bb02435272c2e86a056d7bb73c1,84194220d7931a04551a9eb60c34ae5c6155d86afafc67f58ee3db660842b53b,baff7ede5e0fb1d24831203e35cc797883436e5615889f9c63694991d587a5ed,true,true,true,true,true
381,5400000,9,cpc0_contact_locality,persistence_only,reference,1/7/1/4026531840/4026531840;1/4/1/4026531840/0,4026531840|0,6,1,4,1,0,0,0,0,8,10,43f01f1ea03d86121a316a9f124398a294ed6aedd1bcc404565e93f8183e0760,88880bc7b868be0e4448a5b7c9d7f2dce25d2de8b1962c50f9cb42e0335b5f63,209cf8906afceeb3ec84a7ae26583c60b1302e8aec9567634e39dacb4a22d670,true,true,true,true,true
381,5400000,9,cpc0_contact_locality,persistence_only,production,1/7/1/4026531840/4026531840;1/4/1/4026531840/0,4026531840|0,6,1,4,1,0,0,0,0,8,10,43f01f1ea03d86121a316a9f124398a294ed6aedd1bcc404565e93f8183e0760,88880bc7b868be0e4448a5b7c9d7f2dce25d2de8b1962c50f9cb42e0335b5f63,3e2b8f9adff4e93be200ea4ce616bd872c2539eb67d874705a85b4381785fbcf,true,true,true,true,true
382,5400000,9,cpc0_contact_locality,efficacy_and_persistence,reference,1/7/2/4026531840/4026531840;1/4/2/4026531840/0,4026531840|0,6,1,4,1,0,0,0,0,8,10,eb6a8273d0147a20bcdfade054260a18754df35a83f3d031a879132efa1c2576,fe1c59409d7bd88635f205541e5f643c06ef2b3038486265d00dff85380b053f,dbefbe64faf84b0394f8fca45057fe649edf162bc2a0b08d4b740f358e576f55,true,true,true,true,true
382,5400000,9,cpc0_contact_locality,efficacy_and_persistence,production,1/7/2/4026531840/4026531840;1/4/2/4026531840/0,4026531840|0,6,1,4,1,0,0,0,0,8,10,eb6a8273d0147a20bcdfade054260a18754df35a83f3d031a879132efa1c2576,fe1c59409d7bd88635f205541e5f643c06ef2b3038486265d00dff85380b053f,9e7f6d6404041ea0cde15a3bb198701398d2615e3f8286ebd54f3de3fdd1c409,true,true,true,true,true
383,5400000,9,cpc1_temporal_participation,persistence_only,reference,1/6/1/1979772000/4026531840;1/5/1/1979772000/1979772000;1/7/1/1979772000/3110400000;1/7/1/1979772000/3110400000;1/7/1/4542662625/7136931840,4026531840|1979772000|3110400000|3110400000|7136931840,19,5,12,5,0,0,0,0,29,21,69eadf594b38a2a7ae234d0bddc375cf39a4c274c098b1b9b534d1d7edc25251,f8a2a8391871b1ba9928dc958108b500e3c56af6a20e6d0950e739209581db7d,7c9aee2764b36518eb1ecafafed021024ddd2baf668114b5e61aa46b10a8c489,true,true,true,true,true
383,5400000,9,cpc1_temporal_participation,persistence_only,production,1/6/1/1979772000/4026531840;1/5/1/1979772000/1979772000;1/7/1/1979772000/3110400000;1/7/1/1979772000/3110400000;1/7/1/4542662625/7136931840,4026531840|1979772000|3110400000|3110400000|7136931840,19,5,12,5,0,0,0,0,29,21,69eadf594b38a2a7ae234d0bddc375cf39a4c274c098b1b9b534d1d7edc25251,f8a2a8391871b1ba9928dc958108b500e3c56af6a20e6d0950e739209581db7d,4c98716230ac01bb5ddc733c647943a8e04cb58863e9e4a36196f50f1599a3c1,true,true,true,true,true
384,5400000,9,cpc1_temporal_participation,efficacy_and_persistence,reference,1/6/2/1979772000/4026531840;1/5/2/1979772000/1979772000;1/7/2/1979772000/3110400000;1/7/2/1979772000/3110400000;1/7/2/4542662625/7136931840,4026531840|1979772000|3110400000|3110400000|7136931840,19,5,12,5,0,0,0,0,29,21,739c290f3c1574034ec9bbdedc2030acacf1a829b8eff7e2f5bdeb5b45509ad5,3e33182c7da78f2c8ee7010ba1eb54ea95f1e326fb4255a707303cc740c69439,3916a0a3b25cc00be6a2f42f5886e43aa409fded114535e63fb2f0b55b4ee2a9,true,true,true,true,true
384,5400000,9,cpc1_temporal_participation,efficacy_and_persistence,production,1/6/2/1979772000/4026531840;1/5/2/1979772000/1979772000;1/7/2/1979772000/3110400000;1/7/2/1979772000/3110400000;1/7/2/4542662625/7136931840,4026531840|1979772000|3110400000|3110400000|7136931840,19,5,12,5,0,0,0,0,29,21,739c290f3c1574034ec9bbdedc2030acacf1a829b8eff7e2f5bdeb5b45509ad5,3e33182c7da78f2c8ee7010ba1eb54ea95f1e326fb4255a707303cc740c69439,d88f6fff69bb6fad85da50d839d326c76b206b1e6ff65df5776aa340d3894b3d,true,true,true,true,true
385,5400000,9,pqlc0_one_hop,persistence_only,reference,1/7/1/4026531840/4026531840,1|4026531840,5,2,4,2,1,0,0,0,10,10,2f997b823f9a9869168ba9168f9483137d0e8c89fbd009921d1916bc0dffcb1d,e1b652fa0b8cef2cc7721aabface5d6145af9b941fec8e3d8648a8dda4a6cb97,86d346824e5560995e7280e507d9d473d25ba84b0316543df1e08ebb0b754bce,true,true,true,true,true
385,5400000,9,pqlc0_one_hop,persistence_only,production,1/7/1/4026531840/4026531840,1|4026531840,5,2,4,2,1,0,0,0,10,10,2f997b823f9a9869168ba9168f9483137d0e8c89fbd009921d1916bc0dffcb1d,e1b652fa0b8cef2cc7721aabface5d6145af9b941fec8e3d8648a8dda4a6cb97,1bc211d3b8077e7fbed3bb7b751d1e813f5d037c5eb3a485098057401916bd54,true,true,true,true,true
386,5400000,9,pqlc0_one_hop,efficacy_and_persistence,reference,1/7/2/4026531840/4026531840,1|4026531840,5,2,4,2,1,0,0,0,10,10,b14d39e54666aead250619377393cbdfd329081795439d1649207941fb0beb34,6ff3f5b3e02323338183510ec456de61b298c3aa75811a0ada02f80dbe8f4340,003c69b04471066c0b93b7d3a1d39c7dceb1e3858167ecd2c08e4f62ec6497c9,true,true,true,true,true
386,5400000,9,pqlc0_one_hop,efficacy_and_persistence,production,1/7/2/4026531840/4026531840,1|4026531840,5,2,4,2,1,0,0,0,10,10,b14d39e54666aead250619377393cbdfd329081795439d1649207941fb0beb34,6ff3f5b3e02323338183510ec456de61b298c3aa75811a0ada02f80dbe8f4340,9f8ddede4d349364f423c1b5fa2d96c53095cc54623fba6ad3d07afaebeb9a42,true,true,true,true,true
387,5400000,9,pqlc1_depth_16,persistence_only,reference,1/7/1/4026531840/4026531840;1/7/1/4026531840/4026531840;1/7/1/4026531840/4026531840;1/7/1/4026531840/4026531840;1/7/1/4026531840/4026531840;1/7/1/4026531840/4026531840;1/7/1/4026531840/4026531840;1/7/1/4026531840/4026531840;1/7/1/4026531840/4026531840;1/7/1/4026531840/4026531840;1/7/1/4026531840/4026531840;1/7/1/4026531840/4026531840;1/7/1/4026531840/4026531840;1/7/1/4026531840/4026531840;1/7/1/4026531840/4026531840;1/7/1/4026531840/4026531840,16,19,16,18,16,15,0,0,0,66,10,0180bfd8fe3bee06d269b0f61e9dcea18935c632f6da70e96447ffb7b5535658,6927f98f549ea5e7fe920e5617c002eeea3d6cb5666ccb0ef54e29675346d20c,0438149d17f8a3efd5b908e33531ae2e48c3e1f117ec35cec0312e6cddee60be,true,true,true,true,true
387,5400000,9,pqlc1_depth_16,persistence_only,production,1/7/1/4026531840/4026531840;1/7/1/4026531840/4026531840;1/7/1/4026531840/4026531840;1/7/1/4026531840/4026531840;1/7/1/4026531840/4026531840;1/7/1/4026531840/4026531840;1/7/1/4026531840/4026531840;1/7/1/4026531840/4026531840;1/7/1/4026531840/4026531840;1/7/1/4026531840/4026531840;1/7/1/4026531840/4026531840;1/7/1/4026531840/4026531840;1/7/1/4026531840/4026531840;1/7/1/4026531840/4026531840;1/7/1/4026531840/4026531840;1/7/1/4026531840/4026531840,16,19,16,18,16,15,0,0,0,66,10,0180bfd8fe3bee06d269b0f61e9dcea18935c632f6da70e96447ffb7b5535658,6927f98f549ea5e7fe920e5617c002eeea3d6cb5666ccb0ef54e29675346d20c,b632acd441733334b8f9bd6e23f5ec47a62b636e9e276029584a98670ca4b5e3,true,true,true,true,true
388,5400000,9,pqlc1_depth_16,efficacy_and_persistence,reference,1/7/2/4026531840/4026531840;1/7/2/4026531840/4026531840;1/7/2/4026531840/4026531840;1/7/2/4026531840/4026531840;1/7/2/4026531840/4026531840;1/7/2/4026531840/4026531840;1/7/2/4026531840/4026531840;1/7/2/4026531840/4026531840;1/7/2/4026531840/4026531840;1/7/2/4026531840/4026531840;1/7/2/4026531840/4026531840;1/7/2/4026531840/4026531840;1/7/2/4026531840/4026531840;1/7/2/4026531840/4026531840;1/7/2/4026531840/4026531840;1/7/2/4026531840/4026531840,16,19,16,18,16,15,0,0,0,66,10,d15b52e405a2752553fcbea7eb625a13fcf091fd8624816a9d22e7f98485a055,832bfa7b84b6abf49ccfe1da7b4e6fcd01d5e5bbcb238539a6b360227129c876,01115a10827b9dc82c0fff5ca8a0b7c1e3865b1b03d778edfe08877bf752e42a,true,true,true,true,true
388,5400000,9,pqlc1_depth_16,efficacy_and_persistence,production,1/7/2/4026531840/4026531840;1/7/2/4026531840/4026531840;1/7/2/4026531840/4026531840;1/7/2/4026531840/4026531840;1/7/2/4026531840/4026531840;1/7/2/4026531840/4026531840;1/7/2/4026531840/4026531840;1/7/2/4026531840/4026531840;1/7/2/4026531840/4026531840;1/7/2/4026531840/4026531840;1/7/2/4026531840/4026531840;1/7/2/4026531840/4026531840;1/7/2/4026531840/4026531840;1/7/2/4026531840/4026531840;1/7/2/4026531840/4026531840;1/7/2/4026531840/4026531840,16,19,16,18,16,15,0,0,0,66,10,d15b52e405a2752553fcbea7eb625a13fcf091fd8624816a9d22e7f98485a055,832bfa7b84b6abf49ccfe1da7b4e6fcd01d5e5bbcb238539a6b360227129c876,18ae1bfa631e083b17eb8de3ae4741c979e08984b1879a9ba38d9e1784b2b9c3,true,true,true,true,true
389,5400000,9,fd0_equal_persistence,persistence_only,reference,1/1/1/0/0;0/0/1/0/0,1|0,0,0,0,0,0,0,0,1,1,49,4f53cda18c2baa0c0354bb5f9a3ecbe5ed12ab4d8e11ba873c2f11161202b945,258ee61416009af49b401174a2a2cde4ffe2cb3a4a8bfb7b7e682b170116f4bd,e470bc5a96b2326a7636c33bd4cc4995596131fc9a79778e109a68c2d028ba14,true,true,true,true,true
389,5400000,9,fd0_equal_persistence,persistence_only,production,1/1/1/0/0;0/0/1/0/0,1|0,0,0,0,0,0,0,0,1,1,49,4f53cda18c2baa0c0354bb5f9a3ecbe5ed12ab4d8e11ba873c2f11161202b945,258ee61416009af49b401174a2a2cde4ffe2cb3a4a8bfb7b7e682b170116f4bd,ca8240d6f528365621d7127629c4aa9d305c286e83e17af0d78e9f80ce8cdb42,true,true,true,true,true
390,5400000,9,fd0_equal_persistence,efficacy_and_persistence,reference,1/1/2/0/0;0/0/2/0/0,1|0,0,0,0,0,0,0,0,1,1,49,4f53cda18c2baa0c0354bb5f9a3ecbe5ed12ab4d8e11ba873c2f11161202b945,82bc90bd5d56a30e0cb483e55fc3ceead204328c548900301dca38adafdd8143,9cbd74bede4a5fbf455dbb52b41d493d554dc905df4cf952b6dff28dc3f08f30,true,true,true,true,true
390,5400000,9,fd0_equal_persistence,efficacy_and_persistence,production,1/1/2/0/0;0/0/2/0/0,1|0,0,0,0,0,0,0,0,1,1,49,4f53cda18c2baa0c0354bb5f9a3ecbe5ed12ab4d8e11ba873c2f11161202b945,82bc90bd5d56a30e0cb483e55fc3ceead204328c548900301dca38adafdd8143,c16cadfa3173cd5a71dcae370f1d5a0e09e92bf8459648656ba480ce47a59c43,true,true,true,true,true
391,5400000,9,fd1_consolidation,persistence_only,reference,1/4/1/4026531840/4026531840;1/1/1/4026531840/0,4026531840|0,5,1,3,1,0,0,0,0,7,10,9184e4cc9bb03486cc1ce2b57e3fccb5c152dc3aa58867981de19cd596338d98,de8e53540d163984e0a2b7f143aa86dfed5fe4d03d693e80dca7e423fb059825,6dc36f70c2aace7476ac2fd6c5852def9e999036494508f2c54b8f156b408b84,true,true,true,true,true
391,5400000,9,fd1_consolidation,persistence_only,production,1/4/1/4026531840/4026531840;1/1/1/4026531840/0,4026531840|0,5,1,3,1,0,0,0,0,7,10,9184e4cc9bb03486cc1ce2b57e3fccb5c152dc3aa58867981de19cd596338d98,de8e53540d163984e0a2b7f143aa86dfed5fe4d03d693e80dca7e423fb059825,3ba174f619420e7af5864cfaeec02da285e7c87a2324774d9a033378785062de,true,true,true,true,true
392,5400000,9,fd1_consolidation,efficacy_and_persistence,reference,1/4/2/4026531840/4026531840;1/1/2/4026531840/0,4026531840|0,5,1,3,1,0,0,0,0,7,10,1584bf6d6f0f67bd7b41c62d891d9d6778c95b04a879c27c98f0d1d687d654bd,5437664d4c0b7d0466ecbabb4e11e6c0d59138772843990437b9ab6484605434,f611c000f3052a24003fc2efbbb4d937dd7de1c382e448c06e8e1a360c24c609,true,true,true,true,true
392,5400000,9,fd1_consolidation,efficacy_and_persistence,production,1/4/2/4026531840/4026531840;1/1/2/4026531840/0,4026531840|0,5,1,3,1,0,0,0,0,7,10,1584bf6d6f0f67bd7b41c62d891d9d6778c95b04a879c27c98f0d1d687d654bd,5437664d4c0b7d0466ecbabb4e11e6c0d59138772843990437b9ab6484605434,75cb86060dcb7eeae458256a766f651c3c36f457af5377efea57e3d36c687fa7,true,true,true,true,true
393,5400000,9,threshold_1_already_executable,persistence_only,reference,1/4/1/4294967296/0,1|1,3,0,2,0,0,1,0,0,3,9,1ea18f5f06335b1a51a1219a5cded3b3a0d335c611753e1a280560568f5ddd24,8336f3238ab83739e94f535a85f329a29edd8818d72f825680c7997903ff6b54,bf5664b41f13af56a27425d8695a7a58e409825080fdc0115402ee3d9b65afaf,true,true,true,true,true
393,5400000,9,threshold_1_already_executable,persistence_only,production,1/4/1/4294967296/0,1|1,3,0,2,0,0,1,0,0,3,9,1ea18f5f06335b1a51a1219a5cded3b3a0d335c611753e1a280560568f5ddd24,8336f3238ab83739e94f535a85f329a29edd8818d72f825680c7997903ff6b54,bf5664b41f13af56a27425d8695a7a58e409825080fdc0115402ee3d9b65afaf,true,true,true,true,true
394,5400000,9,threshold_1_already_executable,efficacy_and_persistence,reference,1/4/2/4294967296/0,1|1,3,0,2,0,0,1,0,0,3,9,e8ee7b38d1807bffa1954ec70f64089cce250d27e65ce4f5d9ab1ea60cd48ee1,ea186ff4ba857131e48fbc035ad962a9e7950b2de8384b60d16a42114290e51a,1bd382ab45f0b4c5ae4c73d5ab271194f3f7f47a94bdc531e4f18b3ca4adf6ec,true,true,true,true,true
394,5400000,9,threshold_1_already_executable,efficacy_and_persistence,production,1/4/2/4294967296/0,1|1,3,0,2,0,0,1,0,0,3,9,e8ee7b38d1807bffa1954ec70f64089cce250d27e65ce4f5d9ab1ea60cd48ee1,ea186ff4ba857131e48fbc035ad962a9e7950b2de8384b60d16a42114290e51a,1bd382ab45f0b4c5ae4c73d5ab271194f3f7f47a94bdc531e4f18b3ca4adf6ec,true,true,true,true,true
395,5400000,9,threshold_2_acquired_efficacy,persistence_only,reference,1/4/1/4294967296/0;1/1/1/4294967296/0,0|0|0,4,0,2,0,0,0,0,0,4,9,ce7cf243d175823463512d604f96e537ff97e56d2322c660dcf5c957ff2990be,eab891819a70a6905fc3fc564a80f5c351d876d173f2986bf74aab0c367a2bbd,0f8326e1fb21d3aa3a073cdf5ffbf31fefc615bdf3d9cccd65bbe99641b3864e,true,true,true,true,true
395,5400000,9,threshold_2_acquired_efficacy,persistence_only,production,1/4/1/4294967296/0;1/1/1/4294967296/0,0|0|0,4,0,2,0,0,0,0,0,4,9,ce7cf243d175823463512d604f96e537ff97e56d2322c660dcf5c957ff2990be,eab891819a70a6905fc3fc564a80f5c351d876d173f2986bf74aab0c367a2bbd,0f8326e1fb21d3aa3a073cdf5ffbf31fefc615bdf3d9cccd65bbe99641b3864e,true,true,true,true,true
396,5400000,9,threshold_2_acquired_efficacy,efficacy_and_persistence,reference,1/4/2/4294967296/0;1/1/1/4294967296/0,1|0|1,5,0,3,0,0,1,0,0,5,9,a69fb0039dfa2b16910aa396bd52eb6c603087acbbcace571fdd9bb74e87ecaf,6b8b27cd7d4e22f81b853675a5916b7af59dd6fc598285a100f0f910099dfca6,3b0ef74f2b14d1b9a86423a82f7db9d8475e42ccf21e3fbc4c6d959fa6646dfd,true,true,true,true,true
396,5400000,9,threshold_2_acquired_efficacy,efficacy_and_persistence,production,1/4/2/4294967296/0;1/1/1/4294967296/0,1|0|1,5,0,3,0,0,1,0,0,5,9,a69fb0039dfa2b16910aa396bd52eb6c603087acbbcace571fdd9bb74e87ecaf,6b8b27cd7d4e22f81b853675a5916b7af59dd6fc598285a100f0f910099dfca6,3b0ef74f2b14d1b9a86423a82f7db9d8475e42ccf21e3fbc4c6d959fa6646dfd,true,true,true,true,true
397,5400000,9,threshold_3_still_insufficient,persistence_only,reference,1/4/1/4294967296/0,0|0,2,0,1,0,0,0,0,0,2,9,f3db3ca8a7cda6b4a658669b835bbc5a1b32151116252550c8485868bc38b3ab,377246b0377c1169f514a2cdcbcf890178846720a16ff0f34bdd32d52b50f6f4,b5cd29efab2f48a52cd1e74685cc3bf57abc7390b0a3d62a86b3aa4fcc26305e,true,true,true,true,true
397,5400000,9,threshold_3_still_insufficient,persistence_only,production,1/4/1/4294967296/0,0|0,2,0,1,0,0,0,0,0,2,9,f3db3ca8a7cda6b4a658669b835bbc5a1b32151116252550c8485868bc38b3ab,377246b0377c1169f514a2cdcbcf890178846720a16ff0f34bdd32d52b50f6f4,b5cd29efab2f48a52cd1e74685cc3bf57abc7390b0a3d62a86b3aa4fcc26305e,true,true,true,true,true
398,5400000,9,threshold_3_still_insufficient,efficacy_and_persistence,reference,1/4/2/4294967296/0,0|0,2,0,1,0,0,0,0,0,2,9,f56aa1400492d227b8c0cf6add4278354e23aff63a499fda12e35b491852ec94,f87f4943d714c8973299868c1e7ef08c418eb1c323625a6e75d43264eac4946b,13a06b98b9d99a3e425266f8a15a88f58d494d30ec097eb711e760c3880a633c,true,true,true,true,true
398,5400000,9,threshold_3_still_insufficient,efficacy_and_persistence,production,1/4/2/4294967296/0,0|0,2,0,1,0,0,0,0,0,2,9,f56aa1400492d227b8c0cf6add4278354e23aff63a499fda12e35b491852ec94,f87f4943d714c8973299868c1e7ef08c418eb1c323625a6e75d43264eac4946b,13a06b98b9d99a3e425266f8a15a88f58d494d30ec097eb711e760c3880a633c,true,true,true,true,true
399,5400000,9,threshold_2_two_physical_inputs,persistence_only,reference,1/4/1/4294967296/0;1/4/1/4294967296/0,1|1,5,0,3,0,0,1,0,0,5,9,44b2ddd15a757f6d80b3c7abb2ebfe11fbe4cab74742cea1c710be08d64df5cc,e864d2909bfb11ce88e33fb63a7fcee94137f951e673355b1e3c727b3a37cfe8,128a98ddd53d2e4dedeca7f6616c88d272901218ff5af07b5961c5425b1efb94,true,true,true,true,true
399,5400000,9,threshold_2_two_physical_inputs,persistence_only,production,1/4/1/4294967296/0;1/4/1/4294967296/0,1|1,5,0,3,0,0,1,0,0,5,9,44b2ddd15a757f6d80b3c7abb2ebfe11fbe4cab74742cea1c710be08d64df5cc,e864d2909bfb11ce88e33fb63a7fcee94137f951e673355b1e3c727b3a37cfe8,128a98ddd53d2e4dedeca7f6616c88d272901218ff5af07b5961c5425b1efb94,true,true,true,true,true
400,5400000,9,threshold_2_two_physical_inputs,efficacy_and_persistence,reference,1/4/1/4294967296/0;1/4/1/4294967296/0,1|1,5,0,3,0,0,1,0,0,5,9,8b407b76bfe467f3a9e96658e3374472634b3781174819a8138c3c1da3fff0b1,84194220d7931a04551a9eb60c34ae5c6155d86afafc67f58ee3db660842b53b,3517bd88739f844336dd604101572a72a6df323198f3a9c9b21673e7a300da7f,true,true,true,true,true
400,5400000,9,threshold_2_two_physical_inputs,efficacy_and_persistence,production,1/4/1/4294967296/0;1/4/1/4294967296/0,1|1,5,0,3,0,0,1,0,0,5,9,8b407b76bfe467f3a9e96658e3374472634b3781174819a8138c3c1da3fff0b1,84194220d7931a04551a9eb60c34ae5c6155d86afafc67f58ee3db660842b53b,3517bd88739f844336dd604101572a72a6df323198f3a9c9b21673e7a300da7f,true,true,true,true,true
