case_id,sections,profile,topology,phase,excitation_q32,excitation,inhibition_q32,inhibition,threshold,delay_ab,delay_ba,class,excite_a_fires,excite_b_fires,inhibitor_a_fires,inhibitor_b_fires,positive_incidences,relay_incidences,negative_incidences,first_firings,continuation_firings,period_firings,period_ticks,scheduled_deliveries,continuation_deliveries,physical_work,final_tick,pending,naturally_quiescent,first_ceiling,continuation_ceiling,initial_couplings,final_couplings,initial_resistances,final_resistances,trace_hash,continuation_trace_hash,body_hash,replay_exact,mechanics_exact,integrity_pass
1,threshold_section,rs1_style,cycle,core0_phase,4294967296,1,0,0,1,1,1,periodic,48,48,48,48,191,96,0,86,10,2,2,256,32,288,95,1,false,true,true,4294967296|4294967296|4294967296|0|4294967296|0,4294967296|4294967296|4294967296|0|4294967296|0,4294967296000000|4294967296000000|4294967296000000|4294967296000000|4294967296000000|4294967296000000,4294928641294336|4294928641294336|4294928641294336|4294928641294336|4294928641294336|4294928641294336,134a1e4473359557a1b853cd220a0a969f29600cd5e2d4481746014f81328b43,faf5e8cb239829b1fb8964d3d100265d9f85ea3f3b23faeac47d05699fd5449f,8deddba12776e667ed0ea13f3a3ea1d8ff5dd4ede3de5b2d7a7af39fa0e33fb8,true,true,true
1,threshold_section,core_b,cycle,core0_phase,4294967296,1,0,0,1,1,1,periodic,48,48,48,48,191,96,0,86,10,2,2,256,32,288,95,1,false,true,true,4294967296|4294967296|4294967296|0|4294967296|0,4294967296|4294967296|4294967296|0|4294967296|0,4294967296000000|4294967296000000|4294967296000000|4294967296000000|4294967296000000|4294967296000000,4294926493810688|4294926493810688|4294926493810688|4294926493810688|4294926493810688|4294926493810688,134a1e4473359557a1b853cd220a0a969f29600cd5e2d4481746014f81328b43,faf5e8cb239829b1fb8964d3d100265d9f85ea3f3b23faeac47d05699fd5449f,8deddba12776e667ed0ea13f3a3ea1d8ff5dd4ede3de5b2d7a7af39fa0e33fb8,true,true,true
2,efficacy_plane,rs1_style,cycle,core0_phase,4294967296,1,0,0,2,1,1,quiescent,1,0,1,0,2,1,0,1,0,0,0,4,0,4,1,0,true,false,false,4294967296|4294967296|4294967296|0|4294967296|0,4294967296|4294967296|4294967296|0|4294967296|0,4294967296000000|4294967296000000|4294967296000000|4294967296000000|4294967296000000|4294967296000000,4294967296000000|4294967296000000|4294967296000000|4294967296000000|4294967296000000|4294967296000000,536eec6258183e4a2187de30c4164b58da2891f88983f48d68aecde97fa1652f,4f53cda18c2baa0c0354bb5f9a3ecbe5ed12ab4d8e11ba873c2f11161202b945,c4447e0bff8d186313d698e28707a568ea933664976104b5da981052348be869,true,true,true
2,efficacy_plane,core_b,cycle,core0_phase,4294967296,1,0,0,2,1,1,quiescent,1,0,1,0,2,1,0,1,0,0,0,4,0,4,1,0,true,false,false,4294967296|4294967296|4294967296|0|4294967296|0,4294967296|4294967296|4294967296|0|4294967296|0,4294967296000000|4294967296000000|4294967296000000|4294967296000000|4294967296000000|4294967296000000,4294966866503271|4294966866503271|4294966866503271|4294966866503271|4294966866503271|4294966866503271,536eec6258183e4a2187de30c4164b58da2891f88983f48d68aecde97fa1652f,4f53cda18c2baa0c0354bb5f9a3ecbe5ed12ab4d8e11ba873c2f11161202b945,c4447e0bff8d186313d698e28707a568ea933664976104b5da981052348be869,true,true,true
3,threshold_section,rs1_style,cycle,core0_phase,4294967296,1,4294967296,1,1,1,1,periodic,48,48,48,48,95,96,96,86,10,2,2,256,32,288,95,1,false,true,true,4294967296|4294967296|4294967296|-4294967296|4294967296|-4294967296,4294967296|4294967296|4294967296|-4294967296|4294967296|-4294967296,4294967296000000|4294967296000000|4294967296000000|4294967296000000|4294967296000000|4294967296000000,4294928641294336|4294928641294336|4294928641294336|4294928641294336|4294928641294336|4294928641294336,b4c5722d6d42c4a950a6fd28a2a38ea39b3b9a164b0694a2902aa003e4c178fa,52295f3282e691a0934d6bc8c57b0f1ff789b86c0d7cba1b5431ee7de20d52f9,d9e1a0f634573107100a7b6c24817893926df794f2cb107789cb7b6c38852e97,true,true,true
3,threshold_section,core_b,cycle,core0_phase,4294967296,1,4294967296,1,1,1,1,periodic,48,48,48,48,95,96,96,86,10,2,2,256,32,288,95,1,false,true,true,4294967296|4294967296|4294967296|-4294967296|4294967296|-4294967296,4294967296|4294967296|4294967296|-4294967296|4294967296|-4294967296,4294967296000000|4294967296000000|4294967296000000|4294967296000000|4294967296000000|4294967296000000,4294926493810688|4294926493810688|4294926493810688|4294926493810688|4294926493810688|4294926493810688,b4c5722d6d42c4a950a6fd28a2a38ea39b3b9a164b0694a2902aa003e4c178fa,52295f3282e691a0934d6bc8c57b0f1ff789b86c0d7cba1b5431ee7de20d52f9,d9e1a0f634573107100a7b6c24817893926df794f2cb107789cb7b6c38852e97,true,true,true
4,efficacy_plane,rs1_style,cycle,core0_phase,4294967296,1,4294967296,1,2,1,1,quiescent,1,0,1,0,1,1,1,1,0,0,0,4,0,4,1,0,true,false,false,4294967296|4294967296|4294967296|-4294967296|4294967296|-4294967296,4294967296|4294967296|4294967296|-4294967296|4294967296|-4294967296,4294967296000000|4294967296000000|4294967296000000|4294967296000000|4294967296000000|4294967296000000,4294967296000000|4294967296000000|4294967296000000|4294967296000000|4294967296000000|4294967296000000,6eec55304667c4a0d57109410c241fb27817bb7c31fd4dd798b97b6f28e3cc96,4f53cda18c2baa0c0354bb5f9a3ecbe5ed12ab4d8e11ba873c2f11161202b945,edf9e7677476230dd189d7f014066bf0b87d18541194a389c6e053652fc36fca,true,true,true
4,efficacy_plane,core_b,cycle,core0_phase,4294967296,1,4294967296,1,2,1,1,quiescent,1,0,1,0,1,1,1,1,0,0,0,4,0,4,1,0,true,false,false,4294967296|4294967296|4294967296|-4294967296|4294967296|-4294967296,4294967296|4294967296|4294967296|-4294967296|4294967296|-4294967296,4294967296000000|4294967296000000|4294967296000000|4294967296000000|4294967296000000|4294967296000000,4294966866503271|4294966866503271|4294966866503271|4294966866503271|4294966866503271|4294966866503271,6eec55304667c4a0d57109410c241fb27817bb7c31fd4dd798b97b6f28e3cc96,4f53cda18c2baa0c0354bb5f9a3ecbe5ed12ab4d8e11ba873c2f11161202b945,edf9e7677476230dd189d7f014066bf0b87d18541194a389c6e053652fc36fca,true,true,true
5,threshold_section,core_b,cycle,core0_phase,4294967296,1,6442450944,1.5,1,1,1,periodic,48,48,48,48,95,96,96,86,10,2,2,256,32,288,95,1,false,true,true,4294967296|4294967296|4294967296|-6442450944|4294967296|-6442450944,4294967296|4294967296|4294967296|-6442450944|4294967296|-6442450944,4294967296000000|4294967296000000|4294967296000000|4294967296000000|4294967296000000|4294967296000000,4294926493810688|4294926493810688|4294926493810688|4294926493810688|4294926493810688|4294926493810688,cd49dd094aa401c7d758bb9b1d33e62847b1b528d7cace12a3208984693eb6a1,dd58239994ee72de6bdefde3a7f175df18518d887603dcd5bdb6274eb6b8dd9e,6ffef8a7072761799b2867adc127476c3cd7169f9a275d4a560b753d07fdcb36,true,true,true
6,efficacy_plane,core_b,cycle,core0_phase,4294967296,1,6442450944,1.5,2,1,1,quiescent,1,0,1,0,1,1,1,1,0,0,0,4,0,4,1,0,true,false,false,4294967296|4294967296|4294967296|-6442450944|4294967296|-6442450944,4294967296|4294967296|4294967296|-6442450944|4294967296|-6442450944,4294967296000000|4294967296000000|4294967296000000|4294967296000000|4294967296000000|4294967296000000,4294966866503271|4294966866503271|4294966866503271|4294966866503271|4294966866503271|4294966866503271,0af7eec118253e40c3f346079f5fab21e479e41f5b7c169ccc0109cd1c7e8832,4f53cda18c2baa0c0354bb5f9a3ecbe5ed12ab4d8e11ba873c2f11161202b945,2c80806ad80ab0d7eec54080bbd40dfc17f29273e26daa259813331035a293eb,true,true,true
7,threshold_section,rs1_style,cycle,core0_phase,4294967296,1,8589934592,2,1,1,1,periodic,48,48,48,48,95,96,96,86,10,2,2,256,32,288,95,1,false,true,true,4294967296|4294967296|4294967296|-8589934592|4294967296|-8589934592,4294967296|4294967296|4294967296|-8589934592|4294967296|-8589934592,4294967296000000|4294967296000000|4294967296000000|4294967296000000|4294967296000000|4294967296000000,4294928641294336|4294928641294336|4294928641294336|4294928641294336|4294928641294336|4294928641294336,fe58fe82b59391301c56d56d1d018d118fe760aec9e1383e294fd182d008084e,1862aff20cd665ff3bdff24d62d70ce8c5003a2bf911677868c1464ff9453b62,39afc8d25536d4dc19c45a42d6b0d95ab8f11611877259b0b69881c77ff308ab,true,true,true
7,threshold_section,core_b,cycle,core0_phase,4294967296,1,8589934592,2,1,1,1,periodic,48,48,48,48,95,96,96,86,10,2,2,256,32,288,95,1,false,true,true,4294967296|4294967296|4294967296|-8589934592|4294967296|-8589934592,4294967296|4294967296|4294967296|-8589934592|4294967296|-8589934592,4294967296000000|4294967296000000|4294967296000000|4294967296000000|4294967296000000|4294967296000000,4294926493810688|4294926493810688|4294926493810688|4294926493810688|4294926493810688|4294926493810688,fe58fe82b59391301c56d56d1d018d118fe760aec9e1383e294fd182d008084e,1862aff20cd665ff3bdff24d62d70ce8c5003a2bf911677868c1464ff9453b62,39afc8d25536d4dc19c45a42d6b0d95ab8f11611877259b0b69881c77ff308ab,true,true,true
8,efficacy_plane,rs1_style,cycle,core0_phase,4294967296,1,8589934592,2,2,1,1,quiescent,1,0,1,0,1,1,1,1,0,0,0,4,0,4,1,0,true,false,false,4294967296|4294967296|4294967296|-8589934592|4294967296|-8589934592,4294967296|4294967296|4294967296|-8589934592|4294967296|-8589934592,4294967296000000|4294967296000000|4294967296000000|4294967296000000|4294967296000000|4294967296000000,4294967296000000|4294967296000000|4294967296000000|4294967296000000|4294967296000000|4294967296000000,6a849c3ab0419180967c7bf8076d827ab6b38078826f6caabe1337a82312692d,4f53cda18c2baa0c0354bb5f9a3ecbe5ed12ab4d8e11ba873c2f11161202b945,06c8f41e1233d8ff1c0c4a8edba2cf54da5a0e75aa70214ff6b1e0d4f5c94b77,true,true,true
8,efficacy_plane,core_b,cycle,core0_phase,4294967296,1,8589934592,2,2,1,1,quiescent,1,0,1,0,1,1,1,1,0,0,0,4,0,4,1,0,true,false,false,4294967296|4294967296|4294967296|-8589934592|4294967296|-8589934592,4294967296|4294967296|4294967296|-8589934592|4294967296|-8589934592,4294967296000000|4294967296000000|4294967296000000|4294967296000000|4294967296000000|4294967296000000,4294966866503271|4294966866503271|4294966866503271|4294966866503271|4294966866503271|4294966866503271,6a849c3ab0419180967c7bf8076d827ab6b38078826f6caabe1337a82312692d,4f53cda18c2baa0c0354bb5f9a3ecbe5ed12ab4d8e11ba873c2f11161202b945,06c8f41e1233d8ff1c0c4a8edba2cf54da5a0e75aa70214ff6b1e0d4f5c94b77,true,true,true
9,threshold_section,core_b,cycle,core0_phase,4294967296,1,10737418240,2.5,1,1,1,quiescent,1,1,1,1,2,2,2,2,0,0,0,7,0,7,2,0,true,false,false,4294967296|4294967296|4294967296|-10737418240|4294967296|-10737418240,4294967296|4294967296|4294967296|-10737418240|4294967296|-10737418240,4294967296000000|4294967296000000|4294967296000000|4294967296000000|4294967296000000|4294967296000000,4294966437006541|4294966437006541|4294966437006541|4294966437006541|4294966437006541|4294966437006541,bfcd98eebcd24c62a0bc20f18c9ca94a51d9bf872f1deaa4ddaa4293254c8cbd,4f53cda18c2baa0c0354bb5f9a3ecbe5ed12ab4d8e11ba873c2f11161202b945,13233eac825882ba5b82573091d000c994e2ad6e8a2b94be199df41f41840911,true,true,true
10,efficacy_plane,core_b,cycle,core0_phase,4294967296,1,10737418240,2.5,2,1,1,quiescent,1,0,1,0,1,1,1,1,0,0,0,4,0,4,1,0,true,false,false,4294967296|4294967296|4294967296|-10737418240|4294967296|-10737418240,4294967296|4294967296|4294967296|-10737418240|4294967296|-10737418240,4294967296000000|4294967296000000|4294967296000000|4294967296000000|4294967296000000|4294967296000000,4294966866503271|4294966866503271|4294966866503271|4294966866503271|4294966866503271|4294966866503271,3c0208ed3d0402606dc82ff89ec06ae47d17179edaf449e083746fe5db3ebe77,4f53cda18c2baa0c0354bb5f9a3ecbe5ed12ab4d8e11ba873c2f11161202b945,cec557d638227a76043e4a3d9e7105db98e9910998d4564d37815cd8b6543cd9,true,true,true
11,threshold_section,rs1_style,cycle,core0_phase,4294967296,1,12884901888,3,1,1,1,quiescent,1,1,1,1,2,2,2,2,0,0,0,7,0,7,2,0,true,false,false,4294967296|4294967296|4294967296|-12884901888|4294967296|-12884901888,4294967296|4294967296|4294967296|-12884901888|4294967296|-12884901888,4294967296000000|4294967296000000|4294967296000000|4294967296000000|4294967296000000|4294967296000000,4294967296000000|4294967296000000|4294967296000000|4294967296000000|4294967296000000|4294967296000000,36796cf56101aabe596108376109e26b76f337c91212cda8a03186702fbfdb8c,4f53cda18c2baa0c0354bb5f9a3ecbe5ed12ab4d8e11ba873c2f11161202b945,86cbb8b4353d2d961f564b40430e0c1cc5a8ab0689515435f4a94e7314bb9dab,true,true,true
11,threshold_section,core_b,cycle,core0_phase,4294967296,1,12884901888,3,1,1,1,quiescent,1,1,1,1,2,2,2,2,0,0,0,7,0,7,2,0,true,false,false,4294967296|4294967296|4294967296|-12884901888|4294967296|-12884901888,4294967296|4294967296|4294967296|-12884901888|4294967296|-12884901888,4294967296000000|4294967296000000|4294967296000000|4294967296000000|4294967296000000|4294967296000000,4294966437006541|4294966437006541|4294966437006541|4294966437006541|4294966437006541|4294966437006541,36796cf56101aabe596108376109e26b76f337c91212cda8a03186702fbfdb8c,4f53cda18c2baa0c0354bb5f9a3ecbe5ed12ab4d8e11ba873c2f11161202b945,86cbb8b4353d2d961f564b40430e0c1cc5a8ab0689515435f4a94e7314bb9dab,true,true,true
12,efficacy_plane,rs1_style,cycle,core0_phase,4294967296,1,12884901888,3,2,1,1,quiescent,1,0,1,0,1,1,1,1,0,0,0,4,0,4,1,0,true,false,false,4294967296|4294967296|4294967296|-12884901888|4294967296|-12884901888,4294967296|4294967296|4294967296|-12884901888|4294967296|-12884901888,4294967296000000|4294967296000000|4294967296000000|4294967296000000|4294967296000000|4294967296000000,4294967296000000|4294967296000000|4294967296000000|4294967296000000|4294967296000000|4294967296000000,2a849f66a623dde5050f30f9d6f256f79686211df40ef0472ae1560c86c15f5f,4f53cda18c2baa0c0354bb5f9a3ecbe5ed12ab4d8e11ba873c2f11161202b945,d8d6ba44aafb8bf67480fc36125fc5448628a9228f00986c7611981721657436,true,true,true
12,efficacy_plane,core_b,cycle,core0_phase,4294967296,1,12884901888,3,2,1,1,quiescent,1,0,1,0,1,1,1,1,0,0,0,4,0,4,1,0,true,false,false,4294967296|4294967296|4294967296|-12884901888|4294967296|-12884901888,4294967296|4294967296|4294967296|-12884901888|4294967296|-12884901888,4294967296000000|4294967296000000|4294967296000000|4294967296000000|4294967296000000|4294967296000000,4294966866503271|4294966866503271|4294966866503271|4294966866503271|4294966866503271|4294966866503271,2a849f66a623dde5050f30f9d6f256f79686211df40ef0472ae1560c86c15f5f,4f53cda18c2baa0c0354bb5f9a3ecbe5ed12ab4d8e11ba873c2f11161202b945,d8d6ba44aafb8bf67480fc36125fc5448628a9228f00986c7611981721657436,true,true,true
13,threshold_section,rs1_style,cycle,core0_phase,4294967296,1,17179869184,4,1,1,1,quiescent,1,1,1,1,2,2,2,2,0,0,0,7,0,7,2,0,true,false,false,4294967296|4294967296|4294967296|-17179869184|4294967296|-17179869184,4294967296|4294967296|4294967296|-17179869184|4294967296|-17179869184,4294967296000000|4294967296000000|4294967296000000|4294967296000000|4294967296000000|4294967296000000,4294967296000000|4294967296000000|4294967296000000|4294967296000000|4294967296000000|4294967296000000,126cf84b4f690a5f329d0bb7d919a2a322c8a3e4795793db5323ef4fa5c5a3bb,4f53cda18c2baa0c0354bb5f9a3ecbe5ed12ab4d8e11ba873c2f11161202b945,fd9b3ce8338abf34821766a21d4452a21577dd5c68875b9a3a87c49687572c88,true,true,true
13,threshold_section,core_b,cycle,core0_phase,4294967296,1,17179869184,4,1,1,1,quiescent,1,1,1,1,2,2,2,2,0,0,0,7,0,7,2,0,true,false,false,4294967296|4294967296|4294967296|-17179869184|4294967296|-17179869184,4294967296|4294967296|4294967296|-17179869184|4294967296|-17179869184,4294967296000000|4294967296000000|4294967296000000|4294967296000000|4294967296000000|4294967296000000,4294966437006541|4294966437006541|4294966437006541|4294966437006541|4294966437006541|4294966437006541,126cf84b4f690a5f329d0bb7d919a2a322c8a3e4795793db5323ef4fa5c5a3bb,4f53cda18c2baa0c0354bb5f9a3ecbe5ed12ab4d8e11ba873c2f11161202b945,fd9b3ce8338abf34821766a21d4452a21577dd5c68875b9a3a87c49687572c88,true,true,true
14,efficacy_plane,rs1_style,cycle,core0_phase,4294967296,1,17179869184,4,2,1,1,quiescent,1,0,1,0,1,1,1,1,0,0,0,4,0,4,1,0,true,false,false,4294967296|4294967296|4294967296|-17179869184|4294967296|-17179869184,4294967296|4294967296|4294967296|-17179869184|4294967296|-17179869184,4294967296000000|4294967296000000|4294967296000000|4294967296000000|4294967296000000|4294967296000000,4294967296000000|4294967296000000|4294967296000000|4294967296000000|4294967296000000|4294967296000000,cdb5235853c660ae728d4420ee9d2a710189207e5e8d91500a93bf9d6a435765,4f53cda18c2baa0c0354bb5f9a3ecbe5ed12ab4d8e11ba873c2f11161202b945,7cce264310b87d41a9bd4c652c4fa67539dbf10055d2b091131032cb2e7d18ee,true,true,true
14,efficacy_plane,core_b,cycle,core0_phase,4294967296,1,17179869184,4,2,1,1,quiescent,1,0,1,0,1,1,1,1,0,0,0,4,0,4,1,0,true,false,false,4294967296|4294967296|4294967296|-17179869184|4294967296|-17179869184,4294967296|4294967296|4294967296|-17179869184|4294967296|-17179869184,4294967296000000|4294967296000000|4294967296000000|4294967296000000|4294967296000000|4294967296000000,4294966866503271|4294966866503271|4294966866503271|4294966866503271|4294966866503271|4294966866503271,cdb5235853c660ae728d4420ee9d2a710189207e5e8d91500a93bf9d6a435765,4f53cda18c2baa0c0354bb5f9a3ecbe5ed12ab4d8e11ba873c2f11161202b945,7cce264310b87d41a9bd4c652c4fa67539dbf10055d2b091131032cb2e7d18ee,true,true,true
15,threshold_section,rs1_style,cycle,core0_phase,4294967296,1,34359738368,8,1,1,1,quiescent,1,1,1,1,2,2,2,2,0,0,0,7,0,7,2,0,true,false,false,4294967296|4294967296|4294967296|-34359738368|4294967296|-34359738368,4294967296|4294967296|4294967296|-34359738368|4294967296|-34359738368,4294967296000000|4294967296000000|4294967296000000|4294967296000000|4294967296000000|4294967296000000,4294967296000000|4294967296000000|4294967296000000|4294967296000000|4294967296000000|4294967296000000,b8e4c5a8eee75cd86e04e45fbe87eeb19b0040c95ca3fa5beeabf916528e4c09,4f53cda18c2baa0c0354bb5f9a3ecbe5ed12ab4d8e11ba873c2f11161202b945,f9f4440388a450e1fca93c2b2766c7d0369bc9f1d4f88bd7d303db60f55c25a9,true,true,true
15,threshold_section,core_b,cycle,core0_phase,4294967296,1,34359738368,8,1,1,1,quiescent,1,1,1,1,2,2,2,2,0,0,0,7,0,7,2,0,true,false,false,4294967296|4294967296|4294967296|-34359738368|4294967296|-34359738368,4294967296|4294967296|4294967296|-34359738368|4294967296|-34359738368,4294967296000000|4294967296000000|4294967296000000|4294967296000000|4294967296000000|4294967296000000,4294966437006541|4294966437006541|4294966437006541|4294966437006541|4294966437006541|4294966437006541,b8e4c5a8eee75cd86e04e45fbe87eeb19b0040c95ca3fa5beeabf916528e4c09,4f53cda18c2baa0c0354bb5f9a3ecbe5ed12ab4d8e11ba873c2f11161202b945,f9f4440388a450e1fca93c2b2766c7d0369bc9f1d4f88bd7d303db60f55c25a9,true,true,true
16,efficacy_plane,rs1_style,cycle,core0_phase,4294967296,1,34359738368,8,2,1,1,quiescent,1,0,1,0,1,1,1,1,0,0,0,4,0,4,1,0,true,false,false,4294967296|4294967296|4294967296|-34359738368|4294967296|-34359738368,4294967296|4294967296|4294967296|-34359738368|4294967296|-34359738368,4294967296000000|4294967296000000|4294967296000000|4294967296000000|4294967296000000|4294967296000000,4294967296000000|4294967296000000|4294967296000000|4294967296000000|4294967296000000|4294967296000000,aec5f4483b52f962033c1adc2fe5b82e37c7f0223e8bb188f5ae802c303d9921,4f53cda18c2baa0c0354bb5f9a3ecbe5ed12ab4d8e11ba873c2f11161202b945,8d7aa547e950f9f80cbd1050d9a89c712994f5246d1f4215dcf3a8ec3ab17ce6,true,true,true
16,efficacy_plane,core_b,cycle,core0_phase,4294967296,1,34359738368,8,2,1,1,quiescent,1,0,1,0,1,1,1,1,0,0,0,4,0,4,1,0,true,false,false,4294967296|4294967296|4294967296|-34359738368|4294967296|-34359738368,4294967296|4294967296|4294967296|-34359738368|4294967296|-34359738368,4294967296000000|4294967296000000|4294967296000000|4294967296000000|4294967296000000|4294967296000000,4294966866503271|4294966866503271|4294966866503271|4294966866503271|4294966866503271|4294966866503271,aec5f4483b52f962033c1adc2fe5b82e37c7f0223e8bb188f5ae802c303d9921,4f53cda18c2baa0c0354bb5f9a3ecbe5ed12ab4d8e11ba873c2f11161202b945,8d7aa547e950f9f80cbd1050d9a89c712994f5246d1f4215dcf3a8ec3ab17ce6,true,true,true
17,threshold_section,rs1_style,cycle,core0_phase,4294967296,1,68719476736,16,1,1,1,quiescent,1,1,1,1,2,2,2,2,0,0,0,7,0,7,2,0,true,false,false,4294967296|4294967296|4294967296|-68719476736|4294967296|-68719476736,4294967296|4294967296|4294967296|-68719476736|4294967296|-68719476736,4294967296000000|4294967296000000|4294967296000000|4294967296000000|4294967296000000|4294967296000000,4294967296000000|4294967296000000|4294967296000000|4294967296000000|4294967296000000|4294967296000000,0fa8f3dc09ba01684e5795cd776668b759259e9f49bf511c06d28ab77299f054,4f53cda18c2baa0c0354bb5f9a3ecbe5ed12ab4d8e11ba873c2f11161202b945,ed4281ad346e611d899bd93a7fb685d8015d90fa976c8bdc30432329e6eb24b2,true,true,true
17,threshold_section,core_b,cycle,core0_phase,4294967296,1,68719476736,16,1,1,1,quiescent,1,1,1,1,2,2,2,2,0,0,0,7,0,7,2,0,true,false,false,4294967296|4294967296|4294967296|-68719476736|4294967296|-68719476736,4294967296|4294967296|4294967296|-68719476736|4294967296|-68719476736,4294967296000000|4294967296000000|4294967296000000|4294967296000000|4294967296000000|4294967296000000,4294966437006541|4294966437006541|4294966437006541|4294966437006541|4294966437006541|4294966437006541,0fa8f3dc09ba01684e5795cd776668b759259e9f49bf511c06d28ab77299f054,4f53cda18c2baa0c0354bb5f9a3ecbe5ed12ab4d8e11ba873c2f11161202b945,ed4281ad346e611d899bd93a7fb685d8015d90fa976c8bdc30432329e6eb24b2,true,true,true
18,efficacy_plane,rs1_style,cycle,core0_phase,4294967296,1,68719476736,16,2,1,1,quiescent,1,0,1,0,1,1,1,1,0,0,0,4,0,4,1,0,true,false,false,4294967296|4294967296|4294967296|-68719476736|4294967296|-68719476736,4294967296|4294967296|4294967296|-68719476736|4294967296|-68719476736,4294967296000000|4294967296000000|4294967296000000|4294967296000000|4294967296000000|4294967296000000,4294967296000000|4294967296000000|4294967296000000|4294967296000000|4294967296000000|4294967296000000,570e880457b3ce82e3e8d0f4d8acef2c30635d4a8f23050edd032097a882ace4,4f53cda18c2baa0c0354bb5f9a3ecbe5ed12ab4d8e11ba873c2f11161202b945,1ba4895777ab54f5cf291d5fa706be77f2ccac803c9439deeda72cea00ea5730,true,true,true
18,efficacy_plane,core_b,cycle,core0_phase,4294967296,1,68719476736,16,2,1,1,quiescent,1,0,1,0,1,1,1,1,0,0,0,4,0,4,1,0,true,false,false,4294967296|4294967296|4294967296|-68719476736|4294967296|-68719476736,4294967296|4294967296|4294967296|-68719476736|4294967296|-68719476736,4294967296000000|4294967296000000|4294967296000000|4294967296000000|4294967296000000|4294967296000000,4294966866503271|4294966866503271|4294966866503271|4294966866503271|4294966866503271|4294966866503271,570e880457b3ce82e3e8d0f4d8acef2c30635d4a8f23050edd032097a882ace4,4f53cda18c2baa0c0354bb5f9a3ecbe5ed12ab4d8e11ba873c2f11161202b945,1ba4895777ab54f5cf291d5fa706be77f2ccac803c9439deeda72cea00ea5730,true,true,true
19,efficacy_plane,core_b,cycle,core0_phase,6442450944,1.5,0,0,2,1,1,quiescent,1,0,1,0,2,1,0,1,0,0,0,4,0,4,1,0,true,false,false,6442450944|6442450944|4294967296|0|4294967296|0,6442450944|6442450944|4294967296|0|4294967296|0,4294967296000000|4294967296000000|4294967296000000|4294967296000000|4294967296000000|4294967296000000,4294966866503271|4294966866503271|4294966866503271|4294966866503271|4294966866503271|4294966866503271,61f3b6d650a3e0349288f6bb191c78a1afecb43fe2c6ec524d407359f99ee914,4f53cda18c2baa0c0354bb5f9a3ecbe5ed12ab4d8e11ba873c2f11161202b945,545cf8fd6caf12e2cfae156405297a2710bb1411e71f50c9290a331c1e7c75a9,true,true,true
20,efficacy_plane,core_b,cycle,core0_phase,6442450944,1.5,4294967296,1,2,1,1,quiescent,1,0,1,0,1,1,1,1,0,0,0,4,0,4,1,0,true,false,false,6442450944|6442450944|4294967296|-4294967296|4294967296|-4294967296,6442450944|6442450944|4294967296|-4294967296|4294967296|-4294967296,4294967296000000|4294967296000000|4294967296000000|4294967296000000|4294967296000000|4294967296000000,4294966866503271|4294966866503271|4294966866503271|4294966866503271|4294966866503271|4294966866503271,50d49f8294b85361551c037bf4845b311072348387f1231343e769c4cad926b2,4f53cda18c2baa0c0354bb5f9a3ecbe5ed12ab4d8e11ba873c2f11161202b945,a99d3c0ad5e17292a1be2409838da426f13bd4a209fe8296b4b787f42a50841d,true,true,true
21,efficacy_plane,core_b,cycle,core0_phase,6442450944,1.5,6442450944,1.5,2,1,1,quiescent,1,0,1,0,1,1,1,1,0,0,0,4,0,4,1,0,true,false,false,6442450944|6442450944|4294967296|-6442450944|4294967296|-6442450944,6442450944|6442450944|4294967296|-6442450944|4294967296|-6442450944,4294967296000000|4294967296000000|4294967296000000|4294967296000000|4294967296000000|4294967296000000,4294966866503271|4294966866503271|4294966866503271|4294966866503271|4294966866503271|4294966866503271,8a8a08b95d57e818b400b80e49a8296a94f59ebdcf6b06550f6db5331680a3ef,4f53cda18c2baa0c0354bb5f9a3ecbe5ed12ab4d8e11ba873c2f11161202b945,ddcc08f13dcc3427cc850f67e29f2ff19680133c9385c02e780baf9dc766177b,true,true,true
22,efficacy_plane,core_b,cycle,core0_phase,6442450944,1.5,8589934592,2,2,1,1,quiescent,1,0,1,0,1,1,1,1,0,0,0,4,0,4,1,0,true,false,false,6442450944|6442450944|4294967296|-8589934592|4294967296|-8589934592,6442450944|6442450944|4294967296|-8589934592|4294967296|-8589934592,4294967296000000|4294967296000000|4294967296000000|4294967296000000|4294967296000000|4294967296000000,4294966866503271|4294966866503271|4294966866503271|4294966866503271|4294966866503271|4294966866503271,46c19b84bf853d0a7e4c8abcf538428c712ae2677ca1371b227316326018f36e,4f53cda18c2baa0c0354bb5f9a3ecbe5ed12ab4d8e11ba873c2f11161202b945,052f2cd2d860be5b0160444fb4159cbfd07720f68e4b5e6ace03e9695525258c,true,true,true
23,efficacy_plane,core_b,cycle,core0_phase,6442450944,1.5,10737418240,2.5,2,1,1,quiescent,1,0,1,0,1,1,1,1,0,0,0,4,0,4,1,0,true,false,false,6442450944|6442450944|4294967296|-10737418240|4294967296|-10737418240,6442450944|6442450944|4294967296|-10737418240|4294967296|-10737418240,4294967296000000|4294967296000000|4294967296000000|4294967296000000|4294967296000000|4294967296000000,4294966866503271|4294966866503271|4294966866503271|4294966866503271|4294966866503271|4294966866503271,f396f0be03072998799f04415ca7851d0d5f3ca47c9fe491559f2375ed9ab118,4f53cda18c2baa0c0354bb5f9a3ecbe5ed12ab4d8e11ba873c2f11161202b945,c619406144b5b1854567550e261a199312e0ef9d45f7fe2722b6272a1b4c641b,true,true,true
24,efficacy_plane,core_b,cycle,core0_phase,6442450944,1.5,12884901888,3,2,1,1,quiescent,1,0,1,0,1,1,1,1,0,0,0,4,0,4,1,0,true,false,false,6442450944|6442450944|4294967296|-12884901888|4294967296|-12884901888,6442450944|6442450944|4294967296|-12884901888|4294967296|-12884901888,4294967296000000|4294967296000000|4294967296000000|4294967296000000|4294967296000000|4294967296000000,4294966866503271|4294966866503271|4294966866503271|4294966866503271|4294966866503271|4294966866503271,d8337c90719f169a1608ff3df20151dd13121c3a877aa29aa84e935af3746b94,4f53cda18c2baa0c0354bb5f9a3ecbe5ed12ab4d8e11ba873c2f11161202b945,ca958d43f459f76c9a9d8867f3a943c4073283de1964cfbc0a742deae48598f3,true,true,true
25,efficacy_plane,core_b,cycle,core0_phase,6442450944,1.5,17179869184,4,2,1,1,quiescent,1,0,1,0,1,1,1,1,0,0,0,4,0,4,1,0,true,false,false,6442450944|6442450944|4294967296|-17179869184|4294967296|-17179869184,6442450944|6442450944|4294967296|-17179869184|4294967296|-17179869184,4294967296000000|4294967296000000|4294967296000000|4294967296000000|4294967296000000|4294967296000000,4294966866503271|4294966866503271|4294966866503271|4294966866503271|4294966866503271|4294966866503271,d431f2145769c46129878e0506ee3e6d6e341efd0ced503ffb845097febeee23,4f53cda18c2baa0c0354bb5f9a3ecbe5ed12ab4d8e11ba873c2f11161202b945,2981a19d7676f88e10b203c455f965fd1e4c024ea4d4b58f150c8ece0f7c60d3,true,true,true
26,efficacy_plane,core_b,cycle,core0_phase,6442450944,1.5,34359738368,8,2,1,1,quiescent,1,0,1,0,1,1,1,1,0,0,0,4,0,4,1,0,true,false,false,6442450944|6442450944|4294967296|-34359738368|4294967296|-34359738368,6442450944|6442450944|4294967296|-34359738368|4294967296|-34359738368,4294967296000000|4294967296000000|4294967296000000|4294967296000000|4294967296000000|4294967296000000,4294966866503271|4294966866503271|4294966866503271|4294966866503271|4294966866503271|4294966866503271,f37be1f0cc12b575a86d0693a4d5b2d03e40ccb61fd28ed3a655b13fbc7d295f,4f53cda18c2baa0c0354bb5f9a3ecbe5ed12ab4d8e11ba873c2f11161202b945,f65a87a6fed3480dfd5ab8d6dc29028dafcee8bfe7bf6a45bc8d45298a3375ac,true,true,true
27,efficacy_plane,core_b,cycle,core0_phase,6442450944,1.5,68719476736,16,2,1,1,quiescent,1,0,1,0,1,1,1,1,0,0,0,4,0,4,1,0,true,false,false,6442450944|6442450944|4294967296|-68719476736|4294967296|-68719476736,6442450944|6442450944|4294967296|-68719476736|4294967296|-68719476736,4294967296000000|4294967296000000|4294967296000000|4294967296000000|4294967296000000|4294967296000000,4294966866503271|4294966866503271|4294966866503271|4294966866503271|4294966866503271|4294966866503271,6105c01a555a4308e2c5a4956de92c4c70b3a192be84c940d09bc37869be3a89,4f53cda18c2baa0c0354bb5f9a3ecbe5ed12ab4d8e11ba873c2f11161202b945,73f9a32e0202deb58742e74eb71fe72ee3a63929a14189bed5d8bb463e599ead,true,true,true
28,efficacy_plane|threshold_section,rs1_style,cycle,core0_phase,8589934592,2,0,0,2,1,1,periodic,48,48,48,48,191,96,0,86,10,2,2,256,32,288,95,1,false,true,true,8589934592|8589934592|4294967296|0|4294967296|0,8589934592|8589934592|4294967296|0|4294967296|0,4294967296000000|4294967296000000|4294967296000000|4294967296000000|4294967296000000|4294967296000000,4294928641294336|4294928641294336|4294928641294336|4294928641294336|4294928641294336|4294928641294336,f805d2d1bd75493a650119431520834094b029b2135844525623f1f49a58b32e,fde27c634d08d4a983646176ea03e616daec395f24ab6ca6a77175e9b017f19b,3e597b11517f830b187637785acdb9509b1999c3472ad7e9ac7f9113c1f34340,true,true,true
28,efficacy_plane|threshold_section,core_b,cycle,core0_phase,8589934592,2,0,0,2,1,1,periodic,48,48,48,48,191,96,0,86,10,2,2,256,32,288,95,1,false,true,true,8589934592|8589934592|4294967296|0|4294967296|0,8589934592|8589934592|4294967296|0|4294967296|0,4294967296000000|4294967296000000|4294967296000000|4294967296000000|4294967296000000|4294967296000000,4294926493810688|4294926493810688|4294926493810688|4294926493810688|4294926493810688|4294926493810688,f805d2d1bd75493a650119431520834094b029b2135844525623f1f49a58b32e,fde27c634d08d4a983646176ea03e616daec395f24ab6ca6a77175e9b017f19b,3e597b11517f830b187637785acdb9509b1999c3472ad7e9ac7f9113c1f34340,true,true,true
29,efficacy_plane|threshold_section,rs1_style,cycle,core0_phase,8589934592,2,4294967296,1,2,1,1,periodic,48,48,48,48,95,96,96,86,10,2,2,256,32,288,95,1,false,true,true,8589934592|8589934592|4294967296|-4294967296|4294967296|-4294967296,8589934592|8589934592|4294967296|-4294967296|4294967296|-4294967296,4294967296000000|4294967296000000|4294967296000000|4294967296000000|4294967296000000|4294967296000000,4294928641294336|4294928641294336|4294928641294336|4294928641294336|4294928641294336|4294928641294336,223555d2baf842b0f48bf544935a1313224a00acd1ebc038894a95e535b353d7,0d32890bd7a62af1187b435ed6487b62ecdb9caa635208be46a7a620360c8f11,1b47b09a7367ff743685c8442ce59fc4d1b98272efb55c42f9d5ea95453e750e,true,true,true
29,efficacy_plane|threshold_section,core_b,cycle,core0_phase,8589934592,2,4294967296,1,2,1,1,periodic,48,48,48,48,95,96,96,86,10,2,2,256,32,288,95,1,false,true,true,8589934592|8589934592|4294967296|-4294967296|4294967296|-4294967296,8589934592|8589934592|4294967296|-4294967296|4294967296|-4294967296,4294967296000000|4294967296000000|4294967296000000|4294967296000000|4294967296000000|4294967296000000,4294926493810688|4294926493810688|4294926493810688|4294926493810688|4294926493810688|4294926493810688,223555d2baf842b0f48bf544935a1313224a00acd1ebc038894a95e535b353d7,0d32890bd7a62af1187b435ed6487b62ecdb9caa635208be46a7a620360c8f11,1b47b09a7367ff743685c8442ce59fc4d1b98272efb55c42f9d5ea95453e750e,true,true,true
30,efficacy_plane|threshold_section,core_b,cycle,core0_phase,8589934592,2,6442450944,1.5,2,1,1,periodic,48,48,48,48,95,96,96,86,10,2,2,256,32,288,95,1,false,true,true,8589934592|8589934592|4294967296|-6442450944|4294967296|-6442450944,8589934592|8589934592|4294967296|-6442450944|4294967296|-6442450944,4294967296000000|4294967296000000|4294967296000000|4294967296000000|4294967296000000|4294967296000000,4294926493810688|4294926493810688|4294926493810688|4294926493810688|4294926493810688|4294926493810688,76480f3bb76c496da0e7c0c03caca92b4eb50128a24aa2322e3445c0e3a7c496,3a60818c817e328f510417091be07d185c0eeccb2d39abade832568d9d6a92b2,14476b591578f9287fd86ca8714dca841a3b38d4999f766cb683159850d4ca11,true,true,true
31,delay_section,rs1_style,cycle,core0_phase,8589934592,2,8589934592,2,2,0,1,quiescent,1,1,1,1,2,2,2,2,0,0,0,7,0,7,1,0,true,false,false,8589934592|8589934592|4294967296|-8589934592|4294967296|-8589934592,8589934592|8589934592|4294967296|-8589934592|4294967296|-8589934592,4294967296000000|4294967296000000|4294967296000000|4294967296000000|4294967296000000|4294967296000000,4294967296000000|4294967296000000|4294967296000000|4294967296000000|4294967296000000|4294967296000000,08585980919ce4ac266eee92faa813e8338e6c166cf5d9ca3e414ec3c12e0435,4f53cda18c2baa0c0354bb5f9a3ecbe5ed12ab4d8e11ba873c2f11161202b945,2937b193acb538897cf20733d9044968b478335be83a7426c855d98a16c6b12b,true,true,true
31,delay_section,core_b,cycle,core0_phase,8589934592,2,8589934592,2,2,0,1,quiescent,1,1,1,1,2,2,2,2,0,0,0,7,0,7,1,0,true,false,false,8589934592|8589934592|4294967296|-8589934592|4294967296|-8589934592,8589934592|8589934592|4294967296|-8589934592|4294967296|-8589934592,4294967296000000|4294967296000000|4294967296000000|4294967296000000|4294967296000000|4294967296000000,4294966866503271|4294966866503271|4294966866503271|4294966866503271|4294966866503271|4294966866503271,08585980919ce4ac266eee92faa813e8338e6c166cf5d9ca3e414ec3c12e0435,4f53cda18c2baa0c0354bb5f9a3ecbe5ed12ab4d8e11ba873c2f11161202b945,2937b193acb538897cf20733d9044968b478335be83a7426c855d98a16c6b12b,true,true,true
32,delay_section|efficacy_plane|historical_pair|threshold_section,rs1_style,cycle,core0_phase,8589934592,2,8589934592,2,2,1,1,periodic,48,48,48,48,95,96,96,86,10,2,2,256,32,288,95,1,false,true,true,8589934592|8589934592|4294967296|-8589934592|4294967296|-8589934592,8589934592|8589934592|4294967296|-8589934592|4294967296|-8589934592,4294967296000000|4294967296000000|4294967296000000|4294967296000000|4294967296000000|4294967296000000,4294928641294336|4294928641294336|4294928641294336|4294928641294336|4294928641294336|4294928641294336,74d32949b6c11fe06ab9d126ffc4b3f63c15c1365497cf00428206ecedb5706c,5163a2f46407ddbf48cf0c9bd9c2e2aad1d702cb53e086a304cb6eb717c47a11,1cd75d5ac722887572e15d4215f60c3a07f780e0a7539db98fde0f3218cd154b,true,true,true
32,delay_section|efficacy_plane|historical_pair|threshold_section,core_b,cycle,core0_phase,8589934592,2,8589934592,2,2,1,1,periodic,48,48,48,48,95,96,96,86,10,2,2,256,32,288,95,1,false,true,true,8589934592|8589934592|4294967296|-8589934592|4294967296|-8589934592,8589934592|8589934592|4294967296|-8589934592|4294967296|-8589934592,4294967296000000|4294967296000000|4294967296000000|4294967296000000|4294967296000000|4294967296000000,4294926493810688|4294926493810688|4294926493810688|4294926493810688|4294926493810688|4294926493810688,74d32949b6c11fe06ab9d126ffc4b3f63c15c1365497cf00428206ecedb5706c,5163a2f46407ddbf48cf0c9bd9c2e2aad1d702cb53e086a304cb6eb717c47a11,1cd75d5ac722887572e15d4215f60c3a07f780e0a7539db98fde0f3218cd154b,true,true,true
33,delay_section,rs1_style,cycle,core0_phase,8589934592,2,8589934592,2,2,2,2,periodic,48,48,48,48,95,96,96,86,10,2,4,256,32,288,190,1,false,true,true,8589934592|8589934592|4294967296|-8589934592|4294967296|-8589934592,8589934592|8589934592|4294967296|-8589934592|4294967296|-8589934592,4294967296000000|4294967296000000|4294967296000000|4294967296000000|4294967296000000|4294967296000000,4294885691621376|4294885691621376|4294885691621376|4294885691621376|4294885691621376|4294885691621376,92ff176ff5e569872d18c35e168df53efa1e003cda458f274c9f7e3b75736607,5353cb14a6da528090938298a507bc1f06ad21ddf9d37302e22974a935224e09,af580be9ec206aedf5d8991d3d89b81d85def2f7f1874c46e867963d8b714225,true,true,true
33,delay_section,core_b,cycle,core0_phase,8589934592,2,8589934592,2,2,2,2,periodic,48,48,48,48,95,96,96,86,10,2,4,256,32,288,190,1,false,true,true,8589934592|8589934592|4294967296|-8589934592|4294967296|-8589934592,8589934592|8589934592|4294967296|-8589934592|4294967296|-8589934592,4294967296000000|4294967296000000|4294967296000000|4294967296000000|4294967296000000|4294967296000000,4294885691621376|4294885691621376|4294885691621376|4294885691621376|4294885691621376|4294885691621376,92ff176ff5e569872d18c35e168df53efa1e003cda458f274c9f7e3b75736607,5353cb14a6da528090938298a507bc1f06ad21ddf9d37302e22974a935224e09,af580be9ec206aedf5d8991d3d89b81d85def2f7f1874c46e867963d8b714225,true,true,true
34,delay_section,rs1_style,cycle,core0_phase,8589934592,2,8589934592,2,2,3,3,periodic,48,48,48,48,95,96,96,86,10,2,6,256,32,288,285,1,false,true,true,8589934592|8589934592|4294967296|-8589934592|4294967296|-8589934592,8589934592|8589934592|4294967296|-8589934592|4294967296|-8589934592,4294967296000000|4294967296000000|4294967296000000|4294967296000000|4294967296000000|4294967296000000,4294847036915712|4294847036915712|4294847036915712|4294847036915712|4294847036915712|4294847036915712,a35cc23d5aa3ea2c533c1d41ffa23e5efe222b730bdf5fa3f22d575b6bd46321,1704f5e6afc073e3a23ac1f14fd9e7300a3a7cced901fb7f7918826d7b63dc01,4027a62ff15d81a6d21d919d359be5b6f200fcefe3eaec84f7e78a5c32bd69b4,true,true,true
34,delay_section,core_b,cycle,core0_phase,8589934592,2,8589934592,2,2,3,3,periodic,48,48,48,48,95,96,96,86,10,2,6,256,32,288,285,1,false,true,true,8589934592|8589934592|4294967296|-8589934592|4294967296|-8589934592,8589934592|8589934592|4294967296|-8589934592|4294967296|-8589934592,4294967296000000|4294967296000000|4294967296000000|4294967296000000|4294967296000000|4294967296000000,4294844889432064|4294844889432064|4294844889432064|4294844889432064|4294844889432064|4294844889432064,a35cc23d5aa3ea2c533c1d41ffa23e5efe222b730bdf5fa3f22d575b6bd46321,1704f5e6afc073e3a23ac1f14fd9e7300a3a7cced901fb7f7918826d7b63dc01,4027a62ff15d81a6d21d919d359be5b6f200fcefe3eaec84f7e78a5c32bd69b4,true,true,true
35,delay_section,core_b,cycle,core0_phase,8589934592,2,10737418240,2.5,2,0,1,quiescent,1,1,1,1,2,2,2,2,0,0,0,7,0,7,1,0,true,false,false,8589934592|8589934592|4294967296|-10737418240|4294967296|-10737418240,8589934592|8589934592|4294967296|-10737418240|4294967296|-10737418240,4294967296000000|4294967296000000|4294967296000000|4294967296000000|4294967296000000|4294967296000000,4294966866503271|4294966866503271|4294966866503271|4294966866503271|4294966866503271|4294966866503271,cae8c724e9fecf8bbf48263909ce38d6d0f0ae453ebf3448823e425f62858d53,4f53cda18c2baa0c0354bb5f9a3ecbe5ed12ab4d8e11ba873c2f11161202b945,d8a5e8cbc89777d28c37cbb5b058759059edbd5482f1556b1c7d4aaf33ba0eba,true,true,true
36,delay_section|efficacy_plane|threshold_section,core_b,cycle,core0_phase,8589934592,2,10737418240,2.5,2,1,1,quiescent,1,1,1,1,2,2,2,2,0,0,0,7,0,7,2,0,true,false,false,8589934592|8589934592|4294967296|-10737418240|4294967296|-10737418240,8589934592|8589934592|4294967296|-10737418240|4294967296|-10737418240,4294967296000000|4294967296000000|4294967296000000|4294967296000000|4294967296000000|4294967296000000,4294966437006541|4294966437006541|4294966437006541|4294966437006541|4294966437006541|4294966437006541,511b76360de574e18cca7b79d07f90c4be9ac19c8a9d51add11ae259d08db771,4f53cda18c2baa0c0354bb5f9a3ecbe5ed12ab4d8e11ba873c2f11161202b945,24b1b1b653b9139712e3d6e9ab315008d561d82e19ba710d796951fa59e1791c,true,true,true
37,delay_section,core_b,cycle,core0_phase,8589934592,2,10737418240,2.5,2,2,2,periodic,48,48,48,48,95,96,96,86,10,2,4,256,32,288,190,1,false,true,true,8589934592|8589934592|4294967296|-10737418240|4294967296|-10737418240,8589934592|8589934592|4294967296|-10737418240|4294967296|-10737418240,4294967296000000|4294967296000000|4294967296000000|4294967296000000|4294967296000000|4294967296000000,4294885691621376|4294885691621376|4294885691621376|4294885691621376|4294885691621376|4294885691621376,a4b290cec97f34b8289f76c7f7a108a3052d23625da9752929826d62c5f3f602,107378d71dca1eaef3e8a02963e1674ec207b2f4164e9016e065fb6c046b5926,9a0ff7f8697fdf3de6813b5d8dd709eb6c8e62093ab2432c63577ff293087ef5,true,true,true
38,delay_section,core_b,cycle,core0_phase,8589934592,2,10737418240,2.5,2,3,3,periodic,48,48,48,48,95,96,96,86,10,2,6,256,32,288,285,1,false,true,true,8589934592|8589934592|4294967296|-10737418240|4294967296|-10737418240,8589934592|8589934592|4294967296|-10737418240|4294967296|-10737418240,4294967296000000|4294967296000000|4294967296000000|4294967296000000|4294967296000000|4294967296000000,4294844889432064|4294844889432064|4294844889432064|4294844889432064|4294844889432064|4294844889432064,895b28f6fd200168ce6b22becfcc12e00c4f445862a29e6d08b3b3587f24931f,c9ebb594f205a8f47ad17f087bd7e8bd9c33492868a51c0145f6cbb5a065fd6d,baf9ef009c293012ade752afd793beaf98c2f79ab3f5896cfe98fe358606bc74,true,true,true
39,delay_section,rs1_style,cycle,core0_phase,8589934592,2,12884901888,3,2,0,1,quiescent,1,1,1,1,2,2,2,2,0,0,0,7,0,7,1,0,true,false,false,8589934592|8589934592|4294967296|-12884901888|4294967296|-12884901888,8589934592|8589934592|4294967296|-12884901888|4294967296|-12884901888,4294967296000000|4294967296000000|4294967296000000|4294967296000000|4294967296000000|4294967296000000,4294967296000000|4294967296000000|4294967296000000|4294967296000000|4294967296000000|4294967296000000,bcddb0154dee09db88d707bfa4cfd1cb79aca2bfb77c62565f752bc8981732c7,4f53cda18c2baa0c0354bb5f9a3ecbe5ed12ab4d8e11ba873c2f11161202b945,032d927a782b280eb8b6d533da7dce02cbf81e42bdadf110783476ea2149d732,true,true,true
39,delay_section,core_b,cycle,core0_phase,8589934592,2,12884901888,3,2,0,1,quiescent,1,1,1,1,2,2,2,2,0,0,0,7,0,7,1,0,true,false,false,8589934592|8589934592|4294967296|-12884901888|4294967296|-12884901888,8589934592|8589934592|4294967296|-12884901888|4294967296|-12884901888,4294967296000000|4294967296000000|4294967296000000|4294967296000000|4294967296000000|4294967296000000,4294966866503271|4294966866503271|4294966866503271|4294966866503271|4294966866503271|4294966866503271,bcddb0154dee09db88d707bfa4cfd1cb79aca2bfb77c62565f752bc8981732c7,4f53cda18c2baa0c0354bb5f9a3ecbe5ed12ab4d8e11ba873c2f11161202b945,032d927a782b280eb8b6d533da7dce02cbf81e42bdadf110783476ea2149d732,true,true,true
40,delay_section|efficacy_plane|threshold_section,rs1_style,cycle,core0_phase,8589934592,2,12884901888,3,2,1,1,quiescent,1,1,1,1,2,2,2,2,0,0,0,7,0,7,2,0,true,false,false,8589934592|8589934592|4294967296|-12884901888|4294967296|-12884901888,8589934592|8589934592|4294967296|-12884901888|4294967296|-12884901888,4294967296000000|4294967296000000|4294967296000000|4294967296000000|4294967296000000|4294967296000000,4294967296000000|4294967296000000|4294967296000000|4294967296000000|4294967296000000|4294967296000000,ffcf9ec2917089d15f63aa59488012670909eb89c246b4f3be87e4d89440fa0c,4f53cda18c2baa0c0354bb5f9a3ecbe5ed12ab4d8e11ba873c2f11161202b945,eefb4cf29f382e0c755d1a091ad7c77ac3daf0ee882533e4bccd7a1ab965f81c,true,true,true
40,delay_section|efficacy_plane|threshold_section,core_b,cycle,core0_phase,8589934592,2,12884901888,3,2,1,1,quiescent,1,1,1,1,2,2,2,2,0,0,0,7,0,7,2,0,true,false,false,8589934592|8589934592|4294967296|-12884901888|4294967296|-12884901888,8589934592|8589934592|4294967296|-12884901888|4294967296|-12884901888,4294967296000000|4294967296000000|4294967296000000|4294967296000000|4294967296000000|4294967296000000,4294966437006541|4294966437006541|4294966437006541|4294966437006541|4294966437006541|4294966437006541,ffcf9ec2917089d15f63aa59488012670909eb89c246b4f3be87e4d89440fa0c,4f53cda18c2baa0c0354bb5f9a3ecbe5ed12ab4d8e11ba873c2f11161202b945,eefb4cf29f382e0c755d1a091ad7c77ac3daf0ee882533e4bccd7a1ab965f81c,true,true,true
41,delay_section,rs1_style,cycle,core0_phase,8589934592,2,12884901888,3,2,2,2,periodic,48,48,48,48,95,96,96,86,10,2,4,256,32,288,190,1,false,true,true,8589934592|8589934592|4294967296|-12884901888|4294967296|-12884901888,8589934592|8589934592|4294967296|-12884901888|4294967296|-12884901888,4294967296000000|4294967296000000|4294967296000000|4294967296000000|4294967296000000|4294967296000000,4294885691621376|4294885691621376|4294885691621376|4294885691621376|4294885691621376|4294885691621376,5a243a07056de50f3c9279c71eb1b1c6364a54bb2a19188f5d0a652752eb9e80,8d2e54306cad263fd7b861ef765ce3240b46f8feb5149011726de0471ea3aedb,1064931a55a8606cfb43d43a84f22595cc532d4183d7f27a7f274cfc5fe38541,true,true,true
41,delay_section,core_b,cycle,core0_phase,8589934592,2,12884901888,3,2,2,2,periodic,48,48,48,48,95,96,96,86,10,2,4,256,32,288,190,1,false,true,true,8589934592|8589934592|4294967296|-12884901888|4294967296|-12884901888,8589934592|8589934592|4294967296|-12884901888|4294967296|-12884901888,4294967296000000|4294967296000000|4294967296000000|4294967296000000|4294967296000000|4294967296000000,4294885691621376|4294885691621376|4294885691621376|4294885691621376|4294885691621376|4294885691621376,5a243a07056de50f3c9279c71eb1b1c6364a54bb2a19188f5d0a652752eb9e80,8d2e54306cad263fd7b861ef765ce3240b46f8feb5149011726de0471ea3aedb,1064931a55a8606cfb43d43a84f22595cc532d4183d7f27a7f274cfc5fe38541,true,true,true
42,delay_section,rs1_style,cycle,core0_phase,8589934592,2,12884901888,3,2,3,3,periodic,48,48,48,48,95,96,96,86,10,2,6,256,32,288,285,1,false,true,true,8589934592|8589934592|4294967296|-12884901888|4294967296|-12884901888,8589934592|8589934592|4294967296|-12884901888|4294967296|-12884901888,4294967296000000|4294967296000000|4294967296000000|4294967296000000|4294967296000000|4294967296000000,4294847036915712|4294847036915712|4294847036915712|4294847036915712|4294847036915712|4294847036915712,1dc0a535f645099b93c9cd02d7e29778d856f2d579c79bc9e31e0368ba9384fd,67a45478a24ead37b77f52f1064a1be373390de1537388439a5b3bd9c4671562,b007a9060025588a5cfe5b9be50654544fc23d1fb85ee958c763c99e9222b6c3,true,true,true
42,delay_section,core_b,cycle,core0_phase,8589934592,2,12884901888,3,2,3,3,periodic,48,48,48,48,95,96,96,86,10,2,6,256,32,288,285,1,false,true,true,8589934592|8589934592|4294967296|-12884901888|4294967296|-12884901888,8589934592|8589934592|4294967296|-12884901888|4294967296|-12884901888,4294967296000000|4294967296000000|4294967296000000|4294967296000000|4294967296000000|4294967296000000,4294844889432064|4294844889432064|4294844889432064|4294844889432064|4294844889432064|4294844889432064,1dc0a535f645099b93c9cd02d7e29778d856f2d579c79bc9e31e0368ba9384fd,67a45478a24ead37b77f52f1064a1be373390de1537388439a5b3bd9c4671562,b007a9060025588a5cfe5b9be50654544fc23d1fb85ee958c763c99e9222b6c3,true,true,true
43,delay_section,rs1_style,cycle,core0_phase,8589934592,2,17179869184,4,2,0,1,quiescent,1,1,1,1,2,2,2,2,0,0,0,7,0,7,1,0,true,false,false,8589934592|8589934592|4294967296|-17179869184|4294967296|-17179869184,8589934592|8589934592|4294967296|-17179869184|4294967296|-17179869184,4294967296000000|4294967296000000|4294967296000000|4294967296000000|4294967296000000|4294967296000000,4294967296000000|4294967296000000|4294967296000000|4294967296000000|4294967296000000|4294967296000000,d1562f786cd3c9f7e33c153aa1fb07fd5d914d3cdaf1948e10669092c67e46f5,4f53cda18c2baa0c0354bb5f9a3ecbe5ed12ab4d8e11ba873c2f11161202b945,55e5b3dbb49d4f1255ea24afa5cffef3a54756239f0fc21f7b91ef9add09db44,true,true,true
43,delay_section,core_b,cycle,core0_phase,8589934592,2,17179869184,4,2,0,1,quiescent,1,1,1,1,2,2,2,2,0,0,0,7,0,7,1,0,true,false,false,8589934592|8589934592|4294967296|-17179869184|4294967296|-17179869184,8589934592|8589934592|4294967296|-17179869184|4294967296|-17179869184,4294967296000000|4294967296000000|4294967296000000|4294967296000000|4294967296000000|4294967296000000,4294966866503271|4294966866503271|4294966866503271|4294966866503271|4294966866503271|4294966866503271,d1562f786cd3c9f7e33c153aa1fb07fd5d914d3cdaf1948e10669092c67e46f5,4f53cda18c2baa0c0354bb5f9a3ecbe5ed12ab4d8e11ba873c2f11161202b945,55e5b3dbb49d4f1255ea24afa5cffef3a54756239f0fc21f7b91ef9add09db44,true,true,true
44,delay_section|efficacy_plane|threshold_section,rs1_style,cycle,core0_phase,8589934592,2,17179869184,4,2,1,1,quiescent,1,1,1,1,2,2,2,2,0,0,0,7,0,7,2,0,true,false,false,8589934592|8589934592|4294967296|-17179869184|4294967296|-17179869184,8589934592|8589934592|4294967296|-17179869184|4294967296|-17179869184,4294967296000000|4294967296000000|4294967296000000|4294967296000000|4294967296000000|4294967296000000,4294967296000000|4294967296000000|4294967296000000|4294967296000000|4294967296000000|4294967296000000,1449358b2cf5e5fd715b942b0988bb29f98bea02f5a14fa4ed2b1401fbd98bdc,4f53cda18c2baa0c0354bb5f9a3ecbe5ed12ab4d8e11ba873c2f11161202b945,90833b7e78d2453ad45f7a0931d82fdc361761316d31ae1c1d0e7f3e094bb8f7,true,true,true
44,delay_section|efficacy_plane|threshold_section,core_b,cycle,core0_phase,8589934592,2,17179869184,4,2,1,1,quiescent,1,1,1,1,2,2,2,2,0,0,0,7,0,7,2,0,true,false,false,8589934592|8589934592|4294967296|-17179869184|4294967296|-17179869184,8589934592|8589934592|4294967296|-17179869184|4294967296|-17179869184,4294967296000000|4294967296000000|4294967296000000|4294967296000000|4294967296000000|4294967296000000,4294966437006541|4294966437006541|4294966437006541|4294966437006541|4294966437006541|4294966437006541,1449358b2cf5e5fd715b942b0988bb29f98bea02f5a14fa4ed2b1401fbd98bdc,4f53cda18c2baa0c0354bb5f9a3ecbe5ed12ab4d8e11ba873c2f11161202b945,90833b7e78d2453ad45f7a0931d82fdc361761316d31ae1c1d0e7f3e094bb8f7,true,true,true
45,delay_section,rs1_style,cycle,core0_phase,8589934592,2,17179869184,4,2,2,2,periodic,48,48,48,48,95,96,96,86,10,2,4,256,32,288,190,1,false,true,true,8589934592|8589934592|4294967296|-17179869184|4294967296|-17179869184,8589934592|8589934592|4294967296|-17179869184|4294967296|-17179869184,4294967296000000|4294967296000000|4294967296000000|4294967296000000|4294967296000000|4294967296000000,4294885691621376|4294885691621376|4294885691621376|4294885691621376|4294885691621376|4294885691621376,25b021ca801c11c9f57e4b26ca2423176c1520c08e0fbcd5a52894b768fefc00,67ffe7f5b079418a21dabe68b56667cb7530ecdc0aaca34e674e052b41fe3093,91d8aefd6055db9ad8ca3c297cb21b10afa24edd9482d3cae5a0a96d4cc3d8df,true,true,true
45,delay_section,core_b,cycle,core0_phase,8589934592,2,17179869184,4,2,2,2,periodic,48,48,48,48,95,96,96,86,10,2,4,256,32,288,190,1,false,true,true,8589934592|8589934592|4294967296|-17179869184|4294967296|-17179869184,8589934592|8589934592|4294967296|-17179869184|4294967296|-17179869184,4294967296000000|4294967296000000|4294967296000000|4294967296000000|4294967296000000|4294967296000000,4294885691621376|4294885691621376|4294885691621376|4294885691621376|4294885691621376|4294885691621376,25b021ca801c11c9f57e4b26ca2423176c1520c08e0fbcd5a52894b768fefc00,67ffe7f5b079418a21dabe68b56667cb7530ecdc0aaca34e674e052b41fe3093,91d8aefd6055db9ad8ca3c297cb21b10afa24edd9482d3cae5a0a96d4cc3d8df,true,true,true
46,delay_section,rs1_style,cycle,core0_phase,8589934592,2,17179869184,4,2,3,3,periodic,48,48,48,48,95,96,96,86,10,2,6,256,32,288,285,1,false,true,true,8589934592|8589934592|4294967296|-17179869184|4294967296|-17179869184,8589934592|8589934592|4294967296|-17179869184|4294967296|-17179869184,4294967296000000|4294967296000000|4294967296000000|4294967296000000|4294967296000000|4294967296000000,4294847036915712|4294847036915712|4294847036915712|4294847036915712|4294847036915712|4294847036915712,88045ae2f5a0bb522d62c02dd6500517d8a341d27623724725cae4c550fef22b,904cd1d073320d922befdda652ff35010dce40401ad7aaa87e3d9f01005dda71,e6f19de259e583863a19f4cbb5be7fc7cfb228c72ccbead041ae640ff5c36aab,true,true,true
46,delay_section,core_b,cycle,core0_phase,8589934592,2,17179869184,4,2,3,3,periodic,48,48,48,48,95,96,96,86,10,2,6,256,32,288,285,1,false,true,true,8589934592|8589934592|4294967296|-17179869184|4294967296|-17179869184,8589934592|8589934592|4294967296|-17179869184|4294967296|-17179869184,4294967296000000|4294967296000000|4294967296000000|4294967296000000|4294967296000000|4294967296000000,4294844889432064|4294844889432064|4294844889432064|4294844889432064|4294844889432064|4294844889432064,88045ae2f5a0bb522d62c02dd6500517d8a341d27623724725cae4c550fef22b,904cd1d073320d922befdda652ff35010dce40401ad7aaa87e3d9f01005dda71,e6f19de259e583863a19f4cbb5be7fc7cfb228c72ccbead041ae640ff5c36aab,true,true,true
47,efficacy_plane|threshold_section,rs1_style,cycle,core0_phase,8589934592,2,34359738368,8,2,1,1,quiescent,1,1,1,1,2,2,2,2,0,0,0,7,0,7,2,0,true,false,false,8589934592|8589934592|4294967296|-34359738368|4294967296|-34359738368,8589934592|8589934592|4294967296|-34359738368|4294967296|-34359738368,4294967296000000|4294967296000000|4294967296000000|4294967296000000|4294967296000000|4294967296000000,4294967296000000|4294967296000000|4294967296000000|4294967296000000|4294967296000000|4294967296000000,26477969a62d4da79020a3da1cf03238d473afb2192502cc93862c7a161465ea,4f53cda18c2baa0c0354bb5f9a3ecbe5ed12ab4d8e11ba873c2f11161202b945,f45716aad8adc075d350f9e1387504c6277479b25e16b61b5b6a7316936e3020,true,true,true
47,efficacy_plane|threshold_section,core_b,cycle,core0_phase,8589934592,2,34359738368,8,2,1,1,quiescent,1,1,1,1,2,2,2,2,0,0,0,7,0,7,2,0,true,false,false,8589934592|8589934592|4294967296|-34359738368|4294967296|-34359738368,8589934592|8589934592|4294967296|-34359738368|4294967296|-34359738368,4294967296000000|4294967296000000|4294967296000000|4294967296000000|4294967296000000|4294967296000000,4294966437006541|4294966437006541|4294966437006541|4294966437006541|4294966437006541|4294966437006541,26477969a62d4da79020a3da1cf03238d473afb2192502cc93862c7a161465ea,4f53cda18c2baa0c0354bb5f9a3ecbe5ed12ab4d8e11ba873c2f11161202b945,f45716aad8adc075d350f9e1387504c6277479b25e16b61b5b6a7316936e3020,true,true,true
48,delay_section,rs1_style,cycle,core0_phase,8589934592,2,68719476736,16,2,0,1,quiescent,1,1,1,1,2,2,2,2,0,0,0,7,0,7,1,0,true,false,false,8589934592|8589934592|4294967296|-68719476736|4294967296|-68719476736,8589934592|8589934592|4294967296|-68719476736|4294967296|-68719476736,4294967296000000|4294967296000000|4294967296000000|4294967296000000|4294967296000000|4294967296000000,4294967296000000|4294967296000000|4294967296000000|4294967296000000|4294967296000000|4294967296000000,ec583b5e8c0d8547786538d194d8dc0370863c731d69cceff6de32dd7e6eb8ca,4f53cda18c2baa0c0354bb5f9a3ecbe5ed12ab4d8e11ba873c2f11161202b945,bce5c6673e104506100e2445ae547279892f1fcdd235c883ae33543e1b9a5eed,true,true,true
48,delay_section,core_b,cycle,core0_phase,8589934592,2,68719476736,16,2,0,1,quiescent,1,1,1,1,2,2,2,2,0,0,0,7,0,7,1,0,true,false,false,8589934592|8589934592|4294967296|-68719476736|4294967296|-68719476736,8589934592|8589934592|4294967296|-68719476736|4294967296|-68719476736,4294967296000000|4294967296000000|4294967296000000|4294967296000000|4294967296000000|4294967296000000,4294966866503271|4294966866503271|4294966866503271|4294966866503271|4294966866503271|4294966866503271,ec583b5e8c0d8547786538d194d8dc0370863c731d69cceff6de32dd7e6eb8ca,4f53cda18c2baa0c0354bb5f9a3ecbe5ed12ab4d8e11ba873c2f11161202b945,bce5c6673e104506100e2445ae547279892f1fcdd235c883ae33543e1b9a5eed,true,true,true
49,delay_section|efficacy_plane|historical_pair|threshold_section,rs1_style,cycle,core0_phase,8589934592,2,68719476736,16,2,1,1,quiescent,1,1,1,1,2,2,2,2,0,0,0,7,0,7,2,0,true,false,false,8589934592|8589934592|4294967296|-68719476736|4294967296|-68719476736,8589934592|8589934592|4294967296|-68719476736|4294967296|-68719476736,4294967296000000|4294967296000000|4294967296000000|4294967296000000|4294967296000000|4294967296000000,4294967296000000|4294967296000000|4294967296000000|4294967296000000|4294967296000000|4294967296000000,7b15fff9069b5d15ceef0b4e0cd981a4152249b204de5bad5cb2903a1fde9ebb,4f53cda18c2baa0c0354bb5f9a3ecbe5ed12ab4d8e11ba873c2f11161202b945,795deea32e4d8e1af7ee85b4eea50201e3a96b383dd737241348e3e31fa1e760,true,true,true
49,delay_section|efficacy_plane|historical_pair|threshold_section,core_b,cycle,core0_phase,8589934592,2,68719476736,16,2,1,1,quiescent,1,1,1,1,2,2,2,2,0,0,0,7,0,7,2,0,true,false,false,8589934592|8589934592|4294967296|-68719476736|4294967296|-68719476736,8589934592|8589934592|4294967296|-68719476736|4294967296|-68719476736,4294967296000000|4294967296000000|4294967296000000|4294967296000000|4294967296000000|4294967296000000,4294966437006541|4294966437006541|4294966437006541|4294966437006541|4294966437006541|4294966437006541,7b15fff9069b5d15ceef0b4e0cd981a4152249b204de5bad5cb2903a1fde9ebb,4f53cda18c2baa0c0354bb5f9a3ecbe5ed12ab4d8e11ba873c2f11161202b945,795deea32e4d8e1af7ee85b4eea50201e3a96b383dd737241348e3e31fa1e760,true,true,true
50,delay_section,rs1_style,cycle,core0_phase,8589934592,2,68719476736,16,2,2,2,quiescent,1,1,1,1,2,2,2,2,0,0,0,7,0,7,4,0,true,false,false,8589934592|8589934592|4294967296|-68719476736|4294967296|-68719476736,8589934592|8589934592|4294967296|-68719476736|4294967296|-68719476736,4294967296000000|4294967296000000|4294967296000000|4294967296000000|4294967296000000|4294967296000000,4294967296000000|4294967296000000|4294967296000000|4294967296000000|4294967296000000|4294967296000000,92ef5e1bc84dfedc6b9945206d8094b585aed2a2cbbc9bdf8dae1177a5705f91,4f53cda18c2baa0c0354bb5f9a3ecbe5ed12ab4d8e11ba873c2f11161202b945,9f133e5d19d621b1abcfbf4f221c6b0edef932a3bfe1b4831d449f3b207af6ed,true,true,true
50,delay_section,core_b,cycle,core0_phase,8589934592,2,68719476736,16,2,2,2,quiescent,1,1,1,1,2,2,2,2,0,0,0,7,0,7,4,0,true,false,false,8589934592|8589934592|4294967296|-68719476736|4294967296|-68719476736,8589934592|8589934592|4294967296|-68719476736|4294967296|-68719476736,4294967296000000|4294967296000000|4294967296000000|4294967296000000|4294967296000000|4294967296000000,4294965578013082|4294965578013082|4294965578013082|4294965578013082|4294965578013082|4294965578013082,92ef5e1bc84dfedc6b9945206d8094b585aed2a2cbbc9bdf8dae1177a5705f91,4f53cda18c2baa0c0354bb5f9a3ecbe5ed12ab4d8e11ba873c2f11161202b945,9f133e5d19d621b1abcfbf4f221c6b0edef932a3bfe1b4831d449f3b207af6ed,true,true,true
51,delay_section,rs1_style,cycle,core0_phase,8589934592,2,68719476736,16,2,3,3,quiescent,1,1,1,1,2,2,2,2,0,0,0,7,0,7,6,0,true,false,false,8589934592|8589934592|4294967296|-68719476736|4294967296|-68719476736,8589934592|8589934592|4294967296|-68719476736|4294967296|-68719476736,4294967296000000|4294967296000000|4294967296000000|4294967296000000|4294967296000000|4294967296000000,4294967296000000|4294967296000000|4294967296000000|4294967296000000|4294967296000000|4294967296000000,3e36eaafa5d6a8ed7f8a3de7cbb3eaca7072be7ac0a6ad8c9ab41420bc5c51f4,4f53cda18c2baa0c0354bb5f9a3ecbe5ed12ab4d8e11ba873c2f11161202b945,3456b9abfcfd4e5ec568eeb6d67896521658ec3b26f0297e7502b5f658a61f0f,true,true,true
51,delay_section,core_b,cycle,core0_phase,8589934592,2,68719476736,16,2,3,3,quiescent,1,1,1,1,2,2,2,2,0,0,0,7,0,7,6,0,true,false,false,8589934592|8589934592|4294967296|-68719476736|4294967296|-68719476736,8589934592|8589934592|4294967296|-68719476736|4294967296|-68719476736,4294967296000000|4294967296000000|4294967296000000|4294967296000000|4294967296000000|4294967296000000,4294964719019623|4294964719019623|4294964719019623|4294964719019623|4294964719019623|4294964719019623,3e36eaafa5d6a8ed7f8a3de7cbb3eaca7072be7ac0a6ad8c9ab41420bc5c51f4,4f53cda18c2baa0c0354bb5f9a3ecbe5ed12ab4d8e11ba873c2f11161202b945,3456b9abfcfd4e5ec568eeb6d67896521658ec3b26f0297e7502b5f658a61f0f,true,true,true
52,efficacy_plane,core_b,cycle,core0_phase,10737418240,2.5,0,0,2,1,1,periodic,48,48,48,48,191,96,0,86,10,2,2,256,32,288,95,1,false,true,true,10737418240|10737418240|4294967296|0|4294967296|0,10737418240|10737418240|4294967296|0|4294967296|0,4294967296000000|4294967296000000|4294967296000000|4294967296000000|4294967296000000|4294967296000000,4294926493810688|4294926493810688|4294926493810688|4294926493810688|4294926493810688|4294926493810688,b8d53fae1f93e7f3471d8a7abeae78ca9041a2ea8237bfcbfba182647844bb45,c25169daf07facb95efae6a0334f1766ac4b768d7b665dea22e852d3817414d0,ee57717da5c17b5c2096cced37dde83b0ce920ed18dd238ea9267990f52e6e64,true,true,true
53,efficacy_plane,core_b,cycle,core0_phase,10737418240,2.5,4294967296,1,2,1,1,periodic,48,48,48,48,95,96,96,86,10,2,2,256,32,288,95,1,false,true,true,10737418240|10737418240|4294967296|-4294967296|4294967296|-4294967296,10737418240|10737418240|4294967296|-4294967296|4294967296|-4294967296,4294967296000000|4294967296000000|4294967296000000|4294967296000000|4294967296000000|4294967296000000,4294926493810688|4294926493810688|4294926493810688|4294926493810688|4294926493810688|4294926493810688,6e726b27d39f499611c605169c3f2a124f76829b04fefdd3ba012adfb9ced91e,425284e42a254e41ef5c157b6c04ff6dd41e955b670c4d1fbd3dde9b16620b3c,36e2c279527902280e2b4a60af51cbaad33dc350c892c5434d38b35733d2fcc5,true,true,true
54,efficacy_plane,core_b,cycle,core0_phase,10737418240,2.5,6442450944,1.5,2,1,1,periodic,48,48,48,48,95,96,96,86,10,2,2,256,32,288,95,1,false,true,true,10737418240|10737418240|4294967296|-6442450944|4294967296|-6442450944,10737418240|10737418240|4294967296|-6442450944|4294967296|-6442450944,4294967296000000|4294967296000000|4294967296000000|4294967296000000|4294967296000000|4294967296000000,4294926493810688|4294926493810688|4294926493810688|4294926493810688|4294926493810688|4294926493810688,4a28c3cfb7bce30b0a8c087a6c4865d607f91f52f4b3aaa6a5e2657bafece33a,7e7b7bb3b25bda121f89b49867ac98259e3c085f55c751cc8bba956274abfd93,db6f81fb03431bd24fd11f0dfc7bd3219b64b9c649514783c73599b827908595,true,true,true
55,efficacy_plane,core_b,cycle,core0_phase,10737418240,2.5,8589934592,2,2,1,1,periodic,48,48,48,48,95,96,96,86,10,2,2,256,32,288,95,1,false,true,true,10737418240|10737418240|4294967296|-8589934592|4294967296|-8589934592,10737418240|10737418240|4294967296|-8589934592|4294967296|-8589934592,4294967296000000|4294967296000000|4294967296000000|4294967296000000|4294967296000000|4294967296000000,4294926493810688|4294926493810688|4294926493810688|4294926493810688|4294926493810688|4294926493810688,a586453151b7a387afbfbb929d19dec3a42b18fe47c91ecc8f4034f1677e610f,f74c11372962671174bb158d8b3a7672ba7132dcafd6c4a0ae4cf1fd8dd3a3a9,ef3904286dfdd0f997714bd65477c79c5b8a6af5cfe7bcc9981fec3c5d446422,true,true,true
56,efficacy_plane,core_b,cycle,core0_phase,10737418240,2.5,10737418240,2.5,2,1,1,periodic,48,48,48,48,95,96,96,86,10,2,2,256,32,288,95,1,false,true,true,10737418240|10737418240|4294967296|-10737418240|4294967296|-10737418240,10737418240|10737418240|4294967296|-10737418240|4294967296|-10737418240,4294967296000000|4294967296000000|4294967296000000|4294967296000000|4294967296000000|4294967296000000,4294926493810688|4294926493810688|4294926493810688|4294926493810688|4294926493810688|4294926493810688,e3ab21cb01403748252387045050b53fc229f7e1a4b56efac54a22c57d833c92,0dcbe406765545352d83343fa24789c498de7f58dbfe92bbc920153408989871,440be59abb079ddcf8eca51098ea810679e7f536a41f9a4918534128a08929ae,true,true,true
57,efficacy_plane,core_b,cycle,core0_phase,10737418240,2.5,12884901888,3,2,1,1,quiescent,1,1,1,1,2,2,2,2,0,0,0,7,0,7,2,0,true,false,false,10737418240|10737418240|4294967296|-12884901888|4294967296|-12884901888,10737418240|10737418240|4294967296|-12884901888|4294967296|-12884901888,4294967296000000|4294967296000000|4294967296000000|4294967296000000|4294967296000000|4294967296000000,4294966437006541|4294966437006541|4294966437006541|4294966437006541|4294966437006541|4294966437006541,fb19b3e7a086096e85be6f4e079d6fc5899fd7fcd2f3aed60c9e3769f93a3954,4f53cda18c2baa0c0354bb5f9a3ecbe5ed12ab4d8e11ba873c2f11161202b945,dc368f117154a8b1b35d6a26f617787da2ee85ef9c985bd954a94e3dd9cf4e79,true,true,true
58,efficacy_plane,core_b,cycle,core0_phase,10737418240,2.5,17179869184,4,2,1,1,quiescent,1,1,1,1,2,2,2,2,0,0,0,7,0,7,2,0,true,false,false,10737418240|10737418240|4294967296|-17179869184|4294967296|-17179869184,10737418240|10737418240|4294967296|-17179869184|4294967296|-17179869184,4294967296000000|4294967296000000|4294967296000000|4294967296000000|4294967296000000|4294967296000000,4294966437006541|4294966437006541|4294966437006541|4294966437006541|4294966437006541|4294966437006541,05adc9e5910ee9ea3866c2a8e912edbdea6f9e73085ea8291b79432b3c10205a,4f53cda18c2baa0c0354bb5f9a3ecbe5ed12ab4d8e11ba873c2f11161202b945,edc8fe6ec1f1d2af404f4f265d1ecbf84242ed5114768db3f7e850c19cd7aee9,true,true,true
59,efficacy_plane,core_b,cycle,core0_phase,10737418240,2.5,34359738368,8,2,1,1,quiescent,1,1,1,1,2,2,2,2,0,0,0,7,0,7,2,0,true,false,false,10737418240|10737418240|4294967296|-34359738368|4294967296|-34359738368,10737418240|10737418240|4294967296|-34359738368|4294967296|-34359738368,4294967296000000|4294967296000000|4294967296000000|4294967296000000|4294967296000000|4294967296000000,4294966437006541|4294966437006541|4294966437006541|4294966437006541|4294966437006541|4294966437006541,6ae81266b0247b4e62f6c4b5653f2ff678c8af0abe7a6ade1f41f12f48f76082,4f53cda18c2baa0c0354bb5f9a3ecbe5ed12ab4d8e11ba873c2f11161202b945,27402c57dd35b1eafacbad77c0e0784d9315b0c7758cdad29c88003b80e4a415,true,true,true
60,efficacy_plane,core_b,cycle,core0_phase,10737418240,2.5,68719476736,16,2,1,1,quiescent,1,1,1,1,2,2,2,2,0,0,0,7,0,7,2,0,true,false,false,10737418240|10737418240|4294967296|-68719476736|4294967296|-68719476736,10737418240|10737418240|4294967296|-68719476736|4294967296|-68719476736,4294967296000000|4294967296000000|4294967296000000|4294967296000000|4294967296000000|4294967296000000,4294966437006541|4294966437006541|4294966437006541|4294966437006541|4294966437006541|4294966437006541,d833d39106d7cd519271243685fa76d5d5672f657592c844cad79f26fae2f594,4f53cda18c2baa0c0354bb5f9a3ecbe5ed12ab4d8e11ba873c2f11161202b945,9108ffddbf9ad2fee93e150dbcad1a03eb116245f8282482eb01e5bd83ad8c47,true,true,true
61,efficacy_plane,rs1_style,cycle,core0_phase,12884901888,3,0,0,2,1,1,periodic,48,48,48,48,191,96,0,86,10,2,2,256,32,288,95,1,false,true,true,12884901888|12884901888|4294967296|0|4294967296|0,12884901888|12884901888|4294967296|0|4294967296|0,4294967296000000|4294967296000000|4294967296000000|4294967296000000|4294967296000000|4294967296000000,4294928641294336|4294928641294336|4294928641294336|4294928641294336|4294928641294336|4294928641294336,7631bb8423ce1a1eb5e54a31263c9059eaab1700924cfa1e241f5c5f62549eb4,a7c55e04587b110f2239b995b21bc85394c4a2684eb1ed37a809a0c0c951ecfb,812a480eb5bba755e848bf23e20ef14d337aad1852b5299f5fae93430d266974,true,true,true
61,efficacy_plane,core_b,cycle,core0_phase,12884901888,3,0,0,2,1,1,periodic,48,48,48,48,191,96,0,86,10,2,2,256,32,288,95,1,false,true,true,12884901888|12884901888|4294967296|0|4294967296|0,12884901888|12884901888|4294967296|0|4294967296|0,4294967296000000|4294967296000000|4294967296000000|4294967296000000|4294967296000000|4294967296000000,4294926493810688|4294926493810688|4294926493810688|4294926493810688|4294926493810688|4294926493810688,7631bb8423ce1a1eb5e54a31263c9059eaab1700924cfa1e241f5c5f62549eb4,a7c55e04587b110f2239b995b21bc85394c4a2684eb1ed37a809a0c0c951ecfb,812a480eb5bba755e848bf23e20ef14d337aad1852b5299f5fae93430d266974,true,true,true
62,threshold_section,rs1_style,cycle,core0_phase,12884901888,3,0,0,3,1,1,periodic,48,48,48,48,191,96,0,86,10,2,2,256,32,288,95,1,false,true,true,12884901888|12884901888|4294967296|0|4294967296|0,12884901888|12884901888|4294967296|0|4294967296|0,4294967296000000|4294967296000000|4294967296000000|4294967296000000|4294967296000000|4294967296000000,4294928641294336|4294928641294336|4294928641294336|4294928641294336|4294928641294336|4294928641294336,a1f0def50284d5857971a8a5ea82522725cab3dcb1f8afea923251e8365c264c,a7c55e04587b110f2239b995b21bc85394c4a2684eb1ed37a809a0c0c951ecfb,b2b2585f35ba38ffcad43c2fd4cc2692efd2e8bfc64e161e9d70a8e227ce72aa,true,true,true
62,threshold_section,core_b,cycle,core0_phase,12884901888,3,0,0,3,1,1,periodic,48,48,48,48,191,96,0,86,10,2,2,256,32,288,95,1,false,true,true,12884901888|12884901888|4294967296|0|4294967296|0,12884901888|12884901888|4294967296|0|4294967296|0,4294967296000000|4294967296000000|4294967296000000|4294967296000000|4294967296000000|4294967296000000,4294926493810688|4294926493810688|4294926493810688|4294926493810688|4294926493810688|4294926493810688,a1f0def50284d5857971a8a5ea82522725cab3dcb1f8afea923251e8365c264c,a7c55e04587b110f2239b995b21bc85394c4a2684eb1ed37a809a0c0c951ecfb,b2b2585f35ba38ffcad43c2fd4cc2692efd2e8bfc64e161e9d70a8e227ce72aa,true,true,true
63,efficacy_plane,rs1_style,cycle,core0_phase,12884901888,3,4294967296,1,2,1,1,periodic,48,48,48,48,95,96,96,86,10,2,2,256,32,288,95,1,false,true,true,12884901888|12884901888|4294967296|-4294967296|4294967296|-4294967296,12884901888|12884901888|4294967296|-4294967296|4294967296|-4294967296,4294967296000000|4294967296000000|4294967296000000|4294967296000000|4294967296000000|4294967296000000,4294928641294336|4294928641294336|4294928641294336|4294928641294336|4294928641294336|4294928641294336,1914e3a001bac1f975d831d6fb6949e04c2fea937c2523d2f81efa55c9acde12,f531ee07aa8f982707a9b5b9cb8b0761b4d41f7e7e4e749458fc4e15d3d5a002,99c82004d05ebd040377d565efa39fa440caeb31cee13c80f3d6faa06127d5ca,true,true,true
63,efficacy_plane,core_b,cycle,core0_phase,12884901888,3,4294967296,1,2,1,1,periodic,48,48,48,48,95,96,96,86,10,2,2,256,32,288,95,1,false,true,true,12884901888|12884901888|4294967296|-4294967296|4294967296|-4294967296,12884901888|12884901888|4294967296|-4294967296|4294967296|-4294967296,4294967296000000|4294967296000000|4294967296000000|4294967296000000|4294967296000000|4294967296000000,4294926493810688|4294926493810688|4294926493810688|4294926493810688|4294926493810688|4294926493810688,1914e3a001bac1f975d831d6fb6949e04c2fea937c2523d2f81efa55c9acde12,f531ee07aa8f982707a9b5b9cb8b0761b4d41f7e7e4e749458fc4e15d3d5a002,99c82004d05ebd040377d565efa39fa440caeb31cee13c80f3d6faa06127d5ca,true,true,true
64,threshold_section,rs1_style,cycle,core0_phase,12884901888,3,4294967296,1,3,1,1,periodic,48,48,48,48,95,96,96,86,10,2,2,256,32,288,95,1,false,true,true,12884901888|12884901888|4294967296|-4294967296|4294967296|-4294967296,12884901888|12884901888|4294967296|-4294967296|4294967296|-4294967296,4294967296000000|4294967296000000|4294967296000000|4294967296000000|4294967296000000|4294967296000000,4294928641294336|4294928641294336|4294928641294336|4294928641294336|4294928641294336|4294928641294336,9ea07bb0f2eff449ad0931954a815468cd7d1d26d66acf1021fdc174b19b75fa,f531ee07aa8f982707a9b5b9cb8b0761b4d41f7e7e4e749458fc4e15d3d5a002,a875f8de485cdd8a33b3f182d0775feaf750a2b3e3e7a318e9fd1d7b1705f45b,true,true,true
64,threshold_section,core_b,cycle,core0_phase,12884901888,3,4294967296,1,3,1,1,periodic,48,48,48,48,95,96,96,86,10,2,2,256,32,288,95,1,false,true,true,12884901888|12884901888|4294967296|-4294967296|4294967296|-4294967296,12884901888|12884901888|4294967296|-4294967296|4294967296|-4294967296,4294967296000000|4294967296000000|4294967296000000|4294967296000000|4294967296000000|4294967296000000,4294926493810688|4294926493810688|4294926493810688|4294926493810688|4294926493810688|4294926493810688,9ea07bb0f2eff449ad0931954a815468cd7d1d26d66acf1021fdc174b19b75fa,f531ee07aa8f982707a9b5b9cb8b0761b4d41f7e7e4e749458fc4e15d3d5a002,a875f8de485cdd8a33b3f182d0775feaf750a2b3e3e7a318e9fd1d7b1705f45b,true,true,true
65,efficacy_plane,core_b,cycle,core0_phase,12884901888,3,6442450944,1.5,2,1,1,periodic,48,48,48,48,95,96,96,86,10,2,2,256,32,288,95,1,false,true,true,12884901888|12884901888|4294967296|-6442450944|4294967296|-6442450944,12884901888|12884901888|4294967296|-6442450944|4294967296|-6442450944,4294967296000000|4294967296000000|4294967296000000|4294967296000000|4294967296000000|4294967296000000,4294926493810688|4294926493810688|4294926493810688|4294926493810688|4294926493810688|4294926493810688,08f9a6d9974d18bba033fe6b15d922fee2a278e2d1b2a5f9c39f216b66ef81f9,c9a4e1b0203e576fd8ab197dc084261ca47dfd669cdea46db82d8b317426e150,d99f74825f15e359030c1d4800c826e812de22061c731727804d071dda53e3ed,true,true,true
66,threshold_section,core_b,cycle,core0_phase,12884901888,3,6442450944,1.5,3,1,1,periodic,48,48,48,48,95,96,96,86,10,2,2,256,32,288,95,1,false,true,true,12884901888|12884901888|4294967296|-6442450944|4294967296|-6442450944,12884901888|12884901888|4294967296|-6442450944|4294967296|-6442450944,4294967296000000|4294967296000000|4294967296000000|4294967296000000|4294967296000000|4294967296000000,4294926493810688|4294926493810688|4294926493810688|4294926493810688|4294926493810688|4294926493810688,23c64fa81554bc045630ebd2505d090718ab127a4abd6f9463bd4df1b7536c5c,c9a4e1b0203e576fd8ab197dc084261ca47dfd669cdea46db82d8b317426e150,6109ec43f33137c3a90325227aff5de09eccf21f6eb7f49cd8a503fdc17796b8,true,true,true
67,efficacy_plane,rs1_style,cycle,core0_phase,12884901888,3,8589934592,2,2,1,1,periodic,48,48,48,48,95,96,96,86,10,2,2,256,32,288,95,1,false,true,true,12884901888|12884901888|4294967296|-8589934592|4294967296|-8589934592,12884901888|12884901888|4294967296|-8589934592|4294967296|-8589934592,4294967296000000|4294967296000000|4294967296000000|4294967296000000|4294967296000000|4294967296000000,4294928641294336|4294928641294336|4294928641294336|4294928641294336|4294928641294336|4294928641294336,ec511ead791b76ad6bd085285180cb94412cdfd98add02784463fca0dbb91fb5,89d85f4bd116e0445c996028964d28ffcb16b06ce24c106ae7a807061a9bc318,da36ffdee67448a7a3e053f87a960b6697a3cdeba067ef8fdd7f2f8ffc47122f,true,true,true
67,efficacy_plane,core_b,cycle,core0_phase,12884901888,3,8589934592,2,2,1,1,periodic,48,48,48,48,95,96,96,86,10,2,2,256,32,288,95,1,false,true,true,12884901888|12884901888|4294967296|-8589934592|4294967296|-8589934592,12884901888|12884901888|4294967296|-8589934592|4294967296|-8589934592,4294967296000000|4294967296000000|4294967296000000|4294967296000000|4294967296000000|4294967296000000,4294926493810688|4294926493810688|4294926493810688|4294926493810688|4294926493810688|4294926493810688,ec511ead791b76ad6bd085285180cb94412cdfd98add02784463fca0dbb91fb5,89d85f4bd116e0445c996028964d28ffcb16b06ce24c106ae7a807061a9bc318,da36ffdee67448a7a3e053f87a960b6697a3cdeba067ef8fdd7f2f8ffc47122f,true,true,true
68,threshold_section,rs1_style,cycle,core0_phase,12884901888,3,8589934592,2,3,1,1,periodic,48,48,48,48,95,96,96,86,10,2,2,256,32,288,95,1,false,true,true,12884901888|12884901888|4294967296|-8589934592|4294967296|-8589934592,12884901888|12884901888|4294967296|-8589934592|4294967296|-8589934592,4294967296000000|4294967296000000|4294967296000000|4294967296000000|4294967296000000|4294967296000000,4294928641294336|4294928641294336|4294928641294336|4294928641294336|4294928641294336|4294928641294336,307f2b9a6efe170a00bd253b015c0d0f411b25e3b161d9716a91a6795c9e6e9b,89d85f4bd116e0445c996028964d28ffcb16b06ce24c106ae7a807061a9bc318,c60373aa1d20073a244cd6149e7278a2f51697a353d83df644d9e4fd747f2a48,true,true,true
68,threshold_section,core_b,cycle,core0_phase,12884901888,3,8589934592,2,3,1,1,periodic,48,48,48,48,95,96,96,86,10,2,2,256,32,288,95,1,false,true,true,12884901888|12884901888|4294967296|-8589934592|4294967296|-8589934592,12884901888|12884901888|4294967296|-8589934592|4294967296|-8589934592,4294967296000000|4294967296000000|4294967296000000|4294967296000000|4294967296000000|4294967296000000,4294926493810688|4294926493810688|4294926493810688|4294926493810688|4294926493810688|4294926493810688,307f2b9a6efe170a00bd253b015c0d0f411b25e3b161d9716a91a6795c9e6e9b,89d85f4bd116e0445c996028964d28ffcb16b06ce24c106ae7a807061a9bc318,c60373aa1d20073a244cd6149e7278a2f51697a353d83df644d9e4fd747f2a48,true,true,true
69,efficacy_plane,core_b,cycle,core0_phase,12884901888,3,10737418240,2.5,2,1,1,periodic,48,48,48,48,95,96,96,86,10,2,2,256,32,288,95,1,false,true,true,12884901888|12884901888|4294967296|-10737418240|4294967296|-10737418240,12884901888|12884901888|4294967296|-10737418240|4294967296|-10737418240,4294967296000000|4294967296000000|4294967296000000|4294967296000000|4294967296000000|4294967296000000,4294926493810688|4294926493810688|4294926493810688|4294926493810688|4294926493810688|4294926493810688,5325477ce7b16110dcf5ddf277bab497a6ba4d89614d45d2ef4eafa09ff82c7e,c4c5c7c3b3d54943f42ba4e1ba6c013e45cb2113f27de2b9479c35f8fbedc176,ccd1b0f20739dfc9deee9a973baf0eeb319c907b44bc110f0105a74200ebd546,true,true,true
70,threshold_section,core_b,cycle,core0_phase,12884901888,3,10737418240,2.5,3,1,1,quiescent,1,1,1,1,2,2,2,2,0,0,0,7,0,7,2,0,true,false,false,12884901888|12884901888|4294967296|-10737418240|4294967296|-10737418240,12884901888|12884901888|4294967296|-10737418240|4294967296|-10737418240,4294967296000000|4294967296000000|4294967296000000|4294967296000000|4294967296000000|4294967296000000,4294966437006541|4294966437006541|4294966437006541|4294966437006541|4294966437006541|4294966437006541,fbeaf1b84570c4fdc631f041288da44075eed89c0267a33b8b0892a576c1cb37,4f53cda18c2baa0c0354bb5f9a3ecbe5ed12ab4d8e11ba873c2f11161202b945,3ca73549d5631fa0cd035bfc822f76218bd6440eab215aa2dd879558eaa97bbc,true,true,true
71,efficacy_plane,rs1_style,cycle,core0_phase,12884901888,3,12884901888,3,2,1,1,periodic,48,48,48,48,95,96,96,86,10,2,2,256,32,288,95,1,false,true,true,12884901888|12884901888|4294967296|-12884901888|4294967296|-12884901888,12884901888|12884901888|4294967296|-12884901888|4294967296|-12884901888,4294967296000000|4294967296000000|4294967296000000|4294967296000000|4294967296000000|4294967296000000,4294928641294336|4294928641294336|4294928641294336|4294928641294336|4294928641294336|4294928641294336,215e95ae85034466c572eb8ee259016b7409d790bef0df516dc893eef16509bb,616741b4341c44315093aaaeb9d07b5bb788e596477b0b13ed03696bfa73e436,2c291d95dd7b1831013fd095c0097de3053991efbc0e8365015d4267583342c6,true,true,true
71,efficacy_plane,core_b,cycle,core0_phase,12884901888,3,12884901888,3,2,1,1,periodic,48,48,48,48,95,96,96,86,10,2,2,256,32,288,95,1,false,true,true,12884901888|12884901888|4294967296|-12884901888|4294967296|-12884901888,12884901888|12884901888|4294967296|-12884901888|4294967296|-12884901888,4294967296000000|4294967296000000|4294967296000000|4294967296000000|4294967296000000|4294967296000000,4294926493810688|4294926493810688|4294926493810688|4294926493810688|4294926493810688|4294926493810688,215e95ae85034466c572eb8ee259016b7409d790bef0df516dc893eef16509bb,616741b4341c44315093aaaeb9d07b5bb788e596477b0b13ed03696bfa73e436,2c291d95dd7b1831013fd095c0097de3053991efbc0e8365015d4267583342c6,true,true,true
72,threshold_section,rs1_style,cycle,core0_phase,12884901888,3,12884901888,3,3,1,1,quiescent,1,1,1,1,2,2,2,2,0,0,0,7,0,7,2,0,true,false,false,12884901888|12884901888|4294967296|-12884901888|4294967296|-12884901888,12884901888|12884901888|4294967296|-12884901888|4294967296|-12884901888,4294967296000000|4294967296000000|4294967296000000|4294967296000000|4294967296000000|4294967296000000,4294967296000000|4294967296000000|4294967296000000|4294967296000000|4294967296000000|4294967296000000,8414699d929ecdf0b597805b94626c0f94b27882f5457ea15390e7a34849359a,4f53cda18c2baa0c0354bb5f9a3ecbe5ed12ab4d8e11ba873c2f11161202b945,4b7d75a613d01008d5455e190dc1f3792d90134014294d7548c14b01ca0af7c2,true,true,true
72,threshold_section,core_b,cycle,core0_phase,12884901888,3,12884901888,3,3,1,1,quiescent,1,1,1,1,2,2,2,2,0,0,0,7,0,7,2,0,true,false,false,12884901888|12884901888|4294967296|-12884901888|4294967296|-12884901888,12884901888|12884901888|4294967296|-12884901888|4294967296|-12884901888,4294967296000000|4294967296000000|4294967296000000|4294967296000000|4294967296000000|4294967296000000,4294966437006541|4294966437006541|4294966437006541|4294966437006541|4294966437006541|4294966437006541,8414699d929ecdf0b597805b94626c0f94b27882f5457ea15390e7a34849359a,4f53cda18c2baa0c0354bb5f9a3ecbe5ed12ab4d8e11ba873c2f11161202b945,4b7d75a613d01008d5455e190dc1f3792d90134014294d7548c14b01ca0af7c2,true,true,true
73,efficacy_plane,rs1_style,cycle,core0_phase,12884901888,3,17179869184,4,2,1,1,quiescent,1,1,1,1,2,2,2,2,0,0,0,7,0,7,2,0,true,false,false,12884901888|12884901888|4294967296|-17179869184|4294967296|-17179869184,12884901888|12884901888|4294967296|-17179869184|4294967296|-17179869184,4294967296000000|4294967296000000|4294967296000000|4294967296000000|4294967296000000|4294967296000000,4294967296000000|4294967296000000|4294967296000000|4294967296000000|4294967296000000|4294967296000000,e6f5b1682702c46ca8fcf0079588f623471f5016791eceb5c3e6f5910773a747,4f53cda18c2baa0c0354bb5f9a3ecbe5ed12ab4d8e11ba873c2f11161202b945,d6c2837302b1208e2b812dea767c56d0843698006c8aec0fc4910f8be63a447c,true,true,true
73,efficacy_plane,core_b,cycle,core0_phase,12884901888,3,17179869184,4,2,1,1,quiescent,1,1,1,1,2,2,2,2,0,0,0,7,0,7,2,0,true,false,false,12884901888|12884901888|4294967296|-17179869184|4294967296|-17179869184,12884901888|12884901888|4294967296|-17179869184|4294967296|-17179869184,4294967296000000|4294967296000000|4294967296000000|4294967296000000|4294967296000000|4294967296000000,4294966437006541|4294966437006541|4294966437006541|4294966437006541|4294966437006541|4294966437006541,e6f5b1682702c46ca8fcf0079588f623471f5016791eceb5c3e6f5910773a747,4f53cda18c2baa0c0354bb5f9a3ecbe5ed12ab4d8e11ba873c2f11161202b945,d6c2837302b1208e2b812dea767c56d0843698006c8aec0fc4910f8be63a447c,true,true,true
74,threshold_section,rs1_style,cycle,core0_phase,12884901888,3,17179869184,4,3,1,1,quiescent,1,1,1,1,2,2,2,2,0,0,0,7,0,7,2,0,true,false,false,12884901888|12884901888|4294967296|-17179869184|4294967296|-17179869184,12884901888|12884901888|4294967296|-17179869184|4294967296|-17179869184,4294967296000000|4294967296000000|4294967296000000|4294967296000000|4294967296000000|4294967296000000,4294967296000000|4294967296000000|4294967296000000|4294967296000000|4294967296000000|4294967296000000,0f2176eb0cd80dae41adc05e075025d8b47a10b8f05f282b0ee852ed57ea160d,4f53cda18c2baa0c0354bb5f9a3ecbe5ed12ab4d8e11ba873c2f11161202b945,80d464836d0c34ab0c05b8c70f677d154d2a669e0005d601d5fc245988edcfc6,true,true,true
74,threshold_section,core_b,cycle,core0_phase,12884901888,3,17179869184,4,3,1,1,quiescent,1,1,1,1,2,2,2,2,0,0,0,7,0,7,2,0,true,false,false,12884901888|12884901888|4294967296|-17179869184|4294967296|-17179869184,12884901888|12884901888|4294967296|-17179869184|4294967296|-17179869184,4294967296000000|4294967296000000|4294967296000000|4294967296000000|4294967296000000|4294967296000000,4294966437006541|4294966437006541|4294966437006541|4294966437006541|4294966437006541|4294966437006541,0f2176eb0cd80dae41adc05e075025d8b47a10b8f05f282b0ee852ed57ea160d,4f53cda18c2baa0c0354bb5f9a3ecbe5ed12ab4d8e11ba873c2f11161202b945,80d464836d0c34ab0c05b8c70f677d154d2a669e0005d601d5fc245988edcfc6,true,true,true
75,efficacy_plane,rs1_style,cycle,core0_phase,12884901888,3,34359738368,8,2,1,1,quiescent,1,1,1,1,2,2,2,2,0,0,0,7,0,7,2,0,true,false,false,12884901888|12884901888|4294967296|-34359738368|4294967296|-34359738368,12884901888|12884901888|4294967296|-34359738368|4294967296|-34359738368,4294967296000000|4294967296000000|4294967296000000|4294967296000000|4294967296000000|4294967296000000,4294967296000000|4294967296000000|4294967296000000|4294967296000000|4294967296000000|4294967296000000,963bead701469c402b36fa2410a20f8318699c4475e78b344955066740cc38c4,4f53cda18c2baa0c0354bb5f9a3ecbe5ed12ab4d8e11ba873c2f11161202b945,ef0bed2e9819d07ae34c14b9ec20bb0363c79bdd054bed83d700a0c164168810,true,true,true
75,efficacy_plane,core_b,cycle,core0_phase,12884901888,3,34359738368,8,2,1,1,quiescent,1,1,1,1,2,2,2,2,0,0,0,7,0,7,2,0,true,false,false,12884901888|12884901888|4294967296|-34359738368|4294967296|-34359738368,12884901888|12884901888|4294967296|-34359738368|4294967296|-34359738368,4294967296000000|4294967296000000|4294967296000000|4294967296000000|4294967296000000|4294967296000000,4294966437006541|4294966437006541|4294966437006541|4294966437006541|4294966437006541|4294966437006541,963bead701469c402b36fa2410a20f8318699c4475e78b344955066740cc38c4,4f53cda18c2baa0c0354bb5f9a3ecbe5ed12ab4d8e11ba873c2f11161202b945,ef0bed2e9819d07ae34c14b9ec20bb0363c79bdd054bed83d700a0c164168810,true,true,true
76,threshold_section,rs1_style,cycle,core0_phase,12884901888,3,34359738368,8,3,1,1,quiescent,1,1,1,1,2,2,2,2,0,0,0,7,0,7,2,0,true,false,false,12884901888|12884901888|4294967296|-34359738368|4294967296|-34359738368,12884901888|12884901888|4294967296|-34359738368|4294967296|-34359738368,4294967296000000|4294967296000000|4294967296000000|4294967296000000|4294967296000000|4294967296000000,4294967296000000|4294967296000000|4294967296000000|4294967296000000|4294967296000000|4294967296000000,46f7de2051663bd0ec51c48c223b02397fc96b6fe6bf4390ca3951f4017ef816,4f53cda18c2baa0c0354bb5f9a3ecbe5ed12ab4d8e11ba873c2f11161202b945,25b51eeaeb229f7dbb3dcc57555f4889cd805a7af0da7f26ac7a98251035d2c2,true,true,true
76,threshold_section,core_b,cycle,core0_phase,12884901888,3,34359738368,8,3,1,1,quiescent,1,1,1,1,2,2,2,2,0,0,0,7,0,7,2,0,true,false,false,12884901888|12884901888|4294967296|-34359738368|4294967296|-34359738368,12884901888|12884901888|4294967296|-34359738368|4294967296|-34359738368,4294967296000000|4294967296000000|4294967296000000|4294967296000000|4294967296000000|4294967296000000,4294966437006541|4294966437006541|4294966437006541|4294966437006541|4294966437006541|4294966437006541,46f7de2051663bd0ec51c48c223b02397fc96b6fe6bf4390ca3951f4017ef816,4f53cda18c2baa0c0354bb5f9a3ecbe5ed12ab4d8e11ba873c2f11161202b945,25b51eeaeb229f7dbb3dcc57555f4889cd805a7af0da7f26ac7a98251035d2c2,true,true,true
77,efficacy_plane,rs1_style,cycle,core0_phase,12884901888,3,68719476736,16,2,1,1,quiescent,1,1,1,1,2,2,2,2,0,0,0,7,0,7,2,0,true,false,false,12884901888|12884901888|4294967296|-68719476736|4294967296|-68719476736,12884901888|12884901888|4294967296|-68719476736|4294967296|-68719476736,4294967296000000|4294967296000000|4294967296000000|4294967296000000|4294967296000000|4294967296000000,4294967296000000|4294967296000000|4294967296000000|4294967296000000|4294967296000000|4294967296000000,c95e2c4750297087268597fffcb649ecbcf414735e59a1634867060e8fcc3436,4f53cda18c2baa0c0354bb5f9a3ecbe5ed12ab4d8e11ba873c2f11161202b945,0aa434eb9fb226c13c0fc7b363acd49edaf524fd424db3fb57415a7fd7a180a7,true,true,true
77,efficacy_plane,core_b,cycle,core0_phase,12884901888,3,68719476736,16,2,1,1,quiescent,1,1,1,1,2,2,2,2,0,0,0,7,0,7,2,0,true,false,false,12884901888|12884901888|4294967296|-68719476736|4294967296|-68719476736,12884901888|12884901888|4294967296|-68719476736|4294967296|-68719476736,4294967296000000|4294967296000000|4294967296000000|4294967296000000|4294967296000000|4294967296000000,4294966437006541|4294966437006541|4294966437006541|4294966437006541|4294966437006541|4294966437006541,c95e2c4750297087268597fffcb649ecbcf414735e59a1634867060e8fcc3436,4f53cda18c2baa0c0354bb5f9a3ecbe5ed12ab4d8e11ba873c2f11161202b945,0aa434eb9fb226c13c0fc7b363acd49edaf524fd424db3fb57415a7fd7a180a7,true,true,true
78,threshold_section,rs1_style,cycle,core0_phase,12884901888,3,68719476736,16,3,1,1,quiescent,1,1,1,1,2,2,2,2,0,0,0,7,0,7,2,0,true,false,false,12884901888|12884901888|4294967296|-68719476736|4294967296|-68719476736,12884901888|12884901888|4294967296|-68719476736|4294967296|-68719476736,4294967296000000|4294967296000000|4294967296000000|4294967296000000|4294967296000000|4294967296000000,4294967296000000|4294967296000000|4294967296000000|4294967296000000|4294967296000000|4294967296000000,aa62c6f5dbad93022aee30b0c4392d4148d0f45901e9fbfcd883e5be92503895,4f53cda18c2baa0c0354bb5f9a3ecbe5ed12ab4d8e11ba873c2f11161202b945,fa1cf6b2d6688bcc56eac4af6e4d922903c12569edd8100f6a2417c46794fbdd,true,true,true
78,threshold_section,core_b,cycle,core0_phase,12884901888,3,68719476736,16,3,1,1,quiescent,1,1,1,1,2,2,2,2,0,0,0,7,0,7,2,0,true,false,false,12884901888|12884901888|4294967296|-68719476736|4294967296|-68719476736,12884901888|12884901888|4294967296|-68719476736|4294967296|-68719476736,4294967296000000|4294967296000000|4294967296000000|4294967296000000|4294967296000000|4294967296000000,4294966437006541|4294966437006541|4294966437006541|4294966437006541|4294966437006541|4294966437006541,aa62c6f5dbad93022aee30b0c4392d4148d0f45901e9fbfcd883e5be92503895,4f53cda18c2baa0c0354bb5f9a3ecbe5ed12ab4d8e11ba873c2f11161202b945,fa1cf6b2d6688bcc56eac4af6e4d922903c12569edd8100f6a2417c46794fbdd,true,true,true
79,threshold_section,rs1_style,cycle,rs1_phase,4294967296,1,0,0,1,1,1,periodic,48,48,48,48,191,96,0,86,10,2,2,256,32,288,95,1,false,true,true,4294967296|4294967296|4294967296|0|4294967296|0,4294967296|4294967296|4294967296|0|4294967296|0,4294967296000000|4294967296000000|4294967296000000|4294967296000000|4294967296000000|4294967296000000,4294928641294336|4294928641294336|4294928641294336|4294928641294336|4294928641294336|4294928641294336,43a751096a5036a3a34c902ba82ce70376d5f8e08d95300ffd7ac97eed5a2652,d8c0bb95fbf200d488f7b311ff16c1a1cc53d25cd596ecfd6a9cee6bc48c230c,f46b4ecaac1962e1572763406b22c7e64c05f1b5c4df64a05f267c53977cb1c9,true,true,true
79,threshold_section,core_b,cycle,rs1_phase,4294967296,1,0,0,1,1,1,periodic,48,48,48,48,191,96,0,86,10,2,2,256,32,288,95,1,false,true,true,4294967296|4294967296|4294967296|0|4294967296|0,4294967296|4294967296|4294967296|0|4294967296|0,4294967296000000|4294967296000000|4294967296000000|4294967296000000|4294967296000000|4294967296000000,4294926493810688|4294926493810688|4294926493810688|4294926493810688|4294926493810688|4294926493810688,43a751096a5036a3a34c902ba82ce70376d5f8e08d95300ffd7ac97eed5a2652,d8c0bb95fbf200d488f7b311ff16c1a1cc53d25cd596ecfd6a9cee6bc48c230c,f46b4ecaac1962e1572763406b22c7e64c05f1b5c4df64a05f267c53977cb1c9,true,true,true
80,efficacy_plane,rs1_style,cycle,rs1_phase,4294967296,1,0,0,2,1,1,quiescent,1,0,1,0,2,1,0,1,0,0,0,4,0,4,1,0,true,false,false,4294967296|4294967296|4294967296|0|4294967296|0,4294967296|4294967296|4294967296|0|4294967296|0,4294967296000000|4294967296000000|4294967296000000|4294967296000000|4294967296000000|4294967296000000,4294967296000000|4294967296000000|4294967296000000|4294967296000000|4294967296000000|4294967296000000,2c36a07105cd7060a4bb31fac9c59169f3defc43301888595a6ee1b8d6d02aee,4f53cda18c2baa0c0354bb5f9a3ecbe5ed12ab4d8e11ba873c2f11161202b945,2221a158d55e74de02b3db7357f81f778088e2692580a8a4caf07f7717858fff,true,true,true
80,efficacy_plane,core_b,cycle,rs1_phase,4294967296,1,0,0,2,1,1,quiescent,1,0,1,0,2,1,0,1,0,0,0,4,0,4,1,0,true,false,false,4294967296|4294967296|4294967296|0|4294967296|0,4294967296|4294967296|4294967296|0|4294967296|0,4294967296000000|4294967296000000|4294967296000000|4294967296000000|4294967296000000|4294967296000000,4294966866503271|4294966866503271|4294966866503271|4294966866503271|4294966866503271|4294966866503271,2c36a07105cd7060a4bb31fac9c59169f3defc43301888595a6ee1b8d6d02aee,4f53cda18c2baa0c0354bb5f9a3ecbe5ed12ab4d8e11ba873c2f11161202b945,2221a158d55e74de02b3db7357f81f778088e2692580a8a4caf07f7717858fff,true,true,true
81,threshold_section,rs1_style,cycle,rs1_phase,4294967296,1,4294967296,1,1,1,1,periodic,48,48,48,48,95,96,96,86,10,2,2,256,32,288,95,1,false,true,true,4294967296|4294967296|4294967296|-4294967296|4294967296|-4294967296,4294967296|4294967296|4294967296|-4294967296|4294967296|-4294967296,4294967296000000|4294967296000000|4294967296000000|4294967296000000|4294967296000000|4294967296000000,4294928641294336|4294928641294336|4294928641294336|4294928641294336|4294928641294336|4294928641294336,56d1a0a2b305f2d002da39043fddfcd323c22f2d3fae2eefaa97ec692a66b0a7,e45737135cb5ebfd1417a1f327c3025055f8091d84b8a136c4e019229a86d502,f14602a0d46b89588ecd6f043f0c984d1532d1055f05f34be962cfcdec50b9b5,true,true,true
81,threshold_section,core_b,cycle,rs1_phase,4294967296,1,4294967296,1,1,1,1,periodic,48,48,48,48,95,96,96,86,10,2,2,256,32,288,95,1,false,true,true,4294967296|4294967296|4294967296|-4294967296|4294967296|-4294967296,4294967296|4294967296|4294967296|-4294967296|4294967296|-4294967296,4294967296000000|4294967296000000|4294967296000000|4294967296000000|4294967296000000|4294967296000000,4294926493810688|4294926493810688|4294926493810688|4294926493810688|4294926493810688|4294926493810688,56d1a0a2b305f2d002da39043fddfcd323c22f2d3fae2eefaa97ec692a66b0a7,e45737135cb5ebfd1417a1f327c3025055f8091d84b8a136c4e019229a86d502,f14602a0d46b89588ecd6f043f0c984d1532d1055f05f34be962cfcdec50b9b5,true,true,true
82,efficacy_plane,rs1_style,cycle,rs1_phase,4294967296,1,4294967296,1,2,1,1,quiescent,1,0,1,0,1,1,1,1,0,0,0,4,0,4,1,0,true,false,false,4294967296|4294967296|4294967296|-4294967296|4294967296|-4294967296,4294967296|4294967296|4294967296|-4294967296|4294967296|-4294967296,4294967296000000|4294967296000000|4294967296000000|4294967296000000|4294967296000000|4294967296000000,4294967296000000|4294967296000000|4294967296000000|4294967296000000|4294967296000000|4294967296000000,b0b9142c439b1eda0d738a42c814d0842c77713034f581f91edc855699c1f686,4f53cda18c2baa0c0354bb5f9a3ecbe5ed12ab4d8e11ba873c2f11161202b945,f077d7ab17ae0aeac7284428d0f083b2303631439d42539a924895a5302a1082,true,true,true
82,efficacy_plane,core_b,cycle,rs1_phase,4294967296,1,4294967296,1,2,1,1,quiescent,1,0,1,0,1,1,1,1,0,0,0,4,0,4,1,0,true,false,false,4294967296|4294967296|4294967296|-4294967296|4294967296|-4294967296,4294967296|4294967296|4294967296|-4294967296|4294967296|-4294967296,4294967296000000|4294967296000000|4294967296000000|4294967296000000|4294967296000000|4294967296000000,4294966866503271|4294966866503271|4294966866503271|4294966866503271|4294966866503271|4294966866503271,b0b9142c439b1eda0d738a42c814d0842c77713034f581f91edc855699c1f686,4f53cda18c2baa0c0354bb5f9a3ecbe5ed12ab4d8e11ba873c2f11161202b945,f077d7ab17ae0aeac7284428d0f083b2303631439d42539a924895a5302a1082,true,true,true
83,threshold_section,core_b,cycle,rs1_phase,4294967296,1,6442450944,1.5,1,1,1,periodic,48,48,48,48,95,96,96,86,10,2,2,256,32,288,95,1,false,true,true,4294967296|4294967296|4294967296|-6442450944|4294967296|-6442450944,4294967296|4294967296|4294967296|-6442450944|4294967296|-6442450944,4294967296000000|4294967296000000|4294967296000000|4294967296000000|4294967296000000|4294967296000000,4294926493810688|4294926493810688|4294926493810688|4294926493810688|4294926493810688|4294926493810688,bd33b7bfbda4d0a1bfb5f537a4f472308be758e8ffa8dc258d72c7598a01e21f,bf57d69ad1211d22247dab7baeb86769d97c08c70b549137a727045149174895,b817efc36bedb8a7a531817d2e8bcb70ebf9d58bdff232677be36c53af73ebef,true,true,true
84,efficacy_plane,core_b,cycle,rs1_phase,4294967296,1,6442450944,1.5,2,1,1,quiescent,1,0,1,0,1,1,1,1,0,0,0,4,0,4,1,0,true,false,false,4294967296|4294967296|4294967296|-6442450944|4294967296|-6442450944,4294967296|4294967296|4294967296|-6442450944|4294967296|-6442450944,4294967296000000|4294967296000000|4294967296000000|4294967296000000|4294967296000000|4294967296000000,4294966866503271|4294966866503271|4294966866503271|4294966866503271|4294966866503271|4294966866503271,1bbc4077b5328601d20f72f7998442d33265fddf786bab8f915b96b271eaec41,4f53cda18c2baa0c0354bb5f9a3ecbe5ed12ab4d8e11ba873c2f11161202b945,d4d92ea0d50128dfd326c510bb6eb62cbac756ffcad86b6a405e4b8f8dfeb27f,true,true,true
85,threshold_section,rs1_style,cycle,rs1_phase,4294967296,1,8589934592,2,1,1,1,periodic,48,48,48,48,95,96,96,86,10,2,2,256,32,288,95,1,false,true,true,4294967296|4294967296|4294967296|-8589934592|4294967296|-8589934592,4294967296|4294967296|4294967296|-8589934592|4294967296|-8589934592,4294967296000000|4294967296000000|4294967296000000|4294967296000000|4294967296000000|4294967296000000,4294928641294336|4294928641294336|4294928641294336|4294928641294336|4294928641294336|4294928641294336,8b845169c350d2a72dc0b6dc9fce51484d482f07d24639074c74811daf7ae3d0,bfbe08b33fdbc60130c904fa960ef3483197f0ce83ececd92a2e4f88dfa93952,8eca55e53637bc2f0df8fe549f3a5cf29008b8a7c809bd70672c52a8f493feeb,true,true,true
85,threshold_section,core_b,cycle,rs1_phase,4294967296,1,8589934592,2,1,1,1,periodic,48,48,48,48,95,96,96,86,10,2,2,256,32,288,95,1,false,true,true,4294967296|4294967296|4294967296|-8589934592|4294967296|-8589934592,4294967296|4294967296|4294967296|-8589934592|4294967296|-8589934592,4294967296000000|4294967296000000|4294967296000000|4294967296000000|4294967296000000|4294967296000000,4294926493810688|4294926493810688|4294926493810688|4294926493810688|4294926493810688|4294926493810688,8b845169c350d2a72dc0b6dc9fce51484d482f07d24639074c74811daf7ae3d0,bfbe08b33fdbc60130c904fa960ef3483197f0ce83ececd92a2e4f88dfa93952,8eca55e53637bc2f0df8fe549f3a5cf29008b8a7c809bd70672c52a8f493feeb,true,true,true
86,efficacy_plane,rs1_style,cycle,rs1_phase,4294967296,1,8589934592,2,2,1,1,quiescent,1,0,1,0,1,1,1,1,0,0,0,4,0,4,1,0,true,false,false,4294967296|4294967296|4294967296|-8589934592|4294967296|-8589934592,4294967296|4294967296|4294967296|-8589934592|4294967296|-8589934592,4294967296000000|4294967296000000|4294967296000000|4294967296000000|4294967296000000|4294967296000000,4294967296000000|4294967296000000|4294967296000000|4294967296000000|4294967296000000|4294967296000000,1cd91e8e32b9730a10bf9143d635185366e87bab719ca589722ec307b487f0d7,4f53cda18c2baa0c0354bb5f9a3ecbe5ed12ab4d8e11ba873c2f11161202b945,3a642cc1614c75419d22ed1a7f53bb9092ae92dd0c3b1c39b12d7fcb4f68f890,true,true,true
86,efficacy_plane,core_b,cycle,rs1_phase,4294967296,1,8589934592,2,2,1,1,quiescent,1,0,1,0,1,1,1,1,0,0,0,4,0,4,1,0,true,false,false,4294967296|4294967296|4294967296|-8589934592|4294967296|-8589934592,4294967296|4294967296|4294967296|-8589934592|4294967296|-8589934592,4294967296000000|4294967296000000|4294967296000000|4294967296000000|4294967296000000|4294967296000000,4294966866503271|4294966866503271|4294966866503271|4294966866503271|4294966866503271|4294966866503271,1cd91e8e32b9730a10bf9143d635185366e87bab719ca589722ec307b487f0d7,4f53cda18c2baa0c0354bb5f9a3ecbe5ed12ab4d8e11ba873c2f11161202b945,3a642cc1614c75419d22ed1a7f53bb9092ae92dd0c3b1c39b12d7fcb4f68f890,true,true,true
87,threshold_section,core_b,cycle,rs1_phase,4294967296,1,10737418240,2.5,1,1,1,quiescent,1,1,1,1,2,2,2,2,0,0,0,7,0,7,2,0,true,false,false,4294967296|4294967296|4294967296|-10737418240|4294967296|-10737418240,4294967296|4294967296|4294967296|-10737418240|4294967296|-10737418240,4294967296000000|4294967296000000|4294967296000000|4294967296000000|4294967296000000|4294967296000000,4294966437006541|4294966437006541|4294966437006541|4294966437006541|4294966437006541|4294966437006541,b024f64ba8a9631223269f0dcae0689e01d724d67311e771390d271c06182ba5,4f53cda18c2baa0c0354bb5f9a3ecbe5ed12ab4d8e11ba873c2f11161202b945,a5460559f2416645d4556816e7befabb16dd81da02ed5e91abad408e88e3614d,true,true,true
88,efficacy_plane,core_b,cycle,rs1_phase,4294967296,1,10737418240,2.5,2,1,1,quiescent,1,0,1,0,1,1,1,1,0,0,0,4,0,4,1,0,true,false,false,4294967296|4294967296|4294967296|-10737418240|4294967296|-10737418240,4294967296|4294967296|4294967296|-10737418240|4294967296|-10737418240,4294967296000000|4294967296000000|4294967296000000|4294967296000000|4294967296000000|4294967296000000,4294966866503271|4294966866503271|4294966866503271|4294966866503271|4294966866503271|4294966866503271,f35b4fb76c548f8b3378f98e35d60420699fdc7c6e2f2eaa318fa1eaabdb69b6,4f53cda18c2baa0c0354bb5f9a3ecbe5ed12ab4d8e11ba873c2f11161202b945,922ed00fbb376a8eef4c65603c4700d8bf338510622876b6c132af20385cb2b0,true,true,true
89,threshold_section,rs1_style,cycle,rs1_phase,4294967296,1,12884901888,3,1,1,1,quiescent,1,1,1,1,2,2,2,2,0,0,0,7,0,7,2,0,true,false,false,4294967296|4294967296|4294967296|-12884901888|4294967296|-12884901888,4294967296|4294967296|4294967296|-12884901888|4294967296|-12884901888,4294967296000000|4294967296000000|4294967296000000|4294967296000000|4294967296000000|4294967296000000,4294967296000000|4294967296000000|4294967296000000|4294967296000000|4294967296000000|4294967296000000,8b0ef77f3cb6e71f6442bd5ae0e2a80c7ff24b1d3453d2b49f7fa7c2708bf286,4f53cda18c2baa0c0354bb5f9a3ecbe5ed12ab4d8e11ba873c2f11161202b945,a8c7e231224c98be799ffddab83453ee10e5541d68a8cc826299a016120366fd,true,true,true
89,threshold_section,core_b,cycle,rs1_phase,4294967296,1,12884901888,3,1,1,1,quiescent,1,1,1,1,2,2,2,2,0,0,0,7,0,7,2,0,true,false,false,4294967296|4294967296|4294967296|-12884901888|4294967296|-12884901888,4294967296|4294967296|4294967296|-12884901888|4294967296|-12884901888,4294967296000000|4294967296000000|4294967296000000|4294967296000000|4294967296000000|4294967296000000,4294966437006541|4294966437006541|4294966437006541|4294966437006541|4294966437006541|4294966437006541,8b0ef77f3cb6e71f6442bd5ae0e2a80c7ff24b1d3453d2b49f7fa7c2708bf286,4f53cda18c2baa0c0354bb5f9a3ecbe5ed12ab4d8e11ba873c2f11161202b945,a8c7e231224c98be799ffddab83453ee10e5541d68a8cc826299a016120366fd,true,true,true
90,efficacy_plane,rs1_style,cycle,rs1_phase,4294967296,1,12884901888,3,2,1,1,quiescent,1,0,1,0,1,1,1,1,0,0,0,4,0,4,1,0,true,false,false,4294967296|4294967296|4294967296|-12884901888|4294967296|-12884901888,4294967296|4294967296|4294967296|-12884901888|4294967296|-12884901888,4294967296000000|4294967296000000|4294967296000000|4294967296000000|4294967296000000|4294967296000000,4294967296000000|4294967296000000|4294967296000000|4294967296000000|4294967296000000|4294967296000000,b1041a99ac0bd229460fbd832f1386fece5f78228ec37ac49cb8422bafa84525,4f53cda18c2baa0c0354bb5f9a3ecbe5ed12ab4d8e11ba873c2f11161202b945,d0fe554ba75fc2d1d1c9ce3915a34256cd3bc9b4f982d4ba68b528706b09c92f,true,true,true
90,efficacy_plane,core_b,cycle,rs1_phase,4294967296,1,12884901888,3,2,1,1,quiescent,1,0,1,0,1,1,1,1,0,0,0,4,0,4,1,0,true,false,false,4294967296|4294967296|4294967296|-12884901888|4294967296|-12884901888,4294967296|4294967296|4294967296|-12884901888|4294967296|-12884901888,4294967296000000|4294967296000000|4294967296000000|4294967296000000|4294967296000000|4294967296000000,4294966866503271|4294966866503271|4294966866503271|4294966866503271|4294966866503271|4294966866503271,b1041a99ac0bd229460fbd832f1386fece5f78228ec37ac49cb8422bafa84525,4f53cda18c2baa0c0354bb5f9a3ecbe5ed12ab4d8e11ba873c2f11161202b945,d0fe554ba75fc2d1d1c9ce3915a34256cd3bc9b4f982d4ba68b528706b09c92f,true,true,true
91,threshold_section,rs1_style,cycle,rs1_phase,4294967296,1,17179869184,4,1,1,1,quiescent,1,1,1,1,2,2,2,2,0,0,0,7,0,7,2,0,true,false,false,4294967296|4294967296|4294967296|-17179869184|4294967296|-17179869184,4294967296|4294967296|4294967296|-17179869184|4294967296|-17179869184,4294967296000000|4294967296000000|4294967296000000|4294967296000000|4294967296000000|4294967296000000,4294967296000000|4294967296000000|4294967296000000|4294967296000000|4294967296000000|4294967296000000,7f598951d38895c523c78037e3e6c1bd00a5e497bbaf5142fc8385cff37eaa95,4f53cda18c2baa0c0354bb5f9a3ecbe5ed12ab4d8e11ba873c2f11161202b945,66f0e6daf76412e96ccd0a9ed8ee9bb4bdd001f7db4bbd53b1b9a89461f19040,true,true,true
91,threshold_section,core_b,cycle,rs1_phase,4294967296,1,17179869184,4,1,1,1,quiescent,1,1,1,1,2,2,2,2,0,0,0,7,0,7,2,0,true,false,false,4294967296|4294967296|4294967296|-17179869184|4294967296|-17179869184,4294967296|4294967296|4294967296|-17179869184|4294967296|-17179869184,4294967296000000|4294967296000000|4294967296000000|4294967296000000|4294967296000000|4294967296000000,4294966437006541|4294966437006541|4294966437006541|4294966437006541|4294966437006541|4294966437006541,7f598951d38895c523c78037e3e6c1bd00a5e497bbaf5142fc8385cff37eaa95,4f53cda18c2baa0c0354bb5f9a3ecbe5ed12ab4d8e11ba873c2f11161202b945,66f0e6daf76412e96ccd0a9ed8ee9bb4bdd001f7db4bbd53b1b9a89461f19040,true,true,true
92,efficacy_plane,rs1_style,cycle,rs1_phase,4294967296,1,17179869184,4,2,1,1,quiescent,1,0,1,0,1,1,1,1,0,0,0,4,0,4,1,0,true,false,false,4294967296|4294967296|4294967296|-17179869184|4294967296|-17179869184,4294967296|4294967296|4294967296|-17179869184|4294967296|-17179869184,4294967296000000|4294967296000000|4294967296000000|4294967296000000|4294967296000000|4294967296000000,4294967296000000|4294967296000000|4294967296000000|4294967296000000|4294967296000000|4294967296000000,664ee3e970d16243c9111ce413ff0d476ede0f5320acb1038e752280793d3477,4f53cda18c2baa0c0354bb5f9a3ecbe5ed12ab4d8e11ba873c2f11161202b945,d69f59cfab03ee711bb849cc4e54aed0464f884b0c5648869d4e8058c06fda4f,true,true,true
92,efficacy_plane,core_b,cycle,rs1_phase,4294967296,1,17179869184,4,2,1,1,quiescent,1,0,1,0,1,1,1,1,0,0,0,4,0,4,1,0,true,false,false,4294967296|4294967296|4294967296|-17179869184|4294967296|-17179869184,4294967296|4294967296|4294967296|-17179869184|4294967296|-17179869184,4294967296000000|4294967296000000|4294967296000000|4294967296000000|4294967296000000|4294967296000000,4294966866503271|4294966866503271|4294966866503271|4294966866503271|4294966866503271|4294966866503271,664ee3e970d16243c9111ce413ff0d476ede0f5320acb1038e752280793d3477,4f53cda18c2baa0c0354bb5f9a3ecbe5ed12ab4d8e11ba873c2f11161202b945,d69f59cfab03ee711bb849cc4e54aed0464f884b0c5648869d4e8058c06fda4f,true,true,true
93,threshold_section,rs1_style,cycle,rs1_phase,4294967296,1,34359738368,8,1,1,1,quiescent,1,1,1,1,2,2,2,2,0,0,0,7,0,7,2,0,true,false,false,4294967296|4294967296|4294967296|-34359738368|4294967296|-34359738368,4294967296|4294967296|4294967296|-34359738368|4294967296|-34359738368,4294967296000000|4294967296000000|4294967296000000|4294967296000000|4294967296000000|4294967296000000,4294967296000000|4294967296000000|4294967296000000|4294967296000000|4294967296000000|4294967296000000,6acf693fdba32d975b3fb5ff83b36670ff119b4579419d7e90451d9f430847e7,4f53cda18c2baa0c0354bb5f9a3ecbe5ed12ab4d8e11ba873c2f11161202b945,26eda5cf6e696e958ef57c0b31c662c5aded9585a4fda59095ef369850a566d0,true,true,true
93,threshold_section,core_b,cycle,rs1_phase,4294967296,1,34359738368,8,1,1,1,quiescent,1,1,1,1,2,2,2,2,0,0,0,7,0,7,2,0,true,false,false,4294967296|4294967296|4294967296|-34359738368|4294967296|-34359738368,4294967296|4294967296|4294967296|-34359738368|4294967296|-34359738368,4294967296000000|4294967296000000|4294967296000000|4294967296000000|4294967296000000|4294967296000000,4294966437006541|4294966437006541|4294966437006541|4294966437006541|4294966437006541|4294966437006541,6acf693fdba32d975b3fb5ff83b36670ff119b4579419d7e90451d9f430847e7,4f53cda18c2baa0c0354bb5f9a3ecbe5ed12ab4d8e11ba873c2f11161202b945,26eda5cf6e696e958ef57c0b31c662c5aded9585a4fda59095ef369850a566d0,true,true,true
94,efficacy_plane,rs1_style,cycle,rs1_phase,4294967296,1,34359738368,8,2,1,1,quiescent,1,0,1,0,1,1,1,1,0,0,0,4,0,4,1,0,true,false,false,4294967296|4294967296|4294967296|-34359738368|4294967296|-34359738368,4294967296|4294967296|4294967296|-34359738368|4294967296|-34359738368,4294967296000000|4294967296000000|4294967296000000|4294967296000000|4294967296000000|4294967296000000,4294967296000000|4294967296000000|4294967296000000|4294967296000000|4294967296000000|4294967296000000,97ccc6a00202bff297310749528d4b739d70908f69dd521b92a133366884b0f1,4f53cda18c2baa0c0354bb5f9a3ecbe5ed12ab4d8e11ba873c2f11161202b945,230e64c4e1cd6432a9cb5f0923f5e6cdc2df4f3111e590b58eabea304805d190,true,true,true
94,efficacy_plane,core_b,cycle,rs1_phase,4294967296,1,34359738368,8,2,1,1,quiescent,1,0,1,0,1,1,1,1,0,0,0,4,0,4,1,0,true,false,false,4294967296|4294967296|4294967296|-34359738368|4294967296|-34359738368,4294967296|4294967296|4294967296|-34359738368|4294967296|-34359738368,4294967296000000|4294967296000000|4294967296000000|4294967296000000|4294967296000000|4294967296000000,4294966866503271|4294966866503271|4294966866503271|4294966866503271|4294966866503271|4294966866503271,97ccc6a00202bff297310749528d4b739d70908f69dd521b92a133366884b0f1,4f53cda18c2baa0c0354bb5f9a3ecbe5ed12ab4d8e11ba873c2f11161202b945,230e64c4e1cd6432a9cb5f0923f5e6cdc2df4f3111e590b58eabea304805d190,true,true,true
95,threshold_section,rs1_style,cycle,rs1_phase,4294967296,1,68719476736,16,1,1,1,quiescent,1,1,1,1,2,2,2,2,0,0,0,7,0,7,2,0,true,false,false,4294967296|4294967296|4294967296|-68719476736|4294967296|-68719476736,4294967296|4294967296|4294967296|-68719476736|4294967296|-68719476736,4294967296000000|4294967296000000|4294967296000000|4294967296000000|4294967296000000|4294967296000000,4294967296000000|4294967296000000|4294967296000000|4294967296000000|4294967296000000|4294967296000000,56d62aed33df6669ef05db9d5c2448b4cbb9f8b1cbb18a965ad3731feef9e61e,4f53cda18c2baa0c0354bb5f9a3ecbe5ed12ab4d8e11ba873c2f11161202b945,3ca537fa4c6639fb2eab48905a33948ed4628ad0235d29773d32d89d42bf3192,true,true,true
95,threshold_section,core_b,cycle,rs1_phase,4294967296,1,68719476736,16,1,1,1,quiescent,1,1,1,1,2,2,2,2,0,0,0,7,0,7,2,0,true,false,false,4294967296|4294967296|4294967296|-68719476736|4294967296|-68719476736,4294967296|4294967296|4294967296|-68719476736|4294967296|-68719476736,4294967296000000|4294967296000000|4294967296000000|4294967296000000|4294967296000000|4294967296000000,4294966437006541|4294966437006541|4294966437006541|4294966437006541|4294966437006541|4294966437006541,56d62aed33df6669ef05db9d5c2448b4cbb9f8b1cbb18a965ad3731feef9e61e,4f53cda18c2baa0c0354bb5f9a3ecbe5ed12ab4d8e11ba873c2f11161202b945,3ca537fa4c6639fb2eab48905a33948ed4628ad0235d29773d32d89d42bf3192,true,true,true
96,efficacy_plane,rs1_style,cycle,rs1_phase,4294967296,1,68719476736,16,2,1,1,quiescent,1,0,1,0,1,1,1,1,0,0,0,4,0,4,1,0,true,false,false,4294967296|4294967296|4294967296|-68719476736|4294967296|-68719476736,4294967296|4294967296|4294967296|-68719476736|4294967296|-68719476736,4294967296000000|4294967296000000|4294967296000000|4294967296000000|4294967296000000|4294967296000000,4294967296000000|4294967296000000|4294967296000000|4294967296000000|4294967296000000|4294967296000000,dcdc8dc42a461359bdff6d6249ee4b74c5d7194cf61818b9c028d5fc3d37065d,4f53cda18c2baa0c0354bb5f9a3ecbe5ed12ab4d8e11ba873c2f11161202b945,0c4d009727e2c2d4ed24e415fb28d3535d90cd9f77c2c2fa7462f4b54ea1e5cf,true,true,true
96,efficacy_plane,core_b,cycle,rs1_phase,4294967296,1,68719476736,16,2,1,1,quiescent,1,0,1,0,1,1,1,1,0,0,0,4,0,4,1,0,true,false,false,4294967296|4294967296|4294967296|-68719476736|4294967296|-68719476736,4294967296|4294967296|4294967296|-68719476736|4294967296|-68719476736,4294967296000000|4294967296000000|4294967296000000|4294967296000000|4294967296000000|4294967296000000,4294966866503271|4294966866503271|4294966866503271|4294966866503271|4294966866503271|4294966866503271,dcdc8dc42a461359bdff6d6249ee4b74c5d7194cf61818b9c028d5fc3d37065d,4f53cda18c2baa0c0354bb5f9a3ecbe5ed12ab4d8e11ba873c2f11161202b945,0c4d009727e2c2d4ed24e415fb28d3535d90cd9f77c2c2fa7462f4b54ea1e5cf,true,true,true
97,efficacy_plane,core_b,cycle,rs1_phase,6442450944,1.5,0,0,2,1,1,quiescent,1,0,1,0,2,1,0,1,0,0,0,4,0,4,1,0,true,false,false,6442450944|6442450944|4294967296|0|4294967296|0,6442450944|6442450944|4294967296|0|4294967296|0,4294967296000000|4294967296000000|4294967296000000|4294967296000000|4294967296000000|4294967296000000,4294966866503271|4294966866503271|4294966866503271|4294966866503271|4294966866503271|4294966866503271,c9b1a88ed3dde39e7c8737b95a7fde2ed77be65ab805b5888c56725fd5c05787,4f53cda18c2baa0c0354bb5f9a3ecbe5ed12ab4d8e11ba873c2f11161202b945,22456188de07bce911689ada2830a3eff23b3dd57cd330dde299d4bdca0a2a2d,true,true,true
98,efficacy_plane,core_b,cycle,rs1_phase,6442450944,1.5,4294967296,1,2,1,1,quiescent,1,0,1,0,1,1,1,1,0,0,0,4,0,4,1,0,true,false,false,6442450944|6442450944|4294967296|-4294967296|4294967296|-4294967296,6442450944|6442450944|4294967296|-4294967296|4294967296|-4294967296,4294967296000000|4294967296000000|4294967296000000|4294967296000000|4294967296000000|4294967296000000,4294966866503271|4294966866503271|4294966866503271|4294966866503271|4294966866503271|4294966866503271,399c7867693573315bc98ad7e3357ce2f1d988bbd68cc5a594c8f4a1b6228b2b,4f53cda18c2baa0c0354bb5f9a3ecbe5ed12ab4d8e11ba873c2f11161202b945,382a8cde605867b74b88202f71b33f744000bb8c8e0bd4bc57590e4c071e5003,true,true,true
99,efficacy_plane,core_b,cycle,rs1_phase,6442450944,1.5,6442450944,1.5,2,1,1,quiescent,1,0,1,0,1,1,1,1,0,0,0,4,0,4,1,0,true,false,false,6442450944|6442450944|4294967296|-6442450944|4294967296|-6442450944,6442450944|6442450944|4294967296|-6442450944|4294967296|-6442450944,4294967296000000|4294967296000000|4294967296000000|4294967296000000|4294967296000000|4294967296000000,4294966866503271|4294966866503271|4294966866503271|4294966866503271|4294966866503271|4294966866503271,a6a752a1d3a5eac7331331f8510595aaf02f640ac68e6c418425864adfce2136,4f53cda18c2baa0c0354bb5f9a3ecbe5ed12ab4d8e11ba873c2f11161202b945,768d5046b6f455832b90835b69f3bda5db6eaf026d8858478f14576a2d1d524f,true,true,true
100,efficacy_plane,core_b,cycle,rs1_phase,6442450944,1.5,8589934592,2,2,1,1,quiescent,1,0,1,0,1,1,1,1,0,0,0,4,0,4,1,0,true,false,false,6442450944|6442450944|4294967296|-8589934592|4294967296|-8589934592,6442450944|6442450944|4294967296|-8589934592|4294967296|-8589934592,4294967296000000|4294967296000000|4294967296000000|4294967296000000|4294967296000000|4294967296000000,4294966866503271|4294966866503271|4294966866503271|4294966866503271|4294966866503271|4294966866503271,11843df2f527dda146d83975ba46c03f8c05b14d11c72f42af2e6286c30a0a7c,4f53cda18c2baa0c0354bb5f9a3ecbe5ed12ab4d8e11ba873c2f11161202b945,6a94bbe559ce413d076ff03e833de6eed5873577df537df4df8b1947c8d1e116,true,true,true
101,efficacy_plane,core_b,cycle,rs1_phase,6442450944,1.5,10737418240,2.5,2,1,1,quiescent,1,0,1,0,1,1,1,1,0,0,0,4,0,4,1,0,true,false,false,6442450944|6442450944|4294967296|-10737418240|4294967296|-10737418240,6442450944|6442450944|4294967296|-10737418240|4294967296|-10737418240,4294967296000000|4294967296000000|4294967296000000|4294967296000000|4294967296000000|4294967296000000,4294966866503271|4294966866503271|4294966866503271|4294966866503271|4294966866503271|4294966866503271,4a318a90cc25c3faed7f9b6998e0c7807b53f06adf7c838770bf7b12b3cb19da,4f53cda18c2baa0c0354bb5f9a3ecbe5ed12ab4d8e11ba873c2f11161202b945,22dc8b713eaa9f5ae1fba97d20885c3cfd225f352806f4ae2853cd778f7d0d5f,true,true,true
102,efficacy_plane,core_b,cycle,rs1_phase,6442450944,1.5,12884901888,3,2,1,1,quiescent,1,0,1,0,1,1,1,1,0,0,0,4,0,4,1,0,true,false,false,6442450944|6442450944|4294967296|-12884901888|4294967296|-12884901888,6442450944|6442450944|4294967296|-12884901888|4294967296|-12884901888,4294967296000000|4294967296000000|4294967296000000|4294967296000000|4294967296000000|4294967296000000,4294966866503271|4294966866503271|4294966866503271|4294966866503271|4294966866503271|4294966866503271,33a794520efa1a6c7bf29967e40d708928fba5207110af3b587c5912ee292ec8,4f53cda18c2baa0c0354bb5f9a3ecbe5ed12ab4d8e11ba873c2f11161202b945,2f338b6ff85aa1d822c88680af3201e35c2dfed1f7543950a0456a78de8ce927,true,true,true
103,efficacy_plane,core_b,cycle,rs1_phase,6442450944,1.5,17179869184,4,2,1,1,quiescent,1,0,1,0,1,1,1,1,0,0,0,4,0,4,1,0,true,false,false,6442450944|6442450944|4294967296|-17179869184|4294967296|-17179869184,6442450944|6442450944|4294967296|-17179869184|4294967296|-17179869184,4294967296000000|4294967296000000|4294967296000000|4294967296000000|4294967296000000|4294967296000000,4294966866503271|4294966866503271|4294966866503271|4294966866503271|4294966866503271|4294966866503271,eedc841b6181fe28747cd089588467a4ac3f16bfb5c8676c06a0fe3e7006d440,4f53cda18c2baa0c0354bb5f9a3ecbe5ed12ab4d8e11ba873c2f11161202b945,2a734ed965e5c884f6fd6fbc89f0deff7d91861e0511ae9878a63f3291af57b4,true,true,true
104,efficacy_plane,core_b,cycle,rs1_phase,6442450944,1.5,34359738368,8,2,1,1,quiescent,1,0,1,0,1,1,1,1,0,0,0,4,0,4,1,0,true,false,false,6442450944|6442450944|4294967296|-34359738368|4294967296|-34359738368,6442450944|6442450944|4294967296|-34359738368|4294967296|-34359738368,4294967296000000|4294967296000000|4294967296000000|4294967296000000|4294967296000000|4294967296000000,4294966866503271|4294966866503271|4294966866503271|4294966866503271|4294966866503271|4294966866503271,21f04e53da2dd168f36287846c03be7ffbbead9752ac61973e795411f9c6d274,4f53cda18c2baa0c0354bb5f9a3ecbe5ed12ab4d8e11ba873c2f11161202b945,9b8fd681612dd4df70f104b7b10b9cc2f54e46f3673611a592648e880f3ce9ee,true,true,true
105,efficacy_plane,core_b,cycle,rs1_phase,6442450944,1.5,68719476736,16,2,1,1,quiescent,1,0,1,0,1,1,1,1,0,0,0,4,0,4,1,0,true,false,false,6442450944|6442450944|4294967296|-68719476736|4294967296|-68719476736,6442450944|6442450944|4294967296|-68719476736|4294967296|-68719476736,4294967296000000|4294967296000000|4294967296000000|4294967296000000|4294967296000000|4294967296000000,4294966866503271|4294966866503271|4294966866503271|4294966866503271|4294966866503271|4294966866503271,2caa92c679c0ebd60969edfbb5ecef49ba4dedb7966e0a9684407edbbafd2dca,4f53cda18c2baa0c0354bb5f9a3ecbe5ed12ab4d8e11ba873c2f11161202b945,79cfdaa532397e0413348c6eba0bd418a7f53e9d8e1be795cc9afe10c8acc220,true,true,true
106,efficacy_plane|threshold_section,rs1_style,cycle,rs1_phase,8589934592,2,0,0,2,1,1,periodic,48,48,48,48,191,96,0,86,10,2,2,256,32,288,95,1,false,true,true,8589934592|8589934592|4294967296|0|4294967296|0,8589934592|8589934592|4294967296|0|4294967296|0,4294967296000000|4294967296000000|4294967296000000|4294967296000000|4294967296000000|4294967296000000,4294928641294336|4294928641294336|4294928641294336|4294928641294336|4294928641294336|4294928641294336,e527497072a31c4e93bddb487ca8795f65ddeba357ccebe60f948faa333d21aa,d158be3bd302007273765711c8d6f5da29576bad64f9ed1264e3a11a37f67c5c,038e66a5794c93e849c6937efc9c3050747bae2d5cf1d34087004e7b228104b2,true,true,true
106,efficacy_plane|threshold_section,core_b,cycle,rs1_phase,8589934592,2,0,0,2,1,1,periodic,48,48,48,48,191,96,0,86,10,2,2,256,32,288,95,1,false,true,true,8589934592|8589934592|4294967296|0|4294967296|0,8589934592|8589934592|4294967296|0|4294967296|0,4294967296000000|4294967296000000|4294967296000000|4294967296000000|4294967296000000|4294967296000000,4294926493810688|4294926493810688|4294926493810688|4294926493810688|4294926493810688|4294926493810688,e527497072a31c4e93bddb487ca8795f65ddeba357ccebe60f948faa333d21aa,d158be3bd302007273765711c8d6f5da29576bad64f9ed1264e3a11a37f67c5c,038e66a5794c93e849c6937efc9c3050747bae2d5cf1d34087004e7b228104b2,true,true,true
107,efficacy_plane|threshold_section,rs1_style,cycle,rs1_phase,8589934592,2,4294967296,1,2,1,1,periodic,48,48,48,48,95,96,96,86,10,2,2,256,32,288,95,1,false,true,true,8589934592|8589934592|4294967296|-4294967296|4294967296|-4294967296,8589934592|8589934592|4294967296|-4294967296|4294967296|-4294967296,4294967296000000|4294967296000000|4294967296000000|4294967296000000|4294967296000000|4294967296000000,4294928641294336|4294928641294336|4294928641294336|4294928641294336|4294928641294336|4294928641294336,8e2523c4cdac62892e21ff01d0c299ae246e17fbffd515557c0f7ecee9febb92,355cedd2d21ae011523de3e5d1cd9eed87c90ebdc92174254aa043a2fec326e7,1523307820858cd7619b9efc0752f5547fb9caa965826b1fce0ed45e7acb73e7,true,true,true
107,efficacy_plane|threshold_section,core_b,cycle,rs1_phase,8589934592,2,4294967296,1,2,1,1,periodic,48,48,48,48,95,96,96,86,10,2,2,256,32,288,95,1,false,true,true,8589934592|8589934592|4294967296|-4294967296|4294967296|-4294967296,8589934592|8589934592|4294967296|-4294967296|4294967296|-4294967296,4294967296000000|4294967296000000|4294967296000000|4294967296000000|4294967296000000|4294967296000000,4294926493810688|4294926493810688|4294926493810688|4294926493810688|4294926493810688|4294926493810688,8e2523c4cdac62892e21ff01d0c299ae246e17fbffd515557c0f7ecee9febb92,355cedd2d21ae011523de3e5d1cd9eed87c90ebdc92174254aa043a2fec326e7,1523307820858cd7619b9efc0752f5547fb9caa965826b1fce0ed45e7acb73e7,true,true,true
108,efficacy_plane|threshold_section,core_b,cycle,rs1_phase,8589934592,2,6442450944,1.5,2,1,1,periodic,48,48,48,48,95,96,96,86,10,2,2,256,32,288,95,1,false,true,true,8589934592|8589934592|4294967296|-6442450944|4294967296|-6442450944,8589934592|8589934592|4294967296|-6442450944|4294967296|-6442450944,4294967296000000|4294967296000000|4294967296000000|4294967296000000|4294967296000000|4294967296000000,4294926493810688|4294926493810688|4294926493810688|4294926493810688|4294926493810688|4294926493810688,09758831e27f3a9c3be30cf746ee0a53921be497ebd39c891f856dc9f9f412e9,f6c1639558da694bcdcf97e216b23e092ea365b05e724d7fe5de31879ca9ea9f,fc1a392f3a79ad098ff6cc7dbe73eb81e9274f533725e37e586729fe563268e8,true,true,true
109,delay_section,rs1_style,cycle,rs1_phase,8589934592,2,8589934592,2,2,0,1,quiescent,1,1,1,1,2,2,2,2,0,0,0,7,0,7,1,0,true,false,false,8589934592|8589934592|4294967296|-8589934592|4294967296|-8589934592,8589934592|8589934592|4294967296|-8589934592|4294967296|-8589934592,4294967296000000|4294967296000000|4294967296000000|4294967296000000|4294967296000000|4294967296000000,4294967296000000|4294967296000000|4294967296000000|4294967296000000|4294967296000000|4294967296000000,64293da161f2a07b7e74c7c88d49e171e22e1a6baefd5b97de23f826e5f5c687,4f53cda18c2baa0c0354bb5f9a3ecbe5ed12ab4d8e11ba873c2f11161202b945,d32e632bd58c60e6ff6bf7475f4430421d3d2a288289067709c2548d57bfeed4,true,true,true
109,delay_section,core_b,cycle,rs1_phase,8589934592,2,8589934592,2,2,0,1,quiescent,1,1,1,1,2,2,2,2,0,0,0,7,0,7,1,0,true,false,false,8589934592|8589934592|4294967296|-8589934592|4294967296|-8589934592,8589934592|8589934592|4294967296|-8589934592|4294967296|-8589934592,4294967296000000|4294967296000000|4294967296000000|4294967296000000|4294967296000000|4294967296000000,4294966866503271|4294966866503271|4294966866503271|4294966866503271|4294966866503271|4294966866503271,64293da161f2a07b7e74c7c88d49e171e22e1a6baefd5b97de23f826e5f5c687,4f53cda18c2baa0c0354bb5f9a3ecbe5ed12ab4d8e11ba873c2f11161202b945,d32e632bd58c60e6ff6bf7475f4430421d3d2a288289067709c2548d57bfeed4,true,true,true
110,delay_section|efficacy_plane|historical_pair|threshold_section,rs1_style,cycle,rs1_phase,8589934592,2,8589934592,2,2,1,1,periodic,48,48,48,48,95,96,96,86,10,2,2,256,32,288,95,1,false,true,true,8589934592|8589934592|4294967296|-8589934592|4294967296|-8589934592,8589934592|8589934592|4294967296|-8589934592|4294967296|-8589934592,4294967296000000|4294967296000000|4294967296000000|4294967296000000|4294967296000000|4294967296000000,4294928641294336|4294928641294336|4294928641294336|4294928641294336|4294928641294336|4294928641294336,4222e12ddb3a68a31a7b171955177b3526ac688eea5fe88dcb89825869fd9393,33b7ed24bcd2402f01338af4122c7c4e1eab85d11141c2cd11b3934209664e7b,0753fef5768ab99dfdce60c5d579a94a4a80fe9f66fc2283a5ae605eba734914,true,true,true
110,delay_section|efficacy_plane|historical_pair|threshold_section,core_b,cycle,rs1_phase,8589934592,2,8589934592,2,2,1,1,periodic,48,48,48,48,95,96,96,86,10,2,2,256,32,288,95,1,false,true,true,8589934592|8589934592|4294967296|-8589934592|4294967296|-8589934592,8589934592|8589934592|4294967296|-8589934592|4294967296|-8589934592,4294967296000000|4294967296000000|4294967296000000|4294967296000000|4294967296000000|4294967296000000,4294926493810688|4294926493810688|4294926493810688|4294926493810688|4294926493810688|4294926493810688,4222e12ddb3a68a31a7b171955177b3526ac688eea5fe88dcb89825869fd9393,33b7ed24bcd2402f01338af4122c7c4e1eab85d11141c2cd11b3934209664e7b,0753fef5768ab99dfdce60c5d579a94a4a80fe9f66fc2283a5ae605eba734914,true,true,true
111,delay_section,rs1_style,cycle,rs1_phase,8589934592,2,8589934592,2,2,2,2,periodic,48,48,48,48,95,96,96,86,10,2,4,256,32,288,190,1,false,true,true,8589934592|8589934592|4294967296|-8589934592|4294967296|-8589934592,8589934592|8589934592|4294967296|-8589934592|4294967296|-8589934592,4294967296000000|4294967296000000|4294967296000000|4294967296000000|4294967296000000|4294967296000000,4294885691621376|4294885691621376|4294885691621376|4294885691621376|4294885691621376|4294885691621376,5a4c6b89b8238af1f4b583896cd23e4213615b6996cc133b5b27c5dfa8c72cfd,a0f17db2801574ea5d0ca4a0acb471298b970c61448f624e32c0b7a398eed125,9b26f4989e4651d497209e087ecc7e27160c78c68c942fd0fd8c5f96b4dc8a0b,true,true,true
111,delay_section,core_b,cycle,rs1_phase,8589934592,2,8589934592,2,2,2,2,periodic,48,48,48,48,95,96,96,86,10,2,4,256,32,288,190,1,false,true,true,8589934592|8589934592|4294967296|-8589934592|4294967296|-8589934592,8589934592|8589934592|4294967296|-8589934592|4294967296|-8589934592,4294967296000000|4294967296000000|4294967296000000|4294967296000000|4294967296000000|4294967296000000,4294885691621376|4294885691621376|4294885691621376|4294885691621376|4294885691621376|4294885691621376,5a4c6b89b8238af1f4b583896cd23e4213615b6996cc133b5b27c5dfa8c72cfd,a0f17db2801574ea5d0ca4a0acb471298b970c61448f624e32c0b7a398eed125,9b26f4989e4651d497209e087ecc7e27160c78c68c942fd0fd8c5f96b4dc8a0b,true,true,true
112,delay_section,rs1_style,cycle,rs1_phase,8589934592,2,8589934592,2,2,3,3,periodic,48,48,48,48,95,96,96,86,10,2,6,256,32,288,285,1,false,true,true,8589934592|8589934592|4294967296|-8589934592|4294967296|-8589934592,8589934592|8589934592|4294967296|-8589934592|4294967296|-8589934592,4294967296000000|4294967296000000|4294967296000000|4294967296000000|4294967296000000|4294967296000000,4294847036915712|4294847036915712|4294847036915712|4294847036915712|4294847036915712|4294847036915712,70dce2827e907fa00c2589675c1979320fd8cb2b2deb8a68d1b73e65d2bfcf9c,e5047e44057519b23ae7fa0d941072988561144c91b8f009d4dca20b71685f9f,dd7b05f8821daca228bba81438550af6a1a097980bd1a8a225cf90354047ea98,true,true,true
112,delay_section,core_b,cycle,rs1_phase,8589934592,2,8589934592,2,2,3,3,periodic,48,48,48,48,95,96,96,86,10,2,6,256,32,288,285,1,false,true,true,8589934592|8589934592|4294967296|-8589934592|4294967296|-8589934592,8589934592|8589934592|4294967296|-8589934592|4294967296|-8589934592,4294967296000000|4294967296000000|4294967296000000|4294967296000000|4294967296000000|4294967296000000,4294844889432064|4294844889432064|4294844889432064|4294844889432064|4294844889432064|4294844889432064,70dce2827e907fa00c2589675c1979320fd8cb2b2deb8a68d1b73e65d2bfcf9c,e5047e44057519b23ae7fa0d941072988561144c91b8f009d4dca20b71685f9f,dd7b05f8821daca228bba81438550af6a1a097980bd1a8a225cf90354047ea98,true,true,true
113,delay_section,core_b,cycle,rs1_phase,8589934592,2,10737418240,2.5,2,0,1,quiescent,1,1,1,1,2,2,2,2,0,0,0,7,0,7,1,0,true,false,false,8589934592|8589934592|4294967296|-10737418240|4294967296|-10737418240,8589934592|8589934592|4294967296|-10737418240|4294967296|-10737418240,4294967296000000|4294967296000000|4294967296000000|4294967296000000|4294967296000000|4294967296000000,4294966866503271|4294966866503271|4294966866503271|4294966866503271|4294966866503271|4294966866503271,f8904c00b79ccc29ef95f7152e474c184d9237cf4889fcca66a12031c8038ae7,4f53cda18c2baa0c0354bb5f9a3ecbe5ed12ab4d8e11ba873c2f11161202b945,11e30172b6a76f1d6c38b88629470b9faeb3addecacb67d79dfb4e6de529cd3a,true,true,true
114,delay_section|efficacy_plane|threshold_section,core_b,cycle,rs1_phase,8589934592,2,10737418240,2.5,2,1,1,quiescent,1,1,1,1,2,2,2,2,0,0,0,7,0,7,2,0,true,false,false,8589934592|8589934592|4294967296|-10737418240|4294967296|-10737418240,8589934592|8589934592|4294967296|-10737418240|4294967296|-10737418240,4294967296000000|4294967296000000|4294967296000000|4294967296000000|4294967296000000|4294967296000000,4294966437006541|4294966437006541|4294966437006541|4294966437006541|4294966437006541|4294966437006541,edb1e122aa6ade3b825d66f0032b99bfe4dce3739b8bbdd56ba2252df2410d15,4f53cda18c2baa0c0354bb5f9a3ecbe5ed12ab4d8e11ba873c2f11161202b945,ad1a4827e3ad67d541bd0e49314d7cf6a10fbec22dc1347e37a1a90624a7c675,true,true,true
115,delay_section,core_b,cycle,rs1_phase,8589934592,2,10737418240,2.5,2,2,2,periodic,48,48,48,48,95,96,96,86,10,2,4,256,32,288,190,1,false,true,true,8589934592|8589934592|4294967296|-10737418240|4294967296|-10737418240,8589934592|8589934592|4294967296|-10737418240|4294967296|-10737418240,4294967296000000|4294967296000000|4294967296000000|4294967296000000|4294967296000000|4294967296000000,4294885691621376|4294885691621376|4294885691621376|4294885691621376|4294885691621376|4294885691621376,90b1ab2d5eba7276ad93f737780c3d3d367786507dc6a390d739a38a767c463c,5157ca3266a7b8e9064ef36370a55d47738b09e02194bccd0a2487ce21ae8016,9e61d4d96da621054a5785960d03c59c62b7949ddafc2d49e3334684081a56b4,true,true,true
116,delay_section,core_b,cycle,rs1_phase,8589934592,2,10737418240,2.5,2,3,3,periodic,48,48,48,48,95,96,96,86,10,2,6,256,32,288,285,1,false,true,true,8589934592|8589934592|4294967296|-10737418240|4294967296|-10737418240,8589934592|8589934592|4294967296|-10737418240|4294967296|-10737418240,4294967296000000|4294967296000000|4294967296000000|4294967296000000|4294967296000000|4294967296000000,4294844889432064|4294844889432064|4294844889432064|4294844889432064|4294844889432064|4294844889432064,37e27327e29b6b3a38810a61e9a90100ae44ab61dba5f558abc7a8d44fb0843a,a215f3ceb3c0fa40f6c3df0066f9e8a0ceb173f2b2314749a80a767ac842c1f9,be495041e91c80228adc57470445a9e71a94b7df97a11c8c3d93cb4e2ebe4a31,true,true,true
117,delay_section,rs1_style,cycle,rs1_phase,8589934592,2,12884901888,3,2,0,1,quiescent,1,1,1,1,2,2,2,2,0,0,0,7,0,7,1,0,true,false,false,8589934592|8589934592|4294967296|-12884901888|4294967296|-12884901888,8589934592|8589934592|4294967296|-12884901888|4294967296|-12884901888,4294967296000000|4294967296000000|4294967296000000|4294967296000000|4294967296000000|4294967296000000,4294967296000000|4294967296000000|4294967296000000|4294967296000000|4294967296000000|4294967296000000,124b1f2d96bc2a6f2ed2c07fe185904462002b3b327eb41180b66fcb9944af2b,4f53cda18c2baa0c0354bb5f9a3ecbe5ed12ab4d8e11ba873c2f11161202b945,7a078685cbcf83e08865fa382b0744095304d67f221d3a70b7732da365de0ab4,true,true,true
117,delay_section,core_b,cycle,rs1_phase,8589934592,2,12884901888,3,2,0,1,quiescent,1,1,1,1,2,2,2,2,0,0,0,7,0,7,1,0,true,false,false,8589934592|8589934592|4294967296|-12884901888|4294967296|-12884901888,8589934592|8589934592|4294967296|-12884901888|4294967296|-12884901888,4294967296000000|4294967296000000|4294967296000000|4294967296000000|4294967296000000|4294967296000000,4294966866503271|4294966866503271|4294966866503271|4294966866503271|4294966866503271|4294966866503271,124b1f2d96bc2a6f2ed2c07fe185904462002b3b327eb41180b66fcb9944af2b,4f53cda18c2baa0c0354bb5f9a3ecbe5ed12ab4d8e11ba873c2f11161202b945,7a078685cbcf83e08865fa382b0744095304d67f221d3a70b7732da365de0ab4,true,true,true
118,delay_section|efficacy_plane|threshold_section,rs1_style,cycle,rs1_phase,8589934592,2,12884901888,3,2,1,1,quiescent,1,1,1,1,2,2,2,2,0,0,0,7,0,7,2,0,true,false,false,8589934592|8589934592|4294967296|-12884901888|4294967296|-12884901888,8589934592|8589934592|4294967296|-12884901888|4294967296|-12884901888,4294967296000000|4294967296000000|4294967296000000|4294967296000000|4294967296000000|4294967296000000,4294967296000000|4294967296000000|4294967296000000|4294967296000000|4294967296000000|4294967296000000,bcdccaf4bc881a8738c902fa34c53551e4ab27687fe0a8985f0a179081a2452b,4f53cda18c2baa0c0354bb5f9a3ecbe5ed12ab4d8e11ba873c2f11161202b945,7fef320acc534d4a607d17490e2303739b67f2d1a448ae961cc4ee08252dc9a1,true,true,true
118,delay_section|efficacy_plane|threshold_section,core_b,cycle,rs1_phase,8589934592,2,12884901888,3,2,1,1,quiescent,1,1,1,1,2,2,2,2,0,0,0,7,0,7,2,0,true,false,false,8589934592|8589934592|4294967296|-12884901888|4294967296|-12884901888,8589934592|8589934592|4294967296|-12884901888|4294967296|-12884901888,4294967296000000|4294967296000000|4294967296000000|4294967296000000|4294967296000000|4294967296000000,4294966437006541|4294966437006541|4294966437006541|4294966437006541|4294966437006541|4294966437006541,bcdccaf4bc881a8738c902fa34c53551e4ab27687fe0a8985f0a179081a2452b,4f53cda18c2baa0c0354bb5f9a3ecbe5ed12ab4d8e11ba873c2f11161202b945,7fef320acc534d4a607d17490e2303739b67f2d1a448ae961cc4ee08252dc9a1,true,true,true
119,delay_section,rs1_style,cycle,rs1_phase,8589934592,2,12884901888,3,2,2,2,periodic,48,48,48,48,95,96,96,86,10,2,4,256,32,288,190,1,false,true,true,8589934592|8589934592|4294967296|-12884901888|4294967296|-12884901888,8589934592|8589934592|4294967296|-12884901888|4294967296|-12884901888,4294967296000000|4294967296000000|4294967296000000|4294967296000000|4294967296000000|4294967296000000,4294885691621376|4294885691621376|4294885691621376|4294885691621376|4294885691621376|4294885691621376,535a5fa7597b864375bcd36a0df0aea86b35cf39f0a45fc412bca080af2427fa,c3d752987922c9c68e62243c998779eff6fae3e0d99bd4fe3ddb2890d456a159,75c96e403c2d49b458d818e6d04a61917ff292b6c0cc97a376d8419adeaa8356,true,true,true
119,delay_section,core_b,cycle,rs1_phase,8589934592,2,12884901888,3,2,2,2,periodic,48,48,48,48,95,96,96,86,10,2,4,256,32,288,190,1,false,true,true,8589934592|8589934592|4294967296|-12884901888|4294967296|-12884901888,8589934592|8589934592|4294967296|-12884901888|4294967296|-12884901888,4294967296000000|4294967296000000|4294967296000000|4294967296000000|4294967296000000|4294967296000000,4294885691621376|4294885691621376|4294885691621376|4294885691621376|4294885691621376|4294885691621376,535a5fa7597b864375bcd36a0df0aea86b35cf39f0a45fc412bca080af2427fa,c3d752987922c9c68e62243c998779eff6fae3e0d99bd4fe3ddb2890d456a159,75c96e403c2d49b458d818e6d04a61917ff292b6c0cc97a376d8419adeaa8356,true,true,true
120,delay_section,rs1_style,cycle,rs1_phase,8589934592,2,12884901888,3,2,3,3,periodic,48,48,48,48,95,96,96,86,10,2,6,256,32,288,285,1,false,true,true,8589934592|8589934592|4294967296|-12884901888|4294967296|-12884901888,8589934592|8589934592|4294967296|-12884901888|4294967296|-12884901888,4294967296000000|4294967296000000|4294967296000000|4294967296000000|4294967296000000|4294967296000000,4294847036915712|4294847036915712|4294847036915712|4294847036915712|4294847036915712|4294847036915712,6d592b6eb589efa1201c01889b7990ac2286da0ed0da059053cf70ca1da0d1a5,0fe8c1ee7fe419952c7fb23c7b9aaf5e919b34a238be89808707a754f2f28aad,c1bd660f0c6d52deaf4ebaab0e8295024114e8ddffd271313e003e890efad36d,true,true,true
120,delay_section,core_b,cycle,rs1_phase,8589934592,2,12884901888,3,2,3,3,periodic,48,48,48,48,95,96,96,86,10,2,6,256,32,288,285,1,false,true,true,8589934592|8589934592|4294967296|-12884901888|4294967296|-12884901888,8589934592|8589934592|4294967296|-12884901888|4294967296|-12884901888,4294967296000000|4294967296000000|4294967296000000|4294967296000000|4294967296000000|4294967296000000,4294844889432064|4294844889432064|4294844889432064|4294844889432064|4294844889432064|4294844889432064,6d592b6eb589efa1201c01889b7990ac2286da0ed0da059053cf70ca1da0d1a5,0fe8c1ee7fe419952c7fb23c7b9aaf5e919b34a238be89808707a754f2f28aad,c1bd660f0c6d52deaf4ebaab0e8295024114e8ddffd271313e003e890efad36d,true,true,true
121,delay_section,rs1_style,cycle,rs1_phase,8589934592,2,17179869184,4,2,0,1,quiescent,1,1,1,1,2,2,2,2,0,0,0,7,0,7,1,0,true,false,false,8589934592|8589934592|4294967296|-17179869184|4294967296|-17179869184,8589934592|8589934592|4294967296|-17179869184|4294967296|-17179869184,4294967296000000|4294967296000000|4294967296000000|4294967296000000|4294967296000000|4294967296000000,4294967296000000|4294967296000000|4294967296000000|4294967296000000|4294967296000000|4294967296000000,f1d9510b89ccf643c0273dc25eb23611d838ca3ae741d98dd6eb6cf38b2b5e69,4f53cda18c2baa0c0354bb5f9a3ecbe5ed12ab4d8e11ba873c2f11161202b945,1866e1f4b2e4e138ae840292ecf6dd5a8183747af5d785ee0c6416b772eb41e0,true,true,true
121,delay_section,core_b,cycle,rs1_phase,8589934592,2,17179869184,4,2,0,1,quiescent,1,1,1,1,2,2,2,2,0,0,0,7,0,7,1,0,true,false,false,8589934592|8589934592|4294967296|-17179869184|4294967296|-17179869184,8589934592|8589934592|4294967296|-17179869184|4294967296|-17179869184,4294967296000000|4294967296000000|4294967296000000|4294967296000000|4294967296000000|4294967296000000,4294966866503271|4294966866503271|4294966866503271|4294966866503271|4294966866503271|4294966866503271,f1d9510b89ccf643c0273dc25eb23611d838ca3ae741d98dd6eb6cf38b2b5e69,4f53cda18c2baa0c0354bb5f9a3ecbe5ed12ab4d8e11ba873c2f11161202b945,1866e1f4b2e4e138ae840292ecf6dd5a8183747af5d785ee0c6416b772eb41e0,true,true,true
122,delay_section|efficacy_plane|threshold_section,rs1_style,cycle,rs1_phase,8589934592,2,17179869184,4,2,1,1,quiescent,1,1,1,1,2,2,2,2,0,0,0,7,0,7,2,0,true,false,false,8589934592|8589934592|4294967296|-17179869184|4294967296|-17179869184,8589934592|8589934592|4294967296|-17179869184|4294967296|-17179869184,4294967296000000|4294967296000000|4294967296000000|4294967296000000|4294967296000000|4294967296000000,4294967296000000|4294967296000000|4294967296000000|4294967296000000|4294967296000000|4294967296000000,e99ccb2c3b935998a2b173d7c3fd7d2276f486cbc8d8d80edde66d7f8509d43c,4f53cda18c2baa0c0354bb5f9a3ecbe5ed12ab4d8e11ba873c2f11161202b945,7650af1e87e4b03c0979a1d6784b40355dc33af8fa43b124bd6ff15d3ffc36c4,true,true,true
122,delay_section|efficacy_plane|threshold_section,core_b,cycle,rs1_phase,8589934592,2,17179869184,4,2,1,1,quiescent,1,1,1,1,2,2,2,2,0,0,0,7,0,7,2,0,true,false,false,8589934592|8589934592|4294967296|-17179869184|4294967296|-17179869184,8589934592|8589934592|4294967296|-17179869184|4294967296|-17179869184,4294967296000000|4294967296000000|4294967296000000|4294967296000000|4294967296000000|4294967296000000,4294966437006541|4294966437006541|4294966437006541|4294966437006541|4294966437006541|4294966437006541,e99ccb2c3b935998a2b173d7c3fd7d2276f486cbc8d8d80edde66d7f8509d43c,4f53cda18c2baa0c0354bb5f9a3ecbe5ed12ab4d8e11ba873c2f11161202b945,7650af1e87e4b03c0979a1d6784b40355dc33af8fa43b124bd6ff15d3ffc36c4,true,true,true
123,delay_section,rs1_style,cycle,rs1_phase,8589934592,2,17179869184,4,2,2,2,periodic,48,48,48,48,95,96,96,86,10,2,4,256,32,288,190,1,false,true,true,8589934592|8589934592|4294967296|-17179869184|4294967296|-17179869184,8589934592|8589934592|4294967296|-17179869184|4294967296|-17179869184,4294967296000000|4294967296000000|4294967296000000|4294967296000000|4294967296000000|4294967296000000,4294885691621376|4294885691621376|4294885691621376|4294885691621376|4294885691621376|4294885691621376,b66c7ee6eb1d1d0d67b463cd37857b6d94540f068f0b8e697eded1bc1638c10c,27b63b3a181f4e17134079c47dfb1138d22136146413047171053c5eb245e410,8ea83a2fe198f661f72d1ed8914d95dbbf535825fea075f4688eac2d2cae76c9,true,true,true
123,delay_section,core_b,cycle,rs1_phase,8589934592,2,17179869184,4,2,2,2,periodic,48,48,48,48,95,96,96,86,10,2,4,256,32,288,190,1,false,true,true,8589934592|8589934592|4294967296|-17179869184|4294967296|-17179869184,8589934592|8589934592|4294967296|-17179869184|4294967296|-17179869184,4294967296000000|4294967296000000|4294967296000000|4294967296000000|4294967296000000|4294967296000000,4294885691621376|4294885691621376|4294885691621376|4294885691621376|4294885691621376|4294885691621376,b66c7ee6eb1d1d0d67b463cd37857b6d94540f068f0b8e697eded1bc1638c10c,27b63b3a181f4e17134079c47dfb1138d22136146413047171053c5eb245e410,8ea83a2fe198f661f72d1ed8914d95dbbf535825fea075f4688eac2d2cae76c9,true,true,true
124,delay_section,rs1_style,cycle,rs1_phase,8589934592,2,17179869184,4,2,3,3,periodic,48,48,48,48,95,96,96,86,10,2,6,256,32,288,285,1,false,true,true,8589934592|8589934592|4294967296|-17179869184|4294967296|-17179869184,8589934592|8589934592|4294967296|-17179869184|4294967296|-17179869184,4294967296000000|4294967296000000|4294967296000000|4294967296000000|4294967296000000|4294967296000000,4294847036915712|4294847036915712|4294847036915712|4294847036915712|4294847036915712|4294847036915712,7309a19e33bf6f3c9e2f385914ec48a4e1864350dd0bb362aa2d0d08134199ff,09b01cf24ca04b524efc77cc1b464865450cbf66d0ca86cbba303f4d3a5bb9c4,1f7482b1187cb9b9676f92b7082582766d9d3b1516f897dd5a609c943ae47c05,true,true,true
124,delay_section,core_b,cycle,rs1_phase,8589934592,2,17179869184,4,2,3,3,periodic,48,48,48,48,95,96,96,86,10,2,6,256,32,288,285,1,false,true,true,8589934592|8589934592|4294967296|-17179869184|4294967296|-17179869184,8589934592|8589934592|4294967296|-17179869184|4294967296|-17179869184,4294967296000000|4294967296000000|4294967296000000|4294967296000000|4294967296000000|4294967296000000,4294844889432064|4294844889432064|4294844889432064|4294844889432064|4294844889432064|4294844889432064,7309a19e33bf6f3c9e2f385914ec48a4e1864350dd0bb362aa2d0d08134199ff,09b01cf24ca04b524efc77cc1b464865450cbf66d0ca86cbba303f4d3a5bb9c4,1f7482b1187cb9b9676f92b7082582766d9d3b1516f897dd5a609c943ae47c05,true,true,true
125,efficacy_plane|threshold_section,rs1_style,cycle,rs1_phase,8589934592,2,34359738368,8,2,1,1,quiescent,1,1,1,1,2,2,2,2,0,0,0,7,0,7,2,0,true,false,false,8589934592|8589934592|4294967296|-34359738368|4294967296|-34359738368,8589934592|8589934592|4294967296|-34359738368|4294967296|-34359738368,4294967296000000|4294967296000000|4294967296000000|4294967296000000|4294967296000000|4294967296000000,4294967296000000|4294967296000000|4294967296000000|4294967296000000|4294967296000000|4294967296000000,008da54929079b5cc4e4812dd7c8cbdd38a90dd56a2f47b1547057bb31e0e5f2,4f53cda18c2baa0c0354bb5f9a3ecbe5ed12ab4d8e11ba873c2f11161202b945,d36c812fd85e14ab0a09c1e10f4a5d244379cb10892eef911e892a5601563c69,true,true,true
125,efficacy_plane|threshold_section,core_b,cycle,rs1_phase,8589934592,2,34359738368,8,2,1,1,quiescent,1,1,1,1,2,2,2,2,0,0,0,7,0,7,2,0,true,false,false,8589934592|8589934592|4294967296|-34359738368|4294967296|-34359738368,8589934592|8589934592|4294967296|-34359738368|4294967296|-34359738368,4294967296000000|4294967296000000|4294967296000000|4294967296000000|4294967296000000|4294967296000000,4294966437006541|4294966437006541|4294966437006541|4294966437006541|4294966437006541|4294966437006541,008da54929079b5cc4e4812dd7c8cbdd38a90dd56a2f47b1547057bb31e0e5f2,4f53cda18c2baa0c0354bb5f9a3ecbe5ed12ab4d8e11ba873c2f11161202b945,d36c812fd85e14ab0a09c1e10f4a5d244379cb10892eef911e892a5601563c69,true,true,true
126,delay_section,rs1_style,cycle,rs1_phase,8589934592,2,68719476736,16,2,0,1,quiescent,1,1,1,1,2,2,2,2,0,0,0,7,0,7,1,0,true,false,false,8589934592|8589934592|4294967296|-68719476736|4294967296|-68719476736,8589934592|8589934592|4294967296|-68719476736|4294967296|-68719476736,4294967296000000|4294967296000000|4294967296000000|4294967296000000|4294967296000000|4294967296000000,4294967296000000|4294967296000000|4294967296000000|4294967296000000|4294967296000000|4294967296000000,0f664b86d6931bd9b1f731d2321d9badee4f1b829a70ed5a935a22ba2e9400e8,4f53cda18c2baa0c0354bb5f9a3ecbe5ed12ab4d8e11ba873c2f11161202b945,5da53a13b6bfeecde4df0b8a48b3a5b07ef1be37e8e99d4b60b89c1e30d45e3b,true,true,true
126,delay_section,core_b,cycle,rs1_phase,8589934592,2,68719476736,16,2,0,1,quiescent,1,1,1,1,2,2,2,2,0,0,0,7,0,7,1,0,true,false,false,8589934592|8589934592|4294967296|-68719476736|4294967296|-68719476736,8589934592|8589934592|4294967296|-68719476736|4294967296|-68719476736,4294967296000000|4294967296000000|4294967296000000|4294967296000000|4294967296000000|4294967296000000,4294966866503271|4294966866503271|4294966866503271|4294966866503271|4294966866503271|4294966866503271,0f664b86d6931bd9b1f731d2321d9badee4f1b829a70ed5a935a22ba2e9400e8,4f53cda18c2baa0c0354bb5f9a3ecbe5ed12ab4d8e11ba873c2f11161202b945,5da53a13b6bfeecde4df0b8a48b3a5b07ef1be37e8e99d4b60b89c1e30d45e3b,true,true,true
127,delay_section|efficacy_plane|historical_pair|threshold_section,rs1_style,cycle,rs1_phase,8589934592,2,68719476736,16,2,1,1,quiescent,1,1,1,1,2,2,2,2,0,0,0,7,0,7,2,0,true,false,false,8589934592|8589934592|4294967296|-68719476736|4294967296|-68719476736,8589934592|8589934592|4294967296|-68719476736|4294967296|-68719476736,4294967296000000|4294967296000000|4294967296000000|4294967296000000|4294967296000000|4294967296000000,4294967296000000|4294967296000000|4294967296000000|4294967296000000|4294967296000000|4294967296000000,f1e222ff629ca198c205143e8532ae65a0e258534a39b30f480db135a64e38f3,4f53cda18c2baa0c0354bb5f9a3ecbe5ed12ab4d8e11ba873c2f11161202b945,8b94704bacbd38c724c76a93a4dfa56d6a49bec7893568aa77b50c4ac06b4ef3,true,true,true
127,delay_section|efficacy_plane|historical_pair|threshold_section,core_b,cycle,rs1_phase,8589934592,2,68719476736,16,2,1,1,quiescent,1,1,1,1,2,2,2,2,0,0,0,7,0,7,2,0,true,false,false,8589934592|8589934592|4294967296|-68719476736|4294967296|-68719476736,8589934592|8589934592|4294967296|-68719476736|4294967296|-68719476736,4294967296000000|4294967296000000|4294967296000000|4294967296000000|4294967296000000|4294967296000000,4294966437006541|4294966437006541|4294966437006541|4294966437006541|4294966437006541|4294966437006541,f1e222ff629ca198c205143e8532ae65a0e258534a39b30f480db135a64e38f3,4f53cda18c2baa0c0354bb5f9a3ecbe5ed12ab4d8e11ba873c2f11161202b945,8b94704bacbd38c724c76a93a4dfa56d6a49bec7893568aa77b50c4ac06b4ef3,true,true,true
128,delay_section,rs1_style,cycle,rs1_phase,8589934592,2,68719476736,16,2,2,2,quiescent,1,1,1,1,2,2,2,2,0,0,0,7,0,7,4,0,true,false,false,8589934592|8589934592|4294967296|-68719476736|4294967296|-68719476736,8589934592|8589934592|4294967296|-68719476736|4294967296|-68719476736,4294967296000000|4294967296000000|4294967296000000|4294967296000000|4294967296000000|4294967296000000,4294967296000000|4294967296000000|4294967296000000|4294967296000000|4294967296000000|4294967296000000,f512d0fba82d9abedb3b75e7cb0b3cb2ed9e06769d74a36b582b94a3fdf46fec,4f53cda18c2baa0c0354bb5f9a3ecbe5ed12ab4d8e11ba873c2f11161202b945,2ecc08efd97efd1fd9803f96c110cb511bd3fc52289c44ebe72895e126767302,true,true,true
128,delay_section,core_b,cycle,rs1_phase,8589934592,2,68719476736,16,2,2,2,quiescent,1,1,1,1,2,2,2,2,0,0,0,7,0,7,4,0,true,false,false,8589934592|8589934592|4294967296|-68719476736|4294967296|-68719476736,8589934592|8589934592|4294967296|-68719476736|4294967296|-68719476736,4294967296000000|4294967296000000|4294967296000000|4294967296000000|4294967296000000|4294967296000000,4294965578013082|4294965578013082|4294965578013082|4294965578013082|4294965578013082|4294965578013082,f512d0fba82d9abedb3b75e7cb0b3cb2ed9e06769d74a36b582b94a3fdf46fec,4f53cda18c2baa0c0354bb5f9a3ecbe5ed12ab4d8e11ba873c2f11161202b945,2ecc08efd97efd1fd9803f96c110cb511bd3fc52289c44ebe72895e126767302,true,true,true
129,delay_section,rs1_style,cycle,rs1_phase,8589934592,2,68719476736,16,2,3,3,quiescent,1,1,1,1,2,2,2,2,0,0,0,7,0,7,6,0,true,false,false,8589934592|8589934592|4294967296|-68719476736|4294967296|-68719476736,8589934592|8589934592|4294967296|-68719476736|4294967296|-68719476736,4294967296000000|4294967296000000|4294967296000000|4294967296000000|4294967296000000|4294967296000000,4294967296000000|4294967296000000|4294967296000000|4294967296000000|4294967296000000|4294967296000000,2614cd8dc04ee9ff8a2cb76a0bb60ef98f7e61c10c9c390beff5ee82b3055506,4f53cda18c2baa0c0354bb5f9a3ecbe5ed12ab4d8e11ba873c2f11161202b945,eb6200e37cfc26e5a26420e61cf850b2cac8c3f2fce7d9b9f747d29adec89c67,true,true,true
129,delay_section,core_b,cycle,rs1_phase,8589934592,2,68719476736,16,2,3,3,quiescent,1,1,1,1,2,2,2,2,0,0,0,7,0,7,6,0,true,false,false,8589934592|8589934592|4294967296|-68719476736|4294967296|-68719476736,8589934592|8589934592|4294967296|-68719476736|4294967296|-68719476736,4294967296000000|4294967296000000|4294967296000000|4294967296000000|4294967296000000|4294967296000000,4294964719019623|4294964719019623|4294964719019623|4294964719019623|4294964719019623|4294964719019623,2614cd8dc04ee9ff8a2cb76a0bb60ef98f7e61c10c9c390beff5ee82b3055506,4f53cda18c2baa0c0354bb5f9a3ecbe5ed12ab4d8e11ba873c2f11161202b945,eb6200e37cfc26e5a26420e61cf850b2cac8c3f2fce7d9b9f747d29adec89c67,true,true,true
130,efficacy_plane,core_b,cycle,rs1_phase,10737418240,2.5,0,0,2,1,1,periodic,48,48,48,48,191,96,0,86,10,2,2,256,32,288,95,1,false,true,true,10737418240|10737418240|4294967296|0|4294967296|0,10737418240|10737418240|4294967296|0|4294967296|0,4294967296000000|4294967296000000|4294967296000000|4294967296000000|4294967296000000|4294967296000000,4294926493810688|4294926493810688|4294926493810688|4294926493810688|4294926493810688|4294926493810688,a1dbfd8730cfb95b9df42e1d77497d57fb455a25683816f1d8fa603bd7a755bd,dd114a4c0151741c191ac2c67fd3dc03e659126f1caec97638d15f085587be6e,883668939390858dc82cd347003142743177db2b1884df376f08b7a0bf6b956e,true,true,true
131,efficacy_plane,core_b,cycle,rs1_phase,10737418240,2.5,4294967296,1,2,1,1,periodic,48,48,48,48,95,96,96,86,10,2,2,256,32,288,95,1,false,true,true,10737418240|10737418240|4294967296|-4294967296|4294967296|-4294967296,10737418240|10737418240|4294967296|-4294967296|4294967296|-4294967296,4294967296000000|4294967296000000|4294967296000000|4294967296000000|4294967296000000|4294967296000000,4294926493810688|4294926493810688|4294926493810688|4294926493810688|4294926493810688|4294926493810688,8f1227266786e07d1717ebd1a981e280534bf103ff6ca2462d7af4c9946180ab,7f25152b8dce9b766d0ca6fdfd4477d877fe8914247e6ab0f318f72a75ac95bc,f2a26c6bd7039c22a0f486a2f6776e3d0f2e78e68d361e317dccf811311b084d,true,true,true
132,efficacy_plane,core_b,cycle,rs1_phase,10737418240,2.5,6442450944,1.5,2,1,1,periodic,48,48,48,48,95,96,96,86,10,2,2,256,32,288,95,1,false,true,true,10737418240|10737418240|4294967296|-6442450944|4294967296|-6442450944,10737418240|10737418240|4294967296|-6442450944|4294967296|-6442450944,4294967296000000|4294967296000000|4294967296000000|4294967296000000|4294967296000000|4294967296000000,4294926493810688|4294926493810688|4294926493810688|4294926493810688|4294926493810688|4294926493810688,dfa81d02364c637d019b648f9b86e49beca118574e98c8b1f171373614b92a9f,45d3ed9e009bbe76af8861e37022b332b30ce6b49ac0f46a429135814bea555c,6992730460ea1acb2265172a5ac92fc7e08efc434234664dbb857e8283ae67b5,true,true,true
133,efficacy_plane,core_b,cycle,rs1_phase,10737418240,2.5,8589934592,2,2,1,1,periodic,48,48,48,48,95,96,96,86,10,2,2,256,32,288,95,1,false,true,true,10737418240|10737418240|4294967296|-8589934592|4294967296|-8589934592,10737418240|10737418240|4294967296|-8589934592|4294967296|-8589934592,4294967296000000|4294967296000000|4294967296000000|4294967296000000|4294967296000000|4294967296000000,4294926493810688|4294926493810688|4294926493810688|4294926493810688|4294926493810688|4294926493810688,841cbdcf3e514d02880a525d1bcc6bfd229f192f719062c0e9b3a43a38801300,9f6d5fd8c288e807b11fc6d1b439bdc634c7ef230d06ee48348ae3f53fb1db39,20a219e0de48904f7c72c83ad5cde3326652c4a6e14c38df35cbaeed7ac00386,true,true,true
134,efficacy_plane,core_b,cycle,rs1_phase,10737418240,2.5,10737418240,2.5,2,1,1,periodic,48,48,48,48,95,96,96,86,10,2,2,256,32,288,95,1,false,true,true,10737418240|10737418240|4294967296|-10737418240|4294967296|-10737418240,10737418240|10737418240|4294967296|-10737418240|4294967296|-10737418240,4294967296000000|4294967296000000|4294967296000000|4294967296000000|4294967296000000|4294967296000000,4294926493810688|4294926493810688|4294926493810688|4294926493810688|4294926493810688|4294926493810688,09d256a4315dea1abf35cc893f58a9908ff441170e5db224d62a570faa9208c6,20d01a435fcd8f505f5b4a0d1b63748f2acaba60cad3080a43e3da7a7963fd27,ced485f0a93132dfd1bac4750875865f404c85d3cfbb1533cf6cd475e32bd555,true,true,true
135,efficacy_plane,core_b,cycle,rs1_phase,10737418240,2.5,12884901888,3,2,1,1,quiescent,1,1,1,1,2,2,2,2,0,0,0,7,0,7,2,0,true,false,false,10737418240|10737418240|4294967296|-12884901888|4294967296|-12884901888,10737418240|10737418240|4294967296|-12884901888|4294967296|-12884901888,4294967296000000|4294967296000000|4294967296000000|4294967296000000|4294967296000000|4294967296000000,4294966437006541|4294966437006541|4294966437006541|4294966437006541|4294966437006541|4294966437006541,52aa75f62e92cb35f11d347c8bc095a5ee65bdb8268f16517a1302f8e9428ca3,4f53cda18c2baa0c0354bb5f9a3ecbe5ed12ab4d8e11ba873c2f11161202b945,0b4e12e947703a37bbdd049d9428772fb34d876d0182819a95faa119d67a567f,true,true,true
136,efficacy_plane,core_b,cycle,rs1_phase,10737418240,2.5,17179869184,4,2,1,1,quiescent,1,1,1,1,2,2,2,2,0,0,0,7,0,7,2,0,true,false,false,10737418240|10737418240|4294967296|-17179869184|4294967296|-17179869184,10737418240|10737418240|4294967296|-17179869184|4294967296|-17179869184,4294967296000000|4294967296000000|4294967296000000|4294967296000000|4294967296000000|4294967296000000,4294966437006541|4294966437006541|4294966437006541|4294966437006541|4294966437006541|4294966437006541,89abf9c153aeb6a7906daa26420ef8651104f9930d5112b96beafb6e6e387050,4f53cda18c2baa0c0354bb5f9a3ecbe5ed12ab4d8e11ba873c2f11161202b945,53caa84b67f0d2e295d2b8e849e7bbf2039e761f856730583d49cf81cd5262d5,true,true,true
137,efficacy_plane,core_b,cycle,rs1_phase,10737418240,2.5,34359738368,8,2,1,1,quiescent,1,1,1,1,2,2,2,2,0,0,0,7,0,7,2,0,true,false,false,10737418240|10737418240|4294967296|-34359738368|4294967296|-34359738368,10737418240|10737418240|4294967296|-34359738368|4294967296|-34359738368,4294967296000000|4294967296000000|4294967296000000|4294967296000000|4294967296000000|4294967296000000,4294966437006541|4294966437006541|4294966437006541|4294966437006541|4294966437006541|4294966437006541,a254441f0014eac17ad3dfd842c19466fb26d7964378a66d19a518603e9a1cc9,4f53cda18c2baa0c0354bb5f9a3ecbe5ed12ab4d8e11ba873c2f11161202b945,f079f48f67de1dd03a667e5c58b62ebcbbc6b893e0cbef83b555e61c2d4b6b8c,true,true,true
138,efficacy_plane,core_b,cycle,rs1_phase,10737418240,2.5,68719476736,16,2,1,1,quiescent,1,1,1,1,2,2,2,2,0,0,0,7,0,7,2,0,true,false,false,10737418240|10737418240|4294967296|-68719476736|4294967296|-68719476736,10737418240|10737418240|4294967296|-68719476736|4294967296|-68719476736,4294967296000000|4294967296000000|4294967296000000|4294967296000000|4294967296000000|4294967296000000,4294966437006541|4294966437006541|4294966437006541|4294966437006541|4294966437006541|4294966437006541,93d6df14e15b419340bf0a2623f4b919ea20ab8f68213abe722d4c87a828e245,4f53cda18c2baa0c0354bb5f9a3ecbe5ed12ab4d8e11ba873c2f11161202b945,649f87f234b1682174a49896ee4fd2df4749da539c138c3e4424d4c11c9f0ec7,true,true,true
139,efficacy_plane,rs1_style,cycle,rs1_phase,12884901888,3,0,0,2,1,1,periodic,48,48,48,48,191,96,0,86,10,2,2,256,32,288,95,1,false,true,true,12884901888|12884901888|4294967296|0|4294967296|0,12884901888|12884901888|4294967296|0|4294967296|0,4294967296000000|4294967296000000|4294967296000000|4294967296000000|4294967296000000|4294967296000000,4294928641294336|4294928641294336|4294928641294336|4294928641294336|4294928641294336|4294928641294336,71d2dc1862de8ec5b2e2d9275665cfac0c00f53e2fda28a298162fe72c41351d,69c309383f0d047a5a2cab93ab4f10b3f37e976944ab742bcfd1abe21612a48d,9aa238d48f188ca66364033be46f0a95ea5f116998db98887bac721f2dc82cdc,true,true,true
139,efficacy_plane,core_b,cycle,rs1_phase,12884901888,3,0,0,2,1,1,periodic,48,48,48,48,191,96,0,86,10,2,2,256,32,288,95,1,false,true,true,12884901888|12884901888|4294967296|0|4294967296|0,12884901888|12884901888|4294967296|0|4294967296|0,4294967296000000|4294967296000000|4294967296000000|4294967296000000|4294967296000000|4294967296000000,4294926493810688|4294926493810688|4294926493810688|4294926493810688|4294926493810688|4294926493810688,71d2dc1862de8ec5b2e2d9275665cfac0c00f53e2fda28a298162fe72c41351d,69c309383f0d047a5a2cab93ab4f10b3f37e976944ab742bcfd1abe21612a48d,9aa238d48f188ca66364033be46f0a95ea5f116998db98887bac721f2dc82cdc,true,true,true
140,threshold_section,rs1_style,cycle,rs1_phase,12884901888,3,0,0,3,1,1,periodic,48,48,48,48,191,96,0,86,10,2,2,256,32,288,95,1,false,true,true,12884901888|12884901888|4294967296|0|4294967296|0,12884901888|12884901888|4294967296|0|4294967296|0,4294967296000000|4294967296000000|4294967296000000|4294967296000000|4294967296000000|4294967296000000,4294928641294336|4294928641294336|4294928641294336|4294928641294336|4294928641294336|4294928641294336,d1aad44920abbe572e2f63be3a55c78e48d9e57301d590f38ad5ebc4f8262e7b,69c309383f0d047a5a2cab93ab4f10b3f37e976944ab742bcfd1abe21612a48d,171aad7767e211396ad54981d85f1245f62836e5c3004ac9778e773b915fc0f6,true,true,true
140,threshold_section,core_b,cycle,rs1_phase,12884901888,3,0,0,3,1,1,periodic,48,48,48,48,191,96,0,86,10,2,2,256,32,288,95,1,false,true,true,12884901888|12884901888|4294967296|0|4294967296|0,12884901888|12884901888|4294967296|0|4294967296|0,4294967296000000|4294967296000000|4294967296000000|4294967296000000|4294967296000000|4294967296000000,4294926493810688|4294926493810688|4294926493810688|4294926493810688|4294926493810688|4294926493810688,d1aad44920abbe572e2f63be3a55c78e48d9e57301d590f38ad5ebc4f8262e7b,69c309383f0d047a5a2cab93ab4f10b3f37e976944ab742bcfd1abe21612a48d,171aad7767e211396ad54981d85f1245f62836e5c3004ac9778e773b915fc0f6,true,true,true
141,efficacy_plane,rs1_style,cycle,rs1_phase,12884901888,3,4294967296,1,2,1,1,periodic,48,48,48,48,95,96,96,86,10,2,2,256,32,288,95,1,false,true,true,12884901888|12884901888|4294967296|-4294967296|4294967296|-4294967296,12884901888|12884901888|4294967296|-4294967296|4294967296|-4294967296,4294967296000000|4294967296000000|4294967296000000|4294967296000000|4294967296000000|4294967296000000,4294928641294336|4294928641294336|4294928641294336|4294928641294336|4294928641294336|4294928641294336,09fcb67f1a098c12ca155268d5adc36ea4543ac93aa2fb8539327f2afe036363,850b6b5e8cde353ef294cb2d7bbdb3b6e6d1ee871149ab7a5e7f410da7e14bcc,894bfb6fbb84f92e4dc8629c70c49967f59aac1e8c1f0b6a1d339b202f4d0a91,true,true,true
141,efficacy_plane,core_b,cycle,rs1_phase,12884901888,3,4294967296,1,2,1,1,periodic,48,48,48,48,95,96,96,86,10,2,2,256,32,288,95,1,false,true,true,12884901888|12884901888|4294967296|-4294967296|4294967296|-4294967296,12884901888|12884901888|4294967296|-4294967296|4294967296|-4294967296,4294967296000000|4294967296000000|4294967296000000|4294967296000000|4294967296000000|4294967296000000,4294926493810688|4294926493810688|4294926493810688|4294926493810688|4294926493810688|4294926493810688,09fcb67f1a098c12ca155268d5adc36ea4543ac93aa2fb8539327f2afe036363,850b6b5e8cde353ef294cb2d7bbdb3b6e6d1ee871149ab7a5e7f410da7e14bcc,894bfb6fbb84f92e4dc8629c70c49967f59aac1e8c1f0b6a1d339b202f4d0a91,true,true,true
142,threshold_section,rs1_style,cycle,rs1_phase,12884901888,3,4294967296,1,3,1,1,periodic,48,48,48,48,95,96,96,86,10,2,2,256,32,288,95,1,false,true,true,12884901888|12884901888|4294967296|-4294967296|4294967296|-4294967296,12884901888|12884901888|4294967296|-4294967296|4294967296|-4294967296,4294967296000000|4294967296000000|4294967296000000|4294967296000000|4294967296000000|4294967296000000,4294928641294336|4294928641294336|4294928641294336|4294928641294336|4294928641294336|4294928641294336,381be33b18ad782c7040bed4e98e8e792dedfdfc4aa1f04cb373d8f800253e7b,850b6b5e8cde353ef294cb2d7bbdb3b6e6d1ee871149ab7a5e7f410da7e14bcc,5a7ee47081e598201f1624ab1d1e9d5ecf738806689af852824ded5ca16a9e2d,true,true,true
142,threshold_section,core_b,cycle,rs1_phase,12884901888,3,4294967296,1,3,1,1,periodic,48,48,48,48,95,96,96,86,10,2,2,256,32,288,95,1,false,true,true,12884901888|12884901888|4294967296|-4294967296|4294967296|-4294967296,12884901888|12884901888|4294967296|-4294967296|4294967296|-4294967296,4294967296000000|4294967296000000|4294967296000000|4294967296000000|4294967296000000|4294967296000000,4294926493810688|4294926493810688|4294926493810688|4294926493810688|4294926493810688|4294926493810688,381be33b18ad782c7040bed4e98e8e792dedfdfc4aa1f04cb373d8f800253e7b,850b6b5e8cde353ef294cb2d7bbdb3b6e6d1ee871149ab7a5e7f410da7e14bcc,5a7ee47081e598201f1624ab1d1e9d5ecf738806689af852824ded5ca16a9e2d,true,true,true
143,efficacy_plane,core_b,cycle,rs1_phase,12884901888,3,6442450944,1.5,2,1,1,periodic,48,48,48,48,95,96,96,86,10,2,2,256,32,288,95,1,false,true,true,12884901888|12884901888|4294967296|-6442450944|4294967296|-6442450944,12884901888|12884901888|4294967296|-6442450944|4294967296|-6442450944,4294967296000000|4294967296000000|4294967296000000|4294967296000000|4294967296000000|4294967296000000,4294926493810688|4294926493810688|4294926493810688|4294926493810688|4294926493810688|4294926493810688,da42d2f48785c7d2e6373284e5f9b7c42d796d8975e02defd88627170f07d284,9229e0a70b592c8aaec6eb2779d036a9ebbc84ce84038a878868820bdd436ef5,6e5362ecfc754dd5fbb4e1e57efcccdb34be330c9cbc98d8ad2dd187f64bf991,true,true,true
144,threshold_section,core_b,cycle,rs1_phase,12884901888,3,6442450944,1.5,3,1,1,periodic,48,48,48,48,95,96,96,86,10,2,2,256,32,288,95,1,false,true,true,12884901888|12884901888|4294967296|-6442450944|4294967296|-6442450944,12884901888|12884901888|4294967296|-6442450944|4294967296|-6442450944,4294967296000000|4294967296000000|4294967296000000|4294967296000000|4294967296000000|4294967296000000,4294926493810688|4294926493810688|4294926493810688|4294926493810688|4294926493810688|4294926493810688,57737f201da4e0198a4707c87857fd474aafb9d774b7610d87d47cec4ffb14cb,9229e0a70b592c8aaec6eb2779d036a9ebbc84ce84038a878868820bdd436ef5,1781c09301339a9491b081ec13936b644c616feb41a468894eceb2b5412f29c1,true,true,true
145,efficacy_plane,rs1_style,cycle,rs1_phase,12884901888,3,8589934592,2,2,1,1,periodic,48,48,48,48,95,96,96,86,10,2,2,256,32,288,95,1,false,true,true,12884901888|12884901888|4294967296|-8589934592|4294967296|-8589934592,12884901888|12884901888|4294967296|-8589934592|4294967296|-8589934592,4294967296000000|4294967296000000|4294967296000000|4294967296000000|4294967296000000|4294967296000000,4294928641294336|4294928641294336|4294928641294336|4294928641294336|4294928641294336|4294928641294336,0d1d8b39ee64a31cd2057f7100a729c5f56d6f4468551fed8d32d95b6f0838b5,01e596f9d89e73ff4fe18db2561b59a17fe8681ae2fea7a4369aeeba7e29d7d9,13131e454eed8525f78e81d3cc41bf09d45190f092f89abf9128933824025995,true,true,true
145,efficacy_plane,core_b,cycle,rs1_phase,12884901888,3,8589934592,2,2,1,1,periodic,48,48,48,48,95,96,96,86,10,2,2,256,32,288,95,1,false,true,true,12884901888|12884901888|4294967296|-8589934592|4294967296|-8589934592,12884901888|12884901888|4294967296|-8589934592|4294967296|-8589934592,4294967296000000|4294967296000000|4294967296000000|4294967296000000|4294967296000000|4294967296000000,4294926493810688|4294926493810688|4294926493810688|4294926493810688|4294926493810688|4294926493810688,0d1d8b39ee64a31cd2057f7100a729c5f56d6f4468551fed8d32d95b6f0838b5,01e596f9d89e73ff4fe18db2561b59a17fe8681ae2fea7a4369aeeba7e29d7d9,13131e454eed8525f78e81d3cc41bf09d45190f092f89abf9128933824025995,true,true,true
146,threshold_section,rs1_style,cycle,rs1_phase,12884901888,3,8589934592,2,3,1,1,periodic,48,48,48,48,95,96,96,86,10,2,2,256,32,288,95,1,false,true,true,12884901888|12884901888|4294967296|-8589934592|4294967296|-8589934592,12884901888|12884901888|4294967296|-8589934592|4294967296|-8589934592,4294967296000000|4294967296000000|4294967296000000|4294967296000000|4294967296000000|4294967296000000,4294928641294336|4294928641294336|4294928641294336|4294928641294336|4294928641294336|4294928641294336,e0c47774bd2bc765791bf108ded69bada0680699c6ce75cbb7aab4375358eb95,01e596f9d89e73ff4fe18db2561b59a17fe8681ae2fea7a4369aeeba7e29d7d9,4a3f73ad07d5283913757b7d3efacc88b7c779696f5c7ae2b4588e1c8ff33490,true,true,true
146,threshold_section,core_b,cycle,rs1_phase,12884901888,3,8589934592,2,3,1,1,periodic,48,48,48,48,95,96,96,86,10,2,2,256,32,288,95,1,false,true,true,12884901888|12884901888|4294967296|-8589934592|4294967296|-8589934592,12884901888|12884901888|4294967296|-8589934592|4294967296|-8589934592,4294967296000000|4294967296000000|4294967296000000|4294967296000000|4294967296000000|4294967296000000,4294926493810688|4294926493810688|4294926493810688|4294926493810688|4294926493810688|4294926493810688,e0c47774bd2bc765791bf108ded69bada0680699c6ce75cbb7aab4375358eb95,01e596f9d89e73ff4fe18db2561b59a17fe8681ae2fea7a4369aeeba7e29d7d9,4a3f73ad07d5283913757b7d3efacc88b7c779696f5c7ae2b4588e1c8ff33490,true,true,true
147,efficacy_plane,core_b,cycle,rs1_phase,12884901888,3,10737418240,2.5,2,1,1,periodic,48,48,48,48,95,96,96,86,10,2,2,256,32,288,95,1,false,true,true,12884901888|12884901888|4294967296|-10737418240|4294967296|-10737418240,12884901888|12884901888|4294967296|-10737418240|4294967296|-10737418240,4294967296000000|4294967296000000|4294967296000000|4294967296000000|4294967296000000|4294967296000000,4294926493810688|4294926493810688|4294926493810688|4294926493810688|4294926493810688|4294926493810688,83aeeb7fb80739f399c762b7587369768a30f66b659affd5ca09addc6a2bf227,d6f73af225d501e4d78c0e6f09f189b38cc099cec267cc96404061019611aca1,62ee594b8fee1aa9398be20dfcfb1f8dfc681f3e71372d642ac2392be14764c7,true,true,true
148,threshold_section,core_b,cycle,rs1_phase,12884901888,3,10737418240,2.5,3,1,1,quiescent,1,1,1,1,2,2,2,2,0,0,0,7,0,7,2,0,true,false,false,12884901888|12884901888|4294967296|-10737418240|4294967296|-10737418240,12884901888|12884901888|4294967296|-10737418240|4294967296|-10737418240,4294967296000000|4294967296000000|4294967296000000|4294967296000000|4294967296000000|4294967296000000,4294966437006541|4294966437006541|4294966437006541|4294966437006541|4294966437006541|4294966437006541,e9b944690ef2f50d85edd46e79d76f24c2840670ecb4cbc68696652ad2d2c0ba,4f53cda18c2baa0c0354bb5f9a3ecbe5ed12ab4d8e11ba873c2f11161202b945,2b57174025a84fbed1014940a9e619998529609883490acd36e4e22095f4660a,true,true,true
149,efficacy_plane,rs1_style,cycle,rs1_phase,12884901888,3,12884901888,3,2,1,1,periodic,48,48,48,48,95,96,96,86,10,2,2,256,32,288,95,1,false,true,true,12884901888|12884901888|4294967296|-12884901888|4294967296|-12884901888,12884901888|12884901888|4294967296|-12884901888|4294967296|-12884901888,4294967296000000|4294967296000000|4294967296000000|4294967296000000|4294967296000000|4294967296000000,4294928641294336|4294928641294336|4294928641294336|4294928641294336|4294928641294336|4294928641294336,a8b19c7d8d995d63e8bba4411e995f640a39c2111a400e23c7586a537e41adf8,57f4ade5fcc760613ba2fab27a0ab2595bda86ee03be3a0ce8b7bb3740f39361,f79ba6aeb28fbb7134ab4848a518f3341dc94b20f17be365810890008704f608,true,true,true
149,efficacy_plane,core_b,cycle,rs1_phase,12884901888,3,12884901888,3,2,1,1,periodic,48,48,48,48,95,96,96,86,10,2,2,256,32,288,95,1,false,true,true,12884901888|12884901888|4294967296|-12884901888|4294967296|-12884901888,12884901888|12884901888|4294967296|-12884901888|4294967296|-12884901888,4294967296000000|4294967296000000|4294967296000000|4294967296000000|4294967296000000|4294967296000000,4294926493810688|4294926493810688|4294926493810688|4294926493810688|4294926493810688|4294926493810688,a8b19c7d8d995d63e8bba4411e995f640a39c2111a400e23c7586a537e41adf8,57f4ade5fcc760613ba2fab27a0ab2595bda86ee03be3a0ce8b7bb3740f39361,f79ba6aeb28fbb7134ab4848a518f3341dc94b20f17be365810890008704f608,true,true,true
150,threshold_section,rs1_style,cycle,rs1_phase,12884901888,3,12884901888,3,3,1,1,quiescent,1,1,1,1,2,2,2,2,0,0,0,7,0,7,2,0,true,false,false,12884901888|12884901888|4294967296|-12884901888|4294967296|-12884901888,12884901888|12884901888|4294967296|-12884901888|4294967296|-12884901888,4294967296000000|4294967296000000|4294967296000000|4294967296000000|4294967296000000|4294967296000000,4294967296000000|4294967296000000|4294967296000000|4294967296000000|4294967296000000|4294967296000000,12a62380b707e1bfe992bda584a390adce8211c6475742fd86e0b32e077c93e4,4f53cda18c2baa0c0354bb5f9a3ecbe5ed12ab4d8e11ba873c2f11161202b945,f7771003afaa786b64b679d08cef9572d271653141ecbb355f81e834efbb6a10,true,true,true
150,threshold_section,core_b,cycle,rs1_phase,12884901888,3,12884901888,3,3,1,1,quiescent,1,1,1,1,2,2,2,2,0,0,0,7,0,7,2,0,true,false,false,12884901888|12884901888|4294967296|-12884901888|4294967296|-12884901888,12884901888|12884901888|4294967296|-12884901888|4294967296|-12884901888,4294967296000000|4294967296000000|4294967296000000|4294967296000000|4294967296000000|4294967296000000,4294966437006541|4294966437006541|4294966437006541|4294966437006541|4294966437006541|4294966437006541,12a62380b707e1bfe992bda584a390adce8211c6475742fd86e0b32e077c93e4,4f53cda18c2baa0c0354bb5f9a3ecbe5ed12ab4d8e11ba873c2f11161202b945,f7771003afaa786b64b679d08cef9572d271653141ecbb355f81e834efbb6a10,true,true,true
151,efficacy_plane,rs1_style,cycle,rs1_phase,12884901888,3,17179869184,4,2,1,1,quiescent,1,1,1,1,2,2,2,2,0,0,0,7,0,7,2,0,true,false,false,12884901888|12884901888|4294967296|-17179869184|4294967296|-17179869184,12884901888|12884901888|4294967296|-17179869184|4294967296|-17179869184,4294967296000000|4294967296000000|4294967296000000|4294967296000000|4294967296000000|4294967296000000,4294967296000000|4294967296000000|4294967296000000|4294967296000000|4294967296000000|4294967296000000,92dbdc14a16652dec7b6dde936fb3ab8338270aff1d6945577ae1018da3e6dc1,4f53cda18c2baa0c0354bb5f9a3ecbe5ed12ab4d8e11ba873c2f11161202b945,c20db1110739ec47d3030d9757acac8891f7fd569771b88e5d0ef94736214a94,true,true,true
151,efficacy_plane,core_b,cycle,rs1_phase,12884901888,3,17179869184,4,2,1,1,quiescent,1,1,1,1,2,2,2,2,0,0,0,7,0,7,2,0,true,false,false,12884901888|12884901888|4294967296|-17179869184|4294967296|-17179869184,12884901888|12884901888|4294967296|-17179869184|4294967296|-17179869184,4294967296000000|4294967296000000|4294967296000000|4294967296000000|4294967296000000|4294967296000000,4294966437006541|4294966437006541|4294966437006541|4294966437006541|4294966437006541|4294966437006541,92dbdc14a16652dec7b6dde936fb3ab8338270aff1d6945577ae1018da3e6dc1,4f53cda18c2baa0c0354bb5f9a3ecbe5ed12ab4d8e11ba873c2f11161202b945,c20db1110739ec47d3030d9757acac8891f7fd569771b88e5d0ef94736214a94,true,true,true
152,threshold_section,rs1_style,cycle,rs1_phase,12884901888,3,17179869184,4,3,1,1,quiescent,1,1,1,1,2,2,2,2,0,0,0,7,0,7,2,0,true,false,false,12884901888|12884901888|4294967296|-17179869184|4294967296|-17179869184,12884901888|12884901888|4294967296|-17179869184|4294967296|-17179869184,4294967296000000|4294967296000000|4294967296000000|4294967296000000|4294967296000000|4294967296000000,4294967296000000|4294967296000000|4294967296000000|4294967296000000|4294967296000000|4294967296000000,a322daf1fbd9122ac95cee0ee5e5bba4081825a3c9867ed4d8dbf37849a291f3,4f53cda18c2baa0c0354bb5f9a3ecbe5ed12ab4d8e11ba873c2f11161202b945,b95859239842af9613f050c0e8e5b83b40079e31675551c9a6907b91bc042c8f,true,true,true
152,threshold_section,core_b,cycle,rs1_phase,12884901888,3,17179869184,4,3,1,1,quiescent,1,1,1,1,2,2,2,2,0,0,0,7,0,7,2,0,true,false,false,12884901888|12884901888|4294967296|-17179869184|4294967296|-17179869184,12884901888|12884901888|4294967296|-17179869184|4294967296|-17179869184,4294967296000000|4294967296000000|4294967296000000|4294967296000000|4294967296000000|4294967296000000,4294966437006541|4294966437006541|4294966437006541|4294966437006541|4294966437006541|4294966437006541,a322daf1fbd9122ac95cee0ee5e5bba4081825a3c9867ed4d8dbf37849a291f3,4f53cda18c2baa0c0354bb5f9a3ecbe5ed12ab4d8e11ba873c2f11161202b945,b95859239842af9613f050c0e8e5b83b40079e31675551c9a6907b91bc042c8f,true,true,true
153,efficacy_plane,rs1_style,cycle,rs1_phase,12884901888,3,34359738368,8,2,1,1,quiescent,1,1,1,1,2,2,2,2,0,0,0,7,0,7,2,0,true,false,false,12884901888|12884901888|4294967296|-34359738368|4294967296|-34359738368,12884901888|12884901888|4294967296|-34359738368|4294967296|-34359738368,4294967296000000|4294967296000000|4294967296000000|4294967296000000|4294967296000000|4294967296000000,4294967296000000|4294967296000000|4294967296000000|4294967296000000|4294967296000000|4294967296000000,bdbfa3748a0f62381751ed6a694c1b5a4936c41c08c93743205933fa785f7355,4f53cda18c2baa0c0354bb5f9a3ecbe5ed12ab4d8e11ba873c2f11161202b945,9ea62b6e1887ec35f9fb30803d8a8050dfe016cfd11ac0ded0a9aacb0ce9bd4c,true,true,true
153,efficacy_plane,core_b,cycle,rs1_phase,12884901888,3,34359738368,8,2,1,1,quiescent,1,1,1,1,2,2,2,2,0,0,0,7,0,7,2,0,true,false,false,12884901888|12884901888|4294967296|-34359738368|4294967296|-34359738368,12884901888|12884901888|4294967296|-34359738368|4294967296|-34359738368,4294967296000000|4294967296000000|4294967296000000|4294967296000000|4294967296000000|4294967296000000,4294966437006541|4294966437006541|4294966437006541|4294966437006541|4294966437006541|4294966437006541,bdbfa3748a0f62381751ed6a694c1b5a4936c41c08c93743205933fa785f7355,4f53cda18c2baa0c0354bb5f9a3ecbe5ed12ab4d8e11ba873c2f11161202b945,9ea62b6e1887ec35f9fb30803d8a8050dfe016cfd11ac0ded0a9aacb0ce9bd4c,true,true,true
154,threshold_section,rs1_style,cycle,rs1_phase,12884901888,3,34359738368,8,3,1,1,quiescent,1,1,1,1,2,2,2,2,0,0,0,7,0,7,2,0,true,false,false,12884901888|12884901888|4294967296|-34359738368|4294967296|-34359738368,12884901888|12884901888|4294967296|-34359738368|4294967296|-34359738368,4294967296000000|4294967296000000|4294967296000000|4294967296000000|4294967296000000|4294967296000000,4294967296000000|4294967296000000|4294967296000000|4294967296000000|4294967296000000|4294967296000000,720aca993691d00538b27fbe8cfee5e1d81435e9ecb2ef7e8d76ebb186fc31f7,4f53cda18c2baa0c0354bb5f9a3ecbe5ed12ab4d8e11ba873c2f11161202b945,16ff5479a798ec5f6b9a553758907af3c69faba99c7f4664ecd91fd6af8aa03d,true,true,true
154,threshold_section,core_b,cycle,rs1_phase,12884901888,3,34359738368,8,3,1,1,quiescent,1,1,1,1,2,2,2,2,0,0,0,7,0,7,2,0,true,false,false,12884901888|12884901888|4294967296|-34359738368|4294967296|-34359738368,12884901888|12884901888|4294967296|-34359738368|4294967296|-34359738368,4294967296000000|4294967296000000|4294967296000000|4294967296000000|4294967296000000|4294967296000000,4294966437006541|4294966437006541|4294966437006541|4294966437006541|4294966437006541|4294966437006541,720aca993691d00538b27fbe8cfee5e1d81435e9ecb2ef7e8d76ebb186fc31f7,4f53cda18c2baa0c0354bb5f9a3ecbe5ed12ab4d8e11ba873c2f11161202b945,16ff5479a798ec5f6b9a553758907af3c69faba99c7f4664ecd91fd6af8aa03d,true,true,true
155,efficacy_plane,rs1_style,cycle,rs1_phase,12884901888,3,68719476736,16,2,1,1,quiescent,1,1,1,1,2,2,2,2,0,0,0,7,0,7,2,0,true,false,false,12884901888|12884901888|4294967296|-68719476736|4294967296|-68719476736,12884901888|12884901888|4294967296|-68719476736|4294967296|-68719476736,4294967296000000|4294967296000000|4294967296000000|4294967296000000|4294967296000000|4294967296000000,4294967296000000|4294967296000000|4294967296000000|4294967296000000|4294967296000000|4294967296000000,851328165ab80df85d90cd896b0868f6e7bd915d500cff58fa5bcd081acefd61,4f53cda18c2baa0c0354bb5f9a3ecbe5ed12ab4d8e11ba873c2f11161202b945,034bec699a62095bceeff3f591a766e7503aaf3c83cf975311e588bb1ef59ecb,true,true,true
155,efficacy_plane,core_b,cycle,rs1_phase,12884901888,3,68719476736,16,2,1,1,quiescent,1,1,1,1,2,2,2,2,0,0,0,7,0,7,2,0,true,false,false,12884901888|12884901888|4294967296|-68719476736|4294967296|-68719476736,12884901888|12884901888|4294967296|-68719476736|4294967296|-68719476736,4294967296000000|4294967296000000|4294967296000000|4294967296000000|4294967296000000|4294967296000000,4294966437006541|4294966437006541|4294966437006541|4294966437006541|4294966437006541|4294966437006541,851328165ab80df85d90cd896b0868f6e7bd915d500cff58fa5bcd081acefd61,4f53cda18c2baa0c0354bb5f9a3ecbe5ed12ab4d8e11ba873c2f11161202b945,034bec699a62095bceeff3f591a766e7503aaf3c83cf975311e588bb1ef59ecb,true,true,true
156,threshold_section,rs1_style,cycle,rs1_phase,12884901888,3,68719476736,16,3,1,1,quiescent,1,1,1,1,2,2,2,2,0,0,0,7,0,7,2,0,true,false,false,12884901888|12884901888|4294967296|-68719476736|4294967296|-68719476736,12884901888|12884901888|4294967296|-68719476736|4294967296|-68719476736,4294967296000000|4294967296000000|4294967296000000|4294967296000000|4294967296000000|4294967296000000,4294967296000000|4294967296000000|4294967296000000|4294967296000000|4294967296000000|4294967296000000,66f1f4d7c20ccad1c8396ae16d7eca40f9f75f3ea153390b0c277b880db04172,4f53cda18c2baa0c0354bb5f9a3ecbe5ed12ab4d8e11ba873c2f11161202b945,f33a5a20c68c206c99cdd7550fce1488db3f076e3008fe1c88ecb8d6399bbcbf,true,true,true
156,threshold_section,core_b,cycle,rs1_phase,12884901888,3,68719476736,16,3,1,1,quiescent,1,1,1,1,2,2,2,2,0,0,0,7,0,7,2,0,true,false,false,12884901888|12884901888|4294967296|-68719476736|4294967296|-68719476736,12884901888|12884901888|4294967296|-68719476736|4294967296|-68719476736,4294967296000000|4294967296000000|4294967296000000|4294967296000000|4294967296000000|4294967296000000,4294966437006541|4294966437006541|4294966437006541|4294966437006541|4294966437006541|4294966437006541,66f1f4d7c20ccad1c8396ae16d7eca40f9f75f3ea153390b0c277b880db04172,4f53cda18c2baa0c0354bb5f9a3ecbe5ed12ab4d8e11ba873c2f11161202b945,f33a5a20c68c206c99cdd7550fce1488db3f076e3008fe1c88ecb8d6399bbcbf,true,true,true
157,acyclic_control,rs1_style,chain,core0_phase,8589934592,2,68719476736,16,2,1,1,quiescent,1,1,1,1,1,2,2,2,0,0,0,6,0,6,1,0,true,false,false,8589934592|4294967296|-68719476736|4294967296|-68719476736,8589934592|4294967296|-68719476736|4294967296|-68719476736,4294967296000000|4294967296000000|4294967296000000|4294967296000000|4294967296000000,4294967296000000|4294967296000000|4294967296000000|4294967296000000|4294967296000000,867c30d69182c43e1d16d8a86c7ad801a8dffe67b2c3a18df84ea0be520e06a5,4f53cda18c2baa0c0354bb5f9a3ecbe5ed12ab4d8e11ba873c2f11161202b945,1b076e92e4f1bad3be47fc2f5b21411a9415dcbfbe4850c384ab55a16645c5a6,true,true,true
157,acyclic_control,core_b,chain,core0_phase,8589934592,2,68719476736,16,2,1,1,quiescent,1,1,1,1,1,2,2,2,0,0,0,6,0,6,1,0,true,false,false,8589934592|4294967296|-68719476736|4294967296|-68719476736,8589934592|4294967296|-68719476736|4294967296|-68719476736,4294967296000000|4294967296000000|4294967296000000|4294967296000000|4294967296000000,4294966866503271|4294966866503271|4294966866503271|4294966866503271|4294966866503271,867c30d69182c43e1d16d8a86c7ad801a8dffe67b2c3a18df84ea0be520e06a5,4f53cda18c2baa0c0354bb5f9a3ecbe5ed12ab4d8e11ba873c2f11161202b945,1b076e92e4f1bad3be47fc2f5b21411a9415dcbfbe4850c384ab55a16645c5a6,true,true,true
158,acyclic_control,rs1_style,chain,rs1_phase,8589934592,2,68719476736,16,2,1,1,quiescent,1,1,1,1,1,2,2,2,0,0,0,6,0,6,1,0,true,false,false,8589934592|4294967296|-68719476736|4294967296|-68719476736,8589934592|4294967296|-68719476736|4294967296|-68719476736,4294967296000000|4294967296000000|4294967296000000|4294967296000000|4294967296000000,4294967296000000|4294967296000000|4294967296000000|4294967296000000|4294967296000000,f19db6aa0b2bb0bb851271e3e2cc952f0cb9f18df11c0de8996c94db970c9623,4f53cda18c2baa0c0354bb5f9a3ecbe5ed12ab4d8e11ba873c2f11161202b945,822e73885055712ae7fe0647df64c5b0e200f1b9ff9af4b6636e5540ba0ecaa7,true,true,true
158,acyclic_control,core_b,chain,rs1_phase,8589934592,2,68719476736,16,2,1,1,quiescent,1,1,1,1,1,2,2,2,0,0,0,6,0,6,1,0,true,false,false,8589934592|4294967296|-68719476736|4294967296|-68719476736,8589934592|4294967296|-68719476736|4294967296|-68719476736,4294967296000000|4294967296000000|4294967296000000|4294967296000000|4294967296000000,4294966866503271|4294966866503271|4294966866503271|4294966866503271|4294966866503271,f19db6aa0b2bb0bb851271e3e2cc952f0cb9f18df11c0de8996c94db970c9623,4f53cda18c2baa0c0354bb5f9a3ecbe5ed12ab4d8e11ba873c2f11161202b945,822e73885055712ae7fe0647df64c5b0e200f1b9ff9af4b6636e5540ba0ecaa7,true,true,true
