case_id,root,phase,family,arm,mechanics,states,measures,drive,modulation,fires,resistance_events,qlp,crossings,proposals,deallocations,physical_work,final_tick,trace_hash,body_hash,live_hash,quiescent,replay_equal,mechanics_equal,predicate_pass
1,5100000,0,cpc0_contact_locality,persistence_only,reference,1/7/1/4026531840/4026531840;1/4/1/4026531840/0,4026531840|0,6,1,4,1,0,0,0,0,8,1,7b5efb1d815bd18f6de819dfaf81c5898c3cc796408074a3e6a1a7c97e12677b,0f2486f5a0d786d3bfe3501a2ebb189e975b7512549f2fdcdec1031409e15e67,6e6a22f74fc3b021266434ff7ad3e4229ee689565f0693d0b72264a97ab11c26,true,true,false,true,false
1,5100000,0,cpc0_contact_locality,persistence_only,production,1/7/1/4026531840/4026531840;1/4/1/4026531840/0,4026531840|0,6,1,4,1,0,0,0,0,8,1,7b5efb1d815bd18f6de819dfaf81c5898c3cc796408074a3e6a1a7c97e12677b,0f2486f5a0d786d3bfe3501a2ebb189e975b7512549f2fdcdec1031409e15e67,4f761bac8aeb67af9ec95558aacae0dedc973ac42d7ba1abbaaf2314a4514f47,true,true,false,true,false
2,5100000,0,cpc0_contact_locality,efficacy_and_persistence,reference,1/7/2/4026531840/4026531840;1/4/2/4026531840/0,4026531840|0,6,1,4,1,0,0,0,0,8,1,645dd88c5b158d6e7e32380e52ff9688572e56491521289ba5d04a4a9b9eb55a,bdb98b61806b951eb5ea4c1209b141719d182f2d36c0d417199e856c8f349346,66325ab0ca3bba819b9aa8a26144eedfdcb66d6506f8bd44ed48edc4230a50e5,true,true,false,true,false
2,5100000,0,cpc0_contact_locality,efficacy_and_persistence,production,1/7/2/4026531840/4026531840;1/4/2/4026531840/0,4026531840|0,6,1,4,1,0,0,0,0,8,1,645dd88c5b158d6e7e32380e52ff9688572e56491521289ba5d04a4a9b9eb55a,bdb98b61806b951eb5ea4c1209b141719d182f2d36c0d417199e856c8f349346,45d9684be1d32d6a2734181dae803ab803c959b19fdd92385190494826f5b605,true,true,false,true,false
3,5100000,0,cpc1_temporal_participation,persistence_only,reference,1/6/1/1979772000/4026531840;1/5/1/1979772000/1979772000;1/7/1/1979772000/3110400000;1/7/1/1979772000/3110400000;1/7/1/4542662625/7136931840,4026531840|1979772000|3110400000|3110400000|7136931840,19,5,12,5,0,0,0,0,29,12,3b7e7efc0c824453945db7aaaab408ca12743f85eea4d31ae1f0eb53270aa59c,eef3ed119f6129900f0b96afdbfb05b4e71bf6064d5c75e42392192f0c318cf4,76e9781e6fb3e890ff8b516ba995c31b98f2ac6abda12a2eeb94b2ac90bfea53,true,true,false,true,false
3,5100000,0,cpc1_temporal_participation,persistence_only,production,1/6/1/1979772000/4026531840;1/5/1/1979772000/1979772000;1/7/1/1979772000/3110400000;1/7/1/1979772000/3110400000;1/7/1/4542662625/7136931840,4026531840|1979772000|3110400000|3110400000|7136931840,19,5,12,5,0,0,0,0,29,12,3b7e7efc0c824453945db7aaaab408ca12743f85eea4d31ae1f0eb53270aa59c,eef3ed119f6129900f0b96afdbfb05b4e71bf6064d5c75e42392192f0c318cf4,059b89f1bec3ed7cb29b0b7253bc728201d8b4953326552b08efbab6731fcae6,true,true,false,true,false
4,5100000,0,cpc1_temporal_participation,efficacy_and_persistence,reference,1/6/2/1979772000/4026531840;1/5/2/1979772000/1979772000;1/7/2/1979772000/3110400000;1/7/2/1979772000/3110400000;1/7/2/4542662625/7136931840,4026531840|1979772000|3110400000|3110400000|7136931840,19,5,12,5,0,0,0,0,29,12,c88e9b38226a32da18b5457e09295d11f5e9431cd2e43889ff4c2c41c807ec73,4e0147907f326901e2267ff6378859bd72da24e1e1e0c41f2199404f11d40831,2f9f01973a4e332dc0c608ba322831f0204737ffe778d352dbbe3d4c3dd95665,true,true,false,true,false
4,5100000,0,cpc1_temporal_participation,efficacy_and_persistence,production,1/6/2/1979772000/4026531840;1/5/2/1979772000/1979772000;1/7/2/1979772000/3110400000;1/7/2/1979772000/3110400000;1/7/2/4542662625/7136931840,4026531840|1979772000|3110400000|3110400000|7136931840,19,5,12,5,0,0,0,0,29,12,c88e9b38226a32da18b5457e09295d11f5e9431cd2e43889ff4c2c41c807ec73,4e0147907f326901e2267ff6378859bd72da24e1e1e0c41f2199404f11d40831,d2bc0bad649078fb625c308560aed76c91d3aa496c6b397290c001ac73f6e527,true,true,false,true,false
5,5100000,0,pqlc0_one_hop,persistence_only,reference,1/7/1/4026531840/4026531840,1|4026531840,5,2,4,2,1,0,0,0,10,1,1769241bdad4576e92b6d27c55e52874ef4047947e36f0d7d55dec82b60dfa82,a4ec211a3d1459609c215d3070a5f833502243fe7eae52dde120afbda5b8f1aa,c96f95b58ad5a98b0d1dcdf04f5d59b324d88bcee7f2c24156bba6459c185f4f,true,true,false,true,false
5,5100000,0,pqlc0_one_hop,persistence_only,production,1/7/1/4026531840/4026531840,1|4026531840,5,2,4,2,1,0,0,0,10,1,1769241bdad4576e92b6d27c55e52874ef4047947e36f0d7d55dec82b60dfa82,a4ec211a3d1459609c215d3070a5f833502243fe7eae52dde120afbda5b8f1aa,e864beee6b83eb4c992346d808dfd476793b3a444b7793c10a68673693aeaad7,true,true,false,true,false
6,5100000,0,pqlc0_one_hop,efficacy_and_persistence,reference,1/7/2/4026531840/4026531840,1|4026531840,5,2,4,2,1,0,0,0,10,1,6abc422e09be03de387e97a49238b1d0bd25126b0dd6b3cb4849ed949ab76f57,f6ac8b4e2c6639ae77737ab65ea853f3694b820a8a3a8267dd13b137ddb317db,97dffad54bbc4f9899213381ce4ae5ee829ad4500d9f6fc374a0143feb4437ce,true,true,false,true,false
6,5100000,0,pqlc0_one_hop,efficacy_and_persistence,production,1/7/2/4026531840/4026531840,1|4026531840,5,2,4,2,1,0,0,0,10,1,6abc422e09be03de387e97a49238b1d0bd25126b0dd6b3cb4849ed949ab76f57,f6ac8b4e2c6639ae77737ab65ea853f3694b820a8a3a8267dd13b137ddb317db,1edef385e408fafd4dfb3ce754f515cccfb3429b62d5afa4608390f93f28adcd,true,true,false,true,false
7,5100000,0,pqlc1_depth_16,persistence_only,reference,1/7/1/4026531840/4026531840;1/7/1/4026531840/4026531840;1/7/1/4026531840/4026531840;1/7/1/4026531840/4026531840;1/7/1/4026531840/4026531840;1/7/1/4026531840/4026531840;1/7/1/4026531840/4026531840;1/7/1/4026531840/4026531840;1/7/1/4026531840/4026531840;1/7/1/4026531840/4026531840;1/7/1/4026531840/4026531840;1/7/1/4026531840/4026531840;1/7/1/4026531840/4026531840;1/7/1/4026531840/4026531840;1/7/1/4026531840/4026531840;1/7/1/4026531840/4026531840,16,19,16,18,16,15,0,0,0,66,1,4dfb006685670f2cdee6b6231d1ee95c6017db314cf1b8ae6432568be67a5a43,e02e55930659127faadc3f56f1035b49481bba036d7883c2887ef30afaceb12e,77212796cb392d49b4166e2d1c1b0f367dcc1ac55376452a97c5567a6a832196,true,true,false,true,false
7,5100000,0,pqlc1_depth_16,persistence_only,production,1/7/1/4026531840/4026531840;1/7/1/4026531840/4026531840;1/7/1/4026531840/4026531840;1/7/1/4026531840/4026531840;1/7/1/4026531840/4026531840;1/7/1/4026531840/4026531840;1/7/1/4026531840/4026531840;1/7/1/4026531840/4026531840;1/7/1/4026531840/4026531840;1/7/1/4026531840/4026531840;1/7/1/4026531840/4026531840;1/7/1/4026531840/4026531840;1/7/1/4026531840/4026531840;1/7/1/4026531840/4026531840;1/7/1/4026531840/4026531840;1/7/1/4026531840/4026531840,16,19,16,18,16,15,0,0,0,66,1,4dfb006685670f2cdee6b6231d1ee95c6017db314cf1b8ae6432568be67a5a43,e02e55930659127faadc3f56f1035b49481bba036d7883c2887ef30afaceb12e,029e46e3d4bb7102ae8c631b08ec2fb1b69d38d8d7387a0307a425170099cb3d,true,true,false,true,false
8,5100000,0,pqlc1_depth_16,efficacy_and_persistence,reference,1/7/2/4026531840/4026531840;1/7/2/4026531840/4026531840;1/7/2/4026531840/4026531840;1/7/2/4026531840/4026531840;1/7/2/4026531840/4026531840;1/7/2/4026531840/4026531840;1/7/2/4026531840/4026531840;1/7/2/4026531840/4026531840;1/7/2/4026531840/4026531840;1/7/2/4026531840/4026531840;1/7/2/4026531840/4026531840;1/7/2/4026531840/4026531840;1/7/2/4026531840/4026531840;1/7/2/4026531840/4026531840;1/7/2/4026531840/4026531840;1/7/2/4026531840/4026531840,16,19,16,18,16,15,0,0,0,66,1,3fcdd65883c7a818159b25bb8687c95b701c478e135a6a7de3cd0d445ba842f4,28780b02cf422b170f6d6e6ee56883494ce1b6d76bdec4a97673ef521195b7e4,5565ef8e55699969bc36ea86f1ff6d3836fde45c1496c6b04f21db7d16e004c2,true,true,false,true,false
8,5100000,0,pqlc1_depth_16,efficacy_and_persistence,production,1/7/2/4026531840/4026531840;1/7/2/4026531840/4026531840;1/7/2/4026531840/4026531840;1/7/2/4026531840/4026531840;1/7/2/4026531840/4026531840;1/7/2/4026531840/4026531840;1/7/2/4026531840/4026531840;1/7/2/4026531840/4026531840;1/7/2/4026531840/4026531840;1/7/2/4026531840/4026531840;1/7/2/4026531840/4026531840;1/7/2/4026531840/4026531840;1/7/2/4026531840/4026531840;1/7/2/4026531840/4026531840;1/7/2/4026531840/4026531840;1/7/2/4026531840/4026531840,16,19,16,18,16,15,0,0,0,66,1,3fcdd65883c7a818159b25bb8687c95b701c478e135a6a7de3cd0d445ba842f4,28780b02cf422b170f6d6e6ee56883494ce1b6d76bdec4a97673ef521195b7e4,909d3e1549b303cfa13fabf18396a8d1e2cfe7c1d8bde574a8d6f6f7d5ec0988,true,true,false,true,false
9,5100000,0,fd0_equal_persistence,persistence_only,reference,1/1/1/0/0;0/0/1/0/0,1|0,0,0,0,0,0,0,0,1,1,40,4f53cda18c2baa0c0354bb5f9a3ecbe5ed12ab4d8e11ba873c2f11161202b945,59cd519ab5e973e103c86b0f811275385eb3e3fe338f2b058b19669e25633b1f,1e6488e3e1f690701dee493f997eec7c18ef166623a7e27bc2c04a5c696cf3b7,true,true,false,true,false
9,5100000,0,fd0_equal_persistence,persistence_only,production,1/1/1/0/0;0/0/1/0/0,1|0,0,0,0,0,0,0,0,1,1,40,4f53cda18c2baa0c0354bb5f9a3ecbe5ed12ab4d8e11ba873c2f11161202b945,59cd519ab5e973e103c86b0f811275385eb3e3fe338f2b058b19669e25633b1f,ecf0430884b8aad2d45568cdb699795b16f4d4d738b9e9c7bcddcd874f1f1f0a,true,true,false,true,false
10,5100000,0,fd0_equal_persistence,efficacy_and_persistence,reference,1/1/2/0/0;0/0/2/0/0,1|0,0,0,0,0,0,0,0,1,1,40,4f53cda18c2baa0c0354bb5f9a3ecbe5ed12ab4d8e11ba873c2f11161202b945,60fa5162eefe2ebc4422d9f2e2fdae365228532ad23ce23752bc4e99beed1aa6,4cc14d3ef0721ebafa117c8dd48a0bb37c2dc098c991ef3c9f6115278512afca,true,true,false,true,false
10,5100000,0,fd0_equal_persistence,efficacy_and_persistence,production,1/1/2/0/0;0/0/2/0/0,1|0,0,0,0,0,0,0,0,1,1,40,4f53cda18c2baa0c0354bb5f9a3ecbe5ed12ab4d8e11ba873c2f11161202b945,60fa5162eefe2ebc4422d9f2e2fdae365228532ad23ce23752bc4e99beed1aa6,bf82cd30b45ed8262f88572df48676b9578b0dfd800d387cb920476713edaacf,true,true,false,true,false
11,5100000,0,fd1_consolidation,persistence_only,reference,1/4/1/4026531840/4026531840;1/1/1/4026531840/0,4026531840|0,5,1,3,1,0,0,0,0,7,1,2ac96d70ccc89b833a919a81597236108d114cf7b365b7f125946d3237a48036,cb8d670c8bdb09217eecb3dede0f69e1ab0ef6ad390c7c9a42ec69de006a09ef,cac12c9a875536a6c6341796d2851f574a7ce518a9236a9469ef48dd9514ad9f,true,true,false,true,false
11,5100000,0,fd1_consolidation,persistence_only,production,1/4/1/4026531840/4026531840;1/1/1/4026531840/0,4026531840|0,5,1,3,1,0,0,0,0,7,1,2ac96d70ccc89b833a919a81597236108d114cf7b365b7f125946d3237a48036,cb8d670c8bdb09217eecb3dede0f69e1ab0ef6ad390c7c9a42ec69de006a09ef,61b31668b4ff7f2f57a33a2d950a365e0e7b5d57689c687839b764190f6058a3,true,true,false,true,false
12,5100000,0,fd1_consolidation,efficacy_and_persistence,reference,1/4/2/4026531840/4026531840;1/1/2/4026531840/0,4026531840|0,5,1,3,1,0,0,0,0,7,1,c0a80c0160761856c1fab1a3587176a9210f510ce4a36c83a647598589cf8a3f,44af89b18051899c00db452feb563343036dbeac571befc971d93f0160869997,698e8af5b383b618b7eefd39556d4500cc13d768f18e01040c04fee4d9c9cd78,true,true,false,true,false
12,5100000,0,fd1_consolidation,efficacy_and_persistence,production,1/4/2/4026531840/4026531840;1/1/2/4026531840/0,4026531840|0,5,1,3,1,0,0,0,0,7,1,c0a80c0160761856c1fab1a3587176a9210f510ce4a36c83a647598589cf8a3f,44af89b18051899c00db452feb563343036dbeac571befc971d93f0160869997,bf368887ea5f8e85478c8f5021b8442a6eeaf4ef7658aa1ff5d880995930fc53,true,true,false,true,false
13,5100000,0,threshold_1_already_executable,persistence_only,reference,1/4/1/4294967296/0,1|1,3,0,2,0,0,1,0,0,3,0,dd178675c6d71483d4f9299e0b8d1a75fafbdff92697f14911e08b3b378b7800,fc823d076a21859d09016c05dba380631513b94a175e6ceb23ec6b2c3235f6df,0d27a2773fe7b235d8082cf642f7f040ed55e31db52c20d6172b22d7f1d1771c,true,true,true,true,true
13,5100000,0,threshold_1_already_executable,persistence_only,production,1/4/1/4294967296/0,1|1,3,0,2,0,0,1,0,0,3,0,dd178675c6d71483d4f9299e0b8d1a75fafbdff92697f14911e08b3b378b7800,fc823d076a21859d09016c05dba380631513b94a175e6ceb23ec6b2c3235f6df,0d27a2773fe7b235d8082cf642f7f040ed55e31db52c20d6172b22d7f1d1771c,true,true,true,true,true
14,5100000,0,threshold_1_already_executable,efficacy_and_persistence,reference,1/4/2/4294967296/0,1|1,3,0,2,0,0,1,0,0,3,0,dc03c8b5d8c03134f4628da757e557bfc540d3676134457ef7f7c88e296118cf,c596f9540adaebf0e0d78db6b729139c672f9bca0505404068b848f474329448,0ce6992329f5d410185b92e96ae94ee3868c42767edc67488f9726ed9d57fb9d,true,true,true,true,true
14,5100000,0,threshold_1_already_executable,efficacy_and_persistence,production,1/4/2/4294967296/0,1|1,3,0,2,0,0,1,0,0,3,0,dc03c8b5d8c03134f4628da757e557bfc540d3676134457ef7f7c88e296118cf,c596f9540adaebf0e0d78db6b729139c672f9bca0505404068b848f474329448,0ce6992329f5d410185b92e96ae94ee3868c42767edc67488f9726ed9d57fb9d,true,true,true,true,true
15,5100000,0,threshold_2_acquired_efficacy,persistence_only,reference,1/4/1/4294967296/0;1/1/1/4294967296/0,0|0|0,4,0,2,0,0,0,0,0,4,0,d00be5d8839bbde0bf7c29a16018e869f6b5fb56ebf22668edfbae2209ee02d8,fff1baa496d392b306261cf9aef4953d07fa73811ef19f0e752501c173cd3cff,1e8dc1c3dcaf191343f334afbe2caf9acc9b7d73f484af6e82a291a25c99a5e6,true,true,true,true,true
15,5100000,0,threshold_2_acquired_efficacy,persistence_only,production,1/4/1/4294967296/0;1/1/1/4294967296/0,0|0|0,4,0,2,0,0,0,0,0,4,0,d00be5d8839bbde0bf7c29a16018e869f6b5fb56ebf22668edfbae2209ee02d8,fff1baa496d392b306261cf9aef4953d07fa73811ef19f0e752501c173cd3cff,1e8dc1c3dcaf191343f334afbe2caf9acc9b7d73f484af6e82a291a25c99a5e6,true,true,true,true,true
16,5100000,0,threshold_2_acquired_efficacy,efficacy_and_persistence,reference,1/4/2/4294967296/0;1/1/1/4294967296/0,1|0|1,5,0,3,0,0,1,0,0,5,0,840cbb8032be4c4c0718981e290a7fb3877e102b5e7dba55f97c1c261304bd86,f8f01f1de956433e4e29d91033759db67943f0eba8bcb8de1c4d5b7f7a2f8a81,a41f61f589a6526811832671e9609f00a89b7cf7dd13585675b7068b5c32afb7,true,true,true,true,true
16,5100000,0,threshold_2_acquired_efficacy,efficacy_and_persistence,production,1/4/2/4294967296/0;1/1/1/4294967296/0,1|0|1,5,0,3,0,0,1,0,0,5,0,840cbb8032be4c4c0718981e290a7fb3877e102b5e7dba55f97c1c261304bd86,f8f01f1de956433e4e29d91033759db67943f0eba8bcb8de1c4d5b7f7a2f8a81,a41f61f589a6526811832671e9609f00a89b7cf7dd13585675b7068b5c32afb7,true,true,true,true,true
17,5100000,0,threshold_3_still_insufficient,persistence_only,reference,1/4/1/4294967296/0,0|0,2,0,1,0,0,0,0,0,2,0,b1e043ab1adf8c4b9f43d6117e99aed133d8e104f4c8bc316d3a98f87ffc011c,45151faa2e566d10d0c4a7e58f0b174013cec0283fbd4c15555d45ae3132632b,9e7f8ee17ad4f8ed12e15ad349ec3aff485b56bbebe546bc66edec3278a3c1fe,true,true,true,true,true
17,5100000,0,threshold_3_still_insufficient,persistence_only,production,1/4/1/4294967296/0,0|0,2,0,1,0,0,0,0,0,2,0,b1e043ab1adf8c4b9f43d6117e99aed133d8e104f4c8bc316d3a98f87ffc011c,45151faa2e566d10d0c4a7e58f0b174013cec0283fbd4c15555d45ae3132632b,9e7f8ee17ad4f8ed12e15ad349ec3aff485b56bbebe546bc66edec3278a3c1fe,true,true,true,true,true
18,5100000,0,threshold_3_still_insufficient,efficacy_and_persistence,reference,1/4/2/4294967296/0,0|0,2,0,1,0,0,0,0,0,2,0,f7b1b44f70b942fe3886be980377132939284784b7c5b56ad7bb6752cfe96a68,ee0e9f121004a93ff0b7fef97d293254328ea3b62f3ff28bb473d2e485470b17,551cc3c10defd26acf7ba16acbfb386753cd6432d21bd8e4eaaf8bf8b76125f8,true,true,true,true,true
18,5100000,0,threshold_3_still_insufficient,efficacy_and_persistence,production,1/4/2/4294967296/0,0|0,2,0,1,0,0,0,0,0,2,0,f7b1b44f70b942fe3886be980377132939284784b7c5b56ad7bb6752cfe96a68,ee0e9f121004a93ff0b7fef97d293254328ea3b62f3ff28bb473d2e485470b17,551cc3c10defd26acf7ba16acbfb386753cd6432d21bd8e4eaaf8bf8b76125f8,true,true,true,true,true
19,5100000,0,threshold_2_two_physical_inputs,persistence_only,reference,1/4/1/4294967296/0;1/4/1/4294967296/0,1|1,5,0,3,0,0,1,0,0,5,0,31a8d01699d9977b1f8431d486c4456a4a2f167d698b0996850735c6b9f00bbe,ef64eace922d62007835c0b3307eb14a6a3299070ba3ca1fb2024baa34c749b6,6425823b94b7c14d894e447413af2ea4eae3bef2b928875c612a0578e2498212,true,true,true,true,true
19,5100000,0,threshold_2_two_physical_inputs,persistence_only,production,1/4/1/4294967296/0;1/4/1/4294967296/0,1|1,5,0,3,0,0,1,0,0,5,0,31a8d01699d9977b1f8431d486c4456a4a2f167d698b0996850735c6b9f00bbe,ef64eace922d62007835c0b3307eb14a6a3299070ba3ca1fb2024baa34c749b6,6425823b94b7c14d894e447413af2ea4eae3bef2b928875c612a0578e2498212,true,true,true,true,true
20,5100000,0,threshold_2_two_physical_inputs,efficacy_and_persistence,reference,1/4/1/4294967296/0;1/4/1/4294967296/0,1|1,5,0,3,0,0,1,0,0,5,0,6c51d328465844677e5bb2d18c3b110df70ed29b1240aab7ac2a7324a0460118,04062fdd283324ada383e6df09ad2e10b45a28e7cacdf223e5298e901b16bea9,6b4b1dd7e4242ed0583297d7c30729540121a5d14a8d57fecd1d47f149c5867f,true,true,true,true,true
20,5100000,0,threshold_2_two_physical_inputs,efficacy_and_persistence,production,1/4/1/4294967296/0;1/4/1/4294967296/0,1|1,5,0,3,0,0,1,0,0,5,0,6c51d328465844677e5bb2d18c3b110df70ed29b1240aab7ac2a7324a0460118,04062fdd283324ada383e6df09ad2e10b45a28e7cacdf223e5298e901b16bea9,6b4b1dd7e4242ed0583297d7c30729540121a5d14a8d57fecd1d47f149c5867f,true,true,true,true,true
21,5100000,1,cpc0_contact_locality,persistence_only,reference,1/7/1/4026531840/4026531840;1/4/1/4026531840/0,4026531840|0,6,1,4,1,0,0,0,0,8,2,57f766a5aefef412ed7512746a4549bf199cea6e34bb0a007bfd956047774ab1,0f2486f5a0d786d3bfe3501a2ebb189e975b7512549f2fdcdec1031409e15e67,ec7f7be9098a4b2f61d80ef5c96713402aec7caff5ba5505ac27dd66dee5a40d,true,true,false,true,false
21,5100000,1,cpc0_contact_locality,persistence_only,production,1/7/1/4026531840/4026531840;1/4/1/4026531840/0,4026531840|0,6,1,4,1,0,0,0,0,8,2,57f766a5aefef412ed7512746a4549bf199cea6e34bb0a007bfd956047774ab1,0f2486f5a0d786d3bfe3501a2ebb189e975b7512549f2fdcdec1031409e15e67,ec0c0b8eb46f5bda67dfd4fe38dae2b57d75f5a65eff4e0336a5d02b66f80681,true,true,false,true,false
22,5100000,1,cpc0_contact_locality,efficacy_and_persistence,reference,1/7/2/4026531840/4026531840;1/4/2/4026531840/0,4026531840|0,6,1,4,1,0,0,0,0,8,2,712ae9f80bb23c3a1814cbaf66dcf4f87b49090ea267fb211398afc50f306b03,bdb98b61806b951eb5ea4c1209b141719d182f2d36c0d417199e856c8f349346,334a5944718fee94bfc99060247a8dd13955dd7299733676f4d6c8d61721afbd,true,true,false,true,false
22,5100000,1,cpc0_contact_locality,efficacy_and_persistence,production,1/7/2/4026531840/4026531840;1/4/2/4026531840/0,4026531840|0,6,1,4,1,0,0,0,0,8,2,712ae9f80bb23c3a1814cbaf66dcf4f87b49090ea267fb211398afc50f306b03,bdb98b61806b951eb5ea4c1209b141719d182f2d36c0d417199e856c8f349346,6cfd6dac1f5016605e0170a8c55a76f478bf3b930180bf3a6859dd674495891c,true,true,false,true,false
23,5100000,1,cpc1_temporal_participation,persistence_only,reference,1/6/1/1979772000/4026531840;1/5/1/1979772000/1979772000;1/7/1/1979772000/3110400000;1/7/1/1979772000/3110400000;1/7/1/4542662625/7136931840,4026531840|1979772000|3110400000|3110400000|7136931840,19,5,12,5,0,0,0,0,29,13,5ebfba1825e515e5c566813e136a6c7a7712fec0ff900c26a026c58bf22174ec,eef3ed119f6129900f0b96afdbfb05b4e71bf6064d5c75e42392192f0c318cf4,3f569aade6d7d1364afdf1c73f2bced48801fc3637d3f2219ab7b57d35111915,true,true,false,true,false
23,5100000,1,cpc1_temporal_participation,persistence_only,production,1/6/1/1979772000/4026531840;1/5/1/1979772000/1979772000;1/7/1/1979772000/3110400000;1/7/1/1979772000/3110400000;1/7/1/4542662625/7136931840,4026531840|1979772000|3110400000|3110400000|7136931840,19,5,12,5,0,0,0,0,29,13,5ebfba1825e515e5c566813e136a6c7a7712fec0ff900c26a026c58bf22174ec,eef3ed119f6129900f0b96afdbfb05b4e71bf6064d5c75e42392192f0c318cf4,fb05d369317fe9b22cb9e97eb19dca29045eb797152f203140401fcb928a94ad,true,true,false,true,false
24,5100000,1,cpc1_temporal_participation,efficacy_and_persistence,reference,1/6/2/1979772000/4026531840;1/5/2/1979772000/1979772000;1/7/2/1979772000/3110400000;1/7/2/1979772000/3110400000;1/7/2/4542662625/7136931840,4026531840|1979772000|3110400000|3110400000|7136931840,19,5,12,5,0,0,0,0,29,13,c95ecc5f434dd086480ddf119e6d4b2dd5fa392e5f1ec31339ef544a38bc9599,4e0147907f326901e2267ff6378859bd72da24e1e1e0c41f2199404f11d40831,3552f5889c7b94116332dd1979a70f67a12a838465e3d3aefd30d714eb80e3e6,true,true,false,true,false
24,5100000,1,cpc1_temporal_participation,efficacy_and_persistence,production,1/6/2/1979772000/4026531840;1/5/2/1979772000/1979772000;1/7/2/1979772000/3110400000;1/7/2/1979772000/3110400000;1/7/2/4542662625/7136931840,4026531840|1979772000|3110400000|3110400000|7136931840,19,5,12,5,0,0,0,0,29,13,c95ecc5f434dd086480ddf119e6d4b2dd5fa392e5f1ec31339ef544a38bc9599,4e0147907f326901e2267ff6378859bd72da24e1e1e0c41f2199404f11d40831,4ecef5d7dfcab886051914aa769e90de7bfddcad71d1e88bc3c78997b104bba6,true,true,false,true,false
25,5100000,1,pqlc0_one_hop,persistence_only,reference,1/7/1/4026531840/4026531840,1|4026531840,5,2,4,2,1,0,0,0,10,2,0066f87499e5bf4f999e7e5ed85e1c513275ba6f093e95a21dd5af9a9d5df58b,a4ec211a3d1459609c215d3070a5f833502243fe7eae52dde120afbda5b8f1aa,3c07f35d4e04f198e42dd9d2c2286127d306295f1e33cbf2afab30c8411774e7,true,true,false,true,false
25,5100000,1,pqlc0_one_hop,persistence_only,production,1/7/1/4026531840/4026531840,1|4026531840,5,2,4,2,1,0,0,0,10,2,0066f87499e5bf4f999e7e5ed85e1c513275ba6f093e95a21dd5af9a9d5df58b,a4ec211a3d1459609c215d3070a5f833502243fe7eae52dde120afbda5b8f1aa,f9a76bb283b8dfdedf25b97d0e4ed762625f3ac2ff56bae7f05ef1d347d5e08a,true,true,false,true,false
26,5100000,1,pqlc0_one_hop,efficacy_and_persistence,reference,1/7/2/4026531840/4026531840,1|4026531840,5,2,4,2,1,0,0,0,10,2,e20e7cb512db83048c97c0408f730e0442be3573ab9321db4b619b84ba533eaf,f6ac8b4e2c6639ae77737ab65ea853f3694b820a8a3a8267dd13b137ddb317db,1d6cc8eb30a9940d8e71d67e5d2b2e71b7d220774931f0226b8039d47edbb5ca,true,true,false,true,false
26,5100000,1,pqlc0_one_hop,efficacy_and_persistence,production,1/7/2/4026531840/4026531840,1|4026531840,5,2,4,2,1,0,0,0,10,2,e20e7cb512db83048c97c0408f730e0442be3573ab9321db4b619b84ba533eaf,f6ac8b4e2c6639ae77737ab65ea853f3694b820a8a3a8267dd13b137ddb317db,116a81a00a39b4033b9316d2a304a9417a06698157ee582cac0e35b0bcc45ca2,true,true,false,true,false
27,5100000,1,pqlc1_depth_16,persistence_only,reference,1/7/1/4026531840/4026531840;1/7/1/4026531840/4026531840;1/7/1/4026531840/4026531840;1/7/1/4026531840/4026531840;1/7/1/4026531840/4026531840;1/7/1/4026531840/4026531840;1/7/1/4026531840/4026531840;1/7/1/4026531840/4026531840;1/7/1/4026531840/4026531840;1/7/1/4026531840/4026531840;1/7/1/4026531840/4026531840;1/7/1/4026531840/4026531840;1/7/1/4026531840/4026531840;1/7/1/4026531840/4026531840;1/7/1/4026531840/4026531840;1/7/1/4026531840/4026531840,16,19,16,18,16,15,0,0,0,66,2,e94da82837d905ae8c0301058e4041376ef6d9efed2024bc100f412c4d5b1242,e02e55930659127faadc3f56f1035b49481bba036d7883c2887ef30afaceb12e,e32a62f8a53ada3ec88478457bc783b86d521d547cf562cc96fbd1f45d2757ec,true,true,false,true,false
27,5100000,1,pqlc1_depth_16,persistence_only,production,1/7/1/4026531840/4026531840;1/7/1/4026531840/4026531840;1/7/1/4026531840/4026531840;1/7/1/4026531840/4026531840;1/7/1/4026531840/4026531840;1/7/1/4026531840/4026531840;1/7/1/4026531840/4026531840;1/7/1/4026531840/4026531840;1/7/1/4026531840/4026531840;1/7/1/4026531840/4026531840;1/7/1/4026531840/4026531840;1/7/1/4026531840/4026531840;1/7/1/4026531840/4026531840;1/7/1/4026531840/4026531840;1/7/1/4026531840/4026531840;1/7/1/4026531840/4026531840,16,19,16,18,16,15,0,0,0,66,2,e94da82837d905ae8c0301058e4041376ef6d9efed2024bc100f412c4d5b1242,e02e55930659127faadc3f56f1035b49481bba036d7883c2887ef30afaceb12e,cbb821607291968e4dadba68ac91dafc6e588321ea418d00824e3724ffdefbac,true,true,false,true,false
28,5100000,1,pqlc1_depth_16,efficacy_and_persistence,reference,1/7/2/4026531840/4026531840;1/7/2/4026531840/4026531840;1/7/2/4026531840/4026531840;1/7/2/4026531840/4026531840;1/7/2/4026531840/4026531840;1/7/2/4026531840/4026531840;1/7/2/4026531840/4026531840;1/7/2/4026531840/4026531840;1/7/2/4026531840/4026531840;1/7/2/4026531840/4026531840;1/7/2/4026531840/4026531840;1/7/2/4026531840/4026531840;1/7/2/4026531840/4026531840;1/7/2/4026531840/4026531840;1/7/2/4026531840/4026531840;1/7/2/4026531840/4026531840,16,19,16,18,16,15,0,0,0,66,2,479183f00d7838242c9713e93a2bbdaf138b0782dd3128f62bf35a5768fcd3ae,28780b02cf422b170f6d6e6ee56883494ce1b6d76bdec4a97673ef521195b7e4,2f46718eed3596d7fae9d0ecbc1c9ad90f76f465f3a1a06a94d4a773ada7946b,true,true,false,true,false
28,5100000,1,pqlc1_depth_16,efficacy_and_persistence,production,1/7/2/4026531840/4026531840;1/7/2/4026531840/4026531840;1/7/2/4026531840/4026531840;1/7/2/4026531840/4026531840;1/7/2/4026531840/4026531840;1/7/2/4026531840/4026531840;1/7/2/4026531840/4026531840;1/7/2/4026531840/4026531840;1/7/2/4026531840/4026531840;1/7/2/4026531840/4026531840;1/7/2/4026531840/4026531840;1/7/2/4026531840/4026531840;1/7/2/4026531840/4026531840;1/7/2/4026531840/4026531840;1/7/2/4026531840/4026531840;1/7/2/4026531840/4026531840,16,19,16,18,16,15,0,0,0,66,2,479183f00d7838242c9713e93a2bbdaf138b0782dd3128f62bf35a5768fcd3ae,28780b02cf422b170f6d6e6ee56883494ce1b6d76bdec4a97673ef521195b7e4,f4fa6099a6bf1cb73f3edf0d964429dd1072c827c18446cc07e81477c9463735,true,true,false,true,false
29,5100000,1,fd0_equal_persistence,persistence_only,reference,1/1/1/0/0;0/0/1/0/0,1|0,0,0,0,0,0,0,0,1,1,41,4f53cda18c2baa0c0354bb5f9a3ecbe5ed12ab4d8e11ba873c2f11161202b945,59cd519ab5e973e103c86b0f811275385eb3e3fe338f2b058b19669e25633b1f,9991aa2b99d173eed60fe2d1e79b08267f46ad435e284bb4b04eab9fea0028c8,true,true,false,true,false
29,5100000,1,fd0_equal_persistence,persistence_only,production,1/1/1/0/0;0/0/1/0/0,1|0,0,0,0,0,0,0,0,1,1,41,4f53cda18c2baa0c0354bb5f9a3ecbe5ed12ab4d8e11ba873c2f11161202b945,59cd519ab5e973e103c86b0f811275385eb3e3fe338f2b058b19669e25633b1f,8eceb0a2cff5fe5cd1b87eb986af0ff96ecf0fb32b93250895a1b79677e7988f,true,true,false,true,false
30,5100000,1,fd0_equal_persistence,efficacy_and_persistence,reference,1/1/2/0/0;0/0/2/0/0,1|0,0,0,0,0,0,0,0,1,1,41,4f53cda18c2baa0c0354bb5f9a3ecbe5ed12ab4d8e11ba873c2f11161202b945,60fa5162eefe2ebc4422d9f2e2fdae365228532ad23ce23752bc4e99beed1aa6,5173a9c75360cb8830cd61a5f6ddd8c4a965480a439f5277a57ef2d70b05faea,true,true,false,true,false
30,5100000,1,fd0_equal_persistence,efficacy_and_persistence,production,1/1/2/0/0;0/0/2/0/0,1|0,0,0,0,0,0,0,0,1,1,41,4f53cda18c2baa0c0354bb5f9a3ecbe5ed12ab4d8e11ba873c2f11161202b945,60fa5162eefe2ebc4422d9f2e2fdae365228532ad23ce23752bc4e99beed1aa6,012949448925f93853294b4fc42eb28ae9f57128f4f566d8f680842b27530832,true,true,false,true,false
31,5100000,1,fd1_consolidation,persistence_only,reference,1/4/1/4026531840/4026531840;1/1/1/4026531840/0,4026531840|0,5,1,3,1,0,0,0,0,7,2,8c1858334538a251cd905e979918bf932595e0774b9473ad85bd5cfd2b741607,cb8d670c8bdb09217eecb3dede0f69e1ab0ef6ad390c7c9a42ec69de006a09ef,aec93d2028bff7f73f6797267a1a5a2d34156b7b97c28fb06ff32f383b18251b,true,true,false,true,false
31,5100000,1,fd1_consolidation,persistence_only,production,1/4/1/4026531840/4026531840;1/1/1/4026531840/0,4026531840|0,5,1,3,1,0,0,0,0,7,2,8c1858334538a251cd905e979918bf932595e0774b9473ad85bd5cfd2b741607,cb8d670c8bdb09217eecb3dede0f69e1ab0ef6ad390c7c9a42ec69de006a09ef,489eb706434981a58e9c1d3f3e7fef3a42c965d2c51bcc89c848c0c418208220,true,true,false,true,false
32,5100000,1,fd1_consolidation,efficacy_and_persistence,reference,1/4/2/4026531840/4026531840;1/1/2/4026531840/0,4026531840|0,5,1,3,1,0,0,0,0,7,2,8f1640f0ab6229ca8d74288ae28de1c5c8ae2054b4ffecf0db37364fe78b94a4,44af89b18051899c00db452feb563343036dbeac571befc971d93f0160869997,294afdfaccf4bdb5bb4ae639c5e7e727b09de004a9919dc1e9f93e0d662b1c71,true,true,false,true,false
32,5100000,1,fd1_consolidation,efficacy_and_persistence,production,1/4/2/4026531840/4026531840;1/1/2/4026531840/0,4026531840|0,5,1,3,1,0,0,0,0,7,2,8f1640f0ab6229ca8d74288ae28de1c5c8ae2054b4ffecf0db37364fe78b94a4,44af89b18051899c00db452feb563343036dbeac571befc971d93f0160869997,f861e8c95103daa02429d746088ae7704261d7e8e47e020815f9cfa9f047a039,true,true,false,true,false
33,5100000,1,threshold_1_already_executable,persistence_only,reference,1/4/1/4294967296/0,1|1,3,0,2,0,0,1,0,0,3,1,e04a42155dcadc7fe428f199dc3c8592aa767a8ce069fe54268e3ddfac55554f,fc823d076a21859d09016c05dba380631513b94a175e6ceb23ec6b2c3235f6df,ac52c71d394addf78fe928501090f12ee150dfe7d70035ff0e26c498dab7f07d,true,true,true,true,true
33,5100000,1,threshold_1_already_executable,persistence_only,production,1/4/1/4294967296/0,1|1,3,0,2,0,0,1,0,0,3,1,e04a42155dcadc7fe428f199dc3c8592aa767a8ce069fe54268e3ddfac55554f,fc823d076a21859d09016c05dba380631513b94a175e6ceb23ec6b2c3235f6df,ac52c71d394addf78fe928501090f12ee150dfe7d70035ff0e26c498dab7f07d,true,true,true,true,true
34,5100000,1,threshold_1_already_executable,efficacy_and_persistence,reference,1/4/2/4294967296/0,1|1,3,0,2,0,0,1,0,0,3,1,58c218a0576e61ab02e8f9d0e99fc7d4a5f1abcfce7f4bb2b9eab17c80056ec4,c596f9540adaebf0e0d78db6b729139c672f9bca0505404068b848f474329448,06fc5d54efe64909bf516a79ab7b7c722d9f9e0158390da0540252001f590da4,true,true,true,true,true
34,5100000,1,threshold_1_already_executable,efficacy_and_persistence,production,1/4/2/4294967296/0,1|1,3,0,2,0,0,1,0,0,3,1,58c218a0576e61ab02e8f9d0e99fc7d4a5f1abcfce7f4bb2b9eab17c80056ec4,c596f9540adaebf0e0d78db6b729139c672f9bca0505404068b848f474329448,06fc5d54efe64909bf516a79ab7b7c722d9f9e0158390da0540252001f590da4,true,true,true,true,true
35,5100000,1,threshold_2_acquired_efficacy,persistence_only,reference,1/4/1/4294967296/0;1/1/1/4294967296/0,0|0|0,4,0,2,0,0,0,0,0,4,1,b66942e803de6b3bb9b5148522e62120f090ee23b617db666bda67faa16d0fb6,fff1baa496d392b306261cf9aef4953d07fa73811ef19f0e752501c173cd3cff,0cca86a38d3fcbc77ddb026620ad7a0eff88a8aeb0675604e0b434d96ff495b8,true,true,true,true,true
35,5100000,1,threshold_2_acquired_efficacy,persistence_only,production,1/4/1/4294967296/0;1/1/1/4294967296/0,0|0|0,4,0,2,0,0,0,0,0,4,1,b66942e803de6b3bb9b5148522e62120f090ee23b617db666bda67faa16d0fb6,fff1baa496d392b306261cf9aef4953d07fa73811ef19f0e752501c173cd3cff,0cca86a38d3fcbc77ddb026620ad7a0eff88a8aeb0675604e0b434d96ff495b8,true,true,true,true,true
36,5100000,1,threshold_2_acquired_efficacy,efficacy_and_persistence,reference,1/4/2/4294967296/0;1/1/1/4294967296/0,1|0|1,5,0,3,0,0,1,0,0,5,1,f23bb353a2d673bb18dc80968547eb0353a783188ecfb339b33a4c60441fe41a,f8f01f1de956433e4e29d91033759db67943f0eba8bcb8de1c4d5b7f7a2f8a81,22d281df587dfde12ea547e404aa6e002a3ff51716b71d507f23e635262ea3d2,true,true,true,true,true
36,5100000,1,threshold_2_acquired_efficacy,efficacy_and_persistence,production,1/4/2/4294967296/0;1/1/1/4294967296/0,1|0|1,5,0,3,0,0,1,0,0,5,1,f23bb353a2d673bb18dc80968547eb0353a783188ecfb339b33a4c60441fe41a,f8f01f1de956433e4e29d91033759db67943f0eba8bcb8de1c4d5b7f7a2f8a81,22d281df587dfde12ea547e404aa6e002a3ff51716b71d507f23e635262ea3d2,true,true,true,true,true
37,5100000,1,threshold_3_still_insufficient,persistence_only,reference,1/4/1/4294967296/0,0|0,2,0,1,0,0,0,0,0,2,1,086f1c604f772cb52c2391099e19ea67d577e3196d59ee883cd1d01f9eb7ddfa,45151faa2e566d10d0c4a7e58f0b174013cec0283fbd4c15555d45ae3132632b,c0da5c7b896711ec7a34bcce07f8fe8efd2a4e35474df870c98e4f6532e34737,true,true,true,true,true
37,5100000,1,threshold_3_still_insufficient,persistence_only,production,1/4/1/4294967296/0,0|0,2,0,1,0,0,0,0,0,2,1,086f1c604f772cb52c2391099e19ea67d577e3196d59ee883cd1d01f9eb7ddfa,45151faa2e566d10d0c4a7e58f0b174013cec0283fbd4c15555d45ae3132632b,c0da5c7b896711ec7a34bcce07f8fe8efd2a4e35474df870c98e4f6532e34737,true,true,true,true,true
38,5100000,1,threshold_3_still_insufficient,efficacy_and_persistence,reference,1/4/2/4294967296/0,0|0,2,0,1,0,0,0,0,0,2,1,710b8577f33142ac29972bf3a01bb1013fd8e09174edb5f9fbe81391e5f5b69a,ee0e9f121004a93ff0b7fef97d293254328ea3b62f3ff28bb473d2e485470b17,ca98252bba3922c2c45e2cec5f13e4cc3bcc0a693b42f85d6748090f67b6d727,true,true,true,true,true
38,5100000,1,threshold_3_still_insufficient,efficacy_and_persistence,production,1/4/2/4294967296/0,0|0,2,0,1,0,0,0,0,0,2,1,710b8577f33142ac29972bf3a01bb1013fd8e09174edb5f9fbe81391e5f5b69a,ee0e9f121004a93ff0b7fef97d293254328ea3b62f3ff28bb473d2e485470b17,ca98252bba3922c2c45e2cec5f13e4cc3bcc0a693b42f85d6748090f67b6d727,true,true,true,true,true
39,5100000,1,threshold_2_two_physical_inputs,persistence_only,reference,1/4/1/4294967296/0;1/4/1/4294967296/0,1|1,5,0,3,0,0,1,0,0,5,1,a854e8728e47010db1781ea7d9467d5f53dd0a34a72f8601ba9ac30bc878718c,ef64eace922d62007835c0b3307eb14a6a3299070ba3ca1fb2024baa34c749b6,b6f09369c8191aa6075fd5f29e7ee0069f49fd13439a7c104a500a1abf6e4200,true,true,true,true,true
39,5100000,1,threshold_2_two_physical_inputs,persistence_only,production,1/4/1/4294967296/0;1/4/1/4294967296/0,1|1,5,0,3,0,0,1,0,0,5,1,a854e8728e47010db1781ea7d9467d5f53dd0a34a72f8601ba9ac30bc878718c,ef64eace922d62007835c0b3307eb14a6a3299070ba3ca1fb2024baa34c749b6,b6f09369c8191aa6075fd5f29e7ee0069f49fd13439a7c104a500a1abf6e4200,true,true,true,true,true
40,5100000,1,threshold_2_two_physical_inputs,efficacy_and_persistence,reference,1/4/1/4294967296/0;1/4/1/4294967296/0,1|1,5,0,3,0,0,1,0,0,5,1,3e1a8d8c3722e1ebe91df22b69c48377b9b2401ee88a10781b34c3448871ac99,04062fdd283324ada383e6df09ad2e10b45a28e7cacdf223e5298e901b16bea9,66ffeb5a602ffdc8c15b7b1d96cedf39200ea46dea47e56895933963b8e21e50,true,true,true,true,true
40,5100000,1,threshold_2_two_physical_inputs,efficacy_and_persistence,production,1/4/1/4294967296/0;1/4/1/4294967296/0,1|1,5,0,3,0,0,1,0,0,5,1,3e1a8d8c3722e1ebe91df22b69c48377b9b2401ee88a10781b34c3448871ac99,04062fdd283324ada383e6df09ad2e10b45a28e7cacdf223e5298e901b16bea9,66ffeb5a602ffdc8c15b7b1d96cedf39200ea46dea47e56895933963b8e21e50,true,true,true,true,true
41,5100000,2,cpc0_contact_locality,persistence_only,reference,1/7/1/4026531840/4026531840;1/4/1/4026531840/0,4026531840|0,6,1,4,1,0,0,0,0,8,3,b9a15559447e56352edcec2e1bd865ebf988dc4312d769e7cb734f493603b6df,0f2486f5a0d786d3bfe3501a2ebb189e975b7512549f2fdcdec1031409e15e67,904d7e8be5b2cf56601e02048c580c702d9d3dd55fc6f43d6f205dd504dedc73,true,true,false,true,false
41,5100000,2,cpc0_contact_locality,persistence_only,production,1/7/1/4026531840/4026531840;1/4/1/4026531840/0,4026531840|0,6,1,4,1,0,0,0,0,8,3,b9a15559447e56352edcec2e1bd865ebf988dc4312d769e7cb734f493603b6df,0f2486f5a0d786d3bfe3501a2ebb189e975b7512549f2fdcdec1031409e15e67,1654776bf6b2218db6c6a1f48b5c8d55937b219023aa3244eb571a0f89b83bb1,true,true,false,true,false
42,5100000,2,cpc0_contact_locality,efficacy_and_persistence,reference,1/7/2/4026531840/4026531840;1/4/2/4026531840/0,4026531840|0,6,1,4,1,0,0,0,0,8,3,a57c34a08880af786ea60ba103ad52fda6081104016835e582b67743fe43db07,bdb98b61806b951eb5ea4c1209b141719d182f2d36c0d417199e856c8f349346,b09adde4d3aa4754590cb0914c711a06b0738c16e45003da3c08aceab27626c1,true,true,false,true,false
42,5100000,2,cpc0_contact_locality,efficacy_and_persistence,production,1/7/2/4026531840/4026531840;1/4/2/4026531840/0,4026531840|0,6,1,4,1,0,0,0,0,8,3,a57c34a08880af786ea60ba103ad52fda6081104016835e582b67743fe43db07,bdb98b61806b951eb5ea4c1209b141719d182f2d36c0d417199e856c8f349346,d60d63ea3fd85dfb9c925fa346ec045800fee60e55ccc07da0424d01625e9fa4,true,true,false,true,false
43,5100000,2,cpc1_temporal_participation,persistence_only,reference,1/6/1/1979772000/4026531840;1/5/1/1979772000/1979772000;1/7/1/1979772000/3110400000;1/7/1/1979772000/3110400000;1/7/1/4542662625/7136931840,4026531840|1979772000|3110400000|3110400000|7136931840,19,5,12,5,0,0,0,0,29,14,dc3e9be1abbeed62cb6d8630dfb196924f4df152a46de6c5e9f6dc3b78c40216,eef3ed119f6129900f0b96afdbfb05b4e71bf6064d5c75e42392192f0c318cf4,1fe227f879be34c79ace67cdc14a519aad82e36db5c503e4fc89607958dcb1c6,true,true,false,true,false
43,5100000,2,cpc1_temporal_participation,persistence_only,production,1/6/1/1979772000/4026531840;1/5/1/1979772000/1979772000;1/7/1/1979772000/3110400000;1/7/1/1979772000/3110400000;1/7/1/4542662625/7136931840,4026531840|1979772000|3110400000|3110400000|7136931840,19,5,12,5,0,0,0,0,29,14,dc3e9be1abbeed62cb6d8630dfb196924f4df152a46de6c5e9f6dc3b78c40216,eef3ed119f6129900f0b96afdbfb05b4e71bf6064d5c75e42392192f0c318cf4,e8f0ac4947ce2f85c85f30ee9b23140c673b2f594c9fa52f94be86b1b1c07493,true,true,false,true,false
44,5100000,2,cpc1_temporal_participation,efficacy_and_persistence,reference,1/6/2/1979772000/4026531840;1/5/2/1979772000/1979772000;1/7/2/1979772000/3110400000;1/7/2/1979772000/3110400000;1/7/2/4542662625/7136931840,4026531840|1979772000|3110400000|3110400000|7136931840,19,5,12,5,0,0,0,0,29,14,98c8df952f02ee60261891f1c8991cdadc32d7f41fb32128c67006eb906fe09f,4e0147907f326901e2267ff6378859bd72da24e1e1e0c41f2199404f11d40831,872e4edb3f0705be7890877127bfe7fb051115ec4c8e4618ea6ae5e913d67475,true,true,false,true,false
44,5100000,2,cpc1_temporal_participation,efficacy_and_persistence,production,1/6/2/1979772000/4026531840;1/5/2/1979772000/1979772000;1/7/2/1979772000/3110400000;1/7/2/1979772000/3110400000;1/7/2/4542662625/7136931840,4026531840|1979772000|3110400000|3110400000|7136931840,19,5,12,5,0,0,0,0,29,14,98c8df952f02ee60261891f1c8991cdadc32d7f41fb32128c67006eb906fe09f,4e0147907f326901e2267ff6378859bd72da24e1e1e0c41f2199404f11d40831,dd2f0ffc218b312f5207c6e927b2c57c6ad3fb00f77a8ca81be647be46e1e2c6,true,true,false,true,false
45,5100000,2,pqlc0_one_hop,persistence_only,reference,1/7/1/4026531840/4026531840,1|4026531840,5,2,4,2,1,0,0,0,10,3,573e3eb749637d45da790bb515610d466a0621c02d9a881bc7c2e813bf7c55f3,a4ec211a3d1459609c215d3070a5f833502243fe7eae52dde120afbda5b8f1aa,01a3fd1033769ef80648058f260a6248971d044125fce0070685aa0a0aa77fdd,true,true,false,true,false
45,5100000,2,pqlc0_one_hop,persistence_only,production,1/7/1/4026531840/4026531840,1|4026531840,5,2,4,2,1,0,0,0,10,3,573e3eb749637d45da790bb515610d466a0621c02d9a881bc7c2e813bf7c55f3,a4ec211a3d1459609c215d3070a5f833502243fe7eae52dde120afbda5b8f1aa,dfa3caa85eca76440eb2a7812225ecb86c0e1ed612bc59091173b80c0fbb4776,true,true,false,true,false
46,5100000,2,pqlc0_one_hop,efficacy_and_persistence,reference,1/7/2/4026531840/4026531840,1|4026531840,5,2,4,2,1,0,0,0,10,3,37a202121faa73d0ac82fb381d0468248bd4733e30e5acce2ffc2e336e213986,f6ac8b4e2c6639ae77737ab65ea853f3694b820a8a3a8267dd13b137ddb317db,90a3e56b0f3f3bff36f6b37b48d9160356691d725c467b23d60982cd8b1769e4,true,true,false,true,false
46,5100000,2,pqlc0_one_hop,efficacy_and_persistence,production,1/7/2/4026531840/4026531840,1|4026531840,5,2,4,2,1,0,0,0,10,3,37a202121faa73d0ac82fb381d0468248bd4733e30e5acce2ffc2e336e213986,f6ac8b4e2c6639ae77737ab65ea853f3694b820a8a3a8267dd13b137ddb317db,1355f6aec5fc4eab64bcf7ce3540c96befb53b821b291c1cb36121d92985b110,true,true,false,true,false
47,5100000,2,pqlc1_depth_16,persistence_only,reference,1/7/1/4026531840/4026531840;1/7/1/4026531840/4026531840;1/7/1/4026531840/4026531840;1/7/1/4026531840/4026531840;1/7/1/4026531840/4026531840;1/7/1/4026531840/4026531840;1/7/1/4026531840/4026531840;1/7/1/4026531840/4026531840;1/7/1/4026531840/4026531840;1/7/1/4026531840/4026531840;1/7/1/4026531840/4026531840;1/7/1/4026531840/4026531840;1/7/1/4026531840/4026531840;1/7/1/4026531840/4026531840;1/7/1/4026531840/4026531840;1/7/1/4026531840/4026531840,16,19,16,18,16,15,0,0,0,66,3,a4effee3de61b0de0adc17a7cba63498795d159ebe9119f74b763c33e6b1ac4f,e02e55930659127faadc3f56f1035b49481bba036d7883c2887ef30afaceb12e,b8d2dd21ed1a06b136ad7d7e2f5b76fe677507f848259047486211ce645ecf4a,true,true,false,true,false
47,5100000,2,pqlc1_depth_16,persistence_only,production,1/7/1/4026531840/4026531840;1/7/1/4026531840/4026531840;1/7/1/4026531840/4026531840;1/7/1/4026531840/4026531840;1/7/1/4026531840/4026531840;1/7/1/4026531840/4026531840;1/7/1/4026531840/4026531840;1/7/1/4026531840/4026531840;1/7/1/4026531840/4026531840;1/7/1/4026531840/4026531840;1/7/1/4026531840/4026531840;1/7/1/4026531840/4026531840;1/7/1/4026531840/4026531840;1/7/1/4026531840/4026531840;1/7/1/4026531840/4026531840;1/7/1/4026531840/4026531840,16,19,16,18,16,15,0,0,0,66,3,a4effee3de61b0de0adc17a7cba63498795d159ebe9119f74b763c33e6b1ac4f,e02e55930659127faadc3f56f1035b49481bba036d7883c2887ef30afaceb12e,8aa908923abfb26701f2b8084f43bbc3d34cd87420048127d94c2d51cd2c29a3,true,true,false,true,false
48,5100000,2,pqlc1_depth_16,efficacy_and_persistence,reference,1/7/2/4026531840/4026531840;1/7/2/4026531840/4026531840;1/7/2/4026531840/4026531840;1/7/2/4026531840/4026531840;1/7/2/4026531840/4026531840;1/7/2/4026531840/4026531840;1/7/2/4026531840/4026531840;1/7/2/4026531840/4026531840;1/7/2/4026531840/4026531840;1/7/2/4026531840/4026531840;1/7/2/4026531840/4026531840;1/7/2/4026531840/4026531840;1/7/2/4026531840/4026531840;1/7/2/4026531840/4026531840;1/7/2/4026531840/4026531840;1/7/2/4026531840/4026531840,16,19,16,18,16,15,0,0,0,66,3,3164295394b4676de9ea464654c81cacb405ece80e16491f770c059d64d312bf,28780b02cf422b170f6d6e6ee56883494ce1b6d76bdec4a97673ef521195b7e4,e1d28032ce1509ed9ea7f6ac21be08dc0c1835ad5e9298feb2a7bc371b6344d9,true,true,false,true,false
48,5100000,2,pqlc1_depth_16,efficacy_and_persistence,production,1/7/2/4026531840/4026531840;1/7/2/4026531840/4026531840;1/7/2/4026531840/4026531840;1/7/2/4026531840/4026531840;1/7/2/4026531840/4026531840;1/7/2/4026531840/4026531840;1/7/2/4026531840/4026531840;1/7/2/4026531840/4026531840;1/7/2/4026531840/4026531840;1/7/2/4026531840/4026531840;1/7/2/4026531840/4026531840;1/7/2/4026531840/4026531840;1/7/2/4026531840/4026531840;1/7/2/4026531840/4026531840;1/7/2/4026531840/4026531840;1/7/2/4026531840/4026531840,16,19,16,18,16,15,0,0,0,66,3,3164295394b4676de9ea464654c81cacb405ece80e16491f770c059d64d312bf,28780b02cf422b170f6d6e6ee56883494ce1b6d76bdec4a97673ef521195b7e4,97b208f7efce6f9f4cc45c5520cf4ca1636a712c8743bd0db573bf8d8ad95029,true,true,false,true,false
49,5100000,2,fd0_equal_persistence,persistence_only,reference,1/1/1/0/0;0/0/1/0/0,1|0,0,0,0,0,0,0,0,1,1,42,4f53cda18c2baa0c0354bb5f9a3ecbe5ed12ab4d8e11ba873c2f11161202b945,59cd519ab5e973e103c86b0f811275385eb3e3fe338f2b058b19669e25633b1f,a816ae80d530a100e8a7ce3ad658fb8bc01d8ddf038c84f2daff5d40820b03cf,true,true,false,true,false
49,5100000,2,fd0_equal_persistence,persistence_only,production,1/1/1/0/0;0/0/1/0/0,1|0,0,0,0,0,0,0,0,1,1,42,4f53cda18c2baa0c0354bb5f9a3ecbe5ed12ab4d8e11ba873c2f11161202b945,59cd519ab5e973e103c86b0f811275385eb3e3fe338f2b058b19669e25633b1f,24f43904c1a54d4d1fdd1b815990a0a83552729b732db0350b0476eb5b6ebb5c,true,true,false,true,false
50,5100000,2,fd0_equal_persistence,efficacy_and_persistence,reference,1/1/2/0/0;0/0/2/0/0,1|0,0,0,0,0,0,0,0,1,1,42,4f53cda18c2baa0c0354bb5f9a3ecbe5ed12ab4d8e11ba873c2f11161202b945,60fa5162eefe2ebc4422d9f2e2fdae365228532ad23ce23752bc4e99beed1aa6,5cc752b7691ecfff7f894df9863ebda29227eea7723bd5fc45f996f43a19aa8b,true,true,false,true,false
50,5100000,2,fd0_equal_persistence,efficacy_and_persistence,production,1/1/2/0/0;0/0/2/0/0,1|0,0,0,0,0,0,0,0,1,1,42,4f53cda18c2baa0c0354bb5f9a3ecbe5ed12ab4d8e11ba873c2f11161202b945,60fa5162eefe2ebc4422d9f2e2fdae365228532ad23ce23752bc4e99beed1aa6,89d7a3a42991d37bcb6c486e194c3159b14da956616939543ca490c6c7b18aeb,true,true,false,true,false
51,5100000,2,fd1_consolidation,persistence_only,reference,1/4/1/4026531840/4026531840;1/1/1/4026531840/0,4026531840|0,5,1,3,1,0,0,0,0,7,3,76af576056a92d7fec5d8c3ee6d268effcedd9a295be7d320493decf9f9a34cd,cb8d670c8bdb09217eecb3dede0f69e1ab0ef6ad390c7c9a42ec69de006a09ef,0878dca3d44c98abb31177e2563883e7cdbf7b088fe92372eb7d65163b4e65a2,true,true,false,true,false
51,5100000,2,fd1_consolidation,persistence_only,production,1/4/1/4026531840/4026531840;1/1/1/4026531840/0,4026531840|0,5,1,3,1,0,0,0,0,7,3,76af576056a92d7fec5d8c3ee6d268effcedd9a295be7d320493decf9f9a34cd,cb8d670c8bdb09217eecb3dede0f69e1ab0ef6ad390c7c9a42ec69de006a09ef,bb80ec36e3a4b227468b71138c5d1039a2aa610f148603df7bfa751043cf7ee0,true,true,false,true,false
52,5100000,2,fd1_consolidation,efficacy_and_persistence,reference,1/4/2/4026531840/4026531840;1/1/2/4026531840/0,4026531840|0,5,1,3,1,0,0,0,0,7,3,a41a9af0e123232532f4428064d5a029d804bcba4d6edc1867d200fed5a3f89c,44af89b18051899c00db452feb563343036dbeac571befc971d93f0160869997,093057011d7116ab943d4b82326b4b9b03181d4d8ba945c9d5c43e6a3961f0c1,true,true,false,true,false
52,5100000,2,fd1_consolidation,efficacy_and_persistence,production,1/4/2/4026531840/4026531840;1/1/2/4026531840/0,4026531840|0,5,1,3,1,0,0,0,0,7,3,a41a9af0e123232532f4428064d5a029d804bcba4d6edc1867d200fed5a3f89c,44af89b18051899c00db452feb563343036dbeac571befc971d93f0160869997,fc38b15841d3a4335e08d88e69e9baa373c4959b3e8bbb5efcf34d14d87ebdfa,true,true,false,true,false
53,5100000,2,threshold_1_already_executable,persistence_only,reference,1/4/1/4294967296/0,1|1,3,0,2,0,0,1,0,0,3,2,03f318c50b84f39a87ef3e37a520c1f8ae1e590922d811ea5ad51f410ae1d371,fc823d076a21859d09016c05dba380631513b94a175e6ceb23ec6b2c3235f6df,3071ddb2d469ba19acf693a94fa29e4026068a249471f683432061b427a45f4c,true,true,true,true,true
53,5100000,2,threshold_1_already_executable,persistence_only,production,1/4/1/4294967296/0,1|1,3,0,2,0,0,1,0,0,3,2,03f318c50b84f39a87ef3e37a520c1f8ae1e590922d811ea5ad51f410ae1d371,fc823d076a21859d09016c05dba380631513b94a175e6ceb23ec6b2c3235f6df,3071ddb2d469ba19acf693a94fa29e4026068a249471f683432061b427a45f4c,true,true,true,true,true
54,5100000,2,threshold_1_already_executable,efficacy_and_persistence,reference,1/4/2/4294967296/0,1|1,3,0,2,0,0,1,0,0,3,2,cdfd8eae81bddf590162ca70559e3633bd31a877379ff1bc35a0d9f11be03b3e,c596f9540adaebf0e0d78db6b729139c672f9bca0505404068b848f474329448,d011eb7619158baaa8562aec16ab874b1ad420b35d39e4055dc2f23ca14238d3,true,true,true,true,true
54,5100000,2,threshold_1_already_executable,efficacy_and_persistence,production,1/4/2/4294967296/0,1|1,3,0,2,0,0,1,0,0,3,2,cdfd8eae81bddf590162ca70559e3633bd31a877379ff1bc35a0d9f11be03b3e,c596f9540adaebf0e0d78db6b729139c672f9bca0505404068b848f474329448,d011eb7619158baaa8562aec16ab874b1ad420b35d39e4055dc2f23ca14238d3,true,true,true,true,true
55,5100000,2,threshold_2_acquired_efficacy,persistence_only,reference,1/4/1/4294967296/0;1/1/1/4294967296/0,0|0|0,4,0,2,0,0,0,0,0,4,2,5be02a7a5e67818e83d8c1ec291faadd21fa934ec48695d56491b4b284ffb48c,fff1baa496d392b306261cf9aef4953d07fa73811ef19f0e752501c173cd3cff,ae996ed84e179aa2201655d1183c9f09ccef1751cd02ad9f064fad28048523b1,true,true,true,true,true
55,5100000,2,threshold_2_acquired_efficacy,persistence_only,production,1/4/1/4294967296/0;1/1/1/4294967296/0,0|0|0,4,0,2,0,0,0,0,0,4,2,5be02a7a5e67818e83d8c1ec291faadd21fa934ec48695d56491b4b284ffb48c,fff1baa496d392b306261cf9aef4953d07fa73811ef19f0e752501c173cd3cff,ae996ed84e179aa2201655d1183c9f09ccef1751cd02ad9f064fad28048523b1,true,true,true,true,true
56,5100000,2,threshold_2_acquired_efficacy,efficacy_and_persistence,reference,1/4/2/4294967296/0;1/1/1/4294967296/0,1|0|1,5,0,3,0,0,1,0,0,5,2,595f6cfb2bc0f376e4eda66f78afab85f81576e5910bfbb95af3ba70a23ee3b6,f8f01f1de956433e4e29d91033759db67943f0eba8bcb8de1c4d5b7f7a2f8a81,3f4c34b515fc54582248ce83b52354a363afeb1aad96a8acba91a569a1acda16,true,true,true,true,true
56,5100000,2,threshold_2_acquired_efficacy,efficacy_and_persistence,production,1/4/2/4294967296/0;1/1/1/4294967296/0,1|0|1,5,0,3,0,0,1,0,0,5,2,595f6cfb2bc0f376e4eda66f78afab85f81576e5910bfbb95af3ba70a23ee3b6,f8f01f1de956433e4e29d91033759db67943f0eba8bcb8de1c4d5b7f7a2f8a81,3f4c34b515fc54582248ce83b52354a363afeb1aad96a8acba91a569a1acda16,true,true,true,true,true
57,5100000,2,threshold_3_still_insufficient,persistence_only,reference,1/4/1/4294967296/0,0|0,2,0,1,0,0,0,0,0,2,2,2631b44293af4bbfbfac3fb4c04d236cca88a9e8ae8598897c5d21114e035c12,45151faa2e566d10d0c4a7e58f0b174013cec0283fbd4c15555d45ae3132632b,ab3cc62bf3e26184fe4d006700d1fd023cd2b5dec3f0631b9444bce80af1c851,true,true,true,true,true
57,5100000,2,threshold_3_still_insufficient,persistence_only,production,1/4/1/4294967296/0,0|0,2,0,1,0,0,0,0,0,2,2,2631b44293af4bbfbfac3fb4c04d236cca88a9e8ae8598897c5d21114e035c12,45151faa2e566d10d0c4a7e58f0b174013cec0283fbd4c15555d45ae3132632b,ab3cc62bf3e26184fe4d006700d1fd023cd2b5dec3f0631b9444bce80af1c851,true,true,true,true,true
58,5100000,2,threshold_3_still_insufficient,efficacy_and_persistence,reference,1/4/2/4294967296/0,0|0,2,0,1,0,0,0,0,0,2,2,dbfe17f13658a0d10794bdef42f7d66b5e1c01f8cd385a1037a69d10a8a7f016,ee0e9f121004a93ff0b7fef97d293254328ea3b62f3ff28bb473d2e485470b17,ce3f4f1b3cd166266afee213cd5a44dc1b172cae3d754c43c88c53ef04b80781,true,true,true,true,true
58,5100000,2,threshold_3_still_insufficient,efficacy_and_persistence,production,1/4/2/4294967296/0,0|0,2,0,1,0,0,0,0,0,2,2,dbfe17f13658a0d10794bdef42f7d66b5e1c01f8cd385a1037a69d10a8a7f016,ee0e9f121004a93ff0b7fef97d293254328ea3b62f3ff28bb473d2e485470b17,ce3f4f1b3cd166266afee213cd5a44dc1b172cae3d754c43c88c53ef04b80781,true,true,true,true,true
59,5100000,2,threshold_2_two_physical_inputs,persistence_only,reference,1/4/1/4294967296/0;1/4/1/4294967296/0,1|1,5,0,3,0,0,1,0,0,5,2,84090d0a5271579399771a9edac60a89f51453945f97d63db2c3aa14aac4ea83,ef64eace922d62007835c0b3307eb14a6a3299070ba3ca1fb2024baa34c749b6,dbf7a5c265306c77530ba484f8d0c2363cc706a786fdd46dc881d20d9cc6e575,true,true,true,true,true
59,5100000,2,threshold_2_two_physical_inputs,persistence_only,production,1/4/1/4294967296/0;1/4/1/4294967296/0,1|1,5,0,3,0,0,1,0,0,5,2,84090d0a5271579399771a9edac60a89f51453945f97d63db2c3aa14aac4ea83,ef64eace922d62007835c0b3307eb14a6a3299070ba3ca1fb2024baa34c749b6,dbf7a5c265306c77530ba484f8d0c2363cc706a786fdd46dc881d20d9cc6e575,true,true,true,true,true
60,5100000,2,threshold_2_two_physical_inputs,efficacy_and_persistence,reference,1/4/1/4294967296/0;1/4/1/4294967296/0,1|1,5,0,3,0,0,1,0,0,5,2,94919b827410579736928c6424c24ba935103a99aab9a4925fcb6a5853a14fd5,04062fdd283324ada383e6df09ad2e10b45a28e7cacdf223e5298e901b16bea9,0e9e3bd96f741d9b402aaa9625b64475deebe367be8dec3225d4032fa4c14c2e,true,true,true,true,true
60,5100000,2,threshold_2_two_physical_inputs,efficacy_and_persistence,production,1/4/1/4294967296/0;1/4/1/4294967296/0,1|1,5,0,3,0,0,1,0,0,5,2,94919b827410579736928c6424c24ba935103a99aab9a4925fcb6a5853a14fd5,04062fdd283324ada383e6df09ad2e10b45a28e7cacdf223e5298e901b16bea9,0e9e3bd96f741d9b402aaa9625b64475deebe367be8dec3225d4032fa4c14c2e,true,true,true,true,true
61,5100000,3,cpc0_contact_locality,persistence_only,reference,1/7/1/4026531840/4026531840;1/4/1/4026531840/0,4026531840|0,6,1,4,1,0,0,0,0,8,4,37ad5d243fb9a745478b2dfba26377c493bb845e61568dd0723e20be5ea86047,0f2486f5a0d786d3bfe3501a2ebb189e975b7512549f2fdcdec1031409e15e67,c3485beb6ee5c2ec5c4711e45df3f25831e3d0504d237d804b2e096943f6885d,true,true,false,true,false
61,5100000,3,cpc0_contact_locality,persistence_only,production,1/7/1/4026531840/4026531840;1/4/1/4026531840/0,4026531840|0,6,1,4,1,0,0,0,0,8,4,37ad5d243fb9a745478b2dfba26377c493bb845e61568dd0723e20be5ea86047,0f2486f5a0d786d3bfe3501a2ebb189e975b7512549f2fdcdec1031409e15e67,c388a18d65c81818f48eb28d0a343454dc338daa471a1d6e65fb05e54f3aeaa2,true,true,false,true,false
62,5100000,3,cpc0_contact_locality,efficacy_and_persistence,reference,1/7/2/4026531840/4026531840;1/4/2/4026531840/0,4026531840|0,6,1,4,1,0,0,0,0,8,4,74ac82b517c7b59d44a0bfa701709a3cfc318c4e1957e9d53d649eb5adc60c4e,bdb98b61806b951eb5ea4c1209b141719d182f2d36c0d417199e856c8f349346,2c13757c8bc13c4960fbcc4798a397fc4883a15cc0d2405a9dcbd164280565b4,true,true,false,true,false
62,5100000,3,cpc0_contact_locality,efficacy_and_persistence,production,1/7/2/4026531840/4026531840;1/4/2/4026531840/0,4026531840|0,6,1,4,1,0,0,0,0,8,4,74ac82b517c7b59d44a0bfa701709a3cfc318c4e1957e9d53d649eb5adc60c4e,bdb98b61806b951eb5ea4c1209b141719d182f2d36c0d417199e856c8f349346,86f93b91b2f16c9dec0a27d5a368206a025f8e002bee05c5b18bad9450aae301,true,true,false,true,false
63,5100000,3,cpc1_temporal_participation,persistence_only,reference,1/6/1/1979772000/4026531840;1/5/1/1979772000/1979772000;1/7/1/1979772000/3110400000;1/7/1/1979772000/3110400000;1/7/1/4542662625/7136931840,4026531840|1979772000|3110400000|3110400000|7136931840,19,5,12,5,0,0,0,0,29,15,a1633e3cde712c0dc6f1101db42aa8cabfb13365ccd13db1ca060cb38923e6df,eef3ed119f6129900f0b96afdbfb05b4e71bf6064d5c75e42392192f0c318cf4,332c7e7b802ff457e417c6bd97b6662f5900f52df586b7eb3a69925980b7e70e,true,true,false,true,false
63,5100000,3,cpc1_temporal_participation,persistence_only,production,1/6/1/1979772000/4026531840;1/5/1/1979772000/1979772000;1/7/1/1979772000/3110400000;1/7/1/1979772000/3110400000;1/7/1/4542662625/7136931840,4026531840|1979772000|3110400000|3110400000|7136931840,19,5,12,5,0,0,0,0,29,15,a1633e3cde712c0dc6f1101db42aa8cabfb13365ccd13db1ca060cb38923e6df,eef3ed119f6129900f0b96afdbfb05b4e71bf6064d5c75e42392192f0c318cf4,58e95675a4ad12577101605cc9085156c9e06c2088e6c8bef39a0f4eebec9a95,true,true,false,true,false
64,5100000,3,cpc1_temporal_participation,efficacy_and_persistence,reference,1/6/2/1979772000/4026531840;1/5/2/1979772000/1979772000;1/7/2/1979772000/3110400000;1/7/2/1979772000/3110400000;1/7/2/4542662625/7136931840,4026531840|1979772000|3110400000|3110400000|7136931840,19,5,12,5,0,0,0,0,29,15,100078ddc8d89d0d08bf130af9274921eddcd91e76e559a8ca38164108a600d3,4e0147907f326901e2267ff6378859bd72da24e1e1e0c41f2199404f11d40831,5ea2a6ab87d8197be702080e5df4c17a1c1b2f53f915908fc940939a6784a19d,true,true,false,true,false
64,5100000,3,cpc1_temporal_participation,efficacy_and_persistence,production,1/6/2/1979772000/4026531840;1/5/2/1979772000/1979772000;1/7/2/1979772000/3110400000;1/7/2/1979772000/3110400000;1/7/2/4542662625/7136931840,4026531840|1979772000|3110400000|3110400000|7136931840,19,5,12,5,0,0,0,0,29,15,100078ddc8d89d0d08bf130af9274921eddcd91e76e559a8ca38164108a600d3,4e0147907f326901e2267ff6378859bd72da24e1e1e0c41f2199404f11d40831,ad30e3b82554e5dec3821ff11d3487b97924d78a591be91bf722958f5bfea79d,true,true,false,true,false
65,5100000,3,pqlc0_one_hop,persistence_only,reference,1/7/1/4026531840/4026531840,1|4026531840,5,2,4,2,1,0,0,0,10,4,9c7f1c0648f4c1db6e90731b03b6abfe1ac2530903b7ea425bfc3003cd65d6ee,a4ec211a3d1459609c215d3070a5f833502243fe7eae52dde120afbda5b8f1aa,afe50023a386ed385e93c55ad080b37161db7bf1d49814b92bfcea2d5646e72c,true,true,false,true,false
65,5100000,3,pqlc0_one_hop,persistence_only,production,1/7/1/4026531840/4026531840,1|4026531840,5,2,4,2,1,0,0,0,10,4,9c7f1c0648f4c1db6e90731b03b6abfe1ac2530903b7ea425bfc3003cd65d6ee,a4ec211a3d1459609c215d3070a5f833502243fe7eae52dde120afbda5b8f1aa,b2e0ec86a39a581ed78e2c9bf7e68f96c679ca12be31a87d84c5161364c321bf,true,true,false,true,false
66,5100000,3,pqlc0_one_hop,efficacy_and_persistence,reference,1/7/2/4026531840/4026531840,1|4026531840,5,2,4,2,1,0,0,0,10,4,684672311603458dbd87d50fccd38e94f2c14b66dd20498d5c57ee7a6c389cf2,f6ac8b4e2c6639ae77737ab65ea853f3694b820a8a3a8267dd13b137ddb317db,802873def474f55520e84cf19240b5ffc511bdbd844c1caa4107846f69289aab,true,true,false,true,false
66,5100000,3,pqlc0_one_hop,efficacy_and_persistence,production,1/7/2/4026531840/4026531840,1|4026531840,5,2,4,2,1,0,0,0,10,4,684672311603458dbd87d50fccd38e94f2c14b66dd20498d5c57ee7a6c389cf2,f6ac8b4e2c6639ae77737ab65ea853f3694b820a8a3a8267dd13b137ddb317db,2dfe2ec5f1451ac1508b54992dfb7d7d8065a5a0e0f30f96ab721f7b4f17da74,true,true,false,true,false
67,5100000,3,pqlc1_depth_16,persistence_only,reference,1/7/1/4026531840/4026531840;1/7/1/4026531840/4026531840;1/7/1/4026531840/4026531840;1/7/1/4026531840/4026531840;1/7/1/4026531840/4026531840;1/7/1/4026531840/4026531840;1/7/1/4026531840/4026531840;1/7/1/4026531840/4026531840;1/7/1/4026531840/4026531840;1/7/1/4026531840/4026531840;1/7/1/4026531840/4026531840;1/7/1/4026531840/4026531840;1/7/1/4026531840/4026531840;1/7/1/4026531840/4026531840;1/7/1/4026531840/4026531840;1/7/1/4026531840/4026531840,16,19,16,18,16,15,0,0,0,66,4,c0d75982fc6c481508c0234aad5769826ad30cc9edf6a0f51e7768ce195ed9a1,e02e55930659127faadc3f56f1035b49481bba036d7883c2887ef30afaceb12e,6312f1e40c3db204e1620a171555d0050daedccbef5b65d6538459d90edf89c3,true,true,false,true,false
67,5100000,3,pqlc1_depth_16,persistence_only,production,1/7/1/4026531840/4026531840;1/7/1/4026531840/4026531840;1/7/1/4026531840/4026531840;1/7/1/4026531840/4026531840;1/7/1/4026531840/4026531840;1/7/1/4026531840/4026531840;1/7/1/4026531840/4026531840;1/7/1/4026531840/4026531840;1/7/1/4026531840/4026531840;1/7/1/4026531840/4026531840;1/7/1/4026531840/4026531840;1/7/1/4026531840/4026531840;1/7/1/4026531840/4026531840;1/7/1/4026531840/4026531840;1/7/1/4026531840/4026531840;1/7/1/4026531840/4026531840,16,19,16,18,16,15,0,0,0,66,4,c0d75982fc6c481508c0234aad5769826ad30cc9edf6a0f51e7768ce195ed9a1,e02e55930659127faadc3f56f1035b49481bba036d7883c2887ef30afaceb12e,859d454a4c7ce3bc71372b50165df71af19f13c064c9593e65c0f7e82648d0c0,true,true,false,true,false
68,5100000,3,pqlc1_depth_16,efficacy_and_persistence,reference,1/7/2/4026531840/4026531840;1/7/2/4026531840/4026531840;1/7/2/4026531840/4026531840;1/7/2/4026531840/4026531840;1/7/2/4026531840/4026531840;1/7/2/4026531840/4026531840;1/7/2/4026531840/4026531840;1/7/2/4026531840/4026531840;1/7/2/4026531840/4026531840;1/7/2/4026531840/4026531840;1/7/2/4026531840/4026531840;1/7/2/4026531840/4026531840;1/7/2/4026531840/4026531840;1/7/2/4026531840/4026531840;1/7/2/4026531840/4026531840;1/7/2/4026531840/4026531840,16,19,16,18,16,15,0,0,0,66,4,6e3ef0173781d68bdb75b6a6e4f1402971affd505d9b0851b42794ea230d3e52,28780b02cf422b170f6d6e6ee56883494ce1b6d76bdec4a97673ef521195b7e4,04d60469c130835786abc38a929c79d4cf2791df1cc2b3057ede081f934b00a7,true,true,false,true,false
68,5100000,3,pqlc1_depth_16,efficacy_and_persistence,production,1/7/2/4026531840/4026531840;1/7/2/4026531840/4026531840;1/7/2/4026531840/4026531840;1/7/2/4026531840/4026531840;1/7/2/4026531840/4026531840;1/7/2/4026531840/4026531840;1/7/2/4026531840/4026531840;1/7/2/4026531840/4026531840;1/7/2/4026531840/4026531840;1/7/2/4026531840/4026531840;1/7/2/4026531840/4026531840;1/7/2/4026531840/4026531840;1/7/2/4026531840/4026531840;1/7/2/4026531840/4026531840;1/7/2/4026531840/4026531840;1/7/2/4026531840/4026531840,16,19,16,18,16,15,0,0,0,66,4,6e3ef0173781d68bdb75b6a6e4f1402971affd505d9b0851b42794ea230d3e52,28780b02cf422b170f6d6e6ee56883494ce1b6d76bdec4a97673ef521195b7e4,1897ebfe0c6516b76d1a6eba784b5d9bd4547fd241c6d34cb7b7ba3913975d2f,true,true,false,true,false
69,5100000,3,fd0_equal_persistence,persistence_only,reference,1/1/1/0/0;0/0/1/0/0,1|0,0,0,0,0,0,0,0,1,1,43,4f53cda18c2baa0c0354bb5f9a3ecbe5ed12ab4d8e11ba873c2f11161202b945,59cd519ab5e973e103c86b0f811275385eb3e3fe338f2b058b19669e25633b1f,ec1540d50f7af9d6891937c32d8874d557b9162b0828c185a3827e53cb162507,true,true,false,true,false
69,5100000,3,fd0_equal_persistence,persistence_only,production,1/1/1/0/0;0/0/1/0/0,1|0,0,0,0,0,0,0,0,1,1,43,4f53cda18c2baa0c0354bb5f9a3ecbe5ed12ab4d8e11ba873c2f11161202b945,59cd519ab5e973e103c86b0f811275385eb3e3fe338f2b058b19669e25633b1f,76fe57f38bc22e425bce6e9a4e40890971582233ff94a1d4a1e2e9e401e461ce,true,true,false,true,false
70,5100000,3,fd0_equal_persistence,efficacy_and_persistence,reference,1/1/2/0/0;0/0/2/0/0,1|0,0,0,0,0,0,0,0,1,1,43,4f53cda18c2baa0c0354bb5f9a3ecbe5ed12ab4d8e11ba873c2f11161202b945,60fa5162eefe2ebc4422d9f2e2fdae365228532ad23ce23752bc4e99beed1aa6,faec43b79162e534c85ff66dce09a3a63495f73a2ca14e6887f7579cdbbb4cc6,true,true,false,true,false
70,5100000,3,fd0_equal_persistence,efficacy_and_persistence,production,1/1/2/0/0;0/0/2/0/0,1|0,0,0,0,0,0,0,0,1,1,43,4f53cda18c2baa0c0354bb5f9a3ecbe5ed12ab4d8e11ba873c2f11161202b945,60fa5162eefe2ebc4422d9f2e2fdae365228532ad23ce23752bc4e99beed1aa6,fb7910129fe591300d6aad3e78f12645200ada709128ab1ea59357c5082b1628,true,true,false,true,false
71,5100000,3,fd1_consolidation,persistence_only,reference,1/4/1/4026531840/4026531840;1/1/1/4026531840/0,4026531840|0,5,1,3,1,0,0,0,0,7,4,0f2cf4d57c8255a679ba6ef6e5fab25fbc6dca26b2d936a3638652f265f95f0d,cb8d670c8bdb09217eecb3dede0f69e1ab0ef6ad390c7c9a42ec69de006a09ef,ec611e4b62faa9b2218d9dd996ec1d4455ebfd8ee0c52444d177ff5abc94b8f4,true,true,false,true,false
71,5100000,3,fd1_consolidation,persistence_only,production,1/4/1/4026531840/4026531840;1/1/1/4026531840/0,4026531840|0,5,1,3,1,0,0,0,0,7,4,0f2cf4d57c8255a679ba6ef6e5fab25fbc6dca26b2d936a3638652f265f95f0d,cb8d670c8bdb09217eecb3dede0f69e1ab0ef6ad390c7c9a42ec69de006a09ef,0cc80aaab1f74c784c104b787f6e86b282bcfc1421cce4c96ea53501e58fed1a,true,true,false,true,false
72,5100000,3,fd1_consolidation,efficacy_and_persistence,reference,1/4/2/4026531840/4026531840;1/1/2/4026531840/0,4026531840|0,5,1,3,1,0,0,0,0,7,4,54f86c0700bf7e0ffc4d9d48bb1f4783523232c7d3b134492c09d2e0bbce50a0,44af89b18051899c00db452feb563343036dbeac571befc971d93f0160869997,fbf80df677208d3bc8e574c02b64dd15fd7ec51d8d8a650cd1738ccf9f434472,true,true,false,true,false
72,5100000,3,fd1_consolidation,efficacy_and_persistence,production,1/4/2/4026531840/4026531840;1/1/2/4026531840/0,4026531840|0,5,1,3,1,0,0,0,0,7,4,54f86c0700bf7e0ffc4d9d48bb1f4783523232c7d3b134492c09d2e0bbce50a0,44af89b18051899c00db452feb563343036dbeac571befc971d93f0160869997,a5c2a54e1e52de9e7566251bde75cab9004aedf50d24dcf0536d1ae8e9875c48,true,true,false,true,false
73,5100000,3,threshold_1_already_executable,persistence_only,reference,1/4/1/4294967296/0,1|1,3,0,2,0,0,1,0,0,3,3,7a72f188ab1f1e4717c72fc390de99ae592dcc5b8e67aa9dece382f1810a7cd9,fc823d076a21859d09016c05dba380631513b94a175e6ceb23ec6b2c3235f6df,3d8355a6cb0472422b4c280f1f21d3c233fb0e9830fcc2e6cfef5dd99b066129,true,true,true,true,true
73,5100000,3,threshold_1_already_executable,persistence_only,production,1/4/1/4294967296/0,1|1,3,0,2,0,0,1,0,0,3,3,7a72f188ab1f1e4717c72fc390de99ae592dcc5b8e67aa9dece382f1810a7cd9,fc823d076a21859d09016c05dba380631513b94a175e6ceb23ec6b2c3235f6df,3d8355a6cb0472422b4c280f1f21d3c233fb0e9830fcc2e6cfef5dd99b066129,true,true,true,true,true
74,5100000,3,threshold_1_already_executable,efficacy_and_persistence,reference,1/4/2/4294967296/0,1|1,3,0,2,0,0,1,0,0,3,3,b4583f5fd8b8ae94bfb0d18cf9d36ce38eb2fda1b504f6c856afa645b00a8790,c596f9540adaebf0e0d78db6b729139c672f9bca0505404068b848f474329448,b92bc33b8dee7d6af14fa95355ec333a7a4d04ab20ebb0a6d89d759874607d41,true,true,true,true,true
74,5100000,3,threshold_1_already_executable,efficacy_and_persistence,production,1/4/2/4294967296/0,1|1,3,0,2,0,0,1,0,0,3,3,b4583f5fd8b8ae94bfb0d18cf9d36ce38eb2fda1b504f6c856afa645b00a8790,c596f9540adaebf0e0d78db6b729139c672f9bca0505404068b848f474329448,b92bc33b8dee7d6af14fa95355ec333a7a4d04ab20ebb0a6d89d759874607d41,true,true,true,true,true
75,5100000,3,threshold_2_acquired_efficacy,persistence_only,reference,1/4/1/4294967296/0;1/1/1/4294967296/0,0|0|0,4,0,2,0,0,0,0,0,4,3,8bd10f5f4ffffbeff4724945985d3ebc48e0b59461890787fb11c5e7c416221b,fff1baa496d392b306261cf9aef4953d07fa73811ef19f0e752501c173cd3cff,171a25c3be73adef0104f1f31f12abe93e85503a304dd21ebfae6d494b38fd52,true,true,true,true,true
75,5100000,3,threshold_2_acquired_efficacy,persistence_only,production,1/4/1/4294967296/0;1/1/1/4294967296/0,0|0|0,4,0,2,0,0,0,0,0,4,3,8bd10f5f4ffffbeff4724945985d3ebc48e0b59461890787fb11c5e7c416221b,fff1baa496d392b306261cf9aef4953d07fa73811ef19f0e752501c173cd3cff,171a25c3be73adef0104f1f31f12abe93e85503a304dd21ebfae6d494b38fd52,true,true,true,true,true
76,5100000,3,threshold_2_acquired_efficacy,efficacy_and_persistence,reference,1/4/2/4294967296/0;1/1/1/4294967296/0,1|0|1,5,0,3,0,0,1,0,0,5,3,39f9b165353fb80240f24e3f2133757b10fb3232934d0b69e033ab12668a2414,f8f01f1de956433e4e29d91033759db67943f0eba8bcb8de1c4d5b7f7a2f8a81,60adf748a2cc47f291a9532c2481cee2a9c07343948f99d23df1d2ba7dc512be,true,true,true,true,true
76,5100000,3,threshold_2_acquired_efficacy,efficacy_and_persistence,production,1/4/2/4294967296/0;1/1/1/4294967296/0,1|0|1,5,0,3,0,0,1,0,0,5,3,39f9b165353fb80240f24e3f2133757b10fb3232934d0b69e033ab12668a2414,f8f01f1de956433e4e29d91033759db67943f0eba8bcb8de1c4d5b7f7a2f8a81,60adf748a2cc47f291a9532c2481cee2a9c07343948f99d23df1d2ba7dc512be,true,true,true,true,true
77,5100000,3,threshold_3_still_insufficient,persistence_only,reference,1/4/1/4294967296/0,0|0,2,0,1,0,0,0,0,0,2,3,d752b00d554f981178cbdff4a0dc9ce75e34bf31913cd44cba258c3a23ad053c,45151faa2e566d10d0c4a7e58f0b174013cec0283fbd4c15555d45ae3132632b,a173cce5bf4d0ec16b67c787b89319f0b0cf9dbde8ef04ee2829e9bc1cd31b76,true,true,true,true,true
77,5100000,3,threshold_3_still_insufficient,persistence_only,production,1/4/1/4294967296/0,0|0,2,0,1,0,0,0,0,0,2,3,d752b00d554f981178cbdff4a0dc9ce75e34bf31913cd44cba258c3a23ad053c,45151faa2e566d10d0c4a7e58f0b174013cec0283fbd4c15555d45ae3132632b,a173cce5bf4d0ec16b67c787b89319f0b0cf9dbde8ef04ee2829e9bc1cd31b76,true,true,true,true,true
78,5100000,3,threshold_3_still_insufficient,efficacy_and_persistence,reference,1/4/2/4294967296/0,0|0,2,0,1,0,0,0,0,0,2,3,1742b6abbff055353c728b533f6588381fdba687c199bbe391ced712b9673e9d,ee0e9f121004a93ff0b7fef97d293254328ea3b62f3ff28bb473d2e485470b17,b3cdbb8c1398164760fe39f9ed4c797347e533dfa8aa397588707bc676866fdd,true,true,true,true,true
78,5100000,3,threshold_3_still_insufficient,efficacy_and_persistence,production,1/4/2/4294967296/0,0|0,2,0,1,0,0,0,0,0,2,3,1742b6abbff055353c728b533f6588381fdba687c199bbe391ced712b9673e9d,ee0e9f121004a93ff0b7fef97d293254328ea3b62f3ff28bb473d2e485470b17,b3cdbb8c1398164760fe39f9ed4c797347e533dfa8aa397588707bc676866fdd,true,true,true,true,true
79,5100000,3,threshold_2_two_physical_inputs,persistence_only,reference,1/4/1/4294967296/0;1/4/1/4294967296/0,1|1,5,0,3,0,0,1,0,0,5,3,f6d0a71ebaab3cacaf6f519949bf9757120d87721488c3a8caa6a41256a70e90,ef64eace922d62007835c0b3307eb14a6a3299070ba3ca1fb2024baa34c749b6,c0213a65b125f54f4a256623c3ae88db935b0af92104a8fb3e19202c2bfe93b1,true,true,true,true,true
79,5100000,3,threshold_2_two_physical_inputs,persistence_only,production,1/4/1/4294967296/0;1/4/1/4294967296/0,1|1,5,0,3,0,0,1,0,0,5,3,f6d0a71ebaab3cacaf6f519949bf9757120d87721488c3a8caa6a41256a70e90,ef64eace922d62007835c0b3307eb14a6a3299070ba3ca1fb2024baa34c749b6,c0213a65b125f54f4a256623c3ae88db935b0af92104a8fb3e19202c2bfe93b1,true,true,true,true,true
80,5100000,3,threshold_2_two_physical_inputs,efficacy_and_persistence,reference,1/4/1/4294967296/0;1/4/1/4294967296/0,1|1,5,0,3,0,0,1,0,0,5,3,0f54b61657ca31bdd8b6c904b7758800035f8ff74df1f4862aecb400aacf51bc,04062fdd283324ada383e6df09ad2e10b45a28e7cacdf223e5298e901b16bea9,6405282baf4f9dbeaa4c8f49bdf3c982997e3afdb0e841c82e570676acb62cd0,true,true,true,true,true
80,5100000,3,threshold_2_two_physical_inputs,efficacy_and_persistence,production,1/4/1/4294967296/0;1/4/1/4294967296/0,1|1,5,0,3,0,0,1,0,0,5,3,0f54b61657ca31bdd8b6c904b7758800035f8ff74df1f4862aecb400aacf51bc,04062fdd283324ada383e6df09ad2e10b45a28e7cacdf223e5298e901b16bea9,6405282baf4f9dbeaa4c8f49bdf3c982997e3afdb0e841c82e570676acb62cd0,true,true,true,true,true
81,5100000,4,cpc0_contact_locality,persistence_only,reference,1/7/1/4026531840/4026531840;1/4/1/4026531840/0,4026531840|0,6,1,4,1,0,0,0,0,8,5,ba20d8dcd2512c9c2b7e7598834db22897491394f9fa7bf70694ac1ae3b6d443,0f2486f5a0d786d3bfe3501a2ebb189e975b7512549f2fdcdec1031409e15e67,77c59a57a8b1cdd4ee7e59f6755ce277276f0cb8920ee4568d4b81e85fa3c4e6,true,true,false,true,false
81,5100000,4,cpc0_contact_locality,persistence_only,production,1/7/1/4026531840/4026531840;1/4/1/4026531840/0,4026531840|0,6,1,4,1,0,0,0,0,8,5,ba20d8dcd2512c9c2b7e7598834db22897491394f9fa7bf70694ac1ae3b6d443,0f2486f5a0d786d3bfe3501a2ebb189e975b7512549f2fdcdec1031409e15e67,0f6fb737050e37f547831654cce51960844918a1a69cc5f883d72b411cd27e09,true,true,false,true,false
82,5100000,4,cpc0_contact_locality,efficacy_and_persistence,reference,1/7/2/4026531840/4026531840;1/4/2/4026531840/0,4026531840|0,6,1,4,1,0,0,0,0,8,5,0ef7034089358f488ea224db8fe8f7e0d08e09212701100c89731a9e06431124,bdb98b61806b951eb5ea4c1209b141719d182f2d36c0d417199e856c8f349346,10d50717c1cf91dfb5bf0a39e721863078897e912c32b8ca566454cdc59fe5b3,true,true,false,true,false
82,5100000,4,cpc0_contact_locality,efficacy_and_persistence,production,1/7/2/4026531840/4026531840;1/4/2/4026531840/0,4026531840|0,6,1,4,1,0,0,0,0,8,5,0ef7034089358f488ea224db8fe8f7e0d08e09212701100c89731a9e06431124,bdb98b61806b951eb5ea4c1209b141719d182f2d36c0d417199e856c8f349346,577140f5c825e65d0cc46a42322a2c5bed3bec8751d20192df3b24998acf441c,true,true,false,true,false
83,5100000,4,cpc1_temporal_participation,persistence_only,reference,1/6/1/1979772000/4026531840;1/5/1/1979772000/1979772000;1/7/1/1979772000/3110400000;1/7/1/1979772000/3110400000;1/7/1/4542662625/7136931840,4026531840|1979772000|3110400000|3110400000|7136931840,19,5,12,5,0,0,0,0,29,16,b9b26d56a86e858dd54278c63d6b1b5a466f666eb9eded3afe50a31dd061a1b8,eef3ed119f6129900f0b96afdbfb05b4e71bf6064d5c75e42392192f0c318cf4,033306510e3570a5fe73ba1a176e66507ab9733c2b467c9d128d81e067419903,true,true,false,true,false
83,5100000,4,cpc1_temporal_participation,persistence_only,production,1/6/1/1979772000/4026531840;1/5/1/1979772000/1979772000;1/7/1/1979772000/3110400000;1/7/1/1979772000/3110400000;1/7/1/4542662625/7136931840,4026531840|1979772000|3110400000|3110400000|7136931840,19,5,12,5,0,0,0,0,29,16,b9b26d56a86e858dd54278c63d6b1b5a466f666eb9eded3afe50a31dd061a1b8,eef3ed119f6129900f0b96afdbfb05b4e71bf6064d5c75e42392192f0c318cf4,7f9eab6aa55e8dd5ab697ddc601ea8a9268e5f4ba285b4ecb1859fb130efb4bf,true,true,false,true,false
84,5100000,4,cpc1_temporal_participation,efficacy_and_persistence,reference,1/6/2/1979772000/4026531840;1/5/2/1979772000/1979772000;1/7/2/1979772000/3110400000;1/7/2/1979772000/3110400000;1/7/2/4542662625/7136931840,4026531840|1979772000|3110400000|3110400000|7136931840,19,5,12,5,0,0,0,0,29,16,6e85106663f864f5bde4460335f3096f1a8be08fedcdc14f7fa71d1c92dace10,4e0147907f326901e2267ff6378859bd72da24e1e1e0c41f2199404f11d40831,81fae3eba23c2a7c368aa122b9cd84c315b21c23cb48302f06eb8853858749ad,true,true,false,true,false
84,5100000,4,cpc1_temporal_participation,efficacy_and_persistence,production,1/6/2/1979772000/4026531840;1/5/2/1979772000/1979772000;1/7/2/1979772000/3110400000;1/7/2/1979772000/3110400000;1/7/2/4542662625/7136931840,4026531840|1979772000|3110400000|3110400000|7136931840,19,5,12,5,0,0,0,0,29,16,6e85106663f864f5bde4460335f3096f1a8be08fedcdc14f7fa71d1c92dace10,4e0147907f326901e2267ff6378859bd72da24e1e1e0c41f2199404f11d40831,549cdef1558b1e4c66158ba0b82a1c366612723c9bac0c38af3fa2e41461fe91,true,true,false,true,false
85,5100000,4,pqlc0_one_hop,persistence_only,reference,1/7/1/4026531840/4026531840,1|4026531840,5,2,4,2,1,0,0,0,10,5,59a990d71ecbf01997f00b0f9c24374acc385646d35d89a067d4312376b17203,a4ec211a3d1459609c215d3070a5f833502243fe7eae52dde120afbda5b8f1aa,8c0288a77dc737a0311903d32521ec5e78a78ff7e003d999e835a3563663f30d,true,true,false,true,false
85,5100000,4,pqlc0_one_hop,persistence_only,production,1/7/1/4026531840/4026531840,1|4026531840,5,2,4,2,1,0,0,0,10,5,59a990d71ecbf01997f00b0f9c24374acc385646d35d89a067d4312376b17203,a4ec211a3d1459609c215d3070a5f833502243fe7eae52dde120afbda5b8f1aa,184f7c25da472117d8852f95a1f7371f5f9c1db6051058435deef2a261f79c8e,true,true,false,true,false
86,5100000,4,pqlc0_one_hop,efficacy_and_persistence,reference,1/7/2/4026531840/4026531840,1|4026531840,5,2,4,2,1,0,0,0,10,5,adf185efc7a44b837a5ff1a9bbcd2fbe3c3cb537ffa5b61079b202614b080c74,f6ac8b4e2c6639ae77737ab65ea853f3694b820a8a3a8267dd13b137ddb317db,2adb4c4d08d5ec83391222219f54595673d4af6aca1b79f89485297105bad8cd,true,true,false,true,false
86,5100000,4,pqlc0_one_hop,efficacy_and_persistence,production,1/7/2/4026531840/4026531840,1|4026531840,5,2,4,2,1,0,0,0,10,5,adf185efc7a44b837a5ff1a9bbcd2fbe3c3cb537ffa5b61079b202614b080c74,f6ac8b4e2c6639ae77737ab65ea853f3694b820a8a3a8267dd13b137ddb317db,71733ff449ccd6f596eae3d665ee6049eb3b868f4af881fa19c151df545d1c1f,true,true,false,true,false
87,5100000,4,pqlc1_depth_16,persistence_only,reference,1/7/1/4026531840/4026531840;1/7/1/4026531840/4026531840;1/7/1/4026531840/4026531840;1/7/1/4026531840/4026531840;1/7/1/4026531840/4026531840;1/7/1/4026531840/4026531840;1/7/1/4026531840/4026531840;1/7/1/4026531840/4026531840;1/7/1/4026531840/4026531840;1/7/1/4026531840/4026531840;1/7/1/4026531840/4026531840;1/7/1/4026531840/4026531840;1/7/1/4026531840/4026531840;1/7/1/4026531840/4026531840;1/7/1/4026531840/4026531840;1/7/1/4026531840/4026531840,16,19,16,18,16,15,0,0,0,66,5,6c4d2ec95124ecf85d4216eaf480f170f4c69bb849e60dc76d15106e3a363823,e02e55930659127faadc3f56f1035b49481bba036d7883c2887ef30afaceb12e,e9f614b43ae35272d12b1533ee82c12e25f9f63c8a714423bbf3f410d60cb74f,true,true,false,true,false
87,5100000,4,pqlc1_depth_16,persistence_only,production,1/7/1/4026531840/4026531840;1/7/1/4026531840/4026531840;1/7/1/4026531840/4026531840;1/7/1/4026531840/4026531840;1/7/1/4026531840/4026531840;1/7/1/4026531840/4026531840;1/7/1/4026531840/4026531840;1/7/1/4026531840/4026531840;1/7/1/4026531840/4026531840;1/7/1/4026531840/4026531840;1/7/1/4026531840/4026531840;1/7/1/4026531840/4026531840;1/7/1/4026531840/4026531840;1/7/1/4026531840/4026531840;1/7/1/4026531840/4026531840;1/7/1/4026531840/4026531840,16,19,16,18,16,15,0,0,0,66,5,6c4d2ec95124ecf85d4216eaf480f170f4c69bb849e60dc76d15106e3a363823,e02e55930659127faadc3f56f1035b49481bba036d7883c2887ef30afaceb12e,237ffbc8bf8fc119dd2f6b0a378806a81c37fc1aa8c49b22649e7664c709d9bb,true,true,false,true,false
88,5100000,4,pqlc1_depth_16,efficacy_and_persistence,reference,1/7/2/4026531840/4026531840;1/7/2/4026531840/4026531840;1/7/2/4026531840/4026531840;1/7/2/4026531840/4026531840;1/7/2/4026531840/4026531840;1/7/2/4026531840/4026531840;1/7/2/4026531840/4026531840;1/7/2/4026531840/4026531840;1/7/2/4026531840/4026531840;1/7/2/4026531840/4026531840;1/7/2/4026531840/4026531840;1/7/2/4026531840/4026531840;1/7/2/4026531840/4026531840;1/7/2/4026531840/4026531840;1/7/2/4026531840/4026531840;1/7/2/4026531840/4026531840,16,19,16,18,16,15,0,0,0,66,5,d622699bcdf0c7b96c3b579bb8141b0dbda88b9df2a8205a09828a7479cd9ac2,28780b02cf422b170f6d6e6ee56883494ce1b6d76bdec4a97673ef521195b7e4,1478054e73c9a5cf72140768d99e30a401280f5b804e5db101c88b4056e5003a,true,true,false,true,false
88,5100000,4,pqlc1_depth_16,efficacy_and_persistence,production,1/7/2/4026531840/4026531840;1/7/2/4026531840/4026531840;1/7/2/4026531840/4026531840;1/7/2/4026531840/4026531840;1/7/2/4026531840/4026531840;1/7/2/4026531840/4026531840;1/7/2/4026531840/4026531840;1/7/2/4026531840/4026531840;1/7/2/4026531840/4026531840;1/7/2/4026531840/4026531840;1/7/2/4026531840/4026531840;1/7/2/4026531840/4026531840;1/7/2/4026531840/4026531840;1/7/2/4026531840/4026531840;1/7/2/4026531840/4026531840;1/7/2/4026531840/4026531840,16,19,16,18,16,15,0,0,0,66,5,d622699bcdf0c7b96c3b579bb8141b0dbda88b9df2a8205a09828a7479cd9ac2,28780b02cf422b170f6d6e6ee56883494ce1b6d76bdec4a97673ef521195b7e4,a6958d648c4ecec706986a1f07d5ec66f1d571a7646405925f9554e06a4cc531,true,true,false,true,false
89,5100000,4,fd0_equal_persistence,persistence_only,reference,1/1/1/0/0;0/0/1/0/0,1|0,0,0,0,0,0,0,0,1,1,44,4f53cda18c2baa0c0354bb5f9a3ecbe5ed12ab4d8e11ba873c2f11161202b945,59cd519ab5e973e103c86b0f811275385eb3e3fe338f2b058b19669e25633b1f,d50a8ab26eded5cc361873516d129b5beed34cbda09c9e2339b2470e5d043288,true,true,false,true,false
89,5100000,4,fd0_equal_persistence,persistence_only,production,1/1/1/0/0;0/0/1/0/0,1|0,0,0,0,0,0,0,0,1,1,44,4f53cda18c2baa0c0354bb5f9a3ecbe5ed12ab4d8e11ba873c2f11161202b945,59cd519ab5e973e103c86b0f811275385eb3e3fe338f2b058b19669e25633b1f,99dfe093295fc77f9a744aef41226cc1e403d1c445741db9dee8ec67c3ba5563,true,true,false,true,false
90,5100000,4,fd0_equal_persistence,efficacy_and_persistence,reference,1/1/2/0/0;0/0/2/0/0,1|0,0,0,0,0,0,0,0,1,1,44,4f53cda18c2baa0c0354bb5f9a3ecbe5ed12ab4d8e11ba873c2f11161202b945,60fa5162eefe2ebc4422d9f2e2fdae365228532ad23ce23752bc4e99beed1aa6,b818bea6ee4b9f6263dcbb811b994deb90e4238ecc9e45f6f8b82501444f7f57,true,true,false,true,false
90,5100000,4,fd0_equal_persistence,efficacy_and_persistence,production,1/1/2/0/0;0/0/2/0/0,1|0,0,0,0,0,0,0,0,1,1,44,4f53cda18c2baa0c0354bb5f9a3ecbe5ed12ab4d8e11ba873c2f11161202b945,60fa5162eefe2ebc4422d9f2e2fdae365228532ad23ce23752bc4e99beed1aa6,1d642e239b232fb02aa3a589bb7a617b2b1cc1498f21c683c346cdb5b747e978,true,true,false,true,false
91,5100000,4,fd1_consolidation,persistence_only,reference,1/4/1/4026531840/4026531840;1/1/1/4026531840/0,4026531840|0,5,1,3,1,0,0,0,0,7,5,06ada500634afca1e92b06717a363885959208483fa5c0e7437df82002c24868,cb8d670c8bdb09217eecb3dede0f69e1ab0ef6ad390c7c9a42ec69de006a09ef,de7d90d8111c90214dda46594025f69c9425491fb600f0d95ff1c319e920a001,true,true,false,true,false
91,5100000,4,fd1_consolidation,persistence_only,production,1/4/1/4026531840/4026531840;1/1/1/4026531840/0,4026531840|0,5,1,3,1,0,0,0,0,7,5,06ada500634afca1e92b06717a363885959208483fa5c0e7437df82002c24868,cb8d670c8bdb09217eecb3dede0f69e1ab0ef6ad390c7c9a42ec69de006a09ef,59a5e07c1da5729f751d426e4801aadba48bc993674774e19c137741d9d99ef3,true,true,false,true,false
92,5100000,4,fd1_consolidation,efficacy_and_persistence,reference,1/4/2/4026531840/4026531840;1/1/2/4026531840/0,4026531840|0,5,1,3,1,0,0,0,0,7,5,73e7e78c82ad43bbcdce868f10fabafca84090d45d40c43e3c742990fd41b276,44af89b18051899c00db452feb563343036dbeac571befc971d93f0160869997,431d7be1a353e22c511c5b4e795a803b539c10781965e6ef732fa19e2cf72e69,true,true,false,true,false
92,5100000,4,fd1_consolidation,efficacy_and_persistence,production,1/4/2/4026531840/4026531840;1/1/2/4026531840/0,4026531840|0,5,1,3,1,0,0,0,0,7,5,73e7e78c82ad43bbcdce868f10fabafca84090d45d40c43e3c742990fd41b276,44af89b18051899c00db452feb563343036dbeac571befc971d93f0160869997,1072bcb495acca06fb88d14012a22599375b3ff6fdb0dd4d31083f0665545464,true,true,false,true,false
93,5100000,4,threshold_1_already_executable,persistence_only,reference,1/4/1/4294967296/0,1|1,3,0,2,0,0,1,0,0,3,4,25998b7433c2e7ac962bea404ac9f6a89dba74bc712069d7cf6a90aa766fc2d8,fc823d076a21859d09016c05dba380631513b94a175e6ceb23ec6b2c3235f6df,d5a9ca6dddb56fc7848af967c96f33d8c5164c3b724298e66c1a34527c0542e8,true,true,true,true,true
93,5100000,4,threshold_1_already_executable,persistence_only,production,1/4/1/4294967296/0,1|1,3,0,2,0,0,1,0,0,3,4,25998b7433c2e7ac962bea404ac9f6a89dba74bc712069d7cf6a90aa766fc2d8,fc823d076a21859d09016c05dba380631513b94a175e6ceb23ec6b2c3235f6df,d5a9ca6dddb56fc7848af967c96f33d8c5164c3b724298e66c1a34527c0542e8,true,true,true,true,true
94,5100000,4,threshold_1_already_executable,efficacy_and_persistence,reference,1/4/2/4294967296/0,1|1,3,0,2,0,0,1,0,0,3,4,9f2a8642659ebfe782c16187451fa2c180bf32cff7e79d7ddf7aa3903c1033c8,c596f9540adaebf0e0d78db6b729139c672f9bca0505404068b848f474329448,75f13c9a129aab89aad1e27ede2070a8f88f9f3acc2169045dcaf11acc6fce89,true,true,true,true,true
94,5100000,4,threshold_1_already_executable,efficacy_and_persistence,production,1/4/2/4294967296/0,1|1,3,0,2,0,0,1,0,0,3,4,9f2a8642659ebfe782c16187451fa2c180bf32cff7e79d7ddf7aa3903c1033c8,c596f9540adaebf0e0d78db6b729139c672f9bca0505404068b848f474329448,75f13c9a129aab89aad1e27ede2070a8f88f9f3acc2169045dcaf11acc6fce89,true,true,true,true,true
95,5100000,4,threshold_2_acquired_efficacy,persistence_only,reference,1/4/1/4294967296/0;1/1/1/4294967296/0,0|0|0,4,0,2,0,0,0,0,0,4,4,7fd037dee2ea8a06adc3350bed5ee8173188b978dc6d25a16d244b5bcc60bb9e,fff1baa496d392b306261cf9aef4953d07fa73811ef19f0e752501c173cd3cff,1f64aeffc6c117c2d58970126cb9ff287c48a5b1e9d388018fbc0d1db5481ece,true,true,true,true,true
95,5100000,4,threshold_2_acquired_efficacy,persistence_only,production,1/4/1/4294967296/0;1/1/1/4294967296/0,0|0|0,4,0,2,0,0,0,0,0,4,4,7fd037dee2ea8a06adc3350bed5ee8173188b978dc6d25a16d244b5bcc60bb9e,fff1baa496d392b306261cf9aef4953d07fa73811ef19f0e752501c173cd3cff,1f64aeffc6c117c2d58970126cb9ff287c48a5b1e9d388018fbc0d1db5481ece,true,true,true,true,true
96,5100000,4,threshold_2_acquired_efficacy,efficacy_and_persistence,reference,1/4/2/4294967296/0;1/1/1/4294967296/0,1|0|1,5,0,3,0,0,1,0,0,5,4,802c5daf9e1be20e16639ff8124abb7edebc6c965d5f651cd770d78daee06556,f8f01f1de956433e4e29d91033759db67943f0eba8bcb8de1c4d5b7f7a2f8a81,fb0d7ded3bdad8d58fdb87ca872f5c849e6aa43fe9741a83403ab034851574a5,true,true,true,true,true
96,5100000,4,threshold_2_acquired_efficacy,efficacy_and_persistence,production,1/4/2/4294967296/0;1/1/1/4294967296/0,1|0|1,5,0,3,0,0,1,0,0,5,4,802c5daf9e1be20e16639ff8124abb7edebc6c965d5f651cd770d78daee06556,f8f01f1de956433e4e29d91033759db67943f0eba8bcb8de1c4d5b7f7a2f8a81,fb0d7ded3bdad8d58fdb87ca872f5c849e6aa43fe9741a83403ab034851574a5,true,true,true,true,true
97,5100000,4,threshold_3_still_insufficient,persistence_only,reference,1/4/1/4294967296/0,0|0,2,0,1,0,0,0,0,0,2,4,4e97ecb7535760be33c119c3b19b38a3c71bb2956845bdb1fae80524cf7df75a,45151faa2e566d10d0c4a7e58f0b174013cec0283fbd4c15555d45ae3132632b,5201b5625e0b2922cbef37957b6fdbbd4510793abbdb250a2dd162ebdf77592d,true,true,true,true,true
97,5100000,4,threshold_3_still_insufficient,persistence_only,production,1/4/1/4294967296/0,0|0,2,0,1,0,0,0,0,0,2,4,4e97ecb7535760be33c119c3b19b38a3c71bb2956845bdb1fae80524cf7df75a,45151faa2e566d10d0c4a7e58f0b174013cec0283fbd4c15555d45ae3132632b,5201b5625e0b2922cbef37957b6fdbbd4510793abbdb250a2dd162ebdf77592d,true,true,true,true,true
98,5100000,4,threshold_3_still_insufficient,efficacy_and_persistence,reference,1/4/2/4294967296/0,0|0,2,0,1,0,0,0,0,0,2,4,833364aa35e55618a02c7430d2f69e90e16fcf7148e22d0e9ddfaa58bc066a68,ee0e9f121004a93ff0b7fef97d293254328ea3b62f3ff28bb473d2e485470b17,bdf25bd742dc7a60ab9964c2f0b9500579056c20369759292eb0fc9134d70bd1,true,true,true,true,true
98,5100000,4,threshold_3_still_insufficient,efficacy_and_persistence,production,1/4/2/4294967296/0,0|0,2,0,1,0,0,0,0,0,2,4,833364aa35e55618a02c7430d2f69e90e16fcf7148e22d0e9ddfaa58bc066a68,ee0e9f121004a93ff0b7fef97d293254328ea3b62f3ff28bb473d2e485470b17,bdf25bd742dc7a60ab9964c2f0b9500579056c20369759292eb0fc9134d70bd1,true,true,true,true,true
99,5100000,4,threshold_2_two_physical_inputs,persistence_only,reference,1/4/1/4294967296/0;1/4/1/4294967296/0,1|1,5,0,3,0,0,1,0,0,5,4,87bda267888d0dd2881c9a8a7d035a20abe464a4e48a5f9981515a296290766e,ef64eace922d62007835c0b3307eb14a6a3299070ba3ca1fb2024baa34c749b6,c8e1966185d2ceb60b0551ca01e5fc38a8c7e0a4b2ba0ef47ed1c2c8deb825fb,true,true,true,true,true
99,5100000,4,threshold_2_two_physical_inputs,persistence_only,production,1/4/1/4294967296/0;1/4/1/4294967296/0,1|1,5,0,3,0,0,1,0,0,5,4,87bda267888d0dd2881c9a8a7d035a20abe464a4e48a5f9981515a296290766e,ef64eace922d62007835c0b3307eb14a6a3299070ba3ca1fb2024baa34c749b6,c8e1966185d2ceb60b0551ca01e5fc38a8c7e0a4b2ba0ef47ed1c2c8deb825fb,true,true,true,true,true
100,5100000,4,threshold_2_two_physical_inputs,efficacy_and_persistence,reference,1/4/1/4294967296/0;1/4/1/4294967296/0,1|1,5,0,3,0,0,1,0,0,5,4,8432d77a27277b8697b30494013492f9f1719dffdea0e034e894dc46a84ef826,04062fdd283324ada383e6df09ad2e10b45a28e7cacdf223e5298e901b16bea9,24887647dae46555e2a51ededb4f5e58b955d0c07608821c79fe276a069222c9,true,true,true,true,true
100,5100000,4,threshold_2_two_physical_inputs,efficacy_and_persistence,production,1/4/1/4294967296/0;1/4/1/4294967296/0,1|1,5,0,3,0,0,1,0,0,5,4,8432d77a27277b8697b30494013492f9f1719dffdea0e034e894dc46a84ef826,04062fdd283324ada383e6df09ad2e10b45a28e7cacdf223e5298e901b16bea9,24887647dae46555e2a51ededb4f5e58b955d0c07608821c79fe276a069222c9,true,true,true,true,true
101,5100000,5,cpc0_contact_locality,persistence_only,reference,1/7/1/4026531840/4026531840;1/4/1/4026531840/0,4026531840|0,6,1,4,1,0,0,0,0,8,6,8e6ea49f38f40f7cdd010408e76883b50ece694bb751633113b2779798f403e9,0f2486f5a0d786d3bfe3501a2ebb189e975b7512549f2fdcdec1031409e15e67,098ae31b57e899daaf8941d14b76a2f3f58da8ac09c4dd5524b69e13fd3cb125,true,true,false,true,false
101,5100000,5,cpc0_contact_locality,persistence_only,production,1/7/1/4026531840/4026531840;1/4/1/4026531840/0,4026531840|0,6,1,4,1,0,0,0,0,8,6,8e6ea49f38f40f7cdd010408e76883b50ece694bb751633113b2779798f403e9,0f2486f5a0d786d3bfe3501a2ebb189e975b7512549f2fdcdec1031409e15e67,adc86f52adf64c50aeabeb3d791919c068aecfeb5631a025712ca3ce57dbe6a5,true,true,false,true,false
102,5100000,5,cpc0_contact_locality,efficacy_and_persistence,reference,1/7/2/4026531840/4026531840;1/4/2/4026531840/0,4026531840|0,6,1,4,1,0,0,0,0,8,6,2303a29cb758fa39a83560ac03f6cac1d2d986facc78e1bf4e11b591d803e2c7,bdb98b61806b951eb5ea4c1209b141719d182f2d36c0d417199e856c8f349346,d978cecb1ef870b4422b5df823d23d6ef3d4041063d2463b662986ea17a85588,true,true,false,true,false
102,5100000,5,cpc0_contact_locality,efficacy_and_persistence,production,1/7/2/4026531840/4026531840;1/4/2/4026531840/0,4026531840|0,6,1,4,1,0,0,0,0,8,6,2303a29cb758fa39a83560ac03f6cac1d2d986facc78e1bf4e11b591d803e2c7,bdb98b61806b951eb5ea4c1209b141719d182f2d36c0d417199e856c8f349346,f670ce8d0fabfd229073f9d78374261930d1c766e8e8fb20b8feb51f7c4f2795,true,true,false,true,false
103,5100000,5,cpc1_temporal_participation,persistence_only,reference,1/6/1/1979772000/4026531840;1/5/1/1979772000/1979772000;1/7/1/1979772000/3110400000;1/7/1/1979772000/3110400000;1/7/1/4542662625/7136931840,4026531840|1979772000|3110400000|3110400000|7136931840,19,5,12,5,0,0,0,0,29,17,e5d9ec07935f2b76d02aac08aba7a5e766ff5ab5bf348f934b7d42b83ba45571,eef3ed119f6129900f0b96afdbfb05b4e71bf6064d5c75e42392192f0c318cf4,864f8dc30b2c260be57c8978c0a6c3a8fb035c550c62b468714d8892b9b80088,true,true,false,true,false
103,5100000,5,cpc1_temporal_participation,persistence_only,production,1/6/1/1979772000/4026531840;1/5/1/1979772000/1979772000;1/7/1/1979772000/3110400000;1/7/1/1979772000/3110400000;1/7/1/4542662625/7136931840,4026531840|1979772000|3110400000|3110400000|7136931840,19,5,12,5,0,0,0,0,29,17,e5d9ec07935f2b76d02aac08aba7a5e766ff5ab5bf348f934b7d42b83ba45571,eef3ed119f6129900f0b96afdbfb05b4e71bf6064d5c75e42392192f0c318cf4,84d87adc40e7c13106821fef9a1b6c351920b5f11ee922c0635371c4a827b619,true,true,false,true,false
104,5100000,5,cpc1_temporal_participation,efficacy_and_persistence,reference,1/6/2/1979772000/4026531840;1/5/2/1979772000/1979772000;1/7/2/1979772000/3110400000;1/7/2/1979772000/3110400000;1/7/2/4542662625/7136931840,4026531840|1979772000|3110400000|3110400000|7136931840,19,5,12,5,0,0,0,0,29,17,eae536485c05b30b238db7cb578de9c6d8e532fc43459d15d49a62e287235720,4e0147907f326901e2267ff6378859bd72da24e1e1e0c41f2199404f11d40831,3ab4d0f4e4f4a0c19aeb6154cb9563051236a486e2a01f78056b01b7c0a3ea4a,true,true,false,true,false
104,5100000,5,cpc1_temporal_participation,efficacy_and_persistence,production,1/6/2/1979772000/4026531840;1/5/2/1979772000/1979772000;1/7/2/1979772000/3110400000;1/7/2/1979772000/3110400000;1/7/2/4542662625/7136931840,4026531840|1979772000|3110400000|3110400000|7136931840,19,5,12,5,0,0,0,0,29,17,eae536485c05b30b238db7cb578de9c6d8e532fc43459d15d49a62e287235720,4e0147907f326901e2267ff6378859bd72da24e1e1e0c41f2199404f11d40831,1f87112de748201bbe8ac4fcfbd7cfa5f7a135e5c92bc4ddf872cf04f402e5c1,true,true,false,true,false
105,5100000,5,pqlc0_one_hop,persistence_only,reference,1/7/1/4026531840/4026531840,1|4026531840,5,2,4,2,1,0,0,0,10,6,d5d52a04b6d807e3df50974cd04f0ac3a38f27730aafa7f5fa6a7d761652e00a,a4ec211a3d1459609c215d3070a5f833502243fe7eae52dde120afbda5b8f1aa,8f5233d7be62fec4300ddc203a3eb2df50a7a2cca2792e35fec0a27bb42d18eb,true,true,false,true,false
105,5100000,5,pqlc0_one_hop,persistence_only,production,1/7/1/4026531840/4026531840,1|4026531840,5,2,4,2,1,0,0,0,10,6,d5d52a04b6d807e3df50974cd04f0ac3a38f27730aafa7f5fa6a7d761652e00a,a4ec211a3d1459609c215d3070a5f833502243fe7eae52dde120afbda5b8f1aa,89846eb17760cfb386e6373b5211c0f3755593aecd5b4afbf0dd7754bdb3b426,true,true,false,true,false
106,5100000,5,pqlc0_one_hop,efficacy_and_persistence,reference,1/7/2/4026531840/4026531840,1|4026531840,5,2,4,2,1,0,0,0,10,6,68a01f120d070530585abbdae298aa9498de7c4f914629033005c191026e56fe,f6ac8b4e2c6639ae77737ab65ea853f3694b820a8a3a8267dd13b137ddb317db,738150b59022b23d2c816c6fcc12d8a6282a5220be2cc6f7159f48203a366550,true,true,false,true,false
106,5100000,5,pqlc0_one_hop,efficacy_and_persistence,production,1/7/2/4026531840/4026531840,1|4026531840,5,2,4,2,1,0,0,0,10,6,68a01f120d070530585abbdae298aa9498de7c4f914629033005c191026e56fe,f6ac8b4e2c6639ae77737ab65ea853f3694b820a8a3a8267dd13b137ddb317db,7494c720579409efff1a5b6231dec9e2f4a00165b25497762814b64e6cb61b71,true,true,false,true,false
107,5100000,5,pqlc1_depth_16,persistence_only,reference,1/7/1/4026531840/4026531840;1/7/1/4026531840/4026531840;1/7/1/4026531840/4026531840;1/7/1/4026531840/4026531840;1/7/1/4026531840/4026531840;1/7/1/4026531840/4026531840;1/7/1/4026531840/4026531840;1/7/1/4026531840/4026531840;1/7/1/4026531840/4026531840;1/7/1/4026531840/4026531840;1/7/1/4026531840/4026531840;1/7/1/4026531840/4026531840;1/7/1/4026531840/4026531840;1/7/1/4026531840/4026531840;1/7/1/4026531840/4026531840;1/7/1/4026531840/4026531840,16,19,16,18,16,15,0,0,0,66,6,622f4822625e448f98fcbf075c1a6a4760bfe7690655c418d94c0ea2b2be7856,e02e55930659127faadc3f56f1035b49481bba036d7883c2887ef30afaceb12e,cfe7e8f189ad78182556a4317c00ba1ac68661913553250bf17255c45ab4a2f8,true,true,false,true,false
107,5100000,5,pqlc1_depth_16,persistence_only,production,1/7/1/4026531840/4026531840;1/7/1/4026531840/4026531840;1/7/1/4026531840/4026531840;1/7/1/4026531840/4026531840;1/7/1/4026531840/4026531840;1/7/1/4026531840/4026531840;1/7/1/4026531840/4026531840;1/7/1/4026531840/4026531840;1/7/1/4026531840/4026531840;1/7/1/4026531840/4026531840;1/7/1/4026531840/4026531840;1/7/1/4026531840/4026531840;1/7/1/4026531840/4026531840;1/7/1/4026531840/4026531840;1/7/1/4026531840/4026531840;1/7/1/4026531840/4026531840,16,19,16,18,16,15,0,0,0,66,6,622f4822625e448f98fcbf075c1a6a4760bfe7690655c418d94c0ea2b2be7856,e02e55930659127faadc3f56f1035b49481bba036d7883c2887ef30afaceb12e,4c029eef50150f09e29a0f7bfd6fc9c21d4bc25a2627f099adc01a699d0e1a46,true,true,false,true,false
108,5100000,5,pqlc1_depth_16,efficacy_and_persistence,reference,1/7/2/4026531840/4026531840;1/7/2/4026531840/4026531840;1/7/2/4026531840/4026531840;1/7/2/4026531840/4026531840;1/7/2/4026531840/4026531840;1/7/2/4026531840/4026531840;1/7/2/4026531840/4026531840;1/7/2/4026531840/4026531840;1/7/2/4026531840/4026531840;1/7/2/4026531840/4026531840;1/7/2/4026531840/4026531840;1/7/2/4026531840/4026531840;1/7/2/4026531840/4026531840;1/7/2/4026531840/4026531840;1/7/2/4026531840/4026531840;1/7/2/4026531840/4026531840,16,19,16,18,16,15,0,0,0,66,6,bf776e04066bbf054196ef02b0491859ed27a8c45a06bb453b9d1c6b79759cc4,28780b02cf422b170f6d6e6ee56883494ce1b6d76bdec4a97673ef521195b7e4,f384e6326c4169466cd293b68721a6a850230cf804835212b6115b22af47fd2a,true,true,false,true,false
108,5100000,5,pqlc1_depth_16,efficacy_and_persistence,production,1/7/2/4026531840/4026531840;1/7/2/4026531840/4026531840;1/7/2/4026531840/4026531840;1/7/2/4026531840/4026531840;1/7/2/4026531840/4026531840;1/7/2/4026531840/4026531840;1/7/2/4026531840/4026531840;1/7/2/4026531840/4026531840;1/7/2/4026531840/4026531840;1/7/2/4026531840/4026531840;1/7/2/4026531840/4026531840;1/7/2/4026531840/4026531840;1/7/2/4026531840/4026531840;1/7/2/4026531840/4026531840;1/7/2/4026531840/4026531840;1/7/2/4026531840/4026531840,16,19,16,18,16,15,0,0,0,66,6,bf776e04066bbf054196ef02b0491859ed27a8c45a06bb453b9d1c6b79759cc4,28780b02cf422b170f6d6e6ee56883494ce1b6d76bdec4a97673ef521195b7e4,7e8dca87e9e278084a4e8c40ce443bc179aa2c74a8b501fe161397f5cd56ca2d,true,true,false,true,false
109,5100000,5,fd0_equal_persistence,persistence_only,reference,1/1/1/0/0;0/0/1/0/0,1|0,0,0,0,0,0,0,0,1,1,45,4f53cda18c2baa0c0354bb5f9a3ecbe5ed12ab4d8e11ba873c2f11161202b945,59cd519ab5e973e103c86b0f811275385eb3e3fe338f2b058b19669e25633b1f,b789ce9bf1dcc10dc48ca393ae66b2f2fa7d08abfc87690d851679562533b4c8,true,true,false,true,false
109,5100000,5,fd0_equal_persistence,persistence_only,production,1/1/1/0/0;0/0/1/0/0,1|0,0,0,0,0,0,0,0,1,1,45,4f53cda18c2baa0c0354bb5f9a3ecbe5ed12ab4d8e11ba873c2f11161202b945,59cd519ab5e973e103c86b0f811275385eb3e3fe338f2b058b19669e25633b1f,b11261c2f8d85daaf96778e6fd3f85576e34a0b0de85e95f41c39a06afd2412a,true,true,false,true,false
110,5100000,5,fd0_equal_persistence,efficacy_and_persistence,reference,1/1/2/0/0;0/0/2/0/0,1|0,0,0,0,0,0,0,0,1,1,45,4f53cda18c2baa0c0354bb5f9a3ecbe5ed12ab4d8e11ba873c2f11161202b945,60fa5162eefe2ebc4422d9f2e2fdae365228532ad23ce23752bc4e99beed1aa6,0b9ddc90feec465676072bb4160d381f03fc11ac1db4c22f840d2b885a329eea,true,true,false,true,false
110,5100000,5,fd0_equal_persistence,efficacy_and_persistence,production,1/1/2/0/0;0/0/2/0/0,1|0,0,0,0,0,0,0,0,1,1,45,4f53cda18c2baa0c0354bb5f9a3ecbe5ed12ab4d8e11ba873c2f11161202b945,60fa5162eefe2ebc4422d9f2e2fdae365228532ad23ce23752bc4e99beed1aa6,ba5b3793103c3701a9c44b18e9f8ded4dd2fb2cd8fe15cfea7b98c268fefbcef,true,true,false,true,false
111,5100000,5,fd1_consolidation,persistence_only,reference,1/4/1/4026531840/4026531840;1/1/1/4026531840/0,4026531840|0,5,1,3,1,0,0,0,0,7,6,efcec222887f10d4531bdb6d0b00128717fccbd3f711ddba12e232cc74a1722b,cb8d670c8bdb09217eecb3dede0f69e1ab0ef6ad390c7c9a42ec69de006a09ef,9b764ab7ade472660eace948ebf516a4faeb17c14652f8c3874552ef17596007,true,true,false,true,false
111,5100000,5,fd1_consolidation,persistence_only,production,1/4/1/4026531840/4026531840;1/1/1/4026531840/0,4026531840|0,5,1,3,1,0,0,0,0,7,6,efcec222887f10d4531bdb6d0b00128717fccbd3f711ddba12e232cc74a1722b,cb8d670c8bdb09217eecb3dede0f69e1ab0ef6ad390c7c9a42ec69de006a09ef,87745e33f6e1610b9298dc1d0f9e69224931b079e713b43ea76e9f160abb6a0d,true,true,false,true,false
112,5100000,5,fd1_consolidation,efficacy_and_persistence,reference,1/4/2/4026531840/4026531840;1/1/2/4026531840/0,4026531840|0,5,1,3,1,0,0,0,0,7,6,58095e3dae5393f141b3c6f231087dfbbdff422a5e6e5edf6f7cf5106bd157f0,44af89b18051899c00db452feb563343036dbeac571befc971d93f0160869997,8f91c9bad1d1b01a4676961e35ab5874a02bf2ee1db13644238e443f481f721d,true,true,false,true,false
112,5100000,5,fd1_consolidation,efficacy_and_persistence,production,1/4/2/4026531840/4026531840;1/1/2/4026531840/0,4026531840|0,5,1,3,1,0,0,0,0,7,6,58095e3dae5393f141b3c6f231087dfbbdff422a5e6e5edf6f7cf5106bd157f0,44af89b18051899c00db452feb563343036dbeac571befc971d93f0160869997,b6ca60c0f1b7e4343d8e1384068398400cd6f12c06a34d72a9e9bc6f56a26947,true,true,false,true,false
113,5100000,5,threshold_1_already_executable,persistence_only,reference,1/4/1/4294967296/0,1|1,3,0,2,0,0,1,0,0,3,5,ce66a26689ba545685face72b2ff32bc40f18d117ea8e2ade521ecdc9d31479c,fc823d076a21859d09016c05dba380631513b94a175e6ceb23ec6b2c3235f6df,40cbef0603db688d7abc9cea3b871f410b73c1564613bad72b81ffb8c3295f81,true,true,true,true,true
113,5100000,5,threshold_1_already_executable,persistence_only,production,1/4/1/4294967296/0,1|1,3,0,2,0,0,1,0,0,3,5,ce66a26689ba545685face72b2ff32bc40f18d117ea8e2ade521ecdc9d31479c,fc823d076a21859d09016c05dba380631513b94a175e6ceb23ec6b2c3235f6df,40cbef0603db688d7abc9cea3b871f410b73c1564613bad72b81ffb8c3295f81,true,true,true,true,true
114,5100000,5,threshold_1_already_executable,efficacy_and_persistence,reference,1/4/2/4294967296/0,1|1,3,0,2,0,0,1,0,0,3,5,7da923ed9929b5405e5ba0fd35a218743b8ab283e7c2a788c8752d279fd9aea9,c596f9540adaebf0e0d78db6b729139c672f9bca0505404068b848f474329448,7b0fc8843d1e431eca9f1867b2cca0d637c67c4aafd9e09f8caac76d9f052367,true,true,true,true,true
114,5100000,5,threshold_1_already_executable,efficacy_and_persistence,production,1/4/2/4294967296/0,1|1,3,0,2,0,0,1,0,0,3,5,7da923ed9929b5405e5ba0fd35a218743b8ab283e7c2a788c8752d279fd9aea9,c596f9540adaebf0e0d78db6b729139c672f9bca0505404068b848f474329448,7b0fc8843d1e431eca9f1867b2cca0d637c67c4aafd9e09f8caac76d9f052367,true,true,true,true,true
115,5100000,5,threshold_2_acquired_efficacy,persistence_only,reference,1/4/1/4294967296/0;1/1/1/4294967296/0,0|0|0,4,0,2,0,0,0,0,0,4,5,63409dd258b80b7ba18d234d632359866783e0a012ac66a45bc6560150e990a6,fff1baa496d392b306261cf9aef4953d07fa73811ef19f0e752501c173cd3cff,9d326a189d2e194f2583add39f2f2f0c78df7ed8c8e6518483e07bd2af9c91ce,true,true,true,true,true
115,5100000,5,threshold_2_acquired_efficacy,persistence_only,production,1/4/1/4294967296/0;1/1/1/4294967296/0,0|0|0,4,0,2,0,0,0,0,0,4,5,63409dd258b80b7ba18d234d632359866783e0a012ac66a45bc6560150e990a6,fff1baa496d392b306261cf9aef4953d07fa73811ef19f0e752501c173cd3cff,9d326a189d2e194f2583add39f2f2f0c78df7ed8c8e6518483e07bd2af9c91ce,true,true,true,true,true
116,5100000,5,threshold_2_acquired_efficacy,efficacy_and_persistence,reference,1/4/2/4294967296/0;1/1/1/4294967296/0,1|0|1,5,0,3,0,0,1,0,0,5,5,09347d317fe3263232e4270cb16d50ddb6e62eeb9de2e8d5b1a0c8a10ce256cd,f8f01f1de956433e4e29d91033759db67943f0eba8bcb8de1c4d5b7f7a2f8a81,079bbed6075d7831d8024585d53a266fdc92c07e9b52d5812a3d8e6ea4d8e2c2,true,true,true,true,true
116,5100000,5,threshold_2_acquired_efficacy,efficacy_and_persistence,production,1/4/2/4294967296/0;1/1/1/4294967296/0,1|0|1,5,0,3,0,0,1,0,0,5,5,09347d317fe3263232e4270cb16d50ddb6e62eeb9de2e8d5b1a0c8a10ce256cd,f8f01f1de956433e4e29d91033759db67943f0eba8bcb8de1c4d5b7f7a2f8a81,079bbed6075d7831d8024585d53a266fdc92c07e9b52d5812a3d8e6ea4d8e2c2,true,true,true,true,true
117,5100000,5,threshold_3_still_insufficient,persistence_only,reference,1/4/1/4294967296/0,0|0,2,0,1,0,0,0,0,0,2,5,b2ab1a750af73cfec924f3d60f526f6589e3c4d87140625b1475261297029704,45151faa2e566d10d0c4a7e58f0b174013cec0283fbd4c15555d45ae3132632b,a2a266c07591973f6cf7ad669759af4634a91c8631539805af33c901409db95e,true,true,true,true,true
117,5100000,5,threshold_3_still_insufficient,persistence_only,production,1/4/1/4294967296/0,0|0,2,0,1,0,0,0,0,0,2,5,b2ab1a750af73cfec924f3d60f526f6589e3c4d87140625b1475261297029704,45151faa2e566d10d0c4a7e58f0b174013cec0283fbd4c15555d45ae3132632b,a2a266c07591973f6cf7ad669759af4634a91c8631539805af33c901409db95e,true,true,true,true,true
118,5100000,5,threshold_3_still_insufficient,efficacy_and_persistence,reference,1/4/2/4294967296/0,0|0,2,0,1,0,0,0,0,0,2,5,86b138b5ed2adab38b75c01a893a797941bfa697ae30addccd7d8a161f93ddd5,ee0e9f121004a93ff0b7fef97d293254328ea3b62f3ff28bb473d2e485470b17,53a67dc1627a5545dc911a642bbd396185299f3b5753e29f542868ec59b7398a,true,true,true,true,true
118,5100000,5,threshold_3_still_insufficient,efficacy_and_persistence,production,1/4/2/4294967296/0,0|0,2,0,1,0,0,0,0,0,2,5,86b138b5ed2adab38b75c01a893a797941bfa697ae30addccd7d8a161f93ddd5,ee0e9f121004a93ff0b7fef97d293254328ea3b62f3ff28bb473d2e485470b17,53a67dc1627a5545dc911a642bbd396185299f3b5753e29f542868ec59b7398a,true,true,true,true,true
119,5100000,5,threshold_2_two_physical_inputs,persistence_only,reference,1/4/1/4294967296/0;1/4/1/4294967296/0,1|1,5,0,3,0,0,1,0,0,5,5,346cd90af30d0a6abf1f10cf91015bcced98bdbc6db2a2f9e0bd6334a8b6ba57,ef64eace922d62007835c0b3307eb14a6a3299070ba3ca1fb2024baa34c749b6,69f26a27be7c1a06feee63eae555b318e4f084f36cc2752731bcc1b75c8fac0c,true,true,true,true,true
119,5100000,5,threshold_2_two_physical_inputs,persistence_only,production,1/4/1/4294967296/0;1/4/1/4294967296/0,1|1,5,0,3,0,0,1,0,0,5,5,346cd90af30d0a6abf1f10cf91015bcced98bdbc6db2a2f9e0bd6334a8b6ba57,ef64eace922d62007835c0b3307eb14a6a3299070ba3ca1fb2024baa34c749b6,69f26a27be7c1a06feee63eae555b318e4f084f36cc2752731bcc1b75c8fac0c,true,true,true,true,true
120,5100000,5,threshold_2_two_physical_inputs,efficacy_and_persistence,reference,1/4/1/4294967296/0;1/4/1/4294967296/0,1|1,5,0,3,0,0,1,0,0,5,5,f1247d853bef3c298fa3bcf022d9275f9843516ed1ae874e5753c9adec00310f,04062fdd283324ada383e6df09ad2e10b45a28e7cacdf223e5298e901b16bea9,c952997a9d396e41ed461a8c2c5b5e3e8a490e8884cfb6a643051e18dd39da36,true,true,true,true,true
120,5100000,5,threshold_2_two_physical_inputs,efficacy_and_persistence,production,1/4/1/4294967296/0;1/4/1/4294967296/0,1|1,5,0,3,0,0,1,0,0,5,5,f1247d853bef3c298fa3bcf022d9275f9843516ed1ae874e5753c9adec00310f,04062fdd283324ada383e6df09ad2e10b45a28e7cacdf223e5298e901b16bea9,c952997a9d396e41ed461a8c2c5b5e3e8a490e8884cfb6a643051e18dd39da36,true,true,true,true,true
121,5100000,6,cpc0_contact_locality,persistence_only,reference,1/7/1/4026531840/4026531840;1/4/1/4026531840/0,4026531840|0,6,1,4,1,0,0,0,0,8,7,ba303956e661ca1b63031167fd9bc88949691e5bab5bc3830ca8a02bbf1b1257,0f2486f5a0d786d3bfe3501a2ebb189e975b7512549f2fdcdec1031409e15e67,b16e6242ed33094cd494de9d66680f3ea688b185b6a201400d4e4b6a371e7901,true,true,false,true,false
121,5100000,6,cpc0_contact_locality,persistence_only,production,1/7/1/4026531840/4026531840;1/4/1/4026531840/0,4026531840|0,6,1,4,1,0,0,0,0,8,7,ba303956e661ca1b63031167fd9bc88949691e5bab5bc3830ca8a02bbf1b1257,0f2486f5a0d786d3bfe3501a2ebb189e975b7512549f2fdcdec1031409e15e67,ec99cee3c85728f163dd06fc01f20a811c0a6e9c042c235f4a6a1fa4fefce60e,true,true,false,true,false
122,5100000,6,cpc0_contact_locality,efficacy_and_persistence,reference,1/7/2/4026531840/4026531840;1/4/2/4026531840/0,4026531840|0,6,1,4,1,0,0,0,0,8,7,f734a25927c17d3c495113bd0d6376f941ad270a459799a268aa927d7ee44aa1,bdb98b61806b951eb5ea4c1209b141719d182f2d36c0d417199e856c8f349346,f73eb57b7c469d37fb76be8ffd9f2b4b87575461a04e3a2ba3c016a1af61cf16,true,true,false,true,false
122,5100000,6,cpc0_contact_locality,efficacy_and_persistence,production,1/7/2/4026531840/4026531840;1/4/2/4026531840/0,4026531840|0,6,1,4,1,0,0,0,0,8,7,f734a25927c17d3c495113bd0d6376f941ad270a459799a268aa927d7ee44aa1,bdb98b61806b951eb5ea4c1209b141719d182f2d36c0d417199e856c8f349346,bc60683ab0c673df4885e82f92ea3f783f07e3eec2def43012a245af3eccd18b,true,true,false,true,false
123,5100000,6,cpc1_temporal_participation,persistence_only,reference,1/6/1/1979772000/4026531840;1/5/1/1979772000/1979772000;1/7/1/1979772000/3110400000;1/7/1/1979772000/3110400000;1/7/1/4542662625/7136931840,4026531840|1979772000|3110400000|3110400000|7136931840,19,5,12,5,0,0,0,0,29,18,6dbd410c543a8859d0c152c9a81047838f251f710df665a6d351cc363b68cae9,eef3ed119f6129900f0b96afdbfb05b4e71bf6064d5c75e42392192f0c318cf4,6ac6a994b96d9e4d60e58238cdd907a47efe4930fbb641703784cca6ffeab2ae,true,true,false,true,false
123,5100000,6,cpc1_temporal_participation,persistence_only,production,1/6/1/1979772000/4026531840;1/5/1/1979772000/1979772000;1/7/1/1979772000/3110400000;1/7/1/1979772000/3110400000;1/7/1/4542662625/7136931840,4026531840|1979772000|3110400000|3110400000|7136931840,19,5,12,5,0,0,0,0,29,18,6dbd410c543a8859d0c152c9a81047838f251f710df665a6d351cc363b68cae9,eef3ed119f6129900f0b96afdbfb05b4e71bf6064d5c75e42392192f0c318cf4,f41987a4fc4f89496f33ace8376828923f4e868aef5f2e672f349334ee0384e2,true,true,false,true,false
124,5100000,6,cpc1_temporal_participation,efficacy_and_persistence,reference,1/6/2/1979772000/4026531840;1/5/2/1979772000/1979772000;1/7/2/1979772000/3110400000;1/7/2/1979772000/3110400000;1/7/2/4542662625/7136931840,4026531840|1979772000|3110400000|3110400000|7136931840,19,5,12,5,0,0,0,0,29,18,d3efa94cccebb9b002822f33610505d150172275df27fcf2ccfc0b35456fcf17,4e0147907f326901e2267ff6378859bd72da24e1e1e0c41f2199404f11d40831,7ee490d037c85ed85f0cafda0984faea51df5548b58175e7ea7195de7a9c22f3,true,true,false,true,false
124,5100000,6,cpc1_temporal_participation,efficacy_and_persistence,production,1/6/2/1979772000/4026531840;1/5/2/1979772000/1979772000;1/7/2/1979772000/3110400000;1/7/2/1979772000/3110400000;1/7/2/4542662625/7136931840,4026531840|1979772000|3110400000|3110400000|7136931840,19,5,12,5,0,0,0,0,29,18,d3efa94cccebb9b002822f33610505d150172275df27fcf2ccfc0b35456fcf17,4e0147907f326901e2267ff6378859bd72da24e1e1e0c41f2199404f11d40831,7f9b7efb278bacab882d78d78a77d4fd300271b5e833f855e73afc1fba90d203,true,true,false,true,false
125,5100000,6,pqlc0_one_hop,persistence_only,reference,1/7/1/4026531840/4026531840,1|4026531840,5,2,4,2,1,0,0,0,10,7,bcb4957837dbf1c85400a8f2300d66e284ad05805fe2be39cee8719ef2edb1ea,a4ec211a3d1459609c215d3070a5f833502243fe7eae52dde120afbda5b8f1aa,bbe231453de05f70311c00285638caad663e8fa57c57a2b364d10283bdb2cb3c,true,true,false,true,false
125,5100000,6,pqlc0_one_hop,persistence_only,production,1/7/1/4026531840/4026531840,1|4026531840,5,2,4,2,1,0,0,0,10,7,bcb4957837dbf1c85400a8f2300d66e284ad05805fe2be39cee8719ef2edb1ea,a4ec211a3d1459609c215d3070a5f833502243fe7eae52dde120afbda5b8f1aa,cdeea3c0ed4db04029912ecc2aa066ec14d9f4844065901ed48d4296a2352c07,true,true,false,true,false
126,5100000,6,pqlc0_one_hop,efficacy_and_persistence,reference,1/7/2/4026531840/4026531840,1|4026531840,5,2,4,2,1,0,0,0,10,7,e962be9ad339a7628654bdfd7d2b5c369054657bc2a0f5135558444a44c4fa8e,f6ac8b4e2c6639ae77737ab65ea853f3694b820a8a3a8267dd13b137ddb317db,8d99596f78ef8fd8d9bbeaed076405b8320786373f918fcd2a98a4bd26c88617,true,true,false,true,false
126,5100000,6,pqlc0_one_hop,efficacy_and_persistence,production,1/7/2/4026531840/4026531840,1|4026531840,5,2,4,2,1,0,0,0,10,7,e962be9ad339a7628654bdfd7d2b5c369054657bc2a0f5135558444a44c4fa8e,f6ac8b4e2c6639ae77737ab65ea853f3694b820a8a3a8267dd13b137ddb317db,031d404f886fc965f466168e109f592f294b5ff6a276bf56205fc850e7dd1dcf,true,true,false,true,false
127,5100000,6,pqlc1_depth_16,persistence_only,reference,1/7/1/4026531840/4026531840;1/7/1/4026531840/4026531840;1/7/1/4026531840/4026531840;1/7/1/4026531840/4026531840;1/7/1/4026531840/4026531840;1/7/1/4026531840/4026531840;1/7/1/4026531840/4026531840;1/7/1/4026531840/4026531840;1/7/1/4026531840/4026531840;1/7/1/4026531840/4026531840;1/7/1/4026531840/4026531840;1/7/1/4026531840/4026531840;1/7/1/4026531840/4026531840;1/7/1/4026531840/4026531840;1/7/1/4026531840/4026531840;1/7/1/4026531840/4026531840,16,19,16,18,16,15,0,0,0,66,7,7d1f2d37d67986aab5db3dccb4263d9727999c6c944df1b63bcbf3dccce0230c,e02e55930659127faadc3f56f1035b49481bba036d7883c2887ef30afaceb12e,1d136651a87be8fea5cb6a9df005b7423ce51611013ae39a351c5e5b6ba34b44,true,true,false,true,false
127,5100000,6,pqlc1_depth_16,persistence_only,production,1/7/1/4026531840/4026531840;1/7/1/4026531840/4026531840;1/7/1/4026531840/4026531840;1/7/1/4026531840/4026531840;1/7/1/4026531840/4026531840;1/7/1/4026531840/4026531840;1/7/1/4026531840/4026531840;1/7/1/4026531840/4026531840;1/7/1/4026531840/4026531840;1/7/1/4026531840/4026531840;1/7/1/4026531840/4026531840;1/7/1/4026531840/4026531840;1/7/1/4026531840/4026531840;1/7/1/4026531840/4026531840;1/7/1/4026531840/4026531840;1/7/1/4026531840/4026531840,16,19,16,18,16,15,0,0,0,66,7,7d1f2d37d67986aab5db3dccb4263d9727999c6c944df1b63bcbf3dccce0230c,e02e55930659127faadc3f56f1035b49481bba036d7883c2887ef30afaceb12e,9c996a64e97f069df348c801801620641e0bcf026a47e67d4ee20dd900e1f2d5,true,true,false,true,false
128,5100000,6,pqlc1_depth_16,efficacy_and_persistence,reference,1/7/2/4026531840/4026531840;1/7/2/4026531840/4026531840;1/7/2/4026531840/4026531840;1/7/2/4026531840/4026531840;1/7/2/4026531840/4026531840;1/7/2/4026531840/4026531840;1/7/2/4026531840/4026531840;1/7/2/4026531840/4026531840;1/7/2/4026531840/4026531840;1/7/2/4026531840/4026531840;1/7/2/4026531840/4026531840;1/7/2/4026531840/4026531840;1/7/2/4026531840/4026531840;1/7/2/4026531840/4026531840;1/7/2/4026531840/4026531840;1/7/2/4026531840/4026531840,16,19,16,18,16,15,0,0,0,66,7,48255832bdf81b1799cfe7f08c55eb7e7869c5c04c1eebb11af16efe72780970,28780b02cf422b170f6d6e6ee56883494ce1b6d76bdec4a97673ef521195b7e4,562a33c0ff63ba94f612ad2411ac0bfa80b96d13eea59d31fefc725d946008a2,true,true,false,true,false
128,5100000,6,pqlc1_depth_16,efficacy_and_persistence,production,1/7/2/4026531840/4026531840;1/7/2/4026531840/4026531840;1/7/2/4026531840/4026531840;1/7/2/4026531840/4026531840;1/7/2/4026531840/4026531840;1/7/2/4026531840/4026531840;1/7/2/4026531840/4026531840;1/7/2/4026531840/4026531840;1/7/2/4026531840/4026531840;1/7/2/4026531840/4026531840;1/7/2/4026531840/4026531840;1/7/2/4026531840/4026531840;1/7/2/4026531840/4026531840;1/7/2/4026531840/4026531840;1/7/2/4026531840/4026531840;1/7/2/4026531840/4026531840,16,19,16,18,16,15,0,0,0,66,7,48255832bdf81b1799cfe7f08c55eb7e7869c5c04c1eebb11af16efe72780970,28780b02cf422b170f6d6e6ee56883494ce1b6d76bdec4a97673ef521195b7e4,3f079a0b24923092eb5d3c82d62b11329cb351a373ad2687f99017e9bca8acea,true,true,false,true,false
129,5100000,6,fd0_equal_persistence,persistence_only,reference,1/1/1/0/0;0/0/1/0/0,1|0,0,0,0,0,0,0,0,1,1,46,4f53cda18c2baa0c0354bb5f9a3ecbe5ed12ab4d8e11ba873c2f11161202b945,59cd519ab5e973e103c86b0f811275385eb3e3fe338f2b058b19669e25633b1f,32fca29237241c86568377e92cec8c862b8671f183477ea8cb27c86052a10c68,true,true,false,true,false
129,5100000,6,fd0_equal_persistence,persistence_only,production,1/1/1/0/0;0/0/1/0/0,1|0,0,0,0,0,0,0,0,1,1,46,4f53cda18c2baa0c0354bb5f9a3ecbe5ed12ab4d8e11ba873c2f11161202b945,59cd519ab5e973e103c86b0f811275385eb3e3fe338f2b058b19669e25633b1f,84b3c6763922fd30539bd34751605a04100ba81935da65003196bfe776d0a828,true,true,false,true,false
130,5100000,6,fd0_equal_persistence,efficacy_and_persistence,reference,1/1/2/0/0;0/0/2/0/0,1|0,0,0,0,0,0,0,0,1,1,46,4f53cda18c2baa0c0354bb5f9a3ecbe5ed12ab4d8e11ba873c2f11161202b945,60fa5162eefe2ebc4422d9f2e2fdae365228532ad23ce23752bc4e99beed1aa6,e7dafb9de81f978b980dd28481d765b9243a9e824b843ef8735a5a977dfd3b42,true,true,false,true,false
130,5100000,6,fd0_equal_persistence,efficacy_and_persistence,production,1/1/2/0/0;0/0/2/0/0,1|0,0,0,0,0,0,0,0,1,1,46,4f53cda18c2baa0c0354bb5f9a3ecbe5ed12ab4d8e11ba873c2f11161202b945,60fa5162eefe2ebc4422d9f2e2fdae365228532ad23ce23752bc4e99beed1aa6,8081580c6eef451fce1fbf7a0896b3f0283cc70c4f834630e5fc51bfe54416d4,true,true,false,true,false
131,5100000,6,fd1_consolidation,persistence_only,reference,1/4/1/4026531840/4026531840;1/1/1/4026531840/0,4026531840|0,5,1,3,1,0,0,0,0,7,7,9e7d5cd12dfb8f5954bdf5eb398dc863bb1822c06a7141e17558af5313a51d93,cb8d670c8bdb09217eecb3dede0f69e1ab0ef6ad390c7c9a42ec69de006a09ef,f83be5312ccac61f012647f20be601a6c0990d2c39b47ad38ce70c5f39360eca,true,true,false,true,false
131,5100000,6,fd1_consolidation,persistence_only,production,1/4/1/4026531840/4026531840;1/1/1/4026531840/0,4026531840|0,5,1,3,1,0,0,0,0,7,7,9e7d5cd12dfb8f5954bdf5eb398dc863bb1822c06a7141e17558af5313a51d93,cb8d670c8bdb09217eecb3dede0f69e1ab0ef6ad390c7c9a42ec69de006a09ef,da7437abfa1f4edabdf85ac0642cb9bc416c0d6674f6afcc5e1b9ac7fcbcbae5,true,true,false,true,false
132,5100000,6,fd1_consolidation,efficacy_and_persistence,reference,1/4/2/4026531840/4026531840;1/1/2/4026531840/0,4026531840|0,5,1,3,1,0,0,0,0,7,7,c22b297e2c0f29f0d8a21d19eacee28fcea0c751b05ad390a13cb042f08531b0,44af89b18051899c00db452feb563343036dbeac571befc971d93f0160869997,f61a60caac3d2dbd2b8afa8fb1096d5771d0b0ac5a11ded86386c467ddd0acc2,true,true,false,true,false
132,5100000,6,fd1_consolidation,efficacy_and_persistence,production,1/4/2/4026531840/4026531840;1/1/2/4026531840/0,4026531840|0,5,1,3,1,0,0,0,0,7,7,c22b297e2c0f29f0d8a21d19eacee28fcea0c751b05ad390a13cb042f08531b0,44af89b18051899c00db452feb563343036dbeac571befc971d93f0160869997,832f9ca9f5f5f932bdf586462320a4eaa306a4d5b42b47fe23c60eaa171b3109,true,true,false,true,false
133,5100000,6,threshold_1_already_executable,persistence_only,reference,1/4/1/4294967296/0,1|1,3,0,2,0,0,1,0,0,3,6,d1a5ac4255b0df0f32d4c076e411754cf842b1320990ee12bb966684efaa6dc7,fc823d076a21859d09016c05dba380631513b94a175e6ceb23ec6b2c3235f6df,27f66f2ea4c095306abbf1e8fa41fc23a861768fab74f82a7a024d80e4a5c9c3,true,true,true,true,true
133,5100000,6,threshold_1_already_executable,persistence_only,production,1/4/1/4294967296/0,1|1,3,0,2,0,0,1,0,0,3,6,d1a5ac4255b0df0f32d4c076e411754cf842b1320990ee12bb966684efaa6dc7,fc823d076a21859d09016c05dba380631513b94a175e6ceb23ec6b2c3235f6df,27f66f2ea4c095306abbf1e8fa41fc23a861768fab74f82a7a024d80e4a5c9c3,true,true,true,true,true
134,5100000,6,threshold_1_already_executable,efficacy_and_persistence,reference,1/4/2/4294967296/0,1|1,3,0,2,0,0,1,0,0,3,6,66e565be9b50b7983c825bb907366aafa3d8db2583d64c587e38b483c4f96193,c596f9540adaebf0e0d78db6b729139c672f9bca0505404068b848f474329448,60b89d06c1b4f9f7d04a5f6732f147206ebb11a0e4c22794d648bca6b26ab57b,true,true,true,true,true
134,5100000,6,threshold_1_already_executable,efficacy_and_persistence,production,1/4/2/4294967296/0,1|1,3,0,2,0,0,1,0,0,3,6,66e565be9b50b7983c825bb907366aafa3d8db2583d64c587e38b483c4f96193,c596f9540adaebf0e0d78db6b729139c672f9bca0505404068b848f474329448,60b89d06c1b4f9f7d04a5f6732f147206ebb11a0e4c22794d648bca6b26ab57b,true,true,true,true,true
135,5100000,6,threshold_2_acquired_efficacy,persistence_only,reference,1/4/1/4294967296/0;1/1/1/4294967296/0,0|0|0,4,0,2,0,0,0,0,0,4,6,8dbd1a7e5828617bb29b32de1ee41b0363fe498aaaa8394744adb84843250ec5,fff1baa496d392b306261cf9aef4953d07fa73811ef19f0e752501c173cd3cff,dd0ef060bc2848f1e65d15a9afcc666d10cb75034a83de712e03f0377ca77111,true,true,true,true,true
135,5100000,6,threshold_2_acquired_efficacy,persistence_only,production,1/4/1/4294967296/0;1/1/1/4294967296/0,0|0|0,4,0,2,0,0,0,0,0,4,6,8dbd1a7e5828617bb29b32de1ee41b0363fe498aaaa8394744adb84843250ec5,fff1baa496d392b306261cf9aef4953d07fa73811ef19f0e752501c173cd3cff,dd0ef060bc2848f1e65d15a9afcc666d10cb75034a83de712e03f0377ca77111,true,true,true,true,true
136,5100000,6,threshold_2_acquired_efficacy,efficacy_and_persistence,reference,1/4/2/4294967296/0;1/1/1/4294967296/0,1|0|1,5,0,3,0,0,1,0,0,5,6,c9410c875e1e590c2b68aa4a0d2b0996393f20fc9a242f13802cca1f082a7df7,f8f01f1de956433e4e29d91033759db67943f0eba8bcb8de1c4d5b7f7a2f8a81,4bfc1edcecbd4fdc64544e5580b897c879258b853c8658c7b332d2b44f5c1110,true,true,true,true,true
136,5100000,6,threshold_2_acquired_efficacy,efficacy_and_persistence,production,1/4/2/4294967296/0;1/1/1/4294967296/0,1|0|1,5,0,3,0,0,1,0,0,5,6,c9410c875e1e590c2b68aa4a0d2b0996393f20fc9a242f13802cca1f082a7df7,f8f01f1de956433e4e29d91033759db67943f0eba8bcb8de1c4d5b7f7a2f8a81,4bfc1edcecbd4fdc64544e5580b897c879258b853c8658c7b332d2b44f5c1110,true,true,true,true,true
137,5100000,6,threshold_3_still_insufficient,persistence_only,reference,1/4/1/4294967296/0,0|0,2,0,1,0,0,0,0,0,2,6,663d8aa96c850157d38b600e2604cd0fe6fff593f324a73ee03edc39d998a9ed,45151faa2e566d10d0c4a7e58f0b174013cec0283fbd4c15555d45ae3132632b,6755b4b0588ff6d4917baf8bf4344de1c9cbe4cbab0f5e9e3ff28630dda7df29,true,true,true,true,true
137,5100000,6,threshold_3_still_insufficient,persistence_only,production,1/4/1/4294967296/0,0|0,2,0,1,0,0,0,0,0,2,6,663d8aa96c850157d38b600e2604cd0fe6fff593f324a73ee03edc39d998a9ed,45151faa2e566d10d0c4a7e58f0b174013cec0283fbd4c15555d45ae3132632b,6755b4b0588ff6d4917baf8bf4344de1c9cbe4cbab0f5e9e3ff28630dda7df29,true,true,true,true,true
138,5100000,6,threshold_3_still_insufficient,efficacy_and_persistence,reference,1/4/2/4294967296/0,0|0,2,0,1,0,0,0,0,0,2,6,1c6b75190bad2fa4901f7d283f7795ef9dae605a121f10efe67de25dd63b1f59,ee0e9f121004a93ff0b7fef97d293254328ea3b62f3ff28bb473d2e485470b17,cd9bd536a1cec806f3c50c764b42efa52128a647df71f3c5fe714da9e1c9aa7b,true,true,true,true,true
138,5100000,6,threshold_3_still_insufficient,efficacy_and_persistence,production,1/4/2/4294967296/0,0|0,2,0,1,0,0,0,0,0,2,6,1c6b75190bad2fa4901f7d283f7795ef9dae605a121f10efe67de25dd63b1f59,ee0e9f121004a93ff0b7fef97d293254328ea3b62f3ff28bb473d2e485470b17,cd9bd536a1cec806f3c50c764b42efa52128a647df71f3c5fe714da9e1c9aa7b,true,true,true,true,true
139,5100000,6,threshold_2_two_physical_inputs,persistence_only,reference,1/4/1/4294967296/0;1/4/1/4294967296/0,1|1,5,0,3,0,0,1,0,0,5,6,c4bca71438223bd8fde886247cc999bb8bc256506f0f2936826d8a1be38f8ba5,ef64eace922d62007835c0b3307eb14a6a3299070ba3ca1fb2024baa34c749b6,6fefbfdae90c9e2fcfd8880bf8b503005da44c8f36395fb77f6ff34e1260ac77,true,true,true,true,true
139,5100000,6,threshold_2_two_physical_inputs,persistence_only,production,1/4/1/4294967296/0;1/4/1/4294967296/0,1|1,5,0,3,0,0,1,0,0,5,6,c4bca71438223bd8fde886247cc999bb8bc256506f0f2936826d8a1be38f8ba5,ef64eace922d62007835c0b3307eb14a6a3299070ba3ca1fb2024baa34c749b6,6fefbfdae90c9e2fcfd8880bf8b503005da44c8f36395fb77f6ff34e1260ac77,true,true,true,true,true
140,5100000,6,threshold_2_two_physical_inputs,efficacy_and_persistence,reference,1/4/1/4294967296/0;1/4/1/4294967296/0,1|1,5,0,3,0,0,1,0,0,5,6,7365a880514fbf6b10154acbb8462c96096fb33679c11f74a25e71ba35d04dce,04062fdd283324ada383e6df09ad2e10b45a28e7cacdf223e5298e901b16bea9,f5f81a217279138b97d5b63a3d3271bd441ccf3aeca70a7d388feeb2a241f785,true,true,true,true,true
140,5100000,6,threshold_2_two_physical_inputs,efficacy_and_persistence,production,1/4/1/4294967296/0;1/4/1/4294967296/0,1|1,5,0,3,0,0,1,0,0,5,6,7365a880514fbf6b10154acbb8462c96096fb33679c11f74a25e71ba35d04dce,04062fdd283324ada383e6df09ad2e10b45a28e7cacdf223e5298e901b16bea9,f5f81a217279138b97d5b63a3d3271bd441ccf3aeca70a7d388feeb2a241f785,true,true,true,true,true
141,5100000,7,cpc0_contact_locality,persistence_only,reference,1/7/1/4026531840/4026531840;1/4/1/4026531840/0,4026531840|0,6,1,4,1,0,0,0,0,8,8,13ee8f69150c1a8c59bf65f75904f8895af7c8e13b3e996e50934958518758de,0f2486f5a0d786d3bfe3501a2ebb189e975b7512549f2fdcdec1031409e15e67,035624130960ffbe43a9e45f2a236fbdeb5e7132c3e3568b234d766fd3642d9a,true,true,false,true,false
141,5100000,7,cpc0_contact_locality,persistence_only,production,1/7/1/4026531840/4026531840;1/4/1/4026531840/0,4026531840|0,6,1,4,1,0,0,0,0,8,8,13ee8f69150c1a8c59bf65f75904f8895af7c8e13b3e996e50934958518758de,0f2486f5a0d786d3bfe3501a2ebb189e975b7512549f2fdcdec1031409e15e67,33adbd1e0bb3c47347cbfc699c86f7f57c70e35db274532146e038bc03a3dade,true,true,false,true,false
142,5100000,7,cpc0_contact_locality,efficacy_and_persistence,reference,1/7/2/4026531840/4026531840;1/4/2/4026531840/0,4026531840|0,6,1,4,1,0,0,0,0,8,8,843cf030ce6eec170cd257733dced9ea9bea620b37b657fe195c2f1ec853fa1a,bdb98b61806b951eb5ea4c1209b141719d182f2d36c0d417199e856c8f349346,69b8e0b40a6a1476abe6fb90f5e3825f77aa1d8250aa6b8084c7d8f675811f66,true,true,false,true,false
142,5100000,7,cpc0_contact_locality,efficacy_and_persistence,production,1/7/2/4026531840/4026531840;1/4/2/4026531840/0,4026531840|0,6,1,4,1,0,0,0,0,8,8,843cf030ce6eec170cd257733dced9ea9bea620b37b657fe195c2f1ec853fa1a,bdb98b61806b951eb5ea4c1209b141719d182f2d36c0d417199e856c8f349346,422f452795e18f0100b73a1a4903bdf7b0301c909cf8eceac47ee0e32886dd8b,true,true,false,true,false
143,5100000,7,cpc1_temporal_participation,persistence_only,reference,1/6/1/1979772000/4026531840;1/5/1/1979772000/1979772000;1/7/1/1979772000/3110400000;1/7/1/1979772000/3110400000;1/7/1/4542662625/7136931840,4026531840|1979772000|3110400000|3110400000|7136931840,19,5,12,5,0,0,0,0,29,19,45a2e0f72f541f933ccfdd177d192f97a5181f0c4f75772caa8f135e1250aeed,eef3ed119f6129900f0b96afdbfb05b4e71bf6064d5c75e42392192f0c318cf4,5b8d10551c941da7a0f9bc1d4d6a9e200412e78943f40d2c7eca35a96e99b1c9,true,true,false,true,false
143,5100000,7,cpc1_temporal_participation,persistence_only,production,1/6/1/1979772000/4026531840;1/5/1/1979772000/1979772000;1/7/1/1979772000/3110400000;1/7/1/1979772000/3110400000;1/7/1/4542662625/7136931840,4026531840|1979772000|3110400000|3110400000|7136931840,19,5,12,5,0,0,0,0,29,19,45a2e0f72f541f933ccfdd177d192f97a5181f0c4f75772caa8f135e1250aeed,eef3ed119f6129900f0b96afdbfb05b4e71bf6064d5c75e42392192f0c318cf4,6b0745a6e1b70633e06dac5e1f1704f87dad4043c28e6b32c988313d179d8ea1,true,true,false,true,false
144,5100000,7,cpc1_temporal_participation,efficacy_and_persistence,reference,1/6/2/1979772000/4026531840;1/5/2/1979772000/1979772000;1/7/2/1979772000/3110400000;1/7/2/1979772000/3110400000;1/7/2/4542662625/7136931840,4026531840|1979772000|3110400000|3110400000|7136931840,19,5,12,5,0,0,0,0,29,19,1632ce60c3975c1cb98db40fbfaa4f464c4b84cbe901226d8b76ae00f4faea4a,4e0147907f326901e2267ff6378859bd72da24e1e1e0c41f2199404f11d40831,043d195eb7cc98481a70f0fb7c0c815610dbec6a469b727d6eb5f416d0d16a62,true,true,false,true,false
144,5100000,7,cpc1_temporal_participation,efficacy_and_persistence,production,1/6/2/1979772000/4026531840;1/5/2/1979772000/1979772000;1/7/2/1979772000/3110400000;1/7/2/1979772000/3110400000;1/7/2/4542662625/7136931840,4026531840|1979772000|3110400000|3110400000|7136931840,19,5,12,5,0,0,0,0,29,19,1632ce60c3975c1cb98db40fbfaa4f464c4b84cbe901226d8b76ae00f4faea4a,4e0147907f326901e2267ff6378859bd72da24e1e1e0c41f2199404f11d40831,98e62084c8209654ad30942d15442b2e3a0608bae4fea9e6590868d3fd9bbbc2,true,true,false,true,false
145,5100000,7,pqlc0_one_hop,persistence_only,reference,1/7/1/4026531840/4026531840,1|4026531840,5,2,4,2,1,0,0,0,10,8,051e9c2bcf44beb8110403949d9a90ba2662d21e1f82eee92ec291e1f172a8b1,a4ec211a3d1459609c215d3070a5f833502243fe7eae52dde120afbda5b8f1aa,100d184cc29bc840b1f6d541d0ee26de6e0bdf5496297e0c47985c135cfb8b64,true,true,false,true,false
145,5100000,7,pqlc0_one_hop,persistence_only,production,1/7/1/4026531840/4026531840,1|4026531840,5,2,4,2,1,0,0,0,10,8,051e9c2bcf44beb8110403949d9a90ba2662d21e1f82eee92ec291e1f172a8b1,a4ec211a3d1459609c215d3070a5f833502243fe7eae52dde120afbda5b8f1aa,7f0208f847d01592e5e544724b24d91f871634f351d28474b3ff705d182264b0,true,true,false,true,false
146,5100000,7,pqlc0_one_hop,efficacy_and_persistence,reference,1/7/2/4026531840/4026531840,1|4026531840,5,2,4,2,1,0,0,0,10,8,a8fe86771abf5f975fcfda71196d1c16be04e63a05e65791cbe5b2443ce0753a,f6ac8b4e2c6639ae77737ab65ea853f3694b820a8a3a8267dd13b137ddb317db,e84bf37c8e7ca7ab0c3d2530d81861e1db743e161f9fc89ce3f85d9dabc0c55c,true,true,false,true,false
146,5100000,7,pqlc0_one_hop,efficacy_and_persistence,production,1/7/2/4026531840/4026531840,1|4026531840,5,2,4,2,1,0,0,0,10,8,a8fe86771abf5f975fcfda71196d1c16be04e63a05e65791cbe5b2443ce0753a,f6ac8b4e2c6639ae77737ab65ea853f3694b820a8a3a8267dd13b137ddb317db,1e8ac1ae27553e30f06286e5f47b67373d20ebb0ee573cf1eb769a74691ceac1,true,true,false,true,false
147,5100000,7,pqlc1_depth_16,persistence_only,reference,1/7/1/4026531840/4026531840;1/7/1/4026531840/4026531840;1/7/1/4026531840/4026531840;1/7/1/4026531840/4026531840;1/7/1/4026531840/4026531840;1/7/1/4026531840/4026531840;1/7/1/4026531840/4026531840;1/7/1/4026531840/4026531840;1/7/1/4026531840/4026531840;1/7/1/4026531840/4026531840;1/7/1/4026531840/4026531840;1/7/1/4026531840/4026531840;1/7/1/4026531840/4026531840;1/7/1/4026531840/4026531840;1/7/1/4026531840/4026531840;1/7/1/4026531840/4026531840,16,19,16,18,16,15,0,0,0,66,8,1907a32d9c1e5f4bf3cf2cddf38e982d0184f05a657b14f74bc77ca34ad2239d,e02e55930659127faadc3f56f1035b49481bba036d7883c2887ef30afaceb12e,48aa2796dc6ca5451e79437937206c3f7299acf13342bece80b27db83e2bf39f,true,true,false,true,false
147,5100000,7,pqlc1_depth_16,persistence_only,production,1/7/1/4026531840/4026531840;1/7/1/4026531840/4026531840;1/7/1/4026531840/4026531840;1/7/1/4026531840/4026531840;1/7/1/4026531840/4026531840;1/7/1/4026531840/4026531840;1/7/1/4026531840/4026531840;1/7/1/4026531840/4026531840;1/7/1/4026531840/4026531840;1/7/1/4026531840/4026531840;1/7/1/4026531840/4026531840;1/7/1/4026531840/4026531840;1/7/1/4026531840/4026531840;1/7/1/4026531840/4026531840;1/7/1/4026531840/4026531840;1/7/1/4026531840/4026531840,16,19,16,18,16,15,0,0,0,66,8,1907a32d9c1e5f4bf3cf2cddf38e982d0184f05a657b14f74bc77ca34ad2239d,e02e55930659127faadc3f56f1035b49481bba036d7883c2887ef30afaceb12e,fea7d1be1c9eeefde786e9970174a4d198c1b8f88cdabcce257f6b06aceaa00b,true,true,false,true,false
148,5100000,7,pqlc1_depth_16,efficacy_and_persistence,reference,1/7/2/4026531840/4026531840;1/7/2/4026531840/4026531840;1/7/2/4026531840/4026531840;1/7/2/4026531840/4026531840;1/7/2/4026531840/4026531840;1/7/2/4026531840/4026531840;1/7/2/4026531840/4026531840;1/7/2/4026531840/4026531840;1/7/2/4026531840/4026531840;1/7/2/4026531840/4026531840;1/7/2/4026531840/4026531840;1/7/2/4026531840/4026531840;1/7/2/4026531840/4026531840;1/7/2/4026531840/4026531840;1/7/2/4026531840/4026531840;1/7/2/4026531840/4026531840,16,19,16,18,16,15,0,0,0,66,8,6bdde93fef2d6e6845e9c03f3395158f858d5f62649af0e198af8b0674567976,28780b02cf422b170f6d6e6ee56883494ce1b6d76bdec4a97673ef521195b7e4,1d54d943f722a3cde06fa3944bb23127da84178aebdcc09f280df4e07d708102,true,true,false,true,false
148,5100000,7,pqlc1_depth_16,efficacy_and_persistence,production,1/7/2/4026531840/4026531840;1/7/2/4026531840/4026531840;1/7/2/4026531840/4026531840;1/7/2/4026531840/4026531840;1/7/2/4026531840/4026531840;1/7/2/4026531840/4026531840;1/7/2/4026531840/4026531840;1/7/2/4026531840/4026531840;1/7/2/4026531840/4026531840;1/7/2/4026531840/4026531840;1/7/2/4026531840/4026531840;1/7/2/4026531840/4026531840;1/7/2/4026531840/4026531840;1/7/2/4026531840/4026531840;1/7/2/4026531840/4026531840;1/7/2/4026531840/4026531840,16,19,16,18,16,15,0,0,0,66,8,6bdde93fef2d6e6845e9c03f3395158f858d5f62649af0e198af8b0674567976,28780b02cf422b170f6d6e6ee56883494ce1b6d76bdec4a97673ef521195b7e4,ec3f4cb179599876a8c320ed1b5560125e9abfde558f5a875158e816d2f8f2eb,true,true,false,true,false
149,5100000,7,fd0_equal_persistence,persistence_only,reference,1/1/1/0/0;0/0/1/0/0,1|0,0,0,0,0,0,0,0,1,1,47,4f53cda18c2baa0c0354bb5f9a3ecbe5ed12ab4d8e11ba873c2f11161202b945,59cd519ab5e973e103c86b0f811275385eb3e3fe338f2b058b19669e25633b1f,14f34ced708e3cc9db4e8c43ff0a402b40ddb10e1725778ec54db4ff47248fbd,true,true,false,true,false
149,5100000,7,fd0_equal_persistence,persistence_only,production,1/1/1/0/0;0/0/1/0/0,1|0,0,0,0,0,0,0,0,1,1,47,4f53cda18c2baa0c0354bb5f9a3ecbe5ed12ab4d8e11ba873c2f11161202b945,59cd519ab5e973e103c86b0f811275385eb3e3fe338f2b058b19669e25633b1f,d9ac851d324dd4d08fc038a0b08e3481d54e5817305dd0b5d40cdd06ec5f638e,true,true,false,true,false
150,5100000,7,fd0_equal_persistence,efficacy_and_persistence,reference,1/1/2/0/0;0/0/2/0/0,1|0,0,0,0,0,0,0,0,1,1,47,4f53cda18c2baa0c0354bb5f9a3ecbe5ed12ab4d8e11ba873c2f11161202b945,60fa5162eefe2ebc4422d9f2e2fdae365228532ad23ce23752bc4e99beed1aa6,188c59438c297ff9ab26988e4341b175366c5fab60bfaa39c73fa9f03c8d2b3e,true,true,false,true,false
150,5100000,7,fd0_equal_persistence,efficacy_and_persistence,production,1/1/2/0/0;0/0/2/0/0,1|0,0,0,0,0,0,0,0,1,1,47,4f53cda18c2baa0c0354bb5f9a3ecbe5ed12ab4d8e11ba873c2f11161202b945,60fa5162eefe2ebc4422d9f2e2fdae365228532ad23ce23752bc4e99beed1aa6,90b1675cd42de7d6b115ce9899390b0901501ff2a1e651a4b3b88fa9a62a03ec,true,true,false,true,false
151,5100000,7,fd1_consolidation,persistence_only,reference,1/4/1/4026531840/4026531840;1/1/1/4026531840/0,4026531840|0,5,1,3,1,0,0,0,0,7,8,f7bb71c4f8b7e44c2083d644433eed2e6092205fcd35a2bc7d55ae4733d362d8,cb8d670c8bdb09217eecb3dede0f69e1ab0ef6ad390c7c9a42ec69de006a09ef,f146d5c1ac8a7b552b5df54b72f42cf44f564bfbf9acdd56badf3da80ee54200,true,true,false,true,false
151,5100000,7,fd1_consolidation,persistence_only,production,1/4/1/4026531840/4026531840;1/1/1/4026531840/0,4026531840|0,5,1,3,1,0,0,0,0,7,8,f7bb71c4f8b7e44c2083d644433eed2e6092205fcd35a2bc7d55ae4733d362d8,cb8d670c8bdb09217eecb3dede0f69e1ab0ef6ad390c7c9a42ec69de006a09ef,8bb483afcda3c9bfa19648c8b7bce301f11a4590988e5f627485f891ffda48b5,true,true,false,true,false
152,5100000,7,fd1_consolidation,efficacy_and_persistence,reference,1/4/2/4026531840/4026531840;1/1/2/4026531840/0,4026531840|0,5,1,3,1,0,0,0,0,7,8,364091db1a36293de81009950b6f09a98e2eb3d2329e141eb1b394ee11691211,44af89b18051899c00db452feb563343036dbeac571befc971d93f0160869997,033c6454447b38c327d6d7895fe14b1643342c8cf1ae80383fd704fc5edbe3e2,true,true,false,true,false
152,5100000,7,fd1_consolidation,efficacy_and_persistence,production,1/4/2/4026531840/4026531840;1/1/2/4026531840/0,4026531840|0,5,1,3,1,0,0,0,0,7,8,364091db1a36293de81009950b6f09a98e2eb3d2329e141eb1b394ee11691211,44af89b18051899c00db452feb563343036dbeac571befc971d93f0160869997,d168bc1116a299c1038e40eb16aec074cab8ef77958895043abf69794cca464f,true,true,false,true,false
153,5100000,7,threshold_1_already_executable,persistence_only,reference,1/4/1/4294967296/0,1|1,3,0,2,0,0,1,0,0,3,7,9f9ef8e5ace41764810bc3f60055c41b54fc609fb88407cb97b1b0a69f086f19,fc823d076a21859d09016c05dba380631513b94a175e6ceb23ec6b2c3235f6df,351456a12722bc5e4568cc0bc30ac50749c149ba8c4084040f7e88c99df9a0ba,true,true,true,true,true
153,5100000,7,threshold_1_already_executable,persistence_only,production,1/4/1/4294967296/0,1|1,3,0,2,0,0,1,0,0,3,7,9f9ef8e5ace41764810bc3f60055c41b54fc609fb88407cb97b1b0a69f086f19,fc823d076a21859d09016c05dba380631513b94a175e6ceb23ec6b2c3235f6df,351456a12722bc5e4568cc0bc30ac50749c149ba8c4084040f7e88c99df9a0ba,true,true,true,true,true
154,5100000,7,threshold_1_already_executable,efficacy_and_persistence,reference,1/4/2/4294967296/0,1|1,3,0,2,0,0,1,0,0,3,7,179c95ca870a0cb0cea2673fdaacbb01b94837d1f1cc6359dc39488d57172b3a,c596f9540adaebf0e0d78db6b729139c672f9bca0505404068b848f474329448,7729832fc9906edf2fb8282e4582a7ffeb303511e16b1bf0180757df02c11e19,true,true,true,true,true
154,5100000,7,threshold_1_already_executable,efficacy_and_persistence,production,1/4/2/4294967296/0,1|1,3,0,2,0,0,1,0,0,3,7,179c95ca870a0cb0cea2673fdaacbb01b94837d1f1cc6359dc39488d57172b3a,c596f9540adaebf0e0d78db6b729139c672f9bca0505404068b848f474329448,7729832fc9906edf2fb8282e4582a7ffeb303511e16b1bf0180757df02c11e19,true,true,true,true,true
155,5100000,7,threshold_2_acquired_efficacy,persistence_only,reference,1/4/1/4294967296/0;1/1/1/4294967296/0,0|0|0,4,0,2,0,0,0,0,0,4,7,228047753e5c8ce56f40eb1957fc9cfd12b108f9e630837c13593e130db9bac8,fff1baa496d392b306261cf9aef4953d07fa73811ef19f0e752501c173cd3cff,7f1282b8c8efbd13c0419d9073f5eaa25eec03b372c4966cf6e636f6ffdeef50,true,true,true,true,true
155,5100000,7,threshold_2_acquired_efficacy,persistence_only,production,1/4/1/4294967296/0;1/1/1/4294967296/0,0|0|0,4,0,2,0,0,0,0,0,4,7,228047753e5c8ce56f40eb1957fc9cfd12b108f9e630837c13593e130db9bac8,fff1baa496d392b306261cf9aef4953d07fa73811ef19f0e752501c173cd3cff,7f1282b8c8efbd13c0419d9073f5eaa25eec03b372c4966cf6e636f6ffdeef50,true,true,true,true,true
156,5100000,7,threshold_2_acquired_efficacy,efficacy_and_persistence,reference,1/4/2/4294967296/0;1/1/1/4294967296/0,1|0|1,5,0,3,0,0,1,0,0,5,7,a6f10e8a497a3c8154eabd7cee1595eca1b4fdfcefe57a7b57739ede8ec937c6,f8f01f1de956433e4e29d91033759db67943f0eba8bcb8de1c4d5b7f7a2f8a81,030487fba64810c565dc8ea61ea271608475b210014a8291326b309be73ee28b,true,true,true,true,true
156,5100000,7,threshold_2_acquired_efficacy,efficacy_and_persistence,production,1/4/2/4294967296/0;1/1/1/4294967296/0,1|0|1,5,0,3,0,0,1,0,0,5,7,a6f10e8a497a3c8154eabd7cee1595eca1b4fdfcefe57a7b57739ede8ec937c6,f8f01f1de956433e4e29d91033759db67943f0eba8bcb8de1c4d5b7f7a2f8a81,030487fba64810c565dc8ea61ea271608475b210014a8291326b309be73ee28b,true,true,true,true,true
157,5100000,7,threshold_3_still_insufficient,persistence_only,reference,1/4/1/4294967296/0,0|0,2,0,1,0,0,0,0,0,2,7,4241c4dd76f32f9a3ddb1f5b3a048f0b13a5b401a4b451545e0d0020b540e7f1,45151faa2e566d10d0c4a7e58f0b174013cec0283fbd4c15555d45ae3132632b,b9c0ffaf006b3ddfda60288eddbe7336b0694617dba570b9f938b6b9a72d9ce6,true,true,true,true,true
157,5100000,7,threshold_3_still_insufficient,persistence_only,production,1/4/1/4294967296/0,0|0,2,0,1,0,0,0,0,0,2,7,4241c4dd76f32f9a3ddb1f5b3a048f0b13a5b401a4b451545e0d0020b540e7f1,45151faa2e566d10d0c4a7e58f0b174013cec0283fbd4c15555d45ae3132632b,b9c0ffaf006b3ddfda60288eddbe7336b0694617dba570b9f938b6b9a72d9ce6,true,true,true,true,true
158,5100000,7,threshold_3_still_insufficient,efficacy_and_persistence,reference,1/4/2/4294967296/0,0|0,2,0,1,0,0,0,0,0,2,7,0f0e4b8a30c14c1f6ade241ba2ff08b577acccabe45fbaf2a132487f88d5eba0,ee0e9f121004a93ff0b7fef97d293254328ea3b62f3ff28bb473d2e485470b17,71d167ceea812e7043353082e2106773073ca717be1511bade17e34baad57109,true,true,true,true,true
158,5100000,7,threshold_3_still_insufficient,efficacy_and_persistence,production,1/4/2/4294967296/0,0|0,2,0,1,0,0,0,0,0,2,7,0f0e4b8a30c14c1f6ade241ba2ff08b577acccabe45fbaf2a132487f88d5eba0,ee0e9f121004a93ff0b7fef97d293254328ea3b62f3ff28bb473d2e485470b17,71d167ceea812e7043353082e2106773073ca717be1511bade17e34baad57109,true,true,true,true,true
159,5100000,7,threshold_2_two_physical_inputs,persistence_only,reference,1/4/1/4294967296/0;1/4/1/4294967296/0,1|1,5,0,3,0,0,1,0,0,5,7,941590d7e7e0b8caaf7ca9bc4a4054cdfd571fa88e6555729004c73367a1317f,ef64eace922d62007835c0b3307eb14a6a3299070ba3ca1fb2024baa34c749b6,4f34185e29c2296f6e1dc5830f48a8fca2ac265241774f569223a867355e8d9e,true,true,true,true,true
159,5100000,7,threshold_2_two_physical_inputs,persistence_only,production,1/4/1/4294967296/0;1/4/1/4294967296/0,1|1,5,0,3,0,0,1,0,0,5,7,941590d7e7e0b8caaf7ca9bc4a4054cdfd571fa88e6555729004c73367a1317f,ef64eace922d62007835c0b3307eb14a6a3299070ba3ca1fb2024baa34c749b6,4f34185e29c2296f6e1dc5830f48a8fca2ac265241774f569223a867355e8d9e,true,true,true,true,true
160,5100000,7,threshold_2_two_physical_inputs,efficacy_and_persistence,reference,1/4/1/4294967296/0;1/4/1/4294967296/0,1|1,5,0,3,0,0,1,0,0,5,7,6f5047e361ae17d6e70a604bc30cd489ff4fe4ad41f5c391eb300c5a84e3d10b,04062fdd283324ada383e6df09ad2e10b45a28e7cacdf223e5298e901b16bea9,e8c359e28469915dd049cb3052340d5ad5e384d8aaf8edf44c0fc09ca512d01c,true,true,true,true,true
160,5100000,7,threshold_2_two_physical_inputs,efficacy_and_persistence,production,1/4/1/4294967296/0;1/4/1/4294967296/0,1|1,5,0,3,0,0,1,0,0,5,7,6f5047e361ae17d6e70a604bc30cd489ff4fe4ad41f5c391eb300c5a84e3d10b,04062fdd283324ada383e6df09ad2e10b45a28e7cacdf223e5298e901b16bea9,e8c359e28469915dd049cb3052340d5ad5e384d8aaf8edf44c0fc09ca512d01c,true,true,true,true,true
161,5100000,8,cpc0_contact_locality,persistence_only,reference,1/7/1/4026531840/4026531840;1/4/1/4026531840/0,4026531840|0,6,1,4,1,0,0,0,0,8,9,8a02f49716c9eb3cd32c5b77c96f556392417f3d2bd9b98475e2a72e4ec85cc5,0f2486f5a0d786d3bfe3501a2ebb189e975b7512549f2fdcdec1031409e15e67,3325117663d91871b60c222ca8d648f9f93afcde89d1537f749457e432db2354,true,true,false,true,false
161,5100000,8,cpc0_contact_locality,persistence_only,production,1/7/1/4026531840/4026531840;1/4/1/4026531840/0,4026531840|0,6,1,4,1,0,0,0,0,8,9,8a02f49716c9eb3cd32c5b77c96f556392417f3d2bd9b98475e2a72e4ec85cc5,0f2486f5a0d786d3bfe3501a2ebb189e975b7512549f2fdcdec1031409e15e67,f2a4074d2364d623bef948736a115b6aa14b1f38ada8cfa9d397650a46230910,true,true,false,true,false
162,5100000,8,cpc0_contact_locality,efficacy_and_persistence,reference,1/7/2/4026531840/4026531840;1/4/2/4026531840/0,4026531840|0,6,1,4,1,0,0,0,0,8,9,595c77bde4e74f7dd57e141ac6403b4b51fd3b7a1f5339859a54bd7a3b5f808e,bdb98b61806b951eb5ea4c1209b141719d182f2d36c0d417199e856c8f349346,6744cf760fc9f6d239fe8c4961da8852175bbb75ff37c5c731e5e899524b8551,true,true,false,true,false
162,5100000,8,cpc0_contact_locality,efficacy_and_persistence,production,1/7/2/4026531840/4026531840;1/4/2/4026531840/0,4026531840|0,6,1,4,1,0,0,0,0,8,9,595c77bde4e74f7dd57e141ac6403b4b51fd3b7a1f5339859a54bd7a3b5f808e,bdb98b61806b951eb5ea4c1209b141719d182f2d36c0d417199e856c8f349346,73329aebedba65e1c2441d862b550e7dcb82ed4918aca7b913175f7c28b12d40,true,true,false,true,false
163,5100000,8,cpc1_temporal_participation,persistence_only,reference,1/6/1/1979772000/4026531840;1/5/1/1979772000/1979772000;1/7/1/1979772000/3110400000;1/7/1/1979772000/3110400000;1/7/1/4542662625/7136931840,4026531840|1979772000|3110400000|3110400000|7136931840,19,5,12,5,0,0,0,0,29,20,74c4d3b568ed67c0af01356154d1ed40969b2e6e17c64eefbfbd4a3dd21c11f4,eef3ed119f6129900f0b96afdbfb05b4e71bf6064d5c75e42392192f0c318cf4,bca15b91997ab96e0048748a5040deceb6e0283605648eee8519f6e0e4071598,true,true,false,true,false
163,5100000,8,cpc1_temporal_participation,persistence_only,production,1/6/1/1979772000/4026531840;1/5/1/1979772000/1979772000;1/7/1/1979772000/3110400000;1/7/1/1979772000/3110400000;1/7/1/4542662625/7136931840,4026531840|1979772000|3110400000|3110400000|7136931840,19,5,12,5,0,0,0,0,29,20,74c4d3b568ed67c0af01356154d1ed40969b2e6e17c64eefbfbd4a3dd21c11f4,eef3ed119f6129900f0b96afdbfb05b4e71bf6064d5c75e42392192f0c318cf4,cb078b9dd416e30247b0b0e7b99773b1a31bef55378c9ec8773275c598cc9f9a,true,true,false,true,false
164,5100000,8,cpc1_temporal_participation,efficacy_and_persistence,reference,1/6/2/1979772000/4026531840;1/5/2/1979772000/1979772000;1/7/2/1979772000/3110400000;1/7/2/1979772000/3110400000;1/7/2/4542662625/7136931840,4026531840|1979772000|3110400000|3110400000|7136931840,19,5,12,5,0,0,0,0,29,20,20edbdd09e9315803b7079e52469cb10775114809a9a9cac8ce86a6203187d7d,4e0147907f326901e2267ff6378859bd72da24e1e1e0c41f2199404f11d40831,1b2e8479f3deaa001269e050f038ab4c92b1d1e2a5f116dc8088ad643a3e20b1,true,true,false,true,false
164,5100000,8,cpc1_temporal_participation,efficacy_and_persistence,production,1/6/2/1979772000/4026531840;1/5/2/1979772000/1979772000;1/7/2/1979772000/3110400000;1/7/2/1979772000/3110400000;1/7/2/4542662625/7136931840,4026531840|1979772000|3110400000|3110400000|7136931840,19,5,12,5,0,0,0,0,29,20,20edbdd09e9315803b7079e52469cb10775114809a9a9cac8ce86a6203187d7d,4e0147907f326901e2267ff6378859bd72da24e1e1e0c41f2199404f11d40831,2c65d89bb355e23d8e6b53ef45369d895d96fc41031d51b5f11f51a4199714ce,true,true,false,true,false
165,5100000,8,pqlc0_one_hop,persistence_only,reference,1/7/1/4026531840/4026531840,1|4026531840,5,2,4,2,1,0,0,0,10,9,158675983b5c43aeffd44099561f362195a6d10b938a188999392c64a694d7bf,a4ec211a3d1459609c215d3070a5f833502243fe7eae52dde120afbda5b8f1aa,aa3a1e9cebea7ff1730a6f028a9df2c5ebfc9eb5dae6c8d1a5f84a5bc3d62f69,true,true,false,true,false
165,5100000,8,pqlc0_one_hop,persistence_only,production,1/7/1/4026531840/4026531840,1|4026531840,5,2,4,2,1,0,0,0,10,9,158675983b5c43aeffd44099561f362195a6d10b938a188999392c64a694d7bf,a4ec211a3d1459609c215d3070a5f833502243fe7eae52dde120afbda5b8f1aa,603fa0b72b0fcb88626b609536d21fc529e48771cb81008b76ae82822e3435d0,true,true,false,true,false
166,5100000,8,pqlc0_one_hop,efficacy_and_persistence,reference,1/7/2/4026531840/4026531840,1|4026531840,5,2,4,2,1,0,0,0,10,9,5cb47543049ccef62b5a12c401488729ae7cc870432f36b9e21186e8165fb16a,f6ac8b4e2c6639ae77737ab65ea853f3694b820a8a3a8267dd13b137ddb317db,82baff7dcff7d558038004365a7eb8000f494e48ff2c970acd1dbdebf34c12cd,true,true,false,true,false
166,5100000,8,pqlc0_one_hop,efficacy_and_persistence,production,1/7/2/4026531840/4026531840,1|4026531840,5,2,4,2,1,0,0,0,10,9,5cb47543049ccef62b5a12c401488729ae7cc870432f36b9e21186e8165fb16a,f6ac8b4e2c6639ae77737ab65ea853f3694b820a8a3a8267dd13b137ddb317db,34631c79335d4a91a940a122cf085be6af6676e56830460977b19871ad8f7ec1,true,true,false,true,false
167,5100000,8,pqlc1_depth_16,persistence_only,reference,1/7/1/4026531840/4026531840;1/7/1/4026531840/4026531840;1/7/1/4026531840/4026531840;1/7/1/4026531840/4026531840;1/7/1/4026531840/4026531840;1/7/1/4026531840/4026531840;1/7/1/4026531840/4026531840;1/7/1/4026531840/4026531840;1/7/1/4026531840/4026531840;1/7/1/4026531840/4026531840;1/7/1/4026531840/4026531840;1/7/1/4026531840/4026531840;1/7/1/4026531840/4026531840;1/7/1/4026531840/4026531840;1/7/1/4026531840/4026531840;1/7/1/4026531840/4026531840,16,19,16,18,16,15,0,0,0,66,9,ed5352ecd91ade7f25dd16248b8d7e926159fd85e8e5938aed4bab3af20dcb02,e02e55930659127faadc3f56f1035b49481bba036d7883c2887ef30afaceb12e,806390bf83b808840c2bed69f5970b176436ce528f1eb4a01f9d5fd2d34c84c2,true,true,false,true,false
167,5100000,8,pqlc1_depth_16,persistence_only,production,1/7/1/4026531840/4026531840;1/7/1/4026531840/4026531840;1/7/1/4026531840/4026531840;1/7/1/4026531840/4026531840;1/7/1/4026531840/4026531840;1/7/1/4026531840/4026531840;1/7/1/4026531840/4026531840;1/7/1/4026531840/4026531840;1/7/1/4026531840/4026531840;1/7/1/4026531840/4026531840;1/7/1/4026531840/4026531840;1/7/1/4026531840/4026531840;1/7/1/4026531840/4026531840;1/7/1/4026531840/4026531840;1/7/1/4026531840/4026531840;1/7/1/4026531840/4026531840,16,19,16,18,16,15,0,0,0,66,9,ed5352ecd91ade7f25dd16248b8d7e926159fd85e8e5938aed4bab3af20dcb02,e02e55930659127faadc3f56f1035b49481bba036d7883c2887ef30afaceb12e,b029f8030941581db7a195501115b4ce641f470d06015438d08db615be5ad12f,true,true,false,true,false
168,5100000,8,pqlc1_depth_16,efficacy_and_persistence,reference,1/7/2/4026531840/4026531840;1/7/2/4026531840/4026531840;1/7/2/4026531840/4026531840;1/7/2/4026531840/4026531840;1/7/2/4026531840/4026531840;1/7/2/4026531840/4026531840;1/7/2/4026531840/4026531840;1/7/2/4026531840/4026531840;1/7/2/4026531840/4026531840;1/7/2/4026531840/4026531840;1/7/2/4026531840/4026531840;1/7/2/4026531840/4026531840;1/7/2/4026531840/4026531840;1/7/2/4026531840/4026531840;1/7/2/4026531840/4026531840;1/7/2/4026531840/4026531840,16,19,16,18,16,15,0,0,0,66,9,acb8f3acc9b5f72a7a790fe07cacf7fb95e0beab02564045d1fbee86ac7ee9c4,28780b02cf422b170f6d6e6ee56883494ce1b6d76bdec4a97673ef521195b7e4,70fd0aa8d7997ce62d2cba7a1e92e4427e19d347fcb8345dd46ea44da2928bed,true,true,false,true,false
168,5100000,8,pqlc1_depth_16,efficacy_and_persistence,production,1/7/2/4026531840/4026531840;1/7/2/4026531840/4026531840;1/7/2/4026531840/4026531840;1/7/2/4026531840/4026531840;1/7/2/4026531840/4026531840;1/7/2/4026531840/4026531840;1/7/2/4026531840/4026531840;1/7/2/4026531840/4026531840;1/7/2/4026531840/4026531840;1/7/2/4026531840/4026531840;1/7/2/4026531840/4026531840;1/7/2/4026531840/4026531840;1/7/2/4026531840/4026531840;1/7/2/4026531840/4026531840;1/7/2/4026531840/4026531840;1/7/2/4026531840/4026531840,16,19,16,18,16,15,0,0,0,66,9,acb8f3acc9b5f72a7a790fe07cacf7fb95e0beab02564045d1fbee86ac7ee9c4,28780b02cf422b170f6d6e6ee56883494ce1b6d76bdec4a97673ef521195b7e4,80dce0831f611a7af39be1a4b9e7a388ad504ad5ede3e1e4b09d58609e0ee34c,true,true,false,true,false
169,5100000,8,fd0_equal_persistence,persistence_only,reference,1/1/1/0/0;0/0/1/0/0,1|0,0,0,0,0,0,0,0,1,1,48,4f53cda18c2baa0c0354bb5f9a3ecbe5ed12ab4d8e11ba873c2f11161202b945,59cd519ab5e973e103c86b0f811275385eb3e3fe338f2b058b19669e25633b1f,a8e9e35eedd11226e97a1e8d61a76c63f6aeefd7809182fdcbeba60205d2a741,true,true,false,true,false
169,5100000,8,fd0_equal_persistence,persistence_only,production,1/1/1/0/0;0/0/1/0/0,1|0,0,0,0,0,0,0,0,1,1,48,4f53cda18c2baa0c0354bb5f9a3ecbe5ed12ab4d8e11ba873c2f11161202b945,59cd519ab5e973e103c86b0f811275385eb3e3fe338f2b058b19669e25633b1f,c039212b46b9c2d69e54117536a83d1ff7e1f3555813d875e19d658b6ece2a3b,true,true,false,true,false
170,5100000,8,fd0_equal_persistence,efficacy_and_persistence,reference,1/1/2/0/0;0/0/2/0/0,1|0,0,0,0,0,0,0,0,1,1,48,4f53cda18c2baa0c0354bb5f9a3ecbe5ed12ab4d8e11ba873c2f11161202b945,60fa5162eefe2ebc4422d9f2e2fdae365228532ad23ce23752bc4e99beed1aa6,fee6883bb16189d860f6237188742793a7b9970d5f39b5daf282987118ccab2e,true,true,false,true,false
170,5100000,8,fd0_equal_persistence,efficacy_and_persistence,production,1/1/2/0/0;0/0/2/0/0,1|0,0,0,0,0,0,0,0,1,1,48,4f53cda18c2baa0c0354bb5f9a3ecbe5ed12ab4d8e11ba873c2f11161202b945,60fa5162eefe2ebc4422d9f2e2fdae365228532ad23ce23752bc4e99beed1aa6,be62748648203b3e35aac139574f99c886c22c4c0f16b3045d4f3ed0df41c38f,true,true,false,true,false
171,5100000,8,fd1_consolidation,persistence_only,reference,1/4/1/4026531840/4026531840;1/1/1/4026531840/0,4026531840|0,5,1,3,1,0,0,0,0,7,9,bc616f9a0db3a71c8a8a887ef677b98ca6a69ab2dde0afb00e83a516af777f39,cb8d670c8bdb09217eecb3dede0f69e1ab0ef6ad390c7c9a42ec69de006a09ef,2187853804a670f4be376fd374608dd2bd2bc77098f52c5685fc4a25ff9038fc,true,true,false,true,false
171,5100000,8,fd1_consolidation,persistence_only,production,1/4/1/4026531840/4026531840;1/1/1/4026531840/0,4026531840|0,5,1,3,1,0,0,0,0,7,9,bc616f9a0db3a71c8a8a887ef677b98ca6a69ab2dde0afb00e83a516af777f39,cb8d670c8bdb09217eecb3dede0f69e1ab0ef6ad390c7c9a42ec69de006a09ef,b55e2f71a442dcbaaf04396b37bba7ba8e87af760305721f6d4cb51a61187659,true,true,false,true,false
172,5100000,8,fd1_consolidation,efficacy_and_persistence,reference,1/4/2/4026531840/4026531840;1/1/2/4026531840/0,4026531840|0,5,1,3,1,0,0,0,0,7,9,cba58f4fb28e29345a74273ba9eb34fef02b8d5ceea3f1f698ebbc1a4e6efb84,44af89b18051899c00db452feb563343036dbeac571befc971d93f0160869997,a9429cf7d490cf363ec2bd3a8657cd60ddd61588d81c2e27503b56f97070a863,true,true,false,true,false
172,5100000,8,fd1_consolidation,efficacy_and_persistence,production,1/4/2/4026531840/4026531840;1/1/2/4026531840/0,4026531840|0,5,1,3,1,0,0,0,0,7,9,cba58f4fb28e29345a74273ba9eb34fef02b8d5ceea3f1f698ebbc1a4e6efb84,44af89b18051899c00db452feb563343036dbeac571befc971d93f0160869997,58822cea4a2a39eede4974be4417fd4a5329d4bc4781a4540afe927b93e1202b,true,true,false,true,false
173,5100000,8,threshold_1_already_executable,persistence_only,reference,1/4/1/4294967296/0,1|1,3,0,2,0,0,1,0,0,3,8,5a6e9d84b5589f5809560d5a19aac22b1085c57a054ce8560f0390c8a8ca7594,fc823d076a21859d09016c05dba380631513b94a175e6ceb23ec6b2c3235f6df,eaff6b1e52a1dfdf834744be2fafa347d1a477f5426b274426b137ed3b9ded30,true,true,true,true,true
173,5100000,8,threshold_1_already_executable,persistence_only,production,1/4/1/4294967296/0,1|1,3,0,2,0,0,1,0,0,3,8,5a6e9d84b5589f5809560d5a19aac22b1085c57a054ce8560f0390c8a8ca7594,fc823d076a21859d09016c05dba380631513b94a175e6ceb23ec6b2c3235f6df,eaff6b1e52a1dfdf834744be2fafa347d1a477f5426b274426b137ed3b9ded30,true,true,true,true,true
174,5100000,8,threshold_1_already_executable,efficacy_and_persistence,reference,1/4/2/4294967296/0,1|1,3,0,2,0,0,1,0,0,3,8,9c7e24cb402a608fd0965b0edc8655631ab1df5ff590379d4e33dbc41f834b56,c596f9540adaebf0e0d78db6b729139c672f9bca0505404068b848f474329448,b63d85e11ea739c45698afd339c4007e1467d912d8b47be0c5f04f763dc53d26,true,true,true,true,true
174,5100000,8,threshold_1_already_executable,efficacy_and_persistence,production,1/4/2/4294967296/0,1|1,3,0,2,0,0,1,0,0,3,8,9c7e24cb402a608fd0965b0edc8655631ab1df5ff590379d4e33dbc41f834b56,c596f9540adaebf0e0d78db6b729139c672f9bca0505404068b848f474329448,b63d85e11ea739c45698afd339c4007e1467d912d8b47be0c5f04f763dc53d26,true,true,true,true,true
175,5100000,8,threshold_2_acquired_efficacy,persistence_only,reference,1/4/1/4294967296/0;1/1/1/4294967296/0,0|0|0,4,0,2,0,0,0,0,0,4,8,cab9d57ab6e8c7381cd54959b1f081819b525f97111de71db4ae439fbdc764e1,fff1baa496d392b306261cf9aef4953d07fa73811ef19f0e752501c173cd3cff,70a9b0dd9ac5f445afc9e07cff248f418edd7950edeff1bf2253a61cb05a26c9,true,true,true,true,true
175,5100000,8,threshold_2_acquired_efficacy,persistence_only,production,1/4/1/4294967296/0;1/1/1/4294967296/0,0|0|0,4,0,2,0,0,0,0,0,4,8,cab9d57ab6e8c7381cd54959b1f081819b525f97111de71db4ae439fbdc764e1,fff1baa496d392b306261cf9aef4953d07fa73811ef19f0e752501c173cd3cff,70a9b0dd9ac5f445afc9e07cff248f418edd7950edeff1bf2253a61cb05a26c9,true,true,true,true,true
176,5100000,8,threshold_2_acquired_efficacy,efficacy_and_persistence,reference,1/4/2/4294967296/0;1/1/1/4294967296/0,1|0|1,5,0,3,0,0,1,0,0,5,8,1047446e81040eb9f17409280ae0dad3fa4ed274f9e91b64b131fdbdbd4da913,f8f01f1de956433e4e29d91033759db67943f0eba8bcb8de1c4d5b7f7a2f8a81,9d4fb92c057283a4c67c56475f09d4f2cf775c1d70e10fb4a64ecddf6d3c5cb0,true,true,true,true,true
176,5100000,8,threshold_2_acquired_efficacy,efficacy_and_persistence,production,1/4/2/4294967296/0;1/1/1/4294967296/0,1|0|1,5,0,3,0,0,1,0,0,5,8,1047446e81040eb9f17409280ae0dad3fa4ed274f9e91b64b131fdbdbd4da913,f8f01f1de956433e4e29d91033759db67943f0eba8bcb8de1c4d5b7f7a2f8a81,9d4fb92c057283a4c67c56475f09d4f2cf775c1d70e10fb4a64ecddf6d3c5cb0,true,true,true,true,true
177,5100000,8,threshold_3_still_insufficient,persistence_only,reference,1/4/1/4294967296/0,0|0,2,0,1,0,0,0,0,0,2,8,a3fb08245bfed6a3a5f7cd88ec7dbca7630ae06422cd15519f6fcbce7fa70820,45151faa2e566d10d0c4a7e58f0b174013cec0283fbd4c15555d45ae3132632b,ca14c83a8468a4b0feb877903b444baeb006fc99f65e49f578da9c457c7c058e,true,true,true,true,true
177,5100000,8,threshold_3_still_insufficient,persistence_only,production,1/4/1/4294967296/0,0|0,2,0,1,0,0,0,0,0,2,8,a3fb08245bfed6a3a5f7cd88ec7dbca7630ae06422cd15519f6fcbce7fa70820,45151faa2e566d10d0c4a7e58f0b174013cec0283fbd4c15555d45ae3132632b,ca14c83a8468a4b0feb877903b444baeb006fc99f65e49f578da9c457c7c058e,true,true,true,true,true
178,5100000,8,threshold_3_still_insufficient,efficacy_and_persistence,reference,1/4/2/4294967296/0,0|0,2,0,1,0,0,0,0,0,2,8,c6f887a37fdd9945b5727ed31713b199f509a23bce76e9875815286b7b5da3d8,ee0e9f121004a93ff0b7fef97d293254328ea3b62f3ff28bb473d2e485470b17,f03b558226f7c3691a6cdfbbe99d1b12ea7540500c5f428dc83fa61271c075cd,true,true,true,true,true
178,5100000,8,threshold_3_still_insufficient,efficacy_and_persistence,production,1/4/2/4294967296/0,0|0,2,0,1,0,0,0,0,0,2,8,c6f887a37fdd9945b5727ed31713b199f509a23bce76e9875815286b7b5da3d8,ee0e9f121004a93ff0b7fef97d293254328ea3b62f3ff28bb473d2e485470b17,f03b558226f7c3691a6cdfbbe99d1b12ea7540500c5f428dc83fa61271c075cd,true,true,true,true,true
179,5100000,8,threshold_2_two_physical_inputs,persistence_only,reference,1/4/1/4294967296/0;1/4/1/4294967296/0,1|1,5,0,3,0,0,1,0,0,5,8,0604f55051eca6d3e267dbf904f05843ecbad5b63b9f1b88a96f6b3e34e16eea,ef64eace922d62007835c0b3307eb14a6a3299070ba3ca1fb2024baa34c749b6,32c37802fb9cabc5549e775a67cbca07bf44eb4ce83f2b8e6a2d9406c06bc51b,true,true,true,true,true
179,5100000,8,threshold_2_two_physical_inputs,persistence_only,production,1/4/1/4294967296/0;1/4/1/4294967296/0,1|1,5,0,3,0,0,1,0,0,5,8,0604f55051eca6d3e267dbf904f05843ecbad5b63b9f1b88a96f6b3e34e16eea,ef64eace922d62007835c0b3307eb14a6a3299070ba3ca1fb2024baa34c749b6,32c37802fb9cabc5549e775a67cbca07bf44eb4ce83f2b8e6a2d9406c06bc51b,true,true,true,true,true
180,5100000,8,threshold_2_two_physical_inputs,efficacy_and_persistence,reference,1/4/1/4294967296/0;1/4/1/4294967296/0,1|1,5,0,3,0,0,1,0,0,5,8,770cd0aaa62dc9bc4d22773bcd8ed12715c1c71515d00e37d3a493e257942534,04062fdd283324ada383e6df09ad2e10b45a28e7cacdf223e5298e901b16bea9,ca846c02639bf81269a9f6276c581fb3dc31600429c67217f0fe6755e595281b,true,true,true,true,true
180,5100000,8,threshold_2_two_physical_inputs,efficacy_and_persistence,production,1/4/1/4294967296/0;1/4/1/4294967296/0,1|1,5,0,3,0,0,1,0,0,5,8,770cd0aaa62dc9bc4d22773bcd8ed12715c1c71515d00e37d3a493e257942534,04062fdd283324ada383e6df09ad2e10b45a28e7cacdf223e5298e901b16bea9,ca846c02639bf81269a9f6276c581fb3dc31600429c67217f0fe6755e595281b,true,true,true,true,true
181,5100000,9,cpc0_contact_locality,persistence_only,reference,1/7/1/4026531840/4026531840;1/4/1/4026531840/0,4026531840|0,6,1,4,1,0,0,0,0,8,10,43f01f1ea03d86121a316a9f124398a294ed6aedd1bcc404565e93f8183e0760,0f2486f5a0d786d3bfe3501a2ebb189e975b7512549f2fdcdec1031409e15e67,5c6658e2e6b342295d5d86021749d756b80f9167d18d877cab5c0d91fbf361a9,true,true,false,true,false
181,5100000,9,cpc0_contact_locality,persistence_only,production,1/7/1/4026531840/4026531840;1/4/1/4026531840/0,4026531840|0,6,1,4,1,0,0,0,0,8,10,43f01f1ea03d86121a316a9f124398a294ed6aedd1bcc404565e93f8183e0760,0f2486f5a0d786d3bfe3501a2ebb189e975b7512549f2fdcdec1031409e15e67,a9aad105c963656ca276d67a83a067301a1c8623ae7ba1914330375718ad05b0,true,true,false,true,false
182,5100000,9,cpc0_contact_locality,efficacy_and_persistence,reference,1/7/2/4026531840/4026531840;1/4/2/4026531840/0,4026531840|0,6,1,4,1,0,0,0,0,8,10,eb6a8273d0147a20bcdfade054260a18754df35a83f3d031a879132efa1c2576,bdb98b61806b951eb5ea4c1209b141719d182f2d36c0d417199e856c8f349346,d129518e0227b1aeee0f6286da533c591a3669ed7304d92506bfbec204ab2a3c,true,true,false,true,false
182,5100000,9,cpc0_contact_locality,efficacy_and_persistence,production,1/7/2/4026531840/4026531840;1/4/2/4026531840/0,4026531840|0,6,1,4,1,0,0,0,0,8,10,eb6a8273d0147a20bcdfade054260a18754df35a83f3d031a879132efa1c2576,bdb98b61806b951eb5ea4c1209b141719d182f2d36c0d417199e856c8f349346,bf860983477cec4b80f2dd0bb24bdb6163016591ae88e5fa45195934f932222b,true,true,false,true,false
183,5100000,9,cpc1_temporal_participation,persistence_only,reference,1/6/1/1979772000/4026531840;1/5/1/1979772000/1979772000;1/7/1/1979772000/3110400000;1/7/1/1979772000/3110400000;1/7/1/4542662625/7136931840,4026531840|1979772000|3110400000|3110400000|7136931840,19,5,12,5,0,0,0,0,29,21,69eadf594b38a2a7ae234d0bddc375cf39a4c274c098b1b9b534d1d7edc25251,eef3ed119f6129900f0b96afdbfb05b4e71bf6064d5c75e42392192f0c318cf4,a961775c978d7659ad7bf972e3c881b7f4218d93ab715e1f47b4f8125d9afece,true,true,false,true,false
183,5100000,9,cpc1_temporal_participation,persistence_only,production,1/6/1/1979772000/4026531840;1/5/1/1979772000/1979772000;1/7/1/1979772000/3110400000;1/7/1/1979772000/3110400000;1/7/1/4542662625/7136931840,4026531840|1979772000|3110400000|3110400000|7136931840,19,5,12,5,0,0,0,0,29,21,69eadf594b38a2a7ae234d0bddc375cf39a4c274c098b1b9b534d1d7edc25251,eef3ed119f6129900f0b96afdbfb05b4e71bf6064d5c75e42392192f0c318cf4,dcde0daf1a9be1729d01bf5919bd06fca98762321625e210b5364404eb2d2bd1,true,true,false,true,false
184,5100000,9,cpc1_temporal_participation,efficacy_and_persistence,reference,1/6/2/1979772000/4026531840;1/5/2/1979772000/1979772000;1/7/2/1979772000/3110400000;1/7/2/1979772000/3110400000;1/7/2/4542662625/7136931840,4026531840|1979772000|3110400000|3110400000|7136931840,19,5,12,5,0,0,0,0,29,21,739c290f3c1574034ec9bbdedc2030acacf1a829b8eff7e2f5bdeb5b45509ad5,4e0147907f326901e2267ff6378859bd72da24e1e1e0c41f2199404f11d40831,b32e68feba12d14656852bdb11aecb37eb6d92296de0601ad4754d0d8c67e83a,true,true,false,true,false
184,5100000,9,cpc1_temporal_participation,efficacy_and_persistence,production,1/6/2/1979772000/4026531840;1/5/2/1979772000/1979772000;1/7/2/1979772000/3110400000;1/7/2/1979772000/3110400000;1/7/2/4542662625/7136931840,4026531840|1979772000|3110400000|3110400000|7136931840,19,5,12,5,0,0,0,0,29,21,739c290f3c1574034ec9bbdedc2030acacf1a829b8eff7e2f5bdeb5b45509ad5,4e0147907f326901e2267ff6378859bd72da24e1e1e0c41f2199404f11d40831,9a01d389b1dcbe97aa08c6143d21d99582dc81690fa41dbff42f905a45cb7bd9,true,true,false,true,false
185,5100000,9,pqlc0_one_hop,persistence_only,reference,1/7/1/4026531840/4026531840,1|4026531840,5,2,4,2,1,0,0,0,10,10,2f997b823f9a9869168ba9168f9483137d0e8c89fbd009921d1916bc0dffcb1d,a4ec211a3d1459609c215d3070a5f833502243fe7eae52dde120afbda5b8f1aa,188c10a0f1cccf256cc2be85dfee121f8f71f71eba98b035b4efa34cc109924c,true,true,false,true,false
185,5100000,9,pqlc0_one_hop,persistence_only,production,1/7/1/4026531840/4026531840,1|4026531840,5,2,4,2,1,0,0,0,10,10,2f997b823f9a9869168ba9168f9483137d0e8c89fbd009921d1916bc0dffcb1d,a4ec211a3d1459609c215d3070a5f833502243fe7eae52dde120afbda5b8f1aa,15573bdefb587158b373a5b1c41b7f889cedad994d7beb083ff239fe5fadebfa,true,true,false,true,false
186,5100000,9,pqlc0_one_hop,efficacy_and_persistence,reference,1/7/2/4026531840/4026531840,1|4026531840,5,2,4,2,1,0,0,0,10,10,b14d39e54666aead250619377393cbdfd329081795439d1649207941fb0beb34,f6ac8b4e2c6639ae77737ab65ea853f3694b820a8a3a8267dd13b137ddb317db,7dacf3d432eb07f6bc0d3484a8baf1f963bc5c929aac57a55ff1a9a084209283,true,true,false,true,false
186,5100000,9,pqlc0_one_hop,efficacy_and_persistence,production,1/7/2/4026531840/4026531840,1|4026531840,5,2,4,2,1,0,0,0,10,10,b14d39e54666aead250619377393cbdfd329081795439d1649207941fb0beb34,f6ac8b4e2c6639ae77737ab65ea853f3694b820a8a3a8267dd13b137ddb317db,91beef4f07ee75d18d9d3c154441ba0d657d18ef151ed8c670d273eae2131e5a,true,true,false,true,false
187,5100000,9,pqlc1_depth_16,persistence_only,reference,1/7/1/4026531840/4026531840;1/7/1/4026531840/4026531840;1/7/1/4026531840/4026531840;1/7/1/4026531840/4026531840;1/7/1/4026531840/4026531840;1/7/1/4026531840/4026531840;1/7/1/4026531840/4026531840;1/7/1/4026531840/4026531840;1/7/1/4026531840/4026531840;1/7/1/4026531840/4026531840;1/7/1/4026531840/4026531840;1/7/1/4026531840/4026531840;1/7/1/4026531840/4026531840;1/7/1/4026531840/4026531840;1/7/1/4026531840/4026531840;1/7/1/4026531840/4026531840,16,19,16,18,16,15,0,0,0,66,10,0180bfd8fe3bee06d269b0f61e9dcea18935c632f6da70e96447ffb7b5535658,e02e55930659127faadc3f56f1035b49481bba036d7883c2887ef30afaceb12e,a4a3505f2f64c5845f226a66aa2c22e22521673bc0e334f1056643da7dc292a2,true,true,false,true,false
187,5100000,9,pqlc1_depth_16,persistence_only,production,1/7/1/4026531840/4026531840;1/7/1/4026531840/4026531840;1/7/1/4026531840/4026531840;1/7/1/4026531840/4026531840;1/7/1/4026531840/4026531840;1/7/1/4026531840/4026531840;1/7/1/4026531840/4026531840;1/7/1/4026531840/4026531840;1/7/1/4026531840/4026531840;1/7/1/4026531840/4026531840;1/7/1/4026531840/4026531840;1/7/1/4026531840/4026531840;1/7/1/4026531840/4026531840;1/7/1/4026531840/4026531840;1/7/1/4026531840/4026531840;1/7/1/4026531840/4026531840,16,19,16,18,16,15,0,0,0,66,10,0180bfd8fe3bee06d269b0f61e9dcea18935c632f6da70e96447ffb7b5535658,e02e55930659127faadc3f56f1035b49481bba036d7883c2887ef30afaceb12e,3f521302124ffbb2b11c750fea065c6b2579a55ce68574d57d677f884e554340,true,true,false,true,false
188,5100000,9,pqlc1_depth_16,efficacy_and_persistence,reference,1/7/2/4026531840/4026531840;1/7/2/4026531840/4026531840;1/7/2/4026531840/4026531840;1/7/2/4026531840/4026531840;1/7/2/4026531840/4026531840;1/7/2/4026531840/4026531840;1/7/2/4026531840/4026531840;1/7/2/4026531840/4026531840;1/7/2/4026531840/4026531840;1/7/2/4026531840/4026531840;1/7/2/4026531840/4026531840;1/7/2/4026531840/4026531840;1/7/2/4026531840/4026531840;1/7/2/4026531840/4026531840;1/7/2/4026531840/4026531840;1/7/2/4026531840/4026531840,16,19,16,18,16,15,0,0,0,66,10,d15b52e405a2752553fcbea7eb625a13fcf091fd8624816a9d22e7f98485a055,28780b02cf422b170f6d6e6ee56883494ce1b6d76bdec4a97673ef521195b7e4,871cf509c2d5dfd693b895f23b664c92794ebf0d7a6c2ba354f249a93dca98e7,true,true,false,true,false
188,5100000,9,pqlc1_depth_16,efficacy_and_persistence,production,1/7/2/4026531840/4026531840;1/7/2/4026531840/4026531840;1/7/2/4026531840/4026531840;1/7/2/4026531840/4026531840;1/7/2/4026531840/4026531840;1/7/2/4026531840/4026531840;1/7/2/4026531840/4026531840;1/7/2/4026531840/4026531840;1/7/2/4026531840/4026531840;1/7/2/4026531840/4026531840;1/7/2/4026531840/4026531840;1/7/2/4026531840/4026531840;1/7/2/4026531840/4026531840;1/7/2/4026531840/4026531840;1/7/2/4026531840/4026531840;1/7/2/4026531840/4026531840,16,19,16,18,16,15,0,0,0,66,10,d15b52e405a2752553fcbea7eb625a13fcf091fd8624816a9d22e7f98485a055,28780b02cf422b170f6d6e6ee56883494ce1b6d76bdec4a97673ef521195b7e4,f5fd73ef0e5655b6dc95383e8957cd370ebe878a6dfeebfb4838839bbf41202e,true,true,false,true,false
189,5100000,9,fd0_equal_persistence,persistence_only,reference,1/1/1/0/0;0/0/1/0/0,1|0,0,0,0,0,0,0,0,1,1,49,4f53cda18c2baa0c0354bb5f9a3ecbe5ed12ab4d8e11ba873c2f11161202b945,59cd519ab5e973e103c86b0f811275385eb3e3fe338f2b058b19669e25633b1f,80ae951f362a0762bd50a841dd6c8ab77ed047a82443956f0bb3b78a25a1e1ee,true,true,false,true,false
189,5100000,9,fd0_equal_persistence,persistence_only,production,1/1/1/0/0;0/0/1/0/0,1|0,0,0,0,0,0,0,0,1,1,49,4f53cda18c2baa0c0354bb5f9a3ecbe5ed12ab4d8e11ba873c2f11161202b945,59cd519ab5e973e103c86b0f811275385eb3e3fe338f2b058b19669e25633b1f,6ad80e4d2a2a7bf4a5bc68d5e471780300a6062566fc90ad6a8b8cb71f8fc454,true,true,false,true,false
190,5100000,9,fd0_equal_persistence,efficacy_and_persistence,reference,1/1/2/0/0;0/0/2/0/0,1|0,0,0,0,0,0,0,0,1,1,49,4f53cda18c2baa0c0354bb5f9a3ecbe5ed12ab4d8e11ba873c2f11161202b945,60fa5162eefe2ebc4422d9f2e2fdae365228532ad23ce23752bc4e99beed1aa6,f86056a38a7fc722ec569b7e4c43601e093198f0f84174a31b83e1d275c58ecb,true,true,false,true,false
190,5100000,9,fd0_equal_persistence,efficacy_and_persistence,production,1/1/2/0/0;0/0/2/0/0,1|0,0,0,0,0,0,0,0,1,1,49,4f53cda18c2baa0c0354bb5f9a3ecbe5ed12ab4d8e11ba873c2f11161202b945,60fa5162eefe2ebc4422d9f2e2fdae365228532ad23ce23752bc4e99beed1aa6,183c00829c5b2e9dae46b704f713353b02244866b30b08c1a204d771215ee207,true,true,false,true,false
191,5100000,9,fd1_consolidation,persistence_only,reference,1/4/1/4026531840/4026531840;1/1/1/4026531840/0,4026531840|0,5,1,3,1,0,0,0,0,7,10,9184e4cc9bb03486cc1ce2b57e3fccb5c152dc3aa58867981de19cd596338d98,cb8d670c8bdb09217eecb3dede0f69e1ab0ef6ad390c7c9a42ec69de006a09ef,974296f8ef5d8bffe9d6107297d8ee711576a463856cfab8f00e16a28cb042f3,true,true,false,true,false
191,5100000,9,fd1_consolidation,persistence_only,production,1/4/1/4026531840/4026531840;1/1/1/4026531840/0,4026531840|0,5,1,3,1,0,0,0,0,7,10,9184e4cc9bb03486cc1ce2b57e3fccb5c152dc3aa58867981de19cd596338d98,cb8d670c8bdb09217eecb3dede0f69e1ab0ef6ad390c7c9a42ec69de006a09ef,a80abf4fc56cf97c3641e93811ecc93ca5c231c327130502611e4b796340156d,true,true,false,true,false
192,5100000,9,fd1_consolidation,efficacy_and_persistence,reference,1/4/2/4026531840/4026531840;1/1/2/4026531840/0,4026531840|0,5,1,3,1,0,0,0,0,7,10,1584bf6d6f0f67bd7b41c62d891d9d6778c95b04a879c27c98f0d1d687d654bd,44af89b18051899c00db452feb563343036dbeac571befc971d93f0160869997,449fd38344b22b6e85c8041106dc7a873ce0772b48387116568356839baa6d87,true,true,false,true,false
192,5100000,9,fd1_consolidation,efficacy_and_persistence,production,1/4/2/4026531840/4026531840;1/1/2/4026531840/0,4026531840|0,5,1,3,1,0,0,0,0,7,10,1584bf6d6f0f67bd7b41c62d891d9d6778c95b04a879c27c98f0d1d687d654bd,44af89b18051899c00db452feb563343036dbeac571befc971d93f0160869997,974caad36fdc2bbc44bb6b28a640f9dc79a03b18ab7bec606dae3cc348e62a10,true,true,false,true,false
193,5100000,9,threshold_1_already_executable,persistence_only,reference,1/4/1/4294967296/0,1|1,3,0,2,0,0,1,0,0,3,9,9e07fc8381840d2d2139f57f2625c218d55f4ac7246e54c814549f81fa240ef9,fc823d076a21859d09016c05dba380631513b94a175e6ceb23ec6b2c3235f6df,4a538b82e5d6dd7958b4a03dfa6d17dfece9da34c596a3f2912fe38a1fa8b968,true,true,true,true,true
193,5100000,9,threshold_1_already_executable,persistence_only,production,1/4/1/4294967296/0,1|1,3,0,2,0,0,1,0,0,3,9,9e07fc8381840d2d2139f57f2625c218d55f4ac7246e54c814549f81fa240ef9,fc823d076a21859d09016c05dba380631513b94a175e6ceb23ec6b2c3235f6df,4a538b82e5d6dd7958b4a03dfa6d17dfece9da34c596a3f2912fe38a1fa8b968,true,true,true,true,true
194,5100000,9,threshold_1_already_executable,efficacy_and_persistence,reference,1/4/2/4294967296/0,1|1,3,0,2,0,0,1,0,0,3,9,76fbbd05b55d5ea9770e62f258bc98d0642316c0f94ea95640dd5ff7fb27fc1d,c596f9540adaebf0e0d78db6b729139c672f9bca0505404068b848f474329448,7a7627c72fffa72ffa39855411641759f45b38044b5ef7f1cc2e362a57c5c5c4,true,true,true,true,true
194,5100000,9,threshold_1_already_executable,efficacy_and_persistence,production,1/4/2/4294967296/0,1|1,3,0,2,0,0,1,0,0,3,9,76fbbd05b55d5ea9770e62f258bc98d0642316c0f94ea95640dd5ff7fb27fc1d,c596f9540adaebf0e0d78db6b729139c672f9bca0505404068b848f474329448,7a7627c72fffa72ffa39855411641759f45b38044b5ef7f1cc2e362a57c5c5c4,true,true,true,true,true
195,5100000,9,threshold_2_acquired_efficacy,persistence_only,reference,1/4/1/4294967296/0;1/1/1/4294967296/0,0|0|0,4,0,2,0,0,0,0,0,4,9,ce7cf243d175823463512d604f96e537ff97e56d2322c660dcf5c957ff2990be,fff1baa496d392b306261cf9aef4953d07fa73811ef19f0e752501c173cd3cff,d17e2d2769a578605307dd34d93347287e81dd86f1e8726ea528c46d3b61c434,true,true,true,true,true
195,5100000,9,threshold_2_acquired_efficacy,persistence_only,production,1/4/1/4294967296/0;1/1/1/4294967296/0,0|0|0,4,0,2,0,0,0,0,0,4,9,ce7cf243d175823463512d604f96e537ff97e56d2322c660dcf5c957ff2990be,fff1baa496d392b306261cf9aef4953d07fa73811ef19f0e752501c173cd3cff,d17e2d2769a578605307dd34d93347287e81dd86f1e8726ea528c46d3b61c434,true,true,true,true,true
196,5100000,9,threshold_2_acquired_efficacy,efficacy_and_persistence,reference,1/4/2/4294967296/0;1/1/1/4294967296/0,1|0|1,5,0,3,0,0,1,0,0,5,9,917ccf0ed47ac6a84253656a657c8d3d9bf880d8962192275daa56dd0c1d48a0,f8f01f1de956433e4e29d91033759db67943f0eba8bcb8de1c4d5b7f7a2f8a81,0becd98d926507e994b27e16351fdd75ace0cf728d38fa181f68fdb0495c11a6,true,true,true,true,true
196,5100000,9,threshold_2_acquired_efficacy,efficacy_and_persistence,production,1/4/2/4294967296/0;1/1/1/4294967296/0,1|0|1,5,0,3,0,0,1,0,0,5,9,917ccf0ed47ac6a84253656a657c8d3d9bf880d8962192275daa56dd0c1d48a0,f8f01f1de956433e4e29d91033759db67943f0eba8bcb8de1c4d5b7f7a2f8a81,0becd98d926507e994b27e16351fdd75ace0cf728d38fa181f68fdb0495c11a6,true,true,true,true,true
197,5100000,9,threshold_3_still_insufficient,persistence_only,reference,1/4/1/4294967296/0,0|0,2,0,1,0,0,0,0,0,2,9,f3db3ca8a7cda6b4a658669b835bbc5a1b32151116252550c8485868bc38b3ab,45151faa2e566d10d0c4a7e58f0b174013cec0283fbd4c15555d45ae3132632b,8d7efc54091c8f7d40b009319542b7cc3c0597679e3e5f64bbf7ccde153de946,true,true,true,true,true
197,5100000,9,threshold_3_still_insufficient,persistence_only,production,1/4/1/4294967296/0,0|0,2,0,1,0,0,0,0,0,2,9,f3db3ca8a7cda6b4a658669b835bbc5a1b32151116252550c8485868bc38b3ab,45151faa2e566d10d0c4a7e58f0b174013cec0283fbd4c15555d45ae3132632b,8d7efc54091c8f7d40b009319542b7cc3c0597679e3e5f64bbf7ccde153de946,true,true,true,true,true
198,5100000,9,threshold_3_still_insufficient,efficacy_and_persistence,reference,1/4/2/4294967296/0,0|0,2,0,1,0,0,0,0,0,2,9,f56aa1400492d227b8c0cf6add4278354e23aff63a499fda12e35b491852ec94,ee0e9f121004a93ff0b7fef97d293254328ea3b62f3ff28bb473d2e485470b17,82a35f12cfe8fb0afadc9b1b3d0aaa12af7c280bdfcb8f18b262bea0d4595754,true,true,true,true,true
198,5100000,9,threshold_3_still_insufficient,efficacy_and_persistence,production,1/4/2/4294967296/0,0|0,2,0,1,0,0,0,0,0,2,9,f56aa1400492d227b8c0cf6add4278354e23aff63a499fda12e35b491852ec94,ee0e9f121004a93ff0b7fef97d293254328ea3b62f3ff28bb473d2e485470b17,82a35f12cfe8fb0afadc9b1b3d0aaa12af7c280bdfcb8f18b262bea0d4595754,true,true,true,true,true
199,5100000,9,threshold_2_two_physical_inputs,persistence_only,reference,1/4/1/4294967296/0;1/4/1/4294967296/0,1|1,5,0,3,0,0,1,0,0,5,9,ab5870bcc7276e596d1ee7fb5cc4cb339089bdf42cb105ec24b4964d4cda68dd,ef64eace922d62007835c0b3307eb14a6a3299070ba3ca1fb2024baa34c749b6,41012b5f9ee351963c46be9ef9f7c29c7c07016ad30049d376fbc79776d4f6f7,true,true,true,true,true
199,5100000,9,threshold_2_two_physical_inputs,persistence_only,production,1/4/1/4294967296/0;1/4/1/4294967296/0,1|1,5,0,3,0,0,1,0,0,5,9,ab5870bcc7276e596d1ee7fb5cc4cb339089bdf42cb105ec24b4964d4cda68dd,ef64eace922d62007835c0b3307eb14a6a3299070ba3ca1fb2024baa34c749b6,41012b5f9ee351963c46be9ef9f7c29c7c07016ad30049d376fbc79776d4f6f7,true,true,true,true,true
200,5100000,9,threshold_2_two_physical_inputs,efficacy_and_persistence,reference,1/4/1/4294967296/0;1/4/1/4294967296/0,1|1,5,0,3,0,0,1,0,0,5,9,02afe66d1a1030ecfb17333ef803d00123c46e9ba9acd82f65be899b4dd02111,04062fdd283324ada383e6df09ad2e10b45a28e7cacdf223e5298e901b16bea9,d910ef77f17d8b63334115adc78b0d56e27294ce44dd0577a749b70603c14785,true,true,true,true,true
200,5100000,9,threshold_2_two_physical_inputs,efficacy_and_persistence,production,1/4/1/4294967296/0;1/4/1/4294967296/0,1|1,5,0,3,0,0,1,0,0,5,9,02afe66d1a1030ecfb17333ef803d00123c46e9ba9acd82f65be899b4dd02111,04062fdd283324ada383e6df09ad2e10b45a28e7cacdf223e5298e901b16bea9,d910ef77f17d8b63334115adc78b0d56e27294ce44dd0577a749b70603c14785,true,true,true,true,true
201,5200000,0,cpc0_contact_locality,persistence_only,reference,1/7/1/4026531840/4026531840;1/4/1/4026531840/0,4026531840|0,6,1,4,1,0,0,0,0,8,1,7b5efb1d815bd18f6de819dfaf81c5898c3cc796408074a3e6a1a7c97e12677b,5a55389d32c433b1d0430b74433b543921e76db26f0be9e542dd42b6b6bf8513,c9aa1e65c9b2a629aa528526722e2b0033257a44f8e184307909fd8e4f2c3113,true,true,false,true,false
201,5200000,0,cpc0_contact_locality,persistence_only,production,1/7/1/4026531840/4026531840;1/4/1/4026531840/0,4026531840|0,6,1,4,1,0,0,0,0,8,1,7b5efb1d815bd18f6de819dfaf81c5898c3cc796408074a3e6a1a7c97e12677b,5a55389d32c433b1d0430b74433b543921e76db26f0be9e542dd42b6b6bf8513,47d6098a7489fb71bdc4f890ef4a4d700eb3fe73ea78198c514b466f62ee2d69,true,true,false,true,false
202,5200000,0,cpc0_contact_locality,efficacy_and_persistence,reference,1/7/2/4026531840/4026531840;1/4/2/4026531840/0,4026531840|0,6,1,4,1,0,0,0,0,8,1,645dd88c5b158d6e7e32380e52ff9688572e56491521289ba5d04a4a9b9eb55a,dd63362dc09fe164d28ccd578a214d6ef05700c3c25694deac3372e5146d84fe,9f2a940adc50169a9eba54628fd5f576ffcfa669c87afa5fc18db3b1257bddd7,true,true,false,true,false
202,5200000,0,cpc0_contact_locality,efficacy_and_persistence,production,1/7/2/4026531840/4026531840;1/4/2/4026531840/0,4026531840|0,6,1,4,1,0,0,0,0,8,1,645dd88c5b158d6e7e32380e52ff9688572e56491521289ba5d04a4a9b9eb55a,dd63362dc09fe164d28ccd578a214d6ef05700c3c25694deac3372e5146d84fe,cfc952ba09c1f0fe196b268998672d48ac35b5d7087a3b408475138971254c4c,true,true,false,true,false
203,5200000,0,cpc1_temporal_participation,persistence_only,reference,1/6/1/1979772000/4026531840;1/5/1/1979772000/1979772000;1/7/1/1979772000/3110400000;1/7/1/1979772000/3110400000;1/7/1/4542662625/7136931840,4026531840|1979772000|3110400000|3110400000|7136931840,19,5,12,5,0,0,0,0,29,12,3b7e7efc0c824453945db7aaaab408ca12743f85eea4d31ae1f0eb53270aa59c,4bcca492375b3bdd715f0e4bb12e4ffc741a9a01780b9bfa0930ce5599edb3b8,e55b5ebb17ee6eaac4b54bfcc3d760e94f06138e8b58b7a13e2e8c2f58e4fa06,true,true,false,true,false
203,5200000,0,cpc1_temporal_participation,persistence_only,production,1/6/1/1979772000/4026531840;1/5/1/1979772000/1979772000;1/7/1/1979772000/3110400000;1/7/1/1979772000/3110400000;1/7/1/4542662625/7136931840,4026531840|1979772000|3110400000|3110400000|7136931840,19,5,12,5,0,0,0,0,29,12,3b7e7efc0c824453945db7aaaab408ca12743f85eea4d31ae1f0eb53270aa59c,4bcca492375b3bdd715f0e4bb12e4ffc741a9a01780b9bfa0930ce5599edb3b8,8789c639a7fa609320ce68d2bbd8c1943b330d477e004fc106455627d17489b3,true,true,false,true,false
204,5200000,0,cpc1_temporal_participation,efficacy_and_persistence,reference,1/6/2/1979772000/4026531840;1/5/2/1979772000/1979772000;1/7/2/1979772000/3110400000;1/7/2/1979772000/3110400000;1/7/2/4542662625/7136931840,4026531840|1979772000|3110400000|3110400000|7136931840,19,5,12,5,0,0,0,0,29,12,c88e9b38226a32da18b5457e09295d11f5e9431cd2e43889ff4c2c41c807ec73,88ea6e770d4d491a594eeb4a61a8abb9de524468c42871c205e26e6105882f50,bed7557bd5a6563f7b4108ddff7874de4e23ae308a3800f19ebcaba556022c89,true,true,false,true,false
204,5200000,0,cpc1_temporal_participation,efficacy_and_persistence,production,1/6/2/1979772000/4026531840;1/5/2/1979772000/1979772000;1/7/2/1979772000/3110400000;1/7/2/1979772000/3110400000;1/7/2/4542662625/7136931840,4026531840|1979772000|3110400000|3110400000|7136931840,19,5,12,5,0,0,0,0,29,12,c88e9b38226a32da18b5457e09295d11f5e9431cd2e43889ff4c2c41c807ec73,88ea6e770d4d491a594eeb4a61a8abb9de524468c42871c205e26e6105882f50,6fd62c130c194d10f2d13ea3b3390a29b3f066f3f845dfc0892c8d987ee0e49a,true,true,false,true,false
205,5200000,0,pqlc0_one_hop,persistence_only,reference,1/7/1/4026531840/4026531840,1|4026531840,5,2,4,2,1,0,0,0,10,1,1769241bdad4576e92b6d27c55e52874ef4047947e36f0d7d55dec82b60dfa82,08e14bfff0fb45fee23df1cecc10d8e9395924e734427c0f891f55b0405e6321,1508f33d574964d5e758c16a160969dd4f85d3e08f3a3a10ab5a730540290c1f,true,true,false,true,false
205,5200000,0,pqlc0_one_hop,persistence_only,production,1/7/1/4026531840/4026531840,1|4026531840,5,2,4,2,1,0,0,0,10,1,1769241bdad4576e92b6d27c55e52874ef4047947e36f0d7d55dec82b60dfa82,08e14bfff0fb45fee23df1cecc10d8e9395924e734427c0f891f55b0405e6321,900ca27036b923e9f9ea1cd2aed09df6c78ce18310685fc9ff48d01b466f146a,true,true,false,true,false
206,5200000,0,pqlc0_one_hop,efficacy_and_persistence,reference,1/7/2/4026531840/4026531840,1|4026531840,5,2,4,2,1,0,0,0,10,1,6abc422e09be03de387e97a49238b1d0bd25126b0dd6b3cb4849ed949ab76f57,e5d59c09907ae6bad0e84892aa6121c90d30d9b00c851f830de19f04b963a358,7cbfeedb98e8fd76050cf25ca9c98111de918382ad6824cd5c5ff941fb34818b,true,true,false,true,false
206,5200000,0,pqlc0_one_hop,efficacy_and_persistence,production,1/7/2/4026531840/4026531840,1|4026531840,5,2,4,2,1,0,0,0,10,1,6abc422e09be03de387e97a49238b1d0bd25126b0dd6b3cb4849ed949ab76f57,e5d59c09907ae6bad0e84892aa6121c90d30d9b00c851f830de19f04b963a358,d54e8e53677aac3fd7179631d7c4496c8ed471e2a265623fb594039ebd0c2def,true,true,false,true,false
207,5200000,0,pqlc1_depth_16,persistence_only,reference,1/7/1/4026531840/4026531840;1/7/1/4026531840/4026531840;1/7/1/4026531840/4026531840;1/7/1/4026531840/4026531840;1/7/1/4026531840/4026531840;1/7/1/4026531840/4026531840;1/7/1/4026531840/4026531840;1/7/1/4026531840/4026531840;1/7/1/4026531840/4026531840;1/7/1/4026531840/4026531840;1/7/1/4026531840/4026531840;1/7/1/4026531840/4026531840;1/7/1/4026531840/4026531840;1/7/1/4026531840/4026531840;1/7/1/4026531840/4026531840;1/7/1/4026531840/4026531840,16,19,16,18,16,15,0,0,0,66,1,4dfb006685670f2cdee6b6231d1ee95c6017db314cf1b8ae6432568be67a5a43,dc8d21a19d3f690aa9a9ae601e8520d8a2684c8b4b2b11b40119843232a06774,280b1d2e3f01580c606c3b93471ba47c03d3b8b586605139ab262dd3ac8136e7,true,true,false,true,false
207,5200000,0,pqlc1_depth_16,persistence_only,production,1/7/1/4026531840/4026531840;1/7/1/4026531840/4026531840;1/7/1/4026531840/4026531840;1/7/1/4026531840/4026531840;1/7/1/4026531840/4026531840;1/7/1/4026531840/4026531840;1/7/1/4026531840/4026531840;1/7/1/4026531840/4026531840;1/7/1/4026531840/4026531840;1/7/1/4026531840/4026531840;1/7/1/4026531840/4026531840;1/7/1/4026531840/4026531840;1/7/1/4026531840/4026531840;1/7/1/4026531840/4026531840;1/7/1/4026531840/4026531840;1/7/1/4026531840/4026531840,16,19,16,18,16,15,0,0,0,66,1,4dfb006685670f2cdee6b6231d1ee95c6017db314cf1b8ae6432568be67a5a43,dc8d21a19d3f690aa9a9ae601e8520d8a2684c8b4b2b11b40119843232a06774,5dbf78c3ae1b9c546fe16902a383ad2fab1a8345935d1fb88fd7958769ff475c,true,true,false,true,false
208,5200000,0,pqlc1_depth_16,efficacy_and_persistence,reference,1/7/2/4026531840/4026531840;1/7/2/4026531840/4026531840;1/7/2/4026531840/4026531840;1/7/2/4026531840/4026531840;1/7/2/4026531840/4026531840;1/7/2/4026531840/4026531840;1/7/2/4026531840/4026531840;1/7/2/4026531840/4026531840;1/7/2/4026531840/4026531840;1/7/2/4026531840/4026531840;1/7/2/4026531840/4026531840;1/7/2/4026531840/4026531840;1/7/2/4026531840/4026531840;1/7/2/4026531840/4026531840;1/7/2/4026531840/4026531840;1/7/2/4026531840/4026531840,16,19,16,18,16,15,0,0,0,66,1,3fcdd65883c7a818159b25bb8687c95b701c478e135a6a7de3cd0d445ba842f4,969343c718f67900bfbe369a18b5d7795d81e0f6ea6c1c657755ae01dcb8b403,d9e5837ff7bad41c7bbea6a086fadda77432b5bafa9203ec15209683214ecf0b,true,true,false,true,false
208,5200000,0,pqlc1_depth_16,efficacy_and_persistence,production,1/7/2/4026531840/4026531840;1/7/2/4026531840/4026531840;1/7/2/4026531840/4026531840;1/7/2/4026531840/4026531840;1/7/2/4026531840/4026531840;1/7/2/4026531840/4026531840;1/7/2/4026531840/4026531840;1/7/2/4026531840/4026531840;1/7/2/4026531840/4026531840;1/7/2/4026531840/4026531840;1/7/2/4026531840/4026531840;1/7/2/4026531840/4026531840;1/7/2/4026531840/4026531840;1/7/2/4026531840/4026531840;1/7/2/4026531840/4026531840;1/7/2/4026531840/4026531840,16,19,16,18,16,15,0,0,0,66,1,3fcdd65883c7a818159b25bb8687c95b701c478e135a6a7de3cd0d445ba842f4,969343c718f67900bfbe369a18b5d7795d81e0f6ea6c1c657755ae01dcb8b403,7ef29110c02b69a0682d7952820d585546fc5037552bc0093ce607022b766101,true,true,false,true,false
209,5200000,0,fd0_equal_persistence,persistence_only,reference,1/1/1/0/0;0/0/1/0/0,1|0,0,0,0,0,0,0,0,1,1,40,4f53cda18c2baa0c0354bb5f9a3ecbe5ed12ab4d8e11ba873c2f11161202b945,30cdd20d7cddc353b24a02ddb50fe9b227bbabf3db5394fc6ac0cb636f144eaf,642a76cf63bcdda659b971b46e587c631fdaae06d9ff90af31503701442ed989,true,true,false,true,false
209,5200000,0,fd0_equal_persistence,persistence_only,production,1/1/1/0/0;0/0/1/0/0,1|0,0,0,0,0,0,0,0,1,1,40,4f53cda18c2baa0c0354bb5f9a3ecbe5ed12ab4d8e11ba873c2f11161202b945,30cdd20d7cddc353b24a02ddb50fe9b227bbabf3db5394fc6ac0cb636f144eaf,5dab9fa30d2c0b93fc2f52df73340dec5f91cf08f7abe0b582ca203271995ba3,true,true,false,true,false
210,5200000,0,fd0_equal_persistence,efficacy_and_persistence,reference,1/1/2/0/0;0/0/2/0/0,1|0,0,0,0,0,0,0,0,1,1,40,4f53cda18c2baa0c0354bb5f9a3ecbe5ed12ab4d8e11ba873c2f11161202b945,8adaf9ee49a1608c4bb96479fbf634a7a6f42f642f00a39f0cdc88e765033a31,9f7f5b76bd35da895c18f7338e55f731e7c9040502357039c1b72d04ee336618,true,true,false,true,false
210,5200000,0,fd0_equal_persistence,efficacy_and_persistence,production,1/1/2/0/0;0/0/2/0/0,1|0,0,0,0,0,0,0,0,1,1,40,4f53cda18c2baa0c0354bb5f9a3ecbe5ed12ab4d8e11ba873c2f11161202b945,8adaf9ee49a1608c4bb96479fbf634a7a6f42f642f00a39f0cdc88e765033a31,e11199625d827a7a508fbd7c05b10042e98ccb69958fe5b9d9a379ad5c7ff510,true,true,false,true,false
211,5200000,0,fd1_consolidation,persistence_only,reference,1/4/1/4026531840/4026531840;1/1/1/4026531840/0,4026531840|0,5,1,3,1,0,0,0,0,7,1,2ac96d70ccc89b833a919a81597236108d114cf7b365b7f125946d3237a48036,d823f667d46dad00e2a19d0ef2347ee0c9bae18e15ba7b6a46a0abe96fbe1a8f,be88393145a211079b1d78ca8adbddbbc2d5463dc9529a9edf1812b13a5ff18c,true,true,false,true,false
211,5200000,0,fd1_consolidation,persistence_only,production,1/4/1/4026531840/4026531840;1/1/1/4026531840/0,4026531840|0,5,1,3,1,0,0,0,0,7,1,2ac96d70ccc89b833a919a81597236108d114cf7b365b7f125946d3237a48036,d823f667d46dad00e2a19d0ef2347ee0c9bae18e15ba7b6a46a0abe96fbe1a8f,21b40cb4f2aaa8025f45dfab093a6d5235f848c18dacda48c63e5c8637fe8cec,true,true,false,true,false
212,5200000,0,fd1_consolidation,efficacy_and_persistence,reference,1/4/2/4026531840/4026531840;1/1/2/4026531840/0,4026531840|0,5,1,3,1,0,0,0,0,7,1,c0a80c0160761856c1fab1a3587176a9210f510ce4a36c83a647598589cf8a3f,59d972c34c65d74f5949d344af53f83b62a093923377315af06ff828fc4689c1,95fba4b2641edfd4cd16762c0e9db415e51baddaea9770af23c1e2b2dbba8ecf,true,true,false,true,false
212,5200000,0,fd1_consolidation,efficacy_and_persistence,production,1/4/2/4026531840/4026531840;1/1/2/4026531840/0,4026531840|0,5,1,3,1,0,0,0,0,7,1,c0a80c0160761856c1fab1a3587176a9210f510ce4a36c83a647598589cf8a3f,59d972c34c65d74f5949d344af53f83b62a093923377315af06ff828fc4689c1,0586110ebccef1589b0270de1df059ea86dcd45c626a2bfeaad3e340673bda50,true,true,false,true,false
213,5200000,0,threshold_1_already_executable,persistence_only,reference,1/4/1/4294967296/0,1|1,3,0,2,0,0,1,0,0,3,0,b5a3c04241fa39cddf5d5c8feb20bfbf9c44a68b09d83bdb6668c79d7c198886,856a0ec29c5df2d189670b81c3c93686a3e866ac8f4c81e7a744baa2cba907e8,aa24a9ffaa15a3581080619b86496d1074e22ae357add84c12d97fdf4f9a2eff,true,true,true,true,true
213,5200000,0,threshold_1_already_executable,persistence_only,production,1/4/1/4294967296/0,1|1,3,0,2,0,0,1,0,0,3,0,b5a3c04241fa39cddf5d5c8feb20bfbf9c44a68b09d83bdb6668c79d7c198886,856a0ec29c5df2d189670b81c3c93686a3e866ac8f4c81e7a744baa2cba907e8,aa24a9ffaa15a3581080619b86496d1074e22ae357add84c12d97fdf4f9a2eff,true,true,true,true,true
214,5200000,0,threshold_1_already_executable,efficacy_and_persistence,reference,1/4/2/4294967296/0,1|1,3,0,2,0,0,1,0,0,3,0,ee81fd917707a2f1fce3d321bb2e848238fea8442f45737160535be32b68f015,6d78721e1e60d456ec508eafd66e3aed3841e52b1a48fad9d39cf23970b8c8f0,cab20b61a07535aa8d606adefc9b22ab06b72ae35e16e8f56fa33938b75cef6d,true,true,true,true,true
214,5200000,0,threshold_1_already_executable,efficacy_and_persistence,production,1/4/2/4294967296/0,1|1,3,0,2,0,0,1,0,0,3,0,ee81fd917707a2f1fce3d321bb2e848238fea8442f45737160535be32b68f015,6d78721e1e60d456ec508eafd66e3aed3841e52b1a48fad9d39cf23970b8c8f0,cab20b61a07535aa8d606adefc9b22ab06b72ae35e16e8f56fa33938b75cef6d,true,true,true,true,true
215,5200000,0,threshold_2_acquired_efficacy,persistence_only,reference,1/4/1/4294967296/0;1/1/1/4294967296/0,0|0|0,4,0,2,0,0,0,0,0,4,0,d00be5d8839bbde0bf7c29a16018e869f6b5fb56ebf22668edfbae2209ee02d8,a5c7298b754dca89e3a7603170c135dcac652a6a9a92553b72dffcbbd247a541,233e055ac3ada875208d76973c76166e9bb53002930cc95461a4f632ff6ded92,true,true,true,true,true
215,5200000,0,threshold_2_acquired_efficacy,persistence_only,production,1/4/1/4294967296/0;1/1/1/4294967296/0,0|0|0,4,0,2,0,0,0,0,0,4,0,d00be5d8839bbde0bf7c29a16018e869f6b5fb56ebf22668edfbae2209ee02d8,a5c7298b754dca89e3a7603170c135dcac652a6a9a92553b72dffcbbd247a541,233e055ac3ada875208d76973c76166e9bb53002930cc95461a4f632ff6ded92,true,true,true,true,true
216,5200000,0,threshold_2_acquired_efficacy,efficacy_and_persistence,reference,1/4/2/4294967296/0;1/1/1/4294967296/0,1|0|1,5,0,3,0,0,1,0,0,5,0,632a44bb59db8d2d2b2d5fcd9aa9fab41ae5c56b098795fdf1f4520c3d60a8d9,8e4bb4bd868b963c649e0187963f7d4103a0a5dd498142af79a21e1e6745006d,c8a7183bd4ed8a27d7788a806ef05feb34402ec2d2983648cd4aa4740746a60d,true,true,true,true,true
216,5200000,0,threshold_2_acquired_efficacy,efficacy_and_persistence,production,1/4/2/4294967296/0;1/1/1/4294967296/0,1|0|1,5,0,3,0,0,1,0,0,5,0,632a44bb59db8d2d2b2d5fcd9aa9fab41ae5c56b098795fdf1f4520c3d60a8d9,8e4bb4bd868b963c649e0187963f7d4103a0a5dd498142af79a21e1e6745006d,c8a7183bd4ed8a27d7788a806ef05feb34402ec2d2983648cd4aa4740746a60d,true,true,true,true,true
217,5200000,0,threshold_3_still_insufficient,persistence_only,reference,1/4/1/4294967296/0,0|0,2,0,1,0,0,0,0,0,2,0,b1e043ab1adf8c4b9f43d6117e99aed133d8e104f4c8bc316d3a98f87ffc011c,33b080da7c46dbb434db91ec2bad5e6b765b57630b410d3d85744d41b21dedac,cb07b161404f340ec5d817269c1986e53f1abfeffd040dc199eda3fbb03b10c4,true,true,true,true,true
217,5200000,0,threshold_3_still_insufficient,persistence_only,production,1/4/1/4294967296/0,0|0,2,0,1,0,0,0,0,0,2,0,b1e043ab1adf8c4b9f43d6117e99aed133d8e104f4c8bc316d3a98f87ffc011c,33b080da7c46dbb434db91ec2bad5e6b765b57630b410d3d85744d41b21dedac,cb07b161404f340ec5d817269c1986e53f1abfeffd040dc199eda3fbb03b10c4,true,true,true,true,true
218,5200000,0,threshold_3_still_insufficient,efficacy_and_persistence,reference,1/4/2/4294967296/0,0|0,2,0,1,0,0,0,0,0,2,0,f7b1b44f70b942fe3886be980377132939284784b7c5b56ad7bb6752cfe96a68,9bfa93665132763f4bfd9dfaaf8d8364372c1f9e5f5e9e65f6bccd90e263c69b,edfaa68ca4319bb2885c1740724462333639440de0b261a9e131a04199488dc6,true,true,true,true,true
218,5200000,0,threshold_3_still_insufficient,efficacy_and_persistence,production,1/4/2/4294967296/0,0|0,2,0,1,0,0,0,0,0,2,0,f7b1b44f70b942fe3886be980377132939284784b7c5b56ad7bb6752cfe96a68,9bfa93665132763f4bfd9dfaaf8d8364372c1f9e5f5e9e65f6bccd90e263c69b,edfaa68ca4319bb2885c1740724462333639440de0b261a9e131a04199488dc6,true,true,true,true,true
219,5200000,0,threshold_2_two_physical_inputs,persistence_only,reference,1/4/1/4294967296/0;1/4/1/4294967296/0,1|1,5,0,3,0,0,1,0,0,5,0,6815653ed1acd827bf04eaacb342837f1b22834dbac186a1177150464dce9232,4917e3dca404da5dfcdc08ca9a9262ec747d349011f0c8725f74af274724ad70,fa0aca865b207ff2f98f1be73c6080e423d8fd7e69cf8d0c90450ae4c70e75e0,true,true,true,true,true
219,5200000,0,threshold_2_two_physical_inputs,persistence_only,production,1/4/1/4294967296/0;1/4/1/4294967296/0,1|1,5,0,3,0,0,1,0,0,5,0,6815653ed1acd827bf04eaacb342837f1b22834dbac186a1177150464dce9232,4917e3dca404da5dfcdc08ca9a9262ec747d349011f0c8725f74af274724ad70,fa0aca865b207ff2f98f1be73c6080e423d8fd7e69cf8d0c90450ae4c70e75e0,true,true,true,true,true
220,5200000,0,threshold_2_two_physical_inputs,efficacy_and_persistence,reference,1/4/1/4294967296/0;1/4/1/4294967296/0,1|1,5,0,3,0,0,1,0,0,5,0,e532487f388d7c182c5858af86a3cb6b99bc9bf10c375069f1349e576951441b,116b4383bab67ce0ae6a1d181ef3dca9c2ebac92e0ae007e9696070f1d798001,f6b112b136b72c95259b8dcdb4ea99e056fb011408d469113a3e86c234b14136,true,true,true,true,true
220,5200000,0,threshold_2_two_physical_inputs,efficacy_and_persistence,production,1/4/1/4294967296/0;1/4/1/4294967296/0,1|1,5,0,3,0,0,1,0,0,5,0,e532487f388d7c182c5858af86a3cb6b99bc9bf10c375069f1349e576951441b,116b4383bab67ce0ae6a1d181ef3dca9c2ebac92e0ae007e9696070f1d798001,f6b112b136b72c95259b8dcdb4ea99e056fb011408d469113a3e86c234b14136,true,true,true,true,true
221,5200000,1,cpc0_contact_locality,persistence_only,reference,1/7/1/4026531840/4026531840;1/4/1/4026531840/0,4026531840|0,6,1,4,1,0,0,0,0,8,2,57f766a5aefef412ed7512746a4549bf199cea6e34bb0a007bfd956047774ab1,5a55389d32c433b1d0430b74433b543921e76db26f0be9e542dd42b6b6bf8513,36829c50728f11705ccb2e0d7920d2db99d0bd8465b371104d77eebe63947d08,true,true,false,true,false
221,5200000,1,cpc0_contact_locality,persistence_only,production,1/7/1/4026531840/4026531840;1/4/1/4026531840/0,4026531840|0,6,1,4,1,0,0,0,0,8,2,57f766a5aefef412ed7512746a4549bf199cea6e34bb0a007bfd956047774ab1,5a55389d32c433b1d0430b74433b543921e76db26f0be9e542dd42b6b6bf8513,fd75526e6886f5bc09c54e94dc12f1cac7682c2fa631a706deebed2a4ac61a53,true,true,false,true,false
222,5200000,1,cpc0_contact_locality,efficacy_and_persistence,reference,1/7/2/4026531840/4026531840;1/4/2/4026531840/0,4026531840|0,6,1,4,1,0,0,0,0,8,2,712ae9f80bb23c3a1814cbaf66dcf4f87b49090ea267fb211398afc50f306b03,dd63362dc09fe164d28ccd578a214d6ef05700c3c25694deac3372e5146d84fe,98ce37a17d9eda3d4143886ec21ba6ff5b73dc738df75d69b85b06910307287d,true,true,false,true,false
222,5200000,1,cpc0_contact_locality,efficacy_and_persistence,production,1/7/2/4026531840/4026531840;1/4/2/4026531840/0,4026531840|0,6,1,4,1,0,0,0,0,8,2,712ae9f80bb23c3a1814cbaf66dcf4f87b49090ea267fb211398afc50f306b03,dd63362dc09fe164d28ccd578a214d6ef05700c3c25694deac3372e5146d84fe,242915c1aba49b298baaabeb06840965c1848fb12a36575fbf28119803366ff0,true,true,false,true,false
223,5200000,1,cpc1_temporal_participation,persistence_only,reference,1/6/1/1979772000/4026531840;1/5/1/1979772000/1979772000;1/7/1/1979772000/3110400000;1/7/1/1979772000/3110400000;1/7/1/4542662625/7136931840,4026531840|1979772000|3110400000|3110400000|7136931840,19,5,12,5,0,0,0,0,29,13,5ebfba1825e515e5c566813e136a6c7a7712fec0ff900c26a026c58bf22174ec,4bcca492375b3bdd715f0e4bb12e4ffc741a9a01780b9bfa0930ce5599edb3b8,34ab67f9e4507125de1b7797d23ff745bb2536c34e0029983634294005580708,true,true,false,true,false
223,5200000,1,cpc1_temporal_participation,persistence_only,production,1/6/1/1979772000/4026531840;1/5/1/1979772000/1979772000;1/7/1/1979772000/3110400000;1/7/1/1979772000/3110400000;1/7/1/4542662625/7136931840,4026531840|1979772000|3110400000|3110400000|7136931840,19,5,12,5,0,0,0,0,29,13,5ebfba1825e515e5c566813e136a6c7a7712fec0ff900c26a026c58bf22174ec,4bcca492375b3bdd715f0e4bb12e4ffc741a9a01780b9bfa0930ce5599edb3b8,f36797888705d8dcff95bc9b1bba935927ed75b4e2294753d2e5613de7f7bdf3,true,true,false,true,false
224,5200000,1,cpc1_temporal_participation,efficacy_and_persistence,reference,1/6/2/1979772000/4026531840;1/5/2/1979772000/1979772000;1/7/2/1979772000/3110400000;1/7/2/1979772000/3110400000;1/7/2/4542662625/7136931840,4026531840|1979772000|3110400000|3110400000|7136931840,19,5,12,5,0,0,0,0,29,13,c95ecc5f434dd086480ddf119e6d4b2dd5fa392e5f1ec31339ef544a38bc9599,88ea6e770d4d491a594eeb4a61a8abb9de524468c42871c205e26e6105882f50,6dc2c4a533c1df1cddcdb37b7bdbcf408b4d5ef2beaea2fbfbf78f5d9d3aed21,true,true,false,true,false
224,5200000,1,cpc1_temporal_participation,efficacy_and_persistence,production,1/6/2/1979772000/4026531840;1/5/2/1979772000/1979772000;1/7/2/1979772000/3110400000;1/7/2/1979772000/3110400000;1/7/2/4542662625/7136931840,4026531840|1979772000|3110400000|3110400000|7136931840,19,5,12,5,0,0,0,0,29,13,c95ecc5f434dd086480ddf119e6d4b2dd5fa392e5f1ec31339ef544a38bc9599,88ea6e770d4d491a594eeb4a61a8abb9de524468c42871c205e26e6105882f50,aba47afb192486cc2b278baea9a103fa4e8fa5c40888b0e9f634d96a5b857226,true,true,false,true,false
225,5200000,1,pqlc0_one_hop,persistence_only,reference,1/7/1/4026531840/4026531840,1|4026531840,5,2,4,2,1,0,0,0,10,2,0066f87499e5bf4f999e7e5ed85e1c513275ba6f093e95a21dd5af9a9d5df58b,08e14bfff0fb45fee23df1cecc10d8e9395924e734427c0f891f55b0405e6321,f53e384d7ec295dd6dfc8921029cae244bc6df8dfa6c43aad197cef7f2df2709,true,true,false,true,false
225,5200000,1,pqlc0_one_hop,persistence_only,production,1/7/1/4026531840/4026531840,1|4026531840,5,2,4,2,1,0,0,0,10,2,0066f87499e5bf4f999e7e5ed85e1c513275ba6f093e95a21dd5af9a9d5df58b,08e14bfff0fb45fee23df1cecc10d8e9395924e734427c0f891f55b0405e6321,6b8a16140537929e1550d1d8c685ca1d94e4ec8410979f0e85dcd4f1753e2386,true,true,false,true,false
226,5200000,1,pqlc0_one_hop,efficacy_and_persistence,reference,1/7/2/4026531840/4026531840,1|4026531840,5,2,4,2,1,0,0,0,10,2,e20e7cb512db83048c97c0408f730e0442be3573ab9321db4b619b84ba533eaf,e5d59c09907ae6bad0e84892aa6121c90d30d9b00c851f830de19f04b963a358,cbccc3b997ccc2abe0d18f8371cf0d9379b58f6b305230b35fd5c6f99ba4ac40,true,true,false,true,false
226,5200000,1,pqlc0_one_hop,efficacy_and_persistence,production,1/7/2/4026531840/4026531840,1|4026531840,5,2,4,2,1,0,0,0,10,2,e20e7cb512db83048c97c0408f730e0442be3573ab9321db4b619b84ba533eaf,e5d59c09907ae6bad0e84892aa6121c90d30d9b00c851f830de19f04b963a358,c6186df0f3d833713695ee8edce1666c81a04d2d04e355ee74540bb2e2a2bf80,true,true,false,true,false
227,5200000,1,pqlc1_depth_16,persistence_only,reference,1/7/1/4026531840/4026531840;1/7/1/4026531840/4026531840;1/7/1/4026531840/4026531840;1/7/1/4026531840/4026531840;1/7/1/4026531840/4026531840;1/7/1/4026531840/4026531840;1/7/1/4026531840/4026531840;1/7/1/4026531840/4026531840;1/7/1/4026531840/4026531840;1/7/1/4026531840/4026531840;1/7/1/4026531840/4026531840;1/7/1/4026531840/4026531840;1/7/1/4026531840/4026531840;1/7/1/4026531840/4026531840;1/7/1/4026531840/4026531840;1/7/1/4026531840/4026531840,16,19,16,18,16,15,0,0,0,66,2,e94da82837d905ae8c0301058e4041376ef6d9efed2024bc100f412c4d5b1242,dc8d21a19d3f690aa9a9ae601e8520d8a2684c8b4b2b11b40119843232a06774,ca20232509ea6347139183d33de332dcb6f156ee2661bc1b660648c1bc2be602,true,true,false,true,false
227,5200000,1,pqlc1_depth_16,persistence_only,production,1/7/1/4026531840/4026531840;1/7/1/4026531840/4026531840;1/7/1/4026531840/4026531840;1/7/1/4026531840/4026531840;1/7/1/4026531840/4026531840;1/7/1/4026531840/4026531840;1/7/1/4026531840/4026531840;1/7/1/4026531840/4026531840;1/7/1/4026531840/4026531840;1/7/1/4026531840/4026531840;1/7/1/4026531840/4026531840;1/7/1/4026531840/4026531840;1/7/1/4026531840/4026531840;1/7/1/4026531840/4026531840;1/7/1/4026531840/4026531840;1/7/1/4026531840/4026531840,16,19,16,18,16,15,0,0,0,66,2,e94da82837d905ae8c0301058e4041376ef6d9efed2024bc100f412c4d5b1242,dc8d21a19d3f690aa9a9ae601e8520d8a2684c8b4b2b11b40119843232a06774,6904021869ef16fcf65fc4f419f30717d7ed711e0a1713428d791d433ff5b456,true,true,false,true,false
228,5200000,1,pqlc1_depth_16,efficacy_and_persistence,reference,1/7/2/4026531840/4026531840;1/7/2/4026531840/4026531840;1/7/2/4026531840/4026531840;1/7/2/4026531840/4026531840;1/7/2/4026531840/4026531840;1/7/2/4026531840/4026531840;1/7/2/4026531840/4026531840;1/7/2/4026531840/4026531840;1/7/2/4026531840/4026531840;1/7/2/4026531840/4026531840;1/7/2/4026531840/4026531840;1/7/2/4026531840/4026531840;1/7/2/4026531840/4026531840;1/7/2/4026531840/4026531840;1/7/2/4026531840/4026531840;1/7/2/4026531840/4026531840,16,19,16,18,16,15,0,0,0,66,2,479183f00d7838242c9713e93a2bbdaf138b0782dd3128f62bf35a5768fcd3ae,969343c718f67900bfbe369a18b5d7795d81e0f6ea6c1c657755ae01dcb8b403,25fccf781da0c778d6695d6fcea69c1a8ca6cb0c94dd2e70033162b3c4cacd9d,true,true,false,true,false
228,5200000,1,pqlc1_depth_16,efficacy_and_persistence,production,1/7/2/4026531840/4026531840;1/7/2/4026531840/4026531840;1/7/2/4026531840/4026531840;1/7/2/4026531840/4026531840;1/7/2/4026531840/4026531840;1/7/2/4026531840/4026531840;1/7/2/4026531840/4026531840;1/7/2/4026531840/4026531840;1/7/2/4026531840/4026531840;1/7/2/4026531840/4026531840;1/7/2/4026531840/4026531840;1/7/2/4026531840/4026531840;1/7/2/4026531840/4026531840;1/7/2/4026531840/4026531840;1/7/2/4026531840/4026531840;1/7/2/4026531840/4026531840,16,19,16,18,16,15,0,0,0,66,2,479183f00d7838242c9713e93a2bbdaf138b0782dd3128f62bf35a5768fcd3ae,969343c718f67900bfbe369a18b5d7795d81e0f6ea6c1c657755ae01dcb8b403,46ab07c0929c717aecaac285bfdfd4b939dee950fed7a727b053300dbef69eb2,true,true,false,true,false
229,5200000,1,fd0_equal_persistence,persistence_only,reference,1/1/1/0/0;0/0/1/0/0,1|0,0,0,0,0,0,0,0,1,1,41,4f53cda18c2baa0c0354bb5f9a3ecbe5ed12ab4d8e11ba873c2f11161202b945,30cdd20d7cddc353b24a02ddb50fe9b227bbabf3db5394fc6ac0cb636f144eaf,b14bce369fc184ed0c2108b6877043247c7208020ff6f9a32d177ed375fa15f3,true,true,false,true,false
229,5200000,1,fd0_equal_persistence,persistence_only,production,1/1/1/0/0;0/0/1/0/0,1|0,0,0,0,0,0,0,0,1,1,41,4f53cda18c2baa0c0354bb5f9a3ecbe5ed12ab4d8e11ba873c2f11161202b945,30cdd20d7cddc353b24a02ddb50fe9b227bbabf3db5394fc6ac0cb636f144eaf,83b48bb6b0decd313e43f69bd40763263e62f73175e2caca2e60415e245cbcc8,true,true,false,true,false
230,5200000,1,fd0_equal_persistence,efficacy_and_persistence,reference,1/1/2/0/0;0/0/2/0/0,1|0,0,0,0,0,0,0,0,1,1,41,4f53cda18c2baa0c0354bb5f9a3ecbe5ed12ab4d8e11ba873c2f11161202b945,8adaf9ee49a1608c4bb96479fbf634a7a6f42f642f00a39f0cdc88e765033a31,26950fcd503b16e6d56e649d9227d0f963b24a86486b70828c2e11917ba72dcc,true,true,false,true,false
230,5200000,1,fd0_equal_persistence,efficacy_and_persistence,production,1/1/2/0/0;0/0/2/0/0,1|0,0,0,0,0,0,0,0,1,1,41,4f53cda18c2baa0c0354bb5f9a3ecbe5ed12ab4d8e11ba873c2f11161202b945,8adaf9ee49a1608c4bb96479fbf634a7a6f42f642f00a39f0cdc88e765033a31,3ad655d97719e89e3fb58b4ee0c21924c06a5b20bda5e463a070fe5390335d5e,true,true,false,true,false
231,5200000,1,fd1_consolidation,persistence_only,reference,1/4/1/4026531840/4026531840;1/1/1/4026531840/0,4026531840|0,5,1,3,1,0,0,0,0,7,2,8c1858334538a251cd905e979918bf932595e0774b9473ad85bd5cfd2b741607,d823f667d46dad00e2a19d0ef2347ee0c9bae18e15ba7b6a46a0abe96fbe1a8f,98abc482de6b38291d0962b82687bd364d85c3dd46a0b1b2fd0e89307f3bcc9f,true,true,false,true,false
231,5200000,1,fd1_consolidation,persistence_only,production,1/4/1/4026531840/4026531840;1/1/1/4026531840/0,4026531840|0,5,1,3,1,0,0,0,0,7,2,8c1858334538a251cd905e979918bf932595e0774b9473ad85bd5cfd2b741607,d823f667d46dad00e2a19d0ef2347ee0c9bae18e15ba7b6a46a0abe96fbe1a8f,b6176c855c672da95f40cb32934f9742c8f02e587c5a39514bc89222cc5e574c,true,true,false,true,false
232,5200000,1,fd1_consolidation,efficacy_and_persistence,reference,1/4/2/4026531840/4026531840;1/1/2/4026531840/0,4026531840|0,5,1,3,1,0,0,0,0,7,2,8f1640f0ab6229ca8d74288ae28de1c5c8ae2054b4ffecf0db37364fe78b94a4,59d972c34c65d74f5949d344af53f83b62a093923377315af06ff828fc4689c1,77a32160097e922c8201f220a619766bd8a77f0fb5f98762cf496c68f9c5b5e4,true,true,false,true,false
232,5200000,1,fd1_consolidation,efficacy_and_persistence,production,1/4/2/4026531840/4026531840;1/1/2/4026531840/0,4026531840|0,5,1,3,1,0,0,0,0,7,2,8f1640f0ab6229ca8d74288ae28de1c5c8ae2054b4ffecf0db37364fe78b94a4,59d972c34c65d74f5949d344af53f83b62a093923377315af06ff828fc4689c1,c83e90b04bb36fb582c1d082f96deb53a27033a67fc7f5198586012226d191c5,true,true,false,true,false
233,5200000,1,threshold_1_already_executable,persistence_only,reference,1/4/1/4294967296/0,1|1,3,0,2,0,0,1,0,0,3,1,0a01cb5124695ed317db20bcd1420274bb1a5cec934209ca6989ca8d07dc9633,856a0ec29c5df2d189670b81c3c93686a3e866ac8f4c81e7a744baa2cba907e8,6026047e8186bb22ccde0f5feff24fcf36fc4ee435b1fcfc15eef26a9eace611,true,true,true,true,true
233,5200000,1,threshold_1_already_executable,persistence_only,production,1/4/1/4294967296/0,1|1,3,0,2,0,0,1,0,0,3,1,0a01cb5124695ed317db20bcd1420274bb1a5cec934209ca6989ca8d07dc9633,856a0ec29c5df2d189670b81c3c93686a3e866ac8f4c81e7a744baa2cba907e8,6026047e8186bb22ccde0f5feff24fcf36fc4ee435b1fcfc15eef26a9eace611,true,true,true,true,true
234,5200000,1,threshold_1_already_executable,efficacy_and_persistence,reference,1/4/2/4294967296/0,1|1,3,0,2,0,0,1,0,0,3,1,584870db6cb268e6be888b9d0ce0071601058e516d1c9b48ef73654f6a949b17,6d78721e1e60d456ec508eafd66e3aed3841e52b1a48fad9d39cf23970b8c8f0,77fae9d141bfaed52e5e9a5af8e7c4a6b245c5e789d02561092294b927ad550f,true,true,true,true,true
234,5200000,1,threshold_1_already_executable,efficacy_and_persistence,production,1/4/2/4294967296/0,1|1,3,0,2,0,0,1,0,0,3,1,584870db6cb268e6be888b9d0ce0071601058e516d1c9b48ef73654f6a949b17,6d78721e1e60d456ec508eafd66e3aed3841e52b1a48fad9d39cf23970b8c8f0,77fae9d141bfaed52e5e9a5af8e7c4a6b245c5e789d02561092294b927ad550f,true,true,true,true,true
235,5200000,1,threshold_2_acquired_efficacy,persistence_only,reference,1/4/1/4294967296/0;1/1/1/4294967296/0,0|0|0,4,0,2,0,0,0,0,0,4,1,b66942e803de6b3bb9b5148522e62120f090ee23b617db666bda67faa16d0fb6,a5c7298b754dca89e3a7603170c135dcac652a6a9a92553b72dffcbbd247a541,959dfaceaa336759d6109fd795285e890a7fa263735a672bfef126f55ca18fce,true,true,true,true,true
235,5200000,1,threshold_2_acquired_efficacy,persistence_only,production,1/4/1/4294967296/0;1/1/1/4294967296/0,0|0|0,4,0,2,0,0,0,0,0,4,1,b66942e803de6b3bb9b5148522e62120f090ee23b617db666bda67faa16d0fb6,a5c7298b754dca89e3a7603170c135dcac652a6a9a92553b72dffcbbd247a541,959dfaceaa336759d6109fd795285e890a7fa263735a672bfef126f55ca18fce,true,true,true,true,true
236,5200000,1,threshold_2_acquired_efficacy,efficacy_and_persistence,reference,1/4/2/4294967296/0;1/1/1/4294967296/0,1|0|1,5,0,3,0,0,1,0,0,5,1,be9c433676c9d9faf9762c48527be8e9d6473532457c0f0a057f5810561e0c45,8e4bb4bd868b963c649e0187963f7d4103a0a5dd498142af79a21e1e6745006d,a48047af8d0d8384c18e3c60671762e9214c669e852b66a9746c013c393c7f84,true,true,true,true,true
236,5200000,1,threshold_2_acquired_efficacy,efficacy_and_persistence,production,1/4/2/4294967296/0;1/1/1/4294967296/0,1|0|1,5,0,3,0,0,1,0,0,5,1,be9c433676c9d9faf9762c48527be8e9d6473532457c0f0a057f5810561e0c45,8e4bb4bd868b963c649e0187963f7d4103a0a5dd498142af79a21e1e6745006d,a48047af8d0d8384c18e3c60671762e9214c669e852b66a9746c013c393c7f84,true,true,true,true,true
237,5200000,1,threshold_3_still_insufficient,persistence_only,reference,1/4/1/4294967296/0,0|0,2,0,1,0,0,0,0,0,2,1,086f1c604f772cb52c2391099e19ea67d577e3196d59ee883cd1d01f9eb7ddfa,33b080da7c46dbb434db91ec2bad5e6b765b57630b410d3d85744d41b21dedac,d5eeda066c176e8c45c5db1a52b56e017bad6265fafbf0a7ca812edd4fe8c6da,true,true,true,true,true
237,5200000,1,threshold_3_still_insufficient,persistence_only,production,1/4/1/4294967296/0,0|0,2,0,1,0,0,0,0,0,2,1,086f1c604f772cb52c2391099e19ea67d577e3196d59ee883cd1d01f9eb7ddfa,33b080da7c46dbb434db91ec2bad5e6b765b57630b410d3d85744d41b21dedac,d5eeda066c176e8c45c5db1a52b56e017bad6265fafbf0a7ca812edd4fe8c6da,true,true,true,true,true
238,5200000,1,threshold_3_still_insufficient,efficacy_and_persistence,reference,1/4/2/4294967296/0,0|0,2,0,1,0,0,0,0,0,2,1,710b8577f33142ac29972bf3a01bb1013fd8e09174edb5f9fbe81391e5f5b69a,9bfa93665132763f4bfd9dfaaf8d8364372c1f9e5f5e9e65f6bccd90e263c69b,42a94034450d07cb813e9c6dc9a41047d8f79761df4e2c942311415ea3f6d390,true,true,true,true,true
238,5200000,1,threshold_3_still_insufficient,efficacy_and_persistence,production,1/4/2/4294967296/0,0|0,2,0,1,0,0,0,0,0,2,1,710b8577f33142ac29972bf3a01bb1013fd8e09174edb5f9fbe81391e5f5b69a,9bfa93665132763f4bfd9dfaaf8d8364372c1f9e5f5e9e65f6bccd90e263c69b,42a94034450d07cb813e9c6dc9a41047d8f79761df4e2c942311415ea3f6d390,true,true,true,true,true
239,5200000,1,threshold_2_two_physical_inputs,persistence_only,reference,1/4/1/4294967296/0;1/4/1/4294967296/0,1|1,5,0,3,0,0,1,0,0,5,1,fcc6e7ed87ddd826e0d8a4250438a5fd75537450aaa5e34c03fb9a7fdb2d772b,4917e3dca404da5dfcdc08ca9a9262ec747d349011f0c8725f74af274724ad70,53187266cf2776d10611613ca97b3d6d0acaf3642915a4b8f899943c8066b2f4,true,true,true,true,true
239,5200000,1,threshold_2_two_physical_inputs,persistence_only,production,1/4/1/4294967296/0;1/4/1/4294967296/0,1|1,5,0,3,0,0,1,0,0,5,1,fcc6e7ed87ddd826e0d8a4250438a5fd75537450aaa5e34c03fb9a7fdb2d772b,4917e3dca404da5dfcdc08ca9a9262ec747d349011f0c8725f74af274724ad70,53187266cf2776d10611613ca97b3d6d0acaf3642915a4b8f899943c8066b2f4,true,true,true,true,true
240,5200000,1,threshold_2_two_physical_inputs,efficacy_and_persistence,reference,1/4/1/4294967296/0;1/4/1/4294967296/0,1|1,5,0,3,0,0,1,0,0,5,1,a613ce38df8eb9200a38cd3d5599731bb95d3b7cfe2e25b4209ccb47f32d25f4,116b4383bab67ce0ae6a1d181ef3dca9c2ebac92e0ae007e9696070f1d798001,6c3fee6a7a1ab06b21aa084d76e5253ecd46797dcc0321c0ae88408bf089acb2,true,true,true,true,true
240,5200000,1,threshold_2_two_physical_inputs,efficacy_and_persistence,production,1/4/1/4294967296/0;1/4/1/4294967296/0,1|1,5,0,3,0,0,1,0,0,5,1,a613ce38df8eb9200a38cd3d5599731bb95d3b7cfe2e25b4209ccb47f32d25f4,116b4383bab67ce0ae6a1d181ef3dca9c2ebac92e0ae007e9696070f1d798001,6c3fee6a7a1ab06b21aa084d76e5253ecd46797dcc0321c0ae88408bf089acb2,true,true,true,true,true
241,5200000,2,cpc0_contact_locality,persistence_only,reference,1/7/1/4026531840/4026531840;1/4/1/4026531840/0,4026531840|0,6,1,4,1,0,0,0,0,8,3,b9a15559447e56352edcec2e1bd865ebf988dc4312d769e7cb734f493603b6df,5a55389d32c433b1d0430b74433b543921e76db26f0be9e542dd42b6b6bf8513,0cb1400f6bc6974cf9768c812a6fa02382ef71b06d61ac1d0aff312899818e27,true,true,false,true,false
241,5200000,2,cpc0_contact_locality,persistence_only,production,1/7/1/4026531840/4026531840;1/4/1/4026531840/0,4026531840|0,6,1,4,1,0,0,0,0,8,3,b9a15559447e56352edcec2e1bd865ebf988dc4312d769e7cb734f493603b6df,5a55389d32c433b1d0430b74433b543921e76db26f0be9e542dd42b6b6bf8513,63c58029b7d7362789d6648e2771b7d9dfd72511f0b1e72b610bafa40b0f107f,true,true,false,true,false
242,5200000,2,cpc0_contact_locality,efficacy_and_persistence,reference,1/7/2/4026531840/4026531840;1/4/2/4026531840/0,4026531840|0,6,1,4,1,0,0,0,0,8,3,a57c34a08880af786ea60ba103ad52fda6081104016835e582b67743fe43db07,dd63362dc09fe164d28ccd578a214d6ef05700c3c25694deac3372e5146d84fe,15da41582f07e63a04fb152db5a228fcde064ff7268e5ac0749aff7a82527327,true,true,false,true,false
242,5200000,2,cpc0_contact_locality,efficacy_and_persistence,production,1/7/2/4026531840/4026531840;1/4/2/4026531840/0,4026531840|0,6,1,4,1,0,0,0,0,8,3,a57c34a08880af786ea60ba103ad52fda6081104016835e582b67743fe43db07,dd63362dc09fe164d28ccd578a214d6ef05700c3c25694deac3372e5146d84fe,79939ecb9dcc0195bf1c120ae0fe9f21b72dfe7ccd1a14159146a4c75c850522,true,true,false,true,false
243,5200000,2,cpc1_temporal_participation,persistence_only,reference,1/6/1/1979772000/4026531840;1/5/1/1979772000/1979772000;1/7/1/1979772000/3110400000;1/7/1/1979772000/3110400000;1/7/1/4542662625/7136931840,4026531840|1979772000|3110400000|3110400000|7136931840,19,5,12,5,0,0,0,0,29,14,dc3e9be1abbeed62cb6d8630dfb196924f4df152a46de6c5e9f6dc3b78c40216,4bcca492375b3bdd715f0e4bb12e4ffc741a9a01780b9bfa0930ce5599edb3b8,1f71277b2e1ed3619715ddedf78502fb76fff749b67c0ff4ad8d427e83c7ce1d,true,true,false,true,false
243,5200000,2,cpc1_temporal_participation,persistence_only,production,1/6/1/1979772000/4026531840;1/5/1/1979772000/1979772000;1/7/1/1979772000/3110400000;1/7/1/1979772000/3110400000;1/7/1/4542662625/7136931840,4026531840|1979772000|3110400000|3110400000|7136931840,19,5,12,5,0,0,0,0,29,14,dc3e9be1abbeed62cb6d8630dfb196924f4df152a46de6c5e9f6dc3b78c40216,4bcca492375b3bdd715f0e4bb12e4ffc741a9a01780b9bfa0930ce5599edb3b8,63461c620c417bca3011ce2ef3438cdfd849a3d7c3fb6ff41dc087bdc116930f,true,true,false,true,false
244,5200000,2,cpc1_temporal_participation,efficacy_and_persistence,reference,1/6/2/1979772000/4026531840;1/5/2/1979772000/1979772000;1/7/2/1979772000/3110400000;1/7/2/1979772000/3110400000;1/7/2/4542662625/7136931840,4026531840|1979772000|3110400000|3110400000|7136931840,19,5,12,5,0,0,0,0,29,14,98c8df952f02ee60261891f1c8991cdadc32d7f41fb32128c67006eb906fe09f,88ea6e770d4d491a594eeb4a61a8abb9de524468c42871c205e26e6105882f50,0bf03026e1dafcba611f0c469dacfdb70c75b6c2e2332225f035b1b83887575b,true,true,false,true,false
244,5200000,2,cpc1_temporal_participation,efficacy_and_persistence,production,1/6/2/1979772000/4026531840;1/5/2/1979772000/1979772000;1/7/2/1979772000/3110400000;1/7/2/1979772000/3110400000;1/7/2/4542662625/7136931840,4026531840|1979772000|3110400000|3110400000|7136931840,19,5,12,5,0,0,0,0,29,14,98c8df952f02ee60261891f1c8991cdadc32d7f41fb32128c67006eb906fe09f,88ea6e770d4d491a594eeb4a61a8abb9de524468c42871c205e26e6105882f50,817d7edecec011d60fb0c1456aa618c71d0cc7de6961cba580f7ab784ff400ca,true,true,false,true,false
245,5200000,2,pqlc0_one_hop,persistence_only,reference,1/7/1/4026531840/4026531840,1|4026531840,5,2,4,2,1,0,0,0,10,3,573e3eb749637d45da790bb515610d466a0621c02d9a881bc7c2e813bf7c55f3,08e14bfff0fb45fee23df1cecc10d8e9395924e734427c0f891f55b0405e6321,4fba9cc8ccdefd738779466dd8538364702a6244c59e23af7e716c7bf8dc1f8f,true,true,false,true,false
245,5200000,2,pqlc0_one_hop,persistence_only,production,1/7/1/4026531840/4026531840,1|4026531840,5,2,4,2,1,0,0,0,10,3,573e3eb749637d45da790bb515610d466a0621c02d9a881bc7c2e813bf7c55f3,08e14bfff0fb45fee23df1cecc10d8e9395924e734427c0f891f55b0405e6321,014dbba77bf8f94a8d998a85df687427879232f1dc436b3d9ca0e685a05fbf0a,true,true,false,true,false
246,5200000,2,pqlc0_one_hop,efficacy_and_persistence,reference,1/7/2/4026531840/4026531840,1|4026531840,5,2,4,2,1,0,0,0,10,3,37a202121faa73d0ac82fb381d0468248bd4733e30e5acce2ffc2e336e213986,e5d59c09907ae6bad0e84892aa6121c90d30d9b00c851f830de19f04b963a358,60456275428b95664ea9ed5374d9dd497367041e5d65c235e2e211f60015e12b,true,true,false,true,false
246,5200000,2,pqlc0_one_hop,efficacy_and_persistence,production,1/7/2/4026531840/4026531840,1|4026531840,5,2,4,2,1,0,0,0,10,3,37a202121faa73d0ac82fb381d0468248bd4733e30e5acce2ffc2e336e213986,e5d59c09907ae6bad0e84892aa6121c90d30d9b00c851f830de19f04b963a358,134ea71bb7b882fd617b3c5b1eff16917d1898a8728608b168292eef918872be,true,true,false,true,false
247,5200000,2,pqlc1_depth_16,persistence_only,reference,1/7/1/4026531840/4026531840;1/7/1/4026531840/4026531840;1/7/1/4026531840/4026531840;1/7/1/4026531840/4026531840;1/7/1/4026531840/4026531840;1/7/1/4026531840/4026531840;1/7/1/4026531840/4026531840;1/7/1/4026531840/4026531840;1/7/1/4026531840/4026531840;1/7/1/4026531840/4026531840;1/7/1/4026531840/4026531840;1/7/1/4026531840/4026531840;1/7/1/4026531840/4026531840;1/7/1/4026531840/4026531840;1/7/1/4026531840/4026531840;1/7/1/4026531840/4026531840,16,19,16,18,16,15,0,0,0,66,3,a4effee3de61b0de0adc17a7cba63498795d159ebe9119f74b763c33e6b1ac4f,dc8d21a19d3f690aa9a9ae601e8520d8a2684c8b4b2b11b40119843232a06774,2a6b37a2c97453d68eb0f95862018f8cf8791d1068dd7b71ab882f54deef6422,true,true,false,true,false
247,5200000,2,pqlc1_depth_16,persistence_only,production,1/7/1/4026531840/4026531840;1/7/1/4026531840/4026531840;1/7/1/4026531840/4026531840;1/7/1/4026531840/4026531840;1/7/1/4026531840/4026531840;1/7/1/4026531840/4026531840;1/7/1/4026531840/4026531840;1/7/1/4026531840/4026531840;1/7/1/4026531840/4026531840;1/7/1/4026531840/4026531840;1/7/1/4026531840/4026531840;1/7/1/4026531840/4026531840;1/7/1/4026531840/4026531840;1/7/1/4026531840/4026531840;1/7/1/4026531840/4026531840;1/7/1/4026531840/4026531840,16,19,16,18,16,15,0,0,0,66,3,a4effee3de61b0de0adc17a7cba63498795d159ebe9119f74b763c33e6b1ac4f,dc8d21a19d3f690aa9a9ae601e8520d8a2684c8b4b2b11b40119843232a06774,69ef9e9d5d0fbf3552d9907a866820ecf3c1767356e5c980f4e8d2cdf99dd589,true,true,false,true,false
248,5200000,2,pqlc1_depth_16,efficacy_and_persistence,reference,1/7/2/4026531840/4026531840;1/7/2/4026531840/4026531840;1/7/2/4026531840/4026531840;1/7/2/4026531840/4026531840;1/7/2/4026531840/4026531840;1/7/2/4026531840/4026531840;1/7/2/4026531840/4026531840;1/7/2/4026531840/4026531840;1/7/2/4026531840/4026531840;1/7/2/4026531840/4026531840;1/7/2/4026531840/4026531840;1/7/2/4026531840/4026531840;1/7/2/4026531840/4026531840;1/7/2/4026531840/4026531840;1/7/2/4026531840/4026531840;1/7/2/4026531840/4026531840,16,19,16,18,16,15,0,0,0,66,3,3164295394b4676de9ea464654c81cacb405ece80e16491f770c059d64d312bf,969343c718f67900bfbe369a18b5d7795d81e0f6ea6c1c657755ae01dcb8b403,255446559f47544bac9f64414a443b8f6bd45d4c7641c6b8fae09c11a721e832,true,true,false,true,false
248,5200000,2,pqlc1_depth_16,efficacy_and_persistence,production,1/7/2/4026531840/4026531840;1/7/2/4026531840/4026531840;1/7/2/4026531840/4026531840;1/7/2/4026531840/4026531840;1/7/2/4026531840/4026531840;1/7/2/4026531840/4026531840;1/7/2/4026531840/4026531840;1/7/2/4026531840/4026531840;1/7/2/4026531840/4026531840;1/7/2/4026531840/4026531840;1/7/2/4026531840/4026531840;1/7/2/4026531840/4026531840;1/7/2/4026531840/4026531840;1/7/2/4026531840/4026531840;1/7/2/4026531840/4026531840;1/7/2/4026531840/4026531840,16,19,16,18,16,15,0,0,0,66,3,3164295394b4676de9ea464654c81cacb405ece80e16491f770c059d64d312bf,969343c718f67900bfbe369a18b5d7795d81e0f6ea6c1c657755ae01dcb8b403,7d42335be2c0d5ecce7a8777eee343d40655d78c1596a9c0becb701e07d39e3d,true,true,false,true,false
249,5200000,2,fd0_equal_persistence,persistence_only,reference,1/1/1/0/0;0/0/1/0/0,1|0,0,0,0,0,0,0,0,1,1,42,4f53cda18c2baa0c0354bb5f9a3ecbe5ed12ab4d8e11ba873c2f11161202b945,30cdd20d7cddc353b24a02ddb50fe9b227bbabf3db5394fc6ac0cb636f144eaf,43ba6f857a6f30c66a69a13a761d8713da24874e995d726c2ff32f87c886cc9c,true,true,false,true,false
249,5200000,2,fd0_equal_persistence,persistence_only,production,1/1/1/0/0;0/0/1/0/0,1|0,0,0,0,0,0,0,0,1,1,42,4f53cda18c2baa0c0354bb5f9a3ecbe5ed12ab4d8e11ba873c2f11161202b945,30cdd20d7cddc353b24a02ddb50fe9b227bbabf3db5394fc6ac0cb636f144eaf,92d691daa4ec219c81d40cccbc7de6cbb34e4b84a4fff9ad6043620aa61a3b60,true,true,false,true,false
250,5200000,2,fd0_equal_persistence,efficacy_and_persistence,reference,1/1/2/0/0;0/0/2/0/0,1|0,0,0,0,0,0,0,0,1,1,42,4f53cda18c2baa0c0354bb5f9a3ecbe5ed12ab4d8e11ba873c2f11161202b945,8adaf9ee49a1608c4bb96479fbf634a7a6f42f642f00a39f0cdc88e765033a31,2defe023adb7c56ca1bd0c0c1622c6d068a93db5c7a48f2d45a8c87b5f8504ed,true,true,false,true,false
250,5200000,2,fd0_equal_persistence,efficacy_and_persistence,production,1/1/2/0/0;0/0/2/0/0,1|0,0,0,0,0,0,0,0,1,1,42,4f53cda18c2baa0c0354bb5f9a3ecbe5ed12ab4d8e11ba873c2f11161202b945,8adaf9ee49a1608c4bb96479fbf634a7a6f42f642f00a39f0cdc88e765033a31,47532ba191d04f936aca8acab2cd1145ff4cfa2108543e22e522ccc11334b4cb,true,true,false,true,false
251,5200000,2,fd1_consolidation,persistence_only,reference,1/4/1/4026531840/4026531840;1/1/1/4026531840/0,4026531840|0,5,1,3,1,0,0,0,0,7,3,76af576056a92d7fec5d8c3ee6d268effcedd9a295be7d320493decf9f9a34cd,d823f667d46dad00e2a19d0ef2347ee0c9bae18e15ba7b6a46a0abe96fbe1a8f,a2ed4947967d885e72551c5cbee5047f53290be46e3180f4e0604f37dc5f3a9b,true,true,false,true,false
251,5200000,2,fd1_consolidation,persistence_only,production,1/4/1/4026531840/4026531840;1/1/1/4026531840/0,4026531840|0,5,1,3,1,0,0,0,0,7,3,76af576056a92d7fec5d8c3ee6d268effcedd9a295be7d320493decf9f9a34cd,d823f667d46dad00e2a19d0ef2347ee0c9bae18e15ba7b6a46a0abe96fbe1a8f,8c8847ec5e766e76e8c9a3ebe69e57dacad2e7371b48e8398bc22e06c477fa52,true,true,false,true,false
252,5200000,2,fd1_consolidation,efficacy_and_persistence,reference,1/4/2/4026531840/4026531840;1/1/2/4026531840/0,4026531840|0,5,1,3,1,0,0,0,0,7,3,a41a9af0e123232532f4428064d5a029d804bcba4d6edc1867d200fed5a3f89c,59d972c34c65d74f5949d344af53f83b62a093923377315af06ff828fc4689c1,4c7cafd57da868647e006759e5cefa419e322ad0ba602b511d53362254521d33,true,true,false,true,false
252,5200000,2,fd1_consolidation,efficacy_and_persistence,production,1/4/2/4026531840/4026531840;1/1/2/4026531840/0,4026531840|0,5,1,3,1,0,0,0,0,7,3,a41a9af0e123232532f4428064d5a029d804bcba4d6edc1867d200fed5a3f89c,59d972c34c65d74f5949d344af53f83b62a093923377315af06ff828fc4689c1,dbe0981d8c7da8fca6c4cebb68c4db2c506aab4c2e7081b44cacf34a218bf6a8,true,true,false,true,false
253,5200000,2,threshold_1_already_executable,persistence_only,reference,1/4/1/4294967296/0,1|1,3,0,2,0,0,1,0,0,3,2,2c62262903395846e444baaf7f99e0c59e6ae26f7cd902a4b199bb47e5865082,856a0ec29c5df2d189670b81c3c93686a3e866ac8f4c81e7a744baa2cba907e8,a0847ba9690f56491931d3e6175f5fae93e26b899304e0713c938a4d635ebe33,true,true,true,true,true
253,5200000,2,threshold_1_already_executable,persistence_only,production,1/4/1/4294967296/0,1|1,3,0,2,0,0,1,0,0,3,2,2c62262903395846e444baaf7f99e0c59e6ae26f7cd902a4b199bb47e5865082,856a0ec29c5df2d189670b81c3c93686a3e866ac8f4c81e7a744baa2cba907e8,a0847ba9690f56491931d3e6175f5fae93e26b899304e0713c938a4d635ebe33,true,true,true,true,true
254,5200000,2,threshold_1_already_executable,efficacy_and_persistence,reference,1/4/2/4294967296/0,1|1,3,0,2,0,0,1,0,0,3,2,afcdf284cfdc6959453d32a1710ffc8528c8d1ce2190bdc556cf2fb1161ccbcf,6d78721e1e60d456ec508eafd66e3aed3841e52b1a48fad9d39cf23970b8c8f0,97dad135225916f9a204cdaf9189b70ddc341e71170dd4c2cf6720b4ae4fba04,true,true,true,true,true
254,5200000,2,threshold_1_already_executable,efficacy_and_persistence,production,1/4/2/4294967296/0,1|1,3,0,2,0,0,1,0,0,3,2,afcdf284cfdc6959453d32a1710ffc8528c8d1ce2190bdc556cf2fb1161ccbcf,6d78721e1e60d456ec508eafd66e3aed3841e52b1a48fad9d39cf23970b8c8f0,97dad135225916f9a204cdaf9189b70ddc341e71170dd4c2cf6720b4ae4fba04,true,true,true,true,true
255,5200000,2,threshold_2_acquired_efficacy,persistence_only,reference,1/4/1/4294967296/0;1/1/1/4294967296/0,0|0|0,4,0,2,0,0,0,0,0,4,2,5be02a7a5e67818e83d8c1ec291faadd21fa934ec48695d56491b4b284ffb48c,a5c7298b754dca89e3a7603170c135dcac652a6a9a92553b72dffcbbd247a541,2af4e9b17b3d926a7a9e943e2f9a69f260083b070f954edc04a89493650d1ebe,true,true,true,true,true
255,5200000,2,threshold_2_acquired_efficacy,persistence_only,production,1/4/1/4294967296/0;1/1/1/4294967296/0,0|0|0,4,0,2,0,0,0,0,0,4,2,5be02a7a5e67818e83d8c1ec291faadd21fa934ec48695d56491b4b284ffb48c,a5c7298b754dca89e3a7603170c135dcac652a6a9a92553b72dffcbbd247a541,2af4e9b17b3d926a7a9e943e2f9a69f260083b070f954edc04a89493650d1ebe,true,true,true,true,true
256,5200000,2,threshold_2_acquired_efficacy,efficacy_and_persistence,reference,1/4/2/4294967296/0;1/1/1/4294967296/0,1|0|1,5,0,3,0,0,1,0,0,5,2,fae7c6c1ef0032f3e73979513a9c569e0452e5438e597dd608a193cd1dbf2ffe,8e4bb4bd868b963c649e0187963f7d4103a0a5dd498142af79a21e1e6745006d,9ea0e09a047e9ef7c044da34e8f5d205be4f6e2299f23d0d8f6b0c00315bc512,true,true,true,true,true
256,5200000,2,threshold_2_acquired_efficacy,efficacy_and_persistence,production,1/4/2/4294967296/0;1/1/1/4294967296/0,1|0|1,5,0,3,0,0,1,0,0,5,2,fae7c6c1ef0032f3e73979513a9c569e0452e5438e597dd608a193cd1dbf2ffe,8e4bb4bd868b963c649e0187963f7d4103a0a5dd498142af79a21e1e6745006d,9ea0e09a047e9ef7c044da34e8f5d205be4f6e2299f23d0d8f6b0c00315bc512,true,true,true,true,true
257,5200000,2,threshold_3_still_insufficient,persistence_only,reference,1/4/1/4294967296/0,0|0,2,0,1,0,0,0,0,0,2,2,2631b44293af4bbfbfac3fb4c04d236cca88a9e8ae8598897c5d21114e035c12,33b080da7c46dbb434db91ec2bad5e6b765b57630b410d3d85744d41b21dedac,febceafd89e54508cf50525b52a0ba3a43d98c945139183f057cec9fd121ce30,true,true,true,true,true
257,5200000,2,threshold_3_still_insufficient,persistence_only,production,1/4/1/4294967296/0,0|0,2,0,1,0,0,0,0,0,2,2,2631b44293af4bbfbfac3fb4c04d236cca88a9e8ae8598897c5d21114e035c12,33b080da7c46dbb434db91ec2bad5e6b765b57630b410d3d85744d41b21dedac,febceafd89e54508cf50525b52a0ba3a43d98c945139183f057cec9fd121ce30,true,true,true,true,true
258,5200000,2,threshold_3_still_insufficient,efficacy_and_persistence,reference,1/4/2/4294967296/0,0|0,2,0,1,0,0,0,0,0,2,2,dbfe17f13658a0d10794bdef42f7d66b5e1c01f8cd385a1037a69d10a8a7f016,9bfa93665132763f4bfd9dfaaf8d8364372c1f9e5f5e9e65f6bccd90e263c69b,a0a130c22087c08609654a036a2566e5064ae02b61c749f40982c7327d724ef4,true,true,true,true,true
258,5200000,2,threshold_3_still_insufficient,efficacy_and_persistence,production,1/4/2/4294967296/0,0|0,2,0,1,0,0,0,0,0,2,2,dbfe17f13658a0d10794bdef42f7d66b5e1c01f8cd385a1037a69d10a8a7f016,9bfa93665132763f4bfd9dfaaf8d8364372c1f9e5f5e9e65f6bccd90e263c69b,a0a130c22087c08609654a036a2566e5064ae02b61c749f40982c7327d724ef4,true,true,true,true,true
259,5200000,2,threshold_2_two_physical_inputs,persistence_only,reference,1/4/1/4294967296/0;1/4/1/4294967296/0,1|1,5,0,3,0,0,1,0,0,5,2,2eeb8822ca47680af038cf2a0d5dc02212d0f1ef477b4481beae2f9bafac4bf0,4917e3dca404da5dfcdc08ca9a9262ec747d349011f0c8725f74af274724ad70,8208cd124b2365879fb4fa3424923177e03d3296d498490157add281eba4c73e,true,true,true,true,true
259,5200000,2,threshold_2_two_physical_inputs,persistence_only,production,1/4/1/4294967296/0;1/4/1/4294967296/0,1|1,5,0,3,0,0,1,0,0,5,2,2eeb8822ca47680af038cf2a0d5dc02212d0f1ef477b4481beae2f9bafac4bf0,4917e3dca404da5dfcdc08ca9a9262ec747d349011f0c8725f74af274724ad70,8208cd124b2365879fb4fa3424923177e03d3296d498490157add281eba4c73e,true,true,true,true,true
260,5200000,2,threshold_2_two_physical_inputs,efficacy_and_persistence,reference,1/4/1/4294967296/0;1/4/1/4294967296/0,1|1,5,0,3,0,0,1,0,0,5,2,d7e60ba1278abff74ab69a4806d96f2f6306cc9d7716a7a44532d58e920d39c9,116b4383bab67ce0ae6a1d181ef3dca9c2ebac92e0ae007e9696070f1d798001,7db7be9cc73ae7a376f0d02bc9c026c8e35bd5aef2c9f6eaca06964633e4ea86,true,true,true,true,true
260,5200000,2,threshold_2_two_physical_inputs,efficacy_and_persistence,production,1/4/1/4294967296/0;1/4/1/4294967296/0,1|1,5,0,3,0,0,1,0,0,5,2,d7e60ba1278abff74ab69a4806d96f2f6306cc9d7716a7a44532d58e920d39c9,116b4383bab67ce0ae6a1d181ef3dca9c2ebac92e0ae007e9696070f1d798001,7db7be9cc73ae7a376f0d02bc9c026c8e35bd5aef2c9f6eaca06964633e4ea86,true,true,true,true,true
261,5200000,3,cpc0_contact_locality,persistence_only,reference,1/7/1/4026531840/4026531840;1/4/1/4026531840/0,4026531840|0,6,1,4,1,0,0,0,0,8,4,37ad5d243fb9a745478b2dfba26377c493bb845e61568dd0723e20be5ea86047,5a55389d32c433b1d0430b74433b543921e76db26f0be9e542dd42b6b6bf8513,fffdabd06fdf66bd013b37baa35c2abc944f225fb3399769673ec5891a5e7c64,true,true,false,true,false
261,5200000,3,cpc0_contact_locality,persistence_only,production,1/7/1/4026531840/4026531840;1/4/1/4026531840/0,4026531840|0,6,1,4,1,0,0,0,0,8,4,37ad5d243fb9a745478b2dfba26377c493bb845e61568dd0723e20be5ea86047,5a55389d32c433b1d0430b74433b543921e76db26f0be9e542dd42b6b6bf8513,35135d12422302cc3714a1d282cff8eb74706c577ae8216f7e2937ff9444efb4,true,true,false,true,false
262,5200000,3,cpc0_contact_locality,efficacy_and_persistence,reference,1/7/2/4026531840/4026531840;1/4/2/4026531840/0,4026531840|0,6,1,4,1,0,0,0,0,8,4,74ac82b517c7b59d44a0bfa701709a3cfc318c4e1957e9d53d649eb5adc60c4e,dd63362dc09fe164d28ccd578a214d6ef05700c3c25694deac3372e5146d84fe,50b211ef772476ba399d18a560a396fd2f4ca69e772abc7d2698b92df1fc3428,true,true,false,true,false
262,5200000,3,cpc0_contact_locality,efficacy_and_persistence,production,1/7/2/4026531840/4026531840;1/4/2/4026531840/0,4026531840|0,6,1,4,1,0,0,0,0,8,4,74ac82b517c7b59d44a0bfa701709a3cfc318c4e1957e9d53d649eb5adc60c4e,dd63362dc09fe164d28ccd578a214d6ef05700c3c25694deac3372e5146d84fe,2dfc92500f7ac233c08bc486790b44311fbf2cbeede2ba1c259fc13235ecf555,true,true,false,true,false
263,5200000,3,cpc1_temporal_participation,persistence_only,reference,1/6/1/1979772000/4026531840;1/5/1/1979772000/1979772000;1/7/1/1979772000/3110400000;1/7/1/1979772000/3110400000;1/7/1/4542662625/7136931840,4026531840|1979772000|3110400000|3110400000|7136931840,19,5,12,5,0,0,0,0,29,15,a1633e3cde712c0dc6f1101db42aa8cabfb13365ccd13db1ca060cb38923e6df,4bcca492375b3bdd715f0e4bb12e4ffc741a9a01780b9bfa0930ce5599edb3b8,08d8073435a7d93458630053bfa73e31f401bdd76bc3f939ac1f58d130197396,true,true,false,true,false
263,5200000,3,cpc1_temporal_participation,persistence_only,production,1/6/1/1979772000/4026531840;1/5/1/1979772000/1979772000;1/7/1/1979772000/3110400000;1/7/1/1979772000/3110400000;1/7/1/4542662625/7136931840,4026531840|1979772000|3110400000|3110400000|7136931840,19,5,12,5,0,0,0,0,29,15,a1633e3cde712c0dc6f1101db42aa8cabfb13365ccd13db1ca060cb38923e6df,4bcca492375b3bdd715f0e4bb12e4ffc741a9a01780b9bfa0930ce5599edb3b8,2fd203e96065821b7d14f84c07c8f2efd4adb6b2610addce4260224291c85a0c,true,true,false,true,false
264,5200000,3,cpc1_temporal_participation,efficacy_and_persistence,reference,1/6/2/1979772000/4026531840;1/5/2/1979772000/1979772000;1/7/2/1979772000/3110400000;1/7/2/1979772000/3110400000;1/7/2/4542662625/7136931840,4026531840|1979772000|3110400000|3110400000|7136931840,19,5,12,5,0,0,0,0,29,15,100078ddc8d89d0d08bf130af9274921eddcd91e76e559a8ca38164108a600d3,88ea6e770d4d491a594eeb4a61a8abb9de524468c42871c205e26e6105882f50,7c60f2f4caab3a32a6093bea88b7232855e7645e2d9a3f1de6a2704a401326eb,true,true,false,true,false
264,5200000,3,cpc1_temporal_participation,efficacy_and_persistence,production,1/6/2/1979772000/4026531840;1/5/2/1979772000/1979772000;1/7/2/1979772000/3110400000;1/7/2/1979772000/3110400000;1/7/2/4542662625/7136931840,4026531840|1979772000|3110400000|3110400000|7136931840,19,5,12,5,0,0,0,0,29,15,100078ddc8d89d0d08bf130af9274921eddcd91e76e559a8ca38164108a600d3,88ea6e770d4d491a594eeb4a61a8abb9de524468c42871c205e26e6105882f50,f0be7177b60b2c956d0ecce3b91eeabcf5fabaf1dabc99497478097dab14e9f3,true,true,false,true,false
265,5200000,3,pqlc0_one_hop,persistence_only,reference,1/7/1/4026531840/4026531840,1|4026531840,5,2,4,2,1,0,0,0,10,4,9c7f1c0648f4c1db6e90731b03b6abfe1ac2530903b7ea425bfc3003cd65d6ee,08e14bfff0fb45fee23df1cecc10d8e9395924e734427c0f891f55b0405e6321,0b941d18a3329d63e5f4a16467ec7ba3d6e1b9115b0755f99a90584735b9d19a,true,true,false,true,false
265,5200000,3,pqlc0_one_hop,persistence_only,production,1/7/1/4026531840/4026531840,1|4026531840,5,2,4,2,1,0,0,0,10,4,9c7f1c0648f4c1db6e90731b03b6abfe1ac2530903b7ea425bfc3003cd65d6ee,08e14bfff0fb45fee23df1cecc10d8e9395924e734427c0f891f55b0405e6321,193aa465cb540f5d42358811959dc17536a2cc7fa79166fd8018c83c5a4baae9,true,true,false,true,false
266,5200000,3,pqlc0_one_hop,efficacy_and_persistence,reference,1/7/2/4026531840/4026531840,1|4026531840,5,2,4,2,1,0,0,0,10,4,684672311603458dbd87d50fccd38e94f2c14b66dd20498d5c57ee7a6c389cf2,e5d59c09907ae6bad0e84892aa6121c90d30d9b00c851f830de19f04b963a358,9e034770bf3ea09b7761a28901aca3e106fd9cd838f3f2d5bd9e65f7d3b5b13a,true,true,false,true,false
266,5200000,3,pqlc0_one_hop,efficacy_and_persistence,production,1/7/2/4026531840/4026531840,1|4026531840,5,2,4,2,1,0,0,0,10,4,684672311603458dbd87d50fccd38e94f2c14b66dd20498d5c57ee7a6c389cf2,e5d59c09907ae6bad0e84892aa6121c90d30d9b00c851f830de19f04b963a358,ef5fbe73f5972a34947bd021bc326cb6de8e7cc08589d5ff9f63bf63b611f8e1,true,true,false,true,false
267,5200000,3,pqlc1_depth_16,persistence_only,reference,1/7/1/4026531840/4026531840;1/7/1/4026531840/4026531840;1/7/1/4026531840/4026531840;1/7/1/4026531840/4026531840;1/7/1/4026531840/4026531840;1/7/1/4026531840/4026531840;1/7/1/4026531840/4026531840;1/7/1/4026531840/4026531840;1/7/1/4026531840/4026531840;1/7/1/4026531840/4026531840;1/7/1/4026531840/4026531840;1/7/1/4026531840/4026531840;1/7/1/4026531840/4026531840;1/7/1/4026531840/4026531840;1/7/1/4026531840/4026531840;1/7/1/4026531840/4026531840,16,19,16,18,16,15,0,0,0,66,4,c0d75982fc6c481508c0234aad5769826ad30cc9edf6a0f51e7768ce195ed9a1,dc8d21a19d3f690aa9a9ae601e8520d8a2684c8b4b2b11b40119843232a06774,3e4c0b66b09515fde60823f759d27edd6b2384f5c57a1e150d1dc5fff775670a,true,true,false,true,false
267,5200000,3,pqlc1_depth_16,persistence_only,production,1/7/1/4026531840/4026531840;1/7/1/4026531840/4026531840;1/7/1/4026531840/4026531840;1/7/1/4026531840/4026531840;1/7/1/4026531840/4026531840;1/7/1/4026531840/4026531840;1/7/1/4026531840/4026531840;1/7/1/4026531840/4026531840;1/7/1/4026531840/4026531840;1/7/1/4026531840/4026531840;1/7/1/4026531840/4026531840;1/7/1/4026531840/4026531840;1/7/1/4026531840/4026531840;1/7/1/4026531840/4026531840;1/7/1/4026531840/4026531840;1/7/1/4026531840/4026531840,16,19,16,18,16,15,0,0,0,66,4,c0d75982fc6c481508c0234aad5769826ad30cc9edf6a0f51e7768ce195ed9a1,dc8d21a19d3f690aa9a9ae601e8520d8a2684c8b4b2b11b40119843232a06774,01a1ce543b4422caad27f1a26b234925c7773730b461dcdf6208217dbceb9be6,true,true,false,true,false
268,5200000,3,pqlc1_depth_16,efficacy_and_persistence,reference,1/7/2/4026531840/4026531840;1/7/2/4026531840/4026531840;1/7/2/4026531840/4026531840;1/7/2/4026531840/4026531840;1/7/2/4026531840/4026531840;1/7/2/4026531840/4026531840;1/7/2/4026531840/4026531840;1/7/2/4026531840/4026531840;1/7/2/4026531840/4026531840;1/7/2/4026531840/4026531840;1/7/2/4026531840/4026531840;1/7/2/4026531840/4026531840;1/7/2/4026531840/4026531840;1/7/2/4026531840/4026531840;1/7/2/4026531840/4026531840;1/7/2/4026531840/4026531840,16,19,16,18,16,15,0,0,0,66,4,6e3ef0173781d68bdb75b6a6e4f1402971affd505d9b0851b42794ea230d3e52,969343c718f67900bfbe369a18b5d7795d81e0f6ea6c1c657755ae01dcb8b403,bf5e5b0c1611e8142a50b99fb75336867415e207fb8ad8fad52ebe32a5960ab5,true,true,false,true,false
268,5200000,3,pqlc1_depth_16,efficacy_and_persistence,production,1/7/2/4026531840/4026531840;1/7/2/4026531840/4026531840;1/7/2/4026531840/4026531840;1/7/2/4026531840/4026531840;1/7/2/4026531840/4026531840;1/7/2/4026531840/4026531840;1/7/2/4026531840/4026531840;1/7/2/4026531840/4026531840;1/7/2/4026531840/4026531840;1/7/2/4026531840/4026531840;1/7/2/4026531840/4026531840;1/7/2/4026531840/4026531840;1/7/2/4026531840/4026531840;1/7/2/4026531840/4026531840;1/7/2/4026531840/4026531840;1/7/2/4026531840/4026531840,16,19,16,18,16,15,0,0,0,66,4,6e3ef0173781d68bdb75b6a6e4f1402971affd505d9b0851b42794ea230d3e52,969343c718f67900bfbe369a18b5d7795d81e0f6ea6c1c657755ae01dcb8b403,6127c0b102e83b92328965ca70a187a86bfd667ef3e831f0f7628dd1ce80ec1d,true,true,false,true,false
269,5200000,3,fd0_equal_persistence,persistence_only,reference,1/1/1/0/0;0/0/1/0/0,1|0,0,0,0,0,0,0,0,1,1,43,4f53cda18c2baa0c0354bb5f9a3ecbe5ed12ab4d8e11ba873c2f11161202b945,30cdd20d7cddc353b24a02ddb50fe9b227bbabf3db5394fc6ac0cb636f144eaf,7cdf628ad2df69405b52594b203fd7c3b4c56b7399aaf0ca32c4ab2602009f37,true,true,false,true,false
269,5200000,3,fd0_equal_persistence,persistence_only,production,1/1/1/0/0;0/0/1/0/0,1|0,0,0,0,0,0,0,0,1,1,43,4f53cda18c2baa0c0354bb5f9a3ecbe5ed12ab4d8e11ba873c2f11161202b945,30cdd20d7cddc353b24a02ddb50fe9b227bbabf3db5394fc6ac0cb636f144eaf,b7731a5f5ecb337e1ec13c75cbdefe4c6df2a0eea44989f8bef7a542382bb77b,true,true,false,true,false
270,5200000,3,fd0_equal_persistence,efficacy_and_persistence,reference,1/1/2/0/0;0/0/2/0/0,1|0,0,0,0,0,0,0,0,1,1,43,4f53cda18c2baa0c0354bb5f9a3ecbe5ed12ab4d8e11ba873c2f11161202b945,8adaf9ee49a1608c4bb96479fbf634a7a6f42f642f00a39f0cdc88e765033a31,e4d9993440739c7051fd615364023e3d33c59089631e7d0e8b354ce624ba4cfd,true,true,false,true,false
270,5200000,3,fd0_equal_persistence,efficacy_and_persistence,production,1/1/2/0/0;0/0/2/0/0,1|0,0,0,0,0,0,0,0,1,1,43,4f53cda18c2baa0c0354bb5f9a3ecbe5ed12ab4d8e11ba873c2f11161202b945,8adaf9ee49a1608c4bb96479fbf634a7a6f42f642f00a39f0cdc88e765033a31,58a193c7009a83a2f7325966adf07825fc5fd62b712f45c8168d9c9c24cea971,true,true,false,true,false
271,5200000,3,fd1_consolidation,persistence_only,reference,1/4/1/4026531840/4026531840;1/1/1/4026531840/0,4026531840|0,5,1,3,1,0,0,0,0,7,4,0f2cf4d57c8255a679ba6ef6e5fab25fbc6dca26b2d936a3638652f265f95f0d,d823f667d46dad00e2a19d0ef2347ee0c9bae18e15ba7b6a46a0abe96fbe1a8f,c65f2aff5b26df43abd9f9209d252882b9995bf024739ae04529db18605a4710,true,true,false,true,false
271,5200000,3,fd1_consolidation,persistence_only,production,1/4/1/4026531840/4026531840;1/1/1/4026531840/0,4026531840|0,5,1,3,1,0,0,0,0,7,4,0f2cf4d57c8255a679ba6ef6e5fab25fbc6dca26b2d936a3638652f265f95f0d,d823f667d46dad00e2a19d0ef2347ee0c9bae18e15ba7b6a46a0abe96fbe1a8f,dc606b67b7327789490e80664aaab99ad4691858251f238e083d5b277db9d045,true,true,false,true,false
272,5200000,3,fd1_consolidation,efficacy_and_persistence,reference,1/4/2/4026531840/4026531840;1/1/2/4026531840/0,4026531840|0,5,1,3,1,0,0,0,0,7,4,54f86c0700bf7e0ffc4d9d48bb1f4783523232c7d3b134492c09d2e0bbce50a0,59d972c34c65d74f5949d344af53f83b62a093923377315af06ff828fc4689c1,87a2911a64c8104a319f2d9fa6f0a9dcc768b4cf0dc1c26cc3050dcab54844b6,true,true,false,true,false
272,5200000,3,fd1_consolidation,efficacy_and_persistence,production,1/4/2/4026531840/4026531840;1/1/2/4026531840/0,4026531840|0,5,1,3,1,0,0,0,0,7,4,54f86c0700bf7e0ffc4d9d48bb1f4783523232c7d3b134492c09d2e0bbce50a0,59d972c34c65d74f5949d344af53f83b62a093923377315af06ff828fc4689c1,77dd02a71c931abe9e4c7d57e46d51ec75d36cf6ca72ce0977e31143f8f3f673,true,true,false,true,false
273,5200000,3,threshold_1_already_executable,persistence_only,reference,1/4/1/4294967296/0,1|1,3,0,2,0,0,1,0,0,3,3,f6a07654edc2177e9d357ecd62d9ed6b909b0c70555ddd105156933737c97ac4,856a0ec29c5df2d189670b81c3c93686a3e866ac8f4c81e7a744baa2cba907e8,634e20ad786370fb44ef709968e6dc408e52ce4d315855d17d124e51a0287022,true,true,true,true,true
273,5200000,3,threshold_1_already_executable,persistence_only,production,1/4/1/4294967296/0,1|1,3,0,2,0,0,1,0,0,3,3,f6a07654edc2177e9d357ecd62d9ed6b909b0c70555ddd105156933737c97ac4,856a0ec29c5df2d189670b81c3c93686a3e866ac8f4c81e7a744baa2cba907e8,634e20ad786370fb44ef709968e6dc408e52ce4d315855d17d124e51a0287022,true,true,true,true,true
274,5200000,3,threshold_1_already_executable,efficacy_and_persistence,reference,1/4/2/4294967296/0,1|1,3,0,2,0,0,1,0,0,3,3,0b7309bfee543f9137982f08e1f067019132998f4a08d340788ea5325a1a94d4,6d78721e1e60d456ec508eafd66e3aed3841e52b1a48fad9d39cf23970b8c8f0,f0a77d35f7080b9e51c945bb1b9cd9bc42cfa6b89b07738a44ec258479cade71,true,true,true,true,true
274,5200000,3,threshold_1_already_executable,efficacy_and_persistence,production,1/4/2/4294967296/0,1|1,3,0,2,0,0,1,0,0,3,3,0b7309bfee543f9137982f08e1f067019132998f4a08d340788ea5325a1a94d4,6d78721e1e60d456ec508eafd66e3aed3841e52b1a48fad9d39cf23970b8c8f0,f0a77d35f7080b9e51c945bb1b9cd9bc42cfa6b89b07738a44ec258479cade71,true,true,true,true,true
275,5200000,3,threshold_2_acquired_efficacy,persistence_only,reference,1/4/1/4294967296/0;1/1/1/4294967296/0,0|0|0,4,0,2,0,0,0,0,0,4,3,8bd10f5f4ffffbeff4724945985d3ebc48e0b59461890787fb11c5e7c416221b,a5c7298b754dca89e3a7603170c135dcac652a6a9a92553b72dffcbbd247a541,0dca3b0a5f6dbef025744337503546d1681de5f6d52e9a0869956eb5a770aaef,true,true,true,true,true
275,5200000,3,threshold_2_acquired_efficacy,persistence_only,production,1/4/1/4294967296/0;1/1/1/4294967296/0,0|0|0,4,0,2,0,0,0,0,0,4,3,8bd10f5f4ffffbeff4724945985d3ebc48e0b59461890787fb11c5e7c416221b,a5c7298b754dca89e3a7603170c135dcac652a6a9a92553b72dffcbbd247a541,0dca3b0a5f6dbef025744337503546d1681de5f6d52e9a0869956eb5a770aaef,true,true,true,true,true
276,5200000,3,threshold_2_acquired_efficacy,efficacy_and_persistence,reference,1/4/2/4294967296/0;1/1/1/4294967296/0,1|0|1,5,0,3,0,0,1,0,0,5,3,2da58477527b2604f28aa4ed8b89caa06564db1dcda37be4065927fcc593f375,8e4bb4bd868b963c649e0187963f7d4103a0a5dd498142af79a21e1e6745006d,b6ed640af053cc11c4f0a87c04f88e91dd2f2b045b147f3960b447a262fa337d,true,true,true,true,true
276,5200000,3,threshold_2_acquired_efficacy,efficacy_and_persistence,production,1/4/2/4294967296/0;1/1/1/4294967296/0,1|0|1,5,0,3,0,0,1,0,0,5,3,2da58477527b2604f28aa4ed8b89caa06564db1dcda37be4065927fcc593f375,8e4bb4bd868b963c649e0187963f7d4103a0a5dd498142af79a21e1e6745006d,b6ed640af053cc11c4f0a87c04f88e91dd2f2b045b147f3960b447a262fa337d,true,true,true,true,true
277,5200000,3,threshold_3_still_insufficient,persistence_only,reference,1/4/1/4294967296/0,0|0,2,0,1,0,0,0,0,0,2,3,d752b00d554f981178cbdff4a0dc9ce75e34bf31913cd44cba258c3a23ad053c,33b080da7c46dbb434db91ec2bad5e6b765b57630b410d3d85744d41b21dedac,f63fd49b5976db61669fdb4c0366514d272df31ed8c74240029bcbf3f73530fe,true,true,true,true,true
277,5200000,3,threshold_3_still_insufficient,persistence_only,production,1/4/1/4294967296/0,0|0,2,0,1,0,0,0,0,0,2,3,d752b00d554f981178cbdff4a0dc9ce75e34bf31913cd44cba258c3a23ad053c,33b080da7c46dbb434db91ec2bad5e6b765b57630b410d3d85744d41b21dedac,f63fd49b5976db61669fdb4c0366514d272df31ed8c74240029bcbf3f73530fe,true,true,true,true,true
278,5200000,3,threshold_3_still_insufficient,efficacy_and_persistence,reference,1/4/2/4294967296/0,0|0,2,0,1,0,0,0,0,0,2,3,1742b6abbff055353c728b533f6588381fdba687c199bbe391ced712b9673e9d,9bfa93665132763f4bfd9dfaaf8d8364372c1f9e5f5e9e65f6bccd90e263c69b,9764ad6d9847158f8c3828533b3cfd2587abc23bf2d5b6ba167e4e061c41aa67,true,true,true,true,true
278,5200000,3,threshold_3_still_insufficient,efficacy_and_persistence,production,1/4/2/4294967296/0,0|0,2,0,1,0,0,0,0,0,2,3,1742b6abbff055353c728b533f6588381fdba687c199bbe391ced712b9673e9d,9bfa93665132763f4bfd9dfaaf8d8364372c1f9e5f5e9e65f6bccd90e263c69b,9764ad6d9847158f8c3828533b3cfd2587abc23bf2d5b6ba167e4e061c41aa67,true,true,true,true,true
279,5200000,3,threshold_2_two_physical_inputs,persistence_only,reference,1/4/1/4294967296/0;1/4/1/4294967296/0,1|1,5,0,3,0,0,1,0,0,5,3,bb01b07a8625e9d5cd85440a818c04405eba28e13fdd7831c37e5212442e3059,4917e3dca404da5dfcdc08ca9a9262ec747d349011f0c8725f74af274724ad70,8ad9e1f26b69539ca0e1394bcdfbeaac464c6fae606ebe95e7d8856da91ec4e5,true,true,true,true,true
279,5200000,3,threshold_2_two_physical_inputs,persistence_only,production,1/4/1/4294967296/0;1/4/1/4294967296/0,1|1,5,0,3,0,0,1,0,0,5,3,bb01b07a8625e9d5cd85440a818c04405eba28e13fdd7831c37e5212442e3059,4917e3dca404da5dfcdc08ca9a9262ec747d349011f0c8725f74af274724ad70,8ad9e1f26b69539ca0e1394bcdfbeaac464c6fae606ebe95e7d8856da91ec4e5,true,true,true,true,true
280,5200000,3,threshold_2_two_physical_inputs,efficacy_and_persistence,reference,1/4/1/4294967296/0;1/4/1/4294967296/0,1|1,5,0,3,0,0,1,0,0,5,3,585f24161d6c8708d0c217560b3034b8fe0c53b3bcaefc7790eed5f5b466bc98,116b4383bab67ce0ae6a1d181ef3dca9c2ebac92e0ae007e9696070f1d798001,d940d72e3ab35c153f5c4708cd46504b4d15cd5f36843d4cb59190d9a2471f03,true,true,true,true,true
280,5200000,3,threshold_2_two_physical_inputs,efficacy_and_persistence,production,1/4/1/4294967296/0;1/4/1/4294967296/0,1|1,5,0,3,0,0,1,0,0,5,3,585f24161d6c8708d0c217560b3034b8fe0c53b3bcaefc7790eed5f5b466bc98,116b4383bab67ce0ae6a1d181ef3dca9c2ebac92e0ae007e9696070f1d798001,d940d72e3ab35c153f5c4708cd46504b4d15cd5f36843d4cb59190d9a2471f03,true,true,true,true,true
281,5200000,4,cpc0_contact_locality,persistence_only,reference,1/7/1/4026531840/4026531840;1/4/1/4026531840/0,4026531840|0,6,1,4,1,0,0,0,0,8,5,ba20d8dcd2512c9c2b7e7598834db22897491394f9fa7bf70694ac1ae3b6d443,5a55389d32c433b1d0430b74433b543921e76db26f0be9e542dd42b6b6bf8513,574879ef3bf923a2b1d05b9de8f998c35c11d9b1a58878281f563c849d929367,true,true,false,true,false
281,5200000,4,cpc0_contact_locality,persistence_only,production,1/7/1/4026531840/4026531840;1/4/1/4026531840/0,4026531840|0,6,1,4,1,0,0,0,0,8,5,ba20d8dcd2512c9c2b7e7598834db22897491394f9fa7bf70694ac1ae3b6d443,5a55389d32c433b1d0430b74433b543921e76db26f0be9e542dd42b6b6bf8513,b1379b103dcefaef8ded60978e171fb4fa71eb9979917678734bb5659a19d199,true,true,false,true,false
282,5200000,4,cpc0_contact_locality,efficacy_and_persistence,reference,1/7/2/4026531840/4026531840;1/4/2/4026531840/0,4026531840|0,6,1,4,1,0,0,0,0,8,5,0ef7034089358f488ea224db8fe8f7e0d08e09212701100c89731a9e06431124,dd63362dc09fe164d28ccd578a214d6ef05700c3c25694deac3372e5146d84fe,d653bf7fe4d4185286db750f11e22970564d3af60571fcf86ffdf36a9ec0a779,true,true,false,true,false
282,5200000,4,cpc0_contact_locality,efficacy_and_persistence,production,1/7/2/4026531840/4026531840;1/4/2/4026531840/0,4026531840|0,6,1,4,1,0,0,0,0,8,5,0ef7034089358f488ea224db8fe8f7e0d08e09212701100c89731a9e06431124,dd63362dc09fe164d28ccd578a214d6ef05700c3c25694deac3372e5146d84fe,2f7b600e5dff555e9fa4c3a60db1e02bd6b39b3fbad5d95beeefe776c65401b9,true,true,false,true,false
283,5200000,4,cpc1_temporal_participation,persistence_only,reference,1/6/1/1979772000/4026531840;1/5/1/1979772000/1979772000;1/7/1/1979772000/3110400000;1/7/1/1979772000/3110400000;1/7/1/4542662625/7136931840,4026531840|1979772000|3110400000|3110400000|7136931840,19,5,12,5,0,0,0,0,29,16,b9b26d56a86e858dd54278c63d6b1b5a466f666eb9eded3afe50a31dd061a1b8,4bcca492375b3bdd715f0e4bb12e4ffc741a9a01780b9bfa0930ce5599edb3b8,1183f8d0000eedb657b24b79e71f75ca245f0f01fbbbe9251dc8f9323e8976ef,true,true,false,true,false
283,5200000,4,cpc1_temporal_participation,persistence_only,production,1/6/1/1979772000/4026531840;1/5/1/1979772000/1979772000;1/7/1/1979772000/3110400000;1/7/1/1979772000/3110400000;1/7/1/4542662625/7136931840,4026531840|1979772000|3110400000|3110400000|7136931840,19,5,12,5,0,0,0,0,29,16,b9b26d56a86e858dd54278c63d6b1b5a466f666eb9eded3afe50a31dd061a1b8,4bcca492375b3bdd715f0e4bb12e4ffc741a9a01780b9bfa0930ce5599edb3b8,4a60c06f4deba09c8cf50ab97f0d95bc968fb2c4cc1065b19f3656caa4cff982,true,true,false,true,false
284,5200000,4,cpc1_temporal_participation,efficacy_and_persistence,reference,1/6/2/1979772000/4026531840;1/5/2/1979772000/1979772000;1/7/2/1979772000/3110400000;1/7/2/1979772000/3110400000;1/7/2/4542662625/7136931840,4026531840|1979772000|3110400000|3110400000|7136931840,19,5,12,5,0,0,0,0,29,16,6e85106663f864f5bde4460335f3096f1a8be08fedcdc14f7fa71d1c92dace10,88ea6e770d4d491a594eeb4a61a8abb9de524468c42871c205e26e6105882f50,8a9145b48579d2e9a09478e447fafcf436bd4c8fbd9fabbcb083b673a9042e01,true,true,false,true,false
284,5200000,4,cpc1_temporal_participation,efficacy_and_persistence,production,1/6/2/1979772000/4026531840;1/5/2/1979772000/1979772000;1/7/2/1979772000/3110400000;1/7/2/1979772000/3110400000;1/7/2/4542662625/7136931840,4026531840|1979772000|3110400000|3110400000|7136931840,19,5,12,5,0,0,0,0,29,16,6e85106663f864f5bde4460335f3096f1a8be08fedcdc14f7fa71d1c92dace10,88ea6e770d4d491a594eeb4a61a8abb9de524468c42871c205e26e6105882f50,4dcd194f4a8e22c64e7b16fb758350be88d22b8de1df7113ea887840ad47c9c4,true,true,false,true,false
285,5200000,4,pqlc0_one_hop,persistence_only,reference,1/7/1/4026531840/4026531840,1|4026531840,5,2,4,2,1,0,0,0,10,5,59a990d71ecbf01997f00b0f9c24374acc385646d35d89a067d4312376b17203,08e14bfff0fb45fee23df1cecc10d8e9395924e734427c0f891f55b0405e6321,97f94431fd6cce3fe696b4e4748770865a8e0af309777a33c938bf133d057439,true,true,false,true,false
285,5200000,4,pqlc0_one_hop,persistence_only,production,1/7/1/4026531840/4026531840,1|4026531840,5,2,4,2,1,0,0,0,10,5,59a990d71ecbf01997f00b0f9c24374acc385646d35d89a067d4312376b17203,08e14bfff0fb45fee23df1cecc10d8e9395924e734427c0f891f55b0405e6321,96a91d1d868a221528f5ad7d453368c5984d150538522e3593124cae2a0cea4e,true,true,false,true,false
286,5200000,4,pqlc0_one_hop,efficacy_and_persistence,reference,1/7/2/4026531840/4026531840,1|4026531840,5,2,4,2,1,0,0,0,10,5,adf185efc7a44b837a5ff1a9bbcd2fbe3c3cb537ffa5b61079b202614b080c74,e5d59c09907ae6bad0e84892aa6121c90d30d9b00c851f830de19f04b963a358,fc59c6dffe33429963e807c7f7020aa7d45a1d16ce86f08c3505ece4099a0a1c,true,true,false,true,false
286,5200000,4,pqlc0_one_hop,efficacy_and_persistence,production,1/7/2/4026531840/4026531840,1|4026531840,5,2,4,2,1,0,0,0,10,5,adf185efc7a44b837a5ff1a9bbcd2fbe3c3cb537ffa5b61079b202614b080c74,e5d59c09907ae6bad0e84892aa6121c90d30d9b00c851f830de19f04b963a358,aec2a47b529785f84da9933c16b4219008fe87705234c6a6a7bb48a5ac610e38,true,true,false,true,false
287,5200000,4,pqlc1_depth_16,persistence_only,reference,1/7/1/4026531840/4026531840;1/7/1/4026531840/4026531840;1/7/1/4026531840/4026531840;1/7/1/4026531840/4026531840;1/7/1/4026531840/4026531840;1/7/1/4026531840/4026531840;1/7/1/4026531840/4026531840;1/7/1/4026531840/4026531840;1/7/1/4026531840/4026531840;1/7/1/4026531840/4026531840;1/7/1/4026531840/4026531840;1/7/1/4026531840/4026531840;1/7/1/4026531840/4026531840;1/7/1/4026531840/4026531840;1/7/1/4026531840/4026531840;1/7/1/4026531840/4026531840,16,19,16,18,16,15,0,0,0,66,5,6c4d2ec95124ecf85d4216eaf480f170f4c69bb849e60dc76d15106e3a363823,dc8d21a19d3f690aa9a9ae601e8520d8a2684c8b4b2b11b40119843232a06774,b13817a929c8b122f748986deb19d92e1d486fcac916a506c4fa08194725a784,true,true,false,true,false
287,5200000,4,pqlc1_depth_16,persistence_only,production,1/7/1/4026531840/4026531840;1/7/1/4026531840/4026531840;1/7/1/4026531840/4026531840;1/7/1/4026531840/4026531840;1/7/1/4026531840/4026531840;1/7/1/4026531840/4026531840;1/7/1/4026531840/4026531840;1/7/1/4026531840/4026531840;1/7/1/4026531840/4026531840;1/7/1/4026531840/4026531840;1/7/1/4026531840/4026531840;1/7/1/4026531840/4026531840;1/7/1/4026531840/4026531840;1/7/1/4026531840/4026531840;1/7/1/4026531840/4026531840;1/7/1/4026531840/4026531840,16,19,16,18,16,15,0,0,0,66,5,6c4d2ec95124ecf85d4216eaf480f170f4c69bb849e60dc76d15106e3a363823,dc8d21a19d3f690aa9a9ae601e8520d8a2684c8b4b2b11b40119843232a06774,32166cc54a940ddfc6aca3c722bb4ee4424e00682df9948646f0c014b9d332e0,true,true,false,true,false
288,5200000,4,pqlc1_depth_16,efficacy_and_persistence,reference,1/7/2/4026531840/4026531840;1/7/2/4026531840/4026531840;1/7/2/4026531840/4026531840;1/7/2/4026531840/4026531840;1/7/2/4026531840/4026531840;1/7/2/4026531840/4026531840;1/7/2/4026531840/4026531840;1/7/2/4026531840/4026531840;1/7/2/4026531840/4026531840;1/7/2/4026531840/4026531840;1/7/2/4026531840/4026531840;1/7/2/4026531840/4026531840;1/7/2/4026531840/4026531840;1/7/2/4026531840/4026531840;1/7/2/4026531840/4026531840;1/7/2/4026531840/4026531840,16,19,16,18,16,15,0,0,0,66,5,d622699bcdf0c7b96c3b579bb8141b0dbda88b9df2a8205a09828a7479cd9ac2,969343c718f67900bfbe369a18b5d7795d81e0f6ea6c1c657755ae01dcb8b403,784f71f41a0cc8b04dd9a2b7baefccce970fa9de4e3a7a67347821615d43cc83,true,true,false,true,false
288,5200000,4,pqlc1_depth_16,efficacy_and_persistence,production,1/7/2/4026531840/4026531840;1/7/2/4026531840/4026531840;1/7/2/4026531840/4026531840;1/7/2/4026531840/4026531840;1/7/2/4026531840/4026531840;1/7/2/4026531840/4026531840;1/7/2/4026531840/4026531840;1/7/2/4026531840/4026531840;1/7/2/4026531840/4026531840;1/7/2/4026531840/4026531840;1/7/2/4026531840/4026531840;1/7/2/4026531840/4026531840;1/7/2/4026531840/4026531840;1/7/2/4026531840/4026531840;1/7/2/4026531840/4026531840;1/7/2/4026531840/4026531840,16,19,16,18,16,15,0,0,0,66,5,d622699bcdf0c7b96c3b579bb8141b0dbda88b9df2a8205a09828a7479cd9ac2,969343c718f67900bfbe369a18b5d7795d81e0f6ea6c1c657755ae01dcb8b403,55f7b7df4827a622a2b0acb8dc8ea041c6ab79e8f95e4bf883519d7d99338577,true,true,false,true,false
289,5200000,4,fd0_equal_persistence,persistence_only,reference,1/1/1/0/0;0/0/1/0/0,1|0,0,0,0,0,0,0,0,1,1,44,4f53cda18c2baa0c0354bb5f9a3ecbe5ed12ab4d8e11ba873c2f11161202b945,30cdd20d7cddc353b24a02ddb50fe9b227bbabf3db5394fc6ac0cb636f144eaf,fc672bf28db3169152c1e4f8febe80491a06333942d016de5b8cc2e2ac600b0a,true,true,false,true,false
289,5200000,4,fd0_equal_persistence,persistence_only,production,1/1/1/0/0;0/0/1/0/0,1|0,0,0,0,0,0,0,0,1,1,44,4f53cda18c2baa0c0354bb5f9a3ecbe5ed12ab4d8e11ba873c2f11161202b945,30cdd20d7cddc353b24a02ddb50fe9b227bbabf3db5394fc6ac0cb636f144eaf,92af8de1b58c56f963cefd7624fe0659f551074ea0539e830d088c6d0a2e4a12,true,true,false,true,false
290,5200000,4,fd0_equal_persistence,efficacy_and_persistence,reference,1/1/2/0/0;0/0/2/0/0,1|0,0,0,0,0,0,0,0,1,1,44,4f53cda18c2baa0c0354bb5f9a3ecbe5ed12ab4d8e11ba873c2f11161202b945,8adaf9ee49a1608c4bb96479fbf634a7a6f42f642f00a39f0cdc88e765033a31,eef116e3dabd6c94917660bf444cbe9342b0bfd34b66b4599e89bb3527798903,true,true,false,true,false
290,5200000,4,fd0_equal_persistence,efficacy_and_persistence,production,1/1/2/0/0;0/0/2/0/0,1|0,0,0,0,0,0,0,0,1,1,44,4f53cda18c2baa0c0354bb5f9a3ecbe5ed12ab4d8e11ba873c2f11161202b945,8adaf9ee49a1608c4bb96479fbf634a7a6f42f642f00a39f0cdc88e765033a31,2dbe3bcc0eccbe4a3f1eb70dd71c4c4b984333b77632dbe81ae27ed3e0911da8,true,true,false,true,false
291,5200000,4,fd1_consolidation,persistence_only,reference,1/4/1/4026531840/4026531840;1/1/1/4026531840/0,4026531840|0,5,1,3,1,0,0,0,0,7,5,06ada500634afca1e92b06717a363885959208483fa5c0e7437df82002c24868,d823f667d46dad00e2a19d0ef2347ee0c9bae18e15ba7b6a46a0abe96fbe1a8f,a51167177b963f1038645a3a4ed580afd0d67d90e3d2e59256b4737d837d94c2,true,true,false,true,false
291,5200000,4,fd1_consolidation,persistence_only,production,1/4/1/4026531840/4026531840;1/1/1/4026531840/0,4026531840|0,5,1,3,1,0,0,0,0,7,5,06ada500634afca1e92b06717a363885959208483fa5c0e7437df82002c24868,d823f667d46dad00e2a19d0ef2347ee0c9bae18e15ba7b6a46a0abe96fbe1a8f,379ef4adb6ecdbaae838aa72074b6007d26dff569d42a66a7cd1c29d4ec901f8,true,true,false,true,false
292,5200000,4,fd1_consolidation,efficacy_and_persistence,reference,1/4/2/4026531840/4026531840;1/1/2/4026531840/0,4026531840|0,5,1,3,1,0,0,0,0,7,5,73e7e78c82ad43bbcdce868f10fabafca84090d45d40c43e3c742990fd41b276,59d972c34c65d74f5949d344af53f83b62a093923377315af06ff828fc4689c1,e2f58925e16941cc6d340ba971166a4de7d82d0843824d4cf2bc8601b70d5719,true,true,false,true,false
292,5200000,4,fd1_consolidation,efficacy_and_persistence,production,1/4/2/4026531840/4026531840;1/1/2/4026531840/0,4026531840|0,5,1,3,1,0,0,0,0,7,5,73e7e78c82ad43bbcdce868f10fabafca84090d45d40c43e3c742990fd41b276,59d972c34c65d74f5949d344af53f83b62a093923377315af06ff828fc4689c1,8101497727e8aec5266e13e524525627966e121e621fbf5c8adc777a2821b363,true,true,false,true,false
293,5200000,4,threshold_1_already_executable,persistence_only,reference,1/4/1/4294967296/0,1|1,3,0,2,0,0,1,0,0,3,4,0a00a275bec662ed5e745c298dcd087db646c4190d179eea9a7a703f2c571a65,856a0ec29c5df2d189670b81c3c93686a3e866ac8f4c81e7a744baa2cba907e8,ad4b170cd00a5174085a013ca5b43d65269ceddd560a1c3bf1e2267ef1da7c88,true,true,true,true,true
293,5200000,4,threshold_1_already_executable,persistence_only,production,1/4/1/4294967296/0,1|1,3,0,2,0,0,1,0,0,3,4,0a00a275bec662ed5e745c298dcd087db646c4190d179eea9a7a703f2c571a65,856a0ec29c5df2d189670b81c3c93686a3e866ac8f4c81e7a744baa2cba907e8,ad4b170cd00a5174085a013ca5b43d65269ceddd560a1c3bf1e2267ef1da7c88,true,true,true,true,true
294,5200000,4,threshold_1_already_executable,efficacy_and_persistence,reference,1/4/2/4294967296/0,1|1,3,0,2,0,0,1,0,0,3,4,9f3e451ca3a897f7273080962b4dbe406368af512d101ead208f4ae78dcad513,6d78721e1e60d456ec508eafd66e3aed3841e52b1a48fad9d39cf23970b8c8f0,c8b6ef27898c8d10a54fb2738c7c5bfd31335c5883f52118e25764e8b29c8ac2,true,true,true,true,true
294,5200000,4,threshold_1_already_executable,efficacy_and_persistence,production,1/4/2/4294967296/0,1|1,3,0,2,0,0,1,0,0,3,4,9f3e451ca3a897f7273080962b4dbe406368af512d101ead208f4ae78dcad513,6d78721e1e60d456ec508eafd66e3aed3841e52b1a48fad9d39cf23970b8c8f0,c8b6ef27898c8d10a54fb2738c7c5bfd31335c5883f52118e25764e8b29c8ac2,true,true,true,true,true
295,5200000,4,threshold_2_acquired_efficacy,persistence_only,reference,1/4/1/4294967296/0;1/1/1/4294967296/0,0|0|0,4,0,2,0,0,0,0,0,4,4,7fd037dee2ea8a06adc3350bed5ee8173188b978dc6d25a16d244b5bcc60bb9e,a5c7298b754dca89e3a7603170c135dcac652a6a9a92553b72dffcbbd247a541,a5a6d280db2e2fbb3f5c9cf9d7833ea1e864f907d2ecaf8f6404eb2604744dca,true,true,true,true,true
295,5200000,4,threshold_2_acquired_efficacy,persistence_only,production,1/4/1/4294967296/0;1/1/1/4294967296/0,0|0|0,4,0,2,0,0,0,0,0,4,4,7fd037dee2ea8a06adc3350bed5ee8173188b978dc6d25a16d244b5bcc60bb9e,a5c7298b754dca89e3a7603170c135dcac652a6a9a92553b72dffcbbd247a541,a5a6d280db2e2fbb3f5c9cf9d7833ea1e864f907d2ecaf8f6404eb2604744dca,true,true,true,true,true
296,5200000,4,threshold_2_acquired_efficacy,efficacy_and_persistence,reference,1/4/2/4294967296/0;1/1/1/4294967296/0,1|0|1,5,0,3,0,0,1,0,0,5,4,7045d0d7d315e7316dc9f462c36ce1828bcddb52e0aa75670380cde51ac62837,8e4bb4bd868b963c649e0187963f7d4103a0a5dd498142af79a21e1e6745006d,bc26a75c9f5a20e57f7f98f350ad028e5d2bd2db881e495a67bfab5d556206a4,true,true,true,true,true
296,5200000,4,threshold_2_acquired_efficacy,efficacy_and_persistence,production,1/4/2/4294967296/0;1/1/1/4294967296/0,1|0|1,5,0,3,0,0,1,0,0,5,4,7045d0d7d315e7316dc9f462c36ce1828bcddb52e0aa75670380cde51ac62837,8e4bb4bd868b963c649e0187963f7d4103a0a5dd498142af79a21e1e6745006d,bc26a75c9f5a20e57f7f98f350ad028e5d2bd2db881e495a67bfab5d556206a4,true,true,true,true,true
297,5200000,4,threshold_3_still_insufficient,persistence_only,reference,1/4/1/4294967296/0,0|0,2,0,1,0,0,0,0,0,2,4,4e97ecb7535760be33c119c3b19b38a3c71bb2956845bdb1fae80524cf7df75a,33b080da7c46dbb434db91ec2bad5e6b765b57630b410d3d85744d41b21dedac,0857295cb9accc6801ac6fceb36c4af394b78daf2f49434cbaf95c9ebf60662b,true,true,true,true,true
297,5200000,4,threshold_3_still_insufficient,persistence_only,production,1/4/1/4294967296/0,0|0,2,0,1,0,0,0,0,0,2,4,4e97ecb7535760be33c119c3b19b38a3c71bb2956845bdb1fae80524cf7df75a,33b080da7c46dbb434db91ec2bad5e6b765b57630b410d3d85744d41b21dedac,0857295cb9accc6801ac6fceb36c4af394b78daf2f49434cbaf95c9ebf60662b,true,true,true,true,true
298,5200000,4,threshold_3_still_insufficient,efficacy_and_persistence,reference,1/4/2/4294967296/0,0|0,2,0,1,0,0,0,0,0,2,4,833364aa35e55618a02c7430d2f69e90e16fcf7148e22d0e9ddfaa58bc066a68,9bfa93665132763f4bfd9dfaaf8d8364372c1f9e5f5e9e65f6bccd90e263c69b,a57012acb1ad36e1415e79b72c87c30090882a659915a6e99b84626d19499051,true,true,true,true,true
298,5200000,4,threshold_3_still_insufficient,efficacy_and_persistence,production,1/4/2/4294967296/0,0|0,2,0,1,0,0,0,0,0,2,4,833364aa35e55618a02c7430d2f69e90e16fcf7148e22d0e9ddfaa58bc066a68,9bfa93665132763f4bfd9dfaaf8d8364372c1f9e5f5e9e65f6bccd90e263c69b,a57012acb1ad36e1415e79b72c87c30090882a659915a6e99b84626d19499051,true,true,true,true,true
299,5200000,4,threshold_2_two_physical_inputs,persistence_only,reference,1/4/1/4294967296/0;1/4/1/4294967296/0,1|1,5,0,3,0,0,1,0,0,5,4,40d408d64046786f3b6e5c65f35a846e31bb084ede240fa54de05225bb645b44,4917e3dca404da5dfcdc08ca9a9262ec747d349011f0c8725f74af274724ad70,f372c5de7d798824e24e2fc8fb56ed629f98243c9368847e2c21cd4c753ae0f8,true,true,true,true,true
299,5200000,4,threshold_2_two_physical_inputs,persistence_only,production,1/4/1/4294967296/0;1/4/1/4294967296/0,1|1,5,0,3,0,0,1,0,0,5,4,40d408d64046786f3b6e5c65f35a846e31bb084ede240fa54de05225bb645b44,4917e3dca404da5dfcdc08ca9a9262ec747d349011f0c8725f74af274724ad70,f372c5de7d798824e24e2fc8fb56ed629f98243c9368847e2c21cd4c753ae0f8,true,true,true,true,true
300,5200000,4,threshold_2_two_physical_inputs,efficacy_and_persistence,reference,1/4/1/4294967296/0;1/4/1/4294967296/0,1|1,5,0,3,0,0,1,0,0,5,4,d7950dc721a366d5be62f98f43ca5248d9671fe2b2f2b9ad6e4b5a1905087807,116b4383bab67ce0ae6a1d181ef3dca9c2ebac92e0ae007e9696070f1d798001,cf7d39fb6f264e5f9d4ed6f3f23ac59b084401794f8384aeb869fbf86d0d24c3,true,true,true,true,true
300,5200000,4,threshold_2_two_physical_inputs,efficacy_and_persistence,production,1/4/1/4294967296/0;1/4/1/4294967296/0,1|1,5,0,3,0,0,1,0,0,5,4,d7950dc721a366d5be62f98f43ca5248d9671fe2b2f2b9ad6e4b5a1905087807,116b4383bab67ce0ae6a1d181ef3dca9c2ebac92e0ae007e9696070f1d798001,cf7d39fb6f264e5f9d4ed6f3f23ac59b084401794f8384aeb869fbf86d0d24c3,true,true,true,true,true
301,5200000,5,cpc0_contact_locality,persistence_only,reference,1/7/1/4026531840/4026531840;1/4/1/4026531840/0,4026531840|0,6,1,4,1,0,0,0,0,8,6,8e6ea49f38f40f7cdd010408e76883b50ece694bb751633113b2779798f403e9,5a55389d32c433b1d0430b74433b543921e76db26f0be9e542dd42b6b6bf8513,8063772296fa0a32f078efdf0c159b9609779c8c536aa18af8009819abdc97e1,true,true,false,true,false
301,5200000,5,cpc0_contact_locality,persistence_only,production,1/7/1/4026531840/4026531840;1/4/1/4026531840/0,4026531840|0,6,1,4,1,0,0,0,0,8,6,8e6ea49f38f40f7cdd010408e76883b50ece694bb751633113b2779798f403e9,5a55389d32c433b1d0430b74433b543921e76db26f0be9e542dd42b6b6bf8513,eaf17fb9269cf7d1b065b31a6b5430a49e4c052e36a92558b07dbb438c2ec288,true,true,false,true,false
302,5200000,5,cpc0_contact_locality,efficacy_and_persistence,reference,1/7/2/4026531840/4026531840;1/4/2/4026531840/0,4026531840|0,6,1,4,1,0,0,0,0,8,6,2303a29cb758fa39a83560ac03f6cac1d2d986facc78e1bf4e11b591d803e2c7,dd63362dc09fe164d28ccd578a214d6ef05700c3c25694deac3372e5146d84fe,e31cfee66e2f5b2a84271916263c579dc6e8ee52be4bca0d839ed178286942c3,true,true,false,true,false
302,5200000,5,cpc0_contact_locality,efficacy_and_persistence,production,1/7/2/4026531840/4026531840;1/4/2/4026531840/0,4026531840|0,6,1,4,1,0,0,0,0,8,6,2303a29cb758fa39a83560ac03f6cac1d2d986facc78e1bf4e11b591d803e2c7,dd63362dc09fe164d28ccd578a214d6ef05700c3c25694deac3372e5146d84fe,1676cc0029660a702b7aef08ea5cbc2d499ee63e9a132b21282d31a0f109a474,true,true,false,true,false
303,5200000,5,cpc1_temporal_participation,persistence_only,reference,1/6/1/1979772000/4026531840;1/5/1/1979772000/1979772000;1/7/1/1979772000/3110400000;1/7/1/1979772000/3110400000;1/7/1/4542662625/7136931840,4026531840|1979772000|3110400000|3110400000|7136931840,19,5,12,5,0,0,0,0,29,17,e5d9ec07935f2b76d02aac08aba7a5e766ff5ab5bf348f934b7d42b83ba45571,4bcca492375b3bdd715f0e4bb12e4ffc741a9a01780b9bfa0930ce5599edb3b8,88bfff263f70a395a631eb4db94372eb1d841b31f50e49ae45afdfdfb143fa6d,true,true,false,true,false
303,5200000,5,cpc1_temporal_participation,persistence_only,production,1/6/1/1979772000/4026531840;1/5/1/1979772000/1979772000;1/7/1/1979772000/3110400000;1/7/1/1979772000/3110400000;1/7/1/4542662625/7136931840,4026531840|1979772000|3110400000|3110400000|7136931840,19,5,12,5,0,0,0,0,29,17,e5d9ec07935f2b76d02aac08aba7a5e766ff5ab5bf348f934b7d42b83ba45571,4bcca492375b3bdd715f0e4bb12e4ffc741a9a01780b9bfa0930ce5599edb3b8,a433c37154251c6398060174c38302af5130e27149cb7df2f100ae74d74d618c,true,true,false,true,false
304,5200000,5,cpc1_temporal_participation,efficacy_and_persistence,reference,1/6/2/1979772000/4026531840;1/5/2/1979772000/1979772000;1/7/2/1979772000/3110400000;1/7/2/1979772000/3110400000;1/7/2/4542662625/7136931840,4026531840|1979772000|3110400000|3110400000|7136931840,19,5,12,5,0,0,0,0,29,17,eae536485c05b30b238db7cb578de9c6d8e532fc43459d15d49a62e287235720,88ea6e770d4d491a594eeb4a61a8abb9de524468c42871c205e26e6105882f50,df95183dce409f8b9a300f860b6e409e471296fa93e853b32db21d50369017aa,true,true,false,true,false
304,5200000,5,cpc1_temporal_participation,efficacy_and_persistence,production,1/6/2/1979772000/4026531840;1/5/2/1979772000/1979772000;1/7/2/1979772000/3110400000;1/7/2/1979772000/3110400000;1/7/2/4542662625/7136931840,4026531840|1979772000|3110400000|3110400000|7136931840,19,5,12,5,0,0,0,0,29,17,eae536485c05b30b238db7cb578de9c6d8e532fc43459d15d49a62e287235720,88ea6e770d4d491a594eeb4a61a8abb9de524468c42871c205e26e6105882f50,9e199e0d42b6baa40b255d63db1ed0694d9b2f25d72f0176cb47d0e55ca4d7fe,true,true,false,true,false
305,5200000,5,pqlc0_one_hop,persistence_only,reference,1/7/1/4026531840/4026531840,1|4026531840,5,2,4,2,1,0,0,0,10,6,d5d52a04b6d807e3df50974cd04f0ac3a38f27730aafa7f5fa6a7d761652e00a,08e14bfff0fb45fee23df1cecc10d8e9395924e734427c0f891f55b0405e6321,fbf4da29fbf57407d4c47528fec99ebf66fffa50904cc33f36d6d0238e3f3b65,true,true,false,true,false
305,5200000,5,pqlc0_one_hop,persistence_only,production,1/7/1/4026531840/4026531840,1|4026531840,5,2,4,2,1,0,0,0,10,6,d5d52a04b6d807e3df50974cd04f0ac3a38f27730aafa7f5fa6a7d761652e00a,08e14bfff0fb45fee23df1cecc10d8e9395924e734427c0f891f55b0405e6321,40dca71afc149174e98c4fdcdb6acf218ea6ea39e22b537a9ec9a2aec33adaea,true,true,false,true,false
306,5200000,5,pqlc0_one_hop,efficacy_and_persistence,reference,1/7/2/4026531840/4026531840,1|4026531840,5,2,4,2,1,0,0,0,10,6,68a01f120d070530585abbdae298aa9498de7c4f914629033005c191026e56fe,e5d59c09907ae6bad0e84892aa6121c90d30d9b00c851f830de19f04b963a358,cb451a498e78bbbc99e272fa86dc85af9bdacd16d0f5f4f8f167e748cde69d36,true,true,false,true,false
306,5200000,5,pqlc0_one_hop,efficacy_and_persistence,production,1/7/2/4026531840/4026531840,1|4026531840,5,2,4,2,1,0,0,0,10,6,68a01f120d070530585abbdae298aa9498de7c4f914629033005c191026e56fe,e5d59c09907ae6bad0e84892aa6121c90d30d9b00c851f830de19f04b963a358,0ae1ace62f7d1518d806c44fe25733be04d146d290753689449e854a7fedb319,true,true,false,true,false
307,5200000,5,pqlc1_depth_16,persistence_only,reference,1/7/1/4026531840/4026531840;1/7/1/4026531840/4026531840;1/7/1/4026531840/4026531840;1/7/1/4026531840/4026531840;1/7/1/4026531840/4026531840;1/7/1/4026531840/4026531840;1/7/1/4026531840/4026531840;1/7/1/4026531840/4026531840;1/7/1/4026531840/4026531840;1/7/1/4026531840/4026531840;1/7/1/4026531840/4026531840;1/7/1/4026531840/4026531840;1/7/1/4026531840/4026531840;1/7/1/4026531840/4026531840;1/7/1/4026531840/4026531840;1/7/1/4026531840/4026531840,16,19,16,18,16,15,0,0,0,66,6,622f4822625e448f98fcbf075c1a6a4760bfe7690655c418d94c0ea2b2be7856,dc8d21a19d3f690aa9a9ae601e8520d8a2684c8b4b2b11b40119843232a06774,de1b2b619613fd91afab8d31ea1efb3d829d058fef75e08414646994fbb983f1,true,true,false,true,false
307,5200000,5,pqlc1_depth_16,persistence_only,production,1/7/1/4026531840/4026531840;1/7/1/4026531840/4026531840;1/7/1/4026531840/4026531840;1/7/1/4026531840/4026531840;1/7/1/4026531840/4026531840;1/7/1/4026531840/4026531840;1/7/1/4026531840/4026531840;1/7/1/4026531840/4026531840;1/7/1/4026531840/4026531840;1/7/1/4026531840/4026531840;1/7/1/4026531840/4026531840;1/7/1/4026531840/4026531840;1/7/1/4026531840/4026531840;1/7/1/4026531840/4026531840;1/7/1/4026531840/4026531840;1/7/1/4026531840/4026531840,16,19,16,18,16,15,0,0,0,66,6,622f4822625e448f98fcbf075c1a6a4760bfe7690655c418d94c0ea2b2be7856,dc8d21a19d3f690aa9a9ae601e8520d8a2684c8b4b2b11b40119843232a06774,6e2f262f11f992127c78b901b5061f3166adcb4025dc90f913f9e44d3fec40b5,true,true,false,true,false
308,5200000,5,pqlc1_depth_16,efficacy_and_persistence,reference,1/7/2/4026531840/4026531840;1/7/2/4026531840/4026531840;1/7/2/4026531840/4026531840;1/7/2/4026531840/4026531840;1/7/2/4026531840/4026531840;1/7/2/4026531840/4026531840;1/7/2/4026531840/4026531840;1/7/2/4026531840/4026531840;1/7/2/4026531840/4026531840;1/7/2/4026531840/4026531840;1/7/2/4026531840/4026531840;1/7/2/4026531840/4026531840;1/7/2/4026531840/4026531840;1/7/2/4026531840/4026531840;1/7/2/4026531840/4026531840;1/7/2/4026531840/4026531840,16,19,16,18,16,15,0,0,0,66,6,bf776e04066bbf054196ef02b0491859ed27a8c45a06bb453b9d1c6b79759cc4,969343c718f67900bfbe369a18b5d7795d81e0f6ea6c1c657755ae01dcb8b403,e6151ef45324e413881f64e370b6a0364c276fcd55f30d005dba67a4ef2bfc20,true,true,false,true,false
308,5200000,5,pqlc1_depth_16,efficacy_and_persistence,production,1/7/2/4026531840/4026531840;1/7/2/4026531840/4026531840;1/7/2/4026531840/4026531840;1/7/2/4026531840/4026531840;1/7/2/4026531840/4026531840;1/7/2/4026531840/4026531840;1/7/2/4026531840/4026531840;1/7/2/4026531840/4026531840;1/7/2/4026531840/4026531840;1/7/2/4026531840/4026531840;1/7/2/4026531840/4026531840;1/7/2/4026531840/4026531840;1/7/2/4026531840/4026531840;1/7/2/4026531840/4026531840;1/7/2/4026531840/4026531840;1/7/2/4026531840/4026531840,16,19,16,18,16,15,0,0,0,66,6,bf776e04066bbf054196ef02b0491859ed27a8c45a06bb453b9d1c6b79759cc4,969343c718f67900bfbe369a18b5d7795d81e0f6ea6c1c657755ae01dcb8b403,a3585e3b73f17e05820a0c8a16a1daee49dc80b46e78a29b4103720bf5b58848,true,true,false,true,false
309,5200000,5,fd0_equal_persistence,persistence_only,reference,1/1/1/0/0;0/0/1/0/0,1|0,0,0,0,0,0,0,0,1,1,45,4f53cda18c2baa0c0354bb5f9a3ecbe5ed12ab4d8e11ba873c2f11161202b945,30cdd20d7cddc353b24a02ddb50fe9b227bbabf3db5394fc6ac0cb636f144eaf,b59f33f974b5079f2726ffbbdc8f7ea47281cb1a12933c252a4b89f0fae2e79a,true,true,false,true,false
309,5200000,5,fd0_equal_persistence,persistence_only,production,1/1/1/0/0;0/0/1/0/0,1|0,0,0,0,0,0,0,0,1,1,45,4f53cda18c2baa0c0354bb5f9a3ecbe5ed12ab4d8e11ba873c2f11161202b945,30cdd20d7cddc353b24a02ddb50fe9b227bbabf3db5394fc6ac0cb636f144eaf,2b7b503da20e4ec2c49cbaf626226eb97c5ffd0810c233866bba93ccfd8b93b1,true,true,false,true,false
310,5200000,5,fd0_equal_persistence,efficacy_and_persistence,reference,1/1/2/0/0;0/0/2/0/0,1|0,0,0,0,0,0,0,0,1,1,45,4f53cda18c2baa0c0354bb5f9a3ecbe5ed12ab4d8e11ba873c2f11161202b945,8adaf9ee49a1608c4bb96479fbf634a7a6f42f642f00a39f0cdc88e765033a31,e85caaad32b36034d621e8672ec19b0da6af9f8c9d18c81cbcd9b034a1544861,true,true,false,true,false
310,5200000,5,fd0_equal_persistence,efficacy_and_persistence,production,1/1/2/0/0;0/0/2/0/0,1|0,0,0,0,0,0,0,0,1,1,45,4f53cda18c2baa0c0354bb5f9a3ecbe5ed12ab4d8e11ba873c2f11161202b945,8adaf9ee49a1608c4bb96479fbf634a7a6f42f642f00a39f0cdc88e765033a31,f8d03c075320552b327ef463b2e2c84791c695115f1c80e9ed629a3e211cdf78,true,true,false,true,false
311,5200000,5,fd1_consolidation,persistence_only,reference,1/4/1/4026531840/4026531840;1/1/1/4026531840/0,4026531840|0,5,1,3,1,0,0,0,0,7,6,efcec222887f10d4531bdb6d0b00128717fccbd3f711ddba12e232cc74a1722b,d823f667d46dad00e2a19d0ef2347ee0c9bae18e15ba7b6a46a0abe96fbe1a8f,2db1904bf427e52257b1e64fcfaba03e21b512c25d78f8bc0c75d99f9cfb16af,true,true,false,true,false
311,5200000,5,fd1_consolidation,persistence_only,production,1/4/1/4026531840/4026531840;1/1/1/4026531840/0,4026531840|0,5,1,3,1,0,0,0,0,7,6,efcec222887f10d4531bdb6d0b00128717fccbd3f711ddba12e232cc74a1722b,d823f667d46dad00e2a19d0ef2347ee0c9bae18e15ba7b6a46a0abe96fbe1a8f,948684b46d506728d4494268abcdec5b31a310abc4ca434a9b4249af7c1b61b7,true,true,false,true,false
312,5200000,5,fd1_consolidation,efficacy_and_persistence,reference,1/4/2/4026531840/4026531840;1/1/2/4026531840/0,4026531840|0,5,1,3,1,0,0,0,0,7,6,58095e3dae5393f141b3c6f231087dfbbdff422a5e6e5edf6f7cf5106bd157f0,59d972c34c65d74f5949d344af53f83b62a093923377315af06ff828fc4689c1,48f3f9fe211c7c08c1473eeb68b7558d02ba5b550cc16cf0b64f7ecb37ad2310,true,true,false,true,false
312,5200000,5,fd1_consolidation,efficacy_and_persistence,production,1/4/2/4026531840/4026531840;1/1/2/4026531840/0,4026531840|0,5,1,3,1,0,0,0,0,7,6,58095e3dae5393f141b3c6f231087dfbbdff422a5e6e5edf6f7cf5106bd157f0,59d972c34c65d74f5949d344af53f83b62a093923377315af06ff828fc4689c1,f2fca32033aef455b239e6029407fd8fdf5b7116379e5f6c28656e155095102f,true,true,false,true,false
313,5200000,5,threshold_1_already_executable,persistence_only,reference,1/4/1/4294967296/0,1|1,3,0,2,0,0,1,0,0,3,5,cb58468e320e434a407aa8a2d0466916cb34151db9b5ee365426f364620ca786,856a0ec29c5df2d189670b81c3c93686a3e866ac8f4c81e7a744baa2cba907e8,d99a971654e1016cc877a8cf82de16294ecc748a69d2e22051354a486e5b2cda,true,true,true,true,true
313,5200000,5,threshold_1_already_executable,persistence_only,production,1/4/1/4294967296/0,1|1,3,0,2,0,0,1,0,0,3,5,cb58468e320e434a407aa8a2d0466916cb34151db9b5ee365426f364620ca786,856a0ec29c5df2d189670b81c3c93686a3e866ac8f4c81e7a744baa2cba907e8,d99a971654e1016cc877a8cf82de16294ecc748a69d2e22051354a486e5b2cda,true,true,true,true,true
314,5200000,5,threshold_1_already_executable,efficacy_and_persistence,reference,1/4/2/4294967296/0,1|1,3,0,2,0,0,1,0,0,3,5,b647349fdad8b35c3776141d197786dda11b7b929d17dc890ceed41f3cca1bf8,6d78721e1e60d456ec508eafd66e3aed3841e52b1a48fad9d39cf23970b8c8f0,7cdd6a9769a0499827eadbbb40cadafdb22763f7970942e7e993cfa61fbdb8eb,true,true,true,true,true
314,5200000,5,threshold_1_already_executable,efficacy_and_persistence,production,1/4/2/4294967296/0,1|1,3,0,2,0,0,1,0,0,3,5,b647349fdad8b35c3776141d197786dda11b7b929d17dc890ceed41f3cca1bf8,6d78721e1e60d456ec508eafd66e3aed3841e52b1a48fad9d39cf23970b8c8f0,7cdd6a9769a0499827eadbbb40cadafdb22763f7970942e7e993cfa61fbdb8eb,true,true,true,true,true
315,5200000,5,threshold_2_acquired_efficacy,persistence_only,reference,1/4/1/4294967296/0;1/1/1/4294967296/0,0|0|0,4,0,2,0,0,0,0,0,4,5,63409dd258b80b7ba18d234d632359866783e0a012ac66a45bc6560150e990a6,a5c7298b754dca89e3a7603170c135dcac652a6a9a92553b72dffcbbd247a541,bae30b1f415860cb70f8d6e1c24eb68053ac08943b742cba459255315efe9a68,true,true,true,true,true
315,5200000,5,threshold_2_acquired_efficacy,persistence_only,production,1/4/1/4294967296/0;1/1/1/4294967296/0,0|0|0,4,0,2,0,0,0,0,0,4,5,63409dd258b80b7ba18d234d632359866783e0a012ac66a45bc6560150e990a6,a5c7298b754dca89e3a7603170c135dcac652a6a9a92553b72dffcbbd247a541,bae30b1f415860cb70f8d6e1c24eb68053ac08943b742cba459255315efe9a68,true,true,true,true,true
316,5200000,5,threshold_2_acquired_efficacy,efficacy_and_persistence,reference,1/4/2/4294967296/0;1/1/1/4294967296/0,1|0|1,5,0,3,0,0,1,0,0,5,5,054b5209b3020f1d13090f060b93c3ede043695f0e283c4d0376e300fb8411d0,8e4bb4bd868b963c649e0187963f7d4103a0a5dd498142af79a21e1e6745006d,66a772ce66df4c0ed0068d82ad8964821a4766aa0e972b76b5584e966ad3f46b,true,true,true,true,true
316,5200000,5,threshold_2_acquired_efficacy,efficacy_and_persistence,production,1/4/2/4294967296/0;1/1/1/4294967296/0,1|0|1,5,0,3,0,0,1,0,0,5,5,054b5209b3020f1d13090f060b93c3ede043695f0e283c4d0376e300fb8411d0,8e4bb4bd868b963c649e0187963f7d4103a0a5dd498142af79a21e1e6745006d,66a772ce66df4c0ed0068d82ad8964821a4766aa0e972b76b5584e966ad3f46b,true,true,true,true,true
317,5200000,5,threshold_3_still_insufficient,persistence_only,reference,1/4/1/4294967296/0,0|0,2,0,1,0,0,0,0,0,2,5,b2ab1a750af73cfec924f3d60f526f6589e3c4d87140625b1475261297029704,33b080da7c46dbb434db91ec2bad5e6b765b57630b410d3d85744d41b21dedac,d0ab9ee1d63700c46dc22b69e0444b5db6ab98b2d25b5ef92b324ddf12002e56,true,true,true,true,true
317,5200000,5,threshold_3_still_insufficient,persistence_only,production,1/4/1/4294967296/0,0|0,2,0,1,0,0,0,0,0,2,5,b2ab1a750af73cfec924f3d60f526f6589e3c4d87140625b1475261297029704,33b080da7c46dbb434db91ec2bad5e6b765b57630b410d3d85744d41b21dedac,d0ab9ee1d63700c46dc22b69e0444b5db6ab98b2d25b5ef92b324ddf12002e56,true,true,true,true,true
318,5200000,5,threshold_3_still_insufficient,efficacy_and_persistence,reference,1/4/2/4294967296/0,0|0,2,0,1,0,0,0,0,0,2,5,86b138b5ed2adab38b75c01a893a797941bfa697ae30addccd7d8a161f93ddd5,9bfa93665132763f4bfd9dfaaf8d8364372c1f9e5f5e9e65f6bccd90e263c69b,599e7f47402dd54bbfff5647baddcfd03d112be9761e81f8ce8d54d7ee546c19,true,true,true,true,true
318,5200000,5,threshold_3_still_insufficient,efficacy_and_persistence,production,1/4/2/4294967296/0,0|0,2,0,1,0,0,0,0,0,2,5,86b138b5ed2adab38b75c01a893a797941bfa697ae30addccd7d8a161f93ddd5,9bfa93665132763f4bfd9dfaaf8d8364372c1f9e5f5e9e65f6bccd90e263c69b,599e7f47402dd54bbfff5647baddcfd03d112be9761e81f8ce8d54d7ee546c19,true,true,true,true,true
319,5200000,5,threshold_2_two_physical_inputs,persistence_only,reference,1/4/1/4294967296/0;1/4/1/4294967296/0,1|1,5,0,3,0,0,1,0,0,5,5,c50706e8487dfe26a1c89dce6ec7a410bcf57f692e0a91d6033cd7f29b00df35,4917e3dca404da5dfcdc08ca9a9262ec747d349011f0c8725f74af274724ad70,f852aae74d43e2def7b4ade28c78cb2905808135ffd63c4ffdc6098415d288cd,true,true,true,true,true
319,5200000,5,threshold_2_two_physical_inputs,persistence_only,production,1/4/1/4294967296/0;1/4/1/4294967296/0,1|1,5,0,3,0,0,1,0,0,5,5,c50706e8487dfe26a1c89dce6ec7a410bcf57f692e0a91d6033cd7f29b00df35,4917e3dca404da5dfcdc08ca9a9262ec747d349011f0c8725f74af274724ad70,f852aae74d43e2def7b4ade28c78cb2905808135ffd63c4ffdc6098415d288cd,true,true,true,true,true
320,5200000,5,threshold_2_two_physical_inputs,efficacy_and_persistence,reference,1/4/1/4294967296/0;1/4/1/4294967296/0,1|1,5,0,3,0,0,1,0,0,5,5,e8d0e9256bdbd1077499c17448b30e136d838a1a9bf4302b29f078c302953f33,116b4383bab67ce0ae6a1d181ef3dca9c2ebac92e0ae007e9696070f1d798001,48285ff2738fa5865bd1e04fc552c22b8789f69bd0f2228d48a38a6efea0f054,true,true,true,true,true
320,5200000,5,threshold_2_two_physical_inputs,efficacy_and_persistence,production,1/4/1/4294967296/0;1/4/1/4294967296/0,1|1,5,0,3,0,0,1,0,0,5,5,e8d0e9256bdbd1077499c17448b30e136d838a1a9bf4302b29f078c302953f33,116b4383bab67ce0ae6a1d181ef3dca9c2ebac92e0ae007e9696070f1d798001,48285ff2738fa5865bd1e04fc552c22b8789f69bd0f2228d48a38a6efea0f054,true,true,true,true,true
321,5200000,6,cpc0_contact_locality,persistence_only,reference,1/7/1/4026531840/4026531840;1/4/1/4026531840/0,4026531840|0,6,1,4,1,0,0,0,0,8,7,ba303956e661ca1b63031167fd9bc88949691e5bab5bc3830ca8a02bbf1b1257,5a55389d32c433b1d0430b74433b543921e76db26f0be9e542dd42b6b6bf8513,0c07ced943cbe0fe12525599d727408952e5b953ce4718a2cfdbadfff8687061,true,true,false,true,false
321,5200000,6,cpc0_contact_locality,persistence_only,production,1/7/1/4026531840/4026531840;1/4/1/4026531840/0,4026531840|0,6,1,4,1,0,0,0,0,8,7,ba303956e661ca1b63031167fd9bc88949691e5bab5bc3830ca8a02bbf1b1257,5a55389d32c433b1d0430b74433b543921e76db26f0be9e542dd42b6b6bf8513,349724ac90d3b1ab14d1140c3aaaf534e11ed62ac10052eaddedc7e5acc2db8e,true,true,false,true,false
322,5200000,6,cpc0_contact_locality,efficacy_and_persistence,reference,1/7/2/4026531840/4026531840;1/4/2/4026531840/0,4026531840|0,6,1,4,1,0,0,0,0,8,7,f734a25927c17d3c495113bd0d6376f941ad270a459799a268aa927d7ee44aa1,dd63362dc09fe164d28ccd578a214d6ef05700c3c25694deac3372e5146d84fe,4adc54d035aac9f1c24fd06e98fcdb8703778c1ffca39fe5578db0f1a6bcc681,true,true,false,true,false
322,5200000,6,cpc0_contact_locality,efficacy_and_persistence,production,1/7/2/4026531840/4026531840;1/4/2/4026531840/0,4026531840|0,6,1,4,1,0,0,0,0,8,7,f734a25927c17d3c495113bd0d6376f941ad270a459799a268aa927d7ee44aa1,dd63362dc09fe164d28ccd578a214d6ef05700c3c25694deac3372e5146d84fe,270b10891a1069dbda947e2131c493ca0f056e15069f8a72277b0bda2fe2c7c6,true,true,false,true,false
323,5200000,6,cpc1_temporal_participation,persistence_only,reference,1/6/1/1979772000/4026531840;1/5/1/1979772000/1979772000;1/7/1/1979772000/3110400000;1/7/1/1979772000/3110400000;1/7/1/4542662625/7136931840,4026531840|1979772000|3110400000|3110400000|7136931840,19,5,12,5,0,0,0,0,29,18,6dbd410c543a8859d0c152c9a81047838f251f710df665a6d351cc363b68cae9,4bcca492375b3bdd715f0e4bb12e4ffc741a9a01780b9bfa0930ce5599edb3b8,d59048e4288093532fce0969294da4ecf3404f799bc49d004c0f908af8b09bde,true,true,false,true,false
323,5200000,6,cpc1_temporal_participation,persistence_only,production,1/6/1/1979772000/4026531840;1/5/1/1979772000/1979772000;1/7/1/1979772000/3110400000;1/7/1/1979772000/3110400000;1/7/1/4542662625/7136931840,4026531840|1979772000|3110400000|3110400000|7136931840,19,5,12,5,0,0,0,0,29,18,6dbd410c543a8859d0c152c9a81047838f251f710df665a6d351cc363b68cae9,4bcca492375b3bdd715f0e4bb12e4ffc741a9a01780b9bfa0930ce5599edb3b8,71644c3f77eb95c9b876270e3e011219a2f04851213c0bdceccc9b738c9ed0ee,true,true,false,true,false
324,5200000,6,cpc1_temporal_participation,efficacy_and_persistence,reference,1/6/2/1979772000/4026531840;1/5/2/1979772000/1979772000;1/7/2/1979772000/3110400000;1/7/2/1979772000/3110400000;1/7/2/4542662625/7136931840,4026531840|1979772000|3110400000|3110400000|7136931840,19,5,12,5,0,0,0,0,29,18,d3efa94cccebb9b002822f33610505d150172275df27fcf2ccfc0b35456fcf17,88ea6e770d4d491a594eeb4a61a8abb9de524468c42871c205e26e6105882f50,fc93ca4cdf22d2bae459c663a69134767b11b682bf45406d596eac5a024e64e6,true,true,false,true,false
324,5200000,6,cpc1_temporal_participation,efficacy_and_persistence,production,1/6/2/1979772000/4026531840;1/5/2/1979772000/1979772000;1/7/2/1979772000/3110400000;1/7/2/1979772000/3110400000;1/7/2/4542662625/7136931840,4026531840|1979772000|3110400000|3110400000|7136931840,19,5,12,5,0,0,0,0,29,18,d3efa94cccebb9b002822f33610505d150172275df27fcf2ccfc0b35456fcf17,88ea6e770d4d491a594eeb4a61a8abb9de524468c42871c205e26e6105882f50,1b56a3ba47819657f24694b7fe18d62cbe74d1e0f24c6ac890fca3718c3d1456,true,true,false,true,false
325,5200000,6,pqlc0_one_hop,persistence_only,reference,1/7/1/4026531840/4026531840,1|4026531840,5,2,4,2,1,0,0,0,10,7,bcb4957837dbf1c85400a8f2300d66e284ad05805fe2be39cee8719ef2edb1ea,08e14bfff0fb45fee23df1cecc10d8e9395924e734427c0f891f55b0405e6321,99fccc735fe771a98d43150712c699ab879dd1061f01bf2912a044f23b93144d,true,true,false,true,false
325,5200000,6,pqlc0_one_hop,persistence_only,production,1/7/1/4026531840/4026531840,1|4026531840,5,2,4,2,1,0,0,0,10,7,bcb4957837dbf1c85400a8f2300d66e284ad05805fe2be39cee8719ef2edb1ea,08e14bfff0fb45fee23df1cecc10d8e9395924e734427c0f891f55b0405e6321,0795b236bd7c77060df1977bc99b1107403965e1b9716eb7a3898577813dd6b2,true,true,false,true,false
326,5200000,6,pqlc0_one_hop,efficacy_and_persistence,reference,1/7/2/4026531840/4026531840,1|4026531840,5,2,4,2,1,0,0,0,10,7,e962be9ad339a7628654bdfd7d2b5c369054657bc2a0f5135558444a44c4fa8e,e5d59c09907ae6bad0e84892aa6121c90d30d9b00c851f830de19f04b963a358,f50e7e71352554d60e4347ff39abf98966317a12b5ea594a12f9929901f9e111,true,true,false,true,false
326,5200000,6,pqlc0_one_hop,efficacy_and_persistence,production,1/7/2/4026531840/4026531840,1|4026531840,5,2,4,2,1,0,0,0,10,7,e962be9ad339a7628654bdfd7d2b5c369054657bc2a0f5135558444a44c4fa8e,e5d59c09907ae6bad0e84892aa6121c90d30d9b00c851f830de19f04b963a358,ca3fae2a937596e4115bedd17855d8da9fc4ce1a54a4b75ddab7dd4df5b132b7,true,true,false,true,false
327,5200000,6,pqlc1_depth_16,persistence_only,reference,1/7/1/4026531840/4026531840;1/7/1/4026531840/4026531840;1/7/1/4026531840/4026531840;1/7/1/4026531840/4026531840;1/7/1/4026531840/4026531840;1/7/1/4026531840/4026531840;1/7/1/4026531840/4026531840;1/7/1/4026531840/4026531840;1/7/1/4026531840/4026531840;1/7/1/4026531840/4026531840;1/7/1/4026531840/4026531840;1/7/1/4026531840/4026531840;1/7/1/4026531840/4026531840;1/7/1/4026531840/4026531840;1/7/1/4026531840/4026531840;1/7/1/4026531840/4026531840,16,19,16,18,16,15,0,0,0,66,7,7d1f2d37d67986aab5db3dccb4263d9727999c6c944df1b63bcbf3dccce0230c,dc8d21a19d3f690aa9a9ae601e8520d8a2684c8b4b2b11b40119843232a06774,fe2754df6b8d6ca7e84e84070591d510c4fd7562ea24f2ffa744afdef296958c,true,true,false,true,false
327,5200000,6,pqlc1_depth_16,persistence_only,production,1/7/1/4026531840/4026531840;1/7/1/4026531840/4026531840;1/7/1/4026531840/4026531840;1/7/1/4026531840/4026531840;1/7/1/4026531840/4026531840;1/7/1/4026531840/4026531840;1/7/1/4026531840/4026531840;1/7/1/4026531840/4026531840;1/7/1/4026531840/4026531840;1/7/1/4026531840/4026531840;1/7/1/4026531840/4026531840;1/7/1/4026531840/4026531840;1/7/1/4026531840/4026531840;1/7/1/4026531840/4026531840;1/7/1/4026531840/4026531840;1/7/1/4026531840/4026531840,16,19,16,18,16,15,0,0,0,66,7,7d1f2d37d67986aab5db3dccb4263d9727999c6c944df1b63bcbf3dccce0230c,dc8d21a19d3f690aa9a9ae601e8520d8a2684c8b4b2b11b40119843232a06774,a102a983380e86e74d8961a6877976e33d0705f0498e900e275ccc98b1dc410e,true,true,false,true,false
328,5200000,6,pqlc1_depth_16,efficacy_and_persistence,reference,1/7/2/4026531840/4026531840;1/7/2/4026531840/4026531840;1/7/2/4026531840/4026531840;1/7/2/4026531840/4026531840;1/7/2/4026531840/4026531840;1/7/2/4026531840/4026531840;1/7/2/4026531840/4026531840;1/7/2/4026531840/4026531840;1/7/2/4026531840/4026531840;1/7/2/4026531840/4026531840;1/7/2/4026531840/4026531840;1/7/2/4026531840/4026531840;1/7/2/4026531840/4026531840;1/7/2/4026531840/4026531840;1/7/2/4026531840/4026531840;1/7/2/4026531840/4026531840,16,19,16,18,16,15,0,0,0,66,7,48255832bdf81b1799cfe7f08c55eb7e7869c5c04c1eebb11af16efe72780970,969343c718f67900bfbe369a18b5d7795d81e0f6ea6c1c657755ae01dcb8b403,a55bd67c76c40988f6c4757c9374a77b0bd7e197d3641e8eb8cb5460c1c31ecb,true,true,false,true,false
328,5200000,6,pqlc1_depth_16,efficacy_and_persistence,production,1/7/2/4026531840/4026531840;1/7/2/4026531840/4026531840;1/7/2/4026531840/4026531840;1/7/2/4026531840/4026531840;1/7/2/4026531840/4026531840;1/7/2/4026531840/4026531840;1/7/2/4026531840/4026531840;1/7/2/4026531840/4026531840;1/7/2/4026531840/4026531840;1/7/2/4026531840/4026531840;1/7/2/4026531840/4026531840;1/7/2/4026531840/4026531840;1/7/2/4026531840/4026531840;1/7/2/4026531840/4026531840;1/7/2/4026531840/4026531840;1/7/2/4026531840/4026531840,16,19,16,18,16,15,0,0,0,66,7,48255832bdf81b1799cfe7f08c55eb7e7869c5c04c1eebb11af16efe72780970,969343c718f67900bfbe369a18b5d7795d81e0f6ea6c1c657755ae01dcb8b403,c1ccc228b9bfd9a2b2803531204c717dbbc847a866517c8ce1e2bcdf8360f0c5,true,true,false,true,false
329,5200000,6,fd0_equal_persistence,persistence_only,reference,1/1/1/0/0;0/0/1/0/0,1|0,0,0,0,0,0,0,0,1,1,46,4f53cda18c2baa0c0354bb5f9a3ecbe5ed12ab4d8e11ba873c2f11161202b945,30cdd20d7cddc353b24a02ddb50fe9b227bbabf3db5394fc6ac0cb636f144eaf,1ab7d739b458431880a500d5d25f40ab826c5ed5a838dba4fda9569fcf3911f4,true,true,false,true,false
329,5200000,6,fd0_equal_persistence,persistence_only,production,1/1/1/0/0;0/0/1/0/0,1|0,0,0,0,0,0,0,0,1,1,46,4f53cda18c2baa0c0354bb5f9a3ecbe5ed12ab4d8e11ba873c2f11161202b945,30cdd20d7cddc353b24a02ddb50fe9b227bbabf3db5394fc6ac0cb636f144eaf,86cce693d2eb48ccdb86538f48cd59505daba29ebb1474beecb349fbe19062b0,true,true,false,true,false
330,5200000,6,fd0_equal_persistence,efficacy_and_persistence,reference,1/1/2/0/0;0/0/2/0/0,1|0,0,0,0,0,0,0,0,1,1,46,4f53cda18c2baa0c0354bb5f9a3ecbe5ed12ab4d8e11ba873c2f11161202b945,8adaf9ee49a1608c4bb96479fbf634a7a6f42f642f00a39f0cdc88e765033a31,a799d7eb6a42f368160675a3eeb65bbadce20b4c387b44c053cf6c73b27cd0e8,true,true,false,true,false
330,5200000,6,fd0_equal_persistence,efficacy_and_persistence,production,1/1/2/0/0;0/0/2/0/0,1|0,0,0,0,0,0,0,0,1,1,46,4f53cda18c2baa0c0354bb5f9a3ecbe5ed12ab4d8e11ba873c2f11161202b945,8adaf9ee49a1608c4bb96479fbf634a7a6f42f642f00a39f0cdc88e765033a31,ef6c7741f6f38ef4ab60f0700eeca777de331414d3bcf9d8688a7ba27e8c6af6,true,true,false,true,false
331,5200000,6,fd1_consolidation,persistence_only,reference,1/4/1/4026531840/4026531840;1/1/1/4026531840/0,4026531840|0,5,1,3,1,0,0,0,0,7,7,9e7d5cd12dfb8f5954bdf5eb398dc863bb1822c06a7141e17558af5313a51d93,d823f667d46dad00e2a19d0ef2347ee0c9bae18e15ba7b6a46a0abe96fbe1a8f,2805f015f4b2a0eb19c2ddbd9638a9452614da41454f776ec4906a75742b1235,true,true,false,true,false
331,5200000,6,fd1_consolidation,persistence_only,production,1/4/1/4026531840/4026531840;1/1/1/4026531840/0,4026531840|0,5,1,3,1,0,0,0,0,7,7,9e7d5cd12dfb8f5954bdf5eb398dc863bb1822c06a7141e17558af5313a51d93,d823f667d46dad00e2a19d0ef2347ee0c9bae18e15ba7b6a46a0abe96fbe1a8f,d46cc04c296395c1443349931726975087a2fa6ef0491d57a56f1a39c0272141,true,true,false,true,false
332,5200000,6,fd1_consolidation,efficacy_and_persistence,reference,1/4/2/4026531840/4026531840;1/1/2/4026531840/0,4026531840|0,5,1,3,1,0,0,0,0,7,7,c22b297e2c0f29f0d8a21d19eacee28fcea0c751b05ad390a13cb042f08531b0,59d972c34c65d74f5949d344af53f83b62a093923377315af06ff828fc4689c1,0a31e2977187686c17f4f01b238a6c181298b278a0c1bcd34fd67139074663db,true,true,false,true,false
332,5200000,6,fd1_consolidation,efficacy_and_persistence,production,1/4/2/4026531840/4026531840;1/1/2/4026531840/0,4026531840|0,5,1,3,1,0,0,0,0,7,7,c22b297e2c0f29f0d8a21d19eacee28fcea0c751b05ad390a13cb042f08531b0,59d972c34c65d74f5949d344af53f83b62a093923377315af06ff828fc4689c1,4ada16bf0fdf6e8cd5750777b93092ea28bb16e8a7be3c8956a2bbc963cdda05,true,true,false,true,false
333,5200000,6,threshold_1_already_executable,persistence_only,reference,1/4/1/4294967296/0,1|1,3,0,2,0,0,1,0,0,3,6,b8708870579831e3926edae7f7b0139252da42e95cbcaa49e19bd58c8af5e8a4,856a0ec29c5df2d189670b81c3c93686a3e866ac8f4c81e7a744baa2cba907e8,53edb4ae3fa516397cd70972e2b7d163c7b0bc01ee9d7528e1308f6dba81d854,true,true,true,true,true
333,5200000,6,threshold_1_already_executable,persistence_only,production,1/4/1/4294967296/0,1|1,3,0,2,0,0,1,0,0,3,6,b8708870579831e3926edae7f7b0139252da42e95cbcaa49e19bd58c8af5e8a4,856a0ec29c5df2d189670b81c3c93686a3e866ac8f4c81e7a744baa2cba907e8,53edb4ae3fa516397cd70972e2b7d163c7b0bc01ee9d7528e1308f6dba81d854,true,true,true,true,true
334,5200000,6,threshold_1_already_executable,efficacy_and_persistence,reference,1/4/2/4294967296/0,1|1,3,0,2,0,0,1,0,0,3,6,8212d2394aa6a44a215cefff05f8e0cb287e5cfa86b00bc2741f0eafc8791183,6d78721e1e60d456ec508eafd66e3aed3841e52b1a48fad9d39cf23970b8c8f0,1802c1668c9b43b59d65d547a02fb445e517df8ef85e5220a5f9aa1c1f970cb9,true,true,true,true,true
334,5200000,6,threshold_1_already_executable,efficacy_and_persistence,production,1/4/2/4294967296/0,1|1,3,0,2,0,0,1,0,0,3,6,8212d2394aa6a44a215cefff05f8e0cb287e5cfa86b00bc2741f0eafc8791183,6d78721e1e60d456ec508eafd66e3aed3841e52b1a48fad9d39cf23970b8c8f0,1802c1668c9b43b59d65d547a02fb445e517df8ef85e5220a5f9aa1c1f970cb9,true,true,true,true,true
335,5200000,6,threshold_2_acquired_efficacy,persistence_only,reference,1/4/1/4294967296/0;1/1/1/4294967296/0,0|0|0,4,0,2,0,0,0,0,0,4,6,8dbd1a7e5828617bb29b32de1ee41b0363fe498aaaa8394744adb84843250ec5,a5c7298b754dca89e3a7603170c135dcac652a6a9a92553b72dffcbbd247a541,9b24b2af810babb0c24592f20f71ae1c8b7f3b72927b8f1d3a75c30120389620,true,true,true,true,true
335,5200000,6,threshold_2_acquired_efficacy,persistence_only,production,1/4/1/4294967296/0;1/1/1/4294967296/0,0|0|0,4,0,2,0,0,0,0,0,4,6,8dbd1a7e5828617bb29b32de1ee41b0363fe498aaaa8394744adb84843250ec5,a5c7298b754dca89e3a7603170c135dcac652a6a9a92553b72dffcbbd247a541,9b24b2af810babb0c24592f20f71ae1c8b7f3b72927b8f1d3a75c30120389620,true,true,true,true,true
336,5200000,6,threshold_2_acquired_efficacy,efficacy_and_persistence,reference,1/4/2/4294967296/0;1/1/1/4294967296/0,1|0|1,5,0,3,0,0,1,0,0,5,6,d58cebe530f08f0c55d884d7786988621e375e8f4bb98b282cca4218c59615c2,8e4bb4bd868b963c649e0187963f7d4103a0a5dd498142af79a21e1e6745006d,500921506575476e7ea06588ab24768859aff0314da4d07f53c6c11014d813ef,true,true,true,true,true
336,5200000,6,threshold_2_acquired_efficacy,efficacy_and_persistence,production,1/4/2/4294967296/0;1/1/1/4294967296/0,1|0|1,5,0,3,0,0,1,0,0,5,6,d58cebe530f08f0c55d884d7786988621e375e8f4bb98b282cca4218c59615c2,8e4bb4bd868b963c649e0187963f7d4103a0a5dd498142af79a21e1e6745006d,500921506575476e7ea06588ab24768859aff0314da4d07f53c6c11014d813ef,true,true,true,true,true
337,5200000,6,threshold_3_still_insufficient,persistence_only,reference,1/4/1/4294967296/0,0|0,2,0,1,0,0,0,0,0,2,6,663d8aa96c850157d38b600e2604cd0fe6fff593f324a73ee03edc39d998a9ed,33b080da7c46dbb434db91ec2bad5e6b765b57630b410d3d85744d41b21dedac,0dd02edbfccb6a6c511069e35223661286a3cb648071df5d74ac409596cfb0a1,true,true,true,true,true
337,5200000,6,threshold_3_still_insufficient,persistence_only,production,1/4/1/4294967296/0,0|0,2,0,1,0,0,0,0,0,2,6,663d8aa96c850157d38b600e2604cd0fe6fff593f324a73ee03edc39d998a9ed,33b080da7c46dbb434db91ec2bad5e6b765b57630b410d3d85744d41b21dedac,0dd02edbfccb6a6c511069e35223661286a3cb648071df5d74ac409596cfb0a1,true,true,true,true,true
338,5200000,6,threshold_3_still_insufficient,efficacy_and_persistence,reference,1/4/2/4294967296/0,0|0,2,0,1,0,0,0,0,0,2,6,1c6b75190bad2fa4901f7d283f7795ef9dae605a121f10efe67de25dd63b1f59,9bfa93665132763f4bfd9dfaaf8d8364372c1f9e5f5e9e65f6bccd90e263c69b,fa2728686e64ed8276e287879a572230e04629beb962aaf9279c1322eb51c026,true,true,true,true,true
338,5200000,6,threshold_3_still_insufficient,efficacy_and_persistence,production,1/4/2/4294967296/0,0|0,2,0,1,0,0,0,0,0,2,6,1c6b75190bad2fa4901f7d283f7795ef9dae605a121f10efe67de25dd63b1f59,9bfa93665132763f4bfd9dfaaf8d8364372c1f9e5f5e9e65f6bccd90e263c69b,fa2728686e64ed8276e287879a572230e04629beb962aaf9279c1322eb51c026,true,true,true,true,true
339,5200000,6,threshold_2_two_physical_inputs,persistence_only,reference,1/4/1/4294967296/0;1/4/1/4294967296/0,1|1,5,0,3,0,0,1,0,0,5,6,93d5ad6403384982abafd563631460caa0ebab1fa0fa730a2426c4eac3135f00,4917e3dca404da5dfcdc08ca9a9262ec747d349011f0c8725f74af274724ad70,90b91269609c747743d15da5f6f1766226f1af42ed10668d99cde89176e13c20,true,true,true,true,true
339,5200000,6,threshold_2_two_physical_inputs,persistence_only,production,1/4/1/4294967296/0;1/4/1/4294967296/0,1|1,5,0,3,0,0,1,0,0,5,6,93d5ad6403384982abafd563631460caa0ebab1fa0fa730a2426c4eac3135f00,4917e3dca404da5dfcdc08ca9a9262ec747d349011f0c8725f74af274724ad70,90b91269609c747743d15da5f6f1766226f1af42ed10668d99cde89176e13c20,true,true,true,true,true
340,5200000,6,threshold_2_two_physical_inputs,efficacy_and_persistence,reference,1/4/1/4294967296/0;1/4/1/4294967296/0,1|1,5,0,3,0,0,1,0,0,5,6,cfd07e882743eb866289e1bceefb630e64c060cfda1ac477b51602fdba7244e1,116b4383bab67ce0ae6a1d181ef3dca9c2ebac92e0ae007e9696070f1d798001,1043d604ce5cace4285e71dd29c8489cbfea4fc5274c95062e21f5a592203350,true,true,true,true,true
340,5200000,6,threshold_2_two_physical_inputs,efficacy_and_persistence,production,1/4/1/4294967296/0;1/4/1/4294967296/0,1|1,5,0,3,0,0,1,0,0,5,6,cfd07e882743eb866289e1bceefb630e64c060cfda1ac477b51602fdba7244e1,116b4383bab67ce0ae6a1d181ef3dca9c2ebac92e0ae007e9696070f1d798001,1043d604ce5cace4285e71dd29c8489cbfea4fc5274c95062e21f5a592203350,true,true,true,true,true
341,5200000,7,cpc0_contact_locality,persistence_only,reference,1/7/1/4026531840/4026531840;1/4/1/4026531840/0,4026531840|0,6,1,4,1,0,0,0,0,8,8,13ee8f69150c1a8c59bf65f75904f8895af7c8e13b3e996e50934958518758de,5a55389d32c433b1d0430b74433b543921e76db26f0be9e542dd42b6b6bf8513,7a7553352d0bc601186f5713bc0536a982859a36008cf0546cc7f97d13e98327,true,true,false,true,false
341,5200000,7,cpc0_contact_locality,persistence_only,production,1/7/1/4026531840/4026531840;1/4/1/4026531840/0,4026531840|0,6,1,4,1,0,0,0,0,8,8,13ee8f69150c1a8c59bf65f75904f8895af7c8e13b3e996e50934958518758de,5a55389d32c433b1d0430b74433b543921e76db26f0be9e542dd42b6b6bf8513,8328711f7ff9558d36921d4063fe3bcfd73f259c9a9c87522f6c65339fae0403,true,true,false,true,false
342,5200000,7,cpc0_contact_locality,efficacy_and_persistence,reference,1/7/2/4026531840/4026531840;1/4/2/4026531840/0,4026531840|0,6,1,4,1,0,0,0,0,8,8,843cf030ce6eec170cd257733dced9ea9bea620b37b657fe195c2f1ec853fa1a,dd63362dc09fe164d28ccd578a214d6ef05700c3c25694deac3372e5146d84fe,34ecc4644efdc11b468afab18c62e737aff71b27c843fdbb28229aa738c92c1c,true,true,false,true,false
342,5200000,7,cpc0_contact_locality,efficacy_and_persistence,production,1/7/2/4026531840/4026531840;1/4/2/4026531840/0,4026531840|0,6,1,4,1,0,0,0,0,8,8,843cf030ce6eec170cd257733dced9ea9bea620b37b657fe195c2f1ec853fa1a,dd63362dc09fe164d28ccd578a214d6ef05700c3c25694deac3372e5146d84fe,6ee1d76c7c08a524fdfe8c6655a6d30e1a795d1ff96cc8078834158e0a85f227,true,true,false,true,false
343,5200000,7,cpc1_temporal_participation,persistence_only,reference,1/6/1/1979772000/4026531840;1/5/1/1979772000/1979772000;1/7/1/1979772000/3110400000;1/7/1/1979772000/3110400000;1/7/1/4542662625/7136931840,4026531840|1979772000|3110400000|3110400000|7136931840,19,5,12,5,0,0,0,0,29,19,45a2e0f72f541f933ccfdd177d192f97a5181f0c4f75772caa8f135e1250aeed,4bcca492375b3bdd715f0e4bb12e4ffc741a9a01780b9bfa0930ce5599edb3b8,fbc706894dd6939f0e620e19996553d845a37afaa269bf7470b4d28a49f3feb7,true,true,false,true,false
343,5200000,7,cpc1_temporal_participation,persistence_only,production,1/6/1/1979772000/4026531840;1/5/1/1979772000/1979772000;1/7/1/1979772000/3110400000;1/7/1/1979772000/3110400000;1/7/1/4542662625/7136931840,4026531840|1979772000|3110400000|3110400000|7136931840,19,5,12,5,0,0,0,0,29,19,45a2e0f72f541f933ccfdd177d192f97a5181f0c4f75772caa8f135e1250aeed,4bcca492375b3bdd715f0e4bb12e4ffc741a9a01780b9bfa0930ce5599edb3b8,3d57fe0f205f03d5604c02b80d21a361ed93729fb5377e5edbd05bf3c24c8fc8,true,true,false,true,false
344,5200000,7,cpc1_temporal_participation,efficacy_and_persistence,reference,1/6/2/1979772000/4026531840;1/5/2/1979772000/1979772000;1/7/2/1979772000/3110400000;1/7/2/1979772000/3110400000;1/7/2/4542662625/7136931840,4026531840|1979772000|3110400000|3110400000|7136931840,19,5,12,5,0,0,0,0,29,19,1632ce60c3975c1cb98db40fbfaa4f464c4b84cbe901226d8b76ae00f4faea4a,88ea6e770d4d491a594eeb4a61a8abb9de524468c42871c205e26e6105882f50,c826880542ad69077a44222130e6703a60ae58def623c0c307f3e4949302e3e5,true,true,false,true,false
344,5200000,7,cpc1_temporal_participation,efficacy_and_persistence,production,1/6/2/1979772000/4026531840;1/5/2/1979772000/1979772000;1/7/2/1979772000/3110400000;1/7/2/1979772000/3110400000;1/7/2/4542662625/7136931840,4026531840|1979772000|3110400000|3110400000|7136931840,19,5,12,5,0,0,0,0,29,19,1632ce60c3975c1cb98db40fbfaa4f464c4b84cbe901226d8b76ae00f4faea4a,88ea6e770d4d491a594eeb4a61a8abb9de524468c42871c205e26e6105882f50,09a124d46457ac3d9985f21f914bf2f436dcfd8fa4a816cc9405a1b30be97455,true,true,false,true,false
345,5200000,7,pqlc0_one_hop,persistence_only,reference,1/7/1/4026531840/4026531840,1|4026531840,5,2,4,2,1,0,0,0,10,8,051e9c2bcf44beb8110403949d9a90ba2662d21e1f82eee92ec291e1f172a8b1,08e14bfff0fb45fee23df1cecc10d8e9395924e734427c0f891f55b0405e6321,4e0b525c52cf90df807ad2e54f80eb771c810ba763cbc1384d9a96158339aa9b,true,true,false,true,false
345,5200000,7,pqlc0_one_hop,persistence_only,production,1/7/1/4026531840/4026531840,1|4026531840,5,2,4,2,1,0,0,0,10,8,051e9c2bcf44beb8110403949d9a90ba2662d21e1f82eee92ec291e1f172a8b1,08e14bfff0fb45fee23df1cecc10d8e9395924e734427c0f891f55b0405e6321,14cf4a184040c52407c05fe49519122462415861902a18f0a472002e70f8eb73,true,true,false,true,false
346,5200000,7,pqlc0_one_hop,efficacy_and_persistence,reference,1/7/2/4026531840/4026531840,1|4026531840,5,2,4,2,1,0,0,0,10,8,a8fe86771abf5f975fcfda71196d1c16be04e63a05e65791cbe5b2443ce0753a,e5d59c09907ae6bad0e84892aa6121c90d30d9b00c851f830de19f04b963a358,542c60085f137aad773a21c5eb921d24b4e1996e767daba7a7ddef57f990981c,true,true,false,true,false
346,5200000,7,pqlc0_one_hop,efficacy_and_persistence,production,1/7/2/4026531840/4026531840,1|4026531840,5,2,4,2,1,0,0,0,10,8,a8fe86771abf5f975fcfda71196d1c16be04e63a05e65791cbe5b2443ce0753a,e5d59c09907ae6bad0e84892aa6121c90d30d9b00c851f830de19f04b963a358,00530212642ab5a5a701ca879f8871ea01fc991c183fc30d35df73b9dae11a37,true,true,false,true,false
347,5200000,7,pqlc1_depth_16,persistence_only,reference,1/7/1/4026531840/4026531840;1/7/1/4026531840/4026531840;1/7/1/4026531840/4026531840;1/7/1/4026531840/4026531840;1/7/1/4026531840/4026531840;1/7/1/4026531840/4026531840;1/7/1/4026531840/4026531840;1/7/1/4026531840/4026531840;1/7/1/4026531840/4026531840;1/7/1/4026531840/4026531840;1/7/1/4026531840/4026531840;1/7/1/4026531840/4026531840;1/7/1/4026531840/4026531840;1/7/1/4026531840/4026531840;1/7/1/4026531840/4026531840;1/7/1/4026531840/4026531840,16,19,16,18,16,15,0,0,0,66,8,1907a32d9c1e5f4bf3cf2cddf38e982d0184f05a657b14f74bc77ca34ad2239d,dc8d21a19d3f690aa9a9ae601e8520d8a2684c8b4b2b11b40119843232a06774,c9b17b3854a4ce43e90804e6c384511ba090f1fb7dc8ec3f8b1e74fd3ee62cb3,true,true,false,true,false
347,5200000,7,pqlc1_depth_16,persistence_only,production,1/7/1/4026531840/4026531840;1/7/1/4026531840/4026531840;1/7/1/4026531840/4026531840;1/7/1/4026531840/4026531840;1/7/1/4026531840/4026531840;1/7/1/4026531840/4026531840;1/7/1/4026531840/4026531840;1/7/1/4026531840/4026531840;1/7/1/4026531840/4026531840;1/7/1/4026531840/4026531840;1/7/1/4026531840/4026531840;1/7/1/4026531840/4026531840;1/7/1/4026531840/4026531840;1/7/1/4026531840/4026531840;1/7/1/4026531840/4026531840;1/7/1/4026531840/4026531840,16,19,16,18,16,15,0,0,0,66,8,1907a32d9c1e5f4bf3cf2cddf38e982d0184f05a657b14f74bc77ca34ad2239d,dc8d21a19d3f690aa9a9ae601e8520d8a2684c8b4b2b11b40119843232a06774,63b66e5a0c17f198d3d31bc4ce8b041fd1de7760c298adb695f81e77b4caf929,true,true,false,true,false
348,5200000,7,pqlc1_depth_16,efficacy_and_persistence,reference,1/7/2/4026531840/4026531840;1/7/2/4026531840/4026531840;1/7/2/4026531840/4026531840;1/7/2/4026531840/4026531840;1/7/2/4026531840/4026531840;1/7/2/4026531840/4026531840;1/7/2/4026531840/4026531840;1/7/2/4026531840/4026531840;1/7/2/4026531840/4026531840;1/7/2/4026531840/4026531840;1/7/2/4026531840/4026531840;1/7/2/4026531840/4026531840;1/7/2/4026531840/4026531840;1/7/2/4026531840/4026531840;1/7/2/4026531840/4026531840;1/7/2/4026531840/4026531840,16,19,16,18,16,15,0,0,0,66,8,6bdde93fef2d6e6845e9c03f3395158f858d5f62649af0e198af8b0674567976,969343c718f67900bfbe369a18b5d7795d81e0f6ea6c1c657755ae01dcb8b403,939b5b40d7cfa951ecee6efa9344c173ba218e0570ef80deab4fb051e22e43d1,true,true,false,true,false
348,5200000,7,pqlc1_depth_16,efficacy_and_persistence,production,1/7/2/4026531840/4026531840;1/7/2/4026531840/4026531840;1/7/2/4026531840/4026531840;1/7/2/4026531840/4026531840;1/7/2/4026531840/4026531840;1/7/2/4026531840/4026531840;1/7/2/4026531840/4026531840;1/7/2/4026531840/4026531840;1/7/2/4026531840/4026531840;1/7/2/4026531840/4026531840;1/7/2/4026531840/4026531840;1/7/2/4026531840/4026531840;1/7/2/4026531840/4026531840;1/7/2/4026531840/4026531840;1/7/2/4026531840/4026531840;1/7/2/4026531840/4026531840,16,19,16,18,16,15,0,0,0,66,8,6bdde93fef2d6e6845e9c03f3395158f858d5f62649af0e198af8b0674567976,969343c718f67900bfbe369a18b5d7795d81e0f6ea6c1c657755ae01dcb8b403,7155e05e8f002437f01e28308883c4f1b1d7d57359f7daa017cf9f955c1e4ae5,true,true,false,true,false
349,5200000,7,fd0_equal_persistence,persistence_only,reference,1/1/1/0/0;0/0/1/0/0,1|0,0,0,0,0,0,0,0,1,1,47,4f53cda18c2baa0c0354bb5f9a3ecbe5ed12ab4d8e11ba873c2f11161202b945,30cdd20d7cddc353b24a02ddb50fe9b227bbabf3db5394fc6ac0cb636f144eaf,45f509a99ab8553b0f7ae9bf5454b734fc788d50021f0cb55d71054933319caf,true,true,false,true,false
349,5200000,7,fd0_equal_persistence,persistence_only,production,1/1/1/0/0;0/0/1/0/0,1|0,0,0,0,0,0,0,0,1,1,47,4f53cda18c2baa0c0354bb5f9a3ecbe5ed12ab4d8e11ba873c2f11161202b945,30cdd20d7cddc353b24a02ddb50fe9b227bbabf3db5394fc6ac0cb636f144eaf,6e589ad457d0cbe16b02b120ffe20549bf006a32706ba0fef4ba3f624d82cc9f,true,true,false,true,false
350,5200000,7,fd0_equal_persistence,efficacy_and_persistence,reference,1/1/2/0/0;0/0/2/0/0,1|0,0,0,0,0,0,0,0,1,1,47,4f53cda18c2baa0c0354bb5f9a3ecbe5ed12ab4d8e11ba873c2f11161202b945,8adaf9ee49a1608c4bb96479fbf634a7a6f42f642f00a39f0cdc88e765033a31,d5059ef2236c76b2c4b6d5cbfcb4276427d6f6c54b477af27e960ef3570f63b2,true,true,false,true,false
350,5200000,7,fd0_equal_persistence,efficacy_and_persistence,production,1/1/2/0/0;0/0/2/0/0,1|0,0,0,0,0,0,0,0,1,1,47,4f53cda18c2baa0c0354bb5f9a3ecbe5ed12ab4d8e11ba873c2f11161202b945,8adaf9ee49a1608c4bb96479fbf634a7a6f42f642f00a39f0cdc88e765033a31,0a1c734ff7957daa74624500da28870edee8388118ada5c9daa2c62c66806906,true,true,false,true,false
351,5200000,7,fd1_consolidation,persistence_only,reference,1/4/1/4026531840/4026531840;1/1/1/4026531840/0,4026531840|0,5,1,3,1,0,0,0,0,7,8,f7bb71c4f8b7e44c2083d644433eed2e6092205fcd35a2bc7d55ae4733d362d8,d823f667d46dad00e2a19d0ef2347ee0c9bae18e15ba7b6a46a0abe96fbe1a8f,e774a0edbafd2332b843c44722c9469735e309869840b7422f497c26928a7104,true,true,false,true,false
351,5200000,7,fd1_consolidation,persistence_only,production,1/4/1/4026531840/4026531840;1/1/1/4026531840/0,4026531840|0,5,1,3,1,0,0,0,0,7,8,f7bb71c4f8b7e44c2083d644433eed2e6092205fcd35a2bc7d55ae4733d362d8,d823f667d46dad00e2a19d0ef2347ee0c9bae18e15ba7b6a46a0abe96fbe1a8f,126ea11f3933fdf974cf72304734156b49cc01d9bd6144e4301f3d9545380e8f,true,true,false,true,false
352,5200000,7,fd1_consolidation,efficacy_and_persistence,reference,1/4/2/4026531840/4026531840;1/1/2/4026531840/0,4026531840|0,5,1,3,1,0,0,0,0,7,8,364091db1a36293de81009950b6f09a98e2eb3d2329e141eb1b394ee11691211,59d972c34c65d74f5949d344af53f83b62a093923377315af06ff828fc4689c1,8a96f6cde240ebd1aee1c7b085f001be2af6a75dc424edd3572b915f616c682b,true,true,false,true,false
352,5200000,7,fd1_consolidation,efficacy_and_persistence,production,1/4/2/4026531840/4026531840;1/1/2/4026531840/0,4026531840|0,5,1,3,1,0,0,0,0,7,8,364091db1a36293de81009950b6f09a98e2eb3d2329e141eb1b394ee11691211,59d972c34c65d74f5949d344af53f83b62a093923377315af06ff828fc4689c1,dfef545f567bde06b1d9d28b04e4119496d09c6c21c03285b96390049a4a0748,true,true,false,true,false
353,5200000,7,threshold_1_already_executable,persistence_only,reference,1/4/1/4294967296/0,1|1,3,0,2,0,0,1,0,0,3,7,06b562d8cc0359e11714279ad423b81bf599ad11c89e7413f976f28fab539094,856a0ec29c5df2d189670b81c3c93686a3e866ac8f4c81e7a744baa2cba907e8,1f3e6af0538a9b9a4914e9aeaee71b4fe8734b304af00d5b0468ce2431328ca3,true,true,true,true,true
353,5200000,7,threshold_1_already_executable,persistence_only,production,1/4/1/4294967296/0,1|1,3,0,2,0,0,1,0,0,3,7,06b562d8cc0359e11714279ad423b81bf599ad11c89e7413f976f28fab539094,856a0ec29c5df2d189670b81c3c93686a3e866ac8f4c81e7a744baa2cba907e8,1f3e6af0538a9b9a4914e9aeaee71b4fe8734b304af00d5b0468ce2431328ca3,true,true,true,true,true
354,5200000,7,threshold_1_already_executable,efficacy_and_persistence,reference,1/4/2/4294967296/0,1|1,3,0,2,0,0,1,0,0,3,7,83076449c2bc0844b546b99a8379db35ad417fb8f92cacb9be9ecc1a6811f3c4,6d78721e1e60d456ec508eafd66e3aed3841e52b1a48fad9d39cf23970b8c8f0,e99a30e00b34d326a59b1b9b28782320d767876b9645f6c10be0595b77240b34,true,true,true,true,true
354,5200000,7,threshold_1_already_executable,efficacy_and_persistence,production,1/4/2/4294967296/0,1|1,3,0,2,0,0,1,0,0,3,7,83076449c2bc0844b546b99a8379db35ad417fb8f92cacb9be9ecc1a6811f3c4,6d78721e1e60d456ec508eafd66e3aed3841e52b1a48fad9d39cf23970b8c8f0,e99a30e00b34d326a59b1b9b28782320d767876b9645f6c10be0595b77240b34,true,true,true,true,true
355,5200000,7,threshold_2_acquired_efficacy,persistence_only,reference,1/4/1/4294967296/0;1/1/1/4294967296/0,0|0|0,4,0,2,0,0,0,0,0,4,7,228047753e5c8ce56f40eb1957fc9cfd12b108f9e630837c13593e130db9bac8,a5c7298b754dca89e3a7603170c135dcac652a6a9a92553b72dffcbbd247a541,e13408cacdb15666d67d515cfca7b6f959d3266ee4d00fd489bf9a7b9f410ee5,true,true,true,true,true
355,5200000,7,threshold_2_acquired_efficacy,persistence_only,production,1/4/1/4294967296/0;1/1/1/4294967296/0,0|0|0,4,0,2,0,0,0,0,0,4,7,228047753e5c8ce56f40eb1957fc9cfd12b108f9e630837c13593e130db9bac8,a5c7298b754dca89e3a7603170c135dcac652a6a9a92553b72dffcbbd247a541,e13408cacdb15666d67d515cfca7b6f959d3266ee4d00fd489bf9a7b9f410ee5,true,true,true,true,true
356,5200000,7,threshold_2_acquired_efficacy,efficacy_and_persistence,reference,1/4/2/4294967296/0;1/1/1/4294967296/0,1|0|1,5,0,3,0,0,1,0,0,5,7,a81d3051b5bea0f3ea564759732d7233262480a60f66e538993548d783ac7b74,8e4bb4bd868b963c649e0187963f7d4103a0a5dd498142af79a21e1e6745006d,766afb118aea228ad3e87e1c55b27eeb676a241d42af84fb4c0870a2a7a1ac4a,true,true,true,true,true
356,5200000,7,threshold_2_acquired_efficacy,efficacy_and_persistence,production,1/4/2/4294967296/0;1/1/1/4294967296/0,1|0|1,5,0,3,0,0,1,0,0,5,7,a81d3051b5bea0f3ea564759732d7233262480a60f66e538993548d783ac7b74,8e4bb4bd868b963c649e0187963f7d4103a0a5dd498142af79a21e1e6745006d,766afb118aea228ad3e87e1c55b27eeb676a241d42af84fb4c0870a2a7a1ac4a,true,true,true,true,true
357,5200000,7,threshold_3_still_insufficient,persistence_only,reference,1/4/1/4294967296/0,0|0,2,0,1,0,0,0,0,0,2,7,4241c4dd76f32f9a3ddb1f5b3a048f0b13a5b401a4b451545e0d0020b540e7f1,33b080da7c46dbb434db91ec2bad5e6b765b57630b410d3d85744d41b21dedac,98a7cc722cb0720137be0eea468c1221c384a048626d06c33bd595a958ac9e23,true,true,true,true,true
357,5200000,7,threshold_3_still_insufficient,persistence_only,production,1/4/1/4294967296/0,0|0,2,0,1,0,0,0,0,0,2,7,4241c4dd76f32f9a3ddb1f5b3a048f0b13a5b401a4b451545e0d0020b540e7f1,33b080da7c46dbb434db91ec2bad5e6b765b57630b410d3d85744d41b21dedac,98a7cc722cb0720137be0eea468c1221c384a048626d06c33bd595a958ac9e23,true,true,true,true,true
358,5200000,7,threshold_3_still_insufficient,efficacy_and_persistence,reference,1/4/2/4294967296/0,0|0,2,0,1,0,0,0,0,0,2,7,0f0e4b8a30c14c1f6ade241ba2ff08b577acccabe45fbaf2a132487f88d5eba0,9bfa93665132763f4bfd9dfaaf8d8364372c1f9e5f5e9e65f6bccd90e263c69b,675faa0f3fc6d2939938d8982be96c5a3c0910d1f85aac4a521c29564e5c9ce8,true,true,true,true,true
358,5200000,7,threshold_3_still_insufficient,efficacy_and_persistence,production,1/4/2/4294967296/0,0|0,2,0,1,0,0,0,0,0,2,7,0f0e4b8a30c14c1f6ade241ba2ff08b577acccabe45fbaf2a132487f88d5eba0,9bfa93665132763f4bfd9dfaaf8d8364372c1f9e5f5e9e65f6bccd90e263c69b,675faa0f3fc6d2939938d8982be96c5a3c0910d1f85aac4a521c29564e5c9ce8,true,true,true,true,true
359,5200000,7,threshold_2_two_physical_inputs,persistence_only,reference,1/4/1/4294967296/0;1/4/1/4294967296/0,1|1,5,0,3,0,0,1,0,0,5,7,720286715a18ac2b18ad495111bd2b062e14e31922f7c0ebe03eca3416b2ac84,4917e3dca404da5dfcdc08ca9a9262ec747d349011f0c8725f74af274724ad70,8302677624872c100c9a5993650e10c95355a120fd0fc50f61c21c7e9ca18d97,true,true,true,true,true
359,5200000,7,threshold_2_two_physical_inputs,persistence_only,production,1/4/1/4294967296/0;1/4/1/4294967296/0,1|1,5,0,3,0,0,1,0,0,5,7,720286715a18ac2b18ad495111bd2b062e14e31922f7c0ebe03eca3416b2ac84,4917e3dca404da5dfcdc08ca9a9262ec747d349011f0c8725f74af274724ad70,8302677624872c100c9a5993650e10c95355a120fd0fc50f61c21c7e9ca18d97,true,true,true,true,true
360,5200000,7,threshold_2_two_physical_inputs,efficacy_and_persistence,reference,1/4/1/4294967296/0;1/4/1/4294967296/0,1|1,5,0,3,0,0,1,0,0,5,7,86ef3bd7f7927bff8454fe8d16c7b459c394e1d6254f55aa1822fef5de04300c,116b4383bab67ce0ae6a1d181ef3dca9c2ebac92e0ae007e9696070f1d798001,56da25a1b29691c8a64d0daf627fa0190e48c470ead82ebbc574f23ac592a099,true,true,true,true,true
360,5200000,7,threshold_2_two_physical_inputs,efficacy_and_persistence,production,1/4/1/4294967296/0;1/4/1/4294967296/0,1|1,5,0,3,0,0,1,0,0,5,7,86ef3bd7f7927bff8454fe8d16c7b459c394e1d6254f55aa1822fef5de04300c,116b4383bab67ce0ae6a1d181ef3dca9c2ebac92e0ae007e9696070f1d798001,56da25a1b29691c8a64d0daf627fa0190e48c470ead82ebbc574f23ac592a099,true,true,true,true,true
361,5200000,8,cpc0_contact_locality,persistence_only,reference,1/7/1/4026531840/4026531840;1/4/1/4026531840/0,4026531840|0,6,1,4,1,0,0,0,0,8,9,8a02f49716c9eb3cd32c5b77c96f556392417f3d2bd9b98475e2a72e4ec85cc5,5a55389d32c433b1d0430b74433b543921e76db26f0be9e542dd42b6b6bf8513,e8d258d4257c6c5215f05be0e16ee646e9176a533702a38d46ffe2731dcdf6ce,true,true,false,true,false
361,5200000,8,cpc0_contact_locality,persistence_only,production,1/7/1/4026531840/4026531840;1/4/1/4026531840/0,4026531840|0,6,1,4,1,0,0,0,0,8,9,8a02f49716c9eb3cd32c5b77c96f556392417f3d2bd9b98475e2a72e4ec85cc5,5a55389d32c433b1d0430b74433b543921e76db26f0be9e542dd42b6b6bf8513,6c9df62818ccad4bc970ae9747b3d61784b854d015ab6b530775786e518be691,true,true,false,true,false
362,5200000,8,cpc0_contact_locality,efficacy_and_persistence,reference,1/7/2/4026531840/4026531840;1/4/2/4026531840/0,4026531840|0,6,1,4,1,0,0,0,0,8,9,595c77bde4e74f7dd57e141ac6403b4b51fd3b7a1f5339859a54bd7a3b5f808e,dd63362dc09fe164d28ccd578a214d6ef05700c3c25694deac3372e5146d84fe,1a01645b190ebdefa97cb6630604e3d299506462eb929659cecab4d8611ef8ce,true,true,false,true,false
362,5200000,8,cpc0_contact_locality,efficacy_and_persistence,production,1/7/2/4026531840/4026531840;1/4/2/4026531840/0,4026531840|0,6,1,4,1,0,0,0,0,8,9,595c77bde4e74f7dd57e141ac6403b4b51fd3b7a1f5339859a54bd7a3b5f808e,dd63362dc09fe164d28ccd578a214d6ef05700c3c25694deac3372e5146d84fe,d8a6206ef877c076f14cdf2aeb4739db2db74b433987cbee7fc6b7bb6a75be83,true,true,false,true,false
363,5200000,8,cpc1_temporal_participation,persistence_only,reference,1/6/1/1979772000/4026531840;1/5/1/1979772000/1979772000;1/7/1/1979772000/3110400000;1/7/1/1979772000/3110400000;1/7/1/4542662625/7136931840,4026531840|1979772000|3110400000|3110400000|7136931840,19,5,12,5,0,0,0,0,29,20,74c4d3b568ed67c0af01356154d1ed40969b2e6e17c64eefbfbd4a3dd21c11f4,4bcca492375b3bdd715f0e4bb12e4ffc741a9a01780b9bfa0930ce5599edb3b8,74c0f5e87e4f2576566952529586e73de4435ad0a0b4f2255aeea645991e1fc8,true,true,false,true,false
363,5200000,8,cpc1_temporal_participation,persistence_only,production,1/6/1/1979772000/4026531840;1/5/1/1979772000/1979772000;1/7/1/1979772000/3110400000;1/7/1/1979772000/3110400000;1/7/1/4542662625/7136931840,4026531840|1979772000|3110400000|3110400000|7136931840,19,5,12,5,0,0,0,0,29,20,74c4d3b568ed67c0af01356154d1ed40969b2e6e17c64eefbfbd4a3dd21c11f4,4bcca492375b3bdd715f0e4bb12e4ffc741a9a01780b9bfa0930ce5599edb3b8,a0248d0faab8292030d2dc73d3c8df0171d254cbfa15d6d9b01e055b74c7e539,true,true,false,true,false
364,5200000,8,cpc1_temporal_participation,efficacy_and_persistence,reference,1/6/2/1979772000/4026531840;1/5/2/1979772000/1979772000;1/7/2/1979772000/3110400000;1/7/2/1979772000/3110400000;1/7/2/4542662625/7136931840,4026531840|1979772000|3110400000|3110400000|7136931840,19,5,12,5,0,0,0,0,29,20,20edbdd09e9315803b7079e52469cb10775114809a9a9cac8ce86a6203187d7d,88ea6e770d4d491a594eeb4a61a8abb9de524468c42871c205e26e6105882f50,59fc50f58fb8b577715f0a384a5c8d3fd97f8bb44f9262cacd8040c63309dab8,true,true,false,true,false
364,5200000,8,cpc1_temporal_participation,efficacy_and_persistence,production,1/6/2/1979772000/4026531840;1/5/2/1979772000/1979772000;1/7/2/1979772000/3110400000;1/7/2/1979772000/3110400000;1/7/2/4542662625/7136931840,4026531840|1979772000|3110400000|3110400000|7136931840,19,5,12,5,0,0,0,0,29,20,20edbdd09e9315803b7079e52469cb10775114809a9a9cac8ce86a6203187d7d,88ea6e770d4d491a594eeb4a61a8abb9de524468c42871c205e26e6105882f50,32389eb21495b8611a89d2f90ab5c0a22b5e2e68acc5e5285aa24961effb0a28,true,true,false,true,false
365,5200000,8,pqlc0_one_hop,persistence_only,reference,1/7/1/4026531840/4026531840,1|4026531840,5,2,4,2,1,0,0,0,10,9,158675983b5c43aeffd44099561f362195a6d10b938a188999392c64a694d7bf,08e14bfff0fb45fee23df1cecc10d8e9395924e734427c0f891f55b0405e6321,ac9860a51d9de03a2b122ff6b40ef0a9d8d9db7147134806525e6e625923574e,true,true,false,true,false
365,5200000,8,pqlc0_one_hop,persistence_only,production,1/7/1/4026531840/4026531840,1|4026531840,5,2,4,2,1,0,0,0,10,9,158675983b5c43aeffd44099561f362195a6d10b938a188999392c64a694d7bf,08e14bfff0fb45fee23df1cecc10d8e9395924e734427c0f891f55b0405e6321,c45ec69f8754cd0d331e153d8f3599480b93cdafab9a9232a5e0fe84dac05981,true,true,false,true,false
366,5200000,8,pqlc0_one_hop,efficacy_and_persistence,reference,1/7/2/4026531840/4026531840,1|4026531840,5,2,4,2,1,0,0,0,10,9,5cb47543049ccef62b5a12c401488729ae7cc870432f36b9e21186e8165fb16a,e5d59c09907ae6bad0e84892aa6121c90d30d9b00c851f830de19f04b963a358,3ed43718ea9cda0cc666a3d9d68703097b70789553eccf24e1733af8f8b0e480,true,true,false,true,false
366,5200000,8,pqlc0_one_hop,efficacy_and_persistence,production,1/7/2/4026531840/4026531840,1|4026531840,5,2,4,2,1,0,0,0,10,9,5cb47543049ccef62b5a12c401488729ae7cc870432f36b9e21186e8165fb16a,e5d59c09907ae6bad0e84892aa6121c90d30d9b00c851f830de19f04b963a358,63c71f23e808751ebfe4dbae37d05d55316877cde5892cd9c2143bc61aa321ee,true,true,false,true,false
367,5200000,8,pqlc1_depth_16,persistence_only,reference,1/7/1/4026531840/4026531840;1/7/1/4026531840/4026531840;1/7/1/4026531840/4026531840;1/7/1/4026531840/4026531840;1/7/1/4026531840/4026531840;1/7/1/4026531840/4026531840;1/7/1/4026531840/4026531840;1/7/1/4026531840/4026531840;1/7/1/4026531840/4026531840;1/7/1/4026531840/4026531840;1/7/1/4026531840/4026531840;1/7/1/4026531840/4026531840;1/7/1/4026531840/4026531840;1/7/1/4026531840/4026531840;1/7/1/4026531840/4026531840;1/7/1/4026531840/4026531840,16,19,16,18,16,15,0,0,0,66,9,ed5352ecd91ade7f25dd16248b8d7e926159fd85e8e5938aed4bab3af20dcb02,dc8d21a19d3f690aa9a9ae601e8520d8a2684c8b4b2b11b40119843232a06774,dd949295fe27d2284c0c25ce1c710b3f46086916c6c9721260c713c6c5c3b4cb,true,true,false,true,false
367,5200000,8,pqlc1_depth_16,persistence_only,production,1/7/1/4026531840/4026531840;1/7/1/4026531840/4026531840;1/7/1/4026531840/4026531840;1/7/1/4026531840/4026531840;1/7/1/4026531840/4026531840;1/7/1/4026531840/4026531840;1/7/1/4026531840/4026531840;1/7/1/4026531840/4026531840;1/7/1/4026531840/4026531840;1/7/1/4026531840/4026531840;1/7/1/4026531840/4026531840;1/7/1/4026531840/4026531840;1/7/1/4026531840/4026531840;1/7/1/4026531840/4026531840;1/7/1/4026531840/4026531840;1/7/1/4026531840/4026531840,16,19,16,18,16,15,0,0,0,66,9,ed5352ecd91ade7f25dd16248b8d7e926159fd85e8e5938aed4bab3af20dcb02,dc8d21a19d3f690aa9a9ae601e8520d8a2684c8b4b2b11b40119843232a06774,34b0a9547ba4f7aec859486a0bc7278782e2728c76f7a11125024fd83bd03204,true,true,false,true,false
368,5200000,8,pqlc1_depth_16,efficacy_and_persistence,reference,1/7/2/4026531840/4026531840;1/7/2/4026531840/4026531840;1/7/2/4026531840/4026531840;1/7/2/4026531840/4026531840;1/7/2/4026531840/4026531840;1/7/2/4026531840/4026531840;1/7/2/4026531840/4026531840;1/7/2/4026531840/4026531840;1/7/2/4026531840/4026531840;1/7/2/4026531840/4026531840;1/7/2/4026531840/4026531840;1/7/2/4026531840/4026531840;1/7/2/4026531840/4026531840;1/7/2/4026531840/4026531840;1/7/2/4026531840/4026531840;1/7/2/4026531840/4026531840,16,19,16,18,16,15,0,0,0,66,9,acb8f3acc9b5f72a7a790fe07cacf7fb95e0beab02564045d1fbee86ac7ee9c4,969343c718f67900bfbe369a18b5d7795d81e0f6ea6c1c657755ae01dcb8b403,2c7161d543e696f487199e1fd4c9fba13f32b89fbbea1edad456c6caff9d2b0b,true,true,false,true,false
368,5200000,8,pqlc1_depth_16,efficacy_and_persistence,production,1/7/2/4026531840/4026531840;1/7/2/4026531840/4026531840;1/7/2/4026531840/4026531840;1/7/2/4026531840/4026531840;1/7/2/4026531840/4026531840;1/7/2/4026531840/4026531840;1/7/2/4026531840/4026531840;1/7/2/4026531840/4026531840;1/7/2/4026531840/4026531840;1/7/2/4026531840/4026531840;1/7/2/4026531840/4026531840;1/7/2/4026531840/4026531840;1/7/2/4026531840/4026531840;1/7/2/4026531840/4026531840;1/7/2/4026531840/4026531840;1/7/2/4026531840/4026531840,16,19,16,18,16,15,0,0,0,66,9,acb8f3acc9b5f72a7a790fe07cacf7fb95e0beab02564045d1fbee86ac7ee9c4,969343c718f67900bfbe369a18b5d7795d81e0f6ea6c1c657755ae01dcb8b403,a1954bbe22fff84f4ccfcfb7e96ec3095f25015f89d5f20653626daac000db5e,true,true,false,true,false
369,5200000,8,fd0_equal_persistence,persistence_only,reference,1/1/1/0/0;0/0/1/0/0,1|0,0,0,0,0,0,0,0,1,1,48,4f53cda18c2baa0c0354bb5f9a3ecbe5ed12ab4d8e11ba873c2f11161202b945,30cdd20d7cddc353b24a02ddb50fe9b227bbabf3db5394fc6ac0cb636f144eaf,2cdbbfbfcfd2a430f152680c5be53a93c3770cfa7f339a8f59807b66a4a88302,true,true,false,true,false
369,5200000,8,fd0_equal_persistence,persistence_only,production,1/1/1/0/0;0/0/1/0/0,1|0,0,0,0,0,0,0,0,1,1,48,4f53cda18c2baa0c0354bb5f9a3ecbe5ed12ab4d8e11ba873c2f11161202b945,30cdd20d7cddc353b24a02ddb50fe9b227bbabf3db5394fc6ac0cb636f144eaf,c3899608e9f54298d466ba84ddf946ced4d31e696fb4974216f110dc1dfed3d8,true,true,false,true,false
370,5200000,8,fd0_equal_persistence,efficacy_and_persistence,reference,1/1/2/0/0;0/0/2/0/0,1|0,0,0,0,0,0,0,0,1,1,48,4f53cda18c2baa0c0354bb5f9a3ecbe5ed12ab4d8e11ba873c2f11161202b945,8adaf9ee49a1608c4bb96479fbf634a7a6f42f642f00a39f0cdc88e765033a31,ae96fbbf9787b5f826d9a7355572a396090683e7cff81b07c1d617825aef3b02,true,true,false,true,false
370,5200000,8,fd0_equal_persistence,efficacy_and_persistence,production,1/1/2/0/0;0/0/2/0/0,1|0,0,0,0,0,0,0,0,1,1,48,4f53cda18c2baa0c0354bb5f9a3ecbe5ed12ab4d8e11ba873c2f11161202b945,8adaf9ee49a1608c4bb96479fbf634a7a6f42f642f00a39f0cdc88e765033a31,e5daa82749ca09200c5bc8fb55ae70b5aab513d4d0f90c271b71d4e806599751,true,true,false,true,false
371,5200000,8,fd1_consolidation,persistence_only,reference,1/4/1/4026531840/4026531840;1/1/1/4026531840/0,4026531840|0,5,1,3,1,0,0,0,0,7,9,bc616f9a0db3a71c8a8a887ef677b98ca6a69ab2dde0afb00e83a516af777f39,d823f667d46dad00e2a19d0ef2347ee0c9bae18e15ba7b6a46a0abe96fbe1a8f,bbd194a44fb739bc74ed222ea3fcaaf4141ba512f80cee70ea610e7f3cd41c23,true,true,false,true,false
371,5200000,8,fd1_consolidation,persistence_only,production,1/4/1/4026531840/4026531840;1/1/1/4026531840/0,4026531840|0,5,1,3,1,0,0,0,0,7,9,bc616f9a0db3a71c8a8a887ef677b98ca6a69ab2dde0afb00e83a516af777f39,d823f667d46dad00e2a19d0ef2347ee0c9bae18e15ba7b6a46a0abe96fbe1a8f,d251f80d94289905c6f8803cb6dfd61d97f39c76b311101d907a674bfd8665c6,true,true,false,true,false
372,5200000,8,fd1_consolidation,efficacy_and_persistence,reference,1/4/2/4026531840/4026531840;1/1/2/4026531840/0,4026531840|0,5,1,3,1,0,0,0,0,7,9,cba58f4fb28e29345a74273ba9eb34fef02b8d5ceea3f1f698ebbc1a4e6efb84,59d972c34c65d74f5949d344af53f83b62a093923377315af06ff828fc4689c1,27f321706afb4ddcf6319be5488d4754e9a5985743dba15261ea3afc5bf3f28b,true,true,false,true,false
372,5200000,8,fd1_consolidation,efficacy_and_persistence,production,1/4/2/4026531840/4026531840;1/1/2/4026531840/0,4026531840|0,5,1,3,1,0,0,0,0,7,9,cba58f4fb28e29345a74273ba9eb34fef02b8d5ceea3f1f698ebbc1a4e6efb84,59d972c34c65d74f5949d344af53f83b62a093923377315af06ff828fc4689c1,c293114083ee1f86805626d8d4200ae073c8fd9dc3bf812e4b4ad90119214c33,true,true,false,true,false
373,5200000,8,threshold_1_already_executable,persistence_only,reference,1/4/1/4294967296/0,1|1,3,0,2,0,0,1,0,0,3,8,717aa88d6ee7ec89531358dda1c8c31917d11099e7f3db53c4e48f4b26ca80c3,856a0ec29c5df2d189670b81c3c93686a3e866ac8f4c81e7a744baa2cba907e8,6dd6bfb5aeeace33a66a730775e165166684548fc23c1922ed5e10b84ef5a53c,true,true,true,true,true
373,5200000,8,threshold_1_already_executable,persistence_only,production,1/4/1/4294967296/0,1|1,3,0,2,0,0,1,0,0,3,8,717aa88d6ee7ec89531358dda1c8c31917d11099e7f3db53c4e48f4b26ca80c3,856a0ec29c5df2d189670b81c3c93686a3e866ac8f4c81e7a744baa2cba907e8,6dd6bfb5aeeace33a66a730775e165166684548fc23c1922ed5e10b84ef5a53c,true,true,true,true,true
374,5200000,8,threshold_1_already_executable,efficacy_and_persistence,reference,1/4/2/4294967296/0,1|1,3,0,2,0,0,1,0,0,3,8,1b322167a42e9bbfee577aecadb28c730d791b268ee9e95795f9f1ca55b23350,6d78721e1e60d456ec508eafd66e3aed3841e52b1a48fad9d39cf23970b8c8f0,256f8b1585ccbfddc6aded5be374cca76ce95c0abfd7b0fd0557c9e23f2dde01,true,true,true,true,true
374,5200000,8,threshold_1_already_executable,efficacy_and_persistence,production,1/4/2/4294967296/0,1|1,3,0,2,0,0,1,0,0,3,8,1b322167a42e9bbfee577aecadb28c730d791b268ee9e95795f9f1ca55b23350,6d78721e1e60d456ec508eafd66e3aed3841e52b1a48fad9d39cf23970b8c8f0,256f8b1585ccbfddc6aded5be374cca76ce95c0abfd7b0fd0557c9e23f2dde01,true,true,true,true,true
375,5200000,8,threshold_2_acquired_efficacy,persistence_only,reference,1/4/1/4294967296/0;1/1/1/4294967296/0,0|0|0,4,0,2,0,0,0,0,0,4,8,cab9d57ab6e8c7381cd54959b1f081819b525f97111de71db4ae439fbdc764e1,a5c7298b754dca89e3a7603170c135dcac652a6a9a92553b72dffcbbd247a541,319d2c5b288dbdce4353366b22bce2b8a75be770092fe49cdac71810144c3a17,true,true,true,true,true
375,5200000,8,threshold_2_acquired_efficacy,persistence_only,production,1/4/1/4294967296/0;1/1/1/4294967296/0,0|0|0,4,0,2,0,0,0,0,0,4,8,cab9d57ab6e8c7381cd54959b1f081819b525f97111de71db4ae439fbdc764e1,a5c7298b754dca89e3a7603170c135dcac652a6a9a92553b72dffcbbd247a541,319d2c5b288dbdce4353366b22bce2b8a75be770092fe49cdac71810144c3a17,true,true,true,true,true
376,5200000,8,threshold_2_acquired_efficacy,efficacy_and_persistence,reference,1/4/2/4294967296/0;1/1/1/4294967296/0,1|0|1,5,0,3,0,0,1,0,0,5,8,f0951c78cf402abd6fa15327455d936711ab05399e101787e59b8aa70da2f4fa,8e4bb4bd868b963c649e0187963f7d4103a0a5dd498142af79a21e1e6745006d,3309e0c3b842765859e0c2818e3d189cef9ea8847e28a5e2fc2d1bd0ebbe985a,true,true,true,true,true
376,5200000,8,threshold_2_acquired_efficacy,efficacy_and_persistence,production,1/4/2/4294967296/0;1/1/1/4294967296/0,1|0|1,5,0,3,0,0,1,0,0,5,8,f0951c78cf402abd6fa15327455d936711ab05399e101787e59b8aa70da2f4fa,8e4bb4bd868b963c649e0187963f7d4103a0a5dd498142af79a21e1e6745006d,3309e0c3b842765859e0c2818e3d189cef9ea8847e28a5e2fc2d1bd0ebbe985a,true,true,true,true,true
377,5200000,8,threshold_3_still_insufficient,persistence_only,reference,1/4/1/4294967296/0,0|0,2,0,1,0,0,0,0,0,2,8,a3fb08245bfed6a3a5f7cd88ec7dbca7630ae06422cd15519f6fcbce7fa70820,33b080da7c46dbb434db91ec2bad5e6b765b57630b410d3d85744d41b21dedac,f6d21e90a17a036a2d2ec2ca2bd44a7c6f5a243fadbb669c79fa4591e3540f7e,true,true,true,true,true
377,5200000,8,threshold_3_still_insufficient,persistence_only,production,1/4/1/4294967296/0,0|0,2,0,1,0,0,0,0,0,2,8,a3fb08245bfed6a3a5f7cd88ec7dbca7630ae06422cd15519f6fcbce7fa70820,33b080da7c46dbb434db91ec2bad5e6b765b57630b410d3d85744d41b21dedac,f6d21e90a17a036a2d2ec2ca2bd44a7c6f5a243fadbb669c79fa4591e3540f7e,true,true,true,true,true
378,5200000,8,threshold_3_still_insufficient,efficacy_and_persistence,reference,1/4/2/4294967296/0,0|0,2,0,1,0,0,0,0,0,2,8,c6f887a37fdd9945b5727ed31713b199f509a23bce76e9875815286b7b5da3d8,9bfa93665132763f4bfd9dfaaf8d8364372c1f9e5f5e9e65f6bccd90e263c69b,8ab4e183940748f657a025d50fe62ce5c7cedc73d926ff81b4d4368cc6a55be9,true,true,true,true,true
378,5200000,8,threshold_3_still_insufficient,efficacy_and_persistence,production,1/4/2/4294967296/0,0|0,2,0,1,0,0,0,0,0,2,8,c6f887a37fdd9945b5727ed31713b199f509a23bce76e9875815286b7b5da3d8,9bfa93665132763f4bfd9dfaaf8d8364372c1f9e5f5e9e65f6bccd90e263c69b,8ab4e183940748f657a025d50fe62ce5c7cedc73d926ff81b4d4368cc6a55be9,true,true,true,true,true
379,5200000,8,threshold_2_two_physical_inputs,persistence_only,reference,1/4/1/4294967296/0;1/4/1/4294967296/0,1|1,5,0,3,0,0,1,0,0,5,8,7614ac70a2e1b2ee48b4f994c3502d2583ee207754893833a0600b11dc627ee3,4917e3dca404da5dfcdc08ca9a9262ec747d349011f0c8725f74af274724ad70,14e1912fa311612a00e708e7e16328a46facf6552f69cf90aa0ea2485e60a967,true,true,true,true,true
379,5200000,8,threshold_2_two_physical_inputs,persistence_only,production,1/4/1/4294967296/0;1/4/1/4294967296/0,1|1,5,0,3,0,0,1,0,0,5,8,7614ac70a2e1b2ee48b4f994c3502d2583ee207754893833a0600b11dc627ee3,4917e3dca404da5dfcdc08ca9a9262ec747d349011f0c8725f74af274724ad70,14e1912fa311612a00e708e7e16328a46facf6552f69cf90aa0ea2485e60a967,true,true,true,true,true
380,5200000,8,threshold_2_two_physical_inputs,efficacy_and_persistence,reference,1/4/1/4294967296/0;1/4/1/4294967296/0,1|1,5,0,3,0,0,1,0,0,5,8,942e143aa23f701ebb1b5658285cd1efa5c6822222e582153d2efb46454d257c,116b4383bab67ce0ae6a1d181ef3dca9c2ebac92e0ae007e9696070f1d798001,b70d9dd2de8db7dcc99de825fb61bdc79f19ab0f4744224718b970ad00df9a34,true,true,true,true,true
380,5200000,8,threshold_2_two_physical_inputs,efficacy_and_persistence,production,1/4/1/4294967296/0;1/4/1/4294967296/0,1|1,5,0,3,0,0,1,0,0,5,8,942e143aa23f701ebb1b5658285cd1efa5c6822222e582153d2efb46454d257c,116b4383bab67ce0ae6a1d181ef3dca9c2ebac92e0ae007e9696070f1d798001,b70d9dd2de8db7dcc99de825fb61bdc79f19ab0f4744224718b970ad00df9a34,true,true,true,true,true
381,5200000,9,cpc0_contact_locality,persistence_only,reference,1/7/1/4026531840/4026531840;1/4/1/4026531840/0,4026531840|0,6,1,4,1,0,0,0,0,8,10,43f01f1ea03d86121a316a9f124398a294ed6aedd1bcc404565e93f8183e0760,5a55389d32c433b1d0430b74433b543921e76db26f0be9e542dd42b6b6bf8513,fd7445b6601de6ba1585c10c20d4b4460944522a480f29a9ceb71309d45d9ad6,true,true,false,true,false
381,5200000,9,cpc0_contact_locality,persistence_only,production,1/7/1/4026531840/4026531840;1/4/1/4026531840/0,4026531840|0,6,1,4,1,0,0,0,0,8,10,43f01f1ea03d86121a316a9f124398a294ed6aedd1bcc404565e93f8183e0760,5a55389d32c433b1d0430b74433b543921e76db26f0be9e542dd42b6b6bf8513,7a1b2bbef0c385057e3e340d7af8b7172639edb1294077b9ce6c7e86d669ad57,true,true,false,true,false
382,5200000,9,cpc0_contact_locality,efficacy_and_persistence,reference,1/7/2/4026531840/4026531840;1/4/2/4026531840/0,4026531840|0,6,1,4,1,0,0,0,0,8,10,eb6a8273d0147a20bcdfade054260a18754df35a83f3d031a879132efa1c2576,dd63362dc09fe164d28ccd578a214d6ef05700c3c25694deac3372e5146d84fe,8e9c1d31c592a933fc66939ecf383454ccfb02ddde781a0669a87766275e697a,true,true,false,true,false
382,5200000,9,cpc0_contact_locality,efficacy_and_persistence,production,1/7/2/4026531840/4026531840;1/4/2/4026531840/0,4026531840|0,6,1,4,1,0,0,0,0,8,10,eb6a8273d0147a20bcdfade054260a18754df35a83f3d031a879132efa1c2576,dd63362dc09fe164d28ccd578a214d6ef05700c3c25694deac3372e5146d84fe,7d415d22440173004cb80a0158941e0f51124673d485311de17f877ff4520df5,true,true,false,true,false
383,5200000,9,cpc1_temporal_participation,persistence_only,reference,1/6/1/1979772000/4026531840;1/5/1/1979772000/1979772000;1/7/1/1979772000/3110400000;1/7/1/1979772000/3110400000;1/7/1/4542662625/7136931840,4026531840|1979772000|3110400000|3110400000|7136931840,19,5,12,5,0,0,0,0,29,21,69eadf594b38a2a7ae234d0bddc375cf39a4c274c098b1b9b534d1d7edc25251,4bcca492375b3bdd715f0e4bb12e4ffc741a9a01780b9bfa0930ce5599edb3b8,83a330b7107440c67851c8a8cbb22e54da42b0484d7cc2bc59543190205a840e,true,true,false,true,false
383,5200000,9,cpc1_temporal_participation,persistence_only,production,1/6/1/1979772000/4026531840;1/5/1/1979772000/1979772000;1/7/1/1979772000/3110400000;1/7/1/1979772000/3110400000;1/7/1/4542662625/7136931840,4026531840|1979772000|3110400000|3110400000|7136931840,19,5,12,5,0,0,0,0,29,21,69eadf594b38a2a7ae234d0bddc375cf39a4c274c098b1b9b534d1d7edc25251,4bcca492375b3bdd715f0e4bb12e4ffc741a9a01780b9bfa0930ce5599edb3b8,8aead1ca5a49fb85f8a09c67f1b55db82ce34b6c000308c81831d9511abf5fa0,true,true,false,true,false
384,5200000,9,cpc1_temporal_participation,efficacy_and_persistence,reference,1/6/2/1979772000/4026531840;1/5/2/1979772000/1979772000;1/7/2/1979772000/3110400000;1/7/2/1979772000/3110400000;1/7/2/4542662625/7136931840,4026531840|1979772000|3110400000|3110400000|7136931840,19,5,12,5,0,0,0,0,29,21,739c290f3c1574034ec9bbdedc2030acacf1a829b8eff7e2f5bdeb5b45509ad5,88ea6e770d4d491a594eeb4a61a8abb9de524468c42871c205e26e6105882f50,8ebf7a8b2618086c055f0c21e0136e7a0fded7b707e0ca47bda2664360a234ab,true,true,false,true,false
384,5200000,9,cpc1_temporal_participation,efficacy_and_persistence,production,1/6/2/1979772000/4026531840;1/5/2/1979772000/1979772000;1/7/2/1979772000/3110400000;1/7/2/1979772000/3110400000;1/7/2/4542662625/7136931840,4026531840|1979772000|3110400000|3110400000|7136931840,19,5,12,5,0,0,0,0,29,21,739c290f3c1574034ec9bbdedc2030acacf1a829b8eff7e2f5bdeb5b45509ad5,88ea6e770d4d491a594eeb4a61a8abb9de524468c42871c205e26e6105882f50,57747af0533dfe7160a0d8a38b7640b8a781c01fe2943b7fe8536b90b361f7e5,true,true,false,true,false
385,5200000,9,pqlc0_one_hop,persistence_only,reference,1/7/1/4026531840/4026531840,1|4026531840,5,2,4,2,1,0,0,0,10,10,2f997b823f9a9869168ba9168f9483137d0e8c89fbd009921d1916bc0dffcb1d,08e14bfff0fb45fee23df1cecc10d8e9395924e734427c0f891f55b0405e6321,9e4ff13ea0f6e2090debcfb79114505a7d5d29859b7a537e8f27f9227fe46825,true,true,false,true,false
385,5200000,9,pqlc0_one_hop,persistence_only,production,1/7/1/4026531840/4026531840,1|4026531840,5,2,4,2,1,0,0,0,10,10,2f997b823f9a9869168ba9168f9483137d0e8c89fbd009921d1916bc0dffcb1d,08e14bfff0fb45fee23df1cecc10d8e9395924e734427c0f891f55b0405e6321,821df4893cbf5cca3ca09153284bdb0bccd2f904d50b2b825af90f1ac5755d61,true,true,false,true,false
386,5200000,9,pqlc0_one_hop,efficacy_and_persistence,reference,1/7/2/4026531840/4026531840,1|4026531840,5,2,4,2,1,0,0,0,10,10,b14d39e54666aead250619377393cbdfd329081795439d1649207941fb0beb34,e5d59c09907ae6bad0e84892aa6121c90d30d9b00c851f830de19f04b963a358,eb40937db32caa0fe7db7b459d895210510a812000e50ed4c4abda80fb399b5c,true,true,false,true,false
386,5200000,9,pqlc0_one_hop,efficacy_and_persistence,production,1/7/2/4026531840/4026531840,1|4026531840,5,2,4,2,1,0,0,0,10,10,b14d39e54666aead250619377393cbdfd329081795439d1649207941fb0beb34,e5d59c09907ae6bad0e84892aa6121c90d30d9b00c851f830de19f04b963a358,4b5e7c0c88a955dc5e343b52b792d404c635b56bfadec70ab897c6ba7e19d9c1,true,true,false,true,false
387,5200000,9,pqlc1_depth_16,persistence_only,reference,1/7/1/4026531840/4026531840;1/7/1/4026531840/4026531840;1/7/1/4026531840/4026531840;1/7/1/4026531840/4026531840;1/7/1/4026531840/4026531840;1/7/1/4026531840/4026531840;1/7/1/4026531840/4026531840;1/7/1/4026531840/4026531840;1/7/1/4026531840/4026531840;1/7/1/4026531840/4026531840;1/7/1/4026531840/4026531840;1/7/1/4026531840/4026531840;1/7/1/4026531840/4026531840;1/7/1/4026531840/4026531840;1/7/1/4026531840/4026531840;1/7/1/4026531840/4026531840,16,19,16,18,16,15,0,0,0,66,10,0180bfd8fe3bee06d269b0f61e9dcea18935c632f6da70e96447ffb7b5535658,dc8d21a19d3f690aa9a9ae601e8520d8a2684c8b4b2b11b40119843232a06774,eef709a0423cccb2da6545c1af90835418267a085b1005f8472a4ac389eaf273,true,true,false,true,false
387,5200000,9,pqlc1_depth_16,persistence_only,production,1/7/1/4026531840/4026531840;1/7/1/4026531840/4026531840;1/7/1/4026531840/4026531840;1/7/1/4026531840/4026531840;1/7/1/4026531840/4026531840;1/7/1/4026531840/4026531840;1/7/1/4026531840/4026531840;1/7/1/4026531840/4026531840;1/7/1/4026531840/4026531840;1/7/1/4026531840/4026531840;1/7/1/4026531840/4026531840;1/7/1/4026531840/4026531840;1/7/1/4026531840/4026531840;1/7/1/4026531840/4026531840;1/7/1/4026531840/4026531840;1/7/1/4026531840/4026531840,16,19,16,18,16,15,0,0,0,66,10,0180bfd8fe3bee06d269b0f61e9dcea18935c632f6da70e96447ffb7b5535658,dc8d21a19d3f690aa9a9ae601e8520d8a2684c8b4b2b11b40119843232a06774,6999bb143b5506d6bb7eeab02e9972335ac35c44f525d4438608beee06fff039,true,true,false,true,false
388,5200000,9,pqlc1_depth_16,efficacy_and_persistence,reference,1/7/2/4026531840/4026531840;1/7/2/4026531840/4026531840;1/7/2/4026531840/4026531840;1/7/2/4026531840/4026531840;1/7/2/4026531840/4026531840;1/7/2/4026531840/4026531840;1/7/2/4026531840/4026531840;1/7/2/4026531840/4026531840;1/7/2/4026531840/4026531840;1/7/2/4026531840/4026531840;1/7/2/4026531840/4026531840;1/7/2/4026531840/4026531840;1/7/2/4026531840/4026531840;1/7/2/4026531840/4026531840;1/7/2/4026531840/4026531840;1/7/2/4026531840/4026531840,16,19,16,18,16,15,0,0,0,66,10,d15b52e405a2752553fcbea7eb625a13fcf091fd8624816a9d22e7f98485a055,969343c718f67900bfbe369a18b5d7795d81e0f6ea6c1c657755ae01dcb8b403,8a38f08b887a0d52018e80a870a8a5d01ad3286a3a8cbfb54fecb8cf67f668d5,true,true,false,true,false
388,5200000,9,pqlc1_depth_16,efficacy_and_persistence,production,1/7/2/4026531840/4026531840;1/7/2/4026531840/4026531840;1/7/2/4026531840/4026531840;1/7/2/4026531840/4026531840;1/7/2/4026531840/4026531840;1/7/2/4026531840/4026531840;1/7/2/4026531840/4026531840;1/7/2/4026531840/4026531840;1/7/2/4026531840/4026531840;1/7/2/4026531840/4026531840;1/7/2/4026531840/4026531840;1/7/2/4026531840/4026531840;1/7/2/4026531840/4026531840;1/7/2/4026531840/4026531840;1/7/2/4026531840/4026531840;1/7/2/4026531840/4026531840,16,19,16,18,16,15,0,0,0,66,10,d15b52e405a2752553fcbea7eb625a13fcf091fd8624816a9d22e7f98485a055,969343c718f67900bfbe369a18b5d7795d81e0f6ea6c1c657755ae01dcb8b403,0b0d640d172e4cd21f583fe34df1ec8ca050cfce572d83da2993372cb72aeb76,true,true,false,true,false
389,5200000,9,fd0_equal_persistence,persistence_only,reference,1/1/1/0/0;0/0/1/0/0,1|0,0,0,0,0,0,0,0,1,1,49,4f53cda18c2baa0c0354bb5f9a3ecbe5ed12ab4d8e11ba873c2f11161202b945,30cdd20d7cddc353b24a02ddb50fe9b227bbabf3db5394fc6ac0cb636f144eaf,8d11643411d4e2ae3ee47b05265bec324f380d07aec5d3e57b418719a2b04a80,true,true,false,true,false
389,5200000,9,fd0_equal_persistence,persistence_only,production,1/1/1/0/0;0/0/1/0/0,1|0,0,0,0,0,0,0,0,1,1,49,4f53cda18c2baa0c0354bb5f9a3ecbe5ed12ab4d8e11ba873c2f11161202b945,30cdd20d7cddc353b24a02ddb50fe9b227bbabf3db5394fc6ac0cb636f144eaf,41bb59b97b02bca9b981c308f32def045c1cab331cd2fa0d2ac3b2f425e17076,true,true,false,true,false
390,5200000,9,fd0_equal_persistence,efficacy_and_persistence,reference,1/1/2/0/0;0/0/2/0/0,1|0,0,0,0,0,0,0,0,1,1,49,4f53cda18c2baa0c0354bb5f9a3ecbe5ed12ab4d8e11ba873c2f11161202b945,8adaf9ee49a1608c4bb96479fbf634a7a6f42f642f00a39f0cdc88e765033a31,7b714a92d20aae1cd97f2c91444c6c2280c4fa33ffe7a6ad9cff145b1fef5c8e,true,true,false,true,false
390,5200000,9,fd0_equal_persistence,efficacy_and_persistence,production,1/1/2/0/0;0/0/2/0/0,1|0,0,0,0,0,0,0,0,1,1,49,4f53cda18c2baa0c0354bb5f9a3ecbe5ed12ab4d8e11ba873c2f11161202b945,8adaf9ee49a1608c4bb96479fbf634a7a6f42f642f00a39f0cdc88e765033a31,65b5826fa3e02a48e9041950fa2e80a50e4e0ade2525aad2f7b96584d56dcde2,true,true,false,true,false
391,5200000,9,fd1_consolidation,persistence_only,reference,1/4/1/4026531840/4026531840;1/1/1/4026531840/0,4026531840|0,5,1,3,1,0,0,0,0,7,10,9184e4cc9bb03486cc1ce2b57e3fccb5c152dc3aa58867981de19cd596338d98,d823f667d46dad00e2a19d0ef2347ee0c9bae18e15ba7b6a46a0abe96fbe1a8f,efeae3348d8ec39e48f2e2843fa8406aae46b4ed37ce1194a2884c00aa814508,true,true,false,true,false
391,5200000,9,fd1_consolidation,persistence_only,production,1/4/1/4026531840/4026531840;1/1/1/4026531840/0,4026531840|0,5,1,3,1,0,0,0,0,7,10,9184e4cc9bb03486cc1ce2b57e3fccb5c152dc3aa58867981de19cd596338d98,d823f667d46dad00e2a19d0ef2347ee0c9bae18e15ba7b6a46a0abe96fbe1a8f,1505fbef432fa966b430a5a69f06a4f34f0cffc6a93a31712794e370c1ac69ab,true,true,false,true,false
392,5200000,9,fd1_consolidation,efficacy_and_persistence,reference,1/4/2/4026531840/4026531840;1/1/2/4026531840/0,4026531840|0,5,1,3,1,0,0,0,0,7,10,1584bf6d6f0f67bd7b41c62d891d9d6778c95b04a879c27c98f0d1d687d654bd,59d972c34c65d74f5949d344af53f83b62a093923377315af06ff828fc4689c1,ba1b480e0f14094ebe3b156a098382bf110d66941d051940230b453d99552ff6,true,true,false,true,false
392,5200000,9,fd1_consolidation,efficacy_and_persistence,production,1/4/2/4026531840/4026531840;1/1/2/4026531840/0,4026531840|0,5,1,3,1,0,0,0,0,7,10,1584bf6d6f0f67bd7b41c62d891d9d6778c95b04a879c27c98f0d1d687d654bd,59d972c34c65d74f5949d344af53f83b62a093923377315af06ff828fc4689c1,a467d74d6db14204a33aa06d6a591ecb57b7b7ec36175a7817dfbf646464efda,true,true,false,true,false
393,5200000,9,threshold_1_already_executable,persistence_only,reference,1/4/1/4294967296/0,1|1,3,0,2,0,0,1,0,0,3,9,e43fc3447dbbd3869b2c5c4b69af7f7b7988fbbd68fdaf2c4ab73aabc828318a,856a0ec29c5df2d189670b81c3c93686a3e866ac8f4c81e7a744baa2cba907e8,a05a2023358363b1478d968a703636d5969a099d8cbc382a42a76a4b9827c837,true,true,true,true,true
393,5200000,9,threshold_1_already_executable,persistence_only,production,1/4/1/4294967296/0,1|1,3,0,2,0,0,1,0,0,3,9,e43fc3447dbbd3869b2c5c4b69af7f7b7988fbbd68fdaf2c4ab73aabc828318a,856a0ec29c5df2d189670b81c3c93686a3e866ac8f4c81e7a744baa2cba907e8,a05a2023358363b1478d968a703636d5969a099d8cbc382a42a76a4b9827c837,true,true,true,true,true
394,5200000,9,threshold_1_already_executable,efficacy_and_persistence,reference,1/4/2/4294967296/0,1|1,3,0,2,0,0,1,0,0,3,9,e0a63bff5562d95dfc2513877c787464cbda789da3bfbc43178ced5843b97c3a,6d78721e1e60d456ec508eafd66e3aed3841e52b1a48fad9d39cf23970b8c8f0,38ef3471a4bf455b7609015c18ae407fe801aed8bc273f58e8277296f8ecba85,true,true,true,true,true
394,5200000,9,threshold_1_already_executable,efficacy_and_persistence,production,1/4/2/4294967296/0,1|1,3,0,2,0,0,1,0,0,3,9,e0a63bff5562d95dfc2513877c787464cbda789da3bfbc43178ced5843b97c3a,6d78721e1e60d456ec508eafd66e3aed3841e52b1a48fad9d39cf23970b8c8f0,38ef3471a4bf455b7609015c18ae407fe801aed8bc273f58e8277296f8ecba85,true,true,true,true,true
395,5200000,9,threshold_2_acquired_efficacy,persistence_only,reference,1/4/1/4294967296/0;1/1/1/4294967296/0,0|0|0,4,0,2,0,0,0,0,0,4,9,ce7cf243d175823463512d604f96e537ff97e56d2322c660dcf5c957ff2990be,a5c7298b754dca89e3a7603170c135dcac652a6a9a92553b72dffcbbd247a541,d55eaf43411c1de349b59db5a4a1ca17c243fc475bc55187a255e9ec3cee50a9,true,true,true,true,true
395,5200000,9,threshold_2_acquired_efficacy,persistence_only,production,1/4/1/4294967296/0;1/1/1/4294967296/0,0|0|0,4,0,2,0,0,0,0,0,4,9,ce7cf243d175823463512d604f96e537ff97e56d2322c660dcf5c957ff2990be,a5c7298b754dca89e3a7603170c135dcac652a6a9a92553b72dffcbbd247a541,d55eaf43411c1de349b59db5a4a1ca17c243fc475bc55187a255e9ec3cee50a9,true,true,true,true,true
396,5200000,9,threshold_2_acquired_efficacy,efficacy_and_persistence,reference,1/4/2/4294967296/0;1/1/1/4294967296/0,1|0|1,5,0,3,0,0,1,0,0,5,9,a8aad418774bc0f9509fc0e663f3061276aa46abb6226a3754cfc10d2f84abff,8e4bb4bd868b963c649e0187963f7d4103a0a5dd498142af79a21e1e6745006d,9c6f7cb5977f46aeab43fb58409e75b8e1b5b411cefe7cabaf38399c149711f3,true,true,true,true,true
396,5200000,9,threshold_2_acquired_efficacy,efficacy_and_persistence,production,1/4/2/4294967296/0;1/1/1/4294967296/0,1|0|1,5,0,3,0,0,1,0,0,5,9,a8aad418774bc0f9509fc0e663f3061276aa46abb6226a3754cfc10d2f84abff,8e4bb4bd868b963c649e0187963f7d4103a0a5dd498142af79a21e1e6745006d,9c6f7cb5977f46aeab43fb58409e75b8e1b5b411cefe7cabaf38399c149711f3,true,true,true,true,true
397,5200000,9,threshold_3_still_insufficient,persistence_only,reference,1/4/1/4294967296/0,0|0,2,0,1,0,0,0,0,0,2,9,f3db3ca8a7cda6b4a658669b835bbc5a1b32151116252550c8485868bc38b3ab,33b080da7c46dbb434db91ec2bad5e6b765b57630b410d3d85744d41b21dedac,439a0e97ee8b5fac973c89f3078b8cd802e47a1fcde150f605b362a47367585d,true,true,true,true,true
397,5200000,9,threshold_3_still_insufficient,persistence_only,production,1/4/1/4294967296/0,0|0,2,0,1,0,0,0,0,0,2,9,f3db3ca8a7cda6b4a658669b835bbc5a1b32151116252550c8485868bc38b3ab,33b080da7c46dbb434db91ec2bad5e6b765b57630b410d3d85744d41b21dedac,439a0e97ee8b5fac973c89f3078b8cd802e47a1fcde150f605b362a47367585d,true,true,true,true,true
398,5200000,9,threshold_3_still_insufficient,efficacy_and_persistence,reference,1/4/2/4294967296/0,0|0,2,0,1,0,0,0,0,0,2,9,f56aa1400492d227b8c0cf6add4278354e23aff63a499fda12e35b491852ec94,9bfa93665132763f4bfd9dfaaf8d8364372c1f9e5f5e9e65f6bccd90e263c69b,09c46e47cefbb3c782a1502e773938164589d4fe92b3380d2d06b7a4ade9c0fc,true,true,true,true,true
398,5200000,9,threshold_3_still_insufficient,efficacy_and_persistence,production,1/4/2/4294967296/0,0|0,2,0,1,0,0,0,0,0,2,9,f56aa1400492d227b8c0cf6add4278354e23aff63a499fda12e35b491852ec94,9bfa93665132763f4bfd9dfaaf8d8364372c1f9e5f5e9e65f6bccd90e263c69b,09c46e47cefbb3c782a1502e773938164589d4fe92b3380d2d06b7a4ade9c0fc,true,true,true,true,true
399,5200000,9,threshold_2_two_physical_inputs,persistence_only,reference,1/4/1/4294967296/0;1/4/1/4294967296/0,1|1,5,0,3,0,0,1,0,0,5,9,4cd0341a120978f4424bdf25c535d46d4504411901220ca5f162a23ec401a8c4,4917e3dca404da5dfcdc08ca9a9262ec747d349011f0c8725f74af274724ad70,d4a879a4351933e5892dd330cf6bf7a8f63f7eaf3d14c6edcb400da151796f0e,true,true,true,true,true
399,5200000,9,threshold_2_two_physical_inputs,persistence_only,production,1/4/1/4294967296/0;1/4/1/4294967296/0,1|1,5,0,3,0,0,1,0,0,5,9,4cd0341a120978f4424bdf25c535d46d4504411901220ca5f162a23ec401a8c4,4917e3dca404da5dfcdc08ca9a9262ec747d349011f0c8725f74af274724ad70,d4a879a4351933e5892dd330cf6bf7a8f63f7eaf3d14c6edcb400da151796f0e,true,true,true,true,true
400,5200000,9,threshold_2_two_physical_inputs,efficacy_and_persistence,reference,1/4/1/4294967296/0;1/4/1/4294967296/0,1|1,5,0,3,0,0,1,0,0,5,9,ec514e1adf93757193c59854fec76dc6fcdcfce3c1d8bd21716ac6749a909b87,116b4383bab67ce0ae6a1d181ef3dca9c2ebac92e0ae007e9696070f1d798001,e027a4029a9365ff077953a2d29d98bfeb7d7f50a30912bda72f1a09871bfb9e,true,true,true,true,true
400,5200000,9,threshold_2_two_physical_inputs,efficacy_and_persistence,production,1/4/1/4294967296/0;1/4/1/4294967296/0,1|1,5,0,3,0,0,1,0,0,5,9,ec514e1adf93757193c59854fec76dc6fcdcfce3c1d8bd21716ac6749a909b87,116b4383bab67ce0ae6a1d181ef3dca9c2ebac92e0ae007e9696070f1d798001,e027a4029a9365ff077953a2d29d98bfeb7d7f50a30912bda72f1a09871bfb9e,true,true,true,true,true
