    Finished `test` profile [optimized + debuginfo] target(s) in 0.01s
     Running tests/runtime_attachment.rs (/tmp/truelearner-calibration-authority-v2-target.XSYAfC/debug/deps/runtime_attachment-84fb746bf06bb17b)

running 1 test
test calibration_ablation_fixed_context ... FAILED

failures:

---- calibration_ablation_fixed_context stdout ----

thread 'calibration_ablation_fixed_context' (302997082) panicked at crates/embodiment/tests/runtime_attachment.rs:1548:5:
fixed context unexpectedly held shifted normal: RegulationRun {
    positions: [
        3,
        3,
        2,
        2,
        1,
        1,
        1,
        1,
        1,
        1,
        1,
        1,
        1,
        1,
        1,
        1,
        1,
        1,
        1,
        1,
        1,
        1,
        1,
        1,
        1,
        1,
        1,
        1,
        1,
        1,
        1,
        1,
    ],
    directions: [
        -1,
        0,
        -1,
        0,
        -1,
        0,
        0,
        0,
        0,
        0,
        0,
        0,
        0,
        0,
        0,
        0,
        0,
        0,
        0,
        0,
        0,
        0,
        0,
        0,
        0,
        0,
        0,
        0,
        0,
        0,
        0,
        0,
    ],
    output_origins: [
        [
            20000,
        ],
        [],
        [
            20000,
        ],
        [],
        [
            20000,
        ],
        [],
        [],
        [],
        [],
        [],
        [],
        [],
        [],
        [],
        [],
        [],
        [],
        [],
        [],
        [],
        [],
        [],
        [],
        [],
        [],
        [],
        [],
        [],
        [],
        [],
        [],
        [],
    ],
    consequence_observed: [
        false,
        true,
        false,
        true,
        false,
        true,
        false,
        false,
        false,
        false,
        false,
        false,
        false,
        false,
        false,
        false,
        false,
        false,
        false,
        false,
        false,
        false,
        false,
        false,
        false,
        false,
        false,
        false,
        false,
        false,
        false,
        false,
    ],
    decision_trace: [
        [
            "PhysicalTransition { tick: 2, phase: 0, event: NaturalCycleClosureEvaluated { surface: JunctionId(8), matching_paths: 0, decision: NoMatchingPath } }",
            "PhysicalTransition { tick: 2, phase: 0, event: NaturalCycleClosureEvaluated { surface: JunctionId(9), matching_paths: 0, decision: NoMatchingPath } }",
            "PhysicalTransition { tick: 2, phase: 0, event: NaturalCycleClosureEvaluated { surface: JunctionId(10), matching_paths: 0, decision: NoMatchingPath } }",
            "PhysicalTransition { tick: 2, phase: 0, event: NaturalCycleClosureEvaluated { surface: JunctionId(7), matching_paths: 0, decision: NoMatchingPath } }",
            "PhysicalTransition { tick: 2, phase: 1, event: NaturalCycleClosureEvaluated { surface: JunctionId(14), matching_paths: 0, decision: NoMatchingPath } }",
            "PhysicalTransition { tick: 2, phase: 1, event: NaturalCycleClosureEvaluated { surface: JunctionId(21), matching_paths: 0, decision: NoMatchingPath } }",
            "PhysicalTransition { tick: 2, phase: 1, event: NaturalCycleClosureEvaluated { surface: JunctionId(28), matching_paths: 0, decision: NoMatchingPath } }",
            "PhysicalTransition { tick: 2, phase: 1, event: NaturalCycleClosureEvaluated { surface: JunctionId(17), matching_paths: 0, decision: NoMatchingPath } }",
            "PhysicalTransition { tick: 2, phase: 1, event: NaturalCycleClosureEvaluated { surface: JunctionId(18), matching_paths: 0, decision: NoMatchingPath } }",
            "PhysicalTransition { tick: 2, phase: 1, event: NaturalCycleClosureEvaluated { surface: JunctionId(24), matching_paths: 0, decision: NoMatchingPath } }",
            "PhysicalTransition { tick: 2, phase: 1, event: NaturalCycleClosureEvaluated { surface: JunctionId(25), matching_paths: 0, decision: NoMatchingPath } }",
            "PhysicalTransition { tick: 2, phase: 1, event: NaturalCycleClosureEvaluated { surface: JunctionId(31), matching_paths: 0, decision: NoMatchingPath } }",
            "PhysicalTransition { tick: 2, phase: 1, event: NaturalCycleClosureEvaluated { surface: JunctionId(32), matching_paths: 0, decision: NoMatchingPath } }",
            "PhysicalTransition { tick: 2, phase: 1, event: NaturalCycleClosureEvaluated { surface: JunctionId(38), matching_paths: 0, decision: NoMatchingPath } }",
            "PhysicalTransition { tick: 2, phase: 1, event: NaturalCycleClosureEvaluated { surface: JunctionId(39), matching_paths: 0, decision: NoMatchingPath } }",
            "PhysicalTransition { tick: 2, phase: 1, event: NaturalCycleClosureEvaluated { surface: JunctionId(45), matching_paths: 0, decision: NoMatchingPath } }",
            "PhysicalTransition { tick: 2, phase: 1, event: NaturalCycleClosureEvaluated { surface: JunctionId(46), matching_paths: 0, decision: NoMatchingPath } }",
            "PhysicalTransition { tick: 2, phase: 2, event: NaturalCycleClosureEvaluated { surface: JunctionId(36), matching_paths: 0, decision: NoMatchingPath } }",
            "PhysicalTransition { tick: 2, phase: 2, event: NaturalCycleClosureEvaluated { surface: JunctionId(43), matching_paths: 0, decision: NoMatchingPath } }",
            "PhysicalTransition { tick: 2, phase: 3, event: NaturalCycleClosureEvaluated { surface: JunctionId(19), matching_paths: 0, decision: NoMatchingPath } }",
            "PhysicalTransition { tick: 2, phase: 3, event: NaturalCycleClosureEvaluated { surface: JunctionId(26), matching_paths: 0, decision: NoMatchingPath } }",
            "PhysicalTransition { tick: 2, phase: 3, event: NaturalCycleClosureEvaluated { surface: JunctionId(33), matching_paths: 0, decision: NoMatchingPath } }",
            "PhysicalTransition { tick: 2, phase: 7, event: NaturalCycleClosureEvaluated { surface: JunctionId(13), matching_paths: 0, decision: NoTransition } }",
            "PhysicalTransition { tick: 3, phase: 0, event: NaturalCycleClosureEvaluated { surface: JunctionId(49), matching_paths: 0, decision: NoTransition } }",
            "PhysicalTransition { tick: 3, phase: 0, event: NaturalCycleClosureEvaluated { surface: JunctionId(50), matching_paths: 0, decision: NoTransition } }",
            "PhysicalTransition { tick: 3, phase: 0, event: NaturalCycleClosureEvaluated { surface: JunctionId(51), matching_paths: 0, decision: NoTransition } }",
            "PhysicalTransition { tick: 3, phase: 0, event: NaturalCycleClosureEvaluated { surface: JunctionId(52), matching_paths: 0, decision: NoTransition } }",
            "PhysicalTransition { tick: 4, phase: 0, event: OutputCandidateEvaluated { target: JunctionId(1), ownership: Organism, path_inputs: 2, path_origins: [90001], distinct_path_origins: 1, distinct_path_owners: 0, positive_path_strength: 4294967296, negative_path_strength: 4294967296, opportunity: 4294967296, supplied_opportunity: 0, admitted_drive: 4294967296, projected_drive: 8589934592, threshold: 8589934592, consequence_tick: None, unanswered_returns: 0, executable: true } }",
            "PhysicalTransition { tick: 4, phase: 0, event: OutputCandidateEvaluated { target: JunctionId(2), ownership: Organism, path_inputs: 2, path_origins: [90001], distinct_path_origins: 1, distinct_path_owners: 0, positive_path_strength: 4294967296, negative_path_strength: 4294967296, opportunity: 4294967296, supplied_opportunity: 0, admitted_drive: 4294967296, projected_drive: 8589934592, threshold: 8589934592, consequence_tick: None, unanswered_returns: 0, executable: true } }",
            "PhysicalTransition { tick: 4, phase: 0, event: OutputChoiceResolved { ordinary_target: JunctionId(1), current_transition_target: None, coherent_effect_target: None, completed_cycle_target: None, computed_winner_target: JunctionId(1), admitted: [OutputAdmission { target: JunctionId(1), owner: None }], computed_winner_basis: Ordinary, admission_basis: Ordinary, completed_cycle_state: Missing, crosses_ownership_view: false } }",
            "PhysicalTransition { tick: 4, phase: 0, event: CandidateSelection { target: JunctionId(1), origin_scope: None, consequence_tick: None, admitted: true } }",
            "PhysicalTransition { tick: 4, phase: 0, event: CandidateSelection { target: JunctionId(2), origin_scope: None, consequence_tick: None, admitted: false } }",
            "PhysicalTransition { tick: 4, phase: 0, event: NaturalCycleClosureEvaluated { surface: JunctionId(1), matching_paths: 0, decision: NoTransition } }",
            "PhysicalTransition { tick: 4, phase: 0, event: Output(Output { tick: 4, from_physical: 20000, to_physical: 30000, from_region: 0, to_region: 1, impulse: 1 }) }",
            "PhysicalTransition { tick: 4, phase: 0, event: NaturalCycleClosureEvaluated { surface: JunctionId(3), matching_paths: 0, decision: NoTransition } }",
        ],
        [
            "PhysicalTransition { tick: 5, phase: 0, event: NaturalCycleClosureEvaluated { surface: JunctionId(8), matching_paths: 0, decision: NoMatchingPath } }",
            "PhysicalTransition { tick: 5, phase: 0, event: NaturalCycleClosureEvaluated { surface: JunctionId(9), matching_paths: 0, decision: NoMatchingPath } }",
            "PhysicalTransition { tick: 5, phase: 0, event: NaturalCycleClosureEvaluated { surface: JunctionId(7), matching_paths: 0, decision: NoMatchingPath } }",
            "PhysicalTransition { tick: 5, phase: 1, event: NaturalCycleClosureEvaluated { surface: JunctionId(14), matching_paths: 0, decision: NoMatchingPath } }",
            "PhysicalTransition { tick: 5, phase: 1, event: NaturalCycleClosureEvaluated { surface: JunctionId(21), matching_paths: 0, decision: NoMatchingPath } }",
            "PhysicalTransition { tick: 5, phase: 1, event: NaturalCycleClosureEvaluated { surface: JunctionId(16), matching_paths: 0, decision: NoMatchingPath } }",
            "PhysicalTransition { tick: 5, phase: 1, event: NaturalCycleClosureEvaluated { surface: JunctionId(18), matching_paths: 0, decision: NoMatchingPath } }",
            "PhysicalTransition { tick: 5, phase: 1, event: NaturalCycleClosureEvaluated { surface: JunctionId(23), matching_paths: 0, decision: NoMatchingPath } }",
            "PhysicalTransition { tick: 5, phase: 1, event: NaturalCycleClosureEvaluated { surface: JunctionId(25), matching_paths: 0, decision: NoMatchingPath } }",
            "PhysicalTransition { tick: 5, phase: 1, event: NaturalCycleClosureEvaluated { surface: JunctionId(30), matching_paths: 0, decision: NoMatchingPath } }",
            "PhysicalTransition { tick: 5, phase: 1, event: NaturalCycleClosureEvaluated { surface: JunctionId(32), matching_paths: 0, decision: NoMatchingPath } }",
            "PhysicalTransition { tick: 5, phase: 1, event: NaturalCycleClosureEvaluated { surface: JunctionId(38), matching_paths: 0, decision: NoMatchingPath } }",
            "PhysicalTransition { tick: 5, phase: 1, event: NaturalCycleClosureEvaluated { surface: JunctionId(39), matching_paths: 0, decision: NoMatchingPath } }",
            "PhysicalTransition { tick: 5, phase: 1, event: NaturalCycleClosureEvaluated { surface: JunctionId(45), matching_paths: 0, decision: NoMatchingPath } }",
            "PhysicalTransition { tick: 5, phase: 1, event: NaturalCycleClosureEvaluated { surface: JunctionId(46), matching_paths: 0, decision: NoMatchingPath } }",
            "PhysicalTransition { tick: 5, phase: 2, event: NaturalCycleClosureEvaluated { surface: JunctionId(29), matching_paths: 0, decision: NoMatchingPath } }",
            "PhysicalTransition { tick: 5, phase: 2, event: NaturalCycleClosureEvaluated { surface: JunctionId(36), matching_paths: 0, decision: NoMatchingPath } }",
            "PhysicalTransition { tick: 5, phase: 2, event: NaturalCycleClosureEvaluated { surface: JunctionId(43), matching_paths: 0, decision: NoMatchingPath } }",
            "PhysicalTransition { tick: 5, phase: 3, event: NaturalCycleClosureEvaluated { surface: JunctionId(34), matching_paths: 0, decision: NoMatchingPath } }",
            "PhysicalTransition { tick: 5, phase: 6, event: NaturalCycleClosureEvaluated { surface: JunctionId(13), matching_paths: 1, decision: Closed } }",
            "PhysicalTransition { tick: 5, phase: 6, event: ConsequenceRecorded { link: LinkId(159), junction: JunctionId(49) } }",
            "PhysicalTransition { tick: 5, phase: 6, event: ConsequenceRecorded { link: LinkId(160), junction: JunctionId(49) } }",
            "PhysicalTransition { tick: 5, phase: 6, event: NaturalCycleClosed { surface: JunctionId(13), output: JunctionId(1), first: LinkId(159), second: LinkId(160) } }",
            "PhysicalTransition { tick: 7, phase: 0, event: OutputCandidateEvaluated { target: JunctionId(1), ownership: Organism, path_inputs: 0, path_origins: [], distinct_path_origins: 0, distinct_path_owners: 0, positive_path_strength: 0, negative_path_strength: 0, opportunity: 4294967296, supplied_opportunity: 0, admitted_drive: 0, projected_drive: 4294967296, threshold: 8589934592, consequence_tick: None, unanswered_returns: 0, executable: false } }",
            "PhysicalTransition { tick: 7, phase: 0, event: OutputCandidateEvaluated { target: JunctionId(2), ownership: Organism, path_inputs: 0, path_origins: [], distinct_path_origins: 0, distinct_path_owners: 0, positive_path_strength: 0, negative_path_strength: 0, opportunity: 4294967296, supplied_opportunity: 0, admitted_drive: 0, projected_drive: 4294967296, threshold: 8589934592, consequence_tick: None, unanswered_returns: 0, executable: false } }",
        ],
        [
            "PhysicalTransition { tick: 8, phase: 0, event: NaturalCycleClosureEvaluated { surface: JunctionId(8), matching_paths: 0, decision: NoTransition } }",
            "PhysicalTransition { tick: 8, phase: 0, event: NaturalCycleClosureEvaluated { surface: JunctionId(9), matching_paths: 0, decision: NoTransition } }",
            "PhysicalTransition { tick: 8, phase: 0, event: NaturalCycleClosureEvaluated { surface: JunctionId(7), matching_paths: 0, decision: NoTransition } }",
            "PhysicalTransition { tick: 8, phase: 1, event: NaturalCycleClosureEvaluated { surface: JunctionId(14), matching_paths: 0, decision: NoTransition } }",
            "PhysicalTransition { tick: 8, phase: 1, event: NaturalCycleClosureEvaluated { surface: JunctionId(21), matching_paths: 0, decision: NoTransition } }",
            "PhysicalTransition { tick: 8, phase: 1, event: NaturalCycleClosureEvaluated { surface: JunctionId(16), matching_paths: 0, decision: NoTransition } }",
            "PhysicalTransition { tick: 8, phase: 1, event: NaturalCycleClosureEvaluated { surface: JunctionId(18), matching_paths: 0, decision: NoTransition } }",
            "PhysicalTransition { tick: 8, phase: 1, event: NaturalCycleClosureEvaluated { surface: JunctionId(23), matching_paths: 0, decision: NoTransition } }",
            "PhysicalTransition { tick: 8, phase: 1, event: NaturalCycleClosureEvaluated { surface: JunctionId(25), matching_paths: 0, decision: NoTransition } }",
            "PhysicalTransition { tick: 8, phase: 1, event: NaturalCycleClosureEvaluated { surface: JunctionId(31), matching_paths: 0, decision: NoTransition } }",
            "PhysicalTransition { tick: 8, phase: 1, event: NaturalCycleClosureEvaluated { surface: JunctionId(32), matching_paths: 0, decision: NoTransition } }",
            "PhysicalTransition { tick: 8, phase: 1, event: NaturalCycleClosureEvaluated { surface: JunctionId(38), matching_paths: 0, decision: NoTransition } }",
            "PhysicalTransition { tick: 8, phase: 1, event: NaturalCycleClosureEvaluated { surface: JunctionId(39), matching_paths: 0, decision: NoTransition } }",
            "PhysicalTransition { tick: 8, phase: 1, event: NaturalCycleClosureEvaluated { surface: JunctionId(45), matching_paths: 0, decision: NoTransition } }",
            "PhysicalTransition { tick: 8, phase: 1, event: NaturalCycleClosureEvaluated { surface: JunctionId(46), matching_paths: 0, decision: NoTransition } }",
            "PhysicalTransition { tick: 8, phase: 2, event: NaturalCycleClosureEvaluated { surface: JunctionId(29), matching_paths: 0, decision: NoTransition } }",
            "PhysicalTransition { tick: 8, phase: 2, event: NaturalCycleClosureEvaluated { surface: JunctionId(36), matching_paths: 0, decision: NoTransition } }",
            "PhysicalTransition { tick: 8, phase: 2, event: NaturalCycleClosureEvaluated { surface: JunctionId(43), matching_paths: 0, decision: NoTransition } }",
            "PhysicalTransition { tick: 8, phase: 7, event: NaturalCycleClosureEvaluated { surface: JunctionId(13), matching_paths: 0, decision: NoTransition } }",
            "PhysicalTransition { tick: 9, phase: 0, event: NaturalCycleClosureEvaluated { surface: JunctionId(49), matching_paths: 0, decision: NoTransition } }",
            "PhysicalTransition { tick: 9, phase: 0, event: NaturalCycleClosureEvaluated { surface: JunctionId(50), matching_paths: 0, decision: NoTransition } }",
            "PhysicalTransition { tick: 9, phase: 0, event: NaturalCycleClosureEvaluated { surface: JunctionId(51), matching_paths: 0, decision: NoTransition } }",
            "PhysicalTransition { tick: 9, phase: 0, event: NaturalCycleClosureEvaluated { surface: JunctionId(52), matching_paths: 0, decision: NoTransition } }",
            "PhysicalTransition { tick: 10, phase: 0, event: OutputCandidateEvaluated { target: JunctionId(1), ownership: Organism, path_inputs: 2, path_origins: [90001], distinct_path_origins: 1, distinct_path_owners: 0, positive_path_strength: 8589934592, negative_path_strength: 4294967296, opportunity: 4294967296, supplied_opportunity: 0, admitted_drive: 8589934592, projected_drive: 12884901888, threshold: 8589934592, consequence_tick: Some(5), unanswered_returns: 1, executable: true } }",
            "PhysicalTransition { tick: 10, phase: 0, event: OutputCandidateEvaluated { target: JunctionId(2), ownership: Organism, path_inputs: 2, path_origins: [90001], distinct_path_origins: 1, distinct_path_owners: 0, positive_path_strength: 4294967296, negative_path_strength: 4294967296, opportunity: 4294967296, supplied_opportunity: 0, admitted_drive: 4294967296, projected_drive: 8589934592, threshold: 8589934592, consequence_tick: None, unanswered_returns: 0, executable: true } }",
            "PhysicalTransition { tick: 10, phase: 0, event: OutputChoiceResolved { ordinary_target: JunctionId(1), current_transition_target: None, coherent_effect_target: None, completed_cycle_target: Some(JunctionId(1)), computed_winner_target: JunctionId(1), admitted: [OutputAdmission { target: JunctionId(1), owner: None }], computed_winner_basis: CompletedCycle, admission_basis: CompletedCycle, completed_cycle_state: Unique, crosses_ownership_view: false } }",
            "PhysicalTransition { tick: 10, phase: 0, event: CandidateSelection { target: JunctionId(1), origin_scope: None, consequence_tick: Some(5), admitted: true } }",
            "PhysicalTransition { tick: 10, phase: 0, event: CandidateSelection { target: JunctionId(2), origin_scope: None, consequence_tick: None, admitted: false } }",
            "PhysicalTransition { tick: 10, phase: 0, event: NaturalCycleClosureEvaluated { surface: JunctionId(1), matching_paths: 0, decision: NoTransition } }",
            "PhysicalTransition { tick: 10, phase: 0, event: Output(Output { tick: 10, from_physical: 20000, to_physical: 30000, from_region: 0, to_region: 1, impulse: 1 }) }",
            "PhysicalTransition { tick: 10, phase: 0, event: NaturalCycleClosureEvaluated { surface: JunctionId(3), matching_paths: 0, decision: NoTransition } }",
        ],
        [
            "PhysicalTransition { tick: 11, phase: 0, event: NaturalCycleClosureEvaluated { surface: JunctionId(8), matching_paths: 0, decision: NoMatchingPath } }",
            "PhysicalTransition { tick: 11, phase: 0, event: NaturalCycleClosureEvaluated { surface: JunctionId(7), matching_paths: 0, decision: NoMatchingPath } }",
            "PhysicalTransition { tick: 11, phase: 1, event: NaturalCycleClosureEvaluated { surface: JunctionId(14), matching_paths: 0, decision: NoMatchingPath } }",
            "PhysicalTransition { tick: 11, phase: 1, event: NaturalCycleClosureEvaluated { surface: JunctionId(16), matching_paths: 0, decision: NoMatchingPath } }",
            "PhysicalTransition { tick: 11, phase: 1, event: NaturalCycleClosureEvaluated { surface: JunctionId(18), matching_paths: 0, decision: NoMatchingPath } }",
            "PhysicalTransition { tick: 11, phase: 1, event: NaturalCycleClosureEvaluated { surface: JunctionId(23), matching_paths: 0, decision: NoMatchingPath } }",
            "PhysicalTransition { tick: 11, phase: 1, event: NaturalCycleClosureEvaluated { surface: JunctionId(25), matching_paths: 0, decision: NoMatchingPath } }",
            "PhysicalTransition { tick: 11, phase: 1, event: NaturalCycleClosureEvaluated { surface: JunctionId(31), matching_paths: 0, decision: NoMatchingPath } }",
            "PhysicalTransition { tick: 11, phase: 1, event: NaturalCycleClosureEvaluated { surface: JunctionId(32), matching_paths: 0, decision: NoMatchingPath } }",
            "PhysicalTransition { tick: 11, phase: 1, event: NaturalCycleClosureEvaluated { surface: JunctionId(38), matching_paths: 0, decision: NoMatchingPath } }",
            "PhysicalTransition { tick: 11, phase: 1, event: NaturalCycleClosureEvaluated { surface: JunctionId(39), matching_paths: 0, decision: NoMatchingPath } }",
            "PhysicalTransition { tick: 11, phase: 1, event: NaturalCycleClosureEvaluated { surface: JunctionId(45), matching_paths: 0, decision: NoMatchingPath } }",
            "PhysicalTransition { tick: 11, phase: 1, event: NaturalCycleClosureEvaluated { surface: JunctionId(46), matching_paths: 0, decision: NoMatchingPath } }",
            "PhysicalTransition { tick: 11, phase: 2, event: NaturalCycleClosureEvaluated { surface: JunctionId(22), matching_paths: 0, decision: NoMatchingPath } }",
            "PhysicalTransition { tick: 11, phase: 2, event: NaturalCycleClosureEvaluated { surface: JunctionId(29), matching_paths: 0, decision: NoMatchingPath } }",
            "PhysicalTransition { tick: 11, phase: 2, event: NaturalCycleClosureEvaluated { surface: JunctionId(36), matching_paths: 0, decision: NoMatchingPath } }",
            "PhysicalTransition { tick: 11, phase: 2, event: NaturalCycleClosureEvaluated { surface: JunctionId(43), matching_paths: 0, decision: NoMatchingPath } }",
            "PhysicalTransition { tick: 11, phase: 3, event: NaturalCycleClosureEvaluated { surface: JunctionId(27), matching_paths: 0, decision: NoMatchingPath } }",
            "PhysicalTransition { tick: 11, phase: 6, event: NaturalCycleClosureEvaluated { surface: JunctionId(13), matching_paths: 1, decision: Closed } }",
            "PhysicalTransition { tick: 11, phase: 6, event: ConsequenceRecorded { link: LinkId(159), junction: JunctionId(49) } }",
            "PhysicalTransition { tick: 11, phase: 6, event: ConsequenceRecorded { link: LinkId(160), junction: JunctionId(49) } }",
            "PhysicalTransition { tick: 11, phase: 6, event: LearnerConsequenceRecorded { owner: LearnerId(1), link: LinkId(159), generation: 1, tick: 11 } }",
            "PhysicalTransition { tick: 11, phase: 6, event: LearnerConsequenceRecorded { owner: LearnerId(1), link: LinkId(160), generation: 1, tick: 11 } }",
            "PhysicalTransition { tick: 11, phase: 6, event: NaturalCycleClosed { surface: JunctionId(13), output: JunctionId(1), first: LinkId(159), second: LinkId(160) } }",
            "PhysicalTransition { tick: 13, phase: 0, event: OutputCandidateEvaluated { target: JunctionId(1), ownership: Organism, path_inputs: 0, path_origins: [], distinct_path_origins: 0, distinct_path_owners: 0, positive_path_strength: 0, negative_path_strength: 0, opportunity: 4294967296, supplied_opportunity: 0, admitted_drive: 0, projected_drive: 4294967296, threshold: 8589934592, consequence_tick: None, unanswered_returns: 0, executable: false } }",
            "PhysicalTransition { tick: 13, phase: 0, event: OutputCandidateEvaluated { target: JunctionId(2), ownership: Organism, path_inputs: 0, path_origins: [], distinct_path_origins: 0, distinct_path_owners: 0, positive_path_strength: 0, negative_path_strength: 0, opportunity: 4294967296, supplied_opportunity: 0, admitted_drive: 0, projected_drive: 4294967296, threshold: 8589934592, consequence_tick: None, unanswered_returns: 0, executable: false } }",
        ],
        [
            "PhysicalTransition { tick: 14, phase: 0, event: NaturalCycleClosureEvaluated { surface: JunctionId(8), matching_paths: 0, decision: NoTransition } }",
            "PhysicalTransition { tick: 14, phase: 0, event: NaturalCycleClosureEvaluated { surface: JunctionId(7), matching_paths: 0, decision: NoTransition } }",
            "PhysicalTransition { tick: 14, phase: 1, event: NaturalCycleClosureEvaluated { surface: JunctionId(14), matching_paths: 0, decision: NoTransition } }",
            "PhysicalTransition { tick: 14, phase: 1, event: NaturalCycleClosureEvaluated { surface: JunctionId(16), matching_paths: 0, decision: NoTransition } }",
            "PhysicalTransition { tick: 14, phase: 1, event: NaturalCycleClosureEvaluated { surface: JunctionId(18), matching_paths: 0, decision: NoTransition } }",
            "PhysicalTransition { tick: 14, phase: 1, event: NaturalCycleClosureEvaluated { surface: JunctionId(24), matching_paths: 0, decision: NoTransition } }",
            "PhysicalTransition { tick: 14, phase: 1, event: NaturalCycleClosureEvaluated { surface: JunctionId(25), matching_paths: 0, decision: NoTransition } }",
            "PhysicalTransition { tick: 14, phase: 1, event: NaturalCycleClosureEvaluated { surface: JunctionId(31), matching_paths: 0, decision: NoTransition } }",
            "PhysicalTransition { tick: 14, phase: 1, event: NaturalCycleClosureEvaluated { surface: JunctionId(32), matching_paths: 0, decision: NoTransition } }",
            "PhysicalTransition { tick: 14, phase: 1, event: NaturalCycleClosureEvaluated { surface: JunctionId(38), matching_paths: 0, decision: NoTransition } }",
            "PhysicalTransition { tick: 14, phase: 1, event: NaturalCycleClosureEvaluated { surface: JunctionId(39), matching_paths: 0, decision: NoTransition } }",
            "PhysicalTransition { tick: 14, phase: 1, event: NaturalCycleClosureEvaluated { surface: JunctionId(45), matching_paths: 0, decision: NoTransition } }",
            "PhysicalTransition { tick: 14, phase: 1, event: NaturalCycleClosureEvaluated { surface: JunctionId(46), matching_paths: 0, decision: NoTransition } }",
            "PhysicalTransition { tick: 14, phase: 2, event: NaturalCycleClosureEvaluated { surface: JunctionId(22), matching_paths: 0, decision: NoTransition } }",
            "PhysicalTransition { tick: 14, phase: 2, event: NaturalCycleClosureEvaluated { surface: JunctionId(29), matching_paths: 0, decision: NoTransition } }",
            "PhysicalTransition { tick: 14, phase: 2, event: NaturalCycleClosureEvaluated { surface: JunctionId(36), matching_paths: 0, decision: NoTransition } }",
            "PhysicalTransition { tick: 14, phase: 2, event: NaturalCycleClosureEvaluated { surface: JunctionId(43), matching_paths: 0, decision: NoTransition } }",
            "PhysicalTransition { tick: 14, phase: 7, event: NaturalCycleClosureEvaluated { surface: JunctionId(13), matching_paths: 0, decision: NoTransition } }",
            "PhysicalTransition { tick: 15, phase: 0, event: NaturalCycleClosureEvaluated { surface: JunctionId(49), matching_paths: 0, decision: NoTransition } }",
            "PhysicalTransition { tick: 15, phase: 0, event: NaturalCycleClosureEvaluated { surface: JunctionId(53), matching_paths: 0, decision: NoTransition } }",
            "PhysicalTransition { tick: 15, phase: 0, event: NaturalCycleClosureEvaluated { surface: JunctionId(54), matching_paths: 0, decision: NoTransition } }",
            "PhysicalTransition { tick: 15, phase: 0, event: NaturalCycleClosureEvaluated { surface: JunctionId(55), matching_paths: 0, decision: NoTransition } }",
            "PhysicalTransition { tick: 16, phase: 0, event: OutputCandidateEvaluated { target: JunctionId(1), ownership: Organism, path_inputs: 2, path_origins: [90001], distinct_path_origins: 1, distinct_path_owners: 0, positive_path_strength: 15350216432, negative_path_strength: 4294967296, opportunity: 4294967296, supplied_opportunity: 0, admitted_drive: 15350216432, projected_drive: 19645183728, threshold: 8589934592, consequence_tick: Some(11), unanswered_returns: 1, executable: true } }",
            "PhysicalTransition { tick: 16, phase: 0, event: OutputCandidateEvaluated { target: JunctionId(2), ownership: Organism, path_inputs: 2, path_origins: [90001], distinct_path_origins: 1, distinct_path_owners: 0, positive_path_strength: 4294967296, negative_path_strength: 4294967296, opportunity: 4294967296, supplied_opportunity: 0, admitted_drive: 4294967296, projected_drive: 8589934592, threshold: 8589934592, consequence_tick: None, unanswered_returns: 0, executable: true } }",
            "PhysicalTransition { tick: 16, phase: 0, event: OutputChoiceResolved { ordinary_target: JunctionId(1), current_transition_target: None, coherent_effect_target: None, completed_cycle_target: Some(JunctionId(1)), computed_winner_target: JunctionId(1), admitted: [OutputAdmission { target: JunctionId(1), owner: None }], computed_winner_basis: CompletedCycle, admission_basis: CompletedCycle, completed_cycle_state: Unique, crosses_ownership_view: false } }",
            "PhysicalTransition { tick: 16, phase: 0, event: CandidateSelection { target: JunctionId(1), origin_scope: None, consequence_tick: Some(11), admitted: true } }",
            "PhysicalTransition { tick: 16, phase: 0, event: CandidateSelection { target: JunctionId(2), origin_scope: None, consequence_tick: None, admitted: false } }",
            "PhysicalTransition { tick: 16, phase: 0, event: NaturalCycleClosureEvaluated { surface: JunctionId(1), matching_paths: 0, decision: NoTransition } }",
            "PhysicalTransition { tick: 16, phase: 0, event: Output(Output { tick: 16, from_physical: 20000, to_physical: 30000, from_region: 0, to_region: 1, impulse: 1 }) }",
            "PhysicalTransition { tick: 16, phase: 0, event: NaturalCycleClosureEvaluated { surface: JunctionId(3), matching_paths: 0, decision: NoTransition } }",
        ],
        [
            "PhysicalTransition { tick: 17, phase: 0, event: NaturalCycleClosureEvaluated { surface: JunctionId(7), matching_paths: 0, decision: NoMatchingPath } }",
            "PhysicalTransition { tick: 17, phase: 1, event: NaturalCycleClosureEvaluated { surface: JunctionId(16), matching_paths: 0, decision: NoMatchingPath } }",
            "PhysicalTransition { tick: 17, phase: 1, event: NaturalCycleClosureEvaluated { surface: JunctionId(18), matching_paths: 0, decision: NoMatchingPath } }",
            "PhysicalTransition { tick: 17, phase: 1, event: NaturalCycleClosureEvaluated { surface: JunctionId(24), matching_paths: 0, decision: NoMatchingPath } }",
            "PhysicalTransition { tick: 17, phase: 1, event: NaturalCycleClosureEvaluated { surface: JunctionId(25), matching_paths: 0, decision: NoMatchingPath } }",
            "PhysicalTransition { tick: 17, phase: 1, event: NaturalCycleClosureEvaluated { surface: JunctionId(31), matching_paths: 0, decision: NoMatchingPath } }",
            "PhysicalTransition { tick: 17, phase: 1, event: NaturalCycleClosureEvaluated { surface: JunctionId(32), matching_paths: 0, decision: NoMatchingPath } }",
            "PhysicalTransition { tick: 17, phase: 1, event: NaturalCycleClosureEvaluated { surface: JunctionId(38), matching_paths: 0, decision: NoMatchingPath } }",
            "PhysicalTransition { tick: 17, phase: 1, event: NaturalCycleClosureEvaluated { surface: JunctionId(39), matching_paths: 0, decision: NoMatchingPath } }",
            "PhysicalTransition { tick: 17, phase: 1, event: NaturalCycleClosureEvaluated { surface: JunctionId(45), matching_paths: 0, decision: NoMatchingPath } }",
            "PhysicalTransition { tick: 17, phase: 1, event: NaturalCycleClosureEvaluated { surface: JunctionId(46), matching_paths: 0, decision: NoMatchingPath } }",
            "PhysicalTransition { tick: 17, phase: 2, event: NaturalCycleClosureEvaluated { surface: JunctionId(15), matching_paths: 0, decision: NoMatchingPath } }",
            "PhysicalTransition { tick: 17, phase: 2, event: NaturalCycleClosureEvaluated { surface: JunctionId(22), matching_paths: 0, decision: NoMatchingPath } }",
            "PhysicalTransition { tick: 17, phase: 2, event: NaturalCycleClosureEvaluated { surface: JunctionId(29), matching_paths: 0, decision: NoMatchingPath } }",
            "PhysicalTransition { tick: 17, phase: 2, event: NaturalCycleClosureEvaluated { surface: JunctionId(36), matching_paths: 0, decision: NoMatchingPath } }",
            "PhysicalTransition { tick: 17, phase: 2, event: NaturalCycleClosureEvaluated { surface: JunctionId(43), matching_paths: 0, decision: NoMatchingPath } }",
            "PhysicalTransition { tick: 17, phase: 3, event: NaturalCycleClosureEvaluated { surface: JunctionId(20), matching_paths: 0, decision: NoMatchingPath } }",
            "PhysicalTransition { tick: 17, phase: 6, event: NaturalCycleClosureEvaluated { surface: JunctionId(13), matching_paths: 1, decision: Closed } }",
            "PhysicalTransition { tick: 17, phase: 6, event: ConsequenceRecorded { link: LinkId(159), junction: JunctionId(49) } }",
            "PhysicalTransition { tick: 17, phase: 6, event: ConsequenceRecorded { link: LinkId(160), junction: JunctionId(49) } }",
            "PhysicalTransition { tick: 17, phase: 6, event: LearnerConsequenceRecorded { owner: LearnerId(1), link: LinkId(159), generation: 1, tick: 17 } }",
            "PhysicalTransition { tick: 17, phase: 6, event: LearnerConsequenceRecorded { owner: LearnerId(1), link: LinkId(160), generation: 1, tick: 17 } }",
            "PhysicalTransition { tick: 17, phase: 6, event: NaturalCycleClosed { surface: JunctionId(13), output: JunctionId(1), first: LinkId(159), second: LinkId(160) } }",
            "PhysicalTransition { tick: 19, phase: 0, event: OutputCandidateEvaluated { target: JunctionId(1), ownership: Organism, path_inputs: 0, path_origins: [], distinct_path_origins: 0, distinct_path_owners: 0, positive_path_strength: 0, negative_path_strength: 0, opportunity: 4294967296, supplied_opportunity: 0, admitted_drive: 0, projected_drive: 4294967296, threshold: 8589934592, consequence_tick: None, unanswered_returns: 0, executable: false } }",
            "PhysicalTransition { tick: 19, phase: 0, event: OutputCandidateEvaluated { target: JunctionId(2), ownership: Organism, path_inputs: 0, path_origins: [], distinct_path_origins: 0, distinct_path_owners: 0, positive_path_strength: 0, negative_path_strength: 0, opportunity: 4294967296, supplied_opportunity: 0, admitted_drive: 0, projected_drive: 4294967296, threshold: 8589934592, consequence_tick: None, unanswered_returns: 0, executable: false } }",
        ],
        [
            "PhysicalTransition { tick: 20, phase: 0, event: NaturalCycleClosureEvaluated { surface: JunctionId(7), matching_paths: 0, decision: NoTransition } }",
            "PhysicalTransition { tick: 20, phase: 1, event: NaturalCycleClosureEvaluated { surface: JunctionId(17), matching_paths: 0, decision: NoTransition } }",
            "PhysicalTransition { tick: 20, phase: 1, event: NaturalCycleClosureEvaluated { surface: JunctionId(18), matching_paths: 0, decision: NoTransition } }",
            "PhysicalTransition { tick: 20, phase: 1, event: NaturalCycleClosureEvaluated { surface: JunctionId(24), matching_paths: 0, decision: NoTransition } }",
            "PhysicalTransition { tick: 20, phase: 1, event: NaturalCycleClosureEvaluated { surface: JunctionId(25), matching_paths: 0, decision: NoTransition } }",
            "PhysicalTransition { tick: 20, phase: 1, event: NaturalCycleClosureEvaluated { surface: JunctionId(31), matching_paths: 0, decision: NoTransition } }",
            "PhysicalTransition { tick: 20, phase: 1, event: NaturalCycleClosureEvaluated { surface: JunctionId(32), matching_paths: 0, decision: NoTransition } }",
            "PhysicalTransition { tick: 20, phase: 1, event: NaturalCycleClosureEvaluated { surface: JunctionId(38), matching_paths: 0, decision: NoTransition } }",
            "PhysicalTransition { tick: 20, phase: 1, event: NaturalCycleClosureEvaluated { surface: JunctionId(39), matching_paths: 0, decision: NoTransition } }",
            "PhysicalTransition { tick: 20, phase: 1, event: NaturalCycleClosureEvaluated { surface: JunctionId(45), matching_paths: 0, decision: NoTransition } }",
            "PhysicalTransition { tick: 20, phase: 1, event: NaturalCycleClosureEvaluated { surface: JunctionId(46), matching_paths: 0, decision: NoTransition } }",
            "PhysicalTransition { tick: 20, phase: 2, event: NaturalCycleClosureEvaluated { surface: JunctionId(15), matching_paths: 0, decision: NoTransition } }",
            "PhysicalTransition { tick: 20, phase: 2, event: NaturalCycleClosureEvaluated { surface: JunctionId(22), matching_paths: 0, decision: NoTransition } }",
            "PhysicalTransition { tick: 20, phase: 2, event: NaturalCycleClosureEvaluated { surface: JunctionId(29), matching_paths: 0, decision: NoTransition } }",
            "PhysicalTransition { tick: 20, phase: 2, event: NaturalCycleClosureEvaluated { surface: JunctionId(36), matching_paths: 0, decision: NoTransition } }",
            "PhysicalTransition { tick: 20, phase: 2, event: NaturalCycleClosureEvaluated { surface: JunctionId(43), matching_paths: 0, decision: NoTransition } }",
            "PhysicalTransition { tick: 22, phase: 0, event: OutputCandidateEvaluated { target: JunctionId(1), ownership: Organism, path_inputs: 0, path_origins: [], distinct_path_origins: 0, distinct_path_owners: 0, positive_path_strength: 0, negative_path_strength: 0, opportunity: 4294967296, supplied_opportunity: 0, admitted_drive: 0, projected_drive: 4294967296, threshold: 8589934592, consequence_tick: None, unanswered_returns: 0, executable: false } }",
            "PhysicalTransition { tick: 22, phase: 0, event: OutputCandidateEvaluated { target: JunctionId(2), ownership: Organism, path_inputs: 0, path_origins: [], distinct_path_origins: 0, distinct_path_owners: 0, positive_path_strength: 0, negative_path_strength: 0, opportunity: 4294967296, supplied_opportunity: 0, admitted_drive: 0, projected_drive: 4294967296, threshold: 8589934592, consequence_tick: None, unanswered_returns: 0, executable: false } }",
        ],
        [
            "PhysicalTransition { tick: 23, phase: 0, event: NaturalCycleClosureEvaluated { surface: JunctionId(7), matching_paths: 0, decision: NoTransition } }",
            "PhysicalTransition { tick: 23, phase: 1, event: NaturalCycleClosureEvaluated { surface: JunctionId(17), matching_paths: 0, decision: NoTransition } }",
            "PhysicalTransition { tick: 23, phase: 1, event: NaturalCycleClosureEvaluated { surface: JunctionId(18), matching_paths: 0, decision: NoTransition } }",
            "PhysicalTransition { tick: 23, phase: 1, event: NaturalCycleClosureEvaluated { surface: JunctionId(24), matching_paths: 0, decision: NoTransition } }",
            "PhysicalTransition { tick: 23, phase: 1, event: NaturalCycleClosureEvaluated { surface: JunctionId(25), matching_paths: 0, decision: NoTransition } }",
            "PhysicalTransition { tick: 23, phase: 1, event: NaturalCycleClosureEvaluated { surface: JunctionId(31), matching_paths: 0, decision: NoTransition } }",
            "PhysicalTransition { tick: 23, phase: 1, event: NaturalCycleClosureEvaluated { surface: JunctionId(32), matching_paths: 0, decision: NoTransition } }",
            "PhysicalTransition { tick: 23, phase: 1, event: NaturalCycleClosureEvaluated { surface: JunctionId(38), matching_paths: 0, decision: NoTransition } }",
            "PhysicalTransition { tick: 23, phase: 1, event: NaturalCycleClosureEvaluated { surface: JunctionId(39), matching_paths: 0, decision: NoTransition } }",
            "PhysicalTransition { tick: 23, phase: 1, event: NaturalCycleClosureEvaluated { surface: JunctionId(45), matching_paths: 0, decision: NoTransition } }",
            "PhysicalTransition { tick: 23, phase: 1, event: NaturalCycleClosureEvaluated { surface: JunctionId(46), matching_paths: 0, decision: NoTransition } }",
            "PhysicalTransition { tick: 23, phase: 2, event: NaturalCycleClosureEvaluated { surface: JunctionId(15), matching_paths: 0, decision: NoTransition } }",
            "PhysicalTransition { tick: 23, phase: 2, event: NaturalCycleClosureEvaluated { surface: JunctionId(22), matching_paths: 0, decision: NoTransition } }",
            "PhysicalTransition { tick: 23, phase: 2, event: NaturalCycleClosureEvaluated { surface: JunctionId(29), matching_paths: 0, decision: NoTransition } }",
            "PhysicalTransition { tick: 23, phase: 2, event: NaturalCycleClosureEvaluated { surface: JunctionId(36), matching_paths: 0, decision: NoTransition } }",
            "PhysicalTransition { tick: 23, phase: 2, event: NaturalCycleClosureEvaluated { surface: JunctionId(43), matching_paths: 0, decision: NoTransition } }",
            "PhysicalTransition { tick: 25, phase: 0, event: OutputCandidateEvaluated { target: JunctionId(1), ownership: Organism, path_inputs: 0, path_origins: [], distinct_path_origins: 0, distinct_path_owners: 0, positive_path_strength: 0, negative_path_strength: 0, opportunity: 4294967296, supplied_opportunity: 0, admitted_drive: 0, projected_drive: 4294967296, threshold: 8589934592, consequence_tick: None, unanswered_returns: 0, executable: false } }",
            "PhysicalTransition { tick: 25, phase: 0, event: OutputCandidateEvaluated { target: JunctionId(2), ownership: Organism, path_inputs: 0, path_origins: [], distinct_path_origins: 0, distinct_path_owners: 0, positive_path_strength: 0, negative_path_strength: 0, opportunity: 4294967296, supplied_opportunity: 0, admitted_drive: 0, projected_drive: 4294967296, threshold: 8589934592, consequence_tick: None, unanswered_returns: 0, executable: false } }",
        ],
        [
            "PhysicalTransition { tick: 26, phase: 0, event: NaturalCycleClosureEvaluated { surface: JunctionId(7), matching_paths: 0, decision: NoTransition } }",
            "PhysicalTransition { tick: 26, phase: 1, event: NaturalCycleClosureEvaluated { surface: JunctionId(17), matching_paths: 0, decision: NoTransition } }",
            "PhysicalTransition { tick: 26, phase: 1, event: NaturalCycleClosureEvaluated { surface: JunctionId(18), matching_paths: 0, decision: NoTransition } }",
            "PhysicalTransition { tick: 26, phase: 1, event: NaturalCycleClosureEvaluated { surface: JunctionId(24), matching_paths: 0, decision: NoTransition } }",
            "PhysicalTransition { tick: 26, phase: 1, event: NaturalCycleClosureEvaluated { surface: JunctionId(25), matching_paths: 0, decision: NoTransition } }",
            "PhysicalTransition { tick: 26, phase: 1, event: NaturalCycleClosureEvaluated { surface: JunctionId(31), matching_paths: 0, decision: NoTransition } }",
            "PhysicalTransition { tick: 26, phase: 1, event: NaturalCycleClosureEvaluated { surface: JunctionId(32), matching_paths: 0, decision: NoTransition } }",
            "PhysicalTransition { tick: 26, phase: 1, event: NaturalCycleClosureEvaluated { surface: JunctionId(38), matching_paths: 0, decision: NoTransition } }",
            "PhysicalTransition { tick: 26, phase: 1, event: NaturalCycleClosureEvaluated { surface: JunctionId(39), matching_paths: 0, decision: NoTransition } }",
            "PhysicalTransition { tick: 26, phase: 1, event: NaturalCycleClosureEvaluated { surface: JunctionId(45), matching_paths: 0, decision: NoTransition } }",
            "PhysicalTransition { tick: 26, phase: 1, event: NaturalCycleClosureEvaluated { surface: JunctionId(46), matching_paths: 0, decision: NoTransition } }",
            "PhysicalTransition { tick: 26, phase: 2, event: NaturalCycleClosureEvaluated { surface: JunctionId(15), matching_paths: 0, decision: NoTransition } }",
            "PhysicalTransition { tick: 26, phase: 2, event: NaturalCycleClosureEvaluated { surface: JunctionId(22), matching_paths: 0, decision: NoTransition } }",
            "PhysicalTransition { tick: 26, phase: 2, event: NaturalCycleClosureEvaluated { surface: JunctionId(29), matching_paths: 0, decision: NoTransition } }",
            "PhysicalTransition { tick: 26, phase: 2, event: NaturalCycleClosureEvaluated { surface: JunctionId(36), matching_paths: 0, decision: NoTransition } }",
            "PhysicalTransition { tick: 26, phase: 2, event: NaturalCycleClosureEvaluated { surface: JunctionId(43), matching_paths: 0, decision: NoTransition } }",
            "PhysicalTransition { tick: 28, phase: 0, event: OutputCandidateEvaluated { target: JunctionId(1), ownership: Organism, path_inputs: 0, path_origins: [], distinct_path_origins: 0, distinct_path_owners: 0, positive_path_strength: 0, negative_path_strength: 0, opportunity: 4294967296, supplied_opportunity: 0, admitted_drive: 0, projected_drive: 4294967296, threshold: 8589934592, consequence_tick: None, unanswered_returns: 0, executable: false } }",
            "PhysicalTransition { tick: 28, phase: 0, event: OutputCandidateEvaluated { target: JunctionId(2), ownership: Organism, path_inputs: 0, path_origins: [], distinct_path_origins: 0, distinct_path_owners: 0, positive_path_strength: 0, negative_path_strength: 0, opportunity: 4294967296, supplied_opportunity: 0, admitted_drive: 0, projected_drive: 4294967296, threshold: 8589934592, consequence_tick: None, unanswered_returns: 0, executable: false } }",
        ],
        [
            "PhysicalTransition { tick: 29, phase: 0, event: NaturalCycleClosureEvaluated { surface: JunctionId(7), matching_paths: 0, decision: NoTransition } }",
            "PhysicalTransition { tick: 29, phase: 1, event: NaturalCycleClosureEvaluated { surface: JunctionId(17), matching_paths: 0, decision: NoTransition } }",
            "PhysicalTransition { tick: 29, phase: 1, event: NaturalCycleClosureEvaluated { surface: JunctionId(18), matching_paths: 0, decision: NoTransition } }",
            "PhysicalTransition { tick: 29, phase: 1, event: NaturalCycleClosureEvaluated { surface: JunctionId(24), matching_paths: 0, decision: NoTransition } }",
            "PhysicalTransition { tick: 29, phase: 1, event: NaturalCycleClosureEvaluated { surface: JunctionId(25), matching_paths: 0, decision: NoTransition } }",
            "PhysicalTransition { tick: 29, phase: 1, event: NaturalCycleClosureEvaluated { surface: JunctionId(31), matching_paths: 0, decision: NoTransition } }",
            "PhysicalTransition { tick: 29, phase: 1, event: NaturalCycleClosureEvaluated { surface: JunctionId(32), matching_paths: 0, decision: NoTransition } }",
            "PhysicalTransition { tick: 29, phase: 1, event: NaturalCycleClosureEvaluated { surface: JunctionId(38), matching_paths: 0, decision: NoTransition } }",
            "PhysicalTransition { tick: 29, phase: 1, event: NaturalCycleClosureEvaluated { surface: JunctionId(39), matching_paths: 0, decision: NoTransition } }",
            "PhysicalTransition { tick: 29, phase: 1, event: NaturalCycleClosureEvaluated { surface: JunctionId(45), matching_paths: 0, decision: NoTransition } }",
            "PhysicalTransition { tick: 29, phase: 1, event: NaturalCycleClosureEvaluated { surface: JunctionId(46), matching_paths: 0, decision: NoTransition } }",
            "PhysicalTransition { tick: 29, phase: 2, event: NaturalCycleClosureEvaluated { surface: JunctionId(15), matching_paths: 0, decision: NoTransition } }",
            "PhysicalTransition { tick: 29, phase: 2, event: NaturalCycleClosureEvaluated { surface: JunctionId(22), matching_paths: 0, decision: NoTransition } }",
            "PhysicalTransition { tick: 29, phase: 2, event: NaturalCycleClosureEvaluated { surface: JunctionId(29), matching_paths: 0, decision: NoTransition } }",
            "PhysicalTransition { tick: 29, phase: 2, event: NaturalCycleClosureEvaluated { surface: JunctionId(36), matching_paths: 0, decision: NoTransition } }",
            "PhysicalTransition { tick: 29, phase: 2, event: NaturalCycleClosureEvaluated { surface: JunctionId(43), matching_paths: 0, decision: NoTransition } }",
            "PhysicalTransition { tick: 31, phase: 0, event: OutputCandidateEvaluated { target: JunctionId(1), ownership: Organism, path_inputs: 0, path_origins: [], distinct_path_origins: 0, distinct_path_owners: 0, positive_path_strength: 0, negative_path_strength: 0, opportunity: 4294967296, supplied_opportunity: 0, admitted_drive: 0, projected_drive: 4294967296, threshold: 8589934592, consequence_tick: None, unanswered_returns: 0, executable: false } }",
            "PhysicalTransition { tick: 31, phase: 0, event: OutputCandidateEvaluated { target: JunctionId(2), ownership: Organism, path_inputs: 0, path_origins: [], distinct_path_origins: 0, distinct_path_owners: 0, positive_path_strength: 0, negative_path_strength: 0, opportunity: 4294967296, supplied_opportunity: 0, admitted_drive: 0, projected_drive: 4294967296, threshold: 8589934592, consequence_tick: None, unanswered_returns: 0, executable: false } }",
        ],
        [
            "PhysicalTransition { tick: 32, phase: 0, event: NaturalCycleClosureEvaluated { surface: JunctionId(7), matching_paths: 0, decision: NoTransition } }",
            "PhysicalTransition { tick: 32, phase: 1, event: NaturalCycleClosureEvaluated { surface: JunctionId(17), matching_paths: 0, decision: NoTransition } }",
            "PhysicalTransition { tick: 32, phase: 1, event: NaturalCycleClosureEvaluated { surface: JunctionId(18), matching_paths: 0, decision: NoTransition } }",
            "PhysicalTransition { tick: 32, phase: 1, event: NaturalCycleClosureEvaluated { surface: JunctionId(24), matching_paths: 0, decision: NoTransition } }",
            "PhysicalTransition { tick: 32, phase: 1, event: NaturalCycleClosureEvaluated { surface: JunctionId(25), matching_paths: 0, decision: NoTransition } }",
            "PhysicalTransition { tick: 32, phase: 1, event: NaturalCycleClosureEvaluated { surface: JunctionId(31), matching_paths: 0, decision: NoTransition } }",
            "PhysicalTransition { tick: 32, phase: 1, event: NaturalCycleClosureEvaluated { surface: JunctionId(32), matching_paths: 0, decision: NoTransition } }",
            "PhysicalTransition { tick: 32, phase: 1, event: NaturalCycleClosureEvaluated { surface: JunctionId(38), matching_paths: 0, decision: NoTransition } }",
            "PhysicalTransition { tick: 32, phase: 1, event: NaturalCycleClosureEvaluated { surface: JunctionId(39), matching_paths: 0, decision: NoTransition } }",
            "PhysicalTransition { tick: 32, phase: 1, event: NaturalCycleClosureEvaluated { surface: JunctionId(45), matching_paths: 0, decision: NoTransition } }",
            "PhysicalTransition { tick: 32, phase: 1, event: NaturalCycleClosureEvaluated { surface: JunctionId(46), matching_paths: 0, decision: NoTransition } }",
            "PhysicalTransition { tick: 32, phase: 2, event: NaturalCycleClosureEvaluated { surface: JunctionId(15), matching_paths: 0, decision: NoTransition } }",
            "PhysicalTransition { tick: 32, phase: 2, event: NaturalCycleClosureEvaluated { surface: JunctionId(22), matching_paths: 0, decision: NoTransition } }",
            "PhysicalTransition { tick: 32, phase: 2, event: NaturalCycleClosureEvaluated { surface: JunctionId(29), matching_paths: 0, decision: NoTransition } }",
            "PhysicalTransition { tick: 32, phase: 2, event: NaturalCycleClosureEvaluated { surface: JunctionId(36), matching_paths: 0, decision: NoTransition } }",
            "PhysicalTransition { tick: 32, phase: 2, event: NaturalCycleClosureEvaluated { surface: JunctionId(43), matching_paths: 0, decision: NoTransition } }",
            "PhysicalTransition { tick: 34, phase: 0, event: OutputCandidateEvaluated { target: JunctionId(1), ownership: Organism, path_inputs: 0, path_origins: [], distinct_path_origins: 0, distinct_path_owners: 0, positive_path_strength: 0, negative_path_strength: 0, opportunity: 4294967296, supplied_opportunity: 0, admitted_drive: 0, projected_drive: 4294967296, threshold: 8589934592, consequence_tick: None, unanswered_returns: 0, executable: false } }",
            "PhysicalTransition { tick: 34, phase: 0, event: OutputCandidateEvaluated { target: JunctionId(2), ownership: Organism, path_inputs: 0, path_origins: [], distinct_path_origins: 0, distinct_path_owners: 0, positive_path_strength: 0, negative_path_strength: 0, opportunity: 4294967296, supplied_opportunity: 0, admitted_drive: 0, projected_drive: 4294967296, threshold: 8589934592, consequence_tick: None, unanswered_returns: 0, executable: false } }",
        ],
        [
            "PhysicalTransition { tick: 35, phase: 0, event: NaturalCycleClosureEvaluated { surface: JunctionId(7), matching_paths: 0, decision: NoTransition } }",
            "PhysicalTransition { tick: 35, phase: 1, event: NaturalCycleClosureEvaluated { surface: JunctionId(17), matching_paths: 0, decision: NoTransition } }",
            "PhysicalTransition { tick: 35, phase: 1, event: NaturalCycleClosureEvaluated { surface: JunctionId(18), matching_paths: 0, decision: NoTransition } }",
            "PhysicalTransition { tick: 35, phase: 1, event: NaturalCycleClosureEvaluated { surface: JunctionId(24), matching_paths: 0, decision: NoTransition } }",
            "PhysicalTransition { tick: 35, phase: 1, event: NaturalCycleClosureEvaluated { surface: JunctionId(25), matching_paths: 0, decision: NoTransition } }",
            "PhysicalTransition { tick: 35, phase: 1, event: NaturalCycleClosureEvaluated { surface: JunctionId(31), matching_paths: 0, decision: NoTransition } }",
            "PhysicalTransition { tick: 35, phase: 1, event: NaturalCycleClosureEvaluated { surface: JunctionId(32), matching_paths: 0, decision: NoTransition } }",
            "PhysicalTransition { tick: 35, phase: 1, event: NaturalCycleClosureEvaluated { surface: JunctionId(38), matching_paths: 0, decision: NoTransition } }",
            "PhysicalTransition { tick: 35, phase: 1, event: NaturalCycleClosureEvaluated { surface: JunctionId(39), matching_paths: 0, decision: NoTransition } }",
            "PhysicalTransition { tick: 35, phase: 1, event: NaturalCycleClosureEvaluated { surface: JunctionId(45), matching_paths: 0, decision: NoTransition } }",
            "PhysicalTransition { tick: 35, phase: 1, event: NaturalCycleClosureEvaluated { surface: JunctionId(46), matching_paths: 0, decision: NoTransition } }",
            "PhysicalTransition { tick: 35, phase: 2, event: NaturalCycleClosureEvaluated { surface: JunctionId(15), matching_paths: 0, decision: NoTransition } }",
            "PhysicalTransition { tick: 35, phase: 2, event: NaturalCycleClosureEvaluated { surface: JunctionId(22), matching_paths: 0, decision: NoTransition } }",
            "PhysicalTransition { tick: 35, phase: 2, event: NaturalCycleClosureEvaluated { surface: JunctionId(29), matching_paths: 0, decision: NoTransition } }",
            "PhysicalTransition { tick: 35, phase: 2, event: NaturalCycleClosureEvaluated { surface: JunctionId(36), matching_paths: 0, decision: NoTransition } }",
            "PhysicalTransition { tick: 35, phase: 2, event: NaturalCycleClosureEvaluated { surface: JunctionId(43), matching_paths: 0, decision: NoTransition } }",
            "PhysicalTransition { tick: 37, phase: 0, event: OutputCandidateEvaluated { target: JunctionId(1), ownership: Organism, path_inputs: 0, path_origins: [], distinct_path_origins: 0, distinct_path_owners: 0, positive_path_strength: 0, negative_path_strength: 0, opportunity: 4294967296, supplied_opportunity: 0, admitted_drive: 0, projected_drive: 4294967296, threshold: 8589934592, consequence_tick: None, unanswered_returns: 0, executable: false } }",
            "PhysicalTransition { tick: 37, phase: 0, event: OutputCandidateEvaluated { target: JunctionId(2), ownership: Organism, path_inputs: 0, path_origins: [], distinct_path_origins: 0, distinct_path_owners: 0, positive_path_strength: 0, negative_path_strength: 0, opportunity: 4294967296, supplied_opportunity: 0, admitted_drive: 0, projected_drive: 4294967296, threshold: 8589934592, consequence_tick: None, unanswered_returns: 0, executable: false } }",
        ],
        [
            "PhysicalTransition { tick: 38, phase: 0, event: NaturalCycleClosureEvaluated { surface: JunctionId(7), matching_paths: 0, decision: NoTransition } }",
            "PhysicalTransition { tick: 38, phase: 1, event: NaturalCycleClosureEvaluated { surface: JunctionId(17), matching_paths: 0, decision: NoTransition } }",
            "PhysicalTransition { tick: 38, phase: 1, event: NaturalCycleClosureEvaluated { surface: JunctionId(18), matching_paths: 0, decision: NoTransition } }",
            "PhysicalTransition { tick: 38, phase: 1, event: NaturalCycleClosureEvaluated { surface: JunctionId(24), matching_paths: 0, decision: NoTransition } }",
            "PhysicalTransition { tick: 38, phase: 1, event: NaturalCycleClosureEvaluated { surface: JunctionId(25), matching_paths: 0, decision: NoTransition } }",
            "PhysicalTransition { tick: 38, phase: 1, event: NaturalCycleClosureEvaluated { surface: JunctionId(31), matching_paths: 0, decision: NoTransition } }",
            "PhysicalTransition { tick: 38, phase: 1, event: NaturalCycleClosureEvaluated { surface: JunctionId(32), matching_paths: 0, decision: NoTransition } }",
            "PhysicalTransition { tick: 38, phase: 1, event: NaturalCycleClosureEvaluated { surface: JunctionId(38), matching_paths: 0, decision: NoTransition } }",
            "PhysicalTransition { tick: 38, phase: 1, event: NaturalCycleClosureEvaluated { surface: JunctionId(39), matching_paths: 0, decision: NoTransition } }",
            "PhysicalTransition { tick: 38, phase: 1, event: NaturalCycleClosureEvaluated { surface: JunctionId(45), matching_paths: 0, decision: NoTransition } }",
            "PhysicalTransition { tick: 38, phase: 1, event: NaturalCycleClosureEvaluated { surface: JunctionId(46), matching_paths: 0, decision: NoTransition } }",
            "PhysicalTransition { tick: 38, phase: 2, event: NaturalCycleClosureEvaluated { surface: JunctionId(15), matching_paths: 0, decision: NoTransition } }",
            "PhysicalTransition { tick: 38, phase: 2, event: NaturalCycleClosureEvaluated { surface: JunctionId(22), matching_paths: 0, decision: NoTransition } }",
            "PhysicalTransition { tick: 38, phase: 2, event: NaturalCycleClosureEvaluated { surface: JunctionId(29), matching_paths: 0, decision: NoTransition } }",
            "PhysicalTransition { tick: 38, phase: 2, event: NaturalCycleClosureEvaluated { surface: JunctionId(36), matching_paths: 0, decision: NoTransition } }",
            "PhysicalTransition { tick: 38, phase: 2, event: NaturalCycleClosureEvaluated { surface: JunctionId(43), matching_paths: 0, decision: NoTransition } }",
            "PhysicalTransition { tick: 40, phase: 0, event: OutputCandidateEvaluated { target: JunctionId(1), ownership: Organism, path_inputs: 0, path_origins: [], distinct_path_origins: 0, distinct_path_owners: 0, positive_path_strength: 0, negative_path_strength: 0, opportunity: 4294967296, supplied_opportunity: 0, admitted_drive: 0, projected_drive: 4294967296, threshold: 8589934592, consequence_tick: None, unanswered_returns: 0, executable: false } }",
            "PhysicalTransition { tick: 40, phase: 0, event: OutputCandidateEvaluated { target: JunctionId(2), ownership: Organism, path_inputs: 0, path_origins: [], distinct_path_origins: 0, distinct_path_owners: 0, positive_path_strength: 0, negative_path_strength: 0, opportunity: 4294967296, supplied_opportunity: 0, admitted_drive: 0, projected_drive: 4294967296, threshold: 8589934592, consequence_tick: None, unanswered_returns: 0, executable: false } }",
        ],
        [
            "PhysicalTransition { tick: 41, phase: 0, event: NaturalCycleClosureEvaluated { surface: JunctionId(7), matching_paths: 0, decision: NoTransition } }",
            "PhysicalTransition { tick: 41, phase: 1, event: NaturalCycleClosureEvaluated { surface: JunctionId(17), matching_paths: 0, decision: NoTransition } }",
            "PhysicalTransition { tick: 41, phase: 1, event: NaturalCycleClosureEvaluated { surface: JunctionId(18), matching_paths: 0, decision: NoTransition } }",
            "PhysicalTransition { tick: 41, phase: 1, event: NaturalCycleClosureEvaluated { surface: JunctionId(24), matching_paths: 0, decision: NoTransition } }",
            "PhysicalTransition { tick: 41, phase: 1, event: NaturalCycleClosureEvaluated { surface: JunctionId(25), matching_paths: 0, decision: NoTransition } }",
            "PhysicalTransition { tick: 41, phase: 1, event: NaturalCycleClosureEvaluated { surface: JunctionId(31), matching_paths: 0, decision: NoTransition } }",
            "PhysicalTransition { tick: 41, phase: 1, event: NaturalCycleClosureEvaluated { surface: JunctionId(32), matching_paths: 0, decision: NoTransition } }",
            "PhysicalTransition { tick: 41, phase: 1, event: NaturalCycleClosureEvaluated { surface: JunctionId(38), matching_paths: 0, decision: NoTransition } }",
            "PhysicalTransition { tick: 41, phase: 1, event: NaturalCycleClosureEvaluated { surface: JunctionId(39), matching_paths: 0, decision: NoTransition } }",
            "PhysicalTransition { tick: 41, phase: 1, event: NaturalCycleClosureEvaluated { surface: JunctionId(45), matching_paths: 0, decision: NoTransition } }",
            "PhysicalTransition { tick: 41, phase: 1, event: NaturalCycleClosureEvaluated { surface: JunctionId(46), matching_paths: 0, decision: NoTransition } }",
            "PhysicalTransition { tick: 41, phase: 2, event: NaturalCycleClosureEvaluated { surface: JunctionId(15), matching_paths: 0, decision: NoTransition } }",
            "PhysicalTransition { tick: 41, phase: 2, event: NaturalCycleClosureEvaluated { surface: JunctionId(22), matching_paths: 0, decision: NoTransition } }",
            "PhysicalTransition { tick: 41, phase: 2, event: NaturalCycleClosureEvaluated { surface: JunctionId(29), matching_paths: 0, decision: NoTransition } }",
            "PhysicalTransition { tick: 41, phase: 2, event: NaturalCycleClosureEvaluated { surface: JunctionId(36), matching_paths: 0, decision: NoTransition } }",
            "PhysicalTransition { tick: 41, phase: 2, event: NaturalCycleClosureEvaluated { surface: JunctionId(43), matching_paths: 0, decision: NoTransition } }",
            "PhysicalTransition { tick: 43, phase: 0, event: OutputCandidateEvaluated { target: JunctionId(1), ownership: Organism, path_inputs: 0, path_origins: [], distinct_path_origins: 0, distinct_path_owners: 0, positive_path_strength: 0, negative_path_strength: 0, opportunity: 4294967296, supplied_opportunity: 0, admitted_drive: 0, projected_drive: 4294967296, threshold: 8589934592, consequence_tick: None, unanswered_returns: 0, executable: false } }",
            "PhysicalTransition { tick: 43, phase: 0, event: OutputCandidateEvaluated { target: JunctionId(2), ownership: Organism, path_inputs: 0, path_origins: [], distinct_path_origins: 0, distinct_path_owners: 0, positive_path_strength: 0, negative_path_strength: 0, opportunity: 4294967296, supplied_opportunity: 0, admitted_drive: 0, projected_drive: 4294967296, threshold: 8589934592, consequence_tick: None, unanswered_returns: 0, executable: false } }",
        ],
        [
            "PhysicalTransition { tick: 44, phase: 0, event: NaturalCycleClosureEvaluated { surface: JunctionId(7), matching_paths: 0, decision: NoTransition } }",
            "PhysicalTransition { tick: 44, phase: 1, event: NaturalCycleClosureEvaluated { surface: JunctionId(17), matching_paths: 0, decision: NoTransition } }",
            "PhysicalTransition { tick: 44, phase: 1, event: NaturalCycleClosureEvaluated { surface: JunctionId(18), matching_paths: 0, decision: NoTransition } }",
            "PhysicalTransition { tick: 44, phase: 1, event: NaturalCycleClosureEvaluated { surface: JunctionId(24), matching_paths: 0, decision: NoTransition } }",
            "PhysicalTransition { tick: 44, phase: 1, event: NaturalCycleClosureEvaluated { surface: JunctionId(25), matching_paths: 0, decision: NoTransition } }",
            "PhysicalTransition { tick: 44, phase: 1, event: NaturalCycleClosureEvaluated { surface: JunctionId(31), matching_paths: 0, decision: NoTransition } }",
            "PhysicalTransition { tick: 44, phase: 1, event: NaturalCycleClosureEvaluated { surface: JunctionId(32), matching_paths: 0, decision: NoTransition } }",
            "PhysicalTransition { tick: 44, phase: 1, event: NaturalCycleClosureEvaluated { surface: JunctionId(38), matching_paths: 0, decision: NoTransition } }",
            "PhysicalTransition { tick: 44, phase: 1, event: NaturalCycleClosureEvaluated { surface: JunctionId(39), matching_paths: 0, decision: NoTransition } }",
            "PhysicalTransition { tick: 44, phase: 1, event: NaturalCycleClosureEvaluated { surface: JunctionId(45), matching_paths: 0, decision: NoTransition } }",
            "PhysicalTransition { tick: 44, phase: 1, event: NaturalCycleClosureEvaluated { surface: JunctionId(46), matching_paths: 0, decision: NoTransition } }",
            "PhysicalTransition { tick: 44, phase: 2, event: NaturalCycleClosureEvaluated { surface: JunctionId(15), matching_paths: 0, decision: NoTransition } }",
            "PhysicalTransition { tick: 44, phase: 2, event: NaturalCycleClosureEvaluated { surface: JunctionId(22), matching_paths: 0, decision: NoTransition } }",
            "PhysicalTransition { tick: 44, phase: 2, event: NaturalCycleClosureEvaluated { surface: JunctionId(29), matching_paths: 0, decision: NoTransition } }",
            "PhysicalTransition { tick: 44, phase: 2, event: NaturalCycleClosureEvaluated { surface: JunctionId(36), matching_paths: 0, decision: NoTransition } }",
            "PhysicalTransition { tick: 44, phase: 2, event: NaturalCycleClosureEvaluated { surface: JunctionId(43), matching_paths: 0, decision: NoTransition } }",
            "PhysicalTransition { tick: 46, phase: 0, event: OutputCandidateEvaluated { target: JunctionId(1), ownership: Organism, path_inputs: 0, path_origins: [], distinct_path_origins: 0, distinct_path_owners: 0, positive_path_strength: 0, negative_path_strength: 0, opportunity: 4294967296, supplied_opportunity: 0, admitted_drive: 0, projected_drive: 4294967296, threshold: 8589934592, consequence_tick: None, unanswered_returns: 0, executable: false } }",
            "PhysicalTransition { tick: 46, phase: 0, event: OutputCandidateEvaluated { target: JunctionId(2), ownership: Organism, path_inputs: 0, path_origins: [], distinct_path_origins: 0, distinct_path_owners: 0, positive_path_strength: 0, negative_path_strength: 0, opportunity: 4294967296, supplied_opportunity: 0, admitted_drive: 0, projected_drive: 4294967296, threshold: 8589934592, consequence_tick: None, unanswered_returns: 0, executable: false } }",
        ],
        [
            "PhysicalTransition { tick: 47, phase: 0, event: NaturalCycleClosureEvaluated { surface: JunctionId(7), matching_paths: 0, decision: NoTransition } }",
            "PhysicalTransition { tick: 47, phase: 1, event: NaturalCycleClosureEvaluated { surface: JunctionId(17), matching_paths: 0, decision: NoTransition } }",
            "PhysicalTransition { tick: 47, phase: 1, event: NaturalCycleClosureEvaluated { surface: JunctionId(18), matching_paths: 0, decision: NoTransition } }",
            "PhysicalTransition { tick: 47, phase: 1, event: NaturalCycleClosureEvaluated { surface: JunctionId(24), matching_paths: 0, decision: NoTransition } }",
            "PhysicalTransition { tick: 47, phase: 1, event: NaturalCycleClosureEvaluated { surface: JunctionId(25), matching_paths: 0, decision: NoTransition } }",
            "PhysicalTransition { tick: 47, phase: 1, event: NaturalCycleClosureEvaluated { surface: JunctionId(31), matching_paths: 0, decision: NoTransition } }",
            "PhysicalTransition { tick: 47, phase: 1, event: NaturalCycleClosureEvaluated { surface: JunctionId(32), matching_paths: 0, decision: NoTransition } }",
            "PhysicalTransition { tick: 47, phase: 1, event: NaturalCycleClosureEvaluated { surface: JunctionId(38), matching_paths: 0, decision: NoTransition } }",
            "PhysicalTransition { tick: 47, phase: 1, event: NaturalCycleClosureEvaluated { surface: JunctionId(39), matching_paths: 0, decision: NoTransition } }",
            "PhysicalTransition { tick: 47, phase: 1, event: NaturalCycleClosureEvaluated { surface: JunctionId(45), matching_paths: 0, decision: NoTransition } }",
            "PhysicalTransition { tick: 47, phase: 1, event: NaturalCycleClosureEvaluated { surface: JunctionId(46), matching_paths: 0, decision: NoTransition } }",
            "PhysicalTransition { tick: 47, phase: 2, event: NaturalCycleClosureEvaluated { surface: JunctionId(15), matching_paths: 0, decision: NoTransition } }",
            "PhysicalTransition { tick: 47, phase: 2, event: NaturalCycleClosureEvaluated { surface: JunctionId(22), matching_paths: 0, decision: NoTransition } }",
            "PhysicalTransition { tick: 47, phase: 2, event: NaturalCycleClosureEvaluated { surface: JunctionId(29), matching_paths: 0, decision: NoTransition } }",
            "PhysicalTransition { tick: 47, phase: 2, event: NaturalCycleClosureEvaluated { surface: JunctionId(36), matching_paths: 0, decision: NoTransition } }",
            "PhysicalTransition { tick: 47, phase: 2, event: NaturalCycleClosureEvaluated { surface: JunctionId(43), matching_paths: 0, decision: NoTransition } }",
            "PhysicalTransition { tick: 49, phase: 0, event: OutputCandidateEvaluated { target: JunctionId(1), ownership: Organism, path_inputs: 0, path_origins: [], distinct_path_origins: 0, distinct_path_owners: 0, positive_path_strength: 0, negative_path_strength: 0, opportunity: 4294967296, supplied_opportunity: 0, admitted_drive: 0, projected_drive: 4294967296, threshold: 8589934592, consequence_tick: None, unanswered_returns: 0, executable: false } }",
            "PhysicalTransition { tick: 49, phase: 0, event: OutputCandidateEvaluated { target: JunctionId(2), ownership: Organism, path_inputs: 0, path_origins: [], distinct_path_origins: 0, distinct_path_owners: 0, positive_path_strength: 0, negative_path_strength: 0, opportunity: 4294967296, supplied_opportunity: 0, admitted_drive: 0, projected_drive: 4294967296, threshold: 8589934592, consequence_tick: None, unanswered_returns: 0, executable: false } }",
        ],
        [
            "PhysicalTransition { tick: 50, phase: 0, event: NaturalCycleClosureEvaluated { surface: JunctionId(7), matching_paths: 0, decision: NoTransition } }",
            "PhysicalTransition { tick: 50, phase: 1, event: NaturalCycleClosureEvaluated { surface: JunctionId(17), matching_paths: 0, decision: NoTransition } }",
            "PhysicalTransition { tick: 50, phase: 1, event: NaturalCycleClosureEvaluated { surface: JunctionId(18), matching_paths: 0, decision: NoTransition } }",
            "PhysicalTransition { tick: 50, phase: 1, event: NaturalCycleClosureEvaluated { surface: JunctionId(24), matching_paths: 0, decision: NoTransition } }",
            "PhysicalTransition { tick: 50, phase: 1, event: NaturalCycleClosureEvaluated { surface: JunctionId(25), matching_paths: 0, decision: NoTransition } }",
            "PhysicalTransition { tick: 50, phase: 1, event: NaturalCycleClosureEvaluated { surface: JunctionId(31), matching_paths: 0, decision: NoTransition } }",
            "PhysicalTransition { tick: 50, phase: 1, event: NaturalCycleClosureEvaluated { surface: JunctionId(32), matching_paths: 0, decision: NoTransition } }",
            "PhysicalTransition { tick: 50, phase: 1, event: NaturalCycleClosureEvaluated { surface: JunctionId(38), matching_paths: 0, decision: NoTransition } }",
            "PhysicalTransition { tick: 50, phase: 1, event: NaturalCycleClosureEvaluated { surface: JunctionId(39), matching_paths: 0, decision: NoTransition } }",
            "PhysicalTransition { tick: 50, phase: 1, event: NaturalCycleClosureEvaluated { surface: JunctionId(45), matching_paths: 0, decision: NoTransition } }",
            "PhysicalTransition { tick: 50, phase: 1, event: NaturalCycleClosureEvaluated { surface: JunctionId(46), matching_paths: 0, decision: NoTransition } }",
            "PhysicalTransition { tick: 50, phase: 2, event: NaturalCycleClosureEvaluated { surface: JunctionId(15), matching_paths: 0, decision: NoTransition } }",
            "PhysicalTransition { tick: 50, phase: 2, event: NaturalCycleClosureEvaluated { surface: JunctionId(22), matching_paths: 0, decision: NoTransition } }",
            "PhysicalTransition { tick: 50, phase: 2, event: NaturalCycleClosureEvaluated { surface: JunctionId(29), matching_paths: 0, decision: NoTransition } }",
            "PhysicalTransition { tick: 50, phase: 2, event: NaturalCycleClosureEvaluated { surface: JunctionId(36), matching_paths: 0, decision: NoTransition } }",
            "PhysicalTransition { tick: 50, phase: 2, event: NaturalCycleClosureEvaluated { surface: JunctionId(43), matching_paths: 0, decision: NoTransition } }",
            "PhysicalTransition { tick: 52, phase: 0, event: OutputCandidateEvaluated { target: JunctionId(1), ownership: Organism, path_inputs: 0, path_origins: [], distinct_path_origins: 0, distinct_path_owners: 0, positive_path_strength: 0, negative_path_strength: 0, opportunity: 4294967296, supplied_opportunity: 0, admitted_drive: 0, projected_drive: 4294967296, threshold: 8589934592, consequence_tick: None, unanswered_returns: 0, executable: false } }",
            "PhysicalTransition { tick: 52, phase: 0, event: OutputCandidateEvaluated { target: JunctionId(2), ownership: Organism, path_inputs: 0, path_origins: [], distinct_path_origins: 0, distinct_path_owners: 0, positive_path_strength: 0, negative_path_strength: 0, opportunity: 4294967296, supplied_opportunity: 0, admitted_drive: 0, projected_drive: 4294967296, threshold: 8589934592, consequence_tick: None, unanswered_returns: 0, executable: false } }",
        ],
        [
            "PhysicalTransition { tick: 53, phase: 0, event: NaturalCycleClosureEvaluated { surface: JunctionId(7), matching_paths: 0, decision: NoTransition } }",
            "PhysicalTransition { tick: 53, phase: 1, event: NaturalCycleClosureEvaluated { surface: JunctionId(17), matching_paths: 0, decision: NoTransition } }",
            "PhysicalTransition { tick: 53, phase: 1, event: NaturalCycleClosureEvaluated { surface: JunctionId(18), matching_paths: 0, decision: NoTransition } }",
            "PhysicalTransition { tick: 53, phase: 1, event: NaturalCycleClosureEvaluated { surface: JunctionId(24), matching_paths: 0, decision: NoTransition } }",
            "PhysicalTransition { tick: 53, phase: 1, event: NaturalCycleClosureEvaluated { surface: JunctionId(25), matching_paths: 0, decision: NoTransition } }",
            "PhysicalTransition { tick: 53, phase: 1, event: NaturalCycleClosureEvaluated { surface: JunctionId(31), matching_paths: 0, decision: NoTransition } }",
            "PhysicalTransition { tick: 53, phase: 1, event: NaturalCycleClosureEvaluated { surface: JunctionId(32), matching_paths: 0, decision: NoTransition } }",
            "PhysicalTransition { tick: 53, phase: 1, event: NaturalCycleClosureEvaluated { surface: JunctionId(38), matching_paths: 0, decision: NoTransition } }",
            "PhysicalTransition { tick: 53, phase: 1, event: NaturalCycleClosureEvaluated { surface: JunctionId(39), matching_paths: 0, decision: NoTransition } }",
            "PhysicalTransition { tick: 53, phase: 1, event: NaturalCycleClosureEvaluated { surface: JunctionId(45), matching_paths: 0, decision: NoTransition } }",
            "PhysicalTransition { tick: 53, phase: 1, event: NaturalCycleClosureEvaluated { surface: JunctionId(46), matching_paths: 0, decision: NoTransition } }",
            "PhysicalTransition { tick: 53, phase: 2, event: NaturalCycleClosureEvaluated { surface: JunctionId(15), matching_paths: 0, decision: NoTransition } }",
            "PhysicalTransition { tick: 53, phase: 2, event: NaturalCycleClosureEvaluated { surface: JunctionId(22), matching_paths: 0, decision: NoTransition } }",
            "PhysicalTransition { tick: 53, phase: 2, event: NaturalCycleClosureEvaluated { surface: JunctionId(29), matching_paths: 0, decision: NoTransition } }",
            "PhysicalTransition { tick: 53, phase: 2, event: NaturalCycleClosureEvaluated { surface: JunctionId(36), matching_paths: 0, decision: NoTransition } }",
            "PhysicalTransition { tick: 53, phase: 2, event: NaturalCycleClosureEvaluated { surface: JunctionId(43), matching_paths: 0, decision: NoTransition } }",
            "PhysicalTransition { tick: 55, phase: 0, event: OutputCandidateEvaluated { target: JunctionId(1), ownership: Organism, path_inputs: 0, path_origins: [], distinct_path_origins: 0, distinct_path_owners: 0, positive_path_strength: 0, negative_path_strength: 0, opportunity: 4294967296, supplied_opportunity: 0, admitted_drive: 0, projected_drive: 4294967296, threshold: 8589934592, consequence_tick: None, unanswered_returns: 0, executable: false } }",
            "PhysicalTransition { tick: 55, phase: 0, event: OutputCandidateEvaluated { target: JunctionId(2), ownership: Organism, path_inputs: 0, path_origins: [], distinct_path_origins: 0, distinct_path_owners: 0, positive_path_strength: 0, negative_path_strength: 0, opportunity: 4294967296, supplied_opportunity: 0, admitted_drive: 0, projected_drive: 4294967296, threshold: 8589934592, consequence_tick: None, unanswered_returns: 0, executable: false } }",
        ],
        [
            "PhysicalTransition { tick: 56, phase: 0, event: NaturalCycleClosureEvaluated { surface: JunctionId(7), matching_paths: 0, decision: NoTransition } }",
            "PhysicalTransition { tick: 56, phase: 1, event: NaturalCycleClosureEvaluated { surface: JunctionId(17), matching_paths: 0, decision: NoTransition } }",
            "PhysicalTransition { tick: 56, phase: 1, event: NaturalCycleClosureEvaluated { surface: JunctionId(18), matching_paths: 0, decision: NoTransition } }",
            "PhysicalTransition { tick: 56, phase: 1, event: NaturalCycleClosureEvaluated { surface: JunctionId(24), matching_paths: 0, decision: NoTransition } }",
            "PhysicalTransition { tick: 56, phase: 1, event: NaturalCycleClosureEvaluated { surface: JunctionId(25), matching_paths: 0, decision: NoTransition } }",
            "PhysicalTransition { tick: 56, phase: 1, event: NaturalCycleClosureEvaluated { surface: JunctionId(31), matching_paths: 0, decision: NoTransition } }",
            "PhysicalTransition { tick: 56, phase: 1, event: NaturalCycleClosureEvaluated { surface: JunctionId(32), matching_paths: 0, decision: NoTransition } }",
            "PhysicalTransition { tick: 56, phase: 1, event: NaturalCycleClosureEvaluated { surface: JunctionId(38), matching_paths: 0, decision: NoTransition } }",
            "PhysicalTransition { tick: 56, phase: 1, event: NaturalCycleClosureEvaluated { surface: JunctionId(39), matching_paths: 0, decision: NoTransition } }",
            "PhysicalTransition { tick: 56, phase: 1, event: NaturalCycleClosureEvaluated { surface: JunctionId(45), matching_paths: 0, decision: NoTransition } }",
            "PhysicalTransition { tick: 56, phase: 1, event: NaturalCycleClosureEvaluated { surface: JunctionId(46), matching_paths: 0, decision: NoTransition } }",
            "PhysicalTransition { tick: 56, phase: 2, event: NaturalCycleClosureEvaluated { surface: JunctionId(15), matching_paths: 0, decision: NoTransition } }",
            "PhysicalTransition { tick: 56, phase: 2, event: NaturalCycleClosureEvaluated { surface: JunctionId(22), matching_paths: 0, decision: NoTransition } }",
            "PhysicalTransition { tick: 56, phase: 2, event: NaturalCycleClosureEvaluated { surface: JunctionId(29), matching_paths: 0, decision: NoTransition } }",
            "PhysicalTransition { tick: 56, phase: 2, event: NaturalCycleClosureEvaluated { surface: JunctionId(36), matching_paths: 0, decision: NoTransition } }",
            "PhysicalTransition { tick: 56, phase: 2, event: NaturalCycleClosureEvaluated { surface: JunctionId(43), matching_paths: 0, decision: NoTransition } }",
            "PhysicalTransition { tick: 58, phase: 0, event: OutputCandidateEvaluated { target: JunctionId(1), ownership: Organism, path_inputs: 0, path_origins: [], distinct_path_origins: 0, distinct_path_owners: 0, positive_path_strength: 0, negative_path_strength: 0, opportunity: 4294967296, supplied_opportunity: 0, admitted_drive: 0, projected_drive: 4294967296, threshold: 8589934592, consequence_tick: None, unanswered_returns: 0, executable: false } }",
            "PhysicalTransition { tick: 58, phase: 0, event: OutputCandidateEvaluated { target: JunctionId(2), ownership: Organism, path_inputs: 0, path_origins: [], distinct_path_origins: 0, distinct_path_owners: 0, positive_path_strength: 0, negative_path_strength: 0, opportunity: 4294967296, supplied_opportunity: 0, admitted_drive: 0, projected_drive: 4294967296, threshold: 8589934592, consequence_tick: None, unanswered_returns: 0, executable: false } }",
        ],
        [
            "PhysicalTransition { tick: 59, phase: 0, event: NaturalCycleClosureEvaluated { surface: JunctionId(7), matching_paths: 0, decision: NoTransition } }",
            "PhysicalTransition { tick: 59, phase: 1, event: NaturalCycleClosureEvaluated { surface: JunctionId(17), matching_paths: 0, decision: NoTransition } }",
            "PhysicalTransition { tick: 59, phase: 1, event: NaturalCycleClosureEvaluated { surface: JunctionId(18), matching_paths: 0, decision: NoTransition } }",
            "PhysicalTransition { tick: 59, phase: 1, event: NaturalCycleClosureEvaluated { surface: JunctionId(24), matching_paths: 0, decision: NoTransition } }",
            "PhysicalTransition { tick: 59, phase: 1, event: NaturalCycleClosureEvaluated { surface: JunctionId(25), matching_paths: 0, decision: NoTransition } }",
            "PhysicalTransition { tick: 59, phase: 1, event: NaturalCycleClosureEvaluated { surface: JunctionId(31), matching_paths: 0, decision: NoTransition } }",
            "PhysicalTransition { tick: 59, phase: 1, event: NaturalCycleClosureEvaluated { surface: JunctionId(32), matching_paths: 0, decision: NoTransition } }",
            "PhysicalTransition { tick: 59, phase: 1, event: NaturalCycleClosureEvaluated { surface: JunctionId(38), matching_paths: 0, decision: NoTransition } }",
            "PhysicalTransition { tick: 59, phase: 1, event: NaturalCycleClosureEvaluated { surface: JunctionId(39), matching_paths: 0, decision: NoTransition } }",
            "PhysicalTransition { tick: 59, phase: 1, event: NaturalCycleClosureEvaluated { surface: JunctionId(45), matching_paths: 0, decision: NoTransition } }",
            "PhysicalTransition { tick: 59, phase: 1, event: NaturalCycleClosureEvaluated { surface: JunctionId(46), matching_paths: 0, decision: NoTransition } }",
            "PhysicalTransition { tick: 59, phase: 2, event: NaturalCycleClosureEvaluated { surface: JunctionId(15), matching_paths: 0, decision: NoTransition } }",
            "PhysicalTransition { tick: 59, phase: 2, event: NaturalCycleClosureEvaluated { surface: JunctionId(22), matching_paths: 0, decision: NoTransition } }",
            "PhysicalTransition { tick: 59, phase: 2, event: NaturalCycleClosureEvaluated { surface: JunctionId(29), matching_paths: 0, decision: NoTransition } }",
            "PhysicalTransition { tick: 59, phase: 2, event: NaturalCycleClosureEvaluated { surface: JunctionId(36), matching_paths: 0, decision: NoTransition } }",
            "PhysicalTransition { tick: 59, phase: 2, event: NaturalCycleClosureEvaluated { surface: JunctionId(43), matching_paths: 0, decision: NoTransition } }",
            "PhysicalTransition { tick: 61, phase: 0, event: OutputCandidateEvaluated { target: JunctionId(1), ownership: Organism, path_inputs: 0, path_origins: [], distinct_path_origins: 0, distinct_path_owners: 0, positive_path_strength: 0, negative_path_strength: 0, opportunity: 4294967296, supplied_opportunity: 0, admitted_drive: 0, projected_drive: 4294967296, threshold: 8589934592, consequence_tick: None, unanswered_returns: 0, executable: false } }",
            "PhysicalTransition { tick: 61, phase: 0, event: OutputCandidateEvaluated { target: JunctionId(2), ownership: Organism, path_inputs: 0, path_origins: [], distinct_path_origins: 0, distinct_path_owners: 0, positive_path_strength: 0, negative_path_strength: 0, opportunity: 4294967296, supplied_opportunity: 0, admitted_drive: 0, projected_drive: 4294967296, threshold: 8589934592, consequence_tick: None, unanswered_returns: 0, executable: false } }",
        ],
        [
            "PhysicalTransition { tick: 62, phase: 0, event: NaturalCycleClosureEvaluated { surface: JunctionId(7), matching_paths: 0, decision: NoTransition } }",
            "PhysicalTransition { tick: 62, phase: 1, event: NaturalCycleClosureEvaluated { surface: JunctionId(17), matching_paths: 0, decision: NoTransition } }",
            "PhysicalTransition { tick: 62, phase: 1, event: NaturalCycleClosureEvaluated { surface: JunctionId(18), matching_paths: 0, decision: NoTransition } }",
            "PhysicalTransition { tick: 62, phase: 1, event: NaturalCycleClosureEvaluated { surface: JunctionId(24), matching_paths: 0, decision: NoTransition } }",
            "PhysicalTransition { tick: 62, phase: 1, event: NaturalCycleClosureEvaluated { surface: JunctionId(25), matching_paths: 0, decision: NoTransition } }",
            "PhysicalTransition { tick: 62, phase: 1, event: NaturalCycleClosureEvaluated { surface: JunctionId(31), matching_paths: 0, decision: NoTransition } }",
            "PhysicalTransition { tick: 62, phase: 1, event: NaturalCycleClosureEvaluated { surface: JunctionId(32), matching_paths: 0, decision: NoTransition } }",
            "PhysicalTransition { tick: 62, phase: 1, event: NaturalCycleClosureEvaluated { surface: JunctionId(38), matching_paths: 0, decision: NoTransition } }",
            "PhysicalTransition { tick: 62, phase: 1, event: NaturalCycleClosureEvaluated { surface: JunctionId(39), matching_paths: 0, decision: NoTransition } }",
            "PhysicalTransition { tick: 62, phase: 1, event: NaturalCycleClosureEvaluated { surface: JunctionId(45), matching_paths: 0, decision: NoTransition } }",
            "PhysicalTransition { tick: 62, phase: 1, event: NaturalCycleClosureEvaluated { surface: JunctionId(46), matching_paths: 0, decision: NoTransition } }",
            "PhysicalTransition { tick: 62, phase: 2, event: NaturalCycleClosureEvaluated { surface: JunctionId(15), matching_paths: 0, decision: NoTransition } }",
            "PhysicalTransition { tick: 62, phase: 2, event: NaturalCycleClosureEvaluated { surface: JunctionId(22), matching_paths: 0, decision: NoTransition } }",
            "PhysicalTransition { tick: 62, phase: 2, event: NaturalCycleClosureEvaluated { surface: JunctionId(29), matching_paths: 0, decision: NoTransition } }",
            "PhysicalTransition { tick: 62, phase: 2, event: NaturalCycleClosureEvaluated { surface: JunctionId(36), matching_paths: 0, decision: NoTransition } }",
            "PhysicalTransition { tick: 62, phase: 2, event: NaturalCycleClosureEvaluated { surface: JunctionId(43), matching_paths: 0, decision: NoTransition } }",
            "PhysicalTransition { tick: 64, phase: 0, event: OutputCandidateEvaluated { target: JunctionId(1), ownership: Organism, path_inputs: 0, path_origins: [], distinct_path_origins: 0, distinct_path_owners: 0, positive_path_strength: 0, negative_path_strength: 0, opportunity: 4294967296, supplied_opportunity: 0, admitted_drive: 0, projected_drive: 4294967296, threshold: 8589934592, consequence_tick: None, unanswered_returns: 0, executable: false } }",
            "PhysicalTransition { tick: 64, phase: 0, event: OutputCandidateEvaluated { target: JunctionId(2), ownership: Organism, path_inputs: 0, path_origins: [], distinct_path_origins: 0, distinct_path_owners: 0, positive_path_strength: 0, negative_path_strength: 0, opportunity: 4294967296, supplied_opportunity: 0, admitted_drive: 0, projected_drive: 4294967296, threshold: 8589934592, consequence_tick: None, unanswered_returns: 0, executable: false } }",
        ],
        [
            "PhysicalTransition { tick: 65, phase: 0, event: NaturalCycleClosureEvaluated { surface: JunctionId(7), matching_paths: 0, decision: NoTransition } }",
            "PhysicalTransition { tick: 65, phase: 1, event: NaturalCycleClosureEvaluated { surface: JunctionId(17), matching_paths: 0, decision: NoTransition } }",
            "PhysicalTransition { tick: 65, phase: 1, event: NaturalCycleClosureEvaluated { surface: JunctionId(18), matching_paths: 0, decision: NoTransition } }",
            "PhysicalTransition { tick: 65, phase: 1, event: NaturalCycleClosureEvaluated { surface: JunctionId(24), matching_paths: 0, decision: NoTransition } }",
            "PhysicalTransition { tick: 65, phase: 1, event: NaturalCycleClosureEvaluated { surface: JunctionId(25), matching_paths: 0, decision: NoTransition } }",
            "PhysicalTransition { tick: 65, phase: 1, event: NaturalCycleClosureEvaluated { surface: JunctionId(31), matching_paths: 0, decision: NoTransition } }",
            "PhysicalTransition { tick: 65, phase: 1, event: NaturalCycleClosureEvaluated { surface: JunctionId(32), matching_paths: 0, decision: NoTransition } }",
            "PhysicalTransition { tick: 65, phase: 1, event: NaturalCycleClosureEvaluated { surface: JunctionId(38), matching_paths: 0, decision: NoTransition } }",
            "PhysicalTransition { tick: 65, phase: 1, event: NaturalCycleClosureEvaluated { surface: JunctionId(39), matching_paths: 0, decision: NoTransition } }",
            "PhysicalTransition { tick: 65, phase: 1, event: NaturalCycleClosureEvaluated { surface: JunctionId(45), matching_paths: 0, decision: NoTransition } }",
            "PhysicalTransition { tick: 65, phase: 1, event: NaturalCycleClosureEvaluated { surface: JunctionId(46), matching_paths: 0, decision: NoTransition } }",
            "PhysicalTransition { tick: 65, phase: 2, event: NaturalCycleClosureEvaluated { surface: JunctionId(15), matching_paths: 0, decision: NoTransition } }",
            "PhysicalTransition { tick: 65, phase: 2, event: NaturalCycleClosureEvaluated { surface: JunctionId(22), matching_paths: 0, decision: NoTransition } }",
            "PhysicalTransition { tick: 65, phase: 2, event: NaturalCycleClosureEvaluated { surface: JunctionId(29), matching_paths: 0, decision: NoTransition } }",
            "PhysicalTransition { tick: 65, phase: 2, event: NaturalCycleClosureEvaluated { surface: JunctionId(36), matching_paths: 0, decision: NoTransition } }",
            "PhysicalTransition { tick: 65, phase: 2, event: NaturalCycleClosureEvaluated { surface: JunctionId(43), matching_paths: 0, decision: NoTransition } }",
            "PhysicalTransition { tick: 67, phase: 0, event: OutputCandidateEvaluated { target: JunctionId(1), ownership: Organism, path_inputs: 0, path_origins: [], distinct_path_origins: 0, distinct_path_owners: 0, positive_path_strength: 0, negative_path_strength: 0, opportunity: 4294967296, supplied_opportunity: 0, admitted_drive: 0, projected_drive: 4294967296, threshold: 8589934592, consequence_tick: None, unanswered_returns: 0, executable: false } }",
            "PhysicalTransition { tick: 67, phase: 0, event: OutputCandidateEvaluated { target: JunctionId(2), ownership: Organism, path_inputs: 0, path_origins: [], distinct_path_origins: 0, distinct_path_owners: 0, positive_path_strength: 0, negative_path_strength: 0, opportunity: 4294967296, supplied_opportunity: 0, admitted_drive: 0, projected_drive: 4294967296, threshold: 8589934592, consequence_tick: None, unanswered_returns: 0, executable: false } }",
        ],
        [
            "PhysicalTransition { tick: 68, phase: 0, event: NaturalCycleClosureEvaluated { surface: JunctionId(7), matching_paths: 0, decision: NoTransition } }",
            "PhysicalTransition { tick: 68, phase: 1, event: NaturalCycleClosureEvaluated { surface: JunctionId(17), matching_paths: 0, decision: NoTransition } }",
            "PhysicalTransition { tick: 68, phase: 1, event: NaturalCycleClosureEvaluated { surface: JunctionId(18), matching_paths: 0, decision: NoTransition } }",
            "PhysicalTransition { tick: 68, phase: 1, event: NaturalCycleClosureEvaluated { surface: JunctionId(24), matching_paths: 0, decision: NoTransition } }",
            "PhysicalTransition { tick: 68, phase: 1, event: NaturalCycleClosureEvaluated { surface: JunctionId(25), matching_paths: 0, decision: NoTransition } }",
            "PhysicalTransition { tick: 68, phase: 1, event: NaturalCycleClosureEvaluated { surface: JunctionId(31), matching_paths: 0, decision: NoTransition } }",
            "PhysicalTransition { tick: 68, phase: 1, event: NaturalCycleClosureEvaluated { surface: JunctionId(32), matching_paths: 0, decision: NoTransition } }",
            "PhysicalTransition { tick: 68, phase: 1, event: NaturalCycleClosureEvaluated { surface: JunctionId(38), matching_paths: 0, decision: NoTransition } }",
            "PhysicalTransition { tick: 68, phase: 1, event: NaturalCycleClosureEvaluated { surface: JunctionId(39), matching_paths: 0, decision: NoTransition } }",
            "PhysicalTransition { tick: 68, phase: 1, event: NaturalCycleClosureEvaluated { surface: JunctionId(45), matching_paths: 0, decision: NoTransition } }",
            "PhysicalTransition { tick: 68, phase: 1, event: NaturalCycleClosureEvaluated { surface: JunctionId(46), matching_paths: 0, decision: NoTransition } }",
            "PhysicalTransition { tick: 68, phase: 2, event: NaturalCycleClosureEvaluated { surface: JunctionId(15), matching_paths: 0, decision: NoTransition } }",
            "PhysicalTransition { tick: 68, phase: 2, event: NaturalCycleClosureEvaluated { surface: JunctionId(22), matching_paths: 0, decision: NoTransition } }",
            "PhysicalTransition { tick: 68, phase: 2, event: NaturalCycleClosureEvaluated { surface: JunctionId(29), matching_paths: 0, decision: NoTransition } }",
            "PhysicalTransition { tick: 68, phase: 2, event: NaturalCycleClosureEvaluated { surface: JunctionId(36), matching_paths: 0, decision: NoTransition } }",
            "PhysicalTransition { tick: 68, phase: 2, event: NaturalCycleClosureEvaluated { surface: JunctionId(43), matching_paths: 0, decision: NoTransition } }",
            "PhysicalTransition { tick: 70, phase: 0, event: OutputCandidateEvaluated { target: JunctionId(1), ownership: Organism, path_inputs: 0, path_origins: [], distinct_path_origins: 0, distinct_path_owners: 0, positive_path_strength: 0, negative_path_strength: 0, opportunity: 4294967296, supplied_opportunity: 0, admitted_drive: 0, projected_drive: 4294967296, threshold: 8589934592, consequence_tick: None, unanswered_returns: 0, executable: false } }",
            "PhysicalTransition { tick: 70, phase: 0, event: OutputCandidateEvaluated { target: JunctionId(2), ownership: Organism, path_inputs: 0, path_origins: [], distinct_path_origins: 0, distinct_path_owners: 0, positive_path_strength: 0, negative_path_strength: 0, opportunity: 4294967296, supplied_opportunity: 0, admitted_drive: 0, projected_drive: 4294967296, threshold: 8589934592, consequence_tick: None, unanswered_returns: 0, executable: false } }",
        ],
        [
            "PhysicalTransition { tick: 71, phase: 0, event: NaturalCycleClosureEvaluated { surface: JunctionId(7), matching_paths: 0, decision: NoTransition } }",
            "PhysicalTransition { tick: 71, phase: 1, event: NaturalCycleClosureEvaluated { surface: JunctionId(17), matching_paths: 0, decision: NoTransition } }",
            "PhysicalTransition { tick: 71, phase: 1, event: NaturalCycleClosureEvaluated { surface: JunctionId(18), matching_paths: 0, decision: NoTransition } }",
            "PhysicalTransition { tick: 71, phase: 1, event: NaturalCycleClosureEvaluated { surface: JunctionId(24), matching_paths: 0, decision: NoTransition } }",
            "PhysicalTransition { tick: 71, phase: 1, event: NaturalCycleClosureEvaluated { surface: JunctionId(25), matching_paths: 0, decision: NoTransition } }",
            "PhysicalTransition { tick: 71, phase: 1, event: NaturalCycleClosureEvaluated { surface: JunctionId(31), matching_paths: 0, decision: NoTransition } }",
            "PhysicalTransition { tick: 71, phase: 1, event: NaturalCycleClosureEvaluated { surface: JunctionId(32), matching_paths: 0, decision: NoTransition } }",
            "PhysicalTransition { tick: 71, phase: 1, event: NaturalCycleClosureEvaluated { surface: JunctionId(38), matching_paths: 0, decision: NoTransition } }",
            "PhysicalTransition { tick: 71, phase: 1, event: NaturalCycleClosureEvaluated { surface: JunctionId(39), matching_paths: 0, decision: NoTransition } }",
            "PhysicalTransition { tick: 71, phase: 1, event: NaturalCycleClosureEvaluated { surface: JunctionId(45), matching_paths: 0, decision: NoTransition } }",
            "PhysicalTransition { tick: 71, phase: 1, event: NaturalCycleClosureEvaluated { surface: JunctionId(46), matching_paths: 0, decision: NoTransition } }",
            "PhysicalTransition { tick: 71, phase: 2, event: NaturalCycleClosureEvaluated { surface: JunctionId(15), matching_paths: 0, decision: NoTransition } }",
            "PhysicalTransition { tick: 71, phase: 2, event: NaturalCycleClosureEvaluated { surface: JunctionId(22), matching_paths: 0, decision: NoTransition } }",
            "PhysicalTransition { tick: 71, phase: 2, event: NaturalCycleClosureEvaluated { surface: JunctionId(29), matching_paths: 0, decision: NoTransition } }",
            "PhysicalTransition { tick: 71, phase: 2, event: NaturalCycleClosureEvaluated { surface: JunctionId(36), matching_paths: 0, decision: NoTransition } }",
            "PhysicalTransition { tick: 71, phase: 2, event: NaturalCycleClosureEvaluated { surface: JunctionId(43), matching_paths: 0, decision: NoTransition } }",
            "PhysicalTransition { tick: 73, phase: 0, event: OutputCandidateEvaluated { target: JunctionId(1), ownership: Organism, path_inputs: 0, path_origins: [], distinct_path_origins: 0, distinct_path_owners: 0, positive_path_strength: 0, negative_path_strength: 0, opportunity: 4294967296, supplied_opportunity: 0, admitted_drive: 0, projected_drive: 4294967296, threshold: 8589934592, consequence_tick: None, unanswered_returns: 0, executable: false } }",
            "PhysicalTransition { tick: 73, phase: 0, event: OutputCandidateEvaluated { target: JunctionId(2), ownership: Organism, path_inputs: 0, path_origins: [], distinct_path_origins: 0, distinct_path_owners: 0, positive_path_strength: 0, negative_path_strength: 0, opportunity: 4294967296, supplied_opportunity: 0, admitted_drive: 0, projected_drive: 4294967296, threshold: 8589934592, consequence_tick: None, unanswered_returns: 0, executable: false } }",
        ],
        [
            "PhysicalTransition { tick: 74, phase: 0, event: NaturalCycleClosureEvaluated { surface: JunctionId(7), matching_paths: 0, decision: NoTransition } }",
            "PhysicalTransition { tick: 74, phase: 1, event: NaturalCycleClosureEvaluated { surface: JunctionId(17), matching_paths: 0, decision: NoTransition } }",
            "PhysicalTransition { tick: 74, phase: 1, event: NaturalCycleClosureEvaluated { surface: JunctionId(18), matching_paths: 0, decision: NoTransition } }",
            "PhysicalTransition { tick: 74, phase: 1, event: NaturalCycleClosureEvaluated { surface: JunctionId(24), matching_paths: 0, decision: NoTransition } }",
            "PhysicalTransition { tick: 74, phase: 1, event: NaturalCycleClosureEvaluated { surface: JunctionId(25), matching_paths: 0, decision: NoTransition } }",
            "PhysicalTransition { tick: 74, phase: 1, event: NaturalCycleClosureEvaluated { surface: JunctionId(31), matching_paths: 0, decision: NoTransition } }",
            "PhysicalTransition { tick: 74, phase: 1, event: NaturalCycleClosureEvaluated { surface: JunctionId(32), matching_paths: 0, decision: NoTransition } }",
            "PhysicalTransition { tick: 74, phase: 1, event: NaturalCycleClosureEvaluated { surface: JunctionId(38), matching_paths: 0, decision: NoTransition } }",
            "PhysicalTransition { tick: 74, phase: 1, event: NaturalCycleClosureEvaluated { surface: JunctionId(39), matching_paths: 0, decision: NoTransition } }",
            "PhysicalTransition { tick: 74, phase: 1, event: NaturalCycleClosureEvaluated { surface: JunctionId(45), matching_paths: 0, decision: NoTransition } }",
            "PhysicalTransition { tick: 74, phase: 1, event: NaturalCycleClosureEvaluated { surface: JunctionId(46), matching_paths: 0, decision: NoTransition } }",
            "PhysicalTransition { tick: 74, phase: 2, event: NaturalCycleClosureEvaluated { surface: JunctionId(15), matching_paths: 0, decision: NoTransition } }",
            "PhysicalTransition { tick: 74, phase: 2, event: NaturalCycleClosureEvaluated { surface: JunctionId(22), matching_paths: 0, decision: NoTransition } }",
            "PhysicalTransition { tick: 74, phase: 2, event: NaturalCycleClosureEvaluated { surface: JunctionId(29), matching_paths: 0, decision: NoTransition } }",
            "PhysicalTransition { tick: 74, phase: 2, event: NaturalCycleClosureEvaluated { surface: JunctionId(36), matching_paths: 0, decision: NoTransition } }",
            "PhysicalTransition { tick: 74, phase: 2, event: NaturalCycleClosureEvaluated { surface: JunctionId(43), matching_paths: 0, decision: NoTransition } }",
            "PhysicalTransition { tick: 76, phase: 0, event: OutputCandidateEvaluated { target: JunctionId(1), ownership: Organism, path_inputs: 0, path_origins: [], distinct_path_origins: 0, distinct_path_owners: 0, positive_path_strength: 0, negative_path_strength: 0, opportunity: 4294967296, supplied_opportunity: 0, admitted_drive: 0, projected_drive: 4294967296, threshold: 8589934592, consequence_tick: None, unanswered_returns: 0, executable: false } }",
            "PhysicalTransition { tick: 76, phase: 0, event: OutputCandidateEvaluated { target: JunctionId(2), ownership: Organism, path_inputs: 0, path_origins: [], distinct_path_origins: 0, distinct_path_owners: 0, positive_path_strength: 0, negative_path_strength: 0, opportunity: 4294967296, supplied_opportunity: 0, admitted_drive: 0, projected_drive: 4294967296, threshold: 8589934592, consequence_tick: None, unanswered_returns: 0, executable: false } }",
        ],
        [
            "PhysicalTransition { tick: 77, phase: 0, event: NaturalCycleClosureEvaluated { surface: JunctionId(7), matching_paths: 0, decision: NoTransition } }",
            "PhysicalTransition { tick: 77, phase: 1, event: NaturalCycleClosureEvaluated { surface: JunctionId(17), matching_paths: 0, decision: NoTransition } }",
            "PhysicalTransition { tick: 77, phase: 1, event: NaturalCycleClosureEvaluated { surface: JunctionId(18), matching_paths: 0, decision: NoTransition } }",
            "PhysicalTransition { tick: 77, phase: 1, event: NaturalCycleClosureEvaluated { surface: JunctionId(24), matching_paths: 0, decision: NoTransition } }",
            "PhysicalTransition { tick: 77, phase: 1, event: NaturalCycleClosureEvaluated { surface: JunctionId(25), matching_paths: 0, decision: NoTransition } }",
            "PhysicalTransition { tick: 77, phase: 1, event: NaturalCycleClosureEvaluated { surface: JunctionId(31), matching_paths: 0, decision: NoTransition } }",
            "PhysicalTransition { tick: 77, phase: 1, event: NaturalCycleClosureEvaluated { surface: JunctionId(32), matching_paths: 0, decision: NoTransition } }",
            "PhysicalTransition { tick: 77, phase: 1, event: NaturalCycleClosureEvaluated { surface: JunctionId(38), matching_paths: 0, decision: NoTransition } }",
            "PhysicalTransition { tick: 77, phase: 1, event: NaturalCycleClosureEvaluated { surface: JunctionId(39), matching_paths: 0, decision: NoTransition } }",
            "PhysicalTransition { tick: 77, phase: 1, event: NaturalCycleClosureEvaluated { surface: JunctionId(45), matching_paths: 0, decision: NoTransition } }",
            "PhysicalTransition { tick: 77, phase: 1, event: NaturalCycleClosureEvaluated { surface: JunctionId(46), matching_paths: 0, decision: NoTransition } }",
            "PhysicalTransition { tick: 77, phase: 2, event: NaturalCycleClosureEvaluated { surface: JunctionId(15), matching_paths: 0, decision: NoTransition } }",
            "PhysicalTransition { tick: 77, phase: 2, event: NaturalCycleClosureEvaluated { surface: JunctionId(22), matching_paths: 0, decision: NoTransition } }",
            "PhysicalTransition { tick: 77, phase: 2, event: NaturalCycleClosureEvaluated { surface: JunctionId(29), matching_paths: 0, decision: NoTransition } }",
            "PhysicalTransition { tick: 77, phase: 2, event: NaturalCycleClosureEvaluated { surface: JunctionId(36), matching_paths: 0, decision: NoTransition } }",
            "PhysicalTransition { tick: 77, phase: 2, event: NaturalCycleClosureEvaluated { surface: JunctionId(43), matching_paths: 0, decision: NoTransition } }",
            "PhysicalTransition { tick: 79, phase: 0, event: OutputCandidateEvaluated { target: JunctionId(1), ownership: Organism, path_inputs: 0, path_origins: [], distinct_path_origins: 0, distinct_path_owners: 0, positive_path_strength: 0, negative_path_strength: 0, opportunity: 4294967296, supplied_opportunity: 0, admitted_drive: 0, projected_drive: 4294967296, threshold: 8589934592, consequence_tick: None, unanswered_returns: 0, executable: false } }",
            "PhysicalTransition { tick: 79, phase: 0, event: OutputCandidateEvaluated { target: JunctionId(2), ownership: Organism, path_inputs: 0, path_origins: [], distinct_path_origins: 0, distinct_path_owners: 0, positive_path_strength: 0, negative_path_strength: 0, opportunity: 4294967296, supplied_opportunity: 0, admitted_drive: 0, projected_drive: 4294967296, threshold: 8589934592, consequence_tick: None, unanswered_returns: 0, executable: false } }",
        ],
        [
            "PhysicalTransition { tick: 80, phase: 0, event: NaturalCycleClosureEvaluated { surface: JunctionId(7), matching_paths: 0, decision: NoTransition } }",
            "PhysicalTransition { tick: 80, phase: 1, event: NaturalCycleClosureEvaluated { surface: JunctionId(17), matching_paths: 0, decision: NoTransition } }",
            "PhysicalTransition { tick: 80, phase: 1, event: NaturalCycleClosureEvaluated { surface: JunctionId(18), matching_paths: 0, decision: NoTransition } }",
            "PhysicalTransition { tick: 80, phase: 1, event: NaturalCycleClosureEvaluated { surface: JunctionId(24), matching_paths: 0, decision: NoTransition } }",
            "PhysicalTransition { tick: 80, phase: 1, event: NaturalCycleClosureEvaluated { surface: JunctionId(25), matching_paths: 0, decision: NoTransition } }",
            "PhysicalTransition { tick: 80, phase: 1, event: NaturalCycleClosureEvaluated { surface: JunctionId(31), matching_paths: 0, decision: NoTransition } }",
            "PhysicalTransition { tick: 80, phase: 1, event: NaturalCycleClosureEvaluated { surface: JunctionId(32), matching_paths: 0, decision: NoTransition } }",
            "PhysicalTransition { tick: 80, phase: 1, event: NaturalCycleClosureEvaluated { surface: JunctionId(38), matching_paths: 0, decision: NoTransition } }",
            "PhysicalTransition { tick: 80, phase: 1, event: NaturalCycleClosureEvaluated { surface: JunctionId(39), matching_paths: 0, decision: NoTransition } }",
            "PhysicalTransition { tick: 80, phase: 1, event: NaturalCycleClosureEvaluated { surface: JunctionId(45), matching_paths: 0, decision: NoTransition } }",
            "PhysicalTransition { tick: 80, phase: 1, event: NaturalCycleClosureEvaluated { surface: JunctionId(46), matching_paths: 0, decision: NoTransition } }",
            "PhysicalTransition { tick: 80, phase: 2, event: NaturalCycleClosureEvaluated { surface: JunctionId(15), matching_paths: 0, decision: NoTransition } }",
            "PhysicalTransition { tick: 80, phase: 2, event: NaturalCycleClosureEvaluated { surface: JunctionId(22), matching_paths: 0, decision: NoTransition } }",
            "PhysicalTransition { tick: 80, phase: 2, event: NaturalCycleClosureEvaluated { surface: JunctionId(29), matching_paths: 0, decision: NoTransition } }",
            "PhysicalTransition { tick: 80, phase: 2, event: NaturalCycleClosureEvaluated { surface: JunctionId(36), matching_paths: 0, decision: NoTransition } }",
            "PhysicalTransition { tick: 80, phase: 2, event: NaturalCycleClosureEvaluated { surface: JunctionId(43), matching_paths: 0, decision: NoTransition } }",
            "PhysicalTransition { tick: 82, phase: 0, event: OutputCandidateEvaluated { target: JunctionId(1), ownership: Organism, path_inputs: 0, path_origins: [], distinct_path_origins: 0, distinct_path_owners: 0, positive_path_strength: 0, negative_path_strength: 0, opportunity: 4294967296, supplied_opportunity: 0, admitted_drive: 0, projected_drive: 4294967296, threshold: 8589934592, consequence_tick: None, unanswered_returns: 0, executable: false } }",
            "PhysicalTransition { tick: 82, phase: 0, event: OutputCandidateEvaluated { target: JunctionId(2), ownership: Organism, path_inputs: 0, path_origins: [], distinct_path_origins: 0, distinct_path_owners: 0, positive_path_strength: 0, negative_path_strength: 0, opportunity: 4294967296, supplied_opportunity: 0, admitted_drive: 0, projected_drive: 4294967296, threshold: 8589934592, consequence_tick: None, unanswered_returns: 0, executable: false } }",
        ],
        [
            "PhysicalTransition { tick: 83, phase: 0, event: NaturalCycleClosureEvaluated { surface: JunctionId(7), matching_paths: 0, decision: NoTransition } }",
            "PhysicalTransition { tick: 83, phase: 1, event: NaturalCycleClosureEvaluated { surface: JunctionId(17), matching_paths: 0, decision: NoTransition } }",
            "PhysicalTransition { tick: 83, phase: 1, event: NaturalCycleClosureEvaluated { surface: JunctionId(18), matching_paths: 0, decision: NoTransition } }",
            "PhysicalTransition { tick: 83, phase: 1, event: NaturalCycleClosureEvaluated { surface: JunctionId(24), matching_paths: 0, decision: NoTransition } }",
            "PhysicalTransition { tick: 83, phase: 1, event: NaturalCycleClosureEvaluated { surface: JunctionId(25), matching_paths: 0, decision: NoTransition } }",
            "PhysicalTransition { tick: 83, phase: 1, event: NaturalCycleClosureEvaluated { surface: JunctionId(31), matching_paths: 0, decision: NoTransition } }",
            "PhysicalTransition { tick: 83, phase: 1, event: NaturalCycleClosureEvaluated { surface: JunctionId(32), matching_paths: 0, decision: NoTransition } }",
            "PhysicalTransition { tick: 83, phase: 1, event: NaturalCycleClosureEvaluated { surface: JunctionId(38), matching_paths: 0, decision: NoTransition } }",
            "PhysicalTransition { tick: 83, phase: 1, event: NaturalCycleClosureEvaluated { surface: JunctionId(39), matching_paths: 0, decision: NoTransition } }",
            "PhysicalTransition { tick: 83, phase: 1, event: NaturalCycleClosureEvaluated { surface: JunctionId(45), matching_paths: 0, decision: NoTransition } }",
            "PhysicalTransition { tick: 83, phase: 1, event: NaturalCycleClosureEvaluated { surface: JunctionId(46), matching_paths: 0, decision: NoTransition } }",
            "PhysicalTransition { tick: 83, phase: 2, event: NaturalCycleClosureEvaluated { surface: JunctionId(15), matching_paths: 0, decision: NoTransition } }",
            "PhysicalTransition { tick: 83, phase: 2, event: NaturalCycleClosureEvaluated { surface: JunctionId(22), matching_paths: 0, decision: NoTransition } }",
            "PhysicalTransition { tick: 83, phase: 2, event: NaturalCycleClosureEvaluated { surface: JunctionId(29), matching_paths: 0, decision: NoTransition } }",
            "PhysicalTransition { tick: 83, phase: 2, event: NaturalCycleClosureEvaluated { surface: JunctionId(36), matching_paths: 0, decision: NoTransition } }",
            "PhysicalTransition { tick: 83, phase: 2, event: NaturalCycleClosureEvaluated { surface: JunctionId(43), matching_paths: 0, decision: NoTransition } }",
            "PhysicalTransition { tick: 85, phase: 0, event: OutputCandidateEvaluated { target: JunctionId(1), ownership: Organism, path_inputs: 0, path_origins: [], distinct_path_origins: 0, distinct_path_owners: 0, positive_path_strength: 0, negative_path_strength: 0, opportunity: 4294967296, supplied_opportunity: 0, admitted_drive: 0, projected_drive: 4294967296, threshold: 8589934592, consequence_tick: None, unanswered_returns: 0, executable: false } }",
            "PhysicalTransition { tick: 85, phase: 0, event: OutputCandidateEvaluated { target: JunctionId(2), ownership: Organism, path_inputs: 0, path_origins: [], distinct_path_origins: 0, distinct_path_owners: 0, positive_path_strength: 0, negative_path_strength: 0, opportunity: 4294967296, supplied_opportunity: 0, admitted_drive: 0, projected_drive: 4294967296, threshold: 8589934592, consequence_tick: None, unanswered_returns: 0, executable: false } }",
        ],
        [
            "PhysicalTransition { tick: 86, phase: 0, event: NaturalCycleClosureEvaluated { surface: JunctionId(7), matching_paths: 0, decision: NoTransition } }",
            "PhysicalTransition { tick: 86, phase: 1, event: NaturalCycleClosureEvaluated { surface: JunctionId(17), matching_paths: 0, decision: NoTransition } }",
            "PhysicalTransition { tick: 86, phase: 1, event: NaturalCycleClosureEvaluated { surface: JunctionId(18), matching_paths: 0, decision: NoTransition } }",
            "PhysicalTransition { tick: 86, phase: 1, event: NaturalCycleClosureEvaluated { surface: JunctionId(24), matching_paths: 0, decision: NoTransition } }",
            "PhysicalTransition { tick: 86, phase: 1, event: NaturalCycleClosureEvaluated { surface: JunctionId(25), matching_paths: 0, decision: NoTransition } }",
            "PhysicalTransition { tick: 86, phase: 1, event: NaturalCycleClosureEvaluated { surface: JunctionId(31), matching_paths: 0, decision: NoTransition } }",
            "PhysicalTransition { tick: 86, phase: 1, event: NaturalCycleClosureEvaluated { surface: JunctionId(32), matching_paths: 0, decision: NoTransition } }",
            "PhysicalTransition { tick: 86, phase: 1, event: NaturalCycleClosureEvaluated { surface: JunctionId(38), matching_paths: 0, decision: NoTransition } }",
            "PhysicalTransition { tick: 86, phase: 1, event: NaturalCycleClosureEvaluated { surface: JunctionId(39), matching_paths: 0, decision: NoTransition } }",
            "PhysicalTransition { tick: 86, phase: 1, event: NaturalCycleClosureEvaluated { surface: JunctionId(45), matching_paths: 0, decision: NoTransition } }",
            "PhysicalTransition { tick: 86, phase: 1, event: NaturalCycleClosureEvaluated { surface: JunctionId(46), matching_paths: 0, decision: NoTransition } }",
            "PhysicalTransition { tick: 86, phase: 2, event: NaturalCycleClosureEvaluated { surface: JunctionId(15), matching_paths: 0, decision: NoTransition } }",
            "PhysicalTransition { tick: 86, phase: 2, event: NaturalCycleClosureEvaluated { surface: JunctionId(22), matching_paths: 0, decision: NoTransition } }",
            "PhysicalTransition { tick: 86, phase: 2, event: NaturalCycleClosureEvaluated { surface: JunctionId(29), matching_paths: 0, decision: NoTransition } }",
            "PhysicalTransition { tick: 86, phase: 2, event: NaturalCycleClosureEvaluated { surface: JunctionId(36), matching_paths: 0, decision: NoTransition } }",
            "PhysicalTransition { tick: 86, phase: 2, event: NaturalCycleClosureEvaluated { surface: JunctionId(43), matching_paths: 0, decision: NoTransition } }",
            "PhysicalTransition { tick: 88, phase: 0, event: OutputCandidateEvaluated { target: JunctionId(1), ownership: Organism, path_inputs: 0, path_origins: [], distinct_path_origins: 0, distinct_path_owners: 0, positive_path_strength: 0, negative_path_strength: 0, opportunity: 4294967296, supplied_opportunity: 0, admitted_drive: 0, projected_drive: 4294967296, threshold: 8589934592, consequence_tick: None, unanswered_returns: 0, executable: false } }",
            "PhysicalTransition { tick: 88, phase: 0, event: OutputCandidateEvaluated { target: JunctionId(2), ownership: Organism, path_inputs: 0, path_origins: [], distinct_path_origins: 0, distinct_path_owners: 0, positive_path_strength: 0, negative_path_strength: 0, opportunity: 4294967296, supplied_opportunity: 0, admitted_drive: 0, projected_drive: 4294967296, threshold: 8589934592, consequence_tick: None, unanswered_returns: 0, executable: false } }",
        ],
        [
            "PhysicalTransition { tick: 89, phase: 0, event: NaturalCycleClosureEvaluated { surface: JunctionId(7), matching_paths: 0, decision: NoTransition } }",
            "PhysicalTransition { tick: 89, phase: 1, event: NaturalCycleClosureEvaluated { surface: JunctionId(17), matching_paths: 0, decision: NoTransition } }",
            "PhysicalTransition { tick: 89, phase: 1, event: NaturalCycleClosureEvaluated { surface: JunctionId(18), matching_paths: 0, decision: NoTransition } }",
            "PhysicalTransition { tick: 89, phase: 1, event: NaturalCycleClosureEvaluated { surface: JunctionId(24), matching_paths: 0, decision: NoTransition } }",
            "PhysicalTransition { tick: 89, phase: 1, event: NaturalCycleClosureEvaluated { surface: JunctionId(25), matching_paths: 0, decision: NoTransition } }",
            "PhysicalTransition { tick: 89, phase: 1, event: NaturalCycleClosureEvaluated { surface: JunctionId(31), matching_paths: 0, decision: NoTransition } }",
            "PhysicalTransition { tick: 89, phase: 1, event: NaturalCycleClosureEvaluated { surface: JunctionId(32), matching_paths: 0, decision: NoTransition } }",
            "PhysicalTransition { tick: 89, phase: 1, event: NaturalCycleClosureEvaluated { surface: JunctionId(38), matching_paths: 0, decision: NoTransition } }",
            "PhysicalTransition { tick: 89, phase: 1, event: NaturalCycleClosureEvaluated { surface: JunctionId(39), matching_paths: 0, decision: NoTransition } }",
            "PhysicalTransition { tick: 89, phase: 1, event: NaturalCycleClosureEvaluated { surface: JunctionId(45), matching_paths: 0, decision: NoTransition } }",
            "PhysicalTransition { tick: 89, phase: 1, event: NaturalCycleClosureEvaluated { surface: JunctionId(46), matching_paths: 0, decision: NoTransition } }",
            "PhysicalTransition { tick: 89, phase: 2, event: NaturalCycleClosureEvaluated { surface: JunctionId(15), matching_paths: 0, decision: NoTransition } }",
            "PhysicalTransition { tick: 89, phase: 2, event: NaturalCycleClosureEvaluated { surface: JunctionId(22), matching_paths: 0, decision: NoTransition } }",
            "PhysicalTransition { tick: 89, phase: 2, event: NaturalCycleClosureEvaluated { surface: JunctionId(29), matching_paths: 0, decision: NoTransition } }",
            "PhysicalTransition { tick: 89, phase: 2, event: NaturalCycleClosureEvaluated { surface: JunctionId(36), matching_paths: 0, decision: NoTransition } }",
            "PhysicalTransition { tick: 89, phase: 2, event: NaturalCycleClosureEvaluated { surface: JunctionId(43), matching_paths: 0, decision: NoTransition } }",
            "PhysicalTransition { tick: 91, phase: 0, event: OutputCandidateEvaluated { target: JunctionId(1), ownership: Organism, path_inputs: 0, path_origins: [], distinct_path_origins: 0, distinct_path_owners: 0, positive_path_strength: 0, negative_path_strength: 0, opportunity: 4294967296, supplied_opportunity: 0, admitted_drive: 0, projected_drive: 4294967296, threshold: 8589934592, consequence_tick: None, unanswered_returns: 0, executable: false } }",
            "PhysicalTransition { tick: 91, phase: 0, event: OutputCandidateEvaluated { target: JunctionId(2), ownership: Organism, path_inputs: 0, path_origins: [], distinct_path_origins: 0, distinct_path_owners: 0, positive_path_strength: 0, negative_path_strength: 0, opportunity: 4294967296, supplied_opportunity: 0, admitted_drive: 0, projected_drive: 4294967296, threshold: 8589934592, consequence_tick: None, unanswered_returns: 0, executable: false } }",
        ],
        [
            "PhysicalTransition { tick: 92, phase: 0, event: NaturalCycleClosureEvaluated { surface: JunctionId(7), matching_paths: 0, decision: NoTransition } }",
            "PhysicalTransition { tick: 92, phase: 1, event: NaturalCycleClosureEvaluated { surface: JunctionId(17), matching_paths: 0, decision: NoTransition } }",
            "PhysicalTransition { tick: 92, phase: 1, event: NaturalCycleClosureEvaluated { surface: JunctionId(18), matching_paths: 0, decision: NoTransition } }",
            "PhysicalTransition { tick: 92, phase: 1, event: NaturalCycleClosureEvaluated { surface: JunctionId(24), matching_paths: 0, decision: NoTransition } }",
            "PhysicalTransition { tick: 92, phase: 1, event: NaturalCycleClosureEvaluated { surface: JunctionId(25), matching_paths: 0, decision: NoTransition } }",
            "PhysicalTransition { tick: 92, phase: 1, event: NaturalCycleClosureEvaluated { surface: JunctionId(31), matching_paths: 0, decision: NoTransition } }",
            "PhysicalTransition { tick: 92, phase: 1, event: NaturalCycleClosureEvaluated { surface: JunctionId(32), matching_paths: 0, decision: NoTransition } }",
            "PhysicalTransition { tick: 92, phase: 1, event: NaturalCycleClosureEvaluated { surface: JunctionId(38), matching_paths: 0, decision: NoTransition } }",
            "PhysicalTransition { tick: 92, phase: 1, event: NaturalCycleClosureEvaluated { surface: JunctionId(39), matching_paths: 0, decision: NoTransition } }",
            "PhysicalTransition { tick: 92, phase: 1, event: NaturalCycleClosureEvaluated { surface: JunctionId(45), matching_paths: 0, decision: NoTransition } }",
            "PhysicalTransition { tick: 92, phase: 1, event: NaturalCycleClosureEvaluated { surface: JunctionId(46), matching_paths: 0, decision: NoTransition } }",
            "PhysicalTransition { tick: 92, phase: 2, event: NaturalCycleClosureEvaluated { surface: JunctionId(15), matching_paths: 0, decision: NoTransition } }",
            "PhysicalTransition { tick: 92, phase: 2, event: NaturalCycleClosureEvaluated { surface: JunctionId(22), matching_paths: 0, decision: NoTransition } }",
            "PhysicalTransition { tick: 92, phase: 2, event: NaturalCycleClosureEvaluated { surface: JunctionId(29), matching_paths: 0, decision: NoTransition } }",
            "PhysicalTransition { tick: 92, phase: 2, event: NaturalCycleClosureEvaluated { surface: JunctionId(36), matching_paths: 0, decision: NoTransition } }",
            "PhysicalTransition { tick: 92, phase: 2, event: NaturalCycleClosureEvaluated { surface: JunctionId(43), matching_paths: 0, decision: NoTransition } }",
            "PhysicalTransition { tick: 94, phase: 0, event: OutputCandidateEvaluated { target: JunctionId(1), ownership: Organism, path_inputs: 0, path_origins: [], distinct_path_origins: 0, distinct_path_owners: 0, positive_path_strength: 0, negative_path_strength: 0, opportunity: 4294967296, supplied_opportunity: 0, admitted_drive: 0, projected_drive: 4294967296, threshold: 8589934592, consequence_tick: None, unanswered_returns: 0, executable: false } }",
            "PhysicalTransition { tick: 94, phase: 0, event: OutputCandidateEvaluated { target: JunctionId(2), ownership: Organism, path_inputs: 0, path_origins: [], distinct_path_origins: 0, distinct_path_owners: 0, positive_path_strength: 0, negative_path_strength: 0, opportunity: 4294967296, supplied_opportunity: 0, admitted_drive: 0, projected_drive: 4294967296, threshold: 8589934592, consequence_tick: None, unanswered_returns: 0, executable: false } }",
        ],
        [
            "PhysicalTransition { tick: 95, phase: 0, event: NaturalCycleClosureEvaluated { surface: JunctionId(7), matching_paths: 0, decision: NoTransition } }",
            "PhysicalTransition { tick: 95, phase: 1, event: NaturalCycleClosureEvaluated { surface: JunctionId(17), matching_paths: 0, decision: NoTransition } }",
            "PhysicalTransition { tick: 95, phase: 1, event: NaturalCycleClosureEvaluated { surface: JunctionId(18), matching_paths: 0, decision: NoTransition } }",
            "PhysicalTransition { tick: 95, phase: 1, event: NaturalCycleClosureEvaluated { surface: JunctionId(24), matching_paths: 0, decision: NoTransition } }",
            "PhysicalTransition { tick: 95, phase: 1, event: NaturalCycleClosureEvaluated { surface: JunctionId(25), matching_paths: 0, decision: NoTransition } }",
            "PhysicalTransition { tick: 95, phase: 1, event: NaturalCycleClosureEvaluated { surface: JunctionId(31), matching_paths: 0, decision: NoTransition } }",
            "PhysicalTransition { tick: 95, phase: 1, event: NaturalCycleClosureEvaluated { surface: JunctionId(32), matching_paths: 0, decision: NoTransition } }",
            "PhysicalTransition { tick: 95, phase: 1, event: NaturalCycleClosureEvaluated { surface: JunctionId(38), matching_paths: 0, decision: NoTransition } }",
            "PhysicalTransition { tick: 95, phase: 1, event: NaturalCycleClosureEvaluated { surface: JunctionId(39), matching_paths: 0, decision: NoTransition } }",
            "PhysicalTransition { tick: 95, phase: 1, event: NaturalCycleClosureEvaluated { surface: JunctionId(45), matching_paths: 0, decision: NoTransition } }",
            "PhysicalTransition { tick: 95, phase: 1, event: NaturalCycleClosureEvaluated { surface: JunctionId(46), matching_paths: 0, decision: NoTransition } }",
            "PhysicalTransition { tick: 95, phase: 2, event: NaturalCycleClosureEvaluated { surface: JunctionId(15), matching_paths: 0, decision: NoTransition } }",
            "PhysicalTransition { tick: 95, phase: 2, event: NaturalCycleClosureEvaluated { surface: JunctionId(22), matching_paths: 0, decision: NoTransition } }",
            "PhysicalTransition { tick: 95, phase: 2, event: NaturalCycleClosureEvaluated { surface: JunctionId(29), matching_paths: 0, decision: NoTransition } }",
            "PhysicalTransition { tick: 95, phase: 2, event: NaturalCycleClosureEvaluated { surface: JunctionId(36), matching_paths: 0, decision: NoTransition } }",
            "PhysicalTransition { tick: 95, phase: 2, event: NaturalCycleClosureEvaluated { surface: JunctionId(43), matching_paths: 0, decision: NoTransition } }",
            "PhysicalTransition { tick: 97, phase: 0, event: OutputCandidateEvaluated { target: JunctionId(1), ownership: Organism, path_inputs: 0, path_origins: [], distinct_path_origins: 0, distinct_path_owners: 0, positive_path_strength: 0, negative_path_strength: 0, opportunity: 4294967296, supplied_opportunity: 0, admitted_drive: 0, projected_drive: 4294967296, threshold: 8589934592, consequence_tick: None, unanswered_returns: 0, executable: false } }",
            "PhysicalTransition { tick: 97, phase: 0, event: OutputCandidateEvaluated { target: JunctionId(2), ownership: Organism, path_inputs: 0, path_origins: [], distinct_path_origins: 0, distinct_path_owners: 0, positive_path_strength: 0, negative_path_strength: 0, opportunity: 4294967296, supplied_opportunity: 0, admitted_drive: 0, projected_drive: 4294967296, threshold: 8589934592, consequence_tick: None, unanswered_returns: 0, executable: false } }",
        ],
    ],
    returned_origins_preserved: true,
    naturally_quiescent: true,
}
note: run with `RUST_BACKTRACE=1` environment variable to display a backtrace


failures:
    calibration_ablation_fixed_context

test result: FAILED. 0 passed; 1 failed; 0 ignored; 0 measured; 28 filtered out; finished in 0.01s

error: test failed, to rerun pass `-p truelearner-embodiment --test runtime_attachment`
