row_id,candidate,stage,family,spec_fingerprint,seed,mirror,reverse_insertion,threshold,coupling,load,spacing,train_spacing,allocation,genuine,expected_effect,learning_work,execution_work,queue_work,delivered,generation_checks,temporary_peak_count,temporary_peak_bytes_lower_bound,temporary_accounting,persistent_bytes,arrow_records,live_structures,proposals,deallocations,return_updates,eligibility_writes,pressure_updates,locus_firings,effect_firings,transmissions,crossings,false_conjunction,resistance_start,resistance_end,coupling_start,coupling_end,reversal_cost,deallocation_cost,reacquisition_cost,timing_tolerance,dense_attribution_ok,recursion_depth,heldout_reuse,replay_equal,naturally_quiescent,runaway,complete_fingerprint,permanent_fingerprint,row_pass
coverage-correction-v2-burst-4-s1211-m0-r0-t2-c1-l0-d1-tr0-a2,CJ-B,micro,same_source_bursts,523806974165260786,1211,false,false,2,1,0,1,0,2,false,false,0,42,6,4,4,4,160,LOWER_BOUND,272,2,0,0,0,0,0,0,0,0,0,0,false,0,0,0,0,0,0,0,0,false,0,false,false,true,false,8755083274795359823,3174135720341469557,true
coverage-correction-v2-blocked-late-return-s1211-m0-r0-t2-c1-l0-d0-tr0-a6,CJ-B,micro,dense_return_topology,260078269545050664,1211,false,false,2,1,0,0,0,6,true,true,50,16,1,5,5,2,80,LOWER_BOUND,832,7,2,0,0,0,2,2,1,1,2,1,false,3,2,1,1,0,0,0,0,true,0,false,false,true,false,12129604647645210041,18360118619101795627,true
coverage-correction-v2-timing-transfer-s1211-m0-r0-t2-c1-l0-d-1-tr0-a2,CJ-B,micro,timing_transfer,8582874726210930419,1211,false,false,2,1,0,-1,0,2,true,false,48,14,2,7,7,2,80,LOWER_BOUND,272,2,0,0,0,1,2,3,1,0,2,1,false,0,0,0,0,0,0,0,0,false,0,false,false,true,false,3000493208040180692,8599072562664236621,true
coverage-correction-v2-timing-transfer-s1211-m0-r0-t2-c1-l0-d0-tr0-a2,CJ-B,micro,timing_transfer,2992316523271747075,1211,false,false,2,1,0,0,0,2,true,false,48,35,2,9,9,2,80,LOWER_BOUND,272,2,0,0,0,1,4,3,1,1,4,2,false,0,0,0,0,0,0,0,1,false,0,true,false,true,false,14231816604955051683,8599072562664236621,true
coverage-correction-v2-timing-transfer-s1211-m0-r0-t2-c1-l0-d1-tr0-a2,CJ-B,micro,timing_transfer,4262858607857362089,1211,false,false,2,1,0,1,0,2,true,false,48,14,2,7,7,2,80,LOWER_BOUND,272,2,0,0,0,1,2,3,1,0,2,1,false,0,0,0,0,0,0,0,0,false,0,false,false,true,false,5043150343114584468,8599072562664236621,true
coverage-correction-v2-timing-transfer-s1211-m0-r0-t2-c1-l0-d2-tr0-a2,CJ-B,micro,timing_transfer,14409471513018332307,1211,false,false,2,1,0,2,0,2,true,false,48,14,2,7,7,2,80,LOWER_BOUND,272,2,0,0,0,1,2,3,1,0,2,1,false,0,0,0,0,0,0,0,0,false,0,false,false,true,false,7080153955720894031,8599072562664236621,true
coverage-correction-v2-timing-transfer-s1211-m0-r0-t2-c1-l0-d3-tr0-a2,CJ-B,micro,timing_transfer,656396120686223661,1211,false,false,2,1,0,3,0,2,true,false,48,14,2,7,7,2,80,LOWER_BOUND,272,2,0,0,0,1,2,3,1,0,2,1,false,0,0,0,0,0,0,0,0,false,0,false,false,true,false,14552210245674300390,8599072562664236621,true
coverage-correction-v2-timing-transfer-s1211-m0-r0-t2-c1-l0-d4-tr0-a2,CJ-B,micro,timing_transfer,6892618633618189803,1211,false,false,2,1,0,4,0,2,true,false,48,14,2,7,7,2,80,LOWER_BOUND,272,2,0,0,0,1,2,3,1,0,2,1,false,0,0,0,0,0,0,0,0,false,0,false,false,true,false,17800178299775956625,8599072562664236621,true
coverage-correction-v2-timing-transfer-s1211-m0-r0-t2-c1-l0-d5-tr0-a2,CJ-B,micro,timing_transfer,6491018559228169689,1211,false,false,2,1,0,5,0,2,true,false,48,14,2,7,7,2,80,LOWER_BOUND,272,2,0,0,0,1,2,3,1,0,2,1,false,0,0,0,0,0,0,0,0,false,0,false,false,true,false,3101723356827857216,8599072562664236621,true
coverage-correction-v2-timing-transfer-s1211-m0-r0-t2-c1-l0-d-1-tr2-a2,CJ-B,micro,timing_transfer,3270022331588639847,1211,false,false,2,1,0,-1,2,2,true,false,25,14,2,5,5,2,80,LOWER_BOUND,272,2,0,0,0,0,0,2,0,0,0,0,false,0,0,0,0,0,0,0,0,false,0,false,false,true,false,6959686871914900966,11306055796102147191,true
coverage-correction-v2-timing-transfer-s1211-m0-r0-t2-c1-l0-d0-tr2-a2,CJ-B,micro,timing_transfer,3356533665709990247,1211,false,false,2,1,0,0,2,2,true,false,25,35,2,7,7,2,80,LOWER_BOUND,272,2,0,0,0,0,2,2,0,1,2,1,false,0,0,0,0,0,0,0,1,false,0,true,false,true,false,13752017776450741671,11306055796102147191,true
coverage-correction-v2-timing-transfer-s1211-m0-r0-t2-c1-l0-d1-tr2-a2,CJ-B,micro,timing_transfer,365700971137703121,1211,false,false,2,1,0,1,2,2,true,false,25,14,2,5,5,2,80,LOWER_BOUND,272,2,0,0,0,0,0,2,0,0,0,0,false,0,0,0,0,0,0,0,0,false,0,false,false,true,false,7592435613555431846,11306055796102147191,true
coverage-correction-v2-timing-transfer-s1211-m0-r0-t2-c1-l0-d2-tr2-a2,CJ-B,micro,timing_transfer,7397877216643357807,1211,false,false,2,1,0,2,2,2,true,false,25,14,2,5,5,2,80,LOWER_BOUND,272,2,0,0,0,0,0,2,0,0,0,0,false,0,0,0,0,0,0,0,0,false,0,false,false,true,false,16780929527007571477,11306055796102147191,true
coverage-correction-v2-timing-transfer-s1211-m0-r0-t2-c1-l0-d3-tr2-a2,CJ-B,micro,timing_transfer,3875955829111961957,1211,false,false,2,1,0,3,2,2,true,false,25,14,2,5,5,2,80,LOWER_BOUND,272,2,0,0,0,0,0,2,0,0,0,0,false,0,0,0,0,0,0,0,0,false,0,false,false,true,false,1099460827966503848,11306055796102147191,true
coverage-correction-v2-timing-transfer-s1211-m0-r0-t2-c1-l0-d4-tr2-a2,CJ-B,micro,timing_transfer,16725772315767436119,1211,false,false,2,1,0,4,2,2,true,false,25,14,2,5,5,2,80,LOWER_BOUND,272,2,0,0,0,0,0,2,0,0,0,0,false,0,0,0,0,0,0,0,0,false,0,false,false,true,false,8229634171202334135,11306055796102147191,true
coverage-correction-v2-timing-transfer-s1211-m0-r0-t2-c1-l0-d5-tr2-a2,CJ-B,micro,timing_transfer,15648480358812579985,1211,false,false,2,1,0,5,2,2,true,false,25,14,2,5,5,2,80,LOWER_BOUND,272,2,0,0,0,0,0,2,0,0,0,0,false,0,0,0,0,0,0,0,0,false,0,false,false,true,false,17492433830085807954,11306055796102147191,true
coverage-correction-v2-timing-transfer-s1211-m0-r0-t2-c1-l0-d-1-tr4-a2,CJ-B,micro,timing_transfer,14068015607581059123,1211,false,false,2,1,0,-1,4,2,true,false,25,14,2,5,5,2,80,LOWER_BOUND,272,2,0,0,0,0,0,2,0,0,0,0,false,0,0,0,0,0,0,0,0,false,0,false,false,true,false,6959686871914900966,11306055796102147191,true
coverage-correction-v2-timing-transfer-s1211-m0-r0-t2-c1-l0-d0-tr4-a2,CJ-B,micro,timing_transfer,9517508462083343379,1211,false,false,2,1,0,0,4,2,true,false,25,35,2,7,7,2,80,LOWER_BOUND,272,2,0,0,0,0,2,2,0,1,2,1,false,0,0,0,0,0,0,0,1,false,0,true,false,true,false,13752017776450741671,11306055796102147191,true
coverage-correction-v2-timing-transfer-s1211-m0-r0-t2-c1-l0-d1-tr4-a2,CJ-B,micro,timing_transfer,14388600706955961233,1211,false,false,2,1,0,1,4,2,true,false,25,14,2,5,5,2,80,LOWER_BOUND,272,2,0,0,0,0,0,2,0,0,0,0,false,0,0,0,0,0,0,0,0,false,0,false,false,true,false,7592435613555431846,11306055796102147191,true
coverage-correction-v2-timing-transfer-s1211-m0-r0-t2-c1-l0-d2-tr4-a2,CJ-B,micro,timing_transfer,13205679352391954555,1211,false,false,2,1,0,2,4,2,true,false,25,14,2,5,5,2,80,LOWER_BOUND,272,2,0,0,0,0,0,2,0,0,0,0,false,0,0,0,0,0,0,0,0,false,0,false,false,true,false,16780929527007571477,11306055796102147191,true
coverage-correction-v2-timing-transfer-s1211-m0-r0-t2-c1-l0-d3-tr4-a2,CJ-B,micro,timing_transfer,3107443172168541909,1211,false,false,2,1,0,3,4,2,true,false,25,14,2,5,5,2,80,LOWER_BOUND,272,2,0,0,0,0,0,2,0,0,0,0,false,0,0,0,0,0,0,0,0,false,0,false,false,true,false,1099460827966503848,11306055796102147191,true
coverage-correction-v2-timing-transfer-s1211-m0-r0-t2-c1-l0-d4-tr4-a2,CJ-B,micro,timing_transfer,16962259619888898299,1211,false,false,2,1,0,4,4,2,true,false,25,14,2,5,5,2,80,LOWER_BOUND,272,2,0,0,0,0,0,2,0,0,0,0,false,0,0,0,0,0,0,0,0,false,0,false,false,true,false,8229634171202334135,11306055796102147191,true
coverage-correction-v2-timing-transfer-s1211-m0-r0-t2-c1-l0-d5-tr4-a2,CJ-B,micro,timing_transfer,16331930284092513041,1211,false,false,2,1,0,5,4,2,true,false,25,14,2,5,5,2,80,LOWER_BOUND,272,2,0,0,0,0,0,2,0,0,0,0,false,0,0,0,0,0,0,0,0,false,0,false,false,true,false,17492433830085807954,11306055796102147191,true
coverage-correction-v2-contemporary-reversal-s1211-m0-r0-t2-c1-l0-d0-tr0-a2,CJ-B,micro,shared_control,9342224093750688229,1211,false,false,2,1,0,0,0,2,true,true,420,130,38,33,33,4,160,LOWER_BOUND,912,9,2,3,3,8,16,13,2,2,16,8,false,1,5,1,2,548,5,43,0,false,0,true,false,true,false,4149463960902481414,15480153955996934599,false
coverage-correction-v2-burst-4-s1211-m0-r0-t2-c1-l4-d1-tr0-a2,CJ-B,micro,same_source_bursts,6872040571049817234,1211,false,false,2,1,4,1,0,2,false,false,0,42,6,4,4,4,160,LOWER_BOUND,272,2,0,0,0,0,0,0,0,0,0,0,false,0,0,0,0,0,0,0,0,false,0,false,false,true,false,8755083274795359823,3174135720341469557,true
coverage-correction-v2-blocked-late-return-s1211-m0-r0-t2-c1-l4-d0-tr0-a6,CJ-B,micro,dense_return_topology,16723810723943575368,1211,false,false,2,1,4,0,0,6,true,true,120,16,23,9,9,6,240,LOWER_BOUND,1024,7,2,0,0,0,2,2,1,1,2,1,false,3,2,1,1,0,0,0,0,true,0,false,false,true,false,3800809569191794723,220392661679749133,true
coverage-correction-v2-timing-transfer-s1211-m0-r0-t2-c1-l4-d-1-tr0-a2,CJ-B,micro,timing_transfer,18142177106911492891,1211,false,false,2,1,4,-1,0,2,true,false,48,14,2,7,7,2,80,LOWER_BOUND,272,2,0,0,0,1,2,3,1,0,2,1,false,0,0,0,0,0,0,0,0,false,0,false,false,true,false,3000493208040180692,8599072562664236621,true
coverage-correction-v2-timing-transfer-s1211-m0-r0-t2-c1-l4-d0-tr0-a2,CJ-B,micro,timing_transfer,1300498446031740531,1211,false,false,2,1,4,0,0,2,true,false,48,35,2,9,9,2,80,LOWER_BOUND,272,2,0,0,0,1,4,3,1,1,4,2,false,0,0,0,0,0,0,0,1,false,0,true,false,true,false,14231816604955051683,8599072562664236621,true
coverage-correction-v2-timing-transfer-s1211-m0-r0-t2-c1-l4-d1-tr0-a2,CJ-B,micro,timing_transfer,15950745891371559233,1211,false,false,2,1,4,1,0,2,true,false,48,14,2,7,7,2,80,LOWER_BOUND,272,2,0,0,0,1,2,3,1,0,2,1,false,0,0,0,0,0,0,0,0,false,0,false,false,true,false,5043150343114584468,8599072562664236621,true
coverage-correction-v2-timing-transfer-s1211-m0-r0-t2-c1-l4-d2-tr0-a2,CJ-B,micro,timing_transfer,8297733974492316419,1211,false,false,2,1,4,2,0,2,true,false,48,14,2,7,7,2,80,LOWER_BOUND,272,2,0,0,0,1,2,3,1,0,2,1,false,0,0,0,0,0,0,0,0,false,0,false,false,true,false,7080153955720894031,8599072562664236621,true
coverage-correction-v2-timing-transfer-s1211-m0-r0-t2-c1-l4-d3-tr0-a2,CJ-B,micro,timing_transfer,13609953314691369869,1211,false,false,2,1,4,3,0,2,true,false,48,14,2,7,7,2,80,LOWER_BOUND,272,2,0,0,0,1,2,3,1,0,2,1,false,0,0,0,0,0,0,0,0,false,0,false,false,true,false,14552210245674300390,8599072562664236621,true
coverage-correction-v2-timing-transfer-s1211-m0-r0-t2-c1-l4-d4-tr0-a2,CJ-B,micro,timing_transfer,7260269683613008907,1211,false,false,2,1,4,4,0,2,true,false,48,14,2,7,7,2,80,LOWER_BOUND,272,2,0,0,0,1,2,3,1,0,2,1,false,0,0,0,0,0,0,0,0,false,0,false,false,true,false,17800178299775956625,8599072562664236621,true
coverage-correction-v2-timing-transfer-s1211-m0-r0-t2-c1-l4-d5-tr0-a2,CJ-B,micro,timing_transfer,2867463179265756785,1211,false,false,2,1,4,5,0,2,true,false,48,14,2,7,7,2,80,LOWER_BOUND,272,2,0,0,0,1,2,3,1,0,2,1,false,0,0,0,0,0,0,0,0,false,0,false,false,true,false,3101723356827857216,8599072562664236621,true
coverage-correction-v2-timing-transfer-s1211-m0-r0-t2-c1-l4-d-1-tr2-a2,CJ-B,micro,timing_transfer,18373730883088126695,1211,false,false,2,1,4,-1,2,2,true,false,25,14,2,5,5,2,80,LOWER_BOUND,272,2,0,0,0,0,0,2,0,0,0,0,false,0,0,0,0,0,0,0,0,false,0,false,false,true,false,6959686871914900966,11306055796102147191,true
coverage-correction-v2-timing-transfer-s1211-m0-r0-t2-c1-l4-d0-tr2-a2,CJ-B,micro,timing_transfer,13400630676716822143,1211,false,false,2,1,4,0,2,2,true,false,25,35,2,7,7,2,80,LOWER_BOUND,272,2,0,0,0,0,2,2,0,1,2,1,false,0,0,0,0,0,0,0,1,false,0,true,false,true,false,13752017776450741671,11306055796102147191,true
coverage-correction-v2-timing-transfer-s1211-m0-r0-t2-c1-l4-d1-tr2-a2,CJ-B,micro,timing_transfer,4707192882193807737,1211,false,false,2,1,4,1,2,2,true,false,25,14,2,5,5,2,80,LOWER_BOUND,272,2,0,0,0,0,0,2,0,0,0,0,false,0,0,0,0,0,0,0,0,false,0,false,false,true,false,7592435613555431846,11306055796102147191,true
coverage-correction-v2-timing-transfer-s1211-m0-r0-t2-c1-l4-d2-tr2-a2,CJ-B,micro,timing_transfer,3036442112703088295,1211,false,false,2,1,4,2,2,2,true,false,25,14,2,5,5,2,80,LOWER_BOUND,272,2,0,0,0,0,0,2,0,0,0,0,false,0,0,0,0,0,0,0,0,false,0,false,false,true,false,16780929527007571477,11306055796102147191,true
coverage-correction-v2-timing-transfer-s1211-m0-r0-t2-c1-l4-d3-tr2-a2,CJ-B,micro,timing_transfer,811274087459565397,1211,false,false,2,1,4,3,2,2,true,false,25,14,2,5,5,2,80,LOWER_BOUND,272,2,0,0,0,0,0,2,0,0,0,0,false,0,0,0,0,0,0,0,0,false,0,false,false,true,false,1099460827966503848,11306055796102147191,true
coverage-correction-v2-timing-transfer-s1211-m0-r0-t2-c1-l4-d4-tr2-a2,CJ-B,micro,timing_transfer,5836071076421684367,1211,false,false,2,1,4,4,2,2,true,false,25,14,2,5,5,2,80,LOWER_BOUND,272,2,0,0,0,0,0,2,0,0,0,0,false,0,0,0,0,0,0,0,0,false,0,false,false,true,false,8229634171202334135,11306055796102147191,true
coverage-correction-v2-timing-transfer-s1211-m0-r0-t2-c1-l4-d5-tr2-a2,CJ-B,micro,timing_transfer,15496086689034396185,1211,false,false,2,1,4,5,2,2,true,false,25,14,2,5,5,2,80,LOWER_BOUND,272,2,0,0,0,0,0,2,0,0,0,0,false,0,0,0,0,0,0,0,0,false,0,false,false,true,false,17492433830085807954,11306055796102147191,true
coverage-correction-v2-timing-transfer-s1211-m0-r0-t2-c1-l4-d-1-tr4-a2,CJ-B,micro,timing_transfer,6357619991783387051,1211,false,false,2,1,4,-1,4,2,true,false,25,14,2,5,5,2,80,LOWER_BOUND,272,2,0,0,0,0,0,2,0,0,0,0,false,0,0,0,0,0,0,0,0,false,0,false,false,true,false,6959686871914900966,11306055796102147191,true
coverage-correction-v2-timing-transfer-s1211-m0-r0-t2-c1-l4-d0-tr4-a2,CJ-B,micro,timing_transfer,8828207179220906467,1211,false,false,2,1,4,0,4,2,true,false,25,35,2,7,7,2,80,LOWER_BOUND,272,2,0,0,0,0,2,2,0,1,2,1,false,0,0,0,0,0,0,0,1,false,0,true,false,true,false,13752017776450741671,11306055796102147191,true
coverage-correction-v2-timing-transfer-s1211-m0-r0-t2-c1-l4-d1-tr4-a2,CJ-B,micro,timing_transfer,17917960352778139353,1211,false,false,2,1,4,1,4,2,true,false,25,14,2,5,5,2,80,LOWER_BOUND,272,2,0,0,0,0,0,2,0,0,0,0,false,0,0,0,0,0,0,0,0,false,0,false,false,true,false,7592435613555431846,11306055796102147191,true
coverage-correction-v2-timing-transfer-s1211-m0-r0-t2-c1-l4-d2-tr4-a2,CJ-B,micro,timing_transfer,13476469829291437819,1211,false,false,2,1,4,2,4,2,true,false,25,14,2,5,5,2,80,LOWER_BOUND,272,2,0,0,0,0,0,2,0,0,0,0,false,0,0,0,0,0,0,0,0,false,0,false,false,true,false,16780929527007571477,11306055796102147191,true
coverage-correction-v2-timing-transfer-s1211-m0-r0-t2-c1-l4-d3-tr4-a2,CJ-B,micro,timing_transfer,8852203063322444165,1211,false,false,2,1,4,3,4,2,true,false,25,14,2,5,5,2,80,LOWER_BOUND,272,2,0,0,0,0,0,2,0,0,0,0,false,0,0,0,0,0,0,0,0,false,0,false,false,true,false,1099460827966503848,11306055796102147191,true
coverage-correction-v2-timing-transfer-s1211-m0-r0-t2-c1-l4-d4-tr4-a2,CJ-B,micro,timing_transfer,11782863254407330171,1211,false,false,2,1,4,4,4,2,true,false,25,14,2,5,5,2,80,LOWER_BOUND,272,2,0,0,0,0,0,2,0,0,0,0,false,0,0,0,0,0,0,0,0,false,0,false,false,true,false,8229634171202334135,11306055796102147191,true
coverage-correction-v2-timing-transfer-s1211-m0-r0-t2-c1-l4-d5-tr4-a2,CJ-B,micro,timing_transfer,1251772088347353529,1211,false,false,2,1,4,5,4,2,true,false,25,14,2,5,5,2,80,LOWER_BOUND,272,2,0,0,0,0,0,2,0,0,0,0,false,0,0,0,0,0,0,0,0,false,0,false,false,true,false,17492433830085807954,11306055796102147191,true
coverage-correction-v2-contemporary-reversal-s1211-m0-r0-t2-c1-l4-d0-tr0-a2,CJ-B,micro,shared_control,10610496607319929629,1211,false,false,2,1,4,0,0,2,true,true,420,130,38,33,33,4,160,LOWER_BOUND,912,9,2,3,3,8,16,13,2,2,16,8,false,1,5,1,2,548,5,43,0,false,0,true,false,true,false,4149463960902481414,15480153955996934599,false
coverage-correction-v2-burst-4-s1211-m0-r0-t2-c2-l0-d1-tr0-a2,CJ-B,micro,same_source_bursts,18196513351909379844,1211,false,false,2,2,0,1,0,2,false,false,0,140,18,12,12,4,160,LOWER_BOUND,272,2,0,0,0,6,8,0,4,4,8,4,true,0,0,0,0,0,0,0,0,false,0,false,false,true,false,12064726026790379500,5247076052052245360,false
coverage-correction-v2-blocked-late-return-s1211-m0-r0-t2-c2-l0-d0-tr0-a6,CJ-B,micro,dense_return_topology,11334438902592470084,1211,false,false,2,2,0,0,0,6,true,true,50,46,1,7,7,2,80,LOWER_BOUND,832,7,2,0,0,0,4,2,1,1,4,2,false,3,2,2,2,0,0,0,0,true,0,false,false,true,false,11097356426618119577,9069658550789197513,true
coverage-correction-v2-timing-transfer-s1211-m0-r0-t2-c2-l0-d-1-tr0-a2,CJ-B,micro,timing_transfer,7510769691660092403,1211,false,false,2,2,0,-1,0,2,true,false,70,37,4,11,11,2,80,LOWER_BOUND,272,2,0,0,0,3,6,4,1,1,6,3,false,0,0,0,0,0,0,0,1,false,0,true,false,true,false,3169899933279819500,2679622930451732023,true
coverage-correction-v2-timing-transfer-s1211-m0-r0-t2-c2-l0-d0-tr0-a2,CJ-B,micro,timing_transfer,3415986926145495133,1211,false,false,2,2,0,0,0,2,true,false,70,35,2,11,11,2,80,LOWER_BOUND,272,2,0,0,0,2,6,4,1,1,6,3,false,0,0,0,0,0,0,0,1,false,0,true,false,true,false,8278683867472259620,14897335135949085280,true
coverage-correction-v2-timing-transfer-s1211-m0-r0-t2-c2-l0-d1-tr0-a2,CJ-B,micro,timing_transfer,17849640640803277763,1211,false,false,2,2,0,1,0,2,true,false,70,34,2,11,11,2,80,LOWER_BOUND,272,2,0,0,0,2,6,4,1,1,6,3,false,0,0,0,0,0,0,0,1,false,0,true,false,true,false,5592933607405933113,14897335135949085280,true
coverage-correction-v2-timing-transfer-s1211-m0-r0-t2-c2-l0-d2-tr0-a2,CJ-B,micro,timing_transfer,7909218858846926521,1211,false,false,2,2,0,2,0,2,true,false,70,34,2,11,11,2,80,LOWER_BOUND,272,2,0,0,0,2,6,4,1,1,6,3,false,0,0,0,0,0,0,0,1,false,0,true,false,true,false,7500543309382887378,14897335135949085280,true
coverage-correction-v2-timing-transfer-s1211-m0-r0-t2-c2-l0-d3-tr0-a2,CJ-B,micro,timing_transfer,6736904240161811379,1211,false,false,2,2,0,3,0,2,true,false,70,34,2,11,11,2,80,LOWER_BOUND,272,2,0,0,0,2,6,4,1,1,6,3,false,0,0,0,0,0,0,0,1,false,0,true,false,true,false,4564259416947881079,14897335135949085280,true
coverage-correction-v2-timing-transfer-s1211-m0-r0-t2-c2-l0-d4-tr0-a2,CJ-B,micro,timing_transfer,9160302120143912917,1211,false,false,2,2,0,4,0,2,true,false,70,34,2,11,11,2,80,LOWER_BOUND,272,2,0,0,0,2,6,4,1,1,6,3,false,0,0,0,0,0,0,0,1,false,0,true,false,true,false,12808352860906902232,14897335135949085280,true
coverage-correction-v2-timing-transfer-s1211-m0-r0-t2-c2-l0-d5-tr0-a2,CJ-B,micro,timing_transfer,5777402683068118443,1211,false,false,2,2,0,5,0,2,true,false,70,34,2,11,11,2,80,LOWER_BOUND,272,2,0,0,0,2,6,4,1,1,6,3,false,0,0,0,0,0,0,0,1,false,0,true,false,true,false,17544920375691219421,14897335135949085280,true
coverage-correction-v2-timing-transfer-s1211-m0-r0-t2-c2-l0-d-1-tr2-a2,CJ-B,micro,timing_transfer,14913894717633592371,1211,false,false,2,2,0,-1,2,2,true,false,69,37,4,11,11,2,80,LOWER_BOUND,272,2,0,0,0,3,6,4,1,1,6,3,false,0,0,0,0,0,0,0,1,false,0,true,false,true,false,3169899933279819500,2679622930451732023,true
coverage-correction-v2-timing-transfer-s1211-m0-r0-t2-c2-l0-d0-tr2-a2,CJ-B,micro,timing_transfer,5153827445691831093,1211,false,false,2,2,0,0,2,2,true,false,69,35,2,11,11,2,80,LOWER_BOUND,272,2,0,0,0,2,6,4,1,1,6,3,false,0,0,0,0,0,0,0,1,false,0,true,false,true,false,8278683867472259620,14897335135949085280,true
coverage-correction-v2-timing-transfer-s1211-m0-r0-t2-c2-l0-d1-tr2-a2,CJ-B,micro,timing_transfer,17399970610762853631,1211,false,false,2,2,0,1,2,2,true,false,69,34,2,11,11,2,80,LOWER_BOUND,272,2,0,0,0,2,6,4,1,1,6,3,false,0,0,0,0,0,0,0,1,false,0,true,false,true,false,5592933607405933113,14897335135949085280,true
coverage-correction-v2-timing-transfer-s1211-m0-r0-t2-c2-l0-d2-tr2-a2,CJ-B,micro,timing_transfer,16158974544280370753,1211,false,false,2,2,0,2,2,2,true,false,69,34,2,11,11,2,80,LOWER_BOUND,272,2,0,0,0,2,6,4,1,1,6,3,false,0,0,0,0,0,0,0,1,false,0,true,false,true,false,7500543309382887378,14897335135949085280,true
coverage-correction-v2-timing-transfer-s1211-m0-r0-t2-c2-l0-d3-tr2-a2,CJ-B,micro,timing_transfer,11625168448879589079,1211,false,false,2,2,0,3,2,2,true,false,69,34,2,11,11,2,80,LOWER_BOUND,272,2,0,0,0,2,6,4,1,1,6,3,false,0,0,0,0,0,0,0,1,false,0,true,false,true,false,4564259416947881079,14897335135949085280,true
coverage-correction-v2-timing-transfer-s1211-m0-r0-t2-c2-l0-d4-tr2-a2,CJ-B,micro,timing_transfer,5126271006185847517,1211,false,false,2,2,0,4,2,2,true,false,69,34,2,11,11,2,80,LOWER_BOUND,272,2,0,0,0,2,6,4,1,1,6,3,false,0,0,0,0,0,0,0,1,false,0,true,false,true,false,12808352860906902232,14897335135949085280,true
coverage-correction-v2-timing-transfer-s1211-m0-r0-t2-c2-l0-d5-tr2-a2,CJ-B,micro,timing_transfer,14347038486763367951,1211,false,false,2,2,0,5,2,2,true,false,69,34,2,11,11,2,80,LOWER_BOUND,272,2,0,0,0,2,6,4,1,1,6,3,false,0,0,0,0,0,0,0,1,false,0,true,false,true,false,17544920375691219421,14897335135949085280,true
coverage-correction-v2-timing-transfer-s1211-m0-r0-t2-c2-l0-d-1-tr4-a2,CJ-B,micro,timing_transfer,1134646656543767155,1211,false,false,2,2,0,-1,4,2,true,false,69,37,4,11,11,2,80,LOWER_BOUND,272,2,0,0,0,3,6,4,1,1,6,3,false,0,0,0,0,0,0,0,1,false,0,true,false,true,false,3169899933279819500,2679622930451732023,true
coverage-correction-v2-timing-transfer-s1211-m0-r0-t2-c2-l0-d0-tr4-a2,CJ-B,micro,timing_transfer,807785718344356805,1211,false,false,2,2,0,0,4,2,true,false,69,35,2,11,11,2,80,LOWER_BOUND,272,2,0,0,0,2,6,4,1,1,6,3,false,0,0,0,0,0,0,0,1,false,0,true,false,true,false,8278683867472259620,14897335135949085280,true
coverage-correction-v2-timing-transfer-s1211-m0-r0-t2-c2-l0-d1-tr4-a2,CJ-B,micro,timing_transfer,5670028400023187627,1211,false,false,2,2,0,1,4,2,true,false,69,34,2,11,11,2,80,LOWER_BOUND,272,2,0,0,0,2,6,4,1,1,6,3,false,0,0,0,0,0,0,0,1,false,0,true,false,true,false,5592933607405933113,14897335135949085280,true
coverage-correction-v2-timing-transfer-s1211-m0-r0-t2-c2-l0-d2-tr4-a2,CJ-B,micro,timing_transfer,16977363006484865921,1211,false,false,2,2,0,2,4,2,true,false,69,34,2,11,11,2,80,LOWER_BOUND,272,2,0,0,0,2,6,4,1,1,6,3,false,0,0,0,0,0,0,0,1,false,0,true,false,true,false,7500543309382887378,14897335135949085280,true
coverage-correction-v2-timing-transfer-s1211-m0-r0-t2-c2-l0-d3-tr4-a2,CJ-B,micro,timing_transfer,10990059080219971203,1211,false,false,2,2,0,3,4,2,true,false,69,34,2,11,11,2,80,LOWER_BOUND,272,2,0,0,0,2,6,4,1,1,6,3,false,0,0,0,0,0,0,0,1,false,0,true,false,true,false,4564259416947881079,14897335135949085280,true
coverage-correction-v2-timing-transfer-s1211-m0-r0-t2-c2-l0-d4-tr4-a2,CJ-B,micro,timing_transfer,1979925110522426605,1211,false,false,2,2,0,4,4,2,true,false,69,34,2,11,11,2,80,LOWER_BOUND,272,2,0,0,0,2,6,4,1,1,6,3,false,0,0,0,0,0,0,0,1,false,0,true,false,true,false,12808352860906902232,14897335135949085280,true
coverage-correction-v2-timing-transfer-s1211-m0-r0-t2-c2-l0-d5-tr4-a2,CJ-B,micro,timing_transfer,1496120009564165635,1211,false,false,2,2,0,5,4,2,true,false,69,34,2,11,11,2,80,LOWER_BOUND,272,2,0,0,0,2,6,4,1,1,6,3,false,0,0,0,0,0,0,0,1,false,0,true,false,true,false,17544920375691219421,14897335135949085280,true
coverage-correction-v2-contemporary-reversal-s1211-m0-r0-t2-c2-l0-d0-tr0-a2,CJ-B,micro,shared_control,9040042833097724777,1211,false,false,2,2,0,0,0,2,true,true,454,130,43,35,35,4,160,LOWER_BOUND,912,9,2,3,3,9,18,13,3,2,18,9,false,1,5,2,2,582,7,41,0,false,0,true,false,true,false,4602113630646905759,5107028585143696100,false
coverage-correction-v2-burst-4-s1211-m0-r0-t2-c2-l4-d1-tr0-a2,CJ-B,micro,same_source_bursts,15555712510258516388,1211,false,false,2,2,4,1,0,2,false,false,0,140,18,12,12,4,160,LOWER_BOUND,272,2,0,0,0,6,8,0,4,4,8,4,true,0,0,0,0,0,0,0,0,false,0,false,false,true,false,12064726026790379500,5247076052052245360,false
coverage-correction-v2-blocked-late-return-s1211-m0-r0-t2-c2-l4-d0-tr0-a6,CJ-B,micro,dense_return_topology,13614103277741471204,1211,false,false,2,2,4,0,0,6,true,true,120,46,23,11,11,6,240,LOWER_BOUND,1024,7,2,0,0,0,4,2,1,1,4,2,false,3,2,2,2,0,0,0,0,true,0,false,false,true,false,11587497929215950575,12815149890682451203,true
coverage-correction-v2-timing-transfer-s1211-m0-r0-t2-c2-l4-d-1-tr0-a2,CJ-B,micro,timing_transfer,8121419809958157787,1211,false,false,2,2,4,-1,0,2,true,false,70,37,4,11,11,2,80,LOWER_BOUND,272,2,0,0,0,3,6,4,1,1,6,3,false,0,0,0,0,0,0,0,1,false,0,true,false,true,false,3169899933279819500,2679622930451732023,true
coverage-correction-v2-timing-transfer-s1211-m0-r0-t2-c2-l4-d0-tr0-a2,CJ-B,micro,timing_transfer,7789307483147419213,1211,false,false,2,2,4,0,0,2,true,false,70,35,2,11,11,2,80,LOWER_BOUND,272,2,0,0,0,2,6,4,1,1,6,3,false,0,0,0,0,0,0,0,1,false,0,true,false,true,false,8278683867472259620,14897335135949085280,true
coverage-correction-v2-timing-transfer-s1211-m0-r0-t2-c2-l4-d1-tr0-a2,CJ-B,micro,timing_transfer,14962309648850195075,1211,false,false,2,2,4,1,0,2,true,false,70,34,2,11,11,2,80,LOWER_BOUND,272,2,0,0,0,2,6,4,1,1,6,3,false,0,0,0,0,0,0,0,1,false,0,true,false,true,false,5592933607405933113,14897335135949085280,true
coverage-correction-v2-timing-transfer-s1211-m0-r0-t2-c2-l4-d2-tr0-a2,CJ-B,micro,timing_transfer,8415507853343719553,1211,false,false,2,2,4,2,0,2,true,false,70,34,2,11,11,2,80,LOWER_BOUND,272,2,0,0,0,2,6,4,1,1,6,3,false,0,0,0,0,0,0,0,1,false,0,true,false,true,false,7500543309382887378,14897335135949085280,true
coverage-correction-v2-timing-transfer-s1211-m0-r0-t2-c2-l4-d3-tr0-a2,CJ-B,micro,timing_transfer,4132356755442724979,1211,false,false,2,2,4,3,0,2,true,false,70,34,2,11,11,2,80,LOWER_BOUND,272,2,0,0,0,2,6,4,1,1,6,3,false,0,0,0,0,0,0,0,1,false,0,true,false,true,false,4564259416947881079,14897335135949085280,true
coverage-correction-v2-timing-transfer-s1211-m0-r0-t2-c2-l4-d4-tr0-a2,CJ-B,micro,timing_transfer,9583631659718750165,1211,false,false,2,2,4,4,0,2,true,false,70,34,2,11,11,2,80,LOWER_BOUND,272,2,0,0,0,2,6,4,1,1,6,3,false,0,0,0,0,0,0,0,1,false,0,true,false,true,false,12808352860906902232,14897335135949085280,true
coverage-correction-v2-timing-transfer-s1211-m0-r0-t2-c2-l4-d5-tr0-a2,CJ-B,micro,timing_transfer,9529978794343620667,1211,false,false,2,2,4,5,0,2,true,false,70,34,2,11,11,2,80,LOWER_BOUND,272,2,0,0,0,2,6,4,1,1,6,3,false,0,0,0,0,0,0,0,1,false,0,true,false,true,false,17544920375691219421,14897335135949085280,true
coverage-correction-v2-timing-transfer-s1211-m0-r0-t2-c2-l4-d-1-tr2-a2,CJ-B,micro,timing_transfer,8364980896257820427,1211,false,false,2,2,4,-1,2,2,true,false,69,37,4,11,11,2,80,LOWER_BOUND,272,2,0,0,0,3,6,4,1,1,6,3,false,0,0,0,0,0,0,0,1,false,0,true,false,true,false,3169899933279819500,2679622930451732023,true
coverage-correction-v2-timing-transfer-s1211-m0-r0-t2-c2-l4-d0-tr2-a2,CJ-B,micro,timing_transfer,9943002071444948021,1211,false,false,2,2,4,0,2,2,true,false,69,35,2,11,11,2,80,LOWER_BOUND,272,2,0,0,0,2,6,4,1,1,6,3,false,0,0,0,0,0,0,0,1,false,0,true,false,true,false,8278683867472259620,14897335135949085280,true
coverage-correction-v2-timing-transfer-s1211-m0-r0-t2-c2-l4-d1-tr2-a2,CJ-B,micro,timing_transfer,9163695871654673703,1211,false,false,2,2,4,1,2,2,true,false,69,34,2,11,11,2,80,LOWER_BOUND,272,2,0,0,0,2,6,4,1,1,6,3,false,0,0,0,0,0,0,0,1,false,0,true,false,true,false,5592933607405933113,14897335135949085280,true
coverage-correction-v2-timing-transfer-s1211-m0-r0-t2-c2-l4-d2-tr2-a2,CJ-B,micro,timing_transfer,1194374357129420857,1211,false,false,2,2,4,2,2,2,true,false,69,34,2,11,11,2,80,LOWER_BOUND,272,2,0,0,0,2,6,4,1,1,6,3,false,0,0,0,0,0,0,0,1,false,0,true,false,true,false,7500543309382887378,14897335135949085280,true
coverage-correction-v2-timing-transfer-s1211-m0-r0-t2-c2-l4-d3-tr2-a2,CJ-B,micro,timing_transfer,7813736513644004735,1211,false,false,2,2,4,3,2,2,true,false,69,34,2,11,11,2,80,LOWER_BOUND,272,2,0,0,0,2,6,4,1,1,6,3,false,0,0,0,0,0,0,0,1,false,0,true,false,true,false,4564259416947881079,14897335135949085280,true
coverage-correction-v2-timing-transfer-s1211-m0-r0-t2-c2-l4-d4-tr2-a2,CJ-B,micro,timing_transfer,12277209528486824397,1211,false,false,2,2,4,4,2,2,true,false,69,34,2,11,11,2,80,LOWER_BOUND,272,2,0,0,0,2,6,4,1,1,6,3,false,0,0,0,0,0,0,0,1,false,0,true,false,true,false,12808352860906902232,14897335135949085280,true
coverage-correction-v2-timing-transfer-s1211-m0-r0-t2-c2-l4-d5-tr2-a2,CJ-B,micro,timing_transfer,14317143257634354551,1211,false,false,2,2,4,5,2,2,true,false,69,34,2,11,11,2,80,LOWER_BOUND,272,2,0,0,0,2,6,4,1,1,6,3,false,0,0,0,0,0,0,0,1,false,0,true,false,true,false,17544920375691219421,14897335135949085280,true
coverage-correction-v2-timing-transfer-s1211-m0-r0-t2-c2-l4-d-1-tr4-a2,CJ-B,micro,timing_transfer,16589496374508289963,1211,false,false,2,2,4,-1,4,2,true,false,69,37,4,11,11,2,80,LOWER_BOUND,272,2,0,0,0,3,6,4,1,1,6,3,false,0,0,0,0,0,0,0,1,false,0,true,false,true,false,3169899933279819500,2679622930451732023,true
coverage-correction-v2-timing-transfer-s1211-m0-r0-t2-c2-l4-d0-tr4-a2,CJ-B,micro,timing_transfer,9582360953795820101,1211,false,false,2,2,4,0,4,2,true,false,69,35,2,11,11,2,80,LOWER_BOUND,272,2,0,0,0,2,6,4,1,1,6,3,false,0,0,0,0,0,0,0,1,false,0,true,false,true,false,8278683867472259620,14897335135949085280,true
coverage-correction-v2-timing-transfer-s1211-m0-r0-t2-c2-l4-d1-tr4-a2,CJ-B,micro,timing_transfer,13401354459746283131,1211,false,false,2,2,4,1,4,2,true,false,69,34,2,11,11,2,80,LOWER_BOUND,272,2,0,0,0,2,6,4,1,1,6,3,false,0,0,0,0,0,0,0,1,false,0,true,false,true,false,5592933607405933113,14897335135949085280,true
coverage-correction-v2-timing-transfer-s1211-m0-r0-t2-c2-l4-d2-tr4-a2,CJ-B,micro,timing_transfer,16322383060801547065,1211,false,false,2,2,4,2,4,2,true,false,69,34,2,11,11,2,80,LOWER_BOUND,272,2,0,0,0,2,6,4,1,1,6,3,false,0,0,0,0,0,0,0,1,false,0,true,false,true,false,7500543309382887378,14897335135949085280,true
coverage-correction-v2-timing-transfer-s1211-m0-r0-t2-c2-l4-d3-tr4-a2,CJ-B,micro,timing_transfer,3660848467788709603,1211,false,false,2,2,4,3,4,2,true,false,69,34,2,11,11,2,80,LOWER_BOUND,272,2,0,0,0,2,6,4,1,1,6,3,false,0,0,0,0,0,0,0,1,false,0,true,false,true,false,4564259416947881079,14897335135949085280,true
coverage-correction-v2-timing-transfer-s1211-m0-r0-t2-c2-l4-d4-tr4-a2,CJ-B,micro,timing_transfer,13946147967641224093,1211,false,false,2,2,4,4,4,2,true,false,69,34,2,11,11,2,80,LOWER_BOUND,272,2,0,0,0,2,6,4,1,1,6,3,false,0,0,0,0,0,0,0,1,false,0,true,false,true,false,12808352860906902232,14897335135949085280,true
coverage-correction-v2-timing-transfer-s1211-m0-r0-t2-c2-l4-d5-tr4-a2,CJ-B,micro,timing_transfer,3436607656167952259,1211,false,false,2,2,4,5,4,2,true,false,69,34,2,11,11,2,80,LOWER_BOUND,272,2,0,0,0,2,6,4,1,1,6,3,false,0,0,0,0,0,0,0,1,false,0,true,false,true,false,17544920375691219421,14897335135949085280,true
coverage-correction-v2-contemporary-reversal-s1211-m0-r0-t2-c2-l4-d0-tr0-a2,CJ-B,micro,shared_control,4715758173777089153,1211,false,false,2,2,4,0,0,2,true,true,454,130,43,35,35,4,160,LOWER_BOUND,912,9,2,3,3,9,18,13,3,2,18,9,false,1,5,2,2,582,7,41,0,false,0,true,false,true,false,4602113630646905759,5107028585143696100,false
coverage-correction-v2-burst-4-s1211-m0-r0-t3-c1-l0-d1-tr0-a2,CJ-B,micro,same_source_bursts,2740035958635698538,1211,false,false,3,1,0,1,0,2,false,false,0,42,6,4,4,4,160,LOWER_BOUND,272,2,0,0,0,0,0,0,0,0,0,0,false,0,0,0,0,0,0,0,0,false,0,false,false,true,false,9280254325397336062,4351097623407928108,true
coverage-correction-v2-blocked-late-return-s1211-m0-r0-t3-c1-l0-d0-tr0-a6,CJ-B,micro,dense_return_topology,9169031048583895662,1211,false,false,3,1,0,0,0,6,true,true,51,16,1,5,5,2,80,LOWER_BOUND,832,7,2,0,0,0,2,2,1,1,2,1,false,3,2,1,1,0,0,0,0,true,0,false,false,true,false,11099254656687957310,11126146860692588812,true
coverage-correction-v2-timing-transfer-s1211-m0-r0-t3-c1-l0-d-1-tr0-a2,CJ-B,micro,timing_transfer,6634303213505480781,1211,false,false,3,1,0,-1,0,2,true,false,49,14,2,7,7,2,80,LOWER_BOUND,272,2,0,0,0,1,2,3,1,0,2,1,false,0,0,0,0,0,0,0,0,false,0,false,false,true,false,10612442505579413360,13995237243923343800,true
coverage-correction-v2-timing-transfer-s1211-m0-r0-t3-c1-l0-d0-tr0-a2,CJ-B,micro,timing_transfer,11111539283216275051,1211,false,false,3,1,0,0,0,2,true,false,49,36,2,9,9,2,80,LOWER_BOUND,272,2,0,0,0,1,4,3,1,1,4,2,false,0,0,0,0,0,0,0,1,false,0,true,false,true,false,4543022073038175070,13995237243923343800,true
coverage-correction-v2-timing-transfer-s1211-m0-r0-t3-c1-l0-d1-tr0-a2,CJ-B,micro,timing_transfer,12703460515404594445,1211,false,false,3,1,0,1,0,2,true,false,49,14,2,7,7,2,80,LOWER_BOUND,272,2,0,0,0,1,2,3,1,0,2,1,false,0,0,0,0,0,0,0,0,false,0,false,false,true,false,11014542995361472498,13995237243923343800,true
coverage-correction-v2-timing-transfer-s1211-m0-r0-t3-c1-l0-d2-tr0-a2,CJ-B,micro,timing_transfer,17832096559560409071,1211,false,false,3,1,0,2,0,2,true,false,49,14,2,7,7,2,80,LOWER_BOUND,272,2,0,0,0,1,2,3,1,0,2,1,false,0,0,0,0,0,0,0,0,false,0,false,false,true,false,17133151838616639070,13995237243923343800,true
coverage-correction-v2-timing-transfer-s1211-m0-r0-t3-c1-l0-d3-tr0-a2,CJ-B,micro,timing_transfer,3178657267891155573,1211,false,false,3,1,0,3,0,2,true,false,49,14,2,7,7,2,80,LOWER_BOUND,272,2,0,0,0,1,2,3,1,0,2,1,false,0,0,0,0,0,0,0,0,false,0,false,false,true,false,17765153733234465611,13995237243923343800,true
coverage-correction-v2-timing-transfer-s1211-m0-r0-t3-c1-l0-d4-tr0-a2,CJ-B,micro,timing_transfer,6770258547690955747,1211,false,false,3,1,0,4,0,2,true,false,49,14,2,7,7,2,80,LOWER_BOUND,272,2,0,0,0,1,2,3,1,0,2,1,false,0,0,0,0,0,0,0,0,false,0,false,false,true,false,15506719161080055452,13995237243923343800,true
coverage-correction-v2-timing-transfer-s1211-m0-r0-t3-c1-l0-d5-tr0-a2,CJ-B,micro,timing_transfer,9138465535107276085,1211,false,false,3,1,0,5,0,2,true,false,49,14,2,7,7,2,80,LOWER_BOUND,272,2,0,0,0,1,2,3,1,0,2,1,false,0,0,0,0,0,0,0,0,false,0,false,false,true,false,6838775124587362521,13995237243923343800,true
coverage-correction-v2-timing-transfer-s1211-m0-r0-t3-c1-l0-d-1-tr2-a2,CJ-B,micro,timing_transfer,11200123884084157221,1211,false,false,3,1,0,-1,2,2,true,false,25,14,2,5,5,2,80,LOWER_BOUND,272,2,0,0,0,0,0,2,0,0,0,0,false,0,0,0,0,0,0,0,0,false,0,false,false,true,false,8576763850365072730,13635215357710459446,true
coverage-correction-v2-timing-transfer-s1211-m0-r0-t3-c1-l0-d0-tr2-a2,CJ-B,micro,timing_transfer,8138863727588066251,1211,false,false,3,1,0,0,2,2,true,false,25,36,2,7,7,2,80,LOWER_BOUND,272,2,0,0,0,0,2,2,0,1,2,1,false,0,0,0,0,0,0,0,1,false,0,true,false,true,false,18011190131142585462,13635215357710459446,true
coverage-correction-v2-timing-transfer-s1211-m0-r0-t3-c1-l0-d1-tr2-a2,CJ-B,micro,timing_transfer,18167938980428743681,1211,false,false,3,1,0,1,2,2,true,false,25,14,2,5,5,2,80,LOWER_BOUND,272,2,0,0,0,0,0,2,0,0,0,0,false,0,0,0,0,0,0,0,0,false,0,false,false,true,false,3402824407912930808,13635215357710459446,true
coverage-correction-v2-timing-transfer-s1211-m0-r0-t3-c1-l0-d2-tr2-a2,CJ-B,micro,timing_transfer,17326784361208629455,1211,false,false,3,1,0,2,2,2,true,false,25,14,2,5,5,2,80,LOWER_BOUND,272,2,0,0,0,0,0,2,0,0,0,0,false,0,0,0,0,0,0,0,0,false,0,false,false,true,false,1824331541702453420,13635215357710459446,true
coverage-correction-v2-timing-transfer-s1211-m0-r0-t3-c1-l0-d3-tr2-a2,CJ-B,micro,timing_transfer,6744370963523503361,1211,false,false,3,1,0,3,2,2,true,false,25,14,2,5,5,2,80,LOWER_BOUND,272,2,0,0,0,0,0,2,0,0,0,0,false,0,0,0,0,0,0,0,0,false,0,false,false,true,false,9180274112319289973,13635215357710459446,true
coverage-correction-v2-timing-transfer-s1211-m0-r0-t3-c1-l0-d4-tr2-a2,CJ-B,micro,timing_transfer,10842513722996163827,1211,false,false,3,1,0,4,2,2,true,false,25,14,2,5,5,2,80,LOWER_BOUND,272,2,0,0,0,0,0,2,0,0,0,0,false,0,0,0,0,0,0,0,0,false,0,false,false,true,false,3305422086248781794,13635215357710459446,true
coverage-correction-v2-timing-transfer-s1211-m0-r0-t3-c1-l0-d5-tr2-a2,CJ-B,micro,timing_transfer,14391493350406794417,1211,false,false,3,1,0,5,2,2,true,false,25,14,2,5,5,2,80,LOWER_BOUND,272,2,0,0,0,0,0,2,0,0,0,0,false,0,0,0,0,0,0,0,0,false,0,false,false,true,false,16083008708808959515,13635215357710459446,true
coverage-correction-v2-timing-transfer-s1211-m0-r0-t3-c1-l0-d-1-tr4-a2,CJ-B,micro,timing_transfer,18265402876227518733,1211,false,false,3,1,0,-1,4,2,true,false,25,14,2,5,5,2,80,LOWER_BOUND,272,2,0,0,0,0,0,2,0,0,0,0,false,0,0,0,0,0,0,0,0,false,0,false,false,true,false,8576763850365072730,13635215357710459446,true
coverage-correction-v2-timing-transfer-s1211-m0-r0-t3-c1-l0-d0-tr4-a2,CJ-B,micro,timing_transfer,6945967522799717747,1211,false,false,3,1,0,0,4,2,true,false,25,36,2,7,7,2,80,LOWER_BOUND,272,2,0,0,0,0,2,2,0,1,2,1,false,0,0,0,0,0,0,0,1,false,0,true,false,true,false,18011190131142585462,13635215357710459446,true
coverage-correction-v2-timing-transfer-s1211-m0-r0-t3-c1-l0-d1-tr4-a2,CJ-B,micro,timing_transfer,13561237783677897013,1211,false,false,3,1,0,1,4,2,true,false,25,14,2,5,5,2,80,LOWER_BOUND,272,2,0,0,0,0,0,2,0,0,0,0,false,0,0,0,0,0,0,0,0,false,0,false,false,true,false,3402824407912930808,13635215357710459446,true
coverage-correction-v2-timing-transfer-s1211-m0-r0-t3-c1-l0-d2-tr4-a2,CJ-B,micro,timing_transfer,9166815216966064983,1211,false,false,3,1,0,2,4,2,true,false,25,14,2,5,5,2,80,LOWER_BOUND,272,2,0,0,0,0,0,2,0,0,0,0,false,0,0,0,0,0,0,0,0,false,0,false,false,true,false,1824331541702453420,13635215357710459446,true
coverage-correction-v2-timing-transfer-s1211-m0-r0-t3-c1-l0-d3-tr4-a2,CJ-B,micro,timing_transfer,163560772777443109,1211,false,false,3,1,0,3,4,2,true,false,25,14,2,5,5,2,80,LOWER_BOUND,272,2,0,0,0,0,0,2,0,0,0,0,false,0,0,0,0,0,0,0,0,false,0,false,false,true,false,9180274112319289973,13635215357710459446,true
coverage-correction-v2-timing-transfer-s1211-m0-r0-t3-c1-l0-d4-tr4-a2,CJ-B,micro,timing_transfer,1549349060463571931,1211,false,false,3,1,0,4,4,2,true,false,25,14,2,5,5,2,80,LOWER_BOUND,272,2,0,0,0,0,0,2,0,0,0,0,false,0,0,0,0,0,0,0,0,false,0,false,false,true,false,3305422086248781794,13635215357710459446,true
coverage-correction-v2-timing-transfer-s1211-m0-r0-t3-c1-l0-d5-tr4-a2,CJ-B,micro,timing_transfer,11834551080094474189,1211,false,false,3,1,0,5,4,2,true,false,25,14,2,5,5,2,80,LOWER_BOUND,272,2,0,0,0,0,0,2,0,0,0,0,false,0,0,0,0,0,0,0,0,false,0,false,false,true,false,16083008708808959515,13635215357710459446,true
coverage-correction-v2-contemporary-reversal-s1211-m0-r0-t3-c1-l0-d0-tr0-a2,CJ-B,micro,shared_control,1032082800016361647,1211,false,false,3,1,0,0,0,2,true,true,338,138,34,29,29,4,160,LOWER_BOUND,912,9,2,3,3,4,12,13,2,2,12,6,false,1,2,1,2,474,5,43,0,false,0,true,false,true,false,8670609267523105748,14647568536835583689,false
coverage-correction-v2-burst-4-s1211-m0-r0-t3-c1-l4-d1-tr0-a2,CJ-B,micro,same_source_bursts,17224103596898737130,1211,false,false,3,1,4,1,0,2,false,false,0,42,6,4,4,4,160,LOWER_BOUND,272,2,0,0,0,0,0,0,0,0,0,0,false,0,0,0,0,0,0,0,0,false,0,false,false,true,false,9280254325397336062,4351097623407928108,true
coverage-correction-v2-blocked-late-return-s1211-m0-r0-t3-c1-l4-d0-tr0-a6,CJ-B,micro,dense_return_topology,12502556553514429838,1211,false,false,3,1,4,0,0,6,true,true,121,16,23,9,9,6,240,LOWER_BOUND,1024,7,2,0,0,0,2,2,1,1,2,1,false,3,2,1,1,0,0,0,0,true,0,false,false,true,false,1798469872020787228,5038720327553447546,true
coverage-correction-v2-timing-transfer-s1211-m0-r0-t3-c1-l4-d-1-tr0-a2,CJ-B,micro,timing_transfer,12642168987271104949,1211,false,false,3,1,4,-1,0,2,true,false,49,14,2,7,7,2,80,LOWER_BOUND,272,2,0,0,0,1,2,3,1,0,2,1,false,0,0,0,0,0,0,0,0,false,0,false,false,true,false,10612442505579413360,13995237243923343800,true
coverage-correction-v2-timing-transfer-s1211-m0-r0-t3-c1-l4-d0-tr0-a2,CJ-B,micro,timing_transfer,11519634780936197243,1211,false,false,3,1,4,0,0,2,true,false,49,36,2,9,9,2,80,LOWER_BOUND,272,2,0,0,0,1,4,3,1,1,4,2,false,0,0,0,0,0,0,0,1,false,0,true,false,true,false,4543022073038175070,13995237243923343800,true
coverage-correction-v2-timing-transfer-s1211-m0-r0-t3-c1-l4-d1-tr0-a2,CJ-B,micro,timing_transfer,14114273169837845261,1211,false,false,3,1,4,1,0,2,true,false,49,14,2,7,7,2,80,LOWER_BOUND,272,2,0,0,0,1,2,3,1,0,2,1,false,0,0,0,0,0,0,0,0,false,0,false,false,true,false,11014542995361472498,13995237243923343800,true
coverage-correction-v2-timing-transfer-s1211-m0-r0-t3-c1-l4-d2-tr0-a2,CJ-B,micro,timing_transfer,2397987196168801911,1211,false,false,3,1,4,2,0,2,true,false,49,14,2,7,7,2,80,LOWER_BOUND,272,2,0,0,0,1,2,3,1,0,2,1,false,0,0,0,0,0,0,0,0,false,0,false,false,true,false,17133151838616639070,13995237243923343800,true
coverage-correction-v2-timing-transfer-s1211-m0-r0-t3-c1-l4-d3-tr0-a2,CJ-B,micro,timing_transfer,2432436624754481941,1211,false,false,3,1,4,3,0,2,true,false,49,14,2,7,7,2,80,LOWER_BOUND,272,2,0,0,0,1,2,3,1,0,2,1,false,0,0,0,0,0,0,0,0,false,0,false,false,true,false,17765153733234465611,13995237243923343800,true
coverage-correction-v2-timing-transfer-s1211-m0-r0-t3-c1-l4-d4-tr0-a2,CJ-B,micro,timing_transfer,615821259502145475,1211,false,false,3,1,4,4,0,2,true,false,49,14,2,7,7,2,80,LOWER_BOUND,272,2,0,0,0,1,2,3,1,0,2,1,false,0,0,0,0,0,0,0,0,false,0,false,false,true,false,15506719161080055452,13995237243923343800,true
coverage-correction-v2-timing-transfer-s1211-m0-r0-t3-c1-l4-d5-tr0-a2,CJ-B,micro,timing_transfer,110247524313630085,1211,false,false,3,1,4,5,0,2,true,false,49,14,2,7,7,2,80,LOWER_BOUND,272,2,0,0,0,1,2,3,1,0,2,1,false,0,0,0,0,0,0,0,0,false,0,false,false,true,false,6838775124587362521,13995237243923343800,true
coverage-correction-v2-timing-transfer-s1211-m0-r0-t3-c1-l4-d-1-tr2-a2,CJ-B,micro,timing_transfer,1146339954310833693,1211,false,false,3,1,4,-1,2,2,true,false,25,14,2,5,5,2,80,LOWER_BOUND,272,2,0,0,0,0,0,2,0,0,0,0,false,0,0,0,0,0,0,0,0,false,0,false,false,true,false,8576763850365072730,13635215357710459446,true
coverage-correction-v2-timing-transfer-s1211-m0-r0-t3-c1-l4-d0-tr2-a2,CJ-B,micro,timing_transfer,9552684154549235947,1211,false,false,3,1,4,0,2,2,true,false,25,36,2,7,7,2,80,LOWER_BOUND,272,2,0,0,0,0,2,2,0,1,2,1,false,0,0,0,0,0,0,0,1,false,0,true,false,true,false,18011190131142585462,13635215357710459446,true
coverage-correction-v2-timing-transfer-s1211-m0-r0-t3-c1-l4-d1-tr2-a2,CJ-B,micro,timing_transfer,6629165126557321353,1211,false,false,3,1,4,1,2,2,true,false,25,14,2,5,5,2,80,LOWER_BOUND,272,2,0,0,0,0,0,2,0,0,0,0,false,0,0,0,0,0,0,0,0,false,0,false,false,true,false,3402824407912930808,13635215357710459446,true
coverage-correction-v2-timing-transfer-s1211-m0-r0-t3-c1-l4-d2-tr2-a2,CJ-B,micro,timing_transfer,9287325786302324423,1211,false,false,3,1,4,2,2,2,true,false,25,14,2,5,5,2,80,LOWER_BOUND,272,2,0,0,0,0,0,2,0,0,0,0,false,0,0,0,0,0,0,0,0,false,0,false,false,true,false,1824331541702453420,13635215357710459446,true
coverage-correction-v2-timing-transfer-s1211-m0-r0-t3-c1-l4-d3-tr2-a2,CJ-B,micro,timing_transfer,15033757896287074153,1211,false,false,3,1,4,3,2,2,true,false,25,14,2,5,5,2,80,LOWER_BOUND,272,2,0,0,0,0,0,2,0,0,0,0,false,0,0,0,0,0,0,0,0,false,0,false,false,true,false,9180274112319289973,13635215357710459446,true
coverage-correction-v2-timing-transfer-s1211-m0-r0-t3-c1-l4-d4-tr2-a2,CJ-B,micro,timing_transfer,10952277723545726723,1211,false,false,3,1,4,4,2,2,true,false,25,14,2,5,5,2,80,LOWER_BOUND,272,2,0,0,0,0,0,2,0,0,0,0,false,0,0,0,0,0,0,0,0,false,0,false,false,true,false,3305422086248781794,13635215357710459446,true
coverage-correction-v2-timing-transfer-s1211-m0-r0-t3-c1-l4-d5-tr2-a2,CJ-B,micro,timing_transfer,394611586634701817,1211,false,false,3,1,4,5,2,2,true,false,25,14,2,5,5,2,80,LOWER_BOUND,272,2,0,0,0,0,0,2,0,0,0,0,false,0,0,0,0,0,0,0,0,false,0,false,false,true,false,16083008708808959515,13635215357710459446,true
coverage-correction-v2-timing-transfer-s1211-m0-r0-t3-c1-l4-d-1-tr4-a2,CJ-B,micro,timing_transfer,598250753773038469,1211,false,false,3,1,4,-1,4,2,true,false,25,14,2,5,5,2,80,LOWER_BOUND,272,2,0,0,0,0,0,2,0,0,0,0,false,0,0,0,0,0,0,0,0,false,0,false,false,true,false,8576763850365072730,13635215357710459446,true
coverage-correction-v2-timing-transfer-s1211-m0-r0-t3-c1-l4-d0-tr4-a2,CJ-B,micro,timing_transfer,9225327463161482387,1211,false,false,3,1,4,0,4,2,true,false,25,36,2,7,7,2,80,LOWER_BOUND,272,2,0,0,0,0,2,2,0,1,2,1,false,0,0,0,0,0,0,0,1,false,0,true,false,true,false,18011190131142585462,13635215357710459446,true
coverage-correction-v2-timing-transfer-s1211-m0-r0-t3-c1-l4-d1-tr4-a2,CJ-B,micro,timing_transfer,12721496964153817669,1211,false,false,3,1,4,1,4,2,true,false,25,14,2,5,5,2,80,LOWER_BOUND,272,2,0,0,0,0,0,2,0,0,0,0,false,0,0,0,0,0,0,0,0,false,0,false,false,true,false,3402824407912930808,13635215357710459446,true
coverage-correction-v2-timing-transfer-s1211-m0-r0-t3-c1-l4-d2-tr4-a2,CJ-B,micro,timing_transfer,15079672997441895311,1211,false,false,3,1,4,2,4,2,true,false,25,14,2,5,5,2,80,LOWER_BOUND,272,2,0,0,0,0,0,2,0,0,0,0,false,0,0,0,0,0,0,0,0,false,0,false,false,true,false,1824331541702453420,13635215357710459446,true
coverage-correction-v2-timing-transfer-s1211-m0-r0-t3-c1-l4-d3-tr4-a2,CJ-B,micro,timing_transfer,12040090434415476069,1211,false,false,3,1,4,3,4,2,true,false,25,14,2,5,5,2,80,LOWER_BOUND,272,2,0,0,0,0,0,2,0,0,0,0,false,0,0,0,0,0,0,0,0,false,0,false,false,true,false,9180274112319289973,13635215357710459446,true
coverage-correction-v2-timing-transfer-s1211-m0-r0-t3-c1-l4-d4-tr4-a2,CJ-B,micro,timing_transfer,7682149856116364651,1211,false,false,3,1,4,4,4,2,true,false,25,14,2,5,5,2,80,LOWER_BOUND,272,2,0,0,0,0,0,2,0,0,0,0,false,0,0,0,0,0,0,0,0,false,0,false,false,true,false,3305422086248781794,13635215357710459446,true
coverage-correction-v2-timing-transfer-s1211-m0-r0-t3-c1-l4-d5-tr4-a2,CJ-B,micro,timing_transfer,15819316011278940045,1211,false,false,3,1,4,5,4,2,true,false,25,14,2,5,5,2,80,LOWER_BOUND,272,2,0,0,0,0,0,2,0,0,0,0,false,0,0,0,0,0,0,0,0,false,0,false,false,true,false,16083008708808959515,13635215357710459446,true
coverage-correction-v2-contemporary-reversal-s1211-m0-r0-t3-c1-l4-d0-tr0-a2,CJ-B,micro,shared_control,16595596555469682551,1211,false,false,3,1,4,0,0,2,true,true,338,138,34,29,29,4,160,LOWER_BOUND,912,9,2,3,3,4,12,13,2,2,12,6,false,1,2,1,2,474,5,43,0,false,0,true,false,true,false,8670609267523105748,14647568536835583689,false
coverage-correction-v2-burst-4-s1211-m0-r0-t3-c2-l0-d1-tr0-a2,CJ-B,micro,same_source_bursts,7651129232351384156,1211,false,false,3,2,0,1,0,2,false,false,0,42,6,4,4,4,160,LOWER_BOUND,272,2,0,0,0,0,0,0,0,0,0,0,false,0,0,0,0,0,0,0,0,false,0,false,false,true,false,4138884018727128121,6372800206189692195,true
coverage-correction-v2-blocked-late-return-s1211-m0-r0-t3-c2-l0-d0-tr0-a6,CJ-B,micro,dense_return_topology,686521445769468042,1211,false,false,3,2,0,0,0,6,true,true,50,16,1,5,5,2,80,LOWER_BOUND,832,7,2,0,0,0,2,2,1,1,2,1,false,3,2,2,2,0,0,0,0,true,0,false,false,true,false,10873600506962027280,7753438616429617394,true
coverage-correction-v2-timing-transfer-s1211-m0-r0-t3-c2-l0-d-1-tr0-a2,CJ-B,micro,timing_transfer,17454750583688453029,1211,false,false,3,2,0,-1,0,2,true,false,48,14,2,7,7,2,80,LOWER_BOUND,272,2,0,0,0,1,2,3,1,0,2,1,false,0,0,0,0,0,0,0,0,false,0,false,false,true,false,15627219553323442714,4375110263724428275,true
coverage-correction-v2-timing-transfer-s1211-m0-r0-t3-c2-l0-d0-tr0-a2,CJ-B,micro,timing_transfer,5154856597322171845,1211,false,false,3,2,0,0,0,2,true,false,48,35,2,9,9,2,80,LOWER_BOUND,272,2,0,0,0,1,4,3,1,1,4,2,false,0,0,0,0,0,0,0,1,false,0,true,false,true,false,4486787780403072905,4375110263724428275,true
coverage-correction-v2-timing-transfer-s1211-m0-r0-t3-c2-l0-d1-tr0-a2,CJ-B,micro,timing_transfer,10315419803441448959,1211,false,false,3,2,0,1,0,2,true,false,48,14,2,7,7,2,80,LOWER_BOUND,272,2,0,0,0,1,2,3,1,0,2,1,false,0,0,0,0,0,0,0,0,false,0,false,false,true,false,4691797893003206526,4375110263724428275,true
coverage-correction-v2-timing-transfer-s1211-m0-r0-t3-c2-l0-d2-tr0-a2,CJ-B,micro,timing_transfer,13277072240006841213,1211,false,false,3,2,0,2,0,2,true,false,48,14,2,7,7,2,80,LOWER_BOUND,272,2,0,0,0,1,2,3,1,0,2,1,false,0,0,0,0,0,0,0,0,false,0,false,false,true,false,11955725747418292597,4375110263724428275,true
coverage-correction-v2-timing-transfer-s1211-m0-r0-t3-c2-l0-d3-tr0-a2,CJ-B,micro,timing_transfer,12097284331185382747,1211,false,false,3,2,0,3,0,2,true,false,48,14,2,7,7,2,80,LOWER_BOUND,272,2,0,0,0,1,2,3,1,0,2,1,false,0,0,0,0,0,0,0,0,false,0,false,false,true,false,12867611107985500560,4375110263724428275,true
coverage-correction-v2-timing-transfer-s1211-m0-r0-t3-c2-l0-d4-tr0-a2,CJ-B,micro,timing_transfer,17850624147493424621,1211,false,false,3,2,0,4,0,2,true,false,48,14,2,7,7,2,80,LOWER_BOUND,272,2,0,0,0,1,2,3,1,0,2,1,false,0,0,0,0,0,0,0,0,false,0,false,false,true,false,11905654754192665143,4375110263724428275,true
coverage-correction-v2-timing-transfer-s1211-m0-r0-t3-c2-l0-d5-tr0-a2,CJ-B,micro,timing_transfer,17872220204011648975,1211,false,false,3,2,0,5,0,2,true,false,48,14,2,7,7,2,80,LOWER_BOUND,272,2,0,0,0,1,2,3,1,0,2,1,false,0,0,0,0,0,0,0,0,false,0,false,false,true,false,6622744393124818658,4375110263724428275,true
coverage-correction-v2-timing-transfer-s1211-m0-r0-t3-c2-l0-d-1-tr2-a2,CJ-B,micro,timing_transfer,8380066187945770113,1211,false,false,3,2,0,-1,2,2,true,false,25,14,2,5,5,2,80,LOWER_BOUND,272,2,0,0,0,0,0,2,0,0,0,0,false,0,0,0,0,0,0,0,0,false,0,false,false,true,false,14415316666371014312,12414458462990537445,true
coverage-correction-v2-timing-transfer-s1211-m0-r0-t3-c2-l0-d0-tr2-a2,CJ-B,micro,timing_transfer,7530075161739249073,1211,false,false,3,2,0,0,2,2,true,false,25,35,2,7,7,2,80,LOWER_BOUND,272,2,0,0,0,0,2,2,0,1,2,1,false,0,0,0,0,0,0,0,1,false,0,true,false,true,false,2091658208503266433,12414458462990537445,true
coverage-correction-v2-timing-transfer-s1211-m0-r0-t3-c2-l0-d1-tr2-a2,CJ-B,micro,timing_transfer,7774998833380174527,1211,false,false,3,2,0,1,2,2,true,false,25,14,2,5,5,2,80,LOWER_BOUND,272,2,0,0,0,0,0,2,0,0,0,0,false,0,0,0,0,0,0,0,0,false,0,false,false,true,false,9641293146505362020,12414458462990537445,true
coverage-correction-v2-timing-transfer-s1211-m0-r0-t3-c2-l0-d2-tr2-a2,CJ-B,micro,timing_transfer,15957244584889699025,1211,false,false,3,2,0,2,2,2,true,false,25,14,2,5,5,2,80,LOWER_BOUND,272,2,0,0,0,0,0,2,0,0,0,0,false,0,0,0,0,0,0,0,0,false,0,false,false,true,false,1136091147169762199,12414458462990537445,true
coverage-correction-v2-timing-transfer-s1211-m0-r0-t3-c2-l0-d3-tr2-a2,CJ-B,micro,timing_transfer,5812784812850701915,1211,false,false,3,2,0,3,2,2,true,false,25,14,2,5,5,2,80,LOWER_BOUND,272,2,0,0,0,0,0,2,0,0,0,0,false,0,0,0,0,0,0,0,0,false,0,false,false,true,false,12801811168746699358,12414458462990537445,true
coverage-correction-v2-timing-transfer-s1211-m0-r0-t3-c2-l0-d4-tr2-a2,CJ-B,micro,timing_transfer,4943877905396054113,1211,false,false,3,2,0,4,2,2,true,false,25,14,2,5,5,2,80,LOWER_BOUND,272,2,0,0,0,0,0,2,0,0,0,0,false,0,0,0,0,0,0,0,0,false,0,false,false,true,false,5877180127520151001,12414458462990537445,true
coverage-correction-v2-timing-transfer-s1211-m0-r0-t3-c2-l0-d5-tr2-a2,CJ-B,micro,timing_transfer,12907218432441935839,1211,false,false,3,2,0,5,2,2,true,false,25,14,2,5,5,2,80,LOWER_BOUND,272,2,0,0,0,0,0,2,0,0,0,0,false,0,0,0,0,0,0,0,0,false,0,false,false,true,false,13590333118615515376,12414458462990537445,true
coverage-correction-v2-timing-transfer-s1211-m0-r0-t3-c2-l0-d-1-tr4-a2,CJ-B,micro,timing_transfer,17757585525451528453,1211,false,false,3,2,0,-1,4,2,true,false,25,14,2,5,5,2,80,LOWER_BOUND,272,2,0,0,0,0,0,2,0,0,0,0,false,0,0,0,0,0,0,0,0,false,0,false,false,true,false,14415316666371014312,12414458462990537445,true
coverage-correction-v2-timing-transfer-s1211-m0-r0-t3-c2-l0-d0-tr4-a2,CJ-B,micro,timing_transfer,11207983396972615029,1211,false,false,3,2,0,0,4,2,true,false,25,35,2,7,7,2,80,LOWER_BOUND,272,2,0,0,0,0,2,2,0,1,2,1,false,0,0,0,0,0,0,0,1,false,0,true,false,true,false,2091658208503266433,12414458462990537445,true
coverage-correction-v2-timing-transfer-s1211-m0-r0-t3-c2-l0-d1-tr4-a2,CJ-B,micro,timing_transfer,2302320502786717287,1211,false,false,3,2,0,1,4,2,true,false,25,14,2,5,5,2,80,LOWER_BOUND,272,2,0,0,0,0,0,2,0,0,0,0,false,0,0,0,0,0,0,0,0,false,0,false,false,true,false,9641293146505362020,12414458462990537445,true
coverage-correction-v2-timing-transfer-s1211-m0-r0-t3-c2-l0-d2-tr4-a2,CJ-B,micro,timing_transfer,18100110215592138693,1211,false,false,3,2,0,2,4,2,true,false,25,14,2,5,5,2,80,LOWER_BOUND,272,2,0,0,0,0,0,2,0,0,0,0,false,0,0,0,0,0,0,0,0,false,0,false,false,true,false,1136091147169762199,12414458462990537445,true
coverage-correction-v2-timing-transfer-s1211-m0-r0-t3-c2-l0-d3-tr4-a2,CJ-B,micro,timing_transfer,17055487680902101443,1211,false,false,3,2,0,3,4,2,true,false,25,14,2,5,5,2,80,LOWER_BOUND,272,2,0,0,0,0,0,2,0,0,0,0,false,0,0,0,0,0,0,0,0,false,0,false,false,true,false,12801811168746699358,12414458462990537445,true
coverage-correction-v2-timing-transfer-s1211-m0-r0-t3-c2-l0-d4-tr4-a2,CJ-B,micro,timing_transfer,8553259105939932573,1211,false,false,3,2,0,4,4,2,true,false,25,14,2,5,5,2,80,LOWER_BOUND,272,2,0,0,0,0,0,2,0,0,0,0,false,0,0,0,0,0,0,0,0,false,0,false,false,true,false,5877180127520151001,12414458462990537445,true
coverage-correction-v2-timing-transfer-s1211-m0-r0-t3-c2-l0-d5-tr4-a2,CJ-B,micro,timing_transfer,17750033414348121415,1211,false,false,3,2,0,5,4,2,true,false,25,14,2,5,5,2,80,LOWER_BOUND,272,2,0,0,0,0,0,2,0,0,0,0,false,0,0,0,0,0,0,0,0,false,0,false,false,true,false,13590333118615515376,12414458462990537445,true
coverage-correction-v2-contemporary-reversal-s1211-m0-r0-t3-c2-l0-d0-tr0-a2,CJ-B,micro,shared_control,10662036293212063779,1211,false,false,3,2,0,0,0,2,true,true,241,57,26,21,21,4,160,LOWER_BOUND,976,10,2,4,4,0,4,10,2,0,4,2,false,1,1,2,1,298,6,37,0,false,0,false,false,true,false,11430454313692323042,5794189670553804267,false
coverage-correction-v2-burst-4-s1211-m0-r0-t3-c2-l4-d1-tr0-a2,CJ-B,micro,same_source_bursts,2588635163244251356,1211,false,false,3,2,4,1,0,2,false,false,0,42,6,4,4,4,160,LOWER_BOUND,272,2,0,0,0,0,0,0,0,0,0,0,false,0,0,0,0,0,0,0,0,false,0,false,false,true,false,4138884018727128121,6372800206189692195,true
coverage-correction-v2-blocked-late-return-s1211-m0-r0-t3-c2-l4-d0-tr0-a6,CJ-B,micro,dense_return_topology,16780302874983792042,1211,false,false,3,2,4,0,0,6,true,true,120,16,23,9,9,6,240,LOWER_BOUND,1024,7,2,0,0,0,2,2,1,1,2,1,false,3,2,2,2,0,0,0,0,true,0,false,false,true,false,6363240412356154590,645078116614036256,true
coverage-correction-v2-timing-transfer-s1211-m0-r0-t3-c2-l4-d-1-tr0-a2,CJ-B,micro,timing_transfer,2604928854163395917,1211,false,false,3,2,4,-1,0,2,true,false,48,14,2,7,7,2,80,LOWER_BOUND,272,2,0,0,0,1,2,3,1,0,2,1,false,0,0,0,0,0,0,0,0,false,0,false,false,true,false,15627219553323442714,4375110263724428275,true
coverage-correction-v2-timing-transfer-s1211-m0-r0-t3-c2-l4-d0-tr0-a2,CJ-B,micro,timing_transfer,12626391299273310869,1211,false,false,3,2,4,0,0,2,true,false,48,35,2,9,9,2,80,LOWER_BOUND,272,2,0,0,0,1,4,3,1,1,4,2,false,0,0,0,0,0,0,0,1,false,0,true,false,true,false,4486787780403072905,4375110263724428275,true
coverage-correction-v2-timing-transfer-s1211-m0-r0-t3-c2-l4-d1-tr0-a2,CJ-B,micro,timing_transfer,9038937478361683767,1211,false,false,3,2,4,1,0,2,true,false,48,14,2,7,7,2,80,LOWER_BOUND,272,2,0,0,0,1,2,3,1,0,2,1,false,0,0,0,0,0,0,0,0,false,0,false,false,true,false,4691797893003206526,4375110263724428275,true
coverage-correction-v2-timing-transfer-s1211-m0-r0-t3-c2-l4-d2-tr0-a2,CJ-B,micro,timing_transfer,14031299438831904941,1211,false,false,3,2,4,2,0,2,true,false,48,14,2,7,7,2,80,LOWER_BOUND,272,2,0,0,0,1,2,3,1,0,2,1,false,0,0,0,0,0,0,0,0,false,0,false,false,true,false,11955725747418292597,4375110263724428275,true
coverage-correction-v2-timing-transfer-s1211-m0-r0-t3-c2-l4-d3-tr0-a2,CJ-B,micro,timing_transfer,2529318720679802523,1211,false,false,3,2,4,3,0,2,true,false,48,14,2,7,7,2,80,LOWER_BOUND,272,2,0,0,0,1,2,3,1,0,2,1,false,0,0,0,0,0,0,0,0,false,0,false,false,true,false,12867611107985500560,4375110263724428275,true
coverage-correction-v2-timing-transfer-s1211-m0-r0-t3-c2-l4-d4-tr0-a2,CJ-B,micro,timing_transfer,1367358106884192557,1211,false,false,3,2,4,4,0,2,true,false,48,14,2,7,7,2,80,LOWER_BOUND,272,2,0,0,0,1,2,3,1,0,2,1,false,0,0,0,0,0,0,0,0,false,0,false,false,true,false,11905654754192665143,4375110263724428275,true
coverage-correction-v2-timing-transfer-s1211-m0-r0-t3-c2-l4-d5-tr0-a2,CJ-B,micro,timing_transfer,18254641963546388487,1211,false,false,3,2,4,5,0,2,true,false,48,14,2,7,7,2,80,LOWER_BOUND,272,2,0,0,0,1,2,3,1,0,2,1,false,0,0,0,0,0,0,0,0,false,0,false,false,true,false,6622744393124818658,4375110263724428275,true
coverage-correction-v2-timing-transfer-s1211-m0-r0-t3-c2-l4-d-1-tr2-a2,CJ-B,micro,timing_transfer,10733633157631667873,1211,false,false,3,2,4,-1,2,2,true,false,25,14,2,5,5,2,80,LOWER_BOUND,272,2,0,0,0,0,0,2,0,0,0,0,false,0,0,0,0,0,0,0,0,false,0,false,false,true,false,14415316666371014312,12414458462990537445,true
coverage-correction-v2-timing-transfer-s1211-m0-r0-t3-c2-l4-d0-tr2-a2,CJ-B,micro,timing_transfer,4413112565298898793,1211,false,false,3,2,4,0,2,2,true,false,25,35,2,7,7,2,80,LOWER_BOUND,272,2,0,0,0,0,2,2,0,1,2,1,false,0,0,0,0,0,0,0,1,false,0,true,false,true,false,2091658208503266433,12414458462990537445,true
coverage-correction-v2-timing-transfer-s1211-m0-r0-t3-c2-l4-d1-tr2-a2,CJ-B,micro,timing_transfer,13994978163590798471,1211,false,false,3,2,4,1,2,2,true,false,25,14,2,5,5,2,80,LOWER_BOUND,272,2,0,0,0,0,0,2,0,0,0,0,false,0,0,0,0,0,0,0,0,false,0,false,false,true,false,9641293146505362020,12414458462990537445,true
coverage-correction-v2-timing-transfer-s1211-m0-r0-t3-c2-l4-d2-tr2-a2,CJ-B,micro,timing_transfer,9164873158853532809,1211,false,false,3,2,4,2,2,2,true,false,25,14,2,5,5,2,80,LOWER_BOUND,272,2,0,0,0,0,0,2,0,0,0,0,false,0,0,0,0,0,0,0,0,false,0,false,false,true,false,1136091147169762199,12414458462990537445,true
coverage-correction-v2-timing-transfer-s1211-m0-r0-t3-c2-l4-d3-tr2-a2,CJ-B,micro,timing_transfer,17715261056990064171,1211,false,false,3,2,4,3,2,2,true,false,25,14,2,5,5,2,80,LOWER_BOUND,272,2,0,0,0,0,0,2,0,0,0,0,false,0,0,0,0,0,0,0,0,false,0,false,false,true,false,12801811168746699358,12414458462990537445,true
coverage-correction-v2-timing-transfer-s1211-m0-r0-t3-c2-l4-d4-tr2-a2,CJ-B,micro,timing_transfer,7798720787125567801,1211,false,false,3,2,4,4,2,2,true,false,25,14,2,5,5,2,80,LOWER_BOUND,272,2,0,0,0,0,0,2,0,0,0,0,false,0,0,0,0,0,0,0,0,false,0,false,false,true,false,5877180127520151001,12414458462990537445,true
coverage-correction-v2-timing-transfer-s1211-m0-r0-t3-c2-l4-d5-tr2-a2,CJ-B,micro,timing_transfer,18065608688960703367,1211,false,false,3,2,4,5,2,2,true,false,25,14,2,5,5,2,80,LOWER_BOUND,272,2,0,0,0,0,0,2,0,0,0,0,false,0,0,0,0,0,0,0,0,false,0,false,false,true,false,13590333118615515376,12414458462990537445,true
coverage-correction-v2-timing-transfer-s1211-m0-r0-t3-c2-l4-d-1-tr4-a2,CJ-B,micro,timing_transfer,11669721008251457661,1211,false,false,3,2,4,-1,4,2,true,false,25,14,2,5,5,2,80,LOWER_BOUND,272,2,0,0,0,0,0,2,0,0,0,0,false,0,0,0,0,0,0,0,0,false,0,false,false,true,false,14415316666371014312,12414458462990537445,true
coverage-correction-v2-timing-transfer-s1211-m0-r0-t3-c2-l4-d0-tr4-a2,CJ-B,micro,timing_transfer,14429964176557618917,1211,false,false,3,2,4,0,4,2,true,false,25,35,2,7,7,2,80,LOWER_BOUND,272,2,0,0,0,0,2,2,0,1,2,1,false,0,0,0,0,0,0,0,1,false,0,true,false,true,false,2091658208503266433,12414458462990537445,true
coverage-correction-v2-timing-transfer-s1211-m0-r0-t3-c2-l4-d1-tr4-a2,CJ-B,micro,timing_transfer,4258873153908684751,1211,false,false,3,2,4,1,4,2,true,false,25,14,2,5,5,2,80,LOWER_BOUND,272,2,0,0,0,0,0,2,0,0,0,0,false,0,0,0,0,0,0,0,0,false,0,false,false,true,false,9641293146505362020,12414458462990537445,true
coverage-correction-v2-timing-transfer-s1211-m0-r0-t3-c2-l4-d2-tr4-a2,CJ-B,micro,timing_transfer,12469435199703409349,1211,false,false,3,2,4,2,4,2,true,false,25,14,2,5,5,2,80,LOWER_BOUND,272,2,0,0,0,0,0,2,0,0,0,0,false,0,0,0,0,0,0,0,0,false,0,false,false,true,false,1136091147169762199,12414458462990537445,true
coverage-correction-v2-timing-transfer-s1211-m0-r0-t3-c2-l4-d3-tr4-a2,CJ-B,micro,timing_transfer,7199437634716366419,1211,false,false,3,2,4,3,4,2,true,false,25,14,2,5,5,2,80,LOWER_BOUND,272,2,0,0,0,0,0,2,0,0,0,0,false,0,0,0,0,0,0,0,0,false,0,false,false,true,false,12801811168746699358,12414458462990537445,true
coverage-correction-v2-timing-transfer-s1211-m0-r0-t3-c2-l4-d4-tr4-a2,CJ-B,micro,timing_transfer,112962772764795581,1211,false,false,3,2,4,4,4,2,true,false,25,14,2,5,5,2,80,LOWER_BOUND,272,2,0,0,0,0,0,2,0,0,0,0,false,0,0,0,0,0,0,0,0,false,0,false,false,true,false,5877180127520151001,12414458462990537445,true
coverage-correction-v2-timing-transfer-s1211-m0-r0-t3-c2-l4-d5-tr4-a2,CJ-B,micro,timing_transfer,10444736826817344783,1211,false,false,3,2,4,5,4,2,true,false,25,14,2,5,5,2,80,LOWER_BOUND,272,2,0,0,0,0,0,2,0,0,0,0,false,0,0,0,0,0,0,0,0,false,0,false,false,true,false,13590333118615515376,12414458462990537445,true
coverage-correction-v2-contemporary-reversal-s1211-m0-r0-t3-c2-l4-d0-tr0-a2,CJ-B,micro,shared_control,3302724093131358155,1211,false,false,3,2,4,0,0,2,true,true,241,57,26,21,21,4,160,LOWER_BOUND,976,10,2,4,4,0,4,10,2,0,4,2,false,1,1,2,1,298,6,37,0,false,0,false,false,true,false,11430454313692323042,5794189670553804267,false
coverage-correction-v2-burst-4-s1211-m1-r1-t2-c1-l0-d1-tr0-a2,CJ-B,micro,same_source_bursts,4656761044925015524,1211,true,true,2,1,0,1,0,2,false,false,0,42,6,4,4,4,160,LOWER_BOUND,272,2,0,0,0,0,0,0,0,0,0,0,false,0,0,0,0,0,0,0,0,false,0,false,false,true,false,1171594991177272349,7651154335975200631,true
coverage-correction-v2-blocked-late-return-s1211-m1-r1-t2-c1-l0-d0-tr0-a6,CJ-B,micro,dense_return_topology,15343786050738703034,1211,true,true,2,1,0,0,0,6,true,true,50,16,1,5,5,2,80,LOWER_BOUND,832,7,2,0,0,0,2,2,1,1,2,1,false,3,2,1,1,0,0,0,0,true,0,false,false,true,false,11938931300177779668,8034307139096100326,true
coverage-correction-v2-timing-transfer-s1211-m1-r1-t2-c1-l0-d-1-tr0-a2,CJ-B,micro,timing_transfer,9854262087535992877,1211,true,true,2,1,0,-1,0,2,true,false,48,14,2,7,7,2,80,LOWER_BOUND,272,2,0,0,0,1,2,3,1,0,2,1,false,0,0,0,0,0,0,0,0,false,0,false,false,true,false,4750330552675261018,3077523342952679935,true
coverage-correction-v2-timing-transfer-s1211-m1-r1-t2-c1-l0-d0-tr0-a2,CJ-B,micro,timing_transfer,18141554747581038949,1211,true,true,2,1,0,0,0,2,true,false,48,35,2,9,9,2,80,LOWER_BOUND,272,2,0,0,0,1,4,3,1,1,4,2,false,0,0,0,0,0,0,0,1,false,0,true,false,true,false,2354067314937189701,3077523342952679935,true
coverage-correction-v2-timing-transfer-s1211-m1-r1-t2-c1-l0-d1-tr0-a2,CJ-B,micro,timing_transfer,12919437582992276567,1211,true,true,2,1,0,1,0,2,true,false,48,14,2,7,7,2,80,LOWER_BOUND,272,2,0,0,0,1,2,3,1,0,2,1,false,0,0,0,0,0,0,0,0,false,0,false,false,true,false,9463378476894213650,3077523342952679935,true
coverage-correction-v2-timing-transfer-s1211-m1-r1-t2-c1-l0-d2-tr0-a2,CJ-B,micro,timing_transfer,10214328526697877501,1211,true,true,2,1,0,2,0,2,true,false,48,14,2,7,7,2,80,LOWER_BOUND,272,2,0,0,0,1,2,3,1,0,2,1,false,0,0,0,0,0,0,0,0,false,0,false,false,true,false,17821888392313138417,3077523342952679935,true
coverage-correction-v2-timing-transfer-s1211-m1-r1-t2-c1-l0-d3-tr0-a2,CJ-B,micro,timing_transfer,4411869277158113731,1211,true,true,2,1,0,3,0,2,true,false,48,14,2,7,7,2,80,LOWER_BOUND,272,2,0,0,0,1,2,3,1,0,2,1,false,0,0,0,0,0,0,0,0,false,0,false,false,true,false,14980103632581973304,3077523342952679935,true
coverage-correction-v2-timing-transfer-s1211-m1-r1-t2-c1-l0-d4-tr0-a2,CJ-B,micro,timing_transfer,12978076582376243085,1211,true,true,2,1,0,4,0,2,true,false,48,14,2,7,7,2,80,LOWER_BOUND,272,2,0,0,0,1,2,3,1,0,2,1,false,0,0,0,0,0,0,0,0,false,0,false,false,true,false,17441425174356461071,3077523342952679935,true
coverage-correction-v2-timing-transfer-s1211-m1-r1-t2-c1-l0-d5-tr0-a2,CJ-B,micro,timing_transfer,12509901793748381351,1211,true,true,2,1,0,5,0,2,true,false,48,14,2,7,7,2,80,LOWER_BOUND,272,2,0,0,0,1,2,3,1,0,2,1,false,0,0,0,0,0,0,0,0,false,0,false,false,true,false,10110636717332632350,3077523342952679935,true
coverage-correction-v2-timing-transfer-s1211-m1-r1-t2-c1-l0-d-1-tr2-a2,CJ-B,micro,timing_transfer,588225907825502913,1211,true,true,2,1,0,-1,2,2,true,false,25,14,2,5,5,2,80,LOWER_BOUND,272,2,0,0,0,0,0,2,0,0,0,0,false,0,0,0,0,0,0,0,0,false,0,false,false,true,false,17240739961353920768,16512755117583533145,true
coverage-correction-v2-timing-transfer-s1211-m1-r1-t2-c1-l0-d0-tr2-a2,CJ-B,micro,timing_transfer,2636246264264545657,1211,true,true,2,1,0,0,2,2,true,false,25,35,2,7,7,2,80,LOWER_BOUND,272,2,0,0,0,0,2,2,0,1,2,1,false,0,0,0,0,0,0,0,1,false,0,true,false,true,false,15250015717042543853,16512755117583533145,true
coverage-correction-v2-timing-transfer-s1211-m1-r1-t2-c1-l0-d1-tr2-a2,CJ-B,micro,timing_transfer,7570082861614339167,1211,true,true,2,1,0,1,2,2,true,false,25,14,2,5,5,2,80,LOWER_BOUND,272,2,0,0,0,0,0,2,0,0,0,0,false,0,0,0,0,0,0,0,0,false,0,false,false,true,false,8067038883106504872,16512755117583533145,true
coverage-correction-v2-timing-transfer-s1211-m1-r1-t2-c1-l0-d2-tr2-a2,CJ-B,micro,timing_transfer,8455762476168055289,1211,true,true,2,1,0,2,2,2,true,false,25,14,2,5,5,2,80,LOWER_BOUND,272,2,0,0,0,0,0,2,0,0,0,0,false,0,0,0,0,0,0,0,0,false,0,false,false,true,false,5028671020817301203,16512755117583533145,true
coverage-correction-v2-timing-transfer-s1211-m1-r1-t2-c1-l0-d3-tr2-a2,CJ-B,micro,timing_transfer,7133297125610338523,1211,true,true,2,1,0,3,2,2,true,false,25,14,2,5,5,2,80,LOWER_BOUND,272,2,0,0,0,0,0,2,0,0,0,0,false,0,0,0,0,0,0,0,0,false,0,false,false,true,false,17841044868103268342,16512755117583533145,true
coverage-correction-v2-timing-transfer-s1211-m1-r1-t2-c1-l0-d4-tr2-a2,CJ-B,micro,timing_transfer,15416844493606246905,1211,true,true,2,1,0,4,2,2,true,false,25,14,2,5,5,2,80,LOWER_BOUND,272,2,0,0,0,0,0,2,0,0,0,0,false,0,0,0,0,0,0,0,0,false,0,false,false,true,false,11994536478366266161,16512755117583533145,true
coverage-correction-v2-timing-transfer-s1211-m1-r1-t2-c1-l0-d5-tr2-a2,CJ-B,micro,timing_transfer,12231237338537697599,1211,true,true,2,1,0,5,2,2,true,false,25,14,2,5,5,2,80,LOWER_BOUND,272,2,0,0,0,0,0,2,0,0,0,0,false,0,0,0,0,0,0,0,0,false,0,false,false,true,false,14142317453252011484,16512755117583533145,true
coverage-correction-v2-timing-transfer-s1211-m1-r1-t2-c1-l0-d-1-tr4-a2,CJ-B,micro,timing_transfer,1274841496375843317,1211,true,true,2,1,0,-1,4,2,true,false,25,14,2,5,5,2,80,LOWER_BOUND,272,2,0,0,0,0,0,2,0,0,0,0,false,0,0,0,0,0,0,0,0,false,0,false,false,true,false,17240739961353920768,16512755117583533145,true
coverage-correction-v2-timing-transfer-s1211-m1-r1-t2-c1-l0-d0-tr4-a2,CJ-B,micro,timing_transfer,10993251092375232653,1211,true,true,2,1,0,0,4,2,true,false,25,35,2,7,7,2,80,LOWER_BOUND,272,2,0,0,0,0,2,2,0,1,2,1,false,0,0,0,0,0,0,0,1,false,0,true,false,true,false,15250015717042543853,16512755117583533145,true
coverage-correction-v2-timing-transfer-s1211-m1-r1-t2-c1-l0-d1-tr4-a2,CJ-B,micro,timing_transfer,8550686978486484279,1211,true,true,2,1,0,1,4,2,true,false,25,14,2,5,5,2,80,LOWER_BOUND,272,2,0,0,0,0,0,2,0,0,0,0,false,0,0,0,0,0,0,0,0,false,0,false,false,true,false,8067038883106504872,16512755117583533145,true
coverage-correction-v2-timing-transfer-s1211-m1-r1-t2-c1-l0-d2-tr4-a2,CJ-B,micro,timing_transfer,14054886452027149917,1211,true,true,2,1,0,2,4,2,true,false,25,14,2,5,5,2,80,LOWER_BOUND,272,2,0,0,0,0,0,2,0,0,0,0,false,0,0,0,0,0,0,0,0,false,0,false,false,true,false,5028671020817301203,16512755117583533145,true
coverage-correction-v2-timing-transfer-s1211-m1-r1-t2-c1-l0-d3-tr4-a2,CJ-B,micro,timing_transfer,17133416370158190035,1211,true,true,2,1,0,3,4,2,true,false,25,14,2,5,5,2,80,LOWER_BOUND,272,2,0,0,0,0,0,2,0,0,0,0,false,0,0,0,0,0,0,0,0,false,0,false,false,true,false,17841044868103268342,16512755117583533145,true
coverage-correction-v2-timing-transfer-s1211-m1-r1-t2-c1-l0-d4-tr4-a2,CJ-B,micro,timing_transfer,11666030849861535397,1211,true,true,2,1,0,4,4,2,true,false,25,14,2,5,5,2,80,LOWER_BOUND,272,2,0,0,0,0,0,2,0,0,0,0,false,0,0,0,0,0,0,0,0,false,0,false,false,true,false,11994536478366266161,16512755117583533145,true
coverage-correction-v2-timing-transfer-s1211-m1-r1-t2-c1-l0-d5-tr4-a2,CJ-B,micro,timing_transfer,6210948142880123655,1211,true,true,2,1,0,5,4,2,true,false,25,14,2,5,5,2,80,LOWER_BOUND,272,2,0,0,0,0,0,2,0,0,0,0,false,0,0,0,0,0,0,0,0,false,0,false,false,true,false,14142317453252011484,16512755117583533145,true
coverage-correction-v2-contemporary-reversal-s1211-m1-r1-t2-c1-l0-d0-tr0-a2,CJ-B,micro,shared_control,16581951292544659571,1211,true,true,2,1,0,0,0,2,true,true,420,130,38,33,33,4,160,LOWER_BOUND,912,9,2,3,3,8,16,13,2,2,16,8,false,1,5,1,2,548,5,43,0,false,0,true,false,true,false,6411873599940907540,13803082843391228949,false
coverage-correction-v2-burst-4-s1211-m1-r1-t2-c1-l4-d1-tr0-a2,CJ-B,micro,same_source_bursts,7796701245299816252,1211,true,true,2,1,4,1,0,2,false,false,0,42,6,4,4,4,160,LOWER_BOUND,272,2,0,0,0,0,0,0,0,0,0,0,false,0,0,0,0,0,0,0,0,false,0,false,false,true,false,1171594991177272349,7651154335975200631,true
coverage-correction-v2-blocked-late-return-s1211-m1-r1-t2-c1-l4-d0-tr0-a6,CJ-B,micro,dense_return_topology,13228371030652509114,1211,true,true,2,1,4,0,0,6,true,true,120,16,23,9,9,6,240,LOWER_BOUND,1024,7,2,0,0,0,2,2,1,1,2,1,false,3,2,1,1,0,0,0,0,true,0,false,false,true,false,17891663206975196350,9410385563162027664,true
coverage-correction-v2-timing-transfer-s1211-m1-r1-t2-c1-l4-d-1-tr0-a2,CJ-B,micro,timing_transfer,17939086161882602997,1211,true,true,2,1,4,-1,0,2,true,false,48,14,2,7,7,2,80,LOWER_BOUND,272,2,0,0,0,1,2,3,1,0,2,1,false,0,0,0,0,0,0,0,0,false,0,false,false,true,false,4750330552675261018,3077523342952679935,true
coverage-correction-v2-timing-transfer-s1211-m1-r1-t2-c1-l4-d0-tr0-a2,CJ-B,micro,timing_transfer,16487679598026469,1211,true,true,2,1,4,0,0,2,true,false,48,35,2,9,9,2,80,LOWER_BOUND,272,2,0,0,0,1,4,3,1,1,4,2,false,0,0,0,0,0,0,0,1,false,0,true,false,true,false,2354067314937189701,3077523342952679935,true
coverage-correction-v2-timing-transfer-s1211-m1-r1-t2-c1-l4-d1-tr0-a2,CJ-B,micro,timing_transfer,13999828042940773279,1211,true,true,2,1,4,1,0,2,true,false,48,14,2,7,7,2,80,LOWER_BOUND,272,2,0,0,0,1,2,3,1,0,2,1,false,0,0,0,0,0,0,0,0,false,0,false,false,true,false,9463378476894213650,3077523342952679935,true
coverage-correction-v2-timing-transfer-s1211-m1-r1-t2-c1-l4-d2-tr0-a2,CJ-B,micro,timing_transfer,7096898834955731629,1211,true,true,2,1,4,2,0,2,true,false,48,14,2,7,7,2,80,LOWER_BOUND,272,2,0,0,0,1,2,3,1,0,2,1,false,0,0,0,0,0,0,0,0,false,0,false,false,true,false,17821888392313138417,3077523342952679935,true
coverage-correction-v2-timing-transfer-s1211-m1-r1-t2-c1-l4-d3-tr0-a2,CJ-B,micro,timing_transfer,1786796975091797843,1211,true,true,2,1,4,3,0,2,true,false,48,14,2,7,7,2,80,LOWER_BOUND,272,2,0,0,0,1,2,3,1,0,2,1,false,0,0,0,0,0,0,0,0,false,0,false,false,true,false,14980103632581973304,3077523342952679935,true
coverage-correction-v2-timing-transfer-s1211-m1-r1-t2-c1-l4-d4-tr0-a2,CJ-B,micro,timing_transfer,5684920703966222173,1211,true,true,2,1,4,4,0,2,true,false,48,14,2,7,7,2,80,LOWER_BOUND,272,2,0,0,0,1,2,3,1,0,2,1,false,0,0,0,0,0,0,0,0,false,0,false,false,true,false,17441425174356461071,3077523342952679935,true
coverage-correction-v2-timing-transfer-s1211-m1-r1-t2-c1-l4-d5-tr0-a2,CJ-B,micro,timing_transfer,9447594051904868111,1211,true,true,2,1,4,5,0,2,true,false,48,14,2,7,7,2,80,LOWER_BOUND,272,2,0,0,0,1,2,3,1,0,2,1,false,0,0,0,0,0,0,0,0,false,0,false,false,true,false,10110636717332632350,3077523342952679935,true
coverage-correction-v2-timing-transfer-s1211-m1-r1-t2-c1-l4-d-1-tr2-a2,CJ-B,micro,timing_transfer,11362121530578681137,1211,true,true,2,1,4,-1,2,2,true,false,25,14,2,5,5,2,80,LOWER_BOUND,272,2,0,0,0,0,0,2,0,0,0,0,false,0,0,0,0,0,0,0,0,false,0,false,false,true,false,17240739961353920768,16512755117583533145,true
coverage-correction-v2-timing-transfer-s1211-m1-r1-t2-c1-l4-d0-tr2-a2,CJ-B,micro,timing_transfer,17045426624968819505,1211,true,true,2,1,4,0,2,2,true,false,25,35,2,7,7,2,80,LOWER_BOUND,272,2,0,0,0,0,2,2,0,1,2,1,false,0,0,0,0,0,0,0,1,false,0,true,false,true,false,15250015717042543853,16512755117583533145,true
coverage-correction-v2-timing-transfer-s1211-m1-r1-t2-c1-l4-d1-tr2-a2,CJ-B,micro,timing_transfer,14396637331218590679,1211,true,true,2,1,4,1,2,2,true,false,25,14,2,5,5,2,80,LOWER_BOUND,272,2,0,0,0,0,0,2,0,0,0,0,false,0,0,0,0,0,0,0,0,false,0,false,false,true,false,8067038883106504872,16512755117583533145,true
coverage-correction-v2-timing-transfer-s1211-m1-r1-t2-c1-l4-d2-tr2-a2,CJ-B,micro,timing_transfer,13935944518222269825,1211,true,true,2,1,4,2,2,2,true,false,25,14,2,5,5,2,80,LOWER_BOUND,272,2,0,0,0,0,0,2,0,0,0,0,false,0,0,0,0,0,0,0,0,false,0,false,false,true,false,5028671020817301203,16512755117583533145,true
coverage-correction-v2-timing-transfer-s1211-m1-r1-t2-c1-l4-d3-tr2-a2,CJ-B,micro,timing_transfer,6327693427665880091,1211,true,true,2,1,4,3,2,2,true,false,25,14,2,5,5,2,80,LOWER_BOUND,272,2,0,0,0,0,0,2,0,0,0,0,false,0,0,0,0,0,0,0,0,false,0,false,false,true,false,17841044868103268342,16512755117583533145,true
coverage-correction-v2-timing-transfer-s1211-m1-r1-t2-c1-l4-d4-tr2-a2,CJ-B,micro,timing_transfer,4922113630852224081,1211,true,true,2,1,4,4,2,2,true,false,25,14,2,5,5,2,80,LOWER_BOUND,272,2,0,0,0,0,0,2,0,0,0,0,false,0,0,0,0,0,0,0,0,false,0,false,false,true,false,11994536478366266161,16512755117583533145,true
coverage-correction-v2-timing-transfer-s1211-m1-r1-t2-c1-l4-d5-tr2-a2,CJ-B,micro,timing_transfer,12455881683909567447,1211,true,true,2,1,4,5,2,2,true,false,25,14,2,5,5,2,80,LOWER_BOUND,272,2,0,0,0,0,0,2,0,0,0,0,false,0,0,0,0,0,0,0,0,false,0,false,false,true,false,14142317453252011484,16512755117583533145,true
coverage-correction-v2-timing-transfer-s1211-m1-r1-t2-c1-l4-d-1-tr4-a2,CJ-B,micro,timing_transfer,9791988558195888349,1211,true,true,2,1,4,-1,4,2,true,false,25,14,2,5,5,2,80,LOWER_BOUND,272,2,0,0,0,0,0,2,0,0,0,0,false,0,0,0,0,0,0,0,0,false,0,false,false,true,false,17240739961353920768,16512755117583533145,true
coverage-correction-v2-timing-transfer-s1211-m1-r1-t2-c1-l4-d0-tr4-a2,CJ-B,micro,timing_transfer,11712188518794659741,1211,true,true,2,1,4,0,4,2,true,false,25,35,2,7,7,2,80,LOWER_BOUND,272,2,0,0,0,0,2,2,0,1,2,1,false,0,0,0,0,0,0,0,1,false,0,true,false,true,false,15250015717042543853,16512755117583533145,true
coverage-correction-v2-timing-transfer-s1211-m1-r1-t2-c1-l4-d1-tr4-a2,CJ-B,micro,timing_transfer,8159329783108009695,1211,true,true,2,1,4,1,4,2,true,false,25,14,2,5,5,2,80,LOWER_BOUND,272,2,0,0,0,0,0,2,0,0,0,0,false,0,0,0,0,0,0,0,0,false,0,false,false,true,false,8067038883106504872,16512755117583533145,true
coverage-correction-v2-timing-transfer-s1211-m1-r1-t2-c1-l4-d2-tr4-a2,CJ-B,micro,timing_transfer,11214261702424891149,1211,true,true,2,1,4,2,4,2,true,false,25,14,2,5,5,2,80,LOWER_BOUND,272,2,0,0,0,0,0,2,0,0,0,0,false,0,0,0,0,0,0,0,0,false,0,false,false,true,false,5028671020817301203,16512755117583533145,true
coverage-correction-v2-timing-transfer-s1211-m1-r1-t2-c1-l4-d3-tr4-a2,CJ-B,micro,timing_transfer,15202869210881462083,1211,true,true,2,1,4,3,4,2,true,false,25,14,2,5,5,2,80,LOWER_BOUND,272,2,0,0,0,0,0,2,0,0,0,0,false,0,0,0,0,0,0,0,0,false,0,false,false,true,false,17841044868103268342,16512755117583533145,true
coverage-correction-v2-timing-transfer-s1211-m1-r1-t2-c1-l4-d4-tr4-a2,CJ-B,micro,timing_transfer,3581896675217903973,1211,true,true,2,1,4,4,4,2,true,false,25,14,2,5,5,2,80,LOWER_BOUND,272,2,0,0,0,0,0,2,0,0,0,0,false,0,0,0,0,0,0,0,0,false,0,false,false,true,false,11994536478366266161,16512755117583533145,true
coverage-correction-v2-timing-transfer-s1211-m1-r1-t2-c1-l4-d5-tr4-a2,CJ-B,micro,timing_transfer,5524572473756352655,1211,true,true,2,1,4,5,4,2,true,false,25,14,2,5,5,2,80,LOWER_BOUND,272,2,0,0,0,0,0,2,0,0,0,0,false,0,0,0,0,0,0,0,0,false,0,false,false,true,false,14142317453252011484,16512755117583533145,true
coverage-correction-v2-contemporary-reversal-s1211-m1-r1-t2-c1-l4-d0-tr0-a2,CJ-B,micro,shared_control,12557868442676489323,1211,true,true,2,1,4,0,0,2,true,true,420,130,38,33,33,4,160,LOWER_BOUND,912,9,2,3,3,8,16,13,2,2,16,8,false,1,5,1,2,548,5,43,0,false,0,true,false,true,false,6411873599940907540,13803082843391228949,false
coverage-correction-v2-burst-4-s1211-m1-r1-t2-c2-l0-d1-tr0-a2,CJ-B,micro,same_source_bursts,9793385079764266754,1211,true,true,2,2,0,1,0,2,false,false,0,140,18,12,12,4,160,LOWER_BOUND,272,2,0,0,0,6,8,0,4,4,8,4,true,0,0,0,0,0,0,0,0,false,0,false,false,true,false,16178976773620441478,9462594237978275590,false
coverage-correction-v2-blocked-late-return-s1211-m1-r1-t2-c2-l0-d0-tr0-a6,CJ-B,micro,dense_return_topology,18130051069422654730,1211,true,true,2,2,0,0,0,6,true,true,50,46,1,7,7,2,80,LOWER_BOUND,832,7,2,0,0,0,4,2,1,1,4,2,false,3,2,2,2,0,0,0,0,true,0,false,false,true,false,17245880613817951032,7844109271178242012,true
coverage-correction-v2-timing-transfer-s1211-m1-r1-t2-c2-l0-d-1-tr0-a2,CJ-B,micro,timing_transfer,11069151277007723977,1211,true,true,2,2,0,-1,0,2,true,false,70,37,4,11,11,2,80,LOWER_BOUND,272,2,0,0,0,3,6,4,1,1,6,3,false,0,0,0,0,0,0,0,1,false,0,true,false,true,false,6462835499309640554,4198305133020052957,true
coverage-correction-v2-timing-transfer-s1211-m1-r1-t2-c2-l0-d0-tr0-a2,CJ-B,micro,timing_transfer,17517030176691322427,1211,true,true,2,2,0,0,0,2,true,false,70,35,2,11,11,2,80,LOWER_BOUND,272,2,0,0,0,2,6,4,1,1,6,3,false,0,0,0,0,0,0,0,1,false,0,true,false,true,false,18283458717906852198,1119763989808962246,true
coverage-correction-v2-timing-transfer-s1211-m1-r1-t2-c2-l0-d1-tr0-a2,CJ-B,micro,timing_transfer,8799493667735121205,1211,true,true,2,2,0,1,0,2,true,false,70,34,2,11,11,2,80,LOWER_BOUND,272,2,0,0,0,2,6,4,1,1,6,3,false,0,0,0,0,0,0,0,1,false,0,true,false,true,false,15725927378220565443,1119763989808962246,true
coverage-correction-v2-timing-transfer-s1211-m1-r1-t2-c2-l0-d2-tr0-a2,CJ-B,micro,timing_transfer,14298876051633756079,1211,true,true,2,2,0,2,0,2,true,false,70,34,2,11,11,2,80,LOWER_BOUND,272,2,0,0,0,2,6,4,1,1,6,3,false,0,0,0,0,0,0,0,1,false,0,true,false,true,false,18040122930609050016,1119763989808962246,true
coverage-correction-v2-timing-transfer-s1211-m1-r1-t2-c2-l0-d3-tr0-a2,CJ-B,micro,timing_transfer,5524137712350076541,1211,true,true,2,2,0,3,0,2,true,false,70,34,2,11,11,2,80,LOWER_BOUND,272,2,0,0,0,2,6,4,1,1,6,3,false,0,0,0,0,0,0,0,1,false,0,true,false,true,false,5500148417334576645,1119763989808962246,true
coverage-correction-v2-timing-transfer-s1211-m1-r1-t2-c2-l0-d4-tr0-a2,CJ-B,micro,timing_transfer,2154105905603975411,1211,true,true,2,2,0,4,0,2,true,false,70,34,2,11,11,2,80,LOWER_BOUND,272,2,0,0,0,2,6,4,1,1,6,3,false,0,0,0,0,0,0,0,1,false,0,true,false,true,false,16193341843041987834,1119763989808962246,true
coverage-correction-v2-timing-transfer-s1211-m1-r1-t2-c2-l0-d5-tr0-a2,CJ-B,micro,timing_transfer,17068173815824023021,1211,true,true,2,2,0,5,0,2,true,false,70,34,2,11,11,2,80,LOWER_BOUND,272,2,0,0,0,2,6,4,1,1,6,3,false,0,0,0,0,0,0,0,1,false,0,true,false,true,false,4546497127747535647,1119763989808962246,true
coverage-correction-v2-timing-transfer-s1211-m1-r1-t2-c2-l0-d-1-tr2-a2,CJ-B,micro,timing_transfer,6624475736841553321,1211,true,true,2,2,0,-1,2,2,true,false,69,37,4,11,11,2,80,LOWER_BOUND,272,2,0,0,0,3,6,4,1,1,6,3,false,0,0,0,0,0,0,0,1,false,0,true,false,true,false,6462835499309640554,4198305133020052957,true
coverage-correction-v2-timing-transfer-s1211-m1-r1-t2-c2-l0-d0-tr2-a2,CJ-B,micro,timing_transfer,12803801308105690195,1211,true,true,2,2,0,0,2,2,true,false,69,35,2,11,11,2,80,LOWER_BOUND,272,2,0,0,0,2,6,4,1,1,6,3,false,0,0,0,0,0,0,0,1,false,0,true,false,true,false,18283458717906852198,1119763989808962246,true
coverage-correction-v2-timing-transfer-s1211-m1-r1-t2-c2-l0-d1-tr2-a2,CJ-B,micro,timing_transfer,4799450411917607825,1211,true,true,2,2,0,1,2,2,true,false,69,34,2,11,11,2,80,LOWER_BOUND,272,2,0,0,0,2,6,4,1,1,6,3,false,0,0,0,0,0,0,0,1,false,0,true,false,true,false,15725927378220565443,1119763989808962246,true
coverage-correction-v2-timing-transfer-s1211-m1-r1-t2-c2-l0-d2-tr2-a2,CJ-B,micro,timing_transfer,18250403515132011895,1211,true,true,2,2,0,2,2,2,true,false,69,34,2,11,11,2,80,LOWER_BOUND,272,2,0,0,0,2,6,4,1,1,6,3,false,0,0,0,0,0,0,0,1,false,0,true,false,true,false,18040122930609050016,1119763989808962246,true
coverage-correction-v2-timing-transfer-s1211-m1-r1-t2-c2-l0-d3-tr2-a2,CJ-B,micro,timing_transfer,17614712683827659537,1211,true,true,2,2,0,3,2,2,true,false,69,34,2,11,11,2,80,LOWER_BOUND,272,2,0,0,0,2,6,4,1,1,6,3,false,0,0,0,0,0,0,0,1,false,0,true,false,true,false,5500148417334576645,1119763989808962246,true
coverage-correction-v2-timing-transfer-s1211-m1-r1-t2-c2-l0-d4-tr2-a2,CJ-B,micro,timing_transfer,1755686925821716795,1211,true,true,2,2,0,4,2,2,true,false,69,34,2,11,11,2,80,LOWER_BOUND,272,2,0,0,0,2,6,4,1,1,6,3,false,0,0,0,0,0,0,0,1,false,0,true,false,true,false,16193341843041987834,1119763989808962246,true
coverage-correction-v2-timing-transfer-s1211-m1-r1-t2-c2-l0-d5-tr2-a2,CJ-B,micro,timing_transfer,132820795110717601,1211,true,true,2,2,0,5,2,2,true,false,69,34,2,11,11,2,80,LOWER_BOUND,272,2,0,0,0,2,6,4,1,1,6,3,false,0,0,0,0,0,0,0,1,false,0,true,false,true,false,4546497127747535647,1119763989808962246,true
coverage-correction-v2-timing-transfer-s1211-m1-r1-t2-c2-l0-d-1-tr4-a2,CJ-B,micro,timing_transfer,666507142706967985,1211,true,true,2,2,0,-1,4,2,true,false,69,37,4,11,11,2,80,LOWER_BOUND,272,2,0,0,0,3,6,4,1,1,6,3,false,0,0,0,0,0,0,0,1,false,0,true,false,true,false,6462835499309640554,4198305133020052957,true
coverage-correction-v2-timing-transfer-s1211-m1-r1-t2-c2-l0-d0-tr4-a2,CJ-B,micro,timing_transfer,5703991105695535691,1211,true,true,2,2,0,0,4,2,true,false,69,35,2,11,11,2,80,LOWER_BOUND,272,2,0,0,0,2,6,4,1,1,6,3,false,0,0,0,0,0,0,0,1,false,0,true,false,true,false,18283458717906852198,1119763989808962246,true
coverage-correction-v2-timing-transfer-s1211-m1-r1-t2-c2-l0-d1-tr4-a2,CJ-B,micro,timing_transfer,1555093485304244341,1211,true,true,2,2,0,1,4,2,true,false,69,34,2,11,11,2,80,LOWER_BOUND,272,2,0,0,0,2,6,4,1,1,6,3,false,0,0,0,0,0,0,0,1,false,0,true,false,true,false,15725927378220565443,1119763989808962246,true
coverage-correction-v2-timing-transfer-s1211-m1-r1-t2-c2-l0-d2-tr4-a2,CJ-B,micro,timing_transfer,1908106834609743983,1211,true,true,2,2,0,2,4,2,true,false,69,34,2,11,11,2,80,LOWER_BOUND,272,2,0,0,0,2,6,4,1,1,6,3,false,0,0,0,0,0,0,0,1,false,0,true,false,true,false,18040122930609050016,1119763989808962246,true
coverage-correction-v2-timing-transfer-s1211-m1-r1-t2-c2-l0-d3-tr4-a2,CJ-B,micro,timing_transfer,5763271045489958085,1211,true,true,2,2,0,3,4,2,true,false,69,34,2,11,11,2,80,LOWER_BOUND,272,2,0,0,0,2,6,4,1,1,6,3,false,0,0,0,0,0,0,0,1,false,0,true,false,true,false,5500148417334576645,1119763989808962246,true
coverage-correction-v2-timing-transfer-s1211-m1-r1-t2-c2-l0-d4-tr4-a2,CJ-B,micro,timing_transfer,14360773496586818083,1211,true,true,2,2,0,4,4,2,true,false,69,34,2,11,11,2,80,LOWER_BOUND,272,2,0,0,0,2,6,4,1,1,6,3,false,0,0,0,0,0,0,0,1,false,0,true,false,true,false,16193341843041987834,1119763989808962246,true
coverage-correction-v2-timing-transfer-s1211-m1-r1-t2-c2-l0-d5-tr4-a2,CJ-B,micro,timing_transfer,11116652724087647885,1211,true,true,2,2,0,5,4,2,true,false,69,34,2,11,11,2,80,LOWER_BOUND,272,2,0,0,0,2,6,4,1,1,6,3,false,0,0,0,0,0,0,0,1,false,0,true,false,true,false,4546497127747535647,1119763989808962246,true
coverage-correction-v2-contemporary-reversal-s1211-m1-r1-t2-c2-l0-d0-tr0-a2,CJ-B,micro,shared_control,13913999108968191371,1211,true,true,2,2,0,0,0,2,true,true,454,130,43,35,35,4,160,LOWER_BOUND,912,9,2,3,3,9,18,13,3,2,18,9,false,1,5,2,2,582,7,41,0,false,0,true,false,true,false,6408115342068832309,14266031981080681790,false
coverage-correction-v2-burst-4-s1211-m1-r1-t2-c2-l4-d1-tr0-a2,CJ-B,micro,same_source_bursts,3787897103952695298,1211,true,true,2,2,4,1,0,2,false,false,0,140,18,12,12,4,160,LOWER_BOUND,272,2,0,0,0,6,8,0,4,4,8,4,true,0,0,0,0,0,0,0,0,false,0,false,false,true,false,16178976773620441478,9462594237978275590,false
coverage-correction-v2-blocked-late-return-s1211-m1-r1-t2-c2-l4-d0-tr0-a6,CJ-B,micro,dense_return_topology,11621825015522005002,1211,true,true,2,2,4,0,0,6,true,true,120,46,23,11,11,6,240,LOWER_BOUND,1024,7,2,0,0,0,4,2,1,1,4,2,false,3,2,2,2,0,0,0,0,true,0,false,false,true,false,6258179778536723174,12200100746934290022,true
coverage-correction-v2-timing-transfer-s1211-m1-r1-t2-c2-l4-d-1-tr0-a2,CJ-B,micro,timing_transfer,2995432619542606065,1211,true,true,2,2,4,-1,0,2,true,false,70,37,4,11,11,2,80,LOWER_BOUND,272,2,0,0,0,3,6,4,1,1,6,3,false,0,0,0,0,0,0,0,1,false,0,true,false,true,false,6462835499309640554,4198305133020052957,true
coverage-correction-v2-timing-transfer-s1211-m1-r1-t2-c2-l4-d0-tr0-a2,CJ-B,micro,timing_transfer,11167482866522172403,1211,true,true,2,2,4,0,0,2,true,false,70,35,2,11,11,2,80,LOWER_BOUND,272,2,0,0,0,2,6,4,1,1,6,3,false,0,0,0,0,0,0,0,1,false,0,true,false,true,false,18283458717906852198,1119763989808962246,true
coverage-correction-v2-timing-transfer-s1211-m1-r1-t2-c2-l4-d1-tr0-a2,CJ-B,micro,timing_transfer,16189802886057799789,1211,true,true,2,2,4,1,0,2,true,false,70,34,2,11,11,2,80,LOWER_BOUND,272,2,0,0,0,2,6,4,1,1,6,3,false,0,0,0,0,0,0,0,1,false,0,true,false,true,false,15725927378220565443,1119763989808962246,true
coverage-correction-v2-timing-transfer-s1211-m1-r1-t2-c2-l4-d2-tr0-a2,CJ-B,micro,timing_transfer,12369952415012538431,1211,true,true,2,2,4,2,0,2,true,false,70,34,2,11,11,2,80,LOWER_BOUND,272,2,0,0,0,2,6,4,1,1,6,3,false,0,0,0,0,0,0,0,1,false,0,true,false,true,false,18040122930609050016,1119763989808962246,true
coverage-correction-v2-timing-transfer-s1211-m1-r1-t2-c2-l4-d3-tr0-a2,CJ-B,micro,timing_transfer,996780092316625989,1211,true,true,2,2,4,3,0,2,true,false,70,34,2,11,11,2,80,LOWER_BOUND,272,2,0,0,0,2,6,4,1,1,6,3,false,0,0,0,0,0,0,0,1,false,0,true,false,true,false,5500148417334576645,1119763989808962246,true
coverage-correction-v2-timing-transfer-s1211-m1-r1-t2-c2-l4-d4-tr0-a2,CJ-B,micro,timing_transfer,9658700886722820987,1211,true,true,2,2,4,4,0,2,true,false,70,34,2,11,11,2,80,LOWER_BOUND,272,2,0,0,0,2,6,4,1,1,6,3,false,0,0,0,0,0,0,0,1,false,0,true,false,true,false,16193341843041987834,1119763989808962246,true
coverage-correction-v2-timing-transfer-s1211-m1-r1-t2-c2-l4-d5-tr0-a2,CJ-B,micro,timing_transfer,7490029101612682101,1211,true,true,2,2,4,5,0,2,true,false,70,34,2,11,11,2,80,LOWER_BOUND,272,2,0,0,0,2,6,4,1,1,6,3,false,0,0,0,0,0,0,0,1,false,0,true,false,true,false,4546497127747535647,1119763989808962246,true
coverage-correction-v2-timing-transfer-s1211-m1-r1-t2-c2-l4-d-1-tr2-a2,CJ-B,micro,timing_transfer,7883135130173019073,1211,true,true,2,2,4,-1,2,2,true,false,69,37,4,11,11,2,80,LOWER_BOUND,272,2,0,0,0,3,6,4,1,1,6,3,false,0,0,0,0,0,0,0,1,false,0,true,false,true,false,6462835499309640554,4198305133020052957,true
coverage-correction-v2-timing-transfer-s1211-m1-r1-t2-c2-l4-d0-tr2-a2,CJ-B,micro,timing_transfer,11971827014549362107,1211,true,true,2,2,4,0,2,2,true,false,69,35,2,11,11,2,80,LOWER_BOUND,272,2,0,0,0,2,6,4,1,1,6,3,false,0,0,0,0,0,0,0,1,false,0,true,false,true,false,18283458717906852198,1119763989808962246,true
coverage-correction-v2-timing-transfer-s1211-m1-r1-t2-c2-l4-d1-tr2-a2,CJ-B,micro,timing_transfer,10082245648137890529,1211,true,true,2,2,4,1,2,2,true,false,69,34,2,11,11,2,80,LOWER_BOUND,272,2,0,0,0,2,6,4,1,1,6,3,false,0,0,0,0,0,0,0,1,false,0,true,false,true,false,15725927378220565443,1119763989808962246,true
coverage-correction-v2-timing-transfer-s1211-m1-r1-t2-c2-l4-d2-tr2-a2,CJ-B,micro,timing_transfer,7212046422732075383,1211,true,true,2,2,4,2,2,2,true,false,69,34,2,11,11,2,80,LOWER_BOUND,272,2,0,0,0,2,6,4,1,1,6,3,false,0,0,0,0,0,0,0,1,false,0,true,false,true,false,18040122930609050016,1119763989808962246,true
coverage-correction-v2-timing-transfer-s1211-m1-r1-t2-c2-l4-d3-tr2-a2,CJ-B,micro,timing_transfer,602560362308477809,1211,true,true,2,2,4,3,2,2,true,false,69,34,2,11,11,2,80,LOWER_BOUND,272,2,0,0,0,2,6,4,1,1,6,3,false,0,0,0,0,0,0,0,1,false,0,true,false,true,false,5500148417334576645,1119763989808962246,true
coverage-correction-v2-timing-transfer-s1211-m1-r1-t2-c2-l4-d4-tr2-a2,CJ-B,micro,timing_transfer,13584992500247075091,1211,true,true,2,2,4,4,2,2,true,false,69,34,2,11,11,2,80,LOWER_BOUND,272,2,0,0,0,2,6,4,1,1,6,3,false,0,0,0,0,0,0,0,1,false,0,true,false,true,false,16193341843041987834,1119763989808962246,true
coverage-correction-v2-timing-transfer-s1211-m1-r1-t2-c2-l4-d5-tr2-a2,CJ-B,micro,timing_transfer,18372756775163412113,1211,true,true,2,2,4,5,2,2,true,false,69,34,2,11,11,2,80,LOWER_BOUND,272,2,0,0,0,2,6,4,1,1,6,3,false,0,0,0,0,0,0,0,1,false,0,true,false,true,false,4546497127747535647,1119763989808962246,true
coverage-correction-v2-timing-transfer-s1211-m1-r1-t2-c2-l4-d-1-tr4-a2,CJ-B,micro,timing_transfer,13333663783009979769,1211,true,true,2,2,4,-1,4,2,true,false,69,37,4,11,11,2,80,LOWER_BOUND,272,2,0,0,0,3,6,4,1,1,6,3,false,0,0,0,0,0,0,0,1,false,0,true,false,true,false,6462835499309640554,4198305133020052957,true
coverage-correction-v2-timing-transfer-s1211-m1-r1-t2-c2-l4-d0-tr4-a2,CJ-B,micro,timing_transfer,14640797748783798243,1211,true,true,2,2,4,0,4,2,true,false,69,35,2,11,11,2,80,LOWER_BOUND,272,2,0,0,0,2,6,4,1,1,6,3,false,0,0,0,0,0,0,0,1,false,0,true,false,true,false,18283458717906852198,1119763989808962246,true
coverage-correction-v2-timing-transfer-s1211-m1-r1-t2-c2-l4-d1-tr4-a2,CJ-B,micro,timing_transfer,13838434224338042445,1211,true,true,2,2,4,1,4,2,true,false,69,34,2,11,11,2,80,LOWER_BOUND,272,2,0,0,0,2,6,4,1,1,6,3,false,0,0,0,0,0,0,0,1,false,0,true,false,true,false,15725927378220565443,1119763989808962246,true
coverage-correction-v2-timing-transfer-s1211-m1-r1-t2-c2-l4-d2-tr4-a2,CJ-B,micro,timing_transfer,14776549689928436223,1211,true,true,2,2,4,2,4,2,true,false,69,34,2,11,11,2,80,LOWER_BOUND,272,2,0,0,0,2,6,4,1,1,6,3,false,0,0,0,0,0,0,0,1,false,0,true,false,true,false,18040122930609050016,1119763989808962246,true
coverage-correction-v2-timing-transfer-s1211-m1-r1-t2-c2-l4-d3-tr4-a2,CJ-B,micro,timing_transfer,11383751400004761341,1211,true,true,2,2,4,3,4,2,true,false,69,34,2,11,11,2,80,LOWER_BOUND,272,2,0,0,0,2,6,4,1,1,6,3,false,0,0,0,0,0,0,0,1,false,0,true,false,true,false,5500148417334576645,1119763989808962246,true
coverage-correction-v2-timing-transfer-s1211-m1-r1-t2-c2-l4-d4-tr4-a2,CJ-B,micro,timing_transfer,13286767224970384459,1211,true,true,2,2,4,4,4,2,true,false,69,34,2,11,11,2,80,LOWER_BOUND,272,2,0,0,0,2,6,4,1,1,6,3,false,0,0,0,0,0,0,0,1,false,0,true,false,true,false,16193341843041987834,1119763989808962246,true
coverage-correction-v2-timing-transfer-s1211-m1-r1-t2-c2-l4-d5-tr4-a2,CJ-B,micro,timing_transfer,15463152667816327797,1211,true,true,2,2,4,5,4,2,true,false,69,34,2,11,11,2,80,LOWER_BOUND,272,2,0,0,0,2,6,4,1,1,6,3,false,0,0,0,0,0,0,0,1,false,0,true,false,true,false,4546497127747535647,1119763989808962246,true
coverage-correction-v2-contemporary-reversal-s1211-m1-r1-t2-c2-l4-d0-tr0-a2,CJ-B,micro,shared_control,5685477761287208019,1211,true,true,2,2,4,0,0,2,true,true,454,130,43,35,35,4,160,LOWER_BOUND,912,9,2,3,3,9,18,13,3,2,18,9,false,1,5,2,2,582,7,41,0,false,0,true,false,true,false,6408115342068832309,14266031981080681790,false
coverage-correction-v2-burst-4-s1211-m1-r1-t3-c1-l0-d1-tr0-a2,CJ-B,micro,same_source_bursts,13227542052848267568,1211,true,true,3,1,0,1,0,2,false,false,0,42,6,4,4,4,160,LOWER_BOUND,272,2,0,0,0,0,0,0,0,0,0,0,false,0,0,0,0,0,0,0,0,false,0,false,false,true,false,8723732466840982076,8314936861846788310,true
coverage-correction-v2-blocked-late-return-s1211-m1-r1-t3-c1-l0-d0-tr0-a6,CJ-B,micro,dense_return_topology,10003156684454337820,1211,true,true,3,1,0,0,0,6,true,true,51,16,1,5,5,2,80,LOWER_BOUND,832,7,2,0,0,0,2,2,1,1,2,1,false,3,2,1,1,0,0,0,0,true,0,false,false,true,false,8680352741471443727,5293843844796887069,true
coverage-correction-v2-timing-transfer-s1211-m1-r1-t3-c1-l0-d-1-tr0-a2,CJ-B,micro,timing_transfer,4175899864403910715,1211,true,true,3,1,0,-1,0,2,true,false,49,14,2,7,7,2,80,LOWER_BOUND,272,2,0,0,0,1,2,3,1,0,2,1,false,0,0,0,0,0,0,0,0,false,0,false,false,true,false,13758656015017389370,17257996724211816314,true
coverage-correction-v2-timing-transfer-s1211-m1-r1-t3-c1-l0-d0-tr0-a2,CJ-B,micro,timing_transfer,2257822596979835465,1211,true,true,3,1,0,0,0,2,true,false,49,36,2,9,9,2,80,LOWER_BOUND,272,2,0,0,0,1,4,3,1,1,4,2,false,0,0,0,0,0,0,0,1,false,0,true,false,true,false,5520796697936308272,17257996724211816314,true
coverage-correction-v2-timing-transfer-s1211-m1-r1-t3-c1-l0-d1-tr0-a2,CJ-B,micro,timing_transfer,4563939421055367879,1211,true,true,3,1,0,1,0,2,true,false,49,14,2,7,7,2,80,LOWER_BOUND,272,2,0,0,0,1,2,3,1,0,2,1,false,0,0,0,0,0,0,0,0,false,0,false,false,true,false,3736775032480709352,17257996724211816314,true
coverage-correction-v2-timing-transfer-s1211-m1-r1-t3-c1-l0-d2-tr0-a2,CJ-B,micro,timing_transfer,547885439483939701,1211,true,true,3,1,0,2,0,2,true,false,49,14,2,7,7,2,80,LOWER_BOUND,272,2,0,0,0,1,2,3,1,0,2,1,false,0,0,0,0,0,0,0,0,false,0,false,false,true,false,5516822299382548056,17257996724211816314,true
coverage-correction-v2-timing-transfer-s1211-m1-r1-t3-c1-l0-d3-tr0-a2,CJ-B,micro,timing_transfer,854206576839795591,1211,true,true,3,1,0,3,0,2,true,false,49,14,2,7,7,2,80,LOWER_BOUND,272,2,0,0,0,1,2,3,1,0,2,1,false,0,0,0,0,0,0,0,0,false,0,false,false,true,false,11296124144952757765,17257996724211816314,true
coverage-correction-v2-timing-transfer-s1211-m1-r1-t3-c1-l0-d4-tr0-a2,CJ-B,micro,timing_transfer,5380398711868792177,1211,true,true,3,1,0,4,0,2,true,false,49,14,2,7,7,2,80,LOWER_BOUND,272,2,0,0,0,1,2,3,1,0,2,1,false,0,0,0,0,0,0,0,0,false,0,false,false,true,false,5110468655627390842,17257996724211816314,true
coverage-correction-v2-timing-transfer-s1211-m1-r1-t3-c1-l0-d5-tr0-a2,CJ-B,micro,timing_transfer,13850631992927764175,1211,true,true,3,1,0,5,0,2,true,false,49,14,2,7,7,2,80,LOWER_BOUND,272,2,0,0,0,1,2,3,1,0,2,1,false,0,0,0,0,0,0,0,0,false,0,false,false,true,false,1735605275804592199,17257996724211816314,true
coverage-correction-v2-timing-transfer-s1211-m1-r1-t3-c1-l0-d-1-tr2-a2,CJ-B,micro,timing_transfer,10261566382801229587,1211,true,true,3,1,0,-1,2,2,true,false,25,14,2,5,5,2,80,LOWER_BOUND,272,2,0,0,0,0,0,2,0,0,0,0,false,0,0,0,0,0,0,0,0,false,0,false,false,true,false,5069983909396284576,17397861576526946584,true
coverage-correction-v2-timing-transfer-s1211-m1-r1-t3-c1-l0-d0-tr2-a2,CJ-B,micro,timing_transfer,2242992226198244489,1211,true,true,3,1,0,0,2,2,true,false,25,36,2,7,7,2,80,LOWER_BOUND,272,2,0,0,0,0,2,2,0,1,2,1,false,0,0,0,0,0,0,0,1,false,0,true,false,true,false,1459367933234537084,17397861576526946584,true
coverage-correction-v2-timing-transfer-s1211-m1-r1-t3-c1-l0-d1-tr2-a2,CJ-B,micro,timing_transfer,7948902864355108459,1211,true,true,3,1,0,1,2,2,true,false,25,14,2,5,5,2,80,LOWER_BOUND,272,2,0,0,0,0,0,2,0,0,0,0,false,0,0,0,0,0,0,0,0,false,0,false,false,true,false,2365288569927974274,17397861576526946584,true
coverage-correction-v2-timing-transfer-s1211-m1-r1-t3-c1-l0-d2-tr2-a2,CJ-B,micro,timing_transfer,8249779894409064053,1211,true,true,3,1,0,2,2,2,true,false,25,14,2,5,5,2,80,LOWER_BOUND,272,2,0,0,0,0,0,2,0,0,0,0,false,0,0,0,0,0,0,0,0,false,0,false,false,true,false,17011001970425951394,17397861576526946584,true
coverage-correction-v2-timing-transfer-s1211-m1-r1-t3-c1-l0-d3-tr2-a2,CJ-B,micro,timing_transfer,4212836081864448851,1211,true,true,3,1,0,3,2,2,true,false,25,14,2,5,5,2,80,LOWER_BOUND,272,2,0,0,0,0,0,2,0,0,0,0,false,0,0,0,0,0,0,0,0,false,0,false,false,true,false,444329481201958475,17397861576526946584,true
coverage-correction-v2-timing-transfer-s1211-m1-r1-t3-c1-l0-d4-tr2-a2,CJ-B,micro,timing_transfer,4153053698445917601,1211,true,true,3,1,0,4,2,2,true,false,25,14,2,5,5,2,80,LOWER_BOUND,272,2,0,0,0,0,0,2,0,0,0,0,false,0,0,0,0,0,0,0,0,false,0,false,false,true,false,13464920637884288252,17397861576526946584,true
coverage-correction-v2-timing-transfer-s1211-m1-r1-t3-c1-l0-d5-tr2-a2,CJ-B,micro,timing_transfer,16555467398197445915,1211,true,true,3,1,0,5,2,2,true,false,25,14,2,5,5,2,80,LOWER_BOUND,272,2,0,0,0,0,0,2,0,0,0,0,false,0,0,0,0,0,0,0,0,false,0,false,false,true,false,105484944248098037,17397861576526946584,true
coverage-correction-v2-timing-transfer-s1211-m1-r1-t3-c1-l0-d-1-tr4-a2,CJ-B,micro,timing_transfer,12524808304429750483,1211,true,true,3,1,0,-1,4,2,true,false,25,14,2,5,5,2,80,LOWER_BOUND,272,2,0,0,0,0,0,2,0,0,0,0,false,0,0,0,0,0,0,0,0,false,0,false,false,true,false,5069983909396284576,17397861576526946584,true
coverage-correction-v2-timing-transfer-s1211-m1-r1-t3-c1-l0-d0-tr4-a2,CJ-B,micro,timing_transfer,7827969557875918137,1211,true,true,3,1,0,0,4,2,true,false,25,36,2,7,7,2,80,LOWER_BOUND,272,2,0,0,0,0,2,2,0,1,2,1,false,0,0,0,0,0,0,0,1,false,0,true,false,true,false,1459367933234537084,17397861576526946584,true
coverage-correction-v2-timing-transfer-s1211-m1-r1-t3-c1-l0-d1-tr4-a2,CJ-B,micro,timing_transfer,11963833051348471303,1211,true,true,3,1,0,1,4,2,true,false,25,14,2,5,5,2,80,LOWER_BOUND,272,2,0,0,0,0,0,2,0,0,0,0,false,0,0,0,0,0,0,0,0,false,0,false,false,true,false,2365288569927974274,17397861576526946584,true
coverage-correction-v2-timing-transfer-s1211-m1-r1-t3-c1-l0-d2-tr4-a2,CJ-B,micro,timing_transfer,13611032128329905685,1211,true,true,3,1,0,2,4,2,true,false,25,14,2,5,5,2,80,LOWER_BOUND,272,2,0,0,0,0,0,2,0,0,0,0,false,0,0,0,0,0,0,0,0,false,0,false,false,true,false,17011001970425951394,17397861576526946584,true
coverage-correction-v2-timing-transfer-s1211-m1-r1-t3-c1-l0-d3-tr4-a2,CJ-B,micro,timing_transfer,3946524048767584159,1211,true,true,3,1,0,3,4,2,true,false,25,14,2,5,5,2,80,LOWER_BOUND,272,2,0,0,0,0,0,2,0,0,0,0,false,0,0,0,0,0,0,0,0,false,0,false,false,true,false,444329481201958475,17397861576526946584,true
coverage-correction-v2-timing-transfer-s1211-m1-r1-t3-c1-l0-d4-tr4-a2,CJ-B,micro,timing_transfer,16686095060610664641,1211,true,true,3,1,0,4,4,2,true,false,25,14,2,5,5,2,80,LOWER_BOUND,272,2,0,0,0,0,0,2,0,0,0,0,false,0,0,0,0,0,0,0,0,false,0,false,false,true,false,13464920637884288252,17397861576526946584,true
coverage-correction-v2-timing-transfer-s1211-m1-r1-t3-c1-l0-d5-tr4-a2,CJ-B,micro,timing_transfer,4105147622815674479,1211,true,true,3,1,0,5,4,2,true,false,25,14,2,5,5,2,80,LOWER_BOUND,272,2,0,0,0,0,0,2,0,0,0,0,false,0,0,0,0,0,0,0,0,false,0,false,false,true,false,105484944248098037,17397861576526946584,true
coverage-correction-v2-contemporary-reversal-s1211-m1-r1-t3-c1-l0-d0-tr0-a2,CJ-B,micro,shared_control,10632993373970485497,1211,true,true,3,1,0,0,0,2,true,true,338,138,34,29,29,4,160,LOWER_BOUND,912,9,2,3,3,4,12,13,2,2,12,6,false,1,2,1,2,474,5,43,0,false,0,true,false,true,false,11237842767280515698,12052611601769599679,false
coverage-correction-v2-burst-4-s1211-m1-r1-t3-c1-l4-d1-tr0-a2,CJ-B,micro,same_source_bursts,12642557879002738800,1211,true,true,3,1,4,1,0,2,false,false,0,42,6,4,4,4,160,LOWER_BOUND,272,2,0,0,0,0,0,0,0,0,0,0,false,0,0,0,0,0,0,0,0,false,0,false,false,true,false,8723732466840982076,8314936861846788310,true
coverage-correction-v2-blocked-late-return-s1211-m1-r1-t3-c1-l4-d0-tr0-a6,CJ-B,micro,dense_return_topology,12131777120750661788,1211,true,true,3,1,4,0,0,6,true,true,121,16,23,9,9,6,240,LOWER_BOUND,1024,7,2,0,0,0,2,2,1,1,2,1,false,3,2,1,1,0,0,0,0,true,0,false,false,true,false,626325664980034493,2273002834648123491,true
coverage-correction-v2-timing-transfer-s1211-m1-r1-t3-c1-l4-d-1-tr0-a2,CJ-B,micro,timing_transfer,882686671497247507,1211,true,true,3,1,4,-1,0,2,true,false,49,14,2,7,7,2,80,LOWER_BOUND,272,2,0,0,0,1,2,3,1,0,2,1,false,0,0,0,0,0,0,0,0,false,0,false,false,true,false,13758656015017389370,17257996724211816314,true
coverage-correction-v2-timing-transfer-s1211-m1-r1-t3-c1-l4-d0-tr0-a2,CJ-B,micro,timing_transfer,1150399063868011313,1211,true,true,3,1,4,0,0,2,true,false,49,36,2,9,9,2,80,LOWER_BOUND,272,2,0,0,0,1,4,3,1,1,4,2,false,0,0,0,0,0,0,0,1,false,0,true,false,true,false,5520796697936308272,17257996724211816314,true
coverage-correction-v2-timing-transfer-s1211-m1-r1-t3-c1-l4-d1-tr0-a2,CJ-B,micro,timing_transfer,7357869069409487503,1211,true,true,3,1,4,1,0,2,true,false,49,14,2,7,7,2,80,LOWER_BOUND,272,2,0,0,0,1,2,3,1,0,2,1,false,0,0,0,0,0,0,0,0,false,0,false,false,true,false,3736775032480709352,17257996724211816314,true
coverage-correction-v2-timing-transfer-s1211-m1-r1-t3-c1-l4-d2-tr0-a2,CJ-B,micro,timing_transfer,6825332391307120613,1211,true,true,3,1,4,2,0,2,true,false,49,14,2,7,7,2,80,LOWER_BOUND,272,2,0,0,0,1,2,3,1,0,2,1,false,0,0,0,0,0,0,0,0,false,0,false,false,true,false,5516822299382548056,17257996724211816314,true
coverage-correction-v2-timing-transfer-s1211-m1-r1-t3-c1-l4-d3-tr0-a2,CJ-B,micro,timing_transfer,6907237921846281183,1211,true,true,3,1,4,3,0,2,true,false,49,14,2,7,7,2,80,LOWER_BOUND,272,2,0,0,0,1,2,3,1,0,2,1,false,0,0,0,0,0,0,0,0,false,0,false,false,true,false,11296124144952757765,17257996724211816314,true
coverage-correction-v2-timing-transfer-s1211-m1-r1-t3-c1-l4-d4-tr0-a2,CJ-B,micro,timing_transfer,2922721055594744521,1211,true,true,3,1,4,4,0,2,true,false,49,14,2,7,7,2,80,LOWER_BOUND,272,2,0,0,0,1,2,3,1,0,2,1,false,0,0,0,0,0,0,0,0,false,0,false,false,true,false,5110468655627390842,17257996724211816314,true
coverage-correction-v2-timing-transfer-s1211-m1-r1-t3-c1-l4-d5-tr0-a2,CJ-B,micro,timing_transfer,9898122562508776519,1211,true,true,3,1,4,5,0,2,true,false,49,14,2,7,7,2,80,LOWER_BOUND,272,2,0,0,0,1,2,3,1,0,2,1,false,0,0,0,0,0,0,0,0,false,0,false,false,true,false,1735605275804592199,17257996724211816314,true
coverage-correction-v2-timing-transfer-s1211-m1-r1-t3-c1-l4-d-1-tr2-a2,CJ-B,micro,timing_transfer,3010892020021066939,1211,true,true,3,1,4,-1,2,2,true,false,25,14,2,5,5,2,80,LOWER_BOUND,272,2,0,0,0,0,0,2,0,0,0,0,false,0,0,0,0,0,0,0,0,false,0,false,false,true,false,5069983909396284576,17397861576526946584,true
coverage-correction-v2-timing-transfer-s1211-m1-r1-t3-c1-l4-d0-tr2-a2,CJ-B,micro,timing_transfer,16202783456490886625,1211,true,true,3,1,4,0,2,2,true,false,25,36,2,7,7,2,80,LOWER_BOUND,272,2,0,0,0,0,2,2,0,1,2,1,false,0,0,0,0,0,0,0,1,false,0,true,false,true,false,1459367933234537084,17397861576526946584,true
coverage-correction-v2-timing-transfer-s1211-m1-r1-t3-c1-l4-d1-tr2-a2,CJ-B,micro,timing_transfer,3363564299261254043,1211,true,true,3,1,4,1,2,2,true,false,25,14,2,5,5,2,80,LOWER_BOUND,272,2,0,0,0,0,0,2,0,0,0,0,false,0,0,0,0,0,0,0,0,false,0,false,false,true,false,2365288569927974274,17397861576526946584,true
coverage-correction-v2-timing-transfer-s1211-m1-r1-t3-c1-l4-d2-tr2-a2,CJ-B,micro,timing_transfer,3968414655110086165,1211,true,true,3,1,4,2,2,2,true,false,25,14,2,5,5,2,80,LOWER_BOUND,272,2,0,0,0,0,0,2,0,0,0,0,false,0,0,0,0,0,0,0,0,false,0,false,false,true,false,17011001970425951394,17397861576526946584,true
coverage-correction-v2-timing-transfer-s1211-m1-r1-t3-c1-l4-d3-tr2-a2,CJ-B,micro,timing_transfer,7288796987054379859,1211,true,true,3,1,4,3,2,2,true,false,25,14,2,5,5,2,80,LOWER_BOUND,272,2,0,0,0,0,0,2,0,0,0,0,false,0,0,0,0,0,0,0,0,false,0,false,false,true,false,444329481201958475,17397861576526946584,true
coverage-correction-v2-timing-transfer-s1211-m1-r1-t3-c1-l4-d4-tr2-a2,CJ-B,micro,timing_transfer,419135391121947401,1211,true,true,3,1,4,4,2,2,true,false,25,14,2,5,5,2,80,LOWER_BOUND,272,2,0,0,0,0,0,2,0,0,0,0,false,0,0,0,0,0,0,0,0,false,0,false,false,true,false,13464920637884288252,17397861576526946584,true
coverage-correction-v2-timing-transfer-s1211-m1-r1-t3-c1-l4-d5-tr2-a2,CJ-B,micro,timing_transfer,11635785039360397483,1211,true,true,3,1,4,5,2,2,true,false,25,14,2,5,5,2,80,LOWER_BOUND,272,2,0,0,0,0,0,2,0,0,0,0,false,0,0,0,0,0,0,0,0,false,0,false,false,true,false,105484944248098037,17397861576526946584,true
coverage-correction-v2-timing-transfer-s1211-m1-r1-t3-c1-l4-d-1-tr4-a2,CJ-B,micro,timing_transfer,3511278636897521611,1211,true,true,3,1,4,-1,4,2,true,false,25,14,2,5,5,2,80,LOWER_BOUND,272,2,0,0,0,0,0,2,0,0,0,0,false,0,0,0,0,0,0,0,0,false,0,false,false,true,false,5069983909396284576,17397861576526946584,true
coverage-correction-v2-timing-transfer-s1211-m1-r1-t3-c1-l4-d0-tr4-a2,CJ-B,micro,timing_transfer,14517271412861430721,1211,true,true,3,1,4,0,4,2,true,false,25,36,2,7,7,2,80,LOWER_BOUND,272,2,0,0,0,0,2,2,0,1,2,1,false,0,0,0,0,0,0,0,1,false,0,true,false,true,false,1459367933234537084,17397861576526946584,true
coverage-correction-v2-timing-transfer-s1211-m1-r1-t3-c1-l4-d1-tr4-a2,CJ-B,micro,timing_transfer,5478738077489802607,1211,true,true,3,1,4,1,4,2,true,false,25,14,2,5,5,2,80,LOWER_BOUND,272,2,0,0,0,0,0,2,0,0,0,0,false,0,0,0,0,0,0,0,0,false,0,false,false,true,false,2365288569927974274,17397861576526946584,true
coverage-correction-v2-timing-transfer-s1211-m1-r1-t3-c1-l4-d2-tr4-a2,CJ-B,micro,timing_transfer,17774067676120965317,1211,true,true,3,1,4,2,4,2,true,false,25,14,2,5,5,2,80,LOWER_BOUND,272,2,0,0,0,0,0,2,0,0,0,0,false,0,0,0,0,0,0,0,0,false,0,false,false,true,false,17011001970425951394,17397861576526946584,true
coverage-correction-v2-timing-transfer-s1211-m1-r1-t3-c1-l4-d3-tr4-a2,CJ-B,micro,timing_transfer,17646378398415681991,1211,true,true,3,1,4,3,4,2,true,false,25,14,2,5,5,2,80,LOWER_BOUND,272,2,0,0,0,0,0,2,0,0,0,0,false,0,0,0,0,0,0,0,0,false,0,false,false,true,false,444329481201958475,17397861576526946584,true
coverage-correction-v2-timing-transfer-s1211-m1-r1-t3-c1-l4-d4-tr4-a2,CJ-B,micro,timing_transfer,14665755614851751161,1211,true,true,3,1,4,4,4,2,true,false,25,14,2,5,5,2,80,LOWER_BOUND,272,2,0,0,0,0,0,2,0,0,0,0,false,0,0,0,0,0,0,0,0,false,0,false,false,true,false,13464920637884288252,17397861576526946584,true
coverage-correction-v2-timing-transfer-s1211-m1-r1-t3-c1-l4-d5-tr4-a2,CJ-B,micro,timing_transfer,2509570502863093959,1211,true,true,3,1,4,5,4,2,true,false,25,14,2,5,5,2,80,LOWER_BOUND,272,2,0,0,0,0,0,2,0,0,0,0,false,0,0,0,0,0,0,0,0,false,0,false,false,true,false,105484944248098037,17397861576526946584,true
coverage-correction-v2-contemporary-reversal-s1211-m1-r1-t3-c1-l4-d0-tr0-a2,CJ-B,micro,shared_control,14573925931149989441,1211,true,true,3,1,4,0,0,2,true,true,338,138,34,29,29,4,160,LOWER_BOUND,912,9,2,3,3,4,12,13,2,2,12,6,false,1,2,1,2,474,5,43,0,false,0,true,false,true,false,11237842767280515698,12052611601769599679,false
coverage-correction-v2-burst-4-s1211-m1-r1-t3-c2-l0-d1-tr0-a2,CJ-B,micro,same_source_bursts,14461246995270377102,1211,true,true,3,2,0,1,0,2,false,false,0,42,6,4,4,4,160,LOWER_BOUND,272,2,0,0,0,0,0,0,0,0,0,0,false,0,0,0,0,0,0,0,0,false,0,false,false,true,false,16351657227970520771,377301742662006097,true
coverage-correction-v2-blocked-late-return-s1211-m1-r1-t3-c2-l0-d0-tr0-a6,CJ-B,micro,dense_return_topology,6551664537982423172,1211,true,true,3,2,0,0,0,6,true,true,50,16,1,5,5,2,80,LOWER_BOUND,832,7,2,0,0,0,2,2,1,1,2,1,false,3,2,2,2,0,0,0,0,true,0,false,false,true,false,8657426313334554513,7493609278582436627,true
coverage-correction-v2-timing-transfer-s1211-m1-r1-t3-c2-l0-d-1-tr0-a2,CJ-B,micro,timing_transfer,1829954067452231095,1211,true,true,3,2,0,-1,0,2,true,false,48,14,2,7,7,2,80,LOWER_BOUND,272,2,0,0,0,1,2,3,1,0,2,1,false,0,0,0,0,0,0,0,0,false,0,false,false,true,false,1037229920673339428,15264440694377366193,true
coverage-correction-v2-timing-transfer-s1211-m1-r1-t3-c2-l0-d0-tr0-a2,CJ-B,micro,timing_transfer,8898641148973306287,1211,true,true,3,2,0,0,0,2,true,false,48,35,2,9,9,2,80,LOWER_BOUND,272,2,0,0,0,1,4,3,1,1,4,2,false,0,0,0,0,0,0,0,1,false,0,true,false,true,false,14970936991394927791,15264440694377366193,true
coverage-correction-v2-timing-transfer-s1211-m1-r1-t3-c2-l0-d1-tr0-a2,CJ-B,micro,timing_transfer,4352043121244761085,1211,true,true,3,2,0,1,0,2,true,false,48,14,2,7,7,2,80,LOWER_BOUND,272,2,0,0,0,1,2,3,1,0,2,1,false,0,0,0,0,0,0,0,0,false,0,false,false,true,false,11535271225980897280,15264440694377366193,true
coverage-correction-v2-timing-transfer-s1211-m1-r1-t3-c2-l0-d2-tr0-a2,CJ-B,micro,timing_transfer,9338650654634002447,1211,true,true,3,2,0,2,0,2,true,false,48,14,2,7,7,2,80,LOWER_BOUND,272,2,0,0,0,1,2,3,1,0,2,1,false,0,0,0,0,0,0,0,0,false,0,false,false,true,false,13726035075783243683,15264440694377366193,true
coverage-correction-v2-timing-transfer-s1211-m1-r1-t3-c2-l0-d3-tr0-a2,CJ-B,micro,timing_transfer,4268978693318657873,1211,true,true,3,2,0,3,0,2,true,false,48,14,2,7,7,2,80,LOWER_BOUND,272,2,0,0,0,1,2,3,1,0,2,1,false,0,0,0,0,0,0,0,0,false,0,false,false,true,false,10893426881569544910,15264440694377366193,true
coverage-correction-v2-timing-transfer-s1211-m1-r1-t3-c2-l0-d4-tr0-a2,CJ-B,micro,timing_transfer,11055610559712622407,1211,true,true,3,2,0,4,0,2,true,false,48,14,2,7,7,2,80,LOWER_BOUND,272,2,0,0,0,1,2,3,1,0,2,1,false,0,0,0,0,0,0,0,0,false,0,false,false,true,false,11291442081474920129,15264440694377366193,true
coverage-correction-v2-timing-transfer-s1211-m1-r1-t3-c2-l0-d5-tr0-a2,CJ-B,micro,timing_transfer,9650783121468511533,1211,true,true,3,2,0,5,0,2,true,false,48,14,2,7,7,2,80,LOWER_BOUND,272,2,0,0,0,1,2,3,1,0,2,1,false,0,0,0,0,0,0,0,0,false,0,false,false,true,false,17868948307094322316,15264440694377366193,true
coverage-correction-v2-timing-transfer-s1211-m1-r1-t3-c2-l0-d-1-tr2-a2,CJ-B,micro,timing_transfer,9314706169461960899,1211,true,true,3,2,0,-1,2,2,true,false,25,14,2,5,5,2,80,LOWER_BOUND,272,2,0,0,0,0,0,2,0,0,0,0,false,0,0,0,0,0,0,0,0,false,0,false,false,true,false,14760227978554910710,6230847919528928451,true
coverage-correction-v2-timing-transfer-s1211-m1-r1-t3-c2-l0-d0-tr2-a2,CJ-B,micro,timing_transfer,5513435421793131707,1211,true,true,3,2,0,0,2,2,true,false,25,35,2,7,7,2,80,LOWER_BOUND,272,2,0,0,0,0,2,2,0,1,2,1,false,0,0,0,0,0,0,0,1,false,0,true,false,true,false,224717295728511523,6230847919528928451,true
coverage-correction-v2-timing-transfer-s1211-m1-r1-t3-c2-l0-d1-tr2-a2,CJ-B,micro,timing_transfer,6686796741415580829,1211,true,true,3,2,0,1,2,2,true,false,25,14,2,5,5,2,80,LOWER_BOUND,272,2,0,0,0,0,0,2,0,0,0,0,false,0,0,0,0,0,0,0,0,false,0,false,false,true,false,12993783417280456826,6230847919528928451,true
coverage-correction-v2-timing-transfer-s1211-m1-r1-t3-c2-l0-d2-tr2-a2,CJ-B,micro,timing_transfer,4524501187717134355,1211,true,true,3,2,0,2,2,2,true,false,25,14,2,5,5,2,80,LOWER_BOUND,272,2,0,0,0,0,0,2,0,0,0,0,false,0,0,0,0,0,0,0,0,false,0,false,false,true,false,10064016777981441425,6230847919528928451,true
coverage-correction-v2-timing-transfer-s1211-m1-r1-t3-c2-l0-d3-tr2-a2,CJ-B,micro,timing_transfer,7921502145951900561,1211,true,true,3,2,0,3,2,2,true,false,25,14,2,5,5,2,80,LOWER_BOUND,272,2,0,0,0,0,0,2,0,0,0,0,false,0,0,0,0,0,0,0,0,false,0,false,false,true,false,5278500082175940696,6230847919528928451,true
coverage-correction-v2-timing-transfer-s1211-m1-r1-t3-c2-l0-d4-tr2-a2,CJ-B,micro,timing_transfer,9823605516889066971,1211,true,true,3,2,0,4,2,2,true,false,25,14,2,5,5,2,80,LOWER_BOUND,272,2,0,0,0,0,0,2,0,0,0,0,false,0,0,0,0,0,0,0,0,false,0,false,false,true,false,7587421554821327503,6230847919528928451,true
coverage-correction-v2-timing-transfer-s1211-m1-r1-t3-c2-l0-d5-tr2-a2,CJ-B,micro,timing_transfer,17603656955563442653,1211,true,true,3,2,0,5,2,2,true,false,25,14,2,5,5,2,80,LOWER_BOUND,272,2,0,0,0,0,0,2,0,0,0,0,false,0,0,0,0,0,0,0,0,false,0,false,false,true,false,8250609457130471654,6230847919528928451,true
coverage-correction-v2-timing-transfer-s1211-m1-r1-t3-c2-l0-d-1-tr4-a2,CJ-B,micro,timing_transfer,16971352638753042063,1211,true,true,3,2,0,-1,4,2,true,false,25,14,2,5,5,2,80,LOWER_BOUND,272,2,0,0,0,0,0,2,0,0,0,0,false,0,0,0,0,0,0,0,0,false,0,false,false,true,false,14760227978554910710,6230847919528928451,true
coverage-correction-v2-timing-transfer-s1211-m1-r1-t3-c2-l0-d0-tr4-a2,CJ-B,micro,timing_transfer,17283288907296268999,1211,true,true,3,2,0,0,4,2,true,false,25,35,2,7,7,2,80,LOWER_BOUND,272,2,0,0,0,0,2,2,0,1,2,1,false,0,0,0,0,0,0,0,1,false,0,true,false,true,false,224717295728511523,6230847919528928451,true
coverage-correction-v2-timing-transfer-s1211-m1-r1-t3-c2-l0-d1-tr4-a2,CJ-B,micro,timing_transfer,8095941607707613245,1211,true,true,3,2,0,1,4,2,true,false,25,14,2,5,5,2,80,LOWER_BOUND,272,2,0,0,0,0,0,2,0,0,0,0,false,0,0,0,0,0,0,0,0,false,0,false,false,true,false,12993783417280456826,6230847919528928451,true
coverage-correction-v2-timing-transfer-s1211-m1-r1-t3-c2-l0-d2-tr4-a2,CJ-B,micro,timing_transfer,7465353690889414063,1211,true,true,3,2,0,2,4,2,true,false,25,14,2,5,5,2,80,LOWER_BOUND,272,2,0,0,0,0,0,2,0,0,0,0,false,0,0,0,0,0,0,0,0,false,0,false,false,true,false,10064016777981441425,6230847919528928451,true
coverage-correction-v2-timing-transfer-s1211-m1-r1-t3-c2-l0-d3-tr4-a2,CJ-B,micro,timing_transfer,4265282293664798657,1211,true,true,3,2,0,3,4,2,true,false,25,14,2,5,5,2,80,LOWER_BOUND,272,2,0,0,0,0,0,2,0,0,0,0,false,0,0,0,0,0,0,0,0,false,0,false,false,true,false,5278500082175940696,6230847919528928451,true
coverage-correction-v2-timing-transfer-s1211-m1-r1-t3-c2-l0-d4-tr4-a2,CJ-B,micro,timing_transfer,13575331949583674863,1211,true,true,3,2,0,4,4,2,true,false,25,14,2,5,5,2,80,LOWER_BOUND,272,2,0,0,0,0,0,2,0,0,0,0,false,0,0,0,0,0,0,0,0,false,0,false,false,true,false,7587421554821327503,6230847919528928451,true
coverage-correction-v2-timing-transfer-s1211-m1-r1-t3-c2-l0-d5-tr4-a2,CJ-B,micro,timing_transfer,11527885128957788973,1211,true,true,3,2,0,5,4,2,true,false,25,14,2,5,5,2,80,LOWER_BOUND,272,2,0,0,0,0,0,2,0,0,0,0,false,0,0,0,0,0,0,0,0,false,0,false,false,true,false,8250609457130471654,6230847919528928451,true
coverage-correction-v2-contemporary-reversal-s1211-m1-r1-t3-c2-l0-d0-tr0-a2,CJ-B,micro,shared_control,11899705820558704201,1211,true,true,3,2,0,0,0,2,true,true,241,57,26,21,21,4,160,LOWER_BOUND,976,10,2,4,4,0,4,10,2,0,4,2,false,1,1,2,1,298,6,37,0,false,0,false,false,true,false,11012560803750658528,6402276341297024025,false
coverage-correction-v2-burst-4-s1211-m1-r1-t3-c2-l4-d1-tr0-a2,CJ-B,micro,same_source_bursts,7424916753763692150,1211,true,true,3,2,4,1,0,2,false,false,0,42,6,4,4,4,160,LOWER_BOUND,272,2,0,0,0,0,0,0,0,0,0,0,false,0,0,0,0,0,0,0,0,false,0,false,false,true,false,16351657227970520771,377301742662006097,true
coverage-correction-v2-blocked-late-return-s1211-m1-r1-t3-c2-l4-d0-tr0-a6,CJ-B,micro,dense_return_topology,17532434422069141732,1211,true,true,3,2,4,0,0,6,true,true,120,16,23,9,9,6,240,LOWER_BOUND,1024,7,2,0,0,0,2,2,1,1,2,1,false,3,2,2,2,0,0,0,0,true,0,false,false,true,false,2927396996685375479,15415965896906997441,true
coverage-correction-v2-timing-transfer-s1211-m1-r1-t3-c2-l4-d-1-tr0-a2,CJ-B,micro,timing_transfer,16300275773892903151,1211,true,true,3,2,4,-1,0,2,true,false,48,14,2,7,7,2,80,LOWER_BOUND,272,2,0,0,0,1,2,3,1,0,2,1,false,0,0,0,0,0,0,0,0,false,0,false,false,true,false,1037229920673339428,15264440694377366193,true
coverage-correction-v2-timing-transfer-s1211-m1-r1-t3-c2-l4-d0-tr0-a2,CJ-B,micro,timing_transfer,8651686114793078575,1211,true,true,3,2,4,0,0,2,true,false,48,35,2,9,9,2,80,LOWER_BOUND,272,2,0,0,0,1,4,3,1,1,4,2,false,0,0,0,0,0,0,0,1,false,0,true,false,true,false,14970936991394927791,15264440694377366193,true
coverage-correction-v2-timing-transfer-s1211-m1-r1-t3-c2-l4-d1-tr0-a2,CJ-B,micro,timing_transfer,4417937140760063285,1211,true,true,3,2,4,1,0,2,true,false,48,14,2,7,7,2,80,LOWER_BOUND,272,2,0,0,0,1,2,3,1,0,2,1,false,0,0,0,0,0,0,0,0,false,0,false,false,true,false,11535271225980897280,15264440694377366193,true
coverage-correction-v2-timing-transfer-s1211-m1-r1-t3-c2-l4-d2-tr0-a2,CJ-B,micro,timing_transfer,5858007912532703775,1211,true,true,3,2,4,2,0,2,true,false,48,14,2,7,7,2,80,LOWER_BOUND,272,2,0,0,0,1,2,3,1,0,2,1,false,0,0,0,0,0,0,0,0,false,0,false,false,true,false,13726035075783243683,15264440694377366193,true
coverage-correction-v2-timing-transfer-s1211-m1-r1-t3-c2-l4-d3-tr0-a2,CJ-B,micro,timing_transfer,5593301931664005953,1211,true,true,3,2,4,3,0,2,true,false,48,14,2,7,7,2,80,LOWER_BOUND,272,2,0,0,0,1,2,3,1,0,2,1,false,0,0,0,0,0,0,0,0,false,0,false,false,true,false,10893426881569544910,15264440694377366193,true
coverage-correction-v2-timing-transfer-s1211-m1-r1-t3-c2-l4-d4-tr0-a2,CJ-B,micro,timing_transfer,15176910434138421879,1211,true,true,3,2,4,4,0,2,true,false,48,14,2,7,7,2,80,LOWER_BOUND,272,2,0,0,0,1,2,3,1,0,2,1,false,0,0,0,0,0,0,0,0,false,0,false,false,true,false,11291442081474920129,15264440694377366193,true
coverage-correction-v2-timing-transfer-s1211-m1-r1-t3-c2-l4-d5-tr0-a2,CJ-B,micro,timing_transfer,6428897659980889285,1211,true,true,3,2,4,5,0,2,true,false,48,14,2,7,7,2,80,LOWER_BOUND,272,2,0,0,0,1,2,3,1,0,2,1,false,0,0,0,0,0,0,0,0,false,0,false,false,true,false,17868948307094322316,15264440694377366193,true
coverage-correction-v2-timing-transfer-s1211-m1-r1-t3-c2-l4-d-1-tr2-a2,CJ-B,micro,timing_transfer,1707065641123428115,1211,true,true,3,2,4,-1,2,2,true,false,25,14,2,5,5,2,80,LOWER_BOUND,272,2,0,0,0,0,0,2,0,0,0,0,false,0,0,0,0,0,0,0,0,false,0,false,false,true,false,14760227978554910710,6230847919528928451,true
coverage-correction-v2-timing-transfer-s1211-m1-r1-t3-c2-l4-d0-tr2-a2,CJ-B,micro,timing_transfer,5172205146817294307,1211,true,true,3,2,4,0,2,2,true,false,25,35,2,7,7,2,80,LOWER_BOUND,272,2,0,0,0,0,2,2,0,1,2,1,false,0,0,0,0,0,0,0,1,false,0,true,false,true,false,224717295728511523,6230847919528928451,true
coverage-correction-v2-timing-transfer-s1211-m1-r1-t3-c2-l4-d1-tr2-a2,CJ-B,micro,timing_transfer,15636446625532929125,1211,true,true,3,2,4,1,2,2,true,false,25,14,2,5,5,2,80,LOWER_BOUND,272,2,0,0,0,0,0,2,0,0,0,0,false,0,0,0,0,0,0,0,0,false,0,false,false,true,false,12993783417280456826,6230847919528928451,true
coverage-correction-v2-timing-transfer-s1211-m1-r1-t3-c2-l4-d2-tr2-a2,CJ-B,micro,timing_transfer,8238341363388279851,1211,true,true,3,2,4,2,2,2,true,false,25,14,2,5,5,2,80,LOWER_BOUND,272,2,0,0,0,0,0,2,0,0,0,0,false,0,0,0,0,0,0,0,0,false,0,false,false,true,false,10064016777981441425,6230847919528928451,true
coverage-correction-v2-timing-transfer-s1211-m1-r1-t3-c2-l4-d3-tr2-a2,CJ-B,micro,timing_transfer,3776607498053422417,1211,true,true,3,2,4,3,2,2,true,false,25,14,2,5,5,2,80,LOWER_BOUND,272,2,0,0,0,0,0,2,0,0,0,0,false,0,0,0,0,0,0,0,0,false,0,false,false,true,false,5278500082175940696,6230847919528928451,true
coverage-correction-v2-timing-transfer-s1211-m1-r1-t3-c2-l4-d4-tr2-a2,CJ-B,micro,timing_transfer,18235707247389683555,1211,true,true,3,2,4,4,2,2,true,false,25,14,2,5,5,2,80,LOWER_BOUND,272,2,0,0,0,0,0,2,0,0,0,0,false,0,0,0,0,0,0,0,0,false,0,false,false,true,false,7587421554821327503,6230847919528928451,true
coverage-correction-v2-timing-transfer-s1211-m1-r1-t3-c2-l4-d5-tr2-a2,CJ-B,micro,timing_transfer,10016855673684217605,1211,true,true,3,2,4,5,2,2,true,false,25,14,2,5,5,2,80,LOWER_BOUND,272,2,0,0,0,0,0,2,0,0,0,0,false,0,0,0,0,0,0,0,0,false,0,false,false,true,false,8250609457130471654,6230847919528928451,true
coverage-correction-v2-timing-transfer-s1211-m1-r1-t3-c2-l4-d-1-tr4-a2,CJ-B,micro,timing_transfer,16401912096976282087,1211,true,true,3,2,4,-1,4,2,true,false,25,14,2,5,5,2,80,LOWER_BOUND,272,2,0,0,0,0,0,2,0,0,0,0,false,0,0,0,0,0,0,0,0,false,0,false,false,true,false,14760227978554910710,6230847919528928451,true
coverage-correction-v2-timing-transfer-s1211-m1-r1-t3-c2-l4-d0-tr4-a2,CJ-B,micro,timing_transfer,13228588612337596151,1211,true,true,3,2,4,0,4,2,true,false,25,35,2,7,7,2,80,LOWER_BOUND,272,2,0,0,0,0,2,2,0,1,2,1,false,0,0,0,0,0,0,0,1,false,0,true,false,true,false,224717295728511523,6230847919528928451,true
coverage-correction-v2-timing-transfer-s1211-m1-r1-t3-c2-l4-d1-tr4-a2,CJ-B,micro,timing_transfer,4161969670408848149,1211,true,true,3,2,4,1,4,2,true,false,25,14,2,5,5,2,80,LOWER_BOUND,272,2,0,0,0,0,0,2,0,0,0,0,false,0,0,0,0,0,0,0,0,false,0,false,false,true,false,12993783417280456826,6230847919528928451,true
coverage-correction-v2-timing-transfer-s1211-m1-r1-t3-c2-l4-d2-tr4-a2,CJ-B,micro,timing_transfer,4740355087585691967,1211,true,true,3,2,4,2,4,2,true,false,25,14,2,5,5,2,80,LOWER_BOUND,272,2,0,0,0,0,0,2,0,0,0,0,false,0,0,0,0,0,0,0,0,false,0,false,false,true,false,10064016777981441425,6230847919528928451,true
coverage-correction-v2-timing-transfer-s1211-m1-r1-t3-c2-l4-d3-tr4-a2,CJ-B,micro,timing_transfer,16214882920666140625,1211,true,true,3,2,4,3,4,2,true,false,25,14,2,5,5,2,80,LOWER_BOUND,272,2,0,0,0,0,0,2,0,0,0,0,false,0,0,0,0,0,0,0,0,false,0,false,false,true,false,5278500082175940696,6230847919528928451,true
coverage-correction-v2-timing-transfer-s1211-m1-r1-t3-c2-l4-d4-tr4-a2,CJ-B,micro,timing_transfer,12478112012190678639,1211,true,true,3,2,4,4,4,2,true,false,25,14,2,5,5,2,80,LOWER_BOUND,272,2,0,0,0,0,0,2,0,0,0,0,false,0,0,0,0,0,0,0,0,false,0,false,false,true,false,7587421554821327503,6230847919528928451,true
coverage-correction-v2-timing-transfer-s1211-m1-r1-t3-c2-l4-d5-tr4-a2,CJ-B,micro,timing_transfer,9724961060612455589,1211,true,true,3,2,4,5,4,2,true,false,25,14,2,5,5,2,80,LOWER_BOUND,272,2,0,0,0,0,0,2,0,0,0,0,false,0,0,0,0,0,0,0,0,false,0,false,false,true,false,8250609457130471654,6230847919528928451,true
coverage-correction-v2-contemporary-reversal-s1211-m1-r1-t3-c2-l4-d0-tr0-a2,CJ-B,micro,shared_control,13316943087258781825,1211,true,true,3,2,4,0,0,2,true,true,241,57,26,21,21,4,160,LOWER_BOUND,976,10,2,4,4,0,4,10,2,0,4,2,false,1,1,2,1,298,6,37,0,false,0,false,false,true,false,11012560803750658528,6402276341297024025,false
coverage-correction-v2-burst-4-s1223-m0-r0-t2-c1-l0-d1-tr0-a2,CJ-B,micro,same_source_bursts,6669038876041192416,1223,false,false,2,1,0,1,0,2,false,false,0,42,6,4,4,4,160,LOWER_BOUND,272,2,0,0,0,0,0,0,0,0,0,0,false,0,0,0,0,0,0,0,0,false,0,false,false,true,false,9862430571377763926,3006792943525224104,true
coverage-correction-v2-blocked-late-return-s1223-m0-r0-t2-c1-l0-d0-tr0-a6,CJ-B,micro,dense_return_topology,5951387805622057168,1223,false,false,2,1,0,0,0,6,true,true,50,16,1,5,5,2,80,LOWER_BOUND,832,7,2,0,0,0,2,2,1,1,2,1,false,3,2,1,1,0,0,0,0,true,0,false,false,true,false,1433193031187094489,6605377024277933807,true
coverage-correction-v2-timing-transfer-s1223-m0-r0-t2-c1-l0-d-1-tr0-a2,CJ-B,micro,timing_transfer,16626817693662391987,1223,false,false,2,1,0,-1,0,2,true,false,48,14,2,7,7,2,80,LOWER_BOUND,272,2,0,0,0,1,2,3,1,0,2,1,false,0,0,0,0,0,0,0,0,false,0,false,false,true,false,14210225387717949685,8208996102280073292,true
coverage-correction-v2-timing-transfer-s1223-m0-r0-t2-c1-l0-d0-tr0-a2,CJ-B,micro,timing_transfer,15503152317853945165,1223,false,false,2,1,0,0,0,2,true,false,48,35,2,9,9,2,80,LOWER_BOUND,272,2,0,0,0,1,4,3,1,1,4,2,false,0,0,0,0,0,0,0,1,false,0,true,false,true,false,8705902363302523838,8208996102280073292,true
coverage-correction-v2-timing-transfer-s1223-m0-r0-t2-c1-l0-d1-tr0-a2,CJ-B,micro,timing_transfer,327438402330223847,1223,false,false,2,1,0,1,0,2,true,false,48,14,2,7,7,2,80,LOWER_BOUND,272,2,0,0,0,1,2,3,1,0,2,1,false,0,0,0,0,0,0,0,0,false,0,false,false,true,false,8005369607759988241,8208996102280073292,true
coverage-correction-v2-timing-transfer-s1223-m0-r0-t2-c1-l0-d2-tr0-a2,CJ-B,micro,timing_transfer,5147477670628071181,1223,false,false,2,1,0,2,0,2,true,false,48,14,2,7,7,2,80,LOWER_BOUND,272,2,0,0,0,1,2,3,1,0,2,1,false,0,0,0,0,0,0,0,0,false,0,false,false,true,false,2251112437244066406,8208996102280073292,true
coverage-correction-v2-timing-transfer-s1223-m0-r0-t2-c1-l0-d3-tr0-a2,CJ-B,micro,timing_transfer,4826820823374479835,1223,false,false,2,1,0,3,0,2,true,false,48,14,2,7,7,2,80,LOWER_BOUND,272,2,0,0,0,1,2,3,1,0,2,1,false,0,0,0,0,0,0,0,0,false,0,false,false,true,false,9652427919556182923,8208996102280073292,true
coverage-correction-v2-timing-transfer-s1223-m0-r0-t2-c1-l0-d4-tr0-a2,CJ-B,micro,timing_transfer,5345139194538172813,1223,false,false,2,1,0,4,0,2,true,false,48,14,2,7,7,2,80,LOWER_BOUND,272,2,0,0,0,1,2,3,1,0,2,1,false,0,0,0,0,0,0,0,0,false,0,false,false,true,false,17777075639293935072,8208996102280073292,true
coverage-correction-v2-timing-transfer-s1223-m0-r0-t2-c1-l0-d5-tr0-a2,CJ-B,micro,timing_transfer,9463098644777683103,1223,false,false,2,1,0,5,0,2,true,false,48,14,2,7,7,2,80,LOWER_BOUND,272,2,0,0,0,1,2,3,1,0,2,1,false,0,0,0,0,0,0,0,0,false,0,false,false,true,false,2454306449159441597,8208996102280073292,true
coverage-correction-v2-timing-transfer-s1223-m0-r0-t2-c1-l0-d-1-tr2-a2,CJ-B,micro,timing_transfer,12115861078304043815,1223,false,false,2,1,0,-1,2,2,true,false,25,14,2,5,5,2,80,LOWER_BOUND,272,2,0,0,0,0,0,2,0,0,0,0,false,0,0,0,0,0,0,0,0,false,0,false,false,true,false,17490631695904080491,358762538135041914,true
coverage-correction-v2-timing-transfer-s1223-m0-r0-t2-c1-l0-d0-tr2-a2,CJ-B,micro,timing_transfer,12424733299232420729,1223,false,false,2,1,0,0,2,2,true,false,25,35,2,7,7,2,80,LOWER_BOUND,272,2,0,0,0,0,2,2,0,1,2,1,false,0,0,0,0,0,0,0,1,false,0,true,false,true,false,11812620363446798142,358762538135041914,true
coverage-correction-v2-timing-transfer-s1223-m0-r0-t2-c1-l0-d1-tr2-a2,CJ-B,micro,timing_transfer,5313909584887076967,1223,false,false,2,1,0,1,2,2,true,false,25,14,2,5,5,2,80,LOWER_BOUND,272,2,0,0,0,0,0,2,0,0,0,0,false,0,0,0,0,0,0,0,0,false,0,false,false,true,false,9705948976311769471,358762538135041914,true
coverage-correction-v2-timing-transfer-s1223-m0-r0-t2-c1-l0-d2-tr2-a2,CJ-B,micro,timing_transfer,1461114341063047281,1223,false,false,2,1,0,2,2,2,true,false,25,14,2,5,5,2,80,LOWER_BOUND,272,2,0,0,0,0,0,2,0,0,0,0,false,0,0,0,0,0,0,0,0,false,0,false,false,true,false,12413530381735539560,358762538135041914,true
coverage-correction-v2-timing-transfer-s1223-m0-r0-t2-c1-l0-d3-tr2-a2,CJ-B,micro,timing_transfer,6638699621319163499,1223,false,false,2,1,0,3,2,2,true,false,25,14,2,5,5,2,80,LOWER_BOUND,272,2,0,0,0,0,0,2,0,0,0,0,false,0,0,0,0,0,0,0,0,false,0,false,false,true,false,7135317527960611849,358762538135041914,true
coverage-correction-v2-timing-transfer-s1223-m0-r0-t2-c1-l0-d4-tr2-a2,CJ-B,micro,timing_transfer,16777556407604796337,1223,false,false,2,1,0,4,2,2,true,false,25,14,2,5,5,2,80,LOWER_BOUND,272,2,0,0,0,0,0,2,0,0,0,0,false,0,0,0,0,0,0,0,0,false,0,false,false,true,false,465818043431379338,358762538135041914,true
coverage-correction-v2-timing-transfer-s1223-m0-r0-t2-c1-l0-d5-tr2-a2,CJ-B,micro,timing_transfer,13837420403095309791,1223,false,false,2,1,0,5,2,2,true,false,25,14,2,5,5,2,80,LOWER_BOUND,272,2,0,0,0,0,0,2,0,0,0,0,false,0,0,0,0,0,0,0,0,false,0,false,false,true,false,17923518766885096739,358762538135041914,true
coverage-correction-v2-timing-transfer-s1223-m0-r0-t2-c1-l0-d-1-tr4-a2,CJ-B,micro,timing_transfer,14290696343970844107,1223,false,false,2,1,0,-1,4,2,true,false,25,14,2,5,5,2,80,LOWER_BOUND,272,2,0,0,0,0,0,2,0,0,0,0,false,0,0,0,0,0,0,0,0,false,0,false,false,true,false,17490631695904080491,358762538135041914,true
coverage-correction-v2-timing-transfer-s1223-m0-r0-t2-c1-l0-d0-tr4-a2,CJ-B,micro,timing_transfer,16306815912624196445,1223,false,false,2,1,0,0,4,2,true,false,25,35,2,7,7,2,80,LOWER_BOUND,272,2,0,0,0,0,2,2,0,1,2,1,false,0,0,0,0,0,0,0,1,false,0,true,false,true,false,11812620363446798142,358762538135041914,true
coverage-correction-v2-timing-transfer-s1223-m0-r0-t2-c1-l0-d1-tr4-a2,CJ-B,micro,timing_transfer,17551124598057217183,1223,false,false,2,1,0,1,4,2,true,false,25,14,2,5,5,2,80,LOWER_BOUND,272,2,0,0,0,0,0,2,0,0,0,0,false,0,0,0,0,0,0,0,0,false,0,false,false,true,false,9705948976311769471,358762538135041914,true
coverage-correction-v2-timing-transfer-s1223-m0-r0-t2-c1-l0-d2-tr4-a2,CJ-B,micro,timing_transfer,3884383250213404933,1223,false,false,2,1,0,2,4,2,true,false,25,14,2,5,5,2,80,LOWER_BOUND,272,2,0,0,0,0,0,2,0,0,0,0,false,0,0,0,0,0,0,0,0,false,0,false,false,true,false,12413530381735539560,358762538135041914,true
coverage-correction-v2-timing-transfer-s1223-m0-r0-t2-c1-l0-d3-tr4-a2,CJ-B,micro,timing_transfer,6410840000694600995,1223,false,false,2,1,0,3,4,2,true,false,25,14,2,5,5,2,80,LOWER_BOUND,272,2,0,0,0,0,0,2,0,0,0,0,false,0,0,0,0,0,0,0,0,false,0,false,false,true,false,7135317527960611849,358762538135041914,true
coverage-correction-v2-timing-transfer-s1223-m0-r0-t2-c1-l0-d4-tr4-a2,CJ-B,micro,timing_transfer,2862258351216815805,1223,false,false,2,1,0,4,4,2,true,false,25,14,2,5,5,2,80,LOWER_BOUND,272,2,0,0,0,0,0,2,0,0,0,0,false,0,0,0,0,0,0,0,0,false,0,false,false,true,false,465818043431379338,358762538135041914,true
coverage-correction-v2-timing-transfer-s1223-m0-r0-t2-c1-l0-d5-tr4-a2,CJ-B,micro,timing_transfer,10468921561666059687,1223,false,false,2,1,0,5,4,2,true,false,25,14,2,5,5,2,80,LOWER_BOUND,272,2,0,0,0,0,0,2,0,0,0,0,false,0,0,0,0,0,0,0,0,false,0,false,false,true,false,17923518766885096739,358762538135041914,true
coverage-correction-v2-contemporary-reversal-s1223-m0-r0-t2-c1-l0-d0-tr0-a2,CJ-B,micro,shared_control,3616602871510115385,1223,false,false,2,1,0,0,0,2,true,true,420,130,38,33,33,4,160,LOWER_BOUND,912,9,2,3,3,8,16,13,2,2,16,8,false,1,5,1,2,548,5,43,0,false,0,true,false,true,false,11416371428265055505,1630010210760702972,false
coverage-correction-v2-burst-4-s1223-m0-r0-t2-c1-l4-d1-tr0-a2,CJ-B,micro,same_source_bursts,17568190559214327128,1223,false,false,2,1,4,1,0,2,false,false,0,42,6,4,4,4,160,LOWER_BOUND,272,2,0,0,0,0,0,0,0,0,0,0,false,0,0,0,0,0,0,0,0,false,0,false,false,true,false,9862430571377763926,3006792943525224104,true
coverage-correction-v2-blocked-late-return-s1223-m0-r0-t2-c1-l4-d0-tr0-a6,CJ-B,micro,dense_return_topology,6035475665839217800,1223,false,false,2,1,4,0,0,6,true,true,120,16,23,9,9,6,240,LOWER_BOUND,1024,7,2,0,0,0,2,2,1,1,2,1,false,3,2,1,1,0,0,0,0,true,0,false,false,true,false,9995781138442165703,12148828699770486973,true
coverage-correction-v2-timing-transfer-s1223-m0-r0-t2-c1-l4-d-1-tr0-a2,CJ-B,micro,timing_transfer,17329028813155344435,1223,false,false,2,1,4,-1,0,2,true,false,48,14,2,7,7,2,80,LOWER_BOUND,272,2,0,0,0,1,2,3,1,0,2,1,false,0,0,0,0,0,0,0,0,false,0,false,false,true,false,14210225387717949685,8208996102280073292,true
coverage-correction-v2-timing-transfer-s1223-m0-r0-t2-c1-l4-d0-tr0-a2,CJ-B,micro,timing_transfer,2481090831309610485,1223,false,false,2,1,4,0,0,2,true,false,48,35,2,9,9,2,80,LOWER_BOUND,272,2,0,0,0,1,4,3,1,1,4,2,false,0,0,0,0,0,0,0,1,false,0,true,false,true,false,8705902363302523838,8208996102280073292,true
coverage-correction-v2-timing-transfer-s1223-m0-r0-t2-c1-l4-d1-tr0-a2,CJ-B,micro,timing_transfer,15816161387108535879,1223,false,false,2,1,4,1,0,2,true,false,48,14,2,7,7,2,80,LOWER_BOUND,272,2,0,0,0,1,2,3,1,0,2,1,false,0,0,0,0,0,0,0,0,false,0,false,false,true,false,8005369607759988241,8208996102280073292,true
coverage-correction-v2-timing-transfer-s1223-m0-r0-t2-c1-l4-d2-tr0-a2,CJ-B,micro,timing_transfer,18354026760406287525,1223,false,false,2,1,4,2,0,2,true,false,48,14,2,7,7,2,80,LOWER_BOUND,272,2,0,0,0,1,2,3,1,0,2,1,false,0,0,0,0,0,0,0,0,false,0,false,false,true,false,2251112437244066406,8208996102280073292,true
coverage-correction-v2-timing-transfer-s1223-m0-r0-t2-c1-l4-d3-tr0-a2,CJ-B,micro,timing_transfer,13990252610618855539,1223,false,false,2,1,4,3,0,2,true,false,48,14,2,7,7,2,80,LOWER_BOUND,272,2,0,0,0,1,2,3,1,0,2,1,false,0,0,0,0,0,0,0,0,false,0,false,false,true,false,9652427919556182923,8208996102280073292,true
coverage-correction-v2-timing-transfer-s1223-m0-r0-t2-c1-l4-d4-tr0-a2,CJ-B,micro,timing_transfer,11520312120357889365,1223,false,false,2,1,4,4,0,2,true,false,48,14,2,7,7,2,80,LOWER_BOUND,272,2,0,0,0,1,2,3,1,0,2,1,false,0,0,0,0,0,0,0,0,false,0,false,false,true,false,17777075639293935072,8208996102280073292,true
coverage-correction-v2-timing-transfer-s1223-m0-r0-t2-c1-l4-d5-tr0-a2,CJ-B,micro,timing_transfer,15833693973423972047,1223,false,false,2,1,4,5,0,2,true,false,48,14,2,7,7,2,80,LOWER_BOUND,272,2,0,0,0,1,2,3,1,0,2,1,false,0,0,0,0,0,0,0,0,false,0,false,false,true,false,2454306449159441597,8208996102280073292,true
coverage-correction-v2-timing-transfer-s1223-m0-r0-t2-c1-l4-d-1-tr2-a2,CJ-B,micro,timing_transfer,13035905883093142735,1223,false,false,2,1,4,-1,2,2,true,false,25,14,2,5,5,2,80,LOWER_BOUND,272,2,0,0,0,0,0,2,0,0,0,0,false,0,0,0,0,0,0,0,0,false,0,false,false,true,false,17490631695904080491,358762538135041914,true
coverage-correction-v2-timing-transfer-s1223-m0-r0-t2-c1-l4-d0-tr2-a2,CJ-B,micro,timing_transfer,13916179772717771577,1223,false,false,2,1,4,0,2,2,true,false,25,35,2,7,7,2,80,LOWER_BOUND,272,2,0,0,0,0,2,2,0,1,2,1,false,0,0,0,0,0,0,0,1,false,0,true,false,true,false,11812620363446798142,358762538135041914,true
coverage-correction-v2-timing-transfer-s1223-m0-r0-t2-c1-l4-d1-tr2-a2,CJ-B,micro,timing_transfer,14115445935256768871,1223,false,false,2,1,4,1,2,2,true,false,25,14,2,5,5,2,80,LOWER_BOUND,272,2,0,0,0,0,0,2,0,0,0,0,false,0,0,0,0,0,0,0,0,false,0,false,false,true,false,9705948976311769471,358762538135041914,true
coverage-correction-v2-timing-transfer-s1223-m0-r0-t2-c1-l4-d2-tr2-a2,CJ-B,micro,timing_transfer,8380357960372689345,1223,false,false,2,1,4,2,2,2,true,false,25,14,2,5,5,2,80,LOWER_BOUND,272,2,0,0,0,0,0,2,0,0,0,0,false,0,0,0,0,0,0,0,0,false,0,false,false,true,false,12413530381735539560,358762538135041914,true
coverage-correction-v2-timing-transfer-s1223-m0-r0-t2-c1-l4-d3-tr2-a2,CJ-B,micro,timing_transfer,4891387192275370755,1223,false,false,2,1,4,3,2,2,true,false,25,14,2,5,5,2,80,LOWER_BOUND,272,2,0,0,0,0,0,2,0,0,0,0,false,0,0,0,0,0,0,0,0,false,0,false,false,true,false,7135317527960611849,358762538135041914,true
coverage-correction-v2-timing-transfer-s1223-m0-r0-t2-c1-l4-d4-tr2-a2,CJ-B,micro,timing_transfer,4827350454377655713,1223,false,false,2,1,4,4,2,2,true,false,25,14,2,5,5,2,80,LOWER_BOUND,272,2,0,0,0,0,0,2,0,0,0,0,false,0,0,0,0,0,0,0,0,false,0,false,false,true,false,465818043431379338,358762538135041914,true
coverage-correction-v2-timing-transfer-s1223-m0-r0-t2-c1-l4-d5-tr2-a2,CJ-B,micro,timing_transfer,16476097191688570671,1223,false,false,2,1,4,5,2,2,true,false,25,14,2,5,5,2,80,LOWER_BOUND,272,2,0,0,0,0,0,2,0,0,0,0,false,0,0,0,0,0,0,0,0,false,0,false,false,true,false,17923518766885096739,358762538135041914,true
coverage-correction-v2-timing-transfer-s1223-m0-r0-t2-c1-l4-d-1-tr4-a2,CJ-B,micro,timing_transfer,17613389186433640683,1223,false,false,2,1,4,-1,4,2,true,false,25,14,2,5,5,2,80,LOWER_BOUND,272,2,0,0,0,0,0,2,0,0,0,0,false,0,0,0,0,0,0,0,0,false,0,false,false,true,false,17490631695904080491,358762538135041914,true
coverage-correction-v2-timing-transfer-s1223-m0-r0-t2-c1-l4-d0-tr4-a2,CJ-B,micro,timing_transfer,3510780246209607397,1223,false,false,2,1,4,0,4,2,true,false,25,35,2,7,7,2,80,LOWER_BOUND,272,2,0,0,0,0,2,2,0,1,2,1,false,0,0,0,0,0,0,0,1,false,0,true,false,true,false,11812620363446798142,358762538135041914,true
coverage-correction-v2-timing-transfer-s1223-m0-r0-t2-c1-l4-d1-tr4-a2,CJ-B,micro,timing_transfer,15202819086709326287,1223,false,false,2,1,4,1,4,2,true,false,25,14,2,5,5,2,80,LOWER_BOUND,272,2,0,0,0,0,0,2,0,0,0,0,false,0,0,0,0,0,0,0,0,false,0,false,false,true,false,9705948976311769471,358762538135041914,true
coverage-correction-v2-timing-transfer-s1223-m0-r0-t2-c1-l4-d2-tr4-a2,CJ-B,micro,timing_transfer,4450015146316169133,1223,false,false,2,1,4,2,4,2,true,false,25,14,2,5,5,2,80,LOWER_BOUND,272,2,0,0,0,0,0,2,0,0,0,0,false,0,0,0,0,0,0,0,0,false,0,false,false,true,false,12413530381735539560,358762538135041914,true
coverage-correction-v2-timing-transfer-s1223-m0-r0-t2-c1-l4-d3-tr4-a2,CJ-B,micro,timing_transfer,13425031793796829867,1223,false,false,2,1,4,3,4,2,true,false,25,14,2,5,5,2,80,LOWER_BOUND,272,2,0,0,0,0,0,2,0,0,0,0,false,0,0,0,0,0,0,0,0,false,0,false,false,true,false,7135317527960611849,358762538135041914,true
coverage-correction-v2-timing-transfer-s1223-m0-r0-t2-c1-l4-d4-tr4-a2,CJ-B,micro,timing_transfer,13196426237147545829,1223,false,false,2,1,4,4,4,2,true,false,25,14,2,5,5,2,80,LOWER_BOUND,272,2,0,0,0,0,0,2,0,0,0,0,false,0,0,0,0,0,0,0,0,false,0,false,false,true,false,465818043431379338,358762538135041914,true
coverage-correction-v2-timing-transfer-s1223-m0-r0-t2-c1-l4-d5-tr4-a2,CJ-B,micro,timing_transfer,8435104177278402567,1223,false,false,2,1,4,5,4,2,true,false,25,14,2,5,5,2,80,LOWER_BOUND,272,2,0,0,0,0,0,2,0,0,0,0,false,0,0,0,0,0,0,0,0,false,0,false,false,true,false,17923518766885096739,358762538135041914,true
coverage-correction-v2-contemporary-reversal-s1223-m0-r0-t2-c1-l4-d0-tr0-a2,CJ-B,micro,shared_control,17985642429472254705,1223,false,false,2,1,4,0,0,2,true,true,420,130,38,33,33,4,160,LOWER_BOUND,912,9,2,3,3,8,16,13,2,2,16,8,false,1,5,1,2,548,5,43,0,false,0,true,false,true,false,11416371428265055505,1630010210760702972,false
coverage-correction-v2-burst-4-s1223-m0-r0-t2-c2-l0-d1-tr0-a2,CJ-B,micro,same_source_bursts,10899073996015773318,1223,false,false,2,2,0,1,0,2,false,false,0,140,18,12,12,4,160,LOWER_BOUND,272,2,0,0,0,6,8,0,4,4,8,4,true,0,0,0,0,0,0,0,0,false,0,false,false,true,false,2906932383703142641,17994962119434516609,false
coverage-correction-v2-blocked-late-return-s1223-m0-r0-t2-c2-l0-d0-tr0-a6,CJ-B,micro,dense_return_topology,1675394598132330008,1223,false,false,2,2,0,0,0,6,true,true,50,46,1,7,7,2,80,LOWER_BOUND,832,7,2,0,0,0,4,2,1,1,4,2,false,3,2,2,2,0,0,0,0,true,0,false,false,true,false,11951951252891704357,506578551986685197,true
coverage-correction-v2-timing-transfer-s1223-m0-r0-t2-c2-l0-d-1-tr0-a2,CJ-B,micro,timing_transfer,7123647225573959399,1223,false,false,2,2,0,-1,0,2,true,false,70,37,4,11,11,2,80,LOWER_BOUND,272,2,0,0,0,3,6,4,1,1,6,3,false,0,0,0,0,0,0,0,1,false,0,true,false,true,false,4165674296613810925,16106223123260909842,true
coverage-correction-v2-timing-transfer-s1223-m0-r0-t2-c2-l0-d0-tr0-a2,CJ-B,micro,timing_transfer,9276111285759503835,1223,false,false,2,2,0,0,0,2,true,false,70,35,2,11,11,2,80,LOWER_BOUND,272,2,0,0,0,2,6,4,1,1,6,3,false,0,0,0,0,0,0,0,1,false,0,true,false,true,false,3769995576379021953,11873423898205780241,true
coverage-correction-v2-timing-transfer-s1223-m0-r0-t2-c2-l0-d1-tr0-a2,CJ-B,micro,timing_transfer,1416612551214322829,1223,false,false,2,2,0,1,0,2,true,false,70,34,2,11,11,2,80,LOWER_BOUND,272,2,0,0,0,2,6,4,1,1,6,3,false,0,0,0,0,0,0,0,1,false,0,true,false,true,false,1016541319621735364,11873423898205780241,true
coverage-correction-v2-timing-transfer-s1223-m0-r0-t2-c2-l0-d2-tr0-a2,CJ-B,micro,timing_transfer,4807871667927274951,1223,false,false,2,2,0,2,0,2,true,false,70,34,2,11,11,2,80,LOWER_BOUND,272,2,0,0,0,2,6,4,1,1,6,3,false,0,0,0,0,0,0,0,1,false,0,true,false,true,false,12227133768838265003,11873423898205780241,true
coverage-correction-v2-timing-transfer-s1223-m0-r0-t2-c2-l0-d3-tr0-a2,CJ-B,micro,timing_transfer,9899566046823418349,1223,false,false,2,2,0,3,0,2,true,false,70,34,2,11,11,2,80,LOWER_BOUND,272,2,0,0,0,2,6,4,1,1,6,3,false,0,0,0,0,0,0,0,1,false,0,true,false,true,false,6660287284771475830,11873423898205780241,true
coverage-correction-v2-timing-transfer-s1223-m0-r0-t2-c2-l0-d4-tr0-a2,CJ-B,micro,timing_transfer,1940700183879519243,1223,false,false,2,2,0,4,0,2,true,false,70,34,2,11,11,2,80,LOWER_BOUND,272,2,0,0,0,2,6,4,1,1,6,3,false,0,0,0,0,0,0,0,1,false,0,true,false,true,false,10441452405643073077,11873423898205780241,true
coverage-correction-v2-timing-transfer-s1223-m0-r0-t2-c2-l0-d5-tr0-a2,CJ-B,micro,timing_transfer,833468969176360733,1223,false,false,2,2,0,5,0,2,true,false,70,34,2,11,11,2,80,LOWER_BOUND,272,2,0,0,0,2,6,4,1,1,6,3,false,0,0,0,0,0,0,0,1,false,0,true,false,true,false,7229025857219975352,11873423898205780241,true
coverage-correction-v2-timing-transfer-s1223-m0-r0-t2-c2-l0-d-1-tr2-a2,CJ-B,micro,timing_transfer,8474971223146848431,1223,false,false,2,2,0,-1,2,2,true,false,69,37,4,11,11,2,80,LOWER_BOUND,272,2,0,0,0,3,6,4,1,1,6,3,false,0,0,0,0,0,0,0,1,false,0,true,false,true,false,4165674296613810925,16106223123260909842,true
coverage-correction-v2-timing-transfer-s1223-m0-r0-t2-c2-l0-d0-tr2-a2,CJ-B,micro,timing_transfer,6968850117760105035,1223,false,false,2,2,0,0,2,2,true,false,69,35,2,11,11,2,80,LOWER_BOUND,272,2,0,0,0,2,6,4,1,1,6,3,false,0,0,0,0,0,0,0,1,false,0,true,false,true,false,3769995576379021953,11873423898205780241,true
coverage-correction-v2-timing-transfer-s1223-m0-r0-t2-c2-l0-d1-tr2-a2,CJ-B,micro,timing_transfer,2606950825507119249,1223,false,false,2,2,0,1,2,2,true,false,69,34,2,11,11,2,80,LOWER_BOUND,272,2,0,0,0,2,6,4,1,1,6,3,false,0,0,0,0,0,0,0,1,false,0,true,false,true,false,1016541319621735364,11873423898205780241,true
coverage-correction-v2-timing-transfer-s1223-m0-r0-t2-c2-l0-d2-tr2-a2,CJ-B,micro,timing_transfer,15255323820100435015,1223,false,false,2,2,0,2,2,2,true,false,69,34,2,11,11,2,80,LOWER_BOUND,272,2,0,0,0,2,6,4,1,1,6,3,false,0,0,0,0,0,0,0,1,false,0,true,false,true,false,12227133768838265003,11873423898205780241,true
coverage-correction-v2-timing-transfer-s1223-m0-r0-t2-c2-l0-d3-tr2-a2,CJ-B,micro,timing_transfer,10801346167529905177,1223,false,false,2,2,0,3,2,2,true,false,69,34,2,11,11,2,80,LOWER_BOUND,272,2,0,0,0,2,6,4,1,1,6,3,false,0,0,0,0,0,0,0,1,false,0,true,false,true,false,6660287284771475830,11873423898205780241,true
coverage-correction-v2-timing-transfer-s1223-m0-r0-t2-c2-l0-d4-tr2-a2,CJ-B,micro,timing_transfer,6300964686200353051,1223,false,false,2,2,0,4,2,2,true,false,69,34,2,11,11,2,80,LOWER_BOUND,272,2,0,0,0,2,6,4,1,1,6,3,false,0,0,0,0,0,0,0,1,false,0,true,false,true,false,10441452405643073077,11873423898205780241,true
coverage-correction-v2-timing-transfer-s1223-m0-r0-t2-c2-l0-d5-tr2-a2,CJ-B,micro,timing_transfer,4263780934024615993,1223,false,false,2,2,0,5,2,2,true,false,69,34,2,11,11,2,80,LOWER_BOUND,272,2,0,0,0,2,6,4,1,1,6,3,false,0,0,0,0,0,0,0,1,false,0,true,false,true,false,7229025857219975352,11873423898205780241,true
coverage-correction-v2-timing-transfer-s1223-m0-r0-t2-c2-l0-d-1-tr4-a2,CJ-B,micro,timing_transfer,1856303760790030919,1223,false,false,2,2,0,-1,4,2,true,false,69,37,4,11,11,2,80,LOWER_BOUND,272,2,0,0,0,3,6,4,1,1,6,3,false,0,0,0,0,0,0,0,1,false,0,true,false,true,false,4165674296613810925,16106223123260909842,true
coverage-correction-v2-timing-transfer-s1223-m0-r0-t2-c2-l0-d0-tr4-a2,CJ-B,micro,timing_transfer,14981230854691296515,1223,false,false,2,2,0,0,4,2,true,false,69,35,2,11,11,2,80,LOWER_BOUND,272,2,0,0,0,2,6,4,1,1,6,3,false,0,0,0,0,0,0,0,1,false,0,true,false,true,false,3769995576379021953,11873423898205780241,true
coverage-correction-v2-timing-transfer-s1223-m0-r0-t2-c2-l0-d1-tr4-a2,CJ-B,micro,timing_transfer,7030962129301878309,1223,false,false,2,2,0,1,4,2,true,false,69,34,2,11,11,2,80,LOWER_BOUND,272,2,0,0,0,2,6,4,1,1,6,3,false,0,0,0,0,0,0,0,1,false,0,true,false,true,false,1016541319621735364,11873423898205780241,true
coverage-correction-v2-timing-transfer-s1223-m0-r0-t2-c2-l0-d2-tr4-a2,CJ-B,micro,timing_transfer,8146084397060165119,1223,false,false,2,2,0,2,4,2,true,false,69,34,2,11,11,2,80,LOWER_BOUND,272,2,0,0,0,2,6,4,1,1,6,3,false,0,0,0,0,0,0,0,1,false,0,true,false,true,false,12227133768838265003,11873423898205780241,true
coverage-correction-v2-timing-transfer-s1223-m0-r0-t2-c2-l0-d3-tr4-a2,CJ-B,micro,timing_transfer,6101861965518042365,1223,false,false,2,2,0,3,4,2,true,false,69,34,2,11,11,2,80,LOWER_BOUND,272,2,0,0,0,2,6,4,1,1,6,3,false,0,0,0,0,0,0,0,1,false,0,true,false,true,false,6660287284771475830,11873423898205780241,true
coverage-correction-v2-timing-transfer-s1223-m0-r0-t2-c2-l0-d4-tr4-a2,CJ-B,micro,timing_transfer,5772397762916446115,1223,false,false,2,2,0,4,4,2,true,false,69,34,2,11,11,2,80,LOWER_BOUND,272,2,0,0,0,2,6,4,1,1,6,3,false,0,0,0,0,0,0,0,1,false,0,true,false,true,false,10441452405643073077,11873423898205780241,true
coverage-correction-v2-timing-transfer-s1223-m0-r0-t2-c2-l0-d5-tr4-a2,CJ-B,micro,timing_transfer,7617044036085398725,1223,false,false,2,2,0,5,4,2,true,false,69,34,2,11,11,2,80,LOWER_BOUND,272,2,0,0,0,2,6,4,1,1,6,3,false,0,0,0,0,0,0,0,1,false,0,true,false,true,false,7229025857219975352,11873423898205780241,true
coverage-correction-v2-contemporary-reversal-s1223-m0-r0-t2-c2-l0-d0-tr0-a2,CJ-B,micro,shared_control,16994110775789805193,1223,false,false,2,2,0,0,0,2,true,true,454,130,43,35,35,4,160,LOWER_BOUND,912,9,2,3,3,9,18,13,3,2,18,9,false,1,5,2,2,582,7,41,0,false,0,true,false,true,false,5788513107506954568,8661896574895430847,false
coverage-correction-v2-burst-4-s1223-m0-r0-t2-c2-l4-d1-tr0-a2,CJ-B,micro,same_source_bursts,14830031601113453534,1223,false,false,2,2,4,1,0,2,false,false,0,140,18,12,12,4,160,LOWER_BOUND,272,2,0,0,0,6,8,0,4,4,8,4,true,0,0,0,0,0,0,0,0,false,0,false,false,true,false,2906932383703142641,17994962119434516609,false
coverage-correction-v2-blocked-late-return-s1223-m0-r0-t2-c2-l4-d0-tr0-a6,CJ-B,micro,dense_return_topology,2108430040286505208,1223,false,false,2,2,4,0,0,6,true,true,120,46,23,11,11,6,240,LOWER_BOUND,1024,7,2,0,0,0,4,2,1,1,4,2,false,3,2,2,2,0,0,0,0,true,0,false,false,true,false,4371059643357000247,6278317547577890339,true
coverage-correction-v2-timing-transfer-s1223-m0-r0-t2-c2-l4-d-1-tr0-a2,CJ-B,micro,timing_transfer,5636112928870625407,1223,false,false,2,2,4,-1,0,2,true,false,70,37,4,11,11,2,80,LOWER_BOUND,272,2,0,0,0,3,6,4,1,1,6,3,false,0,0,0,0,0,0,0,1,false,0,true,false,true,false,4165674296613810925,16106223123260909842,true
coverage-correction-v2-timing-transfer-s1223-m0-r0-t2-c2-l4-d0-tr0-a2,CJ-B,micro,timing_transfer,13354422035649497251,1223,false,false,2,2,4,0,0,2,true,false,70,35,2,11,11,2,80,LOWER_BOUND,272,2,0,0,0,2,6,4,1,1,6,3,false,0,0,0,0,0,0,0,1,false,0,true,false,true,false,3769995576379021953,11873423898205780241,true
coverage-correction-v2-timing-transfer-s1223-m0-r0-t2-c2-l4-d1-tr0-a2,CJ-B,micro,timing_transfer,16569801485565274773,1223,false,false,2,2,4,1,0,2,true,false,70,34,2,11,11,2,80,LOWER_BOUND,272,2,0,0,0,2,6,4,1,1,6,3,false,0,0,0,0,0,0,0,1,false,0,true,false,true,false,1016541319621735364,11873423898205780241,true
coverage-correction-v2-timing-transfer-s1223-m0-r0-t2-c2-l4-d2-tr0-a2,CJ-B,micro,timing_transfer,12350731091787026551,1223,false,false,2,2,4,2,0,2,true,false,70,34,2,11,11,2,80,LOWER_BOUND,272,2,0,0,0,2,6,4,1,1,6,3,false,0,0,0,0,0,0,0,1,false,0,true,false,true,false,12227133768838265003,11873423898205780241,true
coverage-correction-v2-timing-transfer-s1223-m0-r0-t2-c2-l4-d3-tr0-a2,CJ-B,micro,timing_transfer,4939623854388071461,1223,false,false,2,2,4,3,0,2,true,false,70,34,2,11,11,2,80,LOWER_BOUND,272,2,0,0,0,2,6,4,1,1,6,3,false,0,0,0,0,0,0,0,1,false,0,true,false,true,false,6660287284771475830,11873423898205780241,true
coverage-correction-v2-timing-transfer-s1223-m0-r0-t2-c2-l4-d4-tr0-a2,CJ-B,micro,timing_transfer,15492621904741195731,1223,false,false,2,2,4,4,0,2,true,false,70,34,2,11,11,2,80,LOWER_BOUND,272,2,0,0,0,2,6,4,1,1,6,3,false,0,0,0,0,0,0,0,1,false,0,true,false,true,false,10441452405643073077,11873423898205780241,true
coverage-correction-v2-timing-transfer-s1223-m0-r0-t2-c2-l4-d5-tr0-a2,CJ-B,micro,timing_transfer,11695363307598029829,1223,false,false,2,2,4,5,0,2,true,false,70,34,2,11,11,2,80,LOWER_BOUND,272,2,0,0,0,2,6,4,1,1,6,3,false,0,0,0,0,0,0,0,1,false,0,true,false,true,false,7229025857219975352,11873423898205780241,true
coverage-correction-v2-timing-transfer-s1223-m0-r0-t2-c2-l4-d-1-tr2-a2,CJ-B,micro,timing_transfer,6886383667303447687,1223,false,false,2,2,4,-1,2,2,true,false,69,37,4,11,11,2,80,LOWER_BOUND,272,2,0,0,0,3,6,4,1,1,6,3,false,0,0,0,0,0,0,0,1,false,0,true,false,true,false,4165674296613810925,16106223123260909842,true
coverage-correction-v2-timing-transfer-s1223-m0-r0-t2-c2-l4-d0-tr2-a2,CJ-B,micro,timing_transfer,526570762746870963,1223,false,false,2,2,4,0,2,2,true,false,69,35,2,11,11,2,80,LOWER_BOUND,272,2,0,0,0,2,6,4,1,1,6,3,false,0,0,0,0,0,0,0,1,false,0,true,false,true,false,3769995576379021953,11873423898205780241,true
coverage-correction-v2-timing-transfer-s1223-m0-r0-t2-c2-l4-d1-tr2-a2,CJ-B,micro,timing_transfer,5494338278958213745,1223,false,false,2,2,4,1,2,2,true,false,69,34,2,11,11,2,80,LOWER_BOUND,272,2,0,0,0,2,6,4,1,1,6,3,false,0,0,0,0,0,0,0,1,false,0,true,false,true,false,1016541319621735364,11873423898205780241,true
coverage-correction-v2-timing-transfer-s1223-m0-r0-t2-c2-l4-d2-tr2-a2,CJ-B,micro,timing_transfer,9615277449312407895,1223,false,false,2,2,4,2,2,2,true,false,69,34,2,11,11,2,80,LOWER_BOUND,272,2,0,0,0,2,6,4,1,1,6,3,false,0,0,0,0,0,0,0,1,false,0,true,false,true,false,12227133768838265003,11873423898205780241,true
coverage-correction-v2-timing-transfer-s1223-m0-r0-t2-c2-l4-d3-tr2-a2,CJ-B,micro,timing_transfer,13842807939104707049,1223,false,false,2,2,4,3,2,2,true,false,69,34,2,11,11,2,80,LOWER_BOUND,272,2,0,0,0,2,6,4,1,1,6,3,false,0,0,0,0,0,0,0,1,false,0,true,false,true,false,6660287284771475830,11873423898205780241,true
coverage-correction-v2-timing-transfer-s1223-m0-r0-t2-c2-l4-d4-tr2-a2,CJ-B,micro,timing_transfer,14223285552387294531,1223,false,false,2,2,4,4,2,2,true,false,69,34,2,11,11,2,80,LOWER_BOUND,272,2,0,0,0,2,6,4,1,1,6,3,false,0,0,0,0,0,0,0,1,false,0,true,false,true,false,10441452405643073077,11873423898205780241,true
coverage-correction-v2-timing-transfer-s1223-m0-r0-t2-c2-l4-d5-tr2-a2,CJ-B,micro,timing_transfer,8124244005789500873,1223,false,false,2,2,4,5,2,2,true,false,69,34,2,11,11,2,80,LOWER_BOUND,272,2,0,0,0,2,6,4,1,1,6,3,false,0,0,0,0,0,0,0,1,false,0,true,false,true,false,7229025857219975352,11873423898205780241,true
coverage-correction-v2-timing-transfer-s1223-m0-r0-t2-c2-l4-d-1-tr4-a2,CJ-B,micro,timing_transfer,78791845389111503,1223,false,false,2,2,4,-1,4,2,true,false,69,37,4,11,11,2,80,LOWER_BOUND,272,2,0,0,0,3,6,4,1,1,6,3,false,0,0,0,0,0,0,0,1,false,0,true,false,true,false,4165674296613810925,16106223123260909842,true
coverage-correction-v2-timing-transfer-s1223-m0-r0-t2-c2-l4-d0-tr4-a2,CJ-B,micro,timing_transfer,917954272760304251,1223,false,false,2,2,4,0,4,2,true,false,69,35,2,11,11,2,80,LOWER_BOUND,272,2,0,0,0,2,6,4,1,1,6,3,false,0,0,0,0,0,0,0,1,false,0,true,false,true,false,3769995576379021953,11873423898205780241,true
coverage-correction-v2-timing-transfer-s1223-m0-r0-t2-c2-l4-d1-tr4-a2,CJ-B,micro,timing_transfer,1437683782589309245,1223,false,false,2,2,4,1,4,2,true,false,69,34,2,11,11,2,80,LOWER_BOUND,272,2,0,0,0,2,6,4,1,1,6,3,false,0,0,0,0,0,0,0,1,false,0,true,false,true,false,1016541319621735364,11873423898205780241,true
coverage-correction-v2-timing-transfer-s1223-m0-r0-t2-c2-l4-d2-tr4-a2,CJ-B,micro,timing_transfer,2975000346477088575,1223,false,false,2,2,4,2,4,2,true,false,69,34,2,11,11,2,80,LOWER_BOUND,272,2,0,0,0,2,6,4,1,1,6,3,false,0,0,0,0,0,0,0,1,false,0,true,false,true,false,12227133768838265003,11873423898205780241,true
coverage-correction-v2-timing-transfer-s1223-m0-r0-t2-c2-l4-d3-tr4-a2,CJ-B,micro,timing_transfer,10928284438834939605,1223,false,false,2,2,4,3,4,2,true,false,69,34,2,11,11,2,80,LOWER_BOUND,272,2,0,0,0,2,6,4,1,1,6,3,false,0,0,0,0,0,0,0,1,false,0,true,false,true,false,6660287284771475830,11873423898205780241,true
coverage-correction-v2-timing-transfer-s1223-m0-r0-t2-c2-l4-d4-tr4-a2,CJ-B,micro,timing_transfer,3789542278883005563,1223,false,false,2,2,4,4,4,2,true,false,69,34,2,11,11,2,80,LOWER_BOUND,272,2,0,0,0,2,6,4,1,1,6,3,false,0,0,0,0,0,0,0,1,false,0,true,false,true,false,10441452405643073077,11873423898205780241,true
coverage-correction-v2-timing-transfer-s1223-m0-r0-t2-c2-l4-d5-tr4-a2,CJ-B,micro,timing_transfer,7563517946946653021,1223,false,false,2,2,4,5,4,2,true,false,69,34,2,11,11,2,80,LOWER_BOUND,272,2,0,0,0,2,6,4,1,1,6,3,false,0,0,0,0,0,0,0,1,false,0,true,false,true,false,7229025857219975352,11873423898205780241,true
coverage-correction-v2-contemporary-reversal-s1223-m0-r0-t2-c2-l4-d0-tr0-a2,CJ-B,micro,shared_control,14442150586772136345,1223,false,false,2,2,4,0,0,2,true,true,454,130,43,35,35,4,160,LOWER_BOUND,912,9,2,3,3,9,18,13,3,2,18,9,false,1,5,2,2,582,7,41,0,false,0,true,false,true,false,5788513107506954568,8661896574895430847,false
coverage-correction-v2-burst-4-s1223-m0-r0-t3-c1-l0-d1-tr0-a2,CJ-B,micro,same_source_bursts,14717446191397256952,1223,false,false,3,1,0,1,0,2,false,false,0,42,6,4,4,4,160,LOWER_BOUND,272,2,0,0,0,0,0,0,0,0,0,0,false,0,0,0,0,0,0,0,0,false,0,false,false,true,false,18164926982826505771,8943627123380686221,true
coverage-correction-v2-blocked-late-return-s1223-m0-r0-t3-c1-l0-d0-tr0-a6,CJ-B,micro,dense_return_topology,1361096072100025930,1223,false,false,3,1,0,0,0,6,true,true,51,16,1,5,5,2,80,LOWER_BOUND,832,7,2,0,0,0,2,2,1,1,2,1,false,3,2,1,1,0,0,0,0,true,0,false,false,true,false,12295819958499869802,160643857728242612,true
coverage-correction-v2-timing-transfer-s1223-m0-r0-t3-c1-l0-d-1-tr0-a2,CJ-B,micro,timing_transfer,11700862014680836929,1223,false,false,3,1,0,-1,0,2,true,false,49,14,2,7,7,2,80,LOWER_BOUND,272,2,0,0,0,1,2,3,1,0,2,1,false,0,0,0,0,0,0,0,0,false,0,false,false,true,false,13659971623437078549,6523646733392539781,true
coverage-correction-v2-timing-transfer-s1223-m0-r0-t3-c1-l0-d0-tr0-a2,CJ-B,micro,timing_transfer,16441670288105630421,1223,false,false,3,1,0,0,0,2,true,false,49,36,2,9,9,2,80,LOWER_BOUND,272,2,0,0,0,1,4,3,1,1,4,2,false,0,0,0,0,0,0,0,1,false,0,true,false,true,false,5496615656727664511,6523646733392539781,true
coverage-correction-v2-timing-transfer-s1223-m0-r0-t3-c1-l0-d1-tr0-a2,CJ-B,micro,timing_transfer,16261987073071435259,1223,false,false,3,1,0,1,0,2,true,false,49,14,2,7,7,2,80,LOWER_BOUND,272,2,0,0,0,1,2,3,1,0,2,1,false,0,0,0,0,0,0,0,0,false,0,false,false,true,false,11263159806327595499,6523646733392539781,true
coverage-correction-v2-timing-transfer-s1223-m0-r0-t3-c1-l0-d2-tr0-a2,CJ-B,micro,timing_transfer,1347737132406991193,1223,false,false,3,1,0,2,0,2,true,false,49,14,2,7,7,2,80,LOWER_BOUND,272,2,0,0,0,1,2,3,1,0,2,1,false,0,0,0,0,0,0,0,0,false,0,false,false,true,false,1132199082932827091,6523646733392539781,true
coverage-correction-v2-timing-transfer-s1223-m0-r0-t3-c1-l0-d3-tr0-a2,CJ-B,micro,timing_transfer,10918785301837070435,1223,false,false,3,1,0,3,0,2,true,false,49,14,2,7,7,2,80,LOWER_BOUND,272,2,0,0,0,1,2,3,1,0,2,1,false,0,0,0,0,0,0,0,0,false,0,false,false,true,false,90020010736909722,6523646733392539781,true
coverage-correction-v2-timing-transfer-s1223-m0-r0-t3-c1-l0-d4-tr0-a2,CJ-B,micro,timing_transfer,14996176224332739621,1223,false,false,3,1,0,4,0,2,true,false,49,14,2,7,7,2,80,LOWER_BOUND,272,2,0,0,0,1,2,3,1,0,2,1,false,0,0,0,0,0,0,0,0,false,0,false,false,true,false,9038107028951791025,6523646733392539781,true
coverage-correction-v2-timing-transfer-s1223-m0-r0-t3-c1-l0-d5-tr0-a2,CJ-B,micro,timing_transfer,3064693004278529931,1223,false,false,3,1,0,5,0,2,true,false,49,14,2,7,7,2,80,LOWER_BOUND,272,2,0,0,0,1,2,3,1,0,2,1,false,0,0,0,0,0,0,0,0,false,0,false,false,true,false,11374212543055538152,6523646733392539781,true
coverage-correction-v2-timing-transfer-s1223-m0-r0-t3-c1-l0-d-1-tr2-a2,CJ-B,micro,timing_transfer,5544087014872794689,1223,false,false,3,1,0,-1,2,2,true,false,25,14,2,5,5,2,80,LOWER_BOUND,272,2,0,0,0,0,0,2,0,0,0,0,false,0,0,0,0,0,0,0,0,false,0,false,false,true,false,16998741459563284427,10817645185048856903,true
coverage-correction-v2-timing-transfer-s1223-m0-r0-t3-c1-l0-d0-tr2-a2,CJ-B,micro,timing_transfer,8555692030373305693,1223,false,false,3,1,0,0,2,2,true,false,25,36,2,7,7,2,80,LOWER_BOUND,272,2,0,0,0,0,2,2,0,1,2,1,false,0,0,0,0,0,0,0,1,false,0,true,false,true,false,4330817964678422811,10817645185048856903,true
coverage-correction-v2-timing-transfer-s1223-m0-r0-t3-c1-l0-d1-tr2-a2,CJ-B,micro,timing_transfer,8045964659939112199,1223,false,false,3,1,0,1,2,2,true,false,25,14,2,5,5,2,80,LOWER_BOUND,272,2,0,0,0,0,0,2,0,0,0,0,false,0,0,0,0,0,0,0,0,false,0,false,false,true,false,7503742842437444445,10817645185048856903,true
coverage-correction-v2-timing-transfer-s1223-m0-r0-t3-c1-l0-d2-tr2-a2,CJ-B,micro,timing_transfer,15349871414144002593,1223,false,false,3,1,0,2,2,2,true,false,25,14,2,5,5,2,80,LOWER_BOUND,272,2,0,0,0,0,0,2,0,0,0,0,false,0,0,0,0,0,0,0,0,false,0,false,false,true,false,5708323919316355605,10817645185048856903,true
coverage-correction-v2-timing-transfer-s1223-m0-r0-t3-c1-l0-d3-tr2-a2,CJ-B,micro,timing_transfer,5466261540603072231,1223,false,false,3,1,0,3,2,2,true,false,25,14,2,5,5,2,80,LOWER_BOUND,272,2,0,0,0,0,0,2,0,0,0,0,false,0,0,0,0,0,0,0,0,false,0,false,false,true,false,16903565026346357816,10817645185048856903,true
coverage-correction-v2-timing-transfer-s1223-m0-r0-t3-c1-l0-d4-tr2-a2,CJ-B,micro,timing_transfer,4616500975335108365,1223,false,false,3,1,0,4,2,2,true,false,25,14,2,5,5,2,80,LOWER_BOUND,272,2,0,0,0,0,0,2,0,0,0,0,false,0,0,0,0,0,0,0,0,false,0,false,false,true,false,884932948753701491,10817645185048856903,true
coverage-correction-v2-timing-transfer-s1223-m0-r0-t3-c1-l0-d5-tr2-a2,CJ-B,micro,timing_transfer,13962943408600399375,1223,false,false,3,1,0,5,2,2,true,false,25,14,2,5,5,2,80,LOWER_BOUND,272,2,0,0,0,0,0,2,0,0,0,0,false,0,0,0,0,0,0,0,0,false,0,false,false,true,false,16804048621391384598,10817645185048856903,true
coverage-correction-v2-timing-transfer-s1223-m0-r0-t3-c1-l0-d-1-tr4-a2,CJ-B,micro,timing_transfer,8010961847144583873,1223,false,false,3,1,0,-1,4,2,true,false,25,14,2,5,5,2,80,LOWER_BOUND,272,2,0,0,0,0,0,2,0,0,0,0,false,0,0,0,0,0,0,0,0,false,0,false,false,true,false,16998741459563284427,10817645185048856903,true
coverage-correction-v2-timing-transfer-s1223-m0-r0-t3-c1-l0-d0-tr4-a2,CJ-B,micro,timing_transfer,17364449563546921533,1223,false,false,3,1,0,0,4,2,true,false,25,36,2,7,7,2,80,LOWER_BOUND,272,2,0,0,0,0,2,2,0,1,2,1,false,0,0,0,0,0,0,0,1,false,0,true,false,true,false,4330817964678422811,10817645185048856903,true
coverage-correction-v2-timing-transfer-s1223-m0-r0-t3-c1-l0-d1-tr4-a2,CJ-B,micro,timing_transfer,3432075404946519347,1223,false,false,3,1,0,1,4,2,true,false,25,14,2,5,5,2,80,LOWER_BOUND,272,2,0,0,0,0,0,2,0,0,0,0,false,0,0,0,0,0,0,0,0,false,0,false,false,true,false,7503742842437444445,10817645185048856903,true
coverage-correction-v2-timing-transfer-s1223-m0-r0-t3-c1-l0-d2-tr4-a2,CJ-B,micro,timing_transfer,999593918278871953,1223,false,false,3,1,0,2,4,2,true,false,25,14,2,5,5,2,80,LOWER_BOUND,272,2,0,0,0,0,0,2,0,0,0,0,false,0,0,0,0,0,0,0,0,false,0,false,false,true,false,5708323919316355605,10817645185048856903,true
coverage-correction-v2-timing-transfer-s1223-m0-r0-t3-c1-l0-d3-tr4-a2,CJ-B,micro,timing_transfer,7693561662066103347,1223,false,false,3,1,0,3,4,2,true,false,25,14,2,5,5,2,80,LOWER_BOUND,272,2,0,0,0,0,0,2,0,0,0,0,false,0,0,0,0,0,0,0,0,false,0,false,false,true,false,16903565026346357816,10817645185048856903,true
coverage-correction-v2-timing-transfer-s1223-m0-r0-t3-c1-l0-d4-tr4-a2,CJ-B,micro,timing_transfer,14107558789296378237,1223,false,false,3,1,0,4,4,2,true,false,25,14,2,5,5,2,80,LOWER_BOUND,272,2,0,0,0,0,0,2,0,0,0,0,false,0,0,0,0,0,0,0,0,false,0,false,false,true,false,884932948753701491,10817645185048856903,true
coverage-correction-v2-timing-transfer-s1223-m0-r0-t3-c1-l0-d5-tr4-a2,CJ-B,micro,timing_transfer,18195963939752143699,1223,false,false,3,1,0,5,4,2,true,false,25,14,2,5,5,2,80,LOWER_BOUND,272,2,0,0,0,0,0,2,0,0,0,0,false,0,0,0,0,0,0,0,0,false,0,false,false,true,false,16804048621391384598,10817645185048856903,true
coverage-correction-v2-contemporary-reversal-s1223-m0-r0-t3-c1-l0-d0-tr0-a2,CJ-B,micro,shared_control,12009172912391346839,1223,false,false,3,1,0,0,0,2,true,true,338,138,34,29,29,4,160,LOWER_BOUND,912,9,2,3,3,4,12,13,2,2,12,6,false,1,2,1,2,474,5,43,0,false,0,true,false,true,false,6886937885089816599,4603085531013478422,false
coverage-correction-v2-burst-4-s1223-m0-r0-t3-c1-l4-d1-tr0-a2,CJ-B,micro,same_source_bursts,10677753893057608112,1223,false,false,3,1,4,1,0,2,false,false,0,42,6,4,4,4,160,LOWER_BOUND,272,2,0,0,0,0,0,0,0,0,0,0,false,0,0,0,0,0,0,0,0,false,0,false,false,true,false,18164926982826505771,8943627123380686221,true
coverage-correction-v2-blocked-late-return-s1223-m0-r0-t3-c1-l4-d0-tr0-a6,CJ-B,micro,dense_return_topology,5682392729095382442,1223,false,false,3,1,4,0,0,6,true,true,121,16,23,9,9,6,240,LOWER_BOUND,1024,7,2,0,0,0,2,2,1,1,2,1,false,3,2,1,1,0,0,0,0,true,0,false,false,true,false,7124410497650121460,15710449620289459102,true
coverage-correction-v2-timing-transfer-s1223-m0-r0-t3-c1-l4-d-1-tr0-a2,CJ-B,micro,timing_transfer,14374486906465828953,1223,false,false,3,1,4,-1,0,2,true,false,49,14,2,7,7,2,80,LOWER_BOUND,272,2,0,0,0,1,2,3,1,0,2,1,false,0,0,0,0,0,0,0,0,false,0,false,false,true,false,13659971623437078549,6523646733392539781,true
coverage-correction-v2-timing-transfer-s1223-m0-r0-t3-c1-l4-d0-tr0-a2,CJ-B,micro,timing_transfer,14822752614022425693,1223,false,false,3,1,4,0,0,2,true,false,49,36,2,9,9,2,80,LOWER_BOUND,272,2,0,0,0,1,4,3,1,1,4,2,false,0,0,0,0,0,0,0,1,false,0,true,false,true,false,5496615656727664511,6523646733392539781,true
coverage-correction-v2-timing-transfer-s1223-m0-r0-t3-c1-l4-d1-tr0-a2,CJ-B,micro,timing_transfer,1811912199323998787,1223,false,false,3,1,4,1,0,2,true,false,49,14,2,7,7,2,80,LOWER_BOUND,272,2,0,0,0,1,2,3,1,0,2,1,false,0,0,0,0,0,0,0,0,false,0,false,false,true,false,11263159806327595499,6523646733392539781,true
coverage-correction-v2-timing-transfer-s1223-m0-r0-t3-c1-l4-d2-tr0-a2,CJ-B,micro,timing_transfer,10083902061188727657,1223,false,false,3,1,4,2,0,2,true,false,49,14,2,7,7,2,80,LOWER_BOUND,272,2,0,0,0,1,2,3,1,0,2,1,false,0,0,0,0,0,0,0,0,false,0,false,false,true,false,1132199082932827091,6523646733392539781,true
coverage-correction-v2-timing-transfer-s1223-m0-r0-t3-c1-l4-d3-tr0-a2,CJ-B,micro,timing_transfer,8819359361516922299,1223,false,false,3,1,4,3,0,2,true,false,49,14,2,7,7,2,80,LOWER_BOUND,272,2,0,0,0,1,2,3,1,0,2,1,false,0,0,0,0,0,0,0,0,false,0,false,false,true,false,90020010736909722,6523646733392539781,true
coverage-correction-v2-timing-transfer-s1223-m0-r0-t3-c1-l4-d4-tr0-a2,CJ-B,micro,timing_transfer,8383034322619233517,1223,false,false,3,1,4,4,0,2,true,false,49,14,2,7,7,2,80,LOWER_BOUND,272,2,0,0,0,1,2,3,1,0,2,1,false,0,0,0,0,0,0,0,0,false,0,false,false,true,false,9038107028951791025,6523646733392539781,true
coverage-correction-v2-timing-transfer-s1223-m0-r0-t3-c1-l4-d5-tr0-a2,CJ-B,micro,timing_transfer,8896016274003282803,1223,false,false,3,1,4,5,0,2,true,false,49,14,2,7,7,2,80,LOWER_BOUND,272,2,0,0,0,1,2,3,1,0,2,1,false,0,0,0,0,0,0,0,0,false,0,false,false,true,false,11374212543055538152,6523646733392539781,true
coverage-correction-v2-timing-transfer-s1223-m0-r0-t3-c1-l4-d-1-tr2-a2,CJ-B,micro,timing_transfer,12136871780461604857,1223,false,false,3,1,4,-1,2,2,true,false,25,14,2,5,5,2,80,LOWER_BOUND,272,2,0,0,0,0,0,2,0,0,0,0,false,0,0,0,0,0,0,0,0,false,0,false,false,true,false,16998741459563284427,10817645185048856903,true
coverage-correction-v2-timing-transfer-s1223-m0-r0-t3-c1-l4-d0-tr2-a2,CJ-B,micro,timing_transfer,3790633187121259461,1223,false,false,3,1,4,0,2,2,true,false,25,36,2,7,7,2,80,LOWER_BOUND,272,2,0,0,0,0,2,2,0,1,2,1,false,0,0,0,0,0,0,0,1,false,0,true,false,true,false,4330817964678422811,10817645185048856903,true
coverage-correction-v2-timing-transfer-s1223-m0-r0-t3-c1-l4-d1-tr2-a2,CJ-B,micro,timing_transfer,17292684183683508551,1223,false,false,3,1,4,1,2,2,true,false,25,14,2,5,5,2,80,LOWER_BOUND,272,2,0,0,0,0,0,2,0,0,0,0,false,0,0,0,0,0,0,0,0,false,0,false,false,true,false,7503742842437444445,10817645185048856903,true
coverage-correction-v2-timing-transfer-s1223-m0-r0-t3-c1-l4-d2-tr2-a2,CJ-B,micro,timing_transfer,3257995007396885265,1223,false,false,3,1,4,2,2,2,true,false,25,14,2,5,5,2,80,LOWER_BOUND,272,2,0,0,0,0,0,2,0,0,0,0,false,0,0,0,0,0,0,0,0,false,0,false,false,true,false,5708323919316355605,10817645185048856903,true
coverage-correction-v2-timing-transfer-s1223-m0-r0-t3-c1-l4-d3-tr2-a2,CJ-B,micro,timing_transfer,3910755387159335415,1223,false,false,3,1,4,3,2,2,true,false,25,14,2,5,5,2,80,LOWER_BOUND,272,2,0,0,0,0,0,2,0,0,0,0,false,0,0,0,0,0,0,0,0,false,0,false,false,true,false,16903565026346357816,10817645185048856903,true
coverage-correction-v2-timing-transfer-s1223-m0-r0-t3-c1-l4-d4-tr2-a2,CJ-B,micro,timing_transfer,16710218601968169781,1223,false,false,3,1,4,4,2,2,true,false,25,14,2,5,5,2,80,LOWER_BOUND,272,2,0,0,0,0,0,2,0,0,0,0,false,0,0,0,0,0,0,0,0,false,0,false,false,true,false,884932948753701491,10817645185048856903,true
coverage-correction-v2-timing-transfer-s1223-m0-r0-t3-c1-l4-d5-tr2-a2,CJ-B,micro,timing_transfer,4838429561217967103,1223,false,false,3,1,4,5,2,2,true,false,25,14,2,5,5,2,80,LOWER_BOUND,272,2,0,0,0,0,0,2,0,0,0,0,false,0,0,0,0,0,0,0,0,false,0,false,false,true,false,16804048621391384598,10817645185048856903,true
coverage-correction-v2-timing-transfer-s1223-m0-r0-t3-c1-l4-d-1-tr4-a2,CJ-B,micro,timing_transfer,9557013445410855497,1223,false,false,3,1,4,-1,4,2,true,false,25,14,2,5,5,2,80,LOWER_BOUND,272,2,0,0,0,0,0,2,0,0,0,0,false,0,0,0,0,0,0,0,0,false,0,false,false,true,false,16998741459563284427,10817645185048856903,true
coverage-correction-v2-timing-transfer-s1223-m0-r0-t3-c1-l4-d0-tr4-a2,CJ-B,micro,timing_transfer,14594172833963952245,1223,false,false,3,1,4,0,4,2,true,false,25,36,2,7,7,2,80,LOWER_BOUND,272,2,0,0,0,0,2,2,0,1,2,1,false,0,0,0,0,0,0,0,1,false,0,true,false,true,false,4330817964678422811,10817645185048856903,true
coverage-correction-v2-timing-transfer-s1223-m0-r0-t3-c1-l4-d1-tr4-a2,CJ-B,micro,timing_transfer,4199083130931770763,1223,false,false,3,1,4,1,4,2,true,false,25,14,2,5,5,2,80,LOWER_BOUND,272,2,0,0,0,0,0,2,0,0,0,0,false,0,0,0,0,0,0,0,0,false,0,false,false,true,false,7503742842437444445,10817645185048856903,true
coverage-correction-v2-timing-transfer-s1223-m0-r0-t3-c1-l4-d2-tr4-a2,CJ-B,micro,timing_transfer,16284183746922391345,1223,false,false,3,1,4,2,4,2,true,false,25,14,2,5,5,2,80,LOWER_BOUND,272,2,0,0,0,0,0,2,0,0,0,0,false,0,0,0,0,0,0,0,0,false,0,false,false,true,false,5708323919316355605,10817645185048856903,true
coverage-correction-v2-timing-transfer-s1223-m0-r0-t3-c1-l4-d3-tr4-a2,CJ-B,micro,timing_transfer,9819953369634659499,1223,false,false,3,1,4,3,4,2,true,false,25,14,2,5,5,2,80,LOWER_BOUND,272,2,0,0,0,0,0,2,0,0,0,0,false,0,0,0,0,0,0,0,0,false,0,false,false,true,false,16903565026346357816,10817645185048856903,true
coverage-correction-v2-timing-transfer-s1223-m0-r0-t3-c1-l4-d4-tr4-a2,CJ-B,micro,timing_transfer,17108404692385113621,1223,false,false,3,1,4,4,4,2,true,false,25,14,2,5,5,2,80,LOWER_BOUND,272,2,0,0,0,0,0,2,0,0,0,0,false,0,0,0,0,0,0,0,0,false,0,false,false,true,false,884932948753701491,10817645185048856903,true
coverage-correction-v2-timing-transfer-s1223-m0-r0-t3-c1-l4-d5-tr4-a2,CJ-B,micro,timing_transfer,17831545088399932971,1223,false,false,3,1,4,5,4,2,true,false,25,14,2,5,5,2,80,LOWER_BOUND,272,2,0,0,0,0,0,2,0,0,0,0,false,0,0,0,0,0,0,0,0,false,0,false,false,true,false,16804048621391384598,10817645185048856903,true
coverage-correction-v2-contemporary-reversal-s1223-m0-r0-t3-c1-l4-d0-tr0-a2,CJ-B,micro,shared_control,11682932215612230759,1223,false,false,3,1,4,0,0,2,true,true,338,138,34,29,29,4,160,LOWER_BOUND,912,9,2,3,3,4,12,13,2,2,12,6,false,1,2,1,2,474,5,43,0,false,0,true,false,true,false,6886937885089816599,4603085531013478422,false
coverage-correction-v2-burst-4-s1223-m0-r0-t3-c2-l0-d1-tr0-a2,CJ-B,micro,same_source_bursts,9079008099072305950,1223,false,false,3,2,0,1,0,2,false,false,0,42,6,4,4,4,160,LOWER_BOUND,272,2,0,0,0,0,0,0,0,0,0,0,false,0,0,0,0,0,0,0,0,false,0,false,false,true,false,15141609612171005228,2458239986335488538,true
coverage-correction-v2-blocked-late-return-s1223-m0-r0-t3-c2-l0-d0-tr0-a6,CJ-B,micro,dense_return_topology,12007546773494137066,1223,false,false,3,2,0,0,0,6,true,true,50,16,1,5,5,2,80,LOWER_BOUND,832,7,2,0,0,0,2,2,1,1,2,1,false,3,2,2,2,0,0,0,0,true,0,false,false,true,false,435280811902741756,12534631422527288298,true
coverage-correction-v2-timing-transfer-s1223-m0-r0-t3-c2-l0-d-1-tr0-a2,CJ-B,micro,timing_transfer,4957392970566626645,1223,false,false,3,2,0,-1,0,2,true,false,48,14,2,7,7,2,80,LOWER_BOUND,272,2,0,0,0,1,2,3,1,0,2,1,false,0,0,0,0,0,0,0,0,false,0,false,false,true,false,13090106813815446663,10977783378708605222,true
coverage-correction-v2-timing-transfer-s1223-m0-r0-t3-c2-l0-d0-tr0-a2,CJ-B,micro,timing_transfer,6381034987342202435,1223,false,false,3,2,0,0,0,2,true,false,48,35,2,9,9,2,80,LOWER_BOUND,272,2,0,0,0,1,4,3,1,1,4,2,false,0,0,0,0,0,0,0,1,false,0,true,false,true,false,12546151130515381720,10977783378708605222,true
coverage-correction-v2-timing-transfer-s1223-m0-r0-t3-c2-l0-d1-tr0-a2,CJ-B,micro,timing_transfer,10689202868508361049,1223,false,false,3,2,0,1,0,2,true,false,48,14,2,7,7,2,80,LOWER_BOUND,272,2,0,0,0,1,2,3,1,0,2,1,false,0,0,0,0,0,0,0,0,false,0,false,false,true,false,15405007046448909087,10977783378708605222,true
coverage-correction-v2-timing-transfer-s1223-m0-r0-t3-c2-l0-d2-tr0-a2,CJ-B,micro,timing_transfer,5797081099981282651,1223,false,false,3,2,0,2,0,2,true,false,48,14,2,7,7,2,80,LOWER_BOUND,272,2,0,0,0,1,2,3,1,0,2,1,false,0,0,0,0,0,0,0,0,false,0,false,false,true,false,11192860525606130288,10977783378708605222,true
coverage-correction-v2-timing-transfer-s1223-m0-r0-t3-c2-l0-d3-tr0-a2,CJ-B,micro,timing_transfer,12125680398181457013,1223,false,false,3,2,0,3,0,2,true,false,48,14,2,7,7,2,80,LOWER_BOUND,272,2,0,0,0,1,2,3,1,0,2,1,false,0,0,0,0,0,0,0,0,false,0,false,false,true,false,12244202010538143993,10977783378708605222,true
coverage-correction-v2-timing-transfer-s1223-m0-r0-t3-c2-l0-d4-tr0-a2,CJ-B,micro,timing_transfer,7361669297256722595,1223,false,false,3,2,0,4,0,2,true,false,48,14,2,7,7,2,80,LOWER_BOUND,272,2,0,0,0,1,2,3,1,0,2,1,false,0,0,0,0,0,0,0,0,false,0,false,false,true,false,9626341098158917202,10977783378708605222,true
coverage-correction-v2-timing-transfer-s1223-m0-r0-t3-c2-l0-d5-tr0-a2,CJ-B,micro,timing_transfer,16360290967001500657,1223,false,false,3,2,0,5,0,2,true,false,48,14,2,7,7,2,80,LOWER_BOUND,272,2,0,0,0,1,2,3,1,0,2,1,false,0,0,0,0,0,0,0,0,false,0,false,false,true,false,10761813542781603659,10977783378708605222,true
coverage-correction-v2-timing-transfer-s1223-m0-r0-t3-c2-l0-d-1-tr2-a2,CJ-B,micro,timing_transfer,15718563180714945649,1223,false,false,3,2,0,-1,2,2,true,false,25,14,2,5,5,2,80,LOWER_BOUND,272,2,0,0,0,0,0,2,0,0,0,0,false,0,0,0,0,0,0,0,0,false,0,false,false,true,false,6753772834031654409,18363267815317566036,true
coverage-correction-v2-timing-transfer-s1223-m0-r0-t3-c2-l0-d0-tr2-a2,CJ-B,micro,timing_transfer,4534300581017554631,1223,false,false,3,2,0,0,2,2,true,false,25,35,2,7,7,2,80,LOWER_BOUND,272,2,0,0,0,0,2,2,0,1,2,1,false,0,0,0,0,0,0,0,1,false,0,true,false,true,false,4408440260181629356,18363267815317566036,true
coverage-correction-v2-timing-transfer-s1223-m0-r0-t3-c2-l0-d1-tr2-a2,CJ-B,micro,timing_transfer,2272291185984564545,1223,false,false,3,2,0,1,2,2,true,false,25,14,2,5,5,2,80,LOWER_BOUND,272,2,0,0,0,0,0,2,0,0,0,0,false,0,0,0,0,0,0,0,0,false,0,false,false,true,false,1546781836523314225,18363267815317566036,true
coverage-correction-v2-timing-transfer-s1223-m0-r0-t3-c2-l0-d2-tr2-a2,CJ-B,micro,timing_transfer,4310196499995102055,1223,false,false,3,2,0,2,2,2,true,false,25,14,2,5,5,2,80,LOWER_BOUND,272,2,0,0,0,0,0,2,0,0,0,0,false,0,0,0,0,0,0,0,0,false,0,false,false,true,false,15858804071064740926,18363267815317566036,true
coverage-correction-v2-timing-transfer-s1223-m0-r0-t3-c2-l0-d3-tr2-a2,CJ-B,micro,timing_transfer,11201022558637189629,1223,false,false,3,2,0,3,2,2,true,false,25,14,2,5,5,2,80,LOWER_BOUND,272,2,0,0,0,0,0,2,0,0,0,0,false,0,0,0,0,0,0,0,0,false,0,false,false,true,false,18130187142497673219,18363267815317566036,true
coverage-correction-v2-timing-transfer-s1223-m0-r0-t3-c2-l0-d4-tr2-a2,CJ-B,micro,timing_transfer,17756557777987584799,1223,false,false,3,2,0,4,2,2,true,false,25,14,2,5,5,2,80,LOWER_BOUND,272,2,0,0,0,0,0,2,0,0,0,0,false,0,0,0,0,0,0,0,0,false,0,false,false,true,false,6298408965951854904,18363267815317566036,true
coverage-correction-v2-timing-transfer-s1223-m0-r0-t3-c2-l0-d5-tr2-a2,CJ-B,micro,timing_transfer,2102066675603411609,1223,false,false,3,2,0,5,2,2,true,false,25,14,2,5,5,2,80,LOWER_BOUND,272,2,0,0,0,0,0,2,0,0,0,0,false,0,0,0,0,0,0,0,0,false,0,false,false,true,false,15241865201487684733,18363267815317566036,true
coverage-correction-v2-timing-transfer-s1223-m0-r0-t3-c2-l0-d-1-tr4-a2,CJ-B,micro,timing_transfer,10352512117145664205,1223,false,false,3,2,0,-1,4,2,true,false,25,14,2,5,5,2,80,LOWER_BOUND,272,2,0,0,0,0,0,2,0,0,0,0,false,0,0,0,0,0,0,0,0,false,0,false,false,true,false,6753772834031654409,18363267815317566036,true
coverage-correction-v2-timing-transfer-s1223-m0-r0-t3-c2-l0-d0-tr4-a2,CJ-B,micro,timing_transfer,1447856523569167763,1223,false,false,3,2,0,0,4,2,true,false,25,35,2,7,7,2,80,LOWER_BOUND,272,2,0,0,0,0,2,2,0,1,2,1,false,0,0,0,0,0,0,0,1,false,0,true,false,true,false,4408440260181629356,18363267815317566036,true
coverage-correction-v2-timing-transfer-s1223-m0-r0-t3-c2-l0-d1-tr4-a2,CJ-B,micro,timing_transfer,7254634018442714545,1223,false,false,3,2,0,1,4,2,true,false,25,14,2,5,5,2,80,LOWER_BOUND,272,2,0,0,0,0,0,2,0,0,0,0,false,0,0,0,0,0,0,0,0,false,0,false,false,true,false,1546781836523314225,18363267815317566036,true
coverage-correction-v2-timing-transfer-s1223-m0-r0-t3-c2-l0-d2-tr4-a2,CJ-B,micro,timing_transfer,13069381749302521107,1223,false,false,3,2,0,2,4,2,true,false,25,14,2,5,5,2,80,LOWER_BOUND,272,2,0,0,0,0,0,2,0,0,0,0,false,0,0,0,0,0,0,0,0,false,0,false,false,true,false,15858804071064740926,18363267815317566036,true
coverage-correction-v2-timing-transfer-s1223-m0-r0-t3-c2-l0-d3-tr4-a2,CJ-B,micro,timing_transfer,16105505192494744925,1223,false,false,3,2,0,3,4,2,true,false,25,14,2,5,5,2,80,LOWER_BOUND,272,2,0,0,0,0,0,2,0,0,0,0,false,0,0,0,0,0,0,0,0,false,0,false,false,true,false,18130187142497673219,18363267815317566036,true
coverage-correction-v2-timing-transfer-s1223-m0-r0-t3-c2-l0-d4-tr4-a2,CJ-B,micro,timing_transfer,1654722808947286611,1223,false,false,3,2,0,4,4,2,true,false,25,14,2,5,5,2,80,LOWER_BOUND,272,2,0,0,0,0,0,2,0,0,0,0,false,0,0,0,0,0,0,0,0,false,0,false,false,true,false,6298408965951854904,18363267815317566036,true
coverage-correction-v2-timing-transfer-s1223-m0-r0-t3-c2-l0-d5-tr4-a2,CJ-B,micro,timing_transfer,7247941213709496281,1223,false,false,3,2,0,5,4,2,true,false,25,14,2,5,5,2,80,LOWER_BOUND,272,2,0,0,0,0,0,2,0,0,0,0,false,0,0,0,0,0,0,0,0,false,0,false,false,true,false,15241865201487684733,18363267815317566036,true
coverage-correction-v2-contemporary-reversal-s1223-m0-r0-t3-c2-l0-d0-tr0-a2,CJ-B,micro,shared_control,7169327983645926095,1223,false,false,3,2,0,0,0,2,true,true,241,57,26,21,21,4,160,LOWER_BOUND,976,10,2,4,4,0,4,10,2,0,4,2,false,1,1,2,1,298,6,37,0,false,0,false,false,true,false,6442269189950776511,3479874400245956350,false
coverage-correction-v2-burst-4-s1223-m0-r0-t3-c2-l4-d1-tr0-a2,CJ-B,micro,same_source_bursts,3293064383251942198,1223,false,false,3,2,4,1,0,2,false,false,0,42,6,4,4,4,160,LOWER_BOUND,272,2,0,0,0,0,0,0,0,0,0,0,false,0,0,0,0,0,0,0,0,false,0,false,false,true,false,15141609612171005228,2458239986335488538,true
coverage-correction-v2-blocked-late-return-s1223-m0-r0-t3-c2-l4-d0-tr0-a6,CJ-B,micro,dense_return_topology,7960020716337372082,1223,false,false,3,2,4,0,0,6,true,true,120,16,23,9,9,6,240,LOWER_BOUND,1024,7,2,0,0,0,2,2,1,1,2,1,false,3,2,2,2,0,0,0,0,true,0,false,false,true,false,2544026524851663846,15513619274947207828,true
coverage-correction-v2-timing-transfer-s1223-m0-r0-t3-c2-l4-d-1-tr0-a2,CJ-B,micro,timing_transfer,16047138814796447925,1223,false,false,3,2,4,-1,0,2,true,false,48,14,2,7,7,2,80,LOWER_BOUND,272,2,0,0,0,1,2,3,1,0,2,1,false,0,0,0,0,0,0,0,0,false,0,false,false,true,false,13090106813815446663,10977783378708605222,true
coverage-correction-v2-timing-transfer-s1223-m0-r0-t3-c2-l4-d0-tr0-a2,CJ-B,micro,timing_transfer,18418496375185637291,1223,false,false,3,2,4,0,0,2,true,false,48,35,2,9,9,2,80,LOWER_BOUND,272,2,0,0,0,1,4,3,1,1,4,2,false,0,0,0,0,0,0,0,1,false,0,true,false,true,false,12546151130515381720,10977783378708605222,true
coverage-correction-v2-timing-transfer-s1223-m0-r0-t3-c2-l4-d1-tr0-a2,CJ-B,micro,timing_transfer,15648092431217189849,1223,false,false,3,2,4,1,0,2,true,false,48,14,2,7,7,2,80,LOWER_BOUND,272,2,0,0,0,1,2,3,1,0,2,1,false,0,0,0,0,0,0,0,0,false,0,false,false,true,false,15405007046448909087,10977783378708605222,true
coverage-correction-v2-timing-transfer-s1223-m0-r0-t3-c2-l4-d2-tr0-a2,CJ-B,micro,timing_transfer,9767066638088349843,1223,false,false,3,2,4,2,0,2,true,false,48,14,2,7,7,2,80,LOWER_BOUND,272,2,0,0,0,1,2,3,1,0,2,1,false,0,0,0,0,0,0,0,0,false,0,false,false,true,false,11192860525606130288,10977783378708605222,true
coverage-correction-v2-timing-transfer-s1223-m0-r0-t3-c2-l4-d3-tr0-a2,CJ-B,micro,timing_transfer,7784220346813925101,1223,false,false,3,2,4,3,0,2,true,false,48,14,2,7,7,2,80,LOWER_BOUND,272,2,0,0,0,1,2,3,1,0,2,1,false,0,0,0,0,0,0,0,0,false,0,false,false,true,false,12244202010538143993,10977783378708605222,true
coverage-correction-v2-timing-transfer-s1223-m0-r0-t3-c2-l4-d4-tr0-a2,CJ-B,micro,timing_transfer,8410176493351047723,1223,false,false,3,2,4,4,0,2,true,false,48,14,2,7,7,2,80,LOWER_BOUND,272,2,0,0,0,1,2,3,1,0,2,1,false,0,0,0,0,0,0,0,0,false,0,false,false,true,false,9626341098158917202,10977783378708605222,true
coverage-correction-v2-timing-transfer-s1223-m0-r0-t3-c2-l4-d5-tr0-a2,CJ-B,micro,timing_transfer,12025120345451806913,1223,false,false,3,2,4,5,0,2,true,false,48,14,2,7,7,2,80,LOWER_BOUND,272,2,0,0,0,1,2,3,1,0,2,1,false,0,0,0,0,0,0,0,0,false,0,false,false,true,false,10761813542781603659,10977783378708605222,true
coverage-correction-v2-timing-transfer-s1223-m0-r0-t3-c2-l4-d-1-tr2-a2,CJ-B,micro,timing_transfer,7448000552719494585,1223,false,false,3,2,4,-1,2,2,true,false,25,14,2,5,5,2,80,LOWER_BOUND,272,2,0,0,0,0,0,2,0,0,0,0,false,0,0,0,0,0,0,0,0,false,0,false,false,true,false,6753772834031654409,18363267815317566036,true
coverage-correction-v2-timing-transfer-s1223-m0-r0-t3-c2-l4-d0-tr2-a2,CJ-B,micro,timing_transfer,63236326091099335,1223,false,false,3,2,4,0,2,2,true,false,25,35,2,7,7,2,80,LOWER_BOUND,272,2,0,0,0,0,2,2,0,1,2,1,false,0,0,0,0,0,0,0,1,false,0,true,false,true,false,4408440260181629356,18363267815317566036,true
coverage-correction-v2-timing-transfer-s1223-m0-r0-t3-c2-l4-d1-tr2-a2,CJ-B,micro,timing_transfer,2547837264192018145,1223,false,false,3,2,4,1,2,2,true,false,25,14,2,5,5,2,80,LOWER_BOUND,272,2,0,0,0,0,0,2,0,0,0,0,false,0,0,0,0,0,0,0,0,false,0,false,false,true,false,1546781836523314225,18363267815317566036,true
coverage-correction-v2-timing-transfer-s1223-m0-r0-t3-c2-l4-d2-tr2-a2,CJ-B,micro,timing_transfer,2034159883447559831,1223,false,false,3,2,4,2,2,2,true,false,25,14,2,5,5,2,80,LOWER_BOUND,272,2,0,0,0,0,0,2,0,0,0,0,false,0,0,0,0,0,0,0,0,false,0,false,false,true,false,15858804071064740926,18363267815317566036,true
coverage-correction-v2-timing-transfer-s1223-m0-r0-t3-c2-l4-d3-tr2-a2,CJ-B,micro,timing_transfer,11081587313991692405,1223,false,false,3,2,4,3,2,2,true,false,25,14,2,5,5,2,80,LOWER_BOUND,272,2,0,0,0,0,0,2,0,0,0,0,false,0,0,0,0,0,0,0,0,false,0,false,false,true,false,18130187142497673219,18363267815317566036,true
coverage-correction-v2-timing-transfer-s1223-m0-r0-t3-c2-l4-d4-tr2-a2,CJ-B,micro,timing_transfer,998811981409927183,1223,false,false,3,2,4,4,2,2,true,false,25,14,2,5,5,2,80,LOWER_BOUND,272,2,0,0,0,0,0,2,0,0,0,0,false,0,0,0,0,0,0,0,0,false,0,false,false,true,false,6298408965951854904,18363267815317566036,true
coverage-correction-v2-timing-transfer-s1223-m0-r0-t3-c2-l4-d5-tr2-a2,CJ-B,micro,timing_transfer,12609330406469822025,1223,false,false,3,2,4,5,2,2,true,false,25,14,2,5,5,2,80,LOWER_BOUND,272,2,0,0,0,0,0,2,0,0,0,0,false,0,0,0,0,0,0,0,0,false,0,false,false,true,false,15241865201487684733,18363267815317566036,true
coverage-correction-v2-timing-transfer-s1223-m0-r0-t3-c2-l4-d-1-tr4-a2,CJ-B,micro,timing_transfer,3625660830657281805,1223,false,false,3,2,4,-1,4,2,true,false,25,14,2,5,5,2,80,LOWER_BOUND,272,2,0,0,0,0,0,2,0,0,0,0,false,0,0,0,0,0,0,0,0,false,0,false,false,true,false,6753772834031654409,18363267815317566036,true
coverage-correction-v2-timing-transfer-s1223-m0-r0-t3-c2-l4-d0-tr4-a2,CJ-B,micro,timing_transfer,13432182746601479323,1223,false,false,3,2,4,0,4,2,true,false,25,35,2,7,7,2,80,LOWER_BOUND,272,2,0,0,0,0,2,2,0,1,2,1,false,0,0,0,0,0,0,0,1,false,0,true,false,true,false,4408440260181629356,18363267815317566036,true
coverage-correction-v2-timing-transfer-s1223-m0-r0-t3-c2-l4-d1-tr4-a2,CJ-B,micro,timing_transfer,13759174959950254209,1223,false,false,3,2,4,1,4,2,true,false,25,14,2,5,5,2,80,LOWER_BOUND,272,2,0,0,0,0,0,2,0,0,0,0,false,0,0,0,0,0,0,0,0,false,0,false,false,true,false,1546781836523314225,18363267815317566036,true
coverage-correction-v2-timing-transfer-s1223-m0-r0-t3-c2-l4-d2-tr4-a2,CJ-B,micro,timing_transfer,13120870629595128283,1223,false,false,3,2,4,2,4,2,true,false,25,14,2,5,5,2,80,LOWER_BOUND,272,2,0,0,0,0,0,2,0,0,0,0,false,0,0,0,0,0,0,0,0,false,0,false,false,true,false,15858804071064740926,18363267815317566036,true
coverage-correction-v2-timing-transfer-s1223-m0-r0-t3-c2-l4-d3-tr4-a2,CJ-B,micro,timing_transfer,5609772864794083653,1223,false,false,3,2,4,3,4,2,true,false,25,14,2,5,5,2,80,LOWER_BOUND,272,2,0,0,0,0,0,2,0,0,0,0,false,0,0,0,0,0,0,0,0,false,0,false,false,true,false,18130187142497673219,18363267815317566036,true
coverage-correction-v2-timing-transfer-s1223-m0-r0-t3-c2-l4-d4-tr4-a2,CJ-B,micro,timing_transfer,17869669945085597435,1223,false,false,3,2,4,4,4,2,true,false,25,14,2,5,5,2,80,LOWER_BOUND,272,2,0,0,0,0,0,2,0,0,0,0,false,0,0,0,0,0,0,0,0,false,0,false,false,true,false,6298408965951854904,18363267815317566036,true
coverage-correction-v2-timing-transfer-s1223-m0-r0-t3-c2-l4-d5-tr4-a2,CJ-B,micro,timing_transfer,5440405352142962649,1223,false,false,3,2,4,5,4,2,true,false,25,14,2,5,5,2,80,LOWER_BOUND,272,2,0,0,0,0,0,2,0,0,0,0,false,0,0,0,0,0,0,0,0,false,0,false,false,true,false,15241865201487684733,18363267815317566036,true
coverage-correction-v2-contemporary-reversal-s1223-m0-r0-t3-c2-l4-d0-tr0-a2,CJ-B,micro,shared_control,10258915642637125143,1223,false,false,3,2,4,0,0,2,true,true,241,57,26,21,21,4,160,LOWER_BOUND,976,10,2,4,4,0,4,10,2,0,4,2,false,1,1,2,1,298,6,37,0,false,0,false,false,true,false,6442269189950776511,3479874400245956350,false
coverage-correction-v2-burst-4-s1223-m1-r1-t2-c1-l0-d1-tr0-a2,CJ-B,micro,same_source_bursts,9891434620710803942,1223,true,true,2,1,0,1,0,2,false,false,0,42,6,4,4,4,160,LOWER_BOUND,272,2,0,0,0,0,0,0,0,0,0,0,false,0,0,0,0,0,0,0,0,false,0,false,false,true,false,11002049636023567880,6470124759427653054,true
coverage-correction-v2-blocked-late-return-s1223-m1-r1-t2-c1-l0-d0-tr0-a6,CJ-B,micro,dense_return_topology,5977457388173733294,1223,true,true,2,1,0,0,0,6,true,true,50,16,1,5,5,2,80,LOWER_BOUND,832,7,2,0,0,0,2,2,1,1,2,1,false,3,2,1,1,0,0,0,0,true,0,false,false,true,false,3879005961340656880,13550229398932423174,true
coverage-correction-v2-timing-transfer-s1223-m1-r1-t2-c1-l0-d-1-tr0-a2,CJ-B,micro,timing_transfer,11772523684260929273,1223,true,true,2,1,0,-1,0,2,true,false,48,14,2,7,7,2,80,LOWER_BOUND,272,2,0,0,0,1,2,3,1,0,2,1,false,0,0,0,0,0,0,0,0,false,0,false,false,true,false,11255586542939260255,17102261173902461426,true
coverage-correction-v2-timing-transfer-s1223-m1-r1-t2-c1-l0-d0-tr0-a2,CJ-B,micro,timing_transfer,9333989146445607323,1223,true,true,2,1,0,0,0,2,true,false,48,35,2,9,9,2,80,LOWER_BOUND,272,2,0,0,0,1,4,3,1,1,4,2,false,0,0,0,0,0,0,0,1,false,0,true,false,true,false,11772710505118165252,17102261173902461426,true
coverage-correction-v2-timing-transfer-s1223-m1-r1-t2-c1-l0-d1-tr0-a2,CJ-B,micro,timing_transfer,529235653426681233,1223,true,true,2,1,0,1,0,2,true,false,48,14,2,7,7,2,80,LOWER_BOUND,272,2,0,0,0,1,2,3,1,0,2,1,false,0,0,0,0,0,0,0,0,false,0,false,false,true,false,3444406970553611635,17102261173902461426,true
coverage-correction-v2-timing-transfer-s1223-m1-r1-t2-c1-l0-d2-tr0-a2,CJ-B,micro,timing_transfer,11720798897627400563,1223,true,true,2,1,0,2,0,2,true,false,48,14,2,7,7,2,80,LOWER_BOUND,272,2,0,0,0,1,2,3,1,0,2,1,false,0,0,0,0,0,0,0,0,false,0,false,false,true,false,6252485472353176764,17102261173902461426,true
coverage-correction-v2-timing-transfer-s1223-m1-r1-t2-c1-l0-d3-tr0-a2,CJ-B,micro,timing_transfer,4489637810360680909,1223,true,true,2,1,0,3,0,2,true,false,48,14,2,7,7,2,80,LOWER_BOUND,272,2,0,0,0,1,2,3,1,0,2,1,false,0,0,0,0,0,0,0,0,false,0,false,false,true,false,16073671832628640065,17102261173902461426,true
coverage-correction-v2-timing-transfer-s1223-m1-r1-t2-c1-l0-d4-tr0-a2,CJ-B,micro,timing_transfer,14678898599678996379,1223,true,true,2,1,0,4,0,2,true,false,48,14,2,7,7,2,80,LOWER_BOUND,272,2,0,0,0,1,2,3,1,0,2,1,false,0,0,0,0,0,0,0,0,false,0,false,false,true,false,1178756428344926618,17102261173902461426,true
coverage-correction-v2-timing-transfer-s1223-m1-r1-t2-c1-l0-d5-tr0-a2,CJ-B,micro,timing_transfer,1476149733354226137,1223,true,true,2,1,0,5,0,2,true,false,48,14,2,7,7,2,80,LOWER_BOUND,272,2,0,0,0,1,2,3,1,0,2,1,false,0,0,0,0,0,0,0,0,false,0,false,false,true,false,3415814362581944615,17102261173902461426,true
coverage-correction-v2-timing-transfer-s1223-m1-r1-t2-c1-l0-d-1-tr2-a2,CJ-B,micro,timing_transfer,10270818720413152685,1223,true,true,2,1,0,-1,2,2,true,false,25,14,2,5,5,2,80,LOWER_BOUND,272,2,0,0,0,0,0,2,0,0,0,0,false,0,0,0,0,0,0,0,0,false,0,false,false,true,false,8756380645496650865,2140073601256639272,true
coverage-correction-v2-timing-transfer-s1223-m1-r1-t2-c1-l0-d0-tr2-a2,CJ-B,micro,timing_transfer,13384499937622953751,1223,true,true,2,1,0,0,2,2,true,false,25,35,2,7,7,2,80,LOWER_BOUND,272,2,0,0,0,0,2,2,0,1,2,1,false,0,0,0,0,0,0,0,1,false,0,true,false,true,false,8372262701680930328,2140073601256639272,true
coverage-correction-v2-timing-transfer-s1223-m1-r1-t2-c1-l0-d1-tr2-a2,CJ-B,micro,timing_transfer,15733706580263582737,1223,true,true,2,1,0,1,2,2,true,false,25,14,2,5,5,2,80,LOWER_BOUND,272,2,0,0,0,0,0,2,0,0,0,0,false,0,0,0,0,0,0,0,0,false,0,false,false,true,false,5109605109183007773,2140073601256639272,true
coverage-correction-v2-timing-transfer-s1223-m1-r1-t2-c1-l0-d2-tr2-a2,CJ-B,micro,timing_transfer,5575302075664081687,1223,true,true,2,1,0,2,2,2,true,false,25,14,2,5,5,2,80,LOWER_BOUND,272,2,0,0,0,0,0,2,0,0,0,0,false,0,0,0,0,0,0,0,0,false,0,false,false,true,false,1463789574092620130,2140073601256639272,true
coverage-correction-v2-timing-transfer-s1223-m1-r1-t2-c1-l0-d3-tr2-a2,CJ-B,micro,timing_transfer,17557751568109301917,1223,true,true,2,1,0,3,2,2,true,false,25,14,2,5,5,2,80,LOWER_BOUND,272,2,0,0,0,0,0,2,0,0,0,0,false,0,0,0,0,0,0,0,0,false,0,false,false,true,false,3933805291387992003,2140073601256639272,true
coverage-correction-v2-timing-transfer-s1223-m1-r1-t2-c1-l0-d4-tr2-a2,CJ-B,micro,timing_transfer,8525305329837359071,1223,true,true,2,1,0,4,2,2,true,false,25,14,2,5,5,2,80,LOWER_BOUND,272,2,0,0,0,0,0,2,0,0,0,0,false,0,0,0,0,0,0,0,0,false,0,false,false,true,false,8464460365178406568,2140073601256639272,true
coverage-correction-v2-timing-transfer-s1223-m1-r1-t2-c1-l0-d5-tr2-a2,CJ-B,micro,timing_transfer,9339337376160596281,1223,true,true,2,1,0,5,2,2,true,false,25,14,2,5,5,2,80,LOWER_BOUND,272,2,0,0,0,0,0,2,0,0,0,0,false,0,0,0,0,0,0,0,0,false,0,false,false,true,false,5475626316399298593,2140073601256639272,true
coverage-correction-v2-timing-transfer-s1223-m1-r1-t2-c1-l0-d-1-tr4-a2,CJ-B,micro,timing_transfer,5303832303931262073,1223,true,true,2,1,0,-1,4,2,true,false,25,14,2,5,5,2,80,LOWER_BOUND,272,2,0,0,0,0,0,2,0,0,0,0,false,0,0,0,0,0,0,0,0,false,0,false,false,true,false,8756380645496650865,2140073601256639272,true
coverage-correction-v2-timing-transfer-s1223-m1-r1-t2-c1-l0-d0-tr4-a2,CJ-B,micro,timing_transfer,11231262987829487491,1223,true,true,2,1,0,0,4,2,true,false,25,35,2,7,7,2,80,LOWER_BOUND,272,2,0,0,0,0,2,2,0,1,2,1,false,0,0,0,0,0,0,0,1,false,0,true,false,true,false,8372262701680930328,2140073601256639272,true
coverage-correction-v2-timing-transfer-s1223-m1-r1-t2-c1-l0-d1-tr4-a2,CJ-B,micro,timing_transfer,3405924847658959057,1223,true,true,2,1,0,1,4,2,true,false,25,14,2,5,5,2,80,LOWER_BOUND,272,2,0,0,0,0,0,2,0,0,0,0,false,0,0,0,0,0,0,0,0,false,0,false,false,true,false,5109605109183007773,2140073601256639272,true
coverage-correction-v2-timing-transfer-s1223-m1-r1-t2-c1-l0-d2-tr4-a2,CJ-B,micro,timing_transfer,4447906977522753315,1223,true,true,2,1,0,2,4,2,true,false,25,14,2,5,5,2,80,LOWER_BOUND,272,2,0,0,0,0,0,2,0,0,0,0,false,0,0,0,0,0,0,0,0,false,0,false,false,true,false,1463789574092620130,2140073601256639272,true
coverage-correction-v2-timing-transfer-s1223-m1-r1-t2-c1-l0-d3-tr4-a2,CJ-B,micro,timing_transfer,13529242406920025197,1223,true,true,2,1,0,3,4,2,true,false,25,14,2,5,5,2,80,LOWER_BOUND,272,2,0,0,0,0,0,2,0,0,0,0,false,0,0,0,0,0,0,0,0,false,0,false,false,true,false,3933805291387992003,2140073601256639272,true
coverage-correction-v2-timing-transfer-s1223-m1-r1-t2-c1-l0-d4-tr4-a2,CJ-B,micro,timing_transfer,12899903910904307635,1223,true,true,2,1,0,4,4,2,true,false,25,14,2,5,5,2,80,LOWER_BOUND,272,2,0,0,0,0,0,2,0,0,0,0,false,0,0,0,0,0,0,0,0,false,0,false,false,true,false,8464460365178406568,2140073601256639272,true
coverage-correction-v2-timing-transfer-s1223-m1-r1-t2-c1-l0-d5-tr4-a2,CJ-B,micro,timing_transfer,10198851452591587833,1223,true,true,2,1,0,5,4,2,true,false,25,14,2,5,5,2,80,LOWER_BOUND,272,2,0,0,0,0,0,2,0,0,0,0,false,0,0,0,0,0,0,0,0,false,0,false,false,true,false,5475626316399298593,2140073601256639272,true
coverage-correction-v2-contemporary-reversal-s1223-m1-r1-t2-c1-l0-d0-tr0-a2,CJ-B,micro,shared_control,15859796573120342555,1223,true,true,2,1,0,0,0,2,true,true,420,130,38,33,33,4,160,LOWER_BOUND,912,9,2,3,3,8,16,13,2,2,16,8,false,1,5,1,2,548,5,43,0,false,0,true,false,true,false,14933997431695443767,12838546137342853114,false
coverage-correction-v2-burst-4-s1223-m1-r1-t2-c1-l4-d1-tr0-a2,CJ-B,micro,same_source_bursts,2872104677700334638,1223,true,true,2,1,4,1,0,2,false,false,0,42,6,4,4,4,160,LOWER_BOUND,272,2,0,0,0,0,0,0,0,0,0,0,false,0,0,0,0,0,0,0,0,false,0,false,false,true,false,11002049636023567880,6470124759427653054,true
coverage-correction-v2-blocked-late-return-s1223-m1-r1-t2-c1-l4-d0-tr0-a6,CJ-B,micro,dense_return_topology,7688321487250562790,1223,true,true,2,1,4,0,0,6,true,true,120,16,23,9,9,6,240,LOWER_BOUND,1024,7,2,0,0,0,2,2,1,1,2,1,false,3,2,1,1,0,0,0,0,true,0,false,false,true,false,12849686025240495918,6728518375646492364,true
coverage-correction-v2-timing-transfer-s1223-m1-r1-t2-c1-l4-d-1-tr0-a2,CJ-B,micro,timing_transfer,8205221266191543817,1223,true,true,2,1,4,-1,0,2,true,false,48,14,2,7,7,2,80,LOWER_BOUND,272,2,0,0,0,1,2,3,1,0,2,1,false,0,0,0,0,0,0,0,0,false,0,false,false,true,false,11255586542939260255,17102261173902461426,true
coverage-correction-v2-timing-transfer-s1223-m1-r1-t2-c1-l4-d0-tr0-a2,CJ-B,micro,timing_transfer,924187483816604315,1223,true,true,2,1,4,0,0,2,true,false,48,35,2,9,9,2,80,LOWER_BOUND,272,2,0,0,0,1,4,3,1,1,4,2,false,0,0,0,0,0,0,0,1,false,0,true,false,true,false,11772710505118165252,17102261173902461426,true
coverage-correction-v2-timing-transfer-s1223-m1-r1-t2-c1-l4-d1-tr0-a2,CJ-B,micro,timing_transfer,13794443493255653785,1223,true,true,2,1,4,1,0,2,true,false,48,14,2,7,7,2,80,LOWER_BOUND,272,2,0,0,0,1,2,3,1,0,2,1,false,0,0,0,0,0,0,0,0,false,0,false,false,true,false,3444406970553611635,17102261173902461426,true
coverage-correction-v2-timing-transfer-s1223-m1-r1-t2-c1-l4-d2-tr0-a2,CJ-B,micro,timing_transfer,17834050849017780691,1223,true,true,2,1,4,2,0,2,true,false,48,14,2,7,7,2,80,LOWER_BOUND,272,2,0,0,0,1,2,3,1,0,2,1,false,0,0,0,0,0,0,0,0,false,0,false,false,true,false,6252485472353176764,17102261173902461426,true
coverage-correction-v2-timing-transfer-s1223-m1-r1-t2-c1-l4-d3-tr0-a2,CJ-B,micro,timing_transfer,1347758229845704109,1223,true,true,2,1,4,3,0,2,true,false,48,14,2,7,7,2,80,LOWER_BOUND,272,2,0,0,0,1,2,3,1,0,2,1,false,0,0,0,0,0,0,0,0,false,0,false,false,true,false,16073671832628640065,17102261173902461426,true
coverage-correction-v2-timing-transfer-s1223-m1-r1-t2-c1-l4-d4-tr0-a2,CJ-B,micro,timing_transfer,13374666752048337755,1223,true,true,2,1,4,4,0,2,true,false,48,14,2,7,7,2,80,LOWER_BOUND,272,2,0,0,0,1,2,3,1,0,2,1,false,0,0,0,0,0,0,0,0,false,0,false,false,true,false,1178756428344926618,17102261173902461426,true
coverage-correction-v2-timing-transfer-s1223-m1-r1-t2-c1-l4-d5-tr0-a2,CJ-B,micro,timing_transfer,1821852940575166097,1223,true,true,2,1,4,5,0,2,true,false,48,14,2,7,7,2,80,LOWER_BOUND,272,2,0,0,0,1,2,3,1,0,2,1,false,0,0,0,0,0,0,0,0,false,0,false,false,true,false,3415814362581944615,17102261173902461426,true
coverage-correction-v2-timing-transfer-s1223-m1-r1-t2-c1-l4-d-1-tr2-a2,CJ-B,micro,timing_transfer,2187806984472165829,1223,true,true,2,1,4,-1,2,2,true,false,25,14,2,5,5,2,80,LOWER_BOUND,272,2,0,0,0,0,0,2,0,0,0,0,false,0,0,0,0,0,0,0,0,false,0,false,false,true,false,8756380645496650865,2140073601256639272,true
coverage-correction-v2-timing-transfer-s1223-m1-r1-t2-c1-l4-d0-tr2-a2,CJ-B,micro,timing_transfer,10401458159936709407,1223,true,true,2,1,4,0,2,2,true,false,25,35,2,7,7,2,80,LOWER_BOUND,272,2,0,0,0,0,2,2,0,1,2,1,false,0,0,0,0,0,0,0,1,false,0,true,false,true,false,8372262701680930328,2140073601256639272,true
coverage-correction-v2-timing-transfer-s1223-m1-r1-t2-c1-l4-d1-tr2-a2,CJ-B,micro,timing_transfer,2658745278048924025,1223,true,true,2,1,4,1,2,2,true,false,25,14,2,5,5,2,80,LOWER_BOUND,272,2,0,0,0,0,0,2,0,0,0,0,false,0,0,0,0,0,0,0,0,false,0,false,false,true,false,5109605109183007773,2140073601256639272,true
coverage-correction-v2-timing-transfer-s1223-m1-r1-t2-c1-l4-d2-tr2-a2,CJ-B,micro,timing_transfer,8071945955166227679,1223,true,true,2,1,4,2,2,2,true,false,25,14,2,5,5,2,80,LOWER_BOUND,272,2,0,0,0,0,0,2,0,0,0,0,false,0,0,0,0,0,0,0,0,false,0,false,false,true,false,1463789574092620130,2140073601256639272,true
coverage-correction-v2-timing-transfer-s1223-m1-r1-t2-c1-l4-d3-tr2-a2,CJ-B,micro,timing_transfer,18372968692941479453,1223,true,true,2,1,4,3,2,2,true,false,25,14,2,5,5,2,80,LOWER_BOUND,272,2,0,0,0,0,0,2,0,0,0,0,false,0,0,0,0,0,0,0,0,false,0,false,false,true,false,3933805291387992003,2140073601256639272,true
coverage-correction-v2-timing-transfer-s1223-m1-r1-t2-c1-l4-d4-tr2-a2,CJ-B,micro,timing_transfer,16659011386181984791,1223,true,true,2,1,4,4,2,2,true,false,25,14,2,5,5,2,80,LOWER_BOUND,272,2,0,0,0,0,0,2,0,0,0,0,false,0,0,0,0,0,0,0,0,false,0,false,false,true,false,8464460365178406568,2140073601256639272,true
coverage-correction-v2-timing-transfer-s1223-m1-r1-t2-c1-l4-d5-tr2-a2,CJ-B,micro,timing_transfer,8200323764183009681,1223,true,true,2,1,4,5,2,2,true,false,25,14,2,5,5,2,80,LOWER_BOUND,272,2,0,0,0,0,0,2,0,0,0,0,false,0,0,0,0,0,0,0,0,false,0,false,false,true,false,5475626316399298593,2140073601256639272,true
coverage-correction-v2-timing-transfer-s1223-m1-r1-t2-c1-l4-d-1-tr4-a2,CJ-B,micro,timing_transfer,7967173760687091673,1223,true,true,2,1,4,-1,4,2,true,false,25,14,2,5,5,2,80,LOWER_BOUND,272,2,0,0,0,0,0,2,0,0,0,0,false,0,0,0,0,0,0,0,0,false,0,false,false,true,false,8756380645496650865,2140073601256639272,true
coverage-correction-v2-timing-transfer-s1223-m1-r1-t2-c1-l4-d0-tr4-a2,CJ-B,micro,timing_transfer,13100307523342140659,1223,true,true,2,1,4,0,4,2,true,false,25,35,2,7,7,2,80,LOWER_BOUND,272,2,0,0,0,0,2,2,0,1,2,1,false,0,0,0,0,0,0,0,1,false,0,true,false,true,false,8372262701680930328,2140073601256639272,true
coverage-correction-v2-timing-transfer-s1223-m1-r1-t2-c1-l4-d1-tr4-a2,CJ-B,micro,timing_transfer,5267707826442673657,1223,true,true,2,1,4,1,4,2,true,false,25,14,2,5,5,2,80,LOWER_BOUND,272,2,0,0,0,0,0,2,0,0,0,0,false,0,0,0,0,0,0,0,0,false,0,false,false,true,false,5109605109183007773,2140073601256639272,true
coverage-correction-v2-timing-transfer-s1223-m1-r1-t2-c1-l4-d2-tr4-a2,CJ-B,micro,timing_transfer,5139388269553638051,1223,true,true,2,1,4,2,4,2,true,false,25,14,2,5,5,2,80,LOWER_BOUND,272,2,0,0,0,0,0,2,0,0,0,0,false,0,0,0,0,0,0,0,0,false,0,false,false,true,false,1463789574092620130,2140073601256639272,true
coverage-correction-v2-timing-transfer-s1223-m1-r1-t2-c1-l4-d3-tr4-a2,CJ-B,micro,timing_transfer,3359413960083956877,1223,true,true,2,1,4,3,4,2,true,false,25,14,2,5,5,2,80,LOWER_BOUND,272,2,0,0,0,0,0,2,0,0,0,0,false,0,0,0,0,0,0,0,0,false,0,false,false,true,false,3933805291387992003,2140073601256639272,true
coverage-correction-v2-timing-transfer-s1223-m1-r1-t2-c1-l4-d4-tr4-a2,CJ-B,micro,timing_transfer,9400212593959563779,1223,true,true,2,1,4,4,4,2,true,false,25,14,2,5,5,2,80,LOWER_BOUND,272,2,0,0,0,0,0,2,0,0,0,0,false,0,0,0,0,0,0,0,0,false,0,false,false,true,false,8464460365178406568,2140073601256639272,true
coverage-correction-v2-timing-transfer-s1223-m1-r1-t2-c1-l4-d5-tr4-a2,CJ-B,micro,timing_transfer,11139508658620824337,1223,true,true,2,1,4,5,4,2,true,false,25,14,2,5,5,2,80,LOWER_BOUND,272,2,0,0,0,0,0,2,0,0,0,0,false,0,0,0,0,0,0,0,0,false,0,false,false,true,false,5475626316399298593,2140073601256639272,true
coverage-correction-v2-contemporary-reversal-s1223-m1-r1-t2-c1-l4-d0-tr0-a2,CJ-B,micro,shared_control,11937081587616500515,1223,true,true,2,1,4,0,0,2,true,true,420,130,38,33,33,4,160,LOWER_BOUND,912,9,2,3,3,8,16,13,2,2,16,8,false,1,5,1,2,548,5,43,0,false,0,true,false,true,false,14933997431695443767,12838546137342853114,false
coverage-correction-v2-burst-4-s1223-m1-r1-t2-c2-l0-d1-tr0-a2,CJ-B,micro,same_source_bursts,11392233799343453768,1223,true,true,2,2,0,1,0,2,false,false,0,140,18,12,12,4,160,LOWER_BOUND,272,2,0,0,0,6,8,0,4,4,8,4,true,0,0,0,0,0,0,0,0,false,0,false,false,true,false,2964411482623523039,10586024162907222411,false
coverage-correction-v2-blocked-late-return-s1223-m1-r1-t2-c2-l0-d0-tr0-a6,CJ-B,micro,dense_return_topology,17694657763351732714,1223,true,true,2,2,0,0,0,6,true,true,50,46,1,7,7,2,80,LOWER_BOUND,832,7,2,0,0,0,4,2,1,1,4,2,false,3,2,2,2,0,0,0,0,true,0,false,false,true,false,16283517938109156416,11978536754028882876,true
coverage-correction-v2-timing-transfer-s1223-m1-r1-t2-c2-l0-d-1-tr0-a2,CJ-B,micro,timing_transfer,14094578483804548649,1223,true,true,2,2,0,-1,0,2,true,false,70,37,4,11,11,2,80,LOWER_BOUND,272,2,0,0,0,3,6,4,1,1,6,3,false,0,0,0,0,0,0,0,1,false,0,true,false,true,false,355802950570913607,1069032313583216220,true
coverage-correction-v2-timing-transfer-s1223-m1-r1-t2-c2-l0-d0-tr0-a2,CJ-B,micro,timing_transfer,14705616939591299125,1223,true,true,2,2,0,0,0,2,true,false,70,35,2,11,11,2,80,LOWER_BOUND,272,2,0,0,0,2,6,4,1,1,6,3,false,0,0,0,0,0,0,0,1,false,0,true,false,true,false,11562196675562982279,7634850487883416251,true
coverage-correction-v2-timing-transfer-s1223-m1-r1-t2-c2-l0-d1-tr0-a2,CJ-B,micro,timing_transfer,9295602765349857147,1223,true,true,2,2,0,1,0,2,true,false,70,34,2,11,11,2,80,LOWER_BOUND,272,2,0,0,0,2,6,4,1,1,6,3,false,0,0,0,0,0,0,0,1,false,0,true,false,true,false,12917584425052356682,7634850487883416251,true
coverage-correction-v2-timing-transfer-s1223-m1-r1-t2-c2-l0-d2-tr0-a2,CJ-B,micro,timing_transfer,17693623030746765113,1223,true,true,2,2,0,2,0,2,true,false,70,34,2,11,11,2,80,LOWER_BOUND,272,2,0,0,0,2,6,4,1,1,6,3,false,0,0,0,0,0,0,0,1,false,0,true,false,true,false,920387372124056565,7634850487883416251,true
coverage-correction-v2-timing-transfer-s1223-m1-r1-t2-c2-l0-d3-tr0-a2,CJ-B,micro,timing_transfer,14790728249623209315,1223,true,true,2,2,0,3,0,2,true,false,70,34,2,11,11,2,80,LOWER_BOUND,272,2,0,0,0,2,6,4,1,1,6,3,false,0,0,0,0,0,0,0,1,false,0,true,false,true,false,8128651871500761720,7634850487883416251,true
coverage-correction-v2-timing-transfer-s1223-m1-r1-t2-c2-l0-d4-tr0-a2,CJ-B,micro,timing_transfer,525538104214741205,1223,true,true,2,2,0,4,0,2,true,false,70,34,2,11,11,2,80,LOWER_BOUND,272,2,0,0,0,2,6,4,1,1,6,3,false,0,0,0,0,0,0,0,1,false,0,true,false,true,false,6201235133759758443,7634850487883416251,true
coverage-correction-v2-timing-transfer-s1223-m1-r1-t2-c2-l0-d5-tr0-a2,CJ-B,micro,timing_transfer,14364658321767744187,1223,true,true,2,2,0,5,0,2,true,false,70,34,2,11,11,2,80,LOWER_BOUND,272,2,0,0,0,2,6,4,1,1,6,3,false,0,0,0,0,0,0,0,1,false,0,true,false,true,false,12523222954688790054,7634850487883416251,true
coverage-correction-v2-timing-transfer-s1223-m1-r1-t2-c2-l0-d-1-tr2-a2,CJ-B,micro,timing_transfer,10558895717682055585,1223,true,true,2,2,0,-1,2,2,true,false,69,37,4,11,11,2,80,LOWER_BOUND,272,2,0,0,0,3,6,4,1,1,6,3,false,0,0,0,0,0,0,0,1,false,0,true,false,true,false,355802950570913607,1069032313583216220,true
coverage-correction-v2-timing-transfer-s1223-m1-r1-t2-c2-l0-d0-tr2-a2,CJ-B,micro,timing_transfer,17164465127646450597,1223,true,true,2,2,0,0,2,2,true,false,69,35,2,11,11,2,80,LOWER_BOUND,272,2,0,0,0,2,6,4,1,1,6,3,false,0,0,0,0,0,0,0,1,false,0,true,false,true,false,11562196675562982279,7634850487883416251,true
coverage-correction-v2-timing-transfer-s1223-m1-r1-t2-c2-l0-d1-tr2-a2,CJ-B,micro,timing_transfer,8115861298203999839,1223,true,true,2,2,0,1,2,2,true,false,69,34,2,11,11,2,80,LOWER_BOUND,272,2,0,0,0,2,6,4,1,1,6,3,false,0,0,0,0,0,0,0,1,false,0,true,false,true,false,12917584425052356682,7634850487883416251,true
coverage-correction-v2-timing-transfer-s1223-m1-r1-t2-c2-l0-d2-tr2-a2,CJ-B,micro,timing_transfer,3914570972900287161,1223,true,true,2,2,0,2,2,2,true,false,69,34,2,11,11,2,80,LOWER_BOUND,272,2,0,0,0,2,6,4,1,1,6,3,false,0,0,0,0,0,0,0,1,false,0,true,false,true,false,920387372124056565,7634850487883416251,true
coverage-correction-v2-timing-transfer-s1223-m1-r1-t2-c2-l0-d3-tr2-a2,CJ-B,micro,timing_transfer,15584783390392980287,1223,true,true,2,2,0,3,2,2,true,false,69,34,2,11,11,2,80,LOWER_BOUND,272,2,0,0,0,2,6,4,1,1,6,3,false,0,0,0,0,0,0,0,1,false,0,true,false,true,false,8128651871500761720,7634850487883416251,true
coverage-correction-v2-timing-transfer-s1223-m1-r1-t2-c2-l0-d4-tr2-a2,CJ-B,micro,timing_transfer,183494311513147397,1223,true,true,2,2,0,4,2,2,true,false,69,34,2,11,11,2,80,LOWER_BOUND,272,2,0,0,0,2,6,4,1,1,6,3,false,0,0,0,0,0,0,0,1,false,0,true,false,true,false,6201235133759758443,7634850487883416251,true
coverage-correction-v2-timing-transfer-s1223-m1-r1-t2-c2-l0-d5-tr2-a2,CJ-B,micro,timing_transfer,10338884135187972071,1223,true,true,2,2,0,5,2,2,true,false,69,34,2,11,11,2,80,LOWER_BOUND,272,2,0,0,0,2,6,4,1,1,6,3,false,0,0,0,0,0,0,0,1,false,0,true,false,true,false,12523222954688790054,7634850487883416251,true
coverage-correction-v2-timing-transfer-s1223-m1-r1-t2-c2-l0-d-1-tr4-a2,CJ-B,micro,timing_transfer,246917875824191009,1223,true,true,2,2,0,-1,4,2,true,false,69,37,4,11,11,2,80,LOWER_BOUND,272,2,0,0,0,3,6,4,1,1,6,3,false,0,0,0,0,0,0,0,1,false,0,true,false,true,false,355802950570913607,1069032313583216220,true
coverage-correction-v2-timing-transfer-s1223-m1-r1-t2-c2-l0-d0-tr4-a2,CJ-B,micro,timing_transfer,17322885933290495317,1223,true,true,2,2,0,0,4,2,true,false,69,35,2,11,11,2,80,LOWER_BOUND,272,2,0,0,0,2,6,4,1,1,6,3,false,0,0,0,0,0,0,0,1,false,0,true,false,true,false,11562196675562982279,7634850487883416251,true
coverage-correction-v2-timing-transfer-s1223-m1-r1-t2-c2-l0-d1-tr4-a2,CJ-B,micro,timing_transfer,9960412681827521835,1223,true,true,2,2,0,1,4,2,true,false,69,34,2,11,11,2,80,LOWER_BOUND,272,2,0,0,0,2,6,4,1,1,6,3,false,0,0,0,0,0,0,0,1,false,0,true,false,true,false,12917584425052356682,7634850487883416251,true
coverage-correction-v2-timing-transfer-s1223-m1-r1-t2-c2-l0-d2-tr4-a2,CJ-B,micro,timing_transfer,13547412325184223449,1223,true,true,2,2,0,2,4,2,true,false,69,34,2,11,11,2,80,LOWER_BOUND,272,2,0,0,0,2,6,4,1,1,6,3,false,0,0,0,0,0,0,0,1,false,0,true,false,true,false,920387372124056565,7634850487883416251,true
coverage-correction-v2-timing-transfer-s1223-m1-r1-t2-c2-l0-d3-tr4-a2,CJ-B,micro,timing_transfer,3302066234683014763,1223,true,true,2,2,0,3,4,2,true,false,69,34,2,11,11,2,80,LOWER_BOUND,272,2,0,0,0,2,6,4,1,1,6,3,false,0,0,0,0,0,0,0,1,false,0,true,false,true,false,8128651871500761720,7634850487883416251,true
coverage-correction-v2-timing-transfer-s1223-m1-r1-t2-c2-l0-d4-tr4-a2,CJ-B,micro,timing_transfer,10489526060794088053,1223,true,true,2,2,0,4,4,2,true,false,69,34,2,11,11,2,80,LOWER_BOUND,272,2,0,0,0,2,6,4,1,1,6,3,false,0,0,0,0,0,0,0,1,false,0,true,false,true,false,6201235133759758443,7634850487883416251,true
coverage-correction-v2-timing-transfer-s1223-m1-r1-t2-c2-l0-d5-tr4-a2,CJ-B,micro,timing_transfer,1162834052919919371,1223,true,true,2,2,0,5,4,2,true,false,69,34,2,11,11,2,80,LOWER_BOUND,272,2,0,0,0,2,6,4,1,1,6,3,false,0,0,0,0,0,0,0,1,false,0,true,false,true,false,12523222954688790054,7634850487883416251,true
coverage-correction-v2-contemporary-reversal-s1223-m1-r1-t2-c2-l0-d0-tr0-a2,CJ-B,micro,shared_control,16474798404413664575,1223,true,true,2,2,0,0,0,2,true,true,454,130,43,35,35,4,160,LOWER_BOUND,912,9,2,3,3,9,18,13,3,2,18,9,false,1,5,2,2,582,7,41,0,false,0,true,false,true,false,14890194439208635830,5671703518536822017,false
coverage-correction-v2-burst-4-s1223-m1-r1-t2-c2-l4-d1-tr0-a2,CJ-B,micro,same_source_bursts,2697215451755941432,1223,true,true,2,2,4,1,0,2,false,false,0,140,18,12,12,4,160,LOWER_BOUND,272,2,0,0,0,6,8,0,4,4,8,4,true,0,0,0,0,0,0,0,0,false,0,false,false,true,false,2964411482623523039,10586024162907222411,false
coverage-correction-v2-blocked-late-return-s1223-m1-r1-t2-c2-l4-d0-tr0-a6,CJ-B,micro,dense_return_topology,18362470337362760490,1223,true,true,2,2,4,0,0,6,true,true,120,46,23,11,11,6,240,LOWER_BOUND,1024,7,2,0,0,0,4,2,1,1,4,2,false,3,2,2,2,0,0,0,0,true,0,false,false,true,false,11242404460947971402,8748929918419384098,true
coverage-correction-v2-timing-transfer-s1223-m1-r1-t2-c2-l4-d-1-tr0-a2,CJ-B,micro,timing_transfer,13172864265015447585,1223,true,true,2,2,4,-1,0,2,true,false,70,37,4,11,11,2,80,LOWER_BOUND,272,2,0,0,0,3,6,4,1,1,6,3,false,0,0,0,0,0,0,0,1,false,0,true,false,true,false,355802950570913607,1069032313583216220,true
coverage-correction-v2-timing-transfer-s1223-m1-r1-t2-c2-l4-d0-tr0-a2,CJ-B,micro,timing_transfer,7552318428776303485,1223,true,true,2,2,4,0,0,2,true,false,70,35,2,11,11,2,80,LOWER_BOUND,272,2,0,0,0,2,6,4,1,1,6,3,false,0,0,0,0,0,0,0,1,false,0,true,false,true,false,11562196675562982279,7634850487883416251,true
coverage-correction-v2-timing-transfer-s1223-m1-r1-t2-c2-l4-d1-tr0-a2,CJ-B,micro,timing_transfer,7701828557396867747,1223,true,true,2,2,4,1,0,2,true,false,70,34,2,11,11,2,80,LOWER_BOUND,272,2,0,0,0,2,6,4,1,1,6,3,false,0,0,0,0,0,0,0,1,false,0,true,false,true,false,12917584425052356682,7634850487883416251,true
coverage-correction-v2-timing-transfer-s1223-m1-r1-t2-c2-l4-d2-tr0-a2,CJ-B,micro,timing_transfer,8699001072641955401,1223,true,true,2,2,4,2,0,2,true,false,70,34,2,11,11,2,80,LOWER_BOUND,272,2,0,0,0,2,6,4,1,1,6,3,false,0,0,0,0,0,0,0,1,false,0,true,false,true,false,920387372124056565,7634850487883416251,true
coverage-correction-v2-timing-transfer-s1223-m1-r1-t2-c2-l4-d3-tr0-a2,CJ-B,micro,timing_transfer,7264045925486304459,1223,true,true,2,2,4,3,0,2,true,false,70,34,2,11,11,2,80,LOWER_BOUND,272,2,0,0,0,2,6,4,1,1,6,3,false,0,0,0,0,0,0,0,1,false,0,true,false,true,false,8128651871500761720,7634850487883416251,true
coverage-correction-v2-timing-transfer-s1223-m1-r1-t2-c2-l4-d4-tr0-a2,CJ-B,micro,timing_transfer,2045869114389176605,1223,true,true,2,2,4,4,0,2,true,false,70,34,2,11,11,2,80,LOWER_BOUND,272,2,0,0,0,2,6,4,1,1,6,3,false,0,0,0,0,0,0,0,1,false,0,true,false,true,false,6201235133759758443,7634850487883416251,true
coverage-correction-v2-timing-transfer-s1223-m1-r1-t2-c2-l4-d5-tr0-a2,CJ-B,micro,timing_transfer,17694800602049339395,1223,true,true,2,2,4,5,0,2,true,false,70,34,2,11,11,2,80,LOWER_BOUND,272,2,0,0,0,2,6,4,1,1,6,3,false,0,0,0,0,0,0,0,1,false,0,true,false,true,false,12523222954688790054,7634850487883416251,true
coverage-correction-v2-timing-transfer-s1223-m1-r1-t2-c2-l4-d-1-tr2-a2,CJ-B,micro,timing_transfer,13143250202936382873,1223,true,true,2,2,4,-1,2,2,true,false,69,37,4,11,11,2,80,LOWER_BOUND,272,2,0,0,0,3,6,4,1,1,6,3,false,0,0,0,0,0,0,0,1,false,0,true,false,true,false,355802950570913607,1069032313583216220,true
coverage-correction-v2-timing-transfer-s1223-m1-r1-t2-c2-l4-d0-tr2-a2,CJ-B,micro,timing_transfer,10359410961494524717,1223,true,true,2,2,4,0,2,2,true,false,69,35,2,11,11,2,80,LOWER_BOUND,272,2,0,0,0,2,6,4,1,1,6,3,false,0,0,0,0,0,0,0,1,false,0,true,false,true,false,11562196675562982279,7634850487883416251,true
coverage-correction-v2-timing-transfer-s1223-m1-r1-t2-c2-l4-d1-tr2-a2,CJ-B,micro,timing_transfer,17333174614400250895,1223,true,true,2,2,4,1,2,2,true,false,69,34,2,11,11,2,80,LOWER_BOUND,272,2,0,0,0,2,6,4,1,1,6,3,false,0,0,0,0,0,0,0,1,false,0,true,false,true,false,12917584425052356682,7634850487883416251,true
coverage-correction-v2-timing-transfer-s1223-m1-r1-t2-c2-l4-d2-tr2-a2,CJ-B,micro,timing_transfer,12598146142336442761,1223,true,true,2,2,4,2,2,2,true,false,69,34,2,11,11,2,80,LOWER_BOUND,272,2,0,0,0,2,6,4,1,1,6,3,false,0,0,0,0,0,0,0,1,false,0,true,false,true,false,920387372124056565,7634850487883416251,true
coverage-correction-v2-timing-transfer-s1223-m1-r1-t2-c2-l4-d3-tr2-a2,CJ-B,micro,timing_transfer,423038786300353839,1223,true,true,2,2,4,3,2,2,true,false,69,34,2,11,11,2,80,LOWER_BOUND,272,2,0,0,0,2,6,4,1,1,6,3,false,0,0,0,0,0,0,0,1,false,0,true,false,true,false,8128651871500761720,7634850487883416251,true
coverage-correction-v2-timing-transfer-s1223-m1-r1-t2-c2-l4-d4-tr2-a2,CJ-B,micro,timing_transfer,13152852503320057453,1223,true,true,2,2,4,4,2,2,true,false,69,34,2,11,11,2,80,LOWER_BOUND,272,2,0,0,0,2,6,4,1,1,6,3,false,0,0,0,0,0,0,0,1,false,0,true,false,true,false,6201235133759758443,7634850487883416251,true
coverage-correction-v2-timing-transfer-s1223-m1-r1-t2-c2-l4-d5-tr2-a2,CJ-B,micro,timing_transfer,6803451060284299687,1223,true,true,2,2,4,5,2,2,true,false,69,34,2,11,11,2,80,LOWER_BOUND,272,2,0,0,0,2,6,4,1,1,6,3,false,0,0,0,0,0,0,0,1,false,0,true,false,true,false,12523222954688790054,7634850487883416251,true
coverage-correction-v2-timing-transfer-s1223-m1-r1-t2-c2-l4-d-1-tr4-a2,CJ-B,micro,timing_transfer,1633049543861000313,1223,true,true,2,2,4,-1,4,2,true,false,69,37,4,11,11,2,80,LOWER_BOUND,272,2,0,0,0,3,6,4,1,1,6,3,false,0,0,0,0,0,0,0,1,false,0,true,false,true,false,355802950570913607,1069032313583216220,true
coverage-correction-v2-timing-transfer-s1223-m1-r1-t2-c2-l4-d0-tr4-a2,CJ-B,micro,timing_transfer,14841616046933915805,1223,true,true,2,2,4,0,4,2,true,false,69,35,2,11,11,2,80,LOWER_BOUND,272,2,0,0,0,2,6,4,1,1,6,3,false,0,0,0,0,0,0,0,1,false,0,true,false,true,false,11562196675562982279,7634850487883416251,true
coverage-correction-v2-timing-transfer-s1223-m1-r1-t2-c2-l4-d1-tr4-a2,CJ-B,micro,timing_transfer,8517230550772214515,1223,true,true,2,2,4,1,4,2,true,false,69,34,2,11,11,2,80,LOWER_BOUND,272,2,0,0,0,2,6,4,1,1,6,3,false,0,0,0,0,0,0,0,1,false,0,true,false,true,false,12917584425052356682,7634850487883416251,true
coverage-correction-v2-timing-transfer-s1223-m1-r1-t2-c2-l4-d2-tr4-a2,CJ-B,micro,timing_transfer,18324645089059518697,1223,true,true,2,2,4,2,4,2,true,false,69,34,2,11,11,2,80,LOWER_BOUND,272,2,0,0,0,2,6,4,1,1,6,3,false,0,0,0,0,0,0,0,1,false,0,true,false,true,false,920387372124056565,7634850487883416251,true
coverage-correction-v2-timing-transfer-s1223-m1-r1-t2-c2-l4-d3-tr4-a2,CJ-B,micro,timing_transfer,17788832945801339971,1223,true,true,2,2,4,3,4,2,true,false,69,34,2,11,11,2,80,LOWER_BOUND,272,2,0,0,0,2,6,4,1,1,6,3,false,0,0,0,0,0,0,0,1,false,0,true,false,true,false,8128651871500761720,7634850487883416251,true
coverage-correction-v2-timing-transfer-s1223-m1-r1-t2-c2-l4-d4-tr4-a2,CJ-B,micro,timing_transfer,10872092841091994173,1223,true,true,2,2,4,4,4,2,true,false,69,34,2,11,11,2,80,LOWER_BOUND,272,2,0,0,0,2,6,4,1,1,6,3,false,0,0,0,0,0,0,0,1,false,0,true,false,true,false,6201235133759758443,7634850487883416251,true
coverage-correction-v2-timing-transfer-s1223-m1-r1-t2-c2-l4-d5-tr4-a2,CJ-B,micro,timing_transfer,10246291521822134643,1223,true,true,2,2,4,5,4,2,true,false,69,34,2,11,11,2,80,LOWER_BOUND,272,2,0,0,0,2,6,4,1,1,6,3,false,0,0,0,0,0,0,0,1,false,0,true,false,true,false,12523222954688790054,7634850487883416251,true
coverage-correction-v2-contemporary-reversal-s1223-m1-r1-t2-c2-l4-d0-tr0-a2,CJ-B,micro,shared_control,14984837521563663743,1223,true,true,2,2,4,0,0,2,true,true,454,130,43,35,35,4,160,LOWER_BOUND,912,9,2,3,3,9,18,13,3,2,18,9,false,1,5,2,2,582,7,41,0,false,0,true,false,true,false,14890194439208635830,5671703518536822017,false
coverage-correction-v2-burst-4-s1223-m1-r1-t3-c1-l0-d1-tr0-a2,CJ-B,micro,same_source_bursts,4142978156564144514,1223,true,true,3,1,0,1,0,2,false,false,0,42,6,4,4,4,160,LOWER_BOUND,272,2,0,0,0,0,0,0,0,0,0,0,false,0,0,0,0,0,0,0,0,false,0,false,false,true,false,4148879208296503333,15135629689795632067,true
coverage-correction-v2-blocked-late-return-s1223-m1-r1-t3-c1-l0-d0-tr0-a6,CJ-B,micro,dense_return_topology,16160626667035087020,1223,true,true,3,1,0,0,0,6,true,true,51,16,1,5,5,2,80,LOWER_BOUND,832,7,2,0,0,0,2,2,1,1,2,1,false,3,2,1,1,0,0,0,0,true,0,false,false,true,false,12710475456440754231,751876933217842001,true
coverage-correction-v2-timing-transfer-s1223-m1-r1-t3-c1-l0-d-1-tr0-a2,CJ-B,micro,timing_transfer,14372334630611706675,1223,true,true,3,1,0,-1,0,2,true,false,49,14,2,7,7,2,80,LOWER_BOUND,272,2,0,0,0,1,2,3,1,0,2,1,false,0,0,0,0,0,0,0,0,false,0,false,false,true,false,17091970532226915923,3912366024938252131,true
coverage-correction-v2-timing-transfer-s1223-m1-r1-t3-c1-l0-d0-tr0-a2,CJ-B,micro,timing_transfer,12982897247650260911,1223,true,true,3,1,0,0,0,2,true,false,49,36,2,9,9,2,80,LOWER_BOUND,272,2,0,0,0,1,4,3,1,1,4,2,false,0,0,0,0,0,0,0,1,false,0,true,false,true,false,457928644900473773,3912366024938252131,true
coverage-correction-v2-timing-transfer-s1223-m1-r1-t3-c1-l0-d1-tr0-a2,CJ-B,micro,timing_transfer,15699414773187960897,1223,true,true,3,1,0,1,0,2,true,false,49,14,2,7,7,2,80,LOWER_BOUND,272,2,0,0,0,1,2,3,1,0,2,1,false,0,0,0,0,0,0,0,0,false,0,false,false,true,false,12908591936808284813,3912366024938252131,true
coverage-correction-v2-timing-transfer-s1223-m1-r1-t3-c1-l0-d2-tr0-a2,CJ-B,micro,timing_transfer,3429861336056357739,1223,true,true,3,1,0,2,0,2,true,false,49,14,2,7,7,2,80,LOWER_BOUND,272,2,0,0,0,1,2,3,1,0,2,1,false,0,0,0,0,0,0,0,0,false,0,false,false,true,false,9380234990328542969,3912366024938252131,true
coverage-correction-v2-timing-transfer-s1223-m1-r1-t3-c1-l0-d3-tr0-a2,CJ-B,micro,timing_transfer,3350928582329373569,1223,true,true,3,1,0,3,0,2,true,false,49,14,2,7,7,2,80,LOWER_BOUND,272,2,0,0,0,1,2,3,1,0,2,1,false,0,0,0,0,0,0,0,0,false,0,false,false,true,false,815383750983709104,3912366024938252131,true
coverage-correction-v2-timing-transfer-s1223-m1-r1-t3-c1-l0-d4-tr0-a2,CJ-B,micro,timing_transfer,10506246378324748367,1223,true,true,3,1,0,4,0,2,true,false,49,14,2,7,7,2,80,LOWER_BOUND,272,2,0,0,0,1,2,3,1,0,2,1,false,0,0,0,0,0,0,0,0,false,0,false,false,true,false,5421281246574691139,3912366024938252131,true
coverage-correction-v2-timing-transfer-s1223-m1-r1-t3-c1-l0-d5-tr0-a2,CJ-B,micro,timing_transfer,10290893572197171041,1223,true,true,3,1,0,5,0,2,true,false,49,14,2,7,7,2,80,LOWER_BOUND,272,2,0,0,0,1,2,3,1,0,2,1,false,0,0,0,0,0,0,0,0,false,0,false,false,true,false,18371992447764196266,3912366024938252131,true
coverage-correction-v2-timing-transfer-s1223-m1-r1-t3-c1-l0-d-1-tr2-a2,CJ-B,micro,timing_transfer,7852352299143816371,1223,true,true,3,1,0,-1,2,2,true,false,25,14,2,5,5,2,80,LOWER_BOUND,272,2,0,0,0,0,0,2,0,0,0,0,false,0,0,0,0,0,0,0,0,false,0,false,false,true,false,17764833976729215421,981432150111699869,true
coverage-correction-v2-timing-transfer-s1223-m1-r1-t3-c1-l0-d0-tr2-a2,CJ-B,micro,timing_transfer,5685789067168495015,1223,true,true,3,1,0,0,2,2,true,false,25,36,2,7,7,2,80,LOWER_BOUND,272,2,0,0,0,0,2,2,0,1,2,1,false,0,0,0,0,0,0,0,1,false,0,true,false,true,false,5663240585006781533,981432150111699869,true
coverage-correction-v2-timing-transfer-s1223-m1-r1-t3-c1-l0-d1-tr2-a2,CJ-B,micro,timing_transfer,16918831868457563021,1223,true,true,3,1,0,1,2,2,true,false,25,14,2,5,5,2,80,LOWER_BOUND,272,2,0,0,0,0,0,2,0,0,0,0,false,0,0,0,0,0,0,0,0,false,0,false,false,true,false,6404425132854456107,981432150111699869,true
coverage-correction-v2-timing-transfer-s1223-m1-r1-t3-c1-l0-d2-tr2-a2,CJ-B,micro,timing_transfer,8535430611283255235,1223,true,true,3,1,0,2,2,2,true,false,25,14,2,5,5,2,80,LOWER_BOUND,272,2,0,0,0,0,0,2,0,0,0,0,false,0,0,0,0,0,0,0,0,false,0,false,false,true,false,9512453418119563823,981432150111699869,true
coverage-correction-v2-timing-transfer-s1223-m1-r1-t3-c1-l0-d3-tr2-a2,CJ-B,micro,timing_transfer,13047672444582796117,1223,true,true,3,1,0,3,2,2,true,false,25,14,2,5,5,2,80,LOWER_BOUND,272,2,0,0,0,0,0,2,0,0,0,0,false,0,0,0,0,0,0,0,0,false,0,false,false,true,false,17634711150813446418,981432150111699869,true
coverage-correction-v2-timing-transfer-s1223-m1-r1-t3-c1-l0-d4-tr2-a2,CJ-B,micro,timing_transfer,15285884862843635623,1223,true,true,3,1,0,4,2,2,true,false,25,14,2,5,5,2,80,LOWER_BOUND,272,2,0,0,0,0,0,2,0,0,0,0,false,0,0,0,0,0,0,0,0,false,0,false,false,true,false,17184489728274520169,981432150111699869,true
coverage-correction-v2-timing-transfer-s1223-m1-r1-t3-c1-l0-d5-tr2-a2,CJ-B,micro,timing_transfer,18234140608038102757,1223,true,true,3,1,0,5,2,2,true,false,25,14,2,5,5,2,80,LOWER_BOUND,272,2,0,0,0,0,0,2,0,0,0,0,false,0,0,0,0,0,0,0,0,false,0,false,false,true,false,8774209465815522844,981432150111699869,true
coverage-correction-v2-timing-transfer-s1223-m1-r1-t3-c1-l0-d-1-tr4-a2,CJ-B,micro,timing_transfer,8869264326435334299,1223,true,true,3,1,0,-1,4,2,true,false,25,14,2,5,5,2,80,LOWER_BOUND,272,2,0,0,0,0,0,2,0,0,0,0,false,0,0,0,0,0,0,0,0,false,0,false,false,true,false,17764833976729215421,981432150111699869,true
coverage-correction-v2-timing-transfer-s1223-m1-r1-t3-c1-l0-d0-tr4-a2,CJ-B,micro,timing_transfer,12394358571287104655,1223,true,true,3,1,0,0,4,2,true,false,25,36,2,7,7,2,80,LOWER_BOUND,272,2,0,0,0,0,2,2,0,1,2,1,false,0,0,0,0,0,0,0,1,false,0,true,false,true,false,5663240585006781533,981432150111699869,true
coverage-correction-v2-timing-transfer-s1223-m1-r1-t3-c1-l0-d1-tr4-a2,CJ-B,micro,timing_transfer,4547839319267664657,1223,true,true,3,1,0,1,4,2,true,false,25,14,2,5,5,2,80,LOWER_BOUND,272,2,0,0,0,0,0,2,0,0,0,0,false,0,0,0,0,0,0,0,0,false,0,false,false,true,false,6404425132854456107,981432150111699869,true
coverage-correction-v2-timing-transfer-s1223-m1-r1-t3-c1-l0-d2-tr4-a2,CJ-B,micro,timing_transfer,1790568868133470667,1223,true,true,3,1,0,2,4,2,true,false,25,14,2,5,5,2,80,LOWER_BOUND,272,2,0,0,0,0,0,2,0,0,0,0,false,0,0,0,0,0,0,0,0,false,0,false,false,true,false,9512453418119563823,981432150111699869,true
coverage-correction-v2-timing-transfer-s1223-m1-r1-t3-c1-l0-d3-tr4-a2,CJ-B,micro,timing_transfer,13976992890085003449,1223,true,true,3,1,0,3,4,2,true,false,25,14,2,5,5,2,80,LOWER_BOUND,272,2,0,0,0,0,0,2,0,0,0,0,false,0,0,0,0,0,0,0,0,false,0,false,false,true,false,17634711150813446418,981432150111699869,true
coverage-correction-v2-timing-transfer-s1223-m1-r1-t3-c1-l0-d4-tr4-a2,CJ-B,micro,timing_transfer,15886497016708417583,1223,true,true,3,1,0,4,4,2,true,false,25,14,2,5,5,2,80,LOWER_BOUND,272,2,0,0,0,0,0,2,0,0,0,0,false,0,0,0,0,0,0,0,0,false,0,false,false,true,false,17184489728274520169,981432150111699869,true
coverage-correction-v2-timing-transfer-s1223-m1-r1-t3-c1-l0-d5-tr4-a2,CJ-B,micro,timing_transfer,11346606384002776017,1223,true,true,3,1,0,5,4,2,true,false,25,14,2,5,5,2,80,LOWER_BOUND,272,2,0,0,0,0,0,2,0,0,0,0,false,0,0,0,0,0,0,0,0,false,0,false,false,true,false,8774209465815522844,981432150111699869,true
coverage-correction-v2-contemporary-reversal-s1223-m1-r1-t3-c1-l0-d0-tr0-a2,CJ-B,micro,shared_control,16229799156506401005,1223,true,true,3,1,0,0,0,2,true,true,338,138,34,29,29,4,160,LOWER_BOUND,912,9,2,3,3,4,12,13,2,2,12,6,false,1,2,1,2,474,5,43,0,false,0,true,false,true,false,10523414856056125389,5581365487537863780,false
coverage-correction-v2-burst-4-s1223-m1-r1-t3-c1-l4-d1-tr0-a2,CJ-B,micro,same_source_bursts,16520624731373429778,1223,true,true,3,1,4,1,0,2,false,false,0,42,6,4,4,4,160,LOWER_BOUND,272,2,0,0,0,0,0,0,0,0,0,0,false,0,0,0,0,0,0,0,0,false,0,false,false,true,false,4148879208296503333,15135629689795632067,true
coverage-correction-v2-blocked-late-return-s1223-m1-r1-t3-c1-l4-d0-tr0-a6,CJ-B,micro,dense_return_topology,8842336162376476876,1223,true,true,3,1,4,0,0,6,true,true,121,16,23,9,9,6,240,LOWER_BOUND,1024,7,2,0,0,0,2,2,1,1,2,1,false,3,2,1,1,0,0,0,0,true,0,false,false,true,false,9130680338733679817,2487086102019087659,true
coverage-correction-v2-timing-transfer-s1223-m1-r1-t3-c1-l4-d-1-tr0-a2,CJ-B,micro,timing_transfer,12051441031129282843,1223,true,true,3,1,4,-1,0,2,true,false,49,14,2,7,7,2,80,LOWER_BOUND,272,2,0,0,0,1,2,3,1,0,2,1,false,0,0,0,0,0,0,0,0,false,0,false,false,true,false,17091970532226915923,3912366024938252131,true
coverage-correction-v2-timing-transfer-s1223-m1-r1-t3-c1-l4-d0-tr0-a2,CJ-B,micro,timing_transfer,12408910697728200391,1223,true,true,3,1,4,0,0,2,true,false,49,36,2,9,9,2,80,LOWER_BOUND,272,2,0,0,0,1,4,3,1,1,4,2,false,0,0,0,0,0,0,0,1,false,0,true,false,true,false,457928644900473773,3912366024938252131,true
coverage-correction-v2-timing-transfer-s1223-m1-r1-t3-c1-l4-d1-tr0-a2,CJ-B,micro,timing_transfer,16719370233198253081,1223,true,true,3,1,4,1,0,2,true,false,49,14,2,7,7,2,80,LOWER_BOUND,272,2,0,0,0,1,2,3,1,0,2,1,false,0,0,0,0,0,0,0,0,false,0,false,false,true,false,12908591936808284813,3912366024938252131,true
coverage-correction-v2-timing-transfer-s1223-m1-r1-t3-c1-l4-d2-tr0-a2,CJ-B,micro,timing_transfer,17640253440089552347,1223,true,true,3,1,4,2,0,2,true,false,49,14,2,7,7,2,80,LOWER_BOUND,272,2,0,0,0,1,2,3,1,0,2,1,false,0,0,0,0,0,0,0,0,false,0,false,false,true,false,9380234990328542969,3912366024938252131,true
coverage-correction-v2-timing-transfer-s1223-m1-r1-t3-c1-l4-d3-tr0-a2,CJ-B,micro,timing_transfer,13445024778422533785,1223,true,true,3,1,4,3,0,2,true,false,49,14,2,7,7,2,80,LOWER_BOUND,272,2,0,0,0,1,2,3,1,0,2,1,false,0,0,0,0,0,0,0,0,false,0,false,false,true,false,815383750983709104,3912366024938252131,true
coverage-correction-v2-timing-transfer-s1223-m1-r1-t3-c1-l4-d4-tr0-a2,CJ-B,micro,timing_transfer,7876077680238098535,1223,true,true,3,1,4,4,0,2,true,false,49,14,2,7,7,2,80,LOWER_BOUND,272,2,0,0,0,1,2,3,1,0,2,1,false,0,0,0,0,0,0,0,0,false,0,false,false,true,false,5421281246574691139,3912366024938252131,true
coverage-correction-v2-timing-transfer-s1223-m1-r1-t3-c1-l4-d5-tr0-a2,CJ-B,micro,timing_transfer,5971952784329986457,1223,true,true,3,1,4,5,0,2,true,false,49,14,2,7,7,2,80,LOWER_BOUND,272,2,0,0,0,1,2,3,1,0,2,1,false,0,0,0,0,0,0,0,0,false,0,false,false,true,false,18371992447764196266,3912366024938252131,true
coverage-correction-v2-timing-transfer-s1223-m1-r1-t3-c1-l4-d-1-tr2-a2,CJ-B,micro,timing_transfer,14538389590397366011,1223,true,true,3,1,4,-1,2,2,true,false,25,14,2,5,5,2,80,LOWER_BOUND,272,2,0,0,0,0,0,2,0,0,0,0,false,0,0,0,0,0,0,0,0,false,0,false,false,true,false,17764833976729215421,981432150111699869,true
coverage-correction-v2-timing-transfer-s1223-m1-r1-t3-c1-l4-d0-tr2-a2,CJ-B,micro,timing_transfer,5260029593890195263,1223,true,true,3,1,4,0,2,2,true,false,25,36,2,7,7,2,80,LOWER_BOUND,272,2,0,0,0,0,2,2,0,1,2,1,false,0,0,0,0,0,0,0,1,false,0,true,false,true,false,5663240585006781533,981432150111699869,true
coverage-correction-v2-timing-transfer-s1223-m1-r1-t3-c1-l4-d1-tr2-a2,CJ-B,micro,timing_transfer,2772251035322567773,1223,true,true,3,1,4,1,2,2,true,false,25,14,2,5,5,2,80,LOWER_BOUND,272,2,0,0,0,0,0,2,0,0,0,0,false,0,0,0,0,0,0,0,0,false,0,false,false,true,false,6404425132854456107,981432150111699869,true
coverage-correction-v2-timing-transfer-s1223-m1-r1-t3-c1-l4-d2-tr2-a2,CJ-B,micro,timing_transfer,15493898826552299955,1223,true,true,3,1,4,2,2,2,true,false,25,14,2,5,5,2,80,LOWER_BOUND,272,2,0,0,0,0,0,2,0,0,0,0,false,0,0,0,0,0,0,0,0,false,0,false,false,true,false,9512453418119563823,981432150111699869,true
coverage-correction-v2-timing-transfer-s1223-m1-r1-t3-c1-l4-d3-tr2-a2,CJ-B,micro,timing_transfer,15547411018470289061,1223,true,true,3,1,4,3,2,2,true,false,25,14,2,5,5,2,80,LOWER_BOUND,272,2,0,0,0,0,0,2,0,0,0,0,false,0,0,0,0,0,0,0,0,false,0,false,false,true,false,17634711150813446418,981432150111699869,true
coverage-correction-v2-timing-transfer-s1223-m1-r1-t3-c1-l4-d4-tr2-a2,CJ-B,micro,timing_transfer,2700910280183133151,1223,true,true,3,1,4,4,2,2,true,false,25,14,2,5,5,2,80,LOWER_BOUND,272,2,0,0,0,0,0,2,0,0,0,0,false,0,0,0,0,0,0,0,0,false,0,false,false,true,false,17184489728274520169,981432150111699869,true
coverage-correction-v2-timing-transfer-s1223-m1-r1-t3-c1-l4-d5-tr2-a2,CJ-B,micro,timing_transfer,7572002911407540453,1223,true,true,3,1,4,5,2,2,true,false,25,14,2,5,5,2,80,LOWER_BOUND,272,2,0,0,0,0,0,2,0,0,0,0,false,0,0,0,0,0,0,0,0,false,0,false,false,true,false,8774209465815522844,981432150111699869,true
coverage-correction-v2-timing-transfer-s1223-m1-r1-t3-c1-l4-d-1-tr4-a2,CJ-B,micro,timing_transfer,7428984022517342435,1223,true,true,3,1,4,-1,4,2,true,false,25,14,2,5,5,2,80,LOWER_BOUND,272,2,0,0,0,0,0,2,0,0,0,0,false,0,0,0,0,0,0,0,0,false,0,false,false,true,false,17764833976729215421,981432150111699869,true
coverage-correction-v2-timing-transfer-s1223-m1-r1-t3-c1-l4-d0-tr4-a2,CJ-B,micro,timing_transfer,16189740055603304551,1223,true,true,3,1,4,0,4,2,true,false,25,36,2,7,7,2,80,LOWER_BOUND,272,2,0,0,0,0,2,2,0,1,2,1,false,0,0,0,0,0,0,0,1,false,0,true,false,true,false,5663240585006781533,981432150111699869,true
coverage-correction-v2-timing-transfer-s1223-m1-r1-t3-c1-l4-d1-tr4-a2,CJ-B,micro,timing_transfer,7168987095605708873,1223,true,true,3,1,4,1,4,2,true,false,25,14,2,5,5,2,80,LOWER_BOUND,272,2,0,0,0,0,0,2,0,0,0,0,false,0,0,0,0,0,0,0,0,false,0,false,false,true,false,6404425132854456107,981432150111699869,true
coverage-correction-v2-timing-transfer-s1223-m1-r1-t3-c1-l4-d2-tr4-a2,CJ-B,micro,timing_transfer,16816816932764339643,1223,true,true,3,1,4,2,4,2,true,false,25,14,2,5,5,2,80,LOWER_BOUND,272,2,0,0,0,0,0,2,0,0,0,0,false,0,0,0,0,0,0,0,0,false,0,false,false,true,false,9512453418119563823,981432150111699869,true
coverage-correction-v2-timing-transfer-s1223-m1-r1-t3-c1-l4-d3-tr4-a2,CJ-B,micro,timing_transfer,18042404331948067041,1223,true,true,3,1,4,3,4,2,true,false,25,14,2,5,5,2,80,LOWER_BOUND,272,2,0,0,0,0,0,2,0,0,0,0,false,0,0,0,0,0,0,0,0,false,0,false,false,true,false,17634711150813446418,981432150111699869,true
coverage-correction-v2-timing-transfer-s1223-m1-r1-t3-c1-l4-d4-tr4-a2,CJ-B,micro,timing_transfer,4465718179034557319,1223,true,true,3,1,4,4,4,2,true,false,25,14,2,5,5,2,80,LOWER_BOUND,272,2,0,0,0,0,0,2,0,0,0,0,false,0,0,0,0,0,0,0,0,false,0,false,false,true,false,17184489728274520169,981432150111699869,true
coverage-correction-v2-timing-transfer-s1223-m1-r1-t3-c1-l4-d5-tr4-a2,CJ-B,micro,timing_transfer,16280260313398237929,1223,true,true,3,1,4,5,4,2,true,false,25,14,2,5,5,2,80,LOWER_BOUND,272,2,0,0,0,0,0,2,0,0,0,0,false,0,0,0,0,0,0,0,0,false,0,false,false,true,false,8774209465815522844,981432150111699869,true
coverage-correction-v2-contemporary-reversal-s1223-m1-r1-t3-c1-l4-d0-tr0-a2,CJ-B,micro,shared_control,6845710879819815725,1223,true,true,3,1,4,0,0,2,true,true,338,138,34,29,29,4,160,LOWER_BOUND,912,9,2,3,3,4,12,13,2,2,12,6,false,1,2,1,2,474,5,43,0,false,0,true,false,true,false,10523414856056125389,5581365487537863780,false
coverage-correction-v2-burst-4-s1223-m1-r1-t3-c2-l0-d1-tr0-a2,CJ-B,micro,same_source_bursts,6551270645382367236,1223,true,true,3,2,0,1,0,2,false,false,0,42,6,4,4,4,160,LOWER_BOUND,272,2,0,0,0,0,0,0,0,0,0,0,false,0,0,0,0,0,0,0,0,false,0,false,false,true,false,1783273856863576786,3091699167280305188,true
coverage-correction-v2-blocked-late-return-s1223-m1-r1-t3-c2-l0-d0-tr0-a6,CJ-B,micro,dense_return_topology,6829104411437418088,1223,true,true,3,2,0,0,0,6,true,true,50,16,1,5,5,2,80,LOWER_BOUND,832,7,2,0,0,0,2,2,1,1,2,1,false,3,2,2,2,0,0,0,0,true,0,false,false,true,false,11670218024744590601,10676762943240383143,true
coverage-correction-v2-timing-transfer-s1223-m1-r1-t3-c2-l0-d-1-tr0-a2,CJ-B,micro,timing_transfer,14119098252206603803,1223,true,true,3,2,0,-1,0,2,true,false,48,14,2,7,7,2,80,LOWER_BOUND,272,2,0,0,0,1,2,3,1,0,2,1,false,0,0,0,0,0,0,0,0,false,0,false,false,true,false,17931721589202616125,9962628923241911904,true
coverage-correction-v2-timing-transfer-s1223-m1-r1-t3-c2-l0-d0-tr0-a2,CJ-B,micro,timing_transfer,2386852615690221561,1223,true,true,3,2,0,0,0,2,true,false,48,35,2,9,9,2,80,LOWER_BOUND,272,2,0,0,0,1,4,3,1,1,4,2,false,0,0,0,0,0,0,0,1,false,0,true,false,true,false,9640103248728730394,9962628923241911904,true
coverage-correction-v2-timing-transfer-s1223-m1-r1-t3-c2-l0-d1-tr0-a2,CJ-B,micro,timing_transfer,14070247373365294083,1223,true,true,3,2,0,1,0,2,true,false,48,14,2,7,7,2,80,LOWER_BOUND,272,2,0,0,0,1,2,3,1,0,2,1,false,0,0,0,0,0,0,0,0,false,0,false,false,true,false,9424591911521537661,9962628923241911904,true
coverage-correction-v2-timing-transfer-s1223-m1-r1-t3-c2-l0-d2-tr0-a2,CJ-B,micro,timing_transfer,8672844835207095961,1223,true,true,3,2,0,2,0,2,true,false,48,14,2,7,7,2,80,LOWER_BOUND,272,2,0,0,0,1,2,3,1,0,2,1,false,0,0,0,0,0,0,0,0,false,0,false,false,true,false,6003085139178423066,9962628923241911904,true
coverage-correction-v2-timing-transfer-s1223-m1-r1-t3-c2-l0-d3-tr0-a2,CJ-B,micro,timing_transfer,2748468683804159207,1223,true,true,3,2,0,3,0,2,true,false,48,14,2,7,7,2,80,LOWER_BOUND,272,2,0,0,0,1,2,3,1,0,2,1,false,0,0,0,0,0,0,0,0,false,0,false,false,true,false,13157550906157717203,9962628923241911904,true
coverage-correction-v2-timing-transfer-s1223-m1-r1-t3-c2-l0-d4-tr0-a2,CJ-B,micro,timing_transfer,11004689834345408569,1223,true,true,3,2,0,4,0,2,true,false,48,14,2,7,7,2,80,LOWER_BOUND,272,2,0,0,0,1,2,3,1,0,2,1,false,0,0,0,0,0,0,0,0,false,0,false,false,true,false,10508532709988115552,9962628923241911904,true
coverage-correction-v2-timing-transfer-s1223-m1-r1-t3-c2-l0-d5-tr0-a2,CJ-B,micro,timing_transfer,8744695352252179579,1223,true,true,3,2,0,5,0,2,true,false,48,14,2,7,7,2,80,LOWER_BOUND,272,2,0,0,0,1,2,3,1,0,2,1,false,0,0,0,0,0,0,0,0,false,0,false,false,true,false,15683540740694521673,9962628923241911904,true
coverage-correction-v2-timing-transfer-s1223-m1-r1-t3-c2-l0-d-1-tr2-a2,CJ-B,micro,timing_transfer,198940273976250903,1223,true,true,3,2,0,-1,2,2,true,false,25,14,2,5,5,2,80,LOWER_BOUND,272,2,0,0,0,0,0,2,0,0,0,0,false,0,0,0,0,0,0,0,0,false,0,false,false,true,false,5467175691389132571,8313438545601512278,true
coverage-correction-v2-timing-transfer-s1223-m1-r1-t3-c2-l0-d0-tr2-a2,CJ-B,micro,timing_transfer,17512646191249234637,1223,true,true,3,2,0,0,2,2,true,false,25,35,2,7,7,2,80,LOWER_BOUND,272,2,0,0,0,0,2,2,0,1,2,1,false,0,0,0,0,0,0,0,1,false,0,true,false,true,false,2079577311844162394,8313438545601512278,true
coverage-correction-v2-timing-transfer-s1223-m1-r1-t3-c2-l0-d1-tr2-a2,CJ-B,micro,timing_transfer,6806993555790055931,1223,true,true,3,2,0,1,2,2,true,false,25,14,2,5,5,2,80,LOWER_BOUND,272,2,0,0,0,0,0,2,0,0,0,0,false,0,0,0,0,0,0,0,0,false,0,false,false,true,false,6732453229278477915,8313438545601512278,true
coverage-correction-v2-timing-transfer-s1223-m1-r1-t3-c2-l0-d2-tr2-a2,CJ-B,micro,timing_transfer,10782291506620345477,1223,true,true,3,2,0,2,2,2,true,false,25,14,2,5,5,2,80,LOWER_BOUND,272,2,0,0,0,0,0,2,0,0,0,0,false,0,0,0,0,0,0,0,0,false,0,false,false,true,false,8019864939772325916,8313438545601512278,true
coverage-correction-v2-timing-transfer-s1223-m1-r1-t3-c2-l0-d3-tr2-a2,CJ-B,micro,timing_transfer,10787084736449274239,1223,true,true,3,2,0,3,2,2,true,false,25,14,2,5,5,2,80,LOWER_BOUND,272,2,0,0,0,0,0,2,0,0,0,0,false,0,0,0,0,0,0,0,0,false,0,false,false,true,false,11749599090966812465,8313438545601512278,true
coverage-correction-v2-timing-transfer-s1223-m1-r1-t3-c2-l0-d4-tr2-a2,CJ-B,micro,timing_transfer,4812601956871190309,1223,true,true,3,2,0,4,2,2,true,false,25,14,2,5,5,2,80,LOWER_BOUND,272,2,0,0,0,0,0,2,0,0,0,0,false,0,0,0,0,0,0,0,0,false,0,false,false,true,false,13079200442295730762,8313438545601512278,true
coverage-correction-v2-timing-transfer-s1223-m1-r1-t3-c2-l0-d5-tr2-a2,CJ-B,micro,timing_transfer,1241406950840586803,1223,true,true,3,2,0,5,2,2,true,false,25,14,2,5,5,2,80,LOWER_BOUND,272,2,0,0,0,0,0,2,0,0,0,0,false,0,0,0,0,0,0,0,0,false,0,false,false,true,false,15470555209368757583,8313438545601512278,true
coverage-correction-v2-timing-transfer-s1223-m1-r1-t3-c2-l0-d-1-tr4-a2,CJ-B,micro,timing_transfer,260082518334711579,1223,true,true,3,2,0,-1,4,2,true,false,25,14,2,5,5,2,80,LOWER_BOUND,272,2,0,0,0,0,0,2,0,0,0,0,false,0,0,0,0,0,0,0,0,false,0,false,false,true,false,5467175691389132571,8313438545601512278,true
coverage-correction-v2-timing-transfer-s1223-m1-r1-t3-c2-l0-d0-tr4-a2,CJ-B,micro,timing_transfer,17557643996492657201,1223,true,true,3,2,0,0,4,2,true,false,25,35,2,7,7,2,80,LOWER_BOUND,272,2,0,0,0,0,2,2,0,1,2,1,false,0,0,0,0,0,0,0,1,false,0,true,false,true,false,2079577311844162394,8313438545601512278,true
coverage-correction-v2-timing-transfer-s1223-m1-r1-t3-c2-l0-d1-tr4-a2,CJ-B,micro,timing_transfer,13561424654426815427,1223,true,true,3,2,0,1,4,2,true,false,25,14,2,5,5,2,80,LOWER_BOUND,272,2,0,0,0,0,0,2,0,0,0,0,false,0,0,0,0,0,0,0,0,false,0,false,false,true,false,6732453229278477915,8313438545601512278,true
coverage-correction-v2-timing-transfer-s1223-m1-r1-t3-c2-l0-d2-tr4-a2,CJ-B,micro,timing_transfer,1717275482988992937,1223,true,true,3,2,0,2,4,2,true,false,25,14,2,5,5,2,80,LOWER_BOUND,272,2,0,0,0,0,0,2,0,0,0,0,false,0,0,0,0,0,0,0,0,false,0,false,false,true,false,8019864939772325916,8313438545601512278,true
coverage-correction-v2-timing-transfer-s1223-m1-r1-t3-c2-l0-d3-tr4-a2,CJ-B,micro,timing_transfer,12969448288288858695,1223,true,true,3,2,0,3,4,2,true,false,25,14,2,5,5,2,80,LOWER_BOUND,272,2,0,0,0,0,0,2,0,0,0,0,false,0,0,0,0,0,0,0,0,false,0,false,false,true,false,11749599090966812465,8313438545601512278,true
coverage-correction-v2-timing-transfer-s1223-m1-r1-t3-c2-l0-d4-tr4-a2,CJ-B,micro,timing_transfer,11030561324897192897,1223,true,true,3,2,0,4,4,2,true,false,25,14,2,5,5,2,80,LOWER_BOUND,272,2,0,0,0,0,0,2,0,0,0,0,false,0,0,0,0,0,0,0,0,false,0,false,false,true,false,13079200442295730762,8313438545601512278,true
coverage-correction-v2-timing-transfer-s1223-m1-r1-t3-c2-l0-d5-tr4-a2,CJ-B,micro,timing_transfer,13821926858177688731,1223,true,true,3,2,0,5,4,2,true,false,25,14,2,5,5,2,80,LOWER_BOUND,272,2,0,0,0,0,0,2,0,0,0,0,false,0,0,0,0,0,0,0,0,false,0,false,false,true,false,15470555209368757583,8313438545601512278,true
coverage-correction-v2-contemporary-reversal-s1223-m1-r1-t3-c2-l0-d0-tr0-a2,CJ-B,micro,shared_control,8321598314736653825,1223,true,true,3,2,0,0,0,2,true,true,241,57,26,21,21,4,160,LOWER_BOUND,976,10,2,4,4,0,4,10,2,0,4,2,false,1,1,2,1,298,6,37,0,false,0,false,false,true,false,11149902314123176989,7171216951635406436,false
coverage-correction-v2-burst-4-s1223-m1-r1-t3-c2-l4-d1-tr0-a2,CJ-B,micro,same_source_bursts,971295287913199068,1223,true,true,3,2,4,1,0,2,false,false,0,42,6,4,4,4,160,LOWER_BOUND,272,2,0,0,0,0,0,0,0,0,0,0,false,0,0,0,0,0,0,0,0,false,0,false,false,true,false,1783273856863576786,3091699167280305188,true
coverage-correction-v2-blocked-late-return-s1223-m1-r1-t3-c2-l4-d0-tr0-a6,CJ-B,micro,dense_return_topology,1542631087927427872,1223,true,true,3,2,4,0,0,6,true,true,120,16,23,9,9,6,240,LOWER_BOUND,1024,7,2,0,0,0,2,2,1,1,2,1,false,3,2,2,2,0,0,0,0,true,0,false,false,true,false,5584825378390138771,15293018551149573049,true
coverage-correction-v2-timing-transfer-s1223-m1-r1-t3-c2-l4-d-1-tr0-a2,CJ-B,micro,timing_transfer,6455363195499777675,1223,true,true,3,2,4,-1,0,2,true,false,48,14,2,7,7,2,80,LOWER_BOUND,272,2,0,0,0,1,2,3,1,0,2,1,false,0,0,0,0,0,0,0,0,false,0,false,false,true,false,17931721589202616125,9962628923241911904,true
coverage-correction-v2-timing-transfer-s1223-m1-r1-t3-c2-l4-d0-tr0-a2,CJ-B,micro,timing_transfer,11625942329614287801,1223,true,true,3,2,4,0,0,2,true,false,48,35,2,9,9,2,80,LOWER_BOUND,272,2,0,0,0,1,4,3,1,1,4,2,false,0,0,0,0,0,0,0,1,false,0,true,false,true,false,9640103248728730394,9962628923241911904,true
coverage-correction-v2-timing-transfer-s1223-m1-r1-t3-c2-l4-d1-tr0-a2,CJ-B,micro,timing_transfer,564577655509756731,1223,true,true,3,2,4,1,0,2,true,false,48,14,2,7,7,2,80,LOWER_BOUND,272,2,0,0,0,1,2,3,1,0,2,1,false,0,0,0,0,0,0,0,0,false,0,false,false,true,false,9424591911521537661,9962628923241911904,true
coverage-correction-v2-timing-transfer-s1223-m1-r1-t3-c2-l4-d2-tr0-a2,CJ-B,micro,timing_transfer,5254667700648521945,1223,true,true,3,2,4,2,0,2,true,false,48,14,2,7,7,2,80,LOWER_BOUND,272,2,0,0,0,1,2,3,1,0,2,1,false,0,0,0,0,0,0,0,0,false,0,false,false,true,false,6003085139178423066,9962628923241911904,true
coverage-correction-v2-timing-transfer-s1223-m1-r1-t3-c2-l4-d3-tr0-a2,CJ-B,micro,timing_transfer,18441859827649025799,1223,true,true,3,2,4,3,0,2,true,false,48,14,2,7,7,2,80,LOWER_BOUND,272,2,0,0,0,1,2,3,1,0,2,1,false,0,0,0,0,0,0,0,0,false,0,false,false,true,false,13157550906157717203,9962628923241911904,true
coverage-correction-v2-timing-transfer-s1223-m1-r1-t3-c2-l4-d4-tr0-a2,CJ-B,micro,timing_transfer,10017319220216397497,1223,true,true,3,2,4,4,0,2,true,false,48,14,2,7,7,2,80,LOWER_BOUND,272,2,0,0,0,1,2,3,1,0,2,1,false,0,0,0,0,0,0,0,0,false,0,false,false,true,false,10508532709988115552,9962628923241911904,true
coverage-correction-v2-timing-transfer-s1223-m1-r1-t3-c2-l4-d5-tr0-a2,CJ-B,micro,timing_transfer,15603175421323375107,1223,true,true,3,2,4,5,0,2,true,false,48,14,2,7,7,2,80,LOWER_BOUND,272,2,0,0,0,1,2,3,1,0,2,1,false,0,0,0,0,0,0,0,0,false,0,false,false,true,false,15683540740694521673,9962628923241911904,true
coverage-correction-v2-timing-transfer-s1223-m1-r1-t3-c2-l4-d-1-tr2-a2,CJ-B,micro,timing_transfer,2051839973770119615,1223,true,true,3,2,4,-1,2,2,true,false,25,14,2,5,5,2,80,LOWER_BOUND,272,2,0,0,0,0,0,2,0,0,0,0,false,0,0,0,0,0,0,0,0,false,0,false,false,true,false,5467175691389132571,8313438545601512278,true
coverage-correction-v2-timing-transfer-s1223-m1-r1-t3-c2-l4-d0-tr2-a2,CJ-B,micro,timing_transfer,9261821912222679909,1223,true,true,3,2,4,0,2,2,true,false,25,35,2,7,7,2,80,LOWER_BOUND,272,2,0,0,0,0,2,2,0,1,2,1,false,0,0,0,0,0,0,0,1,false,0,true,false,true,false,2079577311844162394,8313438545601512278,true
coverage-correction-v2-timing-transfer-s1223-m1-r1-t3-c2-l4-d1-tr2-a2,CJ-B,micro,timing_transfer,14870357931528412019,1223,true,true,3,2,4,1,2,2,true,false,25,14,2,5,5,2,80,LOWER_BOUND,272,2,0,0,0,0,0,2,0,0,0,0,false,0,0,0,0,0,0,0,0,false,0,false,false,true,false,6732453229278477915,8313438545601512278,true
coverage-correction-v2-timing-transfer-s1223-m1-r1-t3-c2-l4-d2-tr2-a2,CJ-B,micro,timing_transfer,50646717314265469,1223,true,true,3,2,4,2,2,2,true,false,25,14,2,5,5,2,80,LOWER_BOUND,272,2,0,0,0,0,0,2,0,0,0,0,false,0,0,0,0,0,0,0,0,false,0,false,false,true,false,8019864939772325916,8313438545601512278,true
coverage-correction-v2-timing-transfer-s1223-m1-r1-t3-c2-l4-d3-tr2-a2,CJ-B,micro,timing_transfer,1816997296671106463,1223,true,true,3,2,4,3,2,2,true,false,25,14,2,5,5,2,80,LOWER_BOUND,272,2,0,0,0,0,0,2,0,0,0,0,false,0,0,0,0,0,0,0,0,false,0,false,false,true,false,11749599090966812465,8313438545601512278,true
coverage-correction-v2-timing-transfer-s1223-m1-r1-t3-c2-l4-d4-tr2-a2,CJ-B,micro,timing_transfer,15724452562506337357,1223,true,true,3,2,4,4,2,2,true,false,25,14,2,5,5,2,80,LOWER_BOUND,272,2,0,0,0,0,0,2,0,0,0,0,false,0,0,0,0,0,0,0,0,false,0,false,false,true,false,13079200442295730762,8313438545601512278,true
coverage-correction-v2-timing-transfer-s1223-m1-r1-t3-c2-l4-d5-tr2-a2,CJ-B,micro,timing_transfer,40619479676009339,1223,true,true,3,2,4,5,2,2,true,false,25,14,2,5,5,2,80,LOWER_BOUND,272,2,0,0,0,0,0,2,0,0,0,0,false,0,0,0,0,0,0,0,0,false,0,false,false,true,false,15470555209368757583,8313438545601512278,true
coverage-correction-v2-timing-transfer-s1223-m1-r1-t3-c2-l4-d-1-tr4-a2,CJ-B,micro,timing_transfer,10460523465021346491,1223,true,true,3,2,4,-1,4,2,true,false,25,14,2,5,5,2,80,LOWER_BOUND,272,2,0,0,0,0,0,2,0,0,0,0,false,0,0,0,0,0,0,0,0,false,0,false,false,true,false,5467175691389132571,8313438545601512278,true
coverage-correction-v2-timing-transfer-s1223-m1-r1-t3-c2-l4-d0-tr4-a2,CJ-B,micro,timing_transfer,5647849064426335233,1223,true,true,3,2,4,0,4,2,true,false,25,35,2,7,7,2,80,LOWER_BOUND,272,2,0,0,0,0,2,2,0,1,2,1,false,0,0,0,0,0,0,0,1,false,0,true,false,true,false,2079577311844162394,8313438545601512278,true
coverage-correction-v2-timing-transfer-s1223-m1-r1-t3-c2-l4-d1-tr4-a2,CJ-B,micro,timing_transfer,16388797390739783323,1223,true,true,3,2,4,1,4,2,true,false,25,14,2,5,5,2,80,LOWER_BOUND,272,2,0,0,0,0,0,2,0,0,0,0,false,0,0,0,0,0,0,0,0,false,0,false,false,true,false,6732453229278477915,8313438545601512278,true
coverage-correction-v2-timing-transfer-s1223-m1-r1-t3-c2-l4-d2-tr4-a2,CJ-B,micro,timing_transfer,15457440154123558665,1223,true,true,3,2,4,2,4,2,true,false,25,14,2,5,5,2,80,LOWER_BOUND,272,2,0,0,0,0,0,2,0,0,0,0,false,0,0,0,0,0,0,0,0,false,0,false,false,true,false,8019864939772325916,8313438545601512278,true
coverage-correction-v2-timing-transfer-s1223-m1-r1-t3-c2-l4-d3-tr4-a2,CJ-B,micro,timing_transfer,1039090589331925031,1223,true,true,3,2,4,3,4,2,true,false,25,14,2,5,5,2,80,LOWER_BOUND,272,2,0,0,0,0,0,2,0,0,0,0,false,0,0,0,0,0,0,0,0,false,0,false,false,true,false,11749599090966812465,8313438545601512278,true
coverage-correction-v2-timing-transfer-s1223-m1-r1-t3-c2-l4-d4-tr4-a2,CJ-B,micro,timing_transfer,2074900003753881265,1223,true,true,3,2,4,4,4,2,true,false,25,14,2,5,5,2,80,LOWER_BOUND,272,2,0,0,0,0,0,2,0,0,0,0,false,0,0,0,0,0,0,0,0,false,0,false,false,true,false,13079200442295730762,8313438545601512278,true
coverage-correction-v2-timing-transfer-s1223-m1-r1-t3-c2-l4-d5-tr4-a2,CJ-B,micro,timing_transfer,2561637680372472963,1223,true,true,3,2,4,5,4,2,true,false,25,14,2,5,5,2,80,LOWER_BOUND,272,2,0,0,0,0,0,2,0,0,0,0,false,0,0,0,0,0,0,0,0,false,0,false,false,true,false,15470555209368757583,8313438545601512278,true
coverage-correction-v2-contemporary-reversal-s1223-m1-r1-t3-c2-l4-d0-tr0-a2,CJ-B,micro,shared_control,11804687349518115881,1223,true,true,3,2,4,0,0,2,true,true,241,57,26,21,21,4,160,LOWER_BOUND,976,10,2,4,4,0,4,10,2,0,4,2,false,1,1,2,1,298,6,37,0,false,0,false,false,true,false,11149902314123176989,7171216951635406436,false
