row_id,candidate,stage,family,spec_fingerprint,seed,mirror,reverse_insertion,threshold,coupling,load,spacing,train_spacing,allocation,genuine,expected_effect,learning_work,execution_work,queue_work,delivered,generation_checks,temporary_peak_count,temporary_peak_bytes_lower_bound,temporary_accounting,persistent_bytes,arrow_records,live_structures,proposals,deallocations,return_updates,eligibility_writes,pressure_updates,locus_firings,effect_firings,transmissions,crossings,false_conjunction,resistance_start,resistance_end,coupling_start,coupling_end,reversal_cost,deallocation_cost,reacquisition_cost,timing_tolerance,dense_attribution_ok,recursion_depth,heldout_reuse,replay_equal,naturally_quiescent,runaway,complete_fingerprint,permanent_fingerprint,row_pass
f1-aa-same-tick-s211-m0-r0-t2-c1-l0-d0-tr0-a2,CJ-E,micro,same_source_bursts,14667104192331537102,211,false,false,2,1,0,0,0,2,false,false,0,19,1,3,3,2,80,LOWER_BOUND,160,1,0,0,0,0,1,0,1,1,NA,1,true,0,0,0,0,0,0,0,0,false,0,false,false,true,false,8272981757725960791,8129057570855020926,false
f1-aa-spacing-s211-m0-r0-t2-c1-l0-d-1-tr0-a2,CJ-E,micro,same_source_bursts,11614905342137347078,211,false,false,2,1,0,-1,0,2,false,false,0,9,1,2,2,2,80,LOWER_BOUND,160,1,0,0,0,0,0,0,0,0,NA,0,false,0,0,0,0,0,0,0,0,false,0,false,false,true,false,5624009841837418906,8129057570855020926,true
f1-ab-distinct-s211-m0-r0-t2-c1-l0-d-1-tr0-a2,CJ-E,micro,same_source_bursts,8652912572618782068,211,false,false,2,1,0,-1,0,2,true,false,0,19,2,3,3,2,80,LOWER_BOUND,272,2,1,0,0,0,1,0,0,0,NA,0,false,30,30,1,1,0,0,0,0,false,0,false,false,true,false,10882349203972911904,17855720195431701335,true
f1-aa-spacing-s211-m0-r0-t2-c1-l0-d0-tr0-a2,CJ-E,micro,same_source_bursts,4007949028781323994,211,false,false,2,1,0,0,0,2,false,false,0,19,1,3,3,2,80,LOWER_BOUND,160,1,0,0,0,0,1,0,1,1,NA,1,true,0,0,0,0,0,0,0,0,false,0,false,false,true,false,8272981757725960791,8129057570855020926,false
f1-ab-distinct-s211-m0-r0-t2-c1-l0-d0-tr0-a2,CJ-E,micro,same_source_bursts,4154695187031192561,211,false,false,2,1,0,0,0,2,true,true,0,30,1,4,4,2,80,LOWER_BOUND,272,2,1,0,0,0,2,0,1,1,NA,1,false,30,30,1,1,0,0,0,1,false,0,false,false,true,false,17536051969974366408,17855720195431701335,true
f1-aa-spacing-s211-m0-r0-t2-c1-l0-d1-tr0-a2,CJ-E,micro,same_source_bursts,15724344218951018470,211,false,false,2,1,0,1,0,2,false,false,0,9,1,2,2,2,80,LOWER_BOUND,160,1,0,0,0,0,0,0,0,0,NA,0,false,0,0,0,0,0,0,0,0,false,0,false,false,true,false,5624009841837418906,8129057570855020926,true
f1-ab-distinct-s211-m0-r0-t2-c1-l0-d1-tr0-a2,CJ-E,micro,same_source_bursts,12318266379788325030,211,false,false,2,1,0,1,0,2,true,false,0,18,1,3,3,2,80,LOWER_BOUND,272,2,1,0,0,0,1,0,0,0,NA,0,false,30,30,1,1,0,0,0,0,false,0,false,false,true,false,17512853872500015436,17855720195431701335,true
f1-aa-spacing-s211-m0-r0-t2-c1-l0-d2-tr0-a2,CJ-E,micro,same_source_bursts,16582246026332839830,211,false,false,2,1,0,2,0,2,false,false,0,9,1,2,2,2,80,LOWER_BOUND,160,1,0,0,0,0,0,0,0,0,NA,0,false,0,0,0,0,0,0,0,0,false,0,false,false,true,false,16614423031721418279,8129057570855020926,true
f1-ab-distinct-s211-m0-r0-t2-c1-l0-d2-tr0-a2,CJ-E,micro,same_source_bursts,5529782971152232270,211,false,false,2,1,0,2,0,2,true,false,0,18,1,3,3,2,80,LOWER_BOUND,272,2,1,0,0,0,1,0,0,0,NA,0,false,30,30,1,1,0,0,0,0,false,0,false,false,true,false,6609295182217116590,17855720195431701335,true
f1-aa-spacing-s211-m0-r0-t2-c1-l0-d3-tr0-a2,CJ-E,micro,same_source_bursts,16553832596632666818,211,false,false,2,1,0,3,0,2,false,false,0,9,1,2,2,2,80,LOWER_BOUND,160,1,0,0,0,0,0,0,0,0,NA,0,false,0,0,0,0,0,0,0,0,false,0,false,false,true,false,16054102296361394936,8129057570855020926,true
f1-ab-distinct-s211-m0-r0-t2-c1-l0-d3-tr0-a2,CJ-E,micro,same_source_bursts,16699351856085690070,211,false,false,2,1,0,3,0,2,true,false,0,18,1,3,3,2,80,LOWER_BOUND,272,2,1,0,0,0,1,0,0,0,NA,0,false,30,30,1,1,0,0,0,0,false,0,false,false,true,false,14528297156089976124,17855720195431701335,true
f1-aa-spacing-s211-m0-r0-t2-c1-l0-d4-tr0-a2,CJ-E,micro,same_source_bursts,6435737171038488354,211,false,false,2,1,0,4,0,2,false,false,0,9,1,2,2,2,80,LOWER_BOUND,160,1,0,0,0,0,0,0,0,0,NA,0,false,0,0,0,0,0,0,0,0,false,0,false,false,true,false,15271675051767225013,8129057570855020926,true
f1-ab-distinct-s211-m0-r0-t2-c1-l0-d4-tr0-a2,CJ-E,micro,same_source_bursts,17440828041427617238,211,false,false,2,1,0,4,0,2,true,false,0,18,1,3,3,2,80,LOWER_BOUND,272,2,1,0,0,0,1,0,0,0,NA,0,false,30,30,1,1,0,0,0,0,false,0,false,false,true,false,142677109370894562,17855720195431701335,true
f1-aa-spacing-s211-m0-r0-t2-c1-l0-d5-tr0-a2,CJ-E,micro,same_source_bursts,1802688018114077702,211,false,false,2,1,0,5,0,2,false,false,0,9,1,2,2,2,80,LOWER_BOUND,160,1,0,0,0,0,0,0,0,0,NA,0,false,0,0,0,0,0,0,0,0,false,0,false,false,true,false,7060911514608734886,8129057570855020926,true
f1-ab-distinct-s211-m0-r0-t2-c1-l0-d5-tr0-a2,CJ-E,micro,same_source_bursts,992012934999076390,211,false,false,2,1,0,5,0,2,true,false,0,18,1,3,3,2,80,LOWER_BOUND,272,2,1,0,0,0,1,0,0,0,NA,0,false,30,30,1,1,0,0,0,0,false,0,false,false,true,false,5124707131111436564,17855720195431701335,true
f1-one-path-s211-m0-r0-t2-c1-l0-d1-tr0-a2,CJ-E,micro,same_source_bursts,17844846105153447543,211,false,false,2,1,0,1,0,2,false,false,0,29,2,4,4,2,80,LOWER_BOUND,272,2,1,0,0,1,2,0,0,0,NA,0,false,30,33,1,1,0,0,0,0,false,0,false,false,true,false,11875035424504595304,3411327182379798676,true
f1-a-burst-4-s211-m0-r0-t2-c1-l0-d4-tr0-a2,CJ-E,micro,same_source_bursts,2346959327217172250,211,false,false,2,1,0,4,0,2,false,false,0,29,2,4,4,2,80,LOWER_BOUND,272,2,1,0,0,1,2,0,0,0,NA,0,false,30,33,1,1,0,0,0,0,false,0,false,false,true,false,310695409589624822,3411327182379798676,true
f2-one-strong-s211-m0-r0-t2-c1-l0-d0-tr0-a2,CJ-E,micro,amplitude_vs_multiplicity,6789398165936385920,211,false,false,2,1,0,0,0,2,false,false,0,4,0,1,1,1,40,LOWER_BOUND,160,1,0,0,0,0,0,0,0,0,NA,0,false,0,0,0,0,0,0,0,0,false,0,false,false,true,false,1830996082586194537,8129057570855020926,true
f2-two-weak-distinct-s211-m0-r0-t2-c1-l0-d0-tr0-a2,CJ-E,micro,amplitude_vs_multiplicity,4681127898394580581,211,false,false,2,1,0,0,0,2,true,true,0,19,1,3,3,2,80,LOWER_BOUND,160,1,0,0,0,0,1,0,1,1,NA,1,false,0,0,0,0,0,0,0,0,false,0,false,false,true,false,8272981757725960791,8129057570855020926,true
f2-two-weak-same-s211-m0-r0-t2-c1-l0-d0-tr0-a2,CJ-E,micro,amplitude_vs_multiplicity,2690431839955386033,211,false,false,2,1,0,0,0,2,false,false,0,19,1,3,3,2,80,LOWER_BOUND,160,1,0,0,0,0,1,0,1,1,NA,1,true,0,0,0,0,0,0,0,0,false,0,false,false,true,false,8272981757725960791,8129057570855020926,false
f2-asymmetric-distinct-s211-m0-r0-t2-c1-l0-d0-tr0-a2,CJ-E,micro,amplitude_vs_multiplicity,9328693775355277690,211,false,false,2,1,0,0,0,2,true,true,0,19,1,3,3,2,80,LOWER_BOUND,160,1,0,0,0,0,1,0,1,1,NA,1,false,0,0,0,0,0,0,0,0,false,0,false,false,true,false,8272981757725960791,8129057570855020926,true
f3-direct-return-s211-m0-r0-t2-c1-l0-d0-tr0-a2,CJ-E,micro,dense_return_topology,1301733240701948746,211,false,false,2,1,0,0,0,2,true,true,33,16,1,6,6,2,80,LOWER_BOUND,384,3,2,0,0,2,3,0,1,1,NA,1,false,3,6,1,2,0,0,0,0,true,0,false,false,true,false,1812345195764947356,9357521297165557832,true
f3-crossed-return-s211-m0-r0-t2-c1-l0-d0-tr0-a2,CJ-E,micro,dense_return_topology,16338804652145650476,211,false,false,2,1,0,0,0,2,true,true,33,16,1,6,6,2,80,LOWER_BOUND,384,3,2,0,0,1,3,1,1,1,NA,1,false,3,2,1,1,0,0,0,0,true,0,false,false,true,false,6820942502990066092,12230984161544556071,true
f3-no-return-s211-m0-r0-t2-c1-l0-d0-tr0-a2,CJ-E,micro,dense_return_topology,5231424181260941378,211,false,false,2,1,0,0,0,2,true,true,33,2,1,4,4,2,80,LOWER_BOUND,384,3,2,0,0,0,2,2,1,1,NA,1,false,3,2,1,1,0,0,0,0,true,0,false,false,true,false,14446780170417209549,16388624483618918915,true
f3-direct-return-s211-m0-r0-t2-c1-l0-d0-tr0-a6,CJ-E,micro,dense_return_topology,5786206350148856954,211,false,false,2,1,0,0,0,6,true,true,45,20,1,6,6,2,80,LOWER_BOUND,832,7,2,0,0,2,3,0,1,1,NA,1,false,3,6,1,2,0,0,0,0,true,0,false,false,true,false,7131413770070269284,8192219813112068548,true
f3-crossed-return-s211-m0-r0-t2-c1-l0-d0-tr0-a6,CJ-E,micro,dense_return_topology,2929265774452895004,211,false,false,2,1,0,0,0,6,true,true,45,20,1,6,6,2,80,LOWER_BOUND,832,7,2,0,0,1,3,1,1,1,NA,1,false,3,2,1,1,0,0,0,0,true,0,false,false,true,false,15438463726149606896,13032118424338175215,true
f3-no-return-s211-m0-r0-t2-c1-l0-d0-tr0-a6,CJ-E,micro,dense_return_topology,5492248980948019346,211,false,false,2,1,0,0,0,6,true,true,45,2,1,4,4,2,80,LOWER_BOUND,832,7,2,0,0,0,2,2,1,1,NA,1,false,3,2,1,1,0,0,0,0,true,0,false,false,true,false,3234777069196780085,9641683306574658555,true
f4-transfer-s211-m0-r0-t2-c1-l0-d-1-tr0-a2,CJ-E,micro,timing_transfer,6284134241953437180,211,false,false,2,1,0,-1,0,2,true,false,0,19,2,3,3,2,80,LOWER_BOUND,272,2,1,0,0,0,1,0,0,0,NA,0,false,30,30,1,1,0,0,0,0,false,0,false,false,true,false,10882349203972911904,17855720195431701335,true
f4-transfer-s211-m0-r0-t2-c1-l0-d0-tr0-a2,CJ-E,micro,timing_transfer,12805394174027317549,211,false,false,2,1,0,0,0,2,true,true,0,30,1,4,4,2,80,LOWER_BOUND,272,2,1,0,0,0,2,0,1,1,NA,1,false,30,30,1,1,0,0,0,1,false,0,false,false,true,false,17536051969974366408,17855720195431701335,true
f4-transfer-s211-m0-r0-t2-c1-l0-d1-tr0-a2,CJ-E,micro,timing_transfer,2933895957301804596,211,false,false,2,1,0,1,0,2,true,false,0,18,1,3,3,2,80,LOWER_BOUND,272,2,1,0,0,0,1,0,0,0,NA,0,false,30,30,1,1,0,0,0,0,false,0,false,false,true,false,17512853872500015436,17855720195431701335,true
f4-transfer-s211-m0-r0-t2-c1-l0-d2-tr0-a2,CJ-E,micro,timing_transfer,8555280001827309302,211,false,false,2,1,0,2,0,2,true,false,0,18,1,3,3,2,80,LOWER_BOUND,272,2,1,0,0,0,1,0,0,0,NA,0,false,30,30,1,1,0,0,0,0,false,0,false,false,true,false,6609295182217116590,17855720195431701335,true
f4-transfer-s211-m0-r0-t2-c1-l0-d3-tr0-a2,CJ-E,micro,timing_transfer,5214319881423124308,211,false,false,2,1,0,3,0,2,true,false,0,18,1,3,3,2,80,LOWER_BOUND,272,2,1,0,0,0,1,0,0,0,NA,0,false,30,30,1,1,0,0,0,0,false,0,false,false,true,false,14528297156089976124,17855720195431701335,true
f4-transfer-s211-m0-r0-t2-c1-l0-d4-tr0-a2,CJ-E,micro,timing_transfer,5537062196299339922,211,false,false,2,1,0,4,0,2,true,false,0,18,1,3,3,2,80,LOWER_BOUND,272,2,1,0,0,0,1,0,0,0,NA,0,false,30,30,1,1,0,0,0,0,false,0,false,false,true,false,142677109370894562,17855720195431701335,true
f4-transfer-s211-m0-r0-t2-c1-l0-d5-tr0-a2,CJ-E,micro,timing_transfer,1194115155833586876,211,false,false,2,1,0,5,0,2,true,false,0,18,1,3,3,2,80,LOWER_BOUND,272,2,1,0,0,0,1,0,0,0,NA,0,false,30,30,1,1,0,0,0,0,false,0,false,false,true,false,5124707131111436564,17855720195431701335,true
f4-transfer-s211-m0-r0-t2-c1-l0-d-1-tr2-a2,CJ-E,micro,timing_transfer,10142633557610729440,211,false,false,2,1,0,-1,2,2,true,false,0,19,2,3,3,2,80,LOWER_BOUND,272,2,1,0,0,0,1,0,0,0,NA,0,false,30,30,1,1,0,0,0,0,false,0,false,false,true,false,10882349203972911904,17855720195431701335,true
f4-transfer-s211-m0-r0-t2-c1-l0-d0-tr2-a2,CJ-E,micro,timing_transfer,15030738580071750949,211,false,false,2,1,0,0,2,2,true,true,0,30,1,4,4,2,80,LOWER_BOUND,272,2,1,0,0,0,2,0,1,1,NA,1,false,30,30,1,1,0,0,0,1,false,0,false,false,true,false,17536051969974366408,17855720195431701335,true
f4-transfer-s211-m0-r0-t2-c1-l0-d1-tr2-a2,CJ-E,micro,timing_transfer,9397420304012416688,211,false,false,2,1,0,1,2,2,true,false,0,18,1,3,3,2,80,LOWER_BOUND,272,2,1,0,0,0,1,0,0,0,NA,0,false,30,30,1,1,0,0,0,0,false,0,false,false,true,false,17512853872500015436,17855720195431701335,true
f4-transfer-s211-m0-r0-t2-c1-l0-d2-tr2-a2,CJ-E,micro,timing_transfer,10873268953604563262,211,false,false,2,1,0,2,2,2,true,false,0,18,1,3,3,2,80,LOWER_BOUND,272,2,1,0,0,0,1,0,0,0,NA,0,false,30,30,1,1,0,0,0,0,false,0,false,false,true,false,6609295182217116590,17855720195431701335,true
f4-transfer-s211-m0-r0-t2-c1-l0-d3-tr2-a2,CJ-E,micro,timing_transfer,17063617813302772456,211,false,false,2,1,0,3,2,2,true,false,0,18,1,3,3,2,80,LOWER_BOUND,272,2,1,0,0,0,1,0,0,0,NA,0,false,30,30,1,1,0,0,0,0,false,0,false,false,true,false,14528297156089976124,17855720195431701335,true
f4-transfer-s211-m0-r0-t2-c1-l0-d4-tr2-a2,CJ-E,micro,timing_transfer,5515862235463138058,211,false,false,2,1,0,4,2,2,true,false,0,18,1,3,3,2,80,LOWER_BOUND,272,2,1,0,0,0,1,0,0,0,NA,0,false,30,30,1,1,0,0,0,0,false,0,false,false,true,false,142677109370894562,17855720195431701335,true
f4-transfer-s211-m0-r0-t2-c1-l0-d5-tr2-a2,CJ-E,micro,timing_transfer,6423340183108974704,211,false,false,2,1,0,5,2,2,true,false,0,18,1,3,3,2,80,LOWER_BOUND,272,2,1,0,0,0,1,0,0,0,NA,0,false,30,30,1,1,0,0,0,0,false,0,false,false,true,false,5124707131111436564,17855720195431701335,true
f4-transfer-s211-m0-r0-t2-c1-l0-d-1-tr4-a2,CJ-E,micro,timing_transfer,1285576278560195052,211,false,false,2,1,0,-1,4,2,true,false,0,19,2,3,3,2,80,LOWER_BOUND,272,2,1,0,0,0,1,0,0,0,NA,0,false,30,30,1,1,0,0,0,0,false,0,false,false,true,false,10882349203972911904,17855720195431701335,true
f4-transfer-s211-m0-r0-t2-c1-l0-d0-tr4-a2,CJ-E,micro,timing_transfer,2613403715715279629,211,false,false,2,1,0,0,4,2,true,true,0,30,1,4,4,2,80,LOWER_BOUND,272,2,1,0,0,0,2,0,1,1,NA,1,false,30,30,1,1,0,0,0,1,false,0,false,false,true,false,17536051969974366408,17855720195431701335,true
f4-transfer-s211-m0-r0-t2-c1-l0-d1-tr4-a2,CJ-E,micro,timing_transfer,1984952872274920036,211,false,false,2,1,0,1,4,2,true,false,0,18,1,3,3,2,80,LOWER_BOUND,272,2,1,0,0,0,1,0,0,0,NA,0,false,30,30,1,1,0,0,0,0,false,0,false,false,true,false,17512853872500015436,17855720195431701335,true
f4-transfer-s211-m0-r0-t2-c1-l0-d2-tr4-a2,CJ-E,micro,timing_transfer,4854041703242491318,211,false,false,2,1,0,2,4,2,true,false,0,18,1,3,3,2,80,LOWER_BOUND,272,2,1,0,0,0,1,0,0,0,NA,0,false,30,30,1,1,0,0,0,0,false,0,false,false,true,false,6609295182217116590,17855720195431701335,true
f4-transfer-s211-m0-r0-t2-c1-l0-d3-tr4-a2,CJ-E,micro,timing_transfer,14140463751684472748,211,false,false,2,1,0,3,4,2,true,false,0,18,1,3,3,2,80,LOWER_BOUND,272,2,1,0,0,0,1,0,0,0,NA,0,false,30,30,1,1,0,0,0,0,false,0,false,false,true,false,14528297156089976124,17855720195431701335,true
f4-transfer-s211-m0-r0-t2-c1-l0-d4-tr4-a2,CJ-E,micro,timing_transfer,9709280757061477490,211,false,false,2,1,0,4,4,2,true,false,0,18,1,3,3,2,80,LOWER_BOUND,272,2,1,0,0,0,1,0,0,0,NA,0,false,30,30,1,1,0,0,0,0,false,0,false,false,true,false,142677109370894562,17855720195431701335,true
f4-transfer-s211-m0-r0-t2-c1-l0-d5-tr4-a2,CJ-E,micro,timing_transfer,4808659015233797996,211,false,false,2,1,0,5,4,2,true,false,0,18,1,3,3,2,80,LOWER_BOUND,272,2,1,0,0,0,1,0,0,0,NA,0,false,30,30,1,1,0,0,0,0,false,0,false,false,true,false,5124707131111436564,17855720195431701335,true
ctl-initial-ab-s211-m0-r0-t2-c1-l0-d0-tr0-a2,CJ-E,micro,shared_control,2835448392306872234,211,false,false,2,1,0,0,0,2,true,true,45,31,2,10,10,2,80,LOWER_BOUND,272,2,1,0,0,3,5,0,1,2,NA,2,false,30,36,1,1,0,0,0,1,false,0,true,false,true,false,2190217637768249595,14783296059669698628,true
ctl-initial-cd-s211-m0-r0-t2-c1-l0-d0-tr0-a2,CJ-E,micro,shared_control,1858754000487726582,211,false,false,2,1,0,0,0,2,true,true,45,31,2,10,10,2,80,LOWER_BOUND,272,2,1,0,0,3,5,0,1,2,NA,2,false,30,36,1,1,0,0,0,1,false,0,true,false,true,false,2190217637768249595,14783296059669698628,true
ctl-crossed-ad-s211-m0-r0-t2-c1-l0-d0-tr0-a2,CJ-E,micro,shared_control,749523113040693190,211,false,false,2,1,0,0,0,2,false,false,0,13,0,2,2,1,40,LOWER_BOUND,272,2,1,0,0,0,1,0,0,0,NA,0,false,30,30,1,1,0,0,0,0,false,0,false,false,true,false,7394226600946196259,17855720195431701335,true
ctl-crossed-cb-s211-m0-r0-t2-c1-l0-d0-tr0-a2,CJ-E,micro,shared_control,4795154808334006222,211,false,false,2,1,0,0,0,2,false,false,0,13,0,2,2,1,40,LOWER_BOUND,272,2,1,0,0,0,1,0,0,0,NA,0,false,30,30,1,1,0,0,0,0,false,0,false,false,true,false,7394226600946196259,17855720195431701335,true
ctl-singleton-s211-m0-r0-t2-c1-l0-d0-tr0-a2,CJ-E,micro,shared_control,4841626600384753860,211,false,false,2,1,0,0,0,2,false,false,0,13,0,2,2,1,40,LOWER_BOUND,272,2,1,0,0,0,1,0,0,0,NA,0,false,30,30,1,1,0,0,0,0,false,0,false,false,true,false,7394226600946196259,17855720195431701335,true
ctl-old-self-evidence-s211-m0-r0-t2-c1-l0-d0-tr0-a6,CJ-E,micro,shared_control,13990075152312603325,211,false,false,2,1,0,0,0,6,true,true,45,2,1,4,4,2,80,LOWER_BOUND,832,7,2,0,0,0,2,2,1,1,NA,1,false,3,2,1,1,0,0,0,0,true,0,false,false,true,false,3234777069196780085,9641683306574658555,true
ctl-blocked-return-s211-m0-r0-t2-c1-l0-d0-tr0-a6,CJ-E,micro,shared_control,5213143215215978844,211,false,false,2,1,0,0,0,6,true,true,45,2,1,4,4,2,80,LOWER_BOUND,832,7,2,0,0,0,2,2,1,1,NA,1,false,3,2,1,1,0,0,0,0,true,0,false,false,true,false,3234777069196780085,9641683306574658555,true
ctl-stale-s211-m0-r0-t2-c1-l0-d0-tr0-a2,CJ-E,micro,shared_control,5174733398936371108,211,false,false,2,1,0,0,0,2,false,false,0,17,1,3,3,2,80,LOWER_BOUND,160,1,0,0,1,0,1,1,0,0,NA,1,false,1,0,1,0,0,0,0,0,false,0,false,false,true,false,3431554640110021373,4639631259036718203,true
ctl-deallocation-bootstrap-s211-m0-r0-t2-c1-l0-d0-tr0-a2,CJ-E,micro,shared_control,10401312162707493541,211,false,false,2,1,0,0,0,2,false,false,2,14,0,2,2,1,40,LOWER_BOUND,224,2,1,1,1,0,1,1,0,0,NA,0,false,1,1,1,1,0,2,14,0,false,0,false,false,true,false,8849501334417331345,13116343837538062076,true
ctl-ambiguity-s211-m0-r0-t2-c1-l0-d0-tr0-a2,CJ-E,micro,shared_control,4141508792057863666,211,false,false,2,1,0,0,0,2,true,true,0,80,10,8,8,4,160,LOWER_BOUND,544,4,0,0,0,0,4,0,0,2,NA,2,false,0,0,0,0,0,0,0,0,false,0,false,false,true,false,15213717823708570480,624368815009762910,true
ctl-recursion-s211-m0-r0-t2-c1-l0-d0-tr0-a2,CJ-E,micro,shared_control,13864667318667644519,211,false,false,2,1,0,0,0,2,true,true,0,71,6,8,8,4,160,LOWER_BOUND,496,4,0,0,0,0,4,0,3,1,NA,1,false,0,0,0,0,0,0,0,0,false,3,false,false,true,false,8524943771727728581,3212242917835486856,true
ctl-replay-s211-m0-r0-t2-c1-l0-d0-tr0-a2,CJ-E,micro,shared_control,2820213612707740512,211,false,false,2,1,0,0,0,2,true,true,0,30,1,4,4,2,80,LOWER_BOUND,272,2,1,0,0,0,2,0,1,1,NA,1,false,30,30,1,1,0,0,0,1,false,0,false,true,true,false,17536051969974366408,17855720195431701335,true
f1-aa-same-tick-s211-m0-r0-t2-c1-l4-d0-tr0-a2,CJ-E,micro,same_source_bursts,10685704965685415526,211,false,false,2,1,4,0,0,2,false,false,0,19,1,3,3,2,80,LOWER_BOUND,352,1,0,0,0,0,1,0,1,1,NA,1,true,0,0,0,0,0,0,0,0,false,0,false,false,true,false,15196913558108708001,13282622206087819572,false
f1-aa-spacing-s211-m0-r0-t2-c1-l4-d-1-tr0-a2,CJ-E,micro,same_source_bursts,6308632684935926166,211,false,false,2,1,4,-1,0,2,false,false,0,9,1,2,2,2,80,LOWER_BOUND,352,1,0,0,0,0,0,0,0,0,NA,0,false,0,0,0,0,0,0,0,0,false,0,false,false,true,false,16905217359701029284,13282622206087819572,true
f1-ab-distinct-s211-m0-r0-t2-c1-l4-d-1-tr0-a2,CJ-E,micro,same_source_bursts,967994100614995572,211,false,false,2,1,4,-1,0,2,true,false,0,19,2,3,3,2,80,LOWER_BOUND,272,2,1,0,0,0,1,0,0,0,NA,0,false,30,30,1,1,0,0,0,0,false,0,false,false,true,false,10882349203972911904,17855720195431701335,true
f1-aa-spacing-s211-m0-r0-t2-c1-l4-d0-tr0-a2,CJ-E,micro,same_source_bursts,5747138537852423338,211,false,false,2,1,4,0,0,2,false,false,0,19,1,3,3,2,80,LOWER_BOUND,352,1,0,0,0,0,1,0,1,1,NA,1,true,0,0,0,0,0,0,0,0,false,0,false,false,true,false,15196913558108708001,13282622206087819572,false
f1-ab-distinct-s211-m0-r0-t2-c1-l4-d0-tr0-a2,CJ-E,micro,same_source_bursts,14312370260108541081,211,false,false,2,1,4,0,0,2,true,true,0,30,1,4,4,2,80,LOWER_BOUND,272,2,1,0,0,0,2,0,1,1,NA,1,false,30,30,1,1,0,0,0,1,false,0,false,false,true,false,17536051969974366408,17855720195431701335,true
f1-aa-spacing-s211-m0-r0-t2-c1-l4-d1-tr0-a2,CJ-E,micro,same_source_bursts,16748654475779492334,211,false,false,2,1,4,1,0,2,false,false,0,9,1,2,2,2,80,LOWER_BOUND,352,1,0,0,0,0,0,0,0,0,NA,0,false,0,0,0,0,0,0,0,0,false,0,false,false,true,false,16905217359701029284,13282622206087819572,true
f1-ab-distinct-s211-m0-r0-t2-c1-l4-d1-tr0-a2,CJ-E,micro,same_source_bursts,17609212078882295086,211,false,false,2,1,4,1,0,2,true,false,0,18,1,3,3,2,80,LOWER_BOUND,272,2,1,0,0,0,1,0,0,0,NA,0,false,30,30,1,1,0,0,0,0,false,0,false,false,true,false,17512853872500015436,17855720195431701335,true
f1-aa-spacing-s211-m0-r0-t2-c1-l4-d2-tr0-a2,CJ-E,micro,same_source_bursts,17343208920337613726,211,false,false,2,1,4,2,0,2,false,false,0,9,1,2,2,2,80,LOWER_BOUND,352,1,0,0,0,0,0,0,0,0,NA,0,false,0,0,0,0,0,0,0,0,false,0,false,false,true,false,30164344160991401,13282622206087819572,true
f1-ab-distinct-s211-m0-r0-t2-c1-l4-d2-tr0-a2,CJ-E,micro,same_source_bursts,13489452363986373206,211,false,false,2,1,4,2,0,2,true,false,0,18,1,3,3,2,80,LOWER_BOUND,272,2,1,0,0,0,1,0,0,0,NA,0,false,30,30,1,1,0,0,0,0,false,0,false,false,true,false,6609295182217116590,17855720195431701335,true
f1-aa-spacing-s211-m0-r0-t2-c1-l4-d3-tr0-a2,CJ-E,micro,same_source_bursts,16387553314880350402,211,false,false,2,1,4,3,0,2,false,false,0,9,1,2,2,2,80,LOWER_BOUND,352,1,0,0,0,0,0,0,0,0,NA,0,false,0,0,0,0,0,0,0,0,false,0,false,false,true,false,11984250235421272574,13282622206087819572,true
f1-ab-distinct-s211-m0-r0-t2-c1-l4-d3-tr0-a2,CJ-E,micro,same_source_bursts,7666481294610978062,211,false,false,2,1,4,3,0,2,true,false,0,18,1,3,3,2,80,LOWER_BOUND,272,2,1,0,0,0,1,0,0,0,NA,0,false,30,30,1,1,0,0,0,0,false,0,false,false,true,false,14528297156089976124,17855720195431701335,true
f1-aa-spacing-s211-m0-r0-t2-c1-l4-d4-tr0-a2,CJ-E,micro,same_source_bursts,5316524677393070018,211,false,false,2,1,4,4,0,2,false,false,0,9,1,2,2,2,80,LOWER_BOUND,352,1,0,0,0,0,0,0,0,0,NA,0,false,0,0,0,0,0,0,0,0,false,0,false,false,true,false,4660466081749704467,13282622206087819572,true
f1-ab-distinct-s211-m0-r0-t2-c1-l4-d4-tr0-a2,CJ-E,micro,same_source_bursts,2310827589667258270,211,false,false,2,1,4,4,0,2,true,false,0,18,1,3,3,2,80,LOWER_BOUND,272,2,1,0,0,0,1,0,0,0,NA,0,false,30,30,1,1,0,0,0,0,false,0,false,false,true,false,142677109370894562,17855720195431701335,true
f1-aa-spacing-s211-m0-r0-t2-c1-l4-d5-tr0-a2,CJ-E,micro,same_source_bursts,11641004309828417198,211,false,false,2,1,4,5,0,2,false,false,0,9,1,2,2,2,80,LOWER_BOUND,352,1,0,0,0,0,0,0,0,0,NA,0,false,0,0,0,0,0,0,0,0,false,0,false,false,true,false,15654348386224628232,13282622206087819572,true
f1-ab-distinct-s211-m0-r0-t2-c1-l4-d5-tr0-a2,CJ-E,micro,same_source_bursts,525626967845244462,211,false,false,2,1,4,5,0,2,true,false,0,18,1,3,3,2,80,LOWER_BOUND,272,2,1,0,0,0,1,0,0,0,NA,0,false,30,30,1,1,0,0,0,0,false,0,false,false,true,false,5124707131111436564,17855720195431701335,true
f1-one-path-s211-m0-r0-t2-c1-l4-d1-tr0-a2,CJ-E,micro,same_source_bursts,11855218790584499767,211,false,false,2,1,4,1,0,2,false,false,0,29,2,4,4,2,80,LOWER_BOUND,272,2,1,0,0,1,2,0,0,0,NA,0,false,30,33,1,1,0,0,0,0,false,0,false,false,true,false,11875035424504595304,3411327182379798676,true
f1-a-burst-4-s211-m0-r0-t2-c1-l4-d4-tr0-a2,CJ-E,micro,same_source_bursts,15922452447480069338,211,false,false,2,1,4,4,0,2,false,false,0,29,2,4,4,2,80,LOWER_BOUND,272,2,1,0,0,1,2,0,0,0,NA,0,false,30,33,1,1,0,0,0,0,false,0,false,false,true,false,310695409589624822,3411327182379798676,true
f2-one-strong-s211-m0-r0-t2-c1-l4-d0-tr0-a2,CJ-E,micro,amplitude_vs_multiplicity,10760314335930824696,211,false,false,2,1,4,0,0,2,false,false,0,4,0,1,1,1,40,LOWER_BOUND,352,1,0,0,0,0,0,0,0,0,NA,0,false,0,0,0,0,0,0,0,0,false,0,false,false,true,false,9093290955451713919,13282622206087819572,true
f2-two-weak-distinct-s211-m0-r0-t2-c1-l4-d0-tr0-a2,CJ-E,micro,amplitude_vs_multiplicity,16175171655828096069,211,false,false,2,1,4,0,0,2,true,true,0,19,1,3,3,2,80,LOWER_BOUND,352,1,0,0,0,0,1,0,1,1,NA,1,false,0,0,0,0,0,0,0,0,false,0,false,false,true,false,15196913558108708001,13282622206087819572,true
f2-two-weak-same-s211-m0-r0-t2-c1-l4-d0-tr0-a2,CJ-E,micro,amplitude_vs_multiplicity,15364474501314266537,211,false,false,2,1,4,0,0,2,false,false,0,19,1,3,3,2,80,LOWER_BOUND,352,1,0,0,0,0,1,0,1,1,NA,1,true,0,0,0,0,0,0,0,0,false,0,false,false,true,false,15196913558108708001,13282622206087819572,false
f2-asymmetric-distinct-s211-m0-r0-t2-c1-l4-d0-tr0-a2,CJ-E,micro,amplitude_vs_multiplicity,10597698678448636322,211,false,false,2,1,4,0,0,2,true,true,0,19,1,3,3,2,80,LOWER_BOUND,352,1,0,0,0,0,1,0,1,1,NA,1,false,0,0,0,0,0,0,0,0,false,0,false,false,true,false,15196913558108708001,13282622206087819572,true
f3-direct-return-s211-m0-r0-t2-c1-l4-d0-tr0-a2,CJ-E,micro,dense_return_topology,10430347979680669826,211,false,false,2,1,4,0,0,2,true,true,87,16,23,10,10,6,240,LOWER_BOUND,576,3,2,0,0,2,3,0,1,1,NA,1,false,3,6,1,2,0,0,0,0,true,0,false,false,true,false,4484692056997759406,1504893880960837322,true
f3-crossed-return-s211-m0-r0-t2-c1-l4-d0-tr0-a2,CJ-E,micro,dense_return_topology,2682837663277123716,211,false,false,2,1,4,0,0,2,true,true,87,16,23,10,10,6,240,LOWER_BOUND,576,3,2,0,0,1,3,1,1,1,NA,1,false,3,2,1,1,0,0,0,0,true,0,false,false,true,false,12253991906893189366,15056975085824488973,true
f3-no-return-s211-m0-r0-t2-c1-l4-d0-tr0-a2,CJ-E,micro,dense_return_topology,16773262419707833178,211,false,false,2,1,4,0,0,2,true,true,87,2,23,8,8,6,240,LOWER_BOUND,576,3,2,0,0,0,2,2,1,1,NA,1,false,3,2,1,1,0,0,0,0,true,0,false,false,true,false,4308775081955959435,15077296029849360289,true
f3-direct-return-s211-m0-r0-t2-c1-l4-d0-tr0-a6,CJ-E,micro,dense_return_topology,1888623583803279218,211,false,false,2,1,4,0,0,6,true,true,115,20,23,10,10,6,240,LOWER_BOUND,1024,7,2,0,0,2,3,0,1,1,NA,1,false,3,6,1,2,0,0,0,0,true,0,false,false,true,false,5831063763634157366,12122260014993365246,true
f3-crossed-return-s211-m0-r0-t2-c1-l4-d0-tr0-a6,CJ-E,micro,dense_return_topology,9982471009637280468,211,false,false,2,1,4,0,0,6,true,true,115,20,23,10,10,6,240,LOWER_BOUND,1024,7,2,0,0,1,3,1,1,1,NA,1,false,3,2,1,1,0,0,0,0,true,0,false,false,true,false,1762497449381931618,9322819079100443125,true
f3-no-return-s211-m0-r0-t2-c1-l4-d0-tr0-a6,CJ-E,micro,dense_return_topology,1591605258951053802,211,false,false,2,1,4,0,0,6,true,true,115,2,23,8,8,6,240,LOWER_BOUND,1024,7,2,0,0,0,2,2,1,1,NA,1,false,3,2,1,1,0,0,0,0,true,0,false,false,true,false,9808444572371790523,17358135031036824265,true
f4-transfer-s211-m0-r0-t2-c1-l4-d-1-tr0-a2,CJ-E,micro,timing_transfer,3098023511965035500,211,false,false,2,1,4,-1,0,2,true,false,0,19,2,3,3,2,80,LOWER_BOUND,272,2,1,0,0,0,1,0,0,0,NA,0,false,30,30,1,1,0,0,0,0,false,0,false,false,true,false,10882349203972911904,17855720195431701335,true
f4-transfer-s211-m0-r0-t2-c1-l4-d0-tr0-a2,CJ-E,micro,timing_transfer,12043904868605097773,211,false,false,2,1,4,0,0,2,true,true,0,30,1,4,4,2,80,LOWER_BOUND,272,2,1,0,0,0,2,0,1,1,NA,1,false,30,30,1,1,0,0,0,1,false,0,false,false,true,false,17536051969974366408,17855720195431701335,true
f4-transfer-s211-m0-r0-t2-c1-l4-d1-tr0-a2,CJ-E,micro,timing_transfer,934304899577900084,211,false,false,2,1,4,1,0,2,true,false,0,18,1,3,3,2,80,LOWER_BOUND,272,2,1,0,0,0,1,0,0,0,NA,0,false,30,30,1,1,0,0,0,0,false,0,false,false,true,false,17512853872500015436,17855720195431701335,true
f4-transfer-s211-m0-r0-t2-c1-l4-d2-tr0-a2,CJ-E,micro,timing_transfer,10337447403645071886,211,false,false,2,1,4,2,0,2,true,false,0,18,1,3,3,2,80,LOWER_BOUND,272,2,1,0,0,0,1,0,0,0,NA,0,false,30,30,1,1,0,0,0,0,false,0,false,false,true,false,6609295182217116590,17855720195431701335,true
f4-transfer-s211-m0-r0-t2-c1-l4-d3-tr0-a2,CJ-E,micro,timing_transfer,4042483751774352180,211,false,false,2,1,4,3,0,2,true,false,0,18,1,3,3,2,80,LOWER_BOUND,272,2,1,0,0,0,1,0,0,0,NA,0,false,30,30,1,1,0,0,0,0,false,0,false,false,true,false,14528297156089976124,17855720195431701335,true
f4-transfer-s211-m0-r0-t2-c1-l4-d4-tr0-a2,CJ-E,micro,timing_transfer,2853831095722606562,211,false,false,2,1,4,4,0,2,true,false,0,18,1,3,3,2,80,LOWER_BOUND,272,2,1,0,0,0,1,0,0,0,NA,0,false,30,30,1,1,0,0,0,0,false,0,false,false,true,false,142677109370894562,17855720195431701335,true
f4-transfer-s211-m0-r0-t2-c1-l4-d5-tr0-a2,CJ-E,micro,timing_transfer,7493793321691210764,211,false,false,2,1,4,5,0,2,true,false,0,18,1,3,3,2,80,LOWER_BOUND,272,2,1,0,0,0,1,0,0,0,NA,0,false,30,30,1,1,0,0,0,0,false,0,false,false,true,false,5124707131111436564,17855720195431701335,true
f4-transfer-s211-m0-r0-t2-c1-l4-d-1-tr2-a2,CJ-E,micro,timing_transfer,15885975197697502288,211,false,false,2,1,4,-1,2,2,true,false,0,19,2,3,3,2,80,LOWER_BOUND,272,2,1,0,0,0,1,0,0,0,NA,0,false,30,30,1,1,0,0,0,0,false,0,false,false,true,false,10882349203972911904,17855720195431701335,true
f4-transfer-s211-m0-r0-t2-c1-l4-d0-tr2-a2,CJ-E,micro,timing_transfer,9789248053906260869,211,false,false,2,1,4,0,2,2,true,true,0,30,1,4,4,2,80,LOWER_BOUND,272,2,1,0,0,0,2,0,1,1,NA,1,false,30,30,1,1,0,0,0,1,false,0,false,false,true,false,17536051969974366408,17855720195431701335,true
f4-transfer-s211-m0-r0-t2-c1-l4-d1-tr2-a2,CJ-E,micro,timing_transfer,5309793723505077448,211,false,false,2,1,4,1,2,2,true,false,0,18,1,3,3,2,80,LOWER_BOUND,272,2,1,0,0,0,1,0,0,0,NA,0,false,30,30,1,1,0,0,0,0,false,0,false,false,true,false,17512853872500015436,17855720195431701335,true
f4-transfer-s211-m0-r0-t2-c1-l4-d2-tr2-a2,CJ-E,micro,timing_transfer,1392559035774107510,211,false,false,2,1,4,2,2,2,true,false,0,18,1,3,3,2,80,LOWER_BOUND,272,2,1,0,0,0,1,0,0,0,NA,0,false,30,30,1,1,0,0,0,0,false,0,false,false,true,false,6609295182217116590,17855720195431701335,true
f4-transfer-s211-m0-r0-t2-c1-l4-d3-tr2-a2,CJ-E,micro,timing_transfer,12889573304393062464,211,false,false,2,1,4,3,2,2,true,false,0,18,1,3,3,2,80,LOWER_BOUND,272,2,1,0,0,0,1,0,0,0,NA,0,false,30,30,1,1,0,0,0,0,false,0,false,false,true,false,14528297156089976124,17855720195431701335,true
f4-transfer-s211-m0-r0-t2-c1-l4-d4-tr2-a2,CJ-E,micro,timing_transfer,10170444955819791898,211,false,false,2,1,4,4,2,2,true,false,0,18,1,3,3,2,80,LOWER_BOUND,272,2,1,0,0,0,1,0,0,0,NA,0,false,30,30,1,1,0,0,0,0,false,0,false,false,true,false,142677109370894562,17855720195431701335,true
f4-transfer-s211-m0-r0-t2-c1-l4-d5-tr2-a2,CJ-E,micro,timing_transfer,14973735419611718536,211,false,false,2,1,4,5,2,2,true,false,0,18,1,3,3,2,80,LOWER_BOUND,272,2,1,0,0,0,1,0,0,0,NA,0,false,30,30,1,1,0,0,0,0,false,0,false,false,true,false,5124707131111436564,17855720195431701335,true
f4-transfer-s211-m0-r0-t2-c1-l4-d-1-tr4-a2,CJ-E,micro,timing_transfer,16498881030412436764,211,false,false,2,1,4,-1,4,2,true,false,0,19,2,3,3,2,80,LOWER_BOUND,272,2,1,0,0,0,1,0,0,0,NA,0,false,30,30,1,1,0,0,0,0,false,0,false,false,true,false,10882349203972911904,17855720195431701335,true
f4-transfer-s211-m0-r0-t2-c1-l4-d0-tr4-a2,CJ-E,micro,timing_transfer,17065950385698541517,211,false,false,2,1,4,0,4,2,true,true,0,30,1,4,4,2,80,LOWER_BOUND,272,2,1,0,0,0,2,0,1,1,NA,1,false,30,30,1,1,0,0,0,1,false,0,false,false,true,false,17536051969974366408,17855720195431701335,true
f4-transfer-s211-m0-r0-t2-c1-l4-d1-tr4-a2,CJ-E,micro,timing_transfer,3680349766919302276,211,false,false,2,1,4,1,4,2,true,false,0,18,1,3,3,2,80,LOWER_BOUND,272,2,1,0,0,0,1,0,0,0,NA,0,false,30,30,1,1,0,0,0,0,false,0,false,false,true,false,17512853872500015436,17855720195431701335,true
f4-transfer-s211-m0-r0-t2-c1-l4-d2-tr4-a2,CJ-E,micro,timing_transfer,10861663800963910126,211,false,false,2,1,4,2,4,2,true,false,0,18,1,3,3,2,80,LOWER_BOUND,272,2,1,0,0,0,1,0,0,0,NA,0,false,30,30,1,1,0,0,0,0,false,0,false,false,true,false,6609295182217116590,17855720195431701335,true
f4-transfer-s211-m0-r0-t2-c1-l4-d3-tr4-a2,CJ-E,micro,timing_transfer,12991704340790159772,211,false,false,2,1,4,3,4,2,true,false,0,18,1,3,3,2,80,LOWER_BOUND,272,2,1,0,0,0,1,0,0,0,NA,0,false,30,30,1,1,0,0,0,0,false,0,false,false,true,false,14528297156089976124,17855720195431701335,true
f4-transfer-s211-m0-r0-t2-c1-l4-d4-tr4-a2,CJ-E,micro,timing_transfer,10379019904004388802,211,false,false,2,1,4,4,4,2,true,false,0,18,1,3,3,2,80,LOWER_BOUND,272,2,1,0,0,0,1,0,0,0,NA,0,false,30,30,1,1,0,0,0,0,false,0,false,false,true,false,142677109370894562,17855720195431701335,true
f4-transfer-s211-m0-r0-t2-c1-l4-d5-tr4-a2,CJ-E,micro,timing_transfer,15571239316861225436,211,false,false,2,1,4,5,4,2,true,false,0,18,1,3,3,2,80,LOWER_BOUND,272,2,1,0,0,0,1,0,0,0,NA,0,false,30,30,1,1,0,0,0,0,false,0,false,false,true,false,5124707131111436564,17855720195431701335,true
ctl-initial-ab-s211-m0-r0-t2-c1-l4-d0-tr0-a2,CJ-E,micro,shared_control,2645240049745528330,211,false,false,2,1,4,0,0,2,true,true,45,31,2,10,10,2,80,LOWER_BOUND,272,2,1,0,0,3,5,0,1,2,NA,2,false,30,36,1,1,0,0,0,1,false,0,true,false,true,false,2190217637768249595,14783296059669698628,true
ctl-initial-cd-s211-m0-r0-t2-c1-l4-d0-tr0-a2,CJ-E,micro,shared_control,10438248442180822870,211,false,false,2,1,4,0,0,2,true,true,45,31,2,10,10,2,80,LOWER_BOUND,272,2,1,0,0,3,5,0,1,2,NA,2,false,30,36,1,1,0,0,0,1,false,0,true,false,true,false,2190217637768249595,14783296059669698628,true
ctl-crossed-ad-s211-m0-r0-t2-c1-l4-d0-tr0-a2,CJ-E,micro,shared_control,8114870511046765038,211,false,false,2,1,4,0,0,2,false,false,0,13,0,2,2,1,40,LOWER_BOUND,272,2,1,0,0,0,1,0,0,0,NA,0,false,30,30,1,1,0,0,0,0,false,0,false,false,true,false,7394226600946196259,17855720195431701335,true
ctl-crossed-cb-s211-m0-r0-t2-c1-l4-d0-tr0-a2,CJ-E,micro,shared_control,5947957392261222678,211,false,false,2,1,4,0,0,2,false,false,0,13,0,2,2,1,40,LOWER_BOUND,272,2,1,0,0,0,1,0,0,0,NA,0,false,30,30,1,1,0,0,0,0,false,0,false,false,true,false,7394226600946196259,17855720195431701335,true
ctl-singleton-s211-m0-r0-t2-c1-l4-d0-tr0-a2,CJ-E,micro,shared_control,7396672404309331660,211,false,false,2,1,4,0,0,2,false,false,0,13,0,2,2,1,40,LOWER_BOUND,272,2,1,0,0,0,1,0,0,0,NA,0,false,30,30,1,1,0,0,0,0,false,0,false,false,true,false,7394226600946196259,17855720195431701335,true
ctl-old-self-evidence-s211-m0-r0-t2-c1-l4-d0-tr0-a6,CJ-E,micro,shared_control,5073213675632379621,211,false,false,2,1,4,0,0,6,true,true,115,2,23,8,8,6,240,LOWER_BOUND,1024,7,2,0,0,0,2,2,1,1,NA,1,false,3,2,1,1,0,0,0,0,true,0,false,false,true,false,9808444572371790523,17358135031036824265,true
ctl-blocked-return-s211-m0-r0-t2-c1-l4-d0-tr0-a6,CJ-E,micro,shared_control,10121466542633126124,211,false,false,2,1,4,0,0,6,true,true,115,2,23,8,8,6,240,LOWER_BOUND,1024,7,2,0,0,0,2,2,1,1,NA,1,false,3,2,1,1,0,0,0,0,true,0,false,false,true,false,9808444572371790523,17358135031036824265,true
ctl-stale-s211-m0-r0-t2-c1-l4-d0-tr0-a2,CJ-E,micro,shared_control,469671230273756372,211,false,false,2,1,4,0,0,2,false,false,0,17,1,3,3,2,80,LOWER_BOUND,160,1,0,0,1,0,1,1,0,0,NA,1,false,1,0,1,0,0,0,0,0,false,0,false,false,true,false,3431554640110021373,4639631259036718203,true
ctl-deallocation-bootstrap-s211-m0-r0-t2-c1-l4-d0-tr0-a2,CJ-E,micro,shared_control,1147362329263104565,211,false,false,2,1,4,0,0,2,false,false,2,14,0,2,2,1,40,LOWER_BOUND,224,2,1,1,1,0,1,1,0,0,NA,0,false,1,1,1,1,0,2,14,0,false,0,false,false,true,false,8849501334417331345,13116343837538062076,true
ctl-ambiguity-s211-m0-r0-t2-c1-l4-d0-tr0-a2,CJ-E,micro,shared_control,10330489419719280490,211,false,false,2,1,4,0,0,2,true,true,0,80,10,8,8,4,160,LOWER_BOUND,544,4,0,0,0,0,4,0,0,2,NA,2,false,0,0,0,0,0,0,0,0,false,0,false,false,true,false,15213717823708570480,624368815009762910,true
ctl-recursion-s211-m0-r0-t2-c1-l4-d0-tr0-a2,CJ-E,micro,shared_control,16740413446262930295,211,false,false,2,1,4,0,0,2,true,true,0,71,6,8,8,4,160,LOWER_BOUND,496,4,0,0,0,0,4,0,3,1,NA,1,false,0,0,0,0,0,0,0,0,false,3,false,false,true,false,8524943771727728581,3212242917835486856,true
ctl-replay-s211-m0-r0-t2-c1-l4-d0-tr0-a2,CJ-E,micro,shared_control,11217323898876088344,211,false,false,2,1,4,0,0,2,true,true,0,30,1,4,4,2,80,LOWER_BOUND,272,2,1,0,0,0,2,0,1,1,NA,1,false,30,30,1,1,0,0,0,1,false,0,false,true,true,false,17536051969974366408,17855720195431701335,true
f1-aa-same-tick-s211-m0-r0-t2-c2-l0-d0-tr0-a2,CJ-E,micro,same_source_bursts,14857373405344366046,211,false,false,2,2,0,0,0,2,false,false,0,19,1,3,3,2,80,LOWER_BOUND,160,1,0,0,0,0,1,0,1,1,NA,1,true,0,0,0,0,0,0,0,0,false,0,false,false,true,false,8272981757725960791,8129057570855020926,false
f1-aa-spacing-s211-m0-r0-t2-c2-l0-d-1-tr0-a2,CJ-E,micro,same_source_bursts,4815533374782202620,211,false,false,2,2,0,-1,0,2,false,false,0,9,1,2,2,2,80,LOWER_BOUND,160,1,0,0,0,0,0,0,0,0,NA,0,false,0,0,0,0,0,0,0,0,false,0,false,false,true,false,5624009841837418906,8129057570855020926,true
f1-ab-distinct-s211-m0-r0-t2-c2-l0-d-1-tr0-a2,CJ-E,micro,same_source_bursts,6362032843786504026,211,false,false,2,2,0,-1,0,2,true,false,0,31,2,4,4,2,80,LOWER_BOUND,272,2,1,0,0,0,2,0,1,1,NA,1,false,30,30,2,2,0,0,0,0,false,0,false,false,true,false,11352246581114680462,17545422854104112320,false
f1-aa-spacing-s211-m0-r0-t2-c2-l0-d0-tr0-a2,CJ-E,micro,same_source_bursts,18399140871146970850,211,false,false,2,2,0,0,0,2,false,false,0,19,1,3,3,2,80,LOWER_BOUND,160,1,0,0,0,0,1,0,1,1,NA,1,true,0,0,0,0,0,0,0,0,false,0,false,false,true,false,8272981757725960791,8129057570855020926,false
f1-ab-distinct-s211-m0-r0-t2-c2-l0-d0-tr0-a2,CJ-E,micro,same_source_bursts,1917350710950511321,211,false,false,2,2,0,0,0,2,true,true,0,30,1,4,4,2,80,LOWER_BOUND,272,2,1,0,0,0,2,0,1,1,NA,1,false,30,30,2,2,0,0,0,1,false,0,false,false,true,false,15020253360366764663,17545422854104112320,true
f1-aa-spacing-s211-m0-r0-t2-c2-l0-d1-tr0-a2,CJ-E,micro,same_source_bursts,7939893496842356598,211,false,false,2,2,0,1,0,2,false,false,0,9,1,2,2,2,80,LOWER_BOUND,160,1,0,0,0,0,0,0,0,0,NA,0,false,0,0,0,0,0,0,0,0,false,0,false,false,true,false,5624009841837418906,8129057570855020926,true
f1-ab-distinct-s211-m0-r0-t2-c2-l0-d1-tr0-a2,CJ-E,micro,same_source_bursts,851077902910242390,211,false,false,2,2,0,1,0,2,true,false,0,18,1,3,3,2,80,LOWER_BOUND,272,2,1,0,0,0,1,0,0,0,NA,0,false,30,30,2,2,0,0,0,0,false,0,false,false,true,false,16338322574490438838,17545422854104112320,true
f1-aa-spacing-s211-m0-r0-t2-c2-l0-d2-tr0-a2,CJ-E,micro,same_source_bursts,4379780677492112774,211,false,false,2,2,0,2,0,2,false,false,0,9,1,2,2,2,80,LOWER_BOUND,160,1,0,0,0,0,0,0,0,0,NA,0,false,0,0,0,0,0,0,0,0,false,0,false,false,true,false,16614423031721418279,8129057570855020926,true
f1-ab-distinct-s211-m0-r0-t2-c2-l0-d2-tr0-a2,CJ-E,micro,same_source_bursts,3078505761061835246,211,false,false,2,2,0,2,0,2,true,false,0,18,1,3,3,2,80,LOWER_BOUND,272,2,1,0,0,0,1,0,0,0,NA,0,false,30,30,2,2,0,0,0,0,false,0,false,false,true,false,12909086397724434724,17545422854104112320,true
f1-aa-spacing-s211-m0-r0-t2-c2-l0-d3-tr0-a2,CJ-E,micro,same_source_bursts,17731766745078198938,211,false,false,2,2,0,3,0,2,false,false,0,9,1,2,2,2,80,LOWER_BOUND,160,1,0,0,0,0,0,0,0,0,NA,0,false,0,0,0,0,0,0,0,0,false,0,false,false,true,false,16054102296361394936,8129057570855020926,true
f1-ab-distinct-s211-m0-r0-t2-c2-l0-d3-tr0-a2,CJ-E,micro,same_source_bursts,18082389258548838334,211,false,false,2,2,0,3,0,2,true,false,0,18,1,3,3,2,80,LOWER_BOUND,272,2,1,0,0,0,1,0,0,0,NA,0,false,30,30,2,2,0,0,0,0,false,0,false,false,true,false,9584409671087655162,17545422854104112320,true
f1-aa-spacing-s211-m0-r0-t2-c2-l0-d4-tr0-a2,CJ-E,micro,same_source_bursts,3727109384659898074,211,false,false,2,2,0,4,0,2,false,false,0,9,1,2,2,2,80,LOWER_BOUND,160,1,0,0,0,0,0,0,0,0,NA,0,false,0,0,0,0,0,0,0,0,false,0,false,false,true,false,15271675051767225013,8129057570855020926,true
f1-ab-distinct-s211-m0-r0-t2-c2-l0-d4-tr0-a2,CJ-E,micro,same_source_bursts,2744420600929869614,211,false,false,2,2,0,4,0,2,true,false,0,18,1,3,3,2,80,LOWER_BOUND,272,2,1,0,0,0,1,0,0,0,NA,0,false,30,30,2,2,0,0,0,0,false,0,false,false,true,false,5806103697320552356,17545422854104112320,true
f1-aa-spacing-s211-m0-r0-t2-c2-l0-d5-tr0-a2,CJ-E,micro,same_source_bursts,2281195657688233206,211,false,false,2,2,0,5,0,2,false,false,0,9,1,2,2,2,80,LOWER_BOUND,160,1,0,0,0,0,0,0,0,0,NA,0,false,0,0,0,0,0,0,0,0,false,0,false,false,true,false,7060911514608734886,8129057570855020926,true
f1-ab-distinct-s211-m0-r0-t2-c2-l0-d5-tr0-a2,CJ-E,micro,same_source_bursts,13883892832564965430,211,false,false,2,2,0,5,0,2,true,false,0,18,1,3,3,2,80,LOWER_BOUND,272,2,1,0,0,0,1,0,0,0,NA,0,false,30,30,2,2,0,0,0,0,false,0,false,false,true,false,9242891675295833366,17545422854104112320,true
f1-one-path-s211-m0-r0-t2-c2-l0-d1-tr0-a2,CJ-E,micro,same_source_bursts,7958705488555243997,211,false,false,2,2,0,1,0,2,false,false,0,41,2,5,5,2,80,LOWER_BOUND,272,2,1,0,0,1,3,0,1,1,NA,1,true,30,33,2,2,0,0,0,0,false,0,false,false,true,false,14155106836410104708,15836332981633800091,false
f1-a-burst-4-s211-m0-r0-t2-c2-l0-d4-tr0-a2,CJ-E,micro,same_source_bursts,206198152741115424,211,false,false,2,2,0,4,0,2,false,false,0,29,2,4,4,2,80,LOWER_BOUND,272,2,1,0,0,1,2,0,0,0,NA,0,false,30,33,2,2,0,0,0,0,false,0,false,false,true,false,4878154457575351800,15836332981633800091,true
f2-one-strong-s211-m0-r0-t2-c2-l0-d0-tr0-a2,CJ-E,micro,amplitude_vs_multiplicity,9909490565801451844,211,false,false,2,2,0,0,0,2,false,false,0,4,0,1,1,1,40,LOWER_BOUND,160,1,0,0,0,0,0,0,0,0,NA,0,false,0,0,0,0,0,0,0,0,false,0,false,false,true,false,1830996082586194537,8129057570855020926,true
f2-two-weak-distinct-s211-m0-r0-t2-c2-l0-d0-tr0-a2,CJ-E,micro,amplitude_vs_multiplicity,6683508052608725895,211,false,false,2,2,0,0,0,2,true,true,0,19,1,3,3,2,80,LOWER_BOUND,160,1,0,0,0,0,1,0,1,1,NA,1,false,0,0,0,0,0,0,0,0,false,0,false,false,true,false,8272981757725960791,8129057570855020926,true
f2-two-weak-same-s211-m0-r0-t2-c2-l0-d0-tr0-a2,CJ-E,micro,amplitude_vs_multiplicity,9458183224811221311,211,false,false,2,2,0,0,0,2,false,false,0,19,1,3,3,2,80,LOWER_BOUND,160,1,0,0,0,0,1,0,1,1,NA,1,true,0,0,0,0,0,0,0,0,false,0,false,false,true,false,8272981757725960791,8129057570855020926,false
f2-asymmetric-distinct-s211-m0-r0-t2-c2-l0-d0-tr0-a2,CJ-E,micro,amplitude_vs_multiplicity,295963200454172554,211,false,false,2,2,0,0,0,2,true,true,0,19,1,3,3,2,80,LOWER_BOUND,160,1,0,0,0,0,1,0,1,1,NA,1,false,0,0,0,0,0,0,0,0,false,0,false,false,true,false,8272981757725960791,8129057570855020926,true
f3-direct-return-s211-m0-r0-t2-c2-l0-d0-tr0-a2,CJ-E,micro,dense_return_topology,17135080920763228424,211,false,false,2,2,0,0,0,2,true,true,33,16,1,6,6,2,80,LOWER_BOUND,384,3,2,0,0,2,3,0,1,1,NA,1,false,3,6,2,2,0,0,0,0,true,0,false,false,true,false,18218728685398838737,6004725665836598433,true
f3-crossed-return-s211-m0-r0-t2-c2-l0-d0-tr0-a2,CJ-E,micro,dense_return_topology,2997509331866847252,211,false,false,2,2,0,0,0,2,true,true,33,16,1,6,6,2,80,LOWER_BOUND,384,3,2,0,0,1,3,1,1,1,NA,1,false,3,2,2,2,0,0,0,0,true,0,false,false,true,false,1825421885477996390,11012411904870615341,true
f3-no-return-s211-m0-r0-t2-c2-l0-d0-tr0-a2,CJ-E,micro,dense_return_topology,3127620171196597476,211,false,false,2,2,0,0,0,2,true,true,33,2,1,4,4,2,80,LOWER_BOUND,384,3,2,0,0,0,2,2,1,1,NA,1,false,3,2,2,2,0,0,0,0,true,0,false,false,true,false,880182105134169907,18047228748180394089,true
f3-direct-return-s211-m0-r0-t2-c2-l0-d0-tr0-a6,CJ-E,micro,dense_return_topology,1963440330404459728,211,false,false,2,2,0,0,0,6,true,true,45,20,1,6,6,2,80,LOWER_BOUND,832,7,2,0,0,2,3,0,1,1,NA,1,false,3,6,2,2,0,0,0,0,true,0,false,false,true,false,14713911938176392773,6295487744905963913,true
f3-crossed-return-s211-m0-r0-t2-c2-l0-d0-tr0-a6,CJ-E,micro,dense_return_topology,17884315944738804844,211,false,false,2,2,0,0,0,6,true,true,45,20,1,6,6,2,80,LOWER_BOUND,832,7,2,0,0,1,3,1,1,1,NA,1,false,3,2,2,2,0,0,0,0,true,0,false,false,true,false,15667181694140957802,1095218650822184661,true
f3-no-return-s211-m0-r0-t2-c2-l0-d0-tr0-a6,CJ-E,micro,dense_return_topology,10708869362531752476,211,false,false,2,2,0,0,0,6,true,true,45,2,1,4,4,2,80,LOWER_BOUND,832,7,2,0,0,0,2,2,1,1,NA,1,false,3,2,2,2,0,0,0,0,true,0,false,false,true,false,17107587422159986291,5996317536499229729,true
f4-transfer-s211-m0-r0-t2-c2-l0-d-1-tr0-a2,CJ-E,micro,timing_transfer,2542091729028104408,211,false,false,2,2,0,-1,0,2,true,false,0,31,2,4,4,2,80,LOWER_BOUND,272,2,1,0,0,0,2,0,1,1,NA,1,false,30,30,2,2,0,0,0,0,false,0,false,false,true,false,11352246581114680462,17545422854104112320,false
f4-transfer-s211-m0-r0-t2-c2-l0-d0-tr0-a2,CJ-E,micro,timing_transfer,3094139931844252975,211,false,false,2,2,0,0,0,2,true,true,0,30,1,4,4,2,80,LOWER_BOUND,272,2,1,0,0,0,2,0,1,1,NA,1,false,30,30,2,2,0,0,0,1,false,0,false,false,true,false,15020253360366764663,17545422854104112320,true
f4-transfer-s211-m0-r0-t2-c2-l0-d1-tr0-a2,CJ-E,micro,timing_transfer,16092117875810224342,211,false,false,2,2,0,1,0,2,true,false,0,18,1,3,3,2,80,LOWER_BOUND,272,2,1,0,0,0,1,0,0,0,NA,0,false,30,30,2,2,0,0,0,0,false,0,false,false,true,false,16338322574490438838,17545422854104112320,true
f4-transfer-s211-m0-r0-t2-c2-l0-d2-tr0-a2,CJ-E,micro,timing_transfer,17831548169058724948,211,false,false,2,2,0,2,0,2,true,false,0,18,1,3,3,2,80,LOWER_BOUND,272,2,1,0,0,0,1,0,0,0,NA,0,false,30,30,2,2,0,0,0,0,false,0,false,false,true,false,12909086397724434724,17545422854104112320,true
f4-transfer-s211-m0-r0-t2-c2-l0-d3-tr0-a2,CJ-E,micro,timing_transfer,16744102068564081482,211,false,false,2,2,0,3,0,2,true,false,0,18,1,3,3,2,80,LOWER_BOUND,272,2,1,0,0,0,1,0,0,0,NA,0,false,30,30,2,2,0,0,0,0,false,0,false,false,true,false,9584409671087655162,17545422854104112320,true
f4-transfer-s211-m0-r0-t2-c2-l0-d4-tr0-a2,CJ-E,micro,timing_transfer,16377579165624216284,211,false,false,2,2,0,4,0,2,true,false,0,18,1,3,3,2,80,LOWER_BOUND,272,2,1,0,0,0,1,0,0,0,NA,0,false,30,30,2,2,0,0,0,0,false,0,false,false,true,false,5806103697320552356,17545422854104112320,true
f4-transfer-s211-m0-r0-t2-c2-l0-d5-tr0-a2,CJ-E,micro,timing_transfer,15153645933188897110,211,false,false,2,2,0,5,0,2,true,false,0,18,1,3,3,2,80,LOWER_BOUND,272,2,1,0,0,0,1,0,0,0,NA,0,false,30,30,2,2,0,0,0,0,false,0,false,false,true,false,9242891675295833366,17545422854104112320,true
f4-transfer-s211-m0-r0-t2-c2-l0-d-1-tr2-a2,CJ-E,micro,timing_transfer,9560939232146168488,211,false,false,2,2,0,-1,2,2,true,false,0,31,2,4,4,2,80,LOWER_BOUND,272,2,1,0,0,0,2,0,1,1,NA,1,false,30,30,2,2,0,0,0,0,false,0,false,false,true,false,11352246581114680462,17545422854104112320,false
f4-transfer-s211-m0-r0-t2-c2-l0-d0-tr2-a2,CJ-E,micro,timing_transfer,13610413873131213579,211,false,false,2,2,0,0,2,2,true,true,0,30,1,4,4,2,80,LOWER_BOUND,272,2,1,0,0,0,2,0,1,1,NA,1,false,30,30,2,2,0,0,0,1,false,0,false,false,true,false,15020253360366764663,17545422854104112320,true
f4-transfer-s211-m0-r0-t2-c2-l0-d1-tr2-a2,CJ-E,micro,timing_transfer,17608771746422980510,211,false,false,2,2,0,1,2,2,true,false,0,18,1,3,3,2,80,LOWER_BOUND,272,2,1,0,0,0,1,0,0,0,NA,0,false,30,30,2,2,0,0,0,0,false,0,false,false,true,false,16338322574490438838,17545422854104112320,true
f4-transfer-s211-m0-r0-t2-c2-l0-d2-tr2-a2,CJ-E,micro,timing_transfer,2803581005476741072,211,false,false,2,2,0,2,2,2,true,false,0,18,1,3,3,2,80,LOWER_BOUND,272,2,1,0,0,0,1,0,0,0,NA,0,false,30,30,2,2,0,0,0,0,false,0,false,false,true,false,12909086397724434724,17545422854104112320,true
f4-transfer-s211-m0-r0-t2-c2-l0-d3-tr2-a2,CJ-E,micro,timing_transfer,16725726053819248002,211,false,false,2,2,0,3,2,2,true,false,0,18,1,3,3,2,80,LOWER_BOUND,272,2,1,0,0,0,1,0,0,0,NA,0,false,30,30,2,2,0,0,0,0,false,0,false,false,true,false,9584409671087655162,17545422854104112320,true
f4-transfer-s211-m0-r0-t2-c2-l0-d4-tr2-a2,CJ-E,micro,timing_transfer,15010425246322659752,211,false,false,2,2,0,4,2,2,true,false,0,18,1,3,3,2,80,LOWER_BOUND,272,2,1,0,0,0,1,0,0,0,NA,0,false,30,30,2,2,0,0,0,0,false,0,false,false,true,false,5806103697320552356,17545422854104112320,true
f4-transfer-s211-m0-r0-t2-c2-l0-d5-tr2-a2,CJ-E,micro,timing_transfer,15347508709306555518,211,false,false,2,2,0,5,2,2,true,false,0,18,1,3,3,2,80,LOWER_BOUND,272,2,1,0,0,0,1,0,0,0,NA,0,false,30,30,2,2,0,0,0,0,false,0,false,false,true,false,9242891675295833366,17545422854104112320,true
f4-transfer-s211-m0-r0-t2-c2-l0-d-1-tr4-a2,CJ-E,micro,timing_transfer,5037358352761784080,211,false,false,2,2,0,-1,4,2,true,false,0,31,2,4,4,2,80,LOWER_BOUND,272,2,1,0,0,0,2,0,1,1,NA,1,false,30,30,2,2,0,0,0,0,false,0,false,false,true,false,11352246581114680462,17545422854104112320,false
f4-transfer-s211-m0-r0-t2-c2-l0-d0-tr4-a2,CJ-E,micro,timing_transfer,207340041342027559,211,false,false,2,2,0,0,4,2,true,true,0,30,1,4,4,2,80,LOWER_BOUND,272,2,1,0,0,0,2,0,1,1,NA,1,false,30,30,2,2,0,0,0,1,false,0,false,false,true,false,15020253360366764663,17545422854104112320,true
f4-transfer-s211-m0-r0-t2-c2-l0-d1-tr4-a2,CJ-E,micro,timing_transfer,14926666084499018006,211,false,false,2,2,0,1,4,2,true,false,0,18,1,3,3,2,80,LOWER_BOUND,272,2,1,0,0,0,1,0,0,0,NA,0,false,30,30,2,2,0,0,0,0,false,0,false,false,true,false,16338322574490438838,17545422854104112320,true
f4-transfer-s211-m0-r0-t2-c2-l0-d2-tr4-a2,CJ-E,micro,timing_transfer,1253975831178434308,211,false,false,2,2,0,2,4,2,true,false,0,18,1,3,3,2,80,LOWER_BOUND,272,2,1,0,0,0,1,0,0,0,NA,0,false,30,30,2,2,0,0,0,0,false,0,false,false,true,false,12909086397724434724,17545422854104112320,true
f4-transfer-s211-m0-r0-t2-c2-l0-d3-tr4-a2,CJ-E,micro,timing_transfer,5554393817935111466,211,false,false,2,2,0,3,4,2,true,false,0,18,1,3,3,2,80,LOWER_BOUND,272,2,1,0,0,0,1,0,0,0,NA,0,false,30,30,2,2,0,0,0,0,false,0,false,false,true,false,9584409671087655162,17545422854104112320,true
f4-transfer-s211-m0-r0-t2-c2-l0-d4-tr4-a2,CJ-E,micro,timing_transfer,9969493775215794340,211,false,false,2,2,0,4,4,2,true,false,0,18,1,3,3,2,80,LOWER_BOUND,272,2,1,0,0,0,1,0,0,0,NA,0,false,30,30,2,2,0,0,0,0,false,0,false,false,true,false,5806103697320552356,17545422854104112320,true
f4-transfer-s211-m0-r0-t2-c2-l0-d5-tr4-a2,CJ-E,micro,timing_transfer,5572978447132982486,211,false,false,2,2,0,5,4,2,true,false,0,18,1,3,3,2,80,LOWER_BOUND,272,2,1,0,0,0,1,0,0,0,NA,0,false,30,30,2,2,0,0,0,0,false,0,false,false,true,false,9242891675295833366,17545422854104112320,true
ctl-initial-ab-s211-m0-r0-t2-c2-l0-d0-tr0-a2,CJ-E,micro,shared_control,13138394535954807880,211,false,false,2,2,0,0,0,2,true,true,45,34,4,10,10,2,80,LOWER_BOUND,272,2,1,0,0,4,5,0,1,2,NA,2,false,30,36,2,2,0,0,0,1,false,0,true,false,true,false,18259081225013807011,1452584584971860176,true
ctl-initial-cd-s211-m0-r0-t2-c2-l0-d0-tr0-a2,CJ-E,micro,shared_control,14522359861667010036,211,false,false,2,2,0,0,0,2,true,true,45,34,4,10,10,2,80,LOWER_BOUND,272,2,1,0,0,4,5,0,1,2,NA,2,false,30,36,2,2,0,0,0,1,false,0,true,false,true,false,18259081225013807011,1452584584971860176,true
ctl-crossed-ad-s211-m0-r0-t2-c2-l0-d0-tr0-a2,CJ-E,micro,shared_control,8922784435782486076,211,false,false,2,2,0,0,0,2,false,false,0,13,0,2,2,1,40,LOWER_BOUND,272,2,1,0,0,0,1,0,0,0,NA,0,false,30,30,2,2,0,0,0,0,false,0,false,false,true,false,6510592947384640869,17545422854104112320,true
ctl-crossed-cb-s211-m0-r0-t2-c2-l0-d0-tr0-a2,CJ-E,micro,shared_control,11361740208079014244,211,false,false,2,2,0,0,0,2,false,false,0,13,0,2,2,1,40,LOWER_BOUND,272,2,1,0,0,0,1,0,0,0,NA,0,false,30,30,2,2,0,0,0,0,false,0,false,false,true,false,6510592947384640869,17545422854104112320,true
ctl-singleton-s211-m0-r0-t2-c2-l0-d0-tr0-a2,CJ-E,micro,shared_control,6617997261287806954,211,false,false,2,2,0,0,0,2,false,false,0,13,0,2,2,1,40,LOWER_BOUND,272,2,1,0,0,0,1,0,0,0,NA,0,false,30,30,2,2,0,0,0,0,false,0,false,false,true,false,6510592947384640869,17545422854104112320,true
ctl-old-self-evidence-s211-m0-r0-t2-c2-l0-d0-tr0-a6,CJ-E,micro,shared_control,4086882202791938741,211,false,false,2,2,0,0,0,6,true,true,45,2,1,4,4,2,80,LOWER_BOUND,832,7,2,0,0,0,2,2,1,1,NA,1,false,3,2,2,2,0,0,0,0,true,0,false,false,true,false,17107587422159986291,5996317536499229729,true
ctl-blocked-return-s211-m0-r0-t2-c2-l0-d0-tr0-a6,CJ-E,micro,shared_control,15171617547935129284,211,false,false,2,2,0,0,0,6,true,true,45,2,1,4,4,2,80,LOWER_BOUND,832,7,2,0,0,0,2,2,1,1,NA,1,false,3,2,2,2,0,0,0,0,true,0,false,false,true,false,17107587422159986291,5996317536499229729,true
ctl-stale-s211-m0-r0-t2-c2-l0-d0-tr0-a2,CJ-E,micro,shared_control,1849766200269902004,211,false,false,2,2,0,0,0,2,false,false,0,17,1,3,3,2,80,LOWER_BOUND,160,1,0,0,1,0,1,1,0,0,NA,1,false,1,0,2,0,0,0,0,0,false,0,false,false,true,false,15969143719783684264,2257047325948873934,true
ctl-deallocation-bootstrap-s211-m0-r0-t2-c2-l0-d0-tr0-a2,CJ-E,micro,shared_control,6869342157684766261,211,false,false,2,2,0,0,0,2,false,false,2,14,0,2,2,1,40,LOWER_BOUND,224,2,1,1,1,0,1,1,0,0,NA,0,false,1,1,1,1,0,2,14,0,false,0,false,false,true,false,8849501334417331345,13116343837538062076,true
ctl-ambiguity-s211-m0-r0-t2-c2-l0-d0-tr0-a2,CJ-E,micro,shared_control,3368361585763677692,211,false,false,2,2,0,0,0,2,true,true,0,80,10,8,8,4,160,LOWER_BOUND,544,4,0,0,0,0,4,0,0,2,NA,2,false,0,0,0,0,0,0,0,0,false,0,false,false,true,false,6330434039126130812,1989146635885058834,true
ctl-recursion-s211-m0-r0-t2-c2-l0-d0-tr0-a2,CJ-E,micro,shared_control,13461799845953286015,211,false,false,2,2,0,0,0,2,true,true,0,71,6,8,8,4,160,LOWER_BOUND,496,4,0,0,0,0,4,0,3,1,NA,1,false,0,0,0,0,0,0,0,0,false,3,false,false,true,false,8524943771727728581,3212242917835486856,true
ctl-replay-s211-m0-r0-t2-c2-l0-d0-tr0-a2,CJ-E,micro,shared_control,11001081188858485648,211,false,false,2,2,0,0,0,2,true,true,0,30,1,4,4,2,80,LOWER_BOUND,272,2,1,0,0,0,2,0,1,1,NA,1,false,30,30,2,2,0,0,0,1,false,0,false,true,true,false,15020253360366764663,17545422854104112320,true
f1-aa-same-tick-s211-m0-r0-t2-c2-l4-d0-tr0-a2,CJ-E,micro,same_source_bursts,6754781956943197630,211,false,false,2,2,4,0,0,2,false,false,0,19,1,3,3,2,80,LOWER_BOUND,352,1,0,0,0,0,1,0,1,1,NA,1,true,0,0,0,0,0,0,0,0,false,0,false,false,true,false,15196913558108708001,13282622206087819572,false
f1-aa-spacing-s211-m0-r0-t2-c2-l4-d-1-tr0-a2,CJ-E,micro,same_source_bursts,11980867091130316420,211,false,false,2,2,4,-1,0,2,false,false,0,9,1,2,2,2,80,LOWER_BOUND,352,1,0,0,0,0,0,0,0,0,NA,0,false,0,0,0,0,0,0,0,0,false,0,false,false,true,false,16905217359701029284,13282622206087819572,true
f1-ab-distinct-s211-m0-r0-t2-c2-l4-d-1-tr0-a2,CJ-E,micro,same_source_bursts,12446823679442697722,211,false,false,2,2,4,-1,0,2,true,false,0,31,2,4,4,2,80,LOWER_BOUND,272,2,1,0,0,0,2,0,1,1,NA,1,false,30,30,2,2,0,0,0,0,false,0,false,false,true,false,11352246581114680462,17545422854104112320,false
f1-aa-spacing-s211-m0-r0-t2-c2-l4-d0-tr0-a2,CJ-E,micro,same_source_bursts,4175410639260292978,211,false,false,2,2,4,0,0,2,false,false,0,19,1,3,3,2,80,LOWER_BOUND,352,1,0,0,0,0,1,0,1,1,NA,1,true,0,0,0,0,0,0,0,0,false,0,false,false,true,false,15196913558108708001,13282622206087819572,false
f1-ab-distinct-s211-m0-r0-t2-c2-l4-d0-tr0-a2,CJ-E,micro,same_source_bursts,497159673149013929,211,false,false,2,2,4,0,0,2,true,true,0,30,1,4,4,2,80,LOWER_BOUND,272,2,1,0,0,0,2,0,1,1,NA,1,false,30,30,2,2,0,0,0,1,false,0,false,false,true,false,15020253360366764663,17545422854104112320,true
f1-aa-spacing-s211-m0-r0-t2-c2-l4-d1-tr0-a2,CJ-E,micro,same_source_bursts,14274495284705113806,211,false,false,2,2,4,1,0,2,false,false,0,9,1,2,2,2,80,LOWER_BOUND,352,1,0,0,0,0,0,0,0,0,NA,0,false,0,0,0,0,0,0,0,0,false,0,false,false,true,false,16905217359701029284,13282622206087819572,true
f1-ab-distinct-s211-m0-r0-t2-c2-l4-d1-tr0-a2,CJ-E,micro,same_source_bursts,9743852033146607734,211,false,false,2,2,4,1,0,2,true,false,0,18,1,3,3,2,80,LOWER_BOUND,272,2,1,0,0,0,1,0,0,0,NA,0,false,30,30,2,2,0,0,0,0,false,0,false,false,true,false,16338322574490438838,17545422854104112320,true
f1-aa-spacing-s211-m0-r0-t2-c2-l4-d2-tr0-a2,CJ-E,micro,same_source_bursts,17201563105222974750,211,false,false,2,2,4,2,0,2,false,false,0,9,1,2,2,2,80,LOWER_BOUND,352,1,0,0,0,0,0,0,0,0,NA,0,false,0,0,0,0,0,0,0,0,false,0,false,false,true,false,30164344160991401,13282622206087819572,true
f1-ab-distinct-s211-m0-r0-t2-c2-l4-d2-tr0-a2,CJ-E,micro,same_source_bursts,12330531471013383278,211,false,false,2,2,4,2,0,2,true,false,0,18,1,3,3,2,80,LOWER_BOUND,272,2,1,0,0,0,1,0,0,0,NA,0,false,30,30,2,2,0,0,0,0,false,0,false,false,true,false,12909086397724434724,17545422854104112320,true
f1-aa-spacing-s211-m0-r0-t2-c2-l4-d3-tr0-a2,CJ-E,micro,same_source_bursts,6490234293662433338,211,false,false,2,2,4,3,0,2,false,false,0,9,1,2,2,2,80,LOWER_BOUND,352,1,0,0,0,0,0,0,0,0,NA,0,false,0,0,0,0,0,0,0,0,false,0,false,false,true,false,11984250235421272574,13282622206087819572,true
f1-ab-distinct-s211-m0-r0-t2-c2-l4-d3-tr0-a2,CJ-E,micro,same_source_bursts,5171801685177280286,211,false,false,2,2,4,3,0,2,true,false,0,18,1,3,3,2,80,LOWER_BOUND,272,2,1,0,0,0,1,0,0,0,NA,0,false,30,30,2,2,0,0,0,0,false,0,false,false,true,false,9584409671087655162,17545422854104112320,true
f1-aa-spacing-s211-m0-r0-t2-c2-l4-d4-tr0-a2,CJ-E,micro,same_source_bursts,8166339509709162554,211,false,false,2,2,4,4,0,2,false,false,0,9,1,2,2,2,80,LOWER_BOUND,352,1,0,0,0,0,0,0,0,0,NA,0,false,0,0,0,0,0,0,0,0,false,0,false,false,true,false,4660466081749704467,13282622206087819572,true
f1-ab-distinct-s211-m0-r0-t2-c2-l4-d4-tr0-a2,CJ-E,micro,same_source_bursts,9982252452573605054,211,false,false,2,2,4,4,0,2,true,false,0,18,1,3,3,2,80,LOWER_BOUND,272,2,1,0,0,0,1,0,0,0,NA,0,false,30,30,2,2,0,0,0,0,false,0,false,false,true,false,5806103697320552356,17545422854104112320,true
f1-aa-spacing-s211-m0-r0-t2-c2-l4-d5-tr0-a2,CJ-E,micro,same_source_bursts,6262756266504872686,211,false,false,2,2,4,5,0,2,false,false,0,9,1,2,2,2,80,LOWER_BOUND,352,1,0,0,0,0,0,0,0,0,NA,0,false,0,0,0,0,0,0,0,0,false,0,false,false,true,false,15654348386224628232,13282622206087819572,true
f1-ab-distinct-s211-m0-r0-t2-c2-l4-d5-tr0-a2,CJ-E,micro,same_source_bursts,13933329838895930838,211,false,false,2,2,4,5,0,2,true,false,0,18,1,3,3,2,80,LOWER_BOUND,272,2,1,0,0,0,1,0,0,0,NA,0,false,30,30,2,2,0,0,0,0,false,0,false,false,true,false,9242891675295833366,17545422854104112320,true
f1-one-path-s211-m0-r0-t2-c2-l4-d1-tr0-a2,CJ-E,micro,same_source_bursts,10680564390698219333,211,false,false,2,2,4,1,0,2,false,false,0,41,2,5,5,2,80,LOWER_BOUND,272,2,1,0,0,1,3,0,1,1,NA,1,true,30,33,2,2,0,0,0,0,false,0,false,false,true,false,14155106836410104708,15836332981633800091,false
f1-a-burst-4-s211-m0-r0-t2-c2-l4-d4-tr0-a2,CJ-E,micro,same_source_bursts,16948607436536889168,211,false,false,2,2,4,4,0,2,false,false,0,29,2,4,4,2,80,LOWER_BOUND,272,2,1,0,0,1,2,0,0,0,NA,0,false,30,33,2,2,0,0,0,0,false,0,false,false,true,false,4878154457575351800,15836332981633800091,true
f2-one-strong-s211-m0-r0-t2-c2-l4-d0-tr0-a2,CJ-E,micro,amplitude_vs_multiplicity,3067494743856107356,211,false,false,2,2,4,0,0,2,false,false,0,4,0,1,1,1,40,LOWER_BOUND,352,1,0,0,0,0,0,0,0,0,NA,0,false,0,0,0,0,0,0,0,0,false,0,false,false,true,false,9093290955451713919,13282622206087819572,true
f2-two-weak-distinct-s211-m0-r0-t2-c2-l4-d0-tr0-a2,CJ-E,micro,amplitude_vs_multiplicity,14203973485931375839,211,false,false,2,2,4,0,0,2,true,true,0,19,1,3,3,2,80,LOWER_BOUND,352,1,0,0,0,0,1,0,1,1,NA,1,false,0,0,0,0,0,0,0,0,false,0,false,false,true,false,15196913558108708001,13282622206087819572,true
f2-two-weak-same-s211-m0-r0-t2-c2-l4-d0-tr0-a2,CJ-E,micro,amplitude_vs_multiplicity,8145823160000095695,211,false,false,2,2,4,0,0,2,false,false,0,19,1,3,3,2,80,LOWER_BOUND,352,1,0,0,0,0,1,0,1,1,NA,1,true,0,0,0,0,0,0,0,0,false,0,false,false,true,false,15196913558108708001,13282622206087819572,false
f2-asymmetric-distinct-s211-m0-r0-t2-c2-l4-d0-tr0-a2,CJ-E,micro,amplitude_vs_multiplicity,17491786059444052562,211,false,false,2,2,4,0,0,2,true,true,0,19,1,3,3,2,80,LOWER_BOUND,352,1,0,0,0,0,1,0,1,1,NA,1,false,0,0,0,0,0,0,0,0,false,0,false,false,true,false,15196913558108708001,13282622206087819572,true
f3-direct-return-s211-m0-r0-t2-c2-l4-d0-tr0-a2,CJ-E,micro,dense_return_topology,13794507651115863880,211,false,false,2,2,4,0,0,2,true,true,87,16,23,10,10,6,240,LOWER_BOUND,576,3,2,0,0,2,3,0,1,1,NA,1,false,3,6,2,2,0,0,0,0,true,0,false,false,true,false,5216069523889326471,13565094638198575575,true
f3-crossed-return-s211-m0-r0-t2-c2-l4-d0-tr0-a2,CJ-E,micro,dense_return_topology,15169888934325249892,211,false,false,2,2,4,0,0,2,true,true,87,16,23,10,10,6,240,LOWER_BOUND,576,3,2,0,0,1,3,1,1,1,NA,1,false,3,2,2,2,0,0,0,0,true,0,false,false,true,false,2298297101822324456,2573281325524375243,true
f3-no-return-s211-m0-r0-t2-c2-l4-d0-tr0-a2,CJ-E,micro,dense_return_topology,17985061587506489396,211,false,false,2,2,4,0,0,2,true,true,87,2,23,8,8,6,240,LOWER_BOUND,576,3,2,0,0,0,2,2,1,1,NA,1,false,3,2,2,2,0,0,0,0,true,0,false,false,true,false,3248795698172520497,15846309780221913887,true
f3-direct-return-s211-m0-r0-t2-c2-l4-d0-tr0-a6,CJ-E,micro,dense_return_topology,11716015060284465536,211,false,false,2,2,4,0,0,6,true,true,115,20,23,10,10,6,240,LOWER_BOUND,1024,7,2,0,0,2,3,0,1,1,NA,1,false,3,6,2,2,0,0,0,0,true,0,false,false,true,false,11890185593321942667,13563449121693700175,true
f3-crossed-return-s211-m0-r0-t2-c2-l4-d0-tr0-a6,CJ-E,micro,dense_return_topology,12597415365711506412,211,false,false,2,2,4,0,0,6,true,true,115,20,23,10,10,6,240,LOWER_BOUND,1024,7,2,0,0,1,3,1,1,1,NA,1,false,3,2,2,2,0,0,0,0,true,0,false,false,true,false,17782665826146794372,6390785918144176243,true
f3-no-return-s211-m0-r0-t2-c2-l4-d0-tr0-a6,CJ-E,micro,dense_return_topology,18272619989541166172,211,false,false,2,2,4,0,0,6,true,true,115,2,23,8,8,6,240,LOWER_BOUND,1024,7,2,0,0,0,2,2,1,1,NA,1,false,3,2,2,2,0,0,0,0,true,0,false,false,true,false,7697978138725368857,5928954986940704999,true
f4-transfer-s211-m0-r0-t2-c2-l4-d-1-tr0-a2,CJ-E,micro,timing_transfer,16715095879428788464,211,false,false,2,2,4,-1,0,2,true,false,0,31,2,4,4,2,80,LOWER_BOUND,272,2,1,0,0,0,2,0,1,1,NA,1,false,30,30,2,2,0,0,0,0,false,0,false,false,true,false,11352246581114680462,17545422854104112320,false
f4-transfer-s211-m0-r0-t2-c2-l4-d0-tr0-a2,CJ-E,micro,timing_transfer,16280420966091959391,211,false,false,2,2,4,0,0,2,true,true,0,30,1,4,4,2,80,LOWER_BOUND,272,2,1,0,0,0,2,0,1,1,NA,1,false,30,30,2,2,0,0,0,1,false,0,false,false,true,false,15020253360366764663,17545422854104112320,true
f4-transfer-s211-m0-r0-t2-c2-l4-d1-tr0-a2,CJ-E,micro,timing_transfer,5273442998922271806,211,false,false,2,2,4,1,0,2,true,false,0,18,1,3,3,2,80,LOWER_BOUND,272,2,1,0,0,0,1,0,0,0,NA,0,false,30,30,2,2,0,0,0,0,false,0,false,false,true,false,16338322574490438838,17545422854104112320,true
f4-transfer-s211-m0-r0-t2-c2-l4-d2-tr0-a2,CJ-E,micro,timing_transfer,865119387906097668,211,false,false,2,2,4,2,0,2,true,false,0,18,1,3,3,2,80,LOWER_BOUND,272,2,1,0,0,0,1,0,0,0,NA,0,false,30,30,2,2,0,0,0,0,false,0,false,false,true,false,12909086397724434724,17545422854104112320,true
f4-transfer-s211-m0-r0-t2-c2-l4-d3-tr0-a2,CJ-E,micro,timing_transfer,15405798419787253114,211,false,false,2,2,4,3,0,2,true,false,0,18,1,3,3,2,80,LOWER_BOUND,272,2,1,0,0,0,1,0,0,0,NA,0,false,30,30,2,2,0,0,0,0,false,0,false,false,true,false,9584409671087655162,17545422854104112320,true
f4-transfer-s211-m0-r0-t2-c2-l4-d4-tr0-a2,CJ-E,micro,timing_transfer,16004425194306068412,211,false,false,2,2,4,4,0,2,true,false,0,18,1,3,3,2,80,LOWER_BOUND,272,2,1,0,0,0,1,0,0,0,NA,0,false,30,30,2,2,0,0,0,0,false,0,false,false,true,false,5806103697320552356,17545422854104112320,true
f4-transfer-s211-m0-r0-t2-c2-l4-d5-tr0-a2,CJ-E,micro,timing_transfer,7295462766872888926,211,false,false,2,2,4,5,0,2,true,false,0,18,1,3,3,2,80,LOWER_BOUND,272,2,1,0,0,0,1,0,0,0,NA,0,false,30,30,2,2,0,0,0,0,false,0,false,false,true,false,9242891675295833366,17545422854104112320,true
f4-transfer-s211-m0-r0-t2-c2-l4-d-1-tr2-a2,CJ-E,micro,timing_transfer,15997600674727475464,211,false,false,2,2,4,-1,2,2,true,false,0,31,2,4,4,2,80,LOWER_BOUND,272,2,1,0,0,0,2,0,1,1,NA,1,false,30,30,2,2,0,0,0,0,false,0,false,false,true,false,11352246581114680462,17545422854104112320,false
f4-transfer-s211-m0-r0-t2-c2-l4-d0-tr2-a2,CJ-E,micro,timing_transfer,7412261972107320467,211,false,false,2,2,4,0,2,2,true,true,0,30,1,4,4,2,80,LOWER_BOUND,272,2,1,0,0,0,2,0,1,1,NA,1,false,30,30,2,2,0,0,0,1,false,0,false,false,true,false,15020253360366764663,17545422854104112320,true
f4-transfer-s211-m0-r0-t2-c2-l4-d1-tr2-a2,CJ-E,micro,timing_transfer,15055044212332712070,211,false,false,2,2,4,1,2,2,true,false,0,18,1,3,3,2,80,LOWER_BOUND,272,2,1,0,0,0,1,0,0,0,NA,0,false,30,30,2,2,0,0,0,0,false,0,false,false,true,false,16338322574490438838,17545422854104112320,true
f4-transfer-s211-m0-r0-t2-c2-l4-d2-tr2-a2,CJ-E,micro,timing_transfer,3647003714892100856,211,false,false,2,2,4,2,2,2,true,false,0,18,1,3,3,2,80,LOWER_BOUND,272,2,1,0,0,0,1,0,0,0,NA,0,false,30,30,2,2,0,0,0,0,false,0,false,false,true,false,12909086397724434724,17545422854104112320,true
f4-transfer-s211-m0-r0-t2-c2-l4-d3-tr2-a2,CJ-E,micro,timing_transfer,6336899693547372242,211,false,false,2,2,4,3,2,2,true,false,0,18,1,3,3,2,80,LOWER_BOUND,272,2,1,0,0,0,1,0,0,0,NA,0,false,30,30,2,2,0,0,0,0,false,0,false,false,true,false,9584409671087655162,17545422854104112320,true
f4-transfer-s211-m0-r0-t2-c2-l4-d4-tr2-a2,CJ-E,micro,timing_transfer,8272643966168928240,211,false,false,2,2,4,4,2,2,true,false,0,18,1,3,3,2,80,LOWER_BOUND,272,2,1,0,0,0,1,0,0,0,NA,0,false,30,30,2,2,0,0,0,0,false,0,false,false,true,false,5806103697320552356,17545422854104112320,true
f4-transfer-s211-m0-r0-t2-c2-l4-d5-tr2-a2,CJ-E,micro,timing_transfer,16212015616693707750,211,false,false,2,2,4,5,2,2,true,false,0,18,1,3,3,2,80,LOWER_BOUND,272,2,1,0,0,0,1,0,0,0,NA,0,false,30,30,2,2,0,0,0,0,false,0,false,false,true,false,9242891675295833366,17545422854104112320,true
f4-transfer-s211-m0-r0-t2-c2-l4-d-1-tr4-a2,CJ-E,micro,timing_transfer,18403394457942047320,211,false,false,2,2,4,-1,4,2,true,false,0,31,2,4,4,2,80,LOWER_BOUND,272,2,1,0,0,0,2,0,1,1,NA,1,false,30,30,2,2,0,0,0,0,false,0,false,false,true,false,11352246581114680462,17545422854104112320,false
f4-transfer-s211-m0-r0-t2-c2-l4-d0-tr4-a2,CJ-E,micro,timing_transfer,958339762102130695,211,false,false,2,2,4,0,4,2,true,true,0,30,1,4,4,2,80,LOWER_BOUND,272,2,1,0,0,0,2,0,1,1,NA,1,false,30,30,2,2,0,0,0,1,false,0,false,false,true,false,15020253360366764663,17545422854104112320,true
f4-transfer-s211-m0-r0-t2-c2-l4-d1-tr4-a2,CJ-E,micro,timing_transfer,16270041184071444958,211,false,false,2,2,4,1,4,2,true,false,0,18,1,3,3,2,80,LOWER_BOUND,272,2,1,0,0,0,1,0,0,0,NA,0,false,30,30,2,2,0,0,0,0,false,0,false,false,true,false,16338322574490438838,17545422854104112320,true
f4-transfer-s211-m0-r0-t2-c2-l4-d2-tr4-a2,CJ-E,micro,timing_transfer,6816587084958371412,211,false,false,2,2,4,2,4,2,true,false,0,18,1,3,3,2,80,LOWER_BOUND,272,2,1,0,0,0,1,0,0,0,NA,0,false,30,30,2,2,0,0,0,0,false,0,false,false,true,false,12909086397724434724,17545422854104112320,true
f4-transfer-s211-m0-r0-t2-c2-l4-d3-tr4-a2,CJ-E,micro,timing_transfer,10521365316225320858,211,false,false,2,2,4,3,4,2,true,false,0,18,1,3,3,2,80,LOWER_BOUND,272,2,1,0,0,0,1,0,0,0,NA,0,false,30,30,2,2,0,0,0,0,false,0,false,false,true,false,9584409671087655162,17545422854104112320,true
f4-transfer-s211-m0-r0-t2-c2-l4-d4-tr4-a2,CJ-E,micro,timing_transfer,10656213550383254644,211,false,false,2,2,4,4,4,2,true,false,0,18,1,3,3,2,80,LOWER_BOUND,272,2,1,0,0,0,1,0,0,0,NA,0,false,30,30,2,2,0,0,0,0,false,0,false,false,true,false,5806103697320552356,17545422854104112320,true
f4-transfer-s211-m0-r0-t2-c2-l4-d5-tr4-a2,CJ-E,micro,timing_transfer,16963193525945173758,211,false,false,2,2,4,5,4,2,true,false,0,18,1,3,3,2,80,LOWER_BOUND,272,2,1,0,0,0,1,0,0,0,NA,0,false,30,30,2,2,0,0,0,0,false,0,false,false,true,false,9242891675295833366,17545422854104112320,true
ctl-initial-ab-s211-m0-r0-t2-c2-l4-d0-tr0-a2,CJ-E,micro,shared_control,7180686078721303632,211,false,false,2,2,4,0,0,2,true,true,45,34,4,10,10,2,80,LOWER_BOUND,272,2,1,0,0,4,5,0,1,2,NA,2,false,30,36,2,2,0,0,0,1,false,0,true,false,true,false,18259081225013807011,1452584584971860176,true
ctl-initial-cd-s211-m0-r0-t2-c2-l4-d0-tr0-a2,CJ-E,micro,shared_control,3301861273039605804,211,false,false,2,2,4,0,0,2,true,true,45,34,4,10,10,2,80,LOWER_BOUND,272,2,1,0,0,4,5,0,1,2,NA,2,false,30,36,2,2,0,0,0,1,false,0,true,false,true,false,18259081225013807011,1452584584971860176,true
ctl-crossed-ad-s211-m0-r0-t2-c2-l4-d0-tr0-a2,CJ-E,micro,shared_control,5182117602443259332,211,false,false,2,2,4,0,0,2,false,false,0,13,0,2,2,1,40,LOWER_BOUND,272,2,1,0,0,0,1,0,0,0,NA,0,false,30,30,2,2,0,0,0,0,false,0,false,false,true,false,6510592947384640869,17545422854104112320,true
ctl-crossed-cb-s211-m0-r0-t2-c2-l4-d0-tr0-a2,CJ-E,micro,shared_control,15410803306638957100,211,false,false,2,2,4,0,0,2,false,false,0,13,0,2,2,1,40,LOWER_BOUND,272,2,1,0,0,0,1,0,0,0,NA,0,false,30,30,2,2,0,0,0,0,false,0,false,false,true,false,6510592947384640869,17545422854104112320,true
ctl-singleton-s211-m0-r0-t2-c2-l4-d0-tr0-a2,CJ-E,micro,shared_control,3867663876437753570,211,false,false,2,2,4,0,0,2,false,false,0,13,0,2,2,1,40,LOWER_BOUND,272,2,1,0,0,0,1,0,0,0,NA,0,false,30,30,2,2,0,0,0,0,false,0,false,false,true,false,6510592947384640869,17545422854104112320,true
ctl-old-self-evidence-s211-m0-r0-t2-c2-l4-d0-tr0-a6,CJ-E,micro,shared_control,17414236388636938501,211,false,false,2,2,4,0,0,6,true,true,115,2,23,8,8,6,240,LOWER_BOUND,1024,7,2,0,0,0,2,2,1,1,NA,1,false,3,2,2,2,0,0,0,0,true,0,false,false,true,false,7697978138725368857,5928954986940704999,true
ctl-blocked-return-s211-m0-r0-t2-c2-l4-d0-tr0-a6,CJ-E,micro,shared_control,9934331144213257436,211,false,false,2,2,4,0,0,6,true,true,115,2,23,8,8,6,240,LOWER_BOUND,1024,7,2,0,0,0,2,2,1,1,NA,1,false,3,2,2,2,0,0,0,0,true,0,false,false,true,false,7697978138725368857,5928954986940704999,true
ctl-stale-s211-m0-r0-t2-c2-l4-d0-tr0-a2,CJ-E,micro,shared_control,5473521158337193956,211,false,false,2,2,4,0,0,2,false,false,0,17,1,3,3,2,80,LOWER_BOUND,160,1,0,0,1,0,1,1,0,0,NA,1,false,1,0,2,0,0,0,0,0,false,0,false,false,true,false,15969143719783684264,2257047325948873934,true
ctl-deallocation-bootstrap-s211-m0-r0-t2-c2-l4-d0-tr0-a2,CJ-E,micro,shared_control,18399506964467531661,211,false,false,2,2,4,0,0,2,false,false,2,14,0,2,2,1,40,LOWER_BOUND,224,2,1,1,1,0,1,1,0,0,NA,0,false,1,1,1,1,0,2,14,0,false,0,false,false,true,false,8849501334417331345,13116343837538062076,true
ctl-ambiguity-s211-m0-r0-t2-c2-l4-d0-tr0-a2,CJ-E,micro,shared_control,7951935420961394196,211,false,false,2,2,4,0,0,2,true,true,0,80,10,8,8,4,160,LOWER_BOUND,544,4,0,0,0,0,4,0,0,2,NA,2,false,0,0,0,0,0,0,0,0,false,0,false,false,true,false,6330434039126130812,1989146635885058834,true
ctl-recursion-s211-m0-r0-t2-c2-l4-d0-tr0-a2,CJ-E,micro,shared_control,16457264974692344471,211,false,false,2,2,4,0,0,2,true,true,0,71,6,8,8,4,160,LOWER_BOUND,496,4,0,0,0,0,4,0,3,1,NA,1,false,0,0,0,0,0,0,0,0,false,3,false,false,true,false,8524943771727728581,3212242917835486856,true
ctl-replay-s211-m0-r0-t2-c2-l4-d0-tr0-a2,CJ-E,micro,shared_control,10924834825521294008,211,false,false,2,2,4,0,0,2,true,true,0,30,1,4,4,2,80,LOWER_BOUND,272,2,1,0,0,0,2,0,1,1,NA,1,false,30,30,2,2,0,0,0,1,false,0,false,true,true,false,15020253360366764663,17545422854104112320,true
f1-aa-same-tick-s211-m0-r0-t3-c1-l0-d0-tr0-a2,CJ-E,micro,same_source_bursts,3294204456812091820,211,false,false,3,1,0,0,0,2,false,false,0,19,1,3,3,2,80,LOWER_BOUND,160,1,0,0,0,0,1,0,1,1,NA,1,true,0,0,0,0,0,0,0,0,false,0,false,false,true,false,5135469056849797188,5205616211047237933,false
f1-aa-spacing-s211-m0-r0-t3-c1-l0-d-1-tr0-a2,CJ-E,micro,same_source_bursts,10822580438957844802,211,false,false,3,1,0,-1,0,2,false,false,0,9,1,2,2,2,80,LOWER_BOUND,160,1,0,0,0,0,0,0,0,0,NA,0,false,0,0,0,0,0,0,0,0,false,0,false,false,true,false,3054203494526314810,5205616211047237933,true
f1-ab-distinct-s211-m0-r0-t3-c1-l0-d-1-tr0-a2,CJ-E,micro,same_source_bursts,2164135667187646076,211,false,false,3,1,0,-1,0,2,true,false,0,19,2,3,3,2,80,LOWER_BOUND,272,2,1,0,0,0,1,0,0,0,NA,0,false,30,30,1,1,0,0,0,0,false,0,false,false,true,false,7792450080222053780,2622502768584808230,true
f1-aa-spacing-s211-m0-r0-t3-c1-l0-d0-tr0-a2,CJ-E,micro,same_source_bursts,16156879508201998564,211,false,false,3,1,0,0,0,2,false,false,0,19,1,3,3,2,80,LOWER_BOUND,160,1,0,0,0,0,1,0,1,1,NA,1,true,0,0,0,0,0,0,0,0,false,0,false,false,true,false,5135469056849797188,5205616211047237933,false
f1-ab-distinct-s211-m0-r0-t3-c1-l0-d0-tr0-a2,CJ-E,micro,same_source_bursts,14567667561534307367,211,false,false,3,1,0,0,0,2,true,true,0,30,1,4,4,2,80,LOWER_BOUND,272,2,1,0,0,0,2,0,1,1,NA,1,false,30,30,1,1,0,0,0,1,false,0,false,false,true,false,16814885121611671261,2622502768584808230,true
f1-aa-spacing-s211-m0-r0-t3-c1-l0-d1-tr0-a2,CJ-E,micro,same_source_bursts,3825699601813951224,211,false,false,3,1,0,1,0,2,false,false,0,9,1,2,2,2,80,LOWER_BOUND,160,1,0,0,0,0,0,0,0,0,NA,0,false,0,0,0,0,0,0,0,0,false,0,false,false,true,false,3054203494526314810,5205616211047237933,true
f1-ab-distinct-s211-m0-r0-t3-c1-l0-d1-tr0-a2,CJ-E,micro,same_source_bursts,10851863816045844788,211,false,false,3,1,0,1,0,2,true,false,0,18,1,3,3,2,80,LOWER_BOUND,272,2,1,0,0,0,1,0,0,0,NA,0,false,30,30,1,1,0,0,0,0,false,0,false,false,true,false,8621222446232665388,2622502768584808230,true
f1-aa-spacing-s211-m0-r0-t3-c1-l0-d2-tr0-a2,CJ-E,micro,same_source_bursts,4579461368328159216,211,false,false,3,1,0,2,0,2,false,false,0,9,1,2,2,2,80,LOWER_BOUND,160,1,0,0,0,0,0,0,0,0,NA,0,false,0,0,0,0,0,0,0,0,false,0,false,false,true,false,15081351344736587591,5205616211047237933,true
f1-ab-distinct-s211-m0-r0-t3-c1-l0-d2-tr0-a2,CJ-E,micro,same_source_bursts,3032405528001824228,211,false,false,3,1,0,2,0,2,true,false,0,18,1,3,3,2,80,LOWER_BOUND,272,2,1,0,0,0,1,0,0,0,NA,0,false,30,30,1,1,0,0,0,0,false,0,false,false,true,false,11048111620413280611,2622502768584808230,true
f1-aa-spacing-s211-m0-r0-t3-c1-l0-d3-tr0-a2,CJ-E,micro,same_source_bursts,6590957819506178260,211,false,false,3,1,0,3,0,2,false,false,0,9,1,2,2,2,80,LOWER_BOUND,160,1,0,0,0,0,0,0,0,0,NA,0,false,0,0,0,0,0,0,0,0,false,0,false,false,true,false,5233554272200963608,5205616211047237933,true
f1-ab-distinct-s211-m0-r0-t3-c1-l0-d3-tr0-a2,CJ-E,micro,same_source_bursts,16650916544255640100,211,false,false,3,1,0,3,0,2,true,false,0,18,1,3,3,2,80,LOWER_BOUND,272,2,1,0,0,0,1,0,0,0,NA,0,false,30,30,1,1,0,0,0,0,false,0,false,false,true,false,2375886153254764017,2622502768584808230,true
f1-aa-spacing-s211-m0-r0-t3-c1-l0-d4-tr0-a2,CJ-E,micro,same_source_bursts,15482250423219471004,211,false,false,3,1,0,4,0,2,false,false,0,9,1,2,2,2,80,LOWER_BOUND,160,1,0,0,0,0,0,0,0,0,NA,0,false,0,0,0,0,0,0,0,0,false,0,false,false,true,false,11622538562826400725,5205616211047237933,true
f1-ab-distinct-s211-m0-r0-t3-c1-l0-d4-tr0-a2,CJ-E,micro,same_source_bursts,3318002409733669052,211,false,false,3,1,0,4,0,2,true,false,0,18,1,3,3,2,80,LOWER_BOUND,272,2,1,0,0,0,1,0,0,0,NA,0,false,30,30,1,1,0,0,0,0,false,0,false,false,true,false,9255626993241609015,2622502768584808230,true
f1-aa-spacing-s211-m0-r0-t3-c1-l0-d5-tr0-a2,CJ-E,micro,same_source_bursts,13647707849451871000,211,false,false,3,1,0,5,0,2,false,false,0,9,1,2,2,2,80,LOWER_BOUND,160,1,0,0,0,0,0,0,0,0,NA,0,false,0,0,0,0,0,0,0,0,false,0,false,false,true,false,12705075004862231366,5205616211047237933,true
f1-ab-distinct-s211-m0-r0-t3-c1-l0-d5-tr0-a2,CJ-E,micro,same_source_bursts,10306693051289126452,211,false,false,3,1,0,5,0,2,true,false,0,18,1,3,3,2,80,LOWER_BOUND,272,2,1,0,0,0,1,0,0,0,NA,0,false,30,30,1,1,0,0,0,0,false,0,false,false,true,false,3314939414708302777,2622502768584808230,true
f1-one-path-s211-m0-r0-t3-c1-l0-d1-tr0-a2,CJ-E,micro,same_source_bursts,3391148317583858891,211,false,false,3,1,0,1,0,2,false,false,0,29,2,4,4,2,80,LOWER_BOUND,272,2,1,0,0,1,2,0,0,0,NA,0,false,30,33,1,1,0,0,0,0,false,0,false,false,true,false,4967188843408126781,7158575167185788501,true
f1-a-burst-4-s211-m0-r0-t3-c1-l0-d4-tr0-a2,CJ-E,micro,same_source_bursts,1687303699132463162,211,false,false,3,1,0,4,0,2,false,false,0,29,2,4,4,2,80,LOWER_BOUND,272,2,1,0,0,1,2,0,0,0,NA,0,false,30,33,1,1,0,0,0,0,false,0,false,false,true,false,13085697366292257163,7158575167185788501,true
f2-one-strong-s211-m0-r0-t3-c1-l0-d0-tr0-a2,CJ-E,micro,amplitude_vs_multiplicity,6451951623709336014,211,false,false,3,1,0,0,0,2,false,false,0,4,0,1,1,1,40,LOWER_BOUND,160,1,0,0,0,0,0,0,0,0,NA,0,false,0,0,0,0,0,0,0,0,false,0,false,false,true,false,11571423653348063439,5205616211047237933,true
f2-two-weak-distinct-s211-m0-r0-t3-c1-l0-d0-tr0-a2,CJ-E,micro,amplitude_vs_multiplicity,15122386372842288105,211,false,false,3,1,0,0,0,2,true,true,0,19,1,3,3,2,80,LOWER_BOUND,160,1,0,0,0,0,1,0,1,1,NA,1,false,0,0,0,0,0,0,0,0,false,0,false,false,true,false,5135469056849797188,5205616211047237933,true
f2-two-weak-same-s211-m0-r0-t3-c1-l0-d0-tr0-a2,CJ-E,micro,amplitude_vs_multiplicity,2005027929132743397,211,false,false,3,1,0,0,0,2,false,false,0,19,1,3,3,2,80,LOWER_BOUND,160,1,0,0,0,0,1,0,1,1,NA,1,true,0,0,0,0,0,0,0,0,false,0,false,false,true,false,5135469056849797188,5205616211047237933,false
f2-asymmetric-distinct-s211-m0-r0-t3-c1-l0-d0-tr0-a2,CJ-E,micro,amplitude_vs_multiplicity,4257321950958075276,211,false,false,3,1,0,0,0,2,true,true,0,19,1,3,3,2,80,LOWER_BOUND,160,1,0,0,0,0,1,0,1,1,NA,1,false,0,0,0,0,0,0,0,0,false,0,false,false,true,false,5135469056849797188,5205616211047237933,true
f3-direct-return-s211-m0-r0-t3-c1-l0-d0-tr0-a2,CJ-E,micro,dense_return_topology,8461579504424011486,211,false,false,3,1,0,0,0,2,true,true,33,16,1,6,6,2,80,LOWER_BOUND,384,3,2,0,0,2,3,0,1,1,NA,1,false,3,6,1,2,0,0,0,0,true,0,false,false,true,false,16493802007901404647,11318697515262055355,true
f3-crossed-return-s211-m0-r0-t3-c1-l0-d0-tr0-a2,CJ-E,micro,dense_return_topology,5870637616571833294,211,false,false,3,1,0,0,0,2,true,true,33,16,1,6,6,2,80,LOWER_BOUND,384,3,2,0,0,1,3,1,1,1,NA,1,false,3,2,1,1,0,0,0,0,true,0,false,false,true,false,18329658549382058563,16767010054964749940,true
f3-no-return-s211-m0-r0-t3-c1-l0-d0-tr0-a2,CJ-E,micro,dense_return_topology,17596147901617945406,211,false,false,3,1,0,0,0,2,true,true,33,2,1,4,4,2,80,LOWER_BOUND,384,3,2,0,0,0,2,2,1,1,NA,1,false,3,2,1,1,0,0,0,0,true,0,false,false,true,false,3058267068454083078,18182917985325864360,true
f3-direct-return-s211-m0-r0-t3-c1-l0-d0-tr0-a6,CJ-E,micro,dense_return_topology,15420877947435531078,211,false,false,3,1,0,0,0,6,true,true,45,20,1,6,6,2,80,LOWER_BOUND,832,7,2,0,0,2,3,0,1,1,NA,1,false,3,6,1,2,0,0,0,0,true,0,false,false,true,false,9329849832105591095,5986523508733956223,true
f3-crossed-return-s211-m0-r0-t3-c1-l0-d0-tr0-a6,CJ-E,micro,dense_return_topology,1301968885810541718,211,false,false,3,1,0,0,0,6,true,true,45,20,1,6,6,2,80,LOWER_BOUND,832,7,2,0,0,1,3,1,1,1,NA,1,false,3,2,1,1,0,0,0,0,true,0,false,false,true,false,4097903782685521847,9689934862820926100,true
f3-no-return-s211-m0-r0-t3-c1-l0-d0-tr0-a6,CJ-E,micro,dense_return_topology,8953541747147108838,211,false,false,3,1,0,0,0,6,true,true,45,2,1,4,4,2,80,LOWER_BOUND,832,7,2,0,0,0,2,2,1,1,NA,1,false,3,2,1,1,0,0,0,0,true,0,false,false,true,false,6117948730308419278,16602440266999439392,true
f4-transfer-s211-m0-r0-t3-c1-l0-d-1-tr0-a2,CJ-E,micro,timing_transfer,725328369286656634,211,false,false,3,1,0,-1,0,2,true,false,0,19,2,3,3,2,80,LOWER_BOUND,272,2,1,0,0,0,1,0,0,0,NA,0,false,30,30,1,1,0,0,0,0,false,0,false,false,true,false,7792450080222053780,2622502768584808230,true
f4-transfer-s211-m0-r0-t3-c1-l0-d0-tr0-a2,CJ-E,micro,timing_transfer,2877651049827293229,211,false,false,3,1,0,0,0,2,true,true,0,30,1,4,4,2,80,LOWER_BOUND,272,2,1,0,0,0,2,0,1,1,NA,1,false,30,30,1,1,0,0,0,1,false,0,false,false,true,false,16814885121611671261,2622502768584808230,true
f4-transfer-s211-m0-r0-t3-c1-l0-d1-tr0-a2,CJ-E,micro,timing_transfer,13654233053043462440,211,false,false,3,1,0,1,0,2,true,false,0,18,1,3,3,2,80,LOWER_BOUND,272,2,1,0,0,0,1,0,0,0,NA,0,false,30,30,1,1,0,0,0,0,false,0,false,false,true,false,8621222446232665388,2622502768584808230,true
f4-transfer-s211-m0-r0-t3-c1-l0-d2-tr0-a2,CJ-E,micro,timing_transfer,16618207469626586098,211,false,false,3,1,0,2,0,2,true,false,0,18,1,3,3,2,80,LOWER_BOUND,272,2,1,0,0,0,1,0,0,0,NA,0,false,30,30,1,1,0,0,0,0,false,0,false,false,true,false,11048111620413280611,2622502768584808230,true
f4-transfer-s211-m0-r0-t3-c1-l0-d3-tr0-a2,CJ-E,micro,timing_transfer,11844861842735821060,211,false,false,3,1,0,3,0,2,true,false,0,18,1,3,3,2,80,LOWER_BOUND,272,2,1,0,0,0,1,0,0,0,NA,0,false,30,30,1,1,0,0,0,0,false,0,false,false,true,false,2375886153254764017,2622502768584808230,true
f4-transfer-s211-m0-r0-t3-c1-l0-d4-tr0-a2,CJ-E,micro,timing_transfer,400046047436495506,211,false,false,3,1,0,4,0,2,true,false,0,18,1,3,3,2,80,LOWER_BOUND,272,2,1,0,0,0,1,0,0,0,NA,0,false,30,30,1,1,0,0,0,0,false,0,false,false,true,false,9255626993241609015,2622502768584808230,true
f4-transfer-s211-m0-r0-t3-c1-l0-d5-tr0-a2,CJ-E,micro,timing_transfer,2604418770061326856,211,false,false,3,1,0,5,0,2,true,false,0,18,1,3,3,2,80,LOWER_BOUND,272,2,1,0,0,0,1,0,0,0,NA,0,false,30,30,1,1,0,0,0,0,false,0,false,false,true,false,3314939414708302777,2622502768584808230,true
f4-transfer-s211-m0-r0-t3-c1-l0-d-1-tr2-a2,CJ-E,micro,timing_transfer,17368700797557246762,211,false,false,3,1,0,-1,2,2,true,false,0,19,2,3,3,2,80,LOWER_BOUND,272,2,1,0,0,0,1,0,0,0,NA,0,false,30,30,1,1,0,0,0,0,false,0,false,false,true,false,7792450080222053780,2622502768584808230,true
f4-transfer-s211-m0-r0-t3-c1-l0-d0-tr2-a2,CJ-E,micro,timing_transfer,12745936334543407969,211,false,false,3,1,0,0,2,2,true,true,0,30,1,4,4,2,80,LOWER_BOUND,272,2,1,0,0,0,2,0,1,1,NA,1,false,30,30,1,1,0,0,0,1,false,0,false,false,true,false,16814885121611671261,2622502768584808230,true
f4-transfer-s211-m0-r0-t3-c1-l0-d1-tr2-a2,CJ-E,micro,timing_transfer,7314177175843829240,211,false,false,3,1,0,1,2,2,true,false,0,18,1,3,3,2,80,LOWER_BOUND,272,2,1,0,0,0,1,0,0,0,NA,0,false,30,30,1,1,0,0,0,0,false,0,false,false,true,false,8621222446232665388,2622502768584808230,true
f4-transfer-s211-m0-r0-t3-c1-l0-d2-tr2-a2,CJ-E,micro,timing_transfer,11077607757917797606,211,false,false,3,1,0,2,2,2,true,false,0,18,1,3,3,2,80,LOWER_BOUND,272,2,1,0,0,0,1,0,0,0,NA,0,false,30,30,1,1,0,0,0,0,false,0,false,false,true,false,11048111620413280611,2622502768584808230,true
f4-transfer-s211-m0-r0-t3-c1-l0-d3-tr2-a2,CJ-E,micro,timing_transfer,10963462717639317300,211,false,false,3,1,0,3,2,2,true,false,0,18,1,3,3,2,80,LOWER_BOUND,272,2,1,0,0,0,1,0,0,0,NA,0,false,30,30,1,1,0,0,0,0,false,0,false,false,true,false,2375886153254764017,2622502768584808230,true
f4-transfer-s211-m0-r0-t3-c1-l0-d4-tr2-a2,CJ-E,micro,timing_transfer,15949704992164515206,211,false,false,3,1,0,4,2,2,true,false,0,18,1,3,3,2,80,LOWER_BOUND,272,2,1,0,0,0,1,0,0,0,NA,0,false,30,30,1,1,0,0,0,0,false,0,false,false,true,false,9255626993241609015,2622502768584808230,true
f4-transfer-s211-m0-r0-t3-c1-l0-d5-tr2-a2,CJ-E,micro,timing_transfer,5563416513011889560,211,false,false,3,1,0,5,2,2,true,false,0,18,1,3,3,2,80,LOWER_BOUND,272,2,1,0,0,0,1,0,0,0,NA,0,false,30,30,1,1,0,0,0,0,false,0,false,false,true,false,3314939414708302777,2622502768584808230,true
f4-transfer-s211-m0-r0-t3-c1-l0-d-1-tr4-a2,CJ-E,micro,timing_transfer,5762695907081925658,211,false,false,3,1,0,-1,4,2,true,false,0,19,2,3,3,2,80,LOWER_BOUND,272,2,1,0,0,0,1,0,0,0,NA,0,false,30,30,1,1,0,0,0,0,false,0,false,false,true,false,7792450080222053780,2622502768584808230,true
f4-transfer-s211-m0-r0-t3-c1-l0-d0-tr4-a2,CJ-E,micro,timing_transfer,1049480222101417509,211,false,false,3,1,0,0,4,2,true,true,0,30,1,4,4,2,80,LOWER_BOUND,272,2,1,0,0,0,2,0,1,1,NA,1,false,30,30,1,1,0,0,0,1,false,0,false,false,true,false,16814885121611671261,2622502768584808230,true
f4-transfer-s211-m0-r0-t3-c1-l0-d1-tr4-a2,CJ-E,micro,timing_transfer,14205359220447330632,211,false,false,3,1,0,1,4,2,true,false,0,18,1,3,3,2,80,LOWER_BOUND,272,2,1,0,0,0,1,0,0,0,NA,0,false,30,30,1,1,0,0,0,0,false,0,false,false,true,false,8621222446232665388,2622502768584808230,true
f4-transfer-s211-m0-r0-t3-c1-l0-d2-tr4-a2,CJ-E,micro,timing_transfer,3034925390229529282,211,false,false,3,1,0,2,4,2,true,false,0,18,1,3,3,2,80,LOWER_BOUND,272,2,1,0,0,0,1,0,0,0,NA,0,false,30,30,1,1,0,0,0,0,false,0,false,false,true,false,11048111620413280611,2622502768584808230,true
f4-transfer-s211-m0-r0-t3-c1-l0-d3-tr4-a2,CJ-E,micro,timing_transfer,7136418395485875620,211,false,false,3,1,0,3,4,2,true,false,0,18,1,3,3,2,80,LOWER_BOUND,272,2,1,0,0,0,1,0,0,0,NA,0,false,30,30,1,1,0,0,0,0,false,0,false,false,true,false,2375886153254764017,2622502768584808230,true
f4-transfer-s211-m0-r0-t3-c1-l0-d4-tr4-a2,CJ-E,micro,timing_transfer,12352555277335763482,211,false,false,3,1,0,4,4,2,true,false,0,18,1,3,3,2,80,LOWER_BOUND,272,2,1,0,0,0,1,0,0,0,NA,0,false,30,30,1,1,0,0,0,0,false,0,false,false,true,false,9255626993241609015,2622502768584808230,true
f4-transfer-s211-m0-r0-t3-c1-l0-d5-tr4-a2,CJ-E,micro,timing_transfer,10399901393882478504,211,false,false,3,1,0,5,4,2,true,false,0,18,1,3,3,2,80,LOWER_BOUND,272,2,1,0,0,0,1,0,0,0,NA,0,false,30,30,1,1,0,0,0,0,false,0,false,false,true,false,3314939414708302777,2622502768584808230,true
ctl-initial-ab-s211-m0-r0-t3-c1-l0-d0-tr0-a2,CJ-E,micro,shared_control,17447921901286398206,211,false,false,3,1,0,0,0,2,true,true,45,31,2,10,10,2,80,LOWER_BOUND,272,2,1,0,0,3,5,0,1,2,NA,2,false,30,36,1,1,0,0,0,1,false,0,true,false,true,false,2771408807984890306,6318599791235442597,true
ctl-initial-cd-s211-m0-r0-t3-c1-l0-d0-tr0-a2,CJ-E,micro,shared_control,1698200215109777514,211,false,false,3,1,0,0,0,2,true,true,45,31,2,10,10,2,80,LOWER_BOUND,272,2,1,0,0,3,5,0,1,2,NA,2,false,30,36,1,1,0,0,0,1,false,0,true,false,true,false,2771408807984890306,6318599791235442597,true
ctl-crossed-ad-s211-m0-r0-t3-c1-l0-d0-tr0-a2,CJ-E,micro,shared_control,7273762976629105990,211,false,false,3,1,0,0,0,2,false,false,0,13,0,2,2,1,40,LOWER_BOUND,272,2,1,0,0,0,1,0,0,0,NA,0,false,30,30,1,1,0,0,0,0,false,0,false,false,true,false,5591052102551156038,2622502768584808230,true
ctl-crossed-cb-s211-m0-r0-t3-c1-l0-d0-tr0-a2,CJ-E,micro,shared_control,593691685820735822,211,false,false,3,1,0,0,0,2,false,false,0,13,0,2,2,1,40,LOWER_BOUND,272,2,1,0,0,0,1,0,0,0,NA,0,false,30,30,1,1,0,0,0,0,false,0,false,false,true,false,5591052102551156038,2622502768584808230,true
ctl-singleton-s211-m0-r0-t3-c1-l0-d0-tr0-a2,CJ-E,micro,shared_control,463908188934174028,211,false,false,3,1,0,0,0,2,false,false,0,13,0,2,2,1,40,LOWER_BOUND,272,2,1,0,0,0,1,0,0,0,NA,0,false,30,30,1,1,0,0,0,0,false,0,false,false,true,false,5591052102551156038,2622502768584808230,true
ctl-old-self-evidence-s211-m0-r0-t3-c1-l0-d0-tr0-a6,CJ-E,micro,shared_control,6795173601695033019,211,false,false,3,1,0,0,0,6,true,true,45,2,1,4,4,2,80,LOWER_BOUND,832,7,2,0,0,0,2,2,1,1,NA,1,false,3,2,1,1,0,0,0,0,true,0,false,false,true,false,6117948730308419278,16602440266999439392,true
ctl-blocked-return-s211-m0-r0-t3-c1-l0-d0-tr0-a6,CJ-E,micro,shared_control,8695073832663217102,211,false,false,3,1,0,0,0,6,true,true,45,2,1,4,4,2,80,LOWER_BOUND,832,7,2,0,0,0,2,2,1,1,NA,1,false,3,2,1,1,0,0,0,0,true,0,false,false,true,false,6117948730308419278,16602440266999439392,true
ctl-stale-s211-m0-r0-t3-c1-l0-d0-tr0-a2,CJ-E,micro,shared_control,7166628092177753402,211,false,false,3,1,0,0,0,2,false,false,0,17,1,3,3,2,80,LOWER_BOUND,160,1,0,0,1,0,1,1,0,0,NA,1,false,1,0,1,0,0,0,0,0,false,0,false,false,true,false,4356772576795859388,15897347868232412422,true
ctl-deallocation-bootstrap-s211-m0-r0-t3-c1-l0-d0-tr0-a2,CJ-E,micro,shared_control,12488715988395600731,211,false,false,3,1,0,0,0,2,false,false,2,14,0,2,2,1,40,LOWER_BOUND,224,2,1,1,1,0,1,1,0,0,NA,0,false,1,1,1,1,0,2,14,0,false,0,false,false,true,false,5581720647725420186,6078890198235491687,true
ctl-ambiguity-s211-m0-r0-t3-c1-l0-d0-tr0-a2,CJ-E,micro,shared_control,15558047789699435106,211,false,false,3,1,0,0,0,2,true,true,0,80,10,8,8,4,160,LOWER_BOUND,544,4,0,0,0,0,4,0,0,2,NA,2,false,0,0,0,0,0,0,0,0,false,0,false,false,true,false,12322132070701490634,13948175901514962880,true
ctl-recursion-s211-m0-r0-t3-c1-l0-d0-tr0-a2,CJ-E,micro,shared_control,6780932773252188985,211,false,false,3,1,0,0,0,2,true,true,0,71,6,8,8,4,160,LOWER_BOUND,496,4,0,0,0,0,4,0,3,1,NA,1,false,0,0,0,0,0,0,0,0,false,3,false,false,true,false,8524943771727728581,3212242917835486856,true
ctl-replay-s211-m0-r0-t3-c1-l0-d0-tr0-a2,CJ-E,micro,shared_control,12889600395727972182,211,false,false,3,1,0,0,0,2,true,true,0,30,1,4,4,2,80,LOWER_BOUND,272,2,1,0,0,0,2,0,1,1,NA,1,false,30,30,1,1,0,0,0,1,false,0,false,true,true,false,16814885121611671261,2622502768584808230,true
f1-aa-same-tick-s211-m0-r0-t3-c1-l4-d0-tr0-a2,CJ-E,micro,same_source_bursts,279038084280785740,211,false,false,3,1,4,0,0,2,false,false,0,19,1,3,3,2,80,LOWER_BOUND,352,1,0,0,0,0,1,0,1,1,NA,1,true,0,0,0,0,0,0,0,0,false,0,false,false,true,false,5392766836800199306,8778097628411110095,false
f1-aa-spacing-s211-m0-r0-t3-c1-l4-d-1-tr0-a2,CJ-E,micro,same_source_bursts,2789626735289476042,211,false,false,3,1,4,-1,0,2,false,false,0,9,1,2,2,2,80,LOWER_BOUND,352,1,0,0,0,0,0,0,0,0,NA,0,false,0,0,0,0,0,0,0,0,false,0,false,false,true,false,11904518578218922436,8778097628411110095,true
f1-ab-distinct-s211-m0-r0-t3-c1-l4-d-1-tr0-a2,CJ-E,micro,same_source_bursts,11449226678485386620,211,false,false,3,1,4,-1,0,2,true,false,0,19,2,3,3,2,80,LOWER_BOUND,272,2,1,0,0,0,1,0,0,0,NA,0,false,30,30,1,1,0,0,0,0,false,0,false,false,true,false,7792450080222053780,2622502768584808230,true
f1-aa-spacing-s211-m0-r0-t3-c1-l4-d0-tr0-a2,CJ-E,micro,same_source_bursts,7252434847492350804,211,false,false,3,1,4,0,0,2,false,false,0,19,1,3,3,2,80,LOWER_BOUND,352,1,0,0,0,0,1,0,1,1,NA,1,true,0,0,0,0,0,0,0,0,false,0,false,false,true,false,5392766836800199306,8778097628411110095,false
f1-ab-distinct-s211-m0-r0-t3-c1-l4-d0-tr0-a2,CJ-E,micro,same_source_bursts,8082218353242527415,211,false,false,3,1,4,0,0,2,true,true,0,30,1,4,4,2,80,LOWER_BOUND,272,2,1,0,0,0,2,0,1,1,NA,1,false,30,30,1,1,0,0,0,1,false,0,false,false,true,false,16814885121611671261,2622502768584808230,true
f1-aa-spacing-s211-m0-r0-t3-c1-l4-d1-tr0-a2,CJ-E,micro,same_source_bursts,6235776892820694864,211,false,false,3,1,4,1,0,2,false,false,0,9,1,2,2,2,80,LOWER_BOUND,352,1,0,0,0,0,0,0,0,0,NA,0,false,0,0,0,0,0,0,0,0,false,0,false,false,true,false,11904518578218922436,8778097628411110095,true
f1-ab-distinct-s211-m0-r0-t3-c1-l4-d1-tr0-a2,CJ-E,micro,same_source_bursts,16776177104096112692,211,false,false,3,1,4,1,0,2,true,false,0,18,1,3,3,2,80,LOWER_BOUND,272,2,1,0,0,0,1,0,0,0,NA,0,false,30,30,1,1,0,0,0,0,false,0,false,false,true,false,8621222446232665388,2622502768584808230,true
f1-aa-spacing-s211-m0-r0-t3-c1-l4-d2-tr0-a2,CJ-E,micro,same_source_bursts,11847557566236648968,211,false,false,3,1,4,2,0,2,false,false,0,9,1,2,2,2,80,LOWER_BOUND,352,1,0,0,0,0,0,0,0,0,NA,0,false,0,0,0,0,0,0,0,0,false,0,false,false,true,false,2934261311812626761,8778097628411110095,true
f1-ab-distinct-s211-m0-r0-t3-c1-l4-d2-tr0-a2,CJ-E,micro,same_source_bursts,6986170631594819940,211,false,false,3,1,4,2,0,2,true,false,0,18,1,3,3,2,80,LOWER_BOUND,272,2,1,0,0,0,1,0,0,0,NA,0,false,30,30,1,1,0,0,0,0,false,0,false,false,true,false,11048111620413280611,2622502768584808230,true
f1-aa-spacing-s211-m0-r0-t3-c1-l4-d3-tr0-a2,CJ-E,micro,same_source_bursts,5060323126467098804,211,false,false,3,1,4,3,0,2,false,false,0,9,1,2,2,2,80,LOWER_BOUND,352,1,0,0,0,0,0,0,0,0,NA,0,false,0,0,0,0,0,0,0,0,false,0,false,false,true,false,18171221692497638558,8778097628411110095,true
f1-ab-distinct-s211-m0-r0-t3-c1-l4-d3-tr0-a2,CJ-E,micro,same_source_bursts,2623465724233419684,211,false,false,3,1,4,3,0,2,true,false,0,18,1,3,3,2,80,LOWER_BOUND,272,2,1,0,0,0,1,0,0,0,NA,0,false,30,30,1,1,0,0,0,0,false,0,false,false,true,false,2375886153254764017,2622502768584808230,true
f1-aa-spacing-s211-m0-r0-t3-c1-l4-d4-tr0-a2,CJ-E,micro,same_source_bursts,4536997247381014684,211,false,false,3,1,4,4,0,2,false,false,0,9,1,2,2,2,80,LOWER_BOUND,352,1,0,0,0,0,0,0,0,0,NA,0,false,0,0,0,0,0,0,0,0,false,0,false,false,true,false,15461595241727713203,8778097628411110095,true
f1-ab-distinct-s211-m0-r0-t3-c1-l4-d4-tr0-a2,CJ-E,micro,same_source_bursts,16612457919401015308,211,false,false,3,1,4,4,0,2,true,false,0,18,1,3,3,2,80,LOWER_BOUND,272,2,1,0,0,0,1,0,0,0,NA,0,false,30,30,1,1,0,0,0,0,false,0,false,false,true,false,9255626993241609015,2622502768584808230,true
f1-aa-spacing-s211-m0-r0-t3-c1-l4-d5-tr0-a2,CJ-E,micro,same_source_bursts,13255373600855180432,211,false,false,3,1,4,5,0,2,false,false,0,9,1,2,2,2,80,LOWER_BOUND,352,1,0,0,0,0,0,0,0,0,NA,0,false,0,0,0,0,0,0,0,0,false,0,false,false,true,false,16260489430924420904,8778097628411110095,true
f1-ab-distinct-s211-m0-r0-t3-c1-l4-d5-tr0-a2,CJ-E,micro,same_source_bursts,4484313566636282100,211,false,false,3,1,4,5,0,2,true,false,0,18,1,3,3,2,80,LOWER_BOUND,272,2,1,0,0,0,1,0,0,0,NA,0,false,30,30,1,1,0,0,0,0,false,0,false,false,true,false,3314939414708302777,2622502768584808230,true
f1-one-path-s211-m0-r0-t3-c1-l4-d1-tr0-a2,CJ-E,micro,same_source_bursts,8458120096921504035,211,false,false,3,1,4,1,0,2,false,false,0,29,2,4,4,2,80,LOWER_BOUND,272,2,1,0,0,1,2,0,0,0,NA,0,false,30,33,1,1,0,0,0,0,false,0,false,false,true,false,4967188843408126781,7158575167185788501,true
f1-a-burst-4-s211-m0-r0-t3-c1-l4-d4-tr0-a2,CJ-E,micro,same_source_bursts,7891393057475181002,211,false,false,3,1,4,4,0,2,false,false,0,29,2,4,4,2,80,LOWER_BOUND,272,2,1,0,0,1,2,0,0,0,NA,0,false,30,33,1,1,0,0,0,0,false,0,false,false,true,false,13085697366292257163,7158575167185788501,true
f2-one-strong-s211-m0-r0-t3-c1-l4-d0-tr0-a2,CJ-E,micro,amplitude_vs_multiplicity,6979506973591772054,211,false,false,3,1,4,0,0,2,false,false,0,4,0,1,1,1,40,LOWER_BOUND,352,1,0,0,0,0,0,0,0,0,NA,0,false,0,0,0,0,0,0,0,0,false,0,false,false,true,false,5512054364470992149,8778097628411110095,true
f2-two-weak-distinct-s211-m0-r0-t3-c1-l4-d0-tr0-a2,CJ-E,micro,amplitude_vs_multiplicity,874180774729010289,211,false,false,3,1,4,0,0,2,true,true,0,19,1,3,3,2,80,LOWER_BOUND,352,1,0,0,0,0,1,0,1,1,NA,1,false,0,0,0,0,0,0,0,0,false,0,false,false,true,false,5392766836800199306,8778097628411110095,true
f2-two-weak-same-s211-m0-r0-t3-c1-l4-d0-tr0-a2,CJ-E,micro,amplitude_vs_multiplicity,6858854980317678645,211,false,false,3,1,4,0,0,2,false,false,0,19,1,3,3,2,80,LOWER_BOUND,352,1,0,0,0,0,1,0,1,1,NA,1,true,0,0,0,0,0,0,0,0,false,0,false,false,true,false,5392766836800199306,8778097628411110095,false
f2-asymmetric-distinct-s211-m0-r0-t3-c1-l4-d0-tr0-a2,CJ-E,micro,amplitude_vs_multiplicity,4312543809250604020,211,false,false,3,1,4,0,0,2,true,true,0,19,1,3,3,2,80,LOWER_BOUND,352,1,0,0,0,0,1,0,1,1,NA,1,false,0,0,0,0,0,0,0,0,false,0,false,false,true,false,5392766836800199306,8778097628411110095,true
f3-direct-return-s211-m0-r0-t3-c1-l4-d0-tr0-a2,CJ-E,micro,dense_return_topology,2352708815008326686,211,false,false,3,1,4,0,0,2,true,true,87,16,23,10,10,6,240,LOWER_BOUND,576,3,2,0,0,2,3,0,1,1,NA,1,false,3,6,1,2,0,0,0,0,true,0,false,false,true,false,12327453335734188605,4717752495898760457,true
f3-crossed-return-s211-m0-r0-t3-c1-l4-d0-tr0-a2,CJ-E,micro,dense_return_topology,4325143958667040670,211,false,false,3,1,4,0,0,2,true,true,87,16,23,10,10,6,240,LOWER_BOUND,576,3,2,0,0,1,3,1,1,1,NA,1,false,3,2,1,1,0,0,0,0,true,0,false,false,true,false,7314260521584205881,15809591284890575630,true
f3-no-return-s211-m0-r0-t3-c1-l4-d0-tr0-a2,CJ-E,micro,dense_return_topology,17646686206247192078,211,false,false,3,1,4,0,0,2,true,true,87,2,23,8,8,6,240,LOWER_BOUND,576,3,2,0,0,0,2,2,1,1,NA,1,false,3,2,1,1,0,0,0,0,true,0,false,false,true,false,13983335463556259792,4403204694393495010,true
f3-direct-return-s211-m0-r0-t3-c1-l4-d0-tr0-a6,CJ-E,micro,dense_return_topology,12929513591628277750,211,false,false,3,1,4,0,0,6,true,true,115,20,23,10,10,6,240,LOWER_BOUND,1024,7,2,0,0,2,3,0,1,1,NA,1,false,3,6,1,2,0,0,0,0,true,0,false,false,true,false,9849314901619125045,12465411688896016621,true
f3-crossed-return-s211-m0-r0-t3-c1-l4-d0-tr0-a6,CJ-E,micro,dense_return_topology,4763199360176574070,211,false,false,3,1,4,0,0,6,true,true,115,20,23,10,10,6,240,LOWER_BOUND,1024,7,2,0,0,1,3,1,1,1,NA,1,false,3,2,1,1,0,0,0,0,true,0,false,false,true,false,13173775762902657325,12741698539376892854,true
f3-no-return-s211-m0-r0-t3-c1-l4-d0-tr0-a6,CJ-E,micro,dense_return_topology,4423172962666036742,211,false,false,3,1,4,0,0,6,true,true,115,2,23,8,8,6,240,LOWER_BOUND,1024,7,2,0,0,0,2,2,1,1,NA,1,false,3,2,1,1,0,0,0,0,true,0,false,false,true,false,7904809925758989320,13163388263451175442,true
f4-transfer-s211-m0-r0-t3-c1-l4-d-1-tr0-a2,CJ-E,micro,timing_transfer,10088606676033358162,211,false,false,3,1,4,-1,0,2,true,false,0,19,2,3,3,2,80,LOWER_BOUND,272,2,1,0,0,0,1,0,0,0,NA,0,false,30,30,1,1,0,0,0,0,false,0,false,false,true,false,7792450080222053780,2622502768584808230,true
f4-transfer-s211-m0-r0-t3-c1-l4-d0-tr0-a2,CJ-E,micro,timing_transfer,7413419222113522141,211,false,false,3,1,4,0,0,2,true,true,0,30,1,4,4,2,80,LOWER_BOUND,272,2,1,0,0,0,2,0,1,1,NA,1,false,30,30,1,1,0,0,0,1,false,0,false,false,true,false,16814885121611671261,2622502768584808230,true
f4-transfer-s211-m0-r0-t3-c1-l4-d1-tr0-a2,CJ-E,micro,timing_transfer,10832620513408422640,211,false,false,3,1,4,1,0,2,true,false,0,18,1,3,3,2,80,LOWER_BOUND,272,2,1,0,0,0,1,0,0,0,NA,0,false,30,30,1,1,0,0,0,0,false,0,false,false,true,false,8621222446232665388,2622502768584808230,true
f4-transfer-s211-m0-r0-t3-c1-l4-d2-tr0-a2,CJ-E,micro,timing_transfer,8976278018376487202,211,false,false,3,1,4,2,0,2,true,false,0,18,1,3,3,2,80,LOWER_BOUND,272,2,1,0,0,0,1,0,0,0,NA,0,false,30,30,1,1,0,0,0,0,false,0,false,false,true,false,11048111620413280611,2622502768584808230,true
f4-transfer-s211-m0-r0-t3-c1-l4-d3-tr0-a2,CJ-E,micro,timing_transfer,2600263696600420148,211,false,false,3,1,4,3,0,2,true,false,0,18,1,3,3,2,80,LOWER_BOUND,272,2,1,0,0,0,1,0,0,0,NA,0,false,30,30,1,1,0,0,0,0,false,0,false,false,true,false,2375886153254764017,2622502768584808230,true
f4-transfer-s211-m0-r0-t3-c1-l4-d4-tr0-a2,CJ-E,micro,timing_transfer,9079853579553107314,211,false,false,3,1,4,4,0,2,true,false,0,18,1,3,3,2,80,LOWER_BOUND,272,2,1,0,0,0,1,0,0,0,NA,0,false,30,30,1,1,0,0,0,0,false,0,false,false,true,false,9255626993241609015,2622502768584808230,true
f4-transfer-s211-m0-r0-t3-c1-l4-d5-tr0-a2,CJ-E,micro,timing_transfer,3688680120598809392,211,false,false,3,1,4,5,0,2,true,false,0,18,1,3,3,2,80,LOWER_BOUND,272,2,1,0,0,0,1,0,0,0,NA,0,false,30,30,1,1,0,0,0,0,false,0,false,false,true,false,3314939414708302777,2622502768584808230,true
f4-transfer-s211-m0-r0-t3-c1-l4-d-1-tr2-a2,CJ-E,micro,timing_transfer,17813384484188251722,211,false,false,3,1,4,-1,2,2,true,false,0,19,2,3,3,2,80,LOWER_BOUND,272,2,1,0,0,0,1,0,0,0,NA,0,false,30,30,1,1,0,0,0,0,false,0,false,false,true,false,7792450080222053780,2622502768584808230,true
f4-transfer-s211-m0-r0-t3-c1-l4-d0-tr2-a2,CJ-E,micro,timing_transfer,16695503452395287945,211,false,false,3,1,4,0,2,2,true,true,0,30,1,4,4,2,80,LOWER_BOUND,272,2,1,0,0,0,2,0,1,1,NA,1,false,30,30,1,1,0,0,0,1,false,0,false,false,true,false,16814885121611671261,2622502768584808230,true
f4-transfer-s211-m0-r0-t3-c1-l4-d1-tr2-a2,CJ-E,micro,timing_transfer,11331007841890585056,211,false,false,3,1,4,1,2,2,true,false,0,18,1,3,3,2,80,LOWER_BOUND,272,2,1,0,0,0,1,0,0,0,NA,0,false,30,30,1,1,0,0,0,0,false,0,false,false,true,false,8621222446232665388,2622502768584808230,true
f4-transfer-s211-m0-r0-t3-c1-l4-d2-tr2-a2,CJ-E,micro,timing_transfer,10287118755738631086,211,false,false,3,1,4,2,2,2,true,false,0,18,1,3,3,2,80,LOWER_BOUND,272,2,1,0,0,0,1,0,0,0,NA,0,false,30,30,1,1,0,0,0,0,false,0,false,false,true,false,11048111620413280611,2622502768584808230,true
f4-transfer-s211-m0-r0-t3-c1-l4-d3-tr2-a2,CJ-E,micro,timing_transfer,3665962757668317412,211,false,false,3,1,4,3,2,2,true,false,0,18,1,3,3,2,80,LOWER_BOUND,272,2,1,0,0,0,1,0,0,0,NA,0,false,30,30,1,1,0,0,0,0,false,0,false,false,true,false,2375886153254764017,2622502768584808230,true
f4-transfer-s211-m0-r0-t3-c1-l4-d4-tr2-a2,CJ-E,micro,timing_transfer,7436218597532357870,211,false,false,3,1,4,4,2,2,true,false,0,18,1,3,3,2,80,LOWER_BOUND,272,2,1,0,0,0,1,0,0,0,NA,0,false,30,30,1,1,0,0,0,0,false,0,false,false,true,false,9255626993241609015,2622502768584808230,true
f4-transfer-s211-m0-r0-t3-c1-l4-d5-tr2-a2,CJ-E,micro,timing_transfer,8428913692028309824,211,false,false,3,1,4,5,2,2,true,false,0,18,1,3,3,2,80,LOWER_BOUND,272,2,1,0,0,0,1,0,0,0,NA,0,false,30,30,1,1,0,0,0,0,false,0,false,false,true,false,3314939414708302777,2622502768584808230,true
f4-transfer-s211-m0-r0-t3-c1-l4-d-1-tr4-a2,CJ-E,micro,timing_transfer,12794581947464819042,211,false,false,3,1,4,-1,4,2,true,false,0,19,2,3,3,2,80,LOWER_BOUND,272,2,1,0,0,0,1,0,0,0,NA,0,false,30,30,1,1,0,0,0,0,false,0,false,false,true,false,7792450080222053780,2622502768584808230,true
f4-transfer-s211-m0-r0-t3-c1-l4-d0-tr4-a2,CJ-E,micro,timing_transfer,13370874859240257925,211,false,false,3,1,4,0,4,2,true,true,0,30,1,4,4,2,80,LOWER_BOUND,272,2,1,0,0,0,2,0,1,1,NA,1,false,30,30,1,1,0,0,0,1,false,0,false,false,true,false,16814885121611671261,2622502768584808230,true
f4-transfer-s211-m0-r0-t3-c1-l4-d1-tr4-a2,CJ-E,micro,timing_transfer,14205156876349459120,211,false,false,3,1,4,1,4,2,true,false,0,18,1,3,3,2,80,LOWER_BOUND,272,2,1,0,0,0,1,0,0,0,NA,0,false,30,30,1,1,0,0,0,0,false,0,false,false,true,false,8621222446232665388,2622502768584808230,true
f4-transfer-s211-m0-r0-t3-c1-l4-d2-tr4-a2,CJ-E,micro,timing_transfer,16076651791407942866,211,false,false,3,1,4,2,4,2,true,false,0,18,1,3,3,2,80,LOWER_BOUND,272,2,1,0,0,0,1,0,0,0,NA,0,false,30,30,1,1,0,0,0,0,false,0,false,false,true,false,11048111620413280611,2622502768584808230,true
f4-transfer-s211-m0-r0-t3-c1-l4-d3-tr4-a2,CJ-E,micro,timing_transfer,262183727708291540,211,false,false,3,1,4,3,4,2,true,false,0,18,1,3,3,2,80,LOWER_BOUND,272,2,1,0,0,0,1,0,0,0,NA,0,false,30,30,1,1,0,0,0,0,false,0,false,false,true,false,2375886153254764017,2622502768584808230,true
f4-transfer-s211-m0-r0-t3-c1-l4-d4-tr4-a2,CJ-E,micro,timing_transfer,4302128571863523242,211,false,false,3,1,4,4,4,2,true,false,0,18,1,3,3,2,80,LOWER_BOUND,272,2,1,0,0,0,1,0,0,0,NA,0,false,30,30,1,1,0,0,0,0,false,0,false,false,true,false,9255626993241609015,2622502768584808230,true
f4-transfer-s211-m0-r0-t3-c1-l4-d5-tr4-a2,CJ-E,micro,timing_transfer,12436064118865729072,211,false,false,3,1,4,5,4,2,true,false,0,18,1,3,3,2,80,LOWER_BOUND,272,2,1,0,0,0,1,0,0,0,NA,0,false,30,30,1,1,0,0,0,0,false,0,false,false,true,false,3314939414708302777,2622502768584808230,true
ctl-initial-ab-s211-m0-r0-t3-c1-l4-d0-tr0-a2,CJ-E,micro,shared_control,904857236117862,211,false,false,3,1,4,0,0,2,true,true,45,31,2,10,10,2,80,LOWER_BOUND,272,2,1,0,0,3,5,0,1,2,NA,2,false,30,36,1,1,0,0,0,1,false,0,true,false,true,false,2771408807984890306,6318599791235442597,true
ctl-initial-cd-s211-m0-r0-t3-c1-l4-d0-tr0-a2,CJ-E,micro,shared_control,18308554951037725250,211,false,false,3,1,4,0,0,2,true,true,45,31,2,10,10,2,80,LOWER_BOUND,272,2,1,0,0,3,5,0,1,2,NA,2,false,30,36,1,1,0,0,0,1,false,0,true,false,true,false,2771408807984890306,6318599791235442597,true
ctl-crossed-ad-s211-m0-r0-t3-c1-l4-d0-tr0-a2,CJ-E,micro,shared_control,1312446777442248254,211,false,false,3,1,4,0,0,2,false,false,0,13,0,2,2,1,40,LOWER_BOUND,272,2,1,0,0,0,1,0,0,0,NA,0,false,30,30,1,1,0,0,0,0,false,0,false,false,true,false,5591052102551156038,2622502768584808230,true
ctl-crossed-cb-s211-m0-r0-t3-c1-l4-d0-tr0-a2,CJ-E,micro,shared_control,16281718137205044614,211,false,false,3,1,4,0,0,2,false,false,0,13,0,2,2,1,40,LOWER_BOUND,272,2,1,0,0,0,1,0,0,0,NA,0,false,30,30,1,1,0,0,0,0,false,0,false,false,true,false,5591052102551156038,2622502768584808230,true
ctl-singleton-s211-m0-r0-t3-c1-l4-d0-tr0-a2,CJ-E,micro,shared_control,9450293805302243364,211,false,false,3,1,4,0,0,2,false,false,0,13,0,2,2,1,40,LOWER_BOUND,272,2,1,0,0,0,1,0,0,0,NA,0,false,30,30,1,1,0,0,0,0,false,0,false,false,true,false,5591052102551156038,2622502768584808230,true
ctl-old-self-evidence-s211-m0-r0-t3-c1-l4-d0-tr0-a6,CJ-E,micro,shared_control,14884549235995652811,211,false,false,3,1,4,0,0,6,true,true,115,2,23,8,8,6,240,LOWER_BOUND,1024,7,2,0,0,0,2,2,1,1,NA,1,false,3,2,1,1,0,0,0,0,true,0,false,false,true,false,7904809925758989320,13163388263451175442,true
ctl-blocked-return-s211-m0-r0-t3-c1-l4-d0-tr0-a6,CJ-E,micro,shared_control,15880854120840369238,211,false,false,3,1,4,0,0,6,true,true,115,2,23,8,8,6,240,LOWER_BOUND,1024,7,2,0,0,0,2,2,1,1,NA,1,false,3,2,1,1,0,0,0,0,true,0,false,false,true,false,7904809925758989320,13163388263451175442,true
ctl-stale-s211-m0-r0-t3-c1-l4-d0-tr0-a2,CJ-E,micro,shared_control,2473518427644309354,211,false,false,3,1,4,0,0,2,false,false,0,17,1,3,3,2,80,LOWER_BOUND,160,1,0,0,1,0,1,1,0,0,NA,1,false,1,0,1,0,0,0,0,0,false,0,false,false,true,false,4356772576795859388,15897347868232412422,true
ctl-deallocation-bootstrap-s211-m0-r0-t3-c1-l4-d0-tr0-a2,CJ-E,micro,shared_control,5987953650358827811,211,false,false,3,1,4,0,0,2,false,false,2,14,0,2,2,1,40,LOWER_BOUND,224,2,1,1,1,0,1,1,0,0,NA,0,false,1,1,1,1,0,2,14,0,false,0,false,false,true,false,5581720647725420186,6078890198235491687,true
ctl-ambiguity-s211-m0-r0-t3-c1-l4-d0-tr0-a2,CJ-E,micro,shared_control,5498329890622495962,211,false,false,3,1,4,0,0,2,true,true,0,80,10,8,8,4,160,LOWER_BOUND,544,4,0,0,0,0,4,0,0,2,NA,2,false,0,0,0,0,0,0,0,0,false,0,false,false,true,false,12322132070701490634,13948175901514962880,true
ctl-recursion-s211-m0-r0-t3-c1-l4-d0-tr0-a2,CJ-E,micro,shared_control,17678970541744800801,211,false,false,3,1,4,0,0,2,true,true,0,71,6,8,8,4,160,LOWER_BOUND,496,4,0,0,0,0,4,0,3,1,NA,1,false,0,0,0,0,0,0,0,0,false,3,false,false,true,false,8524943771727728581,3212242917835486856,true
ctl-replay-s211-m0-r0-t3-c1-l4-d0-tr0-a2,CJ-E,micro,shared_control,2819365312683003870,211,false,false,3,1,4,0,0,2,true,true,0,30,1,4,4,2,80,LOWER_BOUND,272,2,1,0,0,0,2,0,1,1,NA,1,false,30,30,1,1,0,0,0,1,false,0,false,true,true,false,16814885121611671261,2622502768584808230,true
f1-aa-same-tick-s211-m0-r0-t3-c2-l0-d0-tr0-a2,CJ-E,micro,same_source_bursts,4594868364143364644,211,false,false,3,2,0,0,0,2,false,false,0,19,1,3,3,2,80,LOWER_BOUND,160,1,0,0,0,0,1,0,1,1,NA,1,true,0,0,0,0,0,0,0,0,false,0,false,false,true,false,5135469056849797188,5205616211047237933,false
f1-aa-spacing-s211-m0-r0-t3-c2-l0-d-1-tr0-a2,CJ-E,micro,same_source_bursts,1284634426477106032,211,false,false,3,2,0,-1,0,2,false,false,0,9,1,2,2,2,80,LOWER_BOUND,160,1,0,0,0,0,0,0,0,0,NA,0,false,0,0,0,0,0,0,0,0,false,0,false,false,true,false,3054203494526314810,5205616211047237933,true
f1-ab-distinct-s211-m0-r0-t3-c2-l0-d-1-tr0-a2,CJ-E,micro,same_source_bursts,8493619359996360218,211,false,false,3,2,0,-1,0,2,true,false,0,19,2,3,3,2,80,LOWER_BOUND,272,2,1,0,0,0,1,0,0,0,NA,0,false,30,30,2,2,0,0,0,0,false,0,false,false,true,false,12572784700858985715,3964241584879419681,true
f1-aa-spacing-s211-m0-r0-t3-c2-l0-d0-tr0-a2,CJ-E,micro,same_source_bursts,273576308927715508,211,false,false,3,2,0,0,0,2,false,false,0,19,1,3,3,2,80,LOWER_BOUND,160,1,0,0,0,0,1,0,1,1,NA,1,true,0,0,0,0,0,0,0,0,false,0,false,false,true,false,5135469056849797188,5205616211047237933,false
f1-ab-distinct-s211-m0-r0-t3-c2-l0-d0-tr0-a2,CJ-E,micro,same_source_bursts,8992476854761370199,211,false,false,3,2,0,0,0,2,true,true,0,30,1,4,4,2,80,LOWER_BOUND,272,2,1,0,0,0,2,0,1,1,NA,1,false,30,30,2,2,0,0,0,1,false,0,false,false,true,false,3484349797747902114,3964241584879419681,true
f1-aa-spacing-s211-m0-r0-t3-c2-l0-d1-tr0-a2,CJ-E,micro,same_source_bursts,4194925394803700080,211,false,false,3,2,0,1,0,2,false,false,0,9,1,2,2,2,80,LOWER_BOUND,160,1,0,0,0,0,0,0,0,0,NA,0,false,0,0,0,0,0,0,0,0,false,0,false,false,true,false,3054203494526314810,5205616211047237933,true
f1-ab-distinct-s211-m0-r0-t3-c2-l0-d1-tr0-a2,CJ-E,micro,same_source_bursts,2111711632947524860,211,false,false,3,2,0,1,0,2,true,false,0,18,1,3,3,2,80,LOWER_BOUND,272,2,1,0,0,0,1,0,0,0,NA,0,false,30,30,2,2,0,0,0,0,false,0,false,false,true,false,11178660902066404411,3964241584879419681,true
f1-aa-spacing-s211-m0-r0-t3-c2-l0-d2-tr0-a2,CJ-E,micro,same_source_bursts,15217280636213288536,211,false,false,3,2,0,2,0,2,false,false,0,9,1,2,2,2,80,LOWER_BOUND,160,1,0,0,0,0,0,0,0,0,NA,0,false,0,0,0,0,0,0,0,0,false,0,false,false,true,false,15081351344736587591,5205616211047237933,true
f1-ab-distinct-s211-m0-r0-t3-c2-l0-d2-tr0-a2,CJ-E,micro,same_source_bursts,15039334295609344492,211,false,false,3,2,0,2,0,2,true,false,0,18,1,3,3,2,80,LOWER_BOUND,272,2,1,0,0,0,1,0,0,0,NA,0,false,30,30,2,2,0,0,0,0,false,0,false,false,true,false,13129745145760861969,3964241584879419681,true
f1-aa-spacing-s211-m0-r0-t3-c2-l0-d3-tr0-a2,CJ-E,micro,same_source_bursts,9065737735506656004,211,false,false,3,2,0,3,0,2,false,false,0,9,1,2,2,2,80,LOWER_BOUND,160,1,0,0,0,0,0,0,0,0,NA,0,false,0,0,0,0,0,0,0,0,false,0,false,false,true,false,5233554272200963608,5205616211047237933,true
f1-ab-distinct-s211-m0-r0-t3-c2-l0-d3-tr0-a2,CJ-E,micro,same_source_bursts,9704117368550994692,211,false,false,3,2,0,3,0,2,true,false,0,18,1,3,3,2,80,LOWER_BOUND,272,2,1,0,0,0,1,0,0,0,NA,0,false,30,30,2,2,0,0,0,0,false,0,false,false,true,false,9790145792737906247,3964241584879419681,true
f1-aa-spacing-s211-m0-r0-t3-c2-l0-d4-tr0-a2,CJ-E,micro,same_source_bursts,4950823649358639484,211,false,false,3,2,0,4,0,2,false,false,0,9,1,2,2,2,80,LOWER_BOUND,160,1,0,0,0,0,0,0,0,0,NA,0,false,0,0,0,0,0,0,0,0,false,0,false,false,true,false,11622538562826400725,5205616211047237933,true
f1-ab-distinct-s211-m0-r0-t3-c2-l0-d4-tr0-a2,CJ-E,micro,same_source_bursts,14626272782125950268,211,false,false,3,2,0,4,0,2,true,false,0,18,1,3,3,2,80,LOWER_BOUND,272,2,1,0,0,0,1,0,0,0,NA,0,false,30,30,2,2,0,0,0,0,false,0,false,false,true,false,16207150591206151865,3964241584879419681,true
f1-aa-spacing-s211-m0-r0-t3-c2-l0-d5-tr0-a2,CJ-E,micro,same_source_bursts,12956198434461582832,211,false,false,3,2,0,5,0,2,false,false,0,9,1,2,2,2,80,LOWER_BOUND,160,1,0,0,0,0,0,0,0,0,NA,0,false,0,0,0,0,0,0,0,0,false,0,false,false,true,false,12705075004862231366,5205616211047237933,true
f1-ab-distinct-s211-m0-r0-t3-c2-l0-d5-tr0-a2,CJ-E,micro,same_source_bursts,3892630969181515644,211,false,false,3,2,0,5,0,2,true,false,0,18,1,3,3,2,80,LOWER_BOUND,272,2,1,0,0,0,1,0,0,0,NA,0,false,30,30,2,2,0,0,0,0,false,0,false,false,true,false,1549670870974450571,3964241584879419681,true
f1-one-path-s211-m0-r0-t3-c2-l0-d1-tr0-a2,CJ-E,micro,same_source_bursts,4144852006714282433,211,false,false,3,2,0,1,0,2,false,false,0,41,2,5,5,2,80,LOWER_BOUND,272,2,1,0,0,1,3,0,1,1,NA,1,true,30,33,2,2,0,0,0,0,false,0,false,false,true,false,17168356294478384113,7241263798580861434,false
f1-a-burst-4-s211-m0-r0-t3-c2-l0-d4-tr0-a2,CJ-E,micro,same_source_bursts,16967983652970932504,211,false,false,3,2,0,4,0,2,false,false,0,29,2,4,4,2,80,LOWER_BOUND,272,2,1,0,0,1,2,0,0,0,NA,0,false,30,33,2,2,0,0,0,0,false,0,false,false,true,false,9134685065026134013,7241263798580861434,true
f2-one-strong-s211-m0-r0-t3-c2-l0-d0-tr0-a2,CJ-E,micro,amplitude_vs_multiplicity,15581787509057583602,211,false,false,3,2,0,0,0,2,false,false,0,4,0,1,1,1,40,LOWER_BOUND,160,1,0,0,0,0,0,0,0,0,NA,0,false,0,0,0,0,0,0,0,0,false,0,false,false,true,false,11571423653348063439,5205616211047237933,true
f2-two-weak-distinct-s211-m0-r0-t3-c2-l0-d0-tr0-a2,CJ-E,micro,amplitude_vs_multiplicity,18160146066925121291,211,false,false,3,2,0,0,0,2,true,true,0,19,1,3,3,2,80,LOWER_BOUND,160,1,0,0,0,0,1,0,1,1,NA,1,false,0,0,0,0,0,0,0,0,false,0,false,false,true,false,5135469056849797188,5205616211047237933,true
f2-two-weak-same-s211-m0-r0-t3-c2-l0-d0-tr0-a2,CJ-E,micro,amplitude_vs_multiplicity,18051798241944066555,211,false,false,3,2,0,0,0,2,false,false,0,19,1,3,3,2,80,LOWER_BOUND,160,1,0,0,0,0,1,0,1,1,NA,1,true,0,0,0,0,0,0,0,0,false,0,false,false,true,false,5135469056849797188,5205616211047237933,false
f2-asymmetric-distinct-s211-m0-r0-t3-c2-l0-d0-tr0-a2,CJ-E,micro,amplitude_vs_multiplicity,1859799615421252404,211,false,false,3,2,0,0,0,2,true,true,0,19,1,3,3,2,80,LOWER_BOUND,160,1,0,0,0,0,1,0,1,1,NA,1,false,0,0,0,0,0,0,0,0,false,0,false,false,true,false,5135469056849797188,5205616211047237933,true
f3-direct-return-s211-m0-r0-t3-c2-l0-d0-tr0-a2,CJ-E,micro,dense_return_topology,9160906672457836676,211,false,false,3,2,0,0,0,2,true,true,33,16,1,6,6,2,80,LOWER_BOUND,384,3,2,0,0,2,3,0,1,1,NA,1,false,3,6,2,2,0,0,0,0,true,0,false,false,true,false,2012126341749942014,17705240831733868718,true
f3-crossed-return-s211-m0-r0-t3-c2-l0-d0-tr0-a2,CJ-E,micro,dense_return_topology,9310804215151321326,211,false,false,3,2,0,0,0,2,true,true,33,16,1,6,6,2,80,LOWER_BOUND,384,3,2,0,0,1,3,1,1,1,NA,1,false,3,2,2,2,0,0,0,0,true,0,false,false,true,false,17128946588030496645,4043943283684317370,true
f3-no-return-s211-m0-r0-t3-c2-l0-d0-tr0-a2,CJ-E,micro,dense_return_topology,7187138831708881296,211,false,false,3,2,0,0,0,2,true,true,33,2,1,4,4,2,80,LOWER_BOUND,384,3,2,0,0,0,2,2,1,1,NA,1,false,3,2,2,2,0,0,0,0,true,0,false,false,true,false,11593718521514023276,486154281054375022,true
f3-direct-return-s211-m0-r0-t3-c2-l0-d0-tr0-a6,CJ-E,micro,dense_return_topology,442118047303151060,211,false,false,3,2,0,0,0,6,true,true,45,20,1,6,6,2,80,LOWER_BOUND,832,7,2,0,0,2,3,0,1,1,NA,1,false,3,6,2,2,0,0,0,0,true,0,false,false,true,false,15177749649685729850,8432175648596010046,true
f3-crossed-return-s211-m0-r0-t3-c2-l0-d0-tr0-a6,CJ-E,micro,dense_return_topology,546575998162541054,211,false,false,3,2,0,0,0,6,true,true,45,20,1,6,6,2,80,LOWER_BOUND,832,7,2,0,0,1,3,1,1,1,NA,1,false,3,2,2,2,0,0,0,0,true,0,false,false,true,false,18071449526015184113,3894317316098711090,true
f3-no-return-s211-m0-r0-t3-c2-l0-d0-tr0-a6,CJ-E,micro,dense_return_topology,9821071358793742368,211,false,false,3,2,0,0,0,6,true,true,45,2,1,4,4,2,80,LOWER_BOUND,832,7,2,0,0,0,2,2,1,1,NA,1,false,3,2,2,2,0,0,0,0,true,0,false,false,true,false,1728767790547909524,5686759477047455118,true
f4-transfer-s211-m0-r0-t3-c2-l0-d-1-tr0-a2,CJ-E,micro,timing_transfer,17525394973218289142,211,false,false,3,2,0,-1,0,2,true,false,0,19,2,3,3,2,80,LOWER_BOUND,272,2,1,0,0,0,1,0,0,0,NA,0,false,30,30,2,2,0,0,0,0,false,0,false,false,true,false,12572784700858985715,3964241584879419681,true
f4-transfer-s211-m0-r0-t3-c2-l0-d0-tr0-a2,CJ-E,micro,timing_transfer,17243894611684399615,211,false,false,3,2,0,0,0,2,true,true,0,30,1,4,4,2,80,LOWER_BOUND,272,2,1,0,0,0,2,0,1,1,NA,1,false,30,30,2,2,0,0,0,1,false,0,false,false,true,false,3484349797747902114,3964241584879419681,true
f4-transfer-s211-m0-r0-t3-c2-l0-d1-tr0-a2,CJ-E,micro,timing_transfer,2356622294828245138,211,false,false,3,2,0,1,0,2,true,false,0,18,1,3,3,2,80,LOWER_BOUND,272,2,1,0,0,0,1,0,0,0,NA,0,false,30,30,2,2,0,0,0,0,false,0,false,false,true,false,11178660902066404411,3964241584879419681,true
f4-transfer-s211-m0-r0-t3-c2-l0-d2-tr0-a2,CJ-E,micro,timing_transfer,7934189876374210952,211,false,false,3,2,0,2,0,2,true,false,0,18,1,3,3,2,80,LOWER_BOUND,272,2,1,0,0,0,1,0,0,0,NA,0,false,30,30,2,2,0,0,0,0,false,0,false,false,true,false,13129745145760861969,3964241584879419681,true
f4-transfer-s211-m0-r0-t3-c2-l0-d3-tr0-a2,CJ-E,micro,timing_transfer,10009457413335702666,211,false,false,3,2,0,3,0,2,true,false,0,18,1,3,3,2,80,LOWER_BOUND,272,2,1,0,0,0,1,0,0,0,NA,0,false,30,30,2,2,0,0,0,0,false,0,false,false,true,false,9790145792737906247,3964241584879419681,true
f4-transfer-s211-m0-r0-t3-c2-l0-d4-tr0-a2,CJ-E,micro,timing_transfer,18369339581686870988,211,false,false,3,2,0,4,0,2,true,false,0,18,1,3,3,2,80,LOWER_BOUND,272,2,1,0,0,0,1,0,0,0,NA,0,false,30,30,2,2,0,0,0,0,false,0,false,false,true,false,16207150591206151865,3964241584879419681,true
f4-transfer-s211-m0-r0-t3-c2-l0-d5-tr0-a2,CJ-E,micro,timing_transfer,1380650796642776282,211,false,false,3,2,0,5,0,2,true,false,0,18,1,3,3,2,80,LOWER_BOUND,272,2,1,0,0,0,1,0,0,0,NA,0,false,30,30,2,2,0,0,0,0,false,0,false,false,true,false,1549670870974450571,3964241584879419681,true
f4-transfer-s211-m0-r0-t3-c2-l0-d-1-tr2-a2,CJ-E,micro,timing_transfer,8091355469341067402,211,false,false,3,2,0,-1,2,2,true,false,0,19,2,3,3,2,80,LOWER_BOUND,272,2,1,0,0,0,1,0,0,0,NA,0,false,30,30,2,2,0,0,0,0,false,0,false,false,true,false,12572784700858985715,3964241584879419681,true
f4-transfer-s211-m0-r0-t3-c2-l0-d0-tr2-a2,CJ-E,micro,timing_transfer,2210163810598988783,211,false,false,3,2,0,0,2,2,true,true,0,30,1,4,4,2,80,LOWER_BOUND,272,2,1,0,0,0,2,0,1,1,NA,1,false,30,30,2,2,0,0,0,1,false,0,false,false,true,false,3484349797747902114,3964241584879419681,true
f4-transfer-s211-m0-r0-t3-c2-l0-d1-tr2-a2,CJ-E,micro,timing_transfer,11681347142168984454,211,false,false,3,2,0,1,2,2,true,false,0,18,1,3,3,2,80,LOWER_BOUND,272,2,1,0,0,0,1,0,0,0,NA,0,false,30,30,2,2,0,0,0,0,false,0,false,false,true,false,11178660902066404411,3964241584879419681,true
f4-transfer-s211-m0-r0-t3-c2-l0-d2-tr2-a2,CJ-E,micro,timing_transfer,11712200256427691832,211,false,false,3,2,0,2,2,2,true,false,0,18,1,3,3,2,80,LOWER_BOUND,272,2,1,0,0,0,1,0,0,0,NA,0,false,30,30,2,2,0,0,0,0,false,0,false,false,true,false,13129745145760861969,3964241584879419681,true
f4-transfer-s211-m0-r0-t3-c2-l0-d3-tr2-a2,CJ-E,micro,timing_transfer,3948099541902451142,211,false,false,3,2,0,3,2,2,true,false,0,18,1,3,3,2,80,LOWER_BOUND,272,2,1,0,0,0,1,0,0,0,NA,0,false,30,30,2,2,0,0,0,0,false,0,false,false,true,false,9790145792737906247,3964241584879419681,true
f4-transfer-s211-m0-r0-t3-c2-l0-d4-tr2-a2,CJ-E,micro,timing_transfer,15333132952401030844,211,false,false,3,2,0,4,2,2,true,false,0,18,1,3,3,2,80,LOWER_BOUND,272,2,1,0,0,0,1,0,0,0,NA,0,false,30,30,2,2,0,0,0,0,false,0,false,false,true,false,16207150591206151865,3964241584879419681,true
f4-transfer-s211-m0-r0-t3-c2-l0-d5-tr2-a2,CJ-E,micro,timing_transfer,13686456540861659398,211,false,false,3,2,0,5,2,2,true,false,0,18,1,3,3,2,80,LOWER_BOUND,272,2,1,0,0,0,1,0,0,0,NA,0,false,30,30,2,2,0,0,0,0,false,0,false,false,true,false,1549670870974450571,3964241584879419681,true
f4-transfer-s211-m0-r0-t3-c2-l0-d-1-tr4-a2,CJ-E,micro,timing_transfer,564566606680079070,211,false,false,3,2,0,-1,4,2,true,false,0,19,2,3,3,2,80,LOWER_BOUND,272,2,1,0,0,0,1,0,0,0,NA,0,false,30,30,2,2,0,0,0,0,false,0,false,false,true,false,12572784700858985715,3964241584879419681,true
f4-transfer-s211-m0-r0-t3-c2-l0-d0-tr4-a2,CJ-E,micro,timing_transfer,3983086768355985823,211,false,false,3,2,0,0,4,2,true,true,0,30,1,4,4,2,80,LOWER_BOUND,272,2,1,0,0,0,2,0,1,1,NA,1,false,30,30,2,2,0,0,0,1,false,0,false,false,true,false,3484349797747902114,3964241584879419681,true
f4-transfer-s211-m0-r0-t3-c2-l0-d1-tr4-a2,CJ-E,micro,timing_transfer,7996758766668323170,211,false,false,3,2,0,1,4,2,true,false,0,18,1,3,3,2,80,LOWER_BOUND,272,2,1,0,0,0,1,0,0,0,NA,0,false,30,30,2,2,0,0,0,0,false,0,false,false,true,false,11178660902066404411,3964241584879419681,true
f4-transfer-s211-m0-r0-t3-c2-l0-d2-tr4-a2,CJ-E,micro,timing_transfer,542594132199682600,211,false,false,3,2,0,2,4,2,true,false,0,18,1,3,3,2,80,LOWER_BOUND,272,2,1,0,0,0,1,0,0,0,NA,0,false,30,30,2,2,0,0,0,0,false,0,false,false,true,false,13129745145760861969,3964241584879419681,true
f4-transfer-s211-m0-r0-t3-c2-l0-d3-tr4-a2,CJ-E,micro,timing_transfer,16447816255977880770,211,false,false,3,2,0,3,4,2,true,false,0,18,1,3,3,2,80,LOWER_BOUND,272,2,1,0,0,0,1,0,0,0,NA,0,false,30,30,2,2,0,0,0,0,false,0,false,false,true,false,9790145792737906247,3964241584879419681,true
f4-transfer-s211-m0-r0-t3-c2-l0-d4-tr4-a2,CJ-E,micro,timing_transfer,14952562016910290476,211,false,false,3,2,0,4,4,2,true,false,0,18,1,3,3,2,80,LOWER_BOUND,272,2,1,0,0,0,1,0,0,0,NA,0,false,30,30,2,2,0,0,0,0,false,0,false,false,true,false,16207150591206151865,3964241584879419681,true
f4-transfer-s211-m0-r0-t3-c2-l0-d5-tr4-a2,CJ-E,micro,timing_transfer,174448013231535466,211,false,false,3,2,0,5,4,2,true,false,0,18,1,3,3,2,80,LOWER_BOUND,272,2,1,0,0,0,1,0,0,0,NA,0,false,30,30,2,2,0,0,0,0,false,0,false,false,true,false,1549670870974450571,3964241584879419681,true
ctl-initial-ab-s211-m0-r0-t3-c2-l0-d0-tr0-a2,CJ-E,micro,shared_control,9440399898558627108,211,false,false,3,2,0,0,0,2,true,true,45,31,2,10,10,2,80,LOWER_BOUND,272,2,1,0,0,3,5,0,1,2,NA,2,false,30,36,2,2,0,0,0,1,false,0,true,false,true,false,16512609142364239733,3776511094884861358,true
ctl-initial-cd-s211-m0-r0-t3-c2-l0-d0-tr0-a2,CJ-E,micro,shared_control,3760351002779593488,211,false,false,3,2,0,0,0,2,true,true,45,31,2,10,10,2,80,LOWER_BOUND,272,2,1,0,0,3,5,0,1,2,NA,2,false,30,36,2,2,0,0,0,1,false,0,true,false,true,false,16512609142364239733,3776511094884861358,true
ctl-crossed-ad-s211-m0-r0-t3-c2-l0-d0-tr0-a2,CJ-E,micro,shared_control,912205427309481492,211,false,false,3,2,0,0,0,2,false,false,0,13,0,2,2,1,40,LOWER_BOUND,272,2,1,0,0,0,1,0,0,0,NA,0,false,30,30,2,2,0,0,0,0,false,0,false,false,true,false,6164725592396408208,3964241584879419681,true
ctl-crossed-cb-s211-m0-r0-t3-c2-l0-d0-tr0-a2,CJ-E,micro,shared_control,10420015239686948828,211,false,false,3,2,0,0,0,2,false,false,0,13,0,2,2,1,40,LOWER_BOUND,272,2,1,0,0,0,1,0,0,0,NA,0,false,30,30,2,2,0,0,0,0,false,0,false,false,true,false,6164725592396408208,3964241584879419681,true
ctl-singleton-s211-m0-r0-t3-c2-l0-d0-tr0-a2,CJ-E,micro,shared_control,6467547914085811634,211,false,false,3,2,0,0,0,2,false,false,0,13,0,2,2,1,40,LOWER_BOUND,272,2,1,0,0,0,1,0,0,0,NA,0,false,30,30,2,2,0,0,0,0,false,0,false,false,true,false,6164725592396408208,3964241584879419681,true
ctl-old-self-evidence-s211-m0-r0-t3-c2-l0-d0-tr0-a6,CJ-E,micro,shared_control,7843846713661123435,211,false,false,3,2,0,0,0,6,true,true,45,2,1,4,4,2,80,LOWER_BOUND,832,7,2,0,0,0,2,2,1,1,NA,1,false,3,2,2,2,0,0,0,0,true,0,false,false,true,false,1728767790547909524,5686759477047455118,true
ctl-blocked-return-s211-m0-r0-t3-c2-l0-d0-tr0-a6,CJ-E,micro,shared_control,17349172741690164062,211,false,false,3,2,0,0,0,6,true,true,45,2,1,4,4,2,80,LOWER_BOUND,832,7,2,0,0,0,2,2,1,1,NA,1,false,3,2,2,2,0,0,0,0,true,0,false,false,true,false,1728767790547909524,5686759477047455118,true
ctl-stale-s211-m0-r0-t3-c2-l0-d0-tr0-a2,CJ-E,micro,shared_control,9621502273726303842,211,false,false,3,2,0,0,0,2,false,false,0,17,1,3,3,2,80,LOWER_BOUND,160,1,0,0,1,0,1,1,0,0,NA,1,false,1,0,2,0,0,0,0,0,false,0,false,false,true,false,668232483207819281,18279931801320256691,true
ctl-deallocation-bootstrap-s211-m0-r0-t3-c2-l0-d0-tr0-a2,CJ-E,micro,shared_control,10882102384520923075,211,false,false,3,2,0,0,0,2,false,false,2,14,0,2,2,1,40,LOWER_BOUND,224,2,1,1,1,0,1,1,0,0,NA,0,false,1,1,1,1,0,2,14,0,false,0,false,false,true,false,5581720647725420186,6078890198235491687,true
ctl-ambiguity-s211-m0-r0-t3-c2-l0-d0-tr0-a2,CJ-E,micro,shared_control,14312515532955457212,211,false,false,3,2,0,0,0,2,true,true,0,80,10,8,8,4,160,LOWER_BOUND,544,4,0,0,0,0,4,0,0,2,NA,2,false,0,0,0,0,0,0,0,0,false,0,false,false,true,false,12468818474630635334,954968632050354876,true
ctl-recursion-s211-m0-r0-t3-c2-l0-d0-tr0-a2,CJ-E,micro,shared_control,16595891881360913513,211,false,false,3,2,0,0,0,2,true,true,0,71,6,8,8,4,160,LOWER_BOUND,496,4,0,0,0,0,4,0,3,1,NA,1,false,0,0,0,0,0,0,0,0,false,3,false,false,true,false,8524943771727728581,3212242917835486856,true
ctl-replay-s211-m0-r0-t3-c2-l0-d0-tr0-a2,CJ-E,micro,shared_control,16790818713412517470,211,false,false,3,2,0,0,0,2,true,true,0,30,1,4,4,2,80,LOWER_BOUND,272,2,1,0,0,0,2,0,1,1,NA,1,false,30,30,2,2,0,0,0,1,false,0,false,true,true,false,3484349797747902114,3964241584879419681,true
f1-aa-same-tick-s211-m0-r0-t3-c2-l4-d0-tr0-a2,CJ-E,micro,same_source_bursts,13452501026810458508,211,false,false,3,2,4,0,0,2,false,false,0,19,1,3,3,2,80,LOWER_BOUND,352,1,0,0,0,0,1,0,1,1,NA,1,true,0,0,0,0,0,0,0,0,false,0,false,false,true,false,5392766836800199306,8778097628411110095,false
f1-aa-spacing-s211-m0-r0-t3-c2-l4-d-1-tr0-a2,CJ-E,micro,same_source_bursts,7967684067147327904,211,false,false,3,2,4,-1,0,2,false,false,0,9,1,2,2,2,80,LOWER_BOUND,352,1,0,0,0,0,0,0,0,0,NA,0,false,0,0,0,0,0,0,0,0,false,0,false,false,true,false,11904518578218922436,8778097628411110095,true
f1-ab-distinct-s211-m0-r0-t3-c2-l4-d-1-tr0-a2,CJ-E,micro,same_source_bursts,12209282090561976026,211,false,false,3,2,4,-1,0,2,true,false,0,19,2,3,3,2,80,LOWER_BOUND,272,2,1,0,0,0,1,0,0,0,NA,0,false,30,30,2,2,0,0,0,0,false,0,false,false,true,false,12572784700858985715,3964241584879419681,true
f1-aa-spacing-s211-m0-r0-t3-c2-l4-d0-tr0-a2,CJ-E,micro,same_source_bursts,15982721291590735236,211,false,false,3,2,4,0,0,2,false,false,0,19,1,3,3,2,80,LOWER_BOUND,352,1,0,0,0,0,1,0,1,1,NA,1,true,0,0,0,0,0,0,0,0,false,0,false,false,true,false,5392766836800199306,8778097628411110095,false
f1-ab-distinct-s211-m0-r0-t3-c2-l4-d0-tr0-a2,CJ-E,micro,same_source_bursts,17569540326483025519,211,false,false,3,2,4,0,0,2,true,true,0,30,1,4,4,2,80,LOWER_BOUND,272,2,1,0,0,0,2,0,1,1,NA,1,false,30,30,2,2,0,0,0,1,false,0,false,false,true,false,3484349797747902114,3964241584879419681,true
f1-aa-spacing-s211-m0-r0-t3-c2-l4-d1-tr0-a2,CJ-E,micro,same_source_bursts,10951767233310318040,211,false,false,3,2,4,1,0,2,false,false,0,9,1,2,2,2,80,LOWER_BOUND,352,1,0,0,0,0,0,0,0,0,NA,0,false,0,0,0,0,0,0,0,0,false,0,false,false,true,false,11904518578218922436,8778097628411110095,true
f1-ab-distinct-s211-m0-r0-t3-c2-l4-d1-tr0-a2,CJ-E,micro,same_source_bursts,16953968301916245620,211,false,false,3,2,4,1,0,2,true,false,0,18,1,3,3,2,80,LOWER_BOUND,272,2,1,0,0,0,1,0,0,0,NA,0,false,30,30,2,2,0,0,0,0,false,0,false,false,true,false,11178660902066404411,3964241584879419681,true
f1-aa-spacing-s211-m0-r0-t3-c2-l4-d2-tr0-a2,CJ-E,micro,same_source_bursts,9309294939405376960,211,false,false,3,2,4,2,0,2,false,false,0,9,1,2,2,2,80,LOWER_BOUND,352,1,0,0,0,0,0,0,0,0,NA,0,false,0,0,0,0,0,0,0,0,false,0,false,false,true,false,2934261311812626761,8778097628411110095,true
f1-ab-distinct-s211-m0-r0-t3-c2-l4-d2-tr0-a2,CJ-E,micro,same_source_bursts,9396859790366424132,211,false,false,3,2,4,2,0,2,true,false,0,18,1,3,3,2,80,LOWER_BOUND,272,2,1,0,0,0,1,0,0,0,NA,0,false,30,30,2,2,0,0,0,0,false,0,false,false,true,false,13129745145760861969,3964241584879419681,true
f1-aa-spacing-s211-m0-r0-t3-c2-l4-d3-tr0-a2,CJ-E,micro,same_source_bursts,6623143335019620516,211,false,false,3,2,4,3,0,2,false,false,0,9,1,2,2,2,80,LOWER_BOUND,352,1,0,0,0,0,0,0,0,0,NA,0,false,0,0,0,0,0,0,0,0,false,0,false,false,true,false,18171221692497638558,8778097628411110095,true
f1-ab-distinct-s211-m0-r0-t3-c2-l4-d3-tr0-a2,CJ-E,micro,same_source_bursts,6762193081656722188,211,false,false,3,2,4,3,0,2,true,false,0,18,1,3,3,2,80,LOWER_BOUND,272,2,1,0,0,0,1,0,0,0,NA,0,false,30,30,2,2,0,0,0,0,false,0,false,false,true,false,9790145792737906247,3964241584879419681,true
f1-aa-spacing-s211-m0-r0-t3-c2-l4-d4-tr0-a2,CJ-E,micro,same_source_bursts,7257062279891102492,211,false,false,3,2,4,4,0,2,false,false,0,9,1,2,2,2,80,LOWER_BOUND,352,1,0,0,0,0,0,0,0,0,NA,0,false,0,0,0,0,0,0,0,0,false,0,false,false,true,false,15461595241727713203,8778097628411110095,true
f1-ab-distinct-s211-m0-r0-t3-c2-l4-d4-tr0-a2,CJ-E,micro,same_source_bursts,11890970546979619924,211,false,false,3,2,4,4,0,2,true,false,0,18,1,3,3,2,80,LOWER_BOUND,272,2,1,0,0,0,1,0,0,0,NA,0,false,30,30,2,2,0,0,0,0,false,0,false,false,true,false,16207150591206151865,3964241584879419681,true
f1-aa-spacing-s211-m0-r0-t3-c2-l4-d5-tr0-a2,CJ-E,micro,same_source_bursts,15036263685174545720,211,false,false,3,2,4,5,0,2,false,false,0,9,1,2,2,2,80,LOWER_BOUND,352,1,0,0,0,0,0,0,0,0,NA,0,false,0,0,0,0,0,0,0,0,false,0,false,false,true,false,16260489430924420904,8778097628411110095,true
f1-ab-distinct-s211-m0-r0-t3-c2-l4-d5-tr0-a2,CJ-E,micro,same_source_bursts,3939918336252982132,211,false,false,3,2,4,5,0,2,true,false,0,18,1,3,3,2,80,LOWER_BOUND,272,2,1,0,0,0,1,0,0,0,NA,0,false,30,30,2,2,0,0,0,0,false,0,false,false,true,false,1549670870974450571,3964241584879419681,true
f1-one-path-s211-m0-r0-t3-c2-l4-d1-tr0-a2,CJ-E,micro,same_source_bursts,15289437464269274337,211,false,false,3,2,4,1,0,2,false,false,0,41,2,5,5,2,80,LOWER_BOUND,272,2,1,0,0,1,3,0,1,1,NA,1,true,30,33,2,2,0,0,0,0,false,0,false,false,true,false,17168356294478384113,7241263798580861434,false
f1-a-burst-4-s211-m0-r0-t3-c2-l4-d4-tr0-a2,CJ-E,micro,same_source_bursts,14892988028597579992,211,false,false,3,2,4,4,0,2,false,false,0,29,2,4,4,2,80,LOWER_BOUND,272,2,1,0,0,1,2,0,0,0,NA,0,false,30,33,2,2,0,0,0,0,false,0,false,false,true,false,9134685065026134013,7241263798580861434,true
f2-one-strong-s211-m0-r0-t3-c2-l4-d0-tr0-a2,CJ-E,micro,amplitude_vs_multiplicity,12848436749591445562,211,false,false,3,2,4,0,0,2,false,false,0,4,0,1,1,1,40,LOWER_BOUND,352,1,0,0,0,0,0,0,0,0,NA,0,false,0,0,0,0,0,0,0,0,false,0,false,false,true,false,5512054364470992149,8778097628411110095,true
f2-two-weak-distinct-s211-m0-r0-t3-c2-l4-d0-tr0-a2,CJ-E,micro,amplitude_vs_multiplicity,2075474703469813995,211,false,false,3,2,4,0,0,2,true,true,0,19,1,3,3,2,80,LOWER_BOUND,352,1,0,0,0,0,1,0,1,1,NA,1,false,0,0,0,0,0,0,0,0,false,0,false,false,true,false,5392766836800199306,8778097628411110095,true
f2-two-weak-same-s211-m0-r0-t3-c2-l4-d0-tr0-a2,CJ-E,micro,amplitude_vs_multiplicity,6767949568265203667,211,false,false,3,2,4,0,0,2,false,false,0,19,1,3,3,2,80,LOWER_BOUND,352,1,0,0,0,0,1,0,1,1,NA,1,true,0,0,0,0,0,0,0,0,false,0,false,false,true,false,5392766836800199306,8778097628411110095,false
f2-asymmetric-distinct-s211-m0-r0-t3-c2-l4-d0-tr0-a2,CJ-E,micro,amplitude_vs_multiplicity,5115319352028493276,211,false,false,3,2,4,0,0,2,true,true,0,19,1,3,3,2,80,LOWER_BOUND,352,1,0,0,0,0,1,0,1,1,NA,1,false,0,0,0,0,0,0,0,0,false,0,false,false,true,false,5392766836800199306,8778097628411110095,true
f3-direct-return-s211-m0-r0-t3-c2-l4-d0-tr0-a2,CJ-E,micro,dense_return_topology,2617732948109382332,211,false,false,3,2,4,0,0,2,true,true,87,16,23,10,10,6,240,LOWER_BOUND,576,3,2,0,0,2,3,0,1,1,NA,1,false,3,6,2,2,0,0,0,0,true,0,false,false,true,false,6886760161360445424,8070548127227719856,true
f3-crossed-return-s211-m0-r0-t3-c2-l4-d0-tr0-a2,CJ-E,micro,dense_return_topology,5977034564452888150,211,false,false,3,2,4,0,0,2,true,true,87,16,23,10,10,6,240,LOWER_BOUND,576,3,2,0,0,1,3,1,1,1,NA,1,false,3,2,2,2,0,0,0,0,true,0,false,false,true,false,16825367612121325683,7896477074037345540,true
f3-no-return-s211-m0-r0-t3-c2-l4-d0-tr0-a2,CJ-E,micro,dense_return_topology,13668050706988059864,211,false,false,3,2,4,0,0,2,true,true,87,2,23,8,8,6,240,LOWER_BOUND,576,3,2,0,0,0,2,2,1,1,NA,1,false,3,2,2,2,0,0,0,0,true,0,false,false,true,false,2059670262390553078,5131928921822569624,true
f3-direct-return-s211-m0-r0-t3-c2-l4-d0-tr0-a6,CJ-E,micro,dense_return_topology,11254521289520143116,211,false,false,3,2,4,0,0,6,true,true,115,20,23,10,10,6,240,LOWER_BOUND,1024,7,2,0,0,2,3,0,1,1,NA,1,false,3,6,2,2,0,0,0,0,true,0,false,false,true,false,10114849732652179956,8629953042901710872,true
f3-crossed-return-s211-m0-r0-t3-c2-l4-d0-tr0-a6,CJ-E,micro,dense_return_topology,10426364101092168262,211,false,false,3,2,4,0,0,6,true,true,115,20,23,10,10,6,240,LOWER_BOUND,1024,7,2,0,0,1,3,1,1,1,NA,1,false,3,2,2,2,0,0,0,0,true,0,false,false,true,false,6380223445288118351,18259309932496631156,true
f3-no-return-s211-m0-r0-t3-c2-l4-d0-tr0-a6,CJ-E,micro,dense_return_topology,8141719221650864424,211,false,false,3,2,4,0,0,6,true,true,115,2,23,8,8,6,240,LOWER_BOUND,1024,7,2,0,0,0,2,2,1,1,NA,1,false,3,2,2,2,0,0,0,0,true,0,false,false,true,false,14245981097002052078,9780011587207251712,true
f4-transfer-s211-m0-r0-t3-c2-l4-d-1-tr0-a2,CJ-E,micro,timing_transfer,5474403773828636038,211,false,false,3,2,4,-1,0,2,true,false,0,19,2,3,3,2,80,LOWER_BOUND,272,2,1,0,0,0,1,0,0,0,NA,0,false,30,30,2,2,0,0,0,0,false,0,false,false,true,false,12572784700858985715,3964241584879419681,true
f4-transfer-s211-m0-r0-t3-c2-l4-d0-tr0-a2,CJ-E,micro,timing_transfer,7339233653876208895,211,false,false,3,2,4,0,0,2,true,true,0,30,1,4,4,2,80,LOWER_BOUND,272,2,1,0,0,0,2,0,1,1,NA,1,false,30,30,2,2,0,0,0,1,false,0,false,false,true,false,3484349797747902114,3964241584879419681,true
f4-transfer-s211-m0-r0-t3-c2-l4-d1-tr0-a2,CJ-E,micro,timing_transfer,11605642609665047570,211,false,false,3,2,4,1,0,2,true,false,0,18,1,3,3,2,80,LOWER_BOUND,272,2,1,0,0,0,1,0,0,0,NA,0,false,30,30,2,2,0,0,0,0,false,0,false,false,true,false,11178660902066404411,3964241584879419681,true
f4-transfer-s211-m0-r0-t3-c2-l4-d2-tr0-a2,CJ-E,micro,timing_transfer,15502898158358364704,211,false,false,3,2,4,2,0,2,true,false,0,18,1,3,3,2,80,LOWER_BOUND,272,2,1,0,0,0,1,0,0,0,NA,0,false,30,30,2,2,0,0,0,0,false,0,false,false,true,false,13129745145760861969,3964241584879419681,true
f4-transfer-s211-m0-r0-t3-c2-l4-d3-tr0-a2,CJ-E,micro,timing_transfer,7821893626979739498,211,false,false,3,2,4,3,0,2,true,false,0,18,1,3,3,2,80,LOWER_BOUND,272,2,1,0,0,0,1,0,0,0,NA,0,false,30,30,2,2,0,0,0,0,false,0,false,false,true,false,9790145792737906247,3964241584879419681,true
f4-transfer-s211-m0-r0-t3-c2-l4-d4-tr0-a2,CJ-E,micro,timing_transfer,17933527054446952988,211,false,false,3,2,4,4,0,2,true,false,0,18,1,3,3,2,80,LOWER_BOUND,272,2,1,0,0,0,1,0,0,0,NA,0,false,30,30,2,2,0,0,0,0,false,0,false,false,true,false,16207150591206151865,3964241584879419681,true
f4-transfer-s211-m0-r0-t3-c2-l4-d5-tr0-a2,CJ-E,micro,timing_transfer,10444403478596102954,211,false,false,3,2,4,5,0,2,true,false,0,18,1,3,3,2,80,LOWER_BOUND,272,2,1,0,0,0,1,0,0,0,NA,0,false,30,30,2,2,0,0,0,0,false,0,false,false,true,false,1549670870974450571,3964241584879419681,true
f4-transfer-s211-m0-r0-t3-c2-l4-d-1-tr2-a2,CJ-E,micro,timing_transfer,8465821629164411450,211,false,false,3,2,4,-1,2,2,true,false,0,19,2,3,3,2,80,LOWER_BOUND,272,2,1,0,0,0,1,0,0,0,NA,0,false,30,30,2,2,0,0,0,0,false,0,false,false,true,false,12572784700858985715,3964241584879419681,true
f4-transfer-s211-m0-r0-t3-c2-l4-d0-tr2-a2,CJ-E,micro,timing_transfer,14252914248936456111,211,false,false,3,2,4,0,2,2,true,true,0,30,1,4,4,2,80,LOWER_BOUND,272,2,1,0,0,0,2,0,1,1,NA,1,false,30,30,2,2,0,0,0,1,false,0,false,false,true,false,3484349797747902114,3964241584879419681,true
f4-transfer-s211-m0-r0-t3-c2-l4-d1-tr2-a2,CJ-E,micro,timing_transfer,16544579600089258270,211,false,false,3,2,4,1,2,2,true,false,0,18,1,3,3,2,80,LOWER_BOUND,272,2,1,0,0,0,1,0,0,0,NA,0,false,30,30,2,2,0,0,0,0,false,0,false,false,true,false,11178660902066404411,3964241584879419681,true
f4-transfer-s211-m0-r0-t3-c2-l4-d2-tr2-a2,CJ-E,micro,timing_transfer,2346502067809376720,211,false,false,3,2,4,2,2,2,true,false,0,18,1,3,3,2,80,LOWER_BOUND,272,2,1,0,0,0,1,0,0,0,NA,0,false,30,30,2,2,0,0,0,0,false,0,false,false,true,false,13129745145760861969,3964241584879419681,true
f4-transfer-s211-m0-r0-t3-c2-l4-d3-tr2-a2,CJ-E,micro,timing_transfer,13037355431688086686,211,false,false,3,2,4,3,2,2,true,false,0,18,1,3,3,2,80,LOWER_BOUND,272,2,1,0,0,0,1,0,0,0,NA,0,false,30,30,2,2,0,0,0,0,false,0,false,false,true,false,9790145792737906247,3964241584879419681,true
f4-transfer-s211-m0-r0-t3-c2-l4-d4-tr2-a2,CJ-E,micro,timing_transfer,17604964866035581164,211,false,false,3,2,4,4,2,2,true,false,0,18,1,3,3,2,80,LOWER_BOUND,272,2,1,0,0,0,1,0,0,0,NA,0,false,30,30,2,2,0,0,0,0,false,0,false,false,true,false,16207150591206151865,3964241584879419681,true
f4-transfer-s211-m0-r0-t3-c2-l4-d5-tr2-a2,CJ-E,micro,timing_transfer,4567820811765036574,211,false,false,3,2,4,5,2,2,true,false,0,18,1,3,3,2,80,LOWER_BOUND,272,2,1,0,0,0,1,0,0,0,NA,0,false,30,30,2,2,0,0,0,0,false,0,false,false,true,false,1549670870974450571,3964241584879419681,true
f4-transfer-s211-m0-r0-t3-c2-l4-d-1-tr4-a2,CJ-E,micro,timing_transfer,8071239873202018094,211,false,false,3,2,4,-1,4,2,true,false,0,19,2,3,3,2,80,LOWER_BOUND,272,2,1,0,0,0,1,0,0,0,NA,0,false,30,30,2,2,0,0,0,0,false,0,false,false,true,false,12572784700858985715,3964241584879419681,true
f4-transfer-s211-m0-r0-t3-c2-l4-d0-tr4-a2,CJ-E,micro,timing_transfer,3501774422864779103,211,false,false,3,2,4,0,4,2,true,true,0,30,1,4,4,2,80,LOWER_BOUND,272,2,1,0,0,0,2,0,1,1,NA,1,false,30,30,2,2,0,0,0,1,false,0,false,false,true,false,3484349797747902114,3964241584879419681,true
f4-transfer-s211-m0-r0-t3-c2-l4-d1-tr4-a2,CJ-E,micro,timing_transfer,16601744666728316034,211,false,false,3,2,4,1,4,2,true,false,0,18,1,3,3,2,80,LOWER_BOUND,272,2,1,0,0,0,1,0,0,0,NA,0,false,30,30,2,2,0,0,0,0,false,0,false,false,true,false,11178660902066404411,3964241584879419681,true
f4-transfer-s211-m0-r0-t3-c2-l4-d2-tr4-a2,CJ-E,micro,timing_transfer,17832227377828429792,211,false,false,3,2,4,2,4,2,true,false,0,18,1,3,3,2,80,LOWER_BOUND,272,2,1,0,0,0,1,0,0,0,NA,0,false,30,30,2,2,0,0,0,0,false,0,false,false,true,false,13129745145760861969,3964241584879419681,true
f4-transfer-s211-m0-r0-t3-c2-l4-d3-tr4-a2,CJ-E,micro,timing_transfer,9165023214385170546,211,false,false,3,2,4,3,4,2,true,false,0,18,1,3,3,2,80,LOWER_BOUND,272,2,1,0,0,0,1,0,0,0,NA,0,false,30,30,2,2,0,0,0,0,false,0,false,false,true,false,9790145792737906247,3964241584879419681,true
f4-transfer-s211-m0-r0-t3-c2-l4-d4-tr4-a2,CJ-E,micro,timing_transfer,965853705164566076,211,false,false,3,2,4,4,4,2,true,false,0,18,1,3,3,2,80,LOWER_BOUND,272,2,1,0,0,0,1,0,0,0,NA,0,false,30,30,2,2,0,0,0,0,false,0,false,false,true,false,16207150591206151865,3964241584879419681,true
f4-transfer-s211-m0-r0-t3-c2-l4-d5-tr4-a2,CJ-E,micro,timing_transfer,16655193809644314138,211,false,false,3,2,4,5,4,2,true,false,0,18,1,3,3,2,80,LOWER_BOUND,272,2,1,0,0,0,1,0,0,0,NA,0,false,30,30,2,2,0,0,0,0,false,0,false,false,true,false,1549670870974450571,3964241584879419681,true
ctl-initial-ab-s211-m0-r0-t3-c2-l4-d0-tr0-a2,CJ-E,micro,shared_control,5680789095963134788,211,false,false,3,2,4,0,0,2,true,true,45,31,2,10,10,2,80,LOWER_BOUND,272,2,1,0,0,3,5,0,1,2,NA,2,false,30,36,2,2,0,0,0,1,false,0,true,false,true,false,16512609142364239733,3776511094884861358,true
ctl-initial-cd-s211-m0-r0-t3-c2-l4-d0-tr0-a2,CJ-E,micro,shared_control,8543088559846418352,211,false,false,3,2,4,0,0,2,true,true,45,31,2,10,10,2,80,LOWER_BOUND,272,2,1,0,0,3,5,0,1,2,NA,2,false,30,36,2,2,0,0,0,1,false,0,true,false,true,false,16512609142364239733,3776511094884861358,true
ctl-crossed-ad-s211-m0-r0-t3-c2-l4-d0-tr0-a2,CJ-E,micro,shared_control,129679055007774252,211,false,false,3,2,4,0,0,2,false,false,0,13,0,2,2,1,40,LOWER_BOUND,272,2,1,0,0,0,1,0,0,0,NA,0,false,30,30,2,2,0,0,0,0,false,0,false,false,true,false,6164725592396408208,3964241584879419681,true
ctl-crossed-cb-s211-m0-r0-t3-c2-l4-d0-tr0-a2,CJ-E,micro,shared_control,4460797173197372116,211,false,false,3,2,4,0,0,2,false,false,0,13,0,2,2,1,40,LOWER_BOUND,272,2,1,0,0,0,1,0,0,0,NA,0,false,30,30,2,2,0,0,0,0,false,0,false,false,true,false,6164725592396408208,3964241584879419681,true
ctl-singleton-s211-m0-r0-t3-c2-l4-d0-tr0-a2,CJ-E,micro,shared_control,9815984871208184026,211,false,false,3,2,4,0,0,2,false,false,0,13,0,2,2,1,40,LOWER_BOUND,272,2,1,0,0,0,1,0,0,0,NA,0,false,30,30,2,2,0,0,0,0,false,0,false,false,true,false,6164725592396408208,3964241584879419681,true
ctl-old-self-evidence-s211-m0-r0-t3-c2-l4-d0-tr0-a6,CJ-E,micro,shared_control,11518580353909833059,211,false,false,3,2,4,0,0,6,true,true,115,2,23,8,8,6,240,LOWER_BOUND,1024,7,2,0,0,0,2,2,1,1,NA,1,false,3,2,2,2,0,0,0,0,true,0,false,false,true,false,14245981097002052078,9780011587207251712,true
ctl-blocked-return-s211-m0-r0-t3-c2-l4-d0-tr0-a6,CJ-E,micro,shared_control,15731241737032322158,211,false,false,3,2,4,0,0,6,true,true,115,2,23,8,8,6,240,LOWER_BOUND,1024,7,2,0,0,0,2,2,1,1,NA,1,false,3,2,2,2,0,0,0,0,true,0,false,false,true,false,14245981097002052078,9780011587207251712,true
ctl-stale-s211-m0-r0-t3-c2-l4-d0-tr0-a2,CJ-E,micro,shared_control,4918511381259405074,211,false,false,3,2,4,0,0,2,false,false,0,17,1,3,3,2,80,LOWER_BOUND,160,1,0,0,1,0,1,1,0,0,NA,1,false,1,0,2,0,0,0,0,0,false,0,false,false,true,false,668232483207819281,18279931801320256691,true
ctl-deallocation-bootstrap-s211-m0-r0-t3-c2-l4-d0-tr0-a2,CJ-E,micro,shared_control,5066206174241312243,211,false,false,3,2,4,0,0,2,false,false,2,14,0,2,2,1,40,LOWER_BOUND,224,2,1,1,1,0,1,1,0,0,NA,0,false,1,1,1,1,0,2,14,0,false,0,false,false,true,false,5581720647725420186,6078890198235491687,true
ctl-ambiguity-s211-m0-r0-t3-c2-l4-d0-tr0-a2,CJ-E,micro,shared_control,13601028450270306804,211,false,false,3,2,4,0,0,2,true,true,0,80,10,8,8,4,160,LOWER_BOUND,544,4,0,0,0,0,4,0,0,2,NA,2,false,0,0,0,0,0,0,0,0,false,0,false,false,true,false,12468818474630635334,954968632050354876,true
ctl-recursion-s211-m0-r0-t3-c2-l4-d0-tr0-a2,CJ-E,micro,shared_control,12838520330094456153,211,false,false,3,2,4,0,0,2,true,true,0,71,6,8,8,4,160,LOWER_BOUND,496,4,0,0,0,0,4,0,3,1,NA,1,false,0,0,0,0,0,0,0,0,false,3,false,false,true,false,8524943771727728581,3212242917835486856,true
ctl-replay-s211-m0-r0-t3-c2-l4-d0-tr0-a2,CJ-E,micro,shared_control,4759372951139960150,211,false,false,3,2,4,0,0,2,true,true,0,30,1,4,4,2,80,LOWER_BOUND,272,2,1,0,0,0,2,0,1,1,NA,1,false,30,30,2,2,0,0,0,1,false,0,false,true,true,false,3484349797747902114,3964241584879419681,true
f1-aa-same-tick-s211-m1-r1-t2-c1-l0-d0-tr0-a2,CJ-E,micro,same_source_bursts,17896458944377996804,211,true,true,2,1,0,0,0,2,false,false,0,19,1,3,3,2,80,LOWER_BOUND,160,1,0,0,0,0,1,0,1,1,NA,1,true,0,0,0,0,0,0,0,0,false,0,false,false,true,false,7440941286754987249,6823850466113158068,false
f1-aa-spacing-s211-m1-r1-t2-c1-l0-d-1-tr0-a2,CJ-E,micro,same_source_bursts,11659402095676793036,211,true,true,2,1,0,-1,0,2,false,false,0,9,1,2,2,2,80,LOWER_BOUND,160,1,0,0,0,0,0,0,0,0,NA,0,false,0,0,0,0,0,0,0,0,false,0,false,false,true,false,16543990107418226636,6823850466113158068,true
f1-ab-distinct-s211-m1-r1-t2-c1-l0-d-1-tr0-a2,CJ-E,micro,same_source_bursts,11047496635488014286,211,true,true,2,1,0,-1,0,2,true,false,0,19,2,3,3,2,80,LOWER_BOUND,272,2,1,0,0,0,1,0,0,0,NA,0,false,30,30,1,1,0,0,0,0,false,0,false,false,true,false,10128378099036865566,1136970615767748769,true
f1-aa-spacing-s211-m1-r1-t2-c1-l0-d0-tr0-a2,CJ-E,micro,same_source_bursts,4823931545454944272,211,true,true,2,1,0,0,0,2,false,false,0,19,1,3,3,2,80,LOWER_BOUND,160,1,0,0,0,0,1,0,1,1,NA,1,true,0,0,0,0,0,0,0,0,false,0,false,false,true,false,7440941286754987249,6823850466113158068,false
f1-ab-distinct-s211-m1-r1-t2-c1-l0-d0-tr0-a2,CJ-E,micro,same_source_bursts,4188306352578654979,211,true,true,2,1,0,0,0,2,true,true,0,30,1,4,4,2,80,LOWER_BOUND,272,2,1,0,0,0,2,0,1,1,NA,1,false,30,30,1,1,0,0,0,1,false,0,false,false,true,false,489042102814161154,1136970615767748769,true
f1-aa-spacing-s211-m1-r1-t2-c1-l0-d1-tr0-a2,CJ-E,micro,same_source_bursts,5015124089980798976,211,true,true,2,1,0,1,0,2,false,false,0,9,1,2,2,2,80,LOWER_BOUND,160,1,0,0,0,0,0,0,0,0,NA,0,false,0,0,0,0,0,0,0,0,false,0,false,false,true,false,16543990107418226636,6823850466113158068,true
f1-ab-distinct-s211-m1-r1-t2-c1-l0-d1-tr0-a2,CJ-E,micro,same_source_bursts,11261641360480000252,211,true,true,2,1,0,1,0,2,true,false,0,18,1,3,3,2,80,LOWER_BOUND,272,2,1,0,0,0,1,0,0,0,NA,0,false,30,30,1,1,0,0,0,0,false,0,false,false,true,false,10598289731440342938,1136970615767748769,true
f1-aa-spacing-s211-m1-r1-t2-c1-l0-d2-tr0-a2,CJ-E,micro,same_source_bursts,10290978909494258316,211,true,true,2,1,0,2,0,2,false,false,0,9,1,2,2,2,80,LOWER_BOUND,160,1,0,0,0,0,0,0,0,0,NA,0,false,0,0,0,0,0,0,0,0,false,0,false,false,true,false,15533015237540543485,6823850466113158068,true
f1-ab-distinct-s211-m1-r1-t2-c1-l0-d2-tr0-a2,CJ-E,micro,same_source_bursts,15685766306707936808,211,true,true,2,1,0,2,0,2,true,false,0,18,1,3,3,2,80,LOWER_BOUND,272,2,1,0,0,0,1,0,0,0,NA,0,false,30,30,1,1,0,0,0,0,false,0,false,false,true,false,8668860493536392316,1136970615767748769,true
f1-aa-spacing-s211-m1-r1-t2-c1-l0-d3-tr0-a2,CJ-E,micro,same_source_bursts,6862227347779291540,211,true,true,2,1,0,3,0,2,false,false,0,9,1,2,2,2,80,LOWER_BOUND,160,1,0,0,0,0,0,0,0,0,NA,0,false,0,0,0,0,0,0,0,0,false,0,false,false,true,false,2413143593670944710,6823850466113158068,true
f1-ab-distinct-s211-m1-r1-t2-c1-l0-d3-tr0-a2,CJ-E,micro,same_source_bursts,2902196926680649236,211,true,true,2,1,0,3,0,2,true,false,0,18,1,3,3,2,80,LOWER_BOUND,272,2,1,0,0,0,1,0,0,0,NA,0,false,30,30,1,1,0,0,0,0,false,0,false,false,true,false,11308137289358369266,1136970615767748769,true
f1-aa-spacing-s211-m1-r1-t2-c1-l0-d4-tr0-a2,CJ-E,micro,same_source_bursts,5735283426233544208,211,true,true,2,1,0,4,0,2,false,false,0,9,1,2,2,2,80,LOWER_BOUND,160,1,0,0,0,0,0,0,0,0,NA,0,false,0,0,0,0,0,0,0,0,false,0,false,false,true,false,9457884271692493095,6823850466113158068,true
f1-ab-distinct-s211-m1-r1-t2-c1-l0-d4-tr0-a2,CJ-E,micro,same_source_bursts,7284986428910246312,211,true,true,2,1,0,4,0,2,true,false,0,18,1,3,3,2,80,LOWER_BOUND,272,2,1,0,0,0,1,0,0,0,NA,0,false,30,30,1,1,0,0,0,0,false,0,false,false,true,false,17511452232180036088,1136970615767748769,true
f1-aa-spacing-s211-m1-r1-t2-c1-l0-d5-tr0-a2,CJ-E,micro,same_source_bursts,6540509572722720128,211,true,true,2,1,0,5,0,2,false,false,0,9,1,2,2,2,80,LOWER_BOUND,160,1,0,0,0,0,0,0,0,0,NA,0,false,0,0,0,0,0,0,0,0,false,0,false,false,true,false,11805411490839696528,6823850466113158068,true
f1-ab-distinct-s211-m1-r1-t2-c1-l0-d5-tr0-a2,CJ-E,micro,same_source_bursts,11278009015044273836,211,true,true,2,1,0,5,0,2,true,false,0,18,1,3,3,2,80,LOWER_BOUND,272,2,1,0,0,0,1,0,0,0,NA,0,false,30,30,1,1,0,0,0,0,false,0,false,false,true,false,8870105373205444122,1136970615767748769,true
f1-one-path-s211-m1-r1-t2-c1-l0-d1-tr0-a2,CJ-E,micro,same_source_bursts,234862481390348797,211,true,true,2,1,0,1,0,2,false,false,0,29,2,4,4,2,80,LOWER_BOUND,272,2,1,0,0,1,2,0,0,0,NA,0,false,30,33,1,1,0,0,0,0,false,0,false,false,true,false,11380503021697267054,4413992829469190522,true
f1-a-burst-4-s211-m1-r1-t2-c1-l0-d4-tr0-a2,CJ-E,micro,same_source_bursts,1739822390153815788,211,true,true,2,1,0,4,0,2,false,false,0,29,2,4,4,2,80,LOWER_BOUND,272,2,1,0,0,1,2,0,0,0,NA,0,false,30,33,1,1,0,0,0,0,false,0,false,false,true,false,900813625385751036,4413992829469190522,true
f2-one-strong-s211-m1-r1-t2-c1-l0-d0-tr0-a2,CJ-E,micro,amplitude_vs_multiplicity,375674166626374262,211,true,true,2,1,0,0,0,2,false,false,0,4,0,1,1,1,40,LOWER_BOUND,160,1,0,0,0,0,0,0,0,0,NA,0,false,0,0,0,0,0,0,0,0,false,0,false,false,true,false,5034913118268646707,6823850466113158068,true
f2-two-weak-distinct-s211-m1-r1-t2-c1-l0-d0-tr0-a2,CJ-E,micro,amplitude_vs_multiplicity,16726677404079369899,211,true,true,2,1,0,0,0,2,true,true,0,19,1,3,3,2,80,LOWER_BOUND,160,1,0,0,0,0,1,0,1,1,NA,1,false,0,0,0,0,0,0,0,0,false,0,false,false,true,false,7440941286754987249,6823850466113158068,true
f2-two-weak-same-s211-m1-r1-t2-c1-l0-d0-tr0-a2,CJ-E,micro,amplitude_vs_multiplicity,8099550980884808415,211,true,true,2,1,0,0,0,2,false,false,0,19,1,3,3,2,80,LOWER_BOUND,160,1,0,0,0,0,1,0,1,1,NA,1,true,0,0,0,0,0,0,0,0,false,0,false,false,true,false,7440941286754987249,6823850466113158068,false
f2-asymmetric-distinct-s211-m1-r1-t2-c1-l0-d0-tr0-a2,CJ-E,micro,amplitude_vs_multiplicity,12456252297139886252,211,true,true,2,1,0,0,0,2,true,true,0,19,1,3,3,2,80,LOWER_BOUND,160,1,0,0,0,0,1,0,1,1,NA,1,false,0,0,0,0,0,0,0,0,false,0,false,false,true,false,7440941286754987249,6823850466113158068,true
f3-direct-return-s211-m1-r1-t2-c1-l0-d0-tr0-a2,CJ-E,micro,dense_return_topology,16024582210318065904,211,true,true,2,1,0,0,0,2,true,true,33,16,1,6,6,2,80,LOWER_BOUND,384,3,2,0,0,2,3,0,1,1,NA,1,false,3,6,1,2,0,0,0,0,true,0,false,false,true,false,6831504815424422969,7402930671760912685,true
f3-crossed-return-s211-m1-r1-t2-c1-l0-d0-tr0-a2,CJ-E,micro,dense_return_topology,5314836853403831210,211,true,true,2,1,0,0,0,2,true,true,33,16,1,6,6,2,80,LOWER_BOUND,384,3,2,0,0,1,3,1,1,1,NA,1,false,3,2,1,1,0,0,0,0,true,0,false,false,true,false,14416639673007039745,1739951151747875050,true
f3-no-return-s211-m1-r1-t2-c1-l0-d0-tr0-a2,CJ-E,micro,dense_return_topology,4812205095396169048,211,true,true,2,1,0,0,0,2,true,true,33,2,1,4,4,2,80,LOWER_BOUND,384,3,2,0,0,0,2,2,1,1,NA,1,false,3,2,1,1,0,0,0,0,true,0,false,false,true,false,915769940943378308,11134810799075659878,true
f3-direct-return-s211-m1-r1-t2-c1-l0-d0-tr0-a6,CJ-E,micro,dense_return_topology,4116635045060362616,211,true,true,2,1,0,0,0,6,true,true,45,20,1,6,6,2,80,LOWER_BOUND,832,7,2,0,0,2,3,0,1,1,NA,1,false,3,6,1,2,0,0,0,0,true,0,false,false,true,false,2307390726549467297,12350069579717216977,true
f3-crossed-return-s211-m1-r1-t2-c1-l0-d0-tr0-a6,CJ-E,micro,dense_return_topology,10426104081292811410,211,true,true,2,1,0,0,0,6,true,true,45,20,1,6,6,2,80,LOWER_BOUND,832,7,2,0,0,1,3,1,1,1,NA,1,false,3,2,1,1,0,0,0,0,true,0,false,false,true,false,4273349829407711229,6455263174186278450,true
f3-no-return-s211-m1-r1-t2-c1-l0-d0-tr0-a6,CJ-E,micro,dense_return_topology,15045209076618149736,211,true,true,2,1,0,0,0,6,true,true,45,2,1,4,4,2,80,LOWER_BOUND,832,7,2,0,0,0,2,2,1,1,NA,1,false,3,2,1,1,0,0,0,0,true,0,false,false,true,false,16213579402622754044,1061775234454160278,true
f4-transfer-s211-m1-r1-t2-c1-l0-d-1-tr0-a2,CJ-E,micro,timing_transfer,60575781899685830,211,true,true,2,1,0,-1,0,2,true,false,0,19,2,3,3,2,80,LOWER_BOUND,272,2,1,0,0,0,1,0,0,0,NA,0,false,30,30,1,1,0,0,0,0,false,0,false,false,true,false,10128378099036865566,1136970615767748769,true
f4-transfer-s211-m1-r1-t2-c1-l0-d0-tr0-a2,CJ-E,micro,timing_transfer,14980269407444732663,211,true,true,2,1,0,0,0,2,true,true,0,30,1,4,4,2,80,LOWER_BOUND,272,2,1,0,0,0,2,0,1,1,NA,1,false,30,30,1,1,0,0,0,1,false,0,false,false,true,false,489042102814161154,1136970615767748769,true
f4-transfer-s211-m1-r1-t2-c1-l0-d1-tr0-a2,CJ-E,micro,timing_transfer,8164540791224276066,211,true,true,2,1,0,1,0,2,true,false,0,18,1,3,3,2,80,LOWER_BOUND,272,2,1,0,0,0,1,0,0,0,NA,0,false,30,30,1,1,0,0,0,0,false,0,false,false,true,false,10598289731440342938,1136970615767748769,true
f4-transfer-s211-m1-r1-t2-c1-l0-d2-tr0-a2,CJ-E,micro,timing_transfer,13201519029001375152,211,true,true,2,1,0,2,0,2,true,false,0,18,1,3,3,2,80,LOWER_BOUND,272,2,1,0,0,0,1,0,0,0,NA,0,false,30,30,1,1,0,0,0,0,false,0,false,false,true,false,8668860493536392316,1136970615767748769,true
f4-transfer-s211-m1-r1-t2-c1-l0-d3-tr0-a2,CJ-E,micro,timing_transfer,14355894868691207562,211,true,true,2,1,0,3,0,2,true,false,0,18,1,3,3,2,80,LOWER_BOUND,272,2,1,0,0,0,1,0,0,0,NA,0,false,30,30,1,1,0,0,0,0,false,0,false,false,true,false,11308137289358369266,1136970615767748769,true
f4-transfer-s211-m1-r1-t2-c1-l0-d4-tr0-a2,CJ-E,micro,timing_transfer,15545845627823539700,211,true,true,2,1,0,4,0,2,true,false,0,18,1,3,3,2,80,LOWER_BOUND,272,2,1,0,0,0,1,0,0,0,NA,0,false,30,30,1,1,0,0,0,0,false,0,false,false,true,false,17511452232180036088,1136970615767748769,true
f4-transfer-s211-m1-r1-t2-c1-l0-d5-tr0-a2,CJ-E,micro,timing_transfer,196798188923159514,211,true,true,2,1,0,5,0,2,true,false,0,18,1,3,3,2,80,LOWER_BOUND,272,2,1,0,0,0,1,0,0,0,NA,0,false,30,30,1,1,0,0,0,0,false,0,false,false,true,false,8870105373205444122,1136970615767748769,true
f4-transfer-s211-m1-r1-t2-c1-l0-d-1-tr2-a2,CJ-E,micro,timing_transfer,14147242181654583554,211,true,true,2,1,0,-1,2,2,true,false,0,19,2,3,3,2,80,LOWER_BOUND,272,2,1,0,0,0,1,0,0,0,NA,0,false,30,30,1,1,0,0,0,0,false,0,false,false,true,false,10128378099036865566,1136970615767748769,true
f4-transfer-s211-m1-r1-t2-c1-l0-d0-tr2-a2,CJ-E,micro,timing_transfer,18333513270312760607,211,true,true,2,1,0,0,2,2,true,true,0,30,1,4,4,2,80,LOWER_BOUND,272,2,1,0,0,0,2,0,1,1,NA,1,false,30,30,1,1,0,0,0,1,false,0,false,false,true,false,489042102814161154,1136970615767748769,true
f4-transfer-s211-m1-r1-t2-c1-l0-d1-tr2-a2,CJ-E,micro,timing_transfer,386732301047548030,211,true,true,2,1,0,1,2,2,true,false,0,18,1,3,3,2,80,LOWER_BOUND,272,2,1,0,0,0,1,0,0,0,NA,0,false,30,30,1,1,0,0,0,0,false,0,false,false,true,false,10598289731440342938,1136970615767748769,true
f4-transfer-s211-m1-r1-t2-c1-l0-d2-tr2-a2,CJ-E,micro,timing_transfer,14136929473742863304,211,true,true,2,1,0,2,2,2,true,false,0,18,1,3,3,2,80,LOWER_BOUND,272,2,1,0,0,0,1,0,0,0,NA,0,false,30,30,1,1,0,0,0,0,false,0,false,false,true,false,8668860493536392316,1136970615767748769,true
f4-transfer-s211-m1-r1-t2-c1-l0-d3-tr2-a2,CJ-E,micro,timing_transfer,10670227115012068942,211,true,true,2,1,0,3,2,2,true,false,0,18,1,3,3,2,80,LOWER_BOUND,272,2,1,0,0,0,1,0,0,0,NA,0,false,30,30,1,1,0,0,0,0,false,0,false,false,true,false,11308137289358369266,1136970615767748769,true
f4-transfer-s211-m1-r1-t2-c1-l0-d4-tr2-a2,CJ-E,micro,timing_transfer,5793797025479742396,211,true,true,2,1,0,4,2,2,true,false,0,18,1,3,3,2,80,LOWER_BOUND,272,2,1,0,0,0,1,0,0,0,NA,0,false,30,30,1,1,0,0,0,0,false,0,false,false,true,false,17511452232180036088,1136970615767748769,true
f4-transfer-s211-m1-r1-t2-c1-l0-d5-tr2-a2,CJ-E,micro,timing_transfer,2483022380355071550,211,true,true,2,1,0,5,2,2,true,false,0,18,1,3,3,2,80,LOWER_BOUND,272,2,1,0,0,0,1,0,0,0,NA,0,false,30,30,1,1,0,0,0,0,false,0,false,false,true,false,8870105373205444122,1136970615767748769,true
f4-transfer-s211-m1-r1-t2-c1-l0-d-1-tr4-a2,CJ-E,micro,timing_transfer,14734449344091473190,211,true,true,2,1,0,-1,4,2,true,false,0,19,2,3,3,2,80,LOWER_BOUND,272,2,1,0,0,0,1,0,0,0,NA,0,false,30,30,1,1,0,0,0,0,false,0,false,false,true,false,10128378099036865566,1136970615767748769,true
f4-transfer-s211-m1-r1-t2-c1-l0-d0-tr4-a2,CJ-E,micro,timing_transfer,9275242177867948751,211,true,true,2,1,0,0,4,2,true,true,0,30,1,4,4,2,80,LOWER_BOUND,272,2,1,0,0,0,2,0,1,1,NA,1,false,30,30,1,1,0,0,0,1,false,0,false,false,true,false,489042102814161154,1136970615767748769,true
f4-transfer-s211-m1-r1-t2-c1-l0-d1-tr4-a2,CJ-E,micro,timing_transfer,4998970927963244650,211,true,true,2,1,0,1,4,2,true,false,0,18,1,3,3,2,80,LOWER_BOUND,272,2,1,0,0,0,1,0,0,0,NA,0,false,30,30,1,1,0,0,0,0,false,0,false,false,true,false,10598289731440342938,1136970615767748769,true
f4-transfer-s211-m1-r1-t2-c1-l0-d2-tr4-a2,CJ-E,micro,timing_transfer,11199646807869504248,211,true,true,2,1,0,2,4,2,true,false,0,18,1,3,3,2,80,LOWER_BOUND,272,2,1,0,0,0,1,0,0,0,NA,0,false,30,30,1,1,0,0,0,0,false,0,false,false,true,false,8668860493536392316,1136970615767748769,true
f4-transfer-s211-m1-r1-t2-c1-l0-d3-tr4-a2,CJ-E,micro,timing_transfer,12040941733814070458,211,true,true,2,1,0,3,4,2,true,false,0,18,1,3,3,2,80,LOWER_BOUND,272,2,1,0,0,0,1,0,0,0,NA,0,false,30,30,1,1,0,0,0,0,false,0,false,false,true,false,11308137289358369266,1136970615767748769,true
f4-transfer-s211-m1-r1-t2-c1-l0-d4-tr4-a2,CJ-E,micro,timing_transfer,11685499528602758844,211,true,true,2,1,0,4,4,2,true,false,0,18,1,3,3,2,80,LOWER_BOUND,272,2,1,0,0,0,1,0,0,0,NA,0,false,30,30,1,1,0,0,0,0,false,0,false,false,true,false,17511452232180036088,1136970615767748769,true
f4-transfer-s211-m1-r1-t2-c1-l0-d5-tr4-a2,CJ-E,micro,timing_transfer,11963322907341731986,211,true,true,2,1,0,5,4,2,true,false,0,18,1,3,3,2,80,LOWER_BOUND,272,2,1,0,0,0,1,0,0,0,NA,0,false,30,30,1,1,0,0,0,0,false,0,false,false,true,false,8870105373205444122,1136970615767748769,true
ctl-initial-ab-s211-m1-r1-t2-c1-l0-d0-tr0-a2,CJ-E,micro,shared_control,17521425138045469676,211,true,true,2,1,0,0,0,2,true,true,45,31,2,10,10,2,80,LOWER_BOUND,272,2,1,0,0,3,5,0,1,2,NA,2,false,30,36,1,1,0,0,0,1,false,0,true,false,true,false,5703652544191205845,949240125773190446,true
ctl-initial-cd-s211-m1-r1-t2-c1-l0-d0-tr0-a2,CJ-E,micro,shared_control,14861870786644515240,211,true,true,2,1,0,0,0,2,true,true,45,31,2,10,10,2,80,LOWER_BOUND,272,2,1,0,0,3,5,0,1,2,NA,2,false,30,36,1,1,0,0,0,1,false,0,true,false,true,false,5703652544191205845,949240125773190446,true
ctl-crossed-ad-s211-m1-r1-t2-c1-l0-d0-tr0-a2,CJ-E,micro,shared_control,9259418123857003576,211,true,true,2,1,0,0,0,2,false,false,0,13,0,2,2,1,40,LOWER_BOUND,272,2,1,0,0,0,1,0,0,0,NA,0,false,30,30,1,1,0,0,0,0,false,0,false,false,true,false,9933785349525352337,1136970615767748769,true
ctl-crossed-cb-s211-m1-r1-t2-c1-l0-d0-tr0-a2,CJ-E,micro,shared_control,18377638285872408064,211,true,true,2,1,0,0,0,2,false,false,0,13,0,2,2,1,40,LOWER_BOUND,272,2,1,0,0,0,1,0,0,0,NA,0,false,30,30,1,1,0,0,0,0,false,0,false,false,true,false,9933785349525352337,1136970615767748769,true
ctl-singleton-s211-m1-r1-t2-c1-l0-d0-tr0-a2,CJ-E,micro,shared_control,4265710351577591262,211,true,true,2,1,0,0,0,2,false,false,0,13,0,2,2,1,40,LOWER_BOUND,272,2,1,0,0,0,1,0,0,0,NA,0,false,30,30,1,1,0,0,0,0,false,0,false,false,true,false,9933785349525352337,1136970615767748769,true
ctl-old-self-evidence-s211-m1-r1-t2-c1-l0-d0-tr0-a6,CJ-E,micro,shared_control,11073590729382942543,211,true,true,2,1,0,0,0,6,true,true,45,2,1,4,4,2,80,LOWER_BOUND,832,7,2,0,0,0,2,2,1,1,NA,1,false,3,2,1,1,0,0,0,0,true,0,false,false,true,false,16213579402622754044,1061775234454160278,true
ctl-blocked-return-s211-m1-r1-t2-c1-l0-d0-tr0-a6,CJ-E,micro,shared_control,10314609773561062982,211,true,true,2,1,0,0,0,6,true,true,45,2,1,4,4,2,80,LOWER_BOUND,832,7,2,0,0,0,2,2,1,1,NA,1,false,3,2,1,1,0,0,0,0,true,0,false,false,true,false,16213579402622754044,1061775234454160278,true
ctl-stale-s211-m1-r1-t2-c1-l0-d0-tr0-a2,CJ-E,micro,shared_control,6060310538696534462,211,true,true,2,1,0,0,0,2,false,false,0,17,1,3,3,2,80,LOWER_BOUND,160,1,0,0,1,0,1,1,0,0,NA,1,false,1,0,1,0,0,0,0,0,false,0,false,false,true,false,14465179278047959174,9163396689347222108,true
ctl-deallocation-bootstrap-s211-m1-r1-t2-c1-l0-d0-tr0-a2,CJ-E,micro,shared_control,9679814578646023455,211,true,true,2,1,0,0,0,2,false,false,2,14,0,2,2,1,40,LOWER_BOUND,224,2,1,1,1,0,1,1,0,0,NA,0,false,1,1,1,1,0,2,14,0,false,0,false,false,true,false,17686482397374774846,8637397200115076483,true
ctl-ambiguity-s211-m1-r1-t2-c1-l0-d0-tr0-a2,CJ-E,micro,shared_control,5169074491479562612,211,true,true,2,1,0,0,0,2,true,true,0,80,10,8,8,4,160,LOWER_BOUND,544,4,0,0,0,0,4,0,0,2,NA,2,false,0,0,0,0,0,0,0,0,false,0,false,false,true,false,2678528097609967217,1732111727037520563,true
ctl-recursion-s211-m1-r1-t2-c1-l0-d0-tr0-a2,CJ-E,micro,shared_control,7314036192902401685,211,true,true,2,1,0,0,0,2,true,true,0,71,6,8,8,4,160,LOWER_BOUND,496,4,0,0,0,0,4,0,3,1,NA,1,false,0,0,0,0,0,0,0,0,false,3,false,false,true,false,6665491580710996073,13785268991570204852,true
ctl-replay-s211-m1-r1-t2-c1-l0-d0-tr0-a2,CJ-E,micro,shared_control,18024812807367078086,211,true,true,2,1,0,0,0,2,true,true,0,30,1,4,4,2,80,LOWER_BOUND,272,2,1,0,0,0,2,0,1,1,NA,1,false,30,30,1,1,0,0,0,1,false,0,false,true,true,false,489042102814161154,1136970615767748769,true
f1-aa-same-tick-s211-m1-r1-t2-c1-l4-d0-tr0-a2,CJ-E,micro,same_source_bursts,15860129621997267796,211,true,true,2,1,4,0,0,2,false,false,0,19,1,3,3,2,80,LOWER_BOUND,352,1,0,0,0,0,1,0,1,1,NA,1,true,0,0,0,0,0,0,0,0,false,0,false,false,true,false,17791500753319547495,10824098503607704454,false
f1-aa-spacing-s211-m1-r1-t2-c1-l4-d-1-tr0-a2,CJ-E,micro,same_source_bursts,8009036727325831668,211,true,true,2,1,4,-1,0,2,false,false,0,9,1,2,2,2,80,LOWER_BOUND,352,1,0,0,0,0,0,0,0,0,NA,0,false,0,0,0,0,0,0,0,0,false,0,false,false,true,false,3381500388321719282,10824098503607704454,true
f1-ab-distinct-s211-m1-r1-t2-c1-l4-d-1-tr0-a2,CJ-E,micro,same_source_bursts,11409085920111283350,211,true,true,2,1,4,-1,0,2,true,false,0,19,2,3,3,2,80,LOWER_BOUND,272,2,1,0,0,0,1,0,0,0,NA,0,false,30,30,1,1,0,0,0,0,false,0,false,false,true,false,10128378099036865566,1136970615767748769,true
f1-aa-spacing-s211-m1-r1-t2-c1-l4-d0-tr0-a2,CJ-E,micro,same_source_bursts,12093504146192563496,211,true,true,2,1,4,0,0,2,false,false,0,19,1,3,3,2,80,LOWER_BOUND,352,1,0,0,0,0,1,0,1,1,NA,1,true,0,0,0,0,0,0,0,0,false,0,false,false,true,false,17791500753319547495,10824098503607704454,false
f1-ab-distinct-s211-m1-r1-t2-c1-l4-d0-tr0-a2,CJ-E,micro,same_source_bursts,5501818115928762419,211,true,true,2,1,4,0,0,2,true,true,0,30,1,4,4,2,80,LOWER_BOUND,272,2,1,0,0,0,2,0,1,1,NA,1,false,30,30,1,1,0,0,0,1,false,0,false,false,true,false,489042102814161154,1136970615767748769,true
f1-aa-spacing-s211-m1-r1-t2-c1-l4-d1-tr0-a2,CJ-E,micro,same_source_bursts,17153286618871136888,211,true,true,2,1,4,1,0,2,false,false,0,9,1,2,2,2,80,LOWER_BOUND,352,1,0,0,0,0,0,0,0,0,NA,0,false,0,0,0,0,0,0,0,0,false,0,false,false,true,false,3381500388321719282,10824098503607704454,true
f1-ab-distinct-s211-m1-r1-t2-c1-l4-d1-tr0-a2,CJ-E,micro,same_source_bursts,3844327518188385556,211,true,true,2,1,4,1,0,2,true,false,0,18,1,3,3,2,80,LOWER_BOUND,272,2,1,0,0,0,1,0,0,0,NA,0,false,30,30,1,1,0,0,0,0,false,0,false,false,true,false,10598289731440342938,1136970615767748769,true
f1-aa-spacing-s211-m1-r1-t2-c1-l4-d2-tr0-a2,CJ-E,micro,same_source_bursts,12067476548479969340,211,true,true,2,1,4,2,0,2,false,false,0,9,1,2,2,2,80,LOWER_BOUND,352,1,0,0,0,0,0,0,0,0,NA,0,false,0,0,0,0,0,0,0,0,false,0,false,false,true,false,6405562472199153043,10824098503607704454,true
f1-ab-distinct-s211-m1-r1-t2-c1-l4-d2-tr0-a2,CJ-E,micro,same_source_bursts,1558795798124302104,211,true,true,2,1,4,2,0,2,true,false,0,18,1,3,3,2,80,LOWER_BOUND,272,2,1,0,0,0,1,0,0,0,NA,0,false,30,30,1,1,0,0,0,0,false,0,false,false,true,false,8668860493536392316,1136970615767748769,true
f1-aa-spacing-s211-m1-r1-t2-c1-l4-d3-tr0-a2,CJ-E,micro,same_source_bursts,15091903773252007652,211,true,true,2,1,4,3,0,2,false,false,0,9,1,2,2,2,80,LOWER_BOUND,352,1,0,0,0,0,0,0,0,0,NA,0,false,0,0,0,0,0,0,0,0,false,0,false,false,true,false,3376790685905736392,10824098503607704454,true
f1-ab-distinct-s211-m1-r1-t2-c1-l4-d3-tr0-a2,CJ-E,micro,same_source_bursts,8610072948092851596,211,true,true,2,1,4,3,0,2,true,false,0,18,1,3,3,2,80,LOWER_BOUND,272,2,1,0,0,0,1,0,0,0,NA,0,false,30,30,1,1,0,0,0,0,false,0,false,false,true,false,11308137289358369266,1136970615767748769,true
f1-aa-spacing-s211-m1-r1-t2-c1-l4-d4-tr0-a2,CJ-E,micro,same_source_bursts,16796514560911398984,211,true,true,2,1,4,4,0,2,false,false,0,9,1,2,2,2,80,LOWER_BOUND,352,1,0,0,0,0,0,0,0,0,NA,0,false,0,0,0,0,0,0,0,0,false,0,false,false,true,false,15462158062968585081,10824098503607704454,true
f1-ab-distinct-s211-m1-r1-t2-c1-l4-d4-tr0-a2,CJ-E,micro,same_source_bursts,163885144180056808,211,true,true,2,1,4,4,0,2,true,false,0,18,1,3,3,2,80,LOWER_BOUND,272,2,1,0,0,0,1,0,0,0,NA,0,false,30,30,1,1,0,0,0,0,false,0,false,false,true,false,17511452232180036088,1136970615767748769,true
f1-aa-spacing-s211-m1-r1-t2-c1-l4-d5-tr0-a2,CJ-E,micro,same_source_bursts,3432110649887292536,211,true,true,2,1,4,5,0,2,false,false,0,9,1,2,2,2,80,LOWER_BOUND,352,1,0,0,0,0,0,0,0,0,NA,0,false,0,0,0,0,0,0,0,0,false,0,false,false,true,false,10094689864517152182,10824098503607704454,true
f1-ab-distinct-s211-m1-r1-t2-c1-l4-d5-tr0-a2,CJ-E,micro,same_source_bursts,18230675062172149060,211,true,true,2,1,4,5,0,2,true,false,0,18,1,3,3,2,80,LOWER_BOUND,272,2,1,0,0,0,1,0,0,0,NA,0,false,30,30,1,1,0,0,0,0,false,0,false,false,true,false,8870105373205444122,1136970615767748769,true
f1-one-path-s211-m1-r1-t2-c1-l4-d1-tr0-a2,CJ-E,micro,same_source_bursts,8390628225535837077,211,true,true,2,1,4,1,0,2,false,false,0,29,2,4,4,2,80,LOWER_BOUND,272,2,1,0,0,1,2,0,0,0,NA,0,false,30,33,1,1,0,0,0,0,false,0,false,false,true,false,11380503021697267054,4413992829469190522,true
f1-a-burst-4-s211-m1-r1-t2-c1-l4-d4-tr0-a2,CJ-E,micro,same_source_bursts,8126394411549165852,211,true,true,2,1,4,4,0,2,false,false,0,29,2,4,4,2,80,LOWER_BOUND,272,2,1,0,0,1,2,0,0,0,NA,0,false,30,33,1,1,0,0,0,0,false,0,false,false,true,false,900813625385751036,4413992829469190522,true
f2-one-strong-s211-m1-r1-t2-c1-l4-d0-tr0-a2,CJ-E,micro,amplitude_vs_multiplicity,4370337378833769214,211,true,true,2,1,4,0,0,2,false,false,0,4,0,1,1,1,40,LOWER_BOUND,352,1,0,0,0,0,0,0,0,0,NA,0,false,0,0,0,0,0,0,0,0,false,0,false,false,true,false,13412785681036916701,10824098503607704454,true
f2-two-weak-distinct-s211-m1-r1-t2-c1-l4-d0-tr0-a2,CJ-E,micro,amplitude_vs_multiplicity,5635297348726758387,211,true,true,2,1,4,0,0,2,true,true,0,19,1,3,3,2,80,LOWER_BOUND,352,1,0,0,0,0,1,0,1,1,NA,1,false,0,0,0,0,0,0,0,0,false,0,false,false,true,false,17791500753319547495,10824098503607704454,true
f2-two-weak-same-s211-m1-r1-t2-c1-l4-d0-tr0-a2,CJ-E,micro,amplitude_vs_multiplicity,12434954089200105255,211,true,true,2,1,4,0,0,2,false,false,0,19,1,3,3,2,80,LOWER_BOUND,352,1,0,0,0,0,1,0,1,1,NA,1,true,0,0,0,0,0,0,0,0,false,0,false,false,true,false,17791500753319547495,10824098503607704454,false
f2-asymmetric-distinct-s211-m1-r1-t2-c1-l4-d0-tr0-a2,CJ-E,micro,amplitude_vs_multiplicity,17294980637225701156,211,true,true,2,1,4,0,0,2,true,true,0,19,1,3,3,2,80,LOWER_BOUND,352,1,0,0,0,0,1,0,1,1,NA,1,false,0,0,0,0,0,0,0,0,false,0,false,false,true,false,17791500753319547495,10824098503607704454,true
f3-direct-return-s211-m1-r1-t2-c1-l4-d0-tr0-a2,CJ-E,micro,dense_return_topology,4357611173942658688,211,true,true,2,1,4,0,0,2,true,true,87,16,23,10,10,6,240,LOWER_BOUND,576,3,2,0,0,2,3,0,1,1,NA,1,false,3,6,1,2,0,0,0,0,true,0,false,false,true,false,990194319865815387,16242890043050999439,true
f3-crossed-return-s211-m1-r1-t2-c1-l4-d0-tr0-a2,CJ-E,micro,dense_return_topology,16480719895029081706,211,true,true,2,1,4,0,0,2,true,true,87,16,23,10,10,6,240,LOWER_BOUND,576,3,2,0,0,1,3,1,1,1,NA,1,false,3,2,1,1,0,0,0,0,true,0,false,false,true,false,14232130745065703211,5459223429513878832,true
f3-no-return-s211-m1-r1-t2-c1-l4-d0-tr0-a2,CJ-E,micro,dense_return_topology,552679072549778784,211,true,true,2,1,4,0,0,2,true,true,87,2,23,8,8,6,240,LOWER_BOUND,576,3,2,0,0,0,2,2,1,1,NA,1,false,3,2,1,1,0,0,0,0,true,0,false,false,true,false,845210774180720258,14909577653853135372,true
f3-direct-return-s211-m1-r1-t2-c1-l4-d0-tr0-a6,CJ-E,micro,dense_return_topology,362846340136154456,211,true,true,2,1,4,0,0,6,true,true,115,20,23,10,10,6,240,LOWER_BOUND,1024,7,2,0,0,2,3,0,1,1,NA,1,false,3,6,1,2,0,0,0,0,true,0,false,false,true,false,8419462978653405259,7073347526681446659,true
f3-crossed-return-s211-m1-r1-t2-c1-l4-d0-tr0-a6,CJ-E,micro,dense_return_topology,4746262059843765506,211,true,true,2,1,4,0,0,6,true,true,115,20,23,10,10,6,240,LOWER_BOUND,1024,7,2,0,0,1,3,1,1,1,NA,1,false,3,2,1,1,0,0,0,0,true,0,false,false,true,false,3714190046588804631,13425118664353272480,true
f3-no-return-s211-m1-r1-t2-c1-l4-d0-tr0-a6,CJ-E,micro,dense_return_topology,16713367707234991888,211,true,true,2,1,4,0,0,6,true,true,115,2,23,8,8,6,240,LOWER_BOUND,1024,7,2,0,0,0,2,2,1,1,NA,1,false,3,2,1,1,0,0,0,0,true,0,false,false,true,false,283164977391987898,6512613260174759188,true
f4-transfer-s211-m1-r1-t2-c1-l4-d-1-tr0-a2,CJ-E,micro,timing_transfer,14263834362022085750,211,true,true,2,1,4,-1,0,2,true,false,0,19,2,3,3,2,80,LOWER_BOUND,272,2,1,0,0,0,1,0,0,0,NA,0,false,30,30,1,1,0,0,0,0,false,0,false,false,true,false,10128378099036865566,1136970615767748769,true
f4-transfer-s211-m1-r1-t2-c1-l4-d0-tr0-a2,CJ-E,micro,timing_transfer,15393157592736196023,211,true,true,2,1,4,0,0,2,true,true,0,30,1,4,4,2,80,LOWER_BOUND,272,2,1,0,0,0,2,0,1,1,NA,1,false,30,30,1,1,0,0,0,1,false,0,false,false,true,false,489042102814161154,1136970615767748769,true
f4-transfer-s211-m1-r1-t2-c1-l4-d1-tr0-a2,CJ-E,micro,timing_transfer,4851815216373063138,211,true,true,2,1,4,1,0,2,true,false,0,18,1,3,3,2,80,LOWER_BOUND,272,2,1,0,0,0,1,0,0,0,NA,0,false,30,30,1,1,0,0,0,0,false,0,false,false,true,false,10598289731440342938,1136970615767748769,true
f4-transfer-s211-m1-r1-t2-c1-l4-d2-tr0-a2,CJ-E,micro,timing_transfer,9569944244684055720,211,true,true,2,1,4,2,0,2,true,false,0,18,1,3,3,2,80,LOWER_BOUND,272,2,1,0,0,0,1,0,0,0,NA,0,false,30,30,1,1,0,0,0,0,false,0,false,false,true,false,8668860493536392316,1136970615767748769,true
f4-transfer-s211-m1-r1-t2-c1-l4-d3-tr0-a2,CJ-E,micro,timing_transfer,5050447801440647994,211,true,true,2,1,4,3,0,2,true,false,0,18,1,3,3,2,80,LOWER_BOUND,272,2,1,0,0,0,1,0,0,0,NA,0,false,30,30,1,1,0,0,0,0,false,0,false,false,true,false,11308137289358369266,1136970615767748769,true
f4-transfer-s211-m1-r1-t2-c1-l4-d4-tr0-a2,CJ-E,micro,timing_transfer,9693072189986569540,211,true,true,2,1,4,4,0,2,true,false,0,18,1,3,3,2,80,LOWER_BOUND,272,2,1,0,0,0,1,0,0,0,NA,0,false,30,30,1,1,0,0,0,0,false,0,false,false,true,false,17511452232180036088,1136970615767748769,true
f4-transfer-s211-m1-r1-t2-c1-l4-d5-tr0-a2,CJ-E,micro,timing_transfer,12566775173728130826,211,true,true,2,1,4,5,0,2,true,false,0,18,1,3,3,2,80,LOWER_BOUND,272,2,1,0,0,0,1,0,0,0,NA,0,false,30,30,1,1,0,0,0,0,false,0,false,false,true,false,8870105373205444122,1136970615767748769,true
f4-transfer-s211-m1-r1-t2-c1-l4-d-1-tr2-a2,CJ-E,micro,timing_transfer,2034423955584363634,211,true,true,2,1,4,-1,2,2,true,false,0,19,2,3,3,2,80,LOWER_BOUND,272,2,1,0,0,0,1,0,0,0,NA,0,false,30,30,1,1,0,0,0,0,false,0,false,false,true,false,10128378099036865566,1136970615767748769,true
f4-transfer-s211-m1-r1-t2-c1-l4-d0-tr2-a2,CJ-E,micro,timing_transfer,11769116668685116127,211,true,true,2,1,4,0,2,2,true,true,0,30,1,4,4,2,80,LOWER_BOUND,272,2,1,0,0,0,2,0,1,1,NA,1,false,30,30,1,1,0,0,0,1,false,0,false,false,true,false,489042102814161154,1136970615767748769,true
f4-transfer-s211-m1-r1-t2-c1-l4-d1-tr2-a2,CJ-E,micro,timing_transfer,12486225881617636998,211,true,true,2,1,4,1,2,2,true,false,0,18,1,3,3,2,80,LOWER_BOUND,272,2,1,0,0,0,1,0,0,0,NA,0,false,30,30,1,1,0,0,0,0,false,0,false,false,true,false,10598289731440342938,1136970615767748769,true
f4-transfer-s211-m1-r1-t2-c1-l4-d2-tr2-a2,CJ-E,micro,timing_transfer,6771971771237420768,211,true,true,2,1,4,2,2,2,true,false,0,18,1,3,3,2,80,LOWER_BOUND,272,2,1,0,0,0,1,0,0,0,NA,0,false,30,30,1,1,0,0,0,0,false,0,false,false,true,false,8668860493536392316,1136970615767748769,true
f4-transfer-s211-m1-r1-t2-c1-l4-d3-tr2-a2,CJ-E,micro,timing_transfer,4684829168967519526,211,true,true,2,1,4,3,2,2,true,false,0,18,1,3,3,2,80,LOWER_BOUND,272,2,1,0,0,0,1,0,0,0,NA,0,false,30,30,1,1,0,0,0,0,false,0,false,false,true,false,11308137289358369266,1136970615767748769,true
f4-transfer-s211-m1-r1-t2-c1-l4-d4-tr2-a2,CJ-E,micro,timing_transfer,12919466935812689676,211,true,true,2,1,4,4,2,2,true,false,0,18,1,3,3,2,80,LOWER_BOUND,272,2,1,0,0,0,1,0,0,0,NA,0,false,30,30,1,1,0,0,0,0,false,0,false,false,true,false,17511452232180036088,1136970615767748769,true
f4-transfer-s211-m1-r1-t2-c1-l4-d5-tr2-a2,CJ-E,micro,timing_transfer,15626452579446620422,211,true,true,2,1,4,5,2,2,true,false,0,18,1,3,3,2,80,LOWER_BOUND,272,2,1,0,0,0,1,0,0,0,NA,0,false,30,30,1,1,0,0,0,0,false,0,false,false,true,false,8870105373205444122,1136970615767748769,true
f4-transfer-s211-m1-r1-t2-c1-l4-d-1-tr4-a2,CJ-E,micro,timing_transfer,5657325845290902726,211,true,true,2,1,4,-1,4,2,true,false,0,19,2,3,3,2,80,LOWER_BOUND,272,2,1,0,0,0,1,0,0,0,NA,0,false,30,30,1,1,0,0,0,0,false,0,false,false,true,false,10128378099036865566,1136970615767748769,true
f4-transfer-s211-m1-r1-t2-c1-l4-d0-tr4-a2,CJ-E,micro,timing_transfer,14078506219345236927,211,true,true,2,1,4,0,4,2,true,true,0,30,1,4,4,2,80,LOWER_BOUND,272,2,1,0,0,0,2,0,1,1,NA,1,false,30,30,1,1,0,0,0,1,false,0,false,false,true,false,489042102814161154,1136970615767748769,true
f4-transfer-s211-m1-r1-t2-c1-l4-d1-tr4-a2,CJ-E,micro,timing_transfer,2932509857510838362,211,true,true,2,1,4,1,4,2,true,false,0,18,1,3,3,2,80,LOWER_BOUND,272,2,1,0,0,0,1,0,0,0,NA,0,false,30,30,1,1,0,0,0,0,false,0,false,false,true,false,10598289731440342938,1136970615767748769,true
f4-transfer-s211-m1-r1-t2-c1-l4-d2-tr4-a2,CJ-E,micro,timing_transfer,12843203573896276768,211,true,true,2,1,4,2,4,2,true,false,0,18,1,3,3,2,80,LOWER_BOUND,272,2,1,0,0,0,1,0,0,0,NA,0,false,30,30,1,1,0,0,0,0,false,0,false,false,true,false,8668860493536392316,1136970615767748769,true
f4-transfer-s211-m1-r1-t2-c1-l4-d3-tr4-a2,CJ-E,micro,timing_transfer,12112826754170404618,211,true,true,2,1,4,3,4,2,true,false,0,18,1,3,3,2,80,LOWER_BOUND,272,2,1,0,0,0,1,0,0,0,NA,0,false,30,30,1,1,0,0,0,0,false,0,false,false,true,false,11308137289358369266,1136970615767748769,true
f4-transfer-s211-m1-r1-t2-c1-l4-d4-tr4-a2,CJ-E,micro,timing_transfer,13729005489145362364,211,true,true,2,1,4,4,4,2,true,false,0,18,1,3,3,2,80,LOWER_BOUND,272,2,1,0,0,0,1,0,0,0,NA,0,false,30,30,1,1,0,0,0,0,false,0,false,false,true,false,17511452232180036088,1136970615767748769,true
f4-transfer-s211-m1-r1-t2-c1-l4-d5-tr4-a2,CJ-E,micro,timing_transfer,175776600137246930,211,true,true,2,1,4,5,4,2,true,false,0,18,1,3,3,2,80,LOWER_BOUND,272,2,1,0,0,0,1,0,0,0,NA,0,false,30,30,1,1,0,0,0,0,false,0,false,false,true,false,8870105373205444122,1136970615767748769,true
ctl-initial-ab-s211-m1-r1-t2-c1-l4-d0-tr0-a2,CJ-E,micro,shared_control,6531363423626501116,211,true,true,2,1,4,0,0,2,true,true,45,31,2,10,10,2,80,LOWER_BOUND,272,2,1,0,0,3,5,0,1,2,NA,2,false,30,36,1,1,0,0,0,1,false,0,true,false,true,false,5703652544191205845,949240125773190446,true
ctl-initial-cd-s211-m1-r1-t2-c1-l4-d0-tr0-a2,CJ-E,micro,shared_control,13323384609476963352,211,true,true,2,1,4,0,0,2,true,true,45,31,2,10,10,2,80,LOWER_BOUND,272,2,1,0,0,3,5,0,1,2,NA,2,false,30,36,1,1,0,0,0,1,false,0,true,false,true,false,5703652544191205845,949240125773190446,true
ctl-crossed-ad-s211-m1-r1-t2-c1-l4-d0-tr0-a2,CJ-E,micro,shared_control,15460912323357488,211,true,true,2,1,4,0,0,2,false,false,0,13,0,2,2,1,40,LOWER_BOUND,272,2,1,0,0,0,1,0,0,0,NA,0,false,30,30,1,1,0,0,0,0,false,0,false,false,true,false,9933785349525352337,1136970615767748769,true
ctl-crossed-cb-s211-m1-r1-t2-c1-l4-d0-tr0-a2,CJ-E,micro,shared_control,1409201884972189336,211,true,true,2,1,4,0,0,2,false,false,0,13,0,2,2,1,40,LOWER_BOUND,272,2,1,0,0,0,1,0,0,0,NA,0,false,30,30,1,1,0,0,0,0,false,0,false,false,true,false,9933785349525352337,1136970615767748769,true
ctl-singleton-s211-m1-r1-t2-c1-l4-d0-tr0-a2,CJ-E,micro,shared_control,7774070272881216086,211,true,true,2,1,4,0,0,2,false,false,0,13,0,2,2,1,40,LOWER_BOUND,272,2,1,0,0,0,1,0,0,0,NA,0,false,30,30,1,1,0,0,0,0,false,0,false,false,true,false,9933785349525352337,1136970615767748769,true
ctl-old-self-evidence-s211-m1-r1-t2-c1-l4-d0-tr0-a6,CJ-E,micro,shared_control,5841452612000762687,211,true,true,2,1,4,0,0,6,true,true,115,2,23,8,8,6,240,LOWER_BOUND,1024,7,2,0,0,0,2,2,1,1,NA,1,false,3,2,1,1,0,0,0,0,true,0,false,false,true,false,283164977391987898,6512613260174759188,true
ctl-blocked-return-s211-m1-r1-t2-c1-l4-d0-tr0-a6,CJ-E,micro,shared_control,17946912115167712654,211,true,true,2,1,4,0,0,6,true,true,115,2,23,8,8,6,240,LOWER_BOUND,1024,7,2,0,0,0,2,2,1,1,NA,1,false,3,2,1,1,0,0,0,0,true,0,false,false,true,false,283164977391987898,6512613260174759188,true
ctl-stale-s211-m1-r1-t2-c1-l4-d0-tr0-a2,CJ-E,micro,shared_control,10176571540634975070,211,true,true,2,1,4,0,0,2,false,false,0,17,1,3,3,2,80,LOWER_BOUND,160,1,0,0,1,0,1,1,0,0,NA,1,false,1,0,1,0,0,0,0,0,false,0,false,false,true,false,14465179278047959174,9163396689347222108,true
ctl-deallocation-bootstrap-s211-m1-r1-t2-c1-l4-d0-tr0-a2,CJ-E,micro,shared_control,4312168347235939367,211,true,true,2,1,4,0,0,2,false,false,2,14,0,2,2,1,40,LOWER_BOUND,224,2,1,1,1,0,1,1,0,0,NA,0,false,1,1,1,1,0,2,14,0,false,0,false,false,true,false,17686482397374774846,8637397200115076483,true
ctl-ambiguity-s211-m1-r1-t2-c1-l4-d0-tr0-a2,CJ-E,micro,shared_control,9948855139617066852,211,true,true,2,1,4,0,0,2,true,true,0,80,10,8,8,4,160,LOWER_BOUND,544,4,0,0,0,0,4,0,0,2,NA,2,false,0,0,0,0,0,0,0,0,false,0,false,false,true,false,2678528097609967217,1732111727037520563,true
ctl-recursion-s211-m1-r1-t2-c1-l4-d0-tr0-a2,CJ-E,micro,shared_control,4300844544938906701,211,true,true,2,1,4,0,0,2,true,true,0,71,6,8,8,4,160,LOWER_BOUND,496,4,0,0,0,0,4,0,3,1,NA,1,false,0,0,0,0,0,0,0,0,false,3,false,false,true,false,6665491580710996073,13785268991570204852,true
ctl-replay-s211-m1-r1-t2-c1-l4-d0-tr0-a2,CJ-E,micro,shared_control,9571401327444274166,211,true,true,2,1,4,0,0,2,true,true,0,30,1,4,4,2,80,LOWER_BOUND,272,2,1,0,0,0,2,0,1,1,NA,1,false,30,30,1,1,0,0,0,1,false,0,false,true,true,false,489042102814161154,1136970615767748769,true
f1-aa-same-tick-s211-m1-r1-t2-c2-l0-d0-tr0-a2,CJ-E,micro,same_source_bursts,7863915316873766472,211,true,true,2,2,0,0,0,2,false,false,0,19,1,3,3,2,80,LOWER_BOUND,160,1,0,0,0,0,1,0,1,1,NA,1,true,0,0,0,0,0,0,0,0,false,0,false,false,true,false,7440941286754987249,6823850466113158068,false
f1-aa-spacing-s211-m1-r1-t2-c2-l0-d-1-tr0-a2,CJ-E,micro,same_source_bursts,14416669028228359406,211,true,true,2,2,0,-1,0,2,false,false,0,9,1,2,2,2,80,LOWER_BOUND,160,1,0,0,0,0,0,0,0,0,NA,0,false,0,0,0,0,0,0,0,0,false,0,false,false,true,false,16543990107418226636,6823850466113158068,true
f1-ab-distinct-s211-m1-r1-t2-c2-l0-d-1-tr0-a2,CJ-E,micro,same_source_bursts,14412020205608409120,211,true,true,2,2,0,-1,0,2,true,false,0,31,2,4,4,2,80,LOWER_BOUND,272,2,1,0,0,0,2,0,1,1,NA,1,false,30,30,2,2,0,0,0,0,false,0,false,false,true,false,7260952106142665188,18241975873182688934,false
f1-aa-spacing-s211-m1-r1-t2-c2-l0-d0-tr0-a2,CJ-E,micro,same_source_bursts,10304862029068693788,211,true,true,2,2,0,0,0,2,false,false,0,19,1,3,3,2,80,LOWER_BOUND,160,1,0,0,0,0,1,0,1,1,NA,1,true,0,0,0,0,0,0,0,0,false,0,false,false,true,false,7440941286754987249,6823850466113158068,false
f1-ab-distinct-s211-m1-r1-t2-c2-l0-d0-tr0-a2,CJ-E,micro,same_source_bursts,3681805013001424239,211,true,true,2,2,0,0,0,2,true,true,0,30,1,4,4,2,80,LOWER_BOUND,272,2,1,0,0,0,2,0,1,1,NA,1,false,30,30,2,2,0,0,0,1,false,0,false,false,true,false,9839356126454543805,18241975873182688934,true
f1-aa-spacing-s211-m1-r1-t2-c2-l0-d1-tr0-a2,CJ-E,micro,same_source_bursts,10850680282989369844,211,true,true,2,2,0,1,0,2,false,false,0,9,1,2,2,2,80,LOWER_BOUND,160,1,0,0,0,0,0,0,0,0,NA,0,false,0,0,0,0,0,0,0,0,false,0,false,false,true,false,16543990107418226636,6823850466113158068,true
f1-ab-distinct-s211-m1-r1-t2-c2-l0-d1-tr0-a2,CJ-E,micro,same_source_bursts,1577631686460927880,211,true,true,2,2,0,1,0,2,true,false,0,18,1,3,3,2,80,LOWER_BOUND,272,2,1,0,0,0,1,0,0,0,NA,0,false,30,30,2,2,0,0,0,0,false,0,false,false,true,false,6996702281066292060,18241975873182688934,true
f1-aa-spacing-s211-m1-r1-t2-c2-l0-d2-tr0-a2,CJ-E,micro,same_source_bursts,4486851310791820040,211,true,true,2,2,0,2,0,2,false,false,0,9,1,2,2,2,80,LOWER_BOUND,160,1,0,0,0,0,0,0,0,0,NA,0,false,0,0,0,0,0,0,0,0,false,0,false,false,true,false,15533015237540543485,6823850466113158068,true
f1-ab-distinct-s211-m1-r1-t2-c2-l0-d2-tr0-a2,CJ-E,micro,same_source_bursts,13159589894506906396,211,true,true,2,2,0,2,0,2,true,false,0,18,1,3,3,2,80,LOWER_BOUND,272,2,1,0,0,0,1,0,0,0,NA,0,false,30,30,2,2,0,0,0,0,false,0,false,false,true,false,9942941275817618410,18241975873182688934,true
f1-aa-spacing-s211-m1-r1-t2-c2-l0-d3-tr0-a2,CJ-E,micro,same_source_bursts,3981037371872967896,211,true,true,2,2,0,3,0,2,false,false,0,9,1,2,2,2,80,LOWER_BOUND,160,1,0,0,0,0,0,0,0,0,NA,0,false,0,0,0,0,0,0,0,0,false,0,false,false,true,false,2413143593670944710,6823850466113158068,true
f1-ab-distinct-s211-m1-r1-t2-c2-l0-d3-tr0-a2,CJ-E,micro,same_source_bursts,8324263765718517312,211,true,true,2,2,0,3,0,2,true,false,0,18,1,3,3,2,80,LOWER_BOUND,272,2,1,0,0,0,1,0,0,0,NA,0,false,30,30,2,2,0,0,0,0,false,0,false,false,true,false,3093193870166666272,18241975873182688934,true
f1-aa-spacing-s211-m1-r1-t2-c2-l0-d4-tr0-a2,CJ-E,micro,same_source_bursts,14729090388454157620,211,true,true,2,2,0,4,0,2,false,false,0,9,1,2,2,2,80,LOWER_BOUND,160,1,0,0,0,0,0,0,0,0,NA,0,false,0,0,0,0,0,0,0,0,false,0,false,false,true,false,9457884271692493095,6823850466113158068,true
f1-ab-distinct-s211-m1-r1-t2-c2-l0-d4-tr0-a2,CJ-E,micro,same_source_bursts,12392258026681589412,211,true,true,2,2,0,4,0,2,true,false,0,18,1,3,3,2,80,LOWER_BOUND,272,2,1,0,0,0,1,0,0,0,NA,0,false,30,30,2,2,0,0,0,0,false,0,false,false,true,false,13922892092990961954,18241975873182688934,true
f1-aa-spacing-s211-m1-r1-t2-c2-l0-d5-tr0-a2,CJ-E,micro,same_source_bursts,10468503582489503820,211,true,true,2,2,0,5,0,2,false,false,0,9,1,2,2,2,80,LOWER_BOUND,160,1,0,0,0,0,0,0,0,0,NA,0,false,0,0,0,0,0,0,0,0,false,0,false,false,true,false,11805411490839696528,6823850466113158068,true
f1-ab-distinct-s211-m1-r1-t2-c2-l0-d5-tr0-a2,CJ-E,micro,same_source_bursts,6200137311598320336,211,true,true,2,2,0,5,0,2,true,false,0,18,1,3,3,2,80,LOWER_BOUND,272,2,1,0,0,0,1,0,0,0,NA,0,false,30,30,2,2,0,0,0,0,false,0,false,false,true,false,13309881806053452460,18241975873182688934,true
f1-one-path-s211-m1-r1-t2-c2-l0-d1-tr0-a2,CJ-E,micro,same_source_bursts,10288977168892896767,211,true,true,2,2,0,1,0,2,false,false,0,41,2,5,5,2,80,LOWER_BOUND,272,2,1,0,0,1,3,0,1,1,NA,1,true,30,33,2,2,0,0,0,0,false,0,false,false,true,false,5849561767859654918,4331304198074117589,false
f1-a-burst-4-s211-m1-r1-t2-c2-l0-d4-tr0-a2,CJ-E,micro,same_source_bursts,9006372640632153558,211,true,true,2,2,0,4,0,2,false,false,0,29,2,4,4,2,80,LOWER_BOUND,272,2,1,0,0,1,2,0,0,0,NA,0,false,30,33,2,2,0,0,0,0,false,0,false,false,true,false,17625810748722433334,4331304198074117589,true
f2-one-strong-s211-m1-r1-t2-c2-l0-d0-tr0-a2,CJ-E,micro,amplitude_vs_multiplicity,11921081880078253878,211,true,true,2,2,0,0,0,2,false,false,0,4,0,1,1,1,40,LOWER_BOUND,160,1,0,0,0,0,0,0,0,0,NA,0,false,0,0,0,0,0,0,0,0,false,0,false,false,true,false,5034913118268646707,6823850466113158068,true
f2-two-weak-distinct-s211-m1-r1-t2-c2-l0-d0-tr0-a2,CJ-E,micro,amplitude_vs_multiplicity,14165803883350721033,211,true,true,2,2,0,0,0,2,true,true,0,19,1,3,3,2,80,LOWER_BOUND,160,1,0,0,0,0,1,0,1,1,NA,1,false,0,0,0,0,0,0,0,0,false,0,false,false,true,false,7440941286754987249,6823850466113158068,true
f2-two-weak-same-s211-m1-r1-t2-c2-l0-d0-tr0-a2,CJ-E,micro,amplitude_vs_multiplicity,10297825155232493673,211,true,true,2,2,0,0,0,2,false,false,0,19,1,3,3,2,80,LOWER_BOUND,160,1,0,0,0,0,1,0,1,1,NA,1,true,0,0,0,0,0,0,0,0,false,0,false,false,true,false,7440941286754987249,6823850466113158068,false
f2-asymmetric-distinct-s211-m1-r1-t2-c2-l0-d0-tr0-a2,CJ-E,micro,amplitude_vs_multiplicity,5030903480469466664,211,true,true,2,2,0,0,0,2,true,true,0,19,1,3,3,2,80,LOWER_BOUND,160,1,0,0,0,0,1,0,1,1,NA,1,false,0,0,0,0,0,0,0,0,false,0,false,false,true,false,7440941286754987249,6823850466113158068,true
f3-direct-return-s211-m1-r1-t2-c2-l0-d0-tr0-a2,CJ-E,micro,dense_return_topology,4965037514925231658,211,true,true,2,2,0,0,0,2,true,true,33,16,1,6,6,2,80,LOWER_BOUND,384,3,2,0,0,2,3,0,1,1,NA,1,false,3,6,2,2,0,0,0,0,true,0,false,false,true,false,5336965043987342084,10755726303089872084,true
f3-crossed-return-s211-m1-r1-t2-c2-l0-d0-tr0-a2,CJ-E,micro,dense_return_topology,9670803494762584846,211,true,true,2,2,0,0,0,2,true,true,33,16,1,6,6,2,80,LOWER_BOUND,384,3,2,0,0,1,3,1,1,1,NA,1,false,3,2,2,2,0,0,0,0,true,0,false,false,true,false,8826646691050587499,4304197764987575808,true
f3-no-return-s211-m1-r1-t2-c2-l0-d0-tr0-a2,CJ-E,micro,dense_return_topology,9022334488090499502,211,true,true,2,2,0,0,0,2,true,true,33,2,1,4,4,2,80,LOWER_BOUND,384,3,2,0,0,0,2,2,1,1,NA,1,false,3,2,2,2,0,0,0,0,true,0,false,false,true,false,9788474713078264770,2140754520520365308,true
f3-direct-return-s211-m1-r1-t2-c2-l0-d0-tr0-a6,CJ-E,micro,dense_return_topology,13562553296459818418,211,true,true,2,2,0,0,0,6,true,true,45,20,1,6,6,2,80,LOWER_BOUND,832,7,2,0,0,2,3,0,1,1,NA,1,false,3,6,2,2,0,0,0,0,true,0,false,false,true,false,11972711819260960448,7700891866469017660,true
f3-crossed-return-s211-m1-r1-t2-c2-l0-d0-tr0-a6,CJ-E,micro,dense_return_topology,6183411017955681134,211,true,true,2,2,0,0,0,6,true,true,45,20,1,6,6,2,80,LOWER_BOUND,832,7,2,0,0,1,3,1,1,1,NA,1,false,3,2,2,2,0,0,0,0,true,0,false,false,true,false,17024410302906512719,8602885615003528864,true
f3-no-return-s211-m1-r1-t2-c2-l0-d0-tr0-a6,CJ-E,micro,dense_return_topology,14657266086249927966,211,true,true,2,2,0,0,0,6,true,true,45,2,1,4,4,2,80,LOWER_BOUND,832,7,2,0,0,0,2,2,1,1,NA,1,false,3,2,2,2,0,0,0,0,true,0,false,false,true,false,15317158834270860314,1947860159406187732,true
f4-transfer-s211-m1-r1-t2-c2-l0-d-1-tr0-a2,CJ-E,micro,timing_transfer,3256027611140449534,211,true,true,2,2,0,-1,0,2,true,false,0,31,2,4,4,2,80,LOWER_BOUND,272,2,1,0,0,0,2,0,1,1,NA,1,false,30,30,2,2,0,0,0,0,false,0,false,false,true,false,7260952106142665188,18241975873182688934,false
f4-transfer-s211-m1-r1-t2-c2-l0-d0-tr0-a2,CJ-E,micro,timing_transfer,10299566126893736613,211,true,true,2,2,0,0,0,2,true,true,0,30,1,4,4,2,80,LOWER_BOUND,272,2,1,0,0,0,2,0,1,1,NA,1,false,30,30,2,2,0,0,0,1,false,0,false,false,true,false,9839356126454543805,18241975873182688934,true
f4-transfer-s211-m1-r1-t2-c2-l0-d1-tr0-a2,CJ-E,micro,timing_transfer,16977449394360793768,211,true,true,2,2,0,1,0,2,true,false,0,18,1,3,3,2,80,LOWER_BOUND,272,2,1,0,0,0,1,0,0,0,NA,0,false,30,30,2,2,0,0,0,0,false,0,false,false,true,false,6996702281066292060,18241975873182688934,true
f4-transfer-s211-m1-r1-t2-c2-l0-d2-tr0-a2,CJ-E,micro,timing_transfer,12896032597846338650,211,true,true,2,2,0,2,0,2,true,false,0,18,1,3,3,2,80,LOWER_BOUND,272,2,1,0,0,0,1,0,0,0,NA,0,false,30,30,2,2,0,0,0,0,false,0,false,false,true,false,9942941275817618410,18241975873182688934,true
f4-transfer-s211-m1-r1-t2-c2-l0-d3-tr0-a2,CJ-E,micro,timing_transfer,2673793684520285268,211,true,true,2,2,0,3,0,2,true,false,0,18,1,3,3,2,80,LOWER_BOUND,272,2,1,0,0,0,1,0,0,0,NA,0,false,30,30,2,2,0,0,0,0,false,0,false,false,true,false,3093193870166666272,18241975873182688934,true
f4-transfer-s211-m1-r1-t2-c2-l0-d4-tr0-a2,CJ-E,micro,timing_transfer,2022753226394201898,211,true,true,2,2,0,4,0,2,true,false,0,18,1,3,3,2,80,LOWER_BOUND,272,2,1,0,0,0,1,0,0,0,NA,0,false,30,30,2,2,0,0,0,0,false,0,false,false,true,false,13922892092990961954,18241975873182688934,true
f4-transfer-s211-m1-r1-t2-c2-l0-d5-tr0-a2,CJ-E,micro,timing_transfer,10720252997888873176,211,true,true,2,2,0,5,0,2,true,false,0,18,1,3,3,2,80,LOWER_BOUND,272,2,1,0,0,0,1,0,0,0,NA,0,false,30,30,2,2,0,0,0,0,false,0,false,false,true,false,13309881806053452460,18241975873182688934,true
f4-transfer-s211-m1-r1-t2-c2-l0-d-1-tr2-a2,CJ-E,micro,timing_transfer,14639267901958596118,211,true,true,2,2,0,-1,2,2,true,false,0,31,2,4,4,2,80,LOWER_BOUND,272,2,1,0,0,0,2,0,1,1,NA,1,false,30,30,2,2,0,0,0,0,false,0,false,false,true,false,7260952106142665188,18241975873182688934,false
f4-transfer-s211-m1-r1-t2-c2-l0-d0-tr2-a2,CJ-E,micro,timing_transfer,4532552697995100449,211,true,true,2,2,0,0,2,2,true,true,0,30,1,4,4,2,80,LOWER_BOUND,272,2,1,0,0,0,2,0,1,1,NA,1,false,30,30,2,2,0,0,0,1,false,0,false,false,true,false,9839356126454543805,18241975873182688934,true
f4-transfer-s211-m1-r1-t2-c2-l0-d1-tr2-a2,CJ-E,micro,timing_transfer,13493937337377387040,211,true,true,2,2,0,1,2,2,true,false,0,18,1,3,3,2,80,LOWER_BOUND,272,2,1,0,0,0,1,0,0,0,NA,0,false,30,30,2,2,0,0,0,0,false,0,false,false,true,false,6996702281066292060,18241975873182688934,true
f4-transfer-s211-m1-r1-t2-c2-l0-d2-tr2-a2,CJ-E,micro,timing_transfer,8761060139616529270,211,true,true,2,2,0,2,2,2,true,false,0,18,1,3,3,2,80,LOWER_BOUND,272,2,1,0,0,0,1,0,0,0,NA,0,false,30,30,2,2,0,0,0,0,false,0,false,false,true,false,9942941275817618410,18241975873182688934,true
f4-transfer-s211-m1-r1-t2-c2-l0-d3-tr2-a2,CJ-E,micro,timing_transfer,16513631578983249980,211,true,true,2,2,0,3,2,2,true,false,0,18,1,3,3,2,80,LOWER_BOUND,272,2,1,0,0,0,1,0,0,0,NA,0,false,30,30,2,2,0,0,0,0,false,0,false,false,true,false,3093193870166666272,18241975873182688934,true
f4-transfer-s211-m1-r1-t2-c2-l0-d4-tr2-a2,CJ-E,micro,timing_transfer,1348038992715534742,211,true,true,2,2,0,4,2,2,true,false,0,18,1,3,3,2,80,LOWER_BOUND,272,2,1,0,0,0,1,0,0,0,NA,0,false,30,30,2,2,0,0,0,0,false,0,false,false,true,false,13922892092990961954,18241975873182688934,true
f4-transfer-s211-m1-r1-t2-c2-l0-d5-tr2-a2,CJ-E,micro,timing_transfer,16965686915554458512,211,true,true,2,2,0,5,2,2,true,false,0,18,1,3,3,2,80,LOWER_BOUND,272,2,1,0,0,0,1,0,0,0,NA,0,false,30,30,2,2,0,0,0,0,false,0,false,false,true,false,13309881806053452460,18241975873182688934,true
f4-transfer-s211-m1-r1-t2-c2-l0-d-1-tr4-a2,CJ-E,micro,timing_transfer,12787127729471678262,211,true,true,2,2,0,-1,4,2,true,false,0,31,2,4,4,2,80,LOWER_BOUND,272,2,1,0,0,0,2,0,1,1,NA,1,false,30,30,2,2,0,0,0,0,false,0,false,false,true,false,7260952106142665188,18241975873182688934,false
f4-transfer-s211-m1-r1-t2-c2-l0-d0-tr4-a2,CJ-E,micro,timing_transfer,6237988508477555477,211,true,true,2,2,0,0,4,2,true,true,0,30,1,4,4,2,80,LOWER_BOUND,272,2,1,0,0,0,2,0,1,1,NA,1,false,30,30,2,2,0,0,0,1,false,0,false,false,true,false,9839356126454543805,18241975873182688934,true
f4-transfer-s211-m1-r1-t2-c2-l0-d1-tr4-a2,CJ-E,micro,timing_transfer,11417063652202454576,211,true,true,2,2,0,1,4,2,true,false,0,18,1,3,3,2,80,LOWER_BOUND,272,2,1,0,0,0,1,0,0,0,NA,0,false,30,30,2,2,0,0,0,0,false,0,false,false,true,false,6996702281066292060,18241975873182688934,true
f4-transfer-s211-m1-r1-t2-c2-l0-d2-tr4-a2,CJ-E,micro,timing_transfer,18221797196817521666,211,true,true,2,2,0,2,4,2,true,false,0,18,1,3,3,2,80,LOWER_BOUND,272,2,1,0,0,0,1,0,0,0,NA,0,false,30,30,2,2,0,0,0,0,false,0,false,false,true,false,9942941275817618410,18241975873182688934,true
f4-transfer-s211-m1-r1-t2-c2-l0-d3-tr4-a2,CJ-E,micro,timing_transfer,11008722452327558188,211,true,true,2,2,0,3,4,2,true,false,0,18,1,3,3,2,80,LOWER_BOUND,272,2,1,0,0,0,1,0,0,0,NA,0,false,30,30,2,2,0,0,0,0,false,0,false,false,true,false,3093193870166666272,18241975873182688934,true
f4-transfer-s211-m1-r1-t2-c2-l0-d4-tr4-a2,CJ-E,micro,timing_transfer,4214384839211338490,211,true,true,2,2,0,4,4,2,true,false,0,18,1,3,3,2,80,LOWER_BOUND,272,2,1,0,0,0,1,0,0,0,NA,0,false,30,30,2,2,0,0,0,0,false,0,false,false,true,false,13922892092990961954,18241975873182688934,true
f4-transfer-s211-m1-r1-t2-c2-l0-d5-tr4-a2,CJ-E,micro,timing_transfer,15935830767998321872,211,true,true,2,2,0,5,4,2,true,false,0,18,1,3,3,2,80,LOWER_BOUND,272,2,1,0,0,0,1,0,0,0,NA,0,false,30,30,2,2,0,0,0,0,false,0,false,false,true,false,13309881806053452460,18241975873182688934,true
ctl-initial-ab-s211-m1-r1-t2-c2-l0-d0-tr0-a2,CJ-E,micro,shared_control,14483077837345158806,211,true,true,2,2,0,0,0,2,true,true,45,34,4,10,10,2,80,LOWER_BOUND,272,2,1,0,0,4,5,0,1,2,NA,2,false,30,36,2,2,0,0,0,1,false,0,true,false,true,false,316912916720952041,749573985000682646,true
ctl-initial-cd-s211-m1-r1-t2-c2-l0-d0-tr0-a2,CJ-E,micro,shared_control,10840903985315283170,211,true,true,2,2,0,0,0,2,true,true,45,34,4,10,10,2,80,LOWER_BOUND,272,2,1,0,0,4,5,0,1,2,NA,2,false,30,36,2,2,0,0,0,1,false,0,true,false,true,false,316912916720952041,749573985000682646,true
ctl-crossed-ad-s211-m1-r1-t2-c2-l0-d0-tr0-a2,CJ-E,micro,shared_control,9530506889287306434,211,true,true,2,2,0,0,0,2,false,false,0,13,0,2,2,1,40,LOWER_BOUND,272,2,1,0,0,0,1,0,0,0,NA,0,false,30,30,2,2,0,0,0,0,false,0,false,false,true,false,15301321464264317507,18241975873182688934,true
ctl-crossed-cb-s211-m1-r1-t2-c2-l0-d0-tr0-a2,CJ-E,micro,shared_control,5143647389631187946,211,true,true,2,2,0,0,0,2,false,false,0,13,0,2,2,1,40,LOWER_BOUND,272,2,1,0,0,0,1,0,0,0,NA,0,false,30,30,2,2,0,0,0,0,false,0,false,false,true,false,15301321464264317507,18241975873182688934,true
ctl-singleton-s211-m1-r1-t2-c2-l0-d0-tr0-a2,CJ-E,micro,shared_control,1494036774756011696,211,true,true,2,2,0,0,0,2,false,false,0,13,0,2,2,1,40,LOWER_BOUND,272,2,1,0,0,0,1,0,0,0,NA,0,false,30,30,2,2,0,0,0,0,false,0,false,false,true,false,15301321464264317507,18241975873182688934,true
ctl-old-self-evidence-s211-m1-r1-t2-c2-l0-d0-tr0-a6,CJ-E,micro,shared_control,6709007758183414403,211,true,true,2,2,0,0,0,6,true,true,45,2,1,4,4,2,80,LOWER_BOUND,832,7,2,0,0,0,2,2,1,1,NA,1,false,3,2,2,2,0,0,0,0,true,0,false,false,true,false,15317158834270860314,1947860159406187732,true
ctl-blocked-return-s211-m1-r1-t2-c2-l0-d0-tr0-a6,CJ-E,micro,shared_control,1625055659219217906,211,true,true,2,2,0,0,0,6,true,true,45,2,1,4,4,2,80,LOWER_BOUND,832,7,2,0,0,0,2,2,1,1,NA,1,false,3,2,2,2,0,0,0,0,true,0,false,false,true,false,15317158834270860314,1947860159406187732,true
ctl-stale-s211-m1-r1-t2-c2-l0-d0-tr0-a2,CJ-E,micro,shared_control,12854280826608730114,211,true,true,2,2,0,0,0,2,false,false,0,17,1,3,3,2,80,LOWER_BOUND,160,1,0,0,1,0,1,1,0,0,NA,1,false,1,0,2,0,0,0,0,0,false,0,false,false,true,false,13973150958647367439,13839822925854933,true
ctl-deallocation-bootstrap-s211-m1-r1-t2-c2-l0-d0-tr0-a2,CJ-E,micro,shared_control,7724619567973944475,211,true,true,2,2,0,0,0,2,false,false,2,14,0,2,2,1,40,LOWER_BOUND,224,2,1,1,1,0,1,1,0,0,NA,0,false,1,1,1,1,0,2,14,0,false,0,false,false,true,false,17686482397374774846,8637397200115076483,true
ctl-ambiguity-s211-m1-r1-t2-c2-l0-d0-tr0-a2,CJ-E,micro,shared_control,1776248756463280778,211,true,true,2,2,0,0,0,2,true,true,0,80,10,8,8,4,160,LOWER_BOUND,544,4,0,0,0,0,4,0,0,2,NA,2,false,0,0,0,0,0,0,0,0,false,0,false,false,true,false,435675206513797429,11486041312519294311,true
ctl-recursion-s211-m1-r1-t2-c2-l0-d0-tr0-a2,CJ-E,micro,shared_control,5227465266927497393,211,true,true,2,2,0,0,0,2,true,true,0,71,6,8,8,4,160,LOWER_BOUND,496,4,0,0,0,0,4,0,3,1,NA,1,false,0,0,0,0,0,0,0,0,false,3,false,false,true,false,6665491580710996073,13785268991570204852,true
ctl-replay-s211-m1-r1-t2-c2-l0-d0-tr0-a2,CJ-E,micro,shared_control,6134218286126095618,211,true,true,2,2,0,0,0,2,true,true,0,30,1,4,4,2,80,LOWER_BOUND,272,2,1,0,0,0,2,0,1,1,NA,1,false,30,30,2,2,0,0,0,1,false,0,false,true,true,false,9839356126454543805,18241975873182688934,true
f1-aa-same-tick-s211-m1-r1-t2-c2-l4-d0-tr0-a2,CJ-E,micro,same_source_bursts,16644224345095681632,211,true,true,2,2,4,0,0,2,false,false,0,19,1,3,3,2,80,LOWER_BOUND,352,1,0,0,0,0,1,0,1,1,NA,1,true,0,0,0,0,0,0,0,0,false,0,false,false,true,false,17791500753319547495,10824098503607704454,false
f1-aa-spacing-s211-m1-r1-t2-c2-l4-d-1-tr0-a2,CJ-E,micro,same_source_bursts,11958436058617685814,211,true,true,2,2,4,-1,0,2,false,false,0,9,1,2,2,2,80,LOWER_BOUND,352,1,0,0,0,0,0,0,0,0,NA,0,false,0,0,0,0,0,0,0,0,false,0,false,false,true,false,3381500388321719282,10824098503607704454,true
f1-ab-distinct-s211-m1-r1-t2-c2-l4-d-1-tr0-a2,CJ-E,micro,same_source_bursts,12202310382788377264,211,true,true,2,2,4,-1,0,2,true,false,0,31,2,4,4,2,80,LOWER_BOUND,272,2,1,0,0,0,2,0,1,1,NA,1,false,30,30,2,2,0,0,0,0,false,0,false,false,true,false,7260952106142665188,18241975873182688934,false
f1-aa-spacing-s211-m1-r1-t2-c2-l4-d0-tr0-a2,CJ-E,micro,same_source_bursts,15929516817041764852,211,true,true,2,2,4,0,0,2,false,false,0,19,1,3,3,2,80,LOWER_BOUND,352,1,0,0,0,0,1,0,1,1,NA,1,true,0,0,0,0,0,0,0,0,false,0,false,false,true,false,17791500753319547495,10824098503607704454,false
f1-ab-distinct-s211-m1-r1-t2-c2-l4-d0-tr0-a2,CJ-E,micro,same_source_bursts,12153128949199502103,211,true,true,2,2,4,0,0,2,true,true,0,30,1,4,4,2,80,LOWER_BOUND,272,2,1,0,0,0,2,0,1,1,NA,1,false,30,30,2,2,0,0,0,1,false,0,false,false,true,false,9839356126454543805,18241975873182688934,true
f1-aa-spacing-s211-m1-r1-t2-c2-l4-d1-tr0-a2,CJ-E,micro,same_source_bursts,9650884687291303564,211,true,true,2,2,4,1,0,2,false,false,0,9,1,2,2,2,80,LOWER_BOUND,352,1,0,0,0,0,0,0,0,0,NA,0,false,0,0,0,0,0,0,0,0,false,0,false,false,true,false,3381500388321719282,10824098503607704454,true
f1-ab-distinct-s211-m1-r1-t2-c2-l4-d1-tr0-a2,CJ-E,micro,same_source_bursts,4428875300753684520,211,true,true,2,2,4,1,0,2,true,false,0,18,1,3,3,2,80,LOWER_BOUND,272,2,1,0,0,0,1,0,0,0,NA,0,false,30,30,2,2,0,0,0,0,false,0,false,false,true,false,6996702281066292060,18241975873182688934,true
f1-aa-spacing-s211-m1-r1-t2-c2-l4-d2-tr0-a2,CJ-E,micro,same_source_bursts,13775561164854767304,211,true,true,2,2,4,2,0,2,false,false,0,9,1,2,2,2,80,LOWER_BOUND,352,1,0,0,0,0,0,0,0,0,NA,0,false,0,0,0,0,0,0,0,0,false,0,false,false,true,false,6405562472199153043,10824098503607704454,true
f1-ab-distinct-s211-m1-r1-t2-c2-l4-d2-tr0-a2,CJ-E,micro,same_source_bursts,9101130242540285028,211,true,true,2,2,4,2,0,2,true,false,0,18,1,3,3,2,80,LOWER_BOUND,272,2,1,0,0,0,1,0,0,0,NA,0,false,30,30,2,2,0,0,0,0,false,0,false,false,true,false,9942941275817618410,18241975873182688934,true
f1-aa-spacing-s211-m1-r1-t2-c2-l4-d3-tr0-a2,CJ-E,micro,same_source_bursts,3265133606024001784,211,true,true,2,2,4,3,0,2,false,false,0,9,1,2,2,2,80,LOWER_BOUND,352,1,0,0,0,0,0,0,0,0,NA,0,false,0,0,0,0,0,0,0,0,false,0,false,false,true,false,3376790685905736392,10824098503607704454,true
f1-ab-distinct-s211-m1-r1-t2-c2-l4-d3-tr0-a2,CJ-E,micro,same_source_bursts,1846884357253575744,211,true,true,2,2,4,3,0,2,true,false,0,18,1,3,3,2,80,LOWER_BOUND,272,2,1,0,0,0,1,0,0,0,NA,0,false,30,30,2,2,0,0,0,0,false,0,false,false,true,false,3093193870166666272,18241975873182688934,true
f1-aa-spacing-s211-m1-r1-t2-c2-l4-d4-tr0-a2,CJ-E,micro,same_source_bursts,13213204558514511004,211,true,true,2,2,4,4,0,2,false,false,0,9,1,2,2,2,80,LOWER_BOUND,352,1,0,0,0,0,0,0,0,0,NA,0,false,0,0,0,0,0,0,0,0,false,0,false,false,true,false,15462158062968585081,10824098503607704454,true
f1-ab-distinct-s211-m1-r1-t2-c2-l4-d4-tr0-a2,CJ-E,micro,same_source_bursts,2298707690887790476,211,true,true,2,2,4,4,0,2,true,false,0,18,1,3,3,2,80,LOWER_BOUND,272,2,1,0,0,0,1,0,0,0,NA,0,false,30,30,2,2,0,0,0,0,false,0,false,false,true,false,13922892092990961954,18241975873182688934,true
f1-aa-spacing-s211-m1-r1-t2-c2-l4-d5-tr0-a2,CJ-E,micro,same_source_bursts,18225139091900863732,211,true,true,2,2,4,5,0,2,false,false,0,9,1,2,2,2,80,LOWER_BOUND,352,1,0,0,0,0,0,0,0,0,NA,0,false,0,0,0,0,0,0,0,0,false,0,false,false,true,false,10094689864517152182,10824098503607704454,true
f1-ab-distinct-s211-m1-r1-t2-c2-l4-d5-tr0-a2,CJ-E,micro,same_source_bursts,4464309397720439936,211,true,true,2,2,4,5,0,2,true,false,0,18,1,3,3,2,80,LOWER_BOUND,272,2,1,0,0,0,1,0,0,0,NA,0,false,30,30,2,2,0,0,0,0,false,0,false,false,true,false,13309881806053452460,18241975873182688934,true
f1-one-path-s211-m1-r1-t2-c2-l4-d1-tr0-a2,CJ-E,micro,same_source_bursts,1601868139355915671,211,true,true,2,2,4,1,0,2,false,false,0,41,2,5,5,2,80,LOWER_BOUND,272,2,1,0,0,1,3,0,1,1,NA,1,true,30,33,2,2,0,0,0,0,false,0,false,false,true,false,5849561767859654918,4331304198074117589,false
f1-a-burst-4-s211-m1-r1-t2-c2-l4-d4-tr0-a2,CJ-E,micro,same_source_bursts,12026105896071233598,211,true,true,2,2,4,4,0,2,false,false,0,29,2,4,4,2,80,LOWER_BOUND,272,2,1,0,0,1,2,0,0,0,NA,0,false,30,33,2,2,0,0,0,0,false,0,false,false,true,false,17625810748722433334,4331304198074117589,true
f2-one-strong-s211-m1-r1-t2-c2-l4-d0-tr0-a2,CJ-E,micro,amplitude_vs_multiplicity,5723509088333028446,211,true,true,2,2,4,0,0,2,false,false,0,4,0,1,1,1,40,LOWER_BOUND,352,1,0,0,0,0,0,0,0,0,NA,0,false,0,0,0,0,0,0,0,0,false,0,false,false,true,false,13412785681036916701,10824098503607704454,true
f2-two-weak-distinct-s211-m1-r1-t2-c2-l4-d0-tr0-a2,CJ-E,micro,amplitude_vs_multiplicity,2939676214733653521,211,true,true,2,2,4,0,0,2,true,true,0,19,1,3,3,2,80,LOWER_BOUND,352,1,0,0,0,0,1,0,1,1,NA,1,false,0,0,0,0,0,0,0,0,false,0,false,false,true,false,17791500753319547495,10824098503607704454,true
f2-two-weak-same-s211-m1-r1-t2-c2-l4-d0-tr0-a2,CJ-E,micro,amplitude_vs_multiplicity,91859334139367969,211,true,true,2,2,4,0,0,2,false,false,0,19,1,3,3,2,80,LOWER_BOUND,352,1,0,0,0,0,1,0,1,1,NA,1,true,0,0,0,0,0,0,0,0,false,0,false,false,true,false,17791500753319547495,10824098503607704454,false
f2-asymmetric-distinct-s211-m1-r1-t2-c2-l4-d0-tr0-a2,CJ-E,micro,amplitude_vs_multiplicity,11361177000774955648,211,true,true,2,2,4,0,0,2,true,true,0,19,1,3,3,2,80,LOWER_BOUND,352,1,0,0,0,0,1,0,1,1,NA,1,false,0,0,0,0,0,0,0,0,false,0,false,false,true,false,17791500753319547495,10824098503607704454,true
f3-direct-return-s211-m1-r1-t2-c2-l4-d0-tr0-a2,CJ-E,micro,dense_return_topology,17096429500670517578,211,true,true,2,2,4,0,0,2,true,true,87,16,23,10,10,6,240,LOWER_BOUND,576,3,2,0,0,2,3,0,1,1,NA,1,false,3,6,2,2,0,0,0,0,true,0,false,false,true,false,2581907890848078178,4182689285813261186,true
f3-crossed-return-s211-m1-r1-t2-c2-l4-d0-tr0-a2,CJ-E,micro,dense_return_topology,1891504685976358006,211,true,true,2,2,4,0,0,2,true,true,87,16,23,10,10,6,240,LOWER_BOUND,576,3,2,0,0,1,3,1,1,1,NA,1,false,3,2,2,2,0,0,0,0,true,0,false,false,true,false,14100701362657644533,16381383220684637078,true
f3-no-return-s211-m1-r1-t2-c2-l4-d0-tr0-a2,CJ-E,micro,dense_return_topology,14735209805983412870,211,true,true,2,2,4,0,0,2,true,true,87,2,23,8,8,6,240,LOWER_BOUND,576,3,2,0,0,0,2,2,1,1,NA,1,false,3,2,2,2,0,0,0,0,true,0,false,false,true,false,186615829161497976,5101915634432260050,true
f3-direct-return-s211-m1-r1-t2-c2-l4-d0-tr0-a6,CJ-E,micro,dense_return_topology,6459391469981510722,211,true,true,2,2,4,0,0,6,true,true,115,20,23,10,10,6,240,LOWER_BOUND,1024,7,2,0,0,2,3,0,1,1,NA,1,false,3,6,2,2,0,0,0,0,true,0,false,false,true,false,2003619297484209606,2099144192154545282,true
f3-crossed-return-s211-m1-r1-t2-c2-l4-d0-tr0-a6,CJ-E,micro,dense_return_topology,13384142971206300630,211,true,true,2,2,4,0,0,6,true,true,115,20,23,10,10,6,240,LOWER_BOUND,1024,7,2,0,0,1,3,1,1,1,NA,1,false,3,2,2,2,0,0,0,0,true,0,false,false,true,false,10397435411286465433,2509437874401288206,true
f3-no-return-s211-m1-r1-t2-c2-l4-d0-tr0-a6,CJ-E,micro,dense_return_topology,17491895650954892566,211,true,true,2,2,4,0,0,6,true,true,115,2,23,8,8,6,240,LOWER_BOUND,1024,7,2,0,0,0,2,2,1,1,NA,1,false,3,2,2,2,0,0,0,0,true,0,false,false,true,false,17457276437963394192,716995713452544178,true
f4-transfer-s211-m1-r1-t2-c2-l4-d-1-tr0-a2,CJ-E,micro,timing_transfer,10209806476289475478,211,true,true,2,2,4,-1,0,2,true,false,0,31,2,4,4,2,80,LOWER_BOUND,272,2,1,0,0,0,2,0,1,1,NA,1,false,30,30,2,2,0,0,0,0,false,0,false,false,true,false,7260952106142665188,18241975873182688934,false
f4-transfer-s211-m1-r1-t2-c2-l4-d0-tr0-a2,CJ-E,micro,timing_transfer,6126931309948030637,211,true,true,2,2,4,0,0,2,true,true,0,30,1,4,4,2,80,LOWER_BOUND,272,2,1,0,0,0,2,0,1,1,NA,1,false,30,30,2,2,0,0,0,1,false,0,false,false,true,false,9839356126454543805,18241975873182688934,true
f4-transfer-s211-m1-r1-t2-c2-l4-d1-tr0-a2,CJ-E,micro,timing_transfer,14374873939434601048,211,true,true,2,2,4,1,0,2,true,false,0,18,1,3,3,2,80,LOWER_BOUND,272,2,1,0,0,0,1,0,0,0,NA,0,false,30,30,2,2,0,0,0,0,false,0,false,false,true,false,6996702281066292060,18241975873182688934,true
f4-transfer-s211-m1-r1-t2-c2-l4-d2-tr0-a2,CJ-E,micro,timing_transfer,10227286739003349650,211,true,true,2,2,4,2,0,2,true,false,0,18,1,3,3,2,80,LOWER_BOUND,272,2,1,0,0,0,1,0,0,0,NA,0,false,30,30,2,2,0,0,0,0,false,0,false,false,true,false,9942941275817618410,18241975873182688934,true
f4-transfer-s211-m1-r1-t2-c2-l4-d3-tr0-a2,CJ-E,micro,timing_transfer,14915632748677598892,211,true,true,2,2,4,3,0,2,true,false,0,18,1,3,3,2,80,LOWER_BOUND,272,2,1,0,0,0,1,0,0,0,NA,0,false,30,30,2,2,0,0,0,0,false,0,false,false,true,false,3093193870166666272,18241975873182688934,true
f4-transfer-s211-m1-r1-t2-c2-l4-d4-tr0-a2,CJ-E,micro,timing_transfer,8685552200664699554,211,true,true,2,2,4,4,0,2,true,false,0,18,1,3,3,2,80,LOWER_BOUND,272,2,1,0,0,0,1,0,0,0,NA,0,false,30,30,2,2,0,0,0,0,false,0,false,false,true,false,13922892092990961954,18241975873182688934,true
f4-transfer-s211-m1-r1-t2-c2-l4-d5-tr0-a2,CJ-E,micro,timing_transfer,8932400583907921640,211,true,true,2,2,4,5,0,2,true,false,0,18,1,3,3,2,80,LOWER_BOUND,272,2,1,0,0,0,1,0,0,0,NA,0,false,30,30,2,2,0,0,0,0,false,0,false,false,true,false,13309881806053452460,18241975873182688934,true
f4-transfer-s211-m1-r1-t2-c2-l4-d-1-tr2-a2,CJ-E,micro,timing_transfer,1804689794687351542,211,true,true,2,2,4,-1,2,2,true,false,0,31,2,4,4,2,80,LOWER_BOUND,272,2,1,0,0,0,2,0,1,1,NA,1,false,30,30,2,2,0,0,0,0,false,0,false,false,true,false,7260952106142665188,18241975873182688934,false
f4-transfer-s211-m1-r1-t2-c2-l4-d0-tr2-a2,CJ-E,micro,timing_transfer,10247342135133099697,211,true,true,2,2,4,0,2,2,true,true,0,30,1,4,4,2,80,LOWER_BOUND,272,2,1,0,0,0,2,0,1,1,NA,1,false,30,30,2,2,0,0,0,1,false,0,false,false,true,false,9839356126454543805,18241975873182688934,true
f4-transfer-s211-m1-r1-t2-c2-l4-d1-tr2-a2,CJ-E,micro,timing_transfer,14403620934767339792,211,true,true,2,2,4,1,2,2,true,false,0,18,1,3,3,2,80,LOWER_BOUND,272,2,1,0,0,0,1,0,0,0,NA,0,false,30,30,2,2,0,0,0,0,false,0,false,false,true,false,6996702281066292060,18241975873182688934,true
f4-transfer-s211-m1-r1-t2-c2-l4-d2-tr2-a2,CJ-E,micro,timing_transfer,17654925781263723510,211,true,true,2,2,4,2,2,2,true,false,0,18,1,3,3,2,80,LOWER_BOUND,272,2,1,0,0,0,1,0,0,0,NA,0,false,30,30,2,2,0,0,0,0,false,0,false,false,true,false,9942941275817618410,18241975873182688934,true
f4-transfer-s211-m1-r1-t2-c2-l4-d3-tr2-a2,CJ-E,micro,timing_transfer,16629636824461322388,211,true,true,2,2,4,3,2,2,true,false,0,18,1,3,3,2,80,LOWER_BOUND,272,2,1,0,0,0,1,0,0,0,NA,0,false,30,30,2,2,0,0,0,0,false,0,false,false,true,false,3093193870166666272,18241975873182688934,true
f4-transfer-s211-m1-r1-t2-c2-l4-d4-tr2-a2,CJ-E,micro,timing_transfer,2019875568626133286,211,true,true,2,2,4,4,2,2,true,false,0,18,1,3,3,2,80,LOWER_BOUND,272,2,1,0,0,0,1,0,0,0,NA,0,false,30,30,2,2,0,0,0,0,false,0,false,false,true,false,13922892092990961954,18241975873182688934,true
f4-transfer-s211-m1-r1-t2-c2-l4-d5-tr2-a2,CJ-E,micro,timing_transfer,7358210162977594080,211,true,true,2,2,4,5,2,2,true,false,0,18,1,3,3,2,80,LOWER_BOUND,272,2,1,0,0,0,1,0,0,0,NA,0,false,30,30,2,2,0,0,0,0,false,0,false,false,true,false,13309881806053452460,18241975873182688934,true
f4-transfer-s211-m1-r1-t2-c2-l4-d-1-tr4-a2,CJ-E,micro,timing_transfer,5932966881468171726,211,true,true,2,2,4,-1,4,2,true,false,0,31,2,4,4,2,80,LOWER_BOUND,272,2,1,0,0,0,2,0,1,1,NA,1,false,30,30,2,2,0,0,0,0,false,0,false,false,true,false,7260952106142665188,18241975873182688934,false
f4-transfer-s211-m1-r1-t2-c2-l4-d0-tr4-a2,CJ-E,micro,timing_transfer,8795015071015829981,211,true,true,2,2,4,0,4,2,true,true,0,30,1,4,4,2,80,LOWER_BOUND,272,2,1,0,0,0,2,0,1,1,NA,1,false,30,30,2,2,0,0,0,1,false,0,false,false,true,false,9839356126454543805,18241975873182688934,true
f4-transfer-s211-m1-r1-t2-c2-l4-d1-tr4-a2,CJ-E,micro,timing_transfer,17139592896718398608,211,true,true,2,2,4,1,4,2,true,false,0,18,1,3,3,2,80,LOWER_BOUND,272,2,1,0,0,0,1,0,0,0,NA,0,false,30,30,2,2,0,0,0,0,false,0,false,false,true,false,6996702281066292060,18241975873182688934,true
f4-transfer-s211-m1-r1-t2-c2-l4-d2-tr4-a2,CJ-E,micro,timing_transfer,13995265826345130602,211,true,true,2,2,4,2,4,2,true,false,0,18,1,3,3,2,80,LOWER_BOUND,272,2,1,0,0,0,1,0,0,0,NA,0,false,30,30,2,2,0,0,0,0,false,0,false,false,true,false,9942941275817618410,18241975873182688934,true
f4-transfer-s211-m1-r1-t2-c2-l4-d3-tr4-a2,CJ-E,micro,timing_transfer,5108979262256541268,211,true,true,2,2,4,3,4,2,true,false,0,18,1,3,3,2,80,LOWER_BOUND,272,2,1,0,0,0,1,0,0,0,NA,0,false,30,30,2,2,0,0,0,0,false,0,false,false,true,false,3093193870166666272,18241975873182688934,true
f4-transfer-s211-m1-r1-t2-c2-l4-d4-tr4-a2,CJ-E,micro,timing_transfer,13824986643659981618,211,true,true,2,2,4,4,4,2,true,false,0,18,1,3,3,2,80,LOWER_BOUND,272,2,1,0,0,0,1,0,0,0,NA,0,false,30,30,2,2,0,0,0,0,false,0,false,false,true,false,13922892092990961954,18241975873182688934,true
f4-transfer-s211-m1-r1-t2-c2-l4-d5-tr4-a2,CJ-E,micro,timing_transfer,10984837791411202352,211,true,true,2,2,4,5,4,2,true,false,0,18,1,3,3,2,80,LOWER_BOUND,272,2,1,0,0,0,1,0,0,0,NA,0,false,30,30,2,2,0,0,0,0,false,0,false,false,true,false,13309881806053452460,18241975873182688934,true
ctl-initial-ab-s211-m1-r1-t2-c2-l4-d0-tr0-a2,CJ-E,micro,shared_control,15612165835628622710,211,true,true,2,2,4,0,0,2,true,true,45,34,4,10,10,2,80,LOWER_BOUND,272,2,1,0,0,4,5,0,1,2,NA,2,false,30,36,2,2,0,0,0,1,false,0,true,false,true,false,316912916720952041,749573985000682646,true
ctl-initial-cd-s211-m1-r1-t2-c2-l4-d0-tr0-a2,CJ-E,micro,shared_control,14533621783707678978,211,true,true,2,2,4,0,0,2,true,true,45,34,4,10,10,2,80,LOWER_BOUND,272,2,1,0,0,4,5,0,1,2,NA,2,false,30,36,2,2,0,0,0,1,false,0,true,false,true,false,316912916720952041,749573985000682646,true
ctl-crossed-ad-s211-m1-r1-t2-c2-l4-d0-tr0-a2,CJ-E,micro,shared_control,16526092735153041250,211,true,true,2,2,4,0,0,2,false,false,0,13,0,2,2,1,40,LOWER_BOUND,272,2,1,0,0,0,1,0,0,0,NA,0,false,30,30,2,2,0,0,0,0,false,0,false,false,true,false,15301321464264317507,18241975873182688934,true
ctl-crossed-cb-s211-m1-r1-t2-c2-l4-d0-tr0-a2,CJ-E,micro,shared_control,13238890670092291882,211,true,true,2,2,4,0,0,2,false,false,0,13,0,2,2,1,40,LOWER_BOUND,272,2,1,0,0,0,1,0,0,0,NA,0,false,30,30,2,2,0,0,0,0,false,0,false,false,true,false,15301321464264317507,18241975873182688934,true
ctl-singleton-s211-m1-r1-t2-c2-l4-d0-tr0-a2,CJ-E,micro,shared_control,18246873673208062048,211,true,true,2,2,4,0,0,2,false,false,0,13,0,2,2,1,40,LOWER_BOUND,272,2,1,0,0,0,1,0,0,0,NA,0,false,30,30,2,2,0,0,0,0,false,0,false,false,true,false,15301321464264317507,18241975873182688934,true
ctl-old-self-evidence-s211-m1-r1-t2-c2-l4-d0-tr0-a6,CJ-E,micro,shared_control,15006248263218871163,211,true,true,2,2,4,0,0,6,true,true,115,2,23,8,8,6,240,LOWER_BOUND,1024,7,2,0,0,0,2,2,1,1,NA,1,false,3,2,2,2,0,0,0,0,true,0,false,false,true,false,17457276437963394192,716995713452544178,true
ctl-blocked-return-s211-m1-r1-t2-c2-l4-d0-tr0-a6,CJ-E,micro,shared_control,13470747986185338562,211,true,true,2,2,4,0,0,6,true,true,115,2,23,8,8,6,240,LOWER_BOUND,1024,7,2,0,0,0,2,2,1,1,NA,1,false,3,2,2,2,0,0,0,0,true,0,false,false,true,false,17457276437963394192,716995713452544178,true
ctl-stale-s211-m1-r1-t2-c2-l4-d0-tr0-a2,CJ-E,micro,shared_control,1855434191613848450,211,true,true,2,2,4,0,0,2,false,false,0,17,1,3,3,2,80,LOWER_BOUND,160,1,0,0,1,0,1,1,0,0,NA,1,false,1,0,2,0,0,0,0,0,false,0,false,false,true,false,13973150958647367439,13839822925854933,true
ctl-deallocation-bootstrap-s211-m1-r1-t2-c2-l4-d0-tr0-a2,CJ-E,micro,shared_control,8652409279792888379,211,true,true,2,2,4,0,0,2,false,false,2,14,0,2,2,1,40,LOWER_BOUND,224,2,1,1,1,0,1,1,0,0,NA,0,false,1,1,1,1,0,2,14,0,false,0,false,false,true,false,17686482397374774846,8637397200115076483,true
ctl-ambiguity-s211-m1-r1-t2-c2-l4-d0-tr0-a2,CJ-E,micro,shared_control,11342562901007659922,211,true,true,2,2,4,0,0,2,true,true,0,80,10,8,8,4,160,LOWER_BOUND,544,4,0,0,0,0,4,0,0,2,NA,2,false,0,0,0,0,0,0,0,0,false,0,false,false,true,false,435675206513797429,11486041312519294311,true
ctl-recursion-s211-m1-r1-t2-c2-l4-d0-tr0-a2,CJ-E,micro,shared_control,4732249214768132705,211,true,true,2,2,4,0,0,2,true,true,0,71,6,8,8,4,160,LOWER_BOUND,496,4,0,0,0,0,4,0,3,1,NA,1,false,0,0,0,0,0,0,0,0,false,3,false,false,true,false,6665491580710996073,13785268991570204852,true
ctl-replay-s211-m1-r1-t2-c2-l4-d0-tr0-a2,CJ-E,micro,shared_control,1276392647412060066,211,true,true,2,2,4,0,0,2,true,true,0,30,1,4,4,2,80,LOWER_BOUND,272,2,1,0,0,0,2,0,1,1,NA,1,false,30,30,2,2,0,0,0,1,false,0,false,true,true,false,9839356126454543805,18241975873182688934,true
f1-aa-same-tick-s211-m1-r1-t3-c1-l0-d0-tr0-a2,CJ-E,micro,same_source_bursts,1935703677856591918,211,true,true,3,1,0,0,0,2,false,false,0,19,1,3,3,2,80,LOWER_BOUND,160,1,0,0,0,0,1,0,1,1,NA,1,true,0,0,0,0,0,0,0,0,false,0,false,false,true,false,1847660569154256558,36202566077817939,false
f1-aa-spacing-s211-m1-r1-t3-c1-l0-d-1-tr0-a2,CJ-E,micro,same_source_bursts,16763353977639657116,211,true,true,3,1,0,-1,0,2,false,false,0,9,1,2,2,2,80,LOWER_BOUND,160,1,0,0,0,0,0,0,0,0,NA,0,false,0,0,0,0,0,0,0,0,false,0,false,false,true,false,5407190380754377656,36202566077817939,true
f1-ab-distinct-s211-m1-r1-t3-c1-l0-d-1-tr0-a2,CJ-E,micro,same_source_bursts,17253785039285667218,211,true,true,3,1,0,-1,0,2,true,false,0,19,2,3,3,2,80,LOWER_BOUND,272,2,1,0,0,0,1,0,0,0,NA,0,false,30,30,1,1,0,0,0,0,false,0,false,false,true,false,2016911157179807358,6468596436087875416,true
f1-aa-spacing-s211-m1-r1-t3-c1-l0-d0-tr0-a2,CJ-E,micro,same_source_bursts,2263391489742250062,211,true,true,3,1,0,0,0,2,false,false,0,19,1,3,3,2,80,LOWER_BOUND,160,1,0,0,0,0,1,0,1,1,NA,1,true,0,0,0,0,0,0,0,0,false,0,false,false,true,false,1847660569154256558,36202566077817939,false
f1-ab-distinct-s211-m1-r1-t3-c1-l0-d0-tr0-a2,CJ-E,micro,same_source_bursts,16317872468535072541,211,true,true,3,1,0,0,0,2,true,true,0,30,1,4,4,2,80,LOWER_BOUND,272,2,1,0,0,0,2,0,1,1,NA,1,false,30,30,1,1,0,0,0,1,false,0,false,false,true,false,15230280845657776119,6468596436087875416,true
f1-aa-spacing-s211-m1-r1-t3-c1-l0-d1-tr0-a2,CJ-E,micro,same_source_bursts,11323045857118573558,211,true,true,3,1,0,1,0,2,false,false,0,9,1,2,2,2,80,LOWER_BOUND,160,1,0,0,0,0,0,0,0,0,NA,0,false,0,0,0,0,0,0,0,0,false,0,false,false,true,false,5407190380754377656,36202566077817939,true
f1-ab-distinct-s211-m1-r1-t3-c1-l0-d1-tr0-a2,CJ-E,micro,same_source_bursts,17174650737648492926,211,true,true,3,1,0,1,0,2,true,false,0,18,1,3,3,2,80,LOWER_BOUND,272,2,1,0,0,0,1,0,0,0,NA,0,false,30,30,1,1,0,0,0,0,false,0,false,false,true,false,18306144690419934102,6468596436087875416,true
f1-aa-spacing-s211-m1-r1-t3-c1-l0-d2-tr0-a2,CJ-E,micro,same_source_bursts,16981557917049580482,211,true,true,3,1,0,2,0,2,false,false,0,9,1,2,2,2,80,LOWER_BOUND,160,1,0,0,0,0,0,0,0,0,NA,0,false,0,0,0,0,0,0,0,0,false,0,false,false,true,false,9354561080524319497,36202566077817939,true
f1-ab-distinct-s211-m1-r1-t3-c1-l0-d2-tr0-a2,CJ-E,micro,same_source_bursts,18094943815951700522,211,true,true,3,1,0,2,0,2,true,false,0,18,1,3,3,2,80,LOWER_BOUND,272,2,1,0,0,0,1,0,0,0,NA,0,false,30,30,1,1,0,0,0,0,false,0,false,false,true,false,9146511815020386929,6468596436087875416,true
f1-aa-spacing-s211-m1-r1-t3-c1-l0-d3-tr0-a2,CJ-E,micro,same_source_bursts,1417722046644342162,211,true,true,3,1,0,3,0,2,false,false,0,9,1,2,2,2,80,LOWER_BOUND,160,1,0,0,0,0,0,0,0,0,NA,0,false,0,0,0,0,0,0,0,0,false,0,false,false,true,false,7300406128774393426,36202566077817939,true
f1-ab-distinct-s211-m1-r1-t3-c1-l0-d3-tr0-a2,CJ-E,micro,same_source_bursts,7608745488086206478,211,true,true,3,1,0,3,0,2,true,false,0,18,1,3,3,2,80,LOWER_BOUND,272,2,1,0,0,0,1,0,0,0,NA,0,false,30,30,1,1,0,0,0,0,false,0,false,false,true,false,10374935911926318135,6468596436087875416,true
f1-aa-spacing-s211-m1-r1-t3-c1-l0-d4-tr0-a2,CJ-E,micro,same_source_bursts,14814590356923425590,211,true,true,3,1,0,4,0,2,false,false,0,9,1,2,2,2,80,LOWER_BOUND,160,1,0,0,0,0,0,0,0,0,NA,0,false,0,0,0,0,0,0,0,0,false,0,false,false,true,false,12589746034860276795,36202566077817939,true
f1-ab-distinct-s211-m1-r1-t3-c1-l0-d4-tr0-a2,CJ-E,micro,same_source_bursts,7249914188912395082,211,true,true,3,1,0,4,0,2,true,false,0,18,1,3,3,2,80,LOWER_BOUND,272,2,1,0,0,0,1,0,0,0,NA,0,false,30,30,1,1,0,0,0,0,false,0,false,false,true,false,17763848975544702269,6468596436087875416,true
f1-aa-spacing-s211-m1-r1-t3-c1-l0-d5-tr0-a2,CJ-E,micro,same_source_bursts,4785812294038472766,211,true,true,3,1,0,5,0,2,false,false,0,9,1,2,2,2,80,LOWER_BOUND,160,1,0,0,0,0,0,0,0,0,NA,0,false,0,0,0,0,0,0,0,0,false,0,false,false,true,false,10118938981221896436,36202566077817939,true
f1-ab-distinct-s211-m1-r1-t3-c1-l0-d5-tr0-a2,CJ-E,micro,same_source_bursts,1164338250762314374,211,true,true,3,1,0,5,0,2,true,false,0,18,1,3,3,2,80,LOWER_BOUND,272,2,1,0,0,0,1,0,0,0,NA,0,false,30,30,1,1,0,0,0,0,false,0,false,false,true,false,9048418621729211247,6468596436087875416,true
f1-one-path-s211-m1-r1-t3-c1-l0-d1-tr0-a2,CJ-E,micro,same_source_bursts,4500788745761962949,211,true,true,3,1,0,1,0,2,false,false,0,29,2,4,4,2,80,LOWER_BOUND,272,2,1,0,0,1,2,0,0,0,NA,0,false,30,33,1,1,0,0,0,0,false,0,false,false,true,false,8732793854241995059,2607889914365191587,true
f1-a-burst-4-s211-m1-r1-t3-c1-l0-d4-tr0-a2,CJ-E,micro,same_source_bursts,10625558412616359320,211,true,true,3,1,0,4,0,2,false,false,0,29,2,4,4,2,80,LOWER_BOUND,272,2,1,0,0,1,2,0,0,0,NA,0,false,30,33,1,1,0,0,0,0,false,0,false,false,true,false,235984252618516225,2607889914365191587,true
f2-one-strong-s211-m1-r1-t3-c1-l0-d0-tr0-a2,CJ-E,micro,amplitude_vs_multiplicity,8562211207447094536,211,true,true,3,1,0,0,0,2,false,false,0,4,0,1,1,1,40,LOWER_BOUND,160,1,0,0,0,0,0,0,0,0,NA,0,false,0,0,0,0,0,0,0,0,false,0,false,false,true,false,3730083045906327617,36202566077817939,true
f2-two-weak-distinct-s211-m1-r1-t3-c1-l0-d0-tr0-a2,CJ-E,micro,amplitude_vs_multiplicity,13143657677333611731,211,true,true,3,1,0,0,0,2,true,true,0,19,1,3,3,2,80,LOWER_BOUND,160,1,0,0,0,0,1,0,1,1,NA,1,false,0,0,0,0,0,0,0,0,false,0,false,false,true,false,1847660569154256558,36202566077817939,true
f2-two-weak-same-s211-m1-r1-t3-c1-l0-d0-tr0-a2,CJ-E,micro,amplitude_vs_multiplicity,8648878562592492591,211,true,true,3,1,0,0,0,2,false,false,0,19,1,3,3,2,80,LOWER_BOUND,160,1,0,0,0,0,1,0,1,1,NA,1,true,0,0,0,0,0,0,0,0,false,0,false,false,true,false,1847660569154256558,36202566077817939,false
f2-asymmetric-distinct-s211-m1-r1-t3-c1-l0-d0-tr0-a2,CJ-E,micro,amplitude_vs_multiplicity,249508131457780266,211,true,true,3,1,0,0,0,2,true,true,0,19,1,3,3,2,80,LOWER_BOUND,160,1,0,0,0,0,1,0,1,1,NA,1,false,0,0,0,0,0,0,0,0,false,0,false,false,true,false,1847660569154256558,36202566077817939,true
f3-direct-return-s211-m1-r1-t3-c1-l0-d0-tr0-a2,CJ-E,micro,dense_return_topology,3708457654567037992,211,true,true,3,1,0,0,0,2,true,true,33,16,1,6,6,2,80,LOWER_BOUND,384,3,2,0,0,2,3,0,1,1,NA,1,false,3,6,1,2,0,0,0,0,true,0,false,false,true,false,12657131514245497686,8148198288974013874,true
f3-crossed-return-s211-m1-r1-t3-c1-l0-d0-tr0-a2,CJ-E,micro,dense_return_topology,4419898943533295104,211,true,true,3,1,0,0,0,2,true,true,33,16,1,6,6,2,80,LOWER_BOUND,384,3,2,0,0,1,3,1,1,1,NA,1,false,3,2,1,1,0,0,0,0,true,0,false,false,true,false,10325222279803399234,10365243892751972085,true
f3-no-return-s211-m1-r1-t3-c1-l0-d0-tr0-a2,CJ-E,micro,dense_return_topology,525202391026931904,211,true,true,3,1,0,0,0,2,true,true,33,2,1,4,4,2,80,LOWER_BOUND,384,3,2,0,0,0,2,2,1,1,NA,1,false,3,2,1,1,0,0,0,0,true,0,false,false,true,false,4231048637853669811,18071819706360423641,true
f3-direct-return-s211-m1-r1-t3-c1-l0-d0-tr0-a6,CJ-E,micro,dense_return_topology,10286721586725485920,211,true,true,3,1,0,0,0,6,true,true,45,20,1,6,6,2,80,LOWER_BOUND,832,7,2,0,0,2,3,0,1,1,NA,1,false,3,6,1,2,0,0,0,0,true,0,false,false,true,false,9282972878690441662,1677262283438511614,true
f3-crossed-return-s211-m1-r1-t3-c1-l0-d0-tr0-a6,CJ-E,micro,dense_return_topology,11991263321974874400,211,true,true,3,1,0,0,0,6,true,true,45,20,1,6,6,2,80,LOWER_BOUND,832,7,2,0,0,1,3,1,1,1,NA,1,false,3,2,1,1,0,0,0,0,true,0,false,false,true,false,960099918633130310,17324565421255141109,true
f3-no-return-s211-m1-r1-t3-c1-l0-d0-tr0-a6,CJ-E,micro,dense_return_topology,12056114988115564656,211,true,true,3,1,0,0,0,6,true,true,45,2,1,4,4,2,80,LOWER_BOUND,832,7,2,0,0,0,2,2,1,1,NA,1,false,3,2,1,1,0,0,0,0,true,0,false,false,true,false,4493814415520392195,6913137299481970633,true
f4-transfer-s211-m1-r1-t3-c1-l0-d-1-tr0-a2,CJ-E,micro,timing_transfer,2117637907921947208,211,true,true,3,1,0,-1,0,2,true,false,0,19,2,3,3,2,80,LOWER_BOUND,272,2,1,0,0,0,1,0,0,0,NA,0,false,30,30,1,1,0,0,0,0,false,0,false,false,true,false,2016911157179807358,6468596436087875416,true
f4-transfer-s211-m1-r1-t3-c1-l0-d0-tr0-a2,CJ-E,micro,timing_transfer,13255443867067228395,211,true,true,3,1,0,0,0,2,true,true,0,30,1,4,4,2,80,LOWER_BOUND,272,2,1,0,0,0,2,0,1,1,NA,1,false,30,30,1,1,0,0,0,1,false,0,false,false,true,false,15230280845657776119,6468596436087875416,true
f4-transfer-s211-m1-r1-t3-c1-l0-d1-tr0-a2,CJ-E,micro,timing_transfer,14904788994827069218,211,true,true,3,1,0,1,0,2,true,false,0,18,1,3,3,2,80,LOWER_BOUND,272,2,1,0,0,0,1,0,0,0,NA,0,false,30,30,1,1,0,0,0,0,false,0,false,false,true,false,18306144690419934102,6468596436087875416,true
f4-transfer-s211-m1-r1-t3-c1-l0-d2-tr0-a2,CJ-E,micro,timing_transfer,12942569702470683752,211,true,true,3,1,0,2,0,2,true,false,0,18,1,3,3,2,80,LOWER_BOUND,272,2,1,0,0,0,1,0,0,0,NA,0,false,30,30,1,1,0,0,0,0,false,0,false,false,true,false,9146511815020386929,6468596436087875416,true
f4-transfer-s211-m1-r1-t3-c1-l0-d3-tr0-a2,CJ-E,micro,timing_transfer,10613010764230645814,211,true,true,3,1,0,3,0,2,true,false,0,18,1,3,3,2,80,LOWER_BOUND,272,2,1,0,0,0,1,0,0,0,NA,0,false,30,30,1,1,0,0,0,0,false,0,false,false,true,false,10374935911926318135,6468596436087875416,true
f4-transfer-s211-m1-r1-t3-c1-l0-d4-tr0-a2,CJ-E,micro,timing_transfer,16236177469258684160,211,true,true,3,1,0,4,0,2,true,false,0,18,1,3,3,2,80,LOWER_BOUND,272,2,1,0,0,0,1,0,0,0,NA,0,false,30,30,1,1,0,0,0,0,false,0,false,false,true,false,17763848975544702269,6468596436087875416,true
f4-transfer-s211-m1-r1-t3-c1-l0-d5-tr0-a2,CJ-E,micro,timing_transfer,578117937712848882,211,true,true,3,1,0,5,0,2,true,false,0,18,1,3,3,2,80,LOWER_BOUND,272,2,1,0,0,0,1,0,0,0,NA,0,false,30,30,1,1,0,0,0,0,false,0,false,false,true,false,9048418621729211247,6468596436087875416,true
f4-transfer-s211-m1-r1-t3-c1-l0-d-1-tr2-a2,CJ-E,micro,timing_transfer,45707747886460528,211,true,true,3,1,0,-1,2,2,true,false,0,19,2,3,3,2,80,LOWER_BOUND,272,2,1,0,0,0,1,0,0,0,NA,0,false,30,30,1,1,0,0,0,0,false,0,false,false,true,false,2016911157179807358,6468596436087875416,true
f4-transfer-s211-m1-r1-t3-c1-l0-d0-tr2-a2,CJ-E,micro,timing_transfer,17578768871312507519,211,true,true,3,1,0,0,2,2,true,true,0,30,1,4,4,2,80,LOWER_BOUND,272,2,1,0,0,0,2,0,1,1,NA,1,false,30,30,1,1,0,0,0,1,false,0,false,false,true,false,15230280845657776119,6468596436087875416,true
f4-transfer-s211-m1-r1-t3-c1-l0-d1-tr2-a2,CJ-E,micro,timing_transfer,7958399397146669714,211,true,true,3,1,0,1,2,2,true,false,0,18,1,3,3,2,80,LOWER_BOUND,272,2,1,0,0,0,1,0,0,0,NA,0,false,30,30,1,1,0,0,0,0,false,0,false,false,true,false,18306144690419934102,6468596436087875416,true
f4-transfer-s211-m1-r1-t3-c1-l0-d2-tr2-a2,CJ-E,micro,timing_transfer,126707210880945676,211,true,true,3,1,0,2,2,2,true,false,0,18,1,3,3,2,80,LOWER_BOUND,272,2,1,0,0,0,1,0,0,0,NA,0,false,30,30,1,1,0,0,0,0,false,0,false,false,true,false,9146511815020386929,6468596436087875416,true
f4-transfer-s211-m1-r1-t3-c1-l0-d3-tr2-a2,CJ-E,micro,timing_transfer,3179209770942757638,211,true,true,3,1,0,3,2,2,true,false,0,18,1,3,3,2,80,LOWER_BOUND,272,2,1,0,0,0,1,0,0,0,NA,0,false,30,30,1,1,0,0,0,0,false,0,false,false,true,false,10374935911926318135,6468596436087875416,true
f4-transfer-s211-m1-r1-t3-c1-l0-d4-tr2-a2,CJ-E,micro,timing_transfer,4769203159237474900,211,true,true,3,1,0,4,2,2,true,false,0,18,1,3,3,2,80,LOWER_BOUND,272,2,1,0,0,0,1,0,0,0,NA,0,false,30,30,1,1,0,0,0,0,false,0,false,false,true,false,17763848975544702269,6468596436087875416,true
f4-transfer-s211-m1-r1-t3-c1-l0-d5-tr2-a2,CJ-E,micro,timing_transfer,8207356541226504290,211,true,true,3,1,0,5,2,2,true,false,0,18,1,3,3,2,80,LOWER_BOUND,272,2,1,0,0,0,1,0,0,0,NA,0,false,30,30,1,1,0,0,0,0,false,0,false,false,true,false,9048418621729211247,6468596436087875416,true
f4-transfer-s211-m1-r1-t3-c1-l0-d-1-tr4-a2,CJ-E,micro,timing_transfer,17420980265371533064,211,true,true,3,1,0,-1,4,2,true,false,0,19,2,3,3,2,80,LOWER_BOUND,272,2,1,0,0,0,1,0,0,0,NA,0,false,30,30,1,1,0,0,0,0,false,0,false,false,true,false,2016911157179807358,6468596436087875416,true
f4-transfer-s211-m1-r1-t3-c1-l0-d0-tr4-a2,CJ-E,micro,timing_transfer,9479161673466737947,211,true,true,3,1,0,0,4,2,true,true,0,30,1,4,4,2,80,LOWER_BOUND,272,2,1,0,0,0,2,0,1,1,NA,1,false,30,30,1,1,0,0,0,1,false,0,false,false,true,false,15230280845657776119,6468596436087875416,true
f4-transfer-s211-m1-r1-t3-c1-l0-d1-tr4-a2,CJ-E,micro,timing_transfer,13664845205194282138,211,true,true,3,1,0,1,4,2,true,false,0,18,1,3,3,2,80,LOWER_BOUND,272,2,1,0,0,0,1,0,0,0,NA,0,false,30,30,1,1,0,0,0,0,false,0,false,false,true,false,18306144690419934102,6468596436087875416,true
f4-transfer-s211-m1-r1-t3-c1-l0-d2-tr4-a2,CJ-E,micro,timing_transfer,523583242652120800,211,true,true,3,1,0,2,4,2,true,false,0,18,1,3,3,2,80,LOWER_BOUND,272,2,1,0,0,0,1,0,0,0,NA,0,false,30,30,1,1,0,0,0,0,false,0,false,false,true,false,9146511815020386929,6468596436087875416,true
f4-transfer-s211-m1-r1-t3-c1-l0-d3-tr4-a2,CJ-E,micro,timing_transfer,17062760729255420318,211,true,true,3,1,0,3,4,2,true,false,0,18,1,3,3,2,80,LOWER_BOUND,272,2,1,0,0,0,1,0,0,0,NA,0,false,30,30,1,1,0,0,0,0,false,0,false,false,true,false,10374935911926318135,6468596436087875416,true
f4-transfer-s211-m1-r1-t3-c1-l0-d4-tr4-a2,CJ-E,micro,timing_transfer,4329631065679502352,211,true,true,3,1,0,4,4,2,true,false,0,18,1,3,3,2,80,LOWER_BOUND,272,2,1,0,0,0,1,0,0,0,NA,0,false,30,30,1,1,0,0,0,0,false,0,false,false,true,false,17763848975544702269,6468596436087875416,true
f4-transfer-s211-m1-r1-t3-c1-l0-d5-tr4-a2,CJ-E,micro,timing_transfer,3203706747569756282,211,true,true,3,1,0,5,4,2,true,false,0,18,1,3,3,2,80,LOWER_BOUND,272,2,1,0,0,0,1,0,0,0,NA,0,false,30,30,1,1,0,0,0,0,false,0,false,false,true,false,9048418621729211247,6468596436087875416,true
ctl-initial-ab-s211-m1-r1-t3-c1-l0-d0-tr0-a2,CJ-E,micro,shared_control,3978907666638201396,211,true,true,3,1,0,0,0,2,true,true,45,31,2,10,10,2,80,LOWER_BOUND,272,2,1,0,0,3,5,0,1,2,NA,2,false,30,36,1,1,0,0,0,1,false,0,true,false,true,false,7572281281974198772,9875068527391529303,true
ctl-initial-cd-s211-m1-r1-t3-c1-l0-d0-tr0-a2,CJ-E,micro,shared_control,3410472375375300576,211,true,true,3,1,0,0,0,2,true,true,45,31,2,10,10,2,80,LOWER_BOUND,272,2,1,0,0,3,5,0,1,2,NA,2,false,30,36,1,1,0,0,0,1,false,0,true,false,true,false,7572281281974198772,9875068527391529303,true
ctl-crossed-ad-s211-m1-r1-t3-c1-l0-d0-tr0-a2,CJ-E,micro,shared_control,6434030087769324004,211,true,true,3,1,0,0,0,2,false,false,0,13,0,2,2,1,40,LOWER_BOUND,272,2,1,0,0,0,1,0,0,0,NA,0,false,30,30,1,1,0,0,0,0,false,0,false,false,true,false,7128349416843504644,6468596436087875416,true
ctl-crossed-cb-s211-m1-r1-t3-c1-l0-d0-tr0-a2,CJ-E,micro,shared_control,10735761193691850380,211,true,true,3,1,0,0,0,2,false,false,0,13,0,2,2,1,40,LOWER_BOUND,272,2,1,0,0,0,1,0,0,0,NA,0,false,30,30,1,1,0,0,0,0,false,0,false,false,true,false,7128349416843504644,6468596436087875416,true
ctl-singleton-s211-m1-r1-t3-c1-l0-d0-tr0-a2,CJ-E,micro,shared_control,3134421809847601930,211,true,true,3,1,0,0,0,2,false,false,0,13,0,2,2,1,40,LOWER_BOUND,272,2,1,0,0,0,1,0,0,0,NA,0,false,30,30,1,1,0,0,0,0,false,0,false,false,true,false,7128349416843504644,6468596436087875416,true
ctl-old-self-evidence-s211-m1-r1-t3-c1-l0-d0-tr0-a6,CJ-E,micro,shared_control,6345026510317881521,211,true,true,3,1,0,0,0,6,true,true,45,2,1,4,4,2,80,LOWER_BOUND,832,7,2,0,0,0,2,2,1,1,NA,1,false,3,2,1,1,0,0,0,0,true,0,false,false,true,false,4493814415520392195,6913137299481970633,true
ctl-blocked-return-s211-m1-r1-t3-c1-l0-d0-tr0-a6,CJ-E,micro,shared_control,12052287094840193172,211,true,true,3,1,0,0,0,6,true,true,45,2,1,4,4,2,80,LOWER_BOUND,832,7,2,0,0,0,2,2,1,1,NA,1,false,3,2,1,1,0,0,0,0,true,0,false,false,true,false,4493814415520392195,6913137299481970633,true
ctl-stale-s211-m1-r1-t3-c1-l0-d0-tr0-a2,CJ-E,micro,shared_control,4868900121641810408,211,true,true,3,1,0,0,0,2,false,false,0,17,1,3,3,2,80,LOWER_BOUND,160,1,0,0,1,0,1,1,0,0,NA,1,false,1,0,1,0,0,0,0,0,false,0,false,false,true,false,3844617043356231111,18316532081066962361,true
ctl-deallocation-bootstrap-s211-m1-r1-t3-c1-l0-d0-tr0-a2,CJ-E,micro,shared_control,11140775151563327201,211,true,true,3,1,0,0,0,2,false,false,2,14,0,2,2,1,40,LOWER_BOUND,224,2,1,1,1,0,1,1,0,0,NA,0,false,1,1,1,1,0,2,14,0,false,0,false,false,true,false,4967328986596180885,9529855636399771064,true
ctl-ambiguity-s211-m1-r1-t3-c1-l0-d0-tr0-a2,CJ-E,micro,shared_control,11956536148601535592,211,true,true,3,1,0,0,0,2,true,true,0,80,10,8,8,4,160,LOWER_BOUND,544,4,0,0,0,0,4,0,0,2,NA,2,false,0,0,0,0,0,0,0,0,false,0,false,false,true,false,7841671056771238239,3644446750250121049,true
ctl-recursion-s211-m1-r1-t3-c1-l0-d0-tr0-a2,CJ-E,micro,shared_control,1322714371727095643,211,true,true,3,1,0,0,0,2,true,true,0,71,6,8,8,4,160,LOWER_BOUND,496,4,0,0,0,0,4,0,3,1,NA,1,false,0,0,0,0,0,0,0,0,false,3,false,false,true,false,6665491580710996073,13785268991570204852,true
ctl-replay-s211-m1-r1-t3-c1-l0-d0-tr0-a2,CJ-E,micro,shared_control,2644339705968035832,211,true,true,3,1,0,0,0,2,true,true,0,30,1,4,4,2,80,LOWER_BOUND,272,2,1,0,0,0,2,0,1,1,NA,1,false,30,30,1,1,0,0,0,1,false,0,false,true,true,false,15230280845657776119,6468596436087875416,true
f1-aa-same-tick-s211-m1-r1-t3-c1-l4-d0-tr0-a2,CJ-E,micro,same_source_bursts,13715043094538690982,211,true,true,3,1,4,0,0,2,false,false,0,19,1,3,3,2,80,LOWER_BOUND,352,1,0,0,0,0,1,0,1,1,NA,1,true,0,0,0,0,0,0,0,0,false,0,false,false,true,false,17052834048277604360,6289448632855503049,false
f1-aa-spacing-s211-m1-r1-t3-c1-l4-d-1-tr0-a2,CJ-E,micro,same_source_bursts,1009549537559547572,211,true,true,3,1,4,-1,0,2,false,false,0,9,1,2,2,2,80,LOWER_BOUND,352,1,0,0,0,0,0,0,0,0,NA,0,false,0,0,0,0,0,0,0,0,false,0,false,false,true,false,8363382769646325278,6289448632855503049,true
f1-ab-distinct-s211-m1-r1-t3-c1-l4-d-1-tr0-a2,CJ-E,micro,same_source_bursts,13763008099323533858,211,true,true,3,1,4,-1,0,2,true,false,0,19,2,3,3,2,80,LOWER_BOUND,272,2,1,0,0,0,1,0,0,0,NA,0,false,30,30,1,1,0,0,0,0,false,0,false,false,true,false,2016911157179807358,6468596436087875416,true
f1-aa-spacing-s211-m1-r1-t3-c1-l4-d0-tr0-a2,CJ-E,micro,same_source_bursts,11119861505913944246,211,true,true,3,1,4,0,0,2,false,false,0,19,1,3,3,2,80,LOWER_BOUND,352,1,0,0,0,0,1,0,1,1,NA,1,true,0,0,0,0,0,0,0,0,false,0,false,false,true,false,17052834048277604360,6289448632855503049,false
f1-ab-distinct-s211-m1-r1-t3-c1-l4-d0-tr0-a2,CJ-E,micro,same_source_bursts,13612750898443683781,211,true,true,3,1,4,0,0,2,true,true,0,30,1,4,4,2,80,LOWER_BOUND,272,2,1,0,0,0,2,0,1,1,NA,1,false,30,30,1,1,0,0,0,1,false,0,false,false,true,false,15230280845657776119,6468596436087875416,true
f1-aa-spacing-s211-m1-r1-t3-c1-l4-d1-tr0-a2,CJ-E,micro,same_source_bursts,17681948398900378430,211,true,true,3,1,4,1,0,2,false,false,0,9,1,2,2,2,80,LOWER_BOUND,352,1,0,0,0,0,0,0,0,0,NA,0,false,0,0,0,0,0,0,0,0,false,0,false,false,true,false,8363382769646325278,6289448632855503049,true
f1-ab-distinct-s211-m1-r1-t3-c1-l4-d1-tr0-a2,CJ-E,micro,same_source_bursts,10070194622547357182,211,true,true,3,1,4,1,0,2,true,false,0,18,1,3,3,2,80,LOWER_BOUND,272,2,1,0,0,0,1,0,0,0,NA,0,false,30,30,1,1,0,0,0,0,false,0,false,false,true,false,18306144690419934102,6468596436087875416,true
f1-aa-spacing-s211-m1-r1-t3-c1-l4-d2-tr0-a2,CJ-E,micro,same_source_bursts,7356397929036027074,211,true,true,3,1,4,2,0,2,false,false,0,9,1,2,2,2,80,LOWER_BOUND,352,1,0,0,0,0,0,0,0,0,NA,0,false,0,0,0,0,0,0,0,0,false,0,false,false,true,false,2147357371988127087,6289448632855503049,true
f1-ab-distinct-s211-m1-r1-t3-c1-l4-d2-tr0-a2,CJ-E,micro,same_source_bursts,3536147176017931986,211,true,true,3,1,4,2,0,2,true,false,0,18,1,3,3,2,80,LOWER_BOUND,272,2,1,0,0,0,1,0,0,0,NA,0,false,30,30,1,1,0,0,0,0,false,0,false,false,true,false,9146511815020386929,6468596436087875416,true
f1-aa-spacing-s211-m1-r1-t3-c1-l4-d3-tr0-a2,CJ-E,micro,same_source_bursts,16681299628204262194,211,true,true,3,1,4,3,0,2,false,false,0,9,1,2,2,2,80,LOWER_BOUND,352,1,0,0,0,0,0,0,0,0,NA,0,false,0,0,0,0,0,0,0,0,false,0,false,false,true,false,1832558826500541060,6289448632855503049,true
f1-ab-distinct-s211-m1-r1-t3-c1-l4-d3-tr0-a2,CJ-E,micro,same_source_bursts,10618232881872772942,211,true,true,3,1,4,3,0,2,true,false,0,18,1,3,3,2,80,LOWER_BOUND,272,2,1,0,0,0,1,0,0,0,NA,0,false,30,30,1,1,0,0,0,0,false,0,false,false,true,false,10374935911926318135,6468596436087875416,true
f1-aa-spacing-s211-m1-r1-t3-c1-l4-d4-tr0-a2,CJ-E,micro,same_source_bursts,3473669265561969422,211,true,true,3,1,4,4,0,2,false,false,0,9,1,2,2,2,80,LOWER_BOUND,352,1,0,0,0,0,0,0,0,0,NA,0,false,0,0,0,0,0,0,0,0,false,0,false,false,true,false,7585721635257475245,6289448632855503049,true
f1-ab-distinct-s211-m1-r1-t3-c1-l4-d4-tr0-a2,CJ-E,micro,same_source_bursts,12477207417067621170,211,true,true,3,1,4,4,0,2,true,false,0,18,1,3,3,2,80,LOWER_BOUND,272,2,1,0,0,0,1,0,0,0,NA,0,false,30,30,1,1,0,0,0,0,false,0,false,false,true,false,17763848975544702269,6468596436087875416,true
f1-aa-spacing-s211-m1-r1-t3-c1-l4-d5-tr0-a2,CJ-E,micro,same_source_bursts,1539747835848570550,211,true,true,3,1,4,5,0,2,false,false,0,9,1,2,2,2,80,LOWER_BOUND,352,1,0,0,0,0,0,0,0,0,NA,0,false,0,0,0,0,0,0,0,0,false,0,false,false,true,false,16781638963632463642,6289448632855503049,true
f1-ab-distinct-s211-m1-r1-t3-c1-l4-d5-tr0-a2,CJ-E,micro,same_source_bursts,14574195531874939542,211,true,true,3,1,4,5,0,2,true,false,0,18,1,3,3,2,80,LOWER_BOUND,272,2,1,0,0,0,1,0,0,0,NA,0,false,30,30,1,1,0,0,0,0,false,0,false,false,true,false,9048418621729211247,6468596436087875416,true
f1-one-path-s211-m1-r1-t3-c1-l4-d1-tr0-a2,CJ-E,micro,same_source_bursts,14701085177665622109,211,true,true,3,1,4,1,0,2,false,false,0,29,2,4,4,2,80,LOWER_BOUND,272,2,1,0,0,1,2,0,0,0,NA,0,false,30,33,1,1,0,0,0,0,false,0,false,false,true,false,8732793854241995059,2607889914365191587,true
f1-a-burst-4-s211-m1-r1-t3-c1-l4-d4-tr0-a2,CJ-E,micro,same_source_bursts,17358653523668758048,211,true,true,3,1,4,4,0,2,false,false,0,29,2,4,4,2,80,LOWER_BOUND,272,2,1,0,0,1,2,0,0,0,NA,0,false,30,33,1,1,0,0,0,0,false,0,false,false,true,false,235984252618516225,2607889914365191587,true
f2-one-strong-s211-m1-r1-t3-c1-l4-d0-tr0-a2,CJ-E,micro,amplitude_vs_multiplicity,6793975056506555856,211,true,true,3,1,4,0,0,2,false,false,0,4,0,1,1,1,40,LOWER_BOUND,352,1,0,0,0,0,0,0,0,0,NA,0,false,0,0,0,0,0,0,0,0,false,0,false,false,true,false,7136939371225201139,6289448632855503049,true
f2-two-weak-distinct-s211-m1-r1-t3-c1-l4-d0-tr0-a2,CJ-E,micro,amplitude_vs_multiplicity,10279815842687165179,211,true,true,3,1,4,0,0,2,true,true,0,19,1,3,3,2,80,LOWER_BOUND,352,1,0,0,0,0,1,0,1,1,NA,1,false,0,0,0,0,0,0,0,0,false,0,false,false,true,false,17052834048277604360,6289448632855503049,true
f2-two-weak-same-s211-m1-r1-t3-c1-l4-d0-tr0-a2,CJ-E,micro,amplitude_vs_multiplicity,10638768712368762231,211,true,true,3,1,4,0,0,2,false,false,0,19,1,3,3,2,80,LOWER_BOUND,352,1,0,0,0,0,1,0,1,1,NA,1,true,0,0,0,0,0,0,0,0,false,0,false,false,true,false,17052834048277604360,6289448632855503049,false
f2-asymmetric-distinct-s211-m1-r1-t3-c1-l4-d0-tr0-a2,CJ-E,micro,amplitude_vs_multiplicity,5407521481075736370,211,true,true,3,1,4,0,0,2,true,true,0,19,1,3,3,2,80,LOWER_BOUND,352,1,0,0,0,0,1,0,1,1,NA,1,false,0,0,0,0,0,0,0,0,false,0,false,false,true,false,17052834048277604360,6289448632855503049,true
f3-direct-return-s211-m1-r1-t3-c1-l4-d0-tr0-a2,CJ-E,micro,dense_return_topology,5310879058058785864,211,true,true,3,1,4,0,0,2,true,true,87,16,23,10,10,6,240,LOWER_BOUND,576,3,2,0,0,2,3,0,1,1,NA,1,false,3,6,1,2,0,0,0,0,true,0,false,false,true,false,2231982979056451452,3450012545996906544,true
f3-crossed-return-s211-m1-r1-t3-c1-l4-d0-tr0-a2,CJ-E,micro,dense_return_topology,3996532129212148488,211,true,true,3,1,4,0,0,2,true,true,87,16,23,10,10,6,240,LOWER_BOUND,576,3,2,0,0,1,3,1,1,1,NA,1,false,3,2,1,1,0,0,0,0,true,0,false,false,true,false,867824217456136872,14233679159534027151,true
f3-no-return-s211-m1-r1-t3-c1-l4-d0-tr0-a2,CJ-E,micro,dense_return_topology,8061935387471008504,211,true,true,3,1,4,0,0,2,true,true,87,2,23,8,8,6,240,LOWER_BOUND,576,3,2,0,0,0,2,2,1,1,NA,1,false,3,2,1,1,0,0,0,0,true,0,false,false,true,false,10477565191840704989,958733870950601499,true
f3-direct-return-s211-m1-r1-t3-c1-l4-d0-tr0-a6,CJ-E,micro,dense_return_topology,17739287097605968656,211,true,true,3,1,4,0,0,6,true,true,115,20,23,10,10,6,240,LOWER_BOUND,1024,7,2,0,0,2,3,0,1,1,NA,1,false,3,6,1,2,0,0,0,0,true,0,false,false,true,false,6175684128237661764,13244029566785497988,true
f3-crossed-return-s211-m1-r1-t3-c1-l4-d0-tr0-a6,CJ-E,micro,dense_return_topology,9169096917859781736,211,true,true,3,1,4,0,0,6,true,true,115,20,23,10,10,6,240,LOWER_BOUND,1024,7,2,0,0,1,3,1,1,1,NA,1,false,3,2,1,1,0,0,0,0,true,0,false,false,true,false,9362357406152833252,18083928178011604655,true
f3-no-return-s211-m1-r1-t3-c1-l4-d0-tr0-a6,CJ-E,micro,dense_return_topology,13064420384936231496,211,true,true,3,1,4,0,0,6,true,true,115,2,23,8,8,6,240,LOWER_BOUND,1024,7,2,0,0,0,2,2,1,1,NA,1,false,3,2,1,1,0,0,0,0,true,0,false,false,true,false,6891283975433711205,14693493060248087995,true
f4-transfer-s211-m1-r1-t3-c1-l4-d-1-tr0-a2,CJ-E,micro,timing_transfer,7684560161400212272,211,true,true,3,1,4,-1,0,2,true,false,0,19,2,3,3,2,80,LOWER_BOUND,272,2,1,0,0,0,1,0,0,0,NA,0,false,30,30,1,1,0,0,0,0,false,0,false,false,true,false,2016911157179807358,6468596436087875416,true
f4-transfer-s211-m1-r1-t3-c1-l4-d0-tr0-a2,CJ-E,micro,timing_transfer,4438628056561968099,211,true,true,3,1,4,0,0,2,true,true,0,30,1,4,4,2,80,LOWER_BOUND,272,2,1,0,0,0,2,0,1,1,NA,1,false,30,30,1,1,0,0,0,1,false,0,false,false,true,false,15230280845657776119,6468596436087875416,true
f4-transfer-s211-m1-r1-t3-c1-l4-d1-tr0-a2,CJ-E,micro,timing_transfer,1788619663391635186,211,true,true,3,1,4,1,0,2,true,false,0,18,1,3,3,2,80,LOWER_BOUND,272,2,1,0,0,0,1,0,0,0,NA,0,false,30,30,1,1,0,0,0,0,false,0,false,false,true,false,18306144690419934102,6468596436087875416,true
f4-transfer-s211-m1-r1-t3-c1-l4-d2-tr0-a2,CJ-E,micro,timing_transfer,11277649964266192848,211,true,true,3,1,4,2,0,2,true,false,0,18,1,3,3,2,80,LOWER_BOUND,272,2,1,0,0,0,1,0,0,0,NA,0,false,30,30,1,1,0,0,0,0,false,0,false,false,true,false,9146511815020386929,6468596436087875416,true
f4-transfer-s211-m1-r1-t3-c1-l4-d3-tr0-a2,CJ-E,micro,timing_transfer,9571402465589777502,211,true,true,3,1,4,3,0,2,true,false,0,18,1,3,3,2,80,LOWER_BOUND,272,2,1,0,0,0,1,0,0,0,NA,0,false,30,30,1,1,0,0,0,0,false,0,false,false,true,false,10374935911926318135,6468596436087875416,true
f4-transfer-s211-m1-r1-t3-c1-l4-d4-tr0-a2,CJ-E,micro,timing_transfer,9227461085957322984,211,true,true,3,1,4,4,0,2,true,false,0,18,1,3,3,2,80,LOWER_BOUND,272,2,1,0,0,0,1,0,0,0,NA,0,false,30,30,1,1,0,0,0,0,false,0,false,false,true,false,17763848975544702269,6468596436087875416,true
f4-transfer-s211-m1-r1-t3-c1-l4-d5-tr0-a2,CJ-E,micro,timing_transfer,1787740188009553634,211,true,true,3,1,4,5,0,2,true,false,0,18,1,3,3,2,80,LOWER_BOUND,272,2,1,0,0,0,1,0,0,0,NA,0,false,30,30,1,1,0,0,0,0,false,0,false,false,true,false,9048418621729211247,6468596436087875416,true
f4-transfer-s211-m1-r1-t3-c1-l4-d-1-tr2-a2,CJ-E,micro,timing_transfer,11785213671677695312,211,true,true,3,1,4,-1,2,2,true,false,0,19,2,3,3,2,80,LOWER_BOUND,272,2,1,0,0,0,1,0,0,0,NA,0,false,30,30,1,1,0,0,0,0,false,0,false,false,true,false,2016911157179807358,6468596436087875416,true
f4-transfer-s211-m1-r1-t3-c1-l4-d0-tr2-a2,CJ-E,micro,timing_transfer,10229717559954488495,211,true,true,3,1,4,0,2,2,true,true,0,30,1,4,4,2,80,LOWER_BOUND,272,2,1,0,0,0,2,0,1,1,NA,1,false,30,30,1,1,0,0,0,1,false,0,false,false,true,false,15230280845657776119,6468596436087875416,true
f4-transfer-s211-m1-r1-t3-c1-l4-d1-tr2-a2,CJ-E,micro,timing_transfer,1383253238767806818,211,true,true,3,1,4,1,2,2,true,false,0,18,1,3,3,2,80,LOWER_BOUND,272,2,1,0,0,0,1,0,0,0,NA,0,false,30,30,1,1,0,0,0,0,false,0,false,false,true,false,18306144690419934102,6468596436087875416,true
f4-transfer-s211-m1-r1-t3-c1-l4-d2-tr2-a2,CJ-E,micro,timing_transfer,4715199360702438092,211,true,true,3,1,4,2,2,2,true,false,0,18,1,3,3,2,80,LOWER_BOUND,272,2,1,0,0,0,1,0,0,0,NA,0,false,30,30,1,1,0,0,0,0,false,0,false,false,true,false,9146511815020386929,6468596436087875416,true
f4-transfer-s211-m1-r1-t3-c1-l4-d3-tr2-a2,CJ-E,micro,timing_transfer,14759162009394750382,211,true,true,3,1,4,3,2,2,true,false,0,18,1,3,3,2,80,LOWER_BOUND,272,2,1,0,0,0,1,0,0,0,NA,0,false,30,30,1,1,0,0,0,0,false,0,false,false,true,false,10374935911926318135,6468596436087875416,true
f4-transfer-s211-m1-r1-t3-c1-l4-d4-tr2-a2,CJ-E,micro,timing_transfer,17645198034781329284,211,true,true,3,1,4,4,2,2,true,false,0,18,1,3,3,2,80,LOWER_BOUND,272,2,1,0,0,0,1,0,0,0,NA,0,false,30,30,1,1,0,0,0,0,false,0,false,false,true,false,17763848975544702269,6468596436087875416,true
f4-transfer-s211-m1-r1-t3-c1-l4-d5-tr2-a2,CJ-E,micro,timing_transfer,16064443501690858194,211,true,true,3,1,4,5,2,2,true,false,0,18,1,3,3,2,80,LOWER_BOUND,272,2,1,0,0,0,1,0,0,0,NA,0,false,30,30,1,1,0,0,0,0,false,0,false,false,true,false,9048418621729211247,6468596436087875416,true
f4-transfer-s211-m1-r1-t3-c1-l4-d-1-tr4-a2,CJ-E,micro,timing_transfer,11223121921535583728,211,true,true,3,1,4,-1,4,2,true,false,0,19,2,3,3,2,80,LOWER_BOUND,272,2,1,0,0,0,1,0,0,0,NA,0,false,30,30,1,1,0,0,0,0,false,0,false,false,true,false,2016911157179807358,6468596436087875416,true
f4-transfer-s211-m1-r1-t3-c1-l4-d0-tr4-a2,CJ-E,micro,timing_transfer,10023904110649774803,211,true,true,3,1,4,0,4,2,true,true,0,30,1,4,4,2,80,LOWER_BOUND,272,2,1,0,0,0,2,0,1,1,NA,1,false,30,30,1,1,0,0,0,1,false,0,false,false,true,false,15230280845657776119,6468596436087875416,true
f4-transfer-s211-m1-r1-t3-c1-l4-d1-tr4-a2,CJ-E,micro,timing_transfer,15979861203920707898,211,true,true,3,1,4,1,4,2,true,false,0,18,1,3,3,2,80,LOWER_BOUND,272,2,1,0,0,0,1,0,0,0,NA,0,false,30,30,1,1,0,0,0,0,false,0,false,false,true,false,18306144690419934102,6468596436087875416,true
f4-transfer-s211-m1-r1-t3-c1-l4-d2-tr4-a2,CJ-E,micro,timing_transfer,2720920037345991704,211,true,true,3,1,4,2,4,2,true,false,0,18,1,3,3,2,80,LOWER_BOUND,272,2,1,0,0,0,1,0,0,0,NA,0,false,30,30,1,1,0,0,0,0,false,0,false,false,true,false,9146511815020386929,6468596436087875416,true
f4-transfer-s211-m1-r1-t3-c1-l4-d3-tr4-a2,CJ-E,micro,timing_transfer,5168726943159197942,211,true,true,3,1,4,3,4,2,true,false,0,18,1,3,3,2,80,LOWER_BOUND,272,2,1,0,0,0,1,0,0,0,NA,0,false,30,30,1,1,0,0,0,0,false,0,false,false,true,false,10374935911926318135,6468596436087875416,true
f4-transfer-s211-m1-r1-t3-c1-l4-d4-tr4-a2,CJ-E,micro,timing_transfer,11266880119644834168,211,true,true,3,1,4,4,4,2,true,false,0,18,1,3,3,2,80,LOWER_BOUND,272,2,1,0,0,0,1,0,0,0,NA,0,false,30,30,1,1,0,0,0,0,false,0,false,false,true,false,17763848975544702269,6468596436087875416,true
f4-transfer-s211-m1-r1-t3-c1-l4-d5-tr4-a2,CJ-E,micro,timing_transfer,8421319933289289498,211,true,true,3,1,4,5,4,2,true,false,0,18,1,3,3,2,80,LOWER_BOUND,272,2,1,0,0,0,1,0,0,0,NA,0,false,30,30,1,1,0,0,0,0,false,0,false,false,true,false,9048418621729211247,6468596436087875416,true
ctl-initial-ab-s211-m1-r1-t3-c1-l4-d0-tr0-a2,CJ-E,micro,shared_control,4527438745971434452,211,true,true,3,1,4,0,0,2,true,true,45,31,2,10,10,2,80,LOWER_BOUND,272,2,1,0,0,3,5,0,1,2,NA,2,false,30,36,1,1,0,0,0,1,false,0,true,false,true,false,7572281281974198772,9875068527391529303,true
ctl-initial-cd-s211-m1-r1-t3-c1-l4-d0-tr0-a2,CJ-E,micro,shared_control,15174804463190514432,211,true,true,3,1,4,0,0,2,true,true,45,31,2,10,10,2,80,LOWER_BOUND,272,2,1,0,0,3,5,0,1,2,NA,2,false,30,36,1,1,0,0,0,1,false,0,true,false,true,false,7572281281974198772,9875068527391529303,true
ctl-crossed-ad-s211-m1-r1-t3-c1-l4-d0-tr0-a2,CJ-E,micro,shared_control,13505129015267125412,211,true,true,3,1,4,0,0,2,false,false,0,13,0,2,2,1,40,LOWER_BOUND,272,2,1,0,0,0,1,0,0,0,NA,0,false,30,30,1,1,0,0,0,0,false,0,false,false,true,false,7128349416843504644,6468596436087875416,true
ctl-crossed-cb-s211-m1-r1-t3-c1-l4-d0-tr0-a2,CJ-E,micro,shared_control,4578716570864768108,211,true,true,3,1,4,0,0,2,false,false,0,13,0,2,2,1,40,LOWER_BOUND,272,2,1,0,0,0,1,0,0,0,NA,0,false,30,30,1,1,0,0,0,0,false,0,false,false,true,false,7128349416843504644,6468596436087875416,true
ctl-singleton-s211-m1-r1-t3-c1-l4-d0-tr0-a2,CJ-E,micro,shared_control,5859147016489859706,211,true,true,3,1,4,0,0,2,false,false,0,13,0,2,2,1,40,LOWER_BOUND,272,2,1,0,0,0,1,0,0,0,NA,0,false,30,30,1,1,0,0,0,0,false,0,false,false,true,false,7128349416843504644,6468596436087875416,true
ctl-old-self-evidence-s211-m1-r1-t3-c1-l4-d0-tr0-a6,CJ-E,micro,shared_control,11406715580769089929,211,true,true,3,1,4,0,0,6,true,true,115,2,23,8,8,6,240,LOWER_BOUND,1024,7,2,0,0,0,2,2,1,1,NA,1,false,3,2,1,1,0,0,0,0,true,0,false,false,true,false,6891283975433711205,14693493060248087995,true
ctl-blocked-return-s211-m1-r1-t3-c1-l4-d0-tr0-a6,CJ-E,micro,shared_control,3714411634595247268,211,true,true,3,1,4,0,0,6,true,true,115,2,23,8,8,6,240,LOWER_BOUND,1024,7,2,0,0,0,2,2,1,1,NA,1,false,3,2,1,1,0,0,0,0,true,0,false,false,true,false,6891283975433711205,14693493060248087995,true
ctl-stale-s211-m1-r1-t3-c1-l4-d0-tr0-a2,CJ-E,micro,shared_control,7672003054218951208,211,true,true,3,1,4,0,0,2,false,false,0,17,1,3,3,2,80,LOWER_BOUND,160,1,0,0,1,0,1,1,0,0,NA,1,false,1,0,1,0,0,0,0,0,false,0,false,false,true,false,3844617043356231111,18316532081066962361,true
ctl-deallocation-bootstrap-s211-m1-r1-t3-c1-l4-d0-tr0-a2,CJ-E,micro,shared_control,14963796189237253089,211,true,true,3,1,4,0,0,2,false,false,2,14,0,2,2,1,40,LOWER_BOUND,224,2,1,1,1,0,1,1,0,0,NA,0,false,1,1,1,1,0,2,14,0,false,0,false,false,true,false,4967328986596180885,9529855636399771064,true
ctl-ambiguity-s211-m1-r1-t3-c1-l4-d0-tr0-a2,CJ-E,micro,shared_control,7934234270410391936,211,true,true,3,1,4,0,0,2,true,true,0,80,10,8,8,4,160,LOWER_BOUND,544,4,0,0,0,0,4,0,0,2,NA,2,false,0,0,0,0,0,0,0,0,false,0,false,false,true,false,7841671056771238239,3644446750250121049,true
ctl-recursion-s211-m1-r1-t3-c1-l4-d0-tr0-a2,CJ-E,micro,shared_control,1928967118227215595,211,true,true,3,1,4,0,0,2,true,true,0,71,6,8,8,4,160,LOWER_BOUND,496,4,0,0,0,0,4,0,3,1,NA,1,false,0,0,0,0,0,0,0,0,false,3,false,false,true,false,6665491580710996073,13785268991570204852,true
ctl-replay-s211-m1-r1-t3-c1-l4-d0-tr0-a2,CJ-E,micro,shared_control,12251040701565378488,211,true,true,3,1,4,0,0,2,true,true,0,30,1,4,4,2,80,LOWER_BOUND,272,2,1,0,0,0,2,0,1,1,NA,1,false,30,30,1,1,0,0,0,1,false,0,false,true,true,false,15230280845657776119,6468596436087875416,true
f1-aa-same-tick-s211-m1-r1-t3-c2-l0-d0-tr0-a2,CJ-E,micro,same_source_bursts,10530405018785861026,211,true,true,3,2,0,0,0,2,false,false,0,19,1,3,3,2,80,LOWER_BOUND,160,1,0,0,0,0,1,0,1,1,NA,1,true,0,0,0,0,0,0,0,0,false,0,false,false,true,false,1847660569154256558,36202566077817939,false
f1-aa-spacing-s211-m1-r1-t3-c2-l0-d-1-tr0-a2,CJ-E,micro,same_source_bursts,4570306827731049654,211,true,true,3,2,0,-1,0,2,false,false,0,9,1,2,2,2,80,LOWER_BOUND,160,1,0,0,0,0,0,0,0,0,NA,0,false,0,0,0,0,0,0,0,0,false,0,false,false,true,false,5407190380754377656,36202566077817939,true
f1-ab-distinct-s211-m1-r1-t3-c2-l0-d-1-tr0-a2,CJ-E,micro,same_source_bursts,16303381483391243068,211,true,true,3,2,0,-1,0,2,true,false,0,19,2,3,3,2,80,LOWER_BOUND,272,2,1,0,0,0,1,0,0,0,NA,0,false,30,30,2,2,0,0,0,0,false,0,false,false,true,false,10778689521648852777,8731258315871478895,true
f1-aa-spacing-s211-m1-r1-t3-c2-l0-d0-tr0-a2,CJ-E,micro,same_source_bursts,4009725054572593002,211,true,true,3,2,0,0,0,2,false,false,0,19,1,3,3,2,80,LOWER_BOUND,160,1,0,0,0,0,1,0,1,1,NA,1,true,0,0,0,0,0,0,0,0,false,0,false,false,true,false,1847660569154256558,36202566077817939,false
f1-ab-distinct-s211-m1-r1-t3-c2-l0-d0-tr0-a2,CJ-E,micro,same_source_bursts,177835589343042153,211,true,true,3,2,0,0,0,2,true,true,0,30,1,4,4,2,80,LOWER_BOUND,272,2,1,0,0,0,2,0,1,1,NA,1,false,30,30,2,2,0,0,0,1,false,0,false,false,true,false,17746079455265377864,8731258315871478895,true
f1-aa-spacing-s211-m1-r1-t3-c2-l0-d1-tr0-a2,CJ-E,micro,same_source_bursts,1107519283655794650,211,true,true,3,2,0,1,0,2,false,false,0,9,1,2,2,2,80,LOWER_BOUND,160,1,0,0,0,0,0,0,0,0,NA,0,false,0,0,0,0,0,0,0,0,false,0,false,false,true,false,5407190380754377656,36202566077817939,true
f1-ab-distinct-s211-m1-r1-t3-c2-l0-d1-tr0-a2,CJ-E,micro,same_source_bursts,10255392076168601642,211,true,true,3,2,0,1,0,2,true,false,0,18,1,3,3,2,80,LOWER_BOUND,272,2,1,0,0,0,1,0,0,0,NA,0,false,30,30,2,2,0,0,0,0,false,0,false,false,true,false,11078102326184398537,8731258315871478895,true
f1-aa-spacing-s211-m1-r1-t3-c2-l0-d2-tr0-a2,CJ-E,micro,same_source_bursts,3831810094104829646,211,true,true,3,2,0,2,0,2,false,false,0,9,1,2,2,2,80,LOWER_BOUND,160,1,0,0,0,0,0,0,0,0,NA,0,false,0,0,0,0,0,0,0,0,false,0,false,false,true,false,9354561080524319497,36202566077817939,true
f1-ab-distinct-s211-m1-r1-t3-c2-l0-d2-tr0-a2,CJ-E,micro,same_source_bursts,1116962409078486398,211,true,true,3,2,0,2,0,2,true,false,0,18,1,3,3,2,80,LOWER_BOUND,272,2,1,0,0,0,1,0,0,0,NA,0,false,30,30,2,2,0,0,0,0,false,0,false,false,true,false,9631920154863225711,8731258315871478895,true
f1-aa-spacing-s211-m1-r1-t3-c2-l0-d3-tr0-a2,CJ-E,micro,same_source_bursts,5179885834353431846,211,true,true,3,2,0,3,0,2,false,false,0,9,1,2,2,2,80,LOWER_BOUND,160,1,0,0,0,0,0,0,0,0,NA,0,false,0,0,0,0,0,0,0,0,false,0,false,false,true,false,7300406128774393426,36202566077817939,true
f1-ab-distinct-s211-m1-r1-t3-c2-l0-d3-tr0-a2,CJ-E,micro,same_source_bursts,14526657542181983386,211,true,true,3,2,0,3,0,2,true,false,0,18,1,3,3,2,80,LOWER_BOUND,272,2,1,0,0,0,1,0,0,0,NA,0,false,30,30,2,2,0,0,0,0,false,0,false,false,true,false,9520296673914571205,8731258315871478895,true
f1-aa-spacing-s211-m1-r1-t3-c2-l0-d4-tr0-a2,CJ-E,micro,same_source_bursts,2214447684979550058,211,true,true,3,2,0,4,0,2,false,false,0,9,1,2,2,2,80,LOWER_BOUND,160,1,0,0,0,0,0,0,0,0,NA,0,false,0,0,0,0,0,0,0,0,false,0,false,false,true,false,12589746034860276795,36202566077817939,true
f1-ab-distinct-s211-m1-r1-t3-c2-l0-d4-tr0-a2,CJ-E,micro,same_source_bursts,7466142829968583414,211,true,true,3,2,0,4,0,2,true,false,0,18,1,3,3,2,80,LOWER_BOUND,272,2,1,0,0,0,1,0,0,0,NA,0,false,30,30,2,2,0,0,0,0,false,0,false,false,true,false,7806414231508636591,8731258315871478895,true
f1-aa-spacing-s211-m1-r1-t3-c2-l0-d5-tr0-a2,CJ-E,micro,same_source_bursts,13742281337235614618,211,true,true,3,2,0,5,0,2,false,false,0,9,1,2,2,2,80,LOWER_BOUND,160,1,0,0,0,0,0,0,0,0,NA,0,false,0,0,0,0,0,0,0,0,false,0,false,false,true,false,10118938981221896436,36202566077817939,true
f1-ab-distinct-s211-m1-r1-t3-c2-l0-d5-tr0-a2,CJ-E,micro,same_source_bursts,13203596290774523578,211,true,true,3,2,0,5,0,2,true,false,0,18,1,3,3,2,80,LOWER_BOUND,272,2,1,0,0,0,1,0,0,0,NA,0,false,30,30,2,2,0,0,0,0,false,0,false,false,true,false,2865019220108594489,8731258315871478895,true
f1-one-path-s211-m1-r1-t3-c2-l0-d1-tr0-a2,CJ-E,micro,same_source_bursts,17145060640546267143,211,true,true,3,2,0,1,0,2,false,false,0,41,2,5,5,2,80,LOWER_BOUND,272,2,1,0,0,1,3,0,1,1,NA,1,true,30,33,2,2,0,0,0,0,false,0,false,false,true,false,11183336215377464715,11619641159588932156,false
f1-a-burst-4-s211-m1-r1-t3-c2-l0-d4-tr0-a2,CJ-E,micro,same_source_bursts,4297473207340271674,211,true,true,3,2,0,4,0,2,false,false,0,29,2,4,4,2,80,LOWER_BOUND,272,2,1,0,0,1,2,0,0,0,NA,0,false,30,33,2,2,0,0,0,0,false,0,false,false,true,false,12577461117323661043,11619641159588932156,true
f2-one-strong-s211-m1-r1-t3-c2-l0-d0-tr0-a2,CJ-E,micro,amplitude_vs_multiplicity,16131799126803823168,211,true,true,3,2,0,0,0,2,false,false,0,4,0,1,1,1,40,LOWER_BOUND,160,1,0,0,0,0,0,0,0,0,NA,0,false,0,0,0,0,0,0,0,0,false,0,false,false,true,false,3730083045906327617,36202566077817939,true
f2-two-weak-distinct-s211-m1-r1-t3-c2-l0-d0-tr0-a2,CJ-E,micro,amplitude_vs_multiplicity,3316356303794842737,211,true,true,3,2,0,0,0,2,true,true,0,19,1,3,3,2,80,LOWER_BOUND,160,1,0,0,0,0,1,0,1,1,NA,1,false,0,0,0,0,0,0,0,0,false,0,false,false,true,false,1847660569154256558,36202566077817939,true
f2-two-weak-same-s211-m1-r1-t3-c2-l0-d0-tr0-a2,CJ-E,micro,amplitude_vs_multiplicity,11959162005129041537,211,true,true,3,2,0,0,0,2,false,false,0,19,1,3,3,2,80,LOWER_BOUND,160,1,0,0,0,0,1,0,1,1,NA,1,true,0,0,0,0,0,0,0,0,false,0,false,false,true,false,1847660569154256558,36202566077817939,false
f2-asymmetric-distinct-s211-m1-r1-t3-c2-l0-d0-tr0-a2,CJ-E,micro,amplitude_vs_multiplicity,494118514579225526,211,true,true,3,2,0,0,0,2,true,true,0,19,1,3,3,2,80,LOWER_BOUND,160,1,0,0,0,0,1,0,1,1,NA,1,false,0,0,0,0,0,0,0,0,false,0,false,false,true,false,1847660569154256558,36202566077817939,true
f3-direct-return-s211-m1-r1-t3-c2-l0-d0-tr0-a2,CJ-E,micro,dense_return_topology,4233777419208950314,211,true,true,3,2,0,0,0,2,true,true,33,16,1,6,6,2,80,LOWER_BOUND,384,3,2,0,0,2,3,0,1,1,NA,1,false,3,6,2,2,0,0,0,0,true,0,false,false,true,false,12226963462200149823,1761654972502200511,true
f3-crossed-return-s211-m1-r1-t3-c2-l0-d0-tr0-a2,CJ-E,micro,dense_return_topology,7768905906260275220,211,true,true,3,2,0,0,0,2,true,true,33,16,1,6,6,2,80,LOWER_BOUND,384,3,2,0,0,1,3,1,1,1,NA,1,false,3,2,2,2,0,0,0,0,true,0,false,false,true,false,9539236981370121388,6300642457280883091,true
f3-no-return-s211-m1-r1-t3-c2-l0-d0-tr0-a2,CJ-E,micro,dense_return_topology,4878855484695068406,211,true,true,3,2,0,0,0,2,true,true,33,2,1,4,4,2,80,LOWER_BOUND,384,3,2,0,0,0,2,2,1,1,NA,1,false,3,2,2,2,0,0,0,0,true,0,false,false,true,false,17207632804715404169,12473825407977868919,true
f3-direct-return-s211-m1-r1-t3-c2-l0-d0-tr0-a6,CJ-E,micro,dense_return_topology,2856592063578309026,211,true,true,3,2,0,0,0,6,true,true,45,20,1,6,6,2,80,LOWER_BOUND,832,7,2,0,0,2,3,0,1,1,NA,1,false,3,6,2,2,0,0,0,0,true,0,false,false,true,false,6791675868391005739,3118451390138846543,true
f3-crossed-return-s211-m1-r1-t3-c2-l0-d0-tr0-a6,CJ-E,micro,dense_return_topology,1677743748423983644,211,true,true,3,2,0,0,0,6,true,true,45,20,1,6,6,2,80,LOWER_BOUND,832,7,2,0,0,1,3,1,1,1,NA,1,false,3,2,2,2,0,0,0,0,true,0,false,false,true,false,16789507878561211680,14392532260298874227,true
f3-no-return-s211-m1-r1-t3-c2-l0-d0-tr0-a6,CJ-E,micro,dense_return_topology,8995338860317172038,211,true,true,3,2,0,0,0,6,true,true,45,2,1,4,4,2,80,LOWER_BOUND,832,7,2,0,0,0,2,2,1,1,NA,1,false,3,2,2,2,0,0,0,0,true,0,false,false,true,false,4621986688000907345,13930701329095402983,true
f4-transfer-s211-m1-r1-t3-c2-l0-d-1-tr0-a2,CJ-E,micro,timing_transfer,1162960599432806632,211,true,true,3,2,0,-1,0,2,true,false,0,19,2,3,3,2,80,LOWER_BOUND,272,2,1,0,0,0,1,0,0,0,NA,0,false,30,30,2,2,0,0,0,0,false,0,false,false,true,false,10778689521648852777,8731258315871478895,true
f4-transfer-s211-m1-r1-t3-c2-l0-d0-tr0-a2,CJ-E,micro,timing_transfer,14401025351588825977,211,true,true,3,2,0,0,0,2,true,true,0,30,1,4,4,2,80,LOWER_BOUND,272,2,1,0,0,0,2,0,1,1,NA,1,false,30,30,2,2,0,0,0,1,false,0,false,false,true,false,17746079455265377864,8731258315871478895,true
f4-transfer-s211-m1-r1-t3-c2-l0-d1-tr0-a2,CJ-E,micro,timing_transfer,13780620875194440432,211,true,true,3,2,0,1,0,2,true,false,0,18,1,3,3,2,80,LOWER_BOUND,272,2,1,0,0,0,1,0,0,0,NA,0,false,30,30,2,2,0,0,0,0,false,0,false,false,true,false,11078102326184398537,8731258315871478895,true
f4-transfer-s211-m1-r1-t3-c2-l0-d2-tr0-a2,CJ-E,micro,timing_transfer,16220681717483662698,211,true,true,3,2,0,2,0,2,true,false,0,18,1,3,3,2,80,LOWER_BOUND,272,2,1,0,0,0,1,0,0,0,NA,0,false,30,30,2,2,0,0,0,0,false,0,false,false,true,false,9631920154863225711,8731258315871478895,true
f4-transfer-s211-m1-r1-t3-c2-l0-d3-tr0-a2,CJ-E,micro,timing_transfer,7562824476733416016,211,true,true,3,2,0,3,0,2,true,false,0,18,1,3,3,2,80,LOWER_BOUND,272,2,1,0,0,0,1,0,0,0,NA,0,false,30,30,2,2,0,0,0,0,false,0,false,false,true,false,9520296673914571205,8731258315871478895,true
f4-transfer-s211-m1-r1-t3-c2-l0-d4-tr0-a2,CJ-E,micro,timing_transfer,11398091765422775430,211,true,true,3,2,0,4,0,2,true,false,0,18,1,3,3,2,80,LOWER_BOUND,272,2,1,0,0,0,1,0,0,0,NA,0,false,30,30,2,2,0,0,0,0,false,0,false,false,true,false,7806414231508636591,8731258315871478895,true
f4-transfer-s211-m1-r1-t3-c2-l0-d5-tr0-a2,CJ-E,micro,timing_transfer,5053230544652916408,211,true,true,3,2,0,5,0,2,true,false,0,18,1,3,3,2,80,LOWER_BOUND,272,2,1,0,0,0,1,0,0,0,NA,0,false,30,30,2,2,0,0,0,0,false,0,false,false,true,false,2865019220108594489,8731258315871478895,true
f4-transfer-s211-m1-r1-t3-c2-l0-d-1-tr2-a2,CJ-E,micro,timing_transfer,2932122395407075780,211,true,true,3,2,0,-1,2,2,true,false,0,19,2,3,3,2,80,LOWER_BOUND,272,2,1,0,0,0,1,0,0,0,NA,0,false,30,30,2,2,0,0,0,0,false,0,false,false,true,false,10778689521648852777,8731258315871478895,true
f4-transfer-s211-m1-r1-t3-c2-l0-d0-tr2-a2,CJ-E,micro,timing_transfer,5261054084285302921,211,true,true,3,2,0,0,2,2,true,true,0,30,1,4,4,2,80,LOWER_BOUND,272,2,1,0,0,0,2,0,1,1,NA,1,false,30,30,2,2,0,0,0,1,false,0,false,false,true,false,17746079455265377864,8731258315871478895,true
f4-transfer-s211-m1-r1-t3-c2-l0-d1-tr2-a2,CJ-E,micro,timing_transfer,3164389432967568276,211,true,true,3,2,0,1,2,2,true,false,0,18,1,3,3,2,80,LOWER_BOUND,272,2,1,0,0,0,1,0,0,0,NA,0,false,30,30,2,2,0,0,0,0,false,0,false,false,true,false,11078102326184398537,8731258315871478895,true
f4-transfer-s211-m1-r1-t3-c2-l0-d2-tr2-a2,CJ-E,micro,timing_transfer,17747119724803224250,211,true,true,3,2,0,2,2,2,true,false,0,18,1,3,3,2,80,LOWER_BOUND,272,2,1,0,0,0,1,0,0,0,NA,0,false,30,30,2,2,0,0,0,0,false,0,false,false,true,false,9631920154863225711,8731258315871478895,true
f4-transfer-s211-m1-r1-t3-c2-l0-d3-tr2-a2,CJ-E,micro,timing_transfer,8117745311426945900,211,true,true,3,2,0,3,2,2,true,false,0,18,1,3,3,2,80,LOWER_BOUND,272,2,1,0,0,0,1,0,0,0,NA,0,false,30,30,2,2,0,0,0,0,false,0,false,false,true,false,9520296673914571205,8731258315871478895,true
f4-transfer-s211-m1-r1-t3-c2-l0-d4-tr2-a2,CJ-E,micro,timing_transfer,15695678889609820502,211,true,true,3,2,0,4,2,2,true,false,0,18,1,3,3,2,80,LOWER_BOUND,272,2,1,0,0,0,1,0,0,0,NA,0,false,30,30,2,2,0,0,0,0,false,0,false,false,true,false,7806414231508636591,8731258315871478895,true
f4-transfer-s211-m1-r1-t3-c2-l0-d5-tr2-a2,CJ-E,micro,timing_transfer,3853798055073669652,211,true,true,3,2,0,5,2,2,true,false,0,18,1,3,3,2,80,LOWER_BOUND,272,2,1,0,0,0,1,0,0,0,NA,0,false,30,30,2,2,0,0,0,0,false,0,false,false,true,false,2865019220108594489,8731258315871478895,true
f4-transfer-s211-m1-r1-t3-c2-l0-d-1-tr4-a2,CJ-E,micro,timing_transfer,14133047677727047808,211,true,true,3,2,0,-1,4,2,true,false,0,19,2,3,3,2,80,LOWER_BOUND,272,2,1,0,0,0,1,0,0,0,NA,0,false,30,30,2,2,0,0,0,0,false,0,false,false,true,false,10778689521648852777,8731258315871478895,true
f4-transfer-s211-m1-r1-t3-c2-l0-d0-tr4-a2,CJ-E,micro,timing_transfer,16941816423725906369,211,true,true,3,2,0,0,4,2,true,true,0,30,1,4,4,2,80,LOWER_BOUND,272,2,1,0,0,0,2,0,1,1,NA,1,false,30,30,2,2,0,0,0,1,false,0,false,false,true,false,17746079455265377864,8731258315871478895,true
f4-transfer-s211-m1-r1-t3-c2-l0-d1-tr4-a2,CJ-E,micro,timing_transfer,14052293310591228968,211,true,true,3,2,0,1,4,2,true,false,0,18,1,3,3,2,80,LOWER_BOUND,272,2,1,0,0,0,1,0,0,0,NA,0,false,30,30,2,2,0,0,0,0,false,0,false,false,true,false,11078102326184398537,8731258315871478895,true
f4-transfer-s211-m1-r1-t3-c2-l0-d2-tr4-a2,CJ-E,micro,timing_transfer,3586542096831235266,211,true,true,3,2,0,2,4,2,true,false,0,18,1,3,3,2,80,LOWER_BOUND,272,2,1,0,0,0,1,0,0,0,NA,0,false,30,30,2,2,0,0,0,0,false,0,false,false,true,false,9631920154863225711,8731258315871478895,true
f4-transfer-s211-m1-r1-t3-c2-l0-d3-tr4-a2,CJ-E,micro,timing_transfer,16212791731634442496,211,true,true,3,2,0,3,4,2,true,false,0,18,1,3,3,2,80,LOWER_BOUND,272,2,1,0,0,0,1,0,0,0,NA,0,false,30,30,2,2,0,0,0,0,false,0,false,false,true,false,9520296673914571205,8731258315871478895,true
f4-transfer-s211-m1-r1-t3-c2-l0-d4-tr4-a2,CJ-E,micro,timing_transfer,3269194046840021278,211,true,true,3,2,0,4,4,2,true,false,0,18,1,3,3,2,80,LOWER_BOUND,272,2,1,0,0,0,1,0,0,0,NA,0,false,30,30,2,2,0,0,0,0,false,0,false,false,true,false,7806414231508636591,8731258315871478895,true
f4-transfer-s211-m1-r1-t3-c2-l0-d5-tr4-a2,CJ-E,micro,timing_transfer,3191342479518990080,211,true,true,3,2,0,5,4,2,true,false,0,18,1,3,3,2,80,LOWER_BOUND,272,2,1,0,0,0,1,0,0,0,NA,0,false,30,30,2,2,0,0,0,0,false,0,false,false,true,false,2865019220108594489,8731258315871478895,true
ctl-initial-ab-s211-m1-r1-t3-c2-l0-d0-tr0-a2,CJ-E,micro,shared_control,7588103331038710758,211,true,true,3,2,0,0,0,2,true,true,45,31,2,10,10,2,80,LOWER_BOUND,272,2,1,0,0,3,5,0,1,2,NA,2,false,30,36,2,2,0,0,0,1,false,0,true,false,true,false,9973984662450504827,18394946174240301436,true
ctl-initial-cd-s211-m1-r1-t3-c2-l0-d0-tr0-a2,CJ-E,micro,shared_control,15370436913523961602,211,true,true,3,2,0,0,0,2,true,true,45,31,2,10,10,2,80,LOWER_BOUND,272,2,1,0,0,3,5,0,1,2,NA,2,false,30,36,2,2,0,0,0,1,false,0,true,false,true,false,9973984662450504827,18394946174240301436,true
ctl-crossed-ad-s211-m1-r1-t3-c2-l0-d0-tr0-a2,CJ-E,micro,shared_control,14253445952792329190,211,true,true,3,2,0,0,0,2,false,false,0,13,0,2,2,1,40,LOWER_BOUND,272,2,1,0,0,0,1,0,0,0,NA,0,false,30,30,2,2,0,0,0,0,false,0,false,false,true,false,3175190687388272902,8731258315871478895,true
ctl-crossed-cb-s211-m1-r1-t3-c2-l0-d0-tr0-a2,CJ-E,micro,shared_control,13683458581121069198,211,true,true,3,2,0,0,0,2,false,false,0,13,0,2,2,1,40,LOWER_BOUND,272,2,1,0,0,0,1,0,0,0,NA,0,false,30,30,2,2,0,0,0,0,false,0,false,false,true,false,3175190687388272902,8731258315871478895,true
ctl-singleton-s211-m1-r1-t3-c2-l0-d0-tr0-a2,CJ-E,micro,shared_control,15145151098320098268,211,true,true,3,2,0,0,0,2,false,false,0,13,0,2,2,1,40,LOWER_BOUND,272,2,1,0,0,0,1,0,0,0,NA,0,false,30,30,2,2,0,0,0,0,false,0,false,false,true,false,3175190687388272902,8731258315871478895,true
ctl-old-self-evidence-s211-m1-r1-t3-c2-l0-d0-tr0-a6,CJ-E,micro,shared_control,18249536151940580533,211,true,true,3,2,0,0,0,6,true,true,45,2,1,4,4,2,80,LOWER_BOUND,832,7,2,0,0,0,2,2,1,1,NA,1,false,3,2,2,2,0,0,0,0,true,0,false,false,true,false,4621986688000907345,13930701329095402983,true
ctl-blocked-return-s211-m1-r1-t3-c2-l0-d0-tr0-a6,CJ-E,micro,shared_control,18164597212523612608,211,true,true,3,2,0,0,0,6,true,true,45,2,1,4,4,2,80,LOWER_BOUND,832,7,2,0,0,0,2,2,1,1,NA,1,false,3,2,2,2,0,0,0,0,true,0,false,false,true,false,4621986688000907345,13930701329095402983,true
ctl-stale-s211-m1-r1-t3-c2-l0-d0-tr0-a2,CJ-E,micro,shared_control,10071566658831513692,211,true,true,3,2,0,0,0,2,false,false,0,17,1,3,3,2,80,LOWER_BOUND,160,1,0,0,1,0,1,1,0,0,NA,1,false,1,0,2,0,0,0,0,0,false,0,false,false,true,false,5085291464295128894,9019344873778777920,true
ctl-deallocation-bootstrap-s211-m1-r1-t3-c2-l0-d0-tr0-a2,CJ-E,micro,shared_control,12832989609892735117,211,true,true,3,2,0,0,0,2,false,false,2,14,0,2,2,1,40,LOWER_BOUND,224,2,1,1,1,0,1,1,0,0,NA,0,false,1,1,1,1,0,2,14,0,false,0,false,false,true,false,4967328986596180885,9529855636399771064,true
ctl-ambiguity-s211-m1-r1-t3-c2-l0-d0-tr0-a2,CJ-E,micro,shared_control,14139375692596495310,211,true,true,3,2,0,0,0,2,true,true,0,80,10,8,8,4,160,LOWER_BOUND,544,4,0,0,0,0,4,0,0,2,NA,2,false,0,0,0,0,0,0,0,0,false,0,false,false,true,false,17874814960532924995,7078150266579638421,true
ctl-recursion-s211-m1-r1-t3-c2-l0-d0-tr0-a2,CJ-E,micro,shared_control,17414367026781451927,211,true,true,3,2,0,0,0,2,true,true,0,71,6,8,8,4,160,LOWER_BOUND,496,4,0,0,0,0,4,0,3,1,NA,1,false,0,0,0,0,0,0,0,0,false,3,false,false,true,false,6665491580710996073,13785268991570204852,true
ctl-replay-s211-m1-r1-t3-c2-l0-d0-tr0-a2,CJ-E,micro,shared_control,2333350062718540132,211,true,true,3,2,0,0,0,2,true,true,0,30,1,4,4,2,80,LOWER_BOUND,272,2,1,0,0,0,2,0,1,1,NA,1,false,30,30,2,2,0,0,0,1,false,0,false,true,true,false,17746079455265377864,8731258315871478895,true
f1-aa-same-tick-s211-m1-r1-t3-c2-l4-d0-tr0-a2,CJ-E,micro,same_source_bursts,1388937795687762034,211,true,true,3,2,4,0,0,2,false,false,0,19,1,3,3,2,80,LOWER_BOUND,352,1,0,0,0,0,1,0,1,1,NA,1,true,0,0,0,0,0,0,0,0,false,0,false,false,true,false,17052834048277604360,6289448632855503049,false
f1-aa-spacing-s211-m1-r1-t3-c2-l4-d-1-tr0-a2,CJ-E,micro,same_source_bursts,12987720767824097070,211,true,true,3,2,4,-1,0,2,false,false,0,9,1,2,2,2,80,LOWER_BOUND,352,1,0,0,0,0,0,0,0,0,NA,0,false,0,0,0,0,0,0,0,0,false,0,false,false,true,false,8363382769646325278,6289448632855503049,true
f1-ab-distinct-s211-m1-r1-t3-c2-l4-d-1-tr0-a2,CJ-E,micro,same_source_bursts,9584552807294055812,211,true,true,3,2,4,-1,0,2,true,false,0,19,2,3,3,2,80,LOWER_BOUND,272,2,1,0,0,0,1,0,0,0,NA,0,false,30,30,2,2,0,0,0,0,false,0,false,false,true,false,10778689521648852777,8731258315871478895,true
f1-aa-spacing-s211-m1-r1-t3-c2-l4-d0-tr0-a2,CJ-E,micro,same_source_bursts,2883969469379331026,211,true,true,3,2,4,0,0,2,false,false,0,19,1,3,3,2,80,LOWER_BOUND,352,1,0,0,0,0,1,0,1,1,NA,1,true,0,0,0,0,0,0,0,0,false,0,false,false,true,false,17052834048277604360,6289448632855503049,false
f1-ab-distinct-s211-m1-r1-t3-c2-l4-d0-tr0-a2,CJ-E,micro,same_source_bursts,6675419200530007897,211,true,true,3,2,4,0,0,2,true,true,0,30,1,4,4,2,80,LOWER_BOUND,272,2,1,0,0,0,2,0,1,1,NA,1,false,30,30,2,2,0,0,0,1,false,0,false,false,true,false,17746079455265377864,8731258315871478895,true
f1-aa-spacing-s211-m1-r1-t3-c2-l4-d1-tr0-a2,CJ-E,micro,same_source_bursts,3155473266887669538,211,true,true,3,2,4,1,0,2,false,false,0,9,1,2,2,2,80,LOWER_BOUND,352,1,0,0,0,0,0,0,0,0,NA,0,false,0,0,0,0,0,0,0,0,false,0,false,false,true,false,8363382769646325278,6289448632855503049,true
f1-ab-distinct-s211-m1-r1-t3-c2-l4-d1-tr0-a2,CJ-E,micro,same_source_bursts,5429305114163219010,211,true,true,3,2,4,1,0,2,true,false,0,18,1,3,3,2,80,LOWER_BOUND,272,2,1,0,0,0,1,0,0,0,NA,0,false,30,30,2,2,0,0,0,0,false,0,false,false,true,false,11078102326184398537,8731258315871478895,true
f1-aa-spacing-s211-m1-r1-t3-c2-l4-d2-tr0-a2,CJ-E,micro,same_source_bursts,9807684031848380510,211,true,true,3,2,4,2,0,2,false,false,0,9,1,2,2,2,80,LOWER_BOUND,352,1,0,0,0,0,0,0,0,0,NA,0,false,0,0,0,0,0,0,0,0,false,0,false,false,true,false,2147357371988127087,6289448632855503049,true
f1-ab-distinct-s211-m1-r1-t3-c2-l4-d2-tr0-a2,CJ-E,micro,same_source_bursts,392586796166819470,211,true,true,3,2,4,2,0,2,true,false,0,18,1,3,3,2,80,LOWER_BOUND,272,2,1,0,0,0,1,0,0,0,NA,0,false,30,30,2,2,0,0,0,0,false,0,false,false,true,false,9631920154863225711,8731258315871478895,true
f1-aa-spacing-s211-m1-r1-t3-c2-l4-d3-tr0-a2,CJ-E,micro,same_source_bursts,634644970039492726,211,true,true,3,2,4,3,0,2,false,false,0,9,1,2,2,2,80,LOWER_BOUND,352,1,0,0,0,0,0,0,0,0,NA,0,false,0,0,0,0,0,0,0,0,false,0,false,false,true,false,1832558826500541060,6289448632855503049,true
f1-ab-distinct-s211-m1-r1-t3-c2-l4-d3-tr0-a2,CJ-E,micro,same_source_bursts,13406019555311153586,211,true,true,3,2,4,3,0,2,true,false,0,18,1,3,3,2,80,LOWER_BOUND,272,2,1,0,0,0,1,0,0,0,NA,0,false,30,30,2,2,0,0,0,0,false,0,false,false,true,false,9520296673914571205,8731258315871478895,true
f1-aa-spacing-s211-m1-r1-t3-c2-l4-d4-tr0-a2,CJ-E,micro,same_source_bursts,10108317830480986546,211,true,true,3,2,4,4,0,2,false,false,0,9,1,2,2,2,80,LOWER_BOUND,352,1,0,0,0,0,0,0,0,0,NA,0,false,0,0,0,0,0,0,0,0,false,0,false,false,true,false,7585721635257475245,6289448632855503049,true
f1-ab-distinct-s211-m1-r1-t3-c2-l4-d4-tr0-a2,CJ-E,micro,same_source_bursts,12241652486238133110,211,true,true,3,2,4,4,0,2,true,false,0,18,1,3,3,2,80,LOWER_BOUND,272,2,1,0,0,0,1,0,0,0,NA,0,false,30,30,2,2,0,0,0,0,false,0,false,false,true,false,7806414231508636591,8731258315871478895,true
f1-aa-spacing-s211-m1-r1-t3-c2-l4-d5-tr0-a2,CJ-E,micro,same_source_bursts,2908259086223991458,211,true,true,3,2,4,5,0,2,false,false,0,9,1,2,2,2,80,LOWER_BOUND,352,1,0,0,0,0,0,0,0,0,NA,0,false,0,0,0,0,0,0,0,0,false,0,false,false,true,false,16781638963632463642,6289448632855503049,true
f1-ab-distinct-s211-m1-r1-t3-c2-l4-d5-tr0-a2,CJ-E,micro,same_source_bursts,10174486921084797138,211,true,true,3,2,4,5,0,2,true,false,0,18,1,3,3,2,80,LOWER_BOUND,272,2,1,0,0,0,1,0,0,0,NA,0,false,30,30,2,2,0,0,0,0,false,0,false,false,true,false,2865019220108594489,8731258315871478895,true
f1-one-path-s211-m1-r1-t3-c2-l4-d1-tr0-a2,CJ-E,micro,same_source_bursts,1036440494213658239,211,true,true,3,2,4,1,0,2,false,false,0,41,2,5,5,2,80,LOWER_BOUND,272,2,1,0,0,1,3,0,1,1,NA,1,true,30,33,2,2,0,0,0,0,false,0,false,false,true,false,11183336215377464715,11619641159588932156,false
f1-a-burst-4-s211-m1-r1-t3-c2-l4-d4-tr0-a2,CJ-E,micro,same_source_bursts,1602430159573207178,211,true,true,3,2,4,4,0,2,false,false,0,29,2,4,4,2,80,LOWER_BOUND,272,2,1,0,0,1,2,0,0,0,NA,0,false,30,33,2,2,0,0,0,0,false,0,false,false,true,false,12577461117323661043,11619641159588932156,true
f2-one-strong-s211-m1-r1-t3-c2-l4-d0-tr0-a2,CJ-E,micro,amplitude_vs_multiplicity,2647481226713709512,211,true,true,3,2,4,0,0,2,false,false,0,4,0,1,1,1,40,LOWER_BOUND,352,1,0,0,0,0,0,0,0,0,NA,0,false,0,0,0,0,0,0,0,0,false,0,false,false,true,false,7136939371225201139,6289448632855503049,true
f2-two-weak-distinct-s211-m1-r1-t3-c2-l4-d0-tr0-a2,CJ-E,micro,amplitude_vs_multiplicity,6247892516315090489,211,true,true,3,2,4,0,0,2,true,true,0,19,1,3,3,2,80,LOWER_BOUND,352,1,0,0,0,0,1,0,1,1,NA,1,false,0,0,0,0,0,0,0,0,false,0,false,false,true,false,17052834048277604360,6289448632855503049,true
f2-two-weak-same-s211-m1-r1-t3-c2-l4-d0-tr0-a2,CJ-E,micro,amplitude_vs_multiplicity,17079037673925970041,211,true,true,3,2,4,0,0,2,false,false,0,19,1,3,3,2,80,LOWER_BOUND,352,1,0,0,0,0,1,0,1,1,NA,1,true,0,0,0,0,0,0,0,0,false,0,false,false,true,false,17052834048277604360,6289448632855503049,false
f2-asymmetric-distinct-s211-m1-r1-t3-c2-l4-d0-tr0-a2,CJ-E,micro,amplitude_vs_multiplicity,7359185120438891134,211,true,true,3,2,4,0,0,2,true,true,0,19,1,3,3,2,80,LOWER_BOUND,352,1,0,0,0,0,1,0,1,1,NA,1,false,0,0,0,0,0,0,0,0,false,0,false,false,true,false,17052834048277604360,6289448632855503049,true
f3-direct-return-s211-m1-r1-t3-c2-l4-d0-tr0-a2,CJ-E,micro,dense_return_topology,13997287193766879706,211,true,true,3,2,4,0,0,2,true,true,87,16,23,10,10,6,240,LOWER_BOUND,576,3,2,0,0,2,3,0,1,1,NA,1,false,3,6,2,2,0,0,0,0,true,0,false,false,true,false,16073458040415969961,97216914667947145,true
f3-crossed-return-s211-m1-r1-t3-c2-l4-d0-tr0-a2,CJ-E,micro,dense_return_topology,11194513234678452852,211,true,true,3,2,4,0,0,2,true,true,87,16,23,10,10,6,240,LOWER_BOUND,576,3,2,0,0,1,3,1,1,1,NA,1,false,3,2,2,2,0,0,0,0,true,0,false,false,true,false,3252493133415825010,4882663440327947413,true
f3-no-return-s211-m1-r1-t3-c2-l4-d0-tr0-a2,CJ-E,micro,dense_return_topology,10109789879269152286,211,true,true,3,2,4,0,0,2,true,true,87,2,23,8,8,6,240,LOWER_BOUND,576,3,2,0,0,0,2,2,1,1,NA,1,false,3,2,2,2,0,0,0,0,true,0,false,false,true,false,2476881523640249051,13799947697893899297,true
f3-direct-return-s211-m1-r1-t3-c2-l4-d0-tr0-a6,CJ-E,micro,dense_return_topology,1129669775830450882,211,true,true,3,2,4,0,0,6,true,true,115,20,23,10,10,6,240,LOWER_BOUND,1024,7,2,0,0,2,3,0,1,1,NA,1,false,3,6,2,2,0,0,0,0,true,0,false,false,true,false,6324439437907885797,11347297498579393353,true
f3-crossed-return-s211-m1-r1-t3-c2-l4-d0-tr0-a6,CJ-E,micro,dense_return_topology,6486337169915401452,211,true,true,3,2,4,0,0,6,true,true,115,20,23,10,10,6,240,LOWER_BOUND,1024,7,2,0,0,1,3,1,1,1,NA,1,false,3,2,2,2,0,0,0,0,true,0,false,false,true,false,3871220880828624430,6147028404495614101,true
f3-no-return-s211-m1-r1-t3-c2-l4-d0-tr0-a6,CJ-E,micro,dense_return_topology,14605613411575733006,211,true,true,3,2,4,0,0,6,true,true,115,2,23,8,8,6,240,LOWER_BOUND,1024,7,2,0,0,0,2,2,1,1,NA,1,false,3,2,2,2,0,0,0,0,true,0,false,false,true,false,9756093654118569275,11048127290172659169,true
f4-transfer-s211-m1-r1-t3-c2-l4-d-1-tr0-a2,CJ-E,micro,timing_transfer,585402350969170968,211,true,true,3,2,4,-1,0,2,true,false,0,19,2,3,3,2,80,LOWER_BOUND,272,2,1,0,0,0,1,0,0,0,NA,0,false,30,30,2,2,0,0,0,0,false,0,false,false,true,false,10778689521648852777,8731258315871478895,true
f4-transfer-s211-m1-r1-t3-c2-l4-d0-tr0-a2,CJ-E,micro,timing_transfer,12517105798250316377,211,true,true,3,2,4,0,0,2,true,true,0,30,1,4,4,2,80,LOWER_BOUND,272,2,1,0,0,0,2,0,1,1,NA,1,false,30,30,2,2,0,0,0,1,false,0,false,false,true,false,17746079455265377864,8731258315871478895,true
f4-transfer-s211-m1-r1-t3-c2-l4-d1-tr0-a2,CJ-E,micro,timing_transfer,13289949359627892848,211,true,true,3,2,4,1,0,2,true,false,0,18,1,3,3,2,80,LOWER_BOUND,272,2,1,0,0,0,1,0,0,0,NA,0,false,30,30,2,2,0,0,0,0,false,0,false,false,true,false,11078102326184398537,8731258315871478895,true
f4-transfer-s211-m1-r1-t3-c2-l4-d2-tr0-a2,CJ-E,micro,timing_transfer,7095982866670155346,211,true,true,3,2,4,2,0,2,true,false,0,18,1,3,3,2,80,LOWER_BOUND,272,2,1,0,0,0,1,0,0,0,NA,0,false,30,30,2,2,0,0,0,0,false,0,false,false,true,false,9631920154863225711,8731258315871478895,true
f4-transfer-s211-m1-r1-t3-c2-l4-d3-tr0-a2,CJ-E,micro,timing_transfer,7093090605386807904,211,true,true,3,2,4,3,0,2,true,false,0,18,1,3,3,2,80,LOWER_BOUND,272,2,1,0,0,0,1,0,0,0,NA,0,false,30,30,2,2,0,0,0,0,false,0,false,false,true,false,9520296673914571205,8731258315871478895,true
f4-transfer-s211-m1-r1-t3-c2-l4-d4-tr0-a2,CJ-E,micro,timing_transfer,12743262906773726998,211,true,true,3,2,4,4,0,2,true,false,0,18,1,3,3,2,80,LOWER_BOUND,272,2,1,0,0,0,1,0,0,0,NA,0,false,30,30,2,2,0,0,0,0,false,0,false,false,true,false,7806414231508636591,8731258315871478895,true
f4-transfer-s211-m1-r1-t3-c2-l4-d5-tr0-a2,CJ-E,micro,timing_transfer,7132953095220319240,211,true,true,3,2,4,5,0,2,true,false,0,18,1,3,3,2,80,LOWER_BOUND,272,2,1,0,0,0,1,0,0,0,NA,0,false,30,30,2,2,0,0,0,0,false,0,false,false,true,false,2865019220108594489,8731258315871478895,true
f4-transfer-s211-m1-r1-t3-c2-l4-d-1-tr2-a2,CJ-E,micro,timing_transfer,10846209866770219764,211,true,true,3,2,4,-1,2,2,true,false,0,19,2,3,3,2,80,LOWER_BOUND,272,2,1,0,0,0,1,0,0,0,NA,0,false,30,30,2,2,0,0,0,0,false,0,false,false,true,false,10778689521648852777,8731258315871478895,true
f4-transfer-s211-m1-r1-t3-c2-l4-d0-tr2-a2,CJ-E,micro,timing_transfer,4815894323453494953,211,true,true,3,2,4,0,2,2,true,true,0,30,1,4,4,2,80,LOWER_BOUND,272,2,1,0,0,0,2,0,1,1,NA,1,false,30,30,2,2,0,0,0,1,false,0,false,false,true,false,17746079455265377864,8731258315871478895,true
f4-transfer-s211-m1-r1-t3-c2-l4-d1-tr2-a2,CJ-E,micro,timing_transfer,6187039109942738668,211,true,true,3,2,4,1,2,2,true,false,0,18,1,3,3,2,80,LOWER_BOUND,272,2,1,0,0,0,1,0,0,0,NA,0,false,30,30,2,2,0,0,0,0,false,0,false,false,true,false,11078102326184398537,8731258315871478895,true
f4-transfer-s211-m1-r1-t3-c2-l4-d2-tr2-a2,CJ-E,micro,timing_transfer,1143400142253443522,211,true,true,3,2,4,2,2,2,true,false,0,18,1,3,3,2,80,LOWER_BOUND,272,2,1,0,0,0,1,0,0,0,NA,0,false,30,30,2,2,0,0,0,0,false,0,false,false,true,false,9631920154863225711,8731258315871478895,true
f4-transfer-s211-m1-r1-t3-c2-l4-d3-tr2-a2,CJ-E,micro,timing_transfer,6777521038596437748,211,true,true,3,2,4,3,2,2,true,false,0,18,1,3,3,2,80,LOWER_BOUND,272,2,1,0,0,0,1,0,0,0,NA,0,false,30,30,2,2,0,0,0,0,false,0,false,false,true,false,9520296673914571205,8731258315871478895,true
f4-transfer-s211-m1-r1-t3-c2-l4-d4-tr2-a2,CJ-E,micro,timing_transfer,6029572337763190758,211,true,true,3,2,4,4,2,2,true,false,0,18,1,3,3,2,80,LOWER_BOUND,272,2,1,0,0,0,1,0,0,0,NA,0,false,30,30,2,2,0,0,0,0,false,0,false,false,true,false,7806414231508636591,8731258315871478895,true
f4-transfer-s211-m1-r1-t3-c2-l4-d5-tr2-a2,CJ-E,micro,timing_transfer,3895503183376153324,211,true,true,3,2,4,5,2,2,true,false,0,18,1,3,3,2,80,LOWER_BOUND,272,2,1,0,0,0,1,0,0,0,NA,0,false,30,30,2,2,0,0,0,0,false,0,false,false,true,false,2865019220108594489,8731258315871478895,true
f4-transfer-s211-m1-r1-t3-c2-l4-d-1-tr4-a2,CJ-E,micro,timing_transfer,14878929543086698560,211,true,true,3,2,4,-1,4,2,true,false,0,19,2,3,3,2,80,LOWER_BOUND,272,2,1,0,0,0,1,0,0,0,NA,0,false,30,30,2,2,0,0,0,0,false,0,false,false,true,false,10778689521648852777,8731258315871478895,true
f4-transfer-s211-m1-r1-t3-c2-l4-d0-tr4-a2,CJ-E,micro,timing_transfer,9566801580234698481,211,true,true,3,2,4,0,4,2,true,true,0,30,1,4,4,2,80,LOWER_BOUND,272,2,1,0,0,0,2,0,1,1,NA,1,false,30,30,2,2,0,0,0,1,false,0,false,false,true,false,17746079455265377864,8731258315871478895,true
f4-transfer-s211-m1-r1-t3-c2-l4-d1-tr4-a2,CJ-E,micro,timing_transfer,11847277509896873400,211,true,true,3,2,4,1,4,2,true,false,0,18,1,3,3,2,80,LOWER_BOUND,272,2,1,0,0,0,1,0,0,0,NA,0,false,30,30,2,2,0,0,0,0,false,0,false,false,true,false,11078102326184398537,8731258315871478895,true
f4-transfer-s211-m1-r1-t3-c2-l4-d2-tr4-a2,CJ-E,micro,timing_transfer,18047561520775024378,211,true,true,3,2,4,2,4,2,true,false,0,18,1,3,3,2,80,LOWER_BOUND,272,2,1,0,0,0,1,0,0,0,NA,0,false,30,30,2,2,0,0,0,0,false,0,false,false,true,false,9631920154863225711,8731258315871478895,true
f4-transfer-s211-m1-r1-t3-c2-l4-d3-tr4-a2,CJ-E,micro,timing_transfer,4479791863607234608,211,true,true,3,2,4,3,4,2,true,false,0,18,1,3,3,2,80,LOWER_BOUND,272,2,1,0,0,0,1,0,0,0,NA,0,false,30,30,2,2,0,0,0,0,false,0,false,false,true,false,9520296673914571205,8731258315871478895,true
f4-transfer-s211-m1-r1-t3-c2-l4-d4-tr4-a2,CJ-E,micro,timing_transfer,18024558886445077950,211,true,true,3,2,4,4,4,2,true,false,0,18,1,3,3,2,80,LOWER_BOUND,272,2,1,0,0,0,1,0,0,0,NA,0,false,30,30,2,2,0,0,0,0,false,0,false,false,true,false,7806414231508636591,8731258315871478895,true
f4-transfer-s211-m1-r1-t3-c2-l4-d5-tr4-a2,CJ-E,micro,timing_transfer,17438775373811929280,211,true,true,3,2,4,5,4,2,true,false,0,18,1,3,3,2,80,LOWER_BOUND,272,2,1,0,0,0,1,0,0,0,NA,0,false,30,30,2,2,0,0,0,0,false,0,false,false,true,false,2865019220108594489,8731258315871478895,true
ctl-initial-ab-s211-m1-r1-t3-c2-l4-d0-tr0-a2,CJ-E,micro,shared_control,11796669252303379478,211,true,true,3,2,4,0,0,2,true,true,45,31,2,10,10,2,80,LOWER_BOUND,272,2,1,0,0,3,5,0,1,2,NA,2,false,30,36,2,2,0,0,0,1,false,0,true,false,true,false,9973984662450504827,18394946174240301436,true
ctl-initial-cd-s211-m1-r1-t3-c2-l4-d0-tr0-a2,CJ-E,micro,shared_control,15266534523452096978,211,true,true,3,2,4,0,0,2,true,true,45,31,2,10,10,2,80,LOWER_BOUND,272,2,1,0,0,3,5,0,1,2,NA,2,false,30,36,2,2,0,0,0,1,false,0,true,false,true,false,9973984662450504827,18394946174240301436,true
ctl-crossed-ad-s211-m1-r1-t3-c2-l4-d0-tr0-a2,CJ-E,micro,shared_control,11183865646224930270,211,true,true,3,2,4,0,0,2,false,false,0,13,0,2,2,1,40,LOWER_BOUND,272,2,1,0,0,0,1,0,0,0,NA,0,false,30,30,2,2,0,0,0,0,false,0,false,false,true,false,3175190687388272902,8731258315871478895,true
ctl-crossed-cb-s211-m1-r1-t3-c2-l4-d0-tr0-a2,CJ-E,micro,shared_control,15637227796290888422,211,true,true,3,2,4,0,0,2,false,false,0,13,0,2,2,1,40,LOWER_BOUND,272,2,1,0,0,0,1,0,0,0,NA,0,false,30,30,2,2,0,0,0,0,false,0,false,false,true,false,3175190687388272902,8731258315871478895,true
ctl-singleton-s211-m1-r1-t3-c2-l4-d0-tr0-a2,CJ-E,micro,shared_control,4833822404250311204,211,true,true,3,2,4,0,0,2,false,false,0,13,0,2,2,1,40,LOWER_BOUND,272,2,1,0,0,0,1,0,0,0,NA,0,false,30,30,2,2,0,0,0,0,false,0,false,false,true,false,3175190687388272902,8731258315871478895,true
ctl-old-self-evidence-s211-m1-r1-t3-c2-l4-d0-tr0-a6,CJ-E,micro,shared_control,9393724323021688229,211,true,true,3,2,4,0,0,6,true,true,115,2,23,8,8,6,240,LOWER_BOUND,1024,7,2,0,0,0,2,2,1,1,NA,1,false,3,2,2,2,0,0,0,0,true,0,false,false,true,false,9756093654118569275,11048127290172659169,true
ctl-blocked-return-s211-m1-r1-t3-c2-l4-d0-tr0-a6,CJ-E,micro,shared_control,3055329168990494344,211,true,true,3,2,4,0,0,6,true,true,115,2,23,8,8,6,240,LOWER_BOUND,1024,7,2,0,0,0,2,2,1,1,NA,1,false,3,2,2,2,0,0,0,0,true,0,false,false,true,false,9756093654118569275,11048127290172659169,true
ctl-stale-s211-m1-r1-t3-c2-l4-d0-tr0-a2,CJ-E,micro,shared_control,14234200655163128348,211,true,true,3,2,4,0,0,2,false,false,0,17,1,3,3,2,80,LOWER_BOUND,160,1,0,0,1,0,1,1,0,0,NA,1,false,1,0,2,0,0,0,0,0,false,0,false,false,true,false,5085291464295128894,9019344873778777920,true
ctl-deallocation-bootstrap-s211-m1-r1-t3-c2-l4-d0-tr0-a2,CJ-E,micro,shared_control,16852453348187007989,211,true,true,3,2,4,0,0,2,false,false,2,14,0,2,2,1,40,LOWER_BOUND,224,2,1,1,1,0,1,1,0,0,NA,0,false,1,1,1,1,0,2,14,0,false,0,false,false,true,false,4967328986596180885,9529855636399771064,true
ctl-ambiguity-s211-m1-r1-t3-c2-l4-d0-tr0-a2,CJ-E,micro,shared_control,7184082547069706974,211,true,true,3,2,4,0,0,2,true,true,0,80,10,8,8,4,160,LOWER_BOUND,544,4,0,0,0,0,4,0,0,2,NA,2,false,0,0,0,0,0,0,0,0,false,0,false,false,true,false,17874814960532924995,7078150266579638421,true
ctl-recursion-s211-m1-r1-t3-c2-l4-d0-tr0-a2,CJ-E,micro,shared_control,525717482898836655,211,true,true,3,2,4,0,0,2,true,true,0,71,6,8,8,4,160,LOWER_BOUND,496,4,0,0,0,0,4,0,3,1,NA,1,false,0,0,0,0,0,0,0,0,false,3,false,false,true,false,6665491580710996073,13785268991570204852,true
ctl-replay-s211-m1-r1-t3-c2-l4-d0-tr0-a2,CJ-E,micro,shared_control,10858285695867591732,211,true,true,3,2,4,0,0,2,true,true,0,30,1,4,4,2,80,LOWER_BOUND,272,2,1,0,0,0,2,0,1,1,NA,1,false,30,30,2,2,0,0,0,1,false,0,false,true,true,false,17746079455265377864,8731258315871478895,true
f1-aa-same-tick-s223-m0-r0-t2-c1-l0-d0-tr0-a2,CJ-E,micro,same_source_bursts,7977981135309944810,223,false,false,2,1,0,0,0,2,false,false,0,19,1,3,3,2,80,LOWER_BOUND,160,1,0,0,0,0,1,0,1,1,NA,1,true,0,0,0,0,0,0,0,0,false,0,false,false,true,false,3585276102841458683,17972287118312243498,false
f1-aa-spacing-s223-m0-r0-t2-c1-l0-d-1-tr0-a2,CJ-E,micro,same_source_bursts,7631352216138286216,223,false,false,2,1,0,-1,0,2,false,false,0,9,1,2,2,2,80,LOWER_BOUND,160,1,0,0,0,0,0,0,0,0,NA,0,false,0,0,0,0,0,0,0,0,false,0,false,false,true,false,3326339534705610062,17972287118312243498,true
f1-ab-distinct-s223-m0-r0-t2-c1-l0-d-1-tr0-a2,CJ-E,micro,same_source_bursts,14331275219432926922,223,false,false,2,1,0,-1,0,2,true,false,0,19,2,3,3,2,80,LOWER_BOUND,272,2,1,0,0,0,1,0,0,0,NA,0,false,30,30,1,1,0,0,0,0,false,0,false,false,true,false,4642624649755107342,5726127160662702473,true
f1-aa-spacing-s223-m0-r0-t2-c1-l0-d0-tr0-a2,CJ-E,micro,same_source_bursts,14385479345102822142,223,false,false,2,1,0,0,0,2,false,false,0,19,1,3,3,2,80,LOWER_BOUND,160,1,0,0,0,0,1,0,1,1,NA,1,true,0,0,0,0,0,0,0,0,false,0,false,false,true,false,3585276102841458683,17972287118312243498,false
f1-ab-distinct-s223-m0-r0-t2-c1-l0-d0-tr0-a2,CJ-E,micro,same_source_bursts,16176224646053361129,223,false,false,2,1,0,0,0,2,true,true,0,30,1,4,4,2,80,LOWER_BOUND,272,2,1,0,0,0,2,0,1,1,NA,1,false,30,30,1,1,0,0,0,1,false,0,false,false,true,false,13153783100220491094,5726127160662702473,true
f1-aa-spacing-s223-m0-r0-t2-c1-l0-d1-tr0-a2,CJ-E,micro,same_source_bursts,14632892868422513106,223,false,false,2,1,0,1,0,2,false,false,0,9,1,2,2,2,80,LOWER_BOUND,160,1,0,0,0,0,0,0,0,0,NA,0,false,0,0,0,0,0,0,0,0,false,0,false,false,true,false,3326339534705610062,17972287118312243498,true
f1-ab-distinct-s223-m0-r0-t2-c1-l0-d1-tr0-a2,CJ-E,micro,same_source_bursts,1385826527533128726,223,false,false,2,1,0,1,0,2,true,false,0,18,1,3,3,2,80,LOWER_BOUND,272,2,1,0,0,0,1,0,0,0,NA,0,false,30,30,1,1,0,0,0,0,false,0,false,false,true,false,14422560308894643154,5726127160662702473,true
f1-aa-spacing-s223-m0-r0-t2-c1-l0-d2-tr0-a2,CJ-E,micro,same_source_bursts,6586710123728762150,223,false,false,2,1,0,2,0,2,false,false,0,9,1,2,2,2,80,LOWER_BOUND,160,1,0,0,0,0,0,0,0,0,NA,0,false,0,0,0,0,0,0,0,0,false,0,false,false,true,false,12158616491997804403,17972287118312243498,true
f1-ab-distinct-s223-m0-r0-t2-c1-l0-d2-tr0-a2,CJ-E,micro,same_source_bursts,3191389702245898354,223,false,false,2,1,0,2,0,2,true,false,0,18,1,3,3,2,80,LOWER_BOUND,272,2,1,0,0,0,1,0,0,0,NA,0,false,30,30,1,1,0,0,0,0,false,0,false,false,true,false,6467442537092361712,5726127160662702473,true
f1-aa-spacing-s223-m0-r0-t2-c1-l0-d3-tr0-a2,CJ-E,micro,same_source_bursts,5197209287970099202,223,false,false,2,1,0,3,0,2,false,false,0,9,1,2,2,2,80,LOWER_BOUND,160,1,0,0,0,0,0,0,0,0,NA,0,false,0,0,0,0,0,0,0,0,false,0,false,false,true,false,13117655819711537068,17972287118312243498,true
f1-ab-distinct-s223-m0-r0-t2-c1-l0-d3-tr0-a2,CJ-E,micro,same_source_bursts,15881176242246644762,223,false,false,2,1,0,3,0,2,true,false,0,18,1,3,3,2,80,LOWER_BOUND,272,2,1,0,0,0,1,0,0,0,NA,0,false,30,30,1,1,0,0,0,0,false,0,false,false,true,false,5810762846883211162,5726127160662702473,true
f1-aa-spacing-s223-m0-r0-t2-c1-l0-d4-tr0-a2,CJ-E,micro,same_source_bursts,2869202121958623366,223,false,false,2,1,0,4,0,2,false,false,0,9,1,2,2,2,80,LOWER_BOUND,160,1,0,0,0,0,0,0,0,0,NA,0,false,0,0,0,0,0,0,0,0,false,0,false,false,true,false,1748897582681983265,17972287118312243498,true
f1-ab-distinct-s223-m0-r0-t2-c1-l0-d4-tr0-a2,CJ-E,micro,same_source_bursts,11624123305801695870,223,false,false,2,1,0,4,0,2,true,false,0,18,1,3,3,2,80,LOWER_BOUND,272,2,1,0,0,0,1,0,0,0,NA,0,false,30,30,1,1,0,0,0,0,false,0,false,false,true,false,1761076824839588532,5726127160662702473,true
f1-aa-spacing-s223-m0-r0-t2-c1-l0-d5-tr0-a2,CJ-E,micro,same_source_bursts,11186522444099687986,223,false,false,2,1,0,5,0,2,false,false,0,9,1,2,2,2,80,LOWER_BOUND,160,1,0,0,0,0,0,0,0,0,NA,0,false,0,0,0,0,0,0,0,0,false,0,false,false,true,false,16443948020518704786,17972287118312243498,true
f1-ab-distinct-s223-m0-r0-t2-c1-l0-d5-tr0-a2,CJ-E,micro,same_source_bursts,12590630980027534870,223,false,false,2,1,0,5,0,2,true,false,0,18,1,3,3,2,80,LOWER_BOUND,272,2,1,0,0,0,1,0,0,0,NA,0,false,30,30,1,1,0,0,0,0,false,0,false,false,true,false,1325343102920553346,5726127160662702473,true
f1-one-path-s223-m0-r0-t2-c1-l0-d1-tr0-a2,CJ-E,micro,same_source_bursts,11245376099567239805,223,false,false,2,1,0,1,0,2,false,false,0,29,2,4,4,2,80,LOWER_BOUND,272,2,1,0,0,1,2,0,0,0,NA,0,false,30,33,1,1,0,0,0,0,false,0,false,false,true,false,15984907453288082910,13176239743375500282,true
f1-a-burst-4-s223-m0-r0-t2-c1-l0-d4-tr0-a2,CJ-E,micro,same_source_bursts,743151092361981840,223,false,false,2,1,0,4,0,2,false,false,0,29,2,4,4,2,80,LOWER_BOUND,272,2,1,0,0,1,2,0,0,0,NA,0,false,30,33,1,1,0,0,0,0,false,0,false,false,true,false,17641541798116406000,13176239743375500282,true
f2-one-strong-s223-m0-r0-t2-c1-l0-d0-tr0-a2,CJ-E,micro,amplitude_vs_multiplicity,227661003057722428,223,false,false,2,1,0,0,0,2,false,false,0,4,0,1,1,1,40,LOWER_BOUND,160,1,0,0,0,0,0,0,0,0,NA,0,false,0,0,0,0,0,0,0,0,false,0,false,false,true,false,11855612389337920373,17972287118312243498,true
f2-two-weak-distinct-s223-m0-r0-t2-c1-l0-d0-tr0-a2,CJ-E,micro,amplitude_vs_multiplicity,13282585268915999975,223,false,false,2,1,0,0,0,2,true,true,0,19,1,3,3,2,80,LOWER_BOUND,160,1,0,0,0,0,1,0,1,1,NA,1,false,0,0,0,0,0,0,0,0,false,0,false,false,true,false,3585276102841458683,17972287118312243498,true
f2-two-weak-same-s223-m0-r0-t2-c1-l0-d0-tr0-a2,CJ-E,micro,amplitude_vs_multiplicity,592056265319200091,223,false,false,2,1,0,0,0,2,false,false,0,19,1,3,3,2,80,LOWER_BOUND,160,1,0,0,0,0,1,0,1,1,NA,1,true,0,0,0,0,0,0,0,0,false,0,false,false,true,false,3585276102841458683,17972287118312243498,false
f2-asymmetric-distinct-s223-m0-r0-t2-c1-l0-d0-tr0-a2,CJ-E,micro,amplitude_vs_multiplicity,13576782562455206806,223,false,false,2,1,0,0,0,2,true,true,0,19,1,3,3,2,80,LOWER_BOUND,160,1,0,0,0,0,1,0,1,1,NA,1,false,0,0,0,0,0,0,0,0,false,0,false,false,true,false,3585276102841458683,17972287118312243498,true
f3-direct-return-s223-m0-r0-t2-c1-l0-d0-tr0-a2,CJ-E,micro,dense_return_topology,16779741700089881448,223,false,false,2,1,0,0,0,2,true,true,33,16,1,6,6,2,80,LOWER_BOUND,384,3,2,0,0,2,3,0,1,1,NA,1,false,3,6,1,2,0,0,0,0,true,0,false,false,true,false,7191047142831339616,4913152848196210652,true
f3-crossed-return-s223-m0-r0-t2-c1-l0-d0-tr0-a2,CJ-E,micro,dense_return_topology,4054243647697576632,223,false,false,2,1,0,0,0,2,true,true,33,16,1,6,6,2,80,LOWER_BOUND,384,3,2,0,0,1,3,1,1,1,NA,1,false,3,2,1,1,0,0,0,0,true,0,false,false,true,false,16422100732417863584,10309066820617603043,true
f3-no-return-s223-m0-r0-t2-c1-l0-d0-tr0-a2,CJ-E,micro,dense_return_topology,17942376921150393608,223,false,false,2,1,0,0,0,2,true,true,33,2,1,4,4,2,80,LOWER_BOUND,384,3,2,0,0,0,2,2,1,1,NA,1,false,3,2,1,1,0,0,0,0,true,0,false,false,true,false,9050178915774180801,4193602476998854151,true
f3-direct-return-s223-m0-r0-t2-c1-l0-d0-tr0-a6,CJ-E,micro,dense_return_topology,16344238013902980360,223,false,false,2,1,0,0,0,6,true,true,45,20,1,6,6,2,80,LOWER_BOUND,832,7,2,0,0,2,3,0,1,1,NA,1,false,3,6,1,2,0,0,0,0,true,0,false,false,true,false,17932311687002284276,9587238578754489612,true
f3-crossed-return-s223-m0-r0-t2-c1-l0-d0-tr0-a6,CJ-E,micro,dense_return_topology,15096766111230175992,223,false,false,2,1,0,0,0,6,true,true,45,20,1,6,6,2,80,LOWER_BOUND,832,7,2,0,0,1,3,1,1,1,NA,1,false,3,2,1,1,0,0,0,0,true,0,false,false,true,false,553739335873625560,2270652891139476711,true
f3-no-return-s223-m0-r0-t2-c1-l0-d0-tr0-a6,CJ-E,micro,dense_return_topology,13308786704631225832,223,false,false,2,1,0,0,0,6,true,true,45,2,1,4,4,2,80,LOWER_BOUND,832,7,2,0,0,0,2,2,1,1,NA,1,false,3,2,1,1,0,0,0,0,true,0,false,false,true,false,6390378704282138749,117580659698747587,true
f4-transfer-s223-m0-r0-t2-c1-l0-d-1-tr0-a2,CJ-E,micro,timing_transfer,10734938886130672352,223,false,false,2,1,0,-1,0,2,true,false,0,19,2,3,3,2,80,LOWER_BOUND,272,2,1,0,0,0,1,0,0,0,NA,0,false,30,30,1,1,0,0,0,0,false,0,false,false,true,false,4642624649755107342,5726127160662702473,true
f4-transfer-s223-m0-r0-t2-c1-l0-d0-tr0-a2,CJ-E,micro,timing_transfer,1743184910922299303,223,false,false,2,1,0,0,0,2,true,true,0,30,1,4,4,2,80,LOWER_BOUND,272,2,1,0,0,0,2,0,1,1,NA,1,false,30,30,1,1,0,0,0,1,false,0,false,false,true,false,13153783100220491094,5726127160662702473,true
f4-transfer-s223-m0-r0-t2-c1-l0-d1-tr0-a2,CJ-E,micro,timing_transfer,2313090417462700762,223,false,false,2,1,0,1,0,2,true,false,0,18,1,3,3,2,80,LOWER_BOUND,272,2,1,0,0,0,1,0,0,0,NA,0,false,30,30,1,1,0,0,0,0,false,0,false,false,true,false,14422560308894643154,5726127160662702473,true
f4-transfer-s223-m0-r0-t2-c1-l0-d2-tr0-a2,CJ-E,micro,timing_transfer,14588003724146101112,223,false,false,2,1,0,2,0,2,true,false,0,18,1,3,3,2,80,LOWER_BOUND,272,2,1,0,0,0,1,0,0,0,NA,0,false,30,30,1,1,0,0,0,0,false,0,false,false,true,false,6467442537092361712,5726127160662702473,true
f4-transfer-s223-m0-r0-t2-c1-l0-d3-tr0-a2,CJ-E,micro,timing_transfer,14386891421081665530,223,false,false,2,1,0,3,0,2,true,false,0,18,1,3,3,2,80,LOWER_BOUND,272,2,1,0,0,0,1,0,0,0,NA,0,false,30,30,1,1,0,0,0,0,false,0,false,false,true,false,5810762846883211162,5726127160662702473,true
f4-transfer-s223-m0-r0-t2-c1-l0-d4-tr0-a2,CJ-E,micro,timing_transfer,13378767413786862092,223,false,false,2,1,0,4,0,2,true,false,0,18,1,3,3,2,80,LOWER_BOUND,272,2,1,0,0,0,1,0,0,0,NA,0,false,30,30,1,1,0,0,0,0,false,0,false,false,true,false,1761076824839588532,5726127160662702473,true
f4-transfer-s223-m0-r0-t2-c1-l0-d5-tr0-a2,CJ-E,micro,timing_transfer,11508981764098222842,223,false,false,2,1,0,5,0,2,true,false,0,18,1,3,3,2,80,LOWER_BOUND,272,2,1,0,0,0,1,0,0,0,NA,0,false,30,30,1,1,0,0,0,0,false,0,false,false,true,false,1325343102920553346,5726127160662702473,true
f4-transfer-s223-m0-r0-t2-c1-l0-d-1-tr2-a2,CJ-E,micro,timing_transfer,1117448955106275388,223,false,false,2,1,0,-1,2,2,true,false,0,19,2,3,3,2,80,LOWER_BOUND,272,2,1,0,0,0,1,0,0,0,NA,0,false,30,30,1,1,0,0,0,0,false,0,false,false,true,false,4642624649755107342,5726127160662702473,true
f4-transfer-s223-m0-r0-t2-c1-l0-d0-tr2-a2,CJ-E,micro,timing_transfer,17345671513115751511,223,false,false,2,1,0,0,2,2,true,true,0,30,1,4,4,2,80,LOWER_BOUND,272,2,1,0,0,0,2,0,1,1,NA,1,false,30,30,1,1,0,0,0,1,false,0,false,false,true,false,13153783100220491094,5726127160662702473,true
f4-transfer-s223-m0-r0-t2-c1-l0-d1-tr2-a2,CJ-E,micro,timing_transfer,2117313266019030030,223,false,false,2,1,0,1,2,2,true,false,0,18,1,3,3,2,80,LOWER_BOUND,272,2,1,0,0,0,1,0,0,0,NA,0,false,30,30,1,1,0,0,0,0,false,0,false,false,true,false,14422560308894643154,5726127160662702473,true
f4-transfer-s223-m0-r0-t2-c1-l0-d2-tr2-a2,CJ-E,micro,timing_transfer,7446296341082356904,223,false,false,2,1,0,2,2,2,true,false,0,18,1,3,3,2,80,LOWER_BOUND,272,2,1,0,0,0,1,0,0,0,NA,0,false,30,30,1,1,0,0,0,0,false,0,false,false,true,false,6467442537092361712,5726127160662702473,true
f4-transfer-s223-m0-r0-t2-c1-l0-d3-tr2-a2,CJ-E,micro,timing_transfer,5464264914329037398,223,false,false,2,1,0,3,2,2,true,false,0,18,1,3,3,2,80,LOWER_BOUND,272,2,1,0,0,0,1,0,0,0,NA,0,false,30,30,1,1,0,0,0,0,false,0,false,false,true,false,5810762846883211162,5726127160662702473,true
f4-transfer-s223-m0-r0-t2-c1-l0-d4-tr2-a2,CJ-E,micro,timing_transfer,4390835243741159420,223,false,false,2,1,0,4,2,2,true,false,0,18,1,3,3,2,80,LOWER_BOUND,272,2,1,0,0,0,1,0,0,0,NA,0,false,30,30,1,1,0,0,0,0,false,0,false,false,true,false,1761076824839588532,5726127160662702473,true
f4-transfer-s223-m0-r0-t2-c1-l0-d5-tr2-a2,CJ-E,micro,timing_transfer,15159063036594061478,223,false,false,2,1,0,5,2,2,true,false,0,18,1,3,3,2,80,LOWER_BOUND,272,2,1,0,0,0,1,0,0,0,NA,0,false,30,30,1,1,0,0,0,0,false,0,false,false,true,false,1325343102920553346,5726127160662702473,true
f4-transfer-s223-m0-r0-t2-c1-l0-d-1-tr4-a2,CJ-E,micro,timing_transfer,12494858671016223840,223,false,false,2,1,0,-1,4,2,true,false,0,19,2,3,3,2,80,LOWER_BOUND,272,2,1,0,0,0,1,0,0,0,NA,0,false,30,30,1,1,0,0,0,0,false,0,false,false,true,false,4642624649755107342,5726127160662702473,true
f4-transfer-s223-m0-r0-t2-c1-l0-d0-tr4-a2,CJ-E,micro,timing_transfer,16594405271640665463,223,false,false,2,1,0,0,4,2,true,true,0,30,1,4,4,2,80,LOWER_BOUND,272,2,1,0,0,0,2,0,1,1,NA,1,false,30,30,1,1,0,0,0,1,false,0,false,false,true,false,13153783100220491094,5726127160662702473,true
f4-transfer-s223-m0-r0-t2-c1-l0-d1-tr4-a2,CJ-E,micro,timing_transfer,7895475383270726842,223,false,false,2,1,0,1,4,2,true,false,0,18,1,3,3,2,80,LOWER_BOUND,272,2,1,0,0,0,1,0,0,0,NA,0,false,30,30,1,1,0,0,0,0,false,0,false,false,true,false,14422560308894643154,5726127160662702473,true
f4-transfer-s223-m0-r0-t2-c1-l0-d2-tr4-a2,CJ-E,micro,timing_transfer,17787662018286154024,223,false,false,2,1,0,2,4,2,true,false,0,18,1,3,3,2,80,LOWER_BOUND,272,2,1,0,0,0,1,0,0,0,NA,0,false,30,30,1,1,0,0,0,0,false,0,false,false,true,false,6467442537092361712,5726127160662702473,true
f4-transfer-s223-m0-r0-t2-c1-l0-d3-tr4-a2,CJ-E,micro,timing_transfer,15481528354004633826,223,false,false,2,1,0,3,4,2,true,false,0,18,1,3,3,2,80,LOWER_BOUND,272,2,1,0,0,0,1,0,0,0,NA,0,false,30,30,1,1,0,0,0,0,false,0,false,false,true,false,5810762846883211162,5726127160662702473,true
f4-transfer-s223-m0-r0-t2-c1-l0-d4-tr4-a2,CJ-E,micro,timing_transfer,15065489346684009884,223,false,false,2,1,0,4,4,2,true,false,0,18,1,3,3,2,80,LOWER_BOUND,272,2,1,0,0,0,1,0,0,0,NA,0,false,30,30,1,1,0,0,0,0,false,0,false,false,true,false,1761076824839588532,5726127160662702473,true
f4-transfer-s223-m0-r0-t2-c1-l0-d5-tr4-a2,CJ-E,micro,timing_transfer,7638862308359548378,223,false,false,2,1,0,5,4,2,true,false,0,18,1,3,3,2,80,LOWER_BOUND,272,2,1,0,0,0,1,0,0,0,NA,0,false,30,30,1,1,0,0,0,0,false,0,false,false,true,false,1325343102920553346,5726127160662702473,true
ctl-initial-ab-s223-m0-r0-t2-c1-l0-d0-tr0-a2,CJ-E,micro,shared_control,7730760092226288600,223,false,false,2,1,0,0,0,2,true,true,45,31,2,10,10,2,80,LOWER_BOUND,272,2,1,0,0,3,5,0,1,2,NA,2,false,30,36,1,1,0,0,0,1,false,0,true,false,true,false,1775237948997368761,11867016061137234686,true
ctl-initial-cd-s223-m0-r0-t2-c1-l0-d0-tr0-a2,CJ-E,micro,shared_control,7918959910095644468,223,false,false,2,1,0,0,0,2,true,true,45,31,2,10,10,2,80,LOWER_BOUND,272,2,1,0,0,3,5,0,1,2,NA,2,false,30,36,1,1,0,0,0,1,false,0,true,false,true,false,1775237948997368761,11867016061137234686,true
ctl-crossed-ad-s223-m0-r0-t2-c1-l0-d0-tr0-a2,CJ-E,micro,shared_control,16084217860372839652,223,false,false,2,1,0,0,0,2,false,false,0,13,0,2,2,1,40,LOWER_BOUND,272,2,1,0,0,0,1,0,0,0,NA,0,false,30,30,1,1,0,0,0,0,false,0,false,false,true,false,1340863644955873821,5726127160662702473,true
ctl-crossed-cb-s223-m0-r0-t2-c1-l0-d0-tr0-a2,CJ-E,micro,shared_control,11854107016085988428,223,false,false,2,1,0,0,0,2,false,false,0,13,0,2,2,1,40,LOWER_BOUND,272,2,1,0,0,0,1,0,0,0,NA,0,false,30,30,1,1,0,0,0,0,false,0,false,false,true,false,1340863644955873821,5726127160662702473,true
ctl-singleton-s223-m0-r0-t2-c1-l0-d0-tr0-a2,CJ-E,micro,shared_control,5727880734214558154,223,false,false,2,1,0,0,0,2,false,false,0,13,0,2,2,1,40,LOWER_BOUND,272,2,1,0,0,0,1,0,0,0,NA,0,false,30,30,1,1,0,0,0,0,false,0,false,false,true,false,1340863644955873821,5726127160662702473,true
ctl-old-self-evidence-s223-m0-r0-t2-c1-l0-d0-tr0-a6,CJ-E,micro,shared_control,897215962366243429,223,false,false,2,1,0,0,0,6,true,true,45,2,1,4,4,2,80,LOWER_BOUND,832,7,2,0,0,0,2,2,1,1,NA,1,false,3,2,1,1,0,0,0,0,true,0,false,false,true,false,6390378704282138749,117580659698747587,true
ctl-blocked-return-s223-m0-r0-t2-c1-l0-d0-tr0-a6,CJ-E,micro,shared_control,4106595526101836324,223,false,false,2,1,0,0,0,6,true,true,45,2,1,4,4,2,80,LOWER_BOUND,832,7,2,0,0,0,2,2,1,1,NA,1,false,3,2,1,1,0,0,0,0,true,0,false,false,true,false,6390378704282138749,117580659698747587,true
ctl-stale-s223-m0-r0-t2-c1-l0-d0-tr0-a2,CJ-E,micro,shared_control,12804537616402014472,223,false,false,2,1,0,0,0,2,false,false,0,17,1,3,3,2,80,LOWER_BOUND,160,1,0,0,1,0,1,1,0,0,NA,1,false,1,0,1,0,0,0,0,0,false,0,false,false,true,false,6966995865891422565,8240207106119249147,true
ctl-deallocation-bootstrap-s223-m0-r0-t2-c1-l0-d0-tr0-a2,CJ-E,micro,shared_control,10438599255842375205,223,false,false,2,1,0,0,0,2,false,false,2,14,0,2,2,1,40,LOWER_BOUND,224,2,1,1,1,0,1,1,0,0,NA,0,false,1,1,1,1,0,2,14,0,false,0,false,false,true,false,600914634124069929,12523190464180002820,true
ctl-ambiguity-s223-m0-r0-t2-c1-l0-d0-tr0-a2,CJ-E,micro,shared_control,12669630889821472576,223,false,false,2,1,0,0,0,2,true,true,0,80,10,8,8,4,160,LOWER_BOUND,544,4,0,0,0,0,4,0,0,2,NA,2,false,0,0,0,0,0,0,0,0,false,0,false,false,true,false,10350359239716984824,16645821549191036070,true
ctl-recursion-s223-m0-r0-t2-c1-l0-d0-tr0-a2,CJ-E,micro,shared_control,1382919459408447419,223,false,false,2,1,0,0,0,2,true,true,0,71,6,8,8,4,160,LOWER_BOUND,496,4,0,0,0,0,4,0,3,1,NA,1,false,0,0,0,0,0,0,0,0,false,3,false,false,true,false,14559469106971233599,4095849718623342666,true
ctl-replay-s223-m0-r0-t2-c1-l0-d0-tr0-a2,CJ-E,micro,shared_control,3926727970761599028,223,false,false,2,1,0,0,0,2,true,true,0,30,1,4,4,2,80,LOWER_BOUND,272,2,1,0,0,0,2,0,1,1,NA,1,false,30,30,1,1,0,0,0,1,false,0,false,true,true,false,13153783100220491094,5726127160662702473,true
f1-aa-same-tick-s223-m0-r0-t2-c1-l4-d0-tr0-a2,CJ-E,micro,same_source_bursts,1225495208085504330,223,false,false,2,1,4,0,0,2,false,false,0,19,1,3,3,2,80,LOWER_BOUND,352,1,0,0,0,0,1,0,1,1,NA,1,true,0,0,0,0,0,0,0,0,false,0,false,false,true,false,9432617502978418605,15786012220501425728,false
f1-aa-spacing-s223-m0-r0-t2-c1-l4-d-1-tr0-a2,CJ-E,micro,same_source_bursts,7811997848907735584,223,false,false,2,1,4,-1,0,2,false,false,0,9,1,2,2,2,80,LOWER_BOUND,352,1,0,0,0,0,0,0,0,0,NA,0,false,0,0,0,0,0,0,0,0,false,0,false,false,true,false,42814981457211144,15786012220501425728,true
f1-ab-distinct-s223-m0-r0-t2-c1-l4-d-1-tr0-a2,CJ-E,micro,same_source_bursts,5606082871625090858,223,false,false,2,1,4,-1,0,2,true,false,0,19,2,3,3,2,80,LOWER_BOUND,272,2,1,0,0,0,1,0,0,0,NA,0,false,30,30,1,1,0,0,0,0,false,0,false,false,true,false,4642624649755107342,5726127160662702473,true
f1-aa-spacing-s223-m0-r0-t2-c1-l4-d0-tr0-a2,CJ-E,micro,same_source_bursts,10489228792303263374,223,false,false,2,1,4,0,0,2,false,false,0,19,1,3,3,2,80,LOWER_BOUND,352,1,0,0,0,0,1,0,1,1,NA,1,true,0,0,0,0,0,0,0,0,false,0,false,false,true,false,9432617502978418605,15786012220501425728,false
f1-ab-distinct-s223-m0-r0-t2-c1-l4-d0-tr0-a2,CJ-E,micro,same_source_bursts,11246912006210803545,223,false,false,2,1,4,0,0,2,true,true,0,30,1,4,4,2,80,LOWER_BOUND,272,2,1,0,0,0,2,0,1,1,NA,1,false,30,30,1,1,0,0,0,1,false,0,false,false,true,false,13153783100220491094,5726127160662702473,true
f1-aa-spacing-s223-m0-r0-t2-c1-l4-d1-tr0-a2,CJ-E,micro,same_source_bursts,13271743163529566778,223,false,false,2,1,4,1,0,2,false,false,0,9,1,2,2,2,80,LOWER_BOUND,352,1,0,0,0,0,0,0,0,0,NA,0,false,0,0,0,0,0,0,0,0,false,0,false,false,true,false,42814981457211144,15786012220501425728,true
f1-ab-distinct-s223-m0-r0-t2-c1-l4-d1-tr0-a2,CJ-E,micro,same_source_bursts,3091225725511330390,223,false,false,2,1,4,1,0,2,true,false,0,18,1,3,3,2,80,LOWER_BOUND,272,2,1,0,0,0,1,0,0,0,NA,0,false,30,30,1,1,0,0,0,0,false,0,false,false,true,false,14422560308894643154,5726127160662702473,true
f1-aa-spacing-s223-m0-r0-t2-c1-l4-d2-tr0-a2,CJ-E,micro,same_source_bursts,7932739719581093190,223,false,false,2,1,4,2,0,2,false,false,0,9,1,2,2,2,80,LOWER_BOUND,352,1,0,0,0,0,0,0,0,0,NA,0,false,0,0,0,0,0,0,0,0,false,0,false,false,true,false,1258166342001329125,15786012220501425728,true
f1-ab-distinct-s223-m0-r0-t2-c1-l4-d2-tr0-a2,CJ-E,micro,same_source_bursts,9747762593030488442,223,false,false,2,1,4,2,0,2,true,false,0,18,1,3,3,2,80,LOWER_BOUND,272,2,1,0,0,0,1,0,0,0,NA,0,false,30,30,1,1,0,0,0,0,false,0,false,false,true,false,6467442537092361712,5726127160662702473,true
f1-aa-spacing-s223-m0-r0-t2-c1-l4-d3-tr0-a2,CJ-E,micro,same_source_bursts,2340938471871418986,223,false,false,2,1,4,3,0,2,false,false,0,9,1,2,2,2,80,LOWER_BOUND,352,1,0,0,0,0,0,0,0,0,NA,0,false,0,0,0,0,0,0,0,0,false,0,false,false,true,false,15397877886963016218,15786012220501425728,true
f1-ab-distinct-s223-m0-r0-t2-c1-l4-d3-tr0-a2,CJ-E,micro,same_source_bursts,6153951990495732162,223,false,false,2,1,4,3,0,2,true,false,0,18,1,3,3,2,80,LOWER_BOUND,272,2,1,0,0,0,1,0,0,0,NA,0,false,30,30,1,1,0,0,0,0,false,0,false,false,true,false,5810762846883211162,5726127160662702473,true
f1-aa-spacing-s223-m0-r0-t2-c1-l4-d4-tr0-a2,CJ-E,micro,same_source_bursts,7830255000752838822,223,false,false,2,1,4,4,0,2,false,false,0,9,1,2,2,2,80,LOWER_BOUND,352,1,0,0,0,0,0,0,0,0,NA,0,false,0,0,0,0,0,0,0,0,false,0,false,false,true,false,11687588112889857423,15786012220501425728,true
f1-ab-distinct-s223-m0-r0-t2-c1-l4-d4-tr0-a2,CJ-E,micro,same_source_bursts,8437070631655759150,223,false,false,2,1,4,4,0,2,true,false,0,18,1,3,3,2,80,LOWER_BOUND,272,2,1,0,0,0,1,0,0,0,NA,0,false,30,30,1,1,0,0,0,0,false,0,false,false,true,false,1761076824839588532,5726127160662702473,true
f1-aa-spacing-s223-m0-r0-t2-c1-l4-d5-tr0-a2,CJ-E,micro,same_source_bursts,4419691229873372762,223,false,false,2,1,4,5,0,2,false,false,0,9,1,2,2,2,80,LOWER_BOUND,352,1,0,0,0,0,0,0,0,0,NA,0,false,0,0,0,0,0,0,0,0,false,0,false,false,true,false,10866323580361734124,15786012220501425728,true
f1-ab-distinct-s223-m0-r0-t2-c1-l4-d5-tr0-a2,CJ-E,micro,same_source_bursts,5930842637226715926,223,false,false,2,1,4,5,0,2,true,false,0,18,1,3,3,2,80,LOWER_BOUND,272,2,1,0,0,0,1,0,0,0,NA,0,false,30,30,1,1,0,0,0,0,false,0,false,false,true,false,1325343102920553346,5726127160662702473,true
f1-one-path-s223-m0-r0-t2-c1-l4-d1-tr0-a2,CJ-E,micro,same_source_bursts,10928497355025312005,223,false,false,2,1,4,1,0,2,false,false,0,29,2,4,4,2,80,LOWER_BOUND,272,2,1,0,0,1,2,0,0,0,NA,0,false,30,33,1,1,0,0,0,0,false,0,false,false,true,false,15984907453288082910,13176239743375500282,true
f1-a-burst-4-s223-m0-r0-t2-c1-l4-d4-tr0-a2,CJ-E,micro,same_source_bursts,8872472142636469608,223,false,false,2,1,4,4,0,2,false,false,0,29,2,4,4,2,80,LOWER_BOUND,272,2,1,0,0,1,2,0,0,0,NA,0,false,30,33,1,1,0,0,0,0,false,0,false,false,true,false,17641541798116406000,13176239743375500282,true
f2-one-strong-s223-m0-r0-t2-c1-l4-d0-tr0-a2,CJ-E,micro,amplitude_vs_multiplicity,12512754642134733996,223,false,false,2,1,4,0,0,2,false,false,0,4,0,1,1,1,40,LOWER_BOUND,352,1,0,0,0,0,0,0,0,0,NA,0,false,0,0,0,0,0,0,0,0,false,0,false,false,true,false,16464128719371706499,15786012220501425728,true
f2-two-weak-distinct-s223-m0-r0-t2-c1-l4-d0-tr0-a2,CJ-E,micro,amplitude_vs_multiplicity,6903348559598848183,223,false,false,2,1,4,0,0,2,true,true,0,19,1,3,3,2,80,LOWER_BOUND,352,1,0,0,0,0,1,0,1,1,NA,1,false,0,0,0,0,0,0,0,0,false,0,false,false,true,false,9432617502978418605,15786012220501425728,true
f2-two-weak-same-s223-m0-r0-t2-c1-l4-d0-tr0-a2,CJ-E,micro,amplitude_vs_multiplicity,16228434145610845475,223,false,false,2,1,4,0,0,2,false,false,0,19,1,3,3,2,80,LOWER_BOUND,352,1,0,0,0,0,1,0,1,1,NA,1,true,0,0,0,0,0,0,0,0,false,0,false,false,true,false,9432617502978418605,15786012220501425728,false
f2-asymmetric-distinct-s223-m0-r0-t2-c1-l4-d0-tr0-a2,CJ-E,micro,amplitude_vs_multiplicity,11764824292432795886,223,false,false,2,1,4,0,0,2,true,true,0,19,1,3,3,2,80,LOWER_BOUND,352,1,0,0,0,0,1,0,1,1,NA,1,false,0,0,0,0,0,0,0,0,false,0,false,false,true,false,9432617502978418605,15786012220501425728,true
f3-direct-return-s223-m0-r0-t2-c1-l4-d0-tr0-a2,CJ-E,micro,dense_return_topology,143228137692591504,223,false,false,2,1,4,0,0,2,true,true,87,16,23,10,10,6,240,LOWER_BOUND,576,3,2,0,0,2,3,0,1,1,NA,1,false,3,6,1,2,0,0,0,0,true,0,false,false,true,false,1819662282943484042,5224744502357428886,true
f3-crossed-return-s223-m0-r0-t2-c1-l4-d0-tr0-a2,CJ-E,micro,dense_return_topology,6587288271265586288,223,false,false,2,1,4,0,0,2,true,true,87,16,23,10,10,6,240,LOWER_BOUND,576,3,2,0,0,1,3,1,1,1,NA,1,false,3,2,1,1,0,0,0,0,true,0,false,false,true,false,13511656067975996050,8908734437469071985,true
f3-no-return-s223-m0-r0-t2-c1-l4-d0-tr0-a2,CJ-E,micro,dense_return_topology,9411179152864222144,223,false,false,2,1,4,0,0,2,true,true,87,2,23,8,8,6,240,LOWER_BOUND,576,3,2,0,0,0,2,2,1,1,NA,1,false,3,2,1,1,0,0,0,0,true,0,false,false,true,false,5997818505454723087,17437336823193089053,true
f3-direct-return-s223-m0-r0-t2-c1-l4-d0-tr0-a6,CJ-E,micro,dense_return_topology,13156626573716027504,223,false,false,2,1,4,0,0,6,true,true,115,20,23,10,10,6,240,LOWER_BOUND,1024,7,2,0,0,2,3,0,1,1,NA,1,false,3,6,1,2,0,0,0,0,true,0,false,false,true,false,15070384329483468182,14117377471922912254,true
f3-crossed-return-s223-m0-r0-t2-c1-l4-d0-tr0-a6,CJ-E,micro,dense_return_topology,15880195113005584848,223,false,false,2,1,4,0,0,6,true,true,115,20,23,10,10,6,240,LOWER_BOUND,1024,7,2,0,0,1,3,1,1,1,NA,1,false,3,2,1,1,0,0,0,0,true,0,false,false,true,false,12174695258749792650,4418526093869963013,true
f3-no-return-s223-m0-r0-t2-c1-l4-d0-tr0-a6,CJ-E,micro,dense_return_topology,11874094561294252736,223,false,false,2,1,4,0,0,6,true,true,115,2,23,8,8,6,240,LOWER_BOUND,1024,7,2,0,0,0,2,2,1,1,NA,1,false,3,2,1,1,0,0,0,0,true,0,false,false,true,false,18420318997178888971,16835238899624507961,true
f4-transfer-s223-m0-r0-t2-c1-l4-d-1-tr0-a2,CJ-E,micro,timing_transfer,6646957814652028896,223,false,false,2,1,4,-1,0,2,true,false,0,19,2,3,3,2,80,LOWER_BOUND,272,2,1,0,0,0,1,0,0,0,NA,0,false,30,30,1,1,0,0,0,0,false,0,false,false,true,false,4642624649755107342,5726127160662702473,true
f4-transfer-s223-m0-r0-t2-c1-l4-d0-tr0-a2,CJ-E,micro,timing_transfer,9054169453125620863,223,false,false,2,1,4,0,0,2,true,true,0,30,1,4,4,2,80,LOWER_BOUND,272,2,1,0,0,0,2,0,1,1,NA,1,false,30,30,1,1,0,0,0,1,false,0,false,false,true,false,13153783100220491094,5726127160662702473,true
f4-transfer-s223-m0-r0-t2-c1-l4-d1-tr0-a2,CJ-E,micro,timing_transfer,17196993581432398194,223,false,false,2,1,4,1,0,2,true,false,0,18,1,3,3,2,80,LOWER_BOUND,272,2,1,0,0,0,1,0,0,0,NA,0,false,30,30,1,1,0,0,0,0,false,0,false,false,true,false,14422560308894643154,5726127160662702473,true
f4-transfer-s223-m0-r0-t2-c1-l4-d2-tr0-a2,CJ-E,micro,timing_transfer,6987834018585593640,223,false,false,2,1,4,2,0,2,true,false,0,18,1,3,3,2,80,LOWER_BOUND,272,2,1,0,0,0,1,0,0,0,NA,0,false,30,30,1,1,0,0,0,0,false,0,false,false,true,false,6467442537092361712,5726127160662702473,true
f4-transfer-s223-m0-r0-t2-c1-l4-d3-tr0-a2,CJ-E,micro,timing_transfer,3145536965667225234,223,false,false,2,1,4,3,0,2,true,false,0,18,1,3,3,2,80,LOWER_BOUND,272,2,1,0,0,0,1,0,0,0,NA,0,false,30,30,1,1,0,0,0,0,false,0,false,false,true,false,5810762846883211162,5726127160662702473,true
f4-transfer-s223-m0-r0-t2-c1-l4-d4-tr0-a2,CJ-E,micro,timing_transfer,10794412192219158596,223,false,false,2,1,4,4,0,2,true,false,0,18,1,3,3,2,80,LOWER_BOUND,272,2,1,0,0,0,1,0,0,0,NA,0,false,30,30,1,1,0,0,0,0,false,0,false,false,true,false,1761076824839588532,5726127160662702473,true
f4-transfer-s223-m0-r0-t2-c1-l4-d5-tr0-a2,CJ-E,micro,timing_transfer,4244061561553955282,223,false,false,2,1,4,5,0,2,true,false,0,18,1,3,3,2,80,LOWER_BOUND,272,2,1,0,0,0,1,0,0,0,NA,0,false,30,30,1,1,0,0,0,0,false,0,false,false,true,false,1325343102920553346,5726127160662702473,true
f4-transfer-s223-m0-r0-t2-c1-l4-d-1-tr2-a2,CJ-E,micro,timing_transfer,4848874932713645500,223,false,false,2,1,4,-1,2,2,true,false,0,19,2,3,3,2,80,LOWER_BOUND,272,2,1,0,0,0,1,0,0,0,NA,0,false,30,30,1,1,0,0,0,0,false,0,false,false,true,false,4642624649755107342,5726127160662702473,true
f4-transfer-s223-m0-r0-t2-c1-l4-d0-tr2-a2,CJ-E,micro,timing_transfer,6888631103603078191,223,false,false,2,1,4,0,2,2,true,true,0,30,1,4,4,2,80,LOWER_BOUND,272,2,1,0,0,0,2,0,1,1,NA,1,false,30,30,1,1,0,0,0,1,false,0,false,false,true,false,13153783100220491094,5726127160662702473,true
f4-transfer-s223-m0-r0-t2-c1-l4-d1-tr2-a2,CJ-E,micro,timing_transfer,16834640045395009566,223,false,false,2,1,4,1,2,2,true,false,0,18,1,3,3,2,80,LOWER_BOUND,272,2,1,0,0,0,1,0,0,0,NA,0,false,30,30,1,1,0,0,0,0,false,0,false,false,true,false,14422560308894643154,5726127160662702473,true
f4-transfer-s223-m0-r0-t2-c1-l4-d2-tr2-a2,CJ-E,micro,timing_transfer,11918213505240906200,223,false,false,2,1,4,2,2,2,true,false,0,18,1,3,3,2,80,LOWER_BOUND,272,2,1,0,0,0,1,0,0,0,NA,0,false,30,30,1,1,0,0,0,0,false,0,false,false,true,false,6467442537092361712,5726127160662702473,true
f4-transfer-s223-m0-r0-t2-c1-l4-d3-tr2-a2,CJ-E,micro,timing_transfer,7180145133788216934,223,false,false,2,1,4,3,2,2,true,false,0,18,1,3,3,2,80,LOWER_BOUND,272,2,1,0,0,0,1,0,0,0,NA,0,false,30,30,1,1,0,0,0,0,false,0,false,false,true,false,5810762846883211162,5726127160662702473,true
f4-transfer-s223-m0-r0-t2-c1-l4-d4-tr2-a2,CJ-E,micro,timing_transfer,6258957270460480852,223,false,false,2,1,4,4,2,2,true,false,0,18,1,3,3,2,80,LOWER_BOUND,272,2,1,0,0,0,1,0,0,0,NA,0,false,30,30,1,1,0,0,0,0,false,0,false,false,true,false,1761076824839588532,5726127160662702473,true
f4-transfer-s223-m0-r0-t2-c1-l4-d5-tr2-a2,CJ-E,micro,timing_transfer,5232361862759032422,223,false,false,2,1,4,5,2,2,true,false,0,18,1,3,3,2,80,LOWER_BOUND,272,2,1,0,0,0,1,0,0,0,NA,0,false,30,30,1,1,0,0,0,0,false,0,false,false,true,false,1325343102920553346,5726127160662702473,true
f4-transfer-s223-m0-r0-t2-c1-l4-d-1-tr4-a2,CJ-E,micro,timing_transfer,14570117899087200768,223,false,false,2,1,4,-1,4,2,true,false,0,19,2,3,3,2,80,LOWER_BOUND,272,2,1,0,0,0,1,0,0,0,NA,0,false,30,30,1,1,0,0,0,0,false,0,false,false,true,false,4642624649755107342,5726127160662702473,true
f4-transfer-s223-m0-r0-t2-c1-l4-d0-tr4-a2,CJ-E,micro,timing_transfer,12020502313975618639,223,false,false,2,1,4,0,4,2,true,true,0,30,1,4,4,2,80,LOWER_BOUND,272,2,1,0,0,0,2,0,1,1,NA,1,false,30,30,1,1,0,0,0,1,false,0,false,false,true,false,13153783100220491094,5726127160662702473,true
f4-transfer-s223-m0-r0-t2-c1-l4-d1-tr4-a2,CJ-E,micro,timing_transfer,8561114433157774226,223,false,false,2,1,4,1,4,2,true,false,0,18,1,3,3,2,80,LOWER_BOUND,272,2,1,0,0,0,1,0,0,0,NA,0,false,30,30,1,1,0,0,0,0,false,0,false,false,true,false,14422560308894643154,5726127160662702473,true
f4-transfer-s223-m0-r0-t2-c1-l4-d2-tr4-a2,CJ-E,micro,timing_transfer,6265950021380624888,223,false,false,2,1,4,2,4,2,true,false,0,18,1,3,3,2,80,LOWER_BOUND,272,2,1,0,0,0,1,0,0,0,NA,0,false,30,30,1,1,0,0,0,0,false,0,false,false,true,false,6467442537092361712,5726127160662702473,true
f4-transfer-s223-m0-r0-t2-c1-l4-d3-tr4-a2,CJ-E,micro,timing_transfer,7399980233288100650,223,false,false,2,1,4,3,4,2,true,false,0,18,1,3,3,2,80,LOWER_BOUND,272,2,1,0,0,0,1,0,0,0,NA,0,false,30,30,1,1,0,0,0,0,false,0,false,false,true,false,5810762846883211162,5726127160662702473,true
f4-transfer-s223-m0-r0-t2-c1-l4-d4-tr4-a2,CJ-E,micro,timing_transfer,14231137084657124180,223,false,false,2,1,4,4,4,2,true,false,0,18,1,3,3,2,80,LOWER_BOUND,272,2,1,0,0,0,1,0,0,0,NA,0,false,30,30,1,1,0,0,0,0,false,0,false,false,true,false,1761076824839588532,5726127160662702473,true
f4-transfer-s223-m0-r0-t2-c1-l4-d5-tr4-a2,CJ-E,micro,timing_transfer,16936505025205249522,223,false,false,2,1,4,5,4,2,true,false,0,18,1,3,3,2,80,LOWER_BOUND,272,2,1,0,0,0,1,0,0,0,NA,0,false,30,30,1,1,0,0,0,0,false,0,false,false,true,false,1325343102920553346,5726127160662702473,true
ctl-initial-ab-s223-m0-r0-t2-c1-l4-d0-tr0-a2,CJ-E,micro,shared_control,15942796495268822072,223,false,false,2,1,4,0,0,2,true,true,45,31,2,10,10,2,80,LOWER_BOUND,272,2,1,0,0,3,5,0,1,2,NA,2,false,30,36,1,1,0,0,0,1,false,0,true,false,true,false,1775237948997368761,11867016061137234686,true
ctl-initial-cd-s223-m0-r0-t2-c1-l4-d0-tr0-a2,CJ-E,micro,shared_control,2777904970612642388,223,false,false,2,1,4,0,0,2,true,true,45,31,2,10,10,2,80,LOWER_BOUND,272,2,1,0,0,3,5,0,1,2,NA,2,false,30,36,1,1,0,0,0,1,false,0,true,false,true,false,1775237948997368761,11867016061137234686,true
ctl-crossed-ad-s223-m0-r0-t2-c1-l4-d0-tr0-a2,CJ-E,micro,shared_control,17068143544101954404,223,false,false,2,1,4,0,0,2,false,false,0,13,0,2,2,1,40,LOWER_BOUND,272,2,1,0,0,0,1,0,0,0,NA,0,false,30,30,1,1,0,0,0,0,false,0,false,false,true,false,1340863644955873821,5726127160662702473,true
ctl-crossed-cb-s223-m0-r0-t2-c1-l4-d0-tr0-a2,CJ-E,micro,shared_control,809447074993517388,223,false,false,2,1,4,0,0,2,false,false,0,13,0,2,2,1,40,LOWER_BOUND,272,2,1,0,0,0,1,0,0,0,NA,0,false,30,30,1,1,0,0,0,0,false,0,false,false,true,false,1340863644955873821,5726127160662702473,true
ctl-singleton-s223-m0-r0-t2-c1-l4-d0-tr0-a2,CJ-E,micro,shared_control,8956665945496241698,223,false,false,2,1,4,0,0,2,false,false,0,13,0,2,2,1,40,LOWER_BOUND,272,2,1,0,0,0,1,0,0,0,NA,0,false,30,30,1,1,0,0,0,0,false,0,false,false,true,false,1340863644955873821,5726127160662702473,true
ctl-old-self-evidence-s223-m0-r0-t2-c1-l4-d0-tr0-a6,CJ-E,micro,shared_control,4374970074143295669,223,false,false,2,1,4,0,0,6,true,true,115,2,23,8,8,6,240,LOWER_BOUND,1024,7,2,0,0,0,2,2,1,1,NA,1,false,3,2,1,1,0,0,0,0,true,0,false,false,true,false,18420318997178888971,16835238899624507961,true
ctl-blocked-return-s223-m0-r0-t2-c1-l4-d0-tr0-a6,CJ-E,micro,shared_control,14466814170060987476,223,false,false,2,1,4,0,0,6,true,true,115,2,23,8,8,6,240,LOWER_BOUND,1024,7,2,0,0,0,2,2,1,1,NA,1,false,3,2,1,1,0,0,0,0,true,0,false,false,true,false,18420318997178888971,16835238899624507961,true
ctl-stale-s223-m0-r0-t2-c1-l4-d0-tr0-a2,CJ-E,micro,shared_control,18065123228406079664,223,false,false,2,1,4,0,0,2,false,false,0,17,1,3,3,2,80,LOWER_BOUND,160,1,0,0,1,0,1,1,0,0,NA,1,false,1,0,1,0,0,0,0,0,false,0,false,false,true,false,6966995865891422565,8240207106119249147,true
ctl-deallocation-bootstrap-s223-m0-r0-t2-c1-l4-d0-tr0-a2,CJ-E,micro,shared_control,8424224654324191261,223,false,false,2,1,4,0,0,2,false,false,2,14,0,2,2,1,40,LOWER_BOUND,224,2,1,1,1,0,1,1,0,0,NA,0,false,1,1,1,1,0,2,14,0,false,0,false,false,true,false,600914634124069929,12523190464180002820,true
ctl-ambiguity-s223-m0-r0-t2-c1-l4-d0-tr0-a2,CJ-E,micro,shared_control,1188290208087341888,223,false,false,2,1,4,0,0,2,true,true,0,80,10,8,8,4,160,LOWER_BOUND,544,4,0,0,0,0,4,0,0,2,NA,2,false,0,0,0,0,0,0,0,0,false,0,false,false,true,false,10350359239716984824,16645821549191036070,true
ctl-recursion-s223-m0-r0-t2-c1-l4-d0-tr0-a2,CJ-E,micro,shared_control,9045526159591880811,223,false,false,2,1,4,0,0,2,true,true,0,71,6,8,8,4,160,LOWER_BOUND,496,4,0,0,0,0,4,0,3,1,NA,1,false,0,0,0,0,0,0,0,0,false,3,false,false,true,false,14559469106971233599,4095849718623342666,true
ctl-replay-s223-m0-r0-t2-c1-l4-d0-tr0-a2,CJ-E,micro,shared_control,11887272651150712692,223,false,false,2,1,4,0,0,2,true,true,0,30,1,4,4,2,80,LOWER_BOUND,272,2,1,0,0,0,2,0,1,1,NA,1,false,30,30,1,1,0,0,0,1,false,0,false,true,true,false,13153783100220491094,5726127160662702473,true
f1-aa-same-tick-s223-m0-r0-t2-c2-l0-d0-tr0-a2,CJ-E,micro,same_source_bursts,3811789376747573702,223,false,false,2,2,0,0,0,2,false,false,0,19,1,3,3,2,80,LOWER_BOUND,160,1,0,0,0,0,1,0,1,1,NA,1,true,0,0,0,0,0,0,0,0,false,0,false,false,true,false,3585276102841458683,17972287118312243498,false
f1-aa-spacing-s223-m0-r0-t2-c2-l0-d-1-tr0-a2,CJ-E,micro,same_source_bursts,16113741216003117474,223,false,false,2,2,0,-1,0,2,false,false,0,9,1,2,2,2,80,LOWER_BOUND,160,1,0,0,0,0,0,0,0,0,NA,0,false,0,0,0,0,0,0,0,0,false,0,false,false,true,false,3326339534705610062,17972287118312243498,true
f1-ab-distinct-s223-m0-r0-t2-c2-l0-d-1-tr0-a2,CJ-E,micro,same_source_bursts,16713084722867701076,223,false,false,2,2,0,-1,0,2,true,false,0,31,2,4,4,2,80,LOWER_BOUND,272,2,1,0,0,0,2,0,1,1,NA,1,false,30,30,2,2,0,0,0,0,false,0,false,false,true,false,8690387488732003148,3254931250116056662,false
f1-aa-spacing-s223-m0-r0-t2-c2-l0-d0-tr0-a2,CJ-E,micro,same_source_bursts,2327509681859106866,223,false,false,2,2,0,0,0,2,false,false,0,19,1,3,3,2,80,LOWER_BOUND,160,1,0,0,0,0,1,0,1,1,NA,1,true,0,0,0,0,0,0,0,0,false,0,false,false,true,false,3585276102841458683,17972287118312243498,false
f1-ab-distinct-s223-m0-r0-t2-c2-l0-d0-tr0-a2,CJ-E,micro,same_source_bursts,8543623850408647925,223,false,false,2,2,0,0,0,2,true,true,0,30,1,4,4,2,80,LOWER_BOUND,272,2,1,0,0,0,2,0,1,1,NA,1,false,30,30,2,2,0,0,0,1,false,0,false,false,true,false,2224707377261874729,3254931250116056662,true
f1-aa-spacing-s223-m0-r0-t2-c2-l0-d1-tr0-a2,CJ-E,micro,same_source_bursts,15301277566341674902,223,false,false,2,2,0,1,0,2,false,false,0,9,1,2,2,2,80,LOWER_BOUND,160,1,0,0,0,0,0,0,0,0,NA,0,false,0,0,0,0,0,0,0,0,false,0,false,false,true,false,3326339534705610062,17972287118312243498,true
f1-ab-distinct-s223-m0-r0-t2-c2-l0-d1-tr0-a2,CJ-E,micro,same_source_bursts,7817823813750801962,223,false,false,2,2,0,1,0,2,true,false,0,18,1,3,3,2,80,LOWER_BOUND,272,2,1,0,0,0,1,0,0,0,NA,0,false,30,30,2,2,0,0,0,0,false,0,false,false,true,false,15953809010947765580,3254931250116056662,true
f1-aa-spacing-s223-m0-r0-t2-c2-l0-d2-tr0-a2,CJ-E,micro,same_source_bursts,4274536575104854146,223,false,false,2,2,0,2,0,2,false,false,0,9,1,2,2,2,80,LOWER_BOUND,160,1,0,0,0,0,0,0,0,0,NA,0,false,0,0,0,0,0,0,0,0,false,0,false,false,true,false,12158616491997804403,17972287118312243498,true
f1-ab-distinct-s223-m0-r0-t2-c2-l0-d2-tr0-a2,CJ-E,micro,same_source_bursts,3695013107958051310,223,false,false,2,2,0,2,0,2,true,false,0,18,1,3,3,2,80,LOWER_BOUND,272,2,1,0,0,0,1,0,0,0,NA,0,false,30,30,2,2,0,0,0,0,false,0,false,false,true,false,3125601112517741358,3254931250116056662,true
f1-aa-spacing-s223-m0-r0-t2-c2-l0-d3-tr0-a2,CJ-E,micro,same_source_bursts,3223201947060855598,223,false,false,2,2,0,3,0,2,false,false,0,9,1,2,2,2,80,LOWER_BOUND,160,1,0,0,0,0,0,0,0,0,NA,0,false,0,0,0,0,0,0,0,0,false,0,false,false,true,false,13117655819711537068,17972287118312243498,true
f1-ab-distinct-s223-m0-r0-t2-c2-l0-d3-tr0-a2,CJ-E,micro,same_source_bursts,5659880260034336102,223,false,false,2,2,0,3,0,2,true,false,0,18,1,3,3,2,80,LOWER_BOUND,272,2,1,0,0,0,1,0,0,0,NA,0,false,30,30,2,2,0,0,0,0,false,0,false,false,true,false,4045211648055533448,3254931250116056662,true
f1-aa-spacing-s223-m0-r0-t2-c2-l0-d4-tr0-a2,CJ-E,micro,same_source_bursts,8089315237115333778,223,false,false,2,2,0,4,0,2,false,false,0,9,1,2,2,2,80,LOWER_BOUND,160,1,0,0,0,0,0,0,0,0,NA,0,false,0,0,0,0,0,0,0,0,false,0,false,false,true,false,1748897582681983265,17972287118312243498,true
f1-ab-distinct-s223-m0-r0-t2-c2-l0-d4-tr0-a2,CJ-E,micro,same_source_bursts,7675397655370630778,223,false,false,2,2,0,4,0,2,true,false,0,18,1,3,3,2,80,LOWER_BOUND,272,2,1,0,0,0,1,0,0,0,NA,0,false,30,30,2,2,0,0,0,0,false,0,false,false,true,false,7176769857728053654,3254931250116056662,true
f1-aa-spacing-s223-m0-r0-t2-c2-l0-d5-tr0-a2,CJ-E,micro,same_source_bursts,4128572709368929870,223,false,false,2,2,0,5,0,2,false,false,0,9,1,2,2,2,80,LOWER_BOUND,160,1,0,0,0,0,0,0,0,0,NA,0,false,0,0,0,0,0,0,0,0,false,0,false,false,true,false,16443948020518704786,17972287118312243498,true
f1-ab-distinct-s223-m0-r0-t2-c2-l0-d5-tr0-a2,CJ-E,micro,same_source_bursts,10166792803158723698,223,false,false,2,2,0,5,0,2,true,false,0,18,1,3,3,2,80,LOWER_BOUND,272,2,1,0,0,0,1,0,0,0,NA,0,false,30,30,2,2,0,0,0,0,false,0,false,false,true,false,10398974499362059180,3254931250116056662,true
f1-one-path-s223-m0-r0-t2-c2-l0-d1-tr0-a2,CJ-E,micro,same_source_bursts,8942551195029730471,223,false,false,2,2,0,1,0,2,false,false,0,41,2,5,5,2,80,LOWER_BOUND,272,2,1,0,0,1,3,0,1,1,NA,1,true,30,33,2,2,0,0,0,0,false,0,false,false,true,false,8044468837081566710,16037567927694508205,false
f1-a-burst-4-s223-m0-r0-t2-c2-l0-d4-tr0-a2,CJ-E,micro,same_source_bursts,12274189467148990978,223,false,false,2,2,0,4,0,2,false,false,0,29,2,4,4,2,80,LOWER_BOUND,272,2,1,0,0,1,2,0,0,0,NA,0,false,30,33,2,2,0,0,0,0,false,0,false,false,true,false,2932314746582896018,16037567927694508205,true
f2-one-strong-s223-m0-r0-t2-c2-l0-d0-tr0-a2,CJ-E,micro,amplitude_vs_multiplicity,9589936730911493220,223,false,false,2,2,0,0,0,2,false,false,0,4,0,1,1,1,40,LOWER_BOUND,160,1,0,0,0,0,0,0,0,0,NA,0,false,0,0,0,0,0,0,0,0,false,0,false,false,true,false,11855612389337920373,17972287118312243498,true
f2-two-weak-distinct-s223-m0-r0-t2-c2-l0-d0-tr0-a2,CJ-E,micro,amplitude_vs_multiplicity,5763923909484109213,223,false,false,2,2,0,0,0,2,true,true,0,19,1,3,3,2,80,LOWER_BOUND,160,1,0,0,0,0,1,0,1,1,NA,1,false,0,0,0,0,0,0,0,0,false,0,false,false,true,false,3585276102841458683,17972287118312243498,true
f2-two-weak-same-s223-m0-r0-t2-c2-l0-d0-tr0-a2,CJ-E,micro,amplitude_vs_multiplicity,385555434948169605,223,false,false,2,2,0,0,0,2,false,false,0,19,1,3,3,2,80,LOWER_BOUND,160,1,0,0,0,0,1,0,1,1,NA,1,true,0,0,0,0,0,0,0,0,false,0,false,false,true,false,3585276102841458683,17972287118312243498,false
f2-asymmetric-distinct-s223-m0-r0-t2-c2-l0-d0-tr0-a2,CJ-E,micro,amplitude_vs_multiplicity,7969199942358766706,223,false,false,2,2,0,0,0,2,true,true,0,19,1,3,3,2,80,LOWER_BOUND,160,1,0,0,0,0,1,0,1,1,NA,1,false,0,0,0,0,0,0,0,0,false,0,false,false,true,false,3585276102841458683,17972287118312243498,true
f3-direct-return-s223-m0-r0-t2-c2-l0-d0-tr0-a2,CJ-E,micro,dense_return_topology,8802994818016522258,223,false,false,2,2,0,0,0,2,true,true,33,16,1,6,6,2,80,LOWER_BOUND,384,3,2,0,0,2,3,0,1,1,NA,1,false,3,6,2,2,0,0,0,0,true,0,false,false,true,false,14763277763380365973,1560357216867251253,true
f3-crossed-return-s223-m0-r0-t2-c2-l0-d0-tr0-a2,CJ-E,micro,dense_return_topology,16086925622314814268,223,false,false,2,2,0,0,0,2,true,true,33,16,1,6,6,2,80,LOWER_BOUND,384,3,2,0,0,1,3,1,1,1,NA,1,false,3,2,2,2,0,0,0,0,true,0,false,false,true,false,15606087442486803226,5816088098078280329,true
f3-no-return-s223-m0-r0-t2-c2-l0-d0-tr0-a2,CJ-E,micro,dense_return_topology,7261238251910941358,223,false,false,2,2,0,0,0,2,true,true,33,2,1,4,4,2,80,LOWER_BOUND,384,3,2,0,0,0,2,2,1,1,NA,1,false,3,2,2,2,0,0,0,0,true,0,false,false,true,false,17381057442743779143,15399631653202868029,true
f3-direct-return-s223-m0-r0-t2-c2-l0-d0-tr0-a6,CJ-E,micro,dense_return_topology,5889262869772951226,223,false,false,2,2,0,0,0,6,true,true,45,20,1,6,6,2,80,LOWER_BOUND,832,7,2,0,0,2,3,0,1,1,NA,1,false,3,6,2,2,0,0,0,0,true,0,false,false,true,false,11207049708750781813,10491669747112567665,true
f3-crossed-return-s223-m0-r0-t2-c2-l0-d0-tr0-a6,CJ-E,micro,dense_return_topology,1137030783347588556,223,false,false,2,2,0,0,0,6,true,true,45,20,1,6,6,2,80,LOWER_BOUND,832,7,2,0,0,1,3,1,1,1,NA,1,false,3,2,2,2,0,0,0,0,true,0,false,false,true,false,12847228275037122514,17070182159753535293,true
f3-no-return-s223-m0-r0-t2-c2-l0-d0-tr0-a6,CJ-E,micro,dense_return_topology,976332370248189254,223,false,false,2,2,0,0,0,6,true,true,45,2,1,4,4,2,80,LOWER_BOUND,832,7,2,0,0,0,2,2,1,1,NA,1,false,3,2,2,2,0,0,0,0,true,0,false,false,true,false,16711212963930079291,15600731484778570889,true
f4-transfer-s223-m0-r0-t2-c2-l0-d-1-tr0-a2,CJ-E,micro,timing_transfer,12711007442521756064,223,false,false,2,2,0,-1,0,2,true,false,0,31,2,4,4,2,80,LOWER_BOUND,272,2,1,0,0,0,2,0,1,1,NA,1,false,30,30,2,2,0,0,0,0,false,0,false,false,true,false,8690387488732003148,3254931250116056662,false
f4-transfer-s223-m0-r0-t2-c2-l0-d0-tr0-a2,CJ-E,micro,timing_transfer,1071224807270114317,223,false,false,2,2,0,0,0,2,true,true,0,30,1,4,4,2,80,LOWER_BOUND,272,2,1,0,0,0,2,0,1,1,NA,1,false,30,30,2,2,0,0,0,1,false,0,false,false,true,false,2224707377261874729,3254931250116056662,true
f4-transfer-s223-m0-r0-t2-c2-l0-d1-tr0-a2,CJ-E,micro,timing_transfer,9411422660497313864,223,false,false,2,2,0,1,0,2,true,false,0,18,1,3,3,2,80,LOWER_BOUND,272,2,1,0,0,0,1,0,0,0,NA,0,false,30,30,2,2,0,0,0,0,false,0,false,false,true,false,15953809010947765580,3254931250116056662,true
f4-transfer-s223-m0-r0-t2-c2-l0-d2-tr0-a2,CJ-E,micro,timing_transfer,5917457356904153738,223,false,false,2,2,0,2,0,2,true,false,0,18,1,3,3,2,80,LOWER_BOUND,272,2,1,0,0,0,1,0,0,0,NA,0,false,30,30,2,2,0,0,0,0,false,0,false,false,true,false,3125601112517741358,3254931250116056662,true
f4-transfer-s223-m0-r0-t2-c2-l0-d3-tr0-a2,CJ-E,micro,timing_transfer,6349258737550178140,223,false,false,2,2,0,3,0,2,true,false,0,18,1,3,3,2,80,LOWER_BOUND,272,2,1,0,0,0,1,0,0,0,NA,0,false,30,30,2,2,0,0,0,0,false,0,false,false,true,false,4045211648055533448,3254931250116056662,true
f4-transfer-s223-m0-r0-t2-c2-l0-d4-tr0-a2,CJ-E,micro,timing_transfer,13470754877322952874,223,false,false,2,2,0,4,0,2,true,false,0,18,1,3,3,2,80,LOWER_BOUND,272,2,1,0,0,0,1,0,0,0,NA,0,false,30,30,2,2,0,0,0,0,false,0,false,false,true,false,7176769857728053654,3254931250116056662,true
f4-transfer-s223-m0-r0-t2-c2-l0-d5-tr0-a2,CJ-E,micro,timing_transfer,8855200437277431520,223,false,false,2,2,0,5,0,2,true,false,0,18,1,3,3,2,80,LOWER_BOUND,272,2,1,0,0,0,1,0,0,0,NA,0,false,30,30,2,2,0,0,0,0,false,0,false,false,true,false,10398974499362059180,3254931250116056662,true
f4-transfer-s223-m0-r0-t2-c2-l0-d-1-tr2-a2,CJ-E,micro,timing_transfer,9838452713459433360,223,false,false,2,2,0,-1,2,2,true,false,0,31,2,4,4,2,80,LOWER_BOUND,272,2,1,0,0,0,2,0,1,1,NA,1,false,30,30,2,2,0,0,0,0,false,0,false,false,true,false,8690387488732003148,3254931250116056662,false
f4-transfer-s223-m0-r0-t2-c2-l0-d0-tr2-a2,CJ-E,micro,timing_transfer,11585595157418190497,223,false,false,2,2,0,0,2,2,true,true,0,30,1,4,4,2,80,LOWER_BOUND,272,2,1,0,0,0,2,0,1,1,NA,1,false,30,30,2,2,0,0,0,1,false,0,false,false,true,false,2224707377261874729,3254931250116056662,true
f4-transfer-s223-m0-r0-t2-c2-l0-d1-tr2-a2,CJ-E,micro,timing_transfer,3526041967368873240,223,false,false,2,2,0,1,2,2,true,false,0,18,1,3,3,2,80,LOWER_BOUND,272,2,1,0,0,0,1,0,0,0,NA,0,false,30,30,2,2,0,0,0,0,false,0,false,false,true,false,15953809010947765580,3254931250116056662,true
f4-transfer-s223-m0-r0-t2-c2-l0-d2-tr2-a2,CJ-E,micro,timing_transfer,17419003520685549918,223,false,false,2,2,0,2,2,2,true,false,0,18,1,3,3,2,80,LOWER_BOUND,272,2,1,0,0,0,1,0,0,0,NA,0,false,30,30,2,2,0,0,0,0,false,0,false,false,true,false,3125601112517741358,3254931250116056662,true
f4-transfer-s223-m0-r0-t2-c2-l0-d3-tr2-a2,CJ-E,micro,timing_transfer,12133991519277574828,223,false,false,2,2,0,3,2,2,true,false,0,18,1,3,3,2,80,LOWER_BOUND,272,2,1,0,0,0,1,0,0,0,NA,0,false,30,30,2,2,0,0,0,0,false,0,false,false,true,false,4045211648055533448,3254931250116056662,true
f4-transfer-s223-m0-r0-t2-c2-l0-d4-tr2-a2,CJ-E,micro,timing_transfer,15666636711992789886,223,false,false,2,2,0,4,2,2,true,false,0,18,1,3,3,2,80,LOWER_BOUND,272,2,1,0,0,0,1,0,0,0,NA,0,false,30,30,2,2,0,0,0,0,false,0,false,false,true,false,7176769857728053654,3254931250116056662,true
f4-transfer-s223-m0-r0-t2-c2-l0-d5-tr2-a2,CJ-E,micro,timing_transfer,16882895146258792848,223,false,false,2,2,0,5,2,2,true,false,0,18,1,3,3,2,80,LOWER_BOUND,272,2,1,0,0,0,1,0,0,0,NA,0,false,30,30,2,2,0,0,0,0,false,0,false,false,true,false,10398974499362059180,3254931250116056662,true
f4-transfer-s223-m0-r0-t2-c2-l0-d-1-tr4-a2,CJ-E,micro,timing_transfer,11286583313456133104,223,false,false,2,2,0,-1,4,2,true,false,0,31,2,4,4,2,80,LOWER_BOUND,272,2,1,0,0,0,2,0,1,1,NA,1,false,30,30,2,2,0,0,0,0,false,0,false,false,true,false,8690387488732003148,3254931250116056662,false
f4-transfer-s223-m0-r0-t2-c2-l0-d0-tr4-a2,CJ-E,micro,timing_transfer,10174686541388181333,223,false,false,2,2,0,0,4,2,true,true,0,30,1,4,4,2,80,LOWER_BOUND,272,2,1,0,0,0,2,0,1,1,NA,1,false,30,30,2,2,0,0,0,1,false,0,false,false,true,false,2224707377261874729,3254931250116056662,true
f4-transfer-s223-m0-r0-t2-c2-l0-d1-tr4-a2,CJ-E,micro,timing_transfer,3754780945917307128,223,false,false,2,2,0,1,4,2,true,false,0,18,1,3,3,2,80,LOWER_BOUND,272,2,1,0,0,0,1,0,0,0,NA,0,false,30,30,2,2,0,0,0,0,false,0,false,false,true,false,15953809010947765580,3254931250116056662,true
f4-transfer-s223-m0-r0-t2-c2-l0-d2-tr4-a2,CJ-E,micro,timing_transfer,1112996723058367402,223,false,false,2,2,0,2,4,2,true,false,0,18,1,3,3,2,80,LOWER_BOUND,272,2,1,0,0,0,1,0,0,0,NA,0,false,30,30,2,2,0,0,0,0,false,0,false,false,true,false,3125601112517741358,3254931250116056662,true
f4-transfer-s223-m0-r0-t2-c2-l0-d3-tr4-a2,CJ-E,micro,timing_transfer,6453312155254091916,223,false,false,2,2,0,3,4,2,true,false,0,18,1,3,3,2,80,LOWER_BOUND,272,2,1,0,0,0,1,0,0,0,NA,0,false,30,30,2,2,0,0,0,0,false,0,false,false,true,false,4045211648055533448,3254931250116056662,true
f4-transfer-s223-m0-r0-t2-c2-l0-d4-tr4-a2,CJ-E,micro,timing_transfer,16379666198863463906,223,false,false,2,2,0,4,4,2,true,false,0,18,1,3,3,2,80,LOWER_BOUND,272,2,1,0,0,0,1,0,0,0,NA,0,false,30,30,2,2,0,0,0,0,false,0,false,false,true,false,7176769857728053654,3254931250116056662,true
f4-transfer-s223-m0-r0-t2-c2-l0-d5-tr4-a2,CJ-E,micro,timing_transfer,15006393050362659632,223,false,false,2,2,0,5,4,2,true,false,0,18,1,3,3,2,80,LOWER_BOUND,272,2,1,0,0,0,1,0,0,0,NA,0,false,30,30,2,2,0,0,0,0,false,0,false,false,true,false,10398974499362059180,3254931250116056662,true
ctl-initial-ab-s223-m0-r0-t2-c2-l0-d0-tr0-a2,CJ-E,micro,shared_control,4591968867095540354,223,false,false,2,2,0,0,0,2,true,true,45,34,4,10,10,2,80,LOWER_BOUND,272,2,1,0,0,4,5,0,1,2,NA,2,false,30,36,2,2,0,0,0,1,false,0,true,false,true,false,14270613112264395261,5918876719064066014,true
ctl-initial-cd-s223-m0-r0-t2-c2-l0-d0-tr0-a2,CJ-E,micro,shared_control,12939380355302353502,223,false,false,2,2,0,0,0,2,true,true,45,34,4,10,10,2,80,LOWER_BOUND,272,2,1,0,0,4,5,0,1,2,NA,2,false,30,36,2,2,0,0,0,1,false,0,true,false,true,false,14270613112264395261,5918876719064066014,true
ctl-crossed-ad-s223-m0-r0-t2-c2-l0-d0-tr0-a2,CJ-E,micro,shared_control,9173660947760386838,223,false,false,2,2,0,0,0,2,false,false,0,13,0,2,2,1,40,LOWER_BOUND,272,2,1,0,0,0,1,0,0,0,NA,0,false,30,30,2,2,0,0,0,0,false,0,false,false,true,false,16246609531568031607,3254931250116056662,true
ctl-crossed-cb-s223-m0-r0-t2-c2-l0-d0-tr0-a2,CJ-E,micro,shared_control,5012932469099603934,223,false,false,2,2,0,0,0,2,false,false,0,13,0,2,2,1,40,LOWER_BOUND,272,2,1,0,0,0,1,0,0,0,NA,0,false,30,30,2,2,0,0,0,0,false,0,false,false,true,false,16246609531568031607,3254931250116056662,true
ctl-singleton-s223-m0-r0-t2-c2-l0-d0-tr0-a2,CJ-E,micro,shared_control,14448277261635855284,223,false,false,2,2,0,0,0,2,false,false,0,13,0,2,2,1,40,LOWER_BOUND,272,2,1,0,0,0,1,0,0,0,NA,0,false,30,30,2,2,0,0,0,0,false,0,false,false,true,false,16246609531568031607,3254931250116056662,true
ctl-old-self-evidence-s223-m0-r0-t2-c2-l0-d0-tr0-a6,CJ-E,micro,shared_control,7811958381568279033,223,false,false,2,2,0,0,0,6,true,true,45,2,1,4,4,2,80,LOWER_BOUND,832,7,2,0,0,0,2,2,1,1,NA,1,false,3,2,2,2,0,0,0,0,true,0,false,false,true,false,16711212963930079291,15600731484778570889,true
ctl-blocked-return-s223-m0-r0-t2-c2-l0-d0-tr0-a6,CJ-E,micro,shared_control,17361111231671954928,223,false,false,2,2,0,0,0,6,true,true,45,2,1,4,4,2,80,LOWER_BOUND,832,7,2,0,0,0,2,2,1,1,NA,1,false,3,2,2,2,0,0,0,0,true,0,false,false,true,false,16711212963930079291,15600731484778570889,true
ctl-stale-s223-m0-r0-t2-c2-l0-d0-tr0-a2,CJ-E,micro,shared_control,14824932851098260020,223,false,false,2,2,0,0,0,2,false,false,0,17,1,3,3,2,80,LOWER_BOUND,160,1,0,0,1,0,1,1,0,0,NA,1,false,1,0,2,0,0,0,0,0,false,0,false,false,true,false,1057840871855533840,5857623173031404878,true
ctl-deallocation-bootstrap-s223-m0-r0-t2-c2-l0-d0-tr0-a2,CJ-E,micro,shared_control,10982856780836788089,223,false,false,2,2,0,0,0,2,false,false,2,14,0,2,2,1,40,LOWER_BOUND,224,2,1,1,1,0,1,1,0,0,NA,0,false,1,1,1,1,0,2,14,0,false,0,false,false,true,false,600914634124069929,12523190464180002820,true
ctl-ambiguity-s223-m0-r0-t2-c2-l0-d0-tr0-a2,CJ-E,micro,shared_control,2367931830816361598,223,false,false,2,2,0,0,0,2,true,true,0,80,10,8,8,4,160,LOWER_BOUND,544,4,0,0,0,0,4,0,0,2,NA,2,false,0,0,0,0,0,0,0,0,false,0,false,false,true,false,12261846046771082828,2987996261585367682,true
ctl-recursion-s223-m0-r0-t2-c2-l0-d0-tr0-a2,CJ-E,micro,shared_control,1507324414056678919,223,false,false,2,2,0,0,0,2,true,true,0,71,6,8,8,4,160,LOWER_BOUND,496,4,0,0,0,0,4,0,3,1,NA,1,false,0,0,0,0,0,0,0,0,false,3,false,false,true,false,14559469106971233599,4095849718623342666,true
ctl-replay-s223-m0-r0-t2-c2-l0-d0-tr0-a2,CJ-E,micro,shared_control,6489575120450434448,223,false,false,2,2,0,0,0,2,true,true,0,30,1,4,4,2,80,LOWER_BOUND,272,2,1,0,0,0,2,0,1,1,NA,1,false,30,30,2,2,0,0,0,1,false,0,false,true,true,false,2224707377261874729,3254931250116056662,true
f1-aa-same-tick-s223-m0-r0-t2-c2-l4-d0-tr0-a2,CJ-E,micro,same_source_bursts,11588926438142868550,223,false,false,2,2,4,0,0,2,false,false,0,19,1,3,3,2,80,LOWER_BOUND,352,1,0,0,0,0,1,0,1,1,NA,1,true,0,0,0,0,0,0,0,0,false,0,false,false,true,false,9432617502978418605,15786012220501425728,false
f1-aa-spacing-s223-m0-r0-t2-c2-l4-d-1-tr0-a2,CJ-E,micro,same_source_bursts,14164854598585904722,223,false,false,2,2,4,-1,0,2,false,false,0,9,1,2,2,2,80,LOWER_BOUND,352,1,0,0,0,0,0,0,0,0,NA,0,false,0,0,0,0,0,0,0,0,false,0,false,false,true,false,42814981457211144,15786012220501425728,true
f1-ab-distinct-s223-m0-r0-t2-c2-l4-d-1-tr0-a2,CJ-E,micro,same_source_bursts,7817491472400502516,223,false,false,2,2,4,-1,0,2,true,false,0,31,2,4,4,2,80,LOWER_BOUND,272,2,1,0,0,0,2,0,1,1,NA,1,false,30,30,2,2,0,0,0,0,false,0,false,false,true,false,8690387488732003148,3254931250116056662,false
f1-aa-spacing-s223-m0-r0-t2-c2-l4-d0-tr0-a2,CJ-E,micro,same_source_bursts,14835978809382387594,223,false,false,2,2,4,0,0,2,false,false,0,19,1,3,3,2,80,LOWER_BOUND,352,1,0,0,0,0,1,0,1,1,NA,1,true,0,0,0,0,0,0,0,0,false,0,false,false,true,false,9432617502978418605,15786012220501425728,false
f1-ab-distinct-s223-m0-r0-t2-c2-l4-d0-tr0-a2,CJ-E,micro,same_source_bursts,6618880136418844197,223,false,false,2,2,4,0,0,2,true,true,0,30,1,4,4,2,80,LOWER_BOUND,272,2,1,0,0,0,2,0,1,1,NA,1,false,30,30,2,2,0,0,0,1,false,0,false,false,true,false,2224707377261874729,3254931250116056662,true
f1-aa-spacing-s223-m0-r0-t2-c2-l4-d1-tr0-a2,CJ-E,micro,same_source_bursts,8330400048336455302,223,false,false,2,2,4,1,0,2,false,false,0,9,1,2,2,2,80,LOWER_BOUND,352,1,0,0,0,0,0,0,0,0,NA,0,false,0,0,0,0,0,0,0,0,false,0,false,false,true,false,42814981457211144,15786012220501425728,true
f1-ab-distinct-s223-m0-r0-t2-c2-l4-d1-tr0-a2,CJ-E,micro,same_source_bursts,11550872645683651002,223,false,false,2,2,4,1,0,2,true,false,0,18,1,3,3,2,80,LOWER_BOUND,272,2,1,0,0,0,1,0,0,0,NA,0,false,30,30,2,2,0,0,0,0,false,0,false,false,true,false,15953809010947765580,3254931250116056662,true
f1-aa-spacing-s223-m0-r0-t2-c2-l4-d2-tr0-a2,CJ-E,micro,same_source_bursts,15476290272468410042,223,false,false,2,2,4,2,0,2,false,false,0,9,1,2,2,2,80,LOWER_BOUND,352,1,0,0,0,0,0,0,0,0,NA,0,false,0,0,0,0,0,0,0,0,false,0,false,false,true,false,1258166342001329125,15786012220501425728,true
f1-ab-distinct-s223-m0-r0-t2-c2-l4-d2-tr0-a2,CJ-E,micro,same_source_bursts,16663131634556818102,223,false,false,2,2,4,2,0,2,true,false,0,18,1,3,3,2,80,LOWER_BOUND,272,2,1,0,0,0,1,0,0,0,NA,0,false,30,30,2,2,0,0,0,0,false,0,false,false,true,false,3125601112517741358,3254931250116056662,true
f1-aa-spacing-s223-m0-r0-t2-c2-l4-d3-tr0-a2,CJ-E,micro,same_source_bursts,9406262786959297614,223,false,false,2,2,4,3,0,2,false,false,0,9,1,2,2,2,80,LOWER_BOUND,352,1,0,0,0,0,0,0,0,0,NA,0,false,0,0,0,0,0,0,0,0,false,0,false,false,true,false,15397877886963016218,15786012220501425728,true
f1-ab-distinct-s223-m0-r0-t2-c2-l4-d3-tr0-a2,CJ-E,micro,same_source_bursts,2554946707140150366,223,false,false,2,2,4,3,0,2,true,false,0,18,1,3,3,2,80,LOWER_BOUND,272,2,1,0,0,0,1,0,0,0,NA,0,false,30,30,2,2,0,0,0,0,false,0,false,false,true,false,4045211648055533448,3254931250116056662,true
f1-aa-spacing-s223-m0-r0-t2-c2-l4-d4-tr0-a2,CJ-E,micro,same_source_bursts,2718177932441873802,223,false,false,2,2,4,4,0,2,false,false,0,9,1,2,2,2,80,LOWER_BOUND,352,1,0,0,0,0,0,0,0,0,NA,0,false,0,0,0,0,0,0,0,0,false,0,false,false,true,false,11687588112889857423,15786012220501425728,true
f1-ab-distinct-s223-m0-r0-t2-c2-l4-d4-tr0-a2,CJ-E,micro,same_source_bursts,11580239779685061050,223,false,false,2,2,4,4,0,2,true,false,0,18,1,3,3,2,80,LOWER_BOUND,272,2,1,0,0,0,1,0,0,0,NA,0,false,30,30,2,2,0,0,0,0,false,0,false,false,true,false,7176769857728053654,3254931250116056662,true
f1-aa-spacing-s223-m0-r0-t2-c2-l4-d5-tr0-a2,CJ-E,micro,same_source_bursts,9666498991022729710,223,false,false,2,2,4,5,0,2,false,false,0,9,1,2,2,2,80,LOWER_BOUND,352,1,0,0,0,0,0,0,0,0,NA,0,false,0,0,0,0,0,0,0,0,false,0,false,false,true,false,10866323580361734124,15786012220501425728,true
f1-ab-distinct-s223-m0-r0-t2-c2-l4-d5-tr0-a2,CJ-E,micro,same_source_bursts,17923618640032487506,223,false,false,2,2,4,5,0,2,true,false,0,18,1,3,3,2,80,LOWER_BOUND,272,2,1,0,0,0,1,0,0,0,NA,0,false,30,30,2,2,0,0,0,0,false,0,false,false,true,false,10398974499362059180,3254931250116056662,true
f1-one-path-s223-m0-r0-t2-c2-l4-d1-tr0-a2,CJ-E,micro,same_source_bursts,1379748683522261255,223,false,false,2,2,4,1,0,2,false,false,0,41,2,5,5,2,80,LOWER_BOUND,272,2,1,0,0,1,3,0,1,1,NA,1,true,30,33,2,2,0,0,0,0,false,0,false,false,true,false,8044468837081566710,16037567927694508205,false
f1-a-burst-4-s223-m0-r0-t2-c2-l4-d4-tr0-a2,CJ-E,micro,same_source_bursts,5121379585654319290,223,false,false,2,2,4,4,0,2,false,false,0,29,2,4,4,2,80,LOWER_BOUND,272,2,1,0,0,1,2,0,0,0,NA,0,false,30,33,2,2,0,0,0,0,false,0,false,false,true,false,2932314746582896018,16037567927694508205,true
f2-one-strong-s223-m0-r0-t2-c2-l4-d0-tr0-a2,CJ-E,micro,amplitude_vs_multiplicity,9571901947886050732,223,false,false,2,2,4,0,0,2,false,false,0,4,0,1,1,1,40,LOWER_BOUND,352,1,0,0,0,0,0,0,0,0,NA,0,false,0,0,0,0,0,0,0,0,false,0,false,false,true,false,16464128719371706499,15786012220501425728,true
f2-two-weak-distinct-s223-m0-r0-t2-c2-l4-d0-tr0-a2,CJ-E,micro,amplitude_vs_multiplicity,6688286831552257477,223,false,false,2,2,4,0,0,2,true,true,0,19,1,3,3,2,80,LOWER_BOUND,352,1,0,0,0,0,1,0,1,1,NA,1,false,0,0,0,0,0,0,0,0,false,0,false,false,true,false,9432617502978418605,15786012220501425728,true
f2-two-weak-same-s223-m0-r0-t2-c2-l4-d0-tr0-a2,CJ-E,micro,amplitude_vs_multiplicity,12722106778183832293,223,false,false,2,2,4,0,0,2,false,false,0,19,1,3,3,2,80,LOWER_BOUND,352,1,0,0,0,0,1,0,1,1,NA,1,true,0,0,0,0,0,0,0,0,false,0,false,false,true,false,9432617502978418605,15786012220501425728,false
f2-asymmetric-distinct-s223-m0-r0-t2-c2-l4-d0-tr0-a2,CJ-E,micro,amplitude_vs_multiplicity,4704197500059712802,223,false,false,2,2,4,0,0,2,true,true,0,19,1,3,3,2,80,LOWER_BOUND,352,1,0,0,0,0,1,0,1,1,NA,1,false,0,0,0,0,0,0,0,0,false,0,false,false,true,false,9432617502978418605,15786012220501425728,true
f3-direct-return-s223-m0-r0-t2-c2-l4-d0-tr0-a2,CJ-E,micro,dense_return_topology,18359791091788415666,223,false,false,2,2,4,0,0,2,true,true,87,16,23,10,10,6,240,LOWER_BOUND,576,3,2,0,0,2,3,0,1,1,NA,1,false,3,6,2,2,0,0,0,0,true,0,false,false,true,false,2551039749835051107,17284945259595167139,true
f3-crossed-return-s223-m0-r0-t2-c2-l4-d0-tr0-a2,CJ-E,micro,dense_return_topology,11171277576768736308,223,false,false,2,2,4,0,0,2,true,true,87,16,23,10,10,6,240,LOWER_BOUND,576,3,2,0,0,1,3,1,1,1,NA,1,false,3,2,2,2,0,0,0,0,true,0,false,false,true,false,14061942939938243700,21077793903375647,true
f3-no-return-s223-m0-r0-t2-c2-l4-d0-tr0-a2,CJ-E,micro,dense_return_topology,12588897256979016878,223,false,false,2,2,4,0,0,2,true,true,87,2,23,8,8,6,240,LOWER_BOUND,576,3,2,0,0,0,2,2,1,1,NA,1,false,3,2,2,2,0,0,0,0,true,0,false,false,true,false,13955221704552245029,7335114325483578299,true
f3-direct-return-s223-m0-r0-t2-c2-l4-d0-tr0-a6,CJ-E,micro,dense_return_topology,5695992668473632298,223,false,false,2,2,4,0,0,6,true,true,115,20,23,10,10,6,240,LOWER_BOUND,1024,7,2,0,0,2,3,0,1,1,NA,1,false,3,6,2,2,0,0,0,0,true,0,false,false,true,false,9598197759455044379,2871558901373134895,true
f3-crossed-return-s223-m0-r0-t2-c2-l4-d0-tr0-a6,CJ-E,micro,dense_return_topology,15006529945603730308,223,false,false,2,2,4,0,0,6,true,true,115,20,23,10,10,6,240,LOWER_BOUND,1024,7,2,0,0,1,3,1,1,1,NA,1,false,3,2,2,2,0,0,0,0,true,0,false,false,true,false,3490985282046914636,17643578395947852771,true
f3-no-return-s223-m0-r0-t2-c2-l4-d0-tr0-a6,CJ-E,micro,dense_return_topology,13859948430161486198,223,false,false,2,2,4,0,0,6,true,true,115,2,23,8,8,6,240,LOWER_BOUND,1024,7,2,0,0,0,2,2,1,1,NA,1,false,3,2,2,2,0,0,0,0,true,0,false,false,true,false,15687736842315390281,11832841008088788999,true
f4-transfer-s223-m0-r0-t2-c2-l4-d-1-tr0-a2,CJ-E,micro,timing_transfer,15881666083529928624,223,false,false,2,2,4,-1,0,2,true,false,0,31,2,4,4,2,80,LOWER_BOUND,272,2,1,0,0,0,2,0,1,1,NA,1,false,30,30,2,2,0,0,0,0,false,0,false,false,true,false,8690387488732003148,3254931250116056662,false
f4-transfer-s223-m0-r0-t2-c2-l4-d0-tr0-a2,CJ-E,micro,timing_transfer,4330542027656558517,223,false,false,2,2,4,0,0,2,true,true,0,30,1,4,4,2,80,LOWER_BOUND,272,2,1,0,0,0,2,0,1,1,NA,1,false,30,30,2,2,0,0,0,1,false,0,false,false,true,false,2224707377261874729,3254931250116056662,true
f4-transfer-s223-m0-r0-t2-c2-l4-d1-tr0-a2,CJ-E,micro,timing_transfer,1934242090924627688,223,false,false,2,2,4,1,0,2,true,false,0,18,1,3,3,2,80,LOWER_BOUND,272,2,1,0,0,0,1,0,0,0,NA,0,false,30,30,2,2,0,0,0,0,false,0,false,false,true,false,15953809010947765580,3254931250116056662,true
f4-transfer-s223-m0-r0-t2-c2-l4-d2-tr0-a2,CJ-E,micro,timing_transfer,12993490384310275826,223,false,false,2,2,4,2,0,2,true,false,0,18,1,3,3,2,80,LOWER_BOUND,272,2,1,0,0,0,1,0,0,0,NA,0,false,30,30,2,2,0,0,0,0,false,0,false,false,true,false,3125601112517741358,3254931250116056662,true
f4-transfer-s223-m0-r0-t2-c2-l4-d3-tr0-a2,CJ-E,micro,timing_transfer,203662752954707492,223,false,false,2,2,4,3,0,2,true,false,0,18,1,3,3,2,80,LOWER_BOUND,272,2,1,0,0,0,1,0,0,0,NA,0,false,30,30,2,2,0,0,0,0,false,0,false,false,true,false,4045211648055533448,3254931250116056662,true
f4-transfer-s223-m0-r0-t2-c2-l4-d4-tr0-a2,CJ-E,micro,timing_transfer,5450544624973722738,223,false,false,2,2,4,4,0,2,true,false,0,18,1,3,3,2,80,LOWER_BOUND,272,2,1,0,0,0,1,0,0,0,NA,0,false,30,30,2,2,0,0,0,0,false,0,false,false,true,false,7176769857728053654,3254931250116056662,true
f4-transfer-s223-m0-r0-t2-c2-l4-d5-tr0-a2,CJ-E,micro,timing_transfer,1817209379607417872,223,false,false,2,2,4,5,0,2,true,false,0,18,1,3,3,2,80,LOWER_BOUND,272,2,1,0,0,0,1,0,0,0,NA,0,false,30,30,2,2,0,0,0,0,false,0,false,false,true,false,10398974499362059180,3254931250116056662,true
f4-transfer-s223-m0-r0-t2-c2-l4-d-1-tr2-a2,CJ-E,micro,timing_transfer,11971009265010472008,223,false,false,2,2,4,-1,2,2,true,false,0,31,2,4,4,2,80,LOWER_BOUND,272,2,1,0,0,0,2,0,1,1,NA,1,false,30,30,2,2,0,0,0,0,false,0,false,false,true,false,8690387488732003148,3254931250116056662,false
f4-transfer-s223-m0-r0-t2-c2-l4-d0-tr2-a2,CJ-E,micro,timing_transfer,5622669355868532897,223,false,false,2,2,4,0,2,2,true,true,0,30,1,4,4,2,80,LOWER_BOUND,272,2,1,0,0,0,2,0,1,1,NA,1,false,30,30,2,2,0,0,0,1,false,0,false,false,true,false,2224707377261874729,3254931250116056662,true
f4-transfer-s223-m0-r0-t2-c2-l4-d1-tr2-a2,CJ-E,micro,timing_transfer,15007102714873185336,223,false,false,2,2,4,1,2,2,true,false,0,18,1,3,3,2,80,LOWER_BOUND,272,2,1,0,0,0,1,0,0,0,NA,0,false,30,30,2,2,0,0,0,0,false,0,false,false,true,false,15953809010947765580,3254931250116056662,true
f4-transfer-s223-m0-r0-t2-c2-l4-d2-tr2-a2,CJ-E,micro,timing_transfer,4165471519528514334,223,false,false,2,2,4,2,2,2,true,false,0,18,1,3,3,2,80,LOWER_BOUND,272,2,1,0,0,0,1,0,0,0,NA,0,false,30,30,2,2,0,0,0,0,false,0,false,false,true,false,3125601112517741358,3254931250116056662,true
f4-transfer-s223-m0-r0-t2-c2-l4-d3-tr2-a2,CJ-E,micro,timing_transfer,7925760946813881748,223,false,false,2,2,4,3,2,2,true,false,0,18,1,3,3,2,80,LOWER_BOUND,272,2,1,0,0,0,1,0,0,0,NA,0,false,30,30,2,2,0,0,0,0,false,0,false,false,true,false,4045211648055533448,3254931250116056662,true
f4-transfer-s223-m0-r0-t2-c2-l4-d4-tr2-a2,CJ-E,micro,timing_transfer,2558905067753026414,223,false,false,2,2,4,4,2,2,true,false,0,18,1,3,3,2,80,LOWER_BOUND,272,2,1,0,0,0,1,0,0,0,NA,0,false,30,30,2,2,0,0,0,0,false,0,false,false,true,false,7176769857728053654,3254931250116056662,true
f4-transfer-s223-m0-r0-t2-c2-l4-d5-tr2-a2,CJ-E,micro,timing_transfer,17864720540042891680,223,false,false,2,2,4,5,2,2,true,false,0,18,1,3,3,2,80,LOWER_BOUND,272,2,1,0,0,0,1,0,0,0,NA,0,false,30,30,2,2,0,0,0,0,false,0,false,false,true,false,10398974499362059180,3254931250116056662,true
f4-transfer-s223-m0-r0-t2-c2-l4-d-1-tr4-a2,CJ-E,micro,timing_transfer,10908310750296214976,223,false,false,2,2,4,-1,4,2,true,false,0,31,2,4,4,2,80,LOWER_BOUND,272,2,1,0,0,0,2,0,1,1,NA,1,false,30,30,2,2,0,0,0,0,false,0,false,false,true,false,8690387488732003148,3254931250116056662,false
f4-transfer-s223-m0-r0-t2-c2-l4-d0-tr4-a2,CJ-E,micro,timing_transfer,13993723491693193453,223,false,false,2,2,4,0,4,2,true,true,0,30,1,4,4,2,80,LOWER_BOUND,272,2,1,0,0,0,2,0,1,1,NA,1,false,30,30,2,2,0,0,0,1,false,0,false,false,true,false,2224707377261874729,3254931250116056662,true
f4-transfer-s223-m0-r0-t2-c2-l4-d1-tr4-a2,CJ-E,micro,timing_transfer,14139912148813305528,223,false,false,2,2,4,1,4,2,true,false,0,18,1,3,3,2,80,LOWER_BOUND,272,2,1,0,0,0,1,0,0,0,NA,0,false,30,30,2,2,0,0,0,0,false,0,false,false,true,false,15953809010947765580,3254931250116056662,true
f4-transfer-s223-m0-r0-t2-c2-l4-d2-tr4-a2,CJ-E,micro,timing_transfer,3810344282871441170,223,false,false,2,2,4,2,4,2,true,false,0,18,1,3,3,2,80,LOWER_BOUND,272,2,1,0,0,0,1,0,0,0,NA,0,false,30,30,2,2,0,0,0,0,false,0,false,false,true,false,3125601112517741358,3254931250116056662,true
f4-transfer-s223-m0-r0-t2-c2-l4-d3-tr4-a2,CJ-E,micro,timing_transfer,3721933377781263188,223,false,false,2,2,4,3,4,2,true,false,0,18,1,3,3,2,80,LOWER_BOUND,272,2,1,0,0,0,1,0,0,0,NA,0,false,30,30,2,2,0,0,0,0,false,0,false,false,true,false,4045211648055533448,3254931250116056662,true
f4-transfer-s223-m0-r0-t2-c2-l4-d4-tr4-a2,CJ-E,micro,timing_transfer,13242876754221954042,223,false,false,2,2,4,4,4,2,true,false,0,18,1,3,3,2,80,LOWER_BOUND,272,2,1,0,0,0,1,0,0,0,NA,0,false,30,30,2,2,0,0,0,0,false,0,false,false,true,false,7176769857728053654,3254931250116056662,true
f4-transfer-s223-m0-r0-t2-c2-l4-d5-tr4-a2,CJ-E,micro,timing_transfer,16125069241228241984,223,false,false,2,2,4,5,4,2,true,false,0,18,1,3,3,2,80,LOWER_BOUND,272,2,1,0,0,0,1,0,0,0,NA,0,false,30,30,2,2,0,0,0,0,false,0,false,false,true,false,10398974499362059180,3254931250116056662,true
ctl-initial-ab-s223-m0-r0-t2-c2-l4-d0-tr0-a2,CJ-E,micro,shared_control,15795072077243472858,223,false,false,2,2,4,0,0,2,true,true,45,34,4,10,10,2,80,LOWER_BOUND,272,2,1,0,0,4,5,0,1,2,NA,2,false,30,36,2,2,0,0,0,1,false,0,true,false,true,false,14270613112264395261,5918876719064066014,true
ctl-initial-cd-s223-m0-r0-t2-c2-l4-d0-tr0-a2,CJ-E,micro,shared_control,6219659299217359878,223,false,false,2,2,4,0,0,2,true,true,45,34,4,10,10,2,80,LOWER_BOUND,272,2,1,0,0,4,5,0,1,2,NA,2,false,30,36,2,2,0,0,0,1,false,0,true,false,true,false,14270613112264395261,5918876719064066014,true
ctl-crossed-ad-s223-m0-r0-t2-c2-l4-d0-tr0-a2,CJ-E,micro,shared_control,14297884013688804710,223,false,false,2,2,4,0,0,2,false,false,0,13,0,2,2,1,40,LOWER_BOUND,272,2,1,0,0,0,1,0,0,0,NA,0,false,30,30,2,2,0,0,0,0,false,0,false,false,true,false,16246609531568031607,3254931250116056662,true
ctl-crossed-cb-s223-m0-r0-t2-c2-l4-d0-tr0-a2,CJ-E,micro,shared_control,4871076034343364686,223,false,false,2,2,4,0,0,2,false,false,0,13,0,2,2,1,40,LOWER_BOUND,272,2,1,0,0,0,1,0,0,0,NA,0,false,30,30,2,2,0,0,0,0,false,0,false,false,true,false,16246609531568031607,3254931250116056662,true
ctl-singleton-s223-m0-r0-t2-c2-l4-d0-tr0-a2,CJ-E,micro,shared_control,17623297238904838460,223,false,false,2,2,4,0,0,2,false,false,0,13,0,2,2,1,40,LOWER_BOUND,272,2,1,0,0,0,1,0,0,0,NA,0,false,30,30,2,2,0,0,0,0,false,0,false,false,true,false,16246609531568031607,3254931250116056662,true
ctl-old-self-evidence-s223-m0-r0-t2-c2-l4-d0-tr0-a6,CJ-E,micro,shared_control,15583670223703748169,223,false,false,2,2,4,0,0,6,true,true,115,2,23,8,8,6,240,LOWER_BOUND,1024,7,2,0,0,0,2,2,1,1,NA,1,false,3,2,2,2,0,0,0,0,true,0,false,false,true,false,15687736842315390281,11832841008088788999,true
ctl-blocked-return-s223-m0-r0-t2-c2-l4-d0-tr0-a6,CJ-E,micro,shared_control,6607118859969503104,223,false,false,2,2,4,0,0,6,true,true,115,2,23,8,8,6,240,LOWER_BOUND,1024,7,2,0,0,0,2,2,1,1,NA,1,false,3,2,2,2,0,0,0,0,true,0,false,false,true,false,15687736842315390281,11832841008088788999,true
ctl-stale-s223-m0-r0-t2-c2-l4-d0-tr0-a2,CJ-E,micro,shared_control,8824740010351193028,223,false,false,2,2,4,0,0,2,false,false,0,17,1,3,3,2,80,LOWER_BOUND,160,1,0,0,1,0,1,1,0,0,NA,1,false,1,0,2,0,0,0,0,0,false,0,false,false,true,false,1057840871855533840,5857623173031404878,true
ctl-deallocation-bootstrap-s223-m0-r0-t2-c2-l4-d0-tr0-a2,CJ-E,micro,shared_control,11793707592750086753,223,false,false,2,2,4,0,0,2,false,false,2,14,0,2,2,1,40,LOWER_BOUND,224,2,1,1,1,0,1,1,0,0,NA,0,false,1,1,1,1,0,2,14,0,false,0,false,false,true,false,600914634124069929,12523190464180002820,true
ctl-ambiguity-s223-m0-r0-t2-c2-l4-d0-tr0-a2,CJ-E,micro,shared_control,18371099725196583902,223,false,false,2,2,4,0,0,2,true,true,0,80,10,8,8,4,160,LOWER_BOUND,544,4,0,0,0,0,4,0,0,2,NA,2,false,0,0,0,0,0,0,0,0,false,0,false,false,true,false,12261846046771082828,2987996261585367682,true
ctl-recursion-s223-m0-r0-t2-c2-l4-d0-tr0-a2,CJ-E,micro,shared_control,15398367298221914295,223,false,false,2,2,4,0,0,2,true,true,0,71,6,8,8,4,160,LOWER_BOUND,496,4,0,0,0,0,4,0,3,1,NA,1,false,0,0,0,0,0,0,0,0,false,3,false,false,true,false,14559469106971233599,4095849718623342666,true
ctl-replay-s223-m0-r0-t2-c2-l4-d0-tr0-a2,CJ-E,micro,shared_control,2029076010386363528,223,false,false,2,2,4,0,0,2,true,true,0,30,1,4,4,2,80,LOWER_BOUND,272,2,1,0,0,0,2,0,1,1,NA,1,false,30,30,2,2,0,0,0,1,false,0,false,true,true,false,2224707377261874729,3254931250116056662,true
f1-aa-same-tick-s223-m0-r0-t3-c1-l0-d0-tr0-a2,CJ-E,micro,same_source_bursts,5485120668308909628,223,false,false,3,1,0,0,0,2,false,false,0,19,1,3,3,2,80,LOWER_BOUND,160,1,0,0,0,0,1,0,1,1,NA,1,true,0,0,0,0,0,0,0,0,false,0,false,false,true,false,18165732204019274204,9515837037974555405,false
f1-aa-spacing-s223-m0-r0-t3-c1-l0-d-1-tr0-a2,CJ-E,micro,same_source_bursts,10822353587455635236,223,false,false,3,1,0,-1,0,2,false,false,0,9,1,2,2,2,80,LOWER_BOUND,160,1,0,0,0,0,0,0,0,0,NA,0,false,0,0,0,0,0,0,0,0,false,0,false,false,true,false,18086738725010629154,9515837037974555405,true
f1-ab-distinct-s223-m0-r0-t3-c1-l0-d-1-tr0-a2,CJ-E,micro,same_source_bursts,15095744317364947786,223,false,false,3,1,0,-1,0,2,true,false,0,19,2,3,3,2,80,LOWER_BOUND,272,2,1,0,0,0,1,0,0,0,NA,0,false,30,30,1,1,0,0,0,0,false,0,false,false,true,false,12507763584723663098,16962857135139377756,true
f1-aa-spacing-s223-m0-r0-t3-c1-l0-d0-tr0-a2,CJ-E,micro,same_source_bursts,15989542390121759364,223,false,false,3,1,0,0,0,2,false,false,0,19,1,3,3,2,80,LOWER_BOUND,160,1,0,0,0,0,1,0,1,1,NA,1,true,0,0,0,0,0,0,0,0,false,0,false,false,true,false,18165732204019274204,9515837037974555405,false
f1-ab-distinct-s223-m0-r0-t3-c1-l0-d0-tr0-a2,CJ-E,micro,same_source_bursts,3490922969255388763,223,false,false,3,1,0,0,0,2,true,true,0,30,1,4,4,2,80,LOWER_BOUND,272,2,1,0,0,0,2,0,1,1,NA,1,false,30,30,1,1,0,0,0,1,false,0,false,false,true,false,8663639153542545791,16962857135139377756,true
f1-aa-spacing-s223-m0-r0-t3-c1-l0-d1-tr0-a2,CJ-E,micro,same_source_bursts,7637765635618088904,223,false,false,3,1,0,1,0,2,false,false,0,9,1,2,2,2,80,LOWER_BOUND,160,1,0,0,0,0,0,0,0,0,NA,0,false,0,0,0,0,0,0,0,0,false,0,false,false,true,false,18086738725010629154,9515837037974555405,true
f1-ab-distinct-s223-m0-r0-t3-c1-l0-d1-tr0-a2,CJ-E,micro,same_source_bursts,7104072425858694576,223,false,false,3,1,0,1,0,2,true,false,0,18,1,3,3,2,80,LOWER_BOUND,272,2,1,0,0,0,1,0,0,0,NA,0,false,30,30,1,1,0,0,0,0,false,0,false,false,true,false,3210504302361866994,16962857135139377756,true
f1-aa-spacing-s223-m0-r0-t3-c1-l0-d2-tr0-a2,CJ-E,micro,same_source_bursts,6815004367852035740,223,false,false,3,1,0,2,0,2,false,false,0,9,1,2,2,2,80,LOWER_BOUND,160,1,0,0,0,0,0,0,0,0,NA,0,false,0,0,0,0,0,0,0,0,false,0,false,false,true,false,3496989942638801079,9515837037974555405,true
f1-ab-distinct-s223-m0-r0-t3-c1-l0-d2-tr0-a2,CJ-E,micro,same_source_bursts,4791558660055282492,223,false,false,3,1,0,2,0,2,true,false,0,18,1,3,3,2,80,LOWER_BOUND,272,2,1,0,0,0,1,0,0,0,NA,0,false,30,30,1,1,0,0,0,0,false,0,false,false,true,false,2077434532711916081,16962857135139377756,true
f1-aa-spacing-s223-m0-r0-t3-c1-l0-d3-tr0-a2,CJ-E,micro,same_source_bursts,13071351973583277016,223,false,false,3,1,0,3,0,2,false,false,0,9,1,2,2,2,80,LOWER_BOUND,160,1,0,0,0,0,0,0,0,0,NA,0,false,0,0,0,0,0,0,0,0,false,0,false,false,true,false,8084925408985328896,9515837037974555405,true
f1-ab-distinct-s223-m0-r0-t3-c1-l0-d3-tr0-a2,CJ-E,micro,same_source_bursts,15504872867272992180,223,false,false,3,1,0,3,0,2,true,false,0,18,1,3,3,2,80,LOWER_BOUND,272,2,1,0,0,0,1,0,0,0,NA,0,false,30,30,1,1,0,0,0,0,false,0,false,false,true,false,6672885106045213179,16962857135139377756,true
f1-aa-spacing-s223-m0-r0-t3-c1-l0-d4-tr0-a2,CJ-E,micro,same_source_bursts,886620833463906372,223,false,false,3,1,0,4,0,2,false,false,0,9,1,2,2,2,80,LOWER_BOUND,160,1,0,0,0,0,0,0,0,0,NA,0,false,0,0,0,0,0,0,0,0,false,0,false,false,true,false,17153434763897383549,9515837037974555405,true
f1-ab-distinct-s223-m0-r0-t3-c1-l0-d4-tr0-a2,CJ-E,micro,same_source_bursts,16978947465410989872,223,false,false,3,1,0,4,0,2,true,false,0,18,1,3,3,2,80,LOWER_BOUND,272,2,1,0,0,0,1,0,0,0,NA,0,false,30,30,1,1,0,0,0,0,false,0,false,false,true,false,18182578657900193197,16962857135139377756,true
f1-aa-spacing-s223-m0-r0-t3-c1-l0-d5-tr0-a2,CJ-E,micro,same_source_bursts,12986014438407693792,223,false,false,3,1,0,5,0,2,false,false,0,9,1,2,2,2,80,LOWER_BOUND,160,1,0,0,0,0,0,0,0,0,NA,0,false,0,0,0,0,0,0,0,0,false,0,false,false,true,false,449302301513841694,9515837037974555405,true
f1-ab-distinct-s223-m0-r0-t3-c1-l0-d5-tr0-a2,CJ-E,micro,same_source_bursts,10077595187852109416,223,false,false,3,1,0,5,0,2,true,false,0,18,1,3,3,2,80,LOWER_BOUND,272,2,1,0,0,0,1,0,0,0,NA,0,false,30,30,1,1,0,0,0,0,false,0,false,false,true,false,7175540972761041147,16962857135139377756,true
f1-one-path-s223-m0-r0-t3-c1-l0-d1-tr0-a2,CJ-E,micro,same_source_bursts,8613014820689955873,223,false,false,3,1,0,1,0,2,false,false,0,29,2,4,4,2,80,LOWER_BOUND,272,2,1,0,0,1,2,0,0,0,NA,0,false,30,33,1,1,0,0,0,0,false,0,false,false,true,false,10953648531627087159,17481133634145771607,true
f1-a-burst-4-s223-m0-r0-t3-c1-l0-d4-tr0-a2,CJ-E,micro,same_source_bursts,6595795539764979040,223,false,false,3,1,0,4,0,2,false,false,0,29,2,4,4,2,80,LOWER_BOUND,272,2,1,0,0,1,2,0,0,0,NA,0,false,30,33,1,1,0,0,0,0,false,0,false,false,true,false,12761192511822968569,17481133634145771607,true
f2-one-strong-s223-m0-r0-t3-c1-l0-d0-tr0-a2,CJ-E,micro,amplitude_vs_multiplicity,12365988821280284774,223,false,false,3,1,0,0,0,2,false,false,0,4,0,1,1,1,40,LOWER_BOUND,160,1,0,0,0,0,0,0,0,0,NA,0,false,0,0,0,0,0,0,0,0,false,0,false,false,true,false,14307541161480690127,9515837037974555405,true
f2-two-weak-distinct-s223-m0-r0-t3-c1-l0-d0-tr0-a2,CJ-E,micro,amplitude_vs_multiplicity,6278355936380726467,223,false,false,3,1,0,0,0,2,true,true,0,19,1,3,3,2,80,LOWER_BOUND,160,1,0,0,0,0,1,0,1,1,NA,1,false,0,0,0,0,0,0,0,0,false,0,false,false,true,false,18165732204019274204,9515837037974555405,true
f2-two-weak-same-s223-m0-r0-t3-c1-l0-d0-tr0-a2,CJ-E,micro,amplitude_vs_multiplicity,200073758197451351,223,false,false,3,1,0,0,0,2,false,false,0,19,1,3,3,2,80,LOWER_BOUND,160,1,0,0,0,0,1,0,1,1,NA,1,true,0,0,0,0,0,0,0,0,false,0,false,false,true,false,18165732204019274204,9515837037974555405,false
f2-asymmetric-distinct-s223-m0-r0-t3-c1-l0-d0-tr0-a2,CJ-E,micro,amplitude_vs_multiplicity,356801423132933028,223,false,false,3,1,0,0,0,2,true,true,0,19,1,3,3,2,80,LOWER_BOUND,160,1,0,0,0,0,1,0,1,1,NA,1,false,0,0,0,0,0,0,0,0,false,0,false,false,true,false,18165732204019274204,9515837037974555405,true
f3-direct-return-s223-m0-r0-t3-c1-l0-d0-tr0-a2,CJ-E,micro,dense_return_topology,7984844214288340484,223,false,false,3,1,0,0,0,2,true,true,33,16,1,6,6,2,80,LOWER_BOUND,384,3,2,0,0,2,3,0,1,1,NA,1,false,3,6,1,2,0,0,0,0,true,0,false,false,true,false,11011931585812426883,13552506515321869655,true
f3-crossed-return-s223-m0-r0-t3-c1-l0-d0-tr0-a2,CJ-E,micro,dense_return_topology,13256976603760960142,223,false,false,3,1,0,0,0,2,true,true,33,16,1,6,6,2,80,LOWER_BOUND,384,3,2,0,0,1,3,1,1,1,NA,1,false,3,2,1,1,0,0,0,0,true,0,false,false,true,false,295408839298220815,12634755159504222536,true
f3-no-return-s223-m0-r0-t3-c1-l0-d0-tr0-a2,CJ-E,micro,dense_return_topology,369804962146109548,223,false,false,3,1,0,0,0,2,true,true,33,2,1,4,4,2,80,LOWER_BOUND,384,3,2,0,0,0,2,2,1,1,NA,1,false,3,2,1,1,0,0,0,0,true,0,false,false,true,false,6385535660353677154,4703836729873751892,true
f3-direct-return-s223-m0-r0-t3-c1-l0-d0-tr0-a6,CJ-E,micro,dense_return_topology,12533656119879302028,223,false,false,3,1,0,0,0,6,true,true,45,20,1,6,6,2,80,LOWER_BOUND,832,7,2,0,0,2,3,0,1,1,NA,1,false,3,6,1,2,0,0,0,0,true,0,false,false,true,false,6682459153903915039,17523719663764282511,true
f3-crossed-return-s223-m0-r0-t3-c1-l0-d0-tr0-a6,CJ-E,micro,dense_return_topology,8014442634964114750,223,false,false,3,1,0,0,0,6,true,true,45,20,1,6,6,2,80,LOWER_BOUND,832,7,2,0,0,1,3,1,1,1,NA,1,false,3,2,1,1,0,0,0,0,true,0,false,false,true,false,6924247381363502311,10175163270009173652,true
f3-no-return-s223-m0-r0-t3-c1-l0-d0-tr0-a6,CJ-E,micro,dense_return_topology,6416982758088300564,223,false,false,3,1,0,0,0,6,true,true,45,2,1,4,4,2,80,LOWER_BOUND,832,7,2,0,0,0,2,2,1,1,NA,1,false,3,2,1,1,0,0,0,0,true,0,false,false,true,false,17537792890086480638,4696862327428249472,true
f4-transfer-s223-m0-r0-t3-c1-l0-d-1-tr0-a2,CJ-E,micro,timing_transfer,836551521849145490,223,false,false,3,1,0,-1,0,2,true,false,0,19,2,3,3,2,80,LOWER_BOUND,272,2,1,0,0,0,1,0,0,0,NA,0,false,30,30,1,1,0,0,0,0,false,0,false,false,true,false,12507763584723663098,16962857135139377756,true
f4-transfer-s223-m0-r0-t3-c1-l0-d0-tr0-a2,CJ-E,micro,timing_transfer,2851780841338410887,223,false,false,3,1,0,0,0,2,true,true,0,30,1,4,4,2,80,LOWER_BOUND,272,2,1,0,0,0,2,0,1,1,NA,1,false,30,30,1,1,0,0,0,1,false,0,false,false,true,false,8663639153542545791,16962857135139377756,true
f4-transfer-s223-m0-r0-t3-c1-l0-d1-tr0-a2,CJ-E,micro,timing_transfer,4957246649682062302,223,false,false,3,1,0,1,0,2,true,false,0,18,1,3,3,2,80,LOWER_BOUND,272,2,1,0,0,0,1,0,0,0,NA,0,false,30,30,1,1,0,0,0,0,false,0,false,false,true,false,3210504302361866994,16962857135139377756,true
f4-transfer-s223-m0-r0-t3-c1-l0-d2-tr0-a2,CJ-E,micro,timing_transfer,12257319365372065188,223,false,false,3,1,0,2,0,2,true,false,0,18,1,3,3,2,80,LOWER_BOUND,272,2,1,0,0,0,1,0,0,0,NA,0,false,30,30,1,1,0,0,0,0,false,0,false,false,true,false,2077434532711916081,16962857135139377756,true
f4-transfer-s223-m0-r0-t3-c1-l0-d3-tr0-a2,CJ-E,micro,timing_transfer,11498386032169420106,223,false,false,3,1,0,3,0,2,true,false,0,18,1,3,3,2,80,LOWER_BOUND,272,2,1,0,0,0,1,0,0,0,NA,0,false,30,30,1,1,0,0,0,0,false,0,false,false,true,false,6672885106045213179,16962857135139377756,true
f4-transfer-s223-m0-r0-t3-c1-l0-d4-tr0-a2,CJ-E,micro,timing_transfer,4485364468352249100,223,false,false,3,1,0,4,0,2,true,false,0,18,1,3,3,2,80,LOWER_BOUND,272,2,1,0,0,0,1,0,0,0,NA,0,false,30,30,1,1,0,0,0,0,false,0,false,false,true,false,18182578657900193197,16962857135139377756,true
f4-transfer-s223-m0-r0-t3-c1-l0-d5-tr0-a2,CJ-E,micro,timing_transfer,17296123755342935574,223,false,false,3,1,0,5,0,2,true,false,0,18,1,3,3,2,80,LOWER_BOUND,272,2,1,0,0,0,1,0,0,0,NA,0,false,30,30,1,1,0,0,0,0,false,0,false,false,true,false,7175540972761041147,16962857135139377756,true
f4-transfer-s223-m0-r0-t3-c1-l0-d-1-tr2-a2,CJ-E,micro,timing_transfer,13404892577856183618,223,false,false,3,1,0,-1,2,2,true,false,0,19,2,3,3,2,80,LOWER_BOUND,272,2,1,0,0,0,1,0,0,0,NA,0,false,30,30,1,1,0,0,0,0,false,0,false,false,true,false,12507763584723663098,16962857135139377756,true
f4-transfer-s223-m0-r0-t3-c1-l0-d0-tr2-a2,CJ-E,micro,timing_transfer,11158282508946975395,223,false,false,3,1,0,0,2,2,true,true,0,30,1,4,4,2,80,LOWER_BOUND,272,2,1,0,0,0,2,0,1,1,NA,1,false,30,30,1,1,0,0,0,1,false,0,false,false,true,false,8663639153542545791,16962857135139377756,true
f4-transfer-s223-m0-r0-t3-c1-l0-d1-tr2-a2,CJ-E,micro,timing_transfer,2370961732148183878,223,false,false,3,1,0,1,2,2,true,false,0,18,1,3,3,2,80,LOWER_BOUND,272,2,1,0,0,0,1,0,0,0,NA,0,false,30,30,1,1,0,0,0,0,false,0,false,false,true,false,3210504302361866994,16962857135139377756,true
f4-transfer-s223-m0-r0-t3-c1-l0-d2-tr2-a2,CJ-E,micro,timing_transfer,14880636240188512512,223,false,false,3,1,0,2,2,2,true,false,0,18,1,3,3,2,80,LOWER_BOUND,272,2,1,0,0,0,1,0,0,0,NA,0,false,30,30,1,1,0,0,0,0,false,0,false,false,true,false,2077434532711916081,16962857135139377756,true
f4-transfer-s223-m0-r0-t3-c1-l0-d3-tr2-a2,CJ-E,micro,timing_transfer,3310888334709456194,223,false,false,3,1,0,3,2,2,true,false,0,18,1,3,3,2,80,LOWER_BOUND,272,2,1,0,0,0,1,0,0,0,NA,0,false,30,30,1,1,0,0,0,0,false,0,false,false,true,false,6672885106045213179,16962857135139377756,true
f4-transfer-s223-m0-r0-t3-c1-l0-d4-tr2-a2,CJ-E,micro,timing_transfer,14238507353188492856,223,false,false,3,1,0,4,2,2,true,false,0,18,1,3,3,2,80,LOWER_BOUND,272,2,1,0,0,0,1,0,0,0,NA,0,false,30,30,1,1,0,0,0,0,false,0,false,false,true,false,18182578657900193197,16962857135139377756,true
f4-transfer-s223-m0-r0-t3-c1-l0-d5-tr2-a2,CJ-E,micro,timing_transfer,6336026616150316158,223,false,false,3,1,0,5,2,2,true,false,0,18,1,3,3,2,80,LOWER_BOUND,272,2,1,0,0,0,1,0,0,0,NA,0,false,30,30,1,1,0,0,0,0,false,0,false,false,true,false,7175540972761041147,16962857135139377756,true
f4-transfer-s223-m0-r0-t3-c1-l0-d-1-tr4-a2,CJ-E,micro,timing_transfer,14376165665299035114,223,false,false,3,1,0,-1,4,2,true,false,0,19,2,3,3,2,80,LOWER_BOUND,272,2,1,0,0,0,1,0,0,0,NA,0,false,30,30,1,1,0,0,0,0,false,0,false,false,true,false,12507763584723663098,16962857135139377756,true
f4-transfer-s223-m0-r0-t3-c1-l0-d0-tr4-a2,CJ-E,micro,timing_transfer,16505961754639012623,223,false,false,3,1,0,0,4,2,true,true,0,30,1,4,4,2,80,LOWER_BOUND,272,2,1,0,0,0,2,0,1,1,NA,1,false,30,30,1,1,0,0,0,1,false,0,false,false,true,false,8663639153542545791,16962857135139377756,true
f4-transfer-s223-m0-r0-t3-c1-l0-d1-tr4-a2,CJ-E,micro,timing_transfer,5932215254347089550,223,false,false,3,1,0,1,4,2,true,false,0,18,1,3,3,2,80,LOWER_BOUND,272,2,1,0,0,0,1,0,0,0,NA,0,false,30,30,1,1,0,0,0,0,false,0,false,false,true,false,3210504302361866994,16962857135139377756,true
f4-transfer-s223-m0-r0-t3-c1-l0-d2-tr4-a2,CJ-E,micro,timing_transfer,4175701780666863236,223,false,false,3,1,0,2,4,2,true,false,0,18,1,3,3,2,80,LOWER_BOUND,272,2,1,0,0,0,1,0,0,0,NA,0,false,30,30,1,1,0,0,0,0,false,0,false,false,true,false,2077434532711916081,16962857135139377756,true
f4-transfer-s223-m0-r0-t3-c1-l0-d3-tr4-a2,CJ-E,micro,timing_transfer,7712761124501636762,223,false,false,3,1,0,3,4,2,true,false,0,18,1,3,3,2,80,LOWER_BOUND,272,2,1,0,0,0,1,0,0,0,NA,0,false,30,30,1,1,0,0,0,0,false,0,false,false,true,false,6672885106045213179,16962857135139377756,true
f4-transfer-s223-m0-r0-t3-c1-l0-d4-tr4-a2,CJ-E,micro,timing_transfer,1958710730377457060,223,false,false,3,1,0,4,4,2,true,false,0,18,1,3,3,2,80,LOWER_BOUND,272,2,1,0,0,0,1,0,0,0,NA,0,false,30,30,1,1,0,0,0,0,false,0,false,false,true,false,18182578657900193197,16962857135139377756,true
f4-transfer-s223-m0-r0-t3-c1-l0-d5-tr4-a2,CJ-E,micro,timing_transfer,10439468086521035558,223,false,false,3,1,0,5,4,2,true,false,0,18,1,3,3,2,80,LOWER_BOUND,272,2,1,0,0,0,1,0,0,0,NA,0,false,30,30,1,1,0,0,0,0,false,0,false,false,true,false,7175540972761041147,16962857135139377756,true
ctl-initial-ab-s223-m0-r0-t3-c1-l0-d0-tr0-a2,CJ-E,micro,shared_control,14290729476601474708,223,false,false,3,1,0,0,0,2,true,true,45,31,2,10,10,2,80,LOWER_BOUND,272,2,1,0,0,3,5,0,1,2,NA,2,false,30,36,1,1,0,0,0,1,false,0,true,false,true,false,10811558584462045356,15214842384605281515,true
ctl-initial-cd-s223-m0-r0-t3-c1-l0-d0-tr0-a2,CJ-E,micro,shared_control,14643842248283633328,223,false,false,3,1,0,0,0,2,true,true,45,31,2,10,10,2,80,LOWER_BOUND,272,2,1,0,0,3,5,0,1,2,NA,2,false,30,36,1,1,0,0,0,1,false,0,true,false,true,false,10811558584462045356,15214842384605281515,true
ctl-crossed-ad-s223-m0-r0-t3-c1-l0-d0-tr0-a2,CJ-E,micro,shared_control,14465795889698297204,223,false,false,3,1,0,0,0,2,false,false,0,13,0,2,2,1,40,LOWER_BOUND,272,2,1,0,0,0,1,0,0,0,NA,0,false,30,30,1,1,0,0,0,0,false,0,false,false,true,false,10146525219593245108,16962857135139377756,true
ctl-crossed-cb-s223-m0-r0-t3-c1-l0-d0-tr0-a2,CJ-E,micro,shared_control,14496760607061807196,223,false,false,3,1,0,0,0,2,false,false,0,13,0,2,2,1,40,LOWER_BOUND,272,2,1,0,0,0,1,0,0,0,NA,0,false,30,30,1,1,0,0,0,0,false,0,false,false,true,false,10146525219593245108,16962857135139377756,true
ctl-singleton-s223-m0-r0-t3-c1-l0-d0-tr0-a2,CJ-E,micro,shared_control,17694937526257986714,223,false,false,3,1,0,0,0,2,false,false,0,13,0,2,2,1,40,LOWER_BOUND,272,2,1,0,0,0,1,0,0,0,NA,0,false,30,30,1,1,0,0,0,0,false,0,false,false,true,false,10146525219593245108,16962857135139377756,true
ctl-old-self-evidence-s223-m0-r0-t3-c1-l0-d0-tr0-a6,CJ-E,micro,shared_control,10179987972028953607,223,false,false,3,1,0,0,0,6,true,true,45,2,1,4,4,2,80,LOWER_BOUND,832,7,2,0,0,0,2,2,1,1,NA,1,false,3,2,1,1,0,0,0,0,true,0,false,false,true,false,17537792890086480638,4696862327428249472,true
ctl-blocked-return-s223-m0-r0-t3-c1-l0-d0-tr0-a6,CJ-E,micro,shared_control,17200462529286136642,223,false,false,3,1,0,0,0,6,true,true,45,2,1,4,4,2,80,LOWER_BOUND,832,7,2,0,0,0,2,2,1,1,NA,1,false,3,2,1,1,0,0,0,0,true,0,false,false,true,false,17537792890086480638,4696862327428249472,true
ctl-stale-s223-m0-r0-t3-c1-l0-d0-tr0-a2,CJ-E,micro,shared_control,3781192696935283562,223,false,false,3,1,0,0,0,2,false,false,0,17,1,3,3,2,80,LOWER_BOUND,160,1,0,0,1,0,1,1,0,0,NA,1,false,1,0,1,0,0,0,0,0,false,0,false,false,true,false,9886772237332844,8397949877274356126,true
ctl-deallocation-bootstrap-s223-m0-r0-t3-c1-l0-d0-tr0-a2,CJ-E,micro,shared_control,7810068340978866951,223,false,false,3,1,0,0,0,2,false,false,2,14,0,2,2,1,40,LOWER_BOUND,224,2,1,1,1,0,1,1,0,0,NA,0,false,1,1,1,1,0,2,14,0,false,0,false,false,true,false,18273691292081311698,4761852303161569647,true
ctl-ambiguity-s223-m0-r0-t3-c1-l0-d0-tr0-a2,CJ-E,micro,shared_control,11927080409504543968,223,false,false,3,1,0,0,0,2,true,true,0,80,10,8,8,4,160,LOWER_BOUND,544,4,0,0,0,0,4,0,0,2,NA,2,false,0,0,0,0,0,0,0,0,false,0,false,false,true,false,282783410652471686,17295071828749093012,true
ctl-recursion-s223-m0-r0-t3-c1-l0-d0-tr0-a2,CJ-E,micro,shared_control,16746773342507490393,223,false,false,3,1,0,0,0,2,true,true,0,71,6,8,8,4,160,LOWER_BOUND,496,4,0,0,0,0,4,0,3,1,NA,1,false,0,0,0,0,0,0,0,0,false,3,false,false,true,false,14559469106971233599,4095849718623342666,true
ctl-replay-s223-m0-r0-t3-c1-l0-d0-tr0-a2,CJ-E,micro,shared_control,8905455010550027718,223,false,false,3,1,0,0,0,2,true,true,0,30,1,4,4,2,80,LOWER_BOUND,272,2,1,0,0,0,2,0,1,1,NA,1,false,30,30,1,1,0,0,0,1,false,0,false,true,true,false,8663639153542545791,16962857135139377756,true
f1-aa-same-tick-s223-m0-r0-t3-c1-l4-d0-tr0-a2,CJ-E,micro,same_source_bursts,17053256400959227580,223,false,false,3,1,4,0,0,2,false,false,0,19,1,3,3,2,80,LOWER_BOUND,352,1,0,0,0,0,1,0,1,1,NA,1,true,0,0,0,0,0,0,0,0,false,0,false,false,true,false,3411454307408305434,13078205192383568783,false
f1-aa-spacing-s223-m0-r0-t3-c1-l4-d-1-tr0-a2,CJ-E,micro,same_source_bursts,5113258796087780564,223,false,false,3,1,4,-1,0,2,false,false,0,9,1,2,2,2,80,LOWER_BOUND,352,1,0,0,0,0,0,0,0,0,NA,0,false,0,0,0,0,0,0,0,0,false,0,false,false,true,false,13022308019593356300,13078205192383568783,true
f1-ab-distinct-s223-m0-r0-t3-c1-l4-d-1-tr0-a2,CJ-E,micro,same_source_bursts,10078758805136910762,223,false,false,3,1,4,-1,0,2,true,false,0,19,2,3,3,2,80,LOWER_BOUND,272,2,1,0,0,0,1,0,0,0,NA,0,false,30,30,1,1,0,0,0,0,false,0,false,false,true,false,12507763584723663098,16962857135139377756,true
f1-aa-spacing-s223-m0-r0-t3-c1-l4-d0-tr0-a2,CJ-E,micro,same_source_bursts,8572746799260620060,223,false,false,3,1,4,0,0,2,false,false,0,19,1,3,3,2,80,LOWER_BOUND,352,1,0,0,0,0,1,0,1,1,NA,1,true,0,0,0,0,0,0,0,0,false,0,false,false,true,false,3411454307408305434,13078205192383568783,false
f1-ab-distinct-s223-m0-r0-t3-c1-l4-d0-tr0-a2,CJ-E,micro,same_source_bursts,7326746352641673387,223,false,false,3,1,4,0,0,2,true,true,0,30,1,4,4,2,80,LOWER_BOUND,272,2,1,0,0,0,2,0,1,1,NA,1,false,30,30,1,1,0,0,0,1,false,0,false,false,true,false,8663639153542545791,16962857135139377756,true
f1-aa-spacing-s223-m0-r0-t3-c1-l4-d1-tr0-a2,CJ-E,micro,same_source_bursts,102278721482349944,223,false,false,3,1,4,1,0,2,false,false,0,9,1,2,2,2,80,LOWER_BOUND,352,1,0,0,0,0,0,0,0,0,NA,0,false,0,0,0,0,0,0,0,0,false,0,false,false,true,false,13022308019593356300,13078205192383568783,true
f1-ab-distinct-s223-m0-r0-t3-c1-l4-d1-tr0-a2,CJ-E,micro,same_source_bursts,17909005590365792000,223,false,false,3,1,4,1,0,2,true,false,0,18,1,3,3,2,80,LOWER_BOUND,272,2,1,0,0,0,1,0,0,0,NA,0,false,30,30,1,1,0,0,0,0,false,0,false,false,true,false,3210504302361866994,16962857135139377756,true
f1-aa-spacing-s223-m0-r0-t3-c1-l4-d2-tr0-a2,CJ-E,micro,same_source_bursts,16680196775679634964,223,false,false,3,1,4,2,0,2,false,false,0,9,1,2,2,2,80,LOWER_BOUND,352,1,0,0,0,0,0,0,0,0,NA,0,false,0,0,0,0,0,0,0,0,false,0,false,false,true,false,1954962510079042649,13078205192383568783,true
f1-ab-distinct-s223-m0-r0-t3-c1-l4-d2-tr0-a2,CJ-E,micro,same_source_bursts,16428910785561375188,223,false,false,3,1,4,2,0,2,true,false,0,18,1,3,3,2,80,LOWER_BOUND,272,2,1,0,0,0,1,0,0,0,NA,0,false,30,30,1,1,0,0,0,0,false,0,false,false,true,false,2077434532711916081,16962857135139377756,true
f1-aa-spacing-s223-m0-r0-t3-c1-l4-d3-tr0-a2,CJ-E,micro,same_source_bursts,15512742704204287160,223,false,false,3,1,4,3,0,2,false,false,0,9,1,2,2,2,80,LOWER_BOUND,352,1,0,0,0,0,0,0,0,0,NA,0,false,0,0,0,0,0,0,0,0,false,0,false,false,true,false,14334248382031324606,13078205192383568783,true
f1-ab-distinct-s223-m0-r0-t3-c1-l4-d3-tr0-a2,CJ-E,micro,same_source_bursts,5838131173724675516,223,false,false,3,1,4,3,0,2,true,false,0,18,1,3,3,2,80,LOWER_BOUND,272,2,1,0,0,0,1,0,0,0,NA,0,false,30,30,1,1,0,0,0,0,false,0,false,false,true,false,6672885106045213179,16962857135139377756,true
f1-aa-spacing-s223-m0-r0-t3-c1-l4-d4-tr0-a2,CJ-E,micro,same_source_bursts,16658524851511319804,223,false,false,3,1,4,4,0,2,false,false,0,9,1,2,2,2,80,LOWER_BOUND,352,1,0,0,0,0,0,0,0,0,NA,0,false,0,0,0,0,0,0,0,0,false,0,false,false,true,false,14206575589850018523,13078205192383568783,true
f1-ab-distinct-s223-m0-r0-t3-c1-l4-d4-tr0-a2,CJ-E,micro,same_source_bursts,17635668430163047280,223,false,false,3,1,4,4,0,2,true,false,0,18,1,3,3,2,80,LOWER_BOUND,272,2,1,0,0,0,1,0,0,0,NA,0,false,30,30,1,1,0,0,0,0,false,0,false,false,true,false,18182578657900193197,16962857135139377756,true
f1-aa-spacing-s223-m0-r0-t3-c1-l4-d5-tr0-a2,CJ-E,micro,same_source_bursts,356736879588999488,223,false,false,3,1,4,5,0,2,false,false,0,9,1,2,2,2,80,LOWER_BOUND,352,1,0,0,0,0,0,0,0,0,NA,0,false,0,0,0,0,0,0,0,0,false,0,false,false,true,false,17853997002733148808,13078205192383568783,true
f1-ab-distinct-s223-m0-r0-t3-c1-l4-d5-tr0-a2,CJ-E,micro,same_source_bursts,9119544664301205480,223,false,false,3,1,4,5,0,2,true,false,0,18,1,3,3,2,80,LOWER_BOUND,272,2,1,0,0,0,1,0,0,0,NA,0,false,30,30,1,1,0,0,0,0,false,0,false,false,true,false,7175540972761041147,16962857135139377756,true
f1-one-path-s223-m0-r0-t3-c1-l4-d1-tr0-a2,CJ-E,micro,same_source_bursts,12260558716642782401,223,false,false,3,1,4,1,0,2,false,false,0,29,2,4,4,2,80,LOWER_BOUND,272,2,1,0,0,1,2,0,0,0,NA,0,false,30,33,1,1,0,0,0,0,false,0,false,false,true,false,10953648531627087159,17481133634145771607,true
f1-a-burst-4-s223-m0-r0-t3-c1-l4-d4-tr0-a2,CJ-E,micro,same_source_bursts,15416049847182862824,223,false,false,3,1,4,4,0,2,false,false,0,29,2,4,4,2,80,LOWER_BOUND,272,2,1,0,0,1,2,0,0,0,NA,0,false,30,33,1,1,0,0,0,0,false,0,false,false,true,false,12761192511822968569,17481133634145771607,true
f2-one-strong-s223-m0-r0-t3-c1-l4-d0-tr0-a2,CJ-E,micro,amplitude_vs_multiplicity,4725155038933792350,223,false,false,3,1,4,0,0,2,false,false,0,4,0,1,1,1,40,LOWER_BOUND,352,1,0,0,0,0,0,0,0,0,NA,0,false,0,0,0,0,0,0,0,0,false,0,false,false,true,false,5931963589768983877,13078205192383568783,true
f2-two-weak-distinct-s223-m0-r0-t3-c1-l4-d0-tr0-a2,CJ-E,micro,amplitude_vs_multiplicity,17910983594648800667,223,false,false,3,1,4,0,0,2,true,true,0,19,1,3,3,2,80,LOWER_BOUND,352,1,0,0,0,0,1,0,1,1,NA,1,false,0,0,0,0,0,0,0,0,false,0,false,false,true,false,3411454307408305434,13078205192383568783,true
f2-two-weak-same-s223-m0-r0-t3-c1-l4-d0-tr0-a2,CJ-E,micro,amplitude_vs_multiplicity,16228466288757358583,223,false,false,3,1,4,0,0,2,false,false,0,19,1,3,3,2,80,LOWER_BOUND,352,1,0,0,0,0,1,0,1,1,NA,1,true,0,0,0,0,0,0,0,0,false,0,false,false,true,false,3411454307408305434,13078205192383568783,false
f2-asymmetric-distinct-s223-m0-r0-t3-c1-l4-d0-tr0-a2,CJ-E,micro,amplitude_vs_multiplicity,6827230119097457396,223,false,false,3,1,4,0,0,2,true,true,0,19,1,3,3,2,80,LOWER_BOUND,352,1,0,0,0,0,1,0,1,1,NA,1,false,0,0,0,0,0,0,0,0,false,0,false,false,true,false,3411454307408305434,13078205192383568783,true
f3-direct-return-s223-m0-r0-t3-c1-l4-d0-tr0-a2,CJ-E,micro,dense_return_topology,11795858231232855620,223,false,false,3,1,4,0,0,2,true,true,87,16,23,10,10,6,240,LOWER_BOUND,576,3,2,0,0,2,3,0,1,1,NA,1,false,3,6,1,2,0,0,0,0,true,0,false,false,true,false,701566113221824489,2190729471216446653,true
f3-crossed-return-s223-m0-r0-t3-c1-l4-d0-tr0-a2,CJ-E,micro,dense_return_topology,1171554387456407318,223,false,false,3,1,4,0,0,2,true,true,87,16,23,10,10,6,240,LOWER_BOUND,576,3,2,0,0,1,3,1,1,1,NA,1,false,3,2,1,1,0,0,0,0,true,0,false,false,true,false,15099804793168351525,395141834415957002,true
f3-no-return-s223-m0-r0-t3-c1-l4-d0-tr0-a2,CJ-E,micro,dense_return_topology,7252254434996416396,223,false,false,3,1,4,0,0,2,true,true,87,2,23,8,8,6,240,LOWER_BOUND,576,3,2,0,0,0,2,2,1,1,NA,1,false,3,2,1,1,0,0,0,0,true,0,false,false,true,false,16071040205363079620,15466038833872164742,true
f3-direct-return-s223-m0-r0-t3-c1-l4-d0-tr0-a6,CJ-E,micro,dense_return_topology,4919218438339653916,223,false,false,3,1,4,0,0,6,true,true,115,20,23,10,10,6,240,LOWER_BOUND,1024,7,2,0,0,2,3,0,1,1,NA,1,false,3,6,1,2,0,0,0,0,true,0,false,false,true,false,2174305590904065509,7700394535839796869,true
f3-crossed-return-s223-m0-r0-t3-c1-l4-d0-tr0-a6,CJ-E,micro,dense_return_topology,409283286750754694,223,false,false,3,1,4,0,0,6,true,true,115,20,23,10,10,6,240,LOWER_BOUND,1024,7,2,0,0,1,3,1,1,1,NA,1,false,3,2,1,1,0,0,0,0,true,0,false,false,true,false,12682819455405533525,16977613874776735102,true
f3-no-return-s223-m0-r0-t3-c1-l4-d0-tr0-a6,CJ-E,micro,dense_return_topology,3908784873103867204,223,false,false,3,1,4,0,0,6,true,true,115,2,23,8,8,6,240,LOWER_BOUND,1024,7,2,0,0,0,2,2,1,1,NA,1,false,3,2,1,1,0,0,0,0,true,0,false,false,true,false,8682057269301599704,13678495911804591306,true
f4-transfer-s223-m0-r0-t3-c1-l4-d-1-tr0-a2,CJ-E,micro,timing_transfer,7376210915736773986,223,false,false,3,1,4,-1,0,2,true,false,0,19,2,3,3,2,80,LOWER_BOUND,272,2,1,0,0,0,1,0,0,0,NA,0,false,30,30,1,1,0,0,0,0,false,0,false,false,true,false,12507763584723663098,16962857135139377756,true
f4-transfer-s223-m0-r0-t3-c1-l4-d0-tr0-a2,CJ-E,micro,timing_transfer,3891800711812321583,223,false,false,3,1,4,0,0,2,true,true,0,30,1,4,4,2,80,LOWER_BOUND,272,2,1,0,0,0,2,0,1,1,NA,1,false,30,30,1,1,0,0,0,1,false,0,false,false,true,false,8663639153542545791,16962857135139377756,true
f4-transfer-s223-m0-r0-t3-c1-l4-d1-tr0-a2,CJ-E,micro,timing_transfer,9929773468695273822,223,false,false,3,1,4,1,0,2,true,false,0,18,1,3,3,2,80,LOWER_BOUND,272,2,1,0,0,0,1,0,0,0,NA,0,false,30,30,1,1,0,0,0,0,false,0,false,false,true,false,3210504302361866994,16962857135139377756,true
f4-transfer-s223-m0-r0-t3-c1-l4-d2-tr0-a2,CJ-E,micro,timing_transfer,14535393594978944300,223,false,false,3,1,4,2,0,2,true,false,0,18,1,3,3,2,80,LOWER_BOUND,272,2,1,0,0,0,1,0,0,0,NA,0,false,30,30,1,1,0,0,0,0,false,0,false,false,true,false,2077434532711916081,16962857135139377756,true
f4-transfer-s223-m0-r0-t3-c1-l4-d3-tr0-a2,CJ-E,micro,timing_transfer,98606048569917010,223,false,false,3,1,4,3,0,2,true,false,0,18,1,3,3,2,80,LOWER_BOUND,272,2,1,0,0,0,1,0,0,0,NA,0,false,30,30,1,1,0,0,0,0,false,0,false,false,true,false,6672885106045213179,16962857135139377756,true
f4-transfer-s223-m0-r0-t3-c1-l4-d4-tr0-a2,CJ-E,micro,timing_transfer,14194144802723136820,223,false,false,3,1,4,4,0,2,true,false,0,18,1,3,3,2,80,LOWER_BOUND,272,2,1,0,0,0,1,0,0,0,NA,0,false,30,30,1,1,0,0,0,0,false,0,false,false,true,false,18182578657900193197,16962857135139377756,true
f4-transfer-s223-m0-r0-t3-c1-l4-d5-tr0-a2,CJ-E,micro,timing_transfer,11695168096563439334,223,false,false,3,1,4,5,0,2,true,false,0,18,1,3,3,2,80,LOWER_BOUND,272,2,1,0,0,0,1,0,0,0,NA,0,false,30,30,1,1,0,0,0,0,false,0,false,false,true,false,7175540972761041147,16962857135139377756,true
f4-transfer-s223-m0-r0-t3-c1-l4-d-1-tr2-a2,CJ-E,micro,timing_transfer,14371038766764421082,223,false,false,3,1,4,-1,2,2,true,false,0,19,2,3,3,2,80,LOWER_BOUND,272,2,1,0,0,0,1,0,0,0,NA,0,false,30,30,1,1,0,0,0,0,false,0,false,false,true,false,12507763584723663098,16962857135139377756,true
f4-transfer-s223-m0-r0-t3-c1-l4-d0-tr2-a2,CJ-E,micro,timing_transfer,4460382762741305571,223,false,false,3,1,4,0,2,2,true,true,0,30,1,4,4,2,80,LOWER_BOUND,272,2,1,0,0,0,2,0,1,1,NA,1,false,30,30,1,1,0,0,0,1,false,0,false,false,true,false,8663639153542545791,16962857135139377756,true
f4-transfer-s223-m0-r0-t3-c1-l4-d1-tr2-a2,CJ-E,micro,timing_transfer,8289627005480208422,223,false,false,3,1,4,1,2,2,true,false,0,18,1,3,3,2,80,LOWER_BOUND,272,2,1,0,0,0,1,0,0,0,NA,0,false,30,30,1,1,0,0,0,0,false,0,false,false,true,false,3210504302361866994,16962857135139377756,true
f4-transfer-s223-m0-r0-t3-c1-l4-d2-tr2-a2,CJ-E,micro,timing_transfer,2841480867373535296,223,false,false,3,1,4,2,2,2,true,false,0,18,1,3,3,2,80,LOWER_BOUND,272,2,1,0,0,0,1,0,0,0,NA,0,false,30,30,1,1,0,0,0,0,false,0,false,false,true,false,2077434532711916081,16962857135139377756,true
f4-transfer-s223-m0-r0-t3-c1-l4-d3-tr2-a2,CJ-E,micro,timing_transfer,14369149613488028426,223,false,false,3,1,4,3,2,2,true,false,0,18,1,3,3,2,80,LOWER_BOUND,272,2,1,0,0,0,1,0,0,0,NA,0,false,30,30,1,1,0,0,0,0,false,0,false,false,true,false,6672885106045213179,16962857135139377756,true
f4-transfer-s223-m0-r0-t3-c1-l4-d4-tr2-a2,CJ-E,micro,timing_transfer,10006771552790988712,223,false,false,3,1,4,4,2,2,true,false,0,18,1,3,3,2,80,LOWER_BOUND,272,2,1,0,0,0,1,0,0,0,NA,0,false,30,30,1,1,0,0,0,0,false,0,false,false,true,false,18182578657900193197,16962857135139377756,true
f4-transfer-s223-m0-r0-t3-c1-l4-d5-tr2-a2,CJ-E,micro,timing_transfer,12634745098186730702,223,false,false,3,1,4,5,2,2,true,false,0,18,1,3,3,2,80,LOWER_BOUND,272,2,1,0,0,0,1,0,0,0,NA,0,false,30,30,1,1,0,0,0,0,false,0,false,false,true,false,7175540972761041147,16962857135139377756,true
f4-transfer-s223-m0-r0-t3-c1-l4-d-1-tr4-a2,CJ-E,micro,timing_transfer,10363684632196888506,223,false,false,3,1,4,-1,4,2,true,false,0,19,2,3,3,2,80,LOWER_BOUND,272,2,1,0,0,0,1,0,0,0,NA,0,false,30,30,1,1,0,0,0,0,false,0,false,false,true,false,12507763584723663098,16962857135139377756,true
f4-transfer-s223-m0-r0-t3-c1-l4-d0-tr4-a2,CJ-E,micro,timing_transfer,7166276262642062247,223,false,false,3,1,4,0,4,2,true,true,0,30,1,4,4,2,80,LOWER_BOUND,272,2,1,0,0,0,2,0,1,1,NA,1,false,30,30,1,1,0,0,0,1,false,0,false,false,true,false,8663639153542545791,16962857135139377756,true
f4-transfer-s223-m0-r0-t3-c1-l4-d1-tr4-a2,CJ-E,micro,timing_transfer,6953625812235132334,223,false,false,3,1,4,1,4,2,true,false,0,18,1,3,3,2,80,LOWER_BOUND,272,2,1,0,0,0,1,0,0,0,NA,0,false,30,30,1,1,0,0,0,0,false,0,false,false,true,false,3210504302361866994,16962857135139377756,true
f4-transfer-s223-m0-r0-t3-c1-l4-d2-tr4-a2,CJ-E,micro,timing_transfer,14871428013985819980,223,false,false,3,1,4,2,4,2,true,false,0,18,1,3,3,2,80,LOWER_BOUND,272,2,1,0,0,0,1,0,0,0,NA,0,false,30,30,1,1,0,0,0,0,false,0,false,false,true,false,2077434532711916081,16962857135139377756,true
f4-transfer-s223-m0-r0-t3-c1-l4-d3-tr4-a2,CJ-E,micro,timing_transfer,14513778584193959138,223,false,false,3,1,4,3,4,2,true,false,0,18,1,3,3,2,80,LOWER_BOUND,272,2,1,0,0,0,1,0,0,0,NA,0,false,30,30,1,1,0,0,0,0,false,0,false,false,true,false,6672885106045213179,16962857135139377756,true
f4-transfer-s223-m0-r0-t3-c1-l4-d4-tr4-a2,CJ-E,micro,timing_transfer,11200048837506899036,223,false,false,3,1,4,4,4,2,true,false,0,18,1,3,3,2,80,LOWER_BOUND,272,2,1,0,0,0,1,0,0,0,NA,0,false,30,30,1,1,0,0,0,0,false,0,false,false,true,false,18182578657900193197,16962857135139377756,true
f4-transfer-s223-m0-r0-t3-c1-l4-d5-tr4-a2,CJ-E,micro,timing_transfer,14165943424280633814,223,false,false,3,1,4,5,4,2,true,false,0,18,1,3,3,2,80,LOWER_BOUND,272,2,1,0,0,0,1,0,0,0,NA,0,false,30,30,1,1,0,0,0,0,false,0,false,false,true,false,7175540972761041147,16962857135139377756,true
ctl-initial-ab-s223-m0-r0-t3-c1-l4-d0-tr0-a2,CJ-E,micro,shared_control,6214520218673696236,223,false,false,3,1,4,0,0,2,true,true,45,31,2,10,10,2,80,LOWER_BOUND,272,2,1,0,0,3,5,0,1,2,NA,2,false,30,36,1,1,0,0,0,1,false,0,true,false,true,false,10811558584462045356,15214842384605281515,true
ctl-initial-cd-s223-m0-r0-t3-c1-l4-d0-tr0-a2,CJ-E,micro,shared_control,13552447298240156184,223,false,false,3,1,4,0,0,2,true,true,45,31,2,10,10,2,80,LOWER_BOUND,272,2,1,0,0,3,5,0,1,2,NA,2,false,30,36,1,1,0,0,0,1,false,0,true,false,true,false,10811558584462045356,15214842384605281515,true
ctl-crossed-ad-s223-m0-r0-t3-c1-l4-d0-tr0-a2,CJ-E,micro,shared_control,10940784767944469604,223,false,false,3,1,4,0,0,2,false,false,0,13,0,2,2,1,40,LOWER_BOUND,272,2,1,0,0,0,1,0,0,0,NA,0,false,30,30,1,1,0,0,0,0,false,0,false,false,true,false,10146525219593245108,16962857135139377756,true
ctl-crossed-cb-s223-m0-r0-t3-c1-l4-d0-tr0-a2,CJ-E,micro,shared_control,1107537905828452716,223,false,false,3,1,4,0,0,2,false,false,0,13,0,2,2,1,40,LOWER_BOUND,272,2,1,0,0,0,1,0,0,0,NA,0,false,30,30,1,1,0,0,0,0,false,0,false,false,true,false,10146525219593245108,16962857135139377756,true
ctl-singleton-s223-m0-r0-t3-c1-l4-d0-tr0-a2,CJ-E,micro,shared_control,9063436874173757954,223,false,false,3,1,4,0,0,2,false,false,0,13,0,2,2,1,40,LOWER_BOUND,272,2,1,0,0,0,1,0,0,0,NA,0,false,30,30,1,1,0,0,0,0,false,0,false,false,true,false,10146525219593245108,16962857135139377756,true
ctl-old-self-evidence-s223-m0-r0-t3-c1-l4-d0-tr0-a6,CJ-E,micro,shared_control,12729290804574858327,223,false,false,3,1,4,0,0,6,true,true,115,2,23,8,8,6,240,LOWER_BOUND,1024,7,2,0,0,0,2,2,1,1,NA,1,false,3,2,1,1,0,0,0,0,true,0,false,false,true,false,8682057269301599704,13678495911804591306,true
ctl-blocked-return-s223-m0-r0-t3-c1-l4-d0-tr0-a6,CJ-E,micro,shared_control,12480912539593788146,223,false,false,3,1,4,0,0,6,true,true,115,2,23,8,8,6,240,LOWER_BOUND,1024,7,2,0,0,0,2,2,1,1,NA,1,false,3,2,1,1,0,0,0,0,true,0,false,false,true,false,8682057269301599704,13678495911804591306,true
ctl-stale-s223-m0-r0-t3-c1-l4-d0-tr0-a2,CJ-E,micro,shared_control,11668197040217745498,223,false,false,3,1,4,0,0,2,false,false,0,17,1,3,3,2,80,LOWER_BOUND,160,1,0,0,1,0,1,1,0,0,NA,1,false,1,0,1,0,0,0,0,0,false,0,false,false,true,false,9886772237332844,8397949877274356126,true
ctl-deallocation-bootstrap-s223-m0-r0-t3-c1-l4-d0-tr0-a2,CJ-E,micro,shared_control,15548168672883529503,223,false,false,3,1,4,0,0,2,false,false,2,14,0,2,2,1,40,LOWER_BOUND,224,2,1,1,1,0,1,1,0,0,NA,0,false,1,1,1,1,0,2,14,0,false,0,false,false,true,false,18273691292081311698,4761852303161569647,true
ctl-ambiguity-s223-m0-r0-t3-c1-l4-d0-tr0-a2,CJ-E,micro,shared_control,18222500513365269984,223,false,false,3,1,4,0,0,2,true,true,0,80,10,8,8,4,160,LOWER_BOUND,544,4,0,0,0,0,4,0,0,2,NA,2,false,0,0,0,0,0,0,0,0,false,0,false,false,true,false,282783410652471686,17295071828749093012,true
ctl-recursion-s223-m0-r0-t3-c1-l4-d0-tr0-a2,CJ-E,micro,shared_control,8896849906445162473,223,false,false,3,1,4,0,0,2,true,true,0,71,6,8,8,4,160,LOWER_BOUND,496,4,0,0,0,0,4,0,3,1,NA,1,false,0,0,0,0,0,0,0,0,false,3,false,false,true,false,14559469106971233599,4095849718623342666,true
ctl-replay-s223-m0-r0-t3-c1-l4-d0-tr0-a2,CJ-E,micro,shared_control,6078543163015813374,223,false,false,3,1,4,0,0,2,true,true,0,30,1,4,4,2,80,LOWER_BOUND,272,2,1,0,0,0,2,0,1,1,NA,1,false,30,30,1,1,0,0,0,1,false,0,false,true,true,false,8663639153542545791,16962857135139377756,true
f1-aa-same-tick-s223-m0-r0-t3-c2-l0-d0-tr0-a2,CJ-E,micro,same_source_bursts,187293970827244104,223,false,false,3,2,0,0,0,2,false,false,0,19,1,3,3,2,80,LOWER_BOUND,160,1,0,0,0,0,1,0,1,1,NA,1,true,0,0,0,0,0,0,0,0,false,0,false,false,true,false,18165732204019274204,9515837037974555405,false
f1-aa-spacing-s223-m0-r0-t3-c2-l0-d-1-tr0-a2,CJ-E,micro,same_source_bursts,235436657258892246,223,false,false,3,2,0,-1,0,2,false,false,0,9,1,2,2,2,80,LOWER_BOUND,160,1,0,0,0,0,0,0,0,0,NA,0,false,0,0,0,0,0,0,0,0,false,0,false,false,true,false,18086738725010629154,9515837037974555405,true
f1-ab-distinct-s223-m0-r0-t3-c2-l0-d-1-tr0-a2,CJ-E,micro,same_source_bursts,4473967815363836076,223,false,false,3,2,0,-1,0,2,true,false,0,19,2,3,3,2,80,LOWER_BOUND,272,2,1,0,0,0,1,0,0,0,NA,0,false,30,30,2,2,0,0,0,0,false,0,false,false,true,false,3621171157757527645,17601189193944161467,true
f1-aa-spacing-s223-m0-r0-t3-c2-l0-d0-tr0-a2,CJ-E,micro,same_source_bursts,14804601873913078824,223,false,false,3,2,0,0,0,2,false,false,0,19,1,3,3,2,80,LOWER_BOUND,160,1,0,0,0,0,1,0,1,1,NA,1,true,0,0,0,0,0,0,0,0,false,0,false,false,true,false,18165732204019274204,9515837037974555405,false
f1-ab-distinct-s223-m0-r0-t3-c2-l0-d0-tr0-a2,CJ-E,micro,same_source_bursts,4271829795994836215,223,false,false,3,2,0,0,0,2,true,true,0,30,1,4,4,2,80,LOWER_BOUND,272,2,1,0,0,0,2,0,1,1,NA,1,false,30,30,2,2,0,0,0,1,false,0,false,false,true,false,9946728002213512152,17601189193944161467,true
f1-aa-spacing-s223-m0-r0-t3-c2-l0-d1-tr0-a2,CJ-E,micro,same_source_bursts,4007178541041321004,223,false,false,3,2,0,1,0,2,false,false,0,9,1,2,2,2,80,LOWER_BOUND,160,1,0,0,0,0,0,0,0,0,NA,0,false,0,0,0,0,0,0,0,0,false,0,false,false,true,false,18086738725010629154,9515837037974555405,true
f1-ab-distinct-s223-m0-r0-t3-c2-l0-d1-tr0-a2,CJ-E,micro,same_source_bursts,14965035518181864452,223,false,false,3,2,0,1,0,2,true,false,0,18,1,3,3,2,80,LOWER_BOUND,272,2,1,0,0,0,1,0,0,0,NA,0,false,30,30,2,2,0,0,0,0,false,0,false,false,true,false,8478510733476826621,17601189193944161467,true
f1-aa-spacing-s223-m0-r0-t3-c2-l0-d2-tr0-a2,CJ-E,micro,same_source_bursts,271518557230481048,223,false,false,3,2,0,2,0,2,false,false,0,9,1,2,2,2,80,LOWER_BOUND,160,1,0,0,0,0,0,0,0,0,NA,0,false,0,0,0,0,0,0,0,0,false,0,false,false,true,false,3496989942638801079,9515837037974555405,true
f1-ab-distinct-s223-m0-r0-t3-c2-l0-d2-tr0-a2,CJ-E,micro,same_source_bursts,12544234903702528152,223,false,false,3,2,0,2,0,2,true,false,0,18,1,3,3,2,80,LOWER_BOUND,272,2,1,0,0,0,1,0,0,0,NA,0,false,30,30,2,2,0,0,0,0,false,0,false,false,true,false,12522237812800279535,17601189193944161467,true
f1-aa-spacing-s223-m0-r0-t3-c2-l0-d3-tr0-a2,CJ-E,micro,same_source_bursts,2904059778383008020,223,false,false,3,2,0,3,0,2,false,false,0,9,1,2,2,2,80,LOWER_BOUND,160,1,0,0,0,0,0,0,0,0,NA,0,false,0,0,0,0,0,0,0,0,false,0,false,false,true,false,8084925408985328896,9515837037974555405,true
f1-ab-distinct-s223-m0-r0-t3-c2-l0-d3-tr0-a2,CJ-E,micro,same_source_bursts,13943146984879178080,223,false,false,3,2,0,3,0,2,true,false,0,18,1,3,3,2,80,LOWER_BOUND,272,2,1,0,0,0,1,0,0,0,NA,0,false,30,30,2,2,0,0,0,0,false,0,false,false,true,false,2330746607644868521,17601189193944161467,true
f1-aa-spacing-s223-m0-r0-t3-c2-l0-d4-tr0-a2,CJ-E,micro,same_source_bursts,8170783339236112912,223,false,false,3,2,0,4,0,2,false,false,0,9,1,2,2,2,80,LOWER_BOUND,160,1,0,0,0,0,0,0,0,0,NA,0,false,0,0,0,0,0,0,0,0,false,0,false,false,true,false,17153434763897383549,9515837037974555405,true
f1-ab-distinct-s223-m0-r0-t3-c2-l0-d4-tr0-a2,CJ-E,micro,same_source_bursts,5416827926885472940,223,false,false,3,2,0,4,0,2,true,false,0,18,1,3,3,2,80,LOWER_BOUND,272,2,1,0,0,0,1,0,0,0,NA,0,false,30,30,2,2,0,0,0,0,false,0,false,false,true,false,10470010603363919191,17601189193944161467,true
f1-aa-spacing-s223-m0-r0-t3-c2-l0-d5-tr0-a2,CJ-E,micro,same_source_bursts,14033228900813774540,223,false,false,3,2,0,5,0,2,false,false,0,9,1,2,2,2,80,LOWER_BOUND,160,1,0,0,0,0,0,0,0,0,NA,0,false,0,0,0,0,0,0,0,0,false,0,false,false,true,false,449302301513841694,9515837037974555405,true
f1-ab-distinct-s223-m0-r0-t3-c2-l0-d5-tr0-a2,CJ-E,micro,same_source_bursts,17878219828149247876,223,false,false,3,2,0,5,0,2,true,false,0,18,1,3,3,2,80,LOWER_BOUND,272,2,1,0,0,0,1,0,0,0,NA,0,false,30,30,2,2,0,0,0,0,false,0,false,false,true,false,11888374896349148845,17601189193944161467,true
f1-one-path-s223-m0-r0-t3-c2-l0-d1-tr0-a2,CJ-E,micro,same_source_bursts,11370752483600446763,223,false,false,3,2,0,1,0,2,false,false,0,41,2,5,5,2,80,LOWER_BOUND,272,2,1,0,0,1,3,0,1,1,NA,1,true,30,33,2,2,0,0,0,0,false,0,false,false,true,false,14621124884683036135,18187345176876587304,false
f1-a-burst-4-s223-m0-r0-t3-c2-l0-d4-tr0-a2,CJ-E,micro,same_source_bursts,433384376879834554,223,false,false,3,2,0,4,0,2,false,false,0,29,2,4,4,2,80,LOWER_BOUND,272,2,1,0,0,1,2,0,0,0,NA,0,false,30,33,2,2,0,0,0,0,false,0,false,false,true,false,15039693379893967443,18187345176876587304,true
f2-one-strong-s223-m0-r0-t3-c2-l0-d0-tr0-a2,CJ-E,micro,amplitude_vs_multiplicity,15955666262604726854,223,false,false,3,2,0,0,0,2,false,false,0,4,0,1,1,1,40,LOWER_BOUND,160,1,0,0,0,0,0,0,0,0,NA,0,false,0,0,0,0,0,0,0,0,false,0,false,false,true,false,14307541161480690127,9515837037974555405,true
f2-two-weak-distinct-s223-m0-r0-t3-c2-l0-d0-tr0-a2,CJ-E,micro,amplitude_vs_multiplicity,8980468904855438969,223,false,false,3,2,0,0,0,2,true,true,0,19,1,3,3,2,80,LOWER_BOUND,160,1,0,0,0,0,1,0,1,1,NA,1,false,0,0,0,0,0,0,0,0,false,0,false,false,true,false,18165732204019274204,9515837037974555405,true
f2-two-weak-same-s223-m0-r0-t3-c2-l0-d0-tr0-a2,CJ-E,micro,amplitude_vs_multiplicity,100362591654874137,223,false,false,3,2,0,0,0,2,false,false,0,19,1,3,3,2,80,LOWER_BOUND,160,1,0,0,0,0,1,0,1,1,NA,1,true,0,0,0,0,0,0,0,0,false,0,false,false,true,false,18165732204019274204,9515837037974555405,false
f2-asymmetric-distinct-s223-m0-r0-t3-c2-l0-d0-tr0-a2,CJ-E,micro,amplitude_vs_multiplicity,6272130036116642688,223,false,false,3,2,0,0,0,2,true,true,0,19,1,3,3,2,80,LOWER_BOUND,160,1,0,0,0,0,1,0,1,1,NA,1,false,0,0,0,0,0,0,0,0,false,0,false,false,true,false,18165732204019274204,9515837037974555405,true
f3-direct-return-s223-m0-r0-t3-c2-l0-d0-tr0-a2,CJ-E,micro,dense_return_topology,16131418583871924934,223,false,false,3,2,0,0,0,2,true,true,33,16,1,6,6,2,80,LOWER_BOUND,384,3,2,0,0,2,3,0,1,1,NA,1,false,3,6,2,2,0,0,0,0,true,0,false,false,true,false,7907199282345033626,1492305758084131402,true
f3-crossed-return-s223-m0-r0-t3-c2-l0-d0-tr0-a2,CJ-E,micro,dense_return_topology,13347348151528041106,223,false,false,3,2,0,0,0,2,true,true,33,16,1,6,6,2,80,LOWER_BOUND,384,3,2,0,0,1,3,1,1,1,NA,1,false,3,2,2,2,0,0,0,0,true,0,false,false,true,false,4782405446254233169,13214355358992529806,true
f3-no-return-s223-m0-r0-t3-c2-l0-d0-tr0-a2,CJ-E,micro,dense_return_topology,11089365979586118242,223,false,false,3,2,0,0,0,2,true,true,33,2,1,4,4,2,80,LOWER_BOUND,384,3,2,0,0,0,2,2,1,1,NA,1,false,3,2,2,2,0,0,0,0,true,0,false,false,true,false,14709753796341247720,17882881824339714730,true
f3-direct-return-s223-m0-r0-t3-c2-l0-d0-tr0-a6,CJ-E,micro,dense_return_topology,6511921317952980902,223,false,false,3,2,0,0,0,6,true,true,45,20,1,6,6,2,80,LOWER_BOUND,832,7,2,0,0,2,3,0,1,1,NA,1,false,3,6,2,2,0,0,0,0,true,0,false,false,true,false,13494984987939074050,11102028351264109166,true
f3-crossed-return-s223-m0-r0-t3-c2-l0-d0-tr0-a6,CJ-E,micro,dense_return_topology,13640511223327977394,223,false,false,3,2,0,0,0,6,true,true,45,20,1,6,6,2,80,LOWER_BOUND,832,7,2,0,0,1,3,1,1,1,NA,1,false,3,2,2,2,0,0,0,0,true,0,false,false,true,false,16914426489029646337,5197968427501922002,true
f3-no-return-s223-m0-r0-t3-c2-l0-d0-tr0-a6,CJ-E,micro,dense_return_topology,5776406930859166242,223,false,false,3,2,0,0,0,6,true,true,45,2,1,4,4,2,80,LOWER_BOUND,832,7,2,0,0,0,2,2,1,1,NA,1,false,3,2,2,2,0,0,0,0,true,0,false,false,true,false,8681651300383915924,12940823455548581086,true
f4-transfer-s223-m0-r0-t3-c2-l0-d-1-tr0-a2,CJ-E,micro,timing_transfer,2909034327266725498,223,false,false,3,2,0,-1,0,2,true,false,0,19,2,3,3,2,80,LOWER_BOUND,272,2,1,0,0,0,1,0,0,0,NA,0,false,30,30,2,2,0,0,0,0,false,0,false,false,true,false,3621171157757527645,17601189193944161467,true
f4-transfer-s223-m0-r0-t3-c2-l0-d0-tr0-a2,CJ-E,micro,timing_transfer,13788805519051463581,223,false,false,3,2,0,0,0,2,true,true,0,30,1,4,4,2,80,LOWER_BOUND,272,2,1,0,0,0,2,0,1,1,NA,1,false,30,30,2,2,0,0,0,1,false,0,false,false,true,false,9946728002213512152,17601189193944161467,true
f4-transfer-s223-m0-r0-t3-c2-l0-d1-tr0-a2,CJ-E,micro,timing_transfer,8715844163740803988,223,false,false,3,2,0,1,0,2,true,false,0,18,1,3,3,2,80,LOWER_BOUND,272,2,1,0,0,0,1,0,0,0,NA,0,false,30,30,2,2,0,0,0,0,false,0,false,false,true,false,8478510733476826621,17601189193944161467,true
f4-transfer-s223-m0-r0-t3-c2-l0-d2-tr0-a2,CJ-E,micro,timing_transfer,14463399280029956334,223,false,false,3,2,0,2,0,2,true,false,0,18,1,3,3,2,80,LOWER_BOUND,272,2,1,0,0,0,1,0,0,0,NA,0,false,30,30,2,2,0,0,0,0,false,0,false,false,true,false,12522237812800279535,17601189193944161467,true
f4-transfer-s223-m0-r0-t3-c2-l0-d3-tr0-a2,CJ-E,micro,timing_transfer,14124586411010939100,223,false,false,3,2,0,3,0,2,true,false,0,18,1,3,3,2,80,LOWER_BOUND,272,2,1,0,0,0,1,0,0,0,NA,0,false,30,30,2,2,0,0,0,0,false,0,false,false,true,false,2330746607644868521,17601189193944161467,true
f4-transfer-s223-m0-r0-t3-c2-l0-d4-tr0-a2,CJ-E,micro,timing_transfer,10510915252973920698,223,false,false,3,2,0,4,0,2,true,false,0,18,1,3,3,2,80,LOWER_BOUND,272,2,1,0,0,0,1,0,0,0,NA,0,false,30,30,2,2,0,0,0,0,false,0,false,false,true,false,10470010603363919191,17601189193944161467,true
f4-transfer-s223-m0-r0-t3-c2-l0-d5-tr0-a2,CJ-E,micro,timing_transfer,1093142541515509108,223,false,false,3,2,0,5,0,2,true,false,0,18,1,3,3,2,80,LOWER_BOUND,272,2,1,0,0,0,1,0,0,0,NA,0,false,30,30,2,2,0,0,0,0,false,0,false,false,true,false,11888374896349148845,17601189193944161467,true
f4-transfer-s223-m0-r0-t3-c2-l0-d-1-tr2-a2,CJ-E,micro,timing_transfer,17959390539598604870,223,false,false,3,2,0,-1,2,2,true,false,0,19,2,3,3,2,80,LOWER_BOUND,272,2,1,0,0,0,1,0,0,0,NA,0,false,30,30,2,2,0,0,0,0,false,0,false,false,true,false,3621171157757527645,17601189193944161467,true
f4-transfer-s223-m0-r0-t3-c2-l0-d0-tr2-a2,CJ-E,micro,timing_transfer,12389253524847213781,223,false,false,3,2,0,0,2,2,true,true,0,30,1,4,4,2,80,LOWER_BOUND,272,2,1,0,0,0,2,0,1,1,NA,1,false,30,30,2,2,0,0,0,1,false,0,false,false,true,false,9946728002213512152,17601189193944161467,true
f4-transfer-s223-m0-r0-t3-c2-l0-d1-tr2-a2,CJ-E,micro,timing_transfer,265131148008884848,223,false,false,3,2,0,1,2,2,true,false,0,18,1,3,3,2,80,LOWER_BOUND,272,2,1,0,0,0,1,0,0,0,NA,0,false,30,30,2,2,0,0,0,0,false,0,false,false,true,false,8478510733476826621,17601189193944161467,true
f4-transfer-s223-m0-r0-t3-c2-l0-d2-tr2-a2,CJ-E,micro,timing_transfer,9132173150257848566,223,false,false,3,2,0,2,2,2,true,false,0,18,1,3,3,2,80,LOWER_BOUND,272,2,1,0,0,0,1,0,0,0,NA,0,false,30,30,2,2,0,0,0,0,false,0,false,false,true,false,12522237812800279535,17601189193944161467,true
f4-transfer-s223-m0-r0-t3-c2-l0-d3-tr2-a2,CJ-E,micro,timing_transfer,11976037542946810416,223,false,false,3,2,0,3,2,2,true,false,0,18,1,3,3,2,80,LOWER_BOUND,272,2,1,0,0,0,1,0,0,0,NA,0,false,30,30,2,2,0,0,0,0,false,0,false,false,true,false,2330746607644868521,17601189193944161467,true
f4-transfer-s223-m0-r0-t3-c2-l0-d4-tr2-a2,CJ-E,micro,timing_transfer,11102591052086474674,223,false,false,3,2,0,4,2,2,true,false,0,18,1,3,3,2,80,LOWER_BOUND,272,2,1,0,0,0,1,0,0,0,NA,0,false,30,30,2,2,0,0,0,0,false,0,false,false,true,false,10470010603363919191,17601189193944161467,true
f4-transfer-s223-m0-r0-t3-c2-l0-d5-tr2-a2,CJ-E,micro,timing_transfer,11000106712708803016,223,false,false,3,2,0,5,2,2,true,false,0,18,1,3,3,2,80,LOWER_BOUND,272,2,1,0,0,0,1,0,0,0,NA,0,false,30,30,2,2,0,0,0,0,false,0,false,false,true,false,11888374896349148845,17601189193944161467,true
f4-transfer-s223-m0-r0-t3-c2-l0-d-1-tr4-a2,CJ-E,micro,timing_transfer,4007891225870051746,223,false,false,3,2,0,-1,4,2,true,false,0,19,2,3,3,2,80,LOWER_BOUND,272,2,1,0,0,0,1,0,0,0,NA,0,false,30,30,2,2,0,0,0,0,false,0,false,false,true,false,3621171157757527645,17601189193944161467,true
f4-transfer-s223-m0-r0-t3-c2-l0-d0-tr4-a2,CJ-E,micro,timing_transfer,13903857355086073933,223,false,false,3,2,0,0,4,2,true,true,0,30,1,4,4,2,80,LOWER_BOUND,272,2,1,0,0,0,2,0,1,1,NA,1,false,30,30,2,2,0,0,0,1,false,0,false,false,true,false,9946728002213512152,17601189193944161467,true
f4-transfer-s223-m0-r0-t3-c2-l0-d1-tr4-a2,CJ-E,micro,timing_transfer,18208736906517977012,223,false,false,3,2,0,1,4,2,true,false,0,18,1,3,3,2,80,LOWER_BOUND,272,2,1,0,0,0,1,0,0,0,NA,0,false,30,30,2,2,0,0,0,0,false,0,false,false,true,false,8478510733476826621,17601189193944161467,true
f4-transfer-s223-m0-r0-t3-c2-l0-d2-tr4-a2,CJ-E,micro,timing_transfer,13492164238672421534,223,false,false,3,2,0,2,4,2,true,false,0,18,1,3,3,2,80,LOWER_BOUND,272,2,1,0,0,0,1,0,0,0,NA,0,false,30,30,2,2,0,0,0,0,false,0,false,false,true,false,12522237812800279535,17601189193944161467,true
f4-transfer-s223-m0-r0-t3-c2-l0-d3-tr4-a2,CJ-E,micro,timing_transfer,9583897741853553924,223,false,false,3,2,0,3,4,2,true,false,0,18,1,3,3,2,80,LOWER_BOUND,272,2,1,0,0,0,1,0,0,0,NA,0,false,30,30,2,2,0,0,0,0,false,0,false,false,true,false,2330746607644868521,17601189193944161467,true
f4-transfer-s223-m0-r0-t3-c2-l0-d4-tr4-a2,CJ-E,micro,timing_transfer,33977957519095978,223,false,false,3,2,0,4,4,2,true,false,0,18,1,3,3,2,80,LOWER_BOUND,272,2,1,0,0,0,1,0,0,0,NA,0,false,30,30,2,2,0,0,0,0,false,0,false,false,true,false,10470010603363919191,17601189193944161467,true
f4-transfer-s223-m0-r0-t3-c2-l0-d5-tr4-a2,CJ-E,micro,timing_transfer,8353159659243415188,223,false,false,3,2,0,5,4,2,true,false,0,18,1,3,3,2,80,LOWER_BOUND,272,2,1,0,0,0,1,0,0,0,NA,0,false,30,30,2,2,0,0,0,0,false,0,false,false,true,false,11888374896349148845,17601189193944161467,true
ctl-initial-ab-s223-m0-r0-t3-c2-l0-d0-tr0-a2,CJ-E,micro,shared_control,1453568587972018326,223,false,false,3,2,0,0,0,2,true,true,45,31,2,10,10,2,80,LOWER_BOUND,272,2,1,0,0,3,5,0,1,2,NA,2,false,30,36,2,2,0,0,0,1,false,0,true,false,true,false,4641184153892485419,10515110885056761336,true
ctl-initial-cd-s223-m0-r0-t3-c2-l0-d0-tr0-a2,CJ-E,micro,shared_control,8169018500627458034,223,false,false,3,2,0,0,0,2,true,true,45,31,2,10,10,2,80,LOWER_BOUND,272,2,1,0,0,3,5,0,1,2,NA,2,false,30,36,2,2,0,0,0,1,false,0,true,false,true,false,4641184153892485419,10515110885056761336,true
ctl-crossed-ad-s223-m0-r0-t3-c2-l0-d0-tr0-a2,CJ-E,micro,shared_control,2101417636402193998,223,false,false,3,2,0,0,0,2,false,false,0,13,0,2,2,1,40,LOWER_BOUND,272,2,1,0,0,0,1,0,0,0,NA,0,false,30,30,2,2,0,0,0,0,false,0,false,false,true,false,10393356503058656782,17601189193944161467,true
ctl-crossed-cb-s223-m0-r0-t3-c2-l0-d0-tr0-a2,CJ-E,micro,shared_control,7268064602493316598,223,false,false,3,2,0,0,0,2,false,false,0,13,0,2,2,1,40,LOWER_BOUND,272,2,1,0,0,0,1,0,0,0,NA,0,false,30,30,2,2,0,0,0,0,false,0,false,false,true,false,10393356503058656782,17601189193944161467,true
ctl-singleton-s223-m0-r0-t3-c2-l0-d0-tr0-a2,CJ-E,micro,shared_control,14455758510711978292,223,false,false,3,2,0,0,0,2,false,false,0,13,0,2,2,1,40,LOWER_BOUND,272,2,1,0,0,0,1,0,0,0,NA,0,false,30,30,2,2,0,0,0,0,false,0,false,false,true,false,10393356503058656782,17601189193944161467,true
ctl-old-self-evidence-s223-m0-r0-t3-c2-l0-d0-tr0-a6,CJ-E,micro,shared_control,6008462525504802907,223,false,false,3,2,0,0,0,6,true,true,45,2,1,4,4,2,80,LOWER_BOUND,832,7,2,0,0,0,2,2,1,1,NA,1,false,3,2,2,2,0,0,0,0,true,0,false,false,true,false,8681651300383915924,12940823455548581086,true
ctl-blocked-return-s223-m0-r0-t3-c2-l0-d0-tr0-a6,CJ-E,micro,shared_control,11422706757870835998,223,false,false,3,2,0,0,0,6,true,true,45,2,1,4,4,2,80,LOWER_BOUND,832,7,2,0,0,0,2,2,1,1,NA,1,false,3,2,2,2,0,0,0,0,true,0,false,false,true,false,8681651300383915924,12940823455548581086,true
ctl-stale-s223-m0-r0-t3-c2-l0-d0-tr0-a2,CJ-E,micro,shared_control,12644686769617119254,223,false,false,3,2,0,0,0,2,false,false,0,17,1,3,3,2,80,LOWER_BOUND,160,1,0,0,1,0,1,1,0,0,NA,1,false,1,0,2,0,0,0,0,0,false,0,false,false,true,false,14768090752358844353,10780533810362200395,true
ctl-deallocation-bootstrap-s223-m0-r0-t3-c2-l0-d0-tr0-a2,CJ-E,micro,shared_control,1603775443795521291,223,false,false,3,2,0,0,0,2,false,false,2,14,0,2,2,1,40,LOWER_BOUND,224,2,1,1,1,0,1,1,0,0,NA,0,false,1,1,1,1,0,2,14,0,false,0,false,false,true,false,18273691292081311698,4761852303161569647,true
ctl-ambiguity-s223-m0-r0-t3-c2-l0-d0-tr0-a2,CJ-E,micro,shared_control,16556718001634216174,223,false,false,3,2,0,0,0,2,true,true,0,80,10,8,8,4,160,LOWER_BOUND,544,4,0,0,0,0,4,0,0,2,NA,2,false,0,0,0,0,0,0,0,0,false,0,false,false,true,false,11919780798434897226,9914872644218645400,true
ctl-recursion-s223-m0-r0-t3-c2-l0-d0-tr0-a2,CJ-E,micro,shared_control,15340543340089459749,223,false,false,3,2,0,0,0,2,true,true,0,71,6,8,8,4,160,LOWER_BOUND,496,4,0,0,0,0,4,0,3,1,NA,1,false,0,0,0,0,0,0,0,0,false,3,false,false,true,false,14559469106971233599,4095849718623342666,true
ctl-replay-s223-m0-r0-t3-c2-l0-d0-tr0-a2,CJ-E,micro,shared_control,8965027609105043106,223,false,false,3,2,0,0,0,2,true,true,0,30,1,4,4,2,80,LOWER_BOUND,272,2,1,0,0,0,2,0,1,1,NA,1,false,30,30,2,2,0,0,0,1,false,0,false,true,true,false,9946728002213512152,17601189193944161467,true
f1-aa-same-tick-s223-m0-r0-t3-c2-l4-d0-tr0-a2,CJ-E,micro,same_source_bursts,14508027471389057960,223,false,false,3,2,4,0,0,2,false,false,0,19,1,3,3,2,80,LOWER_BOUND,352,1,0,0,0,0,1,0,1,1,NA,1,true,0,0,0,0,0,0,0,0,false,0,false,false,true,false,3411454307408305434,13078205192383568783,false
f1-aa-spacing-s223-m0-r0-t3-c2-l4-d-1-tr0-a2,CJ-E,micro,same_source_bursts,10193514553426695982,223,false,false,3,2,4,-1,0,2,false,false,0,9,1,2,2,2,80,LOWER_BOUND,352,1,0,0,0,0,0,0,0,0,NA,0,false,0,0,0,0,0,0,0,0,false,0,false,false,true,false,13022308019593356300,13078205192383568783,true
f1-ab-distinct-s223-m0-r0-t3-c2-l4-d-1-tr0-a2,CJ-E,micro,same_source_bursts,6358839888779743244,223,false,false,3,2,4,-1,0,2,true,false,0,19,2,3,3,2,80,LOWER_BOUND,272,2,1,0,0,0,1,0,0,0,NA,0,false,30,30,2,2,0,0,0,0,false,0,false,false,true,false,3621171157757527645,17601189193944161467,true
f1-aa-spacing-s223-m0-r0-t3-c2-l4-d0-tr0-a2,CJ-E,micro,same_source_bursts,7676015468741528632,223,false,false,3,2,4,0,0,2,false,false,0,19,1,3,3,2,80,LOWER_BOUND,352,1,0,0,0,0,1,0,1,1,NA,1,true,0,0,0,0,0,0,0,0,false,0,false,false,true,false,3411454307408305434,13078205192383568783,false
f1-ab-distinct-s223-m0-r0-t3-c2-l4-d0-tr0-a2,CJ-E,micro,same_source_bursts,17389982214306978567,223,false,false,3,2,4,0,0,2,true,true,0,30,1,4,4,2,80,LOWER_BOUND,272,2,1,0,0,0,2,0,1,1,NA,1,false,30,30,2,2,0,0,0,1,false,0,false,false,true,false,9946728002213512152,17601189193944161467,true
f1-aa-spacing-s223-m0-r0-t3-c2-l4-d1-tr0-a2,CJ-E,micro,same_source_bursts,8651541653131045940,223,false,false,3,2,4,1,0,2,false,false,0,9,1,2,2,2,80,LOWER_BOUND,352,1,0,0,0,0,0,0,0,0,NA,0,false,0,0,0,0,0,0,0,0,false,0,false,false,true,false,13022308019593356300,13078205192383568783,true
f1-ab-distinct-s223-m0-r0-t3-c2-l4-d1-tr0-a2,CJ-E,micro,same_source_bursts,15315215487113026564,223,false,false,3,2,4,1,0,2,true,false,0,18,1,3,3,2,80,LOWER_BOUND,272,2,1,0,0,0,1,0,0,0,NA,0,false,30,30,2,2,0,0,0,0,false,0,false,false,true,false,8478510733476826621,17601189193944161467,true
f1-aa-spacing-s223-m0-r0-t3-c2-l4-d2-tr0-a2,CJ-E,micro,same_source_bursts,4883501993879565048,223,false,false,3,2,4,2,0,2,false,false,0,9,1,2,2,2,80,LOWER_BOUND,352,1,0,0,0,0,0,0,0,0,NA,0,false,0,0,0,0,0,0,0,0,false,0,false,false,true,false,1954962510079042649,13078205192383568783,true
f1-ab-distinct-s223-m0-r0-t3-c2-l4-d2-tr0-a2,CJ-E,micro,same_source_bursts,5065329539292398512,223,false,false,3,2,4,2,0,2,true,false,0,18,1,3,3,2,80,LOWER_BOUND,272,2,1,0,0,0,1,0,0,0,NA,0,false,30,30,2,2,0,0,0,0,false,0,false,false,true,false,12522237812800279535,17601189193944161467,true
f1-aa-spacing-s223-m0-r0-t3-c2-l4-d3-tr0-a2,CJ-E,micro,same_source_bursts,6507056763231726044,223,false,false,3,2,4,3,0,2,false,false,0,9,1,2,2,2,80,LOWER_BOUND,352,1,0,0,0,0,0,0,0,0,NA,0,false,0,0,0,0,0,0,0,0,false,0,false,false,true,false,14334248382031324606,13078205192383568783,true
f1-ab-distinct-s223-m0-r0-t3-c2-l4-d3-tr0-a2,CJ-E,micro,same_source_bursts,17385031102195058488,223,false,false,3,2,4,3,0,2,true,false,0,18,1,3,3,2,80,LOWER_BOUND,272,2,1,0,0,0,1,0,0,0,NA,0,false,30,30,2,2,0,0,0,0,false,0,false,false,true,false,2330746607644868521,17601189193944161467,true
f1-aa-spacing-s223-m0-r0-t3-c2-l4-d4-tr0-a2,CJ-E,micro,same_source_bursts,12681930769967998448,223,false,false,3,2,4,4,0,2,false,false,0,9,1,2,2,2,80,LOWER_BOUND,352,1,0,0,0,0,0,0,0,0,NA,0,false,0,0,0,0,0,0,0,0,false,0,false,false,true,false,14206575589850018523,13078205192383568783,true
f1-ab-distinct-s223-m0-r0-t3-c2-l4-d4-tr0-a2,CJ-E,micro,same_source_bursts,7587080812379406012,223,false,false,3,2,4,4,0,2,true,false,0,18,1,3,3,2,80,LOWER_BOUND,272,2,1,0,0,0,1,0,0,0,NA,0,false,30,30,2,2,0,0,0,0,false,0,false,false,true,false,10470010603363919191,17601189193944161467,true
f1-aa-spacing-s223-m0-r0-t3-c2-l4-d5-tr0-a2,CJ-E,micro,same_source_bursts,9451313164280001684,223,false,false,3,2,4,5,0,2,false,false,0,9,1,2,2,2,80,LOWER_BOUND,352,1,0,0,0,0,0,0,0,0,NA,0,false,0,0,0,0,0,0,0,0,false,0,false,false,true,false,17853997002733148808,13078205192383568783,true
f1-ab-distinct-s223-m0-r0-t3-c2-l4-d5-tr0-a2,CJ-E,micro,same_source_bursts,14171177745011151172,223,false,false,3,2,4,5,0,2,true,false,0,18,1,3,3,2,80,LOWER_BOUND,272,2,1,0,0,0,1,0,0,0,NA,0,false,30,30,2,2,0,0,0,0,false,0,false,false,true,false,11888374896349148845,17601189193944161467,true
f1-one-path-s223-m0-r0-t3-c2-l4-d1-tr0-a2,CJ-E,micro,same_source_bursts,3226865132811170563,223,false,false,3,2,4,1,0,2,false,false,0,41,2,5,5,2,80,LOWER_BOUND,272,2,1,0,0,1,3,0,1,1,NA,1,true,30,33,2,2,0,0,0,0,false,0,false,false,true,false,14621124884683036135,18187345176876587304,false
f1-a-burst-4-s223-m0-r0-t3-c2-l4-d4-tr0-a2,CJ-E,micro,same_source_bursts,10831418195186631842,223,false,false,3,2,4,4,0,2,false,false,0,29,2,4,4,2,80,LOWER_BOUND,272,2,1,0,0,1,2,0,0,0,NA,0,false,30,33,2,2,0,0,0,0,false,0,false,false,true,false,15039693379893967443,18187345176876587304,true
f2-one-strong-s223-m0-r0-t3-c2-l4-d0-tr0-a2,CJ-E,micro,amplitude_vs_multiplicity,14514225530598576118,223,false,false,3,2,4,0,0,2,false,false,0,4,0,1,1,1,40,LOWER_BOUND,352,1,0,0,0,0,0,0,0,0,NA,0,false,0,0,0,0,0,0,0,0,false,0,false,false,true,false,5931963589768983877,13078205192383568783,true
f2-two-weak-distinct-s223-m0-r0-t3-c2-l4-d0-tr0-a2,CJ-E,micro,amplitude_vs_multiplicity,12863684715543787785,223,false,false,3,2,4,0,0,2,true,true,0,19,1,3,3,2,80,LOWER_BOUND,352,1,0,0,0,0,1,0,1,1,NA,1,false,0,0,0,0,0,0,0,0,false,0,false,false,true,false,3411454307408305434,13078205192383568783,true
f2-two-weak-same-s223-m0-r0-t3-c2-l4-d0-tr0-a2,CJ-E,micro,amplitude_vs_multiplicity,13203945048445648353,223,false,false,3,2,4,0,0,2,false,false,0,19,1,3,3,2,80,LOWER_BOUND,352,1,0,0,0,0,1,0,1,1,NA,1,true,0,0,0,0,0,0,0,0,false,0,false,false,true,false,3411454307408305434,13078205192383568783,false
f2-asymmetric-distinct-s223-m0-r0-t3-c2-l4-d0-tr0-a2,CJ-E,micro,amplitude_vs_multiplicity,4744361297981195768,223,false,false,3,2,4,0,0,2,true,true,0,19,1,3,3,2,80,LOWER_BOUND,352,1,0,0,0,0,1,0,1,1,NA,1,false,0,0,0,0,0,0,0,0,false,0,false,false,true,false,3411454307408305434,13078205192383568783,true
f3-direct-return-s223-m0-r0-t3-c2-l4-d0-tr0-a2,CJ-E,micro,dense_return_topology,854172528109575086,223,false,false,3,2,4,0,0,2,true,true,87,16,23,10,10,6,240,LOWER_BOUND,576,3,2,0,0,2,3,0,1,1,NA,1,false,3,6,2,2,0,0,0,0,true,0,false,false,true,false,1771934770059116476,5543525102545406052,true
f3-crossed-return-s223-m0-r0-t3-c2-l4-d0-tr0-a2,CJ-E,micro,dense_return_topology,10699837300352427994,223,false,false,3,2,4,0,0,2,true,true,87,16,23,10,10,6,240,LOWER_BOUND,576,3,2,0,0,1,3,1,1,1,NA,1,false,3,2,2,2,0,0,0,0,true,0,false,false,true,false,2155174496819735503,16595471585986137936,true
f3-no-return-s223-m0-r0-t3-c2-l4-d0-tr0-a2,CJ-E,micro,dense_return_topology,10827015549339992746,223,false,false,3,2,4,0,0,2,true,true,87,2,23,8,8,6,240,LOWER_BOUND,576,3,2,0,0,0,2,2,1,1,NA,1,false,3,2,2,2,0,0,0,0,true,0,false,false,true,false,5788174204382987546,12723428606557894492,true
f3-direct-return-s223-m0-r0-t3-c2-l4-d0-tr0-a6,CJ-E,micro,dense_return_topology,3976624763802234318,223,false,false,3,2,4,0,0,6,true,true,115,20,23,10,10,6,240,LOWER_BOUND,1024,7,2,0,0,2,3,0,1,1,NA,1,false,3,6,2,2,0,0,0,0,true,0,false,false,true,false,2552765694137853156,14127754253882667328,true
f3-crossed-return-s223-m0-r0-t3-c2-l4-d0-tr0-a6,CJ-E,micro,dense_return_topology,17821044238269326490,223,false,false,3,2,4,0,0,6,true,true,115,20,23,10,10,6,240,LOWER_BOUND,1024,7,2,0,0,1,3,1,1,1,NA,1,false,3,2,2,2,0,0,0,0,true,0,false,false,true,false,9272992825532786407,6133029457666062396,true
f3-no-return-s223-m0-r0-t3-c2-l4-d0-tr0-a6,CJ-E,micro,dense_return_topology,2304203622194289994,223,false,false,3,2,4,0,0,6,true,true,115,2,23,8,8,6,240,LOWER_BOUND,1024,7,2,0,0,0,2,2,1,1,NA,1,false,3,2,2,2,0,0,0,0,true,0,false,false,true,false,11077923279281188318,13322967757029584072,true
f4-transfer-s223-m0-r0-t3-c2-l4-d-1-tr0-a2,CJ-E,micro,timing_transfer,12530679597238637626,223,false,false,3,2,4,-1,0,2,true,false,0,19,2,3,3,2,80,LOWER_BOUND,272,2,1,0,0,0,1,0,0,0,NA,0,false,30,30,2,2,0,0,0,0,false,0,false,false,true,false,3621171157757527645,17601189193944161467,true
f4-transfer-s223-m0-r0-t3-c2-l4-d0-tr0-a2,CJ-E,micro,timing_transfer,15431538335272379637,223,false,false,3,2,4,0,0,2,true,true,0,30,1,4,4,2,80,LOWER_BOUND,272,2,1,0,0,0,2,0,1,1,NA,1,false,30,30,2,2,0,0,0,1,false,0,false,false,true,false,9946728002213512152,17601189193944161467,true
f4-transfer-s223-m0-r0-t3-c2-l4-d1-tr0-a2,CJ-E,micro,timing_transfer,5780712975567083244,223,false,false,3,2,4,1,0,2,true,false,0,18,1,3,3,2,80,LOWER_BOUND,272,2,1,0,0,0,1,0,0,0,NA,0,false,30,30,2,2,0,0,0,0,false,0,false,false,true,false,8478510733476826621,17601189193944161467,true
f4-transfer-s223-m0-r0-t3-c2-l4-d2-tr0-a2,CJ-E,micro,timing_transfer,8687507797224808382,223,false,false,3,2,4,2,0,2,true,false,0,18,1,3,3,2,80,LOWER_BOUND,272,2,1,0,0,0,1,0,0,0,NA,0,false,30,30,2,2,0,0,0,0,false,0,false,false,true,false,12522237812800279535,17601189193944161467,true
f4-transfer-s223-m0-r0-t3-c2-l4-d3-tr0-a2,CJ-E,micro,timing_transfer,13371624086256508468,223,false,false,3,2,4,3,0,2,true,false,0,18,1,3,3,2,80,LOWER_BOUND,272,2,1,0,0,0,1,0,0,0,NA,0,false,30,30,2,2,0,0,0,0,false,0,false,false,true,false,2330746607644868521,17601189193944161467,true
f4-transfer-s223-m0-r0-t3-c2-l4-d4-tr0-a2,CJ-E,micro,timing_transfer,3217268534738340690,223,false,false,3,2,4,4,0,2,true,false,0,18,1,3,3,2,80,LOWER_BOUND,272,2,1,0,0,0,1,0,0,0,NA,0,false,30,30,2,2,0,0,0,0,false,0,false,false,true,false,10470010603363919191,17601189193944161467,true
f4-transfer-s223-m0-r0-t3-c2-l4-d5-tr0-a2,CJ-E,micro,timing_transfer,3907833834079479820,223,false,false,3,2,4,5,0,2,true,false,0,18,1,3,3,2,80,LOWER_BOUND,272,2,1,0,0,0,1,0,0,0,NA,0,false,30,30,2,2,0,0,0,0,false,0,false,false,true,false,11888374896349148845,17601189193944161467,true
f4-transfer-s223-m0-r0-t3-c2-l4-d-1-tr2-a2,CJ-E,micro,timing_transfer,11453742996701509926,223,false,false,3,2,4,-1,2,2,true,false,0,19,2,3,3,2,80,LOWER_BOUND,272,2,1,0,0,0,1,0,0,0,NA,0,false,30,30,2,2,0,0,0,0,false,0,false,false,true,false,3621171157757527645,17601189193944161467,true
f4-transfer-s223-m0-r0-t3-c2-l4-d0-tr2-a2,CJ-E,micro,timing_transfer,9624912837038406573,223,false,false,3,2,4,0,2,2,true,true,0,30,1,4,4,2,80,LOWER_BOUND,272,2,1,0,0,0,2,0,1,1,NA,1,false,30,30,2,2,0,0,0,1,false,0,false,false,true,false,9946728002213512152,17601189193944161467,true
f4-transfer-s223-m0-r0-t3-c2-l4-d1-tr2-a2,CJ-E,micro,timing_transfer,6842608904296630784,223,false,false,3,2,4,1,2,2,true,false,0,18,1,3,3,2,80,LOWER_BOUND,272,2,1,0,0,0,1,0,0,0,NA,0,false,30,30,2,2,0,0,0,0,false,0,false,false,true,false,8478510733476826621,17601189193944161467,true
f4-transfer-s223-m0-r0-t3-c2-l4-d2-tr2-a2,CJ-E,micro,timing_transfer,18310621509104192038,223,false,false,3,2,4,2,2,2,true,false,0,18,1,3,3,2,80,LOWER_BOUND,272,2,1,0,0,0,1,0,0,0,NA,0,false,30,30,2,2,0,0,0,0,false,0,false,false,true,false,12522237812800279535,17601189193944161467,true
f4-transfer-s223-m0-r0-t3-c2-l4-d3-tr2-a2,CJ-E,micro,timing_transfer,3290554617084365824,223,false,false,3,2,4,3,2,2,true,false,0,18,1,3,3,2,80,LOWER_BOUND,272,2,1,0,0,0,1,0,0,0,NA,0,false,30,30,2,2,0,0,0,0,false,0,false,false,true,false,2330746607644868521,17601189193944161467,true
f4-transfer-s223-m0-r0-t3-c2-l4-d4-tr2-a2,CJ-E,micro,timing_transfer,9021507299369621002,223,false,false,3,2,4,4,2,2,true,false,0,18,1,3,3,2,80,LOWER_BOUND,272,2,1,0,0,0,1,0,0,0,NA,0,false,30,30,2,2,0,0,0,0,false,0,false,false,true,false,10470010603363919191,17601189193944161467,true
f4-transfer-s223-m0-r0-t3-c2-l4-d5-tr2-a2,CJ-E,micro,timing_transfer,5118011580118923208,223,false,false,3,2,4,5,2,2,true,false,0,18,1,3,3,2,80,LOWER_BOUND,272,2,1,0,0,0,1,0,0,0,NA,0,false,30,30,2,2,0,0,0,0,false,0,false,false,true,false,11888374896349148845,17601189193944161467,true
f4-transfer-s223-m0-r0-t3-c2-l4-d-1-tr4-a2,CJ-E,micro,timing_transfer,15942525341648199618,223,false,false,3,2,4,-1,4,2,true,false,0,19,2,3,3,2,80,LOWER_BOUND,272,2,1,0,0,0,1,0,0,0,NA,0,false,30,30,2,2,0,0,0,0,false,0,false,false,true,false,3621171157757527645,17601189193944161467,true
f4-transfer-s223-m0-r0-t3-c2-l4-d0-tr4-a2,CJ-E,micro,timing_transfer,16511654934639432421,223,false,false,3,2,4,0,4,2,true,true,0,30,1,4,4,2,80,LOWER_BOUND,272,2,1,0,0,0,2,0,1,1,NA,1,false,30,30,2,2,0,0,0,1,false,0,false,false,true,false,9946728002213512152,17601189193944161467,true
f4-transfer-s223-m0-r0-t3-c2-l4-d1-tr4-a2,CJ-E,micro,timing_transfer,14079006780308962444,223,false,false,3,2,4,1,4,2,true,false,0,18,1,3,3,2,80,LOWER_BOUND,272,2,1,0,0,0,1,0,0,0,NA,0,false,30,30,2,2,0,0,0,0,false,0,false,false,true,false,8478510733476826621,17601189193944161467,true
f4-transfer-s223-m0-r0-t3-c2-l4-d2-tr4-a2,CJ-E,micro,timing_transfer,3207478085595555982,223,false,false,3,2,4,2,4,2,true,false,0,18,1,3,3,2,80,LOWER_BOUND,272,2,1,0,0,0,1,0,0,0,NA,0,false,30,30,2,2,0,0,0,0,false,0,false,false,true,false,12522237812800279535,17601189193944161467,true
f4-transfer-s223-m0-r0-t3-c2-l4-d3-tr4-a2,CJ-E,micro,timing_transfer,6836515913814718988,223,false,false,3,2,4,3,4,2,true,false,0,18,1,3,3,2,80,LOWER_BOUND,272,2,1,0,0,0,1,0,0,0,NA,0,false,30,30,2,2,0,0,0,0,false,0,false,false,true,false,2330746607644868521,17601189193944161467,true
f4-transfer-s223-m0-r0-t3-c2-l4-d4-tr4-a2,CJ-E,micro,timing_transfer,4426914029998623874,223,false,false,3,2,4,4,4,2,true,false,0,18,1,3,3,2,80,LOWER_BOUND,272,2,1,0,0,0,1,0,0,0,NA,0,false,30,30,2,2,0,0,0,0,false,0,false,false,true,false,10470010603363919191,17601189193944161467,true
f4-transfer-s223-m0-r0-t3-c2-l4-d5-tr4-a2,CJ-E,micro,timing_transfer,6378372465991971116,223,false,false,3,2,4,5,4,2,true,false,0,18,1,3,3,2,80,LOWER_BOUND,272,2,1,0,0,0,1,0,0,0,NA,0,false,30,30,2,2,0,0,0,0,false,0,false,false,true,false,11888374896349148845,17601189193944161467,true
ctl-initial-ab-s223-m0-r0-t3-c2-l4-d0-tr0-a2,CJ-E,micro,shared_control,14084348528483754358,223,false,false,3,2,4,0,0,2,true,true,45,31,2,10,10,2,80,LOWER_BOUND,272,2,1,0,0,3,5,0,1,2,NA,2,false,30,36,2,2,0,0,0,1,false,0,true,false,true,false,4641184153892485419,10515110885056761336,true
ctl-initial-cd-s223-m0-r0-t3-c2-l4-d0-tr0-a2,CJ-E,micro,shared_control,8870601111390024466,223,false,false,3,2,4,0,0,2,true,true,45,31,2,10,10,2,80,LOWER_BOUND,272,2,1,0,0,3,5,0,1,2,NA,2,false,30,36,2,2,0,0,0,1,false,0,true,false,true,false,4641184153892485419,10515110885056761336,true
ctl-crossed-ad-s223-m0-r0-t3-c2-l4-d0-tr0-a2,CJ-E,micro,shared_control,17781325362235496654,223,false,false,3,2,4,0,0,2,false,false,0,13,0,2,2,1,40,LOWER_BOUND,272,2,1,0,0,0,1,0,0,0,NA,0,false,30,30,2,2,0,0,0,0,false,0,false,false,true,false,10393356503058656782,17601189193944161467,true
ctl-crossed-cb-s223-m0-r0-t3-c2-l4-d0-tr0-a2,CJ-E,micro,shared_control,16163743334650565238,223,false,false,3,2,4,0,0,2,false,false,0,13,0,2,2,1,40,LOWER_BOUND,272,2,1,0,0,0,1,0,0,0,NA,0,false,30,30,2,2,0,0,0,0,false,0,false,false,true,false,10393356503058656782,17601189193944161467,true
ctl-singleton-s223-m0-r0-t3-c2-l4-d0-tr0-a2,CJ-E,micro,shared_control,8901880184785871148,223,false,false,3,2,4,0,0,2,false,false,0,13,0,2,2,1,40,LOWER_BOUND,272,2,1,0,0,0,1,0,0,0,NA,0,false,30,30,2,2,0,0,0,0,false,0,false,false,true,false,10393356503058656782,17601189193944161467,true
ctl-old-self-evidence-s223-m0-r0-t3-c2-l4-d0-tr0-a6,CJ-E,micro,shared_control,12046530220938155979,223,false,false,3,2,4,0,0,6,true,true,115,2,23,8,8,6,240,LOWER_BOUND,1024,7,2,0,0,0,2,2,1,1,NA,1,false,3,2,2,2,0,0,0,0,true,0,false,false,true,false,11077923279281188318,13322967757029584072,true
ctl-blocked-return-s223-m0-r0-t3-c2-l4-d0-tr0-a6,CJ-E,micro,shared_control,10155111807520835438,223,false,false,3,2,4,0,0,6,true,true,115,2,23,8,8,6,240,LOWER_BOUND,1024,7,2,0,0,0,2,2,1,1,NA,1,false,3,2,2,2,0,0,0,0,true,0,false,false,true,false,11077923279281188318,13322967757029584072,true
ctl-stale-s223-m0-r0-t3-c2-l4-d0-tr0-a2,CJ-E,micro,shared_control,14047197060019846686,223,false,false,3,2,4,0,0,2,false,false,0,17,1,3,3,2,80,LOWER_BOUND,160,1,0,0,1,0,1,1,0,0,NA,1,false,1,0,2,0,0,0,0,0,false,0,false,false,true,false,14768090752358844353,10780533810362200395,true
ctl-deallocation-bootstrap-s223-m0-r0-t3-c2-l4-d0-tr0-a2,CJ-E,micro,shared_control,9819844722993103315,223,false,false,3,2,4,0,0,2,false,false,2,14,0,2,2,1,40,LOWER_BOUND,224,2,1,1,1,0,1,1,0,0,NA,0,false,1,1,1,1,0,2,14,0,false,0,false,false,true,false,18273691292081311698,4761852303161569647,true
ctl-ambiguity-s223-m0-r0-t3-c2-l4-d0-tr0-a2,CJ-E,micro,shared_control,12804905472040316462,223,false,false,3,2,4,0,0,2,true,true,0,80,10,8,8,4,160,LOWER_BOUND,544,4,0,0,0,0,4,0,0,2,NA,2,false,0,0,0,0,0,0,0,0,false,0,false,false,true,false,11919780798434897226,9914872644218645400,true
ctl-recursion-s223-m0-r0-t3-c2-l4-d0-tr0-a2,CJ-E,micro,shared_control,8950260563369705749,223,false,false,3,2,4,0,0,2,true,true,0,71,6,8,8,4,160,LOWER_BOUND,496,4,0,0,0,0,4,0,3,1,NA,1,false,0,0,0,0,0,0,0,0,false,3,false,false,true,false,14559469106971233599,4095849718623342666,true
ctl-replay-s223-m0-r0-t3-c2-l4-d0-tr0-a2,CJ-E,micro,shared_control,11885019592626467554,223,false,false,3,2,4,0,0,2,true,true,0,30,1,4,4,2,80,LOWER_BOUND,272,2,1,0,0,0,2,0,1,1,NA,1,false,30,30,2,2,0,0,0,1,false,0,false,true,true,false,9946728002213512152,17601189193944161467,true
f1-aa-same-tick-s223-m1-r1-t2-c1-l0-d0-tr0-a2,CJ-E,micro,same_source_bursts,347000261536918124,223,true,true,2,1,0,0,0,2,false,false,0,19,1,3,3,2,80,LOWER_BOUND,160,1,0,0,0,0,1,0,1,1,NA,1,true,0,0,0,0,0,0,0,0,false,0,false,false,true,false,14029609163089368553,8358790861913303772,false
f1-aa-spacing-s223-m1-r1-t2-c1-l0-d-1-tr0-a2,CJ-E,micro,same_source_bursts,10855288196318908842,223,true,true,2,1,0,-1,0,2,false,false,0,9,1,2,2,2,80,LOWER_BOUND,160,1,0,0,0,0,0,0,0,0,NA,0,false,0,0,0,0,0,0,0,0,false,0,false,false,true,false,17019411791757446476,8358790861913303772,true
f1-ab-distinct-s223-m1-r1-t2-c1-l0-d-1-tr0-a2,CJ-E,micro,same_source_bursts,2943522275939728448,223,true,true,2,1,0,-1,0,2,true,false,0,19,2,3,3,2,80,LOWER_BOUND,272,2,1,0,0,0,1,0,0,0,NA,0,false,30,30,1,1,0,0,0,0,false,0,false,false,true,false,10775800964634560672,8435777476347576351,true
f1-aa-spacing-s223-m1-r1-t2-c1-l0-d0-tr0-a2,CJ-E,micro,same_source_bursts,6550682388769924152,223,true,true,2,1,0,0,0,2,false,false,0,19,1,3,3,2,80,LOWER_BOUND,160,1,0,0,0,0,1,0,1,1,NA,1,true,0,0,0,0,0,0,0,0,false,0,false,false,true,false,14029609163089368553,8358790861913303772,false
f1-ab-distinct-s223-m1-r1-t2-c1-l0-d0-tr0-a2,CJ-E,micro,same_source_bursts,16082698058291804655,223,true,true,2,1,0,0,0,2,true,true,0,30,1,4,4,2,80,LOWER_BOUND,272,2,1,0,0,0,2,0,1,1,NA,1,false,30,30,1,1,0,0,0,1,false,0,false,false,true,false,7258978231112004372,8435777476347576351,true
f1-aa-spacing-s223-m1-r1-t2-c1-l0-d1-tr0-a2,CJ-E,micro,same_source_bursts,11179891066058344216,223,true,true,2,1,0,1,0,2,false,false,0,9,1,2,2,2,80,LOWER_BOUND,160,1,0,0,0,0,0,0,0,0,NA,0,false,0,0,0,0,0,0,0,0,false,0,false,false,true,false,17019411791757446476,8358790861913303772,true
f1-ab-distinct-s223-m1-r1-t2-c1-l0-d1-tr0-a2,CJ-E,micro,same_source_bursts,10022873512090219936,223,true,true,2,1,0,1,0,2,true,false,0,18,1,3,3,2,80,LOWER_BOUND,272,2,1,0,0,0,1,0,0,0,NA,0,false,30,30,1,1,0,0,0,0,false,0,false,false,true,false,17190728536844099300,8435777476347576351,true
f1-aa-spacing-s223-m1-r1-t2-c1-l0-d2-tr0-a2,CJ-E,micro,same_source_bursts,11881487580806077176,223,true,true,2,1,0,2,0,2,false,false,0,9,1,2,2,2,80,LOWER_BOUND,160,1,0,0,0,0,0,0,0,0,NA,0,false,0,0,0,0,0,0,0,0,false,0,false,false,true,false,12123625321758431965,8358790861913303772,true
f1-ab-distinct-s223-m1-r1-t2-c1-l0-d2-tr0-a2,CJ-E,micro,same_source_bursts,17816110400030453072,223,true,true,2,1,0,2,0,2,true,false,0,18,1,3,3,2,80,LOWER_BOUND,272,2,1,0,0,0,1,0,0,0,NA,0,false,30,30,1,1,0,0,0,0,false,0,false,false,true,false,1023048797626452130,8435777476347576351,true
f1-aa-spacing-s223-m1-r1-t2-c1-l0-d3-tr0-a2,CJ-E,micro,same_source_bursts,2672981768462148488,223,true,true,2,1,0,3,0,2,false,false,0,9,1,2,2,2,80,LOWER_BOUND,160,1,0,0,0,0,0,0,0,0,NA,0,false,0,0,0,0,0,0,0,0,false,0,false,false,true,false,17487173558051397918,8358790861913303772,true
f1-ab-distinct-s223-m1-r1-t2-c1-l0-d3-tr0-a2,CJ-E,micro,same_source_bursts,502794136706468452,223,true,true,2,1,0,3,0,2,true,false,0,18,1,3,3,2,80,LOWER_BOUND,272,2,1,0,0,0,1,0,0,0,NA,0,false,30,30,1,1,0,0,0,0,false,0,false,false,true,false,11001089781443177372,8435777476347576351,true
f1-aa-spacing-s223-m1-r1-t2-c1-l0-d4-tr0-a2,CJ-E,micro,same_source_bursts,6809806233750500048,223,true,true,2,1,0,4,0,2,false,false,0,9,1,2,2,2,80,LOWER_BOUND,160,1,0,0,0,0,0,0,0,0,NA,0,false,0,0,0,0,0,0,0,0,false,0,false,false,true,false,10077193675813684407,8358790861913303772,true
f1-ab-distinct-s223-m1-r1-t2-c1-l0-d4-tr0-a2,CJ-E,micro,same_source_bursts,14950829052690448068,223,true,true,2,1,0,4,0,2,true,false,0,18,1,3,3,2,80,LOWER_BOUND,272,2,1,0,0,0,1,0,0,0,NA,0,false,30,30,1,1,0,0,0,0,false,0,false,false,true,false,2228519817214154982,8435777476347576351,true
f1-aa-spacing-s223-m1-r1-t2-c1-l0-d5-tr0-a2,CJ-E,micro,same_source_bursts,3295372562400484896,223,true,true,2,1,0,5,0,2,false,false,0,9,1,2,2,2,80,LOWER_BOUND,160,1,0,0,0,0,0,0,0,0,NA,0,false,0,0,0,0,0,0,0,0,false,0,false,false,true,false,4821681661731832624,8358790861913303772,true
f1-ab-distinct-s223-m1-r1-t2-c1-l0-d5-tr0-a2,CJ-E,micro,same_source_bursts,3648277991371188824,223,true,true,2,1,0,5,0,2,true,false,0,18,1,3,3,2,80,LOWER_BOUND,272,2,1,0,0,0,1,0,0,0,NA,0,false,30,30,1,1,0,0,0,0,false,0,false,false,true,false,3587358625876540652,8435777476347576351,true
f1-one-path-s223-m1-r1-t2-c1-l0-d1-tr0-a2,CJ-E,micro,same_source_bursts,10628968902379841719,223,true,true,2,1,0,1,0,2,false,false,0,29,2,4,4,2,80,LOWER_BOUND,272,2,1,0,0,1,2,0,0,0,NA,0,false,30,33,1,1,0,0,0,0,false,0,false,false,true,false,938917676473712248,10272330375251169524,true
f1-a-burst-4-s223-m1-r1-t2-c1-l0-d4-tr0-a2,CJ-E,micro,same_source_bursts,15662267810401656302,223,true,true,2,1,0,4,0,2,false,false,0,29,2,4,4,2,80,LOWER_BOUND,272,2,1,0,0,1,2,0,0,0,NA,0,false,30,33,1,1,0,0,0,0,false,0,false,false,true,false,11845690690163907906,10272330375251169524,true
f2-one-strong-s223-m1-r1-t2-c1-l0-d0-tr0-a2,CJ-E,micro,amplitude_vs_multiplicity,15793385877277539446,223,true,true,2,1,0,0,0,2,false,false,0,4,0,1,1,1,40,LOWER_BOUND,160,1,0,0,0,0,0,0,0,0,NA,0,false,0,0,0,0,0,0,0,0,false,0,false,false,true,false,1942145850504218675,8358790861913303772,true
f2-two-weak-distinct-s223-m1-r1-t2-c1-l0-d0-tr0-a2,CJ-E,micro,amplitude_vs_multiplicity,1359863025647738665,223,true,true,2,1,0,0,0,2,true,true,0,19,1,3,3,2,80,LOWER_BOUND,160,1,0,0,0,0,1,0,1,1,NA,1,false,0,0,0,0,0,0,0,0,false,0,false,false,true,false,14029609163089368553,8358790861913303772,true
f2-two-weak-same-s223-m1-r1-t2-c1-l0-d0-tr0-a2,CJ-E,micro,amplitude_vs_multiplicity,6917798336389979485,223,true,true,2,1,0,0,0,2,false,false,0,19,1,3,3,2,80,LOWER_BOUND,160,1,0,0,0,0,1,0,1,1,NA,1,true,0,0,0,0,0,0,0,0,false,0,false,false,true,false,14029609163089368553,8358790861913303772,false
f2-asymmetric-distinct-s223-m1-r1-t2-c1-l0-d0-tr0-a2,CJ-E,micro,amplitude_vs_multiplicity,3829597154350494228,223,true,true,2,1,0,0,0,2,true,true,0,19,1,3,3,2,80,LOWER_BOUND,160,1,0,0,0,0,1,0,1,1,NA,1,false,0,0,0,0,0,0,0,0,false,0,false,false,true,false,14029609163089368553,8358790861913303772,true
f3-direct-return-s223-m1-r1-t2-c1-l0-d0-tr0-a2,CJ-E,micro,dense_return_topology,18259178026902495610,223,true,true,2,1,0,0,0,2,true,true,33,16,1,6,6,2,80,LOWER_BOUND,384,3,2,0,0,2,3,0,1,1,NA,1,false,3,6,1,2,0,0,0,0,true,0,false,false,true,false,644071741696443121,1203747072350525829,true
f3-crossed-return-s223-m1-r1-t2-c1-l0-d0-tr0-a2,CJ-E,micro,dense_return_topology,3991801106363339850,223,true,true,2,1,0,0,0,2,true,true,33,16,1,6,6,2,80,LOWER_BOUND,384,3,2,0,0,1,3,1,1,1,NA,1,false,3,2,1,1,0,0,0,0,true,0,false,false,true,false,2175214813017708281,2940211674228122514,true
f3-no-return-s223-m1-r1-t2-c1-l0-d0-tr0-a2,CJ-E,micro,dense_return_topology,10697540574270483210,223,true,true,2,1,0,0,0,2,true,true,33,2,1,4,4,2,80,LOWER_BOUND,384,3,2,0,0,0,2,2,1,1,NA,1,false,3,2,1,1,0,0,0,0,true,0,false,false,true,false,8389111839023720684,10166987044853856382,true
f3-direct-return-s223-m1-r1-t2-c1-l0-d0-tr0-a6,CJ-E,micro,dense_return_topology,9339640807855691498,223,true,true,2,1,0,0,0,6,true,true,45,20,1,6,6,2,80,LOWER_BOUND,832,7,2,0,0,2,3,0,1,1,NA,1,false,3,6,1,2,0,0,0,0,true,0,false,false,true,false,12947183981696911573,7951203987856930365,true
f3-crossed-return-s223-m1-r1-t2-c1-l0-d0-tr0-a6,CJ-E,micro,dense_return_topology,12528359478170584290,223,true,true,2,1,0,0,0,6,true,true,45,20,1,6,6,2,80,LOWER_BOUND,832,7,2,0,0,1,3,1,1,1,NA,1,false,3,2,1,1,0,0,0,0,true,0,false,false,true,false,4883491757835876489,16415794561468365078,true
f3-no-return-s223-m1-r1-t2-c1-l0-d0-tr0-a6,CJ-E,micro,dense_return_topology,17962922299124846002,223,true,true,2,1,0,0,0,6,true,true,45,2,1,4,4,2,80,LOWER_BOUND,832,7,2,0,0,0,2,2,1,1,NA,1,false,3,2,1,1,0,0,0,0,true,0,false,false,true,false,239762756250895832,10432690259569655410,true
f4-transfer-s223-m1-r1-t2-c1-l0-d-1-tr0-a2,CJ-E,micro,timing_transfer,7577871646685554430,223,true,true,2,1,0,-1,0,2,true,false,0,19,2,3,3,2,80,LOWER_BOUND,272,2,1,0,0,0,1,0,0,0,NA,0,false,30,30,1,1,0,0,0,0,false,0,false,false,true,false,10775800964634560672,8435777476347576351,true
f4-transfer-s223-m1-r1-t2-c1-l0-d0-tr0-a2,CJ-E,micro,timing_transfer,4015839041619004021,223,true,true,2,1,0,0,0,2,true,true,0,30,1,4,4,2,80,LOWER_BOUND,272,2,1,0,0,0,2,0,1,1,NA,1,false,30,30,1,1,0,0,0,1,false,0,false,false,true,false,7258978231112004372,8435777476347576351,true
f4-transfer-s223-m1-r1-t2-c1-l0-d1-tr0-a2,CJ-E,micro,timing_transfer,10763126172344284620,223,true,true,2,1,0,1,0,2,true,false,0,18,1,3,3,2,80,LOWER_BOUND,272,2,1,0,0,0,1,0,0,0,NA,0,false,30,30,1,1,0,0,0,0,false,0,false,false,true,false,17190728536844099300,8435777476347576351,true
f4-transfer-s223-m1-r1-t2-c1-l0-d2-tr0-a2,CJ-E,micro,timing_transfer,1008565854268405286,223,true,true,2,1,0,2,0,2,true,false,0,18,1,3,3,2,80,LOWER_BOUND,272,2,1,0,0,0,1,0,0,0,NA,0,false,30,30,1,1,0,0,0,0,false,0,false,false,true,false,1023048797626452130,8435777476347576351,true
f4-transfer-s223-m1-r1-t2-c1-l0-d3-tr0-a2,CJ-E,micro,timing_transfer,12071174092574748260,223,true,true,2,1,0,3,0,2,true,false,0,18,1,3,3,2,80,LOWER_BOUND,272,2,1,0,0,0,1,0,0,0,NA,0,false,30,30,1,1,0,0,0,0,false,0,false,false,true,false,11001089781443177372,8435777476347576351,true
f4-transfer-s223-m1-r1-t2-c1-l0-d4-tr0-a2,CJ-E,micro,timing_transfer,8441022433736145794,223,true,true,2,1,0,4,0,2,true,false,0,18,1,3,3,2,80,LOWER_BOUND,272,2,1,0,0,0,1,0,0,0,NA,0,false,30,30,1,1,0,0,0,0,false,0,false,false,true,false,2228519817214154982,8435777476347576351,true
f4-transfer-s223-m1-r1-t2-c1-l0-d5-tr0-a2,CJ-E,micro,timing_transfer,9867471590693923980,223,true,true,2,1,0,5,0,2,true,false,0,18,1,3,3,2,80,LOWER_BOUND,272,2,1,0,0,0,1,0,0,0,NA,0,false,30,30,1,1,0,0,0,0,false,0,false,false,true,false,3587358625876540652,8435777476347576351,true
f4-transfer-s223-m1-r1-t2-c1-l0-d-1-tr2-a2,CJ-E,micro,timing_transfer,10580276122367852274,223,true,true,2,1,0,-1,2,2,true,false,0,19,2,3,3,2,80,LOWER_BOUND,272,2,1,0,0,0,1,0,0,0,NA,0,false,30,30,1,1,0,0,0,0,false,0,false,false,true,false,10775800964634560672,8435777476347576351,true
f4-transfer-s223-m1-r1-t2-c1-l0-d0-tr2-a2,CJ-E,micro,timing_transfer,7408876144346008165,223,true,true,2,1,0,0,2,2,true,true,0,30,1,4,4,2,80,LOWER_BOUND,272,2,1,0,0,0,2,0,1,1,NA,1,false,30,30,1,1,0,0,0,1,false,0,false,false,true,false,7258978231112004372,8435777476347576351,true
f4-transfer-s223-m1-r1-t2-c1-l0-d1-tr2-a2,CJ-E,micro,timing_transfer,10223780385920711280,223,true,true,2,1,0,1,2,2,true,false,0,18,1,3,3,2,80,LOWER_BOUND,272,2,1,0,0,0,1,0,0,0,NA,0,false,30,30,1,1,0,0,0,0,false,0,false,false,true,false,17190728536844099300,8435777476347576351,true
f4-transfer-s223-m1-r1-t2-c1-l0-d2-tr2-a2,CJ-E,micro,timing_transfer,12355199352100694678,223,true,true,2,1,0,2,2,2,true,false,0,18,1,3,3,2,80,LOWER_BOUND,272,2,1,0,0,0,1,0,0,0,NA,0,false,30,30,1,1,0,0,0,0,false,0,false,false,true,false,1023048797626452130,8435777476347576351,true
f4-transfer-s223-m1-r1-t2-c1-l0-d3-tr2-a2,CJ-E,micro,timing_transfer,11469606903509885248,223,true,true,2,1,0,3,2,2,true,false,0,18,1,3,3,2,80,LOWER_BOUND,272,2,1,0,0,0,1,0,0,0,NA,0,false,30,30,1,1,0,0,0,0,false,0,false,false,true,false,11001089781443177372,8435777476347576351,true
f4-transfer-s223-m1-r1-t2-c1-l0-d4-tr2-a2,CJ-E,micro,timing_transfer,3105155277330806994,223,true,true,2,1,0,4,2,2,true,false,0,18,1,3,3,2,80,LOWER_BOUND,272,2,1,0,0,0,1,0,0,0,NA,0,false,30,30,1,1,0,0,0,0,false,0,false,false,true,false,2228519817214154982,8435777476347576351,true
f4-transfer-s223-m1-r1-t2-c1-l0-d5-tr2-a2,CJ-E,micro,timing_transfer,10284695495452982456,223,true,true,2,1,0,5,2,2,true,false,0,18,1,3,3,2,80,LOWER_BOUND,272,2,1,0,0,0,1,0,0,0,NA,0,false,30,30,1,1,0,0,0,0,false,0,false,false,true,false,3587358625876540652,8435777476347576351,true
f4-transfer-s223-m1-r1-t2-c1-l0-d-1-tr4-a2,CJ-E,micro,timing_transfer,2966444093884817070,223,true,true,2,1,0,-1,4,2,true,false,0,19,2,3,3,2,80,LOWER_BOUND,272,2,1,0,0,0,1,0,0,0,NA,0,false,30,30,1,1,0,0,0,0,false,0,false,false,true,false,10775800964634560672,8435777476347576351,true
f4-transfer-s223-m1-r1-t2-c1-l0-d0-tr4-a2,CJ-E,micro,timing_transfer,15817615559712086813,223,true,true,2,1,0,0,4,2,true,true,0,30,1,4,4,2,80,LOWER_BOUND,272,2,1,0,0,0,2,0,1,1,NA,1,false,30,30,1,1,0,0,0,1,false,0,false,false,true,false,7258978231112004372,8435777476347576351,true
f4-transfer-s223-m1-r1-t2-c1-l0-d1-tr4-a2,CJ-E,micro,timing_transfer,5565840371927245172,223,true,true,2,1,0,1,4,2,true,false,0,18,1,3,3,2,80,LOWER_BOUND,272,2,1,0,0,0,1,0,0,0,NA,0,false,30,30,1,1,0,0,0,0,false,0,false,false,true,false,17190728536844099300,8435777476347576351,true
f4-transfer-s223-m1-r1-t2-c1-l0-d2-tr4-a2,CJ-E,micro,timing_transfer,17432141829339624446,223,true,true,2,1,0,2,4,2,true,false,0,18,1,3,3,2,80,LOWER_BOUND,272,2,1,0,0,0,1,0,0,0,NA,0,false,30,30,1,1,0,0,0,0,false,0,false,false,true,false,1023048797626452130,8435777476347576351,true
f4-transfer-s223-m1-r1-t2-c1-l0-d3-tr4-a2,CJ-E,micro,timing_transfer,7076748590654943636,223,true,true,2,1,0,3,4,2,true,false,0,18,1,3,3,2,80,LOWER_BOUND,272,2,1,0,0,0,1,0,0,0,NA,0,false,30,30,1,1,0,0,0,0,false,0,false,false,true,false,11001089781443177372,8435777476347576351,true
f4-transfer-s223-m1-r1-t2-c1-l0-d4-tr4-a2,CJ-E,micro,timing_transfer,16696895398767985370,223,true,true,2,1,0,4,4,2,true,false,0,18,1,3,3,2,80,LOWER_BOUND,272,2,1,0,0,0,1,0,0,0,NA,0,false,30,30,1,1,0,0,0,0,false,0,false,false,true,false,2228519817214154982,8435777476347576351,true
f4-transfer-s223-m1-r1-t2-c1-l0-d5-tr4-a2,CJ-E,micro,timing_transfer,1015212490829332740,223,true,true,2,1,0,5,4,2,true,false,0,18,1,3,3,2,80,LOWER_BOUND,272,2,1,0,0,0,1,0,0,0,NA,0,false,30,30,1,1,0,0,0,0,false,0,false,false,true,false,3587358625876540652,8435777476347576351,true
ctl-initial-ab-s223-m1-r1-t2-c1-l0-d0-tr0-a2,CJ-E,micro,shared_control,18156616709375484726,223,true,true,2,1,0,0,0,2,true,true,45,31,2,10,10,2,80,LOWER_BOUND,272,2,1,0,0,3,5,0,1,2,NA,2,false,30,36,1,1,0,0,0,1,false,0,true,false,true,false,14328955696723069287,15594909281424419348,true
ctl-initial-cd-s223-m1-r1-t2-c1-l0-d0-tr0-a2,CJ-E,micro,shared_control,7852205217139040722,223,true,true,2,1,0,0,0,2,true,true,45,31,2,10,10,2,80,LOWER_BOUND,272,2,1,0,0,3,5,0,1,2,NA,2,false,30,36,1,1,0,0,0,1,false,0,true,false,true,false,14328955696723069287,15594909281424419348,true
ctl-crossed-ad-s223-m1-r1-t2-c1-l0-d0-tr0-a2,CJ-E,micro,shared_control,6071075028786921874,223,true,true,2,1,0,0,0,2,false,false,0,13,0,2,2,1,40,LOWER_BOUND,272,2,1,0,0,0,1,0,0,0,NA,0,false,30,30,1,1,0,0,0,0,false,0,false,false,true,false,4418326265884638359,8435777476347576351,true
ctl-crossed-cb-s223-m1-r1-t2-c1-l0-d0-tr0-a2,CJ-E,micro,shared_control,10203325650940962714,223,true,true,2,1,0,0,0,2,false,false,0,13,0,2,2,1,40,LOWER_BOUND,272,2,1,0,0,0,1,0,0,0,NA,0,false,30,30,1,1,0,0,0,0,false,0,false,false,true,false,4418326265884638359,8435777476347576351,true
ctl-singleton-s223-m1-r1-t2-c1-l0-d0-tr0-a2,CJ-E,micro,shared_control,2229976071882850192,223,true,true,2,1,0,0,0,2,false,false,0,13,0,2,2,1,40,LOWER_BOUND,272,2,1,0,0,0,1,0,0,0,NA,0,false,30,30,1,1,0,0,0,0,false,0,false,false,true,false,4418326265884638359,8435777476347576351,true
ctl-old-self-evidence-s223-m1-r1-t2-c1-l0-d0-tr0-a6,CJ-E,micro,shared_control,1009610087723480851,223,true,true,2,1,0,0,0,6,true,true,45,2,1,4,4,2,80,LOWER_BOUND,832,7,2,0,0,0,2,2,1,1,NA,1,false,3,2,1,1,0,0,0,0,true,0,false,false,true,false,239762756250895832,10432690259569655410,true
ctl-blocked-return-s223-m1-r1-t2-c1-l0-d0-tr0-a6,CJ-E,micro,shared_control,5710054432445700522,223,true,true,2,1,0,0,0,6,true,true,45,2,1,4,4,2,80,LOWER_BOUND,832,7,2,0,0,0,2,2,1,1,NA,1,false,3,2,1,1,0,0,0,0,true,0,false,false,true,false,239762756250895832,10432690259569655410,true
ctl-stale-s223-m1-r1-t2-c1-l0-d0-tr0-a2,CJ-E,micro,shared_control,15491659766716791046,223,true,true,2,1,0,0,0,2,false,false,0,17,1,3,3,2,80,LOWER_BOUND,160,1,0,0,1,0,1,1,0,0,NA,1,false,1,0,1,0,0,0,0,0,false,0,false,false,true,false,15617408062393201750,8544130264476557924,true
ctl-deallocation-bootstrap-s223-m1-r1-t2-c1-l0-d0-tr0-a2,CJ-E,micro,shared_control,12101735092762699195,223,true,true,2,1,0,0,0,2,false,false,2,14,0,2,2,1,40,LOWER_BOUND,224,2,1,1,1,0,1,1,0,0,NA,0,false,1,1,1,1,0,2,14,0,false,0,false,false,true,false,8583985614911903062,1531112735429574763,true
ctl-ambiguity-s223-m1-r1-t2-c1-l0-d0-tr0-a2,CJ-E,micro,shared_control,15230712355301010750,223,true,true,2,1,0,0,0,2,true,true,0,80,10,8,8,4,160,LOWER_BOUND,544,4,0,0,0,0,4,0,0,2,NA,2,false,0,0,0,0,0,0,0,0,false,0,false,false,true,false,8562416557147493049,3073700733644689307,true
ctl-recursion-s223-m1-r1-t2-c1-l0-d0-tr0-a2,CJ-E,micro,shared_control,7016239974636687277,223,true,true,2,1,0,0,0,2,true,true,0,71,6,8,8,4,160,LOWER_BOUND,496,4,0,0,0,0,4,0,3,1,NA,1,false,0,0,0,0,0,0,0,0,false,3,false,false,true,false,12929009462415131483,17830600380412325086,true
ctl-replay-s223-m1-r1-t2-c1-l0-d0-tr0-a2,CJ-E,micro,shared_control,7116320895451253878,223,true,true,2,1,0,0,0,2,true,true,0,30,1,4,4,2,80,LOWER_BOUND,272,2,1,0,0,0,2,0,1,1,NA,1,false,30,30,1,1,0,0,0,1,false,0,false,true,true,false,7258978231112004372,8435777476347576351,true
f1-aa-same-tick-s223-m1-r1-t2-c1-l4-d0-tr0-a2,CJ-E,micro,same_source_bursts,709623390795452068,223,true,true,2,1,4,0,0,2,false,false,0,19,1,3,3,2,80,LOWER_BOUND,352,1,0,0,0,0,1,0,1,1,NA,1,true,0,0,0,0,0,0,0,0,false,0,false,false,true,false,1338385859861223839,17734086396467748078,false
f1-aa-spacing-s223-m1-r1-t2-c1-l4-d-1-tr0-a2,CJ-E,micro,same_source_bursts,107251855213950322,223,true,true,2,1,4,-1,0,2,false,false,0,9,1,2,2,2,80,LOWER_BOUND,352,1,0,0,0,0,0,0,0,0,NA,0,false,0,0,0,0,0,0,0,0,false,0,false,false,true,false,18165319000688788882,17734086396467748078,true
f1-ab-distinct-s223-m1-r1-t2-c1-l4-d-1-tr0-a2,CJ-E,micro,same_source_bursts,15821100057989459440,223,true,true,2,1,4,-1,0,2,true,false,0,19,2,3,3,2,80,LOWER_BOUND,272,2,1,0,0,0,1,0,0,0,NA,0,false,30,30,1,1,0,0,0,0,false,0,false,false,true,false,10775800964634560672,8435777476347576351,true
f1-aa-spacing-s223-m1-r1-t2-c1-l4-d0-tr0-a2,CJ-E,micro,same_source_bursts,5000118254109637264,223,true,true,2,1,4,0,0,2,false,false,0,19,1,3,3,2,80,LOWER_BOUND,352,1,0,0,0,0,1,0,1,1,NA,1,true,0,0,0,0,0,0,0,0,false,0,false,false,true,false,1338385859861223839,17734086396467748078,false
f1-ab-distinct-s223-m1-r1-t2-c1-l4-d0-tr0-a2,CJ-E,micro,same_source_bursts,16939002704762772023,223,true,true,2,1,4,0,0,2,true,true,0,30,1,4,4,2,80,LOWER_BOUND,272,2,1,0,0,0,2,0,1,1,NA,1,false,30,30,1,1,0,0,0,1,false,0,false,false,true,false,7258978231112004372,8435777476347576351,true
f1-aa-spacing-s223-m1-r1-t2-c1-l4-d1-tr0-a2,CJ-E,micro,same_source_bursts,9246716239698038368,223,true,true,2,1,4,1,0,2,false,false,0,9,1,2,2,2,80,LOWER_BOUND,352,1,0,0,0,0,0,0,0,0,NA,0,false,0,0,0,0,0,0,0,0,false,0,false,false,true,false,18165319000688788882,17734086396467748078,true
f1-ab-distinct-s223-m1-r1-t2-c1-l4-d1-tr0-a2,CJ-E,micro,same_source_bursts,6757116688998726160,223,true,true,2,1,4,1,0,2,true,false,0,18,1,3,3,2,80,LOWER_BOUND,272,2,1,0,0,0,1,0,0,0,NA,0,false,30,30,1,1,0,0,0,0,false,0,false,false,true,false,17190728536844099300,8435777476347576351,true
f1-aa-spacing-s223-m1-r1-t2-c1-l4-d2-tr0-a2,CJ-E,micro,same_source_bursts,6813043844722145328,223,true,true,2,1,4,2,0,2,false,false,0,9,1,2,2,2,80,LOWER_BOUND,352,1,0,0,0,0,0,0,0,0,NA,0,false,0,0,0,0,0,0,0,0,false,0,false,false,true,false,11888186571249076499,17734086396467748078,true
f1-ab-distinct-s223-m1-r1-t2-c1-l4-d2-tr0-a2,CJ-E,micro,same_source_bursts,9300047071167084064,223,true,true,2,1,4,2,0,2,true,false,0,18,1,3,3,2,80,LOWER_BOUND,272,2,1,0,0,0,1,0,0,0,NA,0,false,30,30,1,1,0,0,0,0,false,0,false,false,true,false,1023048797626452130,8435777476347576351,true
f1-aa-spacing-s223-m1-r1-t2-c1-l4-d3-tr0-a2,CJ-E,micro,same_source_bursts,5292352931608773392,223,true,true,2,1,4,3,0,2,false,false,0,9,1,2,2,2,80,LOWER_BOUND,352,1,0,0,0,0,0,0,0,0,NA,0,false,0,0,0,0,0,0,0,0,false,0,false,false,true,false,5302791674288617240,17734086396467748078,true
f1-ab-distinct-s223-m1-r1-t2-c1-l4-d3-tr0-a2,CJ-E,micro,same_source_bursts,16153218622293586348,223,true,true,2,1,4,3,0,2,true,false,0,18,1,3,3,2,80,LOWER_BOUND,272,2,1,0,0,0,1,0,0,0,NA,0,false,30,30,1,1,0,0,0,0,false,0,false,false,true,false,11001089781443177372,8435777476347576351,true
f1-aa-spacing-s223-m1-r1-t2-c1-l4-d4-tr0-a2,CJ-E,micro,same_source_bursts,8573361995358174520,223,true,true,2,1,4,4,0,2,false,false,0,9,1,2,2,2,80,LOWER_BOUND,352,1,0,0,0,0,0,0,0,0,NA,0,false,0,0,0,0,0,0,0,0,false,0,false,false,true,false,15305394429798412129,17734086396467748078,true
f1-ab-distinct-s223-m1-r1-t2-c1-l4-d4-tr0-a2,CJ-E,micro,same_source_bursts,15927220930502377868,223,true,true,2,1,4,4,0,2,true,false,0,18,1,3,3,2,80,LOWER_BOUND,272,2,1,0,0,0,1,0,0,0,NA,0,false,30,30,1,1,0,0,0,0,false,0,false,false,true,false,2228519817214154982,8435777476347576351,true
f1-aa-spacing-s223-m1-r1-t2-c1-l4-d5-tr0-a2,CJ-E,micro,same_source_bursts,3465905502880902680,223,true,true,2,1,4,5,0,2,false,false,0,9,1,2,2,2,80,LOWER_BOUND,352,1,0,0,0,0,0,0,0,0,NA,0,false,0,0,0,0,0,0,0,0,false,0,false,false,true,false,3197318382859345702,17734086396467748078,true
f1-ab-distinct-s223-m1-r1-t2-c1-l4-d5-tr0-a2,CJ-E,micro,same_source_bursts,11976309514550317592,223,true,true,2,1,4,5,0,2,true,false,0,18,1,3,3,2,80,LOWER_BOUND,272,2,1,0,0,0,1,0,0,0,NA,0,false,30,30,1,1,0,0,0,0,false,0,false,false,true,false,3587358625876540652,8435777476347576351,true
f1-one-path-s223-m1-r1-t2-c1-l4-d1-tr0-a2,CJ-E,micro,same_source_bursts,1153136466689942399,223,true,true,2,1,4,1,0,2,false,false,0,29,2,4,4,2,80,LOWER_BOUND,272,2,1,0,0,1,2,0,0,0,NA,0,false,30,33,1,1,0,0,0,0,false,0,false,false,true,false,938917676473712248,10272330375251169524,true
f1-a-burst-4-s223-m1-r1-t2-c1-l4-d4-tr0-a2,CJ-E,micro,same_source_bursts,9750877345789758606,223,true,true,2,1,4,4,0,2,false,false,0,29,2,4,4,2,80,LOWER_BOUND,272,2,1,0,0,1,2,0,0,0,NA,0,false,30,33,1,1,0,0,0,0,false,0,false,false,true,false,11845690690163907906,10272330375251169524,true
f2-one-strong-s223-m1-r1-t2-c1-l4-d0-tr0-a2,CJ-E,micro,amplitude_vs_multiplicity,550119790838558438,223,true,true,2,1,4,0,0,2,false,false,0,4,0,1,1,1,40,LOWER_BOUND,352,1,0,0,0,0,0,0,0,0,NA,0,false,0,0,0,0,0,0,0,0,false,0,false,false,true,false,18146782915432853101,17734086396467748078,true
f2-two-weak-distinct-s223-m1-r1-t2-c1-l4-d0-tr0-a2,CJ-E,micro,amplitude_vs_multiplicity,15302142852101257641,223,true,true,2,1,4,0,0,2,true,true,0,19,1,3,3,2,80,LOWER_BOUND,352,1,0,0,0,0,1,0,1,1,NA,1,false,0,0,0,0,0,0,0,0,false,0,false,false,true,false,1338385859861223839,17734086396467748078,true
f2-two-weak-same-s223-m1-r1-t2-c1-l4-d0-tr0-a2,CJ-E,micro,amplitude_vs_multiplicity,7762251697410118253,223,true,true,2,1,4,0,0,2,false,false,0,19,1,3,3,2,80,LOWER_BOUND,352,1,0,0,0,0,1,0,1,1,NA,1,true,0,0,0,0,0,0,0,0,false,0,false,false,true,false,1338385859861223839,17734086396467748078,false
f2-asymmetric-distinct-s223-m1-r1-t2-c1-l4-d0-tr0-a2,CJ-E,micro,amplitude_vs_multiplicity,16553179917005092620,223,true,true,2,1,4,0,0,2,true,true,0,19,1,3,3,2,80,LOWER_BOUND,352,1,0,0,0,0,1,0,1,1,NA,1,false,0,0,0,0,0,0,0,0,false,0,false,false,true,false,1338385859861223839,17734086396467748078,true
f3-direct-return-s223-m1-r1-t2-c1-l4-d0-tr0-a2,CJ-E,micro,dense_return_topology,10113294233480502002,223,true,true,2,1,4,0,0,2,true,true,87,16,23,10,10,6,240,LOWER_BOUND,576,3,2,0,0,2,3,0,1,1,NA,1,false,3,6,1,2,0,0,0,0,true,0,false,false,true,false,12740068476807322219,246480492021113575,true
f3-crossed-return-s223-m1-r1-t2-c1-l4-d0-tr0-a2,CJ-E,micro,dense_return_topology,5336329645803431306,223,true,true,2,1,4,0,0,2,true,true,87,16,23,10,10,6,240,LOWER_BOUND,576,3,2,0,0,1,3,1,1,1,NA,1,false,3,2,1,1,0,0,0,0,true,0,false,false,true,false,3342775742199213611,16691789422213956312,true
f3-no-return-s223-m1-r1-t2-c1-l4-d0-tr0-a2,CJ-E,micro,dense_return_topology,6809108847736137658,223,true,true,2,1,4,0,0,2,true,true,87,2,23,8,8,6,240,LOWER_BOUND,576,3,2,0,0,0,2,2,1,1,NA,1,false,3,2,1,1,0,0,0,0,true,0,false,false,true,false,10764121049621739282,17485076979904417220,true
f3-direct-return-s223-m1-r1-t2-c1-l4-d0-tr0-a6,CJ-E,micro,dense_return_topology,4298359354226204770,223,true,true,2,1,4,0,0,6,true,true,115,20,23,10,10,6,240,LOWER_BOUND,1024,7,2,0,0,2,3,0,1,1,NA,1,false,3,6,1,2,0,0,0,0,true,0,false,false,true,false,12715312870963393103,9649101672418174911,true
f3-crossed-return-s223-m1-r1-t2-c1-l4-d0-tr0-a6,CJ-E,micro,dense_return_topology,14224011925977645970,223,true,true,2,1,4,0,0,6,true,true,115,20,23,10,10,6,240,LOWER_BOUND,1024,7,2,0,0,1,3,1,1,1,NA,1,false,3,2,1,1,0,0,0,0,true,0,false,false,true,false,6498389258342819859,16398300842000642692,true
f3-no-return-s223-m1-r1-t2-c1-l4-d0-tr0-a6,CJ-E,micro,dense_return_topology,984847695431114354,223,true,true,2,1,4,0,0,6,true,true,115,2,23,8,8,6,240,LOWER_BOUND,1024,7,2,0,0,0,2,2,1,1,NA,1,false,3,2,1,1,0,0,0,0,true,0,false,false,true,false,813809543201562646,5227355331174323856,true
f4-transfer-s223-m1-r1-t2-c1-l4-d-1-tr0-a2,CJ-E,micro,timing_transfer,1592795845703501438,223,true,true,2,1,4,-1,0,2,true,false,0,19,2,3,3,2,80,LOWER_BOUND,272,2,1,0,0,0,1,0,0,0,NA,0,false,30,30,1,1,0,0,0,0,false,0,false,false,true,false,10775800964634560672,8435777476347576351,true
f4-transfer-s223-m1-r1-t2-c1-l4-d0-tr0-a2,CJ-E,micro,timing_transfer,8072279355551519941,223,true,true,2,1,4,0,0,2,true,true,0,30,1,4,4,2,80,LOWER_BOUND,272,2,1,0,0,0,2,0,1,1,NA,1,false,30,30,1,1,0,0,0,1,false,0,false,false,true,false,7258978231112004372,8435777476347576351,true
f4-transfer-s223-m1-r1-t2-c1-l4-d1-tr0-a2,CJ-E,micro,timing_transfer,16675709984496847308,223,true,true,2,1,4,1,0,2,true,false,0,18,1,3,3,2,80,LOWER_BOUND,272,2,1,0,0,0,1,0,0,0,NA,0,false,30,30,1,1,0,0,0,0,false,0,false,false,true,false,17190728536844099300,8435777476347576351,true
f4-transfer-s223-m1-r1-t2-c1-l4-d2-tr0-a2,CJ-E,micro,timing_transfer,6085641396184812942,223,true,true,2,1,4,2,0,2,true,false,0,18,1,3,3,2,80,LOWER_BOUND,272,2,1,0,0,0,1,0,0,0,NA,0,false,30,30,1,1,0,0,0,0,false,0,false,false,true,false,1023048797626452130,8435777476347576351,true
f4-transfer-s223-m1-r1-t2-c1-l4-d3-tr0-a2,CJ-E,micro,timing_transfer,11923381404931687956,223,true,true,2,1,4,3,0,2,true,false,0,18,1,3,3,2,80,LOWER_BOUND,272,2,1,0,0,0,1,0,0,0,NA,0,false,30,30,1,1,0,0,0,0,false,0,false,false,true,false,11001089781443177372,8435777476347576351,true
f4-transfer-s223-m1-r1-t2-c1-l4-d4-tr0-a2,CJ-E,micro,timing_transfer,9112031319537627602,223,true,true,2,1,4,4,0,2,true,false,0,18,1,3,3,2,80,LOWER_BOUND,272,2,1,0,0,0,1,0,0,0,NA,0,false,30,30,1,1,0,0,0,0,false,0,false,false,true,false,2228519817214154982,8435777476347576351,true
f4-transfer-s223-m1-r1-t2-c1-l4-d5-tr0-a2,CJ-E,micro,timing_transfer,14399034775718665292,223,true,true,2,1,4,5,0,2,true,false,0,18,1,3,3,2,80,LOWER_BOUND,272,2,1,0,0,0,1,0,0,0,NA,0,false,30,30,1,1,0,0,0,0,false,0,false,false,true,false,3587358625876540652,8435777476347576351,true
f4-transfer-s223-m1-r1-t2-c1-l4-d-1-tr2-a2,CJ-E,micro,timing_transfer,2674080543998852018,223,true,true,2,1,4,-1,2,2,true,false,0,19,2,3,3,2,80,LOWER_BOUND,272,2,1,0,0,0,1,0,0,0,NA,0,false,30,30,1,1,0,0,0,0,false,0,false,false,true,false,10775800964634560672,8435777476347576351,true
f4-transfer-s223-m1-r1-t2-c1-l4-d0-tr2-a2,CJ-E,micro,timing_transfer,17393006815403958965,223,true,true,2,1,4,0,2,2,true,true,0,30,1,4,4,2,80,LOWER_BOUND,272,2,1,0,0,0,2,0,1,1,NA,1,false,30,30,1,1,0,0,0,1,false,0,false,false,true,false,7258978231112004372,8435777476347576351,true
f4-transfer-s223-m1-r1-t2-c1-l4-d1-tr2-a2,CJ-E,micro,timing_transfer,18373400401925132472,223,true,true,2,1,4,1,2,2,true,false,0,18,1,3,3,2,80,LOWER_BOUND,272,2,1,0,0,0,1,0,0,0,NA,0,false,30,30,1,1,0,0,0,0,false,0,false,false,true,false,17190728536844099300,8435777476347576351,true
f4-transfer-s223-m1-r1-t2-c1-l4-d2-tr2-a2,CJ-E,micro,timing_transfer,8892421144077613406,223,true,true,2,1,4,2,2,2,true,false,0,18,1,3,3,2,80,LOWER_BOUND,272,2,1,0,0,0,1,0,0,0,NA,0,false,30,30,1,1,0,0,0,0,false,0,false,false,true,false,1023048797626452130,8435777476347576351,true
f4-transfer-s223-m1-r1-t2-c1-l4-d3-tr2-a2,CJ-E,micro,timing_transfer,12026750569371057752,223,true,true,2,1,4,3,2,2,true,false,0,18,1,3,3,2,80,LOWER_BOUND,272,2,1,0,0,0,1,0,0,0,NA,0,false,30,30,1,1,0,0,0,0,false,0,false,false,true,false,11001089781443177372,8435777476347576351,true
f4-transfer-s223-m1-r1-t2-c1-l4-d4-tr2-a2,CJ-E,micro,timing_transfer,17867796620896077282,223,true,true,2,1,4,4,2,2,true,false,0,18,1,3,3,2,80,LOWER_BOUND,272,2,1,0,0,0,1,0,0,0,NA,0,false,30,30,1,1,0,0,0,0,false,0,false,false,true,false,2228519817214154982,8435777476347576351,true
f4-transfer-s223-m1-r1-t2-c1-l4-d5-tr2-a2,CJ-E,micro,timing_transfer,8872530408014125616,223,true,true,2,1,4,5,2,2,true,false,0,18,1,3,3,2,80,LOWER_BOUND,272,2,1,0,0,0,1,0,0,0,NA,0,false,30,30,1,1,0,0,0,0,false,0,false,false,true,false,3587358625876540652,8435777476347576351,true
f4-transfer-s223-m1-r1-t2-c1-l4-d-1-tr4-a2,CJ-E,micro,timing_transfer,18098852834293969854,223,true,true,2,1,4,-1,4,2,true,false,0,19,2,3,3,2,80,LOWER_BOUND,272,2,1,0,0,0,1,0,0,0,NA,0,false,30,30,1,1,0,0,0,0,false,0,false,false,true,false,10775800964634560672,8435777476347576351,true
f4-transfer-s223-m1-r1-t2-c1-l4-d0-tr4-a2,CJ-E,micro,timing_transfer,3377559612081487933,223,true,true,2,1,4,0,4,2,true,true,0,30,1,4,4,2,80,LOWER_BOUND,272,2,1,0,0,0,2,0,1,1,NA,1,false,30,30,1,1,0,0,0,1,false,0,false,false,true,false,7258978231112004372,8435777476347576351,true
f4-transfer-s223-m1-r1-t2-c1-l4-d1-tr4-a2,CJ-E,micro,timing_transfer,6421537173614279684,223,true,true,2,1,4,1,4,2,true,false,0,18,1,3,3,2,80,LOWER_BOUND,272,2,1,0,0,0,1,0,0,0,NA,0,false,30,30,1,1,0,0,0,0,false,0,false,false,true,false,17190728536844099300,8435777476347576351,true
f4-transfer-s223-m1-r1-t2-c1-l4-d2-tr4-a2,CJ-E,micro,timing_transfer,9913899561695241910,223,true,true,2,1,4,2,4,2,true,false,0,18,1,3,3,2,80,LOWER_BOUND,272,2,1,0,0,0,1,0,0,0,NA,0,false,30,30,1,1,0,0,0,0,false,0,false,false,true,false,1023048797626452130,8435777476347576351,true
f4-transfer-s223-m1-r1-t2-c1-l4-d3-tr4-a2,CJ-E,micro,timing_transfer,18381311573985535844,223,true,true,2,1,4,3,4,2,true,false,0,18,1,3,3,2,80,LOWER_BOUND,272,2,1,0,0,0,1,0,0,0,NA,0,false,30,30,1,1,0,0,0,0,false,0,false,false,true,false,11001089781443177372,8435777476347576351,true
f4-transfer-s223-m1-r1-t2-c1-l4-d4-tr4-a2,CJ-E,micro,timing_transfer,2157989493972321658,223,true,true,2,1,4,4,4,2,true,false,0,18,1,3,3,2,80,LOWER_BOUND,272,2,1,0,0,0,1,0,0,0,NA,0,false,30,30,1,1,0,0,0,0,false,0,false,false,true,false,2228519817214154982,8435777476347576351,true
f4-transfer-s223-m1-r1-t2-c1-l4-d5-tr4-a2,CJ-E,micro,timing_transfer,8948253515241940660,223,true,true,2,1,4,5,4,2,true,false,0,18,1,3,3,2,80,LOWER_BOUND,272,2,1,0,0,0,1,0,0,0,NA,0,false,30,30,1,1,0,0,0,0,false,0,false,false,true,false,3587358625876540652,8435777476347576351,true
ctl-initial-ab-s223-m1-r1-t2-c1-l4-d0-tr0-a2,CJ-E,micro,shared_control,6968553701054494558,223,true,true,2,1,4,0,0,2,true,true,45,31,2,10,10,2,80,LOWER_BOUND,272,2,1,0,0,3,5,0,1,2,NA,2,false,30,36,1,1,0,0,0,1,false,0,true,false,true,false,14328955696723069287,15594909281424419348,true
ctl-initial-cd-s223-m1-r1-t2-c1-l4-d0-tr0-a2,CJ-E,micro,shared_control,2188479453479684298,223,true,true,2,1,4,0,0,2,true,true,45,31,2,10,10,2,80,LOWER_BOUND,272,2,1,0,0,3,5,0,1,2,NA,2,false,30,36,1,1,0,0,0,1,false,0,true,false,true,false,14328955696723069287,15594909281424419348,true
ctl-crossed-ad-s223-m1-r1-t2-c1-l4-d0-tr0-a2,CJ-E,micro,shared_control,12237580551833335546,223,true,true,2,1,4,0,0,2,false,false,0,13,0,2,2,1,40,LOWER_BOUND,272,2,1,0,0,0,1,0,0,0,NA,0,false,30,30,1,1,0,0,0,0,false,0,false,false,true,false,4418326265884638359,8435777476347576351,true
ctl-crossed-cb-s223-m1-r1-t2-c1-l4-d0-tr0-a2,CJ-E,micro,shared_control,14946516369375447298,223,true,true,2,1,4,0,0,2,false,false,0,13,0,2,2,1,40,LOWER_BOUND,272,2,1,0,0,0,1,0,0,0,NA,0,false,30,30,1,1,0,0,0,0,false,0,false,false,true,false,4418326265884638359,8435777476347576351,true
ctl-singleton-s223-m1-r1-t2-c1-l4-d0-tr0-a2,CJ-E,micro,shared_control,4583737343073751920,223,true,true,2,1,4,0,0,2,false,false,0,13,0,2,2,1,40,LOWER_BOUND,272,2,1,0,0,0,1,0,0,0,NA,0,false,30,30,1,1,0,0,0,0,false,0,false,false,true,false,4418326265884638359,8435777476347576351,true
ctl-old-self-evidence-s223-m1-r1-t2-c1-l4-d0-tr0-a6,CJ-E,micro,shared_control,4835478576806697387,223,true,true,2,1,4,0,0,6,true,true,115,2,23,8,8,6,240,LOWER_BOUND,1024,7,2,0,0,0,2,2,1,1,NA,1,false,3,2,1,1,0,0,0,0,true,0,false,false,true,false,813809543201562646,5227355331174323856,true
ctl-blocked-return-s223-m1-r1-t2-c1-l4-d0-tr0-a6,CJ-E,micro,shared_control,7296289010361810498,223,true,true,2,1,4,0,0,6,true,true,115,2,23,8,8,6,240,LOWER_BOUND,1024,7,2,0,0,0,2,2,1,1,NA,1,false,3,2,1,1,0,0,0,0,true,0,false,false,true,false,813809543201562646,5227355331174323856,true
ctl-stale-s223-m1-r1-t2-c1-l4-d0-tr0-a2,CJ-E,micro,shared_control,8866731815344866462,223,true,true,2,1,4,0,0,2,false,false,0,17,1,3,3,2,80,LOWER_BOUND,160,1,0,0,1,0,1,1,0,0,NA,1,false,1,0,1,0,0,0,0,0,false,0,false,false,true,false,15617408062393201750,8544130264476557924,true
ctl-deallocation-bootstrap-s223-m1-r1-t2-c1-l4-d0-tr0-a2,CJ-E,micro,shared_control,11824508764752231195,223,true,true,2,1,4,0,0,2,false,false,2,14,0,2,2,1,40,LOWER_BOUND,224,2,1,1,1,0,1,1,0,0,NA,0,false,1,1,1,1,0,2,14,0,false,0,false,false,true,false,8583985614911903062,1531112735429574763,true
ctl-ambiguity-s223-m1-r1-t2-c1-l4-d0-tr0-a2,CJ-E,micro,shared_control,10802942049481187790,223,true,true,2,1,4,0,0,2,true,true,0,80,10,8,8,4,160,LOWER_BOUND,544,4,0,0,0,0,4,0,0,2,NA,2,false,0,0,0,0,0,0,0,0,false,0,false,false,true,false,8562416557147493049,3073700733644689307,true
ctl-recursion-s223-m1-r1-t2-c1-l4-d0-tr0-a2,CJ-E,micro,shared_control,18318888409123717205,223,true,true,2,1,4,0,0,2,true,true,0,71,6,8,8,4,160,LOWER_BOUND,496,4,0,0,0,0,4,0,3,1,NA,1,false,0,0,0,0,0,0,0,0,false,3,false,false,true,false,12929009462415131483,17830600380412325086,true
ctl-replay-s223-m1-r1-t2-c1-l4-d0-tr0-a2,CJ-E,micro,shared_control,12754984625543599390,223,true,true,2,1,4,0,0,2,true,true,0,30,1,4,4,2,80,LOWER_BOUND,272,2,1,0,0,0,2,0,1,1,NA,1,false,30,30,1,1,0,0,0,1,false,0,false,true,true,false,7258978231112004372,8435777476347576351,true
f1-aa-same-tick-s223-m1-r1-t2-c2-l0-d0-tr0-a2,CJ-E,micro,same_source_bursts,10379311392135092732,223,true,true,2,2,0,0,0,2,false,false,0,19,1,3,3,2,80,LOWER_BOUND,160,1,0,0,0,0,1,0,1,1,NA,1,true,0,0,0,0,0,0,0,0,false,0,false,false,true,false,14029609163089368553,8358790861913303772,false
f1-aa-spacing-s223-m1-r1-t2-c2-l0-d-1-tr0-a2,CJ-E,micro,same_source_bursts,6423443250735467232,223,true,true,2,2,0,-1,0,2,false,false,0,9,1,2,2,2,80,LOWER_BOUND,160,1,0,0,0,0,0,0,0,0,NA,0,false,0,0,0,0,0,0,0,0,false,0,false,false,true,false,17019411791757446476,8358790861913303772,true
f1-ab-distinct-s223-m1-r1-t2-c2-l0-d-1-tr0-a2,CJ-E,micro,same_source_bursts,1235175533719344790,223,true,true,2,2,0,-1,0,2,true,false,0,31,2,4,4,2,80,LOWER_BOUND,272,2,1,0,0,0,2,0,1,1,NA,1,false,30,30,2,2,0,0,0,0,false,0,false,false,true,false,14815634885357284686,33386528625990032,false
f1-aa-spacing-s223-m1-r1-t2-c2-l0-d0-tr0-a2,CJ-E,micro,same_source_bursts,59824186970488512,223,true,true,2,2,0,0,0,2,false,false,0,19,1,3,3,2,80,LOWER_BOUND,160,1,0,0,0,0,1,0,1,1,NA,1,true,0,0,0,0,0,0,0,0,false,0,false,false,true,false,14029609163089368553,8358790861913303772,false
f1-ab-distinct-s223-m1-r1-t2-c2-l0-d0-tr0-a2,CJ-E,micro,same_source_bursts,17892876238276320799,223,true,true,2,2,0,0,0,2,true,true,0,30,1,4,4,2,80,LOWER_BOUND,272,2,1,0,0,0,2,0,1,1,NA,1,false,30,30,2,2,0,0,0,1,false,0,false,false,true,false,4576103425163855227,33386528625990032,true
f1-aa-spacing-s223-m1-r1-t2-c2-l0-d1-tr0-a2,CJ-E,micro,same_source_bursts,1353089427734397296,223,true,true,2,2,0,1,0,2,false,false,0,9,1,2,2,2,80,LOWER_BOUND,160,1,0,0,0,0,0,0,0,0,NA,0,false,0,0,0,0,0,0,0,0,false,0,false,false,true,false,17019411791757446476,8358790861913303772,true
f1-ab-distinct-s223-m1-r1-t2-c2-l0-d1-tr0-a2,CJ-E,micro,same_source_bursts,8559782897556016176,223,true,true,2,2,0,1,0,2,true,false,0,18,1,3,3,2,80,LOWER_BOUND,272,2,1,0,0,0,1,0,0,0,NA,0,false,30,30,2,2,0,0,0,0,false,0,false,false,true,false,730201509944901214,33386528625990032,true
f1-aa-spacing-s223-m1-r1-t2-c2-l0-d2-tr0-a2,CJ-E,micro,same_source_bursts,9852144987491391280,223,true,true,2,2,0,2,0,2,false,false,0,9,1,2,2,2,80,LOWER_BOUND,160,1,0,0,0,0,0,0,0,0,NA,0,false,0,0,0,0,0,0,0,0,false,0,false,false,true,false,12123625321758431965,8358790861913303772,true
f1-ab-distinct-s223-m1-r1-t2-c2-l0-d2-tr0-a2,CJ-E,micro,same_source_bursts,13433984538123311808,223,true,true,2,2,0,2,0,2,true,false,0,18,1,3,3,2,80,LOWER_BOUND,272,2,1,0,0,0,1,0,0,0,NA,0,false,30,30,2,2,0,0,0,0,false,0,false,false,true,false,7427500519007958624,33386528625990032,true
f1-aa-spacing-s223-m1-r1-t2-c2-l0-d3-tr0-a2,CJ-E,micro,same_source_bursts,9060276254502247696,223,true,true,2,2,0,3,0,2,false,false,0,9,1,2,2,2,80,LOWER_BOUND,160,1,0,0,0,0,0,0,0,0,NA,0,false,0,0,0,0,0,0,0,0,false,0,false,false,true,false,17487173558051397918,8358790861913303772,true
f1-ab-distinct-s223-m1-r1-t2-c2-l0-d3-tr0-a2,CJ-E,micro,same_source_bursts,3775938332614916116,223,true,true,2,2,0,3,0,2,true,false,0,18,1,3,3,2,80,LOWER_BOUND,272,2,1,0,0,0,1,0,0,0,NA,0,false,30,30,2,2,0,0,0,0,false,0,false,false,true,false,1473521740834303202,33386528625990032,true
f1-aa-spacing-s223-m1-r1-t2-c2-l0-d4-tr0-a2,CJ-E,micro,same_source_bursts,6353590815269611560,223,true,true,2,2,0,4,0,2,false,false,0,9,1,2,2,2,80,LOWER_BOUND,160,1,0,0,0,0,0,0,0,0,NA,0,false,0,0,0,0,0,0,0,0,false,0,false,false,true,false,10077193675813684407,8358790861913303772,true
f1-ab-distinct-s223-m1-r1-t2-c2-l0-d4-tr0-a2,CJ-E,micro,same_source_bursts,11479318689010382644,223,true,true,2,2,0,4,0,2,true,false,0,18,1,3,3,2,80,LOWER_BOUND,272,2,1,0,0,0,1,0,0,0,NA,0,false,30,30,2,2,0,0,0,0,false,0,false,false,true,false,9742100974219731496,33386528625990032,true
f1-aa-spacing-s223-m1-r1-t2-c2-l0-d5-tr0-a2,CJ-E,micro,same_source_bursts,15328240490853340392,223,true,true,2,2,0,5,0,2,false,false,0,9,1,2,2,2,80,LOWER_BOUND,160,1,0,0,0,0,0,0,0,0,NA,0,false,0,0,0,0,0,0,0,0,false,0,false,false,true,false,4821681661731832624,8358790861913303772,true
f1-ab-distinct-s223-m1-r1-t2-c2-l0-d5-tr0-a2,CJ-E,micro,same_source_bursts,8936852785404981896,223,true,true,2,2,0,5,0,2,true,false,0,18,1,3,3,2,80,LOWER_BOUND,272,2,1,0,0,0,1,0,0,0,NA,0,false,30,30,2,2,0,0,0,0,false,0,false,false,true,false,9307191415418906590,33386528625990032,true
f1-one-path-s223-m1-r1-t2-c2-l0-d1-tr0-a2,CJ-E,micro,same_source_bursts,11848488009328092685,223,true,true,2,2,0,1,0,2,false,false,0,41,2,5,5,2,80,LOWER_BOUND,272,2,1,0,0,1,3,0,1,1,NA,1,true,30,33,2,2,0,0,0,0,false,0,false,false,true,false,4066653434332387692,13649880413534546035,false
f1-a-burst-4-s223-m1-r1-t2-c2-l0-d4-tr0-a2,CJ-E,micro,same_source_bursts,9836205291613099924,223,true,true,2,2,0,4,0,2,false,false,0,29,2,4,4,2,80,LOWER_BOUND,272,2,1,0,0,1,2,0,0,0,NA,0,false,30,33,2,2,0,0,0,0,false,0,false,false,true,false,15696874911417411540,13649880413534546035,true
f2-one-strong-s223-m1-r1-t2-c2-l0-d0-tr0-a2,CJ-E,micro,amplitude_vs_multiplicity,16428081915929717722,223,true,true,2,2,0,0,0,2,false,false,0,4,0,1,1,1,40,LOWER_BOUND,160,1,0,0,0,0,0,0,0,0,NA,0,false,0,0,0,0,0,0,0,0,false,0,false,false,true,false,1942145850504218675,8358790861913303772,true
f2-two-weak-distinct-s223-m1-r1-t2-c2-l0-d0-tr0-a2,CJ-E,micro,amplitude_vs_multiplicity,8425569978074056747,223,true,true,2,2,0,0,0,2,true,true,0,19,1,3,3,2,80,LOWER_BOUND,160,1,0,0,0,0,1,0,1,1,NA,1,false,0,0,0,0,0,0,0,0,false,0,false,false,true,false,14029609163089368553,8358790861913303772,true
f2-two-weak-same-s223-m1-r1-t2-c2-l0-d0-tr0-a2,CJ-E,micro,amplitude_vs_multiplicity,6729434211073068867,223,true,true,2,2,0,0,0,2,false,false,0,19,1,3,3,2,80,LOWER_BOUND,160,1,0,0,0,0,1,0,1,1,NA,1,true,0,0,0,0,0,0,0,0,false,0,false,false,true,false,14029609163089368553,8358790861913303772,false
f2-asymmetric-distinct-s223-m1-r1-t2-c2-l0-d0-tr0-a2,CJ-E,micro,amplitude_vs_multiplicity,2774457802762912220,223,true,true,2,2,0,0,0,2,true,true,0,19,1,3,3,2,80,LOWER_BOUND,160,1,0,0,0,0,1,0,1,1,NA,1,false,0,0,0,0,0,0,0,0,false,0,false,false,true,false,14029609163089368553,8358790861913303772,true
f3-direct-return-s223-m1-r1-t2-c2-l0-d0-tr0-a2,CJ-E,micro,dense_return_topology,13240345316312842848,223,true,true,2,2,0,0,0,2,true,true,33,16,1,6,6,2,80,LOWER_BOUND,384,3,2,0,0,2,3,0,1,1,NA,1,false,3,6,2,2,0,0,0,0,true,0,false,false,true,false,6219332681284844476,4556542703679485228,true
f3-crossed-return-s223-m1-r1-t2-c2-l0-d0-tr0-a2,CJ-E,micro,dense_return_topology,5036012224065008122,223,true,true,2,2,0,0,0,2,true,true,33,16,1,6,6,2,80,LOWER_BOUND,384,3,2,0,0,1,3,1,1,1,NA,1,false,3,2,2,2,0,0,0,0,true,0,false,false,true,false,358842407669658067,12515039773315848600,true
f3-no-return-s223-m1-r1-t2-c2-l0-d0-tr0-a2,CJ-E,micro,dense_return_topology,17816091471874404532,223,true,true,2,2,0,0,0,2,true,true,33,2,1,4,4,2,80,LOWER_BOUND,384,3,2,0,0,0,2,2,1,1,NA,1,false,3,2,2,2,0,0,0,0,true,0,false,false,true,false,7410569974139798442,8508060605238647892,true
f3-direct-return-s223-m1-r1-t2-c2-l0-d0-tr0-a6,CJ-E,micro,dense_return_topology,6566269005561263824,223,true,true,2,2,0,0,0,6,true,true,45,20,1,6,6,2,80,LOWER_BOUND,832,7,2,0,0,2,3,0,1,1,NA,1,false,3,6,2,2,0,0,0,0,true,0,false,false,true,false,4666680598423493636,15985880217627405208,true
f3-crossed-return-s223-m1-r1-t2-c2-l0-d0-tr0-a6,CJ-E,micro,dense_return_topology,3265925937640248738,223,true,true,2,2,0,0,0,6,true,true,45,20,1,6,6,2,80,LOWER_BOUND,832,7,2,0,0,1,3,1,1,1,NA,1,false,3,2,2,2,0,0,0,0,true,0,false,false,true,false,11227924708376527131,12460639298924383988,true
f3-no-return-s223-m1-r1-t2-c2-l0-d0-tr0-a6,CJ-E,micro,dense_return_topology,3429613489260452652,223,true,true,2,2,0,0,0,6,true,true,45,2,1,4,4,2,80,LOWER_BOUND,832,7,2,0,0,0,2,2,1,1,NA,1,false,3,2,2,2,0,0,0,0,true,0,false,false,true,false,14162230035249730822,18398497736811212848,true
f4-transfer-s223-m1-r1-t2-c2-l0-d-1-tr0-a2,CJ-E,micro,timing_transfer,2176478889577630010,223,true,true,2,2,0,-1,0,2,true,false,0,31,2,4,4,2,80,LOWER_BOUND,272,2,1,0,0,0,2,0,1,1,NA,1,false,30,30,2,2,0,0,0,0,false,0,false,false,true,false,14815634885357284686,33386528625990032,false
f4-transfer-s223-m1-r1-t2-c2-l0-d0-tr0-a2,CJ-E,micro,timing_transfer,2278697934992104775,223,true,true,2,2,0,0,0,2,true,true,0,30,1,4,4,2,80,LOWER_BOUND,272,2,1,0,0,0,2,0,1,1,NA,1,false,30,30,2,2,0,0,0,1,false,0,false,false,true,false,4576103425163855227,33386528625990032,true
f4-transfer-s223-m1-r1-t2-c2-l0-d1-tr0-a2,CJ-E,micro,timing_transfer,9314326539989205102,223,true,true,2,2,0,1,0,2,true,false,0,18,1,3,3,2,80,LOWER_BOUND,272,2,1,0,0,0,1,0,0,0,NA,0,false,30,30,2,2,0,0,0,0,false,0,false,false,true,false,730201509944901214,33386528625990032,true
f4-transfer-s223-m1-r1-t2-c2-l0-d2-tr0-a2,CJ-E,micro,timing_transfer,12433288838980399444,223,true,true,2,2,0,2,0,2,true,false,0,18,1,3,3,2,80,LOWER_BOUND,272,2,1,0,0,0,1,0,0,0,NA,0,false,30,30,2,2,0,0,0,0,false,0,false,false,true,false,7427500519007958624,33386528625990032,true
f4-transfer-s223-m1-r1-t2-c2-l0-d3-tr0-a2,CJ-E,micro,timing_transfer,15934009472218030330,223,true,true,2,2,0,3,0,2,true,false,0,18,1,3,3,2,80,LOWER_BOUND,272,2,1,0,0,0,1,0,0,0,NA,0,false,30,30,2,2,0,0,0,0,false,0,false,false,true,false,1473521740834303202,33386528625990032,true
f4-transfer-s223-m1-r1-t2-c2-l0-d4-tr0-a2,CJ-E,micro,timing_transfer,3061285438684310492,223,true,true,2,2,0,4,0,2,true,false,0,18,1,3,3,2,80,LOWER_BOUND,272,2,1,0,0,0,1,0,0,0,NA,0,false,30,30,2,2,0,0,0,0,false,0,false,false,true,false,9742100974219731496,33386528625990032,true
f4-transfer-s223-m1-r1-t2-c2-l0-d5-tr0-a2,CJ-E,micro,timing_transfer,14219987005130472598,223,true,true,2,2,0,5,0,2,true,false,0,18,1,3,3,2,80,LOWER_BOUND,272,2,1,0,0,0,1,0,0,0,NA,0,false,30,30,2,2,0,0,0,0,false,0,false,false,true,false,9307191415418906590,33386528625990032,true
f4-transfer-s223-m1-r1-t2-c2-l0-d-1-tr2-a2,CJ-E,micro,timing_transfer,10831856961321521154,223,true,true,2,2,0,-1,2,2,true,false,0,31,2,4,4,2,80,LOWER_BOUND,272,2,1,0,0,0,2,0,1,1,NA,1,false,30,30,2,2,0,0,0,0,false,0,false,false,true,false,14815634885357284686,33386528625990032,false
f4-transfer-s223-m1-r1-t2-c2-l0-d0-tr2-a2,CJ-E,micro,timing_transfer,1430495313313147563,223,true,true,2,2,0,0,2,2,true,true,0,30,1,4,4,2,80,LOWER_BOUND,272,2,1,0,0,0,2,0,1,1,NA,1,false,30,30,2,2,0,0,0,1,false,0,false,false,true,false,4576103425163855227,33386528625990032,true
f4-transfer-s223-m1-r1-t2-c2-l0-d1-tr2-a2,CJ-E,micro,timing_transfer,708102113812249310,223,true,true,2,2,0,1,2,2,true,false,0,18,1,3,3,2,80,LOWER_BOUND,272,2,1,0,0,0,1,0,0,0,NA,0,false,30,30,2,2,0,0,0,0,false,0,false,false,true,false,730201509944901214,33386528625990032,true
f4-transfer-s223-m1-r1-t2-c2-l0-d2-tr2-a2,CJ-E,micro,timing_transfer,8025751670839568152,223,true,true,2,2,0,2,2,2,true,false,0,18,1,3,3,2,80,LOWER_BOUND,272,2,1,0,0,0,1,0,0,0,NA,0,false,30,30,2,2,0,0,0,0,false,0,false,false,true,false,7427500519007958624,33386528625990032,true
f4-transfer-s223-m1-r1-t2-c2-l0-d3-tr2-a2,CJ-E,micro,timing_transfer,11486125453730366218,223,true,true,2,2,0,3,2,2,true,false,0,18,1,3,3,2,80,LOWER_BOUND,272,2,1,0,0,0,1,0,0,0,NA,0,false,30,30,2,2,0,0,0,0,false,0,false,false,true,false,1473521740834303202,33386528625990032,true
f4-transfer-s223-m1-r1-t2-c2-l0-d4-tr2-a2,CJ-E,micro,timing_transfer,6100256606079364256,223,true,true,2,2,0,4,2,2,true,false,0,18,1,3,3,2,80,LOWER_BOUND,272,2,1,0,0,0,1,0,0,0,NA,0,false,30,30,2,2,0,0,0,0,false,0,false,false,true,false,9742100974219731496,33386528625990032,true
f4-transfer-s223-m1-r1-t2-c2-l0-d5-tr2-a2,CJ-E,micro,timing_transfer,15883372938601726534,223,true,true,2,2,0,5,2,2,true,false,0,18,1,3,3,2,80,LOWER_BOUND,272,2,1,0,0,0,1,0,0,0,NA,0,false,30,30,2,2,0,0,0,0,false,0,false,false,true,false,9307191415418906590,33386528625990032,true
f4-transfer-s223-m1-r1-t2-c2-l0-d-1-tr4-a2,CJ-E,micro,timing_transfer,9774300783709880234,223,true,true,2,2,0,-1,4,2,true,false,0,31,2,4,4,2,80,LOWER_BOUND,272,2,1,0,0,0,2,0,1,1,NA,1,false,30,30,2,2,0,0,0,0,false,0,false,false,true,false,14815634885357284686,33386528625990032,false
f4-transfer-s223-m1-r1-t2-c2-l0-d0-tr4-a2,CJ-E,micro,timing_transfer,13535191378376628247,223,true,true,2,2,0,0,4,2,true,true,0,30,1,4,4,2,80,LOWER_BOUND,272,2,1,0,0,0,2,0,1,1,NA,1,false,30,30,2,2,0,0,0,1,false,0,false,false,true,false,4576103425163855227,33386528625990032,true
f4-transfer-s223-m1-r1-t2-c2-l0-d1-tr4-a2,CJ-E,micro,timing_transfer,12717737954801453926,223,true,true,2,2,0,1,4,2,true,false,0,18,1,3,3,2,80,LOWER_BOUND,272,2,1,0,0,0,1,0,0,0,NA,0,false,30,30,2,2,0,0,0,0,false,0,false,false,true,false,730201509944901214,33386528625990032,true
f4-transfer-s223-m1-r1-t2-c2-l0-d2-tr4-a2,CJ-E,micro,timing_transfer,13809019396414737948,223,true,true,2,2,0,2,4,2,true,false,0,18,1,3,3,2,80,LOWER_BOUND,272,2,1,0,0,0,1,0,0,0,NA,0,false,30,30,2,2,0,0,0,0,false,0,false,false,true,false,7427500519007958624,33386528625990032,true
f4-transfer-s223-m1-r1-t2-c2-l0-d3-tr4-a2,CJ-E,micro,timing_transfer,4471557016482840546,223,true,true,2,2,0,3,4,2,true,false,0,18,1,3,3,2,80,LOWER_BOUND,272,2,1,0,0,0,1,0,0,0,NA,0,false,30,30,2,2,0,0,0,0,false,0,false,false,true,false,1473521740834303202,33386528625990032,true
f4-transfer-s223-m1-r1-t2-c2-l0-d4-tr4-a2,CJ-E,micro,timing_transfer,16253607749220427116,223,true,true,2,2,0,4,4,2,true,false,0,18,1,3,3,2,80,LOWER_BOUND,272,2,1,0,0,0,1,0,0,0,NA,0,false,30,30,2,2,0,0,0,0,false,0,false,false,true,false,9742100974219731496,33386528625990032,true
f4-transfer-s223-m1-r1-t2-c2-l0-d5-tr4-a2,CJ-E,micro,timing_transfer,6502766719730555614,223,true,true,2,2,0,5,4,2,true,false,0,18,1,3,3,2,80,LOWER_BOUND,272,2,1,0,0,0,1,0,0,0,NA,0,false,30,30,2,2,0,0,0,0,false,0,false,false,true,false,9307191415418906590,33386528625990032,true
ctl-initial-ab-s223-m1-r1-t2-c2-l0-d0-tr0-a2,CJ-E,micro,shared_control,7340025150909634332,223,true,true,2,2,0,0,0,2,true,true,45,34,4,10,10,2,80,LOWER_BOUND,272,2,1,0,0,4,5,0,1,2,NA,2,false,30,36,2,2,0,0,0,1,false,0,true,false,true,false,490295299056449895,16181627891382164248,true
ctl-initial-cd-s223-m1-r1-t2-c2-l0-d0-tr0-a2,CJ-E,micro,shared_control,10525520084288303224,223,true,true,2,2,0,0,0,2,true,true,45,34,4,10,10,2,80,LOWER_BOUND,272,2,1,0,0,4,5,0,1,2,NA,2,false,30,36,2,2,0,0,0,1,false,0,true,false,true,false,490295299056449895,16181627891382164248,true
ctl-crossed-ad-s223-m1-r1-t2-c2-l0-d0-tr0-a2,CJ-E,micro,shared_control,9944956865819917736,223,true,true,2,2,0,0,0,2,false,false,0,13,0,2,2,1,40,LOWER_BOUND,272,2,1,0,0,0,1,0,0,0,NA,0,false,30,30,2,2,0,0,0,0,false,0,false,false,true,false,9299644518677304905,33386528625990032,true
ctl-crossed-cb-s223-m1-r1-t2-c2-l0-d0-tr0-a2,CJ-E,micro,shared_control,11932337566217848784,223,true,true,2,2,0,0,0,2,false,false,0,13,0,2,2,1,40,LOWER_BOUND,272,2,1,0,0,0,1,0,0,0,NA,0,false,30,30,2,2,0,0,0,0,false,0,false,false,true,false,9299644518677304905,33386528625990032,true
ctl-singleton-s223-m1-r1-t2-c2-l0-d0-tr0-a2,CJ-E,micro,shared_control,16260101367262015942,223,true,true,2,2,0,0,0,2,false,false,0,13,0,2,2,1,40,LOWER_BOUND,272,2,1,0,0,0,1,0,0,0,NA,0,false,30,30,2,2,0,0,0,0,false,0,false,false,true,false,9299644518677304905,33386528625990032,true
ctl-old-self-evidence-s223-m1-r1-t2-c2-l0-d0-tr0-a6,CJ-E,micro,shared_control,18297852697093828403,223,true,true,2,2,0,0,0,6,true,true,45,2,1,4,4,2,80,LOWER_BOUND,832,7,2,0,0,0,2,2,1,1,NA,1,false,3,2,2,2,0,0,0,0,true,0,false,false,true,false,14162230035249730822,18398497736811212848,true
ctl-blocked-return-s223-m1-r1-t2-c2-l0-d0-tr0-a6,CJ-E,micro,shared_control,7960949396936379530,223,true,true,2,2,0,0,0,6,true,true,45,2,1,4,4,2,80,LOWER_BOUND,832,7,2,0,0,0,2,2,1,1,NA,1,false,3,2,2,2,0,0,0,0,true,0,false,false,true,false,14162230035249730822,18398497736811212848,true
ctl-stale-s223-m1-r1-t2-c2-l0-d0-tr0-a2,CJ-E,micro,shared_control,8576048549646135014,223,true,true,2,2,0,0,0,2,false,false,0,17,1,3,3,2,80,LOWER_BOUND,160,1,0,0,1,0,1,1,0,0,NA,1,false,1,0,2,0,0,0,0,0,false,0,false,false,true,false,8055579031967127775,17841317471764742365,true
ctl-deallocation-bootstrap-s223-m1-r1-t2-c2-l0-d0-tr0-a2,CJ-E,micro,shared_control,10953837775852472411,223,true,true,2,2,0,0,0,2,false,false,2,14,0,2,2,1,40,LOWER_BOUND,224,2,1,1,1,0,1,1,0,0,NA,0,false,1,1,1,1,0,2,14,0,false,0,false,false,true,false,8583985614911903062,1531112735429574763,true
ctl-ambiguity-s223-m1-r1-t2-c2-l0-d0-tr0-a2,CJ-E,micro,shared_control,17104796638688811800,223,true,true,2,2,0,0,0,2,true,true,0,80,10,8,8,4,160,LOWER_BOUND,544,4,0,0,0,0,4,0,0,2,NA,2,false,0,0,0,0,0,0,0,0,false,0,false,false,true,false,2735297707389194629,17099224136541556455,true
ctl-recursion-s223-m1-r1-t2-c2-l0-d0-tr0-a2,CJ-E,micro,shared_control,12264906577660987069,223,true,true,2,2,0,0,0,2,true,true,0,71,6,8,8,4,160,LOWER_BOUND,496,4,0,0,0,0,4,0,3,1,NA,1,false,0,0,0,0,0,0,0,0,false,3,false,false,true,false,12929009462415131483,17830600380412325086,true
ctl-replay-s223-m1-r1-t2-c2-l0-d0-tr0-a2,CJ-E,micro,shared_control,7286107654158669070,223,true,true,2,2,0,0,0,2,true,true,0,30,1,4,4,2,80,LOWER_BOUND,272,2,1,0,0,0,2,0,1,1,NA,1,false,30,30,2,2,0,0,0,1,false,0,false,true,true,false,4576103425163855227,33386528625990032,true
f1-aa-same-tick-s223-m1-r1-t2-c2-l4-d0-tr0-a2,CJ-E,micro,same_source_bursts,12049764462504701028,223,true,true,2,2,4,0,0,2,false,false,0,19,1,3,3,2,80,LOWER_BOUND,352,1,0,0,0,0,1,0,1,1,NA,1,true,0,0,0,0,0,0,0,0,false,0,false,false,true,false,1338385859861223839,17734086396467748078,false
f1-aa-spacing-s223-m1-r1-t2-c2-l4-d-1-tr0-a2,CJ-E,micro,same_source_bursts,12290263648635455992,223,true,true,2,2,4,-1,0,2,false,false,0,9,1,2,2,2,80,LOWER_BOUND,352,1,0,0,0,0,0,0,0,0,NA,0,false,0,0,0,0,0,0,0,0,false,0,false,false,true,false,18165319000688788882,17734086396467748078,true
f1-ab-distinct-s223-m1-r1-t2-c2-l4-d-1-tr0-a2,CJ-E,micro,same_source_bursts,12059241290789625614,223,true,true,2,2,4,-1,0,2,true,false,0,31,2,4,4,2,80,LOWER_BOUND,272,2,1,0,0,0,2,0,1,1,NA,1,false,30,30,2,2,0,0,0,0,false,0,false,false,true,false,14815634885357284686,33386528625990032,false
f1-aa-spacing-s223-m1-r1-t2-c2-l4-d0-tr0-a2,CJ-E,micro,same_source_bursts,11821437453820546224,223,true,true,2,2,4,0,0,2,false,false,0,19,1,3,3,2,80,LOWER_BOUND,352,1,0,0,0,0,1,0,1,1,NA,1,true,0,0,0,0,0,0,0,0,false,0,false,false,true,false,1338385859861223839,17734086396467748078,false
f1-ab-distinct-s223-m1-r1-t2-c2-l4-d0-tr0-a2,CJ-E,micro,same_source_bursts,3895916401543141335,223,true,true,2,2,4,0,0,2,true,true,0,30,1,4,4,2,80,LOWER_BOUND,272,2,1,0,0,0,2,0,1,1,NA,1,false,30,30,2,2,0,0,0,1,false,0,false,false,true,false,4576103425163855227,33386528625990032,true
f1-aa-spacing-s223-m1-r1-t2-c2-l4-d1-tr0-a2,CJ-E,micro,same_source_bursts,3791077802542744432,223,true,true,2,2,4,1,0,2,false,false,0,9,1,2,2,2,80,LOWER_BOUND,352,1,0,0,0,0,0,0,0,0,NA,0,false,0,0,0,0,0,0,0,0,false,0,false,false,true,false,18165319000688788882,17734086396467748078,true
f1-ab-distinct-s223-m1-r1-t2-c2-l4-d1-tr0-a2,CJ-E,micro,same_source_bursts,2820490408949389200,223,true,true,2,2,4,1,0,2,true,false,0,18,1,3,3,2,80,LOWER_BOUND,272,2,1,0,0,0,1,0,0,0,NA,0,false,30,30,2,2,0,0,0,0,false,0,false,false,true,false,730201509944901214,33386528625990032,true
f1-aa-spacing-s223-m1-r1-t2-c2-l4-d2-tr0-a2,CJ-E,micro,same_source_bursts,8734704969633728032,223,true,true,2,2,4,2,0,2,false,false,0,9,1,2,2,2,80,LOWER_BOUND,352,1,0,0,0,0,0,0,0,0,NA,0,false,0,0,0,0,0,0,0,0,false,0,false,false,true,false,11888186571249076499,17734086396467748078,true
f1-ab-distinct-s223-m1-r1-t2-c2-l4-d2-tr0-a2,CJ-E,micro,same_source_bursts,17461123635998535104,223,true,true,2,2,4,2,0,2,true,false,0,18,1,3,3,2,80,LOWER_BOUND,272,2,1,0,0,0,1,0,0,0,NA,0,false,30,30,2,2,0,0,0,0,false,0,false,false,true,false,7427500519007958624,33386528625990032,true
f1-aa-spacing-s223-m1-r1-t2-c2-l4-d3-tr0-a2,CJ-E,micro,same_source_bursts,10750865594135769456,223,true,true,2,2,4,3,0,2,false,false,0,9,1,2,2,2,80,LOWER_BOUND,352,1,0,0,0,0,0,0,0,0,NA,0,false,0,0,0,0,0,0,0,0,false,0,false,false,true,false,5302791674288617240,17734086396467748078,true
f1-ab-distinct-s223-m1-r1-t2-c2-l4-d3-tr0-a2,CJ-E,micro,same_source_bursts,1713730836316265900,223,true,true,2,2,4,3,0,2,true,false,0,18,1,3,3,2,80,LOWER_BOUND,272,2,1,0,0,0,1,0,0,0,NA,0,false,30,30,2,2,0,0,0,0,false,0,false,false,true,false,1473521740834303202,33386528625990032,true
f1-aa-spacing-s223-m1-r1-t2-c2-l4-d4-tr0-a2,CJ-E,micro,same_source_bursts,17448640693526556840,223,true,true,2,2,4,4,0,2,false,false,0,9,1,2,2,2,80,LOWER_BOUND,352,1,0,0,0,0,0,0,0,0,NA,0,false,0,0,0,0,0,0,0,0,false,0,false,false,true,false,15305394429798412129,17734086396467748078,true
f1-ab-distinct-s223-m1-r1-t2-c2-l4-d4-tr0-a2,CJ-E,micro,same_source_bursts,8117551067821629580,223,true,true,2,2,4,4,0,2,true,false,0,18,1,3,3,2,80,LOWER_BOUND,272,2,1,0,0,0,1,0,0,0,NA,0,false,30,30,2,2,0,0,0,0,false,0,false,false,true,false,9742100974219731496,33386528625990032,true
f1-aa-spacing-s223-m1-r1-t2-c2-l4-d5-tr0-a2,CJ-E,micro,same_source_bursts,7104679777624748632,223,true,true,2,2,4,5,0,2,false,false,0,9,1,2,2,2,80,LOWER_BOUND,352,1,0,0,0,0,0,0,0,0,NA,0,false,0,0,0,0,0,0,0,0,false,0,false,false,true,false,3197318382859345702,17734086396467748078,true
f1-ab-distinct-s223-m1-r1-t2-c2-l4-d5-tr0-a2,CJ-E,micro,same_source_bursts,15325883718244145848,223,true,true,2,2,4,5,0,2,true,false,0,18,1,3,3,2,80,LOWER_BOUND,272,2,1,0,0,0,1,0,0,0,NA,0,false,30,30,2,2,0,0,0,0,false,0,false,false,true,false,9307191415418906590,33386528625990032,true
f1-one-path-s223-m1-r1-t2-c2-l4-d1-tr0-a2,CJ-E,micro,same_source_bursts,12812564126742918501,223,true,true,2,2,4,1,0,2,false,false,0,41,2,5,5,2,80,LOWER_BOUND,272,2,1,0,0,1,3,0,1,1,NA,1,true,30,33,2,2,0,0,0,0,false,0,false,false,true,false,4066653434332387692,13649880413534546035,false
f1-a-burst-4-s223-m1-r1-t2-c2-l4-d4-tr0-a2,CJ-E,micro,same_source_bursts,4232028837030681644,223,true,true,2,2,4,4,0,2,false,false,0,29,2,4,4,2,80,LOWER_BOUND,272,2,1,0,0,1,2,0,0,0,NA,0,false,30,33,2,2,0,0,0,0,false,0,false,false,true,false,15696874911417411540,13649880413534546035,true
f2-one-strong-s223-m1-r1-t2-c2-l4-d0-tr0-a2,CJ-E,micro,amplitude_vs_multiplicity,8379714982092787186,223,true,true,2,2,4,0,0,2,false,false,0,4,0,1,1,1,40,LOWER_BOUND,352,1,0,0,0,0,0,0,0,0,NA,0,false,0,0,0,0,0,0,0,0,false,0,false,false,true,false,18146782915432853101,17734086396467748078,true
f2-two-weak-distinct-s223-m1-r1-t2-c2-l4-d0-tr0-a2,CJ-E,micro,amplitude_vs_multiplicity,15869208167400702139,223,true,true,2,2,4,0,0,2,true,true,0,19,1,3,3,2,80,LOWER_BOUND,352,1,0,0,0,0,1,0,1,1,NA,1,false,0,0,0,0,0,0,0,0,false,0,false,false,true,false,1338385859861223839,17734086396467748078,true
f2-two-weak-same-s223-m1-r1-t2-c2-l4-d0-tr0-a2,CJ-E,micro,amplitude_vs_multiplicity,1813880964642900579,223,true,true,2,2,4,0,0,2,false,false,0,19,1,3,3,2,80,LOWER_BOUND,352,1,0,0,0,0,1,0,1,1,NA,1,true,0,0,0,0,0,0,0,0,false,0,false,false,true,false,1338385859861223839,17734086396467748078,false
f2-asymmetric-distinct-s223-m1-r1-t2-c2-l4-d0-tr0-a2,CJ-E,micro,amplitude_vs_multiplicity,15470901010322483276,223,true,true,2,2,4,0,0,2,true,true,0,19,1,3,3,2,80,LOWER_BOUND,352,1,0,0,0,0,1,0,1,1,NA,1,false,0,0,0,0,0,0,0,0,false,0,false,false,true,false,1338385859861223839,17734086396467748078,true
f3-direct-return-s223-m1-r1-t2-c2-l4-d0-tr0-a2,CJ-E,micro,dense_return_topology,13824731183771860776,223,true,true,2,2,4,0,0,2,true,true,87,16,23,10,10,6,240,LOWER_BOUND,576,3,2,0,0,2,3,0,1,1,NA,1,false,3,6,2,2,0,0,0,0,true,0,false,false,true,false,10796881692276843890,6633023808492926938,true
f3-crossed-return-s223-m1-r1-t2-c2-l4-d0-tr0-a2,CJ-E,micro,dense_return_topology,6193824903703925434,223,true,true,2,2,4,0,0,2,true,true,87,16,23,10,10,6,240,LOWER_BOUND,576,3,2,0,0,1,3,1,1,1,NA,1,false,3,2,2,2,0,0,0,0,true,0,false,false,true,false,5857172490979541157,17271389621702263582,true
f3-no-return-s223-m1-r1-t2-c2-l4-d0-tr0-a2,CJ-E,micro,dense_return_topology,4983207633013140676,223,true,true,2,2,4,0,0,2,true,true,87,2,23,8,8,6,240,LOWER_BOUND,576,3,2,0,0,0,2,2,1,1,NA,1,false,3,2,2,2,0,0,0,0,true,0,false,false,true,false,168190533790597624,16675512077745159770,true
f3-direct-return-s223-m1-r1-t2-c2-l4-d0-tr0-a6,CJ-E,micro,dense_return_topology,6729885368038532632,223,true,true,2,2,4,0,0,6,true,true,115,20,23,10,10,6,240,LOWER_BOUND,1024,7,2,0,0,2,3,0,1,1,NA,1,false,3,6,2,2,0,0,0,0,true,0,false,false,true,false,6053483332590164154,14449289646742832286,true
f3-crossed-return-s223-m1-r1-t2-c2-l4-d0-tr0-a6,CJ-E,micro,dense_return_topology,10423484208044225490,223,true,true,2,2,4,0,0,6,true,true,115,20,23,10,10,6,240,LOWER_BOUND,1024,7,2,0,0,1,3,1,1,1,NA,1,false,3,2,2,2,0,0,0,0,true,0,false,false,true,false,16984186041051005621,4604428067252439298,true
f3-no-return-s223-m1-r1-t2-c2-l4-d0-tr0-a6,CJ-E,micro,dense_return_topology,17003286617999152204,223,true,true,2,2,4,0,0,6,true,true,115,2,23,8,8,6,240,LOWER_BOUND,1024,7,2,0,0,0,2,2,1,1,NA,1,false,3,2,2,2,0,0,0,0,true,0,false,false,true,false,3675067693492851532,3402254817993958126,true
f4-transfer-s223-m1-r1-t2-c2-l4-d-1-tr0-a2,CJ-E,micro,timing_transfer,8704594919457217882,223,true,true,2,2,4,-1,0,2,true,false,0,31,2,4,4,2,80,LOWER_BOUND,272,2,1,0,0,0,2,0,1,1,NA,1,false,30,30,2,2,0,0,0,0,false,0,false,false,true,false,14815634885357284686,33386528625990032,false
f4-transfer-s223-m1-r1-t2-c2-l4-d0-tr0-a2,CJ-E,micro,timing_transfer,11292828581024171311,223,true,true,2,2,4,0,0,2,true,true,0,30,1,4,4,2,80,LOWER_BOUND,272,2,1,0,0,0,2,0,1,1,NA,1,false,30,30,2,2,0,0,0,1,false,0,false,false,true,false,4576103425163855227,33386528625990032,true
f4-transfer-s223-m1-r1-t2-c2-l4-d1-tr0-a2,CJ-E,micro,timing_transfer,9684108536742427598,223,true,true,2,2,4,1,0,2,true,false,0,18,1,3,3,2,80,LOWER_BOUND,272,2,1,0,0,0,1,0,0,0,NA,0,false,30,30,2,2,0,0,0,0,false,0,false,false,true,false,730201509944901214,33386528625990032,true
f4-transfer-s223-m1-r1-t2-c2-l4-d2-tr0-a2,CJ-E,micro,timing_transfer,13194300032674223404,223,true,true,2,2,4,2,0,2,true,false,0,18,1,3,3,2,80,LOWER_BOUND,272,2,1,0,0,0,1,0,0,0,NA,0,false,30,30,2,2,0,0,0,0,false,0,false,false,true,false,7427500519007958624,33386528625990032,true
f4-transfer-s223-m1-r1-t2-c2-l4-d3-tr0-a2,CJ-E,micro,timing_transfer,10185386643303304802,223,true,true,2,2,4,3,0,2,true,false,0,18,1,3,3,2,80,LOWER_BOUND,272,2,1,0,0,0,1,0,0,0,NA,0,false,30,30,2,2,0,0,0,0,false,0,false,false,true,false,1473521740834303202,33386528625990032,true
f4-transfer-s223-m1-r1-t2-c2-l4-d4-tr0-a2,CJ-E,micro,timing_transfer,7210443482671574948,223,true,true,2,2,4,4,0,2,true,false,0,18,1,3,3,2,80,LOWER_BOUND,272,2,1,0,0,0,1,0,0,0,NA,0,false,30,30,2,2,0,0,0,0,false,0,false,false,true,false,9742100974219731496,33386528625990032,true
f4-transfer-s223-m1-r1-t2-c2-l4-d5-tr0-a2,CJ-E,micro,timing_transfer,18065073896654983814,223,true,true,2,2,4,5,0,2,true,false,0,18,1,3,3,2,80,LOWER_BOUND,272,2,1,0,0,0,1,0,0,0,NA,0,false,30,30,2,2,0,0,0,0,false,0,false,false,true,false,9307191415418906590,33386528625990032,true
f4-transfer-s223-m1-r1-t2-c2-l4-d-1-tr2-a2,CJ-E,micro,timing_transfer,3321592502674416570,223,true,true,2,2,4,-1,2,2,true,false,0,31,2,4,4,2,80,LOWER_BOUND,272,2,1,0,0,0,2,0,1,1,NA,1,false,30,30,2,2,0,0,0,0,false,0,false,false,true,false,14815634885357284686,33386528625990032,false
f4-transfer-s223-m1-r1-t2-c2-l4-d0-tr2-a2,CJ-E,micro,timing_transfer,1473147971937182363,223,true,true,2,2,4,0,2,2,true,true,0,30,1,4,4,2,80,LOWER_BOUND,272,2,1,0,0,0,2,0,1,1,NA,1,false,30,30,2,2,0,0,0,1,false,0,false,false,true,false,4576103425163855227,33386528625990032,true
f4-transfer-s223-m1-r1-t2-c2-l4-d1-tr2-a2,CJ-E,micro,timing_transfer,7488152594055927550,223,true,true,2,2,4,1,2,2,true,false,0,18,1,3,3,2,80,LOWER_BOUND,272,2,1,0,0,0,1,0,0,0,NA,0,false,30,30,2,2,0,0,0,0,false,0,false,false,true,false,730201509944901214,33386528625990032,true
f4-transfer-s223-m1-r1-t2-c2-l4-d2-tr2-a2,CJ-E,micro,timing_transfer,14791743198349827320,223,true,true,2,2,4,2,2,2,true,false,0,18,1,3,3,2,80,LOWER_BOUND,272,2,1,0,0,0,1,0,0,0,NA,0,false,30,30,2,2,0,0,0,0,false,0,false,false,true,false,7427500519007958624,33386528625990032,true
f4-transfer-s223-m1-r1-t2-c2-l4-d3-tr2-a2,CJ-E,micro,timing_transfer,10226551700651820338,223,true,true,2,2,4,3,2,2,true,false,0,18,1,3,3,2,80,LOWER_BOUND,272,2,1,0,0,0,1,0,0,0,NA,0,false,30,30,2,2,0,0,0,0,false,0,false,false,true,false,1473521740834303202,33386528625990032,true
f4-transfer-s223-m1-r1-t2-c2-l4-d4-tr2-a2,CJ-E,micro,timing_transfer,12729521152797073632,223,true,true,2,2,4,4,2,2,true,false,0,18,1,3,3,2,80,LOWER_BOUND,272,2,1,0,0,0,1,0,0,0,NA,0,false,30,30,2,2,0,0,0,0,false,0,false,false,true,false,9742100974219731496,33386528625990032,true
f4-transfer-s223-m1-r1-t2-c2-l4-d5-tr2-a2,CJ-E,micro,timing_transfer,10512083354900502134,223,true,true,2,2,4,5,2,2,true,false,0,18,1,3,3,2,80,LOWER_BOUND,272,2,1,0,0,0,1,0,0,0,NA,0,false,30,30,2,2,0,0,0,0,false,0,false,false,true,false,9307191415418906590,33386528625990032,true
f4-transfer-s223-m1-r1-t2-c2-l4-d-1-tr4-a2,CJ-E,micro,timing_transfer,7950626556011290586,223,true,true,2,2,4,-1,4,2,true,false,0,31,2,4,4,2,80,LOWER_BOUND,272,2,1,0,0,0,2,0,1,1,NA,1,false,30,30,2,2,0,0,0,0,false,0,false,false,true,false,14815634885357284686,33386528625990032,false
f4-transfer-s223-m1-r1-t2-c2-l4-d0-tr4-a2,CJ-E,micro,timing_transfer,3097748735052336735,223,true,true,2,2,4,0,4,2,true,true,0,30,1,4,4,2,80,LOWER_BOUND,272,2,1,0,0,0,2,0,1,1,NA,1,false,30,30,2,2,0,0,0,1,false,0,false,false,true,false,4576103425163855227,33386528625990032,true
f4-transfer-s223-m1-r1-t2-c2-l4-d1-tr4-a2,CJ-E,micro,timing_transfer,16524027574263182422,223,true,true,2,2,4,1,4,2,true,false,0,18,1,3,3,2,80,LOWER_BOUND,272,2,1,0,0,0,1,0,0,0,NA,0,false,30,30,2,2,0,0,0,0,false,0,false,false,true,false,730201509944901214,33386528625990032,true
f4-transfer-s223-m1-r1-t2-c2-l4-d2-tr4-a2,CJ-E,micro,timing_transfer,11661559520885881188,223,true,true,2,2,4,2,4,2,true,false,0,18,1,3,3,2,80,LOWER_BOUND,272,2,1,0,0,0,1,0,0,0,NA,0,false,30,30,2,2,0,0,0,0,false,0,false,false,true,false,7427500519007958624,33386528625990032,true
f4-transfer-s223-m1-r1-t2-c2-l4-d3-tr4-a2,CJ-E,micro,timing_transfer,1729370306715158266,223,true,true,2,2,4,3,4,2,true,false,0,18,1,3,3,2,80,LOWER_BOUND,272,2,1,0,0,0,1,0,0,0,NA,0,false,30,30,2,2,0,0,0,0,false,0,false,false,true,false,1473521740834303202,33386528625990032,true
f4-transfer-s223-m1-r1-t2-c2-l4-d4-tr4-a2,CJ-E,micro,timing_transfer,10536733994714433172,223,true,true,2,2,4,4,4,2,true,false,0,18,1,3,3,2,80,LOWER_BOUND,272,2,1,0,0,0,1,0,0,0,NA,0,false,30,30,2,2,0,0,0,0,false,0,false,false,true,false,9742100974219731496,33386528625990032,true
f4-transfer-s223-m1-r1-t2-c2-l4-d5-tr4-a2,CJ-E,micro,timing_transfer,11995482517419822782,223,true,true,2,2,4,5,4,2,true,false,0,18,1,3,3,2,80,LOWER_BOUND,272,2,1,0,0,0,1,0,0,0,NA,0,false,30,30,2,2,0,0,0,0,false,0,false,false,true,false,9307191415418906590,33386528625990032,true
ctl-initial-ab-s223-m1-r1-t2-c2-l4-d0-tr0-a2,CJ-E,micro,shared_control,4637921645992262900,223,true,true,2,2,4,0,0,2,true,true,45,34,4,10,10,2,80,LOWER_BOUND,272,2,1,0,0,4,5,0,1,2,NA,2,false,30,36,2,2,0,0,0,1,false,0,true,false,true,false,490295299056449895,16181627891382164248,true
ctl-initial-cd-s223-m1-r1-t2-c2-l4-d0-tr0-a2,CJ-E,micro,shared_control,16537789057740254944,223,true,true,2,2,4,0,0,2,true,true,45,34,4,10,10,2,80,LOWER_BOUND,272,2,1,0,0,4,5,0,1,2,NA,2,false,30,36,2,2,0,0,0,1,false,0,true,false,true,false,490295299056449895,16181627891382164248,true
ctl-crossed-ad-s223-m1-r1-t2-c2-l4-d0-tr0-a2,CJ-E,micro,shared_control,16105329122266672504,223,true,true,2,2,4,0,0,2,false,false,0,13,0,2,2,1,40,LOWER_BOUND,272,2,1,0,0,0,1,0,0,0,NA,0,false,30,30,2,2,0,0,0,0,false,0,false,false,true,false,9299644518677304905,33386528625990032,true
ctl-crossed-cb-s223-m1-r1-t2-c2-l4-d0-tr0-a2,CJ-E,micro,shared_control,13350485715386379712,223,true,true,2,2,4,0,0,2,false,false,0,13,0,2,2,1,40,LOWER_BOUND,272,2,1,0,0,0,1,0,0,0,NA,0,false,30,30,2,2,0,0,0,0,false,0,false,false,true,false,9299644518677304905,33386528625990032,true
ctl-singleton-s223-m1-r1-t2-c2-l4-d0-tr0-a2,CJ-E,micro,shared_control,17125540286660517054,223,true,true,2,2,4,0,0,2,false,false,0,13,0,2,2,1,40,LOWER_BOUND,272,2,1,0,0,0,1,0,0,0,NA,0,false,30,30,2,2,0,0,0,0,false,0,false,false,true,false,9299644518677304905,33386528625990032,true
ctl-old-self-evidence-s223-m1-r1-t2-c2-l4-d0-tr0-a6,CJ-E,micro,shared_control,10853067276644499723,223,true,true,2,2,4,0,0,6,true,true,115,2,23,8,8,6,240,LOWER_BOUND,1024,7,2,0,0,0,2,2,1,1,NA,1,false,3,2,2,2,0,0,0,0,true,0,false,false,true,false,3675067693492851532,3402254817993958126,true
ctl-blocked-return-s223-m1-r1-t2-c2-l4-d0-tr0-a6,CJ-E,micro,shared_control,8802960015070304738,223,true,true,2,2,4,0,0,6,true,true,115,2,23,8,8,6,240,LOWER_BOUND,1024,7,2,0,0,0,2,2,1,1,NA,1,false,3,2,2,2,0,0,0,0,true,0,false,false,true,false,3675067693492851532,3402254817993958126,true
ctl-stale-s223-m1-r1-t2-c2-l4-d0-tr0-a2,CJ-E,micro,shared_control,103277151915269030,223,true,true,2,2,4,0,0,2,false,false,0,17,1,3,3,2,80,LOWER_BOUND,160,1,0,0,1,0,1,1,0,0,NA,1,false,1,0,2,0,0,0,0,0,false,0,false,false,true,false,8055579031967127775,17841317471764742365,true
ctl-deallocation-bootstrap-s223-m1-r1-t2-c2-l4-d0-tr0-a2,CJ-E,micro,shared_control,10649616547306990299,223,true,true,2,2,4,0,0,2,false,false,2,14,0,2,2,1,40,LOWER_BOUND,224,2,1,1,1,0,1,1,0,0,NA,0,false,1,1,1,1,0,2,14,0,false,0,false,false,true,false,8583985614911903062,1531112735429574763,true
ctl-ambiguity-s223-m1-r1-t2-c2-l4-d0-tr0-a2,CJ-E,micro,shared_control,16611018644762523616,223,true,true,2,2,4,0,0,2,true,true,0,80,10,8,8,4,160,LOWER_BOUND,544,4,0,0,0,0,4,0,0,2,NA,2,false,0,0,0,0,0,0,0,0,false,0,false,false,true,false,2735297707389194629,17099224136541556455,true
ctl-recursion-s223-m1-r1-t2-c2-l4-d0-tr0-a2,CJ-E,micro,shared_control,4744289596647588677,223,true,true,2,2,4,0,0,2,true,true,0,71,6,8,8,4,160,LOWER_BOUND,496,4,0,0,0,0,4,0,3,1,NA,1,false,0,0,0,0,0,0,0,0,false,3,false,false,true,false,12929009462415131483,17830600380412325086,true
ctl-replay-s223-m1-r1-t2-c2-l4-d0-tr0-a2,CJ-E,micro,shared_control,7340580909616330782,223,true,true,2,2,4,0,0,2,true,true,0,30,1,4,4,2,80,LOWER_BOUND,272,2,1,0,0,0,2,0,1,1,NA,1,false,30,30,2,2,0,0,0,1,false,0,false,true,true,false,4576103425163855227,33386528625990032,true
f1-aa-same-tick-s223-m1-r1-t3-c1-l0-d0-tr0-a2,CJ-E,micro,same_source_bursts,5388434304110799122,223,true,true,3,1,0,0,0,2,false,false,0,19,1,3,3,2,80,LOWER_BOUND,160,1,0,0,0,0,1,0,1,1,NA,1,true,0,0,0,0,0,0,0,0,false,0,false,false,true,false,1127257771414620162,2430431689117247319,false
f1-aa-spacing-s223-m1-r1-t3-c1-l0-d-1-tr0-a2,CJ-E,micro,same_source_bursts,15610763923873417898,223,true,true,3,1,0,-1,0,2,false,false,0,9,1,2,2,2,80,LOWER_BOUND,160,1,0,0,0,0,0,0,0,0,NA,0,false,0,0,0,0,0,0,0,0,false,0,false,false,true,false,11359944083152940396,2430431689117247319,true
f1-ab-distinct-s223-m1-r1-t3-c1-l0-d-1-tr0-a2,CJ-E,micro,same_source_bursts,9561356921319725964,223,true,true,3,1,0,-1,0,2,true,false,0,19,2,3,3,2,80,LOWER_BOUND,272,2,1,0,0,0,1,0,0,0,NA,0,false,30,30,1,1,0,0,0,0,false,0,false,false,true,false,4003062524707562304,5729455597147315938,true
f1-aa-spacing-s223-m1-r1-t3-c1-l0-d0-tr0-a2,CJ-E,micro,same_source_bursts,10302377514257324778,223,true,true,3,1,0,0,0,2,false,false,0,19,1,3,3,2,80,LOWER_BOUND,160,1,0,0,0,0,1,0,1,1,NA,1,true,0,0,0,0,0,0,0,0,false,0,false,false,true,false,1127257771414620162,2430431689117247319,false
f1-ab-distinct-s223-m1-r1-t3-c1-l0-d0-tr0-a2,CJ-E,micro,same_source_bursts,7837641420882049277,223,true,true,3,1,0,0,0,2,true,true,0,30,1,4,4,2,80,LOWER_BOUND,272,2,1,0,0,0,2,0,1,1,NA,1,false,30,30,1,1,0,0,0,1,false,0,false,false,true,false,12416559426561583941,5729455597147315938,true
f1-aa-spacing-s223-m1-r1-t3-c1-l0-d1-tr0-a2,CJ-E,micro,same_source_bursts,16222706874872659962,223,true,true,3,1,0,1,0,2,false,false,0,9,1,2,2,2,80,LOWER_BOUND,160,1,0,0,0,0,0,0,0,0,NA,0,false,0,0,0,0,0,0,0,0,false,0,false,false,true,false,11359944083152940396,2430431689117247319,true
f1-ab-distinct-s223-m1-r1-t3-c1-l0-d1-tr0-a2,CJ-E,micro,same_source_bursts,10210836608593232694,223,true,true,3,1,0,1,0,2,true,false,0,18,1,3,3,2,80,LOWER_BOUND,272,2,1,0,0,0,1,0,0,0,NA,0,false,30,30,1,1,0,0,0,0,false,0,false,false,true,false,7499514010386854696,5729455597147315938,true
f1-aa-spacing-s223-m1-r1-t3-c1-l0-d2-tr0-a2,CJ-E,micro,same_source_bursts,11106735185736628274,223,true,true,3,1,0,2,0,2,false,false,0,9,1,2,2,2,80,LOWER_BOUND,160,1,0,0,0,0,0,0,0,0,NA,0,false,0,0,0,0,0,0,0,0,false,0,false,false,true,false,8036002492929469309,2430431689117247319,true
f1-ab-distinct-s223-m1-r1-t3-c1-l0-d2-tr0-a2,CJ-E,micro,same_source_bursts,3555606014682143454,223,true,true,3,1,0,2,0,2,true,false,0,18,1,3,3,2,80,LOWER_BOUND,272,2,1,0,0,0,1,0,0,0,NA,0,false,30,30,1,1,0,0,0,0,false,0,false,false,true,false,1927628993405953371,5729455597147315938,true
f1-aa-spacing-s223-m1-r1-t3-c1-l0-d3-tr0-a2,CJ-E,micro,same_source_bursts,14697002824679612514,223,true,true,3,1,0,3,0,2,false,false,0,9,1,2,2,2,80,LOWER_BOUND,160,1,0,0,0,0,0,0,0,0,NA,0,false,0,0,0,0,0,0,0,0,false,0,false,false,true,false,8266768818090397246,2430431689117247319,true
f1-ab-distinct-s223-m1-r1-t3-c1-l0-d3-tr0-a2,CJ-E,micro,same_source_bursts,16881755901394689554,223,true,true,3,1,0,3,0,2,true,false,0,18,1,3,3,2,80,LOWER_BOUND,272,2,1,0,0,0,1,0,0,0,NA,0,false,30,30,1,1,0,0,0,0,false,0,false,false,true,false,13022886217917741653,5729455597147315938,true
f1-aa-spacing-s223-m1-r1-t3-c1-l0-d4-tr0-a2,CJ-E,micro,same_source_bursts,16501662710446746530,223,true,true,3,1,0,4,0,2,false,false,0,9,1,2,2,2,80,LOWER_BOUND,160,1,0,0,0,0,0,0,0,0,NA,0,false,0,0,0,0,0,0,0,0,false,0,false,false,true,false,10340952694807118935,2430431689117247319,true
f1-ab-distinct-s223-m1-r1-t3-c1-l0-d4-tr0-a2,CJ-E,micro,same_source_bursts,14227948064735666218,223,true,true,3,1,0,4,0,2,true,false,0,18,1,3,3,2,80,LOWER_BOUND,272,2,1,0,0,0,1,0,0,0,NA,0,false,30,30,1,1,0,0,0,0,false,0,false,false,true,false,5194030320893261031,5729455597147315938,true
f1-aa-spacing-s223-m1-r1-t3-c1-l0-d5-tr0-a2,CJ-E,micro,same_source_bursts,15100965486380367106,223,true,true,3,1,0,5,0,2,false,false,0,9,1,2,2,2,80,LOWER_BOUND,160,1,0,0,0,0,0,0,0,0,NA,0,false,0,0,0,0,0,0,0,0,false,0,false,false,true,false,1852057287525339344,2430431689117247319,true
f1-ab-distinct-s223-m1-r1-t3-c1-l0-d5-tr0-a2,CJ-E,micro,same_source_bursts,3305594417300899950,223,true,true,3,1,0,5,0,2,true,false,0,18,1,3,3,2,80,LOWER_BOUND,272,2,1,0,0,0,1,0,0,0,NA,0,false,30,30,1,1,0,0,0,0,false,0,false,false,true,false,2450547472483765405,5729455597147315938,true
f1-one-path-s223-m1-r1-t3-c1-l0-d1-tr0-a2,CJ-E,micro,same_source_bursts,1833321565912297903,223,true,true,3,1,0,1,0,2,false,false,0,29,2,4,4,2,80,LOWER_BOUND,272,2,1,0,0,1,2,0,0,0,NA,0,false,30,33,1,1,0,0,0,0,false,0,false,false,true,false,6342783431647393257,9486958503790367265,true
f1-a-burst-4-s223-m1-r1-t3-c1-l0-d4-tr0-a2,CJ-E,micro,same_source_bursts,18154599963511626586,223,true,true,3,1,0,4,0,2,false,false,0,29,2,4,4,2,80,LOWER_BOUND,272,2,1,0,0,1,2,0,0,0,NA,0,false,30,33,1,1,0,0,0,0,false,0,false,false,true,false,4864855031590077379,9486958503790367265,true
f2-one-strong-s223-m1-r1-t3-c1-l0-d0-tr0-a2,CJ-E,micro,amplitude_vs_multiplicity,4577574957173168796,223,true,true,3,1,0,0,0,2,false,false,0,4,0,1,1,1,40,LOWER_BOUND,160,1,0,0,0,0,0,0,0,0,NA,0,false,0,0,0,0,0,0,0,0,false,0,false,false,true,false,14029106974475001789,2430431689117247319,true
f2-two-weak-distinct-s223-m1-r1-t3-c1-l0-d0-tr0-a2,CJ-E,micro,amplitude_vs_multiplicity,4756400411433720601,223,true,true,3,1,0,0,0,2,true,true,0,19,1,3,3,2,80,LOWER_BOUND,160,1,0,0,0,0,1,0,1,1,NA,1,false,0,0,0,0,0,0,0,0,false,0,false,false,true,false,1127257771414620162,2430431689117247319,true
f2-two-weak-same-s223-m1-r1-t3-c1-l0-d0-tr0-a2,CJ-E,micro,amplitude_vs_multiplicity,5142196108299223637,223,true,true,3,1,0,0,0,2,false,false,0,19,1,3,3,2,80,LOWER_BOUND,160,1,0,0,0,0,1,0,1,1,NA,1,true,0,0,0,0,0,0,0,0,false,0,false,false,true,false,1127257771414620162,2430431689117247319,false
f2-asymmetric-distinct-s223-m1-r1-t3-c1-l0-d0-tr0-a2,CJ-E,micro,amplitude_vs_multiplicity,8095846737775896918,223,true,true,3,1,0,0,0,2,true,true,0,19,1,3,3,2,80,LOWER_BOUND,160,1,0,0,0,0,1,0,1,1,NA,1,false,0,0,0,0,0,0,0,0,false,0,false,false,true,false,1127257771414620162,2430431689117247319,true
f3-direct-return-s223-m1-r1-t3-c1-l0-d0-tr0-a2,CJ-E,micro,dense_return_topology,857124439635344298,223,true,true,3,1,0,0,0,2,true,true,33,16,1,6,6,2,80,LOWER_BOUND,384,3,2,0,0,2,3,0,1,1,NA,1,false,3,6,1,2,0,0,0,0,true,0,false,false,true,false,4967495503319387278,8515088536302677722,true
f3-crossed-return-s223-m1-r1-t3-c1-l0-d0-tr0-a2,CJ-E,micro,dense_return_topology,13706438796956927260,223,true,true,3,1,0,0,0,2,true,true,33,16,1,6,6,2,80,LOWER_BOUND,384,3,2,0,0,1,3,1,1,1,NA,1,false,3,2,1,1,0,0,0,0,true,0,false,false,true,false,8474184088077255002,701470316375276429,true
f3-no-return-s223-m1-r1-t3-c1-l0-d0-tr0-a2,CJ-E,micro,dense_return_topology,1948653267235841290,223,true,true,3,1,0,0,0,2,true,true,33,2,1,4,4,2,80,LOWER_BOUND,384,3,2,0,0,0,2,2,1,1,NA,1,false,3,2,1,1,0,0,0,0,true,0,false,false,true,false,16757496862231494955,18052252853216828929,true
f3-direct-return-s223-m1-r1-t3-c1-l0-d0-tr0-a6,CJ-E,micro,dense_return_topology,3430729601100340858,223,true,true,3,1,0,0,0,6,true,true,45,20,1,6,6,2,80,LOWER_BOUND,832,7,2,0,0,2,3,0,1,1,NA,1,false,3,6,1,2,0,0,0,0,true,0,false,false,true,false,17920885099777735026,6362291261887785498,true
f3-crossed-return-s223-m1-r1-t3-c1-l0-d0-tr0-a6,CJ-E,micro,dense_return_topology,10827815308102226948,223,true,true,3,1,0,0,0,6,true,true,45,20,1,6,6,2,80,LOWER_BOUND,832,7,2,0,0,1,3,1,1,1,NA,1,false,3,2,1,1,0,0,0,0,true,0,false,false,true,false,7691321834610440626,8590950322146400889,true
f3-no-return-s223-m1-r1-t3-c1-l0-d0-tr0-a6,CJ-E,micro,dense_return_topology,12496295552561948770,223,true,true,3,1,0,0,0,6,true,true,45,2,1,4,4,2,80,LOWER_BOUND,832,7,2,0,0,0,2,2,1,1,NA,1,false,3,2,1,1,0,0,0,0,true,0,false,false,true,false,7768288477719091327,13079284896188366661,true
f4-transfer-s223-m1-r1-t3-c1-l0-d-1-tr0-a2,CJ-E,micro,timing_transfer,15170287858835459100,223,true,true,3,1,0,-1,0,2,true,false,0,19,2,3,3,2,80,LOWER_BOUND,272,2,1,0,0,0,1,0,0,0,NA,0,false,30,30,1,1,0,0,0,0,false,0,false,false,true,false,4003062524707562304,5729455597147315938,true
f4-transfer-s223-m1-r1-t3-c1-l0-d0-tr0-a2,CJ-E,micro,timing_transfer,4250529258039680153,223,true,true,3,1,0,0,0,2,true,true,0,30,1,4,4,2,80,LOWER_BOUND,272,2,1,0,0,0,2,0,1,1,NA,1,false,30,30,1,1,0,0,0,1,false,0,false,false,true,false,12416559426561583941,5729455597147315938,true
f4-transfer-s223-m1-r1-t3-c1-l0-d1-tr0-a2,CJ-E,micro,timing_transfer,9643553951053200716,223,true,true,3,1,0,1,0,2,true,false,0,18,1,3,3,2,80,LOWER_BOUND,272,2,1,0,0,0,1,0,0,0,NA,0,false,30,30,1,1,0,0,0,0,false,0,false,false,true,false,7499514010386854696,5729455597147315938,true
f4-transfer-s223-m1-r1-t3-c1-l0-d2-tr0-a2,CJ-E,micro,timing_transfer,18233533095657741470,223,true,true,3,1,0,2,0,2,true,false,0,18,1,3,3,2,80,LOWER_BOUND,272,2,1,0,0,0,1,0,0,0,NA,0,false,30,30,1,1,0,0,0,0,false,0,false,false,true,false,1927628993405953371,5729455597147315938,true
f4-transfer-s223-m1-r1-t3-c1-l0-d3-tr0-a2,CJ-E,micro,timing_transfer,16592334752344717904,223,true,true,3,1,0,3,0,2,true,false,0,18,1,3,3,2,80,LOWER_BOUND,272,2,1,0,0,0,1,0,0,0,NA,0,false,30,30,1,1,0,0,0,0,false,0,false,false,true,false,13022886217917741653,5729455597147315938,true
f4-transfer-s223-m1-r1-t3-c1-l0-d4-tr0-a2,CJ-E,micro,timing_transfer,14028329921494220814,223,true,true,3,1,0,4,0,2,true,false,0,18,1,3,3,2,80,LOWER_BOUND,272,2,1,0,0,0,1,0,0,0,NA,0,false,30,30,1,1,0,0,0,0,false,0,false,false,true,false,5194030320893261031,5729455597147315938,true
f4-transfer-s223-m1-r1-t3-c1-l0-d5-tr0-a2,CJ-E,micro,timing_transfer,4865420733394460772,223,true,true,3,1,0,5,0,2,true,false,0,18,1,3,3,2,80,LOWER_BOUND,272,2,1,0,0,0,1,0,0,0,NA,0,false,30,30,1,1,0,0,0,0,false,0,false,false,true,false,2450547472483765405,5729455597147315938,true
f4-transfer-s223-m1-r1-t3-c1-l0-d-1-tr2-a2,CJ-E,micro,timing_transfer,4536374622523069780,223,true,true,3,1,0,-1,2,2,true,false,0,19,2,3,3,2,80,LOWER_BOUND,272,2,1,0,0,0,1,0,0,0,NA,0,false,30,30,1,1,0,0,0,0,false,0,false,false,true,false,4003062524707562304,5729455597147315938,true
f4-transfer-s223-m1-r1-t3-c1-l0-d0-tr2-a2,CJ-E,micro,timing_transfer,1536137467811597189,223,true,true,3,1,0,0,2,2,true,true,0,30,1,4,4,2,80,LOWER_BOUND,272,2,1,0,0,0,2,0,1,1,NA,1,false,30,30,1,1,0,0,0,1,false,0,false,false,true,false,12416559426561583941,5729455597147315938,true
f4-transfer-s223-m1-r1-t3-c1-l0-d1-tr2-a2,CJ-E,micro,timing_transfer,11496017204083328068,223,true,true,3,1,0,1,2,2,true,false,0,18,1,3,3,2,80,LOWER_BOUND,272,2,1,0,0,0,1,0,0,0,NA,0,false,30,30,1,1,0,0,0,0,false,0,false,false,true,false,7499514010386854696,5729455597147315938,true
f4-transfer-s223-m1-r1-t3-c1-l0-d2-tr2-a2,CJ-E,micro,timing_transfer,10828652219064964570,223,true,true,3,1,0,2,2,2,true,false,0,18,1,3,3,2,80,LOWER_BOUND,272,2,1,0,0,0,1,0,0,0,NA,0,false,30,30,1,1,0,0,0,0,false,0,false,false,true,false,1927628993405953371,5729455597147315938,true
f4-transfer-s223-m1-r1-t3-c1-l0-d3-tr2-a2,CJ-E,micro,timing_transfer,6066115079865672952,223,true,true,3,1,0,3,2,2,true,false,0,18,1,3,3,2,80,LOWER_BOUND,272,2,1,0,0,0,1,0,0,0,NA,0,false,30,30,1,1,0,0,0,0,false,0,false,false,true,false,13022886217917741653,5729455597147315938,true
f4-transfer-s223-m1-r1-t3-c1-l0-d4-tr2-a2,CJ-E,micro,timing_transfer,5206758850190066090,223,true,true,3,1,0,4,2,2,true,false,0,18,1,3,3,2,80,LOWER_BOUND,272,2,1,0,0,0,1,0,0,0,NA,0,false,30,30,1,1,0,0,0,0,false,0,false,false,true,false,5194030320893261031,5729455597147315938,true
f4-transfer-s223-m1-r1-t3-c1-l0-d5-tr2-a2,CJ-E,micro,timing_transfer,15950175221153715100,223,true,true,3,1,0,5,2,2,true,false,0,18,1,3,3,2,80,LOWER_BOUND,272,2,1,0,0,0,1,0,0,0,NA,0,false,30,30,1,1,0,0,0,0,false,0,false,false,true,false,2450547472483765405,5729455597147315938,true
f4-transfer-s223-m1-r1-t3-c1-l0-d-1-tr4-a2,CJ-E,micro,timing_transfer,2110865647886121268,223,true,true,3,1,0,-1,4,2,true,false,0,19,2,3,3,2,80,LOWER_BOUND,272,2,1,0,0,0,1,0,0,0,NA,0,false,30,30,1,1,0,0,0,0,false,0,false,false,true,false,4003062524707562304,5729455597147315938,true
f4-transfer-s223-m1-r1-t3-c1-l0-d0-tr4-a2,CJ-E,micro,timing_transfer,15452581375386819913,223,true,true,3,1,0,0,4,2,true,true,0,30,1,4,4,2,80,LOWER_BOUND,272,2,1,0,0,0,2,0,1,1,NA,1,false,30,30,1,1,0,0,0,1,false,0,false,false,true,false,12416559426561583941,5729455597147315938,true
f4-transfer-s223-m1-r1-t3-c1-l0-d1-tr4-a2,CJ-E,micro,timing_transfer,14574740278917466836,223,true,true,3,1,0,1,4,2,true,false,0,18,1,3,3,2,80,LOWER_BOUND,272,2,1,0,0,0,1,0,0,0,NA,0,false,30,30,1,1,0,0,0,0,false,0,false,false,true,false,7499514010386854696,5729455597147315938,true
f4-transfer-s223-m1-r1-t3-c1-l0-d2-tr4-a2,CJ-E,micro,timing_transfer,7906032637293335190,223,true,true,3,1,0,2,4,2,true,false,0,18,1,3,3,2,80,LOWER_BOUND,272,2,1,0,0,0,1,0,0,0,NA,0,false,30,30,1,1,0,0,0,0,false,0,false,false,true,false,1927628993405953371,5729455597147315938,true
f4-transfer-s223-m1-r1-t3-c1-l0-d3-tr4-a2,CJ-E,micro,timing_transfer,16251964624174071784,223,true,true,3,1,0,3,4,2,true,false,0,18,1,3,3,2,80,LOWER_BOUND,272,2,1,0,0,0,1,0,0,0,NA,0,false,30,30,1,1,0,0,0,0,false,0,false,false,true,false,13022886217917741653,5729455597147315938,true
f4-transfer-s223-m1-r1-t3-c1-l0-d4-tr4-a2,CJ-E,micro,timing_transfer,2488459208818495806,223,true,true,3,1,0,4,4,2,true,false,0,18,1,3,3,2,80,LOWER_BOUND,272,2,1,0,0,0,1,0,0,0,NA,0,false,30,30,1,1,0,0,0,0,false,0,false,false,true,false,5194030320893261031,5729455597147315938,true
f4-transfer-s223-m1-r1-t3-c1-l0-d5-tr4-a2,CJ-E,micro,timing_transfer,7994357944883620188,223,true,true,3,1,0,5,4,2,true,false,0,18,1,3,3,2,80,LOWER_BOUND,272,2,1,0,0,0,1,0,0,0,NA,0,false,30,30,1,1,0,0,0,0,false,0,false,false,true,false,2450547472483765405,5729455597147315938,true
ctl-initial-ab-s223-m1-r1-t3-c1-l0-d0-tr0-a2,CJ-E,micro,shared_control,9904454003083457254,223,true,true,3,1,0,0,0,2,true,true,45,31,2,10,10,2,80,LOWER_BOUND,272,2,1,0,0,3,5,0,1,2,NA,2,false,30,36,1,1,0,0,0,1,false,0,true,false,true,false,628029693316486618,416512815810101233,true
ctl-initial-cd-s223-m1-r1-t3-c1-l0-d0-tr0-a2,CJ-E,micro,shared_control,17686866416441724162,223,true,true,3,1,0,0,0,2,true,true,45,31,2,10,10,2,80,LOWER_BOUND,272,2,1,0,0,3,5,0,1,2,NA,2,false,30,36,1,1,0,0,0,1,false,0,true,false,true,false,628029693316486618,416512815810101233,true
ctl-crossed-ad-s223-m1-r1-t3-c1-l0-d0-tr0-a2,CJ-E,micro,shared_control,14095392173457322318,223,true,true,3,1,0,0,0,2,false,false,0,13,0,2,2,1,40,LOWER_BOUND,272,2,1,0,0,0,1,0,0,0,NA,0,false,30,30,1,1,0,0,0,0,false,0,false,false,true,false,14535434164812020806,5729455597147315938,true
ctl-crossed-cb-s223-m1-r1-t3-c1-l0-d0-tr0-a2,CJ-E,micro,shared_control,16777718044827952022,223,true,true,3,1,0,0,0,2,false,false,0,13,0,2,2,1,40,LOWER_BOUND,272,2,1,0,0,0,1,0,0,0,NA,0,false,30,30,1,1,0,0,0,0,false,0,false,false,true,false,14535434164812020806,5729455597147315938,true
ctl-singleton-s223-m1-r1-t3-c1-l0-d0-tr0-a2,CJ-E,micro,shared_control,7668208542096300676,223,true,true,3,1,0,0,0,2,false,false,0,13,0,2,2,1,40,LOWER_BOUND,272,2,1,0,0,0,1,0,0,0,NA,0,false,30,30,1,1,0,0,0,0,false,0,false,false,true,false,14535434164812020806,5729455597147315938,true
ctl-old-self-evidence-s223-m1-r1-t3-c1-l0-d0-tr0-a6,CJ-E,micro,shared_control,3819469808865544913,223,true,true,3,1,0,0,0,6,true,true,45,2,1,4,4,2,80,LOWER_BOUND,832,7,2,0,0,0,2,2,1,1,NA,1,false,3,2,1,1,0,0,0,0,true,0,false,false,true,false,7768288477719091327,13079284896188366661,true
ctl-blocked-return-s223-m1-r1-t3-c1-l0-d0-tr0-a6,CJ-E,micro,shared_control,9927144881775751260,223,true,true,3,1,0,0,0,6,true,true,45,2,1,4,4,2,80,LOWER_BOUND,832,7,2,0,0,0,2,2,1,1,NA,1,false,3,2,1,1,0,0,0,0,true,0,false,false,true,false,7768288477719091327,13079284896188366661,true
ctl-stale-s223-m1-r1-t3-c1-l0-d0-tr0-a2,CJ-E,micro,shared_control,11654641592283560564,223,true,true,3,1,0,0,0,2,false,false,0,17,1,3,3,2,80,LOWER_BOUND,160,1,0,0,1,0,1,1,0,0,NA,1,false,1,0,1,0,0,0,0,0,false,0,false,false,true,false,1037855525526449887,15547334299607774361,true
ctl-deallocation-bootstrap-s223-m1-r1-t3-c1-l0-d0-tr0-a2,CJ-E,micro,shared_control,12660651477390419793,223,true,true,3,1,0,0,0,2,false,false,2,14,0,2,2,1,40,LOWER_BOUND,224,2,1,1,1,0,1,1,0,0,NA,0,false,1,1,1,1,0,2,14,0,false,0,false,false,true,false,9521769423389165261,1416321179264708448,true
ctl-ambiguity-s223-m1-r1-t3-c1-l0-d0-tr0-a2,CJ-E,micro,shared_control,3932686862210734866,223,true,true,3,1,0,0,0,2,true,true,0,80,10,8,8,4,160,LOWER_BOUND,544,4,0,0,0,0,4,0,0,2,NA,2,false,0,0,0,0,0,0,0,0,false,0,false,false,true,false,17627318710810801835,7643927838146262029,true
ctl-recursion-s223-m1-r1-t3-c1-l0-d0-tr0-a2,CJ-E,micro,shared_control,8897282390981523623,223,true,true,3,1,0,0,0,2,true,true,0,71,6,8,8,4,160,LOWER_BOUND,496,4,0,0,0,0,4,0,3,1,NA,1,false,0,0,0,0,0,0,0,0,false,3,false,false,true,false,12929009462415131483,17830600380412325086,true
ctl-replay-s223-m1-r1-t3-c1-l0-d0-tr0-a2,CJ-E,micro,shared_control,7681690677480190652,223,true,true,3,1,0,0,0,2,true,true,0,30,1,4,4,2,80,LOWER_BOUND,272,2,1,0,0,0,2,0,1,1,NA,1,false,30,30,1,1,0,0,0,1,false,0,false,true,true,false,12416559426561583941,5729455597147315938,true
f1-aa-same-tick-s223-m1-r1-t3-c1-l4-d0-tr0-a2,CJ-E,micro,same_source_bursts,11711044536387663514,223,true,true,3,1,4,0,0,2,false,false,0,19,1,3,3,2,80,LOWER_BOUND,352,1,0,0,0,0,1,0,1,1,NA,1,true,0,0,0,0,0,0,0,0,false,0,false,false,true,false,15686786567108326692,956138513237700533,false
f1-aa-spacing-s223-m1-r1-t3-c1-l4-d-1-tr0-a2,CJ-E,micro,same_source_bursts,8312939563631360530,223,true,true,3,1,4,-1,0,2,false,false,0,9,1,2,2,2,80,LOWER_BOUND,352,1,0,0,0,0,0,0,0,0,NA,0,false,0,0,0,0,0,0,0,0,false,0,false,false,true,false,15023290326979375922,956138513237700533,true
f1-ab-distinct-s223-m1-r1-t3-c1-l4-d-1-tr0-a2,CJ-E,micro,same_source_bursts,157086286337615940,223,true,true,3,1,4,-1,0,2,true,false,0,19,2,3,3,2,80,LOWER_BOUND,272,2,1,0,0,0,1,0,0,0,NA,0,false,30,30,1,1,0,0,0,0,false,0,false,false,true,false,4003062524707562304,5729455597147315938,true
f1-aa-spacing-s223-m1-r1-t3-c1-l4-d0-tr0-a2,CJ-E,micro,same_source_bursts,17377362422758511546,223,true,true,3,1,4,0,0,2,false,false,0,19,1,3,3,2,80,LOWER_BOUND,352,1,0,0,0,0,1,0,1,1,NA,1,true,0,0,0,0,0,0,0,0,false,0,false,false,true,false,15686786567108326692,956138513237700533,false
f1-ab-distinct-s223-m1-r1-t3-c1-l4-d0-tr0-a2,CJ-E,micro,same_source_bursts,2109946055925382261,223,true,true,3,1,4,0,0,2,true,true,0,30,1,4,4,2,80,LOWER_BOUND,272,2,1,0,0,0,2,0,1,1,NA,1,false,30,30,1,1,0,0,0,1,false,0,false,false,true,false,12416559426561583941,5729455597147315938,true
f1-aa-spacing-s223-m1-r1-t3-c1-l4-d1-tr0-a2,CJ-E,micro,same_source_bursts,7934130910517334842,223,true,true,3,1,4,1,0,2,false,false,0,9,1,2,2,2,80,LOWER_BOUND,352,1,0,0,0,0,0,0,0,0,NA,0,false,0,0,0,0,0,0,0,0,false,0,false,false,true,false,15023290326979375922,956138513237700533,true
f1-ab-distinct-s223-m1-r1-t3-c1-l4-d1-tr0-a2,CJ-E,micro,same_source_bursts,16723954499060813846,223,true,true,3,1,4,1,0,2,true,false,0,18,1,3,3,2,80,LOWER_BOUND,272,2,1,0,0,0,1,0,0,0,NA,0,false,30,30,1,1,0,0,0,0,false,0,false,false,true,false,7499514010386854696,5729455597147315938,true
f1-aa-spacing-s223-m1-r1-t3-c1-l4-d2-tr0-a2,CJ-E,micro,same_source_bursts,17849373312720668418,223,true,true,3,1,4,2,0,2,false,false,0,9,1,2,2,2,80,LOWER_BOUND,352,1,0,0,0,0,0,0,0,0,NA,0,false,0,0,0,0,0,0,0,0,false,0,false,false,true,false,10364881119162457395,956138513237700533,true
f1-ab-distinct-s223-m1-r1-t3-c1-l4-d2-tr0-a2,CJ-E,micro,same_source_bursts,6172330736477280798,223,true,true,3,1,4,2,0,2,true,false,0,18,1,3,3,2,80,LOWER_BOUND,272,2,1,0,0,0,1,0,0,0,NA,0,false,30,30,1,1,0,0,0,0,false,0,false,false,true,false,1927628993405953371,5729455597147315938,true
f1-aa-spacing-s223-m1-r1-t3-c1-l4-d3-tr0-a2,CJ-E,micro,same_source_bursts,1307884964702136706,223,true,true,3,1,4,3,0,2,false,false,0,9,1,2,2,2,80,LOWER_BOUND,352,1,0,0,0,0,0,0,0,0,NA,0,false,0,0,0,0,0,0,0,0,false,0,false,false,true,false,9891613075078718904,956138513237700533,true
f1-ab-distinct-s223-m1-r1-t3-c1-l4-d3-tr0-a2,CJ-E,micro,same_source_bursts,7067441998970504074,223,true,true,3,1,4,3,0,2,true,false,0,18,1,3,3,2,80,LOWER_BOUND,272,2,1,0,0,0,1,0,0,0,NA,0,false,30,30,1,1,0,0,0,0,false,0,false,false,true,false,13022886217917741653,5729455597147315938,true
f1-aa-spacing-s223-m1-r1-t3-c1-l4-d4-tr0-a2,CJ-E,micro,same_source_bursts,7159454102078615202,223,true,true,3,1,4,4,0,2,false,false,0,9,1,2,2,2,80,LOWER_BOUND,352,1,0,0,0,0,0,0,0,0,NA,0,false,0,0,0,0,0,0,0,0,false,0,false,false,true,false,14572843042428009985,956138513237700533,true
f1-ab-distinct-s223-m1-r1-t3-c1-l4-d4-tr0-a2,CJ-E,micro,same_source_bursts,34905909940357890,223,true,true,3,1,4,4,0,2,true,false,0,18,1,3,3,2,80,LOWER_BOUND,272,2,1,0,0,0,1,0,0,0,NA,0,false,30,30,1,1,0,0,0,0,false,0,false,false,true,false,5194030320893261031,5729455597147315938,true
f1-aa-spacing-s223-m1-r1-t3-c1-l4-d5-tr0-a2,CJ-E,micro,same_source_bursts,18272016847917369490,223,true,true,3,1,4,5,0,2,false,false,0,9,1,2,2,2,80,LOWER_BOUND,352,1,0,0,0,0,0,0,0,0,NA,0,false,0,0,0,0,0,0,0,0,false,0,false,false,true,false,6799806083508665414,956138513237700533,true
f1-ab-distinct-s223-m1-r1-t3-c1-l4-d5-tr0-a2,CJ-E,micro,same_source_bursts,6557718808996209630,223,true,true,3,1,4,5,0,2,true,false,0,18,1,3,3,2,80,LOWER_BOUND,272,2,1,0,0,0,1,0,0,0,NA,0,false,30,30,1,1,0,0,0,0,false,0,false,false,true,false,2450547472483765405,5729455597147315938,true
f1-one-path-s223-m1-r1-t3-c1-l4-d1-tr0-a2,CJ-E,micro,same_source_bursts,13265026593718015879,223,true,true,3,1,4,1,0,2,false,false,0,29,2,4,4,2,80,LOWER_BOUND,272,2,1,0,0,1,2,0,0,0,NA,0,false,30,33,1,1,0,0,0,0,false,0,false,false,true,false,6342783431647393257,9486958503790367265,true
f1-a-burst-4-s223-m1-r1-t3-c1-l4-d4-tr0-a2,CJ-E,micro,same_source_bursts,9011663281179857522,223,true,true,3,1,4,4,0,2,false,false,0,29,2,4,4,2,80,LOWER_BOUND,272,2,1,0,0,1,2,0,0,0,NA,0,false,30,33,1,1,0,0,0,0,false,0,false,false,true,false,4864855031590077379,9486958503790367265,true
f2-one-strong-s223-m1-r1-t3-c1-l4-d0-tr0-a2,CJ-E,micro,amplitude_vs_multiplicity,5998621060901686516,223,true,true,3,1,4,0,0,2,false,false,0,4,0,1,1,1,40,LOWER_BOUND,352,1,0,0,0,0,0,0,0,0,NA,0,false,0,0,0,0,0,0,0,0,false,0,false,false,true,false,10355718567205463487,956138513237700533,true
f2-two-weak-distinct-s223-m1-r1-t3-c1-l4-d0-tr0-a2,CJ-E,micro,amplitude_vs_multiplicity,1817414057376859881,223,true,true,3,1,4,0,0,2,true,true,0,19,1,3,3,2,80,LOWER_BOUND,352,1,0,0,0,0,1,0,1,1,NA,1,false,0,0,0,0,0,0,0,0,false,0,false,false,true,false,15686786567108326692,956138513237700533,true
f2-two-weak-same-s223-m1-r1-t3-c1-l4-d0-tr0-a2,CJ-E,micro,amplitude_vs_multiplicity,13581751870186730933,223,true,true,3,1,4,0,0,2,false,false,0,19,1,3,3,2,80,LOWER_BOUND,352,1,0,0,0,0,1,0,1,1,NA,1,true,0,0,0,0,0,0,0,0,false,0,false,false,true,false,15686786567108326692,956138513237700533,false
f2-asymmetric-distinct-s223-m1-r1-t3-c1-l4-d0-tr0-a2,CJ-E,micro,amplitude_vs_multiplicity,2102759431254379750,223,true,true,3,1,4,0,0,2,true,true,0,19,1,3,3,2,80,LOWER_BOUND,352,1,0,0,0,0,1,0,1,1,NA,1,false,0,0,0,0,0,0,0,0,false,0,false,false,true,false,15686786567108326692,956138513237700533,true
f3-direct-return-s223-m1-r1-t3-c1-l4-d0-tr0-a2,CJ-E,micro,dense_return_topology,1190113449516058306,223,true,true,3,1,4,0,0,2,true,true,87,16,23,10,10,6,240,LOWER_BOUND,576,3,2,0,0,2,3,0,1,1,NA,1,false,3,6,1,2,0,0,0,0,true,0,false,false,true,false,7954772575857950732,5729394032507050416,true
f3-crossed-return-s223-m1-r1-t3-c1-l4-d0-tr0-a2,CJ-E,micro,dense_return_topology,6400543751662125948,223,true,true,3,1,4,0,0,2,true,true,87,16,23,10,10,6,240,LOWER_BOUND,576,3,2,0,0,1,3,1,1,1,NA,1,false,3,2,1,1,0,0,0,0,true,0,false,false,true,false,9250582656735355800,7730829176023759295,true
f3-no-return-s223-m1-r1-t3-c1-l4-d0-tr0-a2,CJ-E,micro,dense_return_topology,8207486480800925242,223,true,true,3,1,4,0,0,2,true,true,87,2,23,8,8,6,240,LOWER_BOUND,576,3,2,0,0,0,2,2,1,1,NA,1,false,3,2,1,1,0,0,0,0,true,0,false,false,true,false,2969705882970361869,3713475155782255019,true
f3-direct-return-s223-m1-r1-t3-c1-l4-d0-tr0-a6,CJ-E,micro,dense_return_topology,18434979485391892946,223,true,true,3,1,4,0,0,6,true,true,115,20,23,10,10,6,240,LOWER_BOUND,1024,7,2,0,0,2,3,0,1,1,NA,1,false,3,6,1,2,0,0,0,0,true,0,false,false,true,false,8556057100798071096,12463148096642459176,true
f3-crossed-return-s223-m1-r1-t3-c1-l4-d0-tr0-a6,CJ-E,micro,dense_return_topology,1607008489878215316,223,true,true,3,1,4,0,0,6,true,true,115,20,23,10,10,6,240,LOWER_BOUND,1024,7,2,0,0,1,3,1,1,1,NA,1,false,3,2,1,1,0,0,0,0,true,0,false,false,true,false,17697650251413784400,5773274689249590699,true
f3-no-return-s223-m1-r1-t3-c1-l4-d0-tr0-a6,CJ-E,micro,dense_return_topology,617614915990958882,223,true,true,3,1,4,0,0,6,true,true,115,2,23,8,8,6,240,LOWER_BOUND,1024,7,2,0,0,0,2,2,1,1,NA,1,false,3,2,1,1,0,0,0,0,true,0,false,false,true,false,16381815227359658193,4054669425281272319,true
f4-transfer-s223-m1-r1-t3-c1-l4-d-1-tr0-a2,CJ-E,micro,timing_transfer,18020495442619115260,223,true,true,3,1,4,-1,0,2,true,false,0,19,2,3,3,2,80,LOWER_BOUND,272,2,1,0,0,0,1,0,0,0,NA,0,false,30,30,1,1,0,0,0,0,false,0,false,false,true,false,4003062524707562304,5729455597147315938,true
f4-transfer-s223-m1-r1-t3-c1-l4-d0-tr0-a2,CJ-E,micro,timing_transfer,10619572208663461681,223,true,true,3,1,4,0,0,2,true,true,0,30,1,4,4,2,80,LOWER_BOUND,272,2,1,0,0,0,2,0,1,1,NA,1,false,30,30,1,1,0,0,0,1,false,0,false,false,true,false,12416559426561583941,5729455597147315938,true
f4-transfer-s223-m1-r1-t3-c1-l4-d1-tr0-a2,CJ-E,micro,timing_transfer,8442558072667167404,223,true,true,3,1,4,1,0,2,true,false,0,18,1,3,3,2,80,LOWER_BOUND,272,2,1,0,0,0,1,0,0,0,NA,0,false,30,30,1,1,0,0,0,0,false,0,false,false,true,false,7499514010386854696,5729455597147315938,true
f4-transfer-s223-m1-r1-t3-c1-l4-d2-tr0-a2,CJ-E,micro,timing_transfer,12051977916737802758,223,true,true,3,1,4,2,0,2,true,false,0,18,1,3,3,2,80,LOWER_BOUND,272,2,1,0,0,0,1,0,0,0,NA,0,false,30,30,1,1,0,0,0,0,false,0,false,false,true,false,1927628993405953371,5729455597147315938,true
f4-transfer-s223-m1-r1-t3-c1-l4-d3-tr0-a2,CJ-E,micro,timing_transfer,18218409140259329736,223,true,true,3,1,4,3,0,2,true,false,0,18,1,3,3,2,80,LOWER_BOUND,272,2,1,0,0,0,1,0,0,0,NA,0,false,30,30,1,1,0,0,0,0,false,0,false,false,true,false,13022886217917741653,5729455597147315938,true
f4-transfer-s223-m1-r1-t3-c1-l4-d4-tr0-a2,CJ-E,micro,timing_transfer,7597778838627801222,223,true,true,3,1,4,4,0,2,true,false,0,18,1,3,3,2,80,LOWER_BOUND,272,2,1,0,0,0,1,0,0,0,NA,0,false,30,30,1,1,0,0,0,0,false,0,false,false,true,false,5194030320893261031,5729455597147315938,true
f4-transfer-s223-m1-r1-t3-c1-l4-d5-tr0-a2,CJ-E,micro,timing_transfer,4343821579935775092,223,true,true,3,1,4,5,0,2,true,false,0,18,1,3,3,2,80,LOWER_BOUND,272,2,1,0,0,0,1,0,0,0,NA,0,false,30,30,1,1,0,0,0,0,false,0,false,false,true,false,2450547472483765405,5729455597147315938,true
f4-transfer-s223-m1-r1-t3-c1-l4-d-1-tr2-a2,CJ-E,micro,timing_transfer,2936011649744485436,223,true,true,3,1,4,-1,2,2,true,false,0,19,2,3,3,2,80,LOWER_BOUND,272,2,1,0,0,0,1,0,0,0,NA,0,false,30,30,1,1,0,0,0,0,false,0,false,false,true,false,4003062524707562304,5729455597147315938,true
f4-transfer-s223-m1-r1-t3-c1-l4-d0-tr2-a2,CJ-E,micro,timing_transfer,1407978328232182805,223,true,true,3,1,4,0,2,2,true,true,0,30,1,4,4,2,80,LOWER_BOUND,272,2,1,0,0,0,2,0,1,1,NA,1,false,30,30,1,1,0,0,0,1,false,0,false,false,true,false,12416559426561583941,5729455597147315938,true
f4-transfer-s223-m1-r1-t3-c1-l4-d1-tr2-a2,CJ-E,micro,timing_transfer,9113461974213209316,223,true,true,3,1,4,1,2,2,true,false,0,18,1,3,3,2,80,LOWER_BOUND,272,2,1,0,0,0,1,0,0,0,NA,0,false,30,30,1,1,0,0,0,0,false,0,false,false,true,false,7499514010386854696,5729455597147315938,true
f4-transfer-s223-m1-r1-t3-c1-l4-d2-tr2-a2,CJ-E,micro,timing_transfer,9409125004492813306,223,true,true,3,1,4,2,2,2,true,false,0,18,1,3,3,2,80,LOWER_BOUND,272,2,1,0,0,0,1,0,0,0,NA,0,false,30,30,1,1,0,0,0,0,false,0,false,false,true,false,1927628993405953371,5729455597147315938,true
f4-transfer-s223-m1-r1-t3-c1-l4-d3-tr2-a2,CJ-E,micro,timing_transfer,1128151860834831856,223,true,true,3,1,4,3,2,2,true,false,0,18,1,3,3,2,80,LOWER_BOUND,272,2,1,0,0,0,1,0,0,0,NA,0,false,30,30,1,1,0,0,0,0,false,0,false,false,true,false,13022886217917741653,5729455597147315938,true
f4-transfer-s223-m1-r1-t3-c1-l4-d4-tr2-a2,CJ-E,micro,timing_transfer,12539450859250304682,223,true,true,3,1,4,4,2,2,true,false,0,18,1,3,3,2,80,LOWER_BOUND,272,2,1,0,0,0,1,0,0,0,NA,0,false,30,30,1,1,0,0,0,0,false,0,false,false,true,false,5194030320893261031,5729455597147315938,true
f4-transfer-s223-m1-r1-t3-c1-l4-d5-tr2-a2,CJ-E,micro,timing_transfer,4905044784971559404,223,true,true,3,1,4,5,2,2,true,false,0,18,1,3,3,2,80,LOWER_BOUND,272,2,1,0,0,0,1,0,0,0,NA,0,false,30,30,1,1,0,0,0,0,false,0,false,false,true,false,2450547472483765405,5729455597147315938,true
f4-transfer-s223-m1-r1-t3-c1-l4-d-1-tr4-a2,CJ-E,micro,timing_transfer,1915545805195944708,223,true,true,3,1,4,-1,4,2,true,false,0,19,2,3,3,2,80,LOWER_BOUND,272,2,1,0,0,0,1,0,0,0,NA,0,false,30,30,1,1,0,0,0,0,false,0,false,false,true,false,4003062524707562304,5729455597147315938,true
f4-transfer-s223-m1-r1-t3-c1-l4-d0-tr4-a2,CJ-E,micro,timing_transfer,9482324412733455937,223,true,true,3,1,4,0,4,2,true,true,0,30,1,4,4,2,80,LOWER_BOUND,272,2,1,0,0,0,2,0,1,1,NA,1,false,30,30,1,1,0,0,0,1,false,0,false,false,true,false,12416559426561583941,5729455597147315938,true
f4-transfer-s223-m1-r1-t3-c1-l4-d1-tr4-a2,CJ-E,micro,timing_transfer,4581189637731352996,223,true,true,3,1,4,1,4,2,true,false,0,18,1,3,3,2,80,LOWER_BOUND,272,2,1,0,0,0,1,0,0,0,NA,0,false,30,30,1,1,0,0,0,0,false,0,false,false,true,false,7499514010386854696,5729455597147315938,true
f4-transfer-s223-m1-r1-t3-c1-l4-d2-tr4-a2,CJ-E,micro,timing_transfer,16672514919936208654,223,true,true,3,1,4,2,4,2,true,false,0,18,1,3,3,2,80,LOWER_BOUND,272,2,1,0,0,0,1,0,0,0,NA,0,false,30,30,1,1,0,0,0,0,false,0,false,false,true,false,1927628993405953371,5729455597147315938,true
f4-transfer-s223-m1-r1-t3-c1-l4-d3-tr4-a2,CJ-E,micro,timing_transfer,5967239014383682096,223,true,true,3,1,4,3,4,2,true,false,0,18,1,3,3,2,80,LOWER_BOUND,272,2,1,0,0,0,1,0,0,0,NA,0,false,30,30,1,1,0,0,0,0,false,0,false,false,true,false,13022886217917741653,5729455597147315938,true
f4-transfer-s223-m1-r1-t3-c1-l4-d4-tr4-a2,CJ-E,micro,timing_transfer,4105630042277648854,223,true,true,3,1,4,4,4,2,true,false,0,18,1,3,3,2,80,LOWER_BOUND,272,2,1,0,0,0,1,0,0,0,NA,0,false,30,30,1,1,0,0,0,0,false,0,false,false,true,false,5194030320893261031,5729455597147315938,true
f4-transfer-s223-m1-r1-t3-c1-l4-d5-tr4-a2,CJ-E,micro,timing_transfer,9185232878018492284,223,true,true,3,1,4,5,4,2,true,false,0,18,1,3,3,2,80,LOWER_BOUND,272,2,1,0,0,0,1,0,0,0,NA,0,false,30,30,1,1,0,0,0,0,false,0,false,false,true,false,2450547472483765405,5729455597147315938,true
ctl-initial-ab-s223-m1-r1-t3-c1-l4-d0-tr0-a2,CJ-E,micro,shared_control,16416786006536842926,223,true,true,3,1,4,0,0,2,true,true,45,31,2,10,10,2,80,LOWER_BOUND,272,2,1,0,0,3,5,0,1,2,NA,2,false,30,36,1,1,0,0,0,1,false,0,true,false,true,false,628029693316486618,416512815810101233,true
ctl-initial-cd-s223-m1-r1-t3-c1-l4-d0-tr0-a2,CJ-E,micro,shared_control,11375769631369578746,223,true,true,3,1,4,0,0,2,true,true,45,31,2,10,10,2,80,LOWER_BOUND,272,2,1,0,0,3,5,0,1,2,NA,2,false,30,36,1,1,0,0,0,1,false,0,true,false,true,false,628029693316486618,416512815810101233,true
ctl-crossed-ad-s223-m1-r1-t3-c1-l4-d0-tr0-a2,CJ-E,micro,shared_control,8036249334827493182,223,true,true,3,1,4,0,0,2,false,false,0,13,0,2,2,1,40,LOWER_BOUND,272,2,1,0,0,0,1,0,0,0,NA,0,false,30,30,1,1,0,0,0,0,false,0,false,false,true,false,14535434164812020806,5729455597147315938,true
ctl-crossed-cb-s223-m1-r1-t3-c1-l4-d0-tr0-a2,CJ-E,micro,shared_control,14180461677723920230,223,true,true,3,1,4,0,0,2,false,false,0,13,0,2,2,1,40,LOWER_BOUND,272,2,1,0,0,0,1,0,0,0,NA,0,false,30,30,1,1,0,0,0,0,false,0,false,false,true,false,14535434164812020806,5729455597147315938,true
ctl-singleton-s223-m1-r1-t3-c1-l4-d0-tr0-a2,CJ-E,micro,shared_control,8734957841309877196,223,true,true,3,1,4,0,0,2,false,false,0,13,0,2,2,1,40,LOWER_BOUND,272,2,1,0,0,0,1,0,0,0,NA,0,false,30,30,1,1,0,0,0,0,false,0,false,false,true,false,14535434164812020806,5729455597147315938,true
ctl-old-self-evidence-s223-m1-r1-t3-c1-l4-d0-tr0-a6,CJ-E,micro,shared_control,9105642888142822153,223,true,true,3,1,4,0,0,6,true,true,115,2,23,8,8,6,240,LOWER_BOUND,1024,7,2,0,0,0,2,2,1,1,NA,1,false,3,2,1,1,0,0,0,0,true,0,false,false,true,false,16381815227359658193,4054669425281272319,true
ctl-blocked-return-s223-m1-r1-t3-c1-l4-d0-tr0-a6,CJ-E,micro,shared_control,2656464525663027156,223,true,true,3,1,4,0,0,6,true,true,115,2,23,8,8,6,240,LOWER_BOUND,1024,7,2,0,0,0,2,2,1,1,NA,1,false,3,2,1,1,0,0,0,0,true,0,false,false,true,false,16381815227359658193,4054669425281272319,true
ctl-stale-s223-m1-r1-t3-c1-l4-d0-tr0-a2,CJ-E,micro,shared_control,3518491093785252468,223,true,true,3,1,4,0,0,2,false,false,0,17,1,3,3,2,80,LOWER_BOUND,160,1,0,0,1,0,1,1,0,0,NA,1,false,1,0,1,0,0,0,0,0,false,0,false,false,true,false,1037855525526449887,15547334299607774361,true
ctl-deallocation-bootstrap-s223-m1-r1-t3-c1-l4-d0-tr0-a2,CJ-E,micro,shared_control,17275405603641742897,223,true,true,3,1,4,0,0,2,false,false,2,14,0,2,2,1,40,LOWER_BOUND,224,2,1,1,1,0,1,1,0,0,NA,0,false,1,1,1,1,0,2,14,0,false,0,false,false,true,false,9521769423389165261,1416321179264708448,true
ctl-ambiguity-s223-m1-r1-t3-c1-l4-d0-tr0-a2,CJ-E,micro,shared_control,4541292487742056490,223,true,true,3,1,4,0,0,2,true,true,0,80,10,8,8,4,160,LOWER_BOUND,544,4,0,0,0,0,4,0,0,2,NA,2,false,0,0,0,0,0,0,0,0,false,0,false,false,true,false,17627318710810801835,7643927838146262029,true
ctl-recursion-s223-m1-r1-t3-c1-l4-d0-tr0-a2,CJ-E,micro,shared_control,13872837549143187023,223,true,true,3,1,4,0,0,2,true,true,0,71,6,8,8,4,160,LOWER_BOUND,496,4,0,0,0,0,4,0,3,1,NA,1,false,0,0,0,0,0,0,0,0,false,3,false,false,true,false,12929009462415131483,17830600380412325086,true
ctl-replay-s223-m1-r1-t3-c1-l4-d0-tr0-a2,CJ-E,micro,shared_control,11213705026112560556,223,true,true,3,1,4,0,0,2,true,true,0,30,1,4,4,2,80,LOWER_BOUND,272,2,1,0,0,0,2,0,1,1,NA,1,false,30,30,1,1,0,0,0,1,false,0,false,true,true,false,12416559426561583941,5729455597147315938,true
f1-aa-same-tick-s223-m1-r1-t3-c2-l0-d0-tr0-a2,CJ-E,micro,same_source_bursts,2523961030542162810,223,true,true,3,2,0,0,0,2,false,false,0,19,1,3,3,2,80,LOWER_BOUND,160,1,0,0,0,0,1,0,1,1,NA,1,true,0,0,0,0,0,0,0,0,false,0,false,false,true,false,1127257771414620162,2430431689117247319,false
f1-aa-spacing-s223-m1-r1-t3-c2-l0-d-1-tr0-a2,CJ-E,micro,same_source_bursts,10866522366228280664,223,true,true,3,2,0,-1,0,2,false,false,0,9,1,2,2,2,80,LOWER_BOUND,160,1,0,0,0,0,0,0,0,0,NA,0,false,0,0,0,0,0,0,0,0,false,0,false,false,true,false,11359944083152940396,2430431689117247319,true
f1-ab-distinct-s223-m1-r1-t3-c2-l0-d-1-tr0-a2,CJ-E,micro,same_source_bursts,12504588070445074570,223,true,true,3,2,0,-1,0,2,true,false,0,19,2,3,3,2,80,LOWER_BOUND,272,2,1,0,0,0,1,0,0,0,NA,0,false,30,30,2,2,0,0,0,0,false,0,false,false,true,false,8298258751592667639,7069743367909305589,true
f1-aa-spacing-s223-m1-r1-t3-c2-l0-d0-tr0-a2,CJ-E,micro,same_source_bursts,3654080044550812074,223,true,true,3,2,0,0,0,2,false,false,0,19,1,3,3,2,80,LOWER_BOUND,160,1,0,0,0,0,1,0,1,1,NA,1,true,0,0,0,0,0,0,0,0,false,0,false,false,true,false,1127257771414620162,2430431689117247319,false
f1-ab-distinct-s223-m1-r1-t3-c2-l0-d0-tr0-a2,CJ-E,micro,same_source_bursts,1070812398116440789,223,true,true,3,2,0,0,0,2,true,true,0,30,1,4,4,2,80,LOWER_BOUND,272,2,1,0,0,0,2,0,1,1,NA,1,false,30,30,2,2,0,0,0,1,false,0,false,false,true,false,5809238938261181906,7069743367909305589,true
f1-aa-spacing-s223-m1-r1-t3-c2-l0-d1-tr0-a2,CJ-E,micro,same_source_bursts,17242456183149990778,223,true,true,3,2,0,1,0,2,false,false,0,9,1,2,2,2,80,LOWER_BOUND,160,1,0,0,0,0,0,0,0,0,NA,0,false,0,0,0,0,0,0,0,0,false,0,false,false,true,false,11359944083152940396,2430431689117247319,true
f1-ab-distinct-s223-m1-r1-t3-c2-l0-d1-tr0-a2,CJ-E,micro,same_source_bursts,14488097099694821086,223,true,true,3,2,0,1,0,2,true,false,0,18,1,3,3,2,80,LOWER_BOUND,272,2,1,0,0,0,1,0,0,0,NA,0,false,30,30,2,2,0,0,0,0,false,0,false,false,true,false,12222636485318803695,7069743367909305589,true
f1-aa-spacing-s223-m1-r1-t3-c2-l0-d2-tr0-a2,CJ-E,micro,same_source_bursts,5206550567464508066,223,true,true,3,2,0,2,0,2,false,false,0,9,1,2,2,2,80,LOWER_BOUND,160,1,0,0,0,0,0,0,0,0,NA,0,false,0,0,0,0,0,0,0,0,false,0,false,false,true,false,8036002492929469309,2430431689117247319,true
f1-ab-distinct-s223-m1-r1-t3-c2-l0-d2-tr0-a2,CJ-E,micro,same_source_bursts,4379825007829086934,223,true,true,3,2,0,2,0,2,true,false,0,18,1,3,3,2,80,LOWER_BOUND,272,2,1,0,0,0,1,0,0,0,NA,0,false,30,30,2,2,0,0,0,0,false,0,false,false,true,false,2732446870051168737,7069743367909305589,true
f1-aa-spacing-s223-m1-r1-t3-c2-l0-d3-tr0-a2,CJ-E,micro,same_source_bursts,18306617415948923762,223,true,true,3,2,0,3,0,2,false,false,0,9,1,2,2,2,80,LOWER_BOUND,160,1,0,0,0,0,0,0,0,0,NA,0,false,0,0,0,0,0,0,0,0,false,0,false,false,true,false,8266768818090397246,2430431689117247319,true
f1-ab-distinct-s223-m1-r1-t3-c2-l0-d3-tr0-a2,CJ-E,micro,same_source_bursts,10733536082667924986,223,true,true,3,2,0,3,0,2,true,false,0,18,1,3,3,2,80,LOWER_BOUND,272,2,1,0,0,0,1,0,0,0,NA,0,false,30,30,2,2,0,0,0,0,false,0,false,false,true,false,13465975394982818179,7069743367909305589,true
f1-aa-spacing-s223-m1-r1-t3-c2-l0-d4-tr0-a2,CJ-E,micro,same_source_bursts,9964299242038238418,223,true,true,3,2,0,4,0,2,false,false,0,9,1,2,2,2,80,LOWER_BOUND,160,1,0,0,0,0,0,0,0,0,NA,0,false,0,0,0,0,0,0,0,0,false,0,false,false,true,false,10340952694807118935,2430431689117247319,true
f1-ab-distinct-s223-m1-r1-t3-c2-l0-d4-tr0-a2,CJ-E,micro,same_source_bursts,14773136736149079394,223,true,true,3,2,0,4,0,2,true,false,0,18,1,3,3,2,80,LOWER_BOUND,272,2,1,0,0,0,1,0,0,0,NA,0,false,30,30,2,2,0,0,0,0,false,0,false,false,true,false,11858719786221227737,7069743367909305589,true
f1-aa-spacing-s223-m1-r1-t3-c2-l0-d5-tr0-a2,CJ-E,micro,same_source_bursts,10987569905389841106,223,true,true,3,2,0,5,0,2,false,false,0,9,1,2,2,2,80,LOWER_BOUND,160,1,0,0,0,0,0,0,0,0,NA,0,false,0,0,0,0,0,0,0,0,false,0,false,false,true,false,1852057287525339344,2430431689117247319,true
f1-ab-distinct-s223-m1-r1-t3-c2-l0-d5-tr0-a2,CJ-E,micro,same_source_bursts,6392434785797380470,223,true,true,3,2,0,5,0,2,true,false,0,18,1,3,3,2,80,LOWER_BOUND,272,2,1,0,0,0,1,0,0,0,NA,0,false,30,30,2,2,0,0,0,0,false,0,false,false,true,false,15439492560904440783,7069743367909305589,true
f1-one-path-s223-m1-r1-t3-c2-l0-d1-tr0-a2,CJ-E,micro,same_source_bursts,11786545064913916293,223,true,true,3,2,0,1,0,2,false,false,0,41,2,5,5,2,80,LOWER_BOUND,272,2,1,0,0,1,3,0,1,1,NA,1,true,30,33,2,2,0,0,0,0,false,0,false,false,true,false,1895445270723386237,1645002339695582062,false
f1-a-burst-4-s223-m1-r1-t3-c2-l0-d4-tr0-a2,CJ-E,micro,same_source_bursts,5004600751407877400,223,true,true,3,2,0,4,0,2,false,false,0,29,2,4,4,2,80,LOWER_BOUND,272,2,1,0,0,1,2,0,0,0,NA,0,false,30,33,2,2,0,0,0,0,false,0,false,false,true,false,13692762907404343589,1645002339695582062,true
f2-one-strong-s223-m1-r1-t3-c2-l0-d0-tr0-a2,CJ-E,micro,amplitude_vs_multiplicity,1254196606810509136,223,true,true,3,2,0,0,0,2,false,false,0,4,0,1,1,1,40,LOWER_BOUND,160,1,0,0,0,0,0,0,0,0,NA,0,false,0,0,0,0,0,0,0,0,false,0,false,false,true,false,14029106974475001789,2430431689117247319,true
f2-two-weak-distinct-s223-m1-r1-t3-c2-l0-d0-tr0-a2,CJ-E,micro,amplitude_vs_multiplicity,5051371997561497323,223,true,true,3,2,0,0,0,2,true,true,0,19,1,3,3,2,80,LOWER_BOUND,160,1,0,0,0,0,1,0,1,1,NA,1,false,0,0,0,0,0,0,0,0,false,0,false,false,true,false,1127257771414620162,2430431689117247319,true
f2-two-weak-same-s223-m1-r1-t3-c2-l0-d0-tr0-a2,CJ-E,micro,amplitude_vs_multiplicity,15695470751639034963,223,true,true,3,2,0,0,0,2,false,false,0,19,1,3,3,2,80,LOWER_BOUND,160,1,0,0,0,0,1,0,1,1,NA,1,true,0,0,0,0,0,0,0,0,false,0,false,false,true,false,1127257771414620162,2430431689117247319,false
f2-asymmetric-distinct-s223-m1-r1-t3-c2-l0-d0-tr0-a2,CJ-E,micro,amplitude_vs_multiplicity,17055468040249771638,223,true,true,3,2,0,0,0,2,true,true,0,19,1,3,3,2,80,LOWER_BOUND,160,1,0,0,0,0,1,0,1,1,NA,1,false,0,0,0,0,0,0,0,0,false,0,false,false,true,false,1127257771414620162,2430431689117247319,true
f3-direct-return-s223-m1-r1-t3-c2-l0-d0-tr0-a2,CJ-E,micro,dense_return_topology,15386898505141715144,223,true,true,3,2,0,0,0,2,true,true,33,16,1,6,6,2,80,LOWER_BOUND,384,3,2,0,0,2,3,0,1,1,NA,1,false,3,6,2,2,0,0,0,0,true,0,false,false,true,false,4537327451274039415,2128545219830864359,true
f3-crossed-return-s223-m1-r1-t3-c2-l0-d0-tr0-a2,CJ-E,micro,dense_return_topology,9282745762102562532,223,true,true,3,2,0,0,0,2,true,true,33,16,1,6,6,2,80,LOWER_BOUND,384,3,2,0,0,1,3,1,1,1,NA,1,false,3,2,2,2,0,0,0,0,true,0,false,false,true,false,6224959819454720980,6141409380557746155,true
f3-no-return-s223-m1-r1-t3-c2-l0-d0-tr0-a2,CJ-E,micro,dense_return_topology,17442856754621534084,223,true,true,3,2,0,0,0,2,true,true,33,2,1,4,4,2,80,LOWER_BOUND,384,3,2,0,0,0,2,2,1,1,NA,1,false,3,2,2,2,0,0,0,0,true,0,false,false,true,false,1971511404984657937,90726106189653167,true
f3-direct-return-s223-m1-r1-t3-c2-l0-d0-tr0-a6,CJ-E,micro,dense_return_topology,8208479976319860664,223,true,true,3,2,0,0,0,6,true,true,45,20,1,6,6,2,80,LOWER_BOUND,832,7,2,0,0,2,3,0,1,1,NA,1,false,3,6,2,2,0,0,0,0,true,0,false,false,true,false,12250954233035811599,9180362501979089435,true
f3-crossed-return-s223-m1-r1-t3-c2-l0-d0-tr0-a6,CJ-E,micro,dense_return_topology,8637486501231587452,223,true,true,3,2,0,0,0,6,true,true,45,20,1,6,6,2,80,LOWER_BOUND,832,7,2,0,0,1,3,1,1,1,NA,1,false,3,2,2,2,0,0,0,0,true,0,false,false,true,false,5279580348108922764,7028075546728641607,true
f3-no-return-s223-m1-r1-t3-c2-l0-d0-tr0-a6,CJ-E,micro,dense_return_topology,11663040573672845484,223,true,true,3,2,0,0,0,6,true,true,45,2,1,4,4,2,80,LOWER_BOUND,832,7,2,0,0,0,2,2,1,1,NA,1,false,3,2,2,2,0,0,0,0,true,0,false,false,true,false,8051623498081305437,8636505374991020579,true
f4-transfer-s223-m1-r1-t3-c2-l0-d-1-tr0-a2,CJ-E,micro,timing_transfer,5405514452819582232,223,true,true,3,2,0,-1,0,2,true,false,0,19,2,3,3,2,80,LOWER_BOUND,272,2,1,0,0,0,1,0,0,0,NA,0,false,30,30,2,2,0,0,0,0,false,0,false,false,true,false,8298258751592667639,7069743367909305589,true
f4-transfer-s223-m1-r1-t3-c2-l0-d0-tr0-a2,CJ-E,micro,timing_transfer,16474046562518436043,223,true,true,3,2,0,0,0,2,true,true,0,30,1,4,4,2,80,LOWER_BOUND,272,2,1,0,0,0,2,0,1,1,NA,1,false,30,30,2,2,0,0,0,1,false,0,false,false,true,false,5809238938261181906,7069743367909305589,true
f4-transfer-s223-m1-r1-t3-c2-l0-d1-tr0-a2,CJ-E,micro,timing_transfer,623958975498701430,223,true,true,3,2,0,1,0,2,true,false,0,18,1,3,3,2,80,LOWER_BOUND,272,2,1,0,0,0,1,0,0,0,NA,0,false,30,30,2,2,0,0,0,0,false,0,false,false,true,false,12222636485318803695,7069743367909305589,true
f4-transfer-s223-m1-r1-t3-c2-l0-d2-tr0-a2,CJ-E,micro,timing_transfer,4070661255813052004,223,true,true,3,2,0,2,0,2,true,false,0,18,1,3,3,2,80,LOWER_BOUND,272,2,1,0,0,0,1,0,0,0,NA,0,false,30,30,2,2,0,0,0,0,false,0,false,false,true,false,2732446870051168737,7069743367909305589,true
f4-transfer-s223-m1-r1-t3-c2-l0-d3-tr0-a2,CJ-E,micro,timing_transfer,13154858393313901558,223,true,true,3,2,0,3,0,2,true,false,0,18,1,3,3,2,80,LOWER_BOUND,272,2,1,0,0,0,1,0,0,0,NA,0,false,30,30,2,2,0,0,0,0,false,0,false,false,true,false,13465975394982818179,7069743367909305589,true
f4-transfer-s223-m1-r1-t3-c2-l0-d4-tr0-a2,CJ-E,micro,timing_transfer,3041631338930146968,223,true,true,3,2,0,4,0,2,true,false,0,18,1,3,3,2,80,LOWER_BOUND,272,2,1,0,0,0,1,0,0,0,NA,0,false,30,30,2,2,0,0,0,0,false,0,false,false,true,false,11858719786221227737,7069743367909305589,true
f4-transfer-s223-m1-r1-t3-c2-l0-d5-tr0-a2,CJ-E,micro,timing_transfer,2805298984748417078,223,true,true,3,2,0,5,0,2,true,false,0,18,1,3,3,2,80,LOWER_BOUND,272,2,1,0,0,0,1,0,0,0,NA,0,false,30,30,2,2,0,0,0,0,false,0,false,false,true,false,15439492560904440783,7069743367909305589,true
f4-transfer-s223-m1-r1-t3-c2-l0-d-1-tr2-a2,CJ-E,micro,timing_transfer,2711715954577875276,223,true,true,3,2,0,-1,2,2,true,false,0,19,2,3,3,2,80,LOWER_BOUND,272,2,1,0,0,0,1,0,0,0,NA,0,false,30,30,2,2,0,0,0,0,false,0,false,false,true,false,8298258751592667639,7069743367909305589,true
f4-transfer-s223-m1-r1-t3-c2-l0-d0-tr2-a2,CJ-E,micro,timing_transfer,904345523570031507,223,true,true,3,2,0,0,2,2,true,true,0,30,1,4,4,2,80,LOWER_BOUND,272,2,1,0,0,0,2,0,1,1,NA,1,false,30,30,2,2,0,0,0,1,false,0,false,false,true,false,5809238938261181906,7069743367909305589,true
f4-transfer-s223-m1-r1-t3-c2-l0-d1-tr2-a2,CJ-E,micro,timing_transfer,17014974343268088818,223,true,true,3,2,0,1,2,2,true,false,0,18,1,3,3,2,80,LOWER_BOUND,272,2,1,0,0,0,1,0,0,0,NA,0,false,30,30,2,2,0,0,0,0,false,0,false,false,true,false,12222636485318803695,7069743367909305589,true
f4-transfer-s223-m1-r1-t3-c2-l0-d2-tr2-a2,CJ-E,micro,timing_transfer,497357354762824220,223,true,true,3,2,0,2,2,2,true,false,0,18,1,3,3,2,80,LOWER_BOUND,272,2,1,0,0,0,1,0,0,0,NA,0,false,30,30,2,2,0,0,0,0,false,0,false,false,true,false,2732446870051168737,7069743367909305589,true
f4-transfer-s223-m1-r1-t3-c2-l0-d3-tr2-a2,CJ-E,micro,timing_transfer,3110943842604136250,223,true,true,3,2,0,3,2,2,true,false,0,18,1,3,3,2,80,LOWER_BOUND,272,2,1,0,0,0,1,0,0,0,NA,0,false,30,30,2,2,0,0,0,0,false,0,false,false,true,false,13465975394982818179,7069743367909305589,true
f4-transfer-s223-m1-r1-t3-c2-l0-d4-tr2-a2,CJ-E,micro,timing_transfer,6422088933337696032,223,true,true,3,2,0,4,2,2,true,false,0,18,1,3,3,2,80,LOWER_BOUND,272,2,1,0,0,0,1,0,0,0,NA,0,false,30,30,2,2,0,0,0,0,false,0,false,false,true,false,11858719786221227737,7069743367909305589,true
f4-transfer-s223-m1-r1-t3-c2-l0-d5-tr2-a2,CJ-E,micro,timing_transfer,5801462263690893482,223,true,true,3,2,0,5,2,2,true,false,0,18,1,3,3,2,80,LOWER_BOUND,272,2,1,0,0,0,1,0,0,0,NA,0,false,30,30,2,2,0,0,0,0,false,0,false,false,true,false,15439492560904440783,7069743367909305589,true
f4-transfer-s223-m1-r1-t3-c2-l0-d-1-tr4-a2,CJ-E,micro,timing_transfer,9862261473276152512,223,true,true,3,2,0,-1,4,2,true,false,0,19,2,3,3,2,80,LOWER_BOUND,272,2,1,0,0,0,1,0,0,0,NA,0,false,30,30,2,2,0,0,0,0,false,0,false,false,true,false,8298258751592667639,7069743367909305589,true
f4-transfer-s223-m1-r1-t3-c2-l0-d0-tr4-a2,CJ-E,micro,timing_transfer,12903039305613882147,223,true,true,3,2,0,0,4,2,true,true,0,30,1,4,4,2,80,LOWER_BOUND,272,2,1,0,0,0,2,0,1,1,NA,1,false,30,30,2,2,0,0,0,1,false,0,false,false,true,false,5809238938261181906,7069743367909305589,true
f4-transfer-s223-m1-r1-t3-c2-l0-d1-tr4-a2,CJ-E,micro,timing_transfer,8314733245965666158,223,true,true,3,2,0,1,4,2,true,false,0,18,1,3,3,2,80,LOWER_BOUND,272,2,1,0,0,0,1,0,0,0,NA,0,false,30,30,2,2,0,0,0,0,false,0,false,false,true,false,12222636485318803695,7069743367909305589,true
f4-transfer-s223-m1-r1-t3-c2-l0-d2-tr4-a2,CJ-E,micro,timing_transfer,3626614824984436716,223,true,true,3,2,0,2,4,2,true,false,0,18,1,3,3,2,80,LOWER_BOUND,272,2,1,0,0,0,1,0,0,0,NA,0,false,30,30,2,2,0,0,0,0,false,0,false,false,true,false,2732446870051168737,7069743367909305589,true
f4-transfer-s223-m1-r1-t3-c2-l0-d3-tr4-a2,CJ-E,micro,timing_transfer,4955238474843248646,223,true,true,3,2,0,3,4,2,true,false,0,18,1,3,3,2,80,LOWER_BOUND,272,2,1,0,0,0,1,0,0,0,NA,0,false,30,30,2,2,0,0,0,0,false,0,false,false,true,false,13465975394982818179,7069743367909305589,true
f4-transfer-s223-m1-r1-t3-c2-l0-d4-tr4-a2,CJ-E,micro,timing_transfer,18069263514702475616,223,true,true,3,2,0,4,4,2,true,false,0,18,1,3,3,2,80,LOWER_BOUND,272,2,1,0,0,0,1,0,0,0,NA,0,false,30,30,2,2,0,0,0,0,false,0,false,false,true,false,11858719786221227737,7069743367909305589,true
f4-transfer-s223-m1-r1-t3-c2-l0-d5-tr4-a2,CJ-E,micro,timing_transfer,496995599371955230,223,true,true,3,2,0,5,4,2,true,false,0,18,1,3,3,2,80,LOWER_BOUND,272,2,1,0,0,0,1,0,0,0,NA,0,false,30,30,2,2,0,0,0,0,false,0,false,false,true,false,15439492560904440783,7069743367909305589,true
ctl-initial-ab-s223-m1-r1-t3-c2-l0-d0-tr0-a2,CJ-E,micro,shared_control,2922849145384031972,223,true,true,3,2,0,0,0,2,true,true,45,31,2,10,10,2,80,LOWER_BOUND,272,2,1,0,0,3,5,0,1,2,NA,2,false,30,36,2,2,0,0,0,1,false,0,true,false,true,false,15574663707398293461,215654535443406962,true
ctl-initial-cd-s223-m1-r1-t3-c2-l0-d0-tr0-a2,CJ-E,micro,shared_control,13036092065203560832,223,true,true,3,2,0,0,0,2,true,true,45,31,2,10,10,2,80,LOWER_BOUND,272,2,1,0,0,3,5,0,1,2,NA,2,false,30,36,2,2,0,0,0,1,false,0,true,false,true,false,15574663707398293461,215654535443406962,true
ctl-crossed-ad-s223-m1-r1-t3-c2-l0-d0-tr0-a2,CJ-E,micro,shared_control,14195196869257488604,223,true,true,3,2,0,0,0,2,false,false,0,13,0,2,2,1,40,LOWER_BOUND,272,2,1,0,0,0,1,0,0,0,NA,0,false,30,30,2,2,0,0,0,0,false,0,false,false,true,false,10194128929995040896,7069743367909305589,true
ctl-crossed-cb-s223-m1-r1-t3-c2-l0-d0-tr0-a2,CJ-E,micro,shared_control,4507538012332248996,223,true,true,3,2,0,0,0,2,false,false,0,13,0,2,2,1,40,LOWER_BOUND,272,2,1,0,0,0,1,0,0,0,NA,0,false,30,30,2,2,0,0,0,0,false,0,false,false,true,false,10194128929995040896,7069743367909305589,true
ctl-singleton-s223-m1-r1-t3-c2-l0-d0-tr0-a2,CJ-E,micro,shared_control,7352537405677822954,223,true,true,3,2,0,0,0,2,false,false,0,13,0,2,2,1,40,LOWER_BOUND,272,2,1,0,0,0,1,0,0,0,NA,0,false,30,30,2,2,0,0,0,0,false,0,false,false,true,false,10194128929995040896,7069743367909305589,true
ctl-old-self-evidence-s223-m1-r1-t3-c2-l0-d0-tr0-a6,CJ-E,micro,shared_control,6837335504503653785,223,true,true,3,2,0,0,0,6,true,true,45,2,1,4,4,2,80,LOWER_BOUND,832,7,2,0,0,0,2,2,1,1,NA,1,false,3,2,2,2,0,0,0,0,true,0,false,false,true,false,8051623498081305437,8636505374991020579,true
ctl-blocked-return-s223-m1-r1-t3-c2-l0-d0-tr0-a6,CJ-E,micro,shared_control,2134163254796809588,223,true,true,3,2,0,0,0,6,true,true,45,2,1,4,4,2,80,LOWER_BOUND,832,7,2,0,0,0,2,2,1,1,NA,1,false,3,2,2,2,0,0,0,0,true,0,false,false,true,false,8051623498081305437,8636505374991020579,true
ctl-stale-s223-m1-r1-t3-c2-l0-d0-tr0-a2,CJ-E,micro,shared_control,13289296759474422476,223,true,true,3,2,0,0,0,2,false,false,0,17,1,3,3,2,80,LOWER_BOUND,160,1,0,0,1,0,1,1,0,0,NA,1,false,1,0,2,0,0,0,0,0,false,0,false,false,true,false,8599684555952523862,6250147092319589920,true
ctl-deallocation-bootstrap-s223-m1-r1-t3-c2-l0-d0-tr0-a2,CJ-E,micro,shared_control,3913302038079311513,223,true,true,3,2,0,0,0,2,false,false,2,14,0,2,2,1,40,LOWER_BOUND,224,2,1,1,1,0,1,1,0,0,NA,0,false,1,1,1,1,0,2,14,0,false,0,false,false,true,false,9521769423389165261,1416321179264708448,true
ctl-ambiguity-s223-m1-r1-t3-c2-l0-d0-tr0-a2,CJ-E,micro,shared_control,13322481176445414588,223,true,true,3,2,0,0,0,2,true,true,0,80,10,8,8,4,160,LOWER_BOUND,544,4,0,0,0,0,4,0,0,2,NA,2,false,0,0,0,0,0,0,0,0,false,0,false,false,true,false,15460136500671013319,318638435820812705,true
ctl-recursion-s223-m1-r1-t3-c2-l0-d0-tr0-a2,CJ-E,micro,shared_control,16543025186774551679,223,true,true,3,2,0,0,0,2,true,true,0,71,6,8,8,4,160,LOWER_BOUND,496,4,0,0,0,0,4,0,3,1,NA,1,false,0,0,0,0,0,0,0,0,false,3,false,false,true,false,12929009462415131483,17830600380412325086,true
ctl-replay-s223-m1-r1-t3-c2-l0-d0-tr0-a2,CJ-E,micro,shared_control,1706965996916156172,223,true,true,3,2,0,0,0,2,true,true,0,30,1,4,4,2,80,LOWER_BOUND,272,2,1,0,0,0,2,0,1,1,NA,1,false,30,30,2,2,0,0,0,1,false,0,false,true,true,false,5809238938261181906,7069743367909305589,true
f1-aa-same-tick-s223-m1-r1-t3-c2-l4-d0-tr0-a2,CJ-E,micro,same_source_bursts,802557414763737394,223,true,true,3,2,4,0,0,2,false,false,0,19,1,3,3,2,80,LOWER_BOUND,352,1,0,0,0,0,1,0,1,1,NA,1,true,0,0,0,0,0,0,0,0,false,0,false,false,true,false,15686786567108326692,956138513237700533,false
f1-aa-spacing-s223-m1-r1-t3-c2-l4-d-1-tr0-a2,CJ-E,micro,same_source_bursts,15271351839468589776,223,true,true,3,2,4,-1,0,2,false,false,0,9,1,2,2,2,80,LOWER_BOUND,352,1,0,0,0,0,0,0,0,0,NA,0,false,0,0,0,0,0,0,0,0,false,0,false,false,true,false,15023290326979375922,956138513237700533,true
f1-ab-distinct-s223-m1-r1-t3-c2-l4-d-1-tr0-a2,CJ-E,micro,same_source_bursts,6536256437166990458,223,true,true,3,2,4,-1,0,2,true,false,0,19,2,3,3,2,80,LOWER_BOUND,272,2,1,0,0,0,1,0,0,0,NA,0,false,30,30,2,2,0,0,0,0,false,0,false,false,true,false,8298258751592667639,7069743367909305589,true
f1-aa-spacing-s223-m1-r1-t3-c2-l4-d0-tr0-a2,CJ-E,micro,same_source_bursts,850142872328675346,223,true,true,3,2,4,0,0,2,false,false,0,19,1,3,3,2,80,LOWER_BOUND,352,1,0,0,0,0,1,0,1,1,NA,1,true,0,0,0,0,0,0,0,0,false,0,false,false,true,false,15686786567108326692,956138513237700533,false
f1-ab-distinct-s223-m1-r1-t3-c2-l4-d0-tr0-a2,CJ-E,micro,same_source_bursts,2551851020755027581,223,true,true,3,2,4,0,0,2,true,true,0,30,1,4,4,2,80,LOWER_BOUND,272,2,1,0,0,0,2,0,1,1,NA,1,false,30,30,2,2,0,0,0,1,false,0,false,false,true,false,5809238938261181906,7069743367909305589,true
f1-aa-spacing-s223-m1-r1-t3-c2-l4-d1-tr0-a2,CJ-E,micro,same_source_bursts,8789048029033859090,223,true,true,3,2,4,1,0,2,false,false,0,9,1,2,2,2,80,LOWER_BOUND,352,1,0,0,0,0,0,0,0,0,NA,0,false,0,0,0,0,0,0,0,0,false,0,false,false,true,false,15023290326979375922,956138513237700533,true
f1-ab-distinct-s223-m1-r1-t3-c2-l4-d1-tr0-a2,CJ-E,micro,same_source_bursts,12817552954127333518,223,true,true,3,2,4,1,0,2,true,false,0,18,1,3,3,2,80,LOWER_BOUND,272,2,1,0,0,0,1,0,0,0,NA,0,false,30,30,2,2,0,0,0,0,false,0,false,false,true,false,12222636485318803695,7069743367909305589,true
f1-aa-spacing-s223-m1-r1-t3-c2-l4-d2-tr0-a2,CJ-E,micro,same_source_bursts,3395955569997422154,223,true,true,3,2,4,2,0,2,false,false,0,9,1,2,2,2,80,LOWER_BOUND,352,1,0,0,0,0,0,0,0,0,NA,0,false,0,0,0,0,0,0,0,0,false,0,false,false,true,false,10364881119162457395,956138513237700533,true
f1-ab-distinct-s223-m1-r1-t3-c2-l4-d2-tr0-a2,CJ-E,micro,same_source_bursts,11069000515262924454,223,true,true,3,2,4,2,0,2,true,false,0,18,1,3,3,2,80,LOWER_BOUND,272,2,1,0,0,0,1,0,0,0,NA,0,false,30,30,2,2,0,0,0,0,false,0,false,false,true,false,2732446870051168737,7069743367909305589,true
f1-aa-spacing-s223-m1-r1-t3-c2-l4-d3-tr0-a2,CJ-E,micro,same_source_bursts,13161228375765638954,223,true,true,3,2,4,3,0,2,false,false,0,9,1,2,2,2,80,LOWER_BOUND,352,1,0,0,0,0,0,0,0,0,NA,0,false,0,0,0,0,0,0,0,0,false,0,false,false,true,false,9891613075078718904,956138513237700533,true
f1-ab-distinct-s223-m1-r1-t3-c2-l4-d3-tr0-a2,CJ-E,micro,same_source_bursts,3648367273015189282,223,true,true,3,2,4,3,0,2,true,false,0,18,1,3,3,2,80,LOWER_BOUND,272,2,1,0,0,0,1,0,0,0,NA,0,false,30,30,2,2,0,0,0,0,false,0,false,false,true,false,13465975394982818179,7069743367909305589,true
f1-aa-spacing-s223-m1-r1-t3-c2-l4-d4-tr0-a2,CJ-E,micro,same_source_bursts,9748579601710936362,223,true,true,3,2,4,4,0,2,false,false,0,9,1,2,2,2,80,LOWER_BOUND,352,1,0,0,0,0,0,0,0,0,NA,0,false,0,0,0,0,0,0,0,0,false,0,false,false,true,false,14572843042428009985,956138513237700533,true
f1-ab-distinct-s223-m1-r1-t3-c2-l4-d4-tr0-a2,CJ-E,micro,same_source_bursts,15206283660128229226,223,true,true,3,2,4,4,0,2,true,false,0,18,1,3,3,2,80,LOWER_BOUND,272,2,1,0,0,0,1,0,0,0,NA,0,false,30,30,2,2,0,0,0,0,false,0,false,false,true,false,11858719786221227737,7069743367909305589,true
f1-aa-spacing-s223-m1-r1-t3-c2-l4-d5-tr0-a2,CJ-E,micro,same_source_bursts,2696211282665404666,223,true,true,3,2,4,5,0,2,false,false,0,9,1,2,2,2,80,LOWER_BOUND,352,1,0,0,0,0,0,0,0,0,NA,0,false,0,0,0,0,0,0,0,0,false,0,false,false,true,false,6799806083508665414,956138513237700533,true
f1-ab-distinct-s223-m1-r1-t3-c2-l4-d5-tr0-a2,CJ-E,micro,same_source_bursts,2862972958691666678,223,true,true,3,2,4,5,0,2,true,false,0,18,1,3,3,2,80,LOWER_BOUND,272,2,1,0,0,0,1,0,0,0,NA,0,false,30,30,2,2,0,0,0,0,false,0,false,false,true,false,15439492560904440783,7069743367909305589,true
f1-one-path-s223-m1-r1-t3-c2-l4-d1-tr0-a2,CJ-E,micro,same_source_bursts,4345581628952647437,223,true,true,3,2,4,1,0,2,false,false,0,41,2,5,5,2,80,LOWER_BOUND,272,2,1,0,0,1,3,0,1,1,NA,1,true,30,33,2,2,0,0,0,0,false,0,false,false,true,false,1895445270723386237,1645002339695582062,false
f1-a-burst-4-s223-m1-r1-t3-c2-l4-d4-tr0-a2,CJ-E,micro,same_source_bursts,4126930026165403928,223,true,true,3,2,4,4,0,2,false,false,0,29,2,4,4,2,80,LOWER_BOUND,272,2,1,0,0,1,2,0,0,0,NA,0,false,30,33,2,2,0,0,0,0,false,0,false,false,true,false,13692762907404343589,1645002339695582062,true
f2-one-strong-s223-m1-r1-t3-c2-l4-d0-tr0-a2,CJ-E,micro,amplitude_vs_multiplicity,1855693064150323040,223,true,true,3,2,4,0,0,2,false,false,0,4,0,1,1,1,40,LOWER_BOUND,352,1,0,0,0,0,0,0,0,0,NA,0,false,0,0,0,0,0,0,0,0,false,0,false,false,true,false,10355718567205463487,956138513237700533,true
f2-two-weak-distinct-s223-m1-r1-t3-c2-l4-d0-tr0-a2,CJ-E,micro,amplitude_vs_multiplicity,17257215822063744939,223,true,true,3,2,4,0,0,2,true,true,0,19,1,3,3,2,80,LOWER_BOUND,352,1,0,0,0,0,1,0,1,1,NA,1,false,0,0,0,0,0,0,0,0,false,0,false,false,true,false,15686786567108326692,956138513237700533,true
f2-two-weak-same-s223-m1-r1-t3-c2-l4-d0-tr0-a2,CJ-E,micro,amplitude_vs_multiplicity,12079702891219554851,223,true,true,3,2,4,0,0,2,false,false,0,19,1,3,3,2,80,LOWER_BOUND,352,1,0,0,0,0,1,0,1,1,NA,1,true,0,0,0,0,0,0,0,0,false,0,false,false,true,false,15686786567108326692,956138513237700533,false
f2-asymmetric-distinct-s223-m1-r1-t3-c2-l4-d0-tr0-a2,CJ-E,micro,amplitude_vs_multiplicity,10346397087414970814,223,true,true,3,2,4,0,0,2,true,true,0,19,1,3,3,2,80,LOWER_BOUND,352,1,0,0,0,0,1,0,1,1,NA,1,false,0,0,0,0,0,0,0,0,false,0,false,false,true,false,15686786567108326692,956138513237700533,true
f3-direct-return-s223-m1-r1-t3-c2-l4-d0-tr0-a2,CJ-E,micro,dense_return_topology,16897188651280751856,223,true,true,3,2,4,0,0,2,true,true,87,16,23,10,10,6,240,LOWER_BOUND,576,3,2,0,0,2,3,0,1,1,NA,1,false,3,6,2,2,0,0,0,0,true,0,false,false,true,false,6884403919020658745,2376598401178091017,true
f3-crossed-return-s223-m1-r1-t3-c2-l4-d0-tr0-a2,CJ-E,micro,dense_return_topology,2765259807938019428,223,true,true,3,2,4,0,0,2,true,true,87,16,23,10,10,6,240,LOWER_BOUND,576,3,2,0,0,1,3,1,1,1,NA,1,false,3,2,2,2,0,0,0,0,true,0,false,false,true,false,5734942561170967602,17115959628109263797,true
f3-no-return-s223-m1-r1-t3-c2-l4-d0-tr0-a2,CJ-E,micro,dense_return_topology,14490993389622521012,223,true,true,3,2,4,0,0,2,true,true,87,2,23,8,8,6,240,LOWER_BOUND,576,3,2,0,0,0,2,2,1,1,NA,1,false,3,2,2,2,0,0,0,0,true,0,false,false,true,false,17569828850750452363,2446703500771918001,true
f3-direct-return-s223-m1-r1-t3-c2-l4-d0-tr0-a6,CJ-E,micro,dense_return_topology,12685114453839742688,223,true,true,3,2,4,0,0,6,true,true,115,20,23,10,10,6,240,LOWER_BOUND,1024,7,2,0,0,2,3,0,1,1,NA,1,false,3,6,2,2,0,0,0,0,true,0,false,false,true,false,4396768394907718585,15376543369812019197,true
f3-crossed-return-s223-m1-r1-t3-c2-l4-d0-tr0-a6,CJ-E,micro,dense_return_topology,13375426818791911532,223,true,true,3,2,4,0,0,6,true,true,115,20,23,10,10,6,240,LOWER_BOUND,1024,7,2,0,0,1,3,1,1,1,NA,1,false,3,2,2,2,0,0,0,0,true,0,false,false,true,false,10954942886133562250,6436905727442087473,true
f3-no-return-s223-m1-r1-t3-c2-l4-d0-tr0-a6,CJ-E,micro,dense_return_topology,1565531646670026796,223,true,true,3,2,4,0,0,6,true,true,115,2,23,8,8,6,240,LOWER_BOUND,1024,7,2,0,0,0,2,2,1,1,NA,1,false,3,2,2,2,0,0,0,0,true,0,false,false,true,false,18163564056086217367,13393228351271453877,true
f4-transfer-s223-m1-r1-t3-c2-l4-d-1-tr0-a2,CJ-E,micro,timing_transfer,7240491218822569048,223,true,true,3,2,4,-1,0,2,true,false,0,19,2,3,3,2,80,LOWER_BOUND,272,2,1,0,0,0,1,0,0,0,NA,0,false,30,30,2,2,0,0,0,0,false,0,false,false,true,false,8298258751592667639,7069743367909305589,true
f4-transfer-s223-m1-r1-t3-c2-l4-d0-tr0-a2,CJ-E,micro,timing_transfer,16512568638028524027,223,true,true,3,2,4,0,0,2,true,true,0,30,1,4,4,2,80,LOWER_BOUND,272,2,1,0,0,0,2,0,1,1,NA,1,false,30,30,2,2,0,0,0,1,false,0,false,false,true,false,5809238938261181906,7069743367909305589,true
f4-transfer-s223-m1-r1-t3-c2-l4-d1-tr0-a2,CJ-E,micro,timing_transfer,14794605634832258870,223,true,true,3,2,4,1,0,2,true,false,0,18,1,3,3,2,80,LOWER_BOUND,272,2,1,0,0,0,1,0,0,0,NA,0,false,30,30,2,2,0,0,0,0,false,0,false,false,true,false,12222636485318803695,7069743367909305589,true
f4-transfer-s223-m1-r1-t3-c2-l4-d2-tr0-a2,CJ-E,micro,timing_transfer,12762864308092907100,223,true,true,3,2,4,2,0,2,true,false,0,18,1,3,3,2,80,LOWER_BOUND,272,2,1,0,0,0,1,0,0,0,NA,0,false,30,30,2,2,0,0,0,0,false,0,false,false,true,false,2732446870051168737,7069743367909305589,true
f4-transfer-s223-m1-r1-t3-c2-l4-d3-tr0-a2,CJ-E,micro,timing_transfer,527653743306182854,223,true,true,3,2,4,3,0,2,true,false,0,18,1,3,3,2,80,LOWER_BOUND,272,2,1,0,0,0,1,0,0,0,NA,0,false,30,30,2,2,0,0,0,0,false,0,false,false,true,false,13465975394982818179,7069743367909305589,true
f4-transfer-s223-m1-r1-t3-c2-l4-d4-tr0-a2,CJ-E,micro,timing_transfer,5364384378929956360,223,true,true,3,2,4,4,0,2,true,false,0,18,1,3,3,2,80,LOWER_BOUND,272,2,1,0,0,0,1,0,0,0,NA,0,false,30,30,2,2,0,0,0,0,false,0,false,false,true,false,11858719786221227737,7069743367909305589,true
f4-transfer-s223-m1-r1-t3-c2-l4-d5-tr0-a2,CJ-E,micro,timing_transfer,5701057620095272886,223,true,true,3,2,4,5,0,2,true,false,0,18,1,3,3,2,80,LOWER_BOUND,272,2,1,0,0,0,1,0,0,0,NA,0,false,30,30,2,2,0,0,0,0,false,0,false,false,true,false,15439492560904440783,7069743367909305589,true
f4-transfer-s223-m1-r1-t3-c2-l4-d-1-tr2-a2,CJ-E,micro,timing_transfer,16887489307220282380,223,true,true,3,2,4,-1,2,2,true,false,0,19,2,3,3,2,80,LOWER_BOUND,272,2,1,0,0,0,1,0,0,0,NA,0,false,30,30,2,2,0,0,0,0,false,0,false,false,true,false,8298258751592667639,7069743367909305589,true
f4-transfer-s223-m1-r1-t3-c2-l4-d0-tr2-a2,CJ-E,micro,timing_transfer,9928878269099506627,223,true,true,3,2,4,0,2,2,true,true,0,30,1,4,4,2,80,LOWER_BOUND,272,2,1,0,0,0,2,0,1,1,NA,1,false,30,30,2,2,0,0,0,1,false,0,false,false,true,false,5809238938261181906,7069743367909305589,true
f4-transfer-s223-m1-r1-t3-c2-l4-d1-tr2-a2,CJ-E,micro,timing_transfer,16544671969231282538,223,true,true,3,2,4,1,2,2,true,false,0,18,1,3,3,2,80,LOWER_BOUND,272,2,1,0,0,0,1,0,0,0,NA,0,false,30,30,2,2,0,0,0,0,false,0,false,false,true,false,12222636485318803695,7069743367909305589,true
f4-transfer-s223-m1-r1-t3-c2-l4-d2-tr2-a2,CJ-E,micro,timing_transfer,3347992330440886388,223,true,true,3,2,4,2,2,2,true,false,0,18,1,3,3,2,80,LOWER_BOUND,272,2,1,0,0,0,1,0,0,0,NA,0,false,30,30,2,2,0,0,0,0,false,0,false,false,true,false,2732446870051168737,7069743367909305589,true
f4-transfer-s223-m1-r1-t3-c2-l4-d3-tr2-a2,CJ-E,micro,timing_transfer,589837982328881314,223,true,true,3,2,4,3,2,2,true,false,0,18,1,3,3,2,80,LOWER_BOUND,272,2,1,0,0,0,1,0,0,0,NA,0,false,30,30,2,2,0,0,0,0,false,0,false,false,true,false,13465975394982818179,7069743367909305589,true
f4-transfer-s223-m1-r1-t3-c2-l4-d4-tr2-a2,CJ-E,micro,timing_transfer,8617642445894033040,223,true,true,3,2,4,4,2,2,true,false,0,18,1,3,3,2,80,LOWER_BOUND,272,2,1,0,0,0,1,0,0,0,NA,0,false,30,30,2,2,0,0,0,0,false,0,false,false,true,false,11858719786221227737,7069743367909305589,true
f4-transfer-s223-m1-r1-t3-c2-l4-d5-tr2-a2,CJ-E,micro,timing_transfer,6102416184009567986,223,true,true,3,2,4,5,2,2,true,false,0,18,1,3,3,2,80,LOWER_BOUND,272,2,1,0,0,0,1,0,0,0,NA,0,false,30,30,2,2,0,0,0,0,false,0,false,false,true,false,15439492560904440783,7069743367909305589,true
f4-transfer-s223-m1-r1-t3-c2-l4-d-1-tr4-a2,CJ-E,micro,timing_transfer,15247861802022980720,223,true,true,3,2,4,-1,4,2,true,false,0,19,2,3,3,2,80,LOWER_BOUND,272,2,1,0,0,0,1,0,0,0,NA,0,false,30,30,2,2,0,0,0,0,false,0,false,false,true,false,8298258751592667639,7069743367909305589,true
f4-transfer-s223-m1-r1-t3-c2-l4-d0-tr4-a2,CJ-E,micro,timing_transfer,2759482082090050499,223,true,true,3,2,4,0,4,2,true,true,0,30,1,4,4,2,80,LOWER_BOUND,272,2,1,0,0,0,2,0,1,1,NA,1,false,30,30,2,2,0,0,0,1,false,0,false,false,true,false,5809238938261181906,7069743367909305589,true
f4-transfer-s223-m1-r1-t3-c2-l4-d1-tr4-a2,CJ-E,micro,timing_transfer,3351697096505321310,223,true,true,3,2,4,1,4,2,true,false,0,18,1,3,3,2,80,LOWER_BOUND,272,2,1,0,0,0,1,0,0,0,NA,0,false,30,30,2,2,0,0,0,0,false,0,false,false,true,false,12222636485318803695,7069743367909305589,true
f4-transfer-s223-m1-r1-t3-c2-l4-d2-tr4-a2,CJ-E,micro,timing_transfer,14657460418478892180,223,true,true,3,2,4,2,4,2,true,false,0,18,1,3,3,2,80,LOWER_BOUND,272,2,1,0,0,0,1,0,0,0,NA,0,false,30,30,2,2,0,0,0,0,false,0,false,false,true,false,2732446870051168737,7069743367909305589,true
f4-transfer-s223-m1-r1-t3-c2-l4-d3-tr4-a2,CJ-E,micro,timing_transfer,9522434341771726902,223,true,true,3,2,4,3,4,2,true,false,0,18,1,3,3,2,80,LOWER_BOUND,272,2,1,0,0,0,1,0,0,0,NA,0,false,30,30,2,2,0,0,0,0,false,0,false,false,true,false,13465975394982818179,7069743367909305589,true
f4-transfer-s223-m1-r1-t3-c2-l4-d4-tr4-a2,CJ-E,micro,timing_transfer,2092676045690813696,223,true,true,3,2,4,4,4,2,true,false,0,18,1,3,3,2,80,LOWER_BOUND,272,2,1,0,0,0,1,0,0,0,NA,0,false,30,30,2,2,0,0,0,0,false,0,false,false,true,false,11858719786221227737,7069743367909305589,true
f4-transfer-s223-m1-r1-t3-c2-l4-d5-tr4-a2,CJ-E,micro,timing_transfer,14855616180881175918,223,true,true,3,2,4,5,4,2,true,false,0,18,1,3,3,2,80,LOWER_BOUND,272,2,1,0,0,0,1,0,0,0,NA,0,false,30,30,2,2,0,0,0,0,false,0,false,false,true,false,15439492560904440783,7069743367909305589,true
ctl-initial-ab-s223-m1-r1-t3-c2-l4-d0-tr0-a2,CJ-E,micro,shared_control,10819370088732652348,223,true,true,3,2,4,0,0,2,true,true,45,31,2,10,10,2,80,LOWER_BOUND,272,2,1,0,0,3,5,0,1,2,NA,2,false,30,36,2,2,0,0,0,1,false,0,true,false,true,false,15574663707398293461,215654535443406962,true
ctl-initial-cd-s223-m1-r1-t3-c2-l4-d0-tr0-a2,CJ-E,micro,shared_control,2273235189646361512,223,true,true,3,2,4,0,0,2,true,true,45,31,2,10,10,2,80,LOWER_BOUND,272,2,1,0,0,3,5,0,1,2,NA,2,false,30,36,2,2,0,0,0,1,false,0,true,false,true,false,15574663707398293461,215654535443406962,true
ctl-crossed-ad-s223-m1-r1-t3-c2-l4-d0-tr0-a2,CJ-E,micro,shared_control,14866303466185055844,223,true,true,3,2,4,0,0,2,false,false,0,13,0,2,2,1,40,LOWER_BOUND,272,2,1,0,0,0,1,0,0,0,NA,0,false,30,30,2,2,0,0,0,0,false,0,false,false,true,false,10194128929995040896,7069743367909305589,true
ctl-crossed-cb-s223-m1-r1-t3-c2-l4-d0-tr0-a2,CJ-E,micro,shared_control,18433235753794294316,223,true,true,3,2,4,0,0,2,false,false,0,13,0,2,2,1,40,LOWER_BOUND,272,2,1,0,0,0,1,0,0,0,NA,0,false,30,30,2,2,0,0,0,0,false,0,false,false,true,false,10194128929995040896,7069743367909305589,true
ctl-singleton-s223-m1-r1-t3-c2-l4-d0-tr0-a2,CJ-E,micro,shared_control,9699781032729339210,223,true,true,3,2,4,0,0,2,false,false,0,13,0,2,2,1,40,LOWER_BOUND,272,2,1,0,0,0,1,0,0,0,NA,0,false,30,30,2,2,0,0,0,0,false,0,false,false,true,false,10194128929995040896,7069743367909305589,true
ctl-old-self-evidence-s223-m1-r1-t3-c2-l4-d0-tr0-a6,CJ-E,micro,shared_control,15514760315733964593,223,true,true,3,2,4,0,0,6,true,true,115,2,23,8,8,6,240,LOWER_BOUND,1024,7,2,0,0,0,2,2,1,1,NA,1,false,3,2,2,2,0,0,0,0,true,0,false,false,true,false,18163564056086217367,13393228351271453877,true
ctl-blocked-return-s223-m1-r1-t3-c2-l4-d0-tr0-a6,CJ-E,micro,shared_control,7825051840971126348,223,true,true,3,2,4,0,0,6,true,true,115,2,23,8,8,6,240,LOWER_BOUND,1024,7,2,0,0,0,2,2,1,1,NA,1,false,3,2,2,2,0,0,0,0,true,0,false,false,true,false,18163564056086217367,13393228351271453877,true
ctl-stale-s223-m1-r1-t3-c2-l4-d0-tr0-a2,CJ-E,micro,shared_control,15208741662953726132,223,true,true,3,2,4,0,0,2,false,false,0,17,1,3,3,2,80,LOWER_BOUND,160,1,0,0,1,0,1,1,0,0,NA,1,false,1,0,2,0,0,0,0,0,false,0,false,false,true,false,8599684555952523862,6250147092319589920,true
ctl-deallocation-bootstrap-s223-m1-r1-t3-c2-l4-d0-tr0-a2,CJ-E,micro,shared_control,5006386945843315225,223,true,true,3,2,4,0,0,2,false,false,2,14,0,2,2,1,40,LOWER_BOUND,224,2,1,1,1,0,1,1,0,0,NA,0,false,1,1,1,1,0,2,14,0,false,0,false,false,true,false,9521769423389165261,1416321179264708448,true
ctl-ambiguity-s223-m1-r1-t3-c2-l4-d0-tr0-a2,CJ-E,micro,shared_control,11645185175085671084,223,true,true,3,2,4,0,0,2,true,true,0,80,10,8,8,4,160,LOWER_BOUND,544,4,0,0,0,0,4,0,0,2,NA,2,false,0,0,0,0,0,0,0,0,false,0,false,false,true,false,15460136500671013319,318638435820812705,true
ctl-recursion-s223-m1-r1-t3-c2-l4-d0-tr0-a2,CJ-E,micro,shared_control,15023517990097736039,223,true,true,3,2,4,0,0,2,true,true,0,71,6,8,8,4,160,LOWER_BOUND,496,4,0,0,0,0,4,0,3,1,NA,1,false,0,0,0,0,0,0,0,0,false,3,false,false,true,false,12929009462415131483,17830600380412325086,true
ctl-replay-s223-m1-r1-t3-c2-l4-d0-tr0-a2,CJ-E,micro,shared_control,14094601411670518404,223,true,true,3,2,4,0,0,2,true,true,0,30,1,4,4,2,80,LOWER_BOUND,272,2,1,0,0,0,2,0,1,1,NA,1,false,30,30,2,2,0,0,0,1,false,0,false,true,true,false,5809238938261181906,7069743367909305589,true
