row_id,candidate,stage,family,spec_fingerprint,seed,mirror,reverse_insertion,threshold,coupling,load,spacing,train_spacing,allocation,genuine,expected_effect,learning_work,execution_work,queue_work,delivered,generation_checks,temporary_peak_count,temporary_peak_bytes_lower_bound,temporary_accounting,persistent_bytes,arrow_records,live_structures,proposals,deallocations,return_updates,eligibility_writes,pressure_updates,locus_firings,effect_firings,transmissions,crossings,false_conjunction,resistance_start,resistance_end,coupling_start,coupling_end,reversal_cost,deallocation_cost,reacquisition_cost,timing_tolerance,dense_attribution_ok,recursion_depth,heldout_reuse,replay_equal,naturally_quiescent,runaway,complete_fingerprint,permanent_fingerprint,row_pass
coverage-correction-v2-burst-4-s1211-m0-r0-t2-c1-l0-d1-tr0-a2,CJ-E,micro,same_source_bursts,523806974165260786,1211,false,false,2,1,0,1,0,2,false,false,0,67,12,8,8,4,160,LOWER_BOUND,272,2,0,0,0,3,4,0,0,0,NA,0,false,0,0,0,0,0,0,0,0,false,0,false,false,true,false,15094705126331831572,1192105367538306116,true
coverage-correction-v2-blocked-late-return-s1211-m0-r0-t2-c1-l0-d0-tr0-a6,CJ-E,micro,dense_return_topology,260078269545050664,1211,false,false,2,1,0,0,0,6,true,true,45,20,1,6,6,2,80,LOWER_BOUND,832,7,2,0,0,0,3,2,1,1,NA,1,false,3,2,1,1,0,0,0,0,true,0,false,false,true,false,18309918759336958861,18360118619101795627,true
coverage-correction-v2-timing-transfer-s1211-m0-r0-t2-c1-l0-d-1-tr0-a2,CJ-E,micro,timing_transfer,8582874726210930419,1211,false,false,2,1,0,-1,0,2,true,false,48,19,3,9,9,2,80,LOWER_BOUND,272,2,0,0,0,2,4,3,1,0,NA,1,false,0,0,0,0,0,0,0,0,false,0,false,false,true,false,9341221135348151999,618812779026321614,true
coverage-correction-v2-timing-transfer-s1211-m0-r0-t2-c1-l0-d0-tr0-a2,CJ-E,micro,timing_transfer,2992316523271747075,1211,false,false,2,1,0,0,0,2,true,false,48,30,2,10,10,2,80,LOWER_BOUND,272,2,0,0,0,2,5,3,1,1,NA,2,false,0,0,0,0,0,0,0,1,false,0,true,false,true,false,9460748011776810679,618812779026321614,true
coverage-correction-v2-timing-transfer-s1211-m0-r0-t2-c1-l0-d1-tr0-a2,CJ-E,micro,timing_transfer,4262858607857362089,1211,false,false,2,1,0,1,0,2,true,false,48,18,2,9,9,2,80,LOWER_BOUND,272,2,0,0,0,2,4,3,1,0,NA,1,false,0,0,0,0,0,0,0,0,false,0,false,false,true,false,6680825498380906051,618812779026321614,true
coverage-correction-v2-timing-transfer-s1211-m0-r0-t2-c1-l0-d2-tr0-a2,CJ-E,micro,timing_transfer,14409471513018332307,1211,false,false,2,1,0,2,0,2,true,false,48,18,2,9,9,2,80,LOWER_BOUND,272,2,0,0,0,2,4,3,1,0,NA,1,false,0,0,0,0,0,0,0,0,false,0,false,false,true,false,8019877244163372881,618812779026321614,true
coverage-correction-v2-timing-transfer-s1211-m0-r0-t2-c1-l0-d3-tr0-a2,CJ-E,micro,timing_transfer,656396120686223661,1211,false,false,2,1,0,3,0,2,true,false,48,18,2,9,9,2,80,LOWER_BOUND,272,2,0,0,0,2,4,3,1,0,NA,1,false,0,0,0,0,0,0,0,0,false,0,false,false,true,false,5368709714808949011,618812779026321614,true
coverage-correction-v2-timing-transfer-s1211-m0-r0-t2-c1-l0-d4-tr0-a2,CJ-E,micro,timing_transfer,6892618633618189803,1211,false,false,2,1,0,4,0,2,true,false,48,18,2,9,9,2,80,LOWER_BOUND,272,2,0,0,0,2,4,3,1,0,NA,1,false,0,0,0,0,0,0,0,0,false,0,false,false,true,false,8328389916460494149,618812779026321614,true
coverage-correction-v2-timing-transfer-s1211-m0-r0-t2-c1-l0-d5-tr0-a2,CJ-E,micro,timing_transfer,6491018559228169689,1211,false,false,2,1,0,5,0,2,true,false,48,18,2,9,9,2,80,LOWER_BOUND,272,2,0,0,0,2,4,3,1,0,NA,1,false,0,0,0,0,0,0,0,0,false,0,false,false,true,false,4811137757627466467,618812779026321614,true
coverage-correction-v2-timing-transfer-s1211-m0-r0-t2-c1-l0-d-1-tr2-a2,CJ-E,micro,timing_transfer,3270022331588639847,1211,false,false,2,1,0,-1,2,2,true,false,35,19,3,8,8,2,80,LOWER_BOUND,272,2,0,0,0,1,3,3,0,0,NA,0,false,0,0,0,0,0,0,0,0,false,0,false,false,true,false,13820195983753533339,3023781310061408981,true
coverage-correction-v2-timing-transfer-s1211-m0-r0-t2-c1-l0-d0-tr2-a2,CJ-E,micro,timing_transfer,3356533665709990247,1211,false,false,2,1,0,0,2,2,true,false,35,30,2,9,9,2,80,LOWER_BOUND,272,2,0,0,0,1,4,3,0,1,NA,1,false,0,0,0,0,0,0,0,1,false,0,true,false,true,false,3867519731735521955,3023781310061408981,true
coverage-correction-v2-timing-transfer-s1211-m0-r0-t2-c1-l0-d1-tr2-a2,CJ-E,micro,timing_transfer,365700971137703121,1211,false,false,2,1,0,1,2,2,true,false,35,18,2,8,8,2,80,LOWER_BOUND,272,2,0,0,0,1,3,3,0,0,NA,0,false,0,0,0,0,0,0,0,0,false,0,false,false,true,false,718654694217721579,3023781310061408981,true
coverage-correction-v2-timing-transfer-s1211-m0-r0-t2-c1-l0-d2-tr2-a2,CJ-E,micro,timing_transfer,7397877216643357807,1211,false,false,2,1,0,2,2,2,true,false,35,18,2,8,8,2,80,LOWER_BOUND,272,2,0,0,0,1,3,3,0,0,NA,0,false,0,0,0,0,0,0,0,0,false,0,false,false,true,false,4785778393409223825,3023781310061408981,true
coverage-correction-v2-timing-transfer-s1211-m0-r0-t2-c1-l0-d3-tr2-a2,CJ-E,micro,timing_transfer,3875955829111961957,1211,false,false,2,1,0,3,2,2,true,false,35,18,2,8,8,2,80,LOWER_BOUND,272,2,0,0,0,1,3,3,0,0,NA,0,false,0,0,0,0,0,0,0,0,false,0,false,false,true,false,16289002154686345595,3023781310061408981,true
coverage-correction-v2-timing-transfer-s1211-m0-r0-t2-c1-l0-d4-tr2-a2,CJ-E,micro,timing_transfer,16725772315767436119,1211,false,false,2,1,0,4,2,2,true,false,35,18,2,8,8,2,80,LOWER_BOUND,272,2,0,0,0,1,3,3,0,0,NA,0,false,0,0,0,0,0,0,0,0,false,0,false,false,true,false,5131003944399592269,3023781310061408981,true
coverage-correction-v2-timing-transfer-s1211-m0-r0-t2-c1-l0-d5-tr2-a2,CJ-E,micro,timing_transfer,15648480358812579985,1211,false,false,2,1,0,5,2,2,true,false,35,18,2,8,8,2,80,LOWER_BOUND,272,2,0,0,0,1,3,3,0,0,NA,0,false,0,0,0,0,0,0,0,0,false,0,false,false,true,false,15430344636624992099,3023781310061408981,true
coverage-correction-v2-timing-transfer-s1211-m0-r0-t2-c1-l0-d-1-tr4-a2,CJ-E,micro,timing_transfer,14068015607581059123,1211,false,false,2,1,0,-1,4,2,true,false,35,19,3,8,8,2,80,LOWER_BOUND,272,2,0,0,0,1,3,3,0,0,NA,0,false,0,0,0,0,0,0,0,0,false,0,false,false,true,false,13820195983753533339,3023781310061408981,true
coverage-correction-v2-timing-transfer-s1211-m0-r0-t2-c1-l0-d0-tr4-a2,CJ-E,micro,timing_transfer,9517508462083343379,1211,false,false,2,1,0,0,4,2,true,false,35,30,2,9,9,2,80,LOWER_BOUND,272,2,0,0,0,1,4,3,0,1,NA,1,false,0,0,0,0,0,0,0,1,false,0,true,false,true,false,3867519731735521955,3023781310061408981,true
coverage-correction-v2-timing-transfer-s1211-m0-r0-t2-c1-l0-d1-tr4-a2,CJ-E,micro,timing_transfer,14388600706955961233,1211,false,false,2,1,0,1,4,2,true,false,35,18,2,8,8,2,80,LOWER_BOUND,272,2,0,0,0,1,3,3,0,0,NA,0,false,0,0,0,0,0,0,0,0,false,0,false,false,true,false,718654694217721579,3023781310061408981,true
coverage-correction-v2-timing-transfer-s1211-m0-r0-t2-c1-l0-d2-tr4-a2,CJ-E,micro,timing_transfer,13205679352391954555,1211,false,false,2,1,0,2,4,2,true,false,35,18,2,8,8,2,80,LOWER_BOUND,272,2,0,0,0,1,3,3,0,0,NA,0,false,0,0,0,0,0,0,0,0,false,0,false,false,true,false,4785778393409223825,3023781310061408981,true
coverage-correction-v2-timing-transfer-s1211-m0-r0-t2-c1-l0-d3-tr4-a2,CJ-E,micro,timing_transfer,3107443172168541909,1211,false,false,2,1,0,3,4,2,true,false,35,18,2,8,8,2,80,LOWER_BOUND,272,2,0,0,0,1,3,3,0,0,NA,0,false,0,0,0,0,0,0,0,0,false,0,false,false,true,false,16289002154686345595,3023781310061408981,true
coverage-correction-v2-timing-transfer-s1211-m0-r0-t2-c1-l0-d4-tr4-a2,CJ-E,micro,timing_transfer,16962259619888898299,1211,false,false,2,1,0,4,4,2,true,false,35,18,2,8,8,2,80,LOWER_BOUND,272,2,0,0,0,1,3,3,0,0,NA,0,false,0,0,0,0,0,0,0,0,false,0,false,false,true,false,5131003944399592269,3023781310061408981,true
coverage-correction-v2-timing-transfer-s1211-m0-r0-t2-c1-l0-d5-tr4-a2,CJ-E,micro,timing_transfer,16331930284092513041,1211,false,false,2,1,0,5,4,2,true,false,35,18,2,8,8,2,80,LOWER_BOUND,272,2,0,0,0,1,3,3,0,0,NA,0,false,0,0,0,0,0,0,0,0,false,0,false,false,true,false,15430344636624992099,3023781310061408981,true
coverage-correction-v2-contemporary-reversal-s1211-m0-r0-t2-c1-l0-d0-tr0-a2,CJ-E,micro,shared_control,9342224093750688229,1211,false,false,2,1,0,0,0,2,true,true,613,240,166,61,61,4,160,LOWER_BOUND,848,8,2,2,0,40,44,8,2,4,NA,12,false,1,15,1,2,853,0,145,0,false,0,false,false,true,false,17442079434975350101,5450725748068948160,false
coverage-correction-v2-burst-4-s1211-m0-r0-t2-c1-l4-d1-tr0-a2,CJ-E,micro,same_source_bursts,6872040571049817234,1211,false,false,2,1,4,1,0,2,false,false,0,67,12,8,8,4,160,LOWER_BOUND,272,2,0,0,0,3,4,0,0,0,NA,0,false,0,0,0,0,0,0,0,0,false,0,false,false,true,false,15094705126331831572,1192105367538306116,true
coverage-correction-v2-blocked-late-return-s1211-m0-r0-t2-c1-l4-d0-tr0-a6,CJ-E,micro,dense_return_topology,16723810723943575368,1211,false,false,2,1,4,0,0,6,true,true,115,20,23,10,10,6,240,LOWER_BOUND,1024,7,2,0,0,0,3,2,1,1,NA,1,false,3,2,1,1,0,0,0,0,true,0,false,false,true,false,13801791492430441443,220392661679749133,true
coverage-correction-v2-timing-transfer-s1211-m0-r0-t2-c1-l4-d-1-tr0-a2,CJ-E,micro,timing_transfer,18142177106911492891,1211,false,false,2,1,4,-1,0,2,true,false,48,19,3,9,9,2,80,LOWER_BOUND,272,2,0,0,0,2,4,3,1,0,NA,1,false,0,0,0,0,0,0,0,0,false,0,false,false,true,false,9341221135348151999,618812779026321614,true
coverage-correction-v2-timing-transfer-s1211-m0-r0-t2-c1-l4-d0-tr0-a2,CJ-E,micro,timing_transfer,1300498446031740531,1211,false,false,2,1,4,0,0,2,true,false,48,30,2,10,10,2,80,LOWER_BOUND,272,2,0,0,0,2,5,3,1,1,NA,2,false,0,0,0,0,0,0,0,1,false,0,true,false,true,false,9460748011776810679,618812779026321614,true
coverage-correction-v2-timing-transfer-s1211-m0-r0-t2-c1-l4-d1-tr0-a2,CJ-E,micro,timing_transfer,15950745891371559233,1211,false,false,2,1,4,1,0,2,true,false,48,18,2,9,9,2,80,LOWER_BOUND,272,2,0,0,0,2,4,3,1,0,NA,1,false,0,0,0,0,0,0,0,0,false,0,false,false,true,false,6680825498380906051,618812779026321614,true
coverage-correction-v2-timing-transfer-s1211-m0-r0-t2-c1-l4-d2-tr0-a2,CJ-E,micro,timing_transfer,8297733974492316419,1211,false,false,2,1,4,2,0,2,true,false,48,18,2,9,9,2,80,LOWER_BOUND,272,2,0,0,0,2,4,3,1,0,NA,1,false,0,0,0,0,0,0,0,0,false,0,false,false,true,false,8019877244163372881,618812779026321614,true
coverage-correction-v2-timing-transfer-s1211-m0-r0-t2-c1-l4-d3-tr0-a2,CJ-E,micro,timing_transfer,13609953314691369869,1211,false,false,2,1,4,3,0,2,true,false,48,18,2,9,9,2,80,LOWER_BOUND,272,2,0,0,0,2,4,3,1,0,NA,1,false,0,0,0,0,0,0,0,0,false,0,false,false,true,false,5368709714808949011,618812779026321614,true
coverage-correction-v2-timing-transfer-s1211-m0-r0-t2-c1-l4-d4-tr0-a2,CJ-E,micro,timing_transfer,7260269683613008907,1211,false,false,2,1,4,4,0,2,true,false,48,18,2,9,9,2,80,LOWER_BOUND,272,2,0,0,0,2,4,3,1,0,NA,1,false,0,0,0,0,0,0,0,0,false,0,false,false,true,false,8328389916460494149,618812779026321614,true
coverage-correction-v2-timing-transfer-s1211-m0-r0-t2-c1-l4-d5-tr0-a2,CJ-E,micro,timing_transfer,2867463179265756785,1211,false,false,2,1,4,5,0,2,true,false,48,18,2,9,9,2,80,LOWER_BOUND,272,2,0,0,0,2,4,3,1,0,NA,1,false,0,0,0,0,0,0,0,0,false,0,false,false,true,false,4811137757627466467,618812779026321614,true
coverage-correction-v2-timing-transfer-s1211-m0-r0-t2-c1-l4-d-1-tr2-a2,CJ-E,micro,timing_transfer,18373730883088126695,1211,false,false,2,1,4,-1,2,2,true,false,35,19,3,8,8,2,80,LOWER_BOUND,272,2,0,0,0,1,3,3,0,0,NA,0,false,0,0,0,0,0,0,0,0,false,0,false,false,true,false,13820195983753533339,3023781310061408981,true
coverage-correction-v2-timing-transfer-s1211-m0-r0-t2-c1-l4-d0-tr2-a2,CJ-E,micro,timing_transfer,13400630676716822143,1211,false,false,2,1,4,0,2,2,true,false,35,30,2,9,9,2,80,LOWER_BOUND,272,2,0,0,0,1,4,3,0,1,NA,1,false,0,0,0,0,0,0,0,1,false,0,true,false,true,false,3867519731735521955,3023781310061408981,true
coverage-correction-v2-timing-transfer-s1211-m0-r0-t2-c1-l4-d1-tr2-a2,CJ-E,micro,timing_transfer,4707192882193807737,1211,false,false,2,1,4,1,2,2,true,false,35,18,2,8,8,2,80,LOWER_BOUND,272,2,0,0,0,1,3,3,0,0,NA,0,false,0,0,0,0,0,0,0,0,false,0,false,false,true,false,718654694217721579,3023781310061408981,true
coverage-correction-v2-timing-transfer-s1211-m0-r0-t2-c1-l4-d2-tr2-a2,CJ-E,micro,timing_transfer,3036442112703088295,1211,false,false,2,1,4,2,2,2,true,false,35,18,2,8,8,2,80,LOWER_BOUND,272,2,0,0,0,1,3,3,0,0,NA,0,false,0,0,0,0,0,0,0,0,false,0,false,false,true,false,4785778393409223825,3023781310061408981,true
coverage-correction-v2-timing-transfer-s1211-m0-r0-t2-c1-l4-d3-tr2-a2,CJ-E,micro,timing_transfer,811274087459565397,1211,false,false,2,1,4,3,2,2,true,false,35,18,2,8,8,2,80,LOWER_BOUND,272,2,0,0,0,1,3,3,0,0,NA,0,false,0,0,0,0,0,0,0,0,false,0,false,false,true,false,16289002154686345595,3023781310061408981,true
coverage-correction-v2-timing-transfer-s1211-m0-r0-t2-c1-l4-d4-tr2-a2,CJ-E,micro,timing_transfer,5836071076421684367,1211,false,false,2,1,4,4,2,2,true,false,35,18,2,8,8,2,80,LOWER_BOUND,272,2,0,0,0,1,3,3,0,0,NA,0,false,0,0,0,0,0,0,0,0,false,0,false,false,true,false,5131003944399592269,3023781310061408981,true
coverage-correction-v2-timing-transfer-s1211-m0-r0-t2-c1-l4-d5-tr2-a2,CJ-E,micro,timing_transfer,15496086689034396185,1211,false,false,2,1,4,5,2,2,true,false,35,18,2,8,8,2,80,LOWER_BOUND,272,2,0,0,0,1,3,3,0,0,NA,0,false,0,0,0,0,0,0,0,0,false,0,false,false,true,false,15430344636624992099,3023781310061408981,true
coverage-correction-v2-timing-transfer-s1211-m0-r0-t2-c1-l4-d-1-tr4-a2,CJ-E,micro,timing_transfer,6357619991783387051,1211,false,false,2,1,4,-1,4,2,true,false,35,19,3,8,8,2,80,LOWER_BOUND,272,2,0,0,0,1,3,3,0,0,NA,0,false,0,0,0,0,0,0,0,0,false,0,false,false,true,false,13820195983753533339,3023781310061408981,true
coverage-correction-v2-timing-transfer-s1211-m0-r0-t2-c1-l4-d0-tr4-a2,CJ-E,micro,timing_transfer,8828207179220906467,1211,false,false,2,1,4,0,4,2,true,false,35,30,2,9,9,2,80,LOWER_BOUND,272,2,0,0,0,1,4,3,0,1,NA,1,false,0,0,0,0,0,0,0,1,false,0,true,false,true,false,3867519731735521955,3023781310061408981,true
coverage-correction-v2-timing-transfer-s1211-m0-r0-t2-c1-l4-d1-tr4-a2,CJ-E,micro,timing_transfer,17917960352778139353,1211,false,false,2,1,4,1,4,2,true,false,35,18,2,8,8,2,80,LOWER_BOUND,272,2,0,0,0,1,3,3,0,0,NA,0,false,0,0,0,0,0,0,0,0,false,0,false,false,true,false,718654694217721579,3023781310061408981,true
coverage-correction-v2-timing-transfer-s1211-m0-r0-t2-c1-l4-d2-tr4-a2,CJ-E,micro,timing_transfer,13476469829291437819,1211,false,false,2,1,4,2,4,2,true,false,35,18,2,8,8,2,80,LOWER_BOUND,272,2,0,0,0,1,3,3,0,0,NA,0,false,0,0,0,0,0,0,0,0,false,0,false,false,true,false,4785778393409223825,3023781310061408981,true
coverage-correction-v2-timing-transfer-s1211-m0-r0-t2-c1-l4-d3-tr4-a2,CJ-E,micro,timing_transfer,8852203063322444165,1211,false,false,2,1,4,3,4,2,true,false,35,18,2,8,8,2,80,LOWER_BOUND,272,2,0,0,0,1,3,3,0,0,NA,0,false,0,0,0,0,0,0,0,0,false,0,false,false,true,false,16289002154686345595,3023781310061408981,true
coverage-correction-v2-timing-transfer-s1211-m0-r0-t2-c1-l4-d4-tr4-a2,CJ-E,micro,timing_transfer,11782863254407330171,1211,false,false,2,1,4,4,4,2,true,false,35,18,2,8,8,2,80,LOWER_BOUND,272,2,0,0,0,1,3,3,0,0,NA,0,false,0,0,0,0,0,0,0,0,false,0,false,false,true,false,5131003944399592269,3023781310061408981,true
coverage-correction-v2-timing-transfer-s1211-m0-r0-t2-c1-l4-d5-tr4-a2,CJ-E,micro,timing_transfer,1251772088347353529,1211,false,false,2,1,4,5,4,2,true,false,35,18,2,8,8,2,80,LOWER_BOUND,272,2,0,0,0,1,3,3,0,0,NA,0,false,0,0,0,0,0,0,0,0,false,0,false,false,true,false,15430344636624992099,3023781310061408981,true
coverage-correction-v2-contemporary-reversal-s1211-m0-r0-t2-c1-l4-d0-tr0-a2,CJ-E,micro,shared_control,10610496607319929629,1211,false,false,2,1,4,0,0,2,true,true,613,240,166,61,61,4,160,LOWER_BOUND,848,8,2,2,0,40,44,8,2,4,NA,12,false,1,15,1,2,853,0,145,0,false,0,false,false,true,false,17442079434975350101,5450725748068948160,false
coverage-correction-v2-burst-4-s1211-m0-r0-t2-c2-l0-d1-tr0-a2,CJ-E,micro,same_source_bursts,18196513351909379844,1211,false,false,2,2,0,1,0,2,false,false,0,94,14,10,10,4,160,LOWER_BOUND,272,2,0,0,0,4,6,0,2,2,NA,2,true,0,0,0,0,0,0,0,0,false,0,false,false,true,false,3461053582537652752,10730581328251910594,false
coverage-correction-v2-blocked-late-return-s1211-m0-r0-t2-c2-l0-d0-tr0-a6,CJ-E,micro,dense_return_topology,11334438902592470084,1211,false,false,2,2,0,0,0,6,true,true,45,20,1,6,6,2,80,LOWER_BOUND,832,7,2,0,0,0,3,2,1,1,NA,1,false,3,2,2,2,0,0,0,0,true,0,false,false,true,false,11636181304673931260,9069658550789197513,true
coverage-correction-v2-timing-transfer-s1211-m0-r0-t2-c2-l0-d-1-tr0-a2,CJ-E,micro,timing_transfer,7510769691660092403,1211,false,false,2,2,0,-1,0,2,true,false,48,31,3,10,10,2,80,LOWER_BOUND,272,2,0,0,0,2,5,3,1,1,NA,2,false,0,0,0,0,0,0,0,1,false,0,true,false,true,false,13803308596013679381,4507458022518287101,true
coverage-correction-v2-timing-transfer-s1211-m0-r0-t2-c2-l0-d0-tr0-a2,CJ-E,micro,timing_transfer,3415986926145495133,1211,false,false,2,2,0,0,0,2,true,false,48,30,2,10,10,2,80,LOWER_BOUND,272,2,0,0,0,2,5,3,1,1,NA,2,false,0,0,0,0,0,0,0,1,false,0,true,false,true,false,15113568321711406584,4507458022518287101,true
coverage-correction-v2-timing-transfer-s1211-m0-r0-t2-c2-l0-d1-tr0-a2,CJ-E,micro,timing_transfer,17849640640803277763,1211,false,false,2,2,0,1,0,2,true,false,48,18,2,9,9,2,80,LOWER_BOUND,272,2,0,0,0,2,4,3,1,0,NA,1,false,0,0,0,0,0,0,0,0,false,0,false,false,true,false,18288507047673997737,4507458022518287101,true
coverage-correction-v2-timing-transfer-s1211-m0-r0-t2-c2-l0-d2-tr0-a2,CJ-E,micro,timing_transfer,7909218858846926521,1211,false,false,2,2,0,2,0,2,true,false,48,18,2,9,9,2,80,LOWER_BOUND,272,2,0,0,0,2,4,3,1,0,NA,1,false,0,0,0,0,0,0,0,0,false,0,false,false,true,false,1473108765989596979,4507458022518287101,true
coverage-correction-v2-timing-transfer-s1211-m0-r0-t2-c2-l0-d3-tr0-a2,CJ-E,micro,timing_transfer,6736904240161811379,1211,false,false,2,2,0,3,0,2,true,false,48,18,2,9,9,2,80,LOWER_BOUND,272,2,0,0,0,2,4,3,1,0,NA,1,false,0,0,0,0,0,0,0,0,false,0,false,false,true,false,15716550570109377021,4507458022518287101,true
coverage-correction-v2-timing-transfer-s1211-m0-r0-t2-c2-l0-d4-tr0-a2,CJ-E,micro,timing_transfer,9160302120143912917,1211,false,false,2,2,0,4,0,2,true,false,48,18,2,9,9,2,80,LOWER_BOUND,272,2,0,0,0,2,4,3,1,0,NA,1,false,0,0,0,0,0,0,0,0,false,0,false,false,true,false,10264192111833952115,4507458022518287101,true
coverage-correction-v2-timing-transfer-s1211-m0-r0-t2-c2-l0-d5-tr0-a2,CJ-E,micro,timing_transfer,5777402683068118443,1211,false,false,2,2,0,5,0,2,true,false,48,18,2,9,9,2,80,LOWER_BOUND,272,2,0,0,0,2,4,3,1,0,NA,1,false,0,0,0,0,0,0,0,0,false,0,false,false,true,false,13018169244541656601,4507458022518287101,true
coverage-correction-v2-timing-transfer-s1211-m0-r0-t2-c2-l0-d-1-tr2-a2,CJ-E,micro,timing_transfer,14913894717633592371,1211,false,false,2,2,0,-1,2,2,true,false,48,31,3,10,10,2,80,LOWER_BOUND,272,2,0,0,0,1,5,4,0,1,NA,2,false,0,0,0,0,0,0,0,1,false,0,true,false,true,false,11010736413730181457,15811254881005619241,true
coverage-correction-v2-timing-transfer-s1211-m0-r0-t2-c2-l0-d0-tr2-a2,CJ-E,micro,timing_transfer,5153827445691831093,1211,false,false,2,2,0,0,2,2,true,false,48,30,2,10,10,2,80,LOWER_BOUND,272,2,0,0,0,1,5,4,0,1,NA,2,false,0,0,0,0,0,0,0,1,false,0,true,false,true,false,2685603497814338588,15811254881005619241,true
coverage-correction-v2-timing-transfer-s1211-m0-r0-t2-c2-l0-d1-tr2-a2,CJ-E,micro,timing_transfer,17399970610762853631,1211,false,false,2,2,0,1,2,2,true,false,48,18,2,9,9,2,80,LOWER_BOUND,272,2,0,0,0,1,4,4,0,0,NA,1,false,0,0,0,0,0,0,0,0,false,0,false,false,true,false,12311482874884828211,15811254881005619241,true
coverage-correction-v2-timing-transfer-s1211-m0-r0-t2-c2-l0-d2-tr2-a2,CJ-E,micro,timing_transfer,16158974544280370753,1211,false,false,2,2,0,2,2,2,true,false,48,18,2,9,9,2,80,LOWER_BOUND,272,2,0,0,0,1,4,4,0,0,NA,1,false,0,0,0,0,0,0,0,0,false,0,false,false,true,false,5696127084214794389,15811254881005619241,true
coverage-correction-v2-timing-transfer-s1211-m0-r0-t2-c2-l0-d3-tr2-a2,CJ-E,micro,timing_transfer,11625168448879589079,1211,false,false,2,2,0,3,2,2,true,false,48,18,2,9,9,2,80,LOWER_BOUND,272,2,0,0,0,1,4,4,0,0,NA,1,false,0,0,0,0,0,0,0,0,false,0,false,false,true,false,6832507974077475051,15811254881005619241,true
coverage-correction-v2-timing-transfer-s1211-m0-r0-t2-c2-l0-d4-tr2-a2,CJ-E,micro,timing_transfer,5126271006185847517,1211,false,false,2,2,0,4,2,2,true,false,48,18,2,9,9,2,80,LOWER_BOUND,272,2,0,0,0,1,4,4,0,0,NA,1,false,0,0,0,0,0,0,0,0,false,0,false,false,true,false,853134297946867049,15811254881005619241,true
coverage-correction-v2-timing-transfer-s1211-m0-r0-t2-c2-l0-d5-tr2-a2,CJ-E,micro,timing_transfer,14347038486763367951,1211,false,false,2,2,0,5,2,2,true,false,48,18,2,9,9,2,80,LOWER_BOUND,272,2,0,0,0,1,4,4,0,0,NA,1,false,0,0,0,0,0,0,0,0,false,0,false,false,true,false,10043777475574694827,15811254881005619241,true
coverage-correction-v2-timing-transfer-s1211-m0-r0-t2-c2-l0-d-1-tr4-a2,CJ-E,micro,timing_transfer,1134646656543767155,1211,false,false,2,2,0,-1,4,2,true,false,48,31,3,10,10,2,80,LOWER_BOUND,272,2,0,0,0,1,5,4,0,1,NA,2,false,0,0,0,0,0,0,0,1,false,0,true,false,true,false,11010736413730181457,15811254881005619241,true
coverage-correction-v2-timing-transfer-s1211-m0-r0-t2-c2-l0-d0-tr4-a2,CJ-E,micro,timing_transfer,807785718344356805,1211,false,false,2,2,0,0,4,2,true,false,48,30,2,10,10,2,80,LOWER_BOUND,272,2,0,0,0,1,5,4,0,1,NA,2,false,0,0,0,0,0,0,0,1,false,0,true,false,true,false,2685603497814338588,15811254881005619241,true
coverage-correction-v2-timing-transfer-s1211-m0-r0-t2-c2-l0-d1-tr4-a2,CJ-E,micro,timing_transfer,5670028400023187627,1211,false,false,2,2,0,1,4,2,true,false,48,18,2,9,9,2,80,LOWER_BOUND,272,2,0,0,0,1,4,4,0,0,NA,1,false,0,0,0,0,0,0,0,0,false,0,false,false,true,false,690720906240216655,15811254881005619241,true
coverage-correction-v2-timing-transfer-s1211-m0-r0-t2-c2-l0-d2-tr4-a2,CJ-E,micro,timing_transfer,16977363006484865921,1211,false,false,2,2,0,2,4,2,true,false,48,18,2,9,9,2,80,LOWER_BOUND,272,2,0,0,0,1,4,4,0,0,NA,1,false,0,0,0,0,0,0,0,0,false,0,false,false,true,false,17835659536479094869,15811254881005619241,true
coverage-correction-v2-timing-transfer-s1211-m0-r0-t2-c2-l0-d3-tr4-a2,CJ-E,micro,timing_transfer,10990059080219971203,1211,false,false,2,2,0,3,4,2,true,false,48,18,2,9,9,2,80,LOWER_BOUND,272,2,0,0,0,1,4,4,0,0,NA,1,false,0,0,0,0,0,0,0,0,false,0,false,false,true,false,16108713180887227735,15811254881005619241,true
coverage-correction-v2-timing-transfer-s1211-m0-r0-t2-c2-l0-d4-tr4-a2,CJ-E,micro,timing_transfer,1979925110522426605,1211,false,false,2,2,0,4,4,2,true,false,48,18,2,9,9,2,80,LOWER_BOUND,272,2,0,0,0,1,4,4,0,0,NA,1,false,0,0,0,0,0,0,0,0,false,0,false,false,true,false,9115713344683888169,15811254881005619241,true
coverage-correction-v2-timing-transfer-s1211-m0-r0-t2-c2-l0-d5-tr4-a2,CJ-E,micro,timing_transfer,1496120009564165635,1211,false,false,2,2,0,5,4,2,true,false,48,18,2,9,9,2,80,LOWER_BOUND,272,2,0,0,0,1,4,4,0,0,NA,1,false,0,0,0,0,0,0,0,0,false,0,false,false,true,false,8305875099734585551,15811254881005619241,true
coverage-correction-v2-contemporary-reversal-s1211-m0-r0-t2-c2-l0-d0-tr0-a2,CJ-E,micro,shared_control,9040042833097724777,1211,false,false,2,2,0,0,0,2,true,true,613,240,166,61,61,4,160,LOWER_BOUND,848,8,2,2,0,40,44,8,2,4,NA,12,false,1,15,2,2,853,0,145,0,false,0,false,false,true,false,17442079434975350101,5450725748068948160,false
coverage-correction-v2-burst-4-s1211-m0-r0-t2-c2-l4-d1-tr0-a2,CJ-E,micro,same_source_bursts,15555712510258516388,1211,false,false,2,2,4,1,0,2,false,false,0,94,14,10,10,4,160,LOWER_BOUND,272,2,0,0,0,4,6,0,2,2,NA,2,true,0,0,0,0,0,0,0,0,false,0,false,false,true,false,3461053582537652752,10730581328251910594,false
coverage-correction-v2-blocked-late-return-s1211-m0-r0-t2-c2-l4-d0-tr0-a6,CJ-E,micro,dense_return_topology,13614103277741471204,1211,false,false,2,2,4,0,0,6,true,true,115,20,23,10,10,6,240,LOWER_BOUND,1024,7,2,0,0,0,3,2,1,1,NA,1,false,3,2,2,2,0,0,0,0,true,0,false,false,true,false,10544599158197619190,12815149890682451203,true
coverage-correction-v2-timing-transfer-s1211-m0-r0-t2-c2-l4-d-1-tr0-a2,CJ-E,micro,timing_transfer,8121419809958157787,1211,false,false,2,2,4,-1,0,2,true,false,48,31,3,10,10,2,80,LOWER_BOUND,272,2,0,0,0,2,5,3,1,1,NA,2,false,0,0,0,0,0,0,0,1,false,0,true,false,true,false,13803308596013679381,4507458022518287101,true
coverage-correction-v2-timing-transfer-s1211-m0-r0-t2-c2-l4-d0-tr0-a2,CJ-E,micro,timing_transfer,7789307483147419213,1211,false,false,2,2,4,0,0,2,true,false,48,30,2,10,10,2,80,LOWER_BOUND,272,2,0,0,0,2,5,3,1,1,NA,2,false,0,0,0,0,0,0,0,1,false,0,true,false,true,false,15113568321711406584,4507458022518287101,true
coverage-correction-v2-timing-transfer-s1211-m0-r0-t2-c2-l4-d1-tr0-a2,CJ-E,micro,timing_transfer,14962309648850195075,1211,false,false,2,2,4,1,0,2,true,false,48,18,2,9,9,2,80,LOWER_BOUND,272,2,0,0,0,2,4,3,1,0,NA,1,false,0,0,0,0,0,0,0,0,false,0,false,false,true,false,18288507047673997737,4507458022518287101,true
coverage-correction-v2-timing-transfer-s1211-m0-r0-t2-c2-l4-d2-tr0-a2,CJ-E,micro,timing_transfer,8415507853343719553,1211,false,false,2,2,4,2,0,2,true,false,48,18,2,9,9,2,80,LOWER_BOUND,272,2,0,0,0,2,4,3,1,0,NA,1,false,0,0,0,0,0,0,0,0,false,0,false,false,true,false,1473108765989596979,4507458022518287101,true
coverage-correction-v2-timing-transfer-s1211-m0-r0-t2-c2-l4-d3-tr0-a2,CJ-E,micro,timing_transfer,4132356755442724979,1211,false,false,2,2,4,3,0,2,true,false,48,18,2,9,9,2,80,LOWER_BOUND,272,2,0,0,0,2,4,3,1,0,NA,1,false,0,0,0,0,0,0,0,0,false,0,false,false,true,false,15716550570109377021,4507458022518287101,true
coverage-correction-v2-timing-transfer-s1211-m0-r0-t2-c2-l4-d4-tr0-a2,CJ-E,micro,timing_transfer,9583631659718750165,1211,false,false,2,2,4,4,0,2,true,false,48,18,2,9,9,2,80,LOWER_BOUND,272,2,0,0,0,2,4,3,1,0,NA,1,false,0,0,0,0,0,0,0,0,false,0,false,false,true,false,10264192111833952115,4507458022518287101,true
coverage-correction-v2-timing-transfer-s1211-m0-r0-t2-c2-l4-d5-tr0-a2,CJ-E,micro,timing_transfer,9529978794343620667,1211,false,false,2,2,4,5,0,2,true,false,48,18,2,9,9,2,80,LOWER_BOUND,272,2,0,0,0,2,4,3,1,0,NA,1,false,0,0,0,0,0,0,0,0,false,0,false,false,true,false,13018169244541656601,4507458022518287101,true
coverage-correction-v2-timing-transfer-s1211-m0-r0-t2-c2-l4-d-1-tr2-a2,CJ-E,micro,timing_transfer,8364980896257820427,1211,false,false,2,2,4,-1,2,2,true,false,48,31,3,10,10,2,80,LOWER_BOUND,272,2,0,0,0,1,5,4,0,1,NA,2,false,0,0,0,0,0,0,0,1,false,0,true,false,true,false,11010736413730181457,15811254881005619241,true
coverage-correction-v2-timing-transfer-s1211-m0-r0-t2-c2-l4-d0-tr2-a2,CJ-E,micro,timing_transfer,9943002071444948021,1211,false,false,2,2,4,0,2,2,true,false,48,30,2,10,10,2,80,LOWER_BOUND,272,2,0,0,0,1,5,4,0,1,NA,2,false,0,0,0,0,0,0,0,1,false,0,true,false,true,false,2685603497814338588,15811254881005619241,true
coverage-correction-v2-timing-transfer-s1211-m0-r0-t2-c2-l4-d1-tr2-a2,CJ-E,micro,timing_transfer,9163695871654673703,1211,false,false,2,2,4,1,2,2,true,false,48,18,2,9,9,2,80,LOWER_BOUND,272,2,0,0,0,1,4,4,0,0,NA,1,false,0,0,0,0,0,0,0,0,false,0,false,false,true,false,12311482874884828211,15811254881005619241,true
coverage-correction-v2-timing-transfer-s1211-m0-r0-t2-c2-l4-d2-tr2-a2,CJ-E,micro,timing_transfer,1194374357129420857,1211,false,false,2,2,4,2,2,2,true,false,48,18,2,9,9,2,80,LOWER_BOUND,272,2,0,0,0,1,4,4,0,0,NA,1,false,0,0,0,0,0,0,0,0,false,0,false,false,true,false,5696127084214794389,15811254881005619241,true
coverage-correction-v2-timing-transfer-s1211-m0-r0-t2-c2-l4-d3-tr2-a2,CJ-E,micro,timing_transfer,7813736513644004735,1211,false,false,2,2,4,3,2,2,true,false,48,18,2,9,9,2,80,LOWER_BOUND,272,2,0,0,0,1,4,4,0,0,NA,1,false,0,0,0,0,0,0,0,0,false,0,false,false,true,false,6832507974077475051,15811254881005619241,true
coverage-correction-v2-timing-transfer-s1211-m0-r0-t2-c2-l4-d4-tr2-a2,CJ-E,micro,timing_transfer,12277209528486824397,1211,false,false,2,2,4,4,2,2,true,false,48,18,2,9,9,2,80,LOWER_BOUND,272,2,0,0,0,1,4,4,0,0,NA,1,false,0,0,0,0,0,0,0,0,false,0,false,false,true,false,853134297946867049,15811254881005619241,true
coverage-correction-v2-timing-transfer-s1211-m0-r0-t2-c2-l4-d5-tr2-a2,CJ-E,micro,timing_transfer,14317143257634354551,1211,false,false,2,2,4,5,2,2,true,false,48,18,2,9,9,2,80,LOWER_BOUND,272,2,0,0,0,1,4,4,0,0,NA,1,false,0,0,0,0,0,0,0,0,false,0,false,false,true,false,10043777475574694827,15811254881005619241,true
coverage-correction-v2-timing-transfer-s1211-m0-r0-t2-c2-l4-d-1-tr4-a2,CJ-E,micro,timing_transfer,16589496374508289963,1211,false,false,2,2,4,-1,4,2,true,false,48,31,3,10,10,2,80,LOWER_BOUND,272,2,0,0,0,1,5,4,0,1,NA,2,false,0,0,0,0,0,0,0,1,false,0,true,false,true,false,11010736413730181457,15811254881005619241,true
coverage-correction-v2-timing-transfer-s1211-m0-r0-t2-c2-l4-d0-tr4-a2,CJ-E,micro,timing_transfer,9582360953795820101,1211,false,false,2,2,4,0,4,2,true,false,48,30,2,10,10,2,80,LOWER_BOUND,272,2,0,0,0,1,5,4,0,1,NA,2,false,0,0,0,0,0,0,0,1,false,0,true,false,true,false,2685603497814338588,15811254881005619241,true
coverage-correction-v2-timing-transfer-s1211-m0-r0-t2-c2-l4-d1-tr4-a2,CJ-E,micro,timing_transfer,13401354459746283131,1211,false,false,2,2,4,1,4,2,true,false,48,18,2,9,9,2,80,LOWER_BOUND,272,2,0,0,0,1,4,4,0,0,NA,1,false,0,0,0,0,0,0,0,0,false,0,false,false,true,false,690720906240216655,15811254881005619241,true
coverage-correction-v2-timing-transfer-s1211-m0-r0-t2-c2-l4-d2-tr4-a2,CJ-E,micro,timing_transfer,16322383060801547065,1211,false,false,2,2,4,2,4,2,true,false,48,18,2,9,9,2,80,LOWER_BOUND,272,2,0,0,0,1,4,4,0,0,NA,1,false,0,0,0,0,0,0,0,0,false,0,false,false,true,false,17835659536479094869,15811254881005619241,true
coverage-correction-v2-timing-transfer-s1211-m0-r0-t2-c2-l4-d3-tr4-a2,CJ-E,micro,timing_transfer,3660848467788709603,1211,false,false,2,2,4,3,4,2,true,false,48,18,2,9,9,2,80,LOWER_BOUND,272,2,0,0,0,1,4,4,0,0,NA,1,false,0,0,0,0,0,0,0,0,false,0,false,false,true,false,16108713180887227735,15811254881005619241,true
coverage-correction-v2-timing-transfer-s1211-m0-r0-t2-c2-l4-d4-tr4-a2,CJ-E,micro,timing_transfer,13946147967641224093,1211,false,false,2,2,4,4,4,2,true,false,48,18,2,9,9,2,80,LOWER_BOUND,272,2,0,0,0,1,4,4,0,0,NA,1,false,0,0,0,0,0,0,0,0,false,0,false,false,true,false,9115713344683888169,15811254881005619241,true
coverage-correction-v2-timing-transfer-s1211-m0-r0-t2-c2-l4-d5-tr4-a2,CJ-E,micro,timing_transfer,3436607656167952259,1211,false,false,2,2,4,5,4,2,true,false,48,18,2,9,9,2,80,LOWER_BOUND,272,2,0,0,0,1,4,4,0,0,NA,1,false,0,0,0,0,0,0,0,0,false,0,false,false,true,false,8305875099734585551,15811254881005619241,true
coverage-correction-v2-contemporary-reversal-s1211-m0-r0-t2-c2-l4-d0-tr0-a2,CJ-E,micro,shared_control,4715758173777089153,1211,false,false,2,2,4,0,0,2,true,true,613,240,166,61,61,4,160,LOWER_BOUND,848,8,2,2,0,40,44,8,2,4,NA,12,false,1,15,2,2,853,0,145,0,false,0,false,false,true,false,17442079434975350101,5450725748068948160,false
coverage-correction-v2-burst-4-s1211-m0-r0-t3-c1-l0-d1-tr0-a2,CJ-E,micro,same_source_bursts,2740035958635698538,1211,false,false,3,1,0,1,0,2,false,false,0,67,12,8,8,4,160,LOWER_BOUND,272,2,0,0,0,3,4,0,0,0,NA,0,false,0,0,0,0,0,0,0,0,false,0,false,false,true,false,6423009810609564049,2404196605808293389,true
coverage-correction-v2-blocked-late-return-s1211-m0-r0-t3-c1-l0-d0-tr0-a6,CJ-E,micro,dense_return_topology,9169031048583895662,1211,false,false,3,1,0,0,0,6,true,true,45,20,1,6,6,2,80,LOWER_BOUND,832,7,2,0,0,0,3,2,1,1,NA,1,false,3,2,1,1,0,0,0,0,true,0,false,false,true,false,5268872781780754518,11126146860692588812,true
coverage-correction-v2-timing-transfer-s1211-m0-r0-t3-c1-l0-d-1-tr0-a2,CJ-E,micro,timing_transfer,6634303213505480781,1211,false,false,3,1,0,-1,0,2,true,false,48,19,3,9,9,2,80,LOWER_BOUND,272,2,0,0,0,2,4,3,1,0,NA,1,false,0,0,0,0,0,0,0,0,false,0,false,false,true,false,15559063420336140363,6536205561355013451,true
coverage-correction-v2-timing-transfer-s1211-m0-r0-t3-c1-l0-d0-tr0-a2,CJ-E,micro,timing_transfer,11111539283216275051,1211,false,false,3,1,0,0,0,2,true,false,48,30,2,10,10,2,80,LOWER_BOUND,272,2,0,0,0,2,5,3,1,1,NA,2,false,0,0,0,0,0,0,0,1,false,0,true,false,true,false,18214304647363143906,6536205561355013451,true
coverage-correction-v2-timing-transfer-s1211-m0-r0-t3-c1-l0-d1-tr0-a2,CJ-E,micro,timing_transfer,12703460515404594445,1211,false,false,3,1,0,1,0,2,true,false,48,18,2,9,9,2,80,LOWER_BOUND,272,2,0,0,0,2,4,3,1,0,NA,1,false,0,0,0,0,0,0,0,0,false,0,false,false,true,false,14849500871452802851,6536205561355013451,true
coverage-correction-v2-timing-transfer-s1211-m0-r0-t3-c1-l0-d2-tr0-a2,CJ-E,micro,timing_transfer,17832096559560409071,1211,false,false,3,1,0,2,0,2,true,false,48,18,2,9,9,2,80,LOWER_BOUND,272,2,0,0,0,2,4,3,1,0,NA,1,false,0,0,0,0,0,0,0,0,false,0,false,false,true,false,2877007811019666156,6536205561355013451,true
coverage-correction-v2-timing-transfer-s1211-m0-r0-t3-c1-l0-d3-tr0-a2,CJ-E,micro,timing_transfer,3178657267891155573,1211,false,false,3,1,0,3,0,2,true,false,48,18,2,9,9,2,80,LOWER_BOUND,272,2,0,0,0,2,4,3,1,0,NA,1,false,0,0,0,0,0,0,0,0,false,0,false,false,true,false,7085644277006013638,6536205561355013451,true
coverage-correction-v2-timing-transfer-s1211-m0-r0-t3-c1-l0-d4-tr0-a2,CJ-E,micro,timing_transfer,6770258547690955747,1211,false,false,3,1,0,4,0,2,true,false,48,18,2,9,9,2,80,LOWER_BOUND,272,2,0,0,0,2,4,3,1,0,NA,1,false,0,0,0,0,0,0,0,0,false,0,false,false,true,false,13543435763543486456,6536205561355013451,true
coverage-correction-v2-timing-transfer-s1211-m0-r0-t3-c1-l0-d5-tr0-a2,CJ-E,micro,timing_transfer,9138465535107276085,1211,false,false,3,1,0,5,0,2,true,false,48,18,2,9,9,2,80,LOWER_BOUND,272,2,0,0,0,2,4,3,1,0,NA,1,false,0,0,0,0,0,0,0,0,false,0,false,false,true,false,4857960414512551286,6536205561355013451,true
coverage-correction-v2-timing-transfer-s1211-m0-r0-t3-c1-l0-d-1-tr2-a2,CJ-E,micro,timing_transfer,11200123884084157221,1211,false,false,3,1,0,-1,2,2,true,false,35,19,3,8,8,2,80,LOWER_BOUND,272,2,0,0,0,1,3,3,0,0,NA,0,false,0,0,0,0,0,0,0,0,false,0,false,false,true,false,4056268739066981039,10769004786410143052,true
coverage-correction-v2-timing-transfer-s1211-m0-r0-t3-c1-l0-d0-tr2-a2,CJ-E,micro,timing_transfer,8138863727588066251,1211,false,false,3,1,0,0,2,2,true,false,35,30,2,9,9,2,80,LOWER_BOUND,272,2,0,0,0,1,4,3,0,1,NA,1,false,0,0,0,0,0,0,0,1,false,0,true,false,true,false,2376435882300652794,10769004786410143052,true
coverage-correction-v2-timing-transfer-s1211-m0-r0-t3-c1-l0-d1-tr2-a2,CJ-E,micro,timing_transfer,18167938980428743681,1211,false,false,3,1,0,1,2,2,true,false,35,18,2,8,8,2,80,LOWER_BOUND,272,2,0,0,0,1,3,3,0,0,NA,0,false,0,0,0,0,0,0,0,0,false,0,false,false,true,false,15085341271937964171,10769004786410143052,true
coverage-correction-v2-timing-transfer-s1211-m0-r0-t3-c1-l0-d2-tr2-a2,CJ-E,micro,timing_transfer,17326784361208629455,1211,false,false,3,1,0,2,2,2,true,false,35,18,2,8,8,2,80,LOWER_BOUND,272,2,0,0,0,1,3,3,0,0,NA,0,false,0,0,0,0,0,0,0,0,false,0,false,false,true,false,4772014632742060788,10769004786410143052,true
coverage-correction-v2-timing-transfer-s1211-m0-r0-t3-c1-l0-d3-tr2-a2,CJ-E,micro,timing_transfer,6744370963523503361,1211,false,false,3,1,0,3,2,2,true,false,35,18,2,8,8,2,80,LOWER_BOUND,272,2,0,0,0,1,3,3,0,0,NA,0,false,0,0,0,0,0,0,0,0,false,0,false,false,true,false,4292263556772438958,10769004786410143052,true
coverage-correction-v2-timing-transfer-s1211-m0-r0-t3-c1-l0-d4-tr2-a2,CJ-E,micro,timing_transfer,10842513722996163827,1211,false,false,3,1,0,4,2,2,true,false,35,18,2,8,8,2,80,LOWER_BOUND,272,2,0,0,0,1,3,3,0,0,NA,0,false,0,0,0,0,0,0,0,0,false,0,false,false,true,false,3664207418624252328,10769004786410143052,true
coverage-correction-v2-timing-transfer-s1211-m0-r0-t3-c1-l0-d5-tr2-a2,CJ-E,micro,timing_transfer,14391493350406794417,1211,false,false,3,1,0,5,2,2,true,false,35,18,2,8,8,2,80,LOWER_BOUND,272,2,0,0,0,1,3,3,0,0,NA,0,false,0,0,0,0,0,0,0,0,false,0,false,false,true,false,11991969847341774310,10769004786410143052,true
coverage-correction-v2-timing-transfer-s1211-m0-r0-t3-c1-l0-d-1-tr4-a2,CJ-E,micro,timing_transfer,18265402876227518733,1211,false,false,3,1,0,-1,4,2,true,false,35,19,3,8,8,2,80,LOWER_BOUND,272,2,0,0,0,1,3,3,0,0,NA,0,false,0,0,0,0,0,0,0,0,false,0,false,false,true,false,4056268739066981039,10769004786410143052,true
coverage-correction-v2-timing-transfer-s1211-m0-r0-t3-c1-l0-d0-tr4-a2,CJ-E,micro,timing_transfer,6945967522799717747,1211,false,false,3,1,0,0,4,2,true,false,35,30,2,9,9,2,80,LOWER_BOUND,272,2,0,0,0,1,4,3,0,1,NA,1,false,0,0,0,0,0,0,0,1,false,0,true,false,true,false,2376435882300652794,10769004786410143052,true
coverage-correction-v2-timing-transfer-s1211-m0-r0-t3-c1-l0-d1-tr4-a2,CJ-E,micro,timing_transfer,13561237783677897013,1211,false,false,3,1,0,1,4,2,true,false,35,18,2,8,8,2,80,LOWER_BOUND,272,2,0,0,0,1,3,3,0,0,NA,0,false,0,0,0,0,0,0,0,0,false,0,false,false,true,false,15085341271937964171,10769004786410143052,true
coverage-correction-v2-timing-transfer-s1211-m0-r0-t3-c1-l0-d2-tr4-a2,CJ-E,micro,timing_transfer,9166815216966064983,1211,false,false,3,1,0,2,4,2,true,false,35,18,2,8,8,2,80,LOWER_BOUND,272,2,0,0,0,1,3,3,0,0,NA,0,false,0,0,0,0,0,0,0,0,false,0,false,false,true,false,4772014632742060788,10769004786410143052,true
coverage-correction-v2-timing-transfer-s1211-m0-r0-t3-c1-l0-d3-tr4-a2,CJ-E,micro,timing_transfer,163560772777443109,1211,false,false,3,1,0,3,4,2,true,false,35,18,2,8,8,2,80,LOWER_BOUND,272,2,0,0,0,1,3,3,0,0,NA,0,false,0,0,0,0,0,0,0,0,false,0,false,false,true,false,4292263556772438958,10769004786410143052,true
coverage-correction-v2-timing-transfer-s1211-m0-r0-t3-c1-l0-d4-tr4-a2,CJ-E,micro,timing_transfer,1549349060463571931,1211,false,false,3,1,0,4,4,2,true,false,35,18,2,8,8,2,80,LOWER_BOUND,272,2,0,0,0,1,3,3,0,0,NA,0,false,0,0,0,0,0,0,0,0,false,0,false,false,true,false,3664207418624252328,10769004786410143052,true
coverage-correction-v2-timing-transfer-s1211-m0-r0-t3-c1-l0-d5-tr4-a2,CJ-E,micro,timing_transfer,11834551080094474189,1211,false,false,3,1,0,5,4,2,true,false,35,18,2,8,8,2,80,LOWER_BOUND,272,2,0,0,0,1,3,3,0,0,NA,0,false,0,0,0,0,0,0,0,0,false,0,false,false,true,false,11991969847341774310,10769004786410143052,true
coverage-correction-v2-contemporary-reversal-s1211-m0-r0-t3-c1-l0-d0-tr0-a2,CJ-E,micro,shared_control,1032082800016361647,1211,false,false,3,1,0,0,0,2,true,true,613,240,166,61,61,4,160,LOWER_BOUND,848,8,2,2,0,40,44,8,2,4,NA,12,false,1,15,1,2,853,0,145,0,false,0,false,false,true,false,5353717949058787793,8558408989390700672,false
coverage-correction-v2-burst-4-s1211-m0-r0-t3-c1-l4-d1-tr0-a2,CJ-E,micro,same_source_bursts,17224103596898737130,1211,false,false,3,1,4,1,0,2,false,false,0,67,12,8,8,4,160,LOWER_BOUND,272,2,0,0,0,3,4,0,0,0,NA,0,false,0,0,0,0,0,0,0,0,false,0,false,false,true,false,6423009810609564049,2404196605808293389,true
coverage-correction-v2-blocked-late-return-s1211-m0-r0-t3-c1-l4-d0-tr0-a6,CJ-E,micro,dense_return_topology,12502556553514429838,1211,false,false,3,1,4,0,0,6,true,true,115,20,23,10,10,6,240,LOWER_BOUND,1024,7,2,0,0,0,3,2,1,1,NA,1,false,3,2,1,1,0,0,0,0,true,0,false,false,true,false,3891130354897175344,5038720327553447546,true
coverage-correction-v2-timing-transfer-s1211-m0-r0-t3-c1-l4-d-1-tr0-a2,CJ-E,micro,timing_transfer,12642168987271104949,1211,false,false,3,1,4,-1,0,2,true,false,48,19,3,9,9,2,80,LOWER_BOUND,272,2,0,0,0,2,4,3,1,0,NA,1,false,0,0,0,0,0,0,0,0,false,0,false,false,true,false,15559063420336140363,6536205561355013451,true
coverage-correction-v2-timing-transfer-s1211-m0-r0-t3-c1-l4-d0-tr0-a2,CJ-E,micro,timing_transfer,11519634780936197243,1211,false,false,3,1,4,0,0,2,true,false,48,30,2,10,10,2,80,LOWER_BOUND,272,2,0,0,0,2,5,3,1,1,NA,2,false,0,0,0,0,0,0,0,1,false,0,true,false,true,false,18214304647363143906,6536205561355013451,true
coverage-correction-v2-timing-transfer-s1211-m0-r0-t3-c1-l4-d1-tr0-a2,CJ-E,micro,timing_transfer,14114273169837845261,1211,false,false,3,1,4,1,0,2,true,false,48,18,2,9,9,2,80,LOWER_BOUND,272,2,0,0,0,2,4,3,1,0,NA,1,false,0,0,0,0,0,0,0,0,false,0,false,false,true,false,14849500871452802851,6536205561355013451,true
coverage-correction-v2-timing-transfer-s1211-m0-r0-t3-c1-l4-d2-tr0-a2,CJ-E,micro,timing_transfer,2397987196168801911,1211,false,false,3,1,4,2,0,2,true,false,48,18,2,9,9,2,80,LOWER_BOUND,272,2,0,0,0,2,4,3,1,0,NA,1,false,0,0,0,0,0,0,0,0,false,0,false,false,true,false,2877007811019666156,6536205561355013451,true
coverage-correction-v2-timing-transfer-s1211-m0-r0-t3-c1-l4-d3-tr0-a2,CJ-E,micro,timing_transfer,2432436624754481941,1211,false,false,3,1,4,3,0,2,true,false,48,18,2,9,9,2,80,LOWER_BOUND,272,2,0,0,0,2,4,3,1,0,NA,1,false,0,0,0,0,0,0,0,0,false,0,false,false,true,false,7085644277006013638,6536205561355013451,true
coverage-correction-v2-timing-transfer-s1211-m0-r0-t3-c1-l4-d4-tr0-a2,CJ-E,micro,timing_transfer,615821259502145475,1211,false,false,3,1,4,4,0,2,true,false,48,18,2,9,9,2,80,LOWER_BOUND,272,2,0,0,0,2,4,3,1,0,NA,1,false,0,0,0,0,0,0,0,0,false,0,false,false,true,false,13543435763543486456,6536205561355013451,true
coverage-correction-v2-timing-transfer-s1211-m0-r0-t3-c1-l4-d5-tr0-a2,CJ-E,micro,timing_transfer,110247524313630085,1211,false,false,3,1,4,5,0,2,true,false,48,18,2,9,9,2,80,LOWER_BOUND,272,2,0,0,0,2,4,3,1,0,NA,1,false,0,0,0,0,0,0,0,0,false,0,false,false,true,false,4857960414512551286,6536205561355013451,true
coverage-correction-v2-timing-transfer-s1211-m0-r0-t3-c1-l4-d-1-tr2-a2,CJ-E,micro,timing_transfer,1146339954310833693,1211,false,false,3,1,4,-1,2,2,true,false,35,19,3,8,8,2,80,LOWER_BOUND,272,2,0,0,0,1,3,3,0,0,NA,0,false,0,0,0,0,0,0,0,0,false,0,false,false,true,false,4056268739066981039,10769004786410143052,true
coverage-correction-v2-timing-transfer-s1211-m0-r0-t3-c1-l4-d0-tr2-a2,CJ-E,micro,timing_transfer,9552684154549235947,1211,false,false,3,1,4,0,2,2,true,false,35,30,2,9,9,2,80,LOWER_BOUND,272,2,0,0,0,1,4,3,0,1,NA,1,false,0,0,0,0,0,0,0,1,false,0,true,false,true,false,2376435882300652794,10769004786410143052,true
coverage-correction-v2-timing-transfer-s1211-m0-r0-t3-c1-l4-d1-tr2-a2,CJ-E,micro,timing_transfer,6629165126557321353,1211,false,false,3,1,4,1,2,2,true,false,35,18,2,8,8,2,80,LOWER_BOUND,272,2,0,0,0,1,3,3,0,0,NA,0,false,0,0,0,0,0,0,0,0,false,0,false,false,true,false,15085341271937964171,10769004786410143052,true
coverage-correction-v2-timing-transfer-s1211-m0-r0-t3-c1-l4-d2-tr2-a2,CJ-E,micro,timing_transfer,9287325786302324423,1211,false,false,3,1,4,2,2,2,true,false,35,18,2,8,8,2,80,LOWER_BOUND,272,2,0,0,0,1,3,3,0,0,NA,0,false,0,0,0,0,0,0,0,0,false,0,false,false,true,false,4772014632742060788,10769004786410143052,true
coverage-correction-v2-timing-transfer-s1211-m0-r0-t3-c1-l4-d3-tr2-a2,CJ-E,micro,timing_transfer,15033757896287074153,1211,false,false,3,1,4,3,2,2,true,false,35,18,2,8,8,2,80,LOWER_BOUND,272,2,0,0,0,1,3,3,0,0,NA,0,false,0,0,0,0,0,0,0,0,false,0,false,false,true,false,4292263556772438958,10769004786410143052,true
coverage-correction-v2-timing-transfer-s1211-m0-r0-t3-c1-l4-d4-tr2-a2,CJ-E,micro,timing_transfer,10952277723545726723,1211,false,false,3,1,4,4,2,2,true,false,35,18,2,8,8,2,80,LOWER_BOUND,272,2,0,0,0,1,3,3,0,0,NA,0,false,0,0,0,0,0,0,0,0,false,0,false,false,true,false,3664207418624252328,10769004786410143052,true
coverage-correction-v2-timing-transfer-s1211-m0-r0-t3-c1-l4-d5-tr2-a2,CJ-E,micro,timing_transfer,394611586634701817,1211,false,false,3,1,4,5,2,2,true,false,35,18,2,8,8,2,80,LOWER_BOUND,272,2,0,0,0,1,3,3,0,0,NA,0,false,0,0,0,0,0,0,0,0,false,0,false,false,true,false,11991969847341774310,10769004786410143052,true
coverage-correction-v2-timing-transfer-s1211-m0-r0-t3-c1-l4-d-1-tr4-a2,CJ-E,micro,timing_transfer,598250753773038469,1211,false,false,3,1,4,-1,4,2,true,false,35,19,3,8,8,2,80,LOWER_BOUND,272,2,0,0,0,1,3,3,0,0,NA,0,false,0,0,0,0,0,0,0,0,false,0,false,false,true,false,4056268739066981039,10769004786410143052,true
coverage-correction-v2-timing-transfer-s1211-m0-r0-t3-c1-l4-d0-tr4-a2,CJ-E,micro,timing_transfer,9225327463161482387,1211,false,false,3,1,4,0,4,2,true,false,35,30,2,9,9,2,80,LOWER_BOUND,272,2,0,0,0,1,4,3,0,1,NA,1,false,0,0,0,0,0,0,0,1,false,0,true,false,true,false,2376435882300652794,10769004786410143052,true
coverage-correction-v2-timing-transfer-s1211-m0-r0-t3-c1-l4-d1-tr4-a2,CJ-E,micro,timing_transfer,12721496964153817669,1211,false,false,3,1,4,1,4,2,true,false,35,18,2,8,8,2,80,LOWER_BOUND,272,2,0,0,0,1,3,3,0,0,NA,0,false,0,0,0,0,0,0,0,0,false,0,false,false,true,false,15085341271937964171,10769004786410143052,true
coverage-correction-v2-timing-transfer-s1211-m0-r0-t3-c1-l4-d2-tr4-a2,CJ-E,micro,timing_transfer,15079672997441895311,1211,false,false,3,1,4,2,4,2,true,false,35,18,2,8,8,2,80,LOWER_BOUND,272,2,0,0,0,1,3,3,0,0,NA,0,false,0,0,0,0,0,0,0,0,false,0,false,false,true,false,4772014632742060788,10769004786410143052,true
coverage-correction-v2-timing-transfer-s1211-m0-r0-t3-c1-l4-d3-tr4-a2,CJ-E,micro,timing_transfer,12040090434415476069,1211,false,false,3,1,4,3,4,2,true,false,35,18,2,8,8,2,80,LOWER_BOUND,272,2,0,0,0,1,3,3,0,0,NA,0,false,0,0,0,0,0,0,0,0,false,0,false,false,true,false,4292263556772438958,10769004786410143052,true
coverage-correction-v2-timing-transfer-s1211-m0-r0-t3-c1-l4-d4-tr4-a2,CJ-E,micro,timing_transfer,7682149856116364651,1211,false,false,3,1,4,4,4,2,true,false,35,18,2,8,8,2,80,LOWER_BOUND,272,2,0,0,0,1,3,3,0,0,NA,0,false,0,0,0,0,0,0,0,0,false,0,false,false,true,false,3664207418624252328,10769004786410143052,true
coverage-correction-v2-timing-transfer-s1211-m0-r0-t3-c1-l4-d5-tr4-a2,CJ-E,micro,timing_transfer,15819316011278940045,1211,false,false,3,1,4,5,4,2,true,false,35,18,2,8,8,2,80,LOWER_BOUND,272,2,0,0,0,1,3,3,0,0,NA,0,false,0,0,0,0,0,0,0,0,false,0,false,false,true,false,11991969847341774310,10769004786410143052,true
coverage-correction-v2-contemporary-reversal-s1211-m0-r0-t3-c1-l4-d0-tr0-a2,CJ-E,micro,shared_control,16595596555469682551,1211,false,false,3,1,4,0,0,2,true,true,613,240,166,61,61,4,160,LOWER_BOUND,848,8,2,2,0,40,44,8,2,4,NA,12,false,1,15,1,2,853,0,145,0,false,0,false,false,true,false,5353717949058787793,8558408989390700672,false
coverage-correction-v2-burst-4-s1211-m0-r0-t3-c2-l0-d1-tr0-a2,CJ-E,micro,same_source_bursts,7651129232351384156,1211,false,false,3,2,0,1,0,2,false,false,0,94,14,10,10,4,160,LOWER_BOUND,272,2,0,0,0,4,6,0,2,2,NA,2,true,0,0,0,0,0,0,0,0,false,0,false,false,true,false,8674001957643336001,13795012393206044091,false
coverage-correction-v2-blocked-late-return-s1211-m0-r0-t3-c2-l0-d0-tr0-a6,CJ-E,micro,dense_return_topology,686521445769468042,1211,false,false,3,2,0,0,0,6,true,true,45,20,1,6,6,2,80,LOWER_BOUND,832,7,2,0,0,0,3,2,1,1,NA,1,false,3,2,2,2,0,0,0,0,true,0,false,false,true,false,11304716786764228963,7753438616429617394,true
coverage-correction-v2-timing-transfer-s1211-m0-r0-t3-c2-l0-d-1-tr0-a2,CJ-E,micro,timing_transfer,17454750583688453029,1211,false,false,3,2,0,-1,0,2,true,false,48,19,3,9,9,2,80,LOWER_BOUND,272,2,0,0,0,2,4,3,1,0,NA,1,false,0,0,0,0,0,0,0,0,false,0,false,false,true,false,221941136317016068,16258406113185767632,true
coverage-correction-v2-timing-transfer-s1211-m0-r0-t3-c2-l0-d0-tr0-a2,CJ-E,micro,timing_transfer,5154856597322171845,1211,false,false,3,2,0,0,0,2,true,false,48,30,2,10,10,2,80,LOWER_BOUND,272,2,0,0,0,2,5,3,1,1,NA,2,false,0,0,0,0,0,0,0,1,false,0,true,false,true,false,3489190695158835541,16258406113185767632,true
coverage-correction-v2-timing-transfer-s1211-m0-r0-t3-c2-l0-d1-tr0-a2,CJ-E,micro,timing_transfer,10315419803441448959,1211,false,false,3,2,0,1,0,2,true,false,48,18,2,9,9,2,80,LOWER_BOUND,272,2,0,0,0,2,4,3,1,0,NA,1,false,0,0,0,0,0,0,0,0,false,0,false,false,true,false,16300977003344314852,16258406113185767632,true
coverage-correction-v2-timing-transfer-s1211-m0-r0-t3-c2-l0-d2-tr0-a2,CJ-E,micro,timing_transfer,13277072240006841213,1211,false,false,3,2,0,2,0,2,true,false,48,18,2,9,9,2,80,LOWER_BOUND,272,2,0,0,0,2,4,3,1,0,NA,1,false,0,0,0,0,0,0,0,0,false,0,false,false,true,false,15287227842747200454,16258406113185767632,true
coverage-correction-v2-timing-transfer-s1211-m0-r0-t3-c2-l0-d3-tr0-a2,CJ-E,micro,timing_transfer,12097284331185382747,1211,false,false,3,2,0,3,0,2,true,false,48,18,2,9,9,2,80,LOWER_BOUND,272,2,0,0,0,2,4,3,1,0,NA,1,false,0,0,0,0,0,0,0,0,false,0,false,false,true,false,5919097201825751576,16258406113185767632,true
coverage-correction-v2-timing-transfer-s1211-m0-r0-t3-c2-l0-d4-tr0-a2,CJ-E,micro,timing_transfer,17850624147493424621,1211,false,false,3,2,0,4,0,2,true,false,48,18,2,9,9,2,80,LOWER_BOUND,272,2,0,0,0,2,4,3,1,0,NA,1,false,0,0,0,0,0,0,0,0,false,0,false,false,true,false,8748487120614790110,16258406113185767632,true
coverage-correction-v2-timing-transfer-s1211-m0-r0-t3-c2-l0-d5-tr0-a2,CJ-E,micro,timing_transfer,17872220204011648975,1211,false,false,3,2,0,5,0,2,true,false,48,18,2,9,9,2,80,LOWER_BOUND,272,2,0,0,0,2,4,3,1,0,NA,1,false,0,0,0,0,0,0,0,0,false,0,false,false,true,false,8579787265213317972,16258406113185767632,true
coverage-correction-v2-timing-transfer-s1211-m0-r0-t3-c2-l0-d-1-tr2-a2,CJ-E,micro,timing_transfer,8380066187945770113,1211,false,false,3,2,0,-1,2,2,true,false,48,19,3,9,9,2,80,LOWER_BOUND,272,2,0,0,0,1,4,4,0,0,NA,1,false,0,0,0,0,0,0,0,0,false,0,false,false,true,false,13905159210253439790,12602735929052657476,true
coverage-correction-v2-timing-transfer-s1211-m0-r0-t3-c2-l0-d0-tr2-a2,CJ-E,micro,timing_transfer,7530075161739249073,1211,false,false,3,2,0,0,2,2,true,false,48,30,2,10,10,2,80,LOWER_BOUND,272,2,0,0,0,1,5,4,0,1,NA,2,false,0,0,0,0,0,0,0,1,false,0,true,false,true,false,7149032647933309009,12602735929052657476,true
coverage-correction-v2-timing-transfer-s1211-m0-r0-t3-c2-l0-d1-tr2-a2,CJ-E,micro,timing_transfer,7774998833380174527,1211,false,false,3,2,0,1,2,2,true,false,48,18,2,9,9,2,80,LOWER_BOUND,272,2,0,0,0,1,4,4,0,0,NA,1,false,0,0,0,0,0,0,0,0,false,0,false,false,true,false,15050459907562036922,12602735929052657476,true
coverage-correction-v2-timing-transfer-s1211-m0-r0-t3-c2-l0-d2-tr2-a2,CJ-E,micro,timing_transfer,15957244584889699025,1211,false,false,3,2,0,2,2,2,true,false,48,18,2,9,9,2,80,LOWER_BOUND,272,2,0,0,0,1,4,4,0,0,NA,1,false,0,0,0,0,0,0,0,0,false,0,false,false,true,false,1936040347328540108,12602735929052657476,true
coverage-correction-v2-timing-transfer-s1211-m0-r0-t3-c2-l0-d3-tr2-a2,CJ-E,micro,timing_transfer,5812784812850701915,1211,false,false,3,2,0,3,2,2,true,false,48,18,2,9,9,2,80,LOWER_BOUND,272,2,0,0,0,1,4,4,0,0,NA,1,false,0,0,0,0,0,0,0,0,false,0,false,false,true,false,17332056679049164426,12602735929052657476,true
coverage-correction-v2-timing-transfer-s1211-m0-r0-t3-c2-l0-d4-tr2-a2,CJ-E,micro,timing_transfer,4943877905396054113,1211,false,false,3,2,0,4,2,2,true,false,48,18,2,9,9,2,80,LOWER_BOUND,272,2,0,0,0,1,4,4,0,0,NA,1,false,0,0,0,0,0,0,0,0,false,0,false,false,true,false,1828192908997581024,12602735929052657476,true
coverage-correction-v2-timing-transfer-s1211-m0-r0-t3-c2-l0-d5-tr2-a2,CJ-E,micro,timing_transfer,12907218432441935839,1211,false,false,3,2,0,5,2,2,true,false,48,18,2,9,9,2,80,LOWER_BOUND,272,2,0,0,0,1,4,4,0,0,NA,1,false,0,0,0,0,0,0,0,0,false,0,false,false,true,false,849089300796730642,12602735929052657476,true
coverage-correction-v2-timing-transfer-s1211-m0-r0-t3-c2-l0-d-1-tr4-a2,CJ-E,micro,timing_transfer,17757585525451528453,1211,false,false,3,2,0,-1,4,2,true,false,48,19,3,9,9,2,80,LOWER_BOUND,272,2,0,0,0,1,4,4,0,0,NA,1,false,0,0,0,0,0,0,0,0,false,0,false,false,true,false,4557421460096130370,12602735929052657476,true
coverage-correction-v2-timing-transfer-s1211-m0-r0-t3-c2-l0-d0-tr4-a2,CJ-E,micro,timing_transfer,11207983396972615029,1211,false,false,3,2,0,0,4,2,true,false,48,30,2,10,10,2,80,LOWER_BOUND,272,2,0,0,0,1,5,4,0,1,NA,2,false,0,0,0,0,0,0,0,1,false,0,true,false,true,false,7149032647933309009,12602735929052657476,true
coverage-correction-v2-timing-transfer-s1211-m0-r0-t3-c2-l0-d1-tr4-a2,CJ-E,micro,timing_transfer,2302320502786717287,1211,false,false,3,2,0,1,4,2,true,false,48,18,2,9,9,2,80,LOWER_BOUND,272,2,0,0,0,1,4,4,0,0,NA,1,false,0,0,0,0,0,0,0,0,false,0,false,false,true,false,94438388046591386,12602735929052657476,true
coverage-correction-v2-timing-transfer-s1211-m0-r0-t3-c2-l0-d2-tr4-a2,CJ-E,micro,timing_transfer,18100110215592138693,1211,false,false,3,2,0,2,4,2,true,false,48,18,2,9,9,2,80,LOWER_BOUND,272,2,0,0,0,1,4,4,0,0,NA,1,false,0,0,0,0,0,0,0,0,false,0,false,false,true,false,18202267051374650968,12602735929052657476,true
coverage-correction-v2-timing-transfer-s1211-m0-r0-t3-c2-l0-d3-tr4-a2,CJ-E,micro,timing_transfer,17055487680902101443,1211,false,false,3,2,0,3,4,2,true,false,48,18,2,9,9,2,80,LOWER_BOUND,272,2,0,0,0,1,4,4,0,0,NA,1,false,0,0,0,0,0,0,0,0,false,0,false,false,true,false,6614876566723393546,12602735929052657476,true
coverage-correction-v2-timing-transfer-s1211-m0-r0-t3-c2-l0-d4-tr4-a2,CJ-E,micro,timing_transfer,8553259105939932573,1211,false,false,3,2,0,4,4,2,true,false,48,18,2,9,9,2,80,LOWER_BOUND,272,2,0,0,0,1,4,4,0,0,NA,1,false,0,0,0,0,0,0,0,0,false,0,false,false,true,false,4217102406885646468,12602735929052657476,true
coverage-correction-v2-timing-transfer-s1211-m0-r0-t3-c2-l0-d5-tr4-a2,CJ-E,micro,timing_transfer,17750033414348121415,1211,false,false,3,2,0,5,4,2,true,false,48,18,2,9,9,2,80,LOWER_BOUND,272,2,0,0,0,1,4,4,0,0,NA,1,false,0,0,0,0,0,0,0,0,false,0,false,false,true,false,6303424017284588274,12602735929052657476,true
coverage-correction-v2-contemporary-reversal-s1211-m0-r0-t3-c2-l0-d0-tr0-a2,CJ-E,micro,shared_control,10662036293212063779,1211,false,false,3,2,0,0,0,2,true,true,613,156,142,57,57,4,160,LOWER_BOUND,848,8,2,2,0,40,40,8,2,2,NA,10,false,1,15,2,2,769,0,145,0,false,0,true,false,true,false,9666026078955295875,8558408989390700672,false
coverage-correction-v2-burst-4-s1211-m0-r0-t3-c2-l4-d1-tr0-a2,CJ-E,micro,same_source_bursts,2588635163244251356,1211,false,false,3,2,4,1,0,2,false,false,0,94,14,10,10,4,160,LOWER_BOUND,272,2,0,0,0,4,6,0,2,2,NA,2,true,0,0,0,0,0,0,0,0,false,0,false,false,true,false,8674001957643336001,13795012393206044091,false
coverage-correction-v2-blocked-late-return-s1211-m0-r0-t3-c2-l4-d0-tr0-a6,CJ-E,micro,dense_return_topology,16780302874983792042,1211,false,false,3,2,4,0,0,6,true,true,115,20,23,10,10,6,240,LOWER_BOUND,1024,7,2,0,0,0,3,2,1,1,NA,1,false,3,2,2,2,0,0,0,0,true,0,false,false,true,false,8058852256656011529,645078116614036256,true
coverage-correction-v2-timing-transfer-s1211-m0-r0-t3-c2-l4-d-1-tr0-a2,CJ-E,micro,timing_transfer,2604928854163395917,1211,false,false,3,2,4,-1,0,2,true,false,48,19,3,9,9,2,80,LOWER_BOUND,272,2,0,0,0,2,4,3,1,0,NA,1,false,0,0,0,0,0,0,0,0,false,0,false,false,true,false,221941136317016068,16258406113185767632,true
coverage-correction-v2-timing-transfer-s1211-m0-r0-t3-c2-l4-d0-tr0-a2,CJ-E,micro,timing_transfer,12626391299273310869,1211,false,false,3,2,4,0,0,2,true,false,48,30,2,10,10,2,80,LOWER_BOUND,272,2,0,0,0,2,5,3,1,1,NA,2,false,0,0,0,0,0,0,0,1,false,0,true,false,true,false,3489190695158835541,16258406113185767632,true
coverage-correction-v2-timing-transfer-s1211-m0-r0-t3-c2-l4-d1-tr0-a2,CJ-E,micro,timing_transfer,9038937478361683767,1211,false,false,3,2,4,1,0,2,true,false,48,18,2,9,9,2,80,LOWER_BOUND,272,2,0,0,0,2,4,3,1,0,NA,1,false,0,0,0,0,0,0,0,0,false,0,false,false,true,false,16300977003344314852,16258406113185767632,true
coverage-correction-v2-timing-transfer-s1211-m0-r0-t3-c2-l4-d2-tr0-a2,CJ-E,micro,timing_transfer,14031299438831904941,1211,false,false,3,2,4,2,0,2,true,false,48,18,2,9,9,2,80,LOWER_BOUND,272,2,0,0,0,2,4,3,1,0,NA,1,false,0,0,0,0,0,0,0,0,false,0,false,false,true,false,15287227842747200454,16258406113185767632,true
coverage-correction-v2-timing-transfer-s1211-m0-r0-t3-c2-l4-d3-tr0-a2,CJ-E,micro,timing_transfer,2529318720679802523,1211,false,false,3,2,4,3,0,2,true,false,48,18,2,9,9,2,80,LOWER_BOUND,272,2,0,0,0,2,4,3,1,0,NA,1,false,0,0,0,0,0,0,0,0,false,0,false,false,true,false,5919097201825751576,16258406113185767632,true
coverage-correction-v2-timing-transfer-s1211-m0-r0-t3-c2-l4-d4-tr0-a2,CJ-E,micro,timing_transfer,1367358106884192557,1211,false,false,3,2,4,4,0,2,true,false,48,18,2,9,9,2,80,LOWER_BOUND,272,2,0,0,0,2,4,3,1,0,NA,1,false,0,0,0,0,0,0,0,0,false,0,false,false,true,false,8748487120614790110,16258406113185767632,true
coverage-correction-v2-timing-transfer-s1211-m0-r0-t3-c2-l4-d5-tr0-a2,CJ-E,micro,timing_transfer,18254641963546388487,1211,false,false,3,2,4,5,0,2,true,false,48,18,2,9,9,2,80,LOWER_BOUND,272,2,0,0,0,2,4,3,1,0,NA,1,false,0,0,0,0,0,0,0,0,false,0,false,false,true,false,8579787265213317972,16258406113185767632,true
coverage-correction-v2-timing-transfer-s1211-m0-r0-t3-c2-l4-d-1-tr2-a2,CJ-E,micro,timing_transfer,10733633157631667873,1211,false,false,3,2,4,-1,2,2,true,false,48,19,3,9,9,2,80,LOWER_BOUND,272,2,0,0,0,1,4,4,0,0,NA,1,false,0,0,0,0,0,0,0,0,false,0,false,false,true,false,13905159210253439790,12602735929052657476,true
coverage-correction-v2-timing-transfer-s1211-m0-r0-t3-c2-l4-d0-tr2-a2,CJ-E,micro,timing_transfer,4413112565298898793,1211,false,false,3,2,4,0,2,2,true,false,48,30,2,10,10,2,80,LOWER_BOUND,272,2,0,0,0,1,5,4,0,1,NA,2,false,0,0,0,0,0,0,0,1,false,0,true,false,true,false,7149032647933309009,12602735929052657476,true
coverage-correction-v2-timing-transfer-s1211-m0-r0-t3-c2-l4-d1-tr2-a2,CJ-E,micro,timing_transfer,13994978163590798471,1211,false,false,3,2,4,1,2,2,true,false,48,18,2,9,9,2,80,LOWER_BOUND,272,2,0,0,0,1,4,4,0,0,NA,1,false,0,0,0,0,0,0,0,0,false,0,false,false,true,false,15050459907562036922,12602735929052657476,true
coverage-correction-v2-timing-transfer-s1211-m0-r0-t3-c2-l4-d2-tr2-a2,CJ-E,micro,timing_transfer,9164873158853532809,1211,false,false,3,2,4,2,2,2,true,false,48,18,2,9,9,2,80,LOWER_BOUND,272,2,0,0,0,1,4,4,0,0,NA,1,false,0,0,0,0,0,0,0,0,false,0,false,false,true,false,1936040347328540108,12602735929052657476,true
coverage-correction-v2-timing-transfer-s1211-m0-r0-t3-c2-l4-d3-tr2-a2,CJ-E,micro,timing_transfer,17715261056990064171,1211,false,false,3,2,4,3,2,2,true,false,48,18,2,9,9,2,80,LOWER_BOUND,272,2,0,0,0,1,4,4,0,0,NA,1,false,0,0,0,0,0,0,0,0,false,0,false,false,true,false,17332056679049164426,12602735929052657476,true
coverage-correction-v2-timing-transfer-s1211-m0-r0-t3-c2-l4-d4-tr2-a2,CJ-E,micro,timing_transfer,7798720787125567801,1211,false,false,3,2,4,4,2,2,true,false,48,18,2,9,9,2,80,LOWER_BOUND,272,2,0,0,0,1,4,4,0,0,NA,1,false,0,0,0,0,0,0,0,0,false,0,false,false,true,false,1828192908997581024,12602735929052657476,true
coverage-correction-v2-timing-transfer-s1211-m0-r0-t3-c2-l4-d5-tr2-a2,CJ-E,micro,timing_transfer,18065608688960703367,1211,false,false,3,2,4,5,2,2,true,false,48,18,2,9,9,2,80,LOWER_BOUND,272,2,0,0,0,1,4,4,0,0,NA,1,false,0,0,0,0,0,0,0,0,false,0,false,false,true,false,849089300796730642,12602735929052657476,true
coverage-correction-v2-timing-transfer-s1211-m0-r0-t3-c2-l4-d-1-tr4-a2,CJ-E,micro,timing_transfer,11669721008251457661,1211,false,false,3,2,4,-1,4,2,true,false,48,19,3,9,9,2,80,LOWER_BOUND,272,2,0,0,0,1,4,4,0,0,NA,1,false,0,0,0,0,0,0,0,0,false,0,false,false,true,false,4557421460096130370,12602735929052657476,true
coverage-correction-v2-timing-transfer-s1211-m0-r0-t3-c2-l4-d0-tr4-a2,CJ-E,micro,timing_transfer,14429964176557618917,1211,false,false,3,2,4,0,4,2,true,false,48,30,2,10,10,2,80,LOWER_BOUND,272,2,0,0,0,1,5,4,0,1,NA,2,false,0,0,0,0,0,0,0,1,false,0,true,false,true,false,7149032647933309009,12602735929052657476,true
coverage-correction-v2-timing-transfer-s1211-m0-r0-t3-c2-l4-d1-tr4-a2,CJ-E,micro,timing_transfer,4258873153908684751,1211,false,false,3,2,4,1,4,2,true,false,48,18,2,9,9,2,80,LOWER_BOUND,272,2,0,0,0,1,4,4,0,0,NA,1,false,0,0,0,0,0,0,0,0,false,0,false,false,true,false,94438388046591386,12602735929052657476,true
coverage-correction-v2-timing-transfer-s1211-m0-r0-t3-c2-l4-d2-tr4-a2,CJ-E,micro,timing_transfer,12469435199703409349,1211,false,false,3,2,4,2,4,2,true,false,48,18,2,9,9,2,80,LOWER_BOUND,272,2,0,0,0,1,4,4,0,0,NA,1,false,0,0,0,0,0,0,0,0,false,0,false,false,true,false,18202267051374650968,12602735929052657476,true
coverage-correction-v2-timing-transfer-s1211-m0-r0-t3-c2-l4-d3-tr4-a2,CJ-E,micro,timing_transfer,7199437634716366419,1211,false,false,3,2,4,3,4,2,true,false,48,18,2,9,9,2,80,LOWER_BOUND,272,2,0,0,0,1,4,4,0,0,NA,1,false,0,0,0,0,0,0,0,0,false,0,false,false,true,false,6614876566723393546,12602735929052657476,true
coverage-correction-v2-timing-transfer-s1211-m0-r0-t3-c2-l4-d4-tr4-a2,CJ-E,micro,timing_transfer,112962772764795581,1211,false,false,3,2,4,4,4,2,true,false,48,18,2,9,9,2,80,LOWER_BOUND,272,2,0,0,0,1,4,4,0,0,NA,1,false,0,0,0,0,0,0,0,0,false,0,false,false,true,false,4217102406885646468,12602735929052657476,true
coverage-correction-v2-timing-transfer-s1211-m0-r0-t3-c2-l4-d5-tr4-a2,CJ-E,micro,timing_transfer,10444736826817344783,1211,false,false,3,2,4,5,4,2,true,false,48,18,2,9,9,2,80,LOWER_BOUND,272,2,0,0,0,1,4,4,0,0,NA,1,false,0,0,0,0,0,0,0,0,false,0,false,false,true,false,6303424017284588274,12602735929052657476,true
coverage-correction-v2-contemporary-reversal-s1211-m0-r0-t3-c2-l4-d0-tr0-a2,CJ-E,micro,shared_control,3302724093131358155,1211,false,false,3,2,4,0,0,2,true,true,613,156,142,57,57,4,160,LOWER_BOUND,848,8,2,2,0,40,40,8,2,2,NA,10,false,1,15,2,2,769,0,145,0,false,0,true,false,true,false,9666026078955295875,8558408989390700672,false
coverage-correction-v2-burst-4-s1211-m1-r1-t2-c1-l0-d1-tr0-a2,CJ-E,micro,same_source_bursts,4656761044925015524,1211,true,true,2,1,0,1,0,2,false,false,0,67,12,8,8,4,160,LOWER_BOUND,272,2,0,0,0,3,4,0,0,0,NA,0,false,0,0,0,0,0,0,0,0,false,0,false,false,true,false,4965849370924063942,9372949037056638806,true
coverage-correction-v2-blocked-late-return-s1211-m1-r1-t2-c1-l0-d0-tr0-a6,CJ-E,micro,dense_return_topology,15343786050738703034,1211,true,true,2,1,0,0,0,6,true,true,45,20,1,6,6,2,80,LOWER_BOUND,832,7,2,0,0,0,3,2,1,1,NA,1,false,3,2,1,1,0,0,0,0,true,0,false,false,true,false,6499783022699010468,8034307139096100326,true
coverage-correction-v2-timing-transfer-s1211-m1-r1-t2-c1-l0-d-1-tr0-a2,CJ-E,micro,timing_transfer,9854262087535992877,1211,true,true,2,1,0,-1,0,2,true,false,48,19,3,9,9,2,80,LOWER_BOUND,272,2,0,0,0,2,4,3,1,0,NA,1,false,0,0,0,0,0,0,0,0,false,0,false,false,true,false,16423515383220267161,5160374471389573452,true
coverage-correction-v2-timing-transfer-s1211-m1-r1-t2-c1-l0-d0-tr0-a2,CJ-E,micro,timing_transfer,18141554747581038949,1211,true,true,2,1,0,0,0,2,true,false,48,30,2,10,10,2,80,LOWER_BOUND,272,2,0,0,0,2,5,3,1,1,NA,2,false,0,0,0,0,0,0,0,1,false,0,true,false,true,false,7641907890592081521,5160374471389573452,true
coverage-correction-v2-timing-transfer-s1211-m1-r1-t2-c1-l0-d1-tr0-a2,CJ-E,micro,timing_transfer,12919437582992276567,1211,true,true,2,1,0,1,0,2,true,false,48,18,2,9,9,2,80,LOWER_BOUND,272,2,0,0,0,2,4,3,1,0,NA,1,false,0,0,0,0,0,0,0,0,false,0,false,false,true,false,9061355367548266885,5160374471389573452,true
coverage-correction-v2-timing-transfer-s1211-m1-r1-t2-c1-l0-d2-tr0-a2,CJ-E,micro,timing_transfer,10214328526697877501,1211,true,true,2,1,0,2,0,2,true,false,48,18,2,9,9,2,80,LOWER_BOUND,272,2,0,0,0,2,4,3,1,0,NA,1,false,0,0,0,0,0,0,0,0,false,0,false,false,true,false,13269023883358286307,5160374471389573452,true
coverage-correction-v2-timing-transfer-s1211-m1-r1-t2-c1-l0-d3-tr0-a2,CJ-E,micro,timing_transfer,4411869277158113731,1211,true,true,2,1,0,3,0,2,true,false,48,18,2,9,9,2,80,LOWER_BOUND,272,2,0,0,0,2,4,3,1,0,NA,1,false,0,0,0,0,0,0,0,0,false,0,false,false,true,false,14500495319603626133,5160374471389573452,true
coverage-correction-v2-timing-transfer-s1211-m1-r1-t2-c1-l0-d4-tr0-a2,CJ-E,micro,timing_transfer,12978076582376243085,1211,true,true,2,1,0,4,0,2,true,false,48,18,2,9,9,2,80,LOWER_BOUND,272,2,0,0,0,2,4,3,1,0,NA,1,false,0,0,0,0,0,0,0,0,false,0,false,false,true,false,813898456040425887,5160374471389573452,true
coverage-correction-v2-timing-transfer-s1211-m1-r1-t2-c1-l0-d5-tr0-a2,CJ-E,micro,timing_transfer,12509901793748381351,1211,true,true,2,1,0,5,0,2,true,false,48,18,2,9,9,2,80,LOWER_BOUND,272,2,0,0,0,2,4,3,1,0,NA,1,false,0,0,0,0,0,0,0,0,false,0,false,false,true,false,14274582193616839749,5160374471389573452,true
coverage-correction-v2-timing-transfer-s1211-m1-r1-t2-c1-l0-d-1-tr2-a2,CJ-E,micro,timing_transfer,588225907825502913,1211,true,true,2,1,0,-1,2,2,true,false,35,19,3,8,8,2,80,LOWER_BOUND,272,2,0,0,0,1,3,3,0,0,NA,0,false,0,0,0,0,0,0,0,0,false,0,false,false,true,false,9701541488257595429,927575246334443851,true
coverage-correction-v2-timing-transfer-s1211-m1-r1-t2-c1-l0-d0-tr2-a2,CJ-E,micro,timing_transfer,2636246264264545657,1211,true,true,2,1,0,0,2,2,true,false,35,30,2,9,9,2,80,LOWER_BOUND,272,2,0,0,0,1,4,3,0,1,NA,1,false,0,0,0,0,0,0,0,1,false,0,true,false,true,false,3636250515511805161,927575246334443851,true
coverage-correction-v2-timing-transfer-s1211-m1-r1-t2-c1-l0-d1-tr2-a2,CJ-E,micro,timing_transfer,7570082861614339167,1211,true,true,2,1,0,1,2,2,true,false,35,18,2,8,8,2,80,LOWER_BOUND,272,2,0,0,0,1,3,3,0,0,NA,0,false,0,0,0,0,0,0,0,0,false,0,false,false,true,false,15544680957548200141,927575246334443851,true
coverage-correction-v2-timing-transfer-s1211-m1-r1-t2-c1-l0-d2-tr2-a2,CJ-E,micro,timing_transfer,8455762476168055289,1211,true,true,2,1,0,2,2,2,true,false,35,18,2,8,8,2,80,LOWER_BOUND,272,2,0,0,0,1,3,3,0,0,NA,0,false,0,0,0,0,0,0,0,0,false,0,false,false,true,false,13475805623182469891,927575246334443851,true
coverage-correction-v2-timing-transfer-s1211-m1-r1-t2-c1-l0-d3-tr2-a2,CJ-E,micro,timing_transfer,7133297125610338523,1211,true,true,2,1,0,3,2,2,true,false,35,18,2,8,8,2,80,LOWER_BOUND,272,2,0,0,0,1,3,3,0,0,NA,0,false,0,0,0,0,0,0,0,0,false,0,false,false,true,false,14685638301231883677,927575246334443851,true
coverage-correction-v2-timing-transfer-s1211-m1-r1-t2-c1-l0-d4-tr2-a2,CJ-E,micro,timing_transfer,15416844493606246905,1211,true,true,2,1,0,4,2,2,true,false,35,18,2,8,8,2,80,LOWER_BOUND,272,2,0,0,0,1,3,3,0,0,NA,0,false,0,0,0,0,0,0,0,0,false,0,false,false,true,false,14293986235867405607,927575246334443851,true
coverage-correction-v2-timing-transfer-s1211-m1-r1-t2-c1-l0-d5-tr2-a2,CJ-E,micro,timing_transfer,12231237338537697599,1211,true,true,2,1,0,5,2,2,true,false,35,18,2,8,8,2,80,LOWER_BOUND,272,2,0,0,0,1,3,3,0,0,NA,0,false,0,0,0,0,0,0,0,0,false,0,false,false,true,false,1007811427211419637,927575246334443851,true
coverage-correction-v2-timing-transfer-s1211-m1-r1-t2-c1-l0-d-1-tr4-a2,CJ-E,micro,timing_transfer,1274841496375843317,1211,true,true,2,1,0,-1,4,2,true,false,35,19,3,8,8,2,80,LOWER_BOUND,272,2,0,0,0,1,3,3,0,0,NA,0,false,0,0,0,0,0,0,0,0,false,0,false,false,true,false,9701541488257595429,927575246334443851,true
coverage-correction-v2-timing-transfer-s1211-m1-r1-t2-c1-l0-d0-tr4-a2,CJ-E,micro,timing_transfer,10993251092375232653,1211,true,true,2,1,0,0,4,2,true,false,35,30,2,9,9,2,80,LOWER_BOUND,272,2,0,0,0,1,4,3,0,1,NA,1,false,0,0,0,0,0,0,0,1,false,0,true,false,true,false,3636250515511805161,927575246334443851,true
coverage-correction-v2-timing-transfer-s1211-m1-r1-t2-c1-l0-d1-tr4-a2,CJ-E,micro,timing_transfer,8550686978486484279,1211,true,true,2,1,0,1,4,2,true,false,35,18,2,8,8,2,80,LOWER_BOUND,272,2,0,0,0,1,3,3,0,0,NA,0,false,0,0,0,0,0,0,0,0,false,0,false,false,true,false,15544680957548200141,927575246334443851,true
coverage-correction-v2-timing-transfer-s1211-m1-r1-t2-c1-l0-d2-tr4-a2,CJ-E,micro,timing_transfer,14054886452027149917,1211,true,true,2,1,0,2,4,2,true,false,35,18,2,8,8,2,80,LOWER_BOUND,272,2,0,0,0,1,3,3,0,0,NA,0,false,0,0,0,0,0,0,0,0,false,0,false,false,true,false,13475805623182469891,927575246334443851,true
coverage-correction-v2-timing-transfer-s1211-m1-r1-t2-c1-l0-d3-tr4-a2,CJ-E,micro,timing_transfer,17133416370158190035,1211,true,true,2,1,0,3,4,2,true,false,35,18,2,8,8,2,80,LOWER_BOUND,272,2,0,0,0,1,3,3,0,0,NA,0,false,0,0,0,0,0,0,0,0,false,0,false,false,true,false,14685638301231883677,927575246334443851,true
coverage-correction-v2-timing-transfer-s1211-m1-r1-t2-c1-l0-d4-tr4-a2,CJ-E,micro,timing_transfer,11666030849861535397,1211,true,true,2,1,0,4,4,2,true,false,35,18,2,8,8,2,80,LOWER_BOUND,272,2,0,0,0,1,3,3,0,0,NA,0,false,0,0,0,0,0,0,0,0,false,0,false,false,true,false,14293986235867405607,927575246334443851,true
coverage-correction-v2-timing-transfer-s1211-m1-r1-t2-c1-l0-d5-tr4-a2,CJ-E,micro,timing_transfer,6210948142880123655,1211,true,true,2,1,0,5,4,2,true,false,35,18,2,8,8,2,80,LOWER_BOUND,272,2,0,0,0,1,3,3,0,0,NA,0,false,0,0,0,0,0,0,0,0,false,0,false,false,true,false,1007811427211419637,927575246334443851,true
coverage-correction-v2-contemporary-reversal-s1211-m1-r1-t2-c1-l0-d0-tr0-a2,CJ-E,micro,shared_control,16581951292544659571,1211,true,true,2,1,0,0,0,2,true,true,613,240,166,61,61,4,160,LOWER_BOUND,848,8,2,2,0,40,44,8,2,4,NA,12,false,1,15,1,2,853,0,145,0,false,0,false,false,true,false,16773135966550532591,2871996299487530794,false
coverage-correction-v2-burst-4-s1211-m1-r1-t2-c1-l4-d1-tr0-a2,CJ-E,micro,same_source_bursts,7796701245299816252,1211,true,true,2,1,4,1,0,2,false,false,0,67,12,8,8,4,160,LOWER_BOUND,272,2,0,0,0,3,4,0,0,0,NA,0,false,0,0,0,0,0,0,0,0,false,0,false,false,true,false,4965849370924063942,9372949037056638806,true
coverage-correction-v2-blocked-late-return-s1211-m1-r1-t2-c1-l4-d0-tr0-a6,CJ-E,micro,dense_return_topology,13228371030652509114,1211,true,true,2,1,4,0,0,6,true,true,115,20,23,10,10,6,240,LOWER_BOUND,1024,7,2,0,0,0,3,2,1,1,NA,1,false,3,2,1,1,0,0,0,0,true,0,false,false,true,false,6140269683073624050,9410385563162027664,true
coverage-correction-v2-timing-transfer-s1211-m1-r1-t2-c1-l4-d-1-tr0-a2,CJ-E,micro,timing_transfer,17939086161882602997,1211,true,true,2,1,4,-1,0,2,true,false,48,19,3,9,9,2,80,LOWER_BOUND,272,2,0,0,0,2,4,3,1,0,NA,1,false,0,0,0,0,0,0,0,0,false,0,false,false,true,false,16423515383220267161,5160374471389573452,true
coverage-correction-v2-timing-transfer-s1211-m1-r1-t2-c1-l4-d0-tr0-a2,CJ-E,micro,timing_transfer,16487679598026469,1211,true,true,2,1,4,0,0,2,true,false,48,30,2,10,10,2,80,LOWER_BOUND,272,2,0,0,0,2,5,3,1,1,NA,2,false,0,0,0,0,0,0,0,1,false,0,true,false,true,false,7641907890592081521,5160374471389573452,true
coverage-correction-v2-timing-transfer-s1211-m1-r1-t2-c1-l4-d1-tr0-a2,CJ-E,micro,timing_transfer,13999828042940773279,1211,true,true,2,1,4,1,0,2,true,false,48,18,2,9,9,2,80,LOWER_BOUND,272,2,0,0,0,2,4,3,1,0,NA,1,false,0,0,0,0,0,0,0,0,false,0,false,false,true,false,9061355367548266885,5160374471389573452,true
coverage-correction-v2-timing-transfer-s1211-m1-r1-t2-c1-l4-d2-tr0-a2,CJ-E,micro,timing_transfer,7096898834955731629,1211,true,true,2,1,4,2,0,2,true,false,48,18,2,9,9,2,80,LOWER_BOUND,272,2,0,0,0,2,4,3,1,0,NA,1,false,0,0,0,0,0,0,0,0,false,0,false,false,true,false,13269023883358286307,5160374471389573452,true
coverage-correction-v2-timing-transfer-s1211-m1-r1-t2-c1-l4-d3-tr0-a2,CJ-E,micro,timing_transfer,1786796975091797843,1211,true,true,2,1,4,3,0,2,true,false,48,18,2,9,9,2,80,LOWER_BOUND,272,2,0,0,0,2,4,3,1,0,NA,1,false,0,0,0,0,0,0,0,0,false,0,false,false,true,false,14500495319603626133,5160374471389573452,true
coverage-correction-v2-timing-transfer-s1211-m1-r1-t2-c1-l4-d4-tr0-a2,CJ-E,micro,timing_transfer,5684920703966222173,1211,true,true,2,1,4,4,0,2,true,false,48,18,2,9,9,2,80,LOWER_BOUND,272,2,0,0,0,2,4,3,1,0,NA,1,false,0,0,0,0,0,0,0,0,false,0,false,false,true,false,813898456040425887,5160374471389573452,true
coverage-correction-v2-timing-transfer-s1211-m1-r1-t2-c1-l4-d5-tr0-a2,CJ-E,micro,timing_transfer,9447594051904868111,1211,true,true,2,1,4,5,0,2,true,false,48,18,2,9,9,2,80,LOWER_BOUND,272,2,0,0,0,2,4,3,1,0,NA,1,false,0,0,0,0,0,0,0,0,false,0,false,false,true,false,14274582193616839749,5160374471389573452,true
coverage-correction-v2-timing-transfer-s1211-m1-r1-t2-c1-l4-d-1-tr2-a2,CJ-E,micro,timing_transfer,11362121530578681137,1211,true,true,2,1,4,-1,2,2,true,false,35,19,3,8,8,2,80,LOWER_BOUND,272,2,0,0,0,1,3,3,0,0,NA,0,false,0,0,0,0,0,0,0,0,false,0,false,false,true,false,9701541488257595429,927575246334443851,true
coverage-correction-v2-timing-transfer-s1211-m1-r1-t2-c1-l4-d0-tr2-a2,CJ-E,micro,timing_transfer,17045426624968819505,1211,true,true,2,1,4,0,2,2,true,false,35,30,2,9,9,2,80,LOWER_BOUND,272,2,0,0,0,1,4,3,0,1,NA,1,false,0,0,0,0,0,0,0,1,false,0,true,false,true,false,3636250515511805161,927575246334443851,true
coverage-correction-v2-timing-transfer-s1211-m1-r1-t2-c1-l4-d1-tr2-a2,CJ-E,micro,timing_transfer,14396637331218590679,1211,true,true,2,1,4,1,2,2,true,false,35,18,2,8,8,2,80,LOWER_BOUND,272,2,0,0,0,1,3,3,0,0,NA,0,false,0,0,0,0,0,0,0,0,false,0,false,false,true,false,15544680957548200141,927575246334443851,true
coverage-correction-v2-timing-transfer-s1211-m1-r1-t2-c1-l4-d2-tr2-a2,CJ-E,micro,timing_transfer,13935944518222269825,1211,true,true,2,1,4,2,2,2,true,false,35,18,2,8,8,2,80,LOWER_BOUND,272,2,0,0,0,1,3,3,0,0,NA,0,false,0,0,0,0,0,0,0,0,false,0,false,false,true,false,13475805623182469891,927575246334443851,true
coverage-correction-v2-timing-transfer-s1211-m1-r1-t2-c1-l4-d3-tr2-a2,CJ-E,micro,timing_transfer,6327693427665880091,1211,true,true,2,1,4,3,2,2,true,false,35,18,2,8,8,2,80,LOWER_BOUND,272,2,0,0,0,1,3,3,0,0,NA,0,false,0,0,0,0,0,0,0,0,false,0,false,false,true,false,14685638301231883677,927575246334443851,true
coverage-correction-v2-timing-transfer-s1211-m1-r1-t2-c1-l4-d4-tr2-a2,CJ-E,micro,timing_transfer,4922113630852224081,1211,true,true,2,1,4,4,2,2,true,false,35,18,2,8,8,2,80,LOWER_BOUND,272,2,0,0,0,1,3,3,0,0,NA,0,false,0,0,0,0,0,0,0,0,false,0,false,false,true,false,14293986235867405607,927575246334443851,true
coverage-correction-v2-timing-transfer-s1211-m1-r1-t2-c1-l4-d5-tr2-a2,CJ-E,micro,timing_transfer,12455881683909567447,1211,true,true,2,1,4,5,2,2,true,false,35,18,2,8,8,2,80,LOWER_BOUND,272,2,0,0,0,1,3,3,0,0,NA,0,false,0,0,0,0,0,0,0,0,false,0,false,false,true,false,1007811427211419637,927575246334443851,true
coverage-correction-v2-timing-transfer-s1211-m1-r1-t2-c1-l4-d-1-tr4-a2,CJ-E,micro,timing_transfer,9791988558195888349,1211,true,true,2,1,4,-1,4,2,true,false,35,19,3,8,8,2,80,LOWER_BOUND,272,2,0,0,0,1,3,3,0,0,NA,0,false,0,0,0,0,0,0,0,0,false,0,false,false,true,false,9701541488257595429,927575246334443851,true
coverage-correction-v2-timing-transfer-s1211-m1-r1-t2-c1-l4-d0-tr4-a2,CJ-E,micro,timing_transfer,11712188518794659741,1211,true,true,2,1,4,0,4,2,true,false,35,30,2,9,9,2,80,LOWER_BOUND,272,2,0,0,0,1,4,3,0,1,NA,1,false,0,0,0,0,0,0,0,1,false,0,true,false,true,false,3636250515511805161,927575246334443851,true
coverage-correction-v2-timing-transfer-s1211-m1-r1-t2-c1-l4-d1-tr4-a2,CJ-E,micro,timing_transfer,8159329783108009695,1211,true,true,2,1,4,1,4,2,true,false,35,18,2,8,8,2,80,LOWER_BOUND,272,2,0,0,0,1,3,3,0,0,NA,0,false,0,0,0,0,0,0,0,0,false,0,false,false,true,false,15544680957548200141,927575246334443851,true
coverage-correction-v2-timing-transfer-s1211-m1-r1-t2-c1-l4-d2-tr4-a2,CJ-E,micro,timing_transfer,11214261702424891149,1211,true,true,2,1,4,2,4,2,true,false,35,18,2,8,8,2,80,LOWER_BOUND,272,2,0,0,0,1,3,3,0,0,NA,0,false,0,0,0,0,0,0,0,0,false,0,false,false,true,false,13475805623182469891,927575246334443851,true
coverage-correction-v2-timing-transfer-s1211-m1-r1-t2-c1-l4-d3-tr4-a2,CJ-E,micro,timing_transfer,15202869210881462083,1211,true,true,2,1,4,3,4,2,true,false,35,18,2,8,8,2,80,LOWER_BOUND,272,2,0,0,0,1,3,3,0,0,NA,0,false,0,0,0,0,0,0,0,0,false,0,false,false,true,false,14685638301231883677,927575246334443851,true
coverage-correction-v2-timing-transfer-s1211-m1-r1-t2-c1-l4-d4-tr4-a2,CJ-E,micro,timing_transfer,3581896675217903973,1211,true,true,2,1,4,4,4,2,true,false,35,18,2,8,8,2,80,LOWER_BOUND,272,2,0,0,0,1,3,3,0,0,NA,0,false,0,0,0,0,0,0,0,0,false,0,false,false,true,false,14293986235867405607,927575246334443851,true
coverage-correction-v2-timing-transfer-s1211-m1-r1-t2-c1-l4-d5-tr4-a2,CJ-E,micro,timing_transfer,5524572473756352655,1211,true,true,2,1,4,5,4,2,true,false,35,18,2,8,8,2,80,LOWER_BOUND,272,2,0,0,0,1,3,3,0,0,NA,0,false,0,0,0,0,0,0,0,0,false,0,false,false,true,false,1007811427211419637,927575246334443851,true
coverage-correction-v2-contemporary-reversal-s1211-m1-r1-t2-c1-l4-d0-tr0-a2,CJ-E,micro,shared_control,12557868442676489323,1211,true,true,2,1,4,0,0,2,true,true,613,240,166,61,61,4,160,LOWER_BOUND,848,8,2,2,0,40,44,8,2,4,NA,12,false,1,15,1,2,853,0,145,0,false,0,false,false,true,false,16773135966550532591,2871996299487530794,false
coverage-correction-v2-burst-4-s1211-m1-r1-t2-c2-l0-d1-tr0-a2,CJ-E,micro,same_source_bursts,9793385079764266754,1211,true,true,2,2,0,1,0,2,false,false,0,94,14,10,10,4,160,LOWER_BOUND,272,2,0,0,0,4,6,0,2,2,NA,2,true,0,0,0,0,0,0,0,0,false,0,false,false,true,false,16140049940486849882,11290429330044830668,false
coverage-correction-v2-blocked-late-return-s1211-m1-r1-t2-c2-l0-d0-tr0-a6,CJ-E,micro,dense_return_topology,18130051069422654730,1211,true,true,2,2,0,0,0,6,true,true,45,20,1,6,6,2,80,LOWER_BOUND,832,7,2,0,0,0,3,2,1,1,NA,1,false,3,2,2,2,0,0,0,0,true,0,false,false,true,false,10205576748996847189,7844109271178242012,true
coverage-correction-v2-timing-transfer-s1211-m1-r1-t2-c2-l0-d-1-tr0-a2,CJ-E,micro,timing_transfer,11069151277007723977,1211,true,true,2,2,0,-1,0,2,true,false,48,31,3,10,10,2,80,LOWER_BOUND,272,2,0,0,0,2,5,3,1,1,NA,2,false,0,0,0,0,0,0,0,1,false,0,true,false,true,false,6629738759077338027,2370470040953497879,true
coverage-correction-v2-timing-transfer-s1211-m1-r1-t2-c2-l0-d0-tr0-a2,CJ-E,micro,timing_transfer,17517030176691322427,1211,true,true,2,2,0,0,0,2,true,false,48,30,2,10,10,2,80,LOWER_BOUND,272,2,0,0,0,2,5,3,1,1,NA,2,false,0,0,0,0,0,0,0,1,false,0,true,false,true,false,15916585415777916862,2370470040953497879,true
coverage-correction-v2-timing-transfer-s1211-m1-r1-t2-c2-l0-d1-tr0-a2,CJ-E,micro,timing_transfer,8799493667735121205,1211,true,true,2,2,0,1,0,2,true,false,48,18,2,9,9,2,80,LOWER_BOUND,272,2,0,0,0,2,4,3,1,0,NA,1,false,0,0,0,0,0,0,0,0,false,0,false,false,true,false,15026922612920876907,2370470040953497879,true
coverage-correction-v2-timing-transfer-s1211-m1-r1-t2-c2-l0-d2-tr0-a2,CJ-E,micro,timing_transfer,14298876051633756079,1211,true,true,2,2,0,2,0,2,true,false,48,18,2,9,9,2,80,LOWER_BOUND,272,2,0,0,0,2,4,3,1,0,NA,1,false,0,0,0,0,0,0,0,0,false,0,false,false,true,false,10511667663880228669,2370470040953497879,true
coverage-correction-v2-timing-transfer-s1211-m1-r1-t2-c2-l0-d3-tr0-a2,CJ-E,micro,timing_transfer,5524137712350076541,1211,true,true,2,2,0,3,0,2,true,false,48,18,2,9,9,2,80,LOWER_BOUND,272,2,0,0,0,2,4,3,1,0,NA,1,false,0,0,0,0,0,0,0,0,false,0,false,false,true,false,17172546991482455935,2370470040953497879,true
coverage-correction-v2-timing-transfer-s1211-m1-r1-t2-c2-l0-d4-tr0-a2,CJ-E,micro,timing_transfer,2154105905603975411,1211,true,true,2,2,0,4,0,2,true,false,48,18,2,9,9,2,80,LOWER_BOUND,272,2,0,0,0,2,4,3,1,0,NA,1,false,0,0,0,0,0,0,0,0,false,0,false,false,true,false,16212777737141117757,2370470040953497879,true
coverage-correction-v2-timing-transfer-s1211-m1-r1-t2-c2-l0-d5-tr0-a2,CJ-E,micro,timing_transfer,17068173815824023021,1211,true,true,2,2,0,5,0,2,true,false,48,18,2,9,9,2,80,LOWER_BOUND,272,2,0,0,0,2,4,3,1,0,NA,1,false,0,0,0,0,0,0,0,0,false,0,false,false,true,false,5283463853767139475,2370470040953497879,true
coverage-correction-v2-timing-transfer-s1211-m1-r1-t2-c2-l0-d-1-tr2-a2,CJ-E,micro,timing_transfer,6624475736841553321,1211,true,true,2,2,0,-1,2,2,true,false,48,31,3,10,10,2,80,LOWER_BOUND,272,2,0,0,0,1,5,4,0,1,NA,2,false,0,0,0,0,0,0,0,1,false,0,true,false,true,false,2969896806302864559,16824757624441937667,true
coverage-correction-v2-timing-transfer-s1211-m1-r1-t2-c2-l0-d0-tr2-a2,CJ-E,micro,timing_transfer,12803801308105690195,1211,true,true,2,2,0,0,2,2,true,false,48,30,2,10,10,2,80,LOWER_BOUND,272,2,0,0,0,1,5,4,0,1,NA,2,false,0,0,0,0,0,0,0,1,false,0,true,false,true,false,15435507800475519714,16824757624441937667,true
coverage-correction-v2-timing-transfer-s1211-m1-r1-t2-c2-l0-d1-tr2-a2,CJ-E,micro,timing_transfer,4799450411917607825,1211,true,true,2,2,0,1,2,2,true,false,48,18,2,9,9,2,80,LOWER_BOUND,272,2,0,0,0,1,4,4,0,0,NA,1,false,0,0,0,0,0,0,0,0,false,0,false,false,true,false,10796762491355477077,16824757624441937667,true
coverage-correction-v2-timing-transfer-s1211-m1-r1-t2-c2-l0-d2-tr2-a2,CJ-E,micro,timing_transfer,18250403515132011895,1211,true,true,2,2,0,2,2,2,true,false,48,18,2,9,9,2,80,LOWER_BOUND,272,2,0,0,0,1,4,4,0,0,NA,1,false,0,0,0,0,0,0,0,0,false,0,false,false,true,false,6728395634437048935,16824757624441937667,true
coverage-correction-v2-timing-transfer-s1211-m1-r1-t2-c2-l0-d3-tr2-a2,CJ-E,micro,timing_transfer,17614712683827659537,1211,true,true,2,2,0,3,2,2,true,false,48,18,2,9,9,2,80,LOWER_BOUND,272,2,0,0,0,1,4,4,0,0,NA,1,false,0,0,0,0,0,0,0,0,false,0,false,false,true,false,2767925668279195309,16824757624441937667,true
coverage-correction-v2-timing-transfer-s1211-m1-r1-t2-c2-l0-d4-tr2-a2,CJ-E,micro,timing_transfer,1755686925821716795,1211,true,true,2,2,0,4,2,2,true,false,48,18,2,9,9,2,80,LOWER_BOUND,272,2,0,0,0,1,4,4,0,0,NA,1,false,0,0,0,0,0,0,0,0,false,0,false,false,true,false,17347827486463603987,16824757624441937667,true
coverage-correction-v2-timing-transfer-s1211-m1-r1-t2-c2-l0-d5-tr2-a2,CJ-E,micro,timing_transfer,132820795110717601,1211,true,true,2,2,0,5,2,2,true,false,48,18,2,9,9,2,80,LOWER_BOUND,272,2,0,0,0,1,4,4,0,0,NA,1,false,0,0,0,0,0,0,0,0,false,0,false,false,true,false,11923995003077523661,16824757624441937667,true
coverage-correction-v2-timing-transfer-s1211-m1-r1-t2-c2-l0-d-1-tr4-a2,CJ-E,micro,timing_transfer,666507142706967985,1211,true,true,2,2,0,-1,4,2,true,false,48,31,3,10,10,2,80,LOWER_BOUND,272,2,0,0,0,1,5,4,0,1,NA,2,false,0,0,0,0,0,0,0,1,false,0,true,false,true,false,2969896806302864559,16824757624441937667,true
coverage-correction-v2-timing-transfer-s1211-m1-r1-t2-c2-l0-d0-tr4-a2,CJ-E,micro,timing_transfer,5703991105695535691,1211,true,true,2,2,0,0,4,2,true,false,48,30,2,10,10,2,80,LOWER_BOUND,272,2,0,0,0,1,5,4,0,1,NA,2,false,0,0,0,0,0,0,0,1,false,0,true,false,true,false,15435507800475519714,16824757624441937667,true
coverage-correction-v2-timing-transfer-s1211-m1-r1-t2-c2-l0-d1-tr4-a2,CJ-E,micro,timing_transfer,1555093485304244341,1211,true,true,2,2,0,1,4,2,true,false,48,18,2,9,9,2,80,LOWER_BOUND,272,2,0,0,0,1,4,4,0,0,NA,1,false,0,0,0,0,0,0,0,0,false,0,false,false,true,false,6834390340487664489,16824757624441937667,true
coverage-correction-v2-timing-transfer-s1211-m1-r1-t2-c2-l0-d2-tr4-a2,CJ-E,micro,timing_transfer,1908106834609743983,1211,true,true,2,2,0,2,4,2,true,false,48,18,2,9,9,2,80,LOWER_BOUND,272,2,0,0,0,1,4,4,0,0,NA,1,false,0,0,0,0,0,0,0,0,false,0,false,false,true,false,16565014842723785559,16824757624441937667,true
coverage-correction-v2-timing-transfer-s1211-m1-r1-t2-c2-l0-d3-tr4-a2,CJ-E,micro,timing_transfer,5763271045489958085,1211,true,true,2,2,0,3,4,2,true,false,48,18,2,9,9,2,80,LOWER_BOUND,272,2,0,0,0,1,4,4,0,0,NA,1,false,0,0,0,0,0,0,0,0,false,0,false,false,true,false,4587846096162582353,16824757624441937667,true
coverage-correction-v2-timing-transfer-s1211-m1-r1-t2-c2-l0-d4-tr4-a2,CJ-E,micro,timing_transfer,14360773496586818083,1211,true,true,2,2,0,4,4,2,true,false,48,18,2,9,9,2,80,LOWER_BOUND,272,2,0,0,0,1,4,4,0,0,NA,1,false,0,0,0,0,0,0,0,0,false,0,false,false,true,false,8113335101080230947,16824757624441937667,true
coverage-correction-v2-timing-transfer-s1211-m1-r1-t2-c2-l0-d5-tr4-a2,CJ-E,micro,timing_transfer,11116652724087647885,1211,true,true,2,2,0,5,4,2,true,false,48,18,2,9,9,2,80,LOWER_BOUND,272,2,0,0,0,1,4,4,0,0,NA,1,false,0,0,0,0,0,0,0,0,false,0,false,false,true,false,13168305075415666665,16824757624441937667,true
coverage-correction-v2-contemporary-reversal-s1211-m1-r1-t2-c2-l0-d0-tr0-a2,CJ-E,micro,shared_control,13913999108968191371,1211,true,true,2,2,0,0,0,2,true,true,613,240,166,61,61,4,160,LOWER_BOUND,848,8,2,2,0,40,44,8,2,4,NA,12,false,1,15,2,2,853,0,145,0,false,0,false,false,true,false,16773135966550532591,2871996299487530794,false
coverage-correction-v2-burst-4-s1211-m1-r1-t2-c2-l4-d1-tr0-a2,CJ-E,micro,same_source_bursts,3787897103952695298,1211,true,true,2,2,4,1,0,2,false,false,0,94,14,10,10,4,160,LOWER_BOUND,272,2,0,0,0,4,6,0,2,2,NA,2,true,0,0,0,0,0,0,0,0,false,0,false,false,true,false,16140049940486849882,11290429330044830668,false
coverage-correction-v2-blocked-late-return-s1211-m1-r1-t2-c2-l4-d0-tr0-a6,CJ-E,micro,dense_return_topology,11621825015522005002,1211,true,true,2,2,4,0,0,6,true,true,115,20,23,10,10,6,240,LOWER_BOUND,1024,7,2,0,0,0,3,2,1,1,NA,1,false,3,2,2,2,0,0,0,0,true,0,false,false,true,false,9303123036867617047,12200100746934290022,true
coverage-correction-v2-timing-transfer-s1211-m1-r1-t2-c2-l4-d-1-tr0-a2,CJ-E,micro,timing_transfer,2995432619542606065,1211,true,true,2,2,4,-1,0,2,true,false,48,31,3,10,10,2,80,LOWER_BOUND,272,2,0,0,0,2,5,3,1,1,NA,2,false,0,0,0,0,0,0,0,1,false,0,true,false,true,false,6629738759077338027,2370470040953497879,true
coverage-correction-v2-timing-transfer-s1211-m1-r1-t2-c2-l4-d0-tr0-a2,CJ-E,micro,timing_transfer,11167482866522172403,1211,true,true,2,2,4,0,0,2,true,false,48,30,2,10,10,2,80,LOWER_BOUND,272,2,0,0,0,2,5,3,1,1,NA,2,false,0,0,0,0,0,0,0,1,false,0,true,false,true,false,15916585415777916862,2370470040953497879,true
coverage-correction-v2-timing-transfer-s1211-m1-r1-t2-c2-l4-d1-tr0-a2,CJ-E,micro,timing_transfer,16189802886057799789,1211,true,true,2,2,4,1,0,2,true,false,48,18,2,9,9,2,80,LOWER_BOUND,272,2,0,0,0,2,4,3,1,0,NA,1,false,0,0,0,0,0,0,0,0,false,0,false,false,true,false,15026922612920876907,2370470040953497879,true
coverage-correction-v2-timing-transfer-s1211-m1-r1-t2-c2-l4-d2-tr0-a2,CJ-E,micro,timing_transfer,12369952415012538431,1211,true,true,2,2,4,2,0,2,true,false,48,18,2,9,9,2,80,LOWER_BOUND,272,2,0,0,0,2,4,3,1,0,NA,1,false,0,0,0,0,0,0,0,0,false,0,false,false,true,false,10511667663880228669,2370470040953497879,true
coverage-correction-v2-timing-transfer-s1211-m1-r1-t2-c2-l4-d3-tr0-a2,CJ-E,micro,timing_transfer,996780092316625989,1211,true,true,2,2,4,3,0,2,true,false,48,18,2,9,9,2,80,LOWER_BOUND,272,2,0,0,0,2,4,3,1,0,NA,1,false,0,0,0,0,0,0,0,0,false,0,false,false,true,false,17172546991482455935,2370470040953497879,true
coverage-correction-v2-timing-transfer-s1211-m1-r1-t2-c2-l4-d4-tr0-a2,CJ-E,micro,timing_transfer,9658700886722820987,1211,true,true,2,2,4,4,0,2,true,false,48,18,2,9,9,2,80,LOWER_BOUND,272,2,0,0,0,2,4,3,1,0,NA,1,false,0,0,0,0,0,0,0,0,false,0,false,false,true,false,16212777737141117757,2370470040953497879,true
coverage-correction-v2-timing-transfer-s1211-m1-r1-t2-c2-l4-d5-tr0-a2,CJ-E,micro,timing_transfer,7490029101612682101,1211,true,true,2,2,4,5,0,2,true,false,48,18,2,9,9,2,80,LOWER_BOUND,272,2,0,0,0,2,4,3,1,0,NA,1,false,0,0,0,0,0,0,0,0,false,0,false,false,true,false,5283463853767139475,2370470040953497879,true
coverage-correction-v2-timing-transfer-s1211-m1-r1-t2-c2-l4-d-1-tr2-a2,CJ-E,micro,timing_transfer,7883135130173019073,1211,true,true,2,2,4,-1,2,2,true,false,48,31,3,10,10,2,80,LOWER_BOUND,272,2,0,0,0,1,5,4,0,1,NA,2,false,0,0,0,0,0,0,0,1,false,0,true,false,true,false,2969896806302864559,16824757624441937667,true
coverage-correction-v2-timing-transfer-s1211-m1-r1-t2-c2-l4-d0-tr2-a2,CJ-E,micro,timing_transfer,11971827014549362107,1211,true,true,2,2,4,0,2,2,true,false,48,30,2,10,10,2,80,LOWER_BOUND,272,2,0,0,0,1,5,4,0,1,NA,2,false,0,0,0,0,0,0,0,1,false,0,true,false,true,false,15435507800475519714,16824757624441937667,true
coverage-correction-v2-timing-transfer-s1211-m1-r1-t2-c2-l4-d1-tr2-a2,CJ-E,micro,timing_transfer,10082245648137890529,1211,true,true,2,2,4,1,2,2,true,false,48,18,2,9,9,2,80,LOWER_BOUND,272,2,0,0,0,1,4,4,0,0,NA,1,false,0,0,0,0,0,0,0,0,false,0,false,false,true,false,10796762491355477077,16824757624441937667,true
coverage-correction-v2-timing-transfer-s1211-m1-r1-t2-c2-l4-d2-tr2-a2,CJ-E,micro,timing_transfer,7212046422732075383,1211,true,true,2,2,4,2,2,2,true,false,48,18,2,9,9,2,80,LOWER_BOUND,272,2,0,0,0,1,4,4,0,0,NA,1,false,0,0,0,0,0,0,0,0,false,0,false,false,true,false,6728395634437048935,16824757624441937667,true
coverage-correction-v2-timing-transfer-s1211-m1-r1-t2-c2-l4-d3-tr2-a2,CJ-E,micro,timing_transfer,602560362308477809,1211,true,true,2,2,4,3,2,2,true,false,48,18,2,9,9,2,80,LOWER_BOUND,272,2,0,0,0,1,4,4,0,0,NA,1,false,0,0,0,0,0,0,0,0,false,0,false,false,true,false,2767925668279195309,16824757624441937667,true
coverage-correction-v2-timing-transfer-s1211-m1-r1-t2-c2-l4-d4-tr2-a2,CJ-E,micro,timing_transfer,13584992500247075091,1211,true,true,2,2,4,4,2,2,true,false,48,18,2,9,9,2,80,LOWER_BOUND,272,2,0,0,0,1,4,4,0,0,NA,1,false,0,0,0,0,0,0,0,0,false,0,false,false,true,false,17347827486463603987,16824757624441937667,true
coverage-correction-v2-timing-transfer-s1211-m1-r1-t2-c2-l4-d5-tr2-a2,CJ-E,micro,timing_transfer,18372756775163412113,1211,true,true,2,2,4,5,2,2,true,false,48,18,2,9,9,2,80,LOWER_BOUND,272,2,0,0,0,1,4,4,0,0,NA,1,false,0,0,0,0,0,0,0,0,false,0,false,false,true,false,11923995003077523661,16824757624441937667,true
coverage-correction-v2-timing-transfer-s1211-m1-r1-t2-c2-l4-d-1-tr4-a2,CJ-E,micro,timing_transfer,13333663783009979769,1211,true,true,2,2,4,-1,4,2,true,false,48,31,3,10,10,2,80,LOWER_BOUND,272,2,0,0,0,1,5,4,0,1,NA,2,false,0,0,0,0,0,0,0,1,false,0,true,false,true,false,2969896806302864559,16824757624441937667,true
coverage-correction-v2-timing-transfer-s1211-m1-r1-t2-c2-l4-d0-tr4-a2,CJ-E,micro,timing_transfer,14640797748783798243,1211,true,true,2,2,4,0,4,2,true,false,48,30,2,10,10,2,80,LOWER_BOUND,272,2,0,0,0,1,5,4,0,1,NA,2,false,0,0,0,0,0,0,0,1,false,0,true,false,true,false,15435507800475519714,16824757624441937667,true
coverage-correction-v2-timing-transfer-s1211-m1-r1-t2-c2-l4-d1-tr4-a2,CJ-E,micro,timing_transfer,13838434224338042445,1211,true,true,2,2,4,1,4,2,true,false,48,18,2,9,9,2,80,LOWER_BOUND,272,2,0,0,0,1,4,4,0,0,NA,1,false,0,0,0,0,0,0,0,0,false,0,false,false,true,false,6834390340487664489,16824757624441937667,true
coverage-correction-v2-timing-transfer-s1211-m1-r1-t2-c2-l4-d2-tr4-a2,CJ-E,micro,timing_transfer,14776549689928436223,1211,true,true,2,2,4,2,4,2,true,false,48,18,2,9,9,2,80,LOWER_BOUND,272,2,0,0,0,1,4,4,0,0,NA,1,false,0,0,0,0,0,0,0,0,false,0,false,false,true,false,16565014842723785559,16824757624441937667,true
coverage-correction-v2-timing-transfer-s1211-m1-r1-t2-c2-l4-d3-tr4-a2,CJ-E,micro,timing_transfer,11383751400004761341,1211,true,true,2,2,4,3,4,2,true,false,48,18,2,9,9,2,80,LOWER_BOUND,272,2,0,0,0,1,4,4,0,0,NA,1,false,0,0,0,0,0,0,0,0,false,0,false,false,true,false,4587846096162582353,16824757624441937667,true
coverage-correction-v2-timing-transfer-s1211-m1-r1-t2-c2-l4-d4-tr4-a2,CJ-E,micro,timing_transfer,13286767224970384459,1211,true,true,2,2,4,4,4,2,true,false,48,18,2,9,9,2,80,LOWER_BOUND,272,2,0,0,0,1,4,4,0,0,NA,1,false,0,0,0,0,0,0,0,0,false,0,false,false,true,false,8113335101080230947,16824757624441937667,true
coverage-correction-v2-timing-transfer-s1211-m1-r1-t2-c2-l4-d5-tr4-a2,CJ-E,micro,timing_transfer,15463152667816327797,1211,true,true,2,2,4,5,4,2,true,false,48,18,2,9,9,2,80,LOWER_BOUND,272,2,0,0,0,1,4,4,0,0,NA,1,false,0,0,0,0,0,0,0,0,false,0,false,false,true,false,13168305075415666665,16824757624441937667,true
coverage-correction-v2-contemporary-reversal-s1211-m1-r1-t2-c2-l4-d0-tr0-a2,CJ-E,micro,shared_control,5685477761287208019,1211,true,true,2,2,4,0,0,2,true,true,613,240,166,61,61,4,160,LOWER_BOUND,848,8,2,2,0,40,44,8,2,4,NA,12,false,1,15,2,2,853,0,145,0,false,0,false,false,true,false,16773135966550532591,2871996299487530794,false
coverage-correction-v2-burst-4-s1211-m1-r1-t3-c1-l0-d1-tr0-a2,CJ-E,micro,same_source_bursts,13227542052848267568,1211,true,true,3,1,0,1,0,2,false,false,0,67,12,8,8,4,160,LOWER_BOUND,272,2,0,0,0,3,4,0,0,0,NA,0,false,0,0,0,0,0,0,0,0,false,0,false,false,true,false,8034277647721505235,4660877497418558199,true
coverage-correction-v2-blocked-late-return-s1211-m1-r1-t3-c1-l0-d0-tr0-a6,CJ-E,micro,dense_return_topology,10003156684454337820,1211,true,true,3,1,0,0,0,6,true,true,45,20,1,6,6,2,80,LOWER_BOUND,832,7,2,0,0,0,3,2,1,1,NA,1,false,3,2,1,1,0,0,0,0,true,0,false,false,true,false,9885427788796635459,5293843844796887069,true
coverage-correction-v2-timing-transfer-s1211-m1-r1-t3-c1-l0-d-1-tr0-a2,CJ-E,micro,timing_transfer,4175899864403910715,1211,true,true,3,1,0,-1,0,2,true,false,48,19,3,9,9,2,80,LOWER_BOUND,272,2,0,0,0,2,4,3,1,0,NA,1,false,0,0,0,0,0,0,0,0,false,0,false,false,true,false,16740873928277926265,16958863573814671649,true
coverage-correction-v2-timing-transfer-s1211-m1-r1-t3-c1-l0-d0-tr0-a2,CJ-E,micro,timing_transfer,2257822596979835465,1211,true,true,3,1,0,0,0,2,true,false,48,30,2,10,10,2,80,LOWER_BOUND,272,2,0,0,0,2,5,3,1,1,NA,2,false,0,0,0,0,0,0,0,1,false,0,true,false,true,false,12705197573889353732,16958863573814671649,true
coverage-correction-v2-timing-transfer-s1211-m1-r1-t3-c1-l0-d1-tr0-a2,CJ-E,micro,timing_transfer,4563939421055367879,1211,true,true,3,1,0,1,0,2,true,false,48,18,2,9,9,2,80,LOWER_BOUND,272,2,0,0,0,2,4,3,1,0,NA,1,false,0,0,0,0,0,0,0,0,false,0,false,false,true,false,3868806759236742409,16958863573814671649,true
coverage-correction-v2-timing-transfer-s1211-m1-r1-t3-c1-l0-d2-tr0-a2,CJ-E,micro,timing_transfer,547885439483939701,1211,true,true,3,1,0,2,0,2,true,false,48,18,2,9,9,2,80,LOWER_BOUND,272,2,0,0,0,2,4,3,1,0,NA,1,false,0,0,0,0,0,0,0,0,false,0,false,false,true,false,6664186240015389230,16958863573814671649,true
coverage-correction-v2-timing-transfer-s1211-m1-r1-t3-c1-l0-d3-tr0-a2,CJ-E,micro,timing_transfer,854206576839795591,1211,true,true,3,1,0,3,0,2,true,false,48,18,2,9,9,2,80,LOWER_BOUND,272,2,0,0,0,2,4,3,1,0,NA,1,false,0,0,0,0,0,0,0,0,false,0,false,false,true,false,2970874958858661704,16958863573814671649,true
coverage-correction-v2-timing-transfer-s1211-m1-r1-t3-c1-l0-d4-tr0-a2,CJ-E,micro,timing_transfer,5380398711868792177,1211,true,true,3,1,0,4,0,2,true,false,48,18,2,9,9,2,80,LOWER_BOUND,272,2,0,0,0,2,4,3,1,0,NA,1,false,0,0,0,0,0,0,0,0,false,0,false,false,true,false,8244356651695058850,16958863573814671649,true
coverage-correction-v2-timing-transfer-s1211-m1-r1-t3-c1-l0-d5-tr0-a2,CJ-E,micro,timing_transfer,13850631992927764175,1211,true,true,3,1,0,5,0,2,true,false,48,18,2,9,9,2,80,LOWER_BOUND,272,2,0,0,0,2,4,3,1,0,NA,1,false,0,0,0,0,0,0,0,0,false,0,false,false,true,false,4224524659191031960,16958863573814671649,true
coverage-correction-v2-timing-transfer-s1211-m1-r1-t3-c1-l0-d-1-tr2-a2,CJ-E,micro,timing_transfer,10261566382801229587,1211,true,true,3,1,0,-1,2,2,true,false,35,19,3,8,8,2,80,LOWER_BOUND,272,2,0,0,0,1,3,3,0,0,NA,0,false,0,0,0,0,0,0,0,0,false,0,false,false,true,false,3955130062584783173,7242554674513363970,true
coverage-correction-v2-timing-transfer-s1211-m1-r1-t3-c1-l0-d0-tr2-a2,CJ-E,micro,timing_transfer,2242992226198244489,1211,true,true,3,1,0,0,2,2,true,false,35,30,2,9,9,2,80,LOWER_BOUND,272,2,0,0,0,1,4,3,0,1,NA,1,false,0,0,0,0,0,0,0,1,false,0,true,false,true,false,718951550712066384,7242554674513363970,true
coverage-correction-v2-timing-transfer-s1211-m1-r1-t3-c1-l0-d1-tr2-a2,CJ-E,micro,timing_transfer,7948902864355108459,1211,true,true,3,1,0,1,2,2,true,false,35,18,2,8,8,2,80,LOWER_BOUND,272,2,0,0,0,1,3,3,0,0,NA,0,false,0,0,0,0,0,0,0,0,false,0,false,false,true,false,13307196396550678649,7242554674513363970,true
coverage-correction-v2-timing-transfer-s1211-m1-r1-t3-c1-l0-d2-tr2-a2,CJ-E,micro,timing_transfer,8249779894409064053,1211,true,true,3,1,0,2,2,2,true,false,35,18,2,8,8,2,80,LOWER_BOUND,272,2,0,0,0,1,3,3,0,0,NA,0,false,0,0,0,0,0,0,0,0,false,0,false,false,true,false,15164504417056723438,7242554674513363970,true
coverage-correction-v2-timing-transfer-s1211-m1-r1-t3-c1-l0-d3-tr2-a2,CJ-E,micro,timing_transfer,4212836081864448851,1211,true,true,3,1,0,3,2,2,true,false,35,18,2,8,8,2,80,LOWER_BOUND,272,2,0,0,0,1,3,3,0,0,NA,0,false,0,0,0,0,0,0,0,0,false,0,false,false,true,false,1804724590377735640,7242554674513363970,true
coverage-correction-v2-timing-transfer-s1211-m1-r1-t3-c1-l0-d4-tr2-a2,CJ-E,micro,timing_transfer,4153053698445917601,1211,true,true,3,1,0,4,2,2,true,false,35,18,2,8,8,2,80,LOWER_BOUND,272,2,0,0,0,1,3,3,0,0,NA,0,false,0,0,0,0,0,0,0,0,false,0,false,false,true,false,1938373015679829066,7242554674513363970,true
coverage-correction-v2-timing-transfer-s1211-m1-r1-t3-c1-l0-d5-tr2-a2,CJ-E,micro,timing_transfer,16555467398197445915,1211,true,true,3,1,0,5,2,2,true,false,35,18,2,8,8,2,80,LOWER_BOUND,272,2,0,0,0,1,3,3,0,0,NA,0,false,0,0,0,0,0,0,0,0,false,0,false,false,true,false,8814200977201733376,7242554674513363970,true
coverage-correction-v2-timing-transfer-s1211-m1-r1-t3-c1-l0-d-1-tr4-a2,CJ-E,micro,timing_transfer,12524808304429750483,1211,true,true,3,1,0,-1,4,2,true,false,35,19,3,8,8,2,80,LOWER_BOUND,272,2,0,0,0,1,3,3,0,0,NA,0,false,0,0,0,0,0,0,0,0,false,0,false,false,true,false,3955130062584783173,7242554674513363970,true
coverage-correction-v2-timing-transfer-s1211-m1-r1-t3-c1-l0-d0-tr4-a2,CJ-E,micro,timing_transfer,7827969557875918137,1211,true,true,3,1,0,0,4,2,true,false,35,30,2,9,9,2,80,LOWER_BOUND,272,2,0,0,0,1,4,3,0,1,NA,1,false,0,0,0,0,0,0,0,1,false,0,true,false,true,false,718951550712066384,7242554674513363970,true
coverage-correction-v2-timing-transfer-s1211-m1-r1-t3-c1-l0-d1-tr4-a2,CJ-E,micro,timing_transfer,11963833051348471303,1211,true,true,3,1,0,1,4,2,true,false,35,18,2,8,8,2,80,LOWER_BOUND,272,2,0,0,0,1,3,3,0,0,NA,0,false,0,0,0,0,0,0,0,0,false,0,false,false,true,false,13307196396550678649,7242554674513363970,true
coverage-correction-v2-timing-transfer-s1211-m1-r1-t3-c1-l0-d2-tr4-a2,CJ-E,micro,timing_transfer,13611032128329905685,1211,true,true,3,1,0,2,4,2,true,false,35,18,2,8,8,2,80,LOWER_BOUND,272,2,0,0,0,1,3,3,0,0,NA,0,false,0,0,0,0,0,0,0,0,false,0,false,false,true,false,15164504417056723438,7242554674513363970,true
coverage-correction-v2-timing-transfer-s1211-m1-r1-t3-c1-l0-d3-tr4-a2,CJ-E,micro,timing_transfer,3946524048767584159,1211,true,true,3,1,0,3,4,2,true,false,35,18,2,8,8,2,80,LOWER_BOUND,272,2,0,0,0,1,3,3,0,0,NA,0,false,0,0,0,0,0,0,0,0,false,0,false,false,true,false,1804724590377735640,7242554674513363970,true
coverage-correction-v2-timing-transfer-s1211-m1-r1-t3-c1-l0-d4-tr4-a2,CJ-E,micro,timing_transfer,16686095060610664641,1211,true,true,3,1,0,4,4,2,true,false,35,18,2,8,8,2,80,LOWER_BOUND,272,2,0,0,0,1,3,3,0,0,NA,0,false,0,0,0,0,0,0,0,0,false,0,false,false,true,false,1938373015679829066,7242554674513363970,true
coverage-correction-v2-timing-transfer-s1211-m1-r1-t3-c1-l0-d5-tr4-a2,CJ-E,micro,timing_transfer,4105147622815674479,1211,true,true,3,1,0,5,4,2,true,false,35,18,2,8,8,2,80,LOWER_BOUND,272,2,0,0,0,1,3,3,0,0,NA,0,false,0,0,0,0,0,0,0,0,false,0,false,false,true,false,8814200977201733376,7242554674513363970,true
coverage-correction-v2-contemporary-reversal-s1211-m1-r1-t3-c1-l0-d0-tr0-a2,CJ-E,micro,shared_control,10632993373970485497,1211,true,true,3,1,0,0,0,2,true,true,613,240,166,61,61,4,160,LOWER_BOUND,848,8,2,2,0,40,44,8,2,4,NA,12,false,1,15,1,2,853,0,145,0,false,0,false,false,true,false,4743471765016769155,18045478867413130618,false
coverage-correction-v2-burst-4-s1211-m1-r1-t3-c1-l4-d1-tr0-a2,CJ-E,micro,same_source_bursts,12642557879002738800,1211,true,true,3,1,4,1,0,2,false,false,0,67,12,8,8,4,160,LOWER_BOUND,272,2,0,0,0,3,4,0,0,0,NA,0,false,0,0,0,0,0,0,0,0,false,0,false,false,true,false,8034277647721505235,4660877497418558199,true
coverage-correction-v2-blocked-late-return-s1211-m1-r1-t3-c1-l4-d0-tr0-a6,CJ-E,micro,dense_return_topology,12131777120750661788,1211,true,true,3,1,4,0,0,6,true,true,115,20,23,10,10,6,240,LOWER_BOUND,1024,7,2,0,0,0,3,2,1,1,NA,1,false,3,2,1,1,0,0,0,0,true,0,false,false,true,false,11722679562327677093,2273002834648123491,true
coverage-correction-v2-timing-transfer-s1211-m1-r1-t3-c1-l4-d-1-tr0-a2,CJ-E,micro,timing_transfer,882686671497247507,1211,true,true,3,1,4,-1,0,2,true,false,48,19,3,9,9,2,80,LOWER_BOUND,272,2,0,0,0,2,4,3,1,0,NA,1,false,0,0,0,0,0,0,0,0,false,0,false,false,true,false,16740873928277926265,16958863573814671649,true
coverage-correction-v2-timing-transfer-s1211-m1-r1-t3-c1-l4-d0-tr0-a2,CJ-E,micro,timing_transfer,1150399063868011313,1211,true,true,3,1,4,0,0,2,true,false,48,30,2,10,10,2,80,LOWER_BOUND,272,2,0,0,0,2,5,3,1,1,NA,2,false,0,0,0,0,0,0,0,1,false,0,true,false,true,false,12705197573889353732,16958863573814671649,true
coverage-correction-v2-timing-transfer-s1211-m1-r1-t3-c1-l4-d1-tr0-a2,CJ-E,micro,timing_transfer,7357869069409487503,1211,true,true,3,1,4,1,0,2,true,false,48,18,2,9,9,2,80,LOWER_BOUND,272,2,0,0,0,2,4,3,1,0,NA,1,false,0,0,0,0,0,0,0,0,false,0,false,false,true,false,3868806759236742409,16958863573814671649,true
coverage-correction-v2-timing-transfer-s1211-m1-r1-t3-c1-l4-d2-tr0-a2,CJ-E,micro,timing_transfer,6825332391307120613,1211,true,true,3,1,4,2,0,2,true,false,48,18,2,9,9,2,80,LOWER_BOUND,272,2,0,0,0,2,4,3,1,0,NA,1,false,0,0,0,0,0,0,0,0,false,0,false,false,true,false,6664186240015389230,16958863573814671649,true
coverage-correction-v2-timing-transfer-s1211-m1-r1-t3-c1-l4-d3-tr0-a2,CJ-E,micro,timing_transfer,6907237921846281183,1211,true,true,3,1,4,3,0,2,true,false,48,18,2,9,9,2,80,LOWER_BOUND,272,2,0,0,0,2,4,3,1,0,NA,1,false,0,0,0,0,0,0,0,0,false,0,false,false,true,false,2970874958858661704,16958863573814671649,true
coverage-correction-v2-timing-transfer-s1211-m1-r1-t3-c1-l4-d4-tr0-a2,CJ-E,micro,timing_transfer,2922721055594744521,1211,true,true,3,1,4,4,0,2,true,false,48,18,2,9,9,2,80,LOWER_BOUND,272,2,0,0,0,2,4,3,1,0,NA,1,false,0,0,0,0,0,0,0,0,false,0,false,false,true,false,8244356651695058850,16958863573814671649,true
coverage-correction-v2-timing-transfer-s1211-m1-r1-t3-c1-l4-d5-tr0-a2,CJ-E,micro,timing_transfer,9898122562508776519,1211,true,true,3,1,4,5,0,2,true,false,48,18,2,9,9,2,80,LOWER_BOUND,272,2,0,0,0,2,4,3,1,0,NA,1,false,0,0,0,0,0,0,0,0,false,0,false,false,true,false,4224524659191031960,16958863573814671649,true
coverage-correction-v2-timing-transfer-s1211-m1-r1-t3-c1-l4-d-1-tr2-a2,CJ-E,micro,timing_transfer,3010892020021066939,1211,true,true,3,1,4,-1,2,2,true,false,35,19,3,8,8,2,80,LOWER_BOUND,272,2,0,0,0,1,3,3,0,0,NA,0,false,0,0,0,0,0,0,0,0,false,0,false,false,true,false,3955130062584783173,7242554674513363970,true
coverage-correction-v2-timing-transfer-s1211-m1-r1-t3-c1-l4-d0-tr2-a2,CJ-E,micro,timing_transfer,16202783456490886625,1211,true,true,3,1,4,0,2,2,true,false,35,30,2,9,9,2,80,LOWER_BOUND,272,2,0,0,0,1,4,3,0,1,NA,1,false,0,0,0,0,0,0,0,1,false,0,true,false,true,false,718951550712066384,7242554674513363970,true
coverage-correction-v2-timing-transfer-s1211-m1-r1-t3-c1-l4-d1-tr2-a2,CJ-E,micro,timing_transfer,3363564299261254043,1211,true,true,3,1,4,1,2,2,true,false,35,18,2,8,8,2,80,LOWER_BOUND,272,2,0,0,0,1,3,3,0,0,NA,0,false,0,0,0,0,0,0,0,0,false,0,false,false,true,false,13307196396550678649,7242554674513363970,true
coverage-correction-v2-timing-transfer-s1211-m1-r1-t3-c1-l4-d2-tr2-a2,CJ-E,micro,timing_transfer,3968414655110086165,1211,true,true,3,1,4,2,2,2,true,false,35,18,2,8,8,2,80,LOWER_BOUND,272,2,0,0,0,1,3,3,0,0,NA,0,false,0,0,0,0,0,0,0,0,false,0,false,false,true,false,15164504417056723438,7242554674513363970,true
coverage-correction-v2-timing-transfer-s1211-m1-r1-t3-c1-l4-d3-tr2-a2,CJ-E,micro,timing_transfer,7288796987054379859,1211,true,true,3,1,4,3,2,2,true,false,35,18,2,8,8,2,80,LOWER_BOUND,272,2,0,0,0,1,3,3,0,0,NA,0,false,0,0,0,0,0,0,0,0,false,0,false,false,true,false,1804724590377735640,7242554674513363970,true
coverage-correction-v2-timing-transfer-s1211-m1-r1-t3-c1-l4-d4-tr2-a2,CJ-E,micro,timing_transfer,419135391121947401,1211,true,true,3,1,4,4,2,2,true,false,35,18,2,8,8,2,80,LOWER_BOUND,272,2,0,0,0,1,3,3,0,0,NA,0,false,0,0,0,0,0,0,0,0,false,0,false,false,true,false,1938373015679829066,7242554674513363970,true
coverage-correction-v2-timing-transfer-s1211-m1-r1-t3-c1-l4-d5-tr2-a2,CJ-E,micro,timing_transfer,11635785039360397483,1211,true,true,3,1,4,5,2,2,true,false,35,18,2,8,8,2,80,LOWER_BOUND,272,2,0,0,0,1,3,3,0,0,NA,0,false,0,0,0,0,0,0,0,0,false,0,false,false,true,false,8814200977201733376,7242554674513363970,true
coverage-correction-v2-timing-transfer-s1211-m1-r1-t3-c1-l4-d-1-tr4-a2,CJ-E,micro,timing_transfer,3511278636897521611,1211,true,true,3,1,4,-1,4,2,true,false,35,19,3,8,8,2,80,LOWER_BOUND,272,2,0,0,0,1,3,3,0,0,NA,0,false,0,0,0,0,0,0,0,0,false,0,false,false,true,false,3955130062584783173,7242554674513363970,true
coverage-correction-v2-timing-transfer-s1211-m1-r1-t3-c1-l4-d0-tr4-a2,CJ-E,micro,timing_transfer,14517271412861430721,1211,true,true,3,1,4,0,4,2,true,false,35,30,2,9,9,2,80,LOWER_BOUND,272,2,0,0,0,1,4,3,0,1,NA,1,false,0,0,0,0,0,0,0,1,false,0,true,false,true,false,718951550712066384,7242554674513363970,true
coverage-correction-v2-timing-transfer-s1211-m1-r1-t3-c1-l4-d1-tr4-a2,CJ-E,micro,timing_transfer,5478738077489802607,1211,true,true,3,1,4,1,4,2,true,false,35,18,2,8,8,2,80,LOWER_BOUND,272,2,0,0,0,1,3,3,0,0,NA,0,false,0,0,0,0,0,0,0,0,false,0,false,false,true,false,13307196396550678649,7242554674513363970,true
coverage-correction-v2-timing-transfer-s1211-m1-r1-t3-c1-l4-d2-tr4-a2,CJ-E,micro,timing_transfer,17774067676120965317,1211,true,true,3,1,4,2,4,2,true,false,35,18,2,8,8,2,80,LOWER_BOUND,272,2,0,0,0,1,3,3,0,0,NA,0,false,0,0,0,0,0,0,0,0,false,0,false,false,true,false,15164504417056723438,7242554674513363970,true
coverage-correction-v2-timing-transfer-s1211-m1-r1-t3-c1-l4-d3-tr4-a2,CJ-E,micro,timing_transfer,17646378398415681991,1211,true,true,3,1,4,3,4,2,true,false,35,18,2,8,8,2,80,LOWER_BOUND,272,2,0,0,0,1,3,3,0,0,NA,0,false,0,0,0,0,0,0,0,0,false,0,false,false,true,false,1804724590377735640,7242554674513363970,true
coverage-correction-v2-timing-transfer-s1211-m1-r1-t3-c1-l4-d4-tr4-a2,CJ-E,micro,timing_transfer,14665755614851751161,1211,true,true,3,1,4,4,4,2,true,false,35,18,2,8,8,2,80,LOWER_BOUND,272,2,0,0,0,1,3,3,0,0,NA,0,false,0,0,0,0,0,0,0,0,false,0,false,false,true,false,1938373015679829066,7242554674513363970,true
coverage-correction-v2-timing-transfer-s1211-m1-r1-t3-c1-l4-d5-tr4-a2,CJ-E,micro,timing_transfer,2509570502863093959,1211,true,true,3,1,4,5,4,2,true,false,35,18,2,8,8,2,80,LOWER_BOUND,272,2,0,0,0,1,3,3,0,0,NA,0,false,0,0,0,0,0,0,0,0,false,0,false,false,true,false,8814200977201733376,7242554674513363970,true
coverage-correction-v2-contemporary-reversal-s1211-m1-r1-t3-c1-l4-d0-tr0-a2,CJ-E,micro,shared_control,14573925931149989441,1211,true,true,3,1,4,0,0,2,true,true,613,240,166,61,61,4,160,LOWER_BOUND,848,8,2,2,0,40,44,8,2,4,NA,12,false,1,15,1,2,853,0,145,0,false,0,false,false,true,false,4743471765016769155,18045478867413130618,false
coverage-correction-v2-burst-4-s1211-m1-r1-t3-c2-l0-d1-tr0-a2,CJ-E,micro,same_source_bursts,14461246995270377102,1211,true,true,3,2,0,1,0,2,false,false,0,94,14,10,10,4,160,LOWER_BOUND,272,2,0,0,0,4,6,0,2,2,NA,2,true,0,0,0,0,0,0,0,0,false,0,false,false,true,false,12859669789142899235,9708019406413103037,false
coverage-correction-v2-blocked-late-return-s1211-m1-r1-t3-c2-l0-d0-tr0-a6,CJ-E,micro,dense_return_topology,6551664537982423172,1211,true,true,3,2,0,0,0,6,true,true,45,20,1,6,6,2,80,LOWER_BOUND,832,7,2,0,0,0,3,2,1,1,NA,1,false,3,2,2,2,0,0,0,0,true,0,false,false,true,false,12492729334038621190,7493609278582436627,true
coverage-correction-v2-timing-transfer-s1211-m1-r1-t3-c2-l0-d-1-tr0-a2,CJ-E,micro,timing_transfer,1829954067452231095,1211,true,true,3,2,0,-1,0,2,true,false,48,19,3,9,9,2,80,LOWER_BOUND,272,2,0,0,0,2,4,3,1,0,NA,1,false,0,0,0,0,0,0,0,0,false,0,false,false,true,false,2858294334928212302,4657888518603851250,true
coverage-correction-v2-timing-transfer-s1211-m1-r1-t3-c2-l0-d0-tr0-a2,CJ-E,micro,timing_transfer,8898641148973306287,1211,true,true,3,2,0,0,0,2,true,false,48,30,2,10,10,2,80,LOWER_BOUND,272,2,0,0,0,2,5,3,1,1,NA,2,false,0,0,0,0,0,0,0,1,false,0,true,false,true,false,8124537726762117363,4657888518603851250,true
coverage-correction-v2-timing-transfer-s1211-m1-r1-t3-c2-l0-d1-tr0-a2,CJ-E,micro,timing_transfer,4352043121244761085,1211,true,true,3,2,0,1,0,2,true,false,48,18,2,9,9,2,80,LOWER_BOUND,272,2,0,0,0,2,4,3,1,0,NA,1,false,0,0,0,0,0,0,0,0,false,0,false,false,true,false,18423922201863587406,4657888518603851250,true
coverage-correction-v2-timing-transfer-s1211-m1-r1-t3-c2-l0-d2-tr0-a2,CJ-E,micro,timing_transfer,9338650654634002447,1211,true,true,3,2,0,2,0,2,true,false,48,18,2,9,9,2,80,LOWER_BOUND,272,2,0,0,0,2,4,3,1,0,NA,1,false,0,0,0,0,0,0,0,0,false,0,false,false,true,false,347658974035452888,4657888518603851250,true
coverage-correction-v2-timing-transfer-s1211-m1-r1-t3-c2-l0-d3-tr0-a2,CJ-E,micro,timing_transfer,4268978693318657873,1211,true,true,3,2,0,3,0,2,true,false,48,18,2,9,9,2,80,LOWER_BOUND,272,2,0,0,0,2,4,3,1,0,NA,1,false,0,0,0,0,0,0,0,0,false,0,false,false,true,false,11502756724952906290,4657888518603851250,true
coverage-correction-v2-timing-transfer-s1211-m1-r1-t3-c2-l0-d4-tr0-a2,CJ-E,micro,timing_transfer,11055610559712622407,1211,true,true,3,2,0,4,0,2,true,false,48,18,2,9,9,2,80,LOWER_BOUND,272,2,0,0,0,2,4,3,1,0,NA,1,false,0,0,0,0,0,0,0,0,false,0,false,false,true,false,17744422840069672304,4657888518603851250,true
coverage-correction-v2-timing-transfer-s1211-m1-r1-t3-c2-l0-d5-tr0-a2,CJ-E,micro,timing_transfer,9650783121468511533,1211,true,true,3,2,0,5,0,2,true,false,48,18,2,9,9,2,80,LOWER_BOUND,272,2,0,0,0,2,4,3,1,0,NA,1,false,0,0,0,0,0,0,0,0,false,0,false,false,true,false,5235797408522168710,4657888518603851250,true
coverage-correction-v2-timing-transfer-s1211-m1-r1-t3-c2-l0-d-1-tr2-a2,CJ-E,micro,timing_transfer,9314706169461960899,1211,true,true,3,2,0,-1,2,2,true,false,48,19,3,9,9,2,80,LOWER_BOUND,272,2,0,0,0,1,4,4,0,0,NA,1,false,0,0,0,0,0,0,0,0,false,0,false,false,true,false,10551921302736279344,4489495365559850414,true
coverage-correction-v2-timing-transfer-s1211-m1-r1-t3-c2-l0-d0-tr2-a2,CJ-E,micro,timing_transfer,5513435421793131707,1211,true,true,3,2,0,0,2,2,true,false,48,30,2,10,10,2,80,LOWER_BOUND,272,2,0,0,0,1,5,4,0,1,NA,2,false,0,0,0,0,0,0,0,1,false,0,true,false,true,false,15301171344606912551,4489495365559850414,true
coverage-correction-v2-timing-transfer-s1211-m1-r1-t3-c2-l0-d1-tr2-a2,CJ-E,micro,timing_transfer,6686796741415580829,1211,true,true,3,2,0,1,2,2,true,false,48,18,2,9,9,2,80,LOWER_BOUND,272,2,0,0,0,1,4,4,0,0,NA,1,false,0,0,0,0,0,0,0,0,false,0,false,false,true,false,11108425559034052820,4489495365559850414,true
coverage-correction-v2-timing-transfer-s1211-m1-r1-t3-c2-l0-d2-tr2-a2,CJ-E,micro,timing_transfer,4524501187717134355,1211,true,true,3,2,0,2,2,2,true,false,48,18,2,9,9,2,80,LOWER_BOUND,272,2,0,0,0,1,4,4,0,0,NA,1,false,0,0,0,0,0,0,0,0,false,0,false,false,true,false,1253048909404233654,4489495365559850414,true
coverage-correction-v2-timing-transfer-s1211-m1-r1-t3-c2-l0-d3-tr2-a2,CJ-E,micro,timing_transfer,7921502145951900561,1211,true,true,3,2,0,3,2,2,true,false,48,18,2,9,9,2,80,LOWER_BOUND,272,2,0,0,0,1,4,4,0,0,NA,1,false,0,0,0,0,0,0,0,0,false,0,false,false,true,false,16391121837769696020,4489495365559850414,true
coverage-correction-v2-timing-transfer-s1211-m1-r1-t3-c2-l0-d4-tr2-a2,CJ-E,micro,timing_transfer,9823605516889066971,1211,true,true,3,2,0,4,2,2,true,false,48,18,2,9,9,2,80,LOWER_BOUND,272,2,0,0,0,1,4,4,0,0,NA,1,false,0,0,0,0,0,0,0,0,false,0,false,false,true,false,8119602281443460658,4489495365559850414,true
coverage-correction-v2-timing-transfer-s1211-m1-r1-t3-c2-l0-d5-tr2-a2,CJ-E,micro,timing_transfer,17603656955563442653,1211,true,true,3,2,0,5,2,2,true,false,48,18,2,9,9,2,80,LOWER_BOUND,272,2,0,0,0,1,4,4,0,0,NA,1,false,0,0,0,0,0,0,0,0,false,0,false,false,true,false,9388736615760443484,4489495365559850414,true
coverage-correction-v2-timing-transfer-s1211-m1-r1-t3-c2-l0-d-1-tr4-a2,CJ-E,micro,timing_transfer,16971352638753042063,1211,true,true,3,2,0,-1,4,2,true,false,48,19,3,9,9,2,80,LOWER_BOUND,272,2,0,0,0,1,4,4,0,0,NA,1,false,0,0,0,0,0,0,0,0,false,0,false,false,true,false,15282793789642130364,4489495365559850414,true
coverage-correction-v2-timing-transfer-s1211-m1-r1-t3-c2-l0-d0-tr4-a2,CJ-E,micro,timing_transfer,17283288907296268999,1211,true,true,3,2,0,0,4,2,true,false,48,30,2,10,10,2,80,LOWER_BOUND,272,2,0,0,0,1,5,4,0,1,NA,2,false,0,0,0,0,0,0,0,1,false,0,true,false,true,false,15301171344606912551,4489495365559850414,true
coverage-correction-v2-timing-transfer-s1211-m1-r1-t3-c2-l0-d1-tr4-a2,CJ-E,micro,timing_transfer,8095941607707613245,1211,true,true,3,2,0,1,4,2,true,false,48,18,2,9,9,2,80,LOWER_BOUND,272,2,0,0,0,1,4,4,0,0,NA,1,false,0,0,0,0,0,0,0,0,false,0,false,false,true,false,2318852795809252868,4489495365559850414,true
coverage-correction-v2-timing-transfer-s1211-m1-r1-t3-c2-l0-d2-tr4-a2,CJ-E,micro,timing_transfer,7465353690889414063,1211,true,true,3,2,0,2,4,2,true,false,48,18,2,9,9,2,80,LOWER_BOUND,272,2,0,0,0,1,4,4,0,0,NA,1,false,0,0,0,0,0,0,0,0,false,0,false,false,true,false,16159656251858809722,4489495365559850414,true
coverage-correction-v2-timing-transfer-s1211-m1-r1-t3-c2-l0-d3-tr4-a2,CJ-E,micro,timing_transfer,4265282293664798657,1211,true,true,3,2,0,3,4,2,true,false,48,18,2,9,9,2,80,LOWER_BOUND,272,2,0,0,0,1,4,4,0,0,NA,1,false,0,0,0,0,0,0,0,0,false,0,false,false,true,false,2412652480777166660,4489495365559850414,true
coverage-correction-v2-timing-transfer-s1211-m1-r1-t3-c2-l0-d4-tr4-a2,CJ-E,micro,timing_transfer,13575331949583674863,1211,true,true,3,2,0,4,4,2,true,false,48,18,2,9,9,2,80,LOWER_BOUND,272,2,0,0,0,1,4,4,0,0,NA,1,false,0,0,0,0,0,0,0,0,false,0,false,false,true,false,6006384283434609662,4489495365559850414,true
coverage-correction-v2-timing-transfer-s1211-m1-r1-t3-c2-l0-d5-tr4-a2,CJ-E,micro,timing_transfer,11527885128957788973,1211,true,true,3,2,0,5,4,2,true,false,48,18,2,9,9,2,80,LOWER_BOUND,272,2,0,0,0,1,4,4,0,0,NA,1,false,0,0,0,0,0,0,0,0,false,0,false,false,true,false,10145120829368344668,4489495365559850414,true
coverage-correction-v2-contemporary-reversal-s1211-m1-r1-t3-c2-l0-d0-tr0-a2,CJ-E,micro,shared_control,11899705820558704201,1211,true,true,3,2,0,0,0,2,true,true,613,156,142,57,57,4,160,LOWER_BOUND,848,8,2,2,0,40,40,8,2,2,NA,10,false,1,15,2,2,769,0,145,0,false,0,true,false,true,false,9916103860895704209,18045478867413130618,false
coverage-correction-v2-burst-4-s1211-m1-r1-t3-c2-l4-d1-tr0-a2,CJ-E,micro,same_source_bursts,7424916753763692150,1211,true,true,3,2,4,1,0,2,false,false,0,94,14,10,10,4,160,LOWER_BOUND,272,2,0,0,0,4,6,0,2,2,NA,2,true,0,0,0,0,0,0,0,0,false,0,false,false,true,false,12859669789142899235,9708019406413103037,false
coverage-correction-v2-blocked-late-return-s1211-m1-r1-t3-c2-l4-d0-tr0-a6,CJ-E,micro,dense_return_topology,17532434422069141732,1211,true,true,3,2,4,0,0,6,true,true,115,20,23,10,10,6,240,LOWER_BOUND,1024,7,2,0,0,0,3,2,1,1,NA,1,false,3,2,2,2,0,0,0,0,true,0,false,false,true,false,9095004619593551956,15415965896906997441,true
coverage-correction-v2-timing-transfer-s1211-m1-r1-t3-c2-l4-d-1-tr0-a2,CJ-E,micro,timing_transfer,16300275773892903151,1211,true,true,3,2,4,-1,0,2,true,false,48,19,3,9,9,2,80,LOWER_BOUND,272,2,0,0,0,2,4,3,1,0,NA,1,false,0,0,0,0,0,0,0,0,false,0,false,false,true,false,2858294334928212302,4657888518603851250,true
coverage-correction-v2-timing-transfer-s1211-m1-r1-t3-c2-l4-d0-tr0-a2,CJ-E,micro,timing_transfer,8651686114793078575,1211,true,true,3,2,4,0,0,2,true,false,48,30,2,10,10,2,80,LOWER_BOUND,272,2,0,0,0,2,5,3,1,1,NA,2,false,0,0,0,0,0,0,0,1,false,0,true,false,true,false,8124537726762117363,4657888518603851250,true
coverage-correction-v2-timing-transfer-s1211-m1-r1-t3-c2-l4-d1-tr0-a2,CJ-E,micro,timing_transfer,4417937140760063285,1211,true,true,3,2,4,1,0,2,true,false,48,18,2,9,9,2,80,LOWER_BOUND,272,2,0,0,0,2,4,3,1,0,NA,1,false,0,0,0,0,0,0,0,0,false,0,false,false,true,false,18423922201863587406,4657888518603851250,true
coverage-correction-v2-timing-transfer-s1211-m1-r1-t3-c2-l4-d2-tr0-a2,CJ-E,micro,timing_transfer,5858007912532703775,1211,true,true,3,2,4,2,0,2,true,false,48,18,2,9,9,2,80,LOWER_BOUND,272,2,0,0,0,2,4,3,1,0,NA,1,false,0,0,0,0,0,0,0,0,false,0,false,false,true,false,347658974035452888,4657888518603851250,true
coverage-correction-v2-timing-transfer-s1211-m1-r1-t3-c2-l4-d3-tr0-a2,CJ-E,micro,timing_transfer,5593301931664005953,1211,true,true,3,2,4,3,0,2,true,false,48,18,2,9,9,2,80,LOWER_BOUND,272,2,0,0,0,2,4,3,1,0,NA,1,false,0,0,0,0,0,0,0,0,false,0,false,false,true,false,11502756724952906290,4657888518603851250,true
coverage-correction-v2-timing-transfer-s1211-m1-r1-t3-c2-l4-d4-tr0-a2,CJ-E,micro,timing_transfer,15176910434138421879,1211,true,true,3,2,4,4,0,2,true,false,48,18,2,9,9,2,80,LOWER_BOUND,272,2,0,0,0,2,4,3,1,0,NA,1,false,0,0,0,0,0,0,0,0,false,0,false,false,true,false,17744422840069672304,4657888518603851250,true
coverage-correction-v2-timing-transfer-s1211-m1-r1-t3-c2-l4-d5-tr0-a2,CJ-E,micro,timing_transfer,6428897659980889285,1211,true,true,3,2,4,5,0,2,true,false,48,18,2,9,9,2,80,LOWER_BOUND,272,2,0,0,0,2,4,3,1,0,NA,1,false,0,0,0,0,0,0,0,0,false,0,false,false,true,false,5235797408522168710,4657888518603851250,true
coverage-correction-v2-timing-transfer-s1211-m1-r1-t3-c2-l4-d-1-tr2-a2,CJ-E,micro,timing_transfer,1707065641123428115,1211,true,true,3,2,4,-1,2,2,true,false,48,19,3,9,9,2,80,LOWER_BOUND,272,2,0,0,0,1,4,4,0,0,NA,1,false,0,0,0,0,0,0,0,0,false,0,false,false,true,false,10551921302736279344,4489495365559850414,true
coverage-correction-v2-timing-transfer-s1211-m1-r1-t3-c2-l4-d0-tr2-a2,CJ-E,micro,timing_transfer,5172205146817294307,1211,true,true,3,2,4,0,2,2,true,false,48,30,2,10,10,2,80,LOWER_BOUND,272,2,0,0,0,1,5,4,0,1,NA,2,false,0,0,0,0,0,0,0,1,false,0,true,false,true,false,15301171344606912551,4489495365559850414,true
coverage-correction-v2-timing-transfer-s1211-m1-r1-t3-c2-l4-d1-tr2-a2,CJ-E,micro,timing_transfer,15636446625532929125,1211,true,true,3,2,4,1,2,2,true,false,48,18,2,9,9,2,80,LOWER_BOUND,272,2,0,0,0,1,4,4,0,0,NA,1,false,0,0,0,0,0,0,0,0,false,0,false,false,true,false,11108425559034052820,4489495365559850414,true
coverage-correction-v2-timing-transfer-s1211-m1-r1-t3-c2-l4-d2-tr2-a2,CJ-E,micro,timing_transfer,8238341363388279851,1211,true,true,3,2,4,2,2,2,true,false,48,18,2,9,9,2,80,LOWER_BOUND,272,2,0,0,0,1,4,4,0,0,NA,1,false,0,0,0,0,0,0,0,0,false,0,false,false,true,false,1253048909404233654,4489495365559850414,true
coverage-correction-v2-timing-transfer-s1211-m1-r1-t3-c2-l4-d3-tr2-a2,CJ-E,micro,timing_transfer,3776607498053422417,1211,true,true,3,2,4,3,2,2,true,false,48,18,2,9,9,2,80,LOWER_BOUND,272,2,0,0,0,1,4,4,0,0,NA,1,false,0,0,0,0,0,0,0,0,false,0,false,false,true,false,16391121837769696020,4489495365559850414,true
coverage-correction-v2-timing-transfer-s1211-m1-r1-t3-c2-l4-d4-tr2-a2,CJ-E,micro,timing_transfer,18235707247389683555,1211,true,true,3,2,4,4,2,2,true,false,48,18,2,9,9,2,80,LOWER_BOUND,272,2,0,0,0,1,4,4,0,0,NA,1,false,0,0,0,0,0,0,0,0,false,0,false,false,true,false,8119602281443460658,4489495365559850414,true
coverage-correction-v2-timing-transfer-s1211-m1-r1-t3-c2-l4-d5-tr2-a2,CJ-E,micro,timing_transfer,10016855673684217605,1211,true,true,3,2,4,5,2,2,true,false,48,18,2,9,9,2,80,LOWER_BOUND,272,2,0,0,0,1,4,4,0,0,NA,1,false,0,0,0,0,0,0,0,0,false,0,false,false,true,false,9388736615760443484,4489495365559850414,true
coverage-correction-v2-timing-transfer-s1211-m1-r1-t3-c2-l4-d-1-tr4-a2,CJ-E,micro,timing_transfer,16401912096976282087,1211,true,true,3,2,4,-1,4,2,true,false,48,19,3,9,9,2,80,LOWER_BOUND,272,2,0,0,0,1,4,4,0,0,NA,1,false,0,0,0,0,0,0,0,0,false,0,false,false,true,false,15282793789642130364,4489495365559850414,true
coverage-correction-v2-timing-transfer-s1211-m1-r1-t3-c2-l4-d0-tr4-a2,CJ-E,micro,timing_transfer,13228588612337596151,1211,true,true,3,2,4,0,4,2,true,false,48,30,2,10,10,2,80,LOWER_BOUND,272,2,0,0,0,1,5,4,0,1,NA,2,false,0,0,0,0,0,0,0,1,false,0,true,false,true,false,15301171344606912551,4489495365559850414,true
coverage-correction-v2-timing-transfer-s1211-m1-r1-t3-c2-l4-d1-tr4-a2,CJ-E,micro,timing_transfer,4161969670408848149,1211,true,true,3,2,4,1,4,2,true,false,48,18,2,9,9,2,80,LOWER_BOUND,272,2,0,0,0,1,4,4,0,0,NA,1,false,0,0,0,0,0,0,0,0,false,0,false,false,true,false,2318852795809252868,4489495365559850414,true
coverage-correction-v2-timing-transfer-s1211-m1-r1-t3-c2-l4-d2-tr4-a2,CJ-E,micro,timing_transfer,4740355087585691967,1211,true,true,3,2,4,2,4,2,true,false,48,18,2,9,9,2,80,LOWER_BOUND,272,2,0,0,0,1,4,4,0,0,NA,1,false,0,0,0,0,0,0,0,0,false,0,false,false,true,false,16159656251858809722,4489495365559850414,true
coverage-correction-v2-timing-transfer-s1211-m1-r1-t3-c2-l4-d3-tr4-a2,CJ-E,micro,timing_transfer,16214882920666140625,1211,true,true,3,2,4,3,4,2,true,false,48,18,2,9,9,2,80,LOWER_BOUND,272,2,0,0,0,1,4,4,0,0,NA,1,false,0,0,0,0,0,0,0,0,false,0,false,false,true,false,2412652480777166660,4489495365559850414,true
coverage-correction-v2-timing-transfer-s1211-m1-r1-t3-c2-l4-d4-tr4-a2,CJ-E,micro,timing_transfer,12478112012190678639,1211,true,true,3,2,4,4,4,2,true,false,48,18,2,9,9,2,80,LOWER_BOUND,272,2,0,0,0,1,4,4,0,0,NA,1,false,0,0,0,0,0,0,0,0,false,0,false,false,true,false,6006384283434609662,4489495365559850414,true
coverage-correction-v2-timing-transfer-s1211-m1-r1-t3-c2-l4-d5-tr4-a2,CJ-E,micro,timing_transfer,9724961060612455589,1211,true,true,3,2,4,5,4,2,true,false,48,18,2,9,9,2,80,LOWER_BOUND,272,2,0,0,0,1,4,4,0,0,NA,1,false,0,0,0,0,0,0,0,0,false,0,false,false,true,false,10145120829368344668,4489495365559850414,true
coverage-correction-v2-contemporary-reversal-s1211-m1-r1-t3-c2-l4-d0-tr0-a2,CJ-E,micro,shared_control,13316943087258781825,1211,true,true,3,2,4,0,0,2,true,true,613,156,142,57,57,4,160,LOWER_BOUND,848,8,2,2,0,40,40,8,2,2,NA,10,false,1,15,2,2,769,0,145,0,false,0,true,false,true,false,9916103860895704209,18045478867413130618,false
coverage-correction-v2-burst-4-s1223-m0-r0-t2-c1-l0-d1-tr0-a2,CJ-E,micro,same_source_bursts,6669038876041192416,1223,false,false,2,1,0,1,0,2,false,false,0,67,12,8,8,4,160,LOWER_BOUND,272,2,0,0,0,3,4,0,0,0,NA,0,false,0,0,0,0,0,0,0,0,false,0,false,false,true,false,512181430118598237,16836845905326089529,true
coverage-correction-v2-blocked-late-return-s1223-m0-r0-t2-c1-l0-d0-tr0-a6,CJ-E,micro,dense_return_topology,5951387805622057168,1223,false,false,2,1,0,0,0,6,true,true,45,20,1,6,6,2,80,LOWER_BOUND,832,7,2,0,0,0,3,2,1,1,NA,1,false,3,2,1,1,0,0,0,0,true,0,false,false,true,false,16128059326665502889,6605377024277933807,true
coverage-correction-v2-timing-transfer-s1223-m0-r0-t2-c1-l0-d-1-tr0-a2,CJ-E,micro,timing_transfer,16626817693662391987,1223,false,false,2,1,0,-1,0,2,true,false,48,19,3,9,9,2,80,LOWER_BOUND,272,2,0,0,0,2,4,3,1,0,NA,1,false,0,0,0,0,0,0,0,0,false,0,false,false,true,false,18373382471745656594,18073315470268941455,true
coverage-correction-v2-timing-transfer-s1223-m0-r0-t2-c1-l0-d0-tr0-a2,CJ-E,micro,timing_transfer,15503152317853945165,1223,false,false,2,1,0,0,0,2,true,false,48,30,2,10,10,2,80,LOWER_BOUND,272,2,0,0,0,2,5,3,1,1,NA,2,false,0,0,0,0,0,0,0,1,false,0,true,false,true,false,13640338815495735234,18073315470268941455,true
coverage-correction-v2-timing-transfer-s1223-m0-r0-t2-c1-l0-d1-tr0-a2,CJ-E,micro,timing_transfer,327438402330223847,1223,false,false,2,1,0,1,0,2,true,false,48,18,2,9,9,2,80,LOWER_BOUND,272,2,0,0,0,2,4,3,1,0,NA,1,false,0,0,0,0,0,0,0,0,false,0,false,false,true,false,6650043295907996862,18073315470268941455,true
coverage-correction-v2-timing-transfer-s1223-m0-r0-t2-c1-l0-d2-tr0-a2,CJ-E,micro,timing_transfer,5147477670628071181,1223,false,false,2,1,0,2,0,2,true,false,48,18,2,9,9,2,80,LOWER_BOUND,272,2,0,0,0,2,4,3,1,0,NA,1,false,0,0,0,0,0,0,0,0,false,0,false,false,true,false,4269477072123819248,18073315470268941455,true
coverage-correction-v2-timing-transfer-s1223-m0-r0-t2-c1-l0-d3-tr0-a2,CJ-E,micro,timing_transfer,4826820823374479835,1223,false,false,2,1,0,3,0,2,true,false,48,18,2,9,9,2,80,LOWER_BOUND,272,2,0,0,0,2,4,3,1,0,NA,1,false,0,0,0,0,0,0,0,0,false,0,false,false,true,false,7287972860337306954,18073315470268941455,true
coverage-correction-v2-timing-transfer-s1223-m0-r0-t2-c1-l0-d4-tr0-a2,CJ-E,micro,timing_transfer,5345139194538172813,1223,false,false,2,1,0,4,0,2,true,false,48,18,2,9,9,2,80,LOWER_BOUND,272,2,0,0,0,2,4,3,1,0,NA,1,false,0,0,0,0,0,0,0,0,false,0,false,false,true,false,4898438475538546688,18073315470268941455,true
coverage-correction-v2-timing-transfer-s1223-m0-r0-t2-c1-l0-d5-tr0-a2,CJ-E,micro,timing_transfer,9463098644777683103,1223,false,false,2,1,0,5,0,2,true,false,48,18,2,9,9,2,80,LOWER_BOUND,272,2,0,0,0,2,4,3,1,0,NA,1,false,0,0,0,0,0,0,0,0,false,0,false,false,true,false,2426580044214772390,18073315470268941455,true
coverage-correction-v2-timing-transfer-s1223-m0-r0-t2-c1-l0-d-1-tr2-a2,CJ-E,micro,timing_transfer,12115861078304043815,1223,false,false,2,1,0,-1,2,2,true,false,35,19,3,8,8,2,80,LOWER_BOUND,272,2,0,0,0,1,3,3,0,0,NA,0,false,0,0,0,0,0,0,0,0,false,0,false,false,true,false,13521721440175130274,15668346939233854088,true
coverage-correction-v2-timing-transfer-s1223-m0-r0-t2-c1-l0-d0-tr2-a2,CJ-E,micro,timing_transfer,12424733299232420729,1223,false,false,2,1,0,0,2,2,true,false,35,30,2,9,9,2,80,LOWER_BOUND,272,2,0,0,0,1,4,3,0,1,NA,1,false,0,0,0,0,0,0,0,1,false,0,true,false,true,false,9796799989084824346,15668346939233854088,true
coverage-correction-v2-timing-transfer-s1223-m0-r0-t2-c1-l0-d1-tr2-a2,CJ-E,micro,timing_transfer,5313909584887076967,1223,false,false,2,1,0,1,2,2,true,false,35,18,2,8,8,2,80,LOWER_BOUND,272,2,0,0,0,1,3,3,0,0,NA,0,false,0,0,0,0,0,0,0,0,false,0,false,false,true,false,10025736499695352778,15668346939233854088,true
coverage-correction-v2-timing-transfer-s1223-m0-r0-t2-c1-l0-d2-tr2-a2,CJ-E,micro,timing_transfer,1461114341063047281,1223,false,false,2,1,0,2,2,2,true,false,35,18,2,8,8,2,80,LOWER_BOUND,272,2,0,0,0,1,3,3,0,0,NA,0,false,0,0,0,0,0,0,0,0,false,0,false,false,true,false,12457550090454138156,15668346939233854088,true
coverage-correction-v2-timing-transfer-s1223-m0-r0-t2-c1-l0-d3-tr2-a2,CJ-E,micro,timing_transfer,6638699621319163499,1223,false,false,2,1,0,3,2,2,true,false,35,18,2,8,8,2,80,LOWER_BOUND,272,2,0,0,0,1,3,3,0,0,NA,0,false,0,0,0,0,0,0,0,0,false,0,false,false,true,false,234445615947344086,15668346939233854088,true
coverage-correction-v2-timing-transfer-s1223-m0-r0-t2-c1-l0-d4-tr2-a2,CJ-E,micro,timing_transfer,16777556407604796337,1223,false,false,2,1,0,4,2,2,true,false,35,18,2,8,8,2,80,LOWER_BOUND,272,2,0,0,0,1,3,3,0,0,NA,0,false,0,0,0,0,0,0,0,0,false,0,false,false,true,false,12859463828945660212,15668346939233854088,true
coverage-correction-v2-timing-transfer-s1223-m0-r0-t2-c1-l0-d5-tr2-a2,CJ-E,micro,timing_transfer,13837420403095309791,1223,false,false,2,1,0,5,2,2,true,false,35,18,2,8,8,2,80,LOWER_BOUND,272,2,0,0,0,1,3,3,0,0,NA,0,false,0,0,0,0,0,0,0,0,false,0,false,false,true,false,17634578597205813962,15668346939233854088,true
coverage-correction-v2-timing-transfer-s1223-m0-r0-t2-c1-l0-d-1-tr4-a2,CJ-E,micro,timing_transfer,14290696343970844107,1223,false,false,2,1,0,-1,4,2,true,false,35,19,3,8,8,2,80,LOWER_BOUND,272,2,0,0,0,1,3,3,0,0,NA,0,false,0,0,0,0,0,0,0,0,false,0,false,false,true,false,13521721440175130274,15668346939233854088,true
coverage-correction-v2-timing-transfer-s1223-m0-r0-t2-c1-l0-d0-tr4-a2,CJ-E,micro,timing_transfer,16306815912624196445,1223,false,false,2,1,0,0,4,2,true,false,35,30,2,9,9,2,80,LOWER_BOUND,272,2,0,0,0,1,4,3,0,1,NA,1,false,0,0,0,0,0,0,0,1,false,0,true,false,true,false,9796799989084824346,15668346939233854088,true
coverage-correction-v2-timing-transfer-s1223-m0-r0-t2-c1-l0-d1-tr4-a2,CJ-E,micro,timing_transfer,17551124598057217183,1223,false,false,2,1,0,1,4,2,true,false,35,18,2,8,8,2,80,LOWER_BOUND,272,2,0,0,0,1,3,3,0,0,NA,0,false,0,0,0,0,0,0,0,0,false,0,false,false,true,false,10025736499695352778,15668346939233854088,true
coverage-correction-v2-timing-transfer-s1223-m0-r0-t2-c1-l0-d2-tr4-a2,CJ-E,micro,timing_transfer,3884383250213404933,1223,false,false,2,1,0,2,4,2,true,false,35,18,2,8,8,2,80,LOWER_BOUND,272,2,0,0,0,1,3,3,0,0,NA,0,false,0,0,0,0,0,0,0,0,false,0,false,false,true,false,12457550090454138156,15668346939233854088,true
coverage-correction-v2-timing-transfer-s1223-m0-r0-t2-c1-l0-d3-tr4-a2,CJ-E,micro,timing_transfer,6410840000694600995,1223,false,false,2,1,0,3,4,2,true,false,35,18,2,8,8,2,80,LOWER_BOUND,272,2,0,0,0,1,3,3,0,0,NA,0,false,0,0,0,0,0,0,0,0,false,0,false,false,true,false,234445615947344086,15668346939233854088,true
coverage-correction-v2-timing-transfer-s1223-m0-r0-t2-c1-l0-d4-tr4-a2,CJ-E,micro,timing_transfer,2862258351216815805,1223,false,false,2,1,0,4,4,2,true,false,35,18,2,8,8,2,80,LOWER_BOUND,272,2,0,0,0,1,3,3,0,0,NA,0,false,0,0,0,0,0,0,0,0,false,0,false,false,true,false,12859463828945660212,15668346939233854088,true
coverage-correction-v2-timing-transfer-s1223-m0-r0-t2-c1-l0-d5-tr4-a2,CJ-E,micro,timing_transfer,10468921561666059687,1223,false,false,2,1,0,5,4,2,true,false,35,18,2,8,8,2,80,LOWER_BOUND,272,2,0,0,0,1,3,3,0,0,NA,0,false,0,0,0,0,0,0,0,0,false,0,false,false,true,false,17634578597205813962,15668346939233854088,true
coverage-correction-v2-contemporary-reversal-s1223-m0-r0-t2-c1-l0-d0-tr0-a2,CJ-E,micro,shared_control,3616602871510115385,1223,false,false,2,1,0,0,0,2,true,true,613,240,166,61,61,4,160,LOWER_BOUND,848,8,2,2,0,40,44,8,2,4,NA,12,false,1,15,1,2,853,0,145,0,false,0,false,false,true,false,16910795478142757576,4863713974342418037,false
coverage-correction-v2-burst-4-s1223-m0-r0-t2-c1-l4-d1-tr0-a2,CJ-E,micro,same_source_bursts,17568190559214327128,1223,false,false,2,1,4,1,0,2,false,false,0,67,12,8,8,4,160,LOWER_BOUND,272,2,0,0,0,3,4,0,0,0,NA,0,false,0,0,0,0,0,0,0,0,false,0,false,false,true,false,512181430118598237,16836845905326089529,true
coverage-correction-v2-blocked-late-return-s1223-m0-r0-t2-c1-l4-d0-tr0-a6,CJ-E,micro,dense_return_topology,6035475665839217800,1223,false,false,2,1,4,0,0,6,true,true,115,20,23,10,10,6,240,LOWER_BOUND,1024,7,2,0,0,0,3,2,1,1,NA,1,false,3,2,1,1,0,0,0,0,true,0,false,false,true,false,6304841035020605315,12148828699770486973,true
coverage-correction-v2-timing-transfer-s1223-m0-r0-t2-c1-l4-d-1-tr0-a2,CJ-E,micro,timing_transfer,17329028813155344435,1223,false,false,2,1,4,-1,0,2,true,false,48,19,3,9,9,2,80,LOWER_BOUND,272,2,0,0,0,2,4,3,1,0,NA,1,false,0,0,0,0,0,0,0,0,false,0,false,false,true,false,18373382471745656594,18073315470268941455,true
coverage-correction-v2-timing-transfer-s1223-m0-r0-t2-c1-l4-d0-tr0-a2,CJ-E,micro,timing_transfer,2481090831309610485,1223,false,false,2,1,4,0,0,2,true,false,48,30,2,10,10,2,80,LOWER_BOUND,272,2,0,0,0,2,5,3,1,1,NA,2,false,0,0,0,0,0,0,0,1,false,0,true,false,true,false,13640338815495735234,18073315470268941455,true
coverage-correction-v2-timing-transfer-s1223-m0-r0-t2-c1-l4-d1-tr0-a2,CJ-E,micro,timing_transfer,15816161387108535879,1223,false,false,2,1,4,1,0,2,true,false,48,18,2,9,9,2,80,LOWER_BOUND,272,2,0,0,0,2,4,3,1,0,NA,1,false,0,0,0,0,0,0,0,0,false,0,false,false,true,false,6650043295907996862,18073315470268941455,true
coverage-correction-v2-timing-transfer-s1223-m0-r0-t2-c1-l4-d2-tr0-a2,CJ-E,micro,timing_transfer,18354026760406287525,1223,false,false,2,1,4,2,0,2,true,false,48,18,2,9,9,2,80,LOWER_BOUND,272,2,0,0,0,2,4,3,1,0,NA,1,false,0,0,0,0,0,0,0,0,false,0,false,false,true,false,4269477072123819248,18073315470268941455,true
coverage-correction-v2-timing-transfer-s1223-m0-r0-t2-c1-l4-d3-tr0-a2,CJ-E,micro,timing_transfer,13990252610618855539,1223,false,false,2,1,4,3,0,2,true,false,48,18,2,9,9,2,80,LOWER_BOUND,272,2,0,0,0,2,4,3,1,0,NA,1,false,0,0,0,0,0,0,0,0,false,0,false,false,true,false,7287972860337306954,18073315470268941455,true
coverage-correction-v2-timing-transfer-s1223-m0-r0-t2-c1-l4-d4-tr0-a2,CJ-E,micro,timing_transfer,11520312120357889365,1223,false,false,2,1,4,4,0,2,true,false,48,18,2,9,9,2,80,LOWER_BOUND,272,2,0,0,0,2,4,3,1,0,NA,1,false,0,0,0,0,0,0,0,0,false,0,false,false,true,false,4898438475538546688,18073315470268941455,true
coverage-correction-v2-timing-transfer-s1223-m0-r0-t2-c1-l4-d5-tr0-a2,CJ-E,micro,timing_transfer,15833693973423972047,1223,false,false,2,1,4,5,0,2,true,false,48,18,2,9,9,2,80,LOWER_BOUND,272,2,0,0,0,2,4,3,1,0,NA,1,false,0,0,0,0,0,0,0,0,false,0,false,false,true,false,2426580044214772390,18073315470268941455,true
coverage-correction-v2-timing-transfer-s1223-m0-r0-t2-c1-l4-d-1-tr2-a2,CJ-E,micro,timing_transfer,13035905883093142735,1223,false,false,2,1,4,-1,2,2,true,false,35,19,3,8,8,2,80,LOWER_BOUND,272,2,0,0,0,1,3,3,0,0,NA,0,false,0,0,0,0,0,0,0,0,false,0,false,false,true,false,13521721440175130274,15668346939233854088,true
coverage-correction-v2-timing-transfer-s1223-m0-r0-t2-c1-l4-d0-tr2-a2,CJ-E,micro,timing_transfer,13916179772717771577,1223,false,false,2,1,4,0,2,2,true,false,35,30,2,9,9,2,80,LOWER_BOUND,272,2,0,0,0,1,4,3,0,1,NA,1,false,0,0,0,0,0,0,0,1,false,0,true,false,true,false,9796799989084824346,15668346939233854088,true
coverage-correction-v2-timing-transfer-s1223-m0-r0-t2-c1-l4-d1-tr2-a2,CJ-E,micro,timing_transfer,14115445935256768871,1223,false,false,2,1,4,1,2,2,true,false,35,18,2,8,8,2,80,LOWER_BOUND,272,2,0,0,0,1,3,3,0,0,NA,0,false,0,0,0,0,0,0,0,0,false,0,false,false,true,false,10025736499695352778,15668346939233854088,true
coverage-correction-v2-timing-transfer-s1223-m0-r0-t2-c1-l4-d2-tr2-a2,CJ-E,micro,timing_transfer,8380357960372689345,1223,false,false,2,1,4,2,2,2,true,false,35,18,2,8,8,2,80,LOWER_BOUND,272,2,0,0,0,1,3,3,0,0,NA,0,false,0,0,0,0,0,0,0,0,false,0,false,false,true,false,12457550090454138156,15668346939233854088,true
coverage-correction-v2-timing-transfer-s1223-m0-r0-t2-c1-l4-d3-tr2-a2,CJ-E,micro,timing_transfer,4891387192275370755,1223,false,false,2,1,4,3,2,2,true,false,35,18,2,8,8,2,80,LOWER_BOUND,272,2,0,0,0,1,3,3,0,0,NA,0,false,0,0,0,0,0,0,0,0,false,0,false,false,true,false,234445615947344086,15668346939233854088,true
coverage-correction-v2-timing-transfer-s1223-m0-r0-t2-c1-l4-d4-tr2-a2,CJ-E,micro,timing_transfer,4827350454377655713,1223,false,false,2,1,4,4,2,2,true,false,35,18,2,8,8,2,80,LOWER_BOUND,272,2,0,0,0,1,3,3,0,0,NA,0,false,0,0,0,0,0,0,0,0,false,0,false,false,true,false,12859463828945660212,15668346939233854088,true
coverage-correction-v2-timing-transfer-s1223-m0-r0-t2-c1-l4-d5-tr2-a2,CJ-E,micro,timing_transfer,16476097191688570671,1223,false,false,2,1,4,5,2,2,true,false,35,18,2,8,8,2,80,LOWER_BOUND,272,2,0,0,0,1,3,3,0,0,NA,0,false,0,0,0,0,0,0,0,0,false,0,false,false,true,false,17634578597205813962,15668346939233854088,true
coverage-correction-v2-timing-transfer-s1223-m0-r0-t2-c1-l4-d-1-tr4-a2,CJ-E,micro,timing_transfer,17613389186433640683,1223,false,false,2,1,4,-1,4,2,true,false,35,19,3,8,8,2,80,LOWER_BOUND,272,2,0,0,0,1,3,3,0,0,NA,0,false,0,0,0,0,0,0,0,0,false,0,false,false,true,false,13521721440175130274,15668346939233854088,true
coverage-correction-v2-timing-transfer-s1223-m0-r0-t2-c1-l4-d0-tr4-a2,CJ-E,micro,timing_transfer,3510780246209607397,1223,false,false,2,1,4,0,4,2,true,false,35,30,2,9,9,2,80,LOWER_BOUND,272,2,0,0,0,1,4,3,0,1,NA,1,false,0,0,0,0,0,0,0,1,false,0,true,false,true,false,9796799989084824346,15668346939233854088,true
coverage-correction-v2-timing-transfer-s1223-m0-r0-t2-c1-l4-d1-tr4-a2,CJ-E,micro,timing_transfer,15202819086709326287,1223,false,false,2,1,4,1,4,2,true,false,35,18,2,8,8,2,80,LOWER_BOUND,272,2,0,0,0,1,3,3,0,0,NA,0,false,0,0,0,0,0,0,0,0,false,0,false,false,true,false,10025736499695352778,15668346939233854088,true
coverage-correction-v2-timing-transfer-s1223-m0-r0-t2-c1-l4-d2-tr4-a2,CJ-E,micro,timing_transfer,4450015146316169133,1223,false,false,2,1,4,2,4,2,true,false,35,18,2,8,8,2,80,LOWER_BOUND,272,2,0,0,0,1,3,3,0,0,NA,0,false,0,0,0,0,0,0,0,0,false,0,false,false,true,false,12457550090454138156,15668346939233854088,true
coverage-correction-v2-timing-transfer-s1223-m0-r0-t2-c1-l4-d3-tr4-a2,CJ-E,micro,timing_transfer,13425031793796829867,1223,false,false,2,1,4,3,4,2,true,false,35,18,2,8,8,2,80,LOWER_BOUND,272,2,0,0,0,1,3,3,0,0,NA,0,false,0,0,0,0,0,0,0,0,false,0,false,false,true,false,234445615947344086,15668346939233854088,true
coverage-correction-v2-timing-transfer-s1223-m0-r0-t2-c1-l4-d4-tr4-a2,CJ-E,micro,timing_transfer,13196426237147545829,1223,false,false,2,1,4,4,4,2,true,false,35,18,2,8,8,2,80,LOWER_BOUND,272,2,0,0,0,1,3,3,0,0,NA,0,false,0,0,0,0,0,0,0,0,false,0,false,false,true,false,12859463828945660212,15668346939233854088,true
coverage-correction-v2-timing-transfer-s1223-m0-r0-t2-c1-l4-d5-tr4-a2,CJ-E,micro,timing_transfer,8435104177278402567,1223,false,false,2,1,4,5,4,2,true,false,35,18,2,8,8,2,80,LOWER_BOUND,272,2,0,0,0,1,3,3,0,0,NA,0,false,0,0,0,0,0,0,0,0,false,0,false,false,true,false,17634578597205813962,15668346939233854088,true
coverage-correction-v2-contemporary-reversal-s1223-m0-r0-t2-c1-l4-d0-tr0-a2,CJ-E,micro,shared_control,17985642429472254705,1223,false,false,2,1,4,0,0,2,true,true,613,240,166,61,61,4,160,LOWER_BOUND,848,8,2,2,0,40,44,8,2,4,NA,12,false,1,15,1,2,853,0,145,0,false,0,false,false,true,false,16910795478142757576,4863713974342418037,false
coverage-correction-v2-burst-4-s1223-m0-r0-t2-c2-l0-d1-tr0-a2,CJ-E,micro,same_source_bursts,10899073996015773318,1223,false,false,2,2,0,1,0,2,false,false,0,94,14,10,10,4,160,LOWER_BOUND,272,2,0,0,0,4,6,0,2,2,NA,2,true,0,0,0,0,0,0,0,0,false,0,false,false,true,false,6023082834690448561,1376053137791520071,false
coverage-correction-v2-blocked-late-return-s1223-m0-r0-t2-c2-l0-d0-tr0-a6,CJ-E,micro,dense_return_topology,1675394598132330008,1223,false,false,2,2,0,0,0,6,true,true,45,20,1,6,6,2,80,LOWER_BOUND,832,7,2,0,0,0,3,2,1,1,NA,1,false,3,2,2,2,0,0,0,0,true,0,false,false,true,false,8146522779790476900,506578551986685197,true
coverage-correction-v2-timing-transfer-s1223-m0-r0-t2-c2-l0-d-1-tr0-a2,CJ-E,micro,timing_transfer,7123647225573959399,1223,false,false,2,2,0,-1,0,2,true,false,48,31,3,10,10,2,80,LOWER_BOUND,272,2,0,0,0,2,5,3,1,1,NA,2,false,0,0,0,0,0,0,0,1,false,0,true,false,true,false,400984319162324912,14278388031194354764,true
coverage-correction-v2-timing-transfer-s1223-m0-r0-t2-c2-l0-d0-tr0-a2,CJ-E,micro,timing_transfer,9276111285759503835,1223,false,false,2,2,0,0,0,2,true,false,48,30,2,10,10,2,80,LOWER_BOUND,272,2,0,0,0,2,5,3,1,1,NA,2,false,0,0,0,0,0,0,0,1,false,0,true,false,true,false,4306451926829253661,14278388031194354764,true
coverage-correction-v2-timing-transfer-s1223-m0-r0-t2-c2-l0-d1-tr0-a2,CJ-E,micro,timing_transfer,1416612551214322829,1223,false,false,2,2,0,1,0,2,true,false,48,18,2,9,9,2,80,LOWER_BOUND,272,2,0,0,0,2,4,3,1,0,NA,1,false,0,0,0,0,0,0,0,0,false,0,false,false,true,false,16827752342196769356,14278388031194354764,true
coverage-correction-v2-timing-transfer-s1223-m0-r0-t2-c2-l0-d2-tr0-a2,CJ-E,micro,timing_transfer,4807871667927274951,1223,false,false,2,2,0,2,0,2,true,false,48,18,2,9,9,2,80,LOWER_BOUND,272,2,0,0,0,2,4,3,1,0,NA,1,false,0,0,0,0,0,0,0,0,false,0,false,false,true,false,4682185160402438818,14278388031194354764,true
coverage-correction-v2-timing-transfer-s1223-m0-r0-t2-c2-l0-d3-tr0-a2,CJ-E,micro,timing_transfer,9899566046823418349,1223,false,false,2,2,0,3,0,2,true,false,48,18,2,9,9,2,80,LOWER_BOUND,272,2,0,0,0,2,4,3,1,0,NA,1,false,0,0,0,0,0,0,0,0,false,0,false,false,true,false,17069205035792531124,14278388031194354764,true
coverage-correction-v2-timing-transfer-s1223-m0-r0-t2-c2-l0-d4-tr0-a2,CJ-E,micro,timing_transfer,1940700183879519243,1223,false,false,2,2,0,4,0,2,true,false,48,18,2,9,9,2,80,LOWER_BOUND,272,2,0,0,0,2,4,3,1,0,NA,1,false,0,0,0,0,0,0,0,0,false,0,false,false,true,false,10892896389856023662,14278388031194354764,true
coverage-correction-v2-timing-transfer-s1223-m0-r0-t2-c2-l0-d5-tr0-a2,CJ-E,micro,timing_transfer,833468969176360733,1223,false,false,2,2,0,5,0,2,true,false,48,18,2,9,9,2,80,LOWER_BOUND,272,2,0,0,0,2,4,3,1,0,NA,1,false,0,0,0,0,0,0,0,0,false,0,false,false,true,false,11011665737316837148,14278388031194354764,true
coverage-correction-v2-timing-transfer-s1223-m0-r0-t2-c2-l0-d-1-tr2-a2,CJ-E,micro,timing_transfer,8474971223146848431,1223,false,false,2,2,0,-1,2,2,true,false,48,31,3,10,10,2,80,LOWER_BOUND,272,2,0,0,0,1,5,4,0,1,NA,2,false,0,0,0,0,0,0,0,1,false,0,true,false,true,false,14030032072065091492,10959504153149246280,true
coverage-correction-v2-timing-transfer-s1223-m0-r0-t2-c2-l0-d0-tr2-a2,CJ-E,micro,timing_transfer,6968850117760105035,1223,false,false,2,2,0,0,2,2,true,false,48,30,2,10,10,2,80,LOWER_BOUND,272,2,0,0,0,1,5,4,0,1,NA,2,false,0,0,0,0,0,0,0,1,false,0,true,false,true,false,12350355315165024393,10959504153149246280,true
coverage-correction-v2-timing-transfer-s1223-m0-r0-t2-c2-l0-d1-tr2-a2,CJ-E,micro,timing_transfer,2606950825507119249,1223,false,false,2,2,0,1,2,2,true,false,48,18,2,9,9,2,80,LOWER_BOUND,272,2,0,0,0,1,4,4,0,0,NA,1,false,0,0,0,0,0,0,0,0,false,0,false,false,true,false,11716197107984075118,10959504153149246280,true
coverage-correction-v2-timing-transfer-s1223-m0-r0-t2-c2-l0-d2-tr2-a2,CJ-E,micro,timing_transfer,15255323820100435015,1223,false,false,2,2,0,2,2,2,true,false,48,18,2,9,9,2,80,LOWER_BOUND,272,2,0,0,0,1,4,4,0,0,NA,1,false,0,0,0,0,0,0,0,0,false,0,false,false,true,false,12866752342449798004,10959504153149246280,true
coverage-correction-v2-timing-transfer-s1223-m0-r0-t2-c2-l0-d3-tr2-a2,CJ-E,micro,timing_transfer,10801346167529905177,1223,false,false,2,2,0,3,2,2,true,false,48,18,2,9,9,2,80,LOWER_BOUND,272,2,0,0,0,1,4,4,0,0,NA,1,false,0,0,0,0,0,0,0,0,false,0,false,false,true,false,6640693099103522914,10959504153149246280,true
coverage-correction-v2-timing-transfer-s1223-m0-r0-t2-c2-l0-d4-tr2-a2,CJ-E,micro,timing_transfer,6300964686200353051,1223,false,false,2,2,0,4,2,2,true,false,48,18,2,9,9,2,80,LOWER_BOUND,272,2,0,0,0,1,4,4,0,0,NA,1,false,0,0,0,0,0,0,0,0,false,0,false,false,true,false,17088453250605870308,10959504153149246280,true
coverage-correction-v2-timing-transfer-s1223-m0-r0-t2-c2-l0-d5-tr2-a2,CJ-E,micro,timing_transfer,4263780934024615993,1223,false,false,2,2,0,5,2,2,true,false,48,18,2,9,9,2,80,LOWER_BOUND,272,2,0,0,0,1,4,4,0,0,NA,1,false,0,0,0,0,0,0,0,0,false,0,false,false,true,false,12363585108742291534,10959504153149246280,true
coverage-correction-v2-timing-transfer-s1223-m0-r0-t2-c2-l0-d-1-tr4-a2,CJ-E,micro,timing_transfer,1856303760790030919,1223,false,false,2,2,0,-1,4,2,true,false,48,31,3,10,10,2,80,LOWER_BOUND,272,2,0,0,0,1,5,4,0,1,NA,2,false,0,0,0,0,0,0,0,1,false,0,true,false,true,false,14030032072065091492,10959504153149246280,true
coverage-correction-v2-timing-transfer-s1223-m0-r0-t2-c2-l0-d0-tr4-a2,CJ-E,micro,timing_transfer,14981230854691296515,1223,false,false,2,2,0,0,4,2,true,false,48,30,2,10,10,2,80,LOWER_BOUND,272,2,0,0,0,1,5,4,0,1,NA,2,false,0,0,0,0,0,0,0,1,false,0,true,false,true,false,12350355315165024393,10959504153149246280,true
coverage-correction-v2-timing-transfer-s1223-m0-r0-t2-c2-l0-d1-tr4-a2,CJ-E,micro,timing_transfer,7030962129301878309,1223,false,false,2,2,0,1,4,2,true,false,48,18,2,9,9,2,80,LOWER_BOUND,272,2,0,0,0,1,4,4,0,0,NA,1,false,0,0,0,0,0,0,0,0,false,0,false,false,true,false,1202056439842378082,10959504153149246280,true
coverage-correction-v2-timing-transfer-s1223-m0-r0-t2-c2-l0-d2-tr4-a2,CJ-E,micro,timing_transfer,8146084397060165119,1223,false,false,2,2,0,2,4,2,true,false,48,18,2,9,9,2,80,LOWER_BOUND,272,2,0,0,0,1,4,4,0,0,NA,1,false,0,0,0,0,0,0,0,0,false,0,false,false,true,false,10048533932050969860,10959504153149246280,true
coverage-correction-v2-timing-transfer-s1223-m0-r0-t2-c2-l0-d3-tr4-a2,CJ-E,micro,timing_transfer,6101861965518042365,1223,false,false,2,2,0,3,4,2,true,false,48,18,2,9,9,2,80,LOWER_BOUND,272,2,0,0,0,1,4,4,0,0,NA,1,false,0,0,0,0,0,0,0,0,false,0,false,false,true,false,13779741389107989542,10959504153149246280,true
coverage-correction-v2-timing-transfer-s1223-m0-r0-t2-c2-l0-d4-tr4-a2,CJ-E,micro,timing_transfer,5772397762916446115,1223,false,false,2,2,0,4,4,2,true,false,48,18,2,9,9,2,80,LOWER_BOUND,272,2,0,0,0,1,4,4,0,0,NA,1,false,0,0,0,0,0,0,0,0,false,0,false,false,true,false,5697888520810290068,10959504153149246280,true
coverage-correction-v2-timing-transfer-s1223-m0-r0-t2-c2-l0-d5-tr4-a2,CJ-E,micro,timing_transfer,7617044036085398725,1223,false,false,2,2,0,5,4,2,true,false,48,18,2,9,9,2,80,LOWER_BOUND,272,2,0,0,0,1,4,4,0,0,NA,1,false,0,0,0,0,0,0,0,0,false,0,false,false,true,false,11435880927474917338,10959504153149246280,true
coverage-correction-v2-contemporary-reversal-s1223-m0-r0-t2-c2-l0-d0-tr0-a2,CJ-E,micro,shared_control,16994110775789805193,1223,false,false,2,2,0,0,0,2,true,true,613,240,166,61,61,4,160,LOWER_BOUND,848,8,2,2,0,40,44,8,2,4,NA,12,false,1,15,2,2,853,0,145,0,false,0,false,false,true,false,16910795478142757576,4863713974342418037,false
coverage-correction-v2-burst-4-s1223-m0-r0-t2-c2-l4-d1-tr0-a2,CJ-E,micro,same_source_bursts,14830031601113453534,1223,false,false,2,2,4,1,0,2,false,false,0,94,14,10,10,4,160,LOWER_BOUND,272,2,0,0,0,4,6,0,2,2,NA,2,true,0,0,0,0,0,0,0,0,false,0,false,false,true,false,6023082834690448561,1376053137791520071,false
coverage-correction-v2-blocked-late-return-s1223-m0-r0-t2-c2-l4-d0-tr0-a6,CJ-E,micro,dense_return_topology,2108430040286505208,1223,false,false,2,2,4,0,0,6,true,true,115,20,23,10,10,6,240,LOWER_BOUND,1024,7,2,0,0,0,3,2,1,1,NA,1,false,3,2,2,2,0,0,0,0,true,0,false,false,true,false,14748560684485580298,6278317547577890339,true
coverage-correction-v2-timing-transfer-s1223-m0-r0-t2-c2-l4-d-1-tr0-a2,CJ-E,micro,timing_transfer,5636112928870625407,1223,false,false,2,2,4,-1,0,2,true,false,48,31,3,10,10,2,80,LOWER_BOUND,272,2,0,0,0,2,5,3,1,1,NA,2,false,0,0,0,0,0,0,0,1,false,0,true,false,true,false,400984319162324912,14278388031194354764,true
coverage-correction-v2-timing-transfer-s1223-m0-r0-t2-c2-l4-d0-tr0-a2,CJ-E,micro,timing_transfer,13354422035649497251,1223,false,false,2,2,4,0,0,2,true,false,48,30,2,10,10,2,80,LOWER_BOUND,272,2,0,0,0,2,5,3,1,1,NA,2,false,0,0,0,0,0,0,0,1,false,0,true,false,true,false,4306451926829253661,14278388031194354764,true
coverage-correction-v2-timing-transfer-s1223-m0-r0-t2-c2-l4-d1-tr0-a2,CJ-E,micro,timing_transfer,16569801485565274773,1223,false,false,2,2,4,1,0,2,true,false,48,18,2,9,9,2,80,LOWER_BOUND,272,2,0,0,0,2,4,3,1,0,NA,1,false,0,0,0,0,0,0,0,0,false,0,false,false,true,false,16827752342196769356,14278388031194354764,true
coverage-correction-v2-timing-transfer-s1223-m0-r0-t2-c2-l4-d2-tr0-a2,CJ-E,micro,timing_transfer,12350731091787026551,1223,false,false,2,2,4,2,0,2,true,false,48,18,2,9,9,2,80,LOWER_BOUND,272,2,0,0,0,2,4,3,1,0,NA,1,false,0,0,0,0,0,0,0,0,false,0,false,false,true,false,4682185160402438818,14278388031194354764,true
coverage-correction-v2-timing-transfer-s1223-m0-r0-t2-c2-l4-d3-tr0-a2,CJ-E,micro,timing_transfer,4939623854388071461,1223,false,false,2,2,4,3,0,2,true,false,48,18,2,9,9,2,80,LOWER_BOUND,272,2,0,0,0,2,4,3,1,0,NA,1,false,0,0,0,0,0,0,0,0,false,0,false,false,true,false,17069205035792531124,14278388031194354764,true
coverage-correction-v2-timing-transfer-s1223-m0-r0-t2-c2-l4-d4-tr0-a2,CJ-E,micro,timing_transfer,15492621904741195731,1223,false,false,2,2,4,4,0,2,true,false,48,18,2,9,9,2,80,LOWER_BOUND,272,2,0,0,0,2,4,3,1,0,NA,1,false,0,0,0,0,0,0,0,0,false,0,false,false,true,false,10892896389856023662,14278388031194354764,true
coverage-correction-v2-timing-transfer-s1223-m0-r0-t2-c2-l4-d5-tr0-a2,CJ-E,micro,timing_transfer,11695363307598029829,1223,false,false,2,2,4,5,0,2,true,false,48,18,2,9,9,2,80,LOWER_BOUND,272,2,0,0,0,2,4,3,1,0,NA,1,false,0,0,0,0,0,0,0,0,false,0,false,false,true,false,11011665737316837148,14278388031194354764,true
coverage-correction-v2-timing-transfer-s1223-m0-r0-t2-c2-l4-d-1-tr2-a2,CJ-E,micro,timing_transfer,6886383667303447687,1223,false,false,2,2,4,-1,2,2,true,false,48,31,3,10,10,2,80,LOWER_BOUND,272,2,0,0,0,1,5,4,0,1,NA,2,false,0,0,0,0,0,0,0,1,false,0,true,false,true,false,14030032072065091492,10959504153149246280,true
coverage-correction-v2-timing-transfer-s1223-m0-r0-t2-c2-l4-d0-tr2-a2,CJ-E,micro,timing_transfer,526570762746870963,1223,false,false,2,2,4,0,2,2,true,false,48,30,2,10,10,2,80,LOWER_BOUND,272,2,0,0,0,1,5,4,0,1,NA,2,false,0,0,0,0,0,0,0,1,false,0,true,false,true,false,12350355315165024393,10959504153149246280,true
coverage-correction-v2-timing-transfer-s1223-m0-r0-t2-c2-l4-d1-tr2-a2,CJ-E,micro,timing_transfer,5494338278958213745,1223,false,false,2,2,4,1,2,2,true,false,48,18,2,9,9,2,80,LOWER_BOUND,272,2,0,0,0,1,4,4,0,0,NA,1,false,0,0,0,0,0,0,0,0,false,0,false,false,true,false,11716197107984075118,10959504153149246280,true
coverage-correction-v2-timing-transfer-s1223-m0-r0-t2-c2-l4-d2-tr2-a2,CJ-E,micro,timing_transfer,9615277449312407895,1223,false,false,2,2,4,2,2,2,true,false,48,18,2,9,9,2,80,LOWER_BOUND,272,2,0,0,0,1,4,4,0,0,NA,1,false,0,0,0,0,0,0,0,0,false,0,false,false,true,false,12866752342449798004,10959504153149246280,true
coverage-correction-v2-timing-transfer-s1223-m0-r0-t2-c2-l4-d3-tr2-a2,CJ-E,micro,timing_transfer,13842807939104707049,1223,false,false,2,2,4,3,2,2,true,false,48,18,2,9,9,2,80,LOWER_BOUND,272,2,0,0,0,1,4,4,0,0,NA,1,false,0,0,0,0,0,0,0,0,false,0,false,false,true,false,6640693099103522914,10959504153149246280,true
coverage-correction-v2-timing-transfer-s1223-m0-r0-t2-c2-l4-d4-tr2-a2,CJ-E,micro,timing_transfer,14223285552387294531,1223,false,false,2,2,4,4,2,2,true,false,48,18,2,9,9,2,80,LOWER_BOUND,272,2,0,0,0,1,4,4,0,0,NA,1,false,0,0,0,0,0,0,0,0,false,0,false,false,true,false,17088453250605870308,10959504153149246280,true
coverage-correction-v2-timing-transfer-s1223-m0-r0-t2-c2-l4-d5-tr2-a2,CJ-E,micro,timing_transfer,8124244005789500873,1223,false,false,2,2,4,5,2,2,true,false,48,18,2,9,9,2,80,LOWER_BOUND,272,2,0,0,0,1,4,4,0,0,NA,1,false,0,0,0,0,0,0,0,0,false,0,false,false,true,false,12363585108742291534,10959504153149246280,true
coverage-correction-v2-timing-transfer-s1223-m0-r0-t2-c2-l4-d-1-tr4-a2,CJ-E,micro,timing_transfer,78791845389111503,1223,false,false,2,2,4,-1,4,2,true,false,48,31,3,10,10,2,80,LOWER_BOUND,272,2,0,0,0,1,5,4,0,1,NA,2,false,0,0,0,0,0,0,0,1,false,0,true,false,true,false,14030032072065091492,10959504153149246280,true
coverage-correction-v2-timing-transfer-s1223-m0-r0-t2-c2-l4-d0-tr4-a2,CJ-E,micro,timing_transfer,917954272760304251,1223,false,false,2,2,4,0,4,2,true,false,48,30,2,10,10,2,80,LOWER_BOUND,272,2,0,0,0,1,5,4,0,1,NA,2,false,0,0,0,0,0,0,0,1,false,0,true,false,true,false,12350355315165024393,10959504153149246280,true
coverage-correction-v2-timing-transfer-s1223-m0-r0-t2-c2-l4-d1-tr4-a2,CJ-E,micro,timing_transfer,1437683782589309245,1223,false,false,2,2,4,1,4,2,true,false,48,18,2,9,9,2,80,LOWER_BOUND,272,2,0,0,0,1,4,4,0,0,NA,1,false,0,0,0,0,0,0,0,0,false,0,false,false,true,false,1202056439842378082,10959504153149246280,true
coverage-correction-v2-timing-transfer-s1223-m0-r0-t2-c2-l4-d2-tr4-a2,CJ-E,micro,timing_transfer,2975000346477088575,1223,false,false,2,2,4,2,4,2,true,false,48,18,2,9,9,2,80,LOWER_BOUND,272,2,0,0,0,1,4,4,0,0,NA,1,false,0,0,0,0,0,0,0,0,false,0,false,false,true,false,10048533932050969860,10959504153149246280,true
coverage-correction-v2-timing-transfer-s1223-m0-r0-t2-c2-l4-d3-tr4-a2,CJ-E,micro,timing_transfer,10928284438834939605,1223,false,false,2,2,4,3,4,2,true,false,48,18,2,9,9,2,80,LOWER_BOUND,272,2,0,0,0,1,4,4,0,0,NA,1,false,0,0,0,0,0,0,0,0,false,0,false,false,true,false,13779741389107989542,10959504153149246280,true
coverage-correction-v2-timing-transfer-s1223-m0-r0-t2-c2-l4-d4-tr4-a2,CJ-E,micro,timing_transfer,3789542278883005563,1223,false,false,2,2,4,4,4,2,true,false,48,18,2,9,9,2,80,LOWER_BOUND,272,2,0,0,0,1,4,4,0,0,NA,1,false,0,0,0,0,0,0,0,0,false,0,false,false,true,false,5697888520810290068,10959504153149246280,true
coverage-correction-v2-timing-transfer-s1223-m0-r0-t2-c2-l4-d5-tr4-a2,CJ-E,micro,timing_transfer,7563517946946653021,1223,false,false,2,2,4,5,4,2,true,false,48,18,2,9,9,2,80,LOWER_BOUND,272,2,0,0,0,1,4,4,0,0,NA,1,false,0,0,0,0,0,0,0,0,false,0,false,false,true,false,11435880927474917338,10959504153149246280,true
coverage-correction-v2-contemporary-reversal-s1223-m0-r0-t2-c2-l4-d0-tr0-a2,CJ-E,micro,shared_control,14442150586772136345,1223,false,false,2,2,4,0,0,2,true,true,613,240,166,61,61,4,160,LOWER_BOUND,848,8,2,2,0,40,44,8,2,4,NA,12,false,1,15,2,2,853,0,145,0,false,0,false,false,true,false,16910795478142757576,4863713974342418037,false
coverage-correction-v2-burst-4-s1223-m0-r0-t3-c1-l0-d1-tr0-a2,CJ-E,micro,same_source_bursts,14717446191397256952,1223,false,false,3,1,0,1,0,2,false,false,0,67,12,8,8,4,160,LOWER_BOUND,272,2,0,0,0,3,4,0,0,0,NA,0,false,0,0,0,0,0,0,0,0,false,0,false,false,true,false,230217638494085364,12913286782477207468,true
coverage-correction-v2-blocked-late-return-s1223-m0-r0-t3-c1-l0-d0-tr0-a6,CJ-E,micro,dense_return_topology,1361096072100025930,1223,false,false,3,1,0,0,0,6,true,true,45,20,1,6,6,2,80,LOWER_BOUND,832,7,2,0,0,0,3,2,1,1,NA,1,false,3,2,1,1,0,0,0,0,true,0,false,false,true,false,13671382888450073070,160643857728242612,true
coverage-correction-v2-timing-transfer-s1223-m0-r0-t3-c1-l0-d-1-tr0-a2,CJ-E,micro,timing_transfer,11700862014680836929,1223,false,false,3,1,0,-1,0,2,true,false,48,19,3,9,9,2,80,LOWER_BOUND,272,2,0,0,0,2,4,3,1,0,NA,1,false,0,0,0,0,0,0,0,0,false,0,false,false,true,false,14845750144951545650,12130087221051028278,true
coverage-correction-v2-timing-transfer-s1223-m0-r0-t3-c1-l0-d0-tr0-a2,CJ-E,micro,timing_transfer,16441670288105630421,1223,false,false,3,1,0,0,0,2,true,false,48,30,2,10,10,2,80,LOWER_BOUND,272,2,0,0,0,2,5,3,1,1,NA,2,false,0,0,0,0,0,0,0,1,false,0,true,false,true,false,11501416253966485107,12130087221051028278,true
coverage-correction-v2-timing-transfer-s1223-m0-r0-t3-c1-l0-d1-tr0-a2,CJ-E,micro,timing_transfer,16261987073071435259,1223,false,false,3,1,0,1,0,2,true,false,48,18,2,9,9,2,80,LOWER_BOUND,272,2,0,0,0,2,4,3,1,0,NA,1,false,0,0,0,0,0,0,0,0,false,0,false,false,true,false,2014032829882289882,12130087221051028278,true
coverage-correction-v2-timing-transfer-s1223-m0-r0-t3-c1-l0-d2-tr0-a2,CJ-E,micro,timing_transfer,1347737132406991193,1223,false,false,3,1,0,2,0,2,true,false,48,18,2,9,9,2,80,LOWER_BOUND,272,2,0,0,0,2,4,3,1,0,NA,1,false,0,0,0,0,0,0,0,0,false,0,false,false,true,false,15845914157214301641,12130087221051028278,true
coverage-correction-v2-timing-transfer-s1223-m0-r0-t3-c1-l0-d3-tr0-a2,CJ-E,micro,timing_transfer,10918785301837070435,1223,false,false,3,1,0,3,0,2,true,false,48,18,2,9,9,2,80,LOWER_BOUND,272,2,0,0,0,2,4,3,1,0,NA,1,false,0,0,0,0,0,0,0,0,false,0,false,false,true,false,14127194293911684115,12130087221051028278,true
coverage-correction-v2-timing-transfer-s1223-m0-r0-t3-c1-l0-d4-tr0-a2,CJ-E,micro,timing_transfer,14996176224332739621,1223,false,false,3,1,0,4,0,2,true,false,48,18,2,9,9,2,80,LOWER_BOUND,272,2,0,0,0,2,4,3,1,0,NA,1,false,0,0,0,0,0,0,0,0,false,0,false,false,true,false,7547275731270480913,12130087221051028278,true
coverage-correction-v2-timing-transfer-s1223-m0-r0-t3-c1-l0-d5-tr0-a2,CJ-E,micro,timing_transfer,3064693004278529931,1223,false,false,3,1,0,5,0,2,true,false,48,18,2,9,9,2,80,LOWER_BOUND,272,2,0,0,0,2,4,3,1,0,NA,1,false,0,0,0,0,0,0,0,0,false,0,false,false,true,false,3845979637908454607,12130087221051028278,true
coverage-correction-v2-timing-transfer-s1223-m0-r0-t3-c1-l0-d-1-tr2-a2,CJ-E,micro,timing_transfer,5544087014872794689,1223,false,false,3,1,0,-1,2,2,true,false,35,19,3,8,8,2,80,LOWER_BOUND,272,2,0,0,0,1,3,3,0,0,NA,0,false,0,0,0,0,0,0,0,0,false,0,false,false,true,false,11104227193469927170,10710992414909004653,true
coverage-correction-v2-timing-transfer-s1223-m0-r0-t3-c1-l0-d0-tr2-a2,CJ-E,micro,timing_transfer,8555692030373305693,1223,false,false,3,1,0,0,2,2,true,false,35,30,2,9,9,2,80,LOWER_BOUND,272,2,0,0,0,1,4,3,0,1,NA,1,false,0,0,0,0,0,0,0,1,false,0,true,false,true,false,17035248142085801063,10710992414909004653,true
coverage-correction-v2-timing-transfer-s1223-m0-r0-t3-c1-l0-d1-tr2-a2,CJ-E,micro,timing_transfer,8045964659939112199,1223,false,false,3,1,0,1,2,2,true,false,35,18,2,8,8,2,80,LOWER_BOUND,272,2,0,0,0,1,3,3,0,0,NA,0,false,0,0,0,0,0,0,0,0,false,0,false,false,true,false,9352490270741826670,10710992414909004653,true
coverage-correction-v2-timing-transfer-s1223-m0-r0-t3-c1-l0-d2-tr2-a2,CJ-E,micro,timing_transfer,15349871414144002593,1223,false,false,3,1,0,2,2,2,true,false,35,18,2,8,8,2,80,LOWER_BOUND,272,2,0,0,0,1,3,3,0,0,NA,0,false,0,0,0,0,0,0,0,0,false,0,false,false,true,false,7442214804054036309,10710992414909004653,true
coverage-correction-v2-timing-transfer-s1223-m0-r0-t3-c1-l0-d3-tr2-a2,CJ-E,micro,timing_transfer,5466261540603072231,1223,false,false,3,1,0,3,2,2,true,false,35,18,2,8,8,2,80,LOWER_BOUND,272,2,0,0,0,1,3,3,0,0,NA,0,false,0,0,0,0,0,0,0,0,false,0,false,false,true,false,14192437148060708119,10710992414909004653,true
coverage-correction-v2-timing-transfer-s1223-m0-r0-t3-c1-l0-d4-tr2-a2,CJ-E,micro,timing_transfer,4616500975335108365,1223,false,false,3,1,0,4,2,2,true,false,35,18,2,8,8,2,80,LOWER_BOUND,272,2,0,0,0,1,3,3,0,0,NA,0,false,0,0,0,0,0,0,0,0,false,0,false,false,true,false,17011623950693412677,10710992414909004653,true
coverage-correction-v2-timing-transfer-s1223-m0-r0-t3-c1-l0-d5-tr2-a2,CJ-E,micro,timing_transfer,13962943408600399375,1223,false,false,3,1,0,5,2,2,true,false,35,18,2,8,8,2,80,LOWER_BOUND,272,2,0,0,0,1,3,3,0,0,NA,0,false,0,0,0,0,0,0,0,0,false,0,false,false,true,false,12322377572596124491,10710992414909004653,true
coverage-correction-v2-timing-transfer-s1223-m0-r0-t3-c1-l0-d-1-tr4-a2,CJ-E,micro,timing_transfer,8010961847144583873,1223,false,false,3,1,0,-1,4,2,true,false,35,19,3,8,8,2,80,LOWER_BOUND,272,2,0,0,0,1,3,3,0,0,NA,0,false,0,0,0,0,0,0,0,0,false,0,false,false,true,false,11104227193469927170,10710992414909004653,true
coverage-correction-v2-timing-transfer-s1223-m0-r0-t3-c1-l0-d0-tr4-a2,CJ-E,micro,timing_transfer,17364449563546921533,1223,false,false,3,1,0,0,4,2,true,false,35,30,2,9,9,2,80,LOWER_BOUND,272,2,0,0,0,1,4,3,0,1,NA,1,false,0,0,0,0,0,0,0,1,false,0,true,false,true,false,17035248142085801063,10710992414909004653,true
coverage-correction-v2-timing-transfer-s1223-m0-r0-t3-c1-l0-d1-tr4-a2,CJ-E,micro,timing_transfer,3432075404946519347,1223,false,false,3,1,0,1,4,2,true,false,35,18,2,8,8,2,80,LOWER_BOUND,272,2,0,0,0,1,3,3,0,0,NA,0,false,0,0,0,0,0,0,0,0,false,0,false,false,true,false,9352490270741826670,10710992414909004653,true
coverage-correction-v2-timing-transfer-s1223-m0-r0-t3-c1-l0-d2-tr4-a2,CJ-E,micro,timing_transfer,999593918278871953,1223,false,false,3,1,0,2,4,2,true,false,35,18,2,8,8,2,80,LOWER_BOUND,272,2,0,0,0,1,3,3,0,0,NA,0,false,0,0,0,0,0,0,0,0,false,0,false,false,true,false,7442214804054036309,10710992414909004653,true
coverage-correction-v2-timing-transfer-s1223-m0-r0-t3-c1-l0-d3-tr4-a2,CJ-E,micro,timing_transfer,7693561662066103347,1223,false,false,3,1,0,3,4,2,true,false,35,18,2,8,8,2,80,LOWER_BOUND,272,2,0,0,0,1,3,3,0,0,NA,0,false,0,0,0,0,0,0,0,0,false,0,false,false,true,false,14192437148060708119,10710992414909004653,true
coverage-correction-v2-timing-transfer-s1223-m0-r0-t3-c1-l0-d4-tr4-a2,CJ-E,micro,timing_transfer,14107558789296378237,1223,false,false,3,1,0,4,4,2,true,false,35,18,2,8,8,2,80,LOWER_BOUND,272,2,0,0,0,1,3,3,0,0,NA,0,false,0,0,0,0,0,0,0,0,false,0,false,false,true,false,17011623950693412677,10710992414909004653,true
coverage-correction-v2-timing-transfer-s1223-m0-r0-t3-c1-l0-d5-tr4-a2,CJ-E,micro,timing_transfer,18195963939752143699,1223,false,false,3,1,0,5,4,2,true,false,35,18,2,8,8,2,80,LOWER_BOUND,272,2,0,0,0,1,3,3,0,0,NA,0,false,0,0,0,0,0,0,0,0,false,0,false,false,true,false,12322377572596124491,10710992414909004653,true
coverage-correction-v2-contemporary-reversal-s1223-m0-r0-t3-c1-l0-d0-tr0-a2,CJ-E,micro,shared_control,12009172912391346839,1223,false,false,3,1,0,0,0,2,true,true,613,240,166,61,61,4,160,LOWER_BOUND,848,8,2,2,0,40,44,8,2,4,NA,12,false,1,15,1,2,853,0,145,0,false,0,false,false,true,false,5141778046968929996,15676504873517849733,false
coverage-correction-v2-burst-4-s1223-m0-r0-t3-c1-l4-d1-tr0-a2,CJ-E,micro,same_source_bursts,10677753893057608112,1223,false,false,3,1,4,1,0,2,false,false,0,67,12,8,8,4,160,LOWER_BOUND,272,2,0,0,0,3,4,0,0,0,NA,0,false,0,0,0,0,0,0,0,0,false,0,false,false,true,false,230217638494085364,12913286782477207468,true
coverage-correction-v2-blocked-late-return-s1223-m0-r0-t3-c1-l4-d0-tr0-a6,CJ-E,micro,dense_return_topology,5682392729095382442,1223,false,false,3,1,4,0,0,6,true,true,115,20,23,10,10,6,240,LOWER_BOUND,1024,7,2,0,0,0,3,2,1,1,NA,1,false,3,2,1,1,0,0,0,0,true,0,false,false,true,false,16358452793221675828,15710449620289459102,true
coverage-correction-v2-timing-transfer-s1223-m0-r0-t3-c1-l4-d-1-tr0-a2,CJ-E,micro,timing_transfer,14374486906465828953,1223,false,false,3,1,4,-1,0,2,true,false,48,19,3,9,9,2,80,LOWER_BOUND,272,2,0,0,0,2,4,3,1,0,NA,1,false,0,0,0,0,0,0,0,0,false,0,false,false,true,false,14845750144951545650,12130087221051028278,true
coverage-correction-v2-timing-transfer-s1223-m0-r0-t3-c1-l4-d0-tr0-a2,CJ-E,micro,timing_transfer,14822752614022425693,1223,false,false,3,1,4,0,0,2,true,false,48,30,2,10,10,2,80,LOWER_BOUND,272,2,0,0,0,2,5,3,1,1,NA,2,false,0,0,0,0,0,0,0,1,false,0,true,false,true,false,11501416253966485107,12130087221051028278,true
coverage-correction-v2-timing-transfer-s1223-m0-r0-t3-c1-l4-d1-tr0-a2,CJ-E,micro,timing_transfer,1811912199323998787,1223,false,false,3,1,4,1,0,2,true,false,48,18,2,9,9,2,80,LOWER_BOUND,272,2,0,0,0,2,4,3,1,0,NA,1,false,0,0,0,0,0,0,0,0,false,0,false,false,true,false,2014032829882289882,12130087221051028278,true
coverage-correction-v2-timing-transfer-s1223-m0-r0-t3-c1-l4-d2-tr0-a2,CJ-E,micro,timing_transfer,10083902061188727657,1223,false,false,3,1,4,2,0,2,true,false,48,18,2,9,9,2,80,LOWER_BOUND,272,2,0,0,0,2,4,3,1,0,NA,1,false,0,0,0,0,0,0,0,0,false,0,false,false,true,false,15845914157214301641,12130087221051028278,true
coverage-correction-v2-timing-transfer-s1223-m0-r0-t3-c1-l4-d3-tr0-a2,CJ-E,micro,timing_transfer,8819359361516922299,1223,false,false,3,1,4,3,0,2,true,false,48,18,2,9,9,2,80,LOWER_BOUND,272,2,0,0,0,2,4,3,1,0,NA,1,false,0,0,0,0,0,0,0,0,false,0,false,false,true,false,14127194293911684115,12130087221051028278,true
coverage-correction-v2-timing-transfer-s1223-m0-r0-t3-c1-l4-d4-tr0-a2,CJ-E,micro,timing_transfer,8383034322619233517,1223,false,false,3,1,4,4,0,2,true,false,48,18,2,9,9,2,80,LOWER_BOUND,272,2,0,0,0,2,4,3,1,0,NA,1,false,0,0,0,0,0,0,0,0,false,0,false,false,true,false,7547275731270480913,12130087221051028278,true
coverage-correction-v2-timing-transfer-s1223-m0-r0-t3-c1-l4-d5-tr0-a2,CJ-E,micro,timing_transfer,8896016274003282803,1223,false,false,3,1,4,5,0,2,true,false,48,18,2,9,9,2,80,LOWER_BOUND,272,2,0,0,0,2,4,3,1,0,NA,1,false,0,0,0,0,0,0,0,0,false,0,false,false,true,false,3845979637908454607,12130087221051028278,true
coverage-correction-v2-timing-transfer-s1223-m0-r0-t3-c1-l4-d-1-tr2-a2,CJ-E,micro,timing_transfer,12136871780461604857,1223,false,false,3,1,4,-1,2,2,true,false,35,19,3,8,8,2,80,LOWER_BOUND,272,2,0,0,0,1,3,3,0,0,NA,0,false,0,0,0,0,0,0,0,0,false,0,false,false,true,false,11104227193469927170,10710992414909004653,true
coverage-correction-v2-timing-transfer-s1223-m0-r0-t3-c1-l4-d0-tr2-a2,CJ-E,micro,timing_transfer,3790633187121259461,1223,false,false,3,1,4,0,2,2,true,false,35,30,2,9,9,2,80,LOWER_BOUND,272,2,0,0,0,1,4,3,0,1,NA,1,false,0,0,0,0,0,0,0,1,false,0,true,false,true,false,17035248142085801063,10710992414909004653,true
coverage-correction-v2-timing-transfer-s1223-m0-r0-t3-c1-l4-d1-tr2-a2,CJ-E,micro,timing_transfer,17292684183683508551,1223,false,false,3,1,4,1,2,2,true,false,35,18,2,8,8,2,80,LOWER_BOUND,272,2,0,0,0,1,3,3,0,0,NA,0,false,0,0,0,0,0,0,0,0,false,0,false,false,true,false,9352490270741826670,10710992414909004653,true
coverage-correction-v2-timing-transfer-s1223-m0-r0-t3-c1-l4-d2-tr2-a2,CJ-E,micro,timing_transfer,3257995007396885265,1223,false,false,3,1,4,2,2,2,true,false,35,18,2,8,8,2,80,LOWER_BOUND,272,2,0,0,0,1,3,3,0,0,NA,0,false,0,0,0,0,0,0,0,0,false,0,false,false,true,false,7442214804054036309,10710992414909004653,true
coverage-correction-v2-timing-transfer-s1223-m0-r0-t3-c1-l4-d3-tr2-a2,CJ-E,micro,timing_transfer,3910755387159335415,1223,false,false,3,1,4,3,2,2,true,false,35,18,2,8,8,2,80,LOWER_BOUND,272,2,0,0,0,1,3,3,0,0,NA,0,false,0,0,0,0,0,0,0,0,false,0,false,false,true,false,14192437148060708119,10710992414909004653,true
coverage-correction-v2-timing-transfer-s1223-m0-r0-t3-c1-l4-d4-tr2-a2,CJ-E,micro,timing_transfer,16710218601968169781,1223,false,false,3,1,4,4,2,2,true,false,35,18,2,8,8,2,80,LOWER_BOUND,272,2,0,0,0,1,3,3,0,0,NA,0,false,0,0,0,0,0,0,0,0,false,0,false,false,true,false,17011623950693412677,10710992414909004653,true
coverage-correction-v2-timing-transfer-s1223-m0-r0-t3-c1-l4-d5-tr2-a2,CJ-E,micro,timing_transfer,4838429561217967103,1223,false,false,3,1,4,5,2,2,true,false,35,18,2,8,8,2,80,LOWER_BOUND,272,2,0,0,0,1,3,3,0,0,NA,0,false,0,0,0,0,0,0,0,0,false,0,false,false,true,false,12322377572596124491,10710992414909004653,true
coverage-correction-v2-timing-transfer-s1223-m0-r0-t3-c1-l4-d-1-tr4-a2,CJ-E,micro,timing_transfer,9557013445410855497,1223,false,false,3,1,4,-1,4,2,true,false,35,19,3,8,8,2,80,LOWER_BOUND,272,2,0,0,0,1,3,3,0,0,NA,0,false,0,0,0,0,0,0,0,0,false,0,false,false,true,false,11104227193469927170,10710992414909004653,true
coverage-correction-v2-timing-transfer-s1223-m0-r0-t3-c1-l4-d0-tr4-a2,CJ-E,micro,timing_transfer,14594172833963952245,1223,false,false,3,1,4,0,4,2,true,false,35,30,2,9,9,2,80,LOWER_BOUND,272,2,0,0,0,1,4,3,0,1,NA,1,false,0,0,0,0,0,0,0,1,false,0,true,false,true,false,17035248142085801063,10710992414909004653,true
coverage-correction-v2-timing-transfer-s1223-m0-r0-t3-c1-l4-d1-tr4-a2,CJ-E,micro,timing_transfer,4199083130931770763,1223,false,false,3,1,4,1,4,2,true,false,35,18,2,8,8,2,80,LOWER_BOUND,272,2,0,0,0,1,3,3,0,0,NA,0,false,0,0,0,0,0,0,0,0,false,0,false,false,true,false,9352490270741826670,10710992414909004653,true
coverage-correction-v2-timing-transfer-s1223-m0-r0-t3-c1-l4-d2-tr4-a2,CJ-E,micro,timing_transfer,16284183746922391345,1223,false,false,3,1,4,2,4,2,true,false,35,18,2,8,8,2,80,LOWER_BOUND,272,2,0,0,0,1,3,3,0,0,NA,0,false,0,0,0,0,0,0,0,0,false,0,false,false,true,false,7442214804054036309,10710992414909004653,true
coverage-correction-v2-timing-transfer-s1223-m0-r0-t3-c1-l4-d3-tr4-a2,CJ-E,micro,timing_transfer,9819953369634659499,1223,false,false,3,1,4,3,4,2,true,false,35,18,2,8,8,2,80,LOWER_BOUND,272,2,0,0,0,1,3,3,0,0,NA,0,false,0,0,0,0,0,0,0,0,false,0,false,false,true,false,14192437148060708119,10710992414909004653,true
coverage-correction-v2-timing-transfer-s1223-m0-r0-t3-c1-l4-d4-tr4-a2,CJ-E,micro,timing_transfer,17108404692385113621,1223,false,false,3,1,4,4,4,2,true,false,35,18,2,8,8,2,80,LOWER_BOUND,272,2,0,0,0,1,3,3,0,0,NA,0,false,0,0,0,0,0,0,0,0,false,0,false,false,true,false,17011623950693412677,10710992414909004653,true
coverage-correction-v2-timing-transfer-s1223-m0-r0-t3-c1-l4-d5-tr4-a2,CJ-E,micro,timing_transfer,17831545088399932971,1223,false,false,3,1,4,5,4,2,true,false,35,18,2,8,8,2,80,LOWER_BOUND,272,2,0,0,0,1,3,3,0,0,NA,0,false,0,0,0,0,0,0,0,0,false,0,false,false,true,false,12322377572596124491,10710992414909004653,true
coverage-correction-v2-contemporary-reversal-s1223-m0-r0-t3-c1-l4-d0-tr0-a2,CJ-E,micro,shared_control,11682932215612230759,1223,false,false,3,1,4,0,0,2,true,true,613,240,166,61,61,4,160,LOWER_BOUND,848,8,2,2,0,40,44,8,2,4,NA,12,false,1,15,1,2,853,0,145,0,false,0,false,false,true,false,5141778046968929996,15676504873517849733,false
coverage-correction-v2-burst-4-s1223-m0-r0-t3-c2-l0-d1-tr0-a2,CJ-E,micro,same_source_bursts,9079008099072305950,1223,false,false,3,2,0,1,0,2,false,false,0,94,14,10,10,4,160,LOWER_BOUND,272,2,0,0,0,4,6,0,2,2,NA,2,true,0,0,0,0,0,0,0,0,false,0,false,false,true,false,6846634696199702708,6379145997621769938,false
coverage-correction-v2-blocked-late-return-s1223-m0-r0-t3-c2-l0-d0-tr0-a6,CJ-E,micro,dense_return_topology,12007546773494137066,1223,false,false,3,2,0,0,0,6,true,true,45,20,1,6,6,2,80,LOWER_BOUND,832,7,2,0,0,0,3,2,1,1,NA,1,false,3,2,2,2,0,0,0,0,true,0,false,false,true,false,18319876894569306431,12534631422527288298,true
coverage-correction-v2-timing-transfer-s1223-m0-r0-t3-c2-l0-d-1-tr0-a2,CJ-E,micro,timing_transfer,4957392970566626645,1223,false,false,3,2,0,-1,0,2,true,false,48,19,3,9,9,2,80,LOWER_BOUND,272,2,0,0,0,2,4,3,1,0,NA,1,false,0,0,0,0,0,0,0,0,false,0,false,false,true,false,3592647397656052277,15372295912810295869,true
coverage-correction-v2-timing-transfer-s1223-m0-r0-t3-c2-l0-d0-tr0-a2,CJ-E,micro,timing_transfer,6381034987342202435,1223,false,false,3,2,0,0,0,2,true,false,48,30,2,10,10,2,80,LOWER_BOUND,272,2,0,0,0,2,5,3,1,1,NA,2,false,0,0,0,0,0,0,0,1,false,0,true,false,true,false,5184064855670123036,15372295912810295869,true
coverage-correction-v2-timing-transfer-s1223-m0-r0-t3-c2-l0-d1-tr0-a2,CJ-E,micro,timing_transfer,10689202868508361049,1223,false,false,3,2,0,1,0,2,true,false,48,18,2,9,9,2,80,LOWER_BOUND,272,2,0,0,0,2,4,3,1,0,NA,1,false,0,0,0,0,0,0,0,0,false,0,false,false,true,false,11540796860913199309,15372295912810295869,true
coverage-correction-v2-timing-transfer-s1223-m0-r0-t3-c2-l0-d2-tr0-a2,CJ-E,micro,timing_transfer,5797081099981282651,1223,false,false,3,2,0,2,0,2,true,false,48,18,2,9,9,2,80,LOWER_BOUND,272,2,0,0,0,2,4,3,1,0,NA,1,false,0,0,0,0,0,0,0,0,false,0,false,false,true,false,4849202445649580339,15372295912810295869,true
coverage-correction-v2-timing-transfer-s1223-m0-r0-t3-c2-l0-d3-tr0-a2,CJ-E,micro,timing_transfer,12125680398181457013,1223,false,false,3,2,0,3,0,2,true,false,48,18,2,9,9,2,80,LOWER_BOUND,272,2,0,0,0,2,4,3,1,0,NA,1,false,0,0,0,0,0,0,0,0,false,0,false,false,true,false,8999857735012756437,15372295912810295869,true
coverage-correction-v2-timing-transfer-s1223-m0-r0-t3-c2-l0-d4-tr0-a2,CJ-E,micro,timing_transfer,7361669297256722595,1223,false,false,3,2,0,4,0,2,true,false,48,18,2,9,9,2,80,LOWER_BOUND,272,2,0,0,0,2,4,3,1,0,NA,1,false,0,0,0,0,0,0,0,0,false,0,false,false,true,false,16365210123820955735,15372295912810295869,true
coverage-correction-v2-timing-transfer-s1223-m0-r0-t3-c2-l0-d5-tr0-a2,CJ-E,micro,timing_transfer,16360290967001500657,1223,false,false,3,2,0,5,0,2,true,false,48,18,2,9,9,2,80,LOWER_BOUND,272,2,0,0,0,2,4,3,1,0,NA,1,false,0,0,0,0,0,0,0,0,false,0,false,false,true,false,10147528151487240173,15372295912810295869,true
coverage-correction-v2-timing-transfer-s1223-m0-r0-t3-c2-l0-d-1-tr2-a2,CJ-E,micro,timing_transfer,15718563180714945649,1223,false,false,3,2,0,-1,2,2,true,false,48,19,3,9,9,2,80,LOWER_BOUND,272,2,0,0,0,1,4,4,0,0,NA,1,false,0,0,0,0,0,0,0,0,false,0,false,false,true,false,6939756817202016679,8229348697588076393,true
coverage-correction-v2-timing-transfer-s1223-m0-r0-t3-c2-l0-d0-tr2-a2,CJ-E,micro,timing_transfer,4534300581017554631,1223,false,false,3,2,0,0,2,2,true,false,48,30,2,10,10,2,80,LOWER_BOUND,272,2,0,0,0,1,5,4,0,1,NA,2,false,0,0,0,0,0,0,0,1,false,0,true,false,true,false,17612029679567191032,8229348697588076393,true
coverage-correction-v2-timing-transfer-s1223-m0-r0-t3-c2-l0-d1-tr2-a2,CJ-E,micro,timing_transfer,2272291185984564545,1223,false,false,3,2,0,1,2,2,true,false,48,18,2,9,9,2,80,LOWER_BOUND,272,2,0,0,0,1,4,4,0,0,NA,1,false,0,0,0,0,0,0,0,0,false,0,false,false,true,false,6293850605242779707,8229348697588076393,true
coverage-correction-v2-timing-transfer-s1223-m0-r0-t3-c2-l0-d2-tr2-a2,CJ-E,micro,timing_transfer,4310196499995102055,1223,false,false,3,2,0,2,2,2,true,false,48,18,2,9,9,2,80,LOWER_BOUND,272,2,0,0,0,1,4,4,0,0,NA,1,false,0,0,0,0,0,0,0,0,false,0,false,false,true,false,10397187053701184937,8229348697588076393,true
coverage-correction-v2-timing-transfer-s1223-m0-r0-t3-c2-l0-d3-tr2-a2,CJ-E,micro,timing_transfer,11201022558637189629,1223,false,false,3,2,0,3,2,2,true,false,48,18,2,9,9,2,80,LOWER_BOUND,272,2,0,0,0,1,4,4,0,0,NA,1,false,0,0,0,0,0,0,0,0,false,0,false,false,true,false,4980240661490942759,8229348697588076393,true
coverage-correction-v2-timing-transfer-s1223-m0-r0-t3-c2-l0-d4-tr2-a2,CJ-E,micro,timing_transfer,17756557777987584799,1223,false,false,3,2,0,4,2,2,true,false,48,18,2,9,9,2,80,LOWER_BOUND,272,2,0,0,0,1,4,4,0,0,NA,1,false,0,0,0,0,0,0,0,0,false,0,false,false,true,false,3883134043310931913,8229348697588076393,true
coverage-correction-v2-timing-transfer-s1223-m0-r0-t3-c2-l0-d5-tr2-a2,CJ-E,micro,timing_transfer,2102066675603411609,1223,false,false,3,2,0,5,2,2,true,false,48,18,2,9,9,2,80,LOWER_BOUND,272,2,0,0,0,1,4,4,0,0,NA,1,false,0,0,0,0,0,0,0,0,false,0,false,false,true,false,5593046672467364603,8229348697588076393,true
coverage-correction-v2-timing-transfer-s1223-m0-r0-t3-c2-l0-d-1-tr4-a2,CJ-E,micro,timing_transfer,10352512117145664205,1223,false,false,3,2,0,-1,4,2,true,false,48,19,3,9,9,2,80,LOWER_BOUND,272,2,0,0,0,1,4,4,0,0,NA,1,false,0,0,0,0,0,0,0,0,false,0,false,false,true,false,3656338241664604563,8229348697588076393,true
coverage-correction-v2-timing-transfer-s1223-m0-r0-t3-c2-l0-d0-tr4-a2,CJ-E,micro,timing_transfer,1447856523569167763,1223,false,false,3,2,0,0,4,2,true,false,48,30,2,10,10,2,80,LOWER_BOUND,272,2,0,0,0,1,5,4,0,1,NA,2,false,0,0,0,0,0,0,0,1,false,0,true,false,true,false,17612029679567191032,8229348697588076393,true
coverage-correction-v2-timing-transfer-s1223-m0-r0-t3-c2-l0-d1-tr4-a2,CJ-E,micro,timing_transfer,7254634018442714545,1223,false,false,3,2,0,1,4,2,true,false,48,18,2,9,9,2,80,LOWER_BOUND,272,2,0,0,0,1,4,4,0,0,NA,1,false,0,0,0,0,0,0,0,0,false,0,false,false,true,false,4873722657650222763,8229348697588076393,true
coverage-correction-v2-timing-transfer-s1223-m0-r0-t3-c2-l0-d2-tr4-a2,CJ-E,micro,timing_transfer,13069381749302521107,1223,false,false,3,2,0,2,4,2,true,false,48,18,2,9,9,2,80,LOWER_BOUND,272,2,0,0,0,1,4,4,0,0,NA,1,false,0,0,0,0,0,0,0,0,false,0,false,false,true,false,3277613915406607885,8229348697588076393,true
coverage-correction-v2-timing-transfer-s1223-m0-r0-t3-c2-l0-d3-tr4-a2,CJ-E,micro,timing_transfer,16105505192494744925,1223,false,false,3,2,0,3,4,2,true,false,48,18,2,9,9,2,80,LOWER_BOUND,272,2,0,0,0,1,4,4,0,0,NA,1,false,0,0,0,0,0,0,0,0,false,0,false,false,true,false,2257993481662844919,8229348697588076393,true
coverage-correction-v2-timing-transfer-s1223-m0-r0-t3-c2-l0-d4-tr4-a2,CJ-E,micro,timing_transfer,1654722808947286611,1223,false,false,3,2,0,4,4,2,true,false,48,18,2,9,9,2,80,LOWER_BOUND,272,2,0,0,0,1,4,4,0,0,NA,1,false,0,0,0,0,0,0,0,0,false,0,false,false,true,false,13038282833773664661,8229348697588076393,true
coverage-correction-v2-timing-transfer-s1223-m0-r0-t3-c2-l0-d5-tr4-a2,CJ-E,micro,timing_transfer,7247941213709496281,1223,false,false,3,2,0,5,4,2,true,false,48,18,2,9,9,2,80,LOWER_BOUND,272,2,0,0,0,1,4,4,0,0,NA,1,false,0,0,0,0,0,0,0,0,false,0,false,false,true,false,8294784105850142875,8229348697588076393,true
coverage-correction-v2-contemporary-reversal-s1223-m0-r0-t3-c2-l0-d0-tr0-a2,CJ-E,micro,shared_control,7169327983645926095,1223,false,false,3,2,0,0,0,2,true,true,613,156,142,57,57,4,160,LOWER_BOUND,848,8,2,2,0,40,40,8,2,2,NA,10,false,1,15,2,2,769,0,145,0,false,0,true,false,true,false,9612424664046960030,15676504873517849733,false
coverage-correction-v2-burst-4-s1223-m0-r0-t3-c2-l4-d1-tr0-a2,CJ-E,micro,same_source_bursts,3293064383251942198,1223,false,false,3,2,4,1,0,2,false,false,0,94,14,10,10,4,160,LOWER_BOUND,272,2,0,0,0,4,6,0,2,2,NA,2,true,0,0,0,0,0,0,0,0,false,0,false,false,true,false,6846634696199702708,6379145997621769938,false
coverage-correction-v2-blocked-late-return-s1223-m0-r0-t3-c2-l4-d0-tr0-a6,CJ-E,micro,dense_return_topology,7960020716337372082,1223,false,false,3,2,4,0,0,6,true,true,115,20,23,10,10,6,240,LOWER_BOUND,1024,7,2,0,0,0,3,2,1,1,NA,1,false,3,2,2,2,0,0,0,0,true,0,false,false,true,false,8909453620529193993,15513619274947207828,true
coverage-correction-v2-timing-transfer-s1223-m0-r0-t3-c2-l4-d-1-tr0-a2,CJ-E,micro,timing_transfer,16047138814796447925,1223,false,false,3,2,4,-1,0,2,true,false,48,19,3,9,9,2,80,LOWER_BOUND,272,2,0,0,0,2,4,3,1,0,NA,1,false,0,0,0,0,0,0,0,0,false,0,false,false,true,false,3592647397656052277,15372295912810295869,true
coverage-correction-v2-timing-transfer-s1223-m0-r0-t3-c2-l4-d0-tr0-a2,CJ-E,micro,timing_transfer,18418496375185637291,1223,false,false,3,2,4,0,0,2,true,false,48,30,2,10,10,2,80,LOWER_BOUND,272,2,0,0,0,2,5,3,1,1,NA,2,false,0,0,0,0,0,0,0,1,false,0,true,false,true,false,5184064855670123036,15372295912810295869,true
coverage-correction-v2-timing-transfer-s1223-m0-r0-t3-c2-l4-d1-tr0-a2,CJ-E,micro,timing_transfer,15648092431217189849,1223,false,false,3,2,4,1,0,2,true,false,48,18,2,9,9,2,80,LOWER_BOUND,272,2,0,0,0,2,4,3,1,0,NA,1,false,0,0,0,0,0,0,0,0,false,0,false,false,true,false,11540796860913199309,15372295912810295869,true
coverage-correction-v2-timing-transfer-s1223-m0-r0-t3-c2-l4-d2-tr0-a2,CJ-E,micro,timing_transfer,9767066638088349843,1223,false,false,3,2,4,2,0,2,true,false,48,18,2,9,9,2,80,LOWER_BOUND,272,2,0,0,0,2,4,3,1,0,NA,1,false,0,0,0,0,0,0,0,0,false,0,false,false,true,false,4849202445649580339,15372295912810295869,true
coverage-correction-v2-timing-transfer-s1223-m0-r0-t3-c2-l4-d3-tr0-a2,CJ-E,micro,timing_transfer,7784220346813925101,1223,false,false,3,2,4,3,0,2,true,false,48,18,2,9,9,2,80,LOWER_BOUND,272,2,0,0,0,2,4,3,1,0,NA,1,false,0,0,0,0,0,0,0,0,false,0,false,false,true,false,8999857735012756437,15372295912810295869,true
coverage-correction-v2-timing-transfer-s1223-m0-r0-t3-c2-l4-d4-tr0-a2,CJ-E,micro,timing_transfer,8410176493351047723,1223,false,false,3,2,4,4,0,2,true,false,48,18,2,9,9,2,80,LOWER_BOUND,272,2,0,0,0,2,4,3,1,0,NA,1,false,0,0,0,0,0,0,0,0,false,0,false,false,true,false,16365210123820955735,15372295912810295869,true
coverage-correction-v2-timing-transfer-s1223-m0-r0-t3-c2-l4-d5-tr0-a2,CJ-E,micro,timing_transfer,12025120345451806913,1223,false,false,3,2,4,5,0,2,true,false,48,18,2,9,9,2,80,LOWER_BOUND,272,2,0,0,0,2,4,3,1,0,NA,1,false,0,0,0,0,0,0,0,0,false,0,false,false,true,false,10147528151487240173,15372295912810295869,true
coverage-correction-v2-timing-transfer-s1223-m0-r0-t3-c2-l4-d-1-tr2-a2,CJ-E,micro,timing_transfer,7448000552719494585,1223,false,false,3,2,4,-1,2,2,true,false,48,19,3,9,9,2,80,LOWER_BOUND,272,2,0,0,0,1,4,4,0,0,NA,1,false,0,0,0,0,0,0,0,0,false,0,false,false,true,false,6939756817202016679,8229348697588076393,true
coverage-correction-v2-timing-transfer-s1223-m0-r0-t3-c2-l4-d0-tr2-a2,CJ-E,micro,timing_transfer,63236326091099335,1223,false,false,3,2,4,0,2,2,true,false,48,30,2,10,10,2,80,LOWER_BOUND,272,2,0,0,0,1,5,4,0,1,NA,2,false,0,0,0,0,0,0,0,1,false,0,true,false,true,false,17612029679567191032,8229348697588076393,true
coverage-correction-v2-timing-transfer-s1223-m0-r0-t3-c2-l4-d1-tr2-a2,CJ-E,micro,timing_transfer,2547837264192018145,1223,false,false,3,2,4,1,2,2,true,false,48,18,2,9,9,2,80,LOWER_BOUND,272,2,0,0,0,1,4,4,0,0,NA,1,false,0,0,0,0,0,0,0,0,false,0,false,false,true,false,6293850605242779707,8229348697588076393,true
coverage-correction-v2-timing-transfer-s1223-m0-r0-t3-c2-l4-d2-tr2-a2,CJ-E,micro,timing_transfer,2034159883447559831,1223,false,false,3,2,4,2,2,2,true,false,48,18,2,9,9,2,80,LOWER_BOUND,272,2,0,0,0,1,4,4,0,0,NA,1,false,0,0,0,0,0,0,0,0,false,0,false,false,true,false,10397187053701184937,8229348697588076393,true
coverage-correction-v2-timing-transfer-s1223-m0-r0-t3-c2-l4-d3-tr2-a2,CJ-E,micro,timing_transfer,11081587313991692405,1223,false,false,3,2,4,3,2,2,true,false,48,18,2,9,9,2,80,LOWER_BOUND,272,2,0,0,0,1,4,4,0,0,NA,1,false,0,0,0,0,0,0,0,0,false,0,false,false,true,false,4980240661490942759,8229348697588076393,true
coverage-correction-v2-timing-transfer-s1223-m0-r0-t3-c2-l4-d4-tr2-a2,CJ-E,micro,timing_transfer,998811981409927183,1223,false,false,3,2,4,4,2,2,true,false,48,18,2,9,9,2,80,LOWER_BOUND,272,2,0,0,0,1,4,4,0,0,NA,1,false,0,0,0,0,0,0,0,0,false,0,false,false,true,false,3883134043310931913,8229348697588076393,true
coverage-correction-v2-timing-transfer-s1223-m0-r0-t3-c2-l4-d5-tr2-a2,CJ-E,micro,timing_transfer,12609330406469822025,1223,false,false,3,2,4,5,2,2,true,false,48,18,2,9,9,2,80,LOWER_BOUND,272,2,0,0,0,1,4,4,0,0,NA,1,false,0,0,0,0,0,0,0,0,false,0,false,false,true,false,5593046672467364603,8229348697588076393,true
coverage-correction-v2-timing-transfer-s1223-m0-r0-t3-c2-l4-d-1-tr4-a2,CJ-E,micro,timing_transfer,3625660830657281805,1223,false,false,3,2,4,-1,4,2,true,false,48,19,3,9,9,2,80,LOWER_BOUND,272,2,0,0,0,1,4,4,0,0,NA,1,false,0,0,0,0,0,0,0,0,false,0,false,false,true,false,3656338241664604563,8229348697588076393,true
coverage-correction-v2-timing-transfer-s1223-m0-r0-t3-c2-l4-d0-tr4-a2,CJ-E,micro,timing_transfer,13432182746601479323,1223,false,false,3,2,4,0,4,2,true,false,48,30,2,10,10,2,80,LOWER_BOUND,272,2,0,0,0,1,5,4,0,1,NA,2,false,0,0,0,0,0,0,0,1,false,0,true,false,true,false,17612029679567191032,8229348697588076393,true
coverage-correction-v2-timing-transfer-s1223-m0-r0-t3-c2-l4-d1-tr4-a2,CJ-E,micro,timing_transfer,13759174959950254209,1223,false,false,3,2,4,1,4,2,true,false,48,18,2,9,9,2,80,LOWER_BOUND,272,2,0,0,0,1,4,4,0,0,NA,1,false,0,0,0,0,0,0,0,0,false,0,false,false,true,false,4873722657650222763,8229348697588076393,true
coverage-correction-v2-timing-transfer-s1223-m0-r0-t3-c2-l4-d2-tr4-a2,CJ-E,micro,timing_transfer,13120870629595128283,1223,false,false,3,2,4,2,4,2,true,false,48,18,2,9,9,2,80,LOWER_BOUND,272,2,0,0,0,1,4,4,0,0,NA,1,false,0,0,0,0,0,0,0,0,false,0,false,false,true,false,3277613915406607885,8229348697588076393,true
coverage-correction-v2-timing-transfer-s1223-m0-r0-t3-c2-l4-d3-tr4-a2,CJ-E,micro,timing_transfer,5609772864794083653,1223,false,false,3,2,4,3,4,2,true,false,48,18,2,9,9,2,80,LOWER_BOUND,272,2,0,0,0,1,4,4,0,0,NA,1,false,0,0,0,0,0,0,0,0,false,0,false,false,true,false,2257993481662844919,8229348697588076393,true
coverage-correction-v2-timing-transfer-s1223-m0-r0-t3-c2-l4-d4-tr4-a2,CJ-E,micro,timing_transfer,17869669945085597435,1223,false,false,3,2,4,4,4,2,true,false,48,18,2,9,9,2,80,LOWER_BOUND,272,2,0,0,0,1,4,4,0,0,NA,1,false,0,0,0,0,0,0,0,0,false,0,false,false,true,false,13038282833773664661,8229348697588076393,true
coverage-correction-v2-timing-transfer-s1223-m0-r0-t3-c2-l4-d5-tr4-a2,CJ-E,micro,timing_transfer,5440405352142962649,1223,false,false,3,2,4,5,4,2,true,false,48,18,2,9,9,2,80,LOWER_BOUND,272,2,0,0,0,1,4,4,0,0,NA,1,false,0,0,0,0,0,0,0,0,false,0,false,false,true,false,8294784105850142875,8229348697588076393,true
coverage-correction-v2-contemporary-reversal-s1223-m0-r0-t3-c2-l4-d0-tr0-a2,CJ-E,micro,shared_control,10258915642637125143,1223,false,false,3,2,4,0,0,2,true,true,613,156,142,57,57,4,160,LOWER_BOUND,848,8,2,2,0,40,40,8,2,2,NA,10,false,1,15,2,2,769,0,145,0,false,0,true,false,true,false,9612424664046960030,15676504873517849733,false
coverage-correction-v2-burst-4-s1223-m1-r1-t2-c1-l0-d1-tr0-a2,CJ-E,micro,same_source_bursts,9891434620710803942,1223,true,true,2,1,0,1,0,2,false,false,0,67,12,8,8,4,160,LOWER_BOUND,272,2,0,0,0,3,4,0,0,0,NA,0,false,0,0,0,0,0,0,0,0,false,0,false,false,true,false,6789984377901792499,9393169941953699647,true
coverage-correction-v2-blocked-late-return-s1223-m1-r1-t2-c1-l0-d0-tr0-a6,CJ-E,micro,dense_return_topology,5977457388173733294,1223,true,true,2,1,0,0,0,6,true,true,45,20,1,6,6,2,80,LOWER_BOUND,832,7,2,0,0,0,3,2,1,1,NA,1,false,3,2,1,1,0,0,0,0,true,0,false,false,true,false,16086028895067623508,13550229398932423174,true
coverage-correction-v2-timing-transfer-s1223-m1-r1-t2-c1-l0-d-1-tr0-a2,CJ-E,micro,timing_transfer,11772523684260929273,1223,true,true,2,1,0,-1,0,2,true,false,48,19,3,9,9,2,80,LOWER_BOUND,272,2,0,0,0,2,4,3,1,0,NA,1,false,0,0,0,0,0,0,0,0,false,0,false,false,true,false,10140003031103424520,13057964905501402505,true
coverage-correction-v2-timing-transfer-s1223-m1-r1-t2-c1-l0-d0-tr0-a2,CJ-E,micro,timing_transfer,9333989146445607323,1223,true,true,2,1,0,0,0,2,true,false,48,30,2,10,10,2,80,LOWER_BOUND,272,2,0,0,0,2,5,3,1,1,NA,2,false,0,0,0,0,0,0,0,1,false,0,true,false,true,false,3021360847032929144,13057964905501402505,true
coverage-correction-v2-timing-transfer-s1223-m1-r1-t2-c1-l0-d1-tr0-a2,CJ-E,micro,timing_transfer,529235653426681233,1223,true,true,2,1,0,1,0,2,true,false,48,18,2,9,9,2,80,LOWER_BOUND,272,2,0,0,0,2,4,3,1,0,NA,1,false,0,0,0,0,0,0,0,0,false,0,false,false,true,false,18073856235849935404,13057964905501402505,true
coverage-correction-v2-timing-transfer-s1223-m1-r1-t2-c1-l0-d2-tr0-a2,CJ-E,micro,timing_transfer,11720798897627400563,1223,true,true,2,1,0,2,0,2,true,false,48,18,2,9,9,2,80,LOWER_BOUND,272,2,0,0,0,2,4,3,1,0,NA,1,false,0,0,0,0,0,0,0,0,false,0,false,false,true,false,14621002619492315030,13057964905501402505,true
coverage-correction-v2-timing-transfer-s1223-m1-r1-t2-c1-l0-d3-tr0-a2,CJ-E,micro,timing_transfer,4489637810360680909,1223,true,true,2,1,0,3,0,2,true,false,48,18,2,9,9,2,80,LOWER_BOUND,272,2,0,0,0,2,4,3,1,0,NA,1,false,0,0,0,0,0,0,0,0,false,0,false,false,true,false,5025200901563263472,13057964905501402505,true
coverage-correction-v2-timing-transfer-s1223-m1-r1-t2-c1-l0-d4-tr0-a2,CJ-E,micro,timing_transfer,14678898599678996379,1223,true,true,2,1,0,4,0,2,true,false,48,18,2,9,9,2,80,LOWER_BOUND,272,2,0,0,0,2,4,3,1,0,NA,1,false,0,0,0,0,0,0,0,0,false,0,false,false,true,false,828725247473703006,13057964905501402505,true
coverage-correction-v2-timing-transfer-s1223-m1-r1-t2-c1-l0-d5-tr0-a2,CJ-E,micro,timing_transfer,1476149733354226137,1223,true,true,2,1,0,5,0,2,true,false,48,18,2,9,9,2,80,LOWER_BOUND,272,2,0,0,0,2,4,3,1,0,NA,1,false,0,0,0,0,0,0,0,0,false,0,false,false,true,false,14695811787120019036,13057964905501402505,true
coverage-correction-v2-timing-transfer-s1223-m1-r1-t2-c1-l0-d-1-tr2-a2,CJ-E,micro,timing_transfer,10270818720413152685,1223,true,true,2,1,0,-1,2,2,true,false,35,19,3,8,8,2,80,LOWER_BOUND,272,2,0,0,0,1,3,3,0,0,NA,0,false,0,0,0,0,0,0,0,0,false,0,false,false,true,false,11071946433493748648,17964336742732535450,true
coverage-correction-v2-timing-transfer-s1223-m1-r1-t2-c1-l0-d0-tr2-a2,CJ-E,micro,timing_transfer,13384499937622953751,1223,true,true,2,1,0,0,2,2,true,false,35,30,2,9,9,2,80,LOWER_BOUND,272,2,0,0,0,1,4,3,0,1,NA,1,false,0,0,0,0,0,0,0,1,false,0,true,false,true,false,10682941826570891996,17964336742732535450,true
coverage-correction-v2-timing-transfer-s1223-m1-r1-t2-c1-l0-d1-tr2-a2,CJ-E,micro,timing_transfer,15733706580263582737,1223,true,true,2,1,0,1,2,2,true,false,35,18,2,8,8,2,80,LOWER_BOUND,272,2,0,0,0,1,3,3,0,0,NA,0,false,0,0,0,0,0,0,0,0,false,0,false,false,true,false,12479942685216797080,17964336742732535450,true
coverage-correction-v2-timing-transfer-s1223-m1-r1-t2-c1-l0-d2-tr2-a2,CJ-E,micro,timing_transfer,5575302075664081687,1223,true,true,2,1,0,2,2,2,true,false,35,18,2,8,8,2,80,LOWER_BOUND,272,2,0,0,0,1,3,3,0,0,NA,0,false,0,0,0,0,0,0,0,0,false,0,false,false,true,false,7747111806112080914,17964336742732535450,true
coverage-correction-v2-timing-transfer-s1223-m1-r1-t2-c1-l0-d3-tr2-a2,CJ-E,micro,timing_transfer,17557751568109301917,1223,true,true,2,1,0,3,2,2,true,false,35,18,2,8,8,2,80,LOWER_BOUND,272,2,0,0,0,1,3,3,0,0,NA,0,false,0,0,0,0,0,0,0,0,false,0,false,false,true,false,13146825897860284556,17964336742732535450,true
coverage-correction-v2-timing-transfer-s1223-m1-r1-t2-c1-l0-d4-tr2-a2,CJ-E,micro,timing_transfer,8525305329837359071,1223,true,true,2,1,0,4,2,2,true,false,35,18,2,8,8,2,80,LOWER_BOUND,272,2,0,0,0,1,3,3,0,0,NA,0,false,0,0,0,0,0,0,0,0,false,0,false,false,true,false,14027585997370356386,17964336742732535450,true
coverage-correction-v2-timing-transfer-s1223-m1-r1-t2-c1-l0-d5-tr2-a2,CJ-E,micro,timing_transfer,9339337376160596281,1223,true,true,2,1,0,5,2,2,true,false,35,18,2,8,8,2,80,LOWER_BOUND,272,2,0,0,0,1,3,3,0,0,NA,0,false,0,0,0,0,0,0,0,0,false,0,false,false,true,false,8659892285238213136,17964336742732535450,true
coverage-correction-v2-timing-transfer-s1223-m1-r1-t2-c1-l0-d-1-tr4-a2,CJ-E,micro,timing_transfer,5303832303931262073,1223,true,true,2,1,0,-1,4,2,true,false,35,19,3,8,8,2,80,LOWER_BOUND,272,2,0,0,0,1,3,3,0,0,NA,0,false,0,0,0,0,0,0,0,0,false,0,false,false,true,false,11071946433493748648,17964336742732535450,true
coverage-correction-v2-timing-transfer-s1223-m1-r1-t2-c1-l0-d0-tr4-a2,CJ-E,micro,timing_transfer,11231262987829487491,1223,true,true,2,1,0,0,4,2,true,false,35,30,2,9,9,2,80,LOWER_BOUND,272,2,0,0,0,1,4,3,0,1,NA,1,false,0,0,0,0,0,0,0,1,false,0,true,false,true,false,10682941826570891996,17964336742732535450,true
coverage-correction-v2-timing-transfer-s1223-m1-r1-t2-c1-l0-d1-tr4-a2,CJ-E,micro,timing_transfer,3405924847658959057,1223,true,true,2,1,0,1,4,2,true,false,35,18,2,8,8,2,80,LOWER_BOUND,272,2,0,0,0,1,3,3,0,0,NA,0,false,0,0,0,0,0,0,0,0,false,0,false,false,true,false,12479942685216797080,17964336742732535450,true
coverage-correction-v2-timing-transfer-s1223-m1-r1-t2-c1-l0-d2-tr4-a2,CJ-E,micro,timing_transfer,4447906977522753315,1223,true,true,2,1,0,2,4,2,true,false,35,18,2,8,8,2,80,LOWER_BOUND,272,2,0,0,0,1,3,3,0,0,NA,0,false,0,0,0,0,0,0,0,0,false,0,false,false,true,false,7747111806112080914,17964336742732535450,true
coverage-correction-v2-timing-transfer-s1223-m1-r1-t2-c1-l0-d3-tr4-a2,CJ-E,micro,timing_transfer,13529242406920025197,1223,true,true,2,1,0,3,4,2,true,false,35,18,2,8,8,2,80,LOWER_BOUND,272,2,0,0,0,1,3,3,0,0,NA,0,false,0,0,0,0,0,0,0,0,false,0,false,false,true,false,13146825897860284556,17964336742732535450,true
coverage-correction-v2-timing-transfer-s1223-m1-r1-t2-c1-l0-d4-tr4-a2,CJ-E,micro,timing_transfer,12899903910904307635,1223,true,true,2,1,0,4,4,2,true,false,35,18,2,8,8,2,80,LOWER_BOUND,272,2,0,0,0,1,3,3,0,0,NA,0,false,0,0,0,0,0,0,0,0,false,0,false,false,true,false,14027585997370356386,17964336742732535450,true
coverage-correction-v2-timing-transfer-s1223-m1-r1-t2-c1-l0-d5-tr4-a2,CJ-E,micro,timing_transfer,10198851452591587833,1223,true,true,2,1,0,5,4,2,true,false,35,18,2,8,8,2,80,LOWER_BOUND,272,2,0,0,0,1,3,3,0,0,NA,0,false,0,0,0,0,0,0,0,0,false,0,false,false,true,false,8659892285238213136,17964336742732535450,true
coverage-correction-v2-contemporary-reversal-s1223-m1-r1-t2-c1-l0-d0-tr0-a2,CJ-E,micro,shared_control,15859796573120342555,1223,true,true,2,1,0,0,0,2,true,true,613,240,166,61,61,4,160,LOWER_BOUND,848,8,2,2,0,40,44,8,2,4,NA,12,false,1,15,1,2,853,0,145,0,false,0,false,false,true,false,16068989648124180930,4405620226566594879,false
coverage-correction-v2-burst-4-s1223-m1-r1-t2-c1-l4-d1-tr0-a2,CJ-E,micro,same_source_bursts,2872104677700334638,1223,true,true,2,1,4,1,0,2,false,false,0,67,12,8,8,4,160,LOWER_BOUND,272,2,0,0,0,3,4,0,0,0,NA,0,false,0,0,0,0,0,0,0,0,false,0,false,false,true,false,6789984377901792499,9393169941953699647,true
coverage-correction-v2-blocked-late-return-s1223-m1-r1-t2-c1-l4-d0-tr0-a6,CJ-E,micro,dense_return_topology,7688321487250562790,1223,true,true,2,1,4,0,0,6,true,true,115,20,23,10,10,6,240,LOWER_BOUND,1024,7,2,0,0,0,3,2,1,1,NA,1,false,3,2,1,1,0,0,0,0,true,0,false,false,true,false,10285430944120708862,6728518375646492364,true
coverage-correction-v2-timing-transfer-s1223-m1-r1-t2-c1-l4-d-1-tr0-a2,CJ-E,micro,timing_transfer,8205221266191543817,1223,true,true,2,1,4,-1,0,2,true,false,48,19,3,9,9,2,80,LOWER_BOUND,272,2,0,0,0,2,4,3,1,0,NA,1,false,0,0,0,0,0,0,0,0,false,0,false,false,true,false,10140003031103424520,13057964905501402505,true
coverage-correction-v2-timing-transfer-s1223-m1-r1-t2-c1-l4-d0-tr0-a2,CJ-E,micro,timing_transfer,924187483816604315,1223,true,true,2,1,4,0,0,2,true,false,48,30,2,10,10,2,80,LOWER_BOUND,272,2,0,0,0,2,5,3,1,1,NA,2,false,0,0,0,0,0,0,0,1,false,0,true,false,true,false,3021360847032929144,13057964905501402505,true
coverage-correction-v2-timing-transfer-s1223-m1-r1-t2-c1-l4-d1-tr0-a2,CJ-E,micro,timing_transfer,13794443493255653785,1223,true,true,2,1,4,1,0,2,true,false,48,18,2,9,9,2,80,LOWER_BOUND,272,2,0,0,0,2,4,3,1,0,NA,1,false,0,0,0,0,0,0,0,0,false,0,false,false,true,false,18073856235849935404,13057964905501402505,true
coverage-correction-v2-timing-transfer-s1223-m1-r1-t2-c1-l4-d2-tr0-a2,CJ-E,micro,timing_transfer,17834050849017780691,1223,true,true,2,1,4,2,0,2,true,false,48,18,2,9,9,2,80,LOWER_BOUND,272,2,0,0,0,2,4,3,1,0,NA,1,false,0,0,0,0,0,0,0,0,false,0,false,false,true,false,14621002619492315030,13057964905501402505,true
coverage-correction-v2-timing-transfer-s1223-m1-r1-t2-c1-l4-d3-tr0-a2,CJ-E,micro,timing_transfer,1347758229845704109,1223,true,true,2,1,4,3,0,2,true,false,48,18,2,9,9,2,80,LOWER_BOUND,272,2,0,0,0,2,4,3,1,0,NA,1,false,0,0,0,0,0,0,0,0,false,0,false,false,true,false,5025200901563263472,13057964905501402505,true
coverage-correction-v2-timing-transfer-s1223-m1-r1-t2-c1-l4-d4-tr0-a2,CJ-E,micro,timing_transfer,13374666752048337755,1223,true,true,2,1,4,4,0,2,true,false,48,18,2,9,9,2,80,LOWER_BOUND,272,2,0,0,0,2,4,3,1,0,NA,1,false,0,0,0,0,0,0,0,0,false,0,false,false,true,false,828725247473703006,13057964905501402505,true
coverage-correction-v2-timing-transfer-s1223-m1-r1-t2-c1-l4-d5-tr0-a2,CJ-E,micro,timing_transfer,1821852940575166097,1223,true,true,2,1,4,5,0,2,true,false,48,18,2,9,9,2,80,LOWER_BOUND,272,2,0,0,0,2,4,3,1,0,NA,1,false,0,0,0,0,0,0,0,0,false,0,false,false,true,false,14695811787120019036,13057964905501402505,true
coverage-correction-v2-timing-transfer-s1223-m1-r1-t2-c1-l4-d-1-tr2-a2,CJ-E,micro,timing_transfer,2187806984472165829,1223,true,true,2,1,4,-1,2,2,true,false,35,19,3,8,8,2,80,LOWER_BOUND,272,2,0,0,0,1,3,3,0,0,NA,0,false,0,0,0,0,0,0,0,0,false,0,false,false,true,false,11071946433493748648,17964336742732535450,true
coverage-correction-v2-timing-transfer-s1223-m1-r1-t2-c1-l4-d0-tr2-a2,CJ-E,micro,timing_transfer,10401458159936709407,1223,true,true,2,1,4,0,2,2,true,false,35,30,2,9,9,2,80,LOWER_BOUND,272,2,0,0,0,1,4,3,0,1,NA,1,false,0,0,0,0,0,0,0,1,false,0,true,false,true,false,10682941826570891996,17964336742732535450,true
coverage-correction-v2-timing-transfer-s1223-m1-r1-t2-c1-l4-d1-tr2-a2,CJ-E,micro,timing_transfer,2658745278048924025,1223,true,true,2,1,4,1,2,2,true,false,35,18,2,8,8,2,80,LOWER_BOUND,272,2,0,0,0,1,3,3,0,0,NA,0,false,0,0,0,0,0,0,0,0,false,0,false,false,true,false,12479942685216797080,17964336742732535450,true
coverage-correction-v2-timing-transfer-s1223-m1-r1-t2-c1-l4-d2-tr2-a2,CJ-E,micro,timing_transfer,8071945955166227679,1223,true,true,2,1,4,2,2,2,true,false,35,18,2,8,8,2,80,LOWER_BOUND,272,2,0,0,0,1,3,3,0,0,NA,0,false,0,0,0,0,0,0,0,0,false,0,false,false,true,false,7747111806112080914,17964336742732535450,true
coverage-correction-v2-timing-transfer-s1223-m1-r1-t2-c1-l4-d3-tr2-a2,CJ-E,micro,timing_transfer,18372968692941479453,1223,true,true,2,1,4,3,2,2,true,false,35,18,2,8,8,2,80,LOWER_BOUND,272,2,0,0,0,1,3,3,0,0,NA,0,false,0,0,0,0,0,0,0,0,false,0,false,false,true,false,13146825897860284556,17964336742732535450,true
coverage-correction-v2-timing-transfer-s1223-m1-r1-t2-c1-l4-d4-tr2-a2,CJ-E,micro,timing_transfer,16659011386181984791,1223,true,true,2,1,4,4,2,2,true,false,35,18,2,8,8,2,80,LOWER_BOUND,272,2,0,0,0,1,3,3,0,0,NA,0,false,0,0,0,0,0,0,0,0,false,0,false,false,true,false,14027585997370356386,17964336742732535450,true
coverage-correction-v2-timing-transfer-s1223-m1-r1-t2-c1-l4-d5-tr2-a2,CJ-E,micro,timing_transfer,8200323764183009681,1223,true,true,2,1,4,5,2,2,true,false,35,18,2,8,8,2,80,LOWER_BOUND,272,2,0,0,0,1,3,3,0,0,NA,0,false,0,0,0,0,0,0,0,0,false,0,false,false,true,false,8659892285238213136,17964336742732535450,true
coverage-correction-v2-timing-transfer-s1223-m1-r1-t2-c1-l4-d-1-tr4-a2,CJ-E,micro,timing_transfer,7967173760687091673,1223,true,true,2,1,4,-1,4,2,true,false,35,19,3,8,8,2,80,LOWER_BOUND,272,2,0,0,0,1,3,3,0,0,NA,0,false,0,0,0,0,0,0,0,0,false,0,false,false,true,false,11071946433493748648,17964336742732535450,true
coverage-correction-v2-timing-transfer-s1223-m1-r1-t2-c1-l4-d0-tr4-a2,CJ-E,micro,timing_transfer,13100307523342140659,1223,true,true,2,1,4,0,4,2,true,false,35,30,2,9,9,2,80,LOWER_BOUND,272,2,0,0,0,1,4,3,0,1,NA,1,false,0,0,0,0,0,0,0,1,false,0,true,false,true,false,10682941826570891996,17964336742732535450,true
coverage-correction-v2-timing-transfer-s1223-m1-r1-t2-c1-l4-d1-tr4-a2,CJ-E,micro,timing_transfer,5267707826442673657,1223,true,true,2,1,4,1,4,2,true,false,35,18,2,8,8,2,80,LOWER_BOUND,272,2,0,0,0,1,3,3,0,0,NA,0,false,0,0,0,0,0,0,0,0,false,0,false,false,true,false,12479942685216797080,17964336742732535450,true
coverage-correction-v2-timing-transfer-s1223-m1-r1-t2-c1-l4-d2-tr4-a2,CJ-E,micro,timing_transfer,5139388269553638051,1223,true,true,2,1,4,2,4,2,true,false,35,18,2,8,8,2,80,LOWER_BOUND,272,2,0,0,0,1,3,3,0,0,NA,0,false,0,0,0,0,0,0,0,0,false,0,false,false,true,false,7747111806112080914,17964336742732535450,true
coverage-correction-v2-timing-transfer-s1223-m1-r1-t2-c1-l4-d3-tr4-a2,CJ-E,micro,timing_transfer,3359413960083956877,1223,true,true,2,1,4,3,4,2,true,false,35,18,2,8,8,2,80,LOWER_BOUND,272,2,0,0,0,1,3,3,0,0,NA,0,false,0,0,0,0,0,0,0,0,false,0,false,false,true,false,13146825897860284556,17964336742732535450,true
coverage-correction-v2-timing-transfer-s1223-m1-r1-t2-c1-l4-d4-tr4-a2,CJ-E,micro,timing_transfer,9400212593959563779,1223,true,true,2,1,4,4,4,2,true,false,35,18,2,8,8,2,80,LOWER_BOUND,272,2,0,0,0,1,3,3,0,0,NA,0,false,0,0,0,0,0,0,0,0,false,0,false,false,true,false,14027585997370356386,17964336742732535450,true
coverage-correction-v2-timing-transfer-s1223-m1-r1-t2-c1-l4-d5-tr4-a2,CJ-E,micro,timing_transfer,11139508658620824337,1223,true,true,2,1,4,5,4,2,true,false,35,18,2,8,8,2,80,LOWER_BOUND,272,2,0,0,0,1,3,3,0,0,NA,0,false,0,0,0,0,0,0,0,0,false,0,false,false,true,false,8659892285238213136,17964336742732535450,true
coverage-correction-v2-contemporary-reversal-s1223-m1-r1-t2-c1-l4-d0-tr0-a2,CJ-E,micro,shared_control,11937081587616500515,1223,true,true,2,1,4,0,0,2,true,true,613,240,166,61,61,4,160,LOWER_BOUND,848,8,2,2,0,40,44,8,2,4,NA,12,false,1,15,1,2,853,0,145,0,false,0,false,false,true,false,16068989648124180930,4405620226566594879,false
coverage-correction-v2-burst-4-s1223-m1-r1-t2-c2-l0-d1-tr0-a2,CJ-E,micro,same_source_bursts,11392233799343453768,1223,true,true,2,2,0,1,0,2,false,false,0,94,14,10,10,4,160,LOWER_BOUND,272,2,0,0,0,4,6,0,2,2,NA,2,true,0,0,0,0,0,0,0,0,false,0,false,false,true,false,18295005105345768735,16069529439106887645,false
coverage-correction-v2-blocked-late-return-s1223-m1-r1-t2-c2-l0-d0-tr0-a6,CJ-E,micro,dense_return_topology,17694657763351732714,1223,true,true,2,2,0,0,0,6,true,true,45,20,1,6,6,2,80,LOWER_BOUND,832,7,2,0,0,0,3,2,1,1,NA,1,false,3,2,2,2,0,0,0,0,true,0,false,false,true,false,14841890767268590529,11978536754028882876,true
coverage-correction-v2-timing-transfer-s1223-m1-r1-t2-c2-l0-d-1-tr0-a2,CJ-E,micro,timing_transfer,14094578483804548649,1223,true,true,2,2,0,-1,0,2,true,false,48,31,3,10,10,2,80,LOWER_BOUND,272,2,0,0,0,2,5,3,1,1,NA,2,false,0,0,0,0,0,0,0,1,false,0,true,false,true,false,17089086631690819514,2896867405649771298,true
coverage-correction-v2-timing-transfer-s1223-m1-r1-t2-c2-l0-d0-tr0-a2,CJ-E,micro,timing_transfer,14705616939591299125,1223,true,true,2,2,0,0,0,2,true,false,48,30,2,10,10,2,80,LOWER_BOUND,272,2,0,0,0,2,5,3,1,1,NA,2,false,0,0,0,0,0,0,0,1,false,0,true,false,true,false,15758494978787687455,2896867405649771298,true
coverage-correction-v2-timing-transfer-s1223-m1-r1-t2-c2-l0-d1-tr0-a2,CJ-E,micro,timing_transfer,9295602765349857147,1223,true,true,2,2,0,1,0,2,true,false,48,18,2,9,9,2,80,LOWER_BOUND,272,2,0,0,0,2,4,3,1,0,NA,1,false,0,0,0,0,0,0,0,0,false,0,false,false,true,false,3726608121828562674,2896867405649771298,true
coverage-correction-v2-timing-transfer-s1223-m1-r1-t2-c2-l0-d2-tr0-a2,CJ-E,micro,timing_transfer,17693623030746765113,1223,true,true,2,2,0,2,0,2,true,false,48,18,2,9,9,2,80,LOWER_BOUND,272,2,0,0,0,2,4,3,1,0,NA,1,false,0,0,0,0,0,0,0,0,false,0,false,false,true,false,7430042028475632616,2896867405649771298,true
coverage-correction-v2-timing-transfer-s1223-m1-r1-t2-c2-l0-d3-tr0-a2,CJ-E,micro,timing_transfer,14790728249623209315,1223,true,true,2,2,0,3,0,2,true,false,48,18,2,9,9,2,80,LOWER_BOUND,272,2,0,0,0,2,4,3,1,0,NA,1,false,0,0,0,0,0,0,0,0,false,0,false,false,true,false,10265005196292863794,2896867405649771298,true
coverage-correction-v2-timing-transfer-s1223-m1-r1-t2-c2-l0-d4-tr0-a2,CJ-E,micro,timing_transfer,525538104214741205,1223,true,true,2,2,0,4,0,2,true,false,48,18,2,9,9,2,80,LOWER_BOUND,272,2,0,0,0,2,4,3,1,0,NA,1,false,0,0,0,0,0,0,0,0,false,0,false,false,true,false,4965898333024871348,2896867405649771298,true
coverage-correction-v2-timing-transfer-s1223-m1-r1-t2-c2-l0-d5-tr0-a2,CJ-E,micro,timing_transfer,14364658321767744187,1223,true,true,2,2,0,5,0,2,true,false,48,18,2,9,9,2,80,LOWER_BOUND,272,2,0,0,0,2,4,3,1,0,NA,1,false,0,0,0,0,0,0,0,0,false,0,false,false,true,false,14001434287462135218,2896867405649771298,true
coverage-correction-v2-timing-transfer-s1223-m1-r1-t2-c2-l0-d-1-tr2-a2,CJ-E,micro,timing_transfer,10558895717682055585,1223,true,true,2,2,0,-1,2,2,true,false,48,31,3,10,10,2,80,LOWER_BOUND,272,2,0,0,0,1,5,4,0,1,NA,2,false,0,0,0,0,0,0,0,1,false,0,true,false,true,false,15740739245897446822,10376600926959992446,true
coverage-correction-v2-timing-transfer-s1223-m1-r1-t2-c2-l0-d0-tr2-a2,CJ-E,micro,timing_transfer,17164465127646450597,1223,true,true,2,2,0,0,2,2,true,false,48,30,2,10,10,2,80,LOWER_BOUND,272,2,0,0,0,1,5,4,0,1,NA,2,false,0,0,0,0,0,0,0,1,false,0,true,false,true,false,9739715728975203835,10376600926959992446,true
coverage-correction-v2-timing-transfer-s1223-m1-r1-t2-c2-l0-d1-tr2-a2,CJ-E,micro,timing_transfer,8115861298203999839,1223,true,true,2,2,0,1,2,2,true,false,48,18,2,9,9,2,80,LOWER_BOUND,272,2,0,0,0,1,4,4,0,0,NA,1,false,0,0,0,0,0,0,0,0,false,0,false,false,true,false,12151955405650111204,10376600926959992446,true
coverage-correction-v2-timing-transfer-s1223-m1-r1-t2-c2-l0-d2-tr2-a2,CJ-E,micro,timing_transfer,3914570972900287161,1223,true,true,2,2,0,2,2,2,true,false,48,18,2,9,9,2,80,LOWER_BOUND,272,2,0,0,0,1,4,4,0,0,NA,1,false,0,0,0,0,0,0,0,0,false,0,false,false,true,false,10369585694983670130,10376600926959992446,true
coverage-correction-v2-timing-transfer-s1223-m1-r1-t2-c2-l0-d3-tr2-a2,CJ-E,micro,timing_transfer,15584783390392980287,1223,true,true,2,2,0,3,2,2,true,false,48,18,2,9,9,2,80,LOWER_BOUND,272,2,0,0,0,1,4,4,0,0,NA,1,false,0,0,0,0,0,0,0,0,false,0,false,false,true,false,1252921967451251200,10376600926959992446,true
coverage-correction-v2-timing-transfer-s1223-m1-r1-t2-c2-l0-d4-tr2-a2,CJ-E,micro,timing_transfer,183494311513147397,1223,true,true,2,2,0,4,2,2,true,false,48,18,2,9,9,2,80,LOWER_BOUND,272,2,0,0,0,1,4,4,0,0,NA,1,false,0,0,0,0,0,0,0,0,false,0,false,false,true,false,15107588637959693034,10376600926959992446,true
coverage-correction-v2-timing-transfer-s1223-m1-r1-t2-c2-l0-d5-tr2-a2,CJ-E,micro,timing_transfer,10338884135187972071,1223,true,true,2,2,0,5,2,2,true,false,48,18,2,9,9,2,80,LOWER_BOUND,272,2,0,0,0,1,4,4,0,0,NA,1,false,0,0,0,0,0,0,0,0,false,0,false,false,true,false,11241661588222382092,10376600926959992446,true
coverage-correction-v2-timing-transfer-s1223-m1-r1-t2-c2-l0-d-1-tr4-a2,CJ-E,micro,timing_transfer,246917875824191009,1223,true,true,2,2,0,-1,4,2,true,false,48,31,3,10,10,2,80,LOWER_BOUND,272,2,0,0,0,1,5,4,0,1,NA,2,false,0,0,0,0,0,0,0,1,false,0,true,false,true,false,15740739245897446822,10376600926959992446,true
coverage-correction-v2-timing-transfer-s1223-m1-r1-t2-c2-l0-d0-tr4-a2,CJ-E,micro,timing_transfer,17322885933290495317,1223,true,true,2,2,0,0,4,2,true,false,48,30,2,10,10,2,80,LOWER_BOUND,272,2,0,0,0,1,5,4,0,1,NA,2,false,0,0,0,0,0,0,0,1,false,0,true,false,true,false,9739715728975203835,10376600926959992446,true
coverage-correction-v2-timing-transfer-s1223-m1-r1-t2-c2-l0-d1-tr4-a2,CJ-E,micro,timing_transfer,9960412681827521835,1223,true,true,2,2,0,1,4,2,true,false,48,18,2,9,9,2,80,LOWER_BOUND,272,2,0,0,0,1,4,4,0,0,NA,1,false,0,0,0,0,0,0,0,0,false,0,false,false,true,false,3942461360038321208,10376600926959992446,true
coverage-correction-v2-timing-transfer-s1223-m1-r1-t2-c2-l0-d2-tr4-a2,CJ-E,micro,timing_transfer,13547412325184223449,1223,true,true,2,2,0,2,4,2,true,false,48,18,2,9,9,2,80,LOWER_BOUND,272,2,0,0,0,1,4,4,0,0,NA,1,false,0,0,0,0,0,0,0,0,false,0,false,false,true,false,6488748002130711034,10376600926959992446,true
coverage-correction-v2-timing-transfer-s1223-m1-r1-t2-c2-l0-d3-tr4-a2,CJ-E,micro,timing_transfer,3302066234683014763,1223,true,true,2,2,0,3,4,2,true,false,48,18,2,9,9,2,80,LOWER_BOUND,272,2,0,0,0,1,4,4,0,0,NA,1,false,0,0,0,0,0,0,0,0,false,0,false,false,true,false,9032699730734121220,10376600926959992446,true
coverage-correction-v2-timing-transfer-s1223-m1-r1-t2-c2-l0-d4-tr4-a2,CJ-E,micro,timing_transfer,10489526060794088053,1223,true,true,2,2,0,4,4,2,true,false,48,18,2,9,9,2,80,LOWER_BOUND,272,2,0,0,0,1,4,4,0,0,NA,1,false,0,0,0,0,0,0,0,0,false,0,false,false,true,false,7907918159089433634,10376600926959992446,true
coverage-correction-v2-timing-transfer-s1223-m1-r1-t2-c2-l0-d5-tr4-a2,CJ-E,micro,timing_transfer,1162834052919919371,1223,true,true,2,2,0,5,4,2,true,false,48,18,2,9,9,2,80,LOWER_BOUND,272,2,0,0,0,1,4,4,0,0,NA,1,false,0,0,0,0,0,0,0,0,false,0,false,false,true,false,8854717118535225768,10376600926959992446,true
coverage-correction-v2-contemporary-reversal-s1223-m1-r1-t2-c2-l0-d0-tr0-a2,CJ-E,micro,shared_control,16474798404413664575,1223,true,true,2,2,0,0,0,2,true,true,613,240,166,61,61,4,160,LOWER_BOUND,848,8,2,2,0,40,44,8,2,4,NA,12,false,1,15,2,2,853,0,145,0,false,0,false,false,true,false,16068989648124180930,4405620226566594879,false
coverage-correction-v2-burst-4-s1223-m1-r1-t2-c2-l4-d1-tr0-a2,CJ-E,micro,same_source_bursts,2697215451755941432,1223,true,true,2,2,4,1,0,2,false,false,0,94,14,10,10,4,160,LOWER_BOUND,272,2,0,0,0,4,6,0,2,2,NA,2,true,0,0,0,0,0,0,0,0,false,0,false,false,true,false,18295005105345768735,16069529439106887645,false
coverage-correction-v2-blocked-late-return-s1223-m1-r1-t2-c2-l4-d0-tr0-a6,CJ-E,micro,dense_return_topology,18362470337362760490,1223,true,true,2,2,4,0,0,6,true,true,115,20,23,10,10,6,240,LOWER_BOUND,1024,7,2,0,0,0,3,2,1,1,NA,1,false,3,2,2,2,0,0,0,0,true,0,false,false,true,false,3862234392357250575,8748929918419384098,true
coverage-correction-v2-timing-transfer-s1223-m1-r1-t2-c2-l4-d-1-tr0-a2,CJ-E,micro,timing_transfer,13172864265015447585,1223,true,true,2,2,4,-1,0,2,true,false,48,31,3,10,10,2,80,LOWER_BOUND,272,2,0,0,0,2,5,3,1,1,NA,2,false,0,0,0,0,0,0,0,1,false,0,true,false,true,false,17089086631690819514,2896867405649771298,true
coverage-correction-v2-timing-transfer-s1223-m1-r1-t2-c2-l4-d0-tr0-a2,CJ-E,micro,timing_transfer,7552318428776303485,1223,true,true,2,2,4,0,0,2,true,false,48,30,2,10,10,2,80,LOWER_BOUND,272,2,0,0,0,2,5,3,1,1,NA,2,false,0,0,0,0,0,0,0,1,false,0,true,false,true,false,15758494978787687455,2896867405649771298,true
coverage-correction-v2-timing-transfer-s1223-m1-r1-t2-c2-l4-d1-tr0-a2,CJ-E,micro,timing_transfer,7701828557396867747,1223,true,true,2,2,4,1,0,2,true,false,48,18,2,9,9,2,80,LOWER_BOUND,272,2,0,0,0,2,4,3,1,0,NA,1,false,0,0,0,0,0,0,0,0,false,0,false,false,true,false,3726608121828562674,2896867405649771298,true
coverage-correction-v2-timing-transfer-s1223-m1-r1-t2-c2-l4-d2-tr0-a2,CJ-E,micro,timing_transfer,8699001072641955401,1223,true,true,2,2,4,2,0,2,true,false,48,18,2,9,9,2,80,LOWER_BOUND,272,2,0,0,0,2,4,3,1,0,NA,1,false,0,0,0,0,0,0,0,0,false,0,false,false,true,false,7430042028475632616,2896867405649771298,true
coverage-correction-v2-timing-transfer-s1223-m1-r1-t2-c2-l4-d3-tr0-a2,CJ-E,micro,timing_transfer,7264045925486304459,1223,true,true,2,2,4,3,0,2,true,false,48,18,2,9,9,2,80,LOWER_BOUND,272,2,0,0,0,2,4,3,1,0,NA,1,false,0,0,0,0,0,0,0,0,false,0,false,false,true,false,10265005196292863794,2896867405649771298,true
coverage-correction-v2-timing-transfer-s1223-m1-r1-t2-c2-l4-d4-tr0-a2,CJ-E,micro,timing_transfer,2045869114389176605,1223,true,true,2,2,4,4,0,2,true,false,48,18,2,9,9,2,80,LOWER_BOUND,272,2,0,0,0,2,4,3,1,0,NA,1,false,0,0,0,0,0,0,0,0,false,0,false,false,true,false,4965898333024871348,2896867405649771298,true
coverage-correction-v2-timing-transfer-s1223-m1-r1-t2-c2-l4-d5-tr0-a2,CJ-E,micro,timing_transfer,17694800602049339395,1223,true,true,2,2,4,5,0,2,true,false,48,18,2,9,9,2,80,LOWER_BOUND,272,2,0,0,0,2,4,3,1,0,NA,1,false,0,0,0,0,0,0,0,0,false,0,false,false,true,false,14001434287462135218,2896867405649771298,true
coverage-correction-v2-timing-transfer-s1223-m1-r1-t2-c2-l4-d-1-tr2-a2,CJ-E,micro,timing_transfer,13143250202936382873,1223,true,true,2,2,4,-1,2,2,true,false,48,31,3,10,10,2,80,LOWER_BOUND,272,2,0,0,0,1,5,4,0,1,NA,2,false,0,0,0,0,0,0,0,1,false,0,true,false,true,false,15740739245897446822,10376600926959992446,true
coverage-correction-v2-timing-transfer-s1223-m1-r1-t2-c2-l4-d0-tr2-a2,CJ-E,micro,timing_transfer,10359410961494524717,1223,true,true,2,2,4,0,2,2,true,false,48,30,2,10,10,2,80,LOWER_BOUND,272,2,0,0,0,1,5,4,0,1,NA,2,false,0,0,0,0,0,0,0,1,false,0,true,false,true,false,9739715728975203835,10376600926959992446,true
coverage-correction-v2-timing-transfer-s1223-m1-r1-t2-c2-l4-d1-tr2-a2,CJ-E,micro,timing_transfer,17333174614400250895,1223,true,true,2,2,4,1,2,2,true,false,48,18,2,9,9,2,80,LOWER_BOUND,272,2,0,0,0,1,4,4,0,0,NA,1,false,0,0,0,0,0,0,0,0,false,0,false,false,true,false,12151955405650111204,10376600926959992446,true
coverage-correction-v2-timing-transfer-s1223-m1-r1-t2-c2-l4-d2-tr2-a2,CJ-E,micro,timing_transfer,12598146142336442761,1223,true,true,2,2,4,2,2,2,true,false,48,18,2,9,9,2,80,LOWER_BOUND,272,2,0,0,0,1,4,4,0,0,NA,1,false,0,0,0,0,0,0,0,0,false,0,false,false,true,false,10369585694983670130,10376600926959992446,true
coverage-correction-v2-timing-transfer-s1223-m1-r1-t2-c2-l4-d3-tr2-a2,CJ-E,micro,timing_transfer,423038786300353839,1223,true,true,2,2,4,3,2,2,true,false,48,18,2,9,9,2,80,LOWER_BOUND,272,2,0,0,0,1,4,4,0,0,NA,1,false,0,0,0,0,0,0,0,0,false,0,false,false,true,false,1252921967451251200,10376600926959992446,true
coverage-correction-v2-timing-transfer-s1223-m1-r1-t2-c2-l4-d4-tr2-a2,CJ-E,micro,timing_transfer,13152852503320057453,1223,true,true,2,2,4,4,2,2,true,false,48,18,2,9,9,2,80,LOWER_BOUND,272,2,0,0,0,1,4,4,0,0,NA,1,false,0,0,0,0,0,0,0,0,false,0,false,false,true,false,15107588637959693034,10376600926959992446,true
coverage-correction-v2-timing-transfer-s1223-m1-r1-t2-c2-l4-d5-tr2-a2,CJ-E,micro,timing_transfer,6803451060284299687,1223,true,true,2,2,4,5,2,2,true,false,48,18,2,9,9,2,80,LOWER_BOUND,272,2,0,0,0,1,4,4,0,0,NA,1,false,0,0,0,0,0,0,0,0,false,0,false,false,true,false,11241661588222382092,10376600926959992446,true
coverage-correction-v2-timing-transfer-s1223-m1-r1-t2-c2-l4-d-1-tr4-a2,CJ-E,micro,timing_transfer,1633049543861000313,1223,true,true,2,2,4,-1,4,2,true,false,48,31,3,10,10,2,80,LOWER_BOUND,272,2,0,0,0,1,5,4,0,1,NA,2,false,0,0,0,0,0,0,0,1,false,0,true,false,true,false,15740739245897446822,10376600926959992446,true
coverage-correction-v2-timing-transfer-s1223-m1-r1-t2-c2-l4-d0-tr4-a2,CJ-E,micro,timing_transfer,14841616046933915805,1223,true,true,2,2,4,0,4,2,true,false,48,30,2,10,10,2,80,LOWER_BOUND,272,2,0,0,0,1,5,4,0,1,NA,2,false,0,0,0,0,0,0,0,1,false,0,true,false,true,false,9739715728975203835,10376600926959992446,true
coverage-correction-v2-timing-transfer-s1223-m1-r1-t2-c2-l4-d1-tr4-a2,CJ-E,micro,timing_transfer,8517230550772214515,1223,true,true,2,2,4,1,4,2,true,false,48,18,2,9,9,2,80,LOWER_BOUND,272,2,0,0,0,1,4,4,0,0,NA,1,false,0,0,0,0,0,0,0,0,false,0,false,false,true,false,3942461360038321208,10376600926959992446,true
coverage-correction-v2-timing-transfer-s1223-m1-r1-t2-c2-l4-d2-tr4-a2,CJ-E,micro,timing_transfer,18324645089059518697,1223,true,true,2,2,4,2,4,2,true,false,48,18,2,9,9,2,80,LOWER_BOUND,272,2,0,0,0,1,4,4,0,0,NA,1,false,0,0,0,0,0,0,0,0,false,0,false,false,true,false,6488748002130711034,10376600926959992446,true
coverage-correction-v2-timing-transfer-s1223-m1-r1-t2-c2-l4-d3-tr4-a2,CJ-E,micro,timing_transfer,17788832945801339971,1223,true,true,2,2,4,3,4,2,true,false,48,18,2,9,9,2,80,LOWER_BOUND,272,2,0,0,0,1,4,4,0,0,NA,1,false,0,0,0,0,0,0,0,0,false,0,false,false,true,false,9032699730734121220,10376600926959992446,true
coverage-correction-v2-timing-transfer-s1223-m1-r1-t2-c2-l4-d4-tr4-a2,CJ-E,micro,timing_transfer,10872092841091994173,1223,true,true,2,2,4,4,4,2,true,false,48,18,2,9,9,2,80,LOWER_BOUND,272,2,0,0,0,1,4,4,0,0,NA,1,false,0,0,0,0,0,0,0,0,false,0,false,false,true,false,7907918159089433634,10376600926959992446,true
coverage-correction-v2-timing-transfer-s1223-m1-r1-t2-c2-l4-d5-tr4-a2,CJ-E,micro,timing_transfer,10246291521822134643,1223,true,true,2,2,4,5,4,2,true,false,48,18,2,9,9,2,80,LOWER_BOUND,272,2,0,0,0,1,4,4,0,0,NA,1,false,0,0,0,0,0,0,0,0,false,0,false,false,true,false,8854717118535225768,10376600926959992446,true
coverage-correction-v2-contemporary-reversal-s1223-m1-r1-t2-c2-l4-d0-tr0-a2,CJ-E,micro,shared_control,14984837521563663743,1223,true,true,2,2,4,0,0,2,true,true,613,240,166,61,61,4,160,LOWER_BOUND,848,8,2,2,0,40,44,8,2,4,NA,12,false,1,15,2,2,853,0,145,0,false,0,false,false,true,false,16068989648124180930,4405620226566594879,false
coverage-correction-v2-burst-4-s1223-m1-r1-t3-c1-l0-d1-tr0-a2,CJ-E,micro,same_source_bursts,4142978156564144514,1223,true,true,3,1,0,1,0,2,false,false,0,67,12,8,8,4,160,LOWER_BOUND,272,2,0,0,0,3,4,0,0,0,NA,0,false,0,0,0,0,0,0,0,0,false,0,false,false,true,false,8569613320026924306,13906663460684118274,true
coverage-correction-v2-blocked-late-return-s1223-m1-r1-t3-c1-l0-d0-tr0-a6,CJ-E,micro,dense_return_topology,16160626667035087020,1223,true,true,3,1,0,0,0,6,true,true,45,20,1,6,6,2,80,LOWER_BOUND,832,7,2,0,0,0,3,2,1,1,NA,1,false,3,2,1,1,0,0,0,0,true,0,false,false,true,false,12157724576150836223,751876933217842001,true
coverage-correction-v2-timing-transfer-s1223-m1-r1-t3-c1-l0-d-1-tr0-a2,CJ-E,micro,timing_transfer,14372334630611706675,1223,true,true,3,1,0,-1,0,2,true,false,48,19,3,9,9,2,80,LOWER_BOUND,272,2,0,0,0,2,4,3,1,0,NA,1,false,0,0,0,0,0,0,0,0,false,0,false,false,true,false,13746798356768776860,3328027308405646880,true
coverage-correction-v2-timing-transfer-s1223-m1-r1-t3-c1-l0-d0-tr0-a2,CJ-E,micro,timing_transfer,12982897247650260911,1223,true,true,3,1,0,0,0,2,true,false,48,30,2,10,10,2,80,LOWER_BOUND,272,2,0,0,0,2,5,3,1,1,NA,2,false,0,0,0,0,0,0,0,1,false,0,true,false,true,false,12355185980273339193,3328027308405646880,true
coverage-correction-v2-timing-transfer-s1223-m1-r1-t3-c1-l0-d1-tr0-a2,CJ-E,micro,timing_transfer,15699414773187960897,1223,true,true,3,1,0,1,0,2,true,false,48,18,2,9,9,2,80,LOWER_BOUND,272,2,0,0,0,2,4,3,1,0,NA,1,false,0,0,0,0,0,0,0,0,false,0,false,false,true,false,3462451726791161420,3328027308405646880,true
coverage-correction-v2-timing-transfer-s1223-m1-r1-t3-c1-l0-d2-tr0-a2,CJ-E,micro,timing_transfer,3429861336056357739,1223,true,true,3,1,0,2,0,2,true,false,48,18,2,9,9,2,80,LOWER_BOUND,272,2,0,0,0,2,4,3,1,0,NA,1,false,0,0,0,0,0,0,0,0,false,0,false,false,true,false,14023774344122049207,3328027308405646880,true
coverage-correction-v2-timing-transfer-s1223-m1-r1-t3-c1-l0-d3-tr0-a2,CJ-E,micro,timing_transfer,3350928582329373569,1223,true,true,3,1,0,3,0,2,true,false,48,18,2,9,9,2,80,LOWER_BOUND,272,2,0,0,0,2,4,3,1,0,NA,1,false,0,0,0,0,0,0,0,0,false,0,false,false,true,false,15896083000885028321,3328027308405646880,true
coverage-correction-v2-timing-transfer-s1223-m1-r1-t3-c1-l0-d4-tr0-a2,CJ-E,micro,timing_transfer,10506246378324748367,1223,true,true,3,1,0,4,0,2,true,false,48,18,2,9,9,2,80,LOWER_BOUND,272,2,0,0,0,2,4,3,1,0,NA,1,false,0,0,0,0,0,0,0,0,false,0,false,false,true,false,4197938404677262231,3328027308405646880,true
coverage-correction-v2-timing-transfer-s1223-m1-r1-t3-c1-l0-d5-tr0-a2,CJ-E,micro,timing_transfer,10290893572197171041,1223,true,true,3,1,0,5,0,2,true,false,48,18,2,9,9,2,80,LOWER_BOUND,272,2,0,0,0,2,4,3,1,0,NA,1,false,0,0,0,0,0,0,0,0,false,0,false,false,true,false,14767557221717822205,3328027308405646880,true
coverage-correction-v2-timing-transfer-s1223-m1-r1-t3-c1-l0-d-1-tr2-a2,CJ-E,micro,timing_transfer,7852352299143816371,1223,true,true,3,1,0,-1,2,2,true,false,35,19,3,8,8,2,80,LOWER_BOUND,272,2,0,0,0,1,3,3,0,0,NA,0,false,0,0,0,0,0,0,0,0,false,0,false,false,true,false,18243780333641595028,9557059176617845239,true
coverage-correction-v2-timing-transfer-s1223-m1-r1-t3-c1-l0-d0-tr2-a2,CJ-E,micro,timing_transfer,5685789067168495015,1223,true,true,3,1,0,0,2,2,true,false,35,30,2,9,9,2,80,LOWER_BOUND,272,2,0,0,0,1,4,3,0,1,NA,1,false,0,0,0,0,0,0,0,1,false,0,true,false,true,false,9746310671626278689,9557059176617845239,true
coverage-correction-v2-timing-transfer-s1223-m1-r1-t3-c1-l0-d1-tr2-a2,CJ-E,micro,timing_transfer,16918831868457563021,1223,true,true,3,1,0,1,2,2,true,false,35,18,2,8,8,2,80,LOWER_BOUND,272,2,0,0,0,1,3,3,0,0,NA,0,false,0,0,0,0,0,0,0,0,false,0,false,false,true,false,11909838394058418680,9557059176617845239,true
coverage-correction-v2-timing-transfer-s1223-m1-r1-t3-c1-l0-d2-tr2-a2,CJ-E,micro,timing_transfer,8535430611283255235,1223,true,true,3,1,0,2,2,2,true,false,35,18,2,8,8,2,80,LOWER_BOUND,272,2,0,0,0,1,3,3,0,0,NA,0,false,0,0,0,0,0,0,0,0,false,0,false,false,true,false,2635532559391690987,9557059176617845239,true
coverage-correction-v2-timing-transfer-s1223-m1-r1-t3-c1-l0-d3-tr2-a2,CJ-E,micro,timing_transfer,13047672444582796117,1223,true,true,3,1,0,3,2,2,true,false,35,18,2,8,8,2,80,LOWER_BOUND,272,2,0,0,0,1,3,3,0,0,NA,0,false,0,0,0,0,0,0,0,0,false,0,false,false,true,false,12842188638691565437,9557059176617845239,true
coverage-correction-v2-timing-transfer-s1223-m1-r1-t3-c1-l0-d4-tr2-a2,CJ-E,micro,timing_transfer,15285884862843635623,1223,true,true,3,1,0,4,2,2,true,false,35,18,2,8,8,2,80,LOWER_BOUND,272,2,0,0,0,1,3,3,0,0,NA,0,false,0,0,0,0,0,0,0,0,false,0,false,false,true,false,17288727371121669043,9557059176617845239,true
coverage-correction-v2-timing-transfer-s1223-m1-r1-t3-c1-l0-d5-tr2-a2,CJ-E,micro,timing_transfer,18234140608038102757,1223,true,true,3,1,0,5,2,2,true,false,35,18,2,8,8,2,80,LOWER_BOUND,272,2,0,0,0,1,3,3,0,0,NA,0,false,0,0,0,0,0,0,0,0,false,0,false,false,true,false,12520570426514137921,9557059176617845239,true
coverage-correction-v2-timing-transfer-s1223-m1-r1-t3-c1-l0-d-1-tr4-a2,CJ-E,micro,timing_transfer,8869264326435334299,1223,true,true,3,1,0,-1,4,2,true,false,35,19,3,8,8,2,80,LOWER_BOUND,272,2,0,0,0,1,3,3,0,0,NA,0,false,0,0,0,0,0,0,0,0,false,0,false,false,true,false,18243780333641595028,9557059176617845239,true
coverage-correction-v2-timing-transfer-s1223-m1-r1-t3-c1-l0-d0-tr4-a2,CJ-E,micro,timing_transfer,12394358571287104655,1223,true,true,3,1,0,0,4,2,true,false,35,30,2,9,9,2,80,LOWER_BOUND,272,2,0,0,0,1,4,3,0,1,NA,1,false,0,0,0,0,0,0,0,1,false,0,true,false,true,false,9746310671626278689,9557059176617845239,true
coverage-correction-v2-timing-transfer-s1223-m1-r1-t3-c1-l0-d1-tr4-a2,CJ-E,micro,timing_transfer,4547839319267664657,1223,true,true,3,1,0,1,4,2,true,false,35,18,2,8,8,2,80,LOWER_BOUND,272,2,0,0,0,1,3,3,0,0,NA,0,false,0,0,0,0,0,0,0,0,false,0,false,false,true,false,11909838394058418680,9557059176617845239,true
coverage-correction-v2-timing-transfer-s1223-m1-r1-t3-c1-l0-d2-tr4-a2,CJ-E,micro,timing_transfer,1790568868133470667,1223,true,true,3,1,0,2,4,2,true,false,35,18,2,8,8,2,80,LOWER_BOUND,272,2,0,0,0,1,3,3,0,0,NA,0,false,0,0,0,0,0,0,0,0,false,0,false,false,true,false,2635532559391690987,9557059176617845239,true
coverage-correction-v2-timing-transfer-s1223-m1-r1-t3-c1-l0-d3-tr4-a2,CJ-E,micro,timing_transfer,13976992890085003449,1223,true,true,3,1,0,3,4,2,true,false,35,18,2,8,8,2,80,LOWER_BOUND,272,2,0,0,0,1,3,3,0,0,NA,0,false,0,0,0,0,0,0,0,0,false,0,false,false,true,false,12842188638691565437,9557059176617845239,true
coverage-correction-v2-timing-transfer-s1223-m1-r1-t3-c1-l0-d4-tr4-a2,CJ-E,micro,timing_transfer,15886497016708417583,1223,true,true,3,1,0,4,4,2,true,false,35,18,2,8,8,2,80,LOWER_BOUND,272,2,0,0,0,1,3,3,0,0,NA,0,false,0,0,0,0,0,0,0,0,false,0,false,false,true,false,17288727371121669043,9557059176617845239,true
coverage-correction-v2-timing-transfer-s1223-m1-r1-t3-c1-l0-d5-tr4-a2,CJ-E,micro,timing_transfer,11346606384002776017,1223,true,true,3,1,0,5,4,2,true,false,35,18,2,8,8,2,80,LOWER_BOUND,272,2,0,0,0,1,3,3,0,0,NA,0,false,0,0,0,0,0,0,0,0,false,0,false,false,true,false,12520570426514137921,9557059176617845239,true
coverage-correction-v2-contemporary-reversal-s1223-m1-r1-t3-c1-l0-d0-tr0-a2,CJ-E,micro,shared_control,16229799156506401005,1223,true,true,3,1,0,0,0,2,true,true,613,240,166,61,61,4,160,LOWER_BOUND,848,8,2,2,0,40,44,8,2,4,NA,12,false,1,15,1,2,853,0,145,0,false,0,false,false,true,false,8063510043522319398,13209217598738772887,false
coverage-correction-v2-burst-4-s1223-m1-r1-t3-c1-l4-d1-tr0-a2,CJ-E,micro,same_source_bursts,16520624731373429778,1223,true,true,3,1,4,1,0,2,false,false,0,67,12,8,8,4,160,LOWER_BOUND,272,2,0,0,0,3,4,0,0,0,NA,0,false,0,0,0,0,0,0,0,0,false,0,false,false,true,false,8569613320026924306,13906663460684118274,true
coverage-correction-v2-blocked-late-return-s1223-m1-r1-t3-c1-l4-d0-tr0-a6,CJ-E,micro,dense_return_topology,8842336162376476876,1223,true,true,3,1,4,0,0,6,true,true,115,20,23,10,10,6,240,LOWER_BOUND,1024,7,2,0,0,0,3,2,1,1,NA,1,false,3,2,1,1,0,0,0,0,true,0,false,false,true,false,4984459026457912477,2487086102019087659,true
coverage-correction-v2-timing-transfer-s1223-m1-r1-t3-c1-l4-d-1-tr0-a2,CJ-E,micro,timing_transfer,12051441031129282843,1223,true,true,3,1,4,-1,0,2,true,false,48,19,3,9,9,2,80,LOWER_BOUND,272,2,0,0,0,2,4,3,1,0,NA,1,false,0,0,0,0,0,0,0,0,false,0,false,false,true,false,13746798356768776860,3328027308405646880,true
coverage-correction-v2-timing-transfer-s1223-m1-r1-t3-c1-l4-d0-tr0-a2,CJ-E,micro,timing_transfer,12408910697728200391,1223,true,true,3,1,4,0,0,2,true,false,48,30,2,10,10,2,80,LOWER_BOUND,272,2,0,0,0,2,5,3,1,1,NA,2,false,0,0,0,0,0,0,0,1,false,0,true,false,true,false,12355185980273339193,3328027308405646880,true
coverage-correction-v2-timing-transfer-s1223-m1-r1-t3-c1-l4-d1-tr0-a2,CJ-E,micro,timing_transfer,16719370233198253081,1223,true,true,3,1,4,1,0,2,true,false,48,18,2,9,9,2,80,LOWER_BOUND,272,2,0,0,0,2,4,3,1,0,NA,1,false,0,0,0,0,0,0,0,0,false,0,false,false,true,false,3462451726791161420,3328027308405646880,true
coverage-correction-v2-timing-transfer-s1223-m1-r1-t3-c1-l4-d2-tr0-a2,CJ-E,micro,timing_transfer,17640253440089552347,1223,true,true,3,1,4,2,0,2,true,false,48,18,2,9,9,2,80,LOWER_BOUND,272,2,0,0,0,2,4,3,1,0,NA,1,false,0,0,0,0,0,0,0,0,false,0,false,false,true,false,14023774344122049207,3328027308405646880,true
coverage-correction-v2-timing-transfer-s1223-m1-r1-t3-c1-l4-d3-tr0-a2,CJ-E,micro,timing_transfer,13445024778422533785,1223,true,true,3,1,4,3,0,2,true,false,48,18,2,9,9,2,80,LOWER_BOUND,272,2,0,0,0,2,4,3,1,0,NA,1,false,0,0,0,0,0,0,0,0,false,0,false,false,true,false,15896083000885028321,3328027308405646880,true
coverage-correction-v2-timing-transfer-s1223-m1-r1-t3-c1-l4-d4-tr0-a2,CJ-E,micro,timing_transfer,7876077680238098535,1223,true,true,3,1,4,4,0,2,true,false,48,18,2,9,9,2,80,LOWER_BOUND,272,2,0,0,0,2,4,3,1,0,NA,1,false,0,0,0,0,0,0,0,0,false,0,false,false,true,false,4197938404677262231,3328027308405646880,true
coverage-correction-v2-timing-transfer-s1223-m1-r1-t3-c1-l4-d5-tr0-a2,CJ-E,micro,timing_transfer,5971952784329986457,1223,true,true,3,1,4,5,0,2,true,false,48,18,2,9,9,2,80,LOWER_BOUND,272,2,0,0,0,2,4,3,1,0,NA,1,false,0,0,0,0,0,0,0,0,false,0,false,false,true,false,14767557221717822205,3328027308405646880,true
coverage-correction-v2-timing-transfer-s1223-m1-r1-t3-c1-l4-d-1-tr2-a2,CJ-E,micro,timing_transfer,14538389590397366011,1223,true,true,3,1,4,-1,2,2,true,false,35,19,3,8,8,2,80,LOWER_BOUND,272,2,0,0,0,1,3,3,0,0,NA,0,false,0,0,0,0,0,0,0,0,false,0,false,false,true,false,18243780333641595028,9557059176617845239,true
coverage-correction-v2-timing-transfer-s1223-m1-r1-t3-c1-l4-d0-tr2-a2,CJ-E,micro,timing_transfer,5260029593890195263,1223,true,true,3,1,4,0,2,2,true,false,35,30,2,9,9,2,80,LOWER_BOUND,272,2,0,0,0,1,4,3,0,1,NA,1,false,0,0,0,0,0,0,0,1,false,0,true,false,true,false,9746310671626278689,9557059176617845239,true
coverage-correction-v2-timing-transfer-s1223-m1-r1-t3-c1-l4-d1-tr2-a2,CJ-E,micro,timing_transfer,2772251035322567773,1223,true,true,3,1,4,1,2,2,true,false,35,18,2,8,8,2,80,LOWER_BOUND,272,2,0,0,0,1,3,3,0,0,NA,0,false,0,0,0,0,0,0,0,0,false,0,false,false,true,false,11909838394058418680,9557059176617845239,true
coverage-correction-v2-timing-transfer-s1223-m1-r1-t3-c1-l4-d2-tr2-a2,CJ-E,micro,timing_transfer,15493898826552299955,1223,true,true,3,1,4,2,2,2,true,false,35,18,2,8,8,2,80,LOWER_BOUND,272,2,0,0,0,1,3,3,0,0,NA,0,false,0,0,0,0,0,0,0,0,false,0,false,false,true,false,2635532559391690987,9557059176617845239,true
coverage-correction-v2-timing-transfer-s1223-m1-r1-t3-c1-l4-d3-tr2-a2,CJ-E,micro,timing_transfer,15547411018470289061,1223,true,true,3,1,4,3,2,2,true,false,35,18,2,8,8,2,80,LOWER_BOUND,272,2,0,0,0,1,3,3,0,0,NA,0,false,0,0,0,0,0,0,0,0,false,0,false,false,true,false,12842188638691565437,9557059176617845239,true
coverage-correction-v2-timing-transfer-s1223-m1-r1-t3-c1-l4-d4-tr2-a2,CJ-E,micro,timing_transfer,2700910280183133151,1223,true,true,3,1,4,4,2,2,true,false,35,18,2,8,8,2,80,LOWER_BOUND,272,2,0,0,0,1,3,3,0,0,NA,0,false,0,0,0,0,0,0,0,0,false,0,false,false,true,false,17288727371121669043,9557059176617845239,true
coverage-correction-v2-timing-transfer-s1223-m1-r1-t3-c1-l4-d5-tr2-a2,CJ-E,micro,timing_transfer,7572002911407540453,1223,true,true,3,1,4,5,2,2,true,false,35,18,2,8,8,2,80,LOWER_BOUND,272,2,0,0,0,1,3,3,0,0,NA,0,false,0,0,0,0,0,0,0,0,false,0,false,false,true,false,12520570426514137921,9557059176617845239,true
coverage-correction-v2-timing-transfer-s1223-m1-r1-t3-c1-l4-d-1-tr4-a2,CJ-E,micro,timing_transfer,7428984022517342435,1223,true,true,3,1,4,-1,4,2,true,false,35,19,3,8,8,2,80,LOWER_BOUND,272,2,0,0,0,1,3,3,0,0,NA,0,false,0,0,0,0,0,0,0,0,false,0,false,false,true,false,18243780333641595028,9557059176617845239,true
coverage-correction-v2-timing-transfer-s1223-m1-r1-t3-c1-l4-d0-tr4-a2,CJ-E,micro,timing_transfer,16189740055603304551,1223,true,true,3,1,4,0,4,2,true,false,35,30,2,9,9,2,80,LOWER_BOUND,272,2,0,0,0,1,4,3,0,1,NA,1,false,0,0,0,0,0,0,0,1,false,0,true,false,true,false,9746310671626278689,9557059176617845239,true
coverage-correction-v2-timing-transfer-s1223-m1-r1-t3-c1-l4-d1-tr4-a2,CJ-E,micro,timing_transfer,7168987095605708873,1223,true,true,3,1,4,1,4,2,true,false,35,18,2,8,8,2,80,LOWER_BOUND,272,2,0,0,0,1,3,3,0,0,NA,0,false,0,0,0,0,0,0,0,0,false,0,false,false,true,false,11909838394058418680,9557059176617845239,true
coverage-correction-v2-timing-transfer-s1223-m1-r1-t3-c1-l4-d2-tr4-a2,CJ-E,micro,timing_transfer,16816816932764339643,1223,true,true,3,1,4,2,4,2,true,false,35,18,2,8,8,2,80,LOWER_BOUND,272,2,0,0,0,1,3,3,0,0,NA,0,false,0,0,0,0,0,0,0,0,false,0,false,false,true,false,2635532559391690987,9557059176617845239,true
coverage-correction-v2-timing-transfer-s1223-m1-r1-t3-c1-l4-d3-tr4-a2,CJ-E,micro,timing_transfer,18042404331948067041,1223,true,true,3,1,4,3,4,2,true,false,35,18,2,8,8,2,80,LOWER_BOUND,272,2,0,0,0,1,3,3,0,0,NA,0,false,0,0,0,0,0,0,0,0,false,0,false,false,true,false,12842188638691565437,9557059176617845239,true
coverage-correction-v2-timing-transfer-s1223-m1-r1-t3-c1-l4-d4-tr4-a2,CJ-E,micro,timing_transfer,4465718179034557319,1223,true,true,3,1,4,4,4,2,true,false,35,18,2,8,8,2,80,LOWER_BOUND,272,2,0,0,0,1,3,3,0,0,NA,0,false,0,0,0,0,0,0,0,0,false,0,false,false,true,false,17288727371121669043,9557059176617845239,true
coverage-correction-v2-timing-transfer-s1223-m1-r1-t3-c1-l4-d5-tr4-a2,CJ-E,micro,timing_transfer,16280260313398237929,1223,true,true,3,1,4,5,4,2,true,false,35,18,2,8,8,2,80,LOWER_BOUND,272,2,0,0,0,1,3,3,0,0,NA,0,false,0,0,0,0,0,0,0,0,false,0,false,false,true,false,12520570426514137921,9557059176617845239,true
coverage-correction-v2-contemporary-reversal-s1223-m1-r1-t3-c1-l4-d0-tr0-a2,CJ-E,micro,shared_control,6845710879819815725,1223,true,true,3,1,4,0,0,2,true,true,613,240,166,61,61,4,160,LOWER_BOUND,848,8,2,2,0,40,44,8,2,4,NA,12,false,1,15,1,2,853,0,145,0,false,0,false,false,true,false,8063510043522319398,13209217598738772887,false
coverage-correction-v2-burst-4-s1223-m1-r1-t3-c2-l0-d1-tr0-a2,CJ-E,micro,same_source_bursts,6551270645382367236,1223,true,true,3,2,0,1,0,2,false,false,0,94,14,10,10,4,160,LOWER_BOUND,272,2,0,0,0,4,6,0,2,2,NA,2,true,0,0,0,0,0,0,0,0,false,0,false,false,true,false,15914896271750829506,5643772243345902920,false
coverage-correction-v2-blocked-late-return-s1223-m1-r1-t3-c2-l0-d0-tr0-a6,CJ-E,micro,dense_return_topology,6829104411437418088,1223,true,true,3,2,0,0,0,6,true,true,45,20,1,6,6,2,80,LOWER_BOUND,832,7,2,0,0,0,3,2,1,1,NA,1,false,3,2,2,2,0,0,0,0,true,0,false,false,true,false,12090662389304272694,10676762943240383143,true
coverage-correction-v2-timing-transfer-s1223-m1-r1-t3-c2-l0-d-1-tr0-a2,CJ-E,micro,timing_transfer,14119098252206603803,1223,true,true,3,2,0,-1,0,2,true,false,48,19,3,9,9,2,80,LOWER_BOUND,272,2,0,0,0,2,4,3,1,0,NA,1,false,0,0,0,0,0,0,0,0,false,0,false,false,true,false,8645740954101502363,4066088712875075795,true
coverage-correction-v2-timing-transfer-s1223-m1-r1-t3-c2-l0-d0-tr0-a2,CJ-E,micro,timing_transfer,2386852615690221561,1223,true,true,3,2,0,0,0,2,true,false,48,30,2,10,10,2,80,LOWER_BOUND,272,2,0,0,0,2,5,3,1,1,NA,2,false,0,0,0,0,0,0,0,1,false,0,true,false,true,false,10381436153447982206,4066088712875075795,true
coverage-correction-v2-timing-transfer-s1223-m1-r1-t3-c2-l0-d1-tr0-a2,CJ-E,micro,timing_transfer,14070247373365294083,1223,true,true,3,2,0,1,0,2,true,false,48,18,2,9,9,2,80,LOWER_BOUND,272,2,0,0,0,2,4,3,1,0,NA,1,false,0,0,0,0,0,0,0,0,false,0,false,false,true,false,4543176587204146435,4066088712875075795,true
coverage-correction-v2-timing-transfer-s1223-m1-r1-t3-c2-l0-d2-tr0-a2,CJ-E,micro,timing_transfer,8672844835207095961,1223,true,true,3,2,0,2,0,2,true,false,48,18,2,9,9,2,80,LOWER_BOUND,272,2,0,0,0,2,4,3,1,0,NA,1,false,0,0,0,0,0,0,0,0,false,0,false,false,true,false,8576415217646761129,4066088712875075795,true
coverage-correction-v2-timing-transfer-s1223-m1-r1-t3-c2-l0-d3-tr0-a2,CJ-E,micro,timing_transfer,2748468683804159207,1223,true,true,3,2,0,3,0,2,true,false,48,18,2,9,9,2,80,LOWER_BOUND,272,2,0,0,0,2,4,3,1,0,NA,1,false,0,0,0,0,0,0,0,0,false,0,false,false,true,false,10164964671399118547,4066088712875075795,true
coverage-correction-v2-timing-transfer-s1223-m1-r1-t3-c2-l0-d4-tr0-a2,CJ-E,micro,timing_transfer,11004689834345408569,1223,true,true,3,2,0,4,0,2,true,false,48,18,2,9,9,2,80,LOWER_BOUND,272,2,0,0,0,2,4,3,1,0,NA,1,false,0,0,0,0,0,0,0,0,false,0,false,false,true,false,2643198366097682813,4066088712875075795,true
coverage-correction-v2-timing-transfer-s1223-m1-r1-t3-c2-l0-d5-tr0-a2,CJ-E,micro,timing_transfer,8744695352252179579,1223,true,true,3,2,0,5,0,2,true,false,48,18,2,9,9,2,80,LOWER_BOUND,272,2,0,0,0,2,4,3,1,0,NA,1,false,0,0,0,0,0,0,0,0,false,0,false,false,true,false,8037875406598576195,4066088712875075795,true
coverage-correction-v2-timing-transfer-s1223-m1-r1-t3-c2-l0-d-1-tr2-a2,CJ-E,micro,timing_transfer,198940273976250903,1223,true,true,3,2,0,-1,2,2,true,false,48,19,3,9,9,2,80,LOWER_BOUND,272,2,0,0,0,1,4,4,0,0,NA,1,false,0,0,0,0,0,0,0,0,false,0,false,false,true,false,9068759960466128325,410418528741965639,true
coverage-correction-v2-timing-transfer-s1223-m1-r1-t3-c2-l0-d0-tr2-a2,CJ-E,micro,timing_transfer,17512646191249234637,1223,true,true,3,2,0,0,2,2,true,false,48,30,2,10,10,2,80,LOWER_BOUND,272,2,0,0,0,1,5,4,0,1,NA,2,false,0,0,0,0,0,0,0,1,false,0,true,false,true,false,9900358538145585058,410418528741965639,true
coverage-correction-v2-timing-transfer-s1223-m1-r1-t3-c2-l0-d1-tr2-a2,CJ-E,micro,timing_transfer,6806993555790055931,1223,true,true,3,2,0,1,2,2,true,false,48,18,2,9,9,2,80,LOWER_BOUND,272,2,0,0,0,1,4,4,0,0,NA,1,false,0,0,0,0,0,0,0,0,false,0,false,false,true,false,15166925097100497,410418528741965639,true
coverage-correction-v2-timing-transfer-s1223-m1-r1-t3-c2-l0-d2-tr2-a2,CJ-E,micro,timing_transfer,10782291506620345477,1223,true,true,3,2,0,2,2,2,true,false,48,18,2,9,9,2,80,LOWER_BOUND,272,2,0,0,0,1,4,4,0,0,NA,1,false,0,0,0,0,0,0,0,0,false,0,false,false,true,false,9126711810760541271,410418528741965639,true
coverage-correction-v2-timing-transfer-s1223-m1-r1-t3-c2-l0-d3-tr2-a2,CJ-E,micro,timing_transfer,10787084736449274239,1223,true,true,3,2,0,3,2,2,true,false,48,18,2,9,9,2,80,LOWER_BOUND,272,2,0,0,0,1,4,4,0,0,NA,1,false,0,0,0,0,0,0,0,0,false,0,false,false,true,false,9194829777634925525,410418528741965639,true
coverage-correction-v2-timing-transfer-s1223-m1-r1-t3-c2-l0-d4-tr2-a2,CJ-E,micro,timing_transfer,4812601956871190309,1223,true,true,3,2,0,4,2,2,true,false,48,18,2,9,9,2,80,LOWER_BOUND,272,2,0,0,0,1,4,4,0,0,NA,1,false,0,0,0,0,0,0,0,0,false,0,false,false,true,false,6041109210388931423,410418528741965639,true
coverage-correction-v2-timing-transfer-s1223-m1-r1-t3-c2-l0-d5-tr2-a2,CJ-E,micro,timing_transfer,1241406950840586803,1223,true,true,3,2,0,5,2,2,true,false,48,18,2,9,9,2,80,LOWER_BOUND,272,2,0,0,0,1,4,4,0,0,NA,1,false,0,0,0,0,0,0,0,0,false,0,false,false,true,false,18310204599335832585,410418528741965639,true
coverage-correction-v2-timing-transfer-s1223-m1-r1-t3-c2-l0-d-1-tr4-a2,CJ-E,micro,timing_transfer,260082518334711579,1223,true,true,3,2,0,-1,4,2,true,false,48,19,3,9,9,2,80,LOWER_BOUND,272,2,0,0,0,1,4,4,0,0,NA,1,false,0,0,0,0,0,0,0,0,false,0,false,false,true,false,15960524704135157569,410418528741965639,true
coverage-correction-v2-timing-transfer-s1223-m1-r1-t3-c2-l0-d0-tr4-a2,CJ-E,micro,timing_transfer,17557643996492657201,1223,true,true,3,2,0,0,4,2,true,false,48,30,2,10,10,2,80,LOWER_BOUND,272,2,0,0,0,1,5,4,0,1,NA,2,false,0,0,0,0,0,0,0,1,false,0,true,false,true,false,9900358538145585058,410418528741965639,true
coverage-correction-v2-timing-transfer-s1223-m1-r1-t3-c2-l0-d1-tr4-a2,CJ-E,micro,timing_transfer,13561424654426815427,1223,true,true,3,2,0,1,4,2,true,false,48,18,2,9,9,2,80,LOWER_BOUND,272,2,0,0,0,1,4,4,0,0,NA,1,false,0,0,0,0,0,0,0,0,false,0,false,false,true,false,10374291279688818969,410418528741965639,true
coverage-correction-v2-timing-transfer-s1223-m1-r1-t3-c2-l0-d2-tr4-a2,CJ-E,micro,timing_transfer,1717275482988992937,1223,true,true,3,2,0,2,4,2,true,false,48,18,2,9,9,2,80,LOWER_BOUND,272,2,0,0,0,1,4,4,0,0,NA,1,false,0,0,0,0,0,0,0,0,false,0,false,false,true,false,8547676348536744027,410418528741965639,true
coverage-correction-v2-timing-transfer-s1223-m1-r1-t3-c2-l0-d3-tr4-a2,CJ-E,micro,timing_transfer,12969448288288858695,1223,true,true,3,2,0,3,4,2,true,false,48,18,2,9,9,2,80,LOWER_BOUND,272,2,0,0,0,1,4,4,0,0,NA,1,false,0,0,0,0,0,0,0,0,false,0,false,false,true,false,17448606788719389949,410418528741965639,true
coverage-correction-v2-timing-transfer-s1223-m1-r1-t3-c2-l0-d4-tr4-a2,CJ-E,micro,timing_transfer,11030561324897192897,1223,true,true,3,2,0,4,4,2,true,false,48,18,2,9,9,2,80,LOWER_BOUND,272,2,0,0,0,1,4,4,0,0,NA,1,false,0,0,0,0,0,0,0,0,false,0,false,false,true,false,3554855728322140267,410418528741965639,true
coverage-correction-v2-timing-transfer-s1223-m1-r1-t3-c2-l0-d5-tr4-a2,CJ-E,micro,timing_transfer,13821926858177688731,1223,true,true,3,2,0,5,4,2,true,false,48,18,2,9,9,2,80,LOWER_BOUND,272,2,0,0,0,1,4,4,0,0,NA,1,false,0,0,0,0,0,0,0,0,false,0,false,false,true,false,4128204085671101921,410418528741965639,true
coverage-correction-v2-contemporary-reversal-s1223-m1-r1-t3-c2-l0-d0-tr0-a2,CJ-E,micro,shared_control,8321598314736653825,1223,true,true,3,2,0,0,0,2,true,true,613,156,142,57,57,4,160,LOWER_BOUND,848,8,2,2,0,40,40,8,2,2,NA,10,false,1,15,2,2,769,0,145,0,false,0,true,false,true,false,9971299915100964628,13209217598738772887,false
coverage-correction-v2-burst-4-s1223-m1-r1-t3-c2-l4-d1-tr0-a2,CJ-E,micro,same_source_bursts,971295287913199068,1223,true,true,3,2,4,1,0,2,false,false,0,94,14,10,10,4,160,LOWER_BOUND,272,2,0,0,0,4,6,0,2,2,NA,2,true,0,0,0,0,0,0,0,0,false,0,false,false,true,false,15914896271750829506,5643772243345902920,false
coverage-correction-v2-blocked-late-return-s1223-m1-r1-t3-c2-l4-d0-tr0-a6,CJ-E,micro,dense_return_topology,1542631087927427872,1223,true,true,3,2,4,0,0,6,true,true,115,20,23,10,10,6,240,LOWER_BOUND,1024,7,2,0,0,0,3,2,1,1,NA,1,false,3,2,2,2,0,0,0,0,true,0,false,false,true,false,14844488448094419888,15293018551149573049,true
coverage-correction-v2-timing-transfer-s1223-m1-r1-t3-c2-l4-d-1-tr0-a2,CJ-E,micro,timing_transfer,6455363195499777675,1223,true,true,3,2,4,-1,0,2,true,false,48,19,3,9,9,2,80,LOWER_BOUND,272,2,0,0,0,2,4,3,1,0,NA,1,false,0,0,0,0,0,0,0,0,false,0,false,false,true,false,8645740954101502363,4066088712875075795,true
coverage-correction-v2-timing-transfer-s1223-m1-r1-t3-c2-l4-d0-tr0-a2,CJ-E,micro,timing_transfer,11625942329614287801,1223,true,true,3,2,4,0,0,2,true,false,48,30,2,10,10,2,80,LOWER_BOUND,272,2,0,0,0,2,5,3,1,1,NA,2,false,0,0,0,0,0,0,0,1,false,0,true,false,true,false,10381436153447982206,4066088712875075795,true
coverage-correction-v2-timing-transfer-s1223-m1-r1-t3-c2-l4-d1-tr0-a2,CJ-E,micro,timing_transfer,564577655509756731,1223,true,true,3,2,4,1,0,2,true,false,48,18,2,9,9,2,80,LOWER_BOUND,272,2,0,0,0,2,4,3,1,0,NA,1,false,0,0,0,0,0,0,0,0,false,0,false,false,true,false,4543176587204146435,4066088712875075795,true
coverage-correction-v2-timing-transfer-s1223-m1-r1-t3-c2-l4-d2-tr0-a2,CJ-E,micro,timing_transfer,5254667700648521945,1223,true,true,3,2,4,2,0,2,true,false,48,18,2,9,9,2,80,LOWER_BOUND,272,2,0,0,0,2,4,3,1,0,NA,1,false,0,0,0,0,0,0,0,0,false,0,false,false,true,false,8576415217646761129,4066088712875075795,true
coverage-correction-v2-timing-transfer-s1223-m1-r1-t3-c2-l4-d3-tr0-a2,CJ-E,micro,timing_transfer,18441859827649025799,1223,true,true,3,2,4,3,0,2,true,false,48,18,2,9,9,2,80,LOWER_BOUND,272,2,0,0,0,2,4,3,1,0,NA,1,false,0,0,0,0,0,0,0,0,false,0,false,false,true,false,10164964671399118547,4066088712875075795,true
coverage-correction-v2-timing-transfer-s1223-m1-r1-t3-c2-l4-d4-tr0-a2,CJ-E,micro,timing_transfer,10017319220216397497,1223,true,true,3,2,4,4,0,2,true,false,48,18,2,9,9,2,80,LOWER_BOUND,272,2,0,0,0,2,4,3,1,0,NA,1,false,0,0,0,0,0,0,0,0,false,0,false,false,true,false,2643198366097682813,4066088712875075795,true
coverage-correction-v2-timing-transfer-s1223-m1-r1-t3-c2-l4-d5-tr0-a2,CJ-E,micro,timing_transfer,15603175421323375107,1223,true,true,3,2,4,5,0,2,true,false,48,18,2,9,9,2,80,LOWER_BOUND,272,2,0,0,0,2,4,3,1,0,NA,1,false,0,0,0,0,0,0,0,0,false,0,false,false,true,false,8037875406598576195,4066088712875075795,true
coverage-correction-v2-timing-transfer-s1223-m1-r1-t3-c2-l4-d-1-tr2-a2,CJ-E,micro,timing_transfer,2051839973770119615,1223,true,true,3,2,4,-1,2,2,true,false,48,19,3,9,9,2,80,LOWER_BOUND,272,2,0,0,0,1,4,4,0,0,NA,1,false,0,0,0,0,0,0,0,0,false,0,false,false,true,false,9068759960466128325,410418528741965639,true
coverage-correction-v2-timing-transfer-s1223-m1-r1-t3-c2-l4-d0-tr2-a2,CJ-E,micro,timing_transfer,9261821912222679909,1223,true,true,3,2,4,0,2,2,true,false,48,30,2,10,10,2,80,LOWER_BOUND,272,2,0,0,0,1,5,4,0,1,NA,2,false,0,0,0,0,0,0,0,1,false,0,true,false,true,false,9900358538145585058,410418528741965639,true
coverage-correction-v2-timing-transfer-s1223-m1-r1-t3-c2-l4-d1-tr2-a2,CJ-E,micro,timing_transfer,14870357931528412019,1223,true,true,3,2,4,1,2,2,true,false,48,18,2,9,9,2,80,LOWER_BOUND,272,2,0,0,0,1,4,4,0,0,NA,1,false,0,0,0,0,0,0,0,0,false,0,false,false,true,false,15166925097100497,410418528741965639,true
coverage-correction-v2-timing-transfer-s1223-m1-r1-t3-c2-l4-d2-tr2-a2,CJ-E,micro,timing_transfer,50646717314265469,1223,true,true,3,2,4,2,2,2,true,false,48,18,2,9,9,2,80,LOWER_BOUND,272,2,0,0,0,1,4,4,0,0,NA,1,false,0,0,0,0,0,0,0,0,false,0,false,false,true,false,9126711810760541271,410418528741965639,true
coverage-correction-v2-timing-transfer-s1223-m1-r1-t3-c2-l4-d3-tr2-a2,CJ-E,micro,timing_transfer,1816997296671106463,1223,true,true,3,2,4,3,2,2,true,false,48,18,2,9,9,2,80,LOWER_BOUND,272,2,0,0,0,1,4,4,0,0,NA,1,false,0,0,0,0,0,0,0,0,false,0,false,false,true,false,9194829777634925525,410418528741965639,true
coverage-correction-v2-timing-transfer-s1223-m1-r1-t3-c2-l4-d4-tr2-a2,CJ-E,micro,timing_transfer,15724452562506337357,1223,true,true,3,2,4,4,2,2,true,false,48,18,2,9,9,2,80,LOWER_BOUND,272,2,0,0,0,1,4,4,0,0,NA,1,false,0,0,0,0,0,0,0,0,false,0,false,false,true,false,6041109210388931423,410418528741965639,true
coverage-correction-v2-timing-transfer-s1223-m1-r1-t3-c2-l4-d5-tr2-a2,CJ-E,micro,timing_transfer,40619479676009339,1223,true,true,3,2,4,5,2,2,true,false,48,18,2,9,9,2,80,LOWER_BOUND,272,2,0,0,0,1,4,4,0,0,NA,1,false,0,0,0,0,0,0,0,0,false,0,false,false,true,false,18310204599335832585,410418528741965639,true
coverage-correction-v2-timing-transfer-s1223-m1-r1-t3-c2-l4-d-1-tr4-a2,CJ-E,micro,timing_transfer,10460523465021346491,1223,true,true,3,2,4,-1,4,2,true,false,48,19,3,9,9,2,80,LOWER_BOUND,272,2,0,0,0,1,4,4,0,0,NA,1,false,0,0,0,0,0,0,0,0,false,0,false,false,true,false,15960524704135157569,410418528741965639,true
coverage-correction-v2-timing-transfer-s1223-m1-r1-t3-c2-l4-d0-tr4-a2,CJ-E,micro,timing_transfer,5647849064426335233,1223,true,true,3,2,4,0,4,2,true,false,48,30,2,10,10,2,80,LOWER_BOUND,272,2,0,0,0,1,5,4,0,1,NA,2,false,0,0,0,0,0,0,0,1,false,0,true,false,true,false,9900358538145585058,410418528741965639,true
coverage-correction-v2-timing-transfer-s1223-m1-r1-t3-c2-l4-d1-tr4-a2,CJ-E,micro,timing_transfer,16388797390739783323,1223,true,true,3,2,4,1,4,2,true,false,48,18,2,9,9,2,80,LOWER_BOUND,272,2,0,0,0,1,4,4,0,0,NA,1,false,0,0,0,0,0,0,0,0,false,0,false,false,true,false,10374291279688818969,410418528741965639,true
coverage-correction-v2-timing-transfer-s1223-m1-r1-t3-c2-l4-d2-tr4-a2,CJ-E,micro,timing_transfer,15457440154123558665,1223,true,true,3,2,4,2,4,2,true,false,48,18,2,9,9,2,80,LOWER_BOUND,272,2,0,0,0,1,4,4,0,0,NA,1,false,0,0,0,0,0,0,0,0,false,0,false,false,true,false,8547676348536744027,410418528741965639,true
coverage-correction-v2-timing-transfer-s1223-m1-r1-t3-c2-l4-d3-tr4-a2,CJ-E,micro,timing_transfer,1039090589331925031,1223,true,true,3,2,4,3,4,2,true,false,48,18,2,9,9,2,80,LOWER_BOUND,272,2,0,0,0,1,4,4,0,0,NA,1,false,0,0,0,0,0,0,0,0,false,0,false,false,true,false,17448606788719389949,410418528741965639,true
coverage-correction-v2-timing-transfer-s1223-m1-r1-t3-c2-l4-d4-tr4-a2,CJ-E,micro,timing_transfer,2074900003753881265,1223,true,true,3,2,4,4,4,2,true,false,48,18,2,9,9,2,80,LOWER_BOUND,272,2,0,0,0,1,4,4,0,0,NA,1,false,0,0,0,0,0,0,0,0,false,0,false,false,true,false,3554855728322140267,410418528741965639,true
coverage-correction-v2-timing-transfer-s1223-m1-r1-t3-c2-l4-d5-tr4-a2,CJ-E,micro,timing_transfer,2561637680372472963,1223,true,true,3,2,4,5,4,2,true,false,48,18,2,9,9,2,80,LOWER_BOUND,272,2,0,0,0,1,4,4,0,0,NA,1,false,0,0,0,0,0,0,0,0,false,0,false,false,true,false,4128204085671101921,410418528741965639,true
coverage-correction-v2-contemporary-reversal-s1223-m1-r1-t3-c2-l4-d0-tr0-a2,CJ-E,micro,shared_control,11804687349518115881,1223,true,true,3,2,4,0,0,2,true,true,613,156,142,57,57,4,160,LOWER_BOUND,848,8,2,2,0,40,40,8,2,2,NA,10,false,1,15,2,2,769,0,145,0,false,0,true,false,true,false,9971299915100964628,13209217598738772887,false
