seed,stratum,suite,scenario,namespace,updates_a,updates_b,resistance_a,resistance_b,coupling_a,coupling_b,live_a,live_b,crossings_a,crossings_b,source_fires_a,source_fires_b,drive_deliveries,modulatory_deliveries,eligibility,modes,generations,work,accepts,path_edges,firings,deallocations,bytes,fingerprint,permanent,quiescent,p0,p1,p2,p3,p4,p5,p6,p7,p8,p9,p10,p11,replay,passed
7103,S00,law,ordinary-drive-after-participation,2046998324707328,0,0,1,1,1,1,true,true,1,0,1,0,7,0,a=Some(4)|b=None,candidate=Drive|return=Modulatory|distractors=Drive,a1|b1,135,0,0,5,0,1888,10008749053822165077,8097423539566649791,true,true,true,true,true,true,true,true,true,true,true,true,true,true,true
7103,S00,law,modulation-without-eligibility,2046998325755904,0,0,1,1,1,1,true,true,0,0,0,0,1,1,a=None|b=None,candidate=Drive|return=Modulatory|distractors=Drive,a1|b1,27,0,0,1,0,1888,3420735250703178098,13955795991686151871,true,true,true,true,true,true,true,true,true,true,true,true,true,true,true
7103,S00,law,timely-modulatory-return,2046998326804480,1,0,4,1,2,1,true,true,1,0,1,0,6,1,a=None|b=None,candidate=Drive|return=Modulatory|distractors=Drive,a1|b1,136,1,0,5,0,1888,6495503167077056571,6580355425326736145,true,true,true,true,true,true,true,true,true,true,true,true,true,true,true
7103,S00,law,strong-modulation-does-not-excite,2046998327853056,0,0,1,1,1,1,true,true,0,0,0,0,1,1,a=None|b=None,strong_return=Modulatory:coupling4|candidate=Drive,a1|b1,28,0,0,1,0,2000,14966163439886452185,8604117066821992266,true,true,true,true,true,true,true,true,true,true,true,true,true,true,true
7103,S00,law,dense-ordinary-nonleakage,2046998328901632,0,0,1,1,1,1,true,true,2,1,2,1,23,0,a=Some(5)|b=Some(5),candidate=Drive|return=Modulatory|distractors=Drive,a1|b1,520,0,0,16,0,1888,6686293653340034593,1886269931700553535,true,true,true,true,true,true,true,true,true,true,true,true,true,true,true
7103,S00,law,fixed-routes-r0-drive-r1-modulatory,2046998329950208,1,0,4,1,2,1,true,true,1,0,1,0,8,1,a=None|b=None,r0=Drive|r1=Modulatory|candidate=Drive,a1|b1,185,1,0,6,0,2112,6327523417815936621,10440254771754105,true,true,true,true,true,true,true,true,true,true,true,true,true,true,true
7103,S00,law,fixed-routes-r0-modulatory-r1-drive,2046998330998784,1,0,4,1,2,1,true,true,1,0,1,0,8,1,a=None|b=None,r0=Modulatory|r1=Drive|candidate=Drive,a1|b1,185,1,0,6,0,2112,10882406172696044261,4472258197757728793,true,true,true,true,true,true,true,true,true,true,true,true,true,true,true
7103,S00,law,two-completed-modulatory-returns,2046998332047360,1,0,6,0,2,1,true,false,2,0,2,0,12,2,a=None|b=None,candidate=Drive|return=Modulatory|distractors=Drive,a1|b2,313,2,0,10,1,1888,12051878517378564238,2109576197837628761,true,true,true,true,true,true,true,true,true,true,true,true,true,true,true
7103,S00,law,two-local-eligible-candidates,2046998333095936,1,1,4,4,2,2,true,true,1,1,1,0,7,1,a=None|b=None,candidate=Drive|return=Modulatory|distractors=Drive,a1|b1,171,2,0,6,0,2000,6506141495420363104,12377014787590764136,true,true,true,true,true,true,true,true,true,true,true,true,true,true,true
7103,S00,law,expired-eligibility-modulation,2046998334144512,0,0,0,1,1,1,false,true,1,0,1,0,6,1,a=None|b=None,candidate=Drive|return=Modulatory|distractors=Drive,a2|b1,137,0,0,5,1,1888,3192651347560181288,11817407104737005652,true,true,true,true,true,true,true,true,true,true,true,true,true,true,true
7103,S00,law,simultaneous-drive-and-modulation,2046998335193088,1,0,4,1,2,1,true,true,2,0,2,0,11,1,a=Some(8)|b=None,candidate=Drive|return=Modulatory|distractors=Drive,a1|b1,252,1,0,9,0,1888,10445082192053514328,16689689377680833041,true,true,true,true,true,true,true,true,true,true,true,true,true,true,true
7103,S00,law,dense-parallel-crossed-routes,2046998336241664,1,0,4,1,2,1,true,true,2,2,2,2,29,1,a=None|b=Some(5),candidate=Drive|return=Modulatory|distractors=Drive,a1|b1,729,1,0,21,0,1888,18249766933704995113,9396364529709365041,true,true,true,true,true,true,true,true,true,true,true,true,true,true,true
7103,S00,px0,acquisition,2046998341484544,0,0,11,0,2,1,true,false,4,0,4,0,24,4,a=None|b=None,candidate=Drive|return=Modulatory,a1|b2,535,4,0,20,1,992,16924603973880461097,1227753691467103250,true,true,true,true,true,true,true,true,true,true,true,true,true,true,true
7103,S00,px0,probation,2046998342533120,0,0,0,0,2,1,false,false,1,0,1,0,6,1,a=None|b=None,candidate=Drive|return=Modulatory,a2|b2,109,1,0,5,2,992,2285495006213392724,15744659682162590205,true,true,true,true,true,true,true,true,true,true,true,true,true,true,true
7103,S00,px0,stable-return-specificity,2046998343581696,0,0,4,1,2,1,true,true,1,1,1,1,11,1,a=None|b=Some(4),candidate=Drive|return=Modulatory,a1|b1,180,1,0,9,0,992,9681789266477230376,15632218830665500775,true,true,true,true,true,true,true,true,true,true,true,true,true,true,true
7103,S00,px0,forgetting,2046998344630272,0,0,0,0,2,1,false,false,4,0,4,0,24,4,a=None|b=None,candidate=Drive|return=Modulatory,a2|b2,553,4,0,20,2,992,2763677614608780850,11859022343125237214,true,true,true,true,true,true,true,true,true,true,true,true,true,true,true
7103,S00,px0,fresh-reproposal,2046998345678848,0,0,1,0,1,0,true,false,4,0,2,0,7,0,fresh=Some(15),candidate=Drive|return=Modulatory,old2|fresh6,85,0,0,6,1,560,1739473134681949687,9122491798207484417,true,true,true,true,true,true,true,true,true,true,true,true,true,true,true
7103,S00,px0,reacquisition,2046998346727424,0,0,11,0,2,0,true,false,11,0,5,0,17,4,fresh=None,candidate=Drive|return=Modulatory,old2|fresh6,276,4,0,16,1,560,1937374382667891467,10524825972670609685,true,true,true,true,true,true,true,true,true,true,true,true,true,true,true
7103,S00,px1,support-a,2046998358261760,1,0,6,0,2,1,true,false,2,0,2,0,12,2,a=None|b=None,candidate=Drive|return=Modulatory,a1|b2,225,2,0,10,1,992,12241869420676082726,16329407967494477337,true,true,true,true,true,true,true,true,true,true,true,true,true,true,true
7103,S00,px1,support-b,2046998359310336,0,1,0,6,1,2,false,true,0,2,0,2,12,2,a=None|b=None,candidate=Drive|return=Modulatory,a2|b1,225,2,0,10,1,992,16494026794390980194,10628462579247031845,true,true,true,true,true,true,true,true,true,true,true,true,true,true,true
7103,S00,px1,no-support,2046998360358912,0,0,1,1,1,1,true,true,0,0,0,0,0,0,a=None|b=None,candidate=Drive|return=Modulatory,a1|b1,0,0,0,0,0,992,13246116964874722295,14323878786498356935,true,true,true,true,true,true,true,true,true,true,true,true,true,true,true
7103,S00,px1,participation-return-blocked,2046998361407488,0,0,0,1,1,1,false,true,1,0,2,0,9,0,a=None|b=None,candidate=Drive|return=Modulatory,a2|b1,136,0,0,7,1,992,7935756537217818399,11701600345550898324,true,true,true,true,true,true,true,true,true,true,true,true,true,true,true
7103,S00,px1,return-without-participation,2046998362456064,0,0,0,0,1,1,false,false,0,0,0,0,2,2,a=None|b=None,candidate=Drive|return=Modulatory,a2|b2,51,0,0,2,2,992,3778593521627562377,6531642975787490934,true,true,true,true,true,true,true,true,true,true,true,true,true,true,true
7103,S00,px1,joint-participation,2046998363504640,1,1,6,6,2,2,true,true,2,2,2,2,24,4,a=None|b=None,candidate=Drive|return=Modulatory,a1|b1,528,4,0,20,0,992,5572709763583666131,1293569974955440683,true,true,true,true,true,true,true,true,true,true,true,true,true,true,true
7103,S00,px2,forward-traversal-return,2046998375038976,1,0,6,0,2,1,true,false,2,0,2,0,12,2,a=None|b=None,candidate=Drive|return=Modulatory,a1|b2,225,2,0,10,1,992,15160810398743572392,927093073748412531,true,true,true,true,true,true,true,true,true,true,true,true,true,true,true
7103,S00,px2,reverse-traversal-return,2046998376087552,0,1,0,6,1,2,false,true,0,2,0,2,12,2,a=None|b=None,candidate=Drive|return=Modulatory,a2|b1,225,2,0,10,1,992,8328793036663854608,10193688998459190879,true,true,true,true,true,true,true,true,true,true,true,true,true,true,true
7103,S00,px2,correlation-without-traversal,2046998377136128,0,0,0,0,1,1,false,false,0,0,0,0,12,12,a=None|b=None,candidate=Drive|return=Modulatory,a2|b2,376,0,0,12,2,992,17149083227931744220,3381205453448440493,true,true,true,true,true,true,true,true,true,true,true,true,true,true,true
7103,S00,px2,forward-return-blocked,2046998378184704,0,0,0,1,1,1,false,true,1,0,2,0,9,0,a=None|b=None,candidate=Drive|return=Modulatory,a2|b1,136,0,0,7,1,992,7548743419042355109,236501186364471022,true,true,true,true,true,true,true,true,true,true,true,true,true,true,true
7103,S00,px2,joint-traversal-return,2046998379233280,1,1,6,6,2,2,true,true,2,2,2,2,24,4,a=None|b=None,candidate=Drive|return=Modulatory,a1|b1,528,4,0,20,0,992,4804316404708645545,6967224144736902681,true,true,true,true,true,true,true,true,true,true,true,true,true,true,true
7103,S00,px2,forward-with-wrong-way-observation,2046998380281856,1,0,6,0,2,1,true,false,2,0,2,0,18,8,a=None|b=None,candidate=Drive|return=Modulatory,a1|b2,455,2,0,16,1,992,16199542144737036676,6419213016231930176,true,true,true,true,true,true,true,true,true,true,true,true,true,true,true
7103,S00,px2,reverse-with-wrong-way-observation,2046998381330432,0,1,0,6,1,2,false,true,0,2,0,2,18,8,a=None|b=None,candidate=Drive|return=Modulatory,a2|b1,455,2,0,16,1,992,13067622617151519318,6887829326552897268,true,true,true,true,true,true,true,true,true,true,true,true,true,true,true
7109,S01,law,ordinary-drive-after-participation,2046999935320064,0,0,1,1,1,1,true,true,1,0,1,0,7,0,a=Some(4)|b=None,candidate=Drive|return=Modulatory|distractors=Drive,a1|b1,175,0,0,5,0,2784,13541940346301730805,513838635993675871,true,true,true,true,true,true,true,true,true,true,true,true,true,true,true
7109,S01,law,modulation-without-eligibility,2046999936368640,0,0,1,1,1,1,true,true,0,0,0,0,1,1,a=None|b=None,candidate=Drive|return=Modulatory|distractors=Drive,a1|b1,35,0,0,1,0,2784,9183554920723595206,16942282648782866239,true,true,true,true,true,true,true,true,true,true,true,true,true,true,true
7109,S01,law,timely-modulatory-return,2046999937417216,1,0,4,1,2,1,true,true,1,0,1,0,6,1,a=None|b=None,candidate=Drive|return=Modulatory|distractors=Drive,a1|b1,176,1,0,5,0,2784,9024234748536985631,16767480800465978321,true,true,true,true,true,true,true,true,true,true,true,true,true,true,true
7109,S01,law,strong-modulation-does-not-excite,2046999938465792,0,0,1,1,1,1,true,true,0,0,0,0,1,1,a=None|b=None,strong_return=Modulatory:coupling4|candidate=Drive,a1|b1,36,0,0,1,0,2896,6484361995044859378,17241848122621567125,true,true,true,true,true,true,true,true,true,true,true,true,true,true,true
7109,S01,law,dense-ordinary-nonleakage,2046999939514368,0,0,1,1,1,1,true,true,2,1,2,1,39,0,a=Some(5)|b=Some(5),candidate=Drive|return=Modulatory|distractors=Drive,a1|b1,1184,0,0,24,0,2784,194437404220480145,646730749420033887,true,true,true,true,true,true,true,true,true,true,true,true,true,true,true
7109,S01,law,fixed-routes-r0-drive-r1-modulatory,2046999940562944,1,0,4,1,2,1,true,true,1,0,1,0,8,1,a=None|b=None,r0=Drive|r1=Modulatory|candidate=Drive,a1|b1,233,1,0,6,0,3008,2364188342397708929,6996731632824035603,true,true,true,true,true,true,true,true,true,true,true,true,true,true,true
7109,S01,law,fixed-routes-r0-modulatory-r1-drive,2046999941611520,1,0,4,1,2,1,true,true,1,0,1,0,8,1,a=None|b=None,r0=Modulatory|r1=Drive|candidate=Drive,a1|b1,233,1,0,6,0,3008,2542796376424888237,10029422875620523499,true,true,true,true,true,true,true,true,true,true,true,true,true,true,true
7109,S01,law,two-completed-modulatory-returns,2046999942660096,1,0,6,0,2,1,true,false,2,0,2,0,12,2,a=None|b=None,candidate=Drive|return=Modulatory|distractors=Drive,a1|b2,401,2,0,10,1,2784,2893893814387565226,18322687160721756913,true,true,true,true,true,true,true,true,true,true,true,true,true,true,true
7109,S01,law,two-local-eligible-candidates,2046999943708672,1,1,4,4,2,2,true,true,1,1,1,0,7,1,a=None|b=None,candidate=Drive|return=Modulatory|distractors=Drive,a1|b1,219,2,0,6,0,2896,2664415231113938227,16945246668994849499,true,true,true,true,true,true,true,true,true,true,true,true,true,true,true
7109,S01,law,expired-eligibility-modulation,2046999944757248,0,0,0,1,1,1,false,true,1,0,1,0,6,1,a=None|b=None,candidate=Drive|return=Modulatory|distractors=Drive,a2|b1,177,0,0,5,1,2784,2283844865964301260,1965655746348877876,true,true,true,true,true,true,true,true,true,true,true,true,true,true,true
7109,S01,law,simultaneous-drive-and-modulation,2046999945805824,1,0,4,1,2,1,true,true,2,0,2,0,11,1,a=Some(8)|b=None,candidate=Drive|return=Modulatory|distractors=Drive,a1|b1,324,1,0,9,0,2784,11346424570323991332,16471975557117641681,true,true,true,true,true,true,true,true,true,true,true,true,true,true,true
7109,S01,law,dense-parallel-crossed-routes,2046999946854400,1,0,4,1,2,1,true,true,2,2,2,2,45,1,a=None|b=Some(5),candidate=Drive|return=Modulatory|distractors=Drive,a1|b1,1489,1,0,29,0,2784,15636277157185556995,5337533878672096113,true,true,true,true,true,true,true,true,true,true,true,true,true,true,true
7109,S01,px0,acquisition,2046999952097280,0,0,11,0,2,1,true,false,4,0,4,0,24,4,a=None|b=None,candidate=Drive|return=Modulatory,a1|b2,535,4,0,20,1,992,2084062177187374228,18309598540474056095,true,true,true,true,true,true,true,true,true,true,true,true,true,true,true
7109,S01,px0,probation,2046999953145856,0,0,0,0,2,1,false,false,1,0,1,0,6,1,a=None|b=None,candidate=Drive|return=Modulatory,a2|b2,109,1,0,5,2,992,11758782817652167256,11793209258371843952,true,true,true,true,true,true,true,true,true,true,true,true,true,true,true
7109,S01,px0,stable-return-specificity,2046999954194432,0,0,4,1,2,1,true,true,1,1,1,1,11,1,a=None|b=Some(4),candidate=Drive|return=Modulatory,a1|b1,180,1,0,9,0,992,7149301617865516785,6246744501877490258,true,true,true,true,true,true,true,true,true,true,true,true,true,true,true
7109,S01,px0,forgetting,2046999955243008,0,0,0,0,2,1,false,false,4,0,4,0,24,4,a=None|b=None,candidate=Drive|return=Modulatory,a2|b2,553,4,0,20,2,992,10980806611897249306,11001750703414408051,true,true,true,true,true,true,true,true,true,true,true,true,true,true,true
7109,S01,px0,fresh-reproposal,2046999956291584,0,0,1,0,1,0,true,false,4,0,2,0,7,0,fresh=Some(15),candidate=Drive|return=Modulatory,old2|fresh6,85,0,0,6,1,560,3937379168385222849,9337240166655519831,true,true,true,true,true,true,true,true,true,true,true,true,true,true,true
7109,S01,px0,reacquisition,2046999957340160,0,0,11,0,2,0,true,false,11,0,5,0,17,4,fresh=None,candidate=Drive|return=Modulatory,old2|fresh6,276,4,0,16,1,560,14295804819100376175,5130006073729889883,true,true,true,true,true,true,true,true,true,true,true,true,true,true,true
7109,S01,px1,support-a,2046999968874496,1,0,6,0,2,1,true,false,2,0,2,0,12,2,a=None|b=None,candidate=Drive|return=Modulatory,a1|b2,225,2,0,10,1,992,9571301980623512191,17204229192749130144,true,true,true,true,true,true,true,true,true,true,true,true,true,true,true
7109,S01,px1,support-b,2046999969923072,0,1,0,6,1,2,false,true,0,2,0,2,12,2,a=None|b=None,candidate=Drive|return=Modulatory,a2|b1,225,2,0,10,1,992,15676917657884333937,565243981961161748,true,true,true,true,true,true,true,true,true,true,true,true,true,true,true
7109,S01,px1,no-support,2046999970971648,0,0,1,1,1,1,true,true,0,0,0,0,0,0,a=None|b=None,candidate=Drive|return=Modulatory,a1|b1,0,0,0,0,0,992,17376816718066696326,6931160078606280486,true,true,true,true,true,true,true,true,true,true,true,true,true,true,true
7109,S01,px1,participation-return-blocked,2046999972020224,0,0,0,1,1,1,false,true,1,0,2,0,9,0,a=None|b=None,candidate=Drive|return=Modulatory,a2|b1,136,0,0,7,1,992,13859396169811931670,4025411231250873453,true,true,true,true,true,true,true,true,true,true,true,true,true,true,true
7109,S01,px1,return-without-participation,2046999973068800,0,0,0,0,1,1,false,false,0,0,0,0,2,2,a=None|b=None,candidate=Drive|return=Modulatory,a2|b2,51,0,0,2,2,992,9219721304844849080,4908064621313932663,true,true,true,true,true,true,true,true,true,true,true,true,true,true,true
7109,S01,px1,joint-participation,2046999974117376,1,1,6,6,2,2,true,true,2,2,2,2,24,4,a=None|b=None,candidate=Drive|return=Modulatory,a1|b1,528,4,0,20,0,992,17663629204758082408,1449667825742687994,true,true,true,true,true,true,true,true,true,true,true,true,true,true,true
7109,S01,px2,forward-traversal-return,2046999985651712,1,0,6,0,2,1,true,false,2,0,2,0,12,2,a=None|b=None,candidate=Drive|return=Modulatory,a1|b2,225,2,0,10,1,992,12488484241673201913,12474202198192549550,true,true,true,true,true,true,true,true,true,true,true,true,true,true,true
7109,S01,px2,reverse-traversal-return,2046999986700288,0,1,0,6,1,2,false,true,0,2,0,2,12,2,a=None|b=None,candidate=Drive|return=Modulatory,a2|b1,225,2,0,10,1,992,12518130617624352311,14301287607951552674,true,true,true,true,true,true,true,true,true,true,true,true,true,true,true
7109,S01,px2,correlation-without-traversal,2046999987748864,0,0,0,0,1,1,false,false,0,0,0,0,12,12,a=None|b=None,candidate=Drive|return=Modulatory,a2|b2,376,0,0,12,2,992,12148258189252269339,11400679485515013888,true,true,true,true,true,true,true,true,true,true,true,true,true,true,true
7109,S01,px2,forward-return-blocked,2046999988797440,0,0,0,1,1,1,false,true,1,0,2,0,9,0,a=None|b=None,candidate=Drive|return=Modulatory,a2|b1,136,0,0,7,1,992,18429756662397109728,9807613504166917283,true,true,true,true,true,true,true,true,true,true,true,true,true,true,true
7109,S01,px2,joint-traversal-return,2046999989846016,1,1,6,6,2,2,true,true,2,2,2,2,24,4,a=None|b=None,candidate=Drive|return=Modulatory,a1|b1,528,4,0,20,0,992,11933263878689393802,9596362629106004404,true,true,true,true,true,true,true,true,true,true,true,true,true,true,true
7109,S01,px2,forward-with-wrong-way-observation,2046999990894592,1,0,6,0,2,1,true,false,2,0,2,0,18,8,a=None|b=None,candidate=Drive|return=Modulatory,a1|b2,460,2,0,16,1,992,4704027077407151130,5181179567791258061,true,true,true,true,true,true,true,true,true,true,true,true,true,true,true
7109,S01,px2,reverse-with-wrong-way-observation,2046999991943168,0,1,0,6,1,2,false,true,0,2,0,2,18,8,a=None|b=None,candidate=Drive|return=Modulatory,a2|b1,460,2,0,16,1,992,15401178453391090128,2488350006343565953,true,true,true,true,true,true,true,true,true,true,true,true,true,true,true
7121,S02,law,ordinary-drive-after-participation,2047003156545536,0,0,1,1,1,1,true,true,1,0,1,0,7,0,a=Some(4)|b=None,candidate=Drive|return=Modulatory|distractors=Drive,a1|b1,255,0,0,5,0,4576,15349597653685079651,3995500812847794017,true,true,true,true,true,true,true,true,true,true,true,true,true,true,true
7121,S02,law,modulation-without-eligibility,2047003157594112,0,0,1,1,1,1,true,true,0,0,0,0,1,1,a=None|b=None,candidate=Drive|return=Modulatory|distractors=Drive,a1|b1,51,0,0,1,0,4576,3525798685024883128,14020312517215092417,true,true,true,true,true,true,true,true,true,true,true,true,true,true,true
7121,S02,law,timely-modulatory-return,2047003158642688,1,0,4,1,2,1,true,true,1,0,1,0,6,1,a=None|b=None,candidate=Drive|return=Modulatory|distractors=Drive,a1|b1,256,1,0,5,0,4576,11574073348055160225,7225613916635525751,true,true,true,true,true,true,true,true,true,true,true,true,true,true,true
7121,S02,law,strong-modulation-does-not-excite,2047003159691264,0,0,1,1,1,1,true,true,0,0,0,0,1,1,a=None|b=None,strong_return=Modulatory:coupling4|candidate=Drive,a1|b1,52,0,0,1,0,4688,13930869920500600889,12037554160544903330,true,true,true,true,true,true,true,true,true,true,true,true,true,true,true
7121,S02,law,dense-ordinary-nonleakage,2047003160739840,0,0,1,1,1,1,true,true,2,1,2,1,71,0,a=Some(5)|b=Some(5),candidate=Drive|return=Modulatory|distractors=Drive,a1|b1,3280,0,0,40,0,4576,7645690916707303335,7563708170979573345,true,true,true,true,true,true,true,true,true,true,true,true,true,true,true
7121,S02,law,fixed-routes-r0-drive-r1-modulatory,2047003161788416,1,0,4,1,2,1,true,true,1,0,1,0,8,1,a=None|b=None,r0=Drive|r1=Modulatory|candidate=Drive,a1|b1,329,1,0,6,0,4800,7205648956414563103,3777861477509839451,true,true,true,true,true,true,true,true,true,true,true,true,true,true,true
7121,S02,law,fixed-routes-r0-modulatory-r1-drive,2047003162836992,1,0,4,1,2,1,true,true,1,0,1,0,8,1,a=None|b=None,r0=Modulatory|r1=Drive|candidate=Drive,a1|b1,329,1,0,6,0,4800,2832267079312530487,17496282827015172511,true,true,true,true,true,true,true,true,true,true,true,true,true,true,true
7121,S02,law,two-completed-modulatory-returns,2047003163885568,1,0,6,0,2,1,true,false,2,0,2,0,12,2,a=None|b=None,candidate=Drive|return=Modulatory|distractors=Drive,a1|b2,577,2,0,10,1,4576,320778879608647804,7320889301513422247,true,true,true,true,true,true,true,true,true,true,true,true,true,true,true
7121,S02,law,two-local-eligible-candidates,2047003164934144,1,1,4,4,2,2,true,true,1,1,1,0,7,1,a=None|b=None,candidate=Drive|return=Modulatory|distractors=Drive,a1|b1,315,2,0,6,0,4688,17075311139110719376,1489090232120353884,true,true,true,true,true,true,true,true,true,true,true,true,true,true,true
7121,S02,law,expired-eligibility-modulation,2047003165982720,0,0,0,1,1,1,false,true,1,0,1,0,6,1,a=None|b=None,candidate=Drive|return=Modulatory|distractors=Drive,a2|b1,257,0,0,5,1,4576,15017161437590092074,4664202406512307418,true,true,true,true,true,true,true,true,true,true,true,true,true,true,true
7121,S02,law,simultaneous-drive-and-modulation,2047003167031296,1,0,4,1,2,1,true,true,2,0,2,0,11,1,a=Some(8)|b=None,candidate=Drive|return=Modulatory|distractors=Drive,a1|b1,468,1,0,9,0,4576,10520077464166232738,956596117710034039,true,true,true,true,true,true,true,true,true,true,true,true,true,true,true
7121,S02,law,dense-parallel-crossed-routes,2047003168079872,1,0,4,1,2,1,true,true,2,2,2,2,77,1,a=None|b=Some(5),candidate=Drive|return=Modulatory|distractors=Drive,a1|b1,3809,1,0,45,0,4576,420713783327732877,14087115870238150615,true,true,true,true,true,true,true,true,true,true,true,true,true,true,true
7121,S02,px0,acquisition,2047003173322752,0,0,11,0,2,1,true,false,4,0,4,0,24,4,a=None|b=None,candidate=Drive|return=Modulatory,a1|b2,535,4,0,20,1,992,4074736049468950793,3662107522970833838,true,true,true,true,true,true,true,true,true,true,true,true,true,true,true
7121,S02,px0,probation,2047003174371328,0,0,0,0,2,1,false,false,1,0,1,0,6,1,a=None|b=None,candidate=Drive|return=Modulatory,a2|b2,109,1,0,5,2,992,17162197422683313298,888664479679468241,true,true,true,true,true,true,true,true,true,true,true,true,true,true,true
7121,S02,px0,stable-return-specificity,2047003175419904,0,0,4,1,2,1,true,true,1,1,1,1,11,1,a=None|b=Some(4),candidate=Drive|return=Modulatory,a1|b1,180,1,0,9,0,992,5273447436428896612,5106088026457140507,true,true,true,true,true,true,true,true,true,true,true,true,true,true,true
7121,S02,px0,forgetting,2047003176468480,0,0,0,0,2,1,false,false,4,0,4,0,24,4,a=None|b=None,candidate=Drive|return=Modulatory,a2|b2,553,4,0,20,2,992,13425510839087333704,12482698545041245722,true,true,true,true,true,true,true,true,true,true,true,true,true,true,true
7121,S02,px0,fresh-reproposal,2047003177517056,0,0,1,0,1,0,true,false,4,0,2,0,7,0,fresh=Some(15),candidate=Drive|return=Modulatory,old2|fresh6,85,0,0,6,1,560,3045357372768758623,16943686392281000393,true,true,true,true,true,true,true,true,true,true,true,true,true,true,true
7121,S02,px0,reacquisition,2047003178565632,0,0,11,0,2,0,true,false,11,0,5,0,17,4,fresh=None,candidate=Drive|return=Modulatory,old2|fresh6,280,4,0,16,1,560,4844381556209759695,7147692304317708517,true,true,true,true,true,true,true,true,true,true,true,true,true,true,true
7121,S02,px1,support-a,2047003190099968,1,0,6,0,2,1,true,false,2,0,2,0,12,2,a=None|b=None,candidate=Drive|return=Modulatory,a1|b2,225,2,0,10,1,992,9811860956865219970,13858455176630156701,true,true,true,true,true,true,true,true,true,true,true,true,true,true,true
7121,S02,px1,support-b,2047003191148544,0,1,0,6,1,2,false,true,0,2,0,2,12,2,a=None|b=None,candidate=Drive|return=Modulatory,a2|b1,225,2,0,10,1,992,3812482787835119470,17459890764176633793,true,true,true,true,true,true,true,true,true,true,true,true,true,true,true
7121,S02,px1,no-support,2047003192197120,0,0,1,1,1,1,true,true,0,0,0,0,0,0,a=None|b=None,candidate=Drive|return=Modulatory,a1|b1,0,0,0,0,0,992,5099934070836017331,14750471084914692451,true,true,true,true,true,true,true,true,true,true,true,true,true,true,true
7121,S02,px1,participation-return-blocked,2047003193245696,0,0,0,1,1,1,false,true,1,0,2,0,9,0,a=None|b=None,candidate=Drive|return=Modulatory,a2|b1,136,0,0,7,1,992,2263330324971365415,2890519932505341760,true,true,true,true,true,true,true,true,true,true,true,true,true,true,true
7121,S02,px1,return-without-participation,2047003194294272,0,0,0,0,1,1,false,false,0,0,0,0,2,2,a=None|b=None,candidate=Drive|return=Modulatory,a2|b2,51,0,0,2,2,992,7086230447361204073,5998121368738566010,true,true,true,true,true,true,true,true,true,true,true,true,true,true,true
7121,S02,px1,joint-participation,2047003195342848,1,1,6,6,2,2,true,true,2,2,2,2,24,4,a=None|b=None,candidate=Drive|return=Modulatory,a1|b1,528,4,0,20,0,992,1404727602702756319,17803367358982338967,true,true,true,true,true,true,true,true,true,true,true,true,true,true,true
7121,S02,px2,forward-traversal-return,2047003206877184,1,0,6,0,2,1,true,false,2,0,2,0,12,2,a=None|b=None,candidate=Drive|return=Modulatory,a1|b2,225,2,0,10,1,992,18215053222301346832,16216834060484726999,true,true,true,true,true,true,true,true,true,true,true,true,true,true,true
7121,S02,px2,reverse-traversal-return,2047003207925760,0,1,0,6,1,2,false,true,0,2,0,2,12,2,a=None|b=None,candidate=Drive|return=Modulatory,a2|b1,225,2,0,10,1,992,5468747021036389524,14957749979876207955,true,true,true,true,true,true,true,true,true,true,true,true,true,true,true
7121,S02,px2,correlation-without-traversal,2047003208974336,0,0,0,0,1,1,false,false,0,0,0,0,12,12,a=None|b=None,candidate=Drive|return=Modulatory,a2|b2,396,0,0,12,2,992,18354475971070189964,18378455404510343649,true,true,true,true,true,true,true,true,true,true,true,true,true,true,true
7121,S02,px2,forward-return-blocked,2047003210022912,0,0,0,1,1,1,false,true,1,0,2,0,9,0,a=None|b=None,candidate=Drive|return=Modulatory,a2|b1,136,0,0,7,1,992,5746342640745760013,3076927160424903642,true,true,true,true,true,true,true,true,true,true,true,true,true,true,true
7121,S02,px2,joint-traversal-return,2047003211071488,1,1,6,6,2,2,true,true,2,2,2,2,24,4,a=None|b=None,candidate=Drive|return=Modulatory,a1|b1,528,4,0,20,0,992,7613054358840341249,5089293478408913741,true,true,true,true,true,true,true,true,true,true,true,true,true,true,true
7121,S02,px2,forward-with-wrong-way-observation,2047003212120064,1,0,6,0,2,1,true,false,2,0,2,0,18,8,a=None|b=None,candidate=Drive|return=Modulatory,a1|b2,465,2,0,16,1,992,16188376392299090498,4709350559719379708,true,true,true,true,true,true,true,true,true,true,true,true,true,true,true
7121,S02,px2,reverse-with-wrong-way-observation,2047003213168640,0,1,0,6,1,2,false,true,0,2,0,2,18,8,a=None|b=None,candidate=Drive|return=Modulatory,a2|b1,465,2,0,16,1,992,17595372927053434952,4852384158722586208,true,true,true,true,true,true,true,true,true,true,true,true,true,true,true
7127,S03,law,ordinary-drive-after-participation,2047004767158272,0,0,1,1,1,1,true,true,1,0,1,0,7,0,a=Some(4)|b=None,candidate=Drive|return=Modulatory|distractors=Drive,a1|b1,415,0,0,5,0,8160,11099742502146290612,3836441059730842330,true,true,true,true,true,true,true,true,true,true,true,true,true,true,true
7127,S03,law,modulation-without-eligibility,2047004768206848,0,0,1,1,1,1,true,true,0,0,0,0,1,1,a=None|b=None,candidate=Drive|return=Modulatory|distractors=Drive,a1|b1,83,0,0,1,0,8160,1585237741668455655,4982989363373304634,true,true,true,true,true,true,true,true,true,true,true,true,true,true,true
7127,S03,law,timely-modulatory-return,2047004769255424,1,0,4,1,2,1,true,true,1,0,1,0,6,1,a=None|b=None,candidate=Drive|return=Modulatory|distractors=Drive,a1|b1,416,1,0,5,0,8160,13718922407626991986,8633641971060527180,true,true,true,true,true,true,true,true,true,true,true,true,true,true,true
7127,S03,law,strong-modulation-does-not-excite,2047004770304000,0,0,1,1,1,1,true,true,0,0,0,0,1,1,a=None|b=None,strong_return=Modulatory:coupling4|candidate=Drive,a1|b1,84,0,0,1,0,8272,4245521201580222452,10198924373130160387,true,true,true,true,true,true,true,true,true,true,true,true,true,true,true
7127,S03,law,dense-ordinary-nonleakage,2047004771352576,0,0,1,1,1,1,true,true,2,1,2,1,135,0,a=Some(5)|b=Some(5),candidate=Drive|return=Modulatory|distractors=Drive,a1|b1,10544,0,0,72,0,8160,3336753355226784224,15762657480220969818,true,true,true,true,true,true,true,true,true,true,true,true,true,true,true
7127,S03,law,fixed-routes-r0-drive-r1-modulatory,2047004772401152,1,0,4,1,2,1,true,true,1,0,1,0,8,1,a=None|b=None,r0=Drive|r1=Modulatory|candidate=Drive,a1|b1,521,1,0,6,0,8384,1564154807920673738,2246349429748109020,true,true,true,true,true,true,true,true,true,true,true,true,true,true,true
7127,S03,law,fixed-routes-r0-modulatory-r1-drive,2047004773449728,1,0,4,1,2,1,true,true,1,0,1,0,8,1,a=None|b=None,r0=Modulatory|r1=Drive|candidate=Drive,a1|b1,521,1,0,6,0,8384,17938638878450838070,11187610961631071624,true,true,true,true,true,true,true,true,true,true,true,true,true,true,true
7127,S03,law,two-completed-modulatory-returns,2047004774498304,1,0,6,0,2,1,true,false,2,0,2,0,12,2,a=None|b=None,candidate=Drive|return=Modulatory|distractors=Drive,a1|b2,929,2,0,10,1,8160,17187268971186776891,13601655557210013340,true,true,true,true,true,true,true,true,true,true,true,true,true,true,true
7127,S03,law,two-local-eligible-candidates,2047004775546880,1,1,4,4,2,2,true,true,1,1,1,0,7,1,a=None|b=None,candidate=Drive|return=Modulatory|distractors=Drive,a1|b1,507,2,0,6,0,8272,13334488944038170209,9843434180784569745,true,true,true,true,true,true,true,true,true,true,true,true,true,true,true
7127,S03,law,expired-eligibility-modulation,2047004776595456,0,0,0,1,1,1,false,true,1,0,1,0,6,1,a=None|b=None,candidate=Drive|return=Modulatory|distractors=Drive,a2|b1,417,0,0,5,1,8160,13425662469776518241,9526583452007371185,true,true,true,true,true,true,true,true,true,true,true,true,true,true,true
7127,S03,law,simultaneous-drive-and-modulation,2047004777644032,1,0,4,1,2,1,true,true,2,0,2,0,11,1,a=Some(8)|b=None,candidate=Drive|return=Modulatory|distractors=Drive,a1|b1,756,1,0,9,0,8160,17852917508816747449,13139337409476278604,true,true,true,true,true,true,true,true,true,true,true,true,true,true,true
7127,S03,law,dense-parallel-crossed-routes,2047004778692608,1,0,4,1,2,1,true,true,2,2,2,2,141,1,a=None|b=Some(5),candidate=Drive|return=Modulatory|distractors=Drive,a1|b1,11489,1,0,77,0,8160,4183554009138289518,13519316399625567660,true,true,true,true,true,true,true,true,true,true,true,true,true,true,true
7127,S03,px0,acquisition,2047004783935488,0,0,11,0,2,1,true,false,4,0,4,0,24,4,a=None|b=None,candidate=Drive|return=Modulatory,a1|b2,535,4,0,20,1,992,4767922246633083886,3546560717393948481,true,true,true,true,true,true,true,true,true,true,true,true,true,true,true
7127,S03,px0,probation,2047004784984064,0,0,0,0,2,1,false,false,1,0,1,0,6,1,a=None|b=None,candidate=Drive|return=Modulatory,a2|b2,109,1,0,5,2,992,12725041250802691904,2902915811944055774,true,true,true,true,true,true,true,true,true,true,true,true,true,true,true
7127,S03,px0,stable-return-specificity,2047004786032640,0,0,4,1,2,1,true,true,1,1,1,1,11,1,a=None|b=Some(4),candidate=Drive|return=Modulatory,a1|b1,180,1,0,9,0,992,50397524674526719,13994013538612296228,true,true,true,true,true,true,true,true,true,true,true,true,true,true,true
7127,S03,px0,forgetting,2047004787081216,0,0,0,0,2,1,false,false,4,0,4,0,24,4,a=None|b=None,candidate=Drive|return=Modulatory,a2|b2,553,4,0,20,2,992,2372302107957427258,15196998373668557269,true,true,true,true,true,true,true,true,true,true,true,true,true,true,true
7127,S03,px0,fresh-reproposal,2047004788129792,0,0,1,0,1,0,true,false,4,0,2,0,7,0,fresh=Some(15),candidate=Drive|return=Modulatory,old2|fresh6,85,0,0,6,1,560,17091466365664149920,10132874322441638182,true,true,true,true,true,true,true,true,true,true,true,true,true,true,true
7127,S03,px0,reacquisition,2047004789178368,0,0,11,0,2,0,true,false,11,0,5,0,17,4,fresh=None,candidate=Drive|return=Modulatory,old2|fresh6,280,4,0,16,1,560,2014158100828611974,9349497244602668106,true,true,true,true,true,true,true,true,true,true,true,true,true,true,true
7127,S03,px1,support-a,2047004800712704,1,0,6,0,2,1,true,false,2,0,2,0,12,2,a=None|b=None,candidate=Drive|return=Modulatory,a1|b2,225,2,0,10,1,992,17467399660622929717,9150806641320935722,true,true,true,true,true,true,true,true,true,true,true,true,true,true,true
7127,S03,px1,support-b,2047004801761280,0,1,0,6,1,2,false,true,0,2,0,2,12,2,a=None|b=None,candidate=Drive|return=Modulatory,a2|b1,225,2,0,10,1,992,11758136545074111567,3347529154116801670,true,true,true,true,true,true,true,true,true,true,true,true,true,true,true
7127,S03,px1,no-support,2047004802809856,0,0,1,1,1,1,true,true,0,0,0,0,0,0,a=None|b=None,candidate=Drive|return=Modulatory,a1|b1,0,0,0,0,0,992,9703131999779805940,12245456593996274628,true,true,true,true,true,true,true,true,true,true,true,true,true,true,true
7127,S03,px1,participation-return-blocked,2047004803858432,0,0,0,1,1,1,false,true,1,0,2,0,9,0,a=None|b=None,candidate=Drive|return=Modulatory,a2|b1,136,0,0,7,1,992,4964703439888807524,9682814676033968759,true,true,true,true,true,true,true,true,true,true,true,true,true,true,true
7127,S03,px1,return-without-participation,2047004804907008,0,0,0,0,1,1,false,false,0,0,0,0,2,2,a=None|b=None,candidate=Drive|return=Modulatory,a2|b2,51,0,0,2,2,992,14390238358612084006,16632307764791681901,true,true,true,true,true,true,true,true,true,true,true,true,true,true,true
7127,S03,px1,joint-participation,2047004805955584,1,1,6,6,2,2,true,true,2,2,2,2,24,4,a=None|b=None,candidate=Drive|return=Modulatory,a1|b1,528,4,0,20,0,992,17836308567022010358,10599987135689510256,true,true,true,true,true,true,true,true,true,true,true,true,true,true,true
7127,S03,px2,forward-traversal-return,2047004817489920,1,0,6,0,2,1,true,false,2,0,2,0,12,2,a=None|b=None,candidate=Drive|return=Modulatory,a1|b2,225,2,0,10,1,992,11775851855247305219,3180843507899925928,true,true,true,true,true,true,true,true,true,true,true,true,true,true,true
7127,S03,px2,reverse-traversal-return,2047004818538496,0,1,0,6,1,2,false,true,0,2,0,2,12,2,a=None|b=None,candidate=Drive|return=Modulatory,a2|b1,225,2,0,10,1,992,13825438239154916141,3329368670643857356,true,true,true,true,true,true,true,true,true,true,true,true,true,true,true
7127,S03,px2,correlation-without-traversal,2047004819587072,0,0,0,0,1,1,false,false,0,0,0,0,12,12,a=None|b=None,candidate=Drive|return=Modulatory,a2|b2,396,0,0,12,2,992,11289714261878974701,15438283094519358446,true,true,true,true,true,true,true,true,true,true,true,true,true,true,true
7127,S03,px2,forward-return-blocked,2047004820635648,0,0,0,1,1,1,false,true,1,0,2,0,9,0,a=None|b=None,candidate=Drive|return=Modulatory,a2|b1,136,0,0,7,1,992,12217106431090178486,8284968977157000565,true,true,true,true,true,true,true,true,true,true,true,true,true,true,true
7127,S03,px2,joint-traversal-return,2047004821684224,1,1,6,6,2,2,true,true,2,2,2,2,24,4,a=None|b=None,candidate=Drive|return=Modulatory,a1|b1,528,4,0,20,0,992,960949913564321588,7729667265390668002,true,true,true,true,true,true,true,true,true,true,true,true,true,true,true
7127,S03,px2,forward-with-wrong-way-observation,2047004822732800,1,0,6,0,2,1,true,false,2,0,2,0,18,8,a=None|b=None,candidate=Drive|return=Modulatory,a1|b2,470,2,0,16,1,992,343949827172513510,9839177021469886003,true,true,true,true,true,true,true,true,true,true,true,true,true,true,true
7127,S03,px2,reverse-with-wrong-way-observation,2047004823781376,0,1,0,6,1,2,false,true,0,2,0,2,18,8,a=None|b=None,candidate=Drive|return=Modulatory,a2|b1,470,2,0,16,1,992,9313839637378298232,14352125271880511615,true,true,true,true,true,true,true,true,true,true,true,true,true,true,true
7129,S04,law,ordinary-drive-after-participation,2047005304029184,0,0,1,1,1,1,true,true,1,0,1,0,7,0,a=Some(4)|b=None,candidate=Drive|return=Modulatory|distractors=Drive,a1|b1,135,0,0,5,0,1888,6440578891749360821,1869630403220702331,true,true,true,true,true,true,true,true,true,true,true,true,true,true,true
7129,S04,law,modulation-without-eligibility,2047005305077760,0,0,1,1,1,1,true,true,0,0,0,0,1,1,a=None|b=None,candidate=Drive|return=Modulatory|distractors=Drive,a1|b1,27,0,0,1,0,1888,7867968158634258294,5534755664367206907,true,true,true,true,true,true,true,true,true,true,true,true,true,true,true
7129,S04,law,timely-modulatory-return,2047005306126336,1,0,4,1,2,1,true,true,1,0,1,0,6,1,a=None|b=None,candidate=Drive|return=Modulatory|distractors=Drive,a1|b1,136,1,0,5,0,1888,15709260831808189835,3393077608682958317,true,true,true,true,true,true,true,true,true,true,true,true,true,true,true
7129,S04,law,strong-modulation-does-not-excite,2047005307174912,0,0,1,1,1,1,true,true,0,0,0,0,1,1,a=None|b=None,strong_return=Modulatory:coupling4|candidate=Drive,a1|b1,28,0,0,1,0,2000,9515766708544258139,9460634264441993176,true,true,true,true,true,true,true,true,true,true,true,true,true,true,true
7129,S04,law,dense-ordinary-nonleakage,2047005308223488,0,0,1,1,1,1,true,true,2,1,2,1,23,0,a=Some(5)|b=Some(5),candidate=Drive|return=Modulatory|distractors=Drive,a1|b1,520,0,0,16,0,1888,3929486620713021525,8649220815579889019,true,true,true,true,true,true,true,true,true,true,true,true,true,true,true
7129,S04,law,fixed-routes-r0-drive-r1-modulatory,2047005309272064,1,0,4,1,2,1,true,true,1,0,1,0,8,1,a=None|b=None,r0=Drive|r1=Modulatory|candidate=Drive,a1|b1,185,1,0,6,0,2112,10352711361423023845,432966009000080697,true,true,true,true,true,true,true,true,true,true,true,true,true,true,true
7129,S04,law,fixed-routes-r0-modulatory-r1-drive,2047005310320640,1,0,4,1,2,1,true,true,1,0,1,0,8,1,a=None|b=None,r0=Modulatory|r1=Drive|candidate=Drive,a1|b1,185,1,0,6,0,2112,10893319550894559709,6851279534570360841,true,true,true,true,true,true,true,true,true,true,true,true,true,true,true
7129,S04,law,two-completed-modulatory-returns,2047005311369216,1,0,6,0,2,1,true,false,2,0,2,0,12,2,a=None|b=None,candidate=Drive|return=Modulatory|distractors=Drive,a1|b2,313,2,0,10,1,1888,1725606896977888862,5987655678370257389,true,true,true,true,true,true,true,true,true,true,true,true,true,true,true
7129,S04,law,two-local-eligible-candidates,2047005312417792,1,1,4,4,2,2,true,true,1,1,1,0,7,1,a=None|b=None,candidate=Drive|return=Modulatory|distractors=Drive,a1|b1,171,2,0,6,0,2000,12533876452166675438,15071101226389364518,true,true,true,true,true,true,true,true,true,true,true,true,true,true,true
7129,S04,law,expired-eligibility-modulation,2047005313466368,0,0,0,1,1,1,false,true,1,0,1,0,6,1,a=None|b=None,candidate=Drive|return=Modulatory|distractors=Drive,a2|b1,137,0,0,5,1,1888,12114113428494860760,12996003740416248248,true,true,true,true,true,true,true,true,true,true,true,true,true,true,true
7129,S04,law,simultaneous-drive-and-modulation,2047005314514944,1,0,4,1,2,1,true,true,2,0,2,0,11,1,a=Some(8)|b=None,candidate=Drive|return=Modulatory|distractors=Drive,a1|b1,252,1,0,9,0,1888,9080687636113412856,4305578326056542701,true,true,true,true,true,true,true,true,true,true,true,true,true,true,true
7129,S04,law,dense-parallel-crossed-routes,2047005315563520,1,0,4,1,2,1,true,true,2,2,2,2,29,1,a=None|b=Some(5),candidate=Drive|return=Modulatory|distractors=Drive,a1|b1,729,1,0,21,0,1888,241519397937135645,17745878321886447949,true,true,true,true,true,true,true,true,true,true,true,true,true,true,true
7129,S04,px0,acquisition,2047005320806400,0,0,11,0,2,1,true,false,4,0,4,0,24,4,a=None|b=None,candidate=Drive|return=Modulatory,a1|b2,535,4,0,20,1,992,10961781523520534061,5663660336679611970,true,true,true,true,true,true,true,true,true,true,true,true,true,true,true
7129,S04,px0,probation,2047005321854976,0,0,0,0,2,1,false,false,1,0,1,0,6,1,a=None|b=None,candidate=Drive|return=Modulatory,a2|b2,109,1,0,5,2,992,4143528722357504448,17763510893245023621,true,true,true,true,true,true,true,true,true,true,true,true,true,true,true
7129,S04,px0,stable-return-specificity,2047005322903552,0,0,4,1,2,1,true,true,1,1,1,1,11,1,a=None|b=Some(4),candidate=Drive|return=Modulatory,a1|b1,180,1,0,9,0,992,2810385249041204536,303339776601649487,true,true,true,true,true,true,true,true,true,true,true,true,true,true,true
7129,S04,px0,forgetting,2047005323952128,0,0,0,0,2,1,false,false,4,0,4,0,24,4,a=None|b=None,candidate=Drive|return=Modulatory,a2|b2,553,4,0,20,2,992,10684662636651638430,18295874054082018822,true,true,true,true,true,true,true,true,true,true,true,true,true,true,true
7129,S04,px0,fresh-reproposal,2047005325000704,0,0,1,0,1,0,true,false,4,0,2,0,7,0,fresh=Some(15),candidate=Drive|return=Modulatory,old2|fresh6,85,0,0,6,1,560,9487558415181040529,6329791543933231127,true,true,true,true,true,true,true,true,true,true,true,true,true,true,true
7129,S04,px0,reacquisition,2047005326049280,0,0,11,0,2,0,true,false,11,0,5,0,17,4,fresh=None,candidate=Drive|return=Modulatory,old2|fresh6,276,4,0,16,1,560,12269418927611204373,2976920888127759923,true,true,true,true,true,true,true,true,true,true,true,true,true,true,true
7129,S04,px1,support-a,2047005337583616,1,0,6,0,2,1,true,false,2,0,2,0,12,2,a=None|b=None,candidate=Drive|return=Modulatory,a1|b2,225,2,0,10,1,992,4073539319660440242,12987227081380773457,true,true,true,true,true,true,true,true,true,true,true,true,true,true,true
7129,S04,px1,support-b,2047005338632192,0,1,0,6,1,2,false,true,0,2,0,2,12,2,a=None|b=None,candidate=Drive|return=Modulatory,a2|b1,225,2,0,10,1,992,15995299996231502222,17394316412227833749,true,true,true,true,true,true,true,true,true,true,true,true,true,true,true
7129,S04,px1,no-support,2047005339680768,0,0,1,1,1,1,true,true,0,0,0,0,0,0,a=None|b=None,candidate=Drive|return=Modulatory,a1|b1,0,0,0,0,0,992,7135845673917031695,18393040894765097663,true,true,true,true,true,true,true,true,true,true,true,true,true,true,true
7129,S04,px1,participation-return-blocked,2047005340729344,0,0,0,1,1,1,false,true,1,0,2,0,9,0,a=None|b=None,candidate=Drive|return=Modulatory,a2|b1,136,0,0,7,1,992,9666471245647094643,16402252815538642100,true,true,true,true,true,true,true,true,true,true,true,true,true,true,true
7129,S04,px1,return-without-participation,2047005341777920,0,0,0,0,1,1,false,false,0,0,0,0,2,2,a=None|b=None,candidate=Drive|return=Modulatory,a2|b2,51,0,0,2,2,992,11702125632064052257,7150947458046015078,true,true,true,true,true,true,true,true,true,true,true,true,true,true,true
7129,S04,px1,joint-participation,2047005342826496,1,1,6,6,2,2,true,true,2,2,2,2,24,4,a=None|b=None,candidate=Drive|return=Modulatory,a1|b1,528,4,0,20,0,992,3979593819091341699,11360368369218514115,true,true,true,true,true,true,true,true,true,true,true,true,true,true,true
7129,S04,px2,forward-traversal-return,2047005354360832,1,0,6,0,2,1,true,false,2,0,2,0,12,2,a=None|b=None,candidate=Drive|return=Modulatory,a1|b2,225,2,0,10,1,992,4831447718962902076,6862206309827514451,true,true,true,true,true,true,true,true,true,true,true,true,true,true,true
7129,S04,px2,reverse-traversal-return,2047005355409408,0,1,0,6,1,2,false,true,0,2,0,2,12,2,a=None|b=None,candidate=Drive|return=Modulatory,a2|b1,225,2,0,10,1,992,17900766196634496636,12135251340527355455,true,true,true,true,true,true,true,true,true,true,true,true,true,true,true
7129,S04,px2,correlation-without-traversal,2047005356457984,0,0,0,0,1,1,false,false,0,0,0,0,12,12,a=None|b=None,candidate=Drive|return=Modulatory,a2|b2,376,0,0,12,2,992,12933127337463354484,16256366996450878949,true,true,true,true,true,true,true,true,true,true,true,true,true,true,true
7129,S04,px2,forward-return-blocked,2047005357506560,0,0,0,1,1,1,false,true,1,0,2,0,9,0,a=None|b=None,candidate=Drive|return=Modulatory,a2|b1,136,0,0,7,1,992,5658321449533653201,7920427773776186326,true,true,true,true,true,true,true,true,true,true,true,true,true,true,true
7129,S04,px2,joint-traversal-return,2047005358555136,1,1,6,6,2,2,true,true,2,2,2,2,24,4,a=None|b=None,candidate=Drive|return=Modulatory,a1|b1,528,4,0,20,0,992,11142062448478827753,3491960905553849121,true,true,true,true,true,true,true,true,true,true,true,true,true,true,true
7129,S04,px2,forward-with-wrong-way-observation,2047005359603712,1,0,6,0,2,1,true,false,2,0,2,0,18,8,a=None|b=None,candidate=Drive|return=Modulatory,a1|b2,455,2,0,16,1,992,3402532552739778720,14717294729416240848,true,true,true,true,true,true,true,true,true,true,true,true,true,true,true
7129,S04,px2,reverse-with-wrong-way-observation,2047005360652288,0,1,0,6,1,2,false,true,0,2,0,2,18,8,a=None|b=None,candidate=Drive|return=Modulatory,a2|b1,455,2,0,16,1,992,450064586225844314,18310629048867928396,true,true,true,true,true,true,true,true,true,true,true,true,true,true,true
7151,S05,law,ordinary-drive-after-participation,2047011209609216,0,0,1,1,1,1,true,true,1,0,1,0,7,0,a=Some(4)|b=None,candidate=Drive|return=Modulatory|distractors=Drive,a1|b1,175,0,0,5,0,2784,12132669473069870385,6232393716623858735,true,true,true,true,true,true,true,true,true,true,true,true,true,true,true
7151,S05,law,modulation-without-eligibility,2047011210657792,0,0,1,1,1,1,true,true,0,0,0,0,1,1,a=None|b=None,candidate=Drive|return=Modulatory|distractors=Drive,a1|b1,35,0,0,1,0,2784,17550337230240673510,15931508964848268111,true,true,true,true,true,true,true,true,true,true,true,true,true,true,true
7151,S05,law,timely-modulatory-return,2047011211706368,1,0,4,1,2,1,true,true,1,0,1,0,6,1,a=None|b=None,candidate=Drive|return=Modulatory|distractors=Drive,a1|b1,176,1,0,5,0,2784,17038780659681091699,11219332959828034625,true,true,true,true,true,true,true,true,true,true,true,true,true,true,true
7151,S05,law,strong-modulation-does-not-excite,2047011212754944,0,0,1,1,1,1,true,true,0,0,0,0,1,1,a=None|b=None,strong_return=Modulatory:coupling4|candidate=Drive,a1|b1,36,0,0,1,0,2896,1136233488415798272,17934222164386713991,true,true,true,true,true,true,true,true,true,true,true,true,true,true,true
7151,S05,law,dense-ordinary-nonleakage,2047011213803520,0,0,1,1,1,1,true,true,2,1,2,1,39,0,a=Some(5)|b=Some(5),candidate=Drive|return=Modulatory|distractors=Drive,a1|b1,1184,0,0,24,0,2784,3025845906058776465,3138237197103920431,true,true,true,true,true,true,true,true,true,true,true,true,true,true,true
7151,S05,law,fixed-routes-r0-drive-r1-modulatory,2047011214852096,1,0,4,1,2,1,true,true,1,0,1,0,8,1,a=None|b=None,r0=Drive|r1=Modulatory|candidate=Drive,a1|b1,233,1,0,6,0,3008,11656884742697993501,173542909190016527,true,true,true,true,true,true,true,true,true,true,true,true,true,true,true
7151,S05,law,fixed-routes-r0-modulatory-r1-drive,2047011215900672,1,0,4,1,2,1,true,true,1,0,1,0,8,1,a=None|b=None,r0=Modulatory|r1=Drive|candidate=Drive,a1|b1,233,1,0,6,0,3008,9340126123838734505,10040889535756278871,true,true,true,true,true,true,true,true,true,true,true,true,true,true,true
7151,S05,law,two-completed-modulatory-returns,2047011216949248,1,0,6,0,2,1,true,false,2,0,2,0,12,2,a=None|b=None,candidate=Drive|return=Modulatory|distractors=Drive,a1|b2,401,2,0,10,1,2784,13544047118055704334,11320702275023664545,true,true,true,true,true,true,true,true,true,true,true,true,true,true,true
7151,S05,law,two-local-eligible-candidates,2047011217997824,1,1,4,4,2,2,true,true,1,1,1,0,7,1,a=None|b=None,candidate=Drive|return=Modulatory|distractors=Drive,a1|b1,219,2,0,6,0,2896,6794461124820457297,11608723050822921141,true,true,true,true,true,true,true,true,true,true,true,true,true,true,true
7151,S05,law,expired-eligibility-modulation,2047011219046400,0,0,0,1,1,1,false,true,1,0,1,0,6,1,a=None|b=None,candidate=Drive|return=Modulatory|distractors=Drive,a2|b1,177,0,0,5,1,2784,18144434473722676568,14670776116016174108,true,true,true,true,true,true,true,true,true,true,true,true,true,true,true
7151,S05,law,simultaneous-drive-and-modulation,2047011220094976,1,0,4,1,2,1,true,true,2,0,2,0,11,1,a=Some(8)|b=None,candidate=Drive|return=Modulatory|distractors=Drive,a1|b1,324,1,0,9,0,2784,13792016526996152928,2250237518240592961,true,true,true,true,true,true,true,true,true,true,true,true,true,true,true
7151,S05,law,dense-parallel-crossed-routes,2047011221143552,1,0,4,1,2,1,true,true,2,2,2,2,45,1,a=None|b=Some(5),candidate=Drive|return=Modulatory|distractors=Drive,a1|b1,1489,1,0,29,0,2784,5117615474802258587,10850911019176143041,true,true,true,true,true,true,true,true,true,true,true,true,true,true,true
7151,S05,px0,acquisition,2047011226386432,0,0,11,0,2,1,true,false,4,0,4,0,24,4,a=None|b=None,candidate=Drive|return=Modulatory,a1|b2,535,4,0,20,1,992,361057984380433744,17605134278692949807,true,true,true,true,true,true,true,true,true,true,true,true,true,true,true
7151,S05,px0,probation,2047011227435008,0,0,0,0,2,1,false,false,1,0,1,0,6,1,a=None|b=None,candidate=Drive|return=Modulatory,a2|b2,109,1,0,5,2,992,13528498016900616268,2287507874574460008,true,true,true,true,true,true,true,true,true,true,true,true,true,true,true
7151,S05,px0,stable-return-specificity,2047011228483584,0,0,4,1,2,1,true,true,1,1,1,1,11,1,a=None|b=Some(4),candidate=Drive|return=Modulatory,a1|b1,180,1,0,9,0,992,16776444158579447345,13085684305393355338,true,true,true,true,true,true,true,true,true,true,true,true,true,true,true
7151,S05,px0,forgetting,2047011229532160,0,0,0,0,2,1,false,false,4,0,4,0,24,4,a=None|b=None,candidate=Drive|return=Modulatory,a2|b2,553,4,0,20,2,992,3801265394829110574,16644466183416677979,true,true,true,true,true,true,true,true,true,true,true,true,true,true,true
7151,S05,px0,fresh-reproposal,2047011230580736,0,0,1,0,1,0,true,false,4,0,2,0,7,0,fresh=Some(15),candidate=Drive|return=Modulatory,old2|fresh6,85,0,0,6,1,560,6047327873428489871,17841546383930901809,true,true,true,true,true,true,true,true,true,true,true,true,true,true,true
7151,S05,px0,reacquisition,2047011231629312,0,0,11,0,2,0,true,false,11,0,5,0,17,4,fresh=None,candidate=Drive|return=Modulatory,old2|fresh6,276,4,0,16,1,560,13735214217713571633,28451755453605069,true,true,true,true,true,true,true,true,true,true,true,true,true,true,true
7151,S05,px1,support-a,2047011243163648,1,0,6,0,2,1,true,false,2,0,2,0,12,2,a=None|b=None,candidate=Drive|return=Modulatory,a1|b2,225,2,0,10,1,992,12343943492019543891,8211624059230425704,true,true,true,true,true,true,true,true,true,true,true,true,true,true,true
7151,S05,px1,support-b,2047011244212224,0,1,0,6,1,2,false,true,0,2,0,2,12,2,a=None|b=None,candidate=Drive|return=Modulatory,a2|b1,225,2,0,10,1,992,12980031790308539813,9514544052431324012,true,true,true,true,true,true,true,true,true,true,true,true,true,true,true
7151,S05,px1,no-support,2047011245260800,0,0,1,1,1,1,true,true,0,0,0,0,0,0,a=None|b=None,candidate=Drive|return=Modulatory,a1|b1,0,0,0,0,0,992,9209107292433684102,4346539645086068230,true,true,true,true,true,true,true,true,true,true,true,true,true,true,true
7151,S05,px1,participation-return-blocked,2047011246309376,0,0,0,1,1,1,false,true,1,0,2,0,9,0,a=None|b=None,candidate=Drive|return=Modulatory,a2|b1,136,0,0,7,1,992,10621808775800169362,5939172533125070741,true,true,true,true,true,true,true,true,true,true,true,true,true,true,true
7151,S05,px1,return-without-participation,2047011247357952,0,0,0,0,1,1,false,false,0,0,0,0,2,2,a=None|b=None,candidate=Drive|return=Modulatory,a2|b2,51,0,0,2,2,992,12224531136715364480,5813249796666966079,true,true,true,true,true,true,true,true,true,true,true,true,true,true,true
7151,S05,px1,joint-participation,2047011248406528,1,1,6,6,2,2,true,true,2,2,2,2,24,4,a=None|b=None,candidate=Drive|return=Modulatory,a1|b1,528,4,0,20,0,992,7193867105651756664,512006325200168658,true,true,true,true,true,true,true,true,true,true,true,true,true,true,true
7151,S05,px2,forward-traversal-return,2047011259940864,1,0,6,0,2,1,true,false,2,0,2,0,12,2,a=None|b=None,candidate=Drive|return=Modulatory,a1|b2,225,2,0,10,1,992,16120059074435138973,15873314819636107918,true,true,true,true,true,true,true,true,true,true,true,true,true,true,true
7151,S05,px2,reverse-traversal-return,2047011260989440,0,1,0,6,1,2,false,true,0,2,0,2,12,2,a=None|b=None,candidate=Drive|return=Modulatory,a2|b1,225,2,0,10,1,992,1379882304052492963,8887159042287498594,true,true,true,true,true,true,true,true,true,true,true,true,true,true,true
7151,S05,px2,correlation-without-traversal,2047011262038016,0,0,0,0,1,1,false,false,0,0,0,0,12,12,a=None|b=None,candidate=Drive|return=Modulatory,a2|b2,376,0,0,12,2,992,1661334316533434267,11608428501221347312,true,true,true,true,true,true,true,true,true,true,true,true,true,true,true
7151,S05,px2,forward-return-blocked,2047011263086592,0,0,0,1,1,1,false,true,1,0,2,0,9,0,a=None|b=None,candidate=Drive|return=Modulatory,a2|b1,136,0,0,7,1,992,2471238963847830876,14390930260572734003,true,true,true,true,true,true,true,true,true,true,true,true,true,true,true
7151,S05,px2,joint-traversal-return,2047011264135168,1,1,6,6,2,2,true,true,2,2,2,2,24,4,a=None|b=None,candidate=Drive|return=Modulatory,a1|b1,528,4,0,20,0,992,6322988787217415250,16736118299647795508,true,true,true,true,true,true,true,true,true,true,true,true,true,true,true
7151,S05,px2,forward-with-wrong-way-observation,2047011265183744,1,0,6,0,2,1,true,false,2,0,2,0,18,8,a=None|b=None,candidate=Drive|return=Modulatory,a1|b2,460,2,0,16,1,992,5582269309210124590,2853751074908425613,true,true,true,true,true,true,true,true,true,true,true,true,true,true,true
7151,S05,px2,reverse-with-wrong-way-observation,2047011266232320,0,1,0,6,1,2,false,true,0,2,0,2,18,8,a=None|b=None,candidate=Drive|return=Modulatory,a2|b1,460,2,0,16,1,992,7833812053208419324,9956215854069430209,true,true,true,true,true,true,true,true,true,true,true,true,true,true,true
7159,S06,law,ordinary-drive-after-participation,2047013357092864,0,0,1,1,1,1,true,true,1,0,1,0,7,0,a=Some(4)|b=None,candidate=Drive|return=Modulatory|distractors=Drive,a1|b1,255,0,0,5,0,4576,6270070825428487011,2092725568084824621,true,true,true,true,true,true,true,true,true,true,true,true,true,true,true
7159,S06,law,modulation-without-eligibility,2047013358141440,0,0,1,1,1,1,true,true,0,0,0,0,1,1,a=None|b=None,candidate=Drive|return=Modulatory|distractors=Drive,a1|b1,51,0,0,1,0,4576,9140192758830430396,8067383912175566669,true,true,true,true,true,true,true,true,true,true,true,true,true,true,true
7159,S06,law,timely-modulatory-return,2047013359190016,1,0,4,1,2,1,true,true,1,0,1,0,6,1,a=None|b=None,candidate=Drive|return=Modulatory|distractors=Drive,a1|b1,256,1,0,5,0,4576,8789516708418799153,16836352996664129435,true,true,true,true,true,true,true,true,true,true,true,true,true,true,true
7159,S06,law,strong-modulation-does-not-excite,2047013360238592,0,0,1,1,1,1,true,true,0,0,0,0,1,1,a=None|b=None,strong_return=Modulatory:coupling4|candidate=Drive,a1|b1,52,0,0,1,0,4688,11681717402869539955,7416025062276456360,true,true,true,true,true,true,true,true,true,true,true,true,true,true,true
7159,S06,law,dense-ordinary-nonleakage,2047013361287168,0,0,1,1,1,1,true,true,2,1,2,1,71,0,a=Some(5)|b=Some(5),candidate=Drive|return=Modulatory|distractors=Drive,a1|b1,3280,0,0,40,0,4576,12020643836197172395,8705414306004374061,true,true,true,true,true,true,true,true,true,true,true,true,true,true,true
7159,S06,law,fixed-routes-r0-drive-r1-modulatory,2047013362335744,1,0,4,1,2,1,true,true,1,0,1,0,8,1,a=None|b=None,r0=Drive|r1=Modulatory|candidate=Drive,a1|b1,329,1,0,6,0,4800,10331015660984461951,2091402904285376523,true,true,true,true,true,true,true,true,true,true,true,true,true,true,true
7159,S06,law,fixed-routes-r0-modulatory-r1-drive,2047013363384320,1,0,4,1,2,1,true,true,1,0,1,0,8,1,a=None|b=None,r0=Modulatory|r1=Drive|candidate=Drive,a1|b1,329,1,0,6,0,4800,8148631655869406103,7008884778788012079,true,true,true,true,true,true,true,true,true,true,true,true,true,true,true
7159,S06,law,two-completed-modulatory-returns,2047013364432896,1,0,6,0,2,1,true,false,2,0,2,0,12,2,a=None|b=None,candidate=Drive|return=Modulatory|distractors=Drive,a1|b2,577,2,0,10,1,4576,18416683642589469748,17729075375337516811,true,true,true,true,true,true,true,true,true,true,true,true,true,true,true
7159,S06,law,two-local-eligible-candidates,2047013365481472,1,1,4,4,2,2,true,true,1,1,1,0,7,1,a=None|b=None,candidate=Drive|return=Modulatory|distractors=Drive,a1|b1,315,2,0,6,0,4688,3340364153514756502,6404489688545548714,true,true,true,true,true,true,true,true,true,true,true,true,true,true,true
7159,S06,law,expired-eligibility-modulation,2047013366530048,0,0,0,1,1,1,false,true,1,0,1,0,6,1,a=None|b=None,candidate=Drive|return=Modulatory|distractors=Drive,a2|b1,257,0,0,5,1,4576,13332370594252133426,17566269168314329214,true,true,true,true,true,true,true,true,true,true,true,true,true,true,true
7159,S06,law,simultaneous-drive-and-modulation,2047013367578624,1,0,4,1,2,1,true,true,2,0,2,0,11,1,a=Some(8)|b=None,candidate=Drive|return=Modulatory|distractors=Drive,a1|b1,468,1,0,9,0,4576,13026291264075471730,13033447608477928859,true,true,true,true,true,true,true,true,true,true,true,true,true,true,true
7159,S06,law,dense-parallel-crossed-routes,2047013368627200,1,0,4,1,2,1,true,true,2,2,2,2,77,1,a=None|b=Some(5),candidate=Drive|return=Modulatory|distractors=Drive,a1|b1,3809,1,0,45,0,4576,11679838494640421033,11033824335016951355,true,true,true,true,true,true,true,true,true,true,true,true,true,true,true
7159,S06,px0,acquisition,2047013373870080,0,0,11,0,2,1,true,false,4,0,4,0,24,4,a=None|b=None,candidate=Drive|return=Modulatory,a1|b2,535,4,0,20,1,992,1549724268258201261,7239688623560076910,true,true,true,true,true,true,true,true,true,true,true,true,true,true,true
7159,S06,px0,probation,2047013374918656,0,0,0,0,2,1,false,false,1,0,1,0,6,1,a=None|b=None,candidate=Drive|return=Modulatory,a2|b2,109,1,0,5,2,992,11627689404819605414,3339068437171262537,true,true,true,true,true,true,true,true,true,true,true,true,true,true,true
7159,S06,px0,stable-return-specificity,2047013375967232,0,0,4,1,2,1,true,true,1,1,1,1,11,1,a=None|b=Some(4),candidate=Drive|return=Modulatory,a1|b1,180,1,0,9,0,992,9513304348005967868,11447022846947396675,true,true,true,true,true,true,true,true,true,true,true,true,true,true,true
7159,S06,px0,forgetting,2047013377015808,0,0,0,0,2,1,false,false,4,0,4,0,24,4,a=None|b=None,candidate=Drive|return=Modulatory,a2|b2,553,4,0,20,2,992,9981804318449667172,12362893061357351314,true,true,true,true,true,true,true,true,true,true,true,true,true,true,true
7159,S06,px0,fresh-reproposal,2047013378064384,0,0,1,0,1,0,true,false,4,0,2,0,7,0,fresh=Some(15),candidate=Drive|return=Modulatory,old2|fresh6,85,0,0,6,1,560,8368398559873178597,7947781136507653907,true,true,true,true,true,true,true,true,true,true,true,true,true,true,true
7159,S06,px0,reacquisition,2047013379112960,0,0,11,0,2,0,true,false,11,0,5,0,17,4,fresh=None,candidate=Drive|return=Modulatory,old2|fresh6,280,4,0,16,1,560,14680840620229367933,8245832188798206879,true,true,true,true,true,true,true,true,true,true,true,true,true,true,true
7159,S06,px1,support-a,2047013390647296,1,0,6,0,2,1,true,false,2,0,2,0,12,2,a=None|b=None,candidate=Drive|return=Modulatory,a1|b2,225,2,0,10,1,992,15932811003752157982,9254547004417959933,true,true,true,true,true,true,true,true,true,true,true,true,true,true,true
7159,S06,px1,support-b,2047013391695872,0,1,0,6,1,2,false,true,0,2,0,2,12,2,a=None|b=None,candidate=Drive|return=Modulatory,a2|b1,225,2,0,10,1,992,17655365991445786258,9246122121039623937,true,true,true,true,true,true,true,true,true,true,true,true,true,true,true
7159,S06,px1,no-support,2047013392744448,0,0,1,1,1,1,true,true,0,0,0,0,0,0,a=None|b=None,candidate=Drive|return=Modulatory,a1|b1,0,0,0,0,0,992,5100536634190931707,11223037037364596171,true,true,true,true,true,true,true,true,true,true,true,true,true,true,true
7159,S06,px1,participation-return-blocked,2047013393793024,0,0,0,1,1,1,false,true,1,0,2,0,9,0,a=None|b=None,candidate=Drive|return=Modulatory,a2|b1,136,0,0,7,1,992,11674905033816306395,15689766244477841776,true,true,true,true,true,true,true,true,true,true,true,true,true,true,true
7159,S06,px1,return-without-participation,2047013394841600,0,0,0,0,1,1,false,false,0,0,0,0,2,2,a=None|b=None,candidate=Drive|return=Modulatory,a2|b2,51,0,0,2,2,992,17983649201532544177,1074385149538510762,true,true,true,true,true,true,true,true,true,true,true,true,true,true,true
7159,S06,px1,joint-participation,2047013395890176,1,1,6,6,2,2,true,true,2,2,2,2,24,4,a=None|b=None,candidate=Drive|return=Modulatory,a1|b1,528,4,0,20,0,992,6597220112038679615,17487632517823973191,true,true,true,true,true,true,true,true,true,true,true,true,true,true,true
7159,S06,px2,forward-traversal-return,2047013407424512,1,0,6,0,2,1,true,false,2,0,2,0,12,2,a=None|b=None,candidate=Drive|return=Modulatory,a1|b2,225,2,0,10,1,992,8486824857774405084,15065354768999023615,true,true,true,true,true,true,true,true,true,true,true,true,true,true,true
7159,S06,px2,reverse-traversal-return,2047013408473088,0,1,0,6,1,2,false,true,0,2,0,2,12,2,a=None|b=None,candidate=Drive|return=Modulatory,a2|b1,225,2,0,10,1,992,17866818666377781040,11157597929806262763,true,true,true,true,true,true,true,true,true,true,true,true,true,true,true
7159,S06,px2,correlation-without-traversal,2047013409521664,0,0,0,0,1,1,false,false,0,0,0,0,12,12,a=None|b=None,candidate=Drive|return=Modulatory,a2|b2,396,0,0,12,2,992,11664902201455450612,18273862617580669177,true,true,true,true,true,true,true,true,true,true,true,true,true,true,true
7159,S06,px2,forward-return-blocked,2047013410570240,0,0,0,1,1,1,false,true,1,0,2,0,9,0,a=None|b=None,candidate=Drive|return=Modulatory,a2|b1,136,0,0,7,1,992,4513523191210315985,5544063177948002674,true,true,true,true,true,true,true,true,true,true,true,true,true,true,true
7159,S06,px2,joint-traversal-return,2047013411618816,1,1,6,6,2,2,true,true,2,2,2,2,24,4,a=None|b=None,candidate=Drive|return=Modulatory,a1|b1,528,4,0,20,0,992,14042256100578147545,5733462859061939845,true,true,true,true,true,true,true,true,true,true,true,true,true,true,true
7159,S06,px2,forward-with-wrong-way-observation,2047013412667392,1,0,6,0,2,1,true,false,2,0,2,0,18,8,a=None|b=None,candidate=Drive|return=Modulatory,a1|b2,465,2,0,16,1,992,4907075298455873686,2029138052618799444,true,true,true,true,true,true,true,true,true,true,true,true,true,true,true
7159,S06,px2,reverse-with-wrong-way-observation,2047013413715968,0,1,0,6,1,2,false,true,0,2,0,2,18,8,a=None|b=None,candidate=Drive|return=Modulatory,a2|b1,465,2,0,16,1,992,6307847624353196908,10315139052147667544,true,true,true,true,true,true,true,true,true,true,true,true,true,true,true
7177,S07,law,ordinary-drive-after-participation,2047018188931072,0,0,1,1,1,1,true,true,1,0,1,0,7,0,a=Some(4)|b=None,candidate=Drive|return=Modulatory|distractors=Drive,a1|b1,415,0,0,5,0,8160,408112899864059162,3071051966997428208,true,true,true,true,true,true,true,true,true,true,true,true,true,true,true
7177,S07,law,modulation-without-eligibility,2047018189979648,0,0,1,1,1,1,true,true,0,0,0,0,1,1,a=None|b=None,candidate=Drive|return=Modulatory|distractors=Drive,a1|b1,83,0,0,1,0,8160,16030293646315271361,10419576809629050160,true,true,true,true,true,true,true,true,true,true,true,true,true,true,true
7177,S07,law,timely-modulatory-return,2047018191028224,1,0,4,1,2,1,true,true,1,0,1,0,6,1,a=None|b=None,candidate=Drive|return=Modulatory|distractors=Drive,a1|b1,416,1,0,5,0,8160,1167902156837893444,13157253825474014574,true,true,true,true,true,true,true,true,true,true,true,true,true,true,true
7177,S07,law,strong-modulation-does-not-excite,2047018192076800,0,0,1,1,1,1,true,true,0,0,0,0,1,1,a=None|b=None,strong_return=Modulatory:coupling4|candidate=Drive,a1|b1,84,0,0,1,0,8272,4045883581273708829,17004743927813064610,true,true,true,true,true,true,true,true,true,true,true,true,true,true,true
7177,S07,law,dense-ordinary-nonleakage,2047018193125376,0,0,1,1,1,1,true,true,2,1,2,1,135,0,a=Some(5)|b=Some(5),candidate=Drive|return=Modulatory|distractors=Drive,a1|b1,10544,0,0,72,0,8160,7259814473479810618,14408709556079436400,true,true,true,true,true,true,true,true,true,true,true,true,true,true,true
7177,S07,law,fixed-routes-r0-drive-r1-modulatory,2047018194173952,1,0,4,1,2,1,true,true,1,0,1,0,8,1,a=None|b=None,r0=Drive|r1=Modulatory|candidate=Drive,a1|b1,521,1,0,6,0,8384,8108681991798814922,18126342512026022644,true,true,true,true,true,true,true,true,true,true,true,true,true,true,true
7177,S07,law,fixed-routes-r0-modulatory-r1-drive,2047018195222528,1,0,4,1,2,1,true,true,1,0,1,0,8,1,a=None|b=None,r0=Modulatory|r1=Drive|candidate=Drive,a1|b1,521,1,0,6,0,8384,5496178456895782854,11659200205425047168,true,true,true,true,true,true,true,true,true,true,true,true,true,true,true
7177,S07,law,two-completed-modulatory-returns,2047018196271104,1,0,6,0,2,1,true,false,2,0,2,0,12,2,a=None|b=None,candidate=Drive|return=Modulatory|distractors=Drive,a1|b2,929,2,0,10,1,8160,16708172981327911993,12536863290858102102,true,true,true,true,true,true,true,true,true,true,true,true,true,true,true
7177,S07,law,two-local-eligible-candidates,2047018197319680,1,1,4,4,2,2,true,true,1,1,1,0,7,1,a=None|b=None,candidate=Drive|return=Modulatory|distractors=Drive,a1|b1,507,2,0,6,0,8272,10158263970562106580,9263527252821256528,true,true,true,true,true,true,true,true,true,true,true,true,true,true,true
7177,S07,law,expired-eligibility-modulation,2047018198368256,0,0,0,1,1,1,false,true,1,0,1,0,6,1,a=None|b=None,candidate=Drive|return=Modulatory|distractors=Drive,a2|b1,417,0,0,5,1,8160,8117669990884784247,4791269729307863443,true,true,true,true,true,true,true,true,true,true,true,true,true,true,true
7177,S07,law,simultaneous-drive-and-modulation,2047018199416832,1,0,4,1,2,1,true,true,2,0,2,0,11,1,a=Some(8)|b=None,candidate=Drive|return=Modulatory|distractors=Drive,a1|b1,756,1,0,9,0,8160,2851976465644930511,16754356256287573614,true,true,true,true,true,true,true,true,true,true,true,true,true,true,true
7177,S07,law,dense-parallel-crossed-routes,2047018200465408,1,0,4,1,2,1,true,true,2,2,2,2,141,1,a=None|b=Some(5),candidate=Drive|return=Modulatory|distractors=Drive,a1|b1,11489,1,0,77,0,8160,17092223138993200276,13317841148930417582,true,true,true,true,true,true,true,true,true,true,true,true,true,true,true
7177,S07,px0,acquisition,2047018205708288,0,0,11,0,2,1,true,false,4,0,4,0,24,4,a=None|b=None,candidate=Drive|return=Modulatory,a1|b2,535,4,0,20,1,992,3944643130086865972,14059885359375291523,true,true,true,true,true,true,true,true,true,true,true,true,true,true,true
7177,S07,px0,probation,2047018206756864,0,0,0,0,2,1,false,false,1,0,1,0,6,1,a=None|b=None,candidate=Drive|return=Modulatory,a2|b2,109,1,0,5,2,992,1347503808514012750,11375090009516254780,true,true,true,true,true,true,true,true,true,true,true,true,true,true,true
7177,S07,px0,stable-return-specificity,2047018207805440,0,0,4,1,2,1,true,true,1,1,1,1,11,1,a=None|b=Some(4),candidate=Drive|return=Modulatory,a1|b1,180,1,0,9,0,992,4602377630850297505,16492879717170062342,true,true,true,true,true,true,true,true,true,true,true,true,true,true,true
7177,S07,px0,forgetting,2047018208854016,0,0,0,0,2,1,false,false,4,0,4,0,24,4,a=None|b=None,candidate=Drive|return=Modulatory,a2|b2,553,4,0,20,2,992,14734939145686574128,5877324924094438967,true,true,true,true,true,true,true,true,true,true,true,true,true,true,true
7177,S07,px0,fresh-reproposal,2047018209902592,0,0,1,0,1,0,true,false,4,0,2,0,7,0,fresh=Some(15),candidate=Drive|return=Modulatory,old2|fresh6,85,0,0,6,1,560,9032834902633901559,6470765411683326249,true,true,true,true,true,true,true,true,true,true,true,true,true,true,true
7177,S07,px0,reacquisition,2047018210951168,0,0,11,0,2,0,true,false,11,0,5,0,17,4,fresh=None,candidate=Drive|return=Modulatory,old2|fresh6,280,4,0,16,1,560,8950962784603437969,12414499652259969389,true,true,true,true,true,true,true,true,true,true,true,true,true,true,true
7177,S07,px1,support-a,2047018222485504,1,0,6,0,2,1,true,false,2,0,2,0,12,2,a=None|b=None,candidate=Drive|return=Modulatory,a1|b2,225,2,0,10,1,992,351657266970972443,404638796762942908,true,true,true,true,true,true,true,true,true,true,true,true,true,true,true
7177,S07,px1,support-b,2047018223534080,0,1,0,6,1,2,false,true,0,2,0,2,12,2,a=None|b=None,candidate=Drive|return=Modulatory,a2|b1,225,2,0,10,1,992,3855738239157399061,9388847769052848272,true,true,true,true,true,true,true,true,true,true,true,true,true,true,true
7177,S07,px1,no-support,2047018224582656,0,0,1,1,1,1,true,true,0,0,0,0,0,0,a=None|b=None,candidate=Drive|return=Modulatory,a1|b1,0,0,0,0,0,992,4203544128063937018,7859318664272556122,true,true,true,true,true,true,true,true,true,true,true,true,true,true,true
7177,S07,px1,participation-return-blocked,2047018225631232,0,0,0,1,1,1,false,true,1,0,2,0,9,0,a=None|b=None,candidate=Drive|return=Modulatory,a2|b1,136,0,0,7,1,992,110955428314753106,9326780300936908649,true,true,true,true,true,true,true,true,true,true,true,true,true,true,true
7177,S07,px1,return-without-participation,2047018226679808,0,0,0,0,1,1,false,false,0,0,0,0,2,2,a=None|b=None,candidate=Drive|return=Modulatory,a2|b2,51,0,0,2,2,992,14122909971628971164,5474764019371033187,true,true,true,true,true,true,true,true,true,true,true,true,true,true,true
7177,S07,px1,joint-participation,2047018227728384,1,1,6,6,2,2,true,true,2,2,2,2,24,4,a=None|b=None,candidate=Drive|return=Modulatory,a1|b1,528,4,0,20,0,992,16031212792476357900,205102875295665182,true,true,true,true,true,true,true,true,true,true,true,true,true,true,true
7177,S07,px2,forward-traversal-return,2047018239262720,1,0,6,0,2,1,true,false,2,0,2,0,12,2,a=None|b=None,candidate=Drive|return=Modulatory,a1|b2,225,2,0,10,1,992,17642101772756747625,11535555127493670210,true,true,true,true,true,true,true,true,true,true,true,true,true,true,true
7177,S07,px2,reverse-traversal-return,2047018240311296,0,1,0,6,1,2,false,true,0,2,0,2,12,2,a=None|b=None,candidate=Drive|return=Modulatory,a2|b1,225,2,0,10,1,992,1186742325542514811,13651118712216526142,true,true,true,true,true,true,true,true,true,true,true,true,true,true,true
7177,S07,px2,correlation-without-traversal,2047018241359872,0,0,0,0,1,1,false,false,0,0,0,0,12,12,a=None|b=None,candidate=Drive|return=Modulatory,a2|b2,396,0,0,12,2,992,16874008950986972651,3962418539546436028,true,true,true,true,true,true,true,true,true,true,true,true,true,true,true
7177,S07,px2,forward-return-blocked,2047018242408448,0,0,0,1,1,1,false,true,1,0,2,0,9,0,a=None|b=None,candidate=Drive|return=Modulatory,a2|b1,136,0,0,7,1,992,5803658915382940732,4392230757313781063,true,true,true,true,true,true,true,true,true,true,true,true,true,true,true
7177,S07,px2,joint-traversal-return,2047018243457024,1,1,6,6,2,2,true,true,2,2,2,2,24,4,a=None|b=None,candidate=Drive|return=Modulatory,a1|b1,528,4,0,20,0,992,16894795171536558146,2689618205470836936,true,true,true,true,true,true,true,true,true,true,true,true,true,true,true
7177,S07,px2,forward-with-wrong-way-observation,2047018244505600,1,0,6,0,2,1,true,false,2,0,2,0,18,8,a=None|b=None,candidate=Drive|return=Modulatory,a1|b2,470,2,0,16,1,992,14358319803983600040,12394834745442981417,true,true,true,true,true,true,true,true,true,true,true,true,true,true,true
7177,S07,px2,reverse-with-wrong-way-observation,2047018245554176,0,1,0,6,1,2,false,true,0,2,0,2,18,8,a=None|b=None,candidate=Drive|return=Modulatory,a2|b1,470,2,0,16,1,992,12554150632145674010,12304133966468780117,true,true,true,true,true,true,true,true,true,true,true,true,true,true,true
7187,S08,law,ordinary-drive-after-participation,2047020873285632,0,0,1,1,1,1,true,true,1,0,1,0,7,0,a=Some(4)|b=None,candidate=Drive|return=Modulatory|distractors=Drive,a1|b1,135,0,0,5,0,1888,3446686300529076981,6121504548935489971,true,true,true,true,true,true,true,true,true,true,true,true,true,true,true
7187,S08,law,modulation-without-eligibility,2047020874334208,0,0,1,1,1,1,true,true,0,0,0,0,1,1,a=None|b=None,candidate=Drive|return=Modulatory|distractors=Drive,a1|b1,27,0,0,1,0,1888,8664431888332317598,1617700039623256979,true,true,true,true,true,true,true,true,true,true,true,true,true,true,true
7187,S08,law,timely-modulatory-return,2047020875382784,1,0,4,1,2,1,true,true,1,0,1,0,6,1,a=None|b=None,candidate=Drive|return=Modulatory|distractors=Drive,a1|b1,136,1,0,5,0,1888,12900129647616361003,3365431154354344333,true,true,true,true,true,true,true,true,true,true,true,true,true,true,true
7187,S08,law,strong-modulation-does-not-excite,2047020876431360,0,0,1,1,1,1,true,true,0,0,0,0,1,1,a=None|b=None,strong_return=Modulatory:coupling4|candidate=Drive,a1|b1,28,0,0,1,0,2000,17188129672580183263,5386198535658231356,true,true,true,true,true,true,true,true,true,true,true,true,true,true,true
7187,S08,law,dense-ordinary-nonleakage,2047020877479936,0,0,1,1,1,1,true,true,2,1,2,1,23,0,a=Some(5)|b=Some(5),candidate=Drive|return=Modulatory|distractors=Drive,a1|b1,520,0,0,16,0,1888,15654920547073159421,11452384279576623667,true,true,true,true,true,true,true,true,true,true,true,true,true,true,true
7187,S08,law,fixed-routes-r0-drive-r1-modulatory,2047020878528512,1,0,4,1,2,1,true,true,1,0,1,0,8,1,a=None|b=None,r0=Drive|r1=Modulatory|candidate=Drive,a1|b1,185,1,0,6,0,2112,11467490274995085197,18022896901513963225,true,true,true,true,true,true,true,true,true,true,true,true,true,true,true
7187,S08,law,fixed-routes-r0-modulatory-r1-drive,2047020879577088,1,0,4,1,2,1,true,true,1,0,1,0,8,1,a=None|b=None,r0=Modulatory|r1=Drive|candidate=Drive,a1|b1,185,1,0,6,0,2112,2640047143796036837,12604679769570534201,true,true,true,true,true,true,true,true,true,true,true,true,true,true,true
7187,S08,law,two-completed-modulatory-returns,2047020880625664,1,0,6,0,2,1,true,false,2,0,2,0,12,2,a=None|b=None,candidate=Drive|return=Modulatory|distractors=Drive,a1|b2,313,2,0,10,1,1888,10566547786781576662,7274909508906554757,true,true,true,true,true,true,true,true,true,true,true,true,true,true,true
7187,S08,law,two-local-eligible-candidates,2047020881674240,1,1,4,4,2,2,true,true,1,1,1,0,7,1,a=None|b=None,candidate=Drive|return=Modulatory|distractors=Drive,a1|b1,171,2,0,6,0,2000,8702502529554642498,2651729732923097122,true,true,true,true,true,true,true,true,true,true,true,true,true,true,true
7187,S08,law,expired-eligibility-modulation,2047020882722816,0,0,0,1,1,1,false,true,1,0,1,0,6,1,a=None|b=None,candidate=Drive|return=Modulatory|distractors=Drive,a2|b1,137,0,0,5,1,1888,16287445073159293376,6493017436277174752,true,true,true,true,true,true,true,true,true,true,true,true,true,true,true
7187,S08,law,simultaneous-drive-and-modulation,2047020883771392,1,0,4,1,2,1,true,true,2,0,2,0,11,1,a=Some(8)|b=None,candidate=Drive|return=Modulatory|distractors=Drive,a1|b1,252,1,0,9,0,1888,17937918786378138648,5336900614268411789,true,true,true,true,true,true,true,true,true,true,true,true,true,true,true
7187,S08,law,dense-parallel-crossed-routes,2047020884819968,1,0,4,1,2,1,true,true,2,2,2,2,29,1,a=None|b=Some(5),candidate=Drive|return=Modulatory|distractors=Drive,a1|b1,729,1,0,21,0,1888,7812554032927081429,18380227259493142349,true,true,true,true,true,true,true,true,true,true,true,true,true,true,true
7187,S08,px0,acquisition,2047020890062848,0,0,11,0,2,1,true,false,4,0,4,0,24,4,a=None|b=None,candidate=Drive|return=Modulatory,a1|b2,535,4,0,20,1,992,7029289655197687437,18183665025100860066,true,true,true,true,true,true,true,true,true,true,true,true,true,true,true
7187,S08,px0,probation,2047020891111424,0,0,0,0,2,1,false,false,1,0,1,0,6,1,a=None|b=None,candidate=Drive|return=Modulatory,a2|b2,109,1,0,5,2,992,7127909293262423440,1096002121827695301,true,true,true,true,true,true,true,true,true,true,true,true,true,true,true
7187,S08,px0,stable-return-specificity,2047020892160000,0,0,4,1,2,1,true,true,1,1,1,1,11,1,a=None|b=Some(4),candidate=Drive|return=Modulatory,a1|b1,180,1,0,9,0,992,6413462858610984800,4044120598303717295,true,true,true,true,true,true,true,true,true,true,true,true,true,true,true
7187,S08,px0,forgetting,2047020893208576,0,0,0,0,2,1,false,false,4,0,4,0,24,4,a=None|b=None,candidate=Drive|return=Modulatory,a2|b2,553,4,0,20,2,992,16986681675241372950,13965295369717150806,true,true,true,true,true,true,true,true,true,true,true,true,true,true,true
7187,S08,px0,fresh-reproposal,2047020894257152,0,0,1,0,1,0,true,false,4,0,2,0,7,0,fresh=Some(15),candidate=Drive|return=Modulatory,old2|fresh6,85,0,0,6,1,560,17972882672039309021,6197254930624034987,true,true,true,true,true,true,true,true,true,true,true,true,true,true,true
7187,S08,px0,reacquisition,2047020895305728,0,0,11,0,2,0,true,false,11,0,5,0,17,4,fresh=None,candidate=Drive|return=Modulatory,old2|fresh6,276,4,0,16,1,560,12923834558155172825,3510103209359147295,true,true,true,true,true,true,true,true,true,true,true,true,true,true,true
7187,S08,px1,support-a,2047020906840064,1,0,6,0,2,1,true,false,2,0,2,0,12,2,a=None|b=None,candidate=Drive|return=Modulatory,a1|b2,225,2,0,10,1,992,3294552696173978658,2856417448355551153,true,true,true,true,true,true,true,true,true,true,true,true,true,true,true
7187,S08,px1,support-b,2047020907888640,0,1,0,6,1,2,false,true,0,2,0,2,12,2,a=None|b=None,candidate=Drive|return=Modulatory,a2|b1,225,2,0,10,1,992,1627570749073112438,7635943917927768189,true,true,true,true,true,true,true,true,true,true,true,true,true,true,true
7187,S08,px1,no-support,2047020908937216,0,0,1,1,1,1,true,true,0,0,0,0,0,0,a=None|b=None,candidate=Drive|return=Modulatory,a1|b1,0,0,0,0,0,992,5211101162380430503,8145839338136424855,true,true,true,true,true,true,true,true,true,true,true,true,true,true,true
7187,S08,px1,participation-return-blocked,2047020909985792,0,0,0,1,1,1,false,true,1,0,2,0,9,0,a=None|b=None,candidate=Drive|return=Modulatory,a2|b1,136,0,0,7,1,992,580110347135388699,16877952330631420220,true,true,true,true,true,true,true,true,true,true,true,true,true,true,true
7187,S08,px1,return-without-participation,2047020911034368,0,0,0,0,1,1,false,false,0,0,0,0,2,2,a=None|b=None,candidate=Drive|return=Modulatory,a2|b2,51,0,0,2,2,992,954461371391308601,2426592010011000814,true,true,true,true,true,true,true,true,true,true,true,true,true,true,true
7187,S08,px1,joint-participation,2047020912082944,1,1,6,6,2,2,true,true,2,2,2,2,24,4,a=None|b=None,candidate=Drive|return=Modulatory,a1|b1,528,4,0,20,0,992,12233340805108831387,996341248160730819,true,true,true,true,true,true,true,true,true,true,true,true,true,true,true
7187,S08,px2,forward-traversal-return,2047020923617280,1,0,6,0,2,1,true,false,2,0,2,0,12,2,a=None|b=None,candidate=Drive|return=Modulatory,a1|b2,225,2,0,10,1,992,14779378946626082084,11557716658390220155,true,true,true,true,true,true,true,true,true,true,true,true,true,true,true
7187,S08,px2,reverse-traversal-return,2047020924665856,0,1,0,6,1,2,false,true,0,2,0,2,12,2,a=None|b=None,candidate=Drive|return=Modulatory,a2|b1,225,2,0,10,1,992,17378907755501041140,8305418811075656407,true,true,true,true,true,true,true,true,true,true,true,true,true,true,true
7187,S08,px2,correlation-without-traversal,2047020925714432,0,0,0,0,1,1,false,false,0,0,0,0,12,12,a=None|b=None,candidate=Drive|return=Modulatory,a2|b2,376,0,0,12,2,992,17838214326677792748,16758344750170823829,true,true,true,true,true,true,true,true,true,true,true,true,true,true,true
7187,S08,px2,forward-return-blocked,2047020926763008,0,0,0,1,1,1,false,true,1,0,2,0,9,0,a=None|b=None,candidate=Drive|return=Modulatory,a2|b1,136,0,0,7,1,992,15428585874658604073,3732703658781566662,true,true,true,true,true,true,true,true,true,true,true,true,true,true,true
7187,S08,px2,joint-traversal-return,2047020927811584,1,1,6,6,2,2,true,true,2,2,2,2,24,4,a=None|b=None,candidate=Drive|return=Modulatory,a1|b1,528,4,0,20,0,992,4593700282781903721,4355183925356082001,true,true,true,true,true,true,true,true,true,true,true,true,true,true,true
7187,S08,px2,forward-with-wrong-way-observation,2047020928860160,1,0,6,0,2,1,true,false,2,0,2,0,18,8,a=None|b=None,candidate=Drive|return=Modulatory,a1|b2,455,2,0,16,1,992,10847179416895330048,4237847249293986872,true,true,true,true,true,true,true,true,true,true,true,true,true,true,true
7187,S08,px2,reverse-with-wrong-way-observation,2047020929908736,0,1,0,6,1,2,false,true,0,2,0,2,18,8,a=None|b=None,candidate=Drive|return=Modulatory,a2|b1,455,2,0,16,1,992,14197671704958232562,11798280832356149404,true,true,true,true,true,true,true,true,true,true,true,true,true,true,true
7193,S09,law,ordinary-drive-after-participation,2047022483898368,0,0,1,1,1,1,true,true,1,0,1,0,7,0,a=Some(4)|b=None,candidate=Drive|return=Modulatory|distractors=Drive,a1|b1,175,0,0,5,0,2784,17258385557808661087,16482137883280679601,true,true,true,true,true,true,true,true,true,true,true,true,true,true,true
7193,S09,law,modulation-without-eligibility,2047022484946944,0,0,1,1,1,1,true,true,0,0,0,0,1,1,a=None|b=None,candidate=Drive|return=Modulatory|distractors=Drive,a1|b1,35,0,0,1,0,2784,14195560963947739724,3579917374079344465,true,true,true,true,true,true,true,true,true,true,true,true,true,true,true
7193,S09,law,timely-modulatory-return,2047022485995520,1,0,4,1,2,1,true,true,1,0,1,0,6,1,a=None|b=None,candidate=Drive|return=Modulatory|distractors=Drive,a1|b1,176,1,0,5,0,2784,9396782017726061989,9809396493955967639,true,true,true,true,true,true,true,true,true,true,true,true,true,true,true
7193,S09,law,strong-modulation-does-not-excite,2047022487044096,0,0,1,1,1,1,true,true,0,0,0,0,1,1,a=None|b=None,strong_return=Modulatory:coupling4|candidate=Drive,a1|b1,36,0,0,1,0,2896,14108321808596010347,427903595057873844,true,true,true,true,true,true,true,true,true,true,true,true,true,true,true
7193,S09,law,dense-ordinary-nonleakage,2047022488092672,0,0,1,1,1,1,true,true,2,1,2,1,39,0,a=Some(5)|b=Some(5),candidate=Drive|return=Modulatory|distractors=Drive,a1|b1,1184,0,0,24,0,2784,16402355544347526511,13155433408610199985,true,true,true,true,true,true,true,true,true,true,true,true,true,true,true
7193,S09,law,fixed-routes-r0-drive-r1-modulatory,2047022489141248,1,0,4,1,2,1,true,true,1,0,1,0,8,1,a=None|b=None,r0=Drive|r1=Modulatory|candidate=Drive,a1|b1,233,1,0,6,0,3008,1888039636765041473,10723880682290249331,true,true,true,true,true,true,true,true,true,true,true,true,true,true,true
7193,S09,law,fixed-routes-r0-modulatory-r1-drive,2047022490189824,1,0,4,1,2,1,true,true,1,0,1,0,8,1,a=None|b=None,r0=Modulatory|r1=Drive|candidate=Drive,a1|b1,233,1,0,6,0,3008,5298890378430361853,5851279866415376811,true,true,true,true,true,true,true,true,true,true,true,true,true,true,true
7193,S09,law,two-completed-modulatory-returns,2047022491238400,1,0,6,0,2,1,true,false,2,0,2,0,12,2,a=None|b=None,candidate=Drive|return=Modulatory|distractors=Drive,a1|b2,401,2,0,10,1,2784,9620557387492436124,16691281629664935631,true,true,true,true,true,true,true,true,true,true,true,true,true,true,true
7193,S09,law,two-local-eligible-candidates,2047022492286976,1,1,4,4,2,2,true,true,1,1,1,0,7,1,a=None|b=None,candidate=Drive|return=Modulatory|distractors=Drive,a1|b1,219,2,0,6,0,2896,10831391242859813890,862638174133632578,true,true,true,true,true,true,true,true,true,true,true,true,true,true,true
7193,S09,law,expired-eligibility-modulation,2047022493335552,0,0,0,1,1,1,false,true,1,0,1,0,6,1,a=None|b=None,candidate=Drive|return=Modulatory|distractors=Drive,a2|b1,177,0,0,5,1,2784,13270434114376080766,3320431854223514594,true,true,true,true,true,true,true,true,true,true,true,true,true,true,true
7193,S09,law,simultaneous-drive-and-modulation,2047022494384128,1,0,4,1,2,1,true,true,2,0,2,0,11,1,a=Some(8)|b=None,candidate=Drive|return=Modulatory|distractors=Drive,a1|b1,324,1,0,9,0,2784,12496974605396068062,5912375387682561431,true,true,true,true,true,true,true,true,true,true,true,true,true,true,true
7193,S09,law,dense-parallel-crossed-routes,2047022495432704,1,0,4,1,2,1,true,true,2,2,2,2,45,1,a=None|b=Some(5),candidate=Drive|return=Modulatory|distractors=Drive,a1|b1,1489,1,0,29,0,2784,17054379138876566805,10654305942085002935,true,true,true,true,true,true,true,true,true,true,true,true,true,true,true
7193,S09,px0,acquisition,2047022500675584,0,0,11,0,2,1,true,false,4,0,4,0,24,4,a=None|b=None,candidate=Drive|return=Modulatory,a1|b2,535,4,0,20,1,992,4669660490533811582,917900319513942717,true,true,true,true,true,true,true,true,true,true,true,true,true,true,true
7193,S09,px0,probation,2047022501724160,0,0,0,0,2,1,false,false,1,0,1,0,6,1,a=None|b=None,candidate=Drive|return=Modulatory,a2|b2,109,1,0,5,2,992,7213845682207754182,7641895951060383426,true,true,true,true,true,true,true,true,true,true,true,true,true,true,true
7193,S09,px0,stable-return-specificity,2047022502772736,0,0,4,1,2,1,true,true,1,1,1,1,11,1,a=None|b=Some(4),candidate=Drive|return=Modulatory,a1|b1,180,1,0,9,0,992,16542727177623810423,9956468917302684704,true,true,true,true,true,true,true,true,true,true,true,true,true,true,true
7193,S09,px0,forgetting,2047022503821312,0,0,0,0,2,1,false,false,4,0,4,0,24,4,a=None|b=None,candidate=Drive|return=Modulatory,a2|b2,553,4,0,20,2,992,6208959609082599848,6620367212957013825,true,true,true,true,true,true,true,true,true,true,true,true,true,true,true
7193,S09,px0,fresh-reproposal,2047022504869888,0,0,1,0,1,0,true,false,4,0,2,0,7,0,fresh=Some(15),candidate=Drive|return=Modulatory,old2|fresh6,85,0,0,6,1,560,12695759957136966686,18086640756383761232,true,true,true,true,true,true,true,true,true,true,true,true,true,true,true
7193,S09,px0,reacquisition,2047022505918464,0,0,11,0,2,0,true,false,11,0,5,0,17,4,fresh=None,candidate=Drive|return=Modulatory,old2|fresh6,276,4,0,16,1,560,7527533056575447000,247602025387409668,true,true,true,true,true,true,true,true,true,true,true,true,true,true,true
7193,S09,px1,support-a,2047022517452800,1,0,6,0,2,1,true,false,2,0,2,0,12,2,a=None|b=None,candidate=Drive|return=Modulatory,a1|b2,225,2,0,10,1,992,12541663083885237137,11378746066142933734,true,true,true,true,true,true,true,true,true,true,true,true,true,true,true
7193,S09,px1,support-b,2047022518501376,0,1,0,6,1,2,false,true,0,2,0,2,12,2,a=None|b=None,candidate=Drive|return=Modulatory,a2|b1,225,2,0,10,1,992,17451385831733123451,5794611458432336322,true,true,true,true,true,true,true,true,true,true,true,true,true,true,true
7193,S09,px1,no-support,2047022519549952,0,0,1,1,1,1,true,true,0,0,0,0,0,0,a=None|b=None,candidate=Drive|return=Modulatory,a1|b1,0,0,0,0,0,992,10515265434929308648,5364574636551971480,true,true,true,true,true,true,true,true,true,true,true,true,true,true,true
7193,S09,px1,participation-return-blocked,2047022520598528,0,0,0,1,1,1,false,true,1,0,2,0,9,0,a=None|b=None,candidate=Drive|return=Modulatory,a2|b1,136,0,0,7,1,992,11564688638955145664,17502954409296729347,true,true,true,true,true,true,true,true,true,true,true,true,true,true,true
7193,S09,px1,return-without-participation,2047022521647104,0,0,0,0,1,1,false,false,0,0,0,0,2,2,a=None|b=None,candidate=Drive|return=Modulatory,a2|b2,51,0,0,2,2,992,17416322679755536866,2946185120435531913,true,true,true,true,true,true,true,true,true,true,true,true,true,true,true
7193,S09,px1,joint-participation,2047022522695680,1,1,6,6,2,2,true,true,2,2,2,2,24,4,a=None|b=None,candidate=Drive|return=Modulatory,a1|b1,528,4,0,20,0,992,6398229675597539634,9880916252338048660,true,true,true,true,true,true,true,true,true,true,true,true,true,true,true
7193,S09,px2,forward-traversal-return,2047022534230016,1,0,6,0,2,1,true,false,2,0,2,0,12,2,a=None|b=None,candidate=Drive|return=Modulatory,a1|b2,225,2,0,10,1,992,16263153295245339459,90348540713205236,true,true,true,true,true,true,true,true,true,true,true,true,true,true,true
7193,S09,px2,reverse-traversal-return,2047022535278592,0,1,0,6,1,2,false,true,0,2,0,2,12,2,a=None|b=None,candidate=Drive|return=Modulatory,a2|b1,225,2,0,10,1,992,12074922528280929473,3397227809781825120,true,true,true,true,true,true,true,true,true,true,true,true,true,true,true
7193,S09,px2,correlation-without-traversal,2047022536327168,0,0,0,0,1,1,false,false,0,0,0,0,12,12,a=None|b=None,candidate=Drive|return=Modulatory,a2|b2,376,0,0,12,2,992,14437707570758513221,7875309126690778194,true,true,true,true,true,true,true,true,true,true,true,true,true,true,true
7193,S09,px2,forward-return-blocked,2047022537375744,0,0,0,1,1,1,false,true,1,0,2,0,9,0,a=None|b=None,candidate=Drive|return=Modulatory,a2|b1,136,0,0,7,1,992,1662869885736883258,6027145158854498705,true,true,true,true,true,true,true,true,true,true,true,true,true,true,true
7193,S09,px2,joint-traversal-return,2047022538424320,1,1,6,6,2,2,true,true,2,2,2,2,24,4,a=None|b=None,candidate=Drive|return=Modulatory,a1|b1,528,4,0,20,0,992,2976168338524198116,11875466141900058622,true,true,true,true,true,true,true,true,true,true,true,true,true,true,true
7193,S09,px2,forward-with-wrong-way-observation,2047022539472896,1,0,6,0,2,1,true,false,2,0,2,0,18,8,a=None|b=None,candidate=Drive|return=Modulatory,a1|b2,460,2,0,16,1,992,17184998723187486172,11112896458339855591,true,true,true,true,true,true,true,true,true,true,true,true,true,true,true
7193,S09,px2,reverse-with-wrong-way-observation,2047022540521472,0,1,0,6,1,2,false,true,0,2,0,2,18,8,a=None|b=None,candidate=Drive|return=Modulatory,a2|b1,460,2,0,16,1,992,11654592089120356626,401557911616084763,true,true,true,true,true,true,true,true,true,true,true,true,true,true,true
7207,S10,law,ordinary-drive-after-participation,2047026241994752,0,0,1,1,1,1,true,true,1,0,1,0,7,0,a=Some(4)|b=None,candidate=Drive|return=Modulatory|distractors=Drive,a1|b1,255,0,0,5,0,4576,15408013077240196857,3344581652612963139,true,true,true,true,true,true,true,true,true,true,true,true,true,true,true
7207,S10,law,modulation-without-eligibility,2047026243043328,0,0,1,1,1,1,true,true,0,0,0,0,1,1,a=None|b=None,candidate=Drive|return=Modulatory|distractors=Drive,a1|b1,51,0,0,1,0,4576,10087043311465854442,9382544738259637411,true,true,true,true,true,true,true,true,true,true,true,true,true,true,true
7207,S10,law,timely-modulatory-return,2047026244091904,1,0,4,1,2,1,true,true,1,0,1,0,6,1,a=None|b=None,candidate=Drive|return=Modulatory|distractors=Drive,a1|b1,256,1,0,5,0,4576,2648107043943754207,5165487499389969949,true,true,true,true,true,true,true,true,true,true,true,true,true,true,true
7207,S10,law,strong-modulation-does-not-excite,2047026245140480,0,0,1,1,1,1,true,true,0,0,0,0,1,1,a=None|b=None,strong_return=Modulatory:coupling4|candidate=Drive,a1|b1,52,0,0,1,0,4688,4401696676593336254,15367477777495446853,true,true,true,true,true,true,true,true,true,true,true,true,true,true,true
7207,S10,law,dense-ordinary-nonleakage,2047026246189056,0,0,1,1,1,1,true,true,2,1,2,1,71,0,a=Some(5)|b=Some(5),candidate=Drive|return=Modulatory|distractors=Drive,a1|b1,3280,0,0,40,0,4576,7296554997407022317,8335965781248441667,true,true,true,true,true,true,true,true,true,true,true,true,true,true,true
7207,S10,law,fixed-routes-r0-drive-r1-modulatory,2047026247237632,1,0,4,1,2,1,true,true,1,0,1,0,8,1,a=None|b=None,r0=Drive|r1=Modulatory|candidate=Drive,a1|b1,329,1,0,6,0,4800,10409735419965255231,4378980260392067979,true,true,true,true,true,true,true,true,true,true,true,true,true,true,true
7207,S10,law,fixed-routes-r0-modulatory-r1-drive,2047026248286208,1,0,4,1,2,1,true,true,1,0,1,0,8,1,a=None|b=None,r0=Modulatory|r1=Drive|candidate=Drive,a1|b1,329,1,0,6,0,4800,15461118856175390119,6451299164561586447,true,true,true,true,true,true,true,true,true,true,true,true,true,true,true
7207,S10,law,two-completed-modulatory-returns,2047026249334784,1,0,6,0,2,1,true,false,2,0,2,0,12,2,a=None|b=None,candidate=Drive|return=Modulatory|distractors=Drive,a1|b2,577,2,0,10,1,4576,11800843941315062646,3366994433807593925,true,true,true,true,true,true,true,true,true,true,true,true,true,true,true
7207,S10,law,two-local-eligible-candidates,2047026250383360,1,1,4,4,2,2,true,true,1,1,1,0,7,1,a=None|b=None,candidate=Drive|return=Modulatory|distractors=Drive,a1|b1,315,2,0,6,0,4688,8051806115562759591,934370477845596239,true,true,true,true,true,true,true,true,true,true,true,true,true,true,true
7207,S10,law,expired-eligibility-modulation,2047026251431936,0,0,0,1,1,1,false,true,1,0,1,0,6,1,a=None|b=None,candidate=Drive|return=Modulatory|distractors=Drive,a2|b1,257,0,0,5,1,4576,8762597354948026660,12513550497013157320,true,true,true,true,true,true,true,true,true,true,true,true,true,true,true
7207,S10,law,simultaneous-drive-and-modulation,2047026252480512,1,0,4,1,2,1,true,true,2,0,2,0,11,1,a=Some(8)|b=None,candidate=Drive|return=Modulatory|distractors=Drive,a1|b1,468,1,0,9,0,4576,14207516409549736932,5506252095945869341,true,true,true,true,true,true,true,true,true,true,true,true,true,true,true
7207,S10,law,dense-parallel-crossed-routes,2047026253529088,1,0,4,1,2,1,true,true,2,2,2,2,77,1,a=None|b=Some(5),candidate=Drive|return=Modulatory|distractors=Drive,a1|b1,3809,1,0,45,0,4576,18073360187508151147,2508969359727511069,true,true,true,true,true,true,true,true,true,true,true,true,true,true,true
7207,S10,px0,acquisition,2047026258771968,0,0,11,0,2,1,true,false,4,0,4,0,24,4,a=None|b=None,candidate=Drive|return=Modulatory,a1|b2,535,4,0,20,1,992,12644424904927307135,2123860055065306704,true,true,true,true,true,true,true,true,true,true,true,true,true,true,true
7207,S10,px0,probation,2047026259820544,0,0,0,0,2,1,false,false,1,0,1,0,6,1,a=None|b=None,candidate=Drive|return=Modulatory,a2|b2,109,1,0,5,2,992,12312914168948045664,14273898969886477487,true,true,true,true,true,true,true,true,true,true,true,true,true,true,true
7207,S10,px0,stable-return-specificity,2047026260869120,0,0,4,1,2,1,true,true,1,1,1,1,11,1,a=None|b=Some(4),candidate=Drive|return=Modulatory,a1|b1,180,1,0,9,0,992,4301791943679480914,13058396875907796549,true,true,true,true,true,true,true,true,true,true,true,true,true,true,true
7207,S10,px0,forgetting,2047026261917696,0,0,0,0,2,1,false,false,4,0,4,0,24,4,a=None|b=None,candidate=Drive|return=Modulatory,a2|b2,553,4,0,20,2,992,8074066624354006854,9840612356962783588,true,true,true,true,true,true,true,true,true,true,true,true,true,true,true
7207,S10,px0,fresh-reproposal,2047026262966272,0,0,1,0,1,0,true,false,4,0,2,0,7,0,fresh=Some(15),candidate=Drive|return=Modulatory,old2|fresh6,85,0,0,6,1,560,9379910885335602342,16082444210604921312,true,true,true,true,true,true,true,true,true,true,true,true,true,true,true
7207,S10,px0,reacquisition,2047026264014848,0,0,11,0,2,0,true,false,11,0,5,0,17,4,fresh=None,candidate=Drive|return=Modulatory,old2|fresh6,280,4,0,16,1,560,16120886094717705118,1685009332366564244,true,true,true,true,true,true,true,true,true,true,true,true,true,true,true
7207,S10,px1,support-a,2047026275549184,1,0,6,0,2,1,true,false,2,0,2,0,12,2,a=None|b=None,candidate=Drive|return=Modulatory,a1|b2,225,2,0,10,1,992,18170670807250212720,16626639177890467447,true,true,true,true,true,true,true,true,true,true,true,true,true,true,true
7207,S10,px1,support-b,2047026276597760,0,1,0,6,1,2,false,true,0,2,0,2,12,2,a=None|b=None,candidate=Drive|return=Modulatory,a2|b1,225,2,0,10,1,992,12816691035314345932,1397925168878121235,true,true,true,true,true,true,true,true,true,true,true,true,true,true,true
7207,S10,px1,no-support,2047026277646336,0,0,1,1,1,1,true,true,0,0,0,0,0,0,a=None|b=None,candidate=Drive|return=Modulatory,a1|b1,0,0,0,0,0,992,4276266824704173145,11277813958619433657,true,true,true,true,true,true,true,true,true,true,true,true,true,true,true
7207,S10,px1,participation-return-blocked,2047026278694912,0,0,0,1,1,1,false,true,1,0,2,0,9,0,a=None|b=None,candidate=Drive|return=Modulatory,a2|b1,136,0,0,7,1,992,9605005970026644905,7775653820941618498,true,true,true,true,true,true,true,true,true,true,true,true,true,true,true
7207,S10,px1,return-without-participation,2047026279743488,0,0,0,0,1,1,false,false,0,0,0,0,2,2,a=None|b=None,candidate=Drive|return=Modulatory,a2|b2,51,0,0,2,2,992,16128657581865840883,4839480911800265992,true,true,true,true,true,true,true,true,true,true,true,true,true,true,true
7207,S10,px1,joint-participation,2047026280792064,1,1,6,6,2,2,true,true,2,2,2,2,24,4,a=None|b=None,candidate=Drive|return=Modulatory,a1|b1,528,4,0,20,0,992,751173968683779101,3671884801783324685,true,true,true,true,true,true,true,true,true,true,true,true,true,true,true
7207,S10,px2,forward-traversal-return,2047026292326400,1,0,6,0,2,1,true,false,2,0,2,0,12,2,a=None|b=None,candidate=Drive|return=Modulatory,a1|b2,225,2,0,10,1,992,43718859100150110,1737282290675531409,true,true,true,true,true,true,true,true,true,true,true,true,true,true,true
7207,S10,px2,reverse-traversal-return,2047026293374976,0,1,0,6,1,2,false,true,0,2,0,2,12,2,a=None|b=None,candidate=Drive|return=Modulatory,a2|b1,225,2,0,10,1,992,802482028958203538,17735841856729748965,true,true,true,true,true,true,true,true,true,true,true,true,true,true,true
7207,S10,px2,correlation-without-traversal,2047026294423552,0,0,0,0,1,1,false,false,0,0,0,0,12,12,a=None|b=None,candidate=Drive|return=Modulatory,a2|b2,396,0,0,12,2,992,15352834637828157306,12640588116781956527,true,true,true,true,true,true,true,true,true,true,true,true,true,true,true
7207,S10,px2,forward-return-blocked,2047026295472128,0,0,0,1,1,1,false,true,1,0,2,0,9,0,a=None|b=None,candidate=Drive|return=Modulatory,a2|b1,136,0,0,7,1,992,13807808556199495463,1732323254383709348,true,true,true,true,true,true,true,true,true,true,true,true,true,true,true
7207,S10,px2,joint-traversal-return,2047026296520704,1,1,6,6,2,2,true,true,2,2,2,2,24,4,a=None|b=None,candidate=Drive|return=Modulatory,a1|b1,528,4,0,20,0,992,3009993818069557631,15419951063229012931,true,true,true,true,true,true,true,true,true,true,true,true,true,true,true
7207,S10,px2,forward-with-wrong-way-observation,2047026297569280,1,0,6,0,2,1,true,false,2,0,2,0,18,8,a=None|b=None,candidate=Drive|return=Modulatory,a1|b2,465,2,0,16,1,992,13155461335774583176,13188604501677201418,true,true,true,true,true,true,true,true,true,true,true,true,true,true,true
7207,S10,px2,reverse-with-wrong-way-observation,2047026298617856,0,1,0,6,1,2,false,true,0,2,0,2,18,8,a=None|b=None,candidate=Drive|return=Modulatory,a2|b1,465,2,0,16,1,992,14536244877451136694,5466828936596241982,true,true,true,true,true,true,true,true,true,true,true,true,true,true,true
7211,S11,law,ordinary-drive-after-participation,2047027315736576,0,0,1,1,1,1,true,true,1,0,1,0,7,0,a=Some(4)|b=None,candidate=Drive|return=Modulatory|distractors=Drive,a1|b1,415,0,0,5,0,8160,7518954285197085334,17819092360634929872,true,true,true,true,true,true,true,true,true,true,true,true,true,true,true
7211,S11,law,modulation-without-eligibility,2047027316785152,0,0,1,1,1,1,true,true,0,0,0,0,1,1,a=None|b=None,candidate=Drive|return=Modulatory|distractors=Drive,a1|b1,83,0,0,1,0,8160,17413238909333599913,4996425576822712304,true,true,true,true,true,true,true,true,true,true,true,true,true,true,true
7211,S11,law,timely-modulatory-return,2047027317833728,1,0,4,1,2,1,true,true,1,0,1,0,6,1,a=None|b=None,candidate=Drive|return=Modulatory|distractors=Drive,a1|b1,416,1,0,5,0,8160,381415489244274648,2936706003328652302,true,true,true,true,true,true,true,true,true,true,true,true,true,true,true
7211,S11,law,strong-modulation-does-not-excite,2047027318882304,0,0,1,1,1,1,true,true,0,0,0,0,1,1,a=None|b=None,strong_return=Modulatory:coupling4|candidate=Drive,a1|b1,84,0,0,1,0,8272,17833372567719124027,5039728940570618028,true,true,true,true,true,true,true,true,true,true,true,true,true,true,true
7211,S11,law,dense-ordinary-nonleakage,2047027319930880,0,0,1,1,1,1,true,true,2,1,2,1,135,0,a=Some(5)|b=Some(5),candidate=Drive|return=Modulatory|distractors=Drive,a1|b1,10544,0,0,72,0,8160,10160425854265521474,9799108613827704784,true,true,true,true,true,true,true,true,true,true,true,true,true,true,true
7211,S11,law,fixed-routes-r0-drive-r1-modulatory,2047027320979456,1,0,4,1,2,1,true,true,1,0,1,0,8,1,a=None|b=None,r0=Drive|r1=Modulatory|candidate=Drive,a1|b1,521,1,0,6,0,8384,7171679173874455878,13748064127281143816,true,true,true,true,true,true,true,true,true,true,true,true,true,true,true
7211,S11,law,fixed-routes-r0-modulatory-r1-drive,2047027322028032,1,0,4,1,2,1,true,true,1,0,1,0,8,1,a=None|b=None,r0=Modulatory|r1=Drive|candidate=Drive,a1|b1,521,1,0,6,0,8384,6638705214742254130,6708784432835762420,true,true,true,true,true,true,true,true,true,true,true,true,true,true,true
7211,S11,law,two-completed-modulatory-returns,2047027323076608,1,0,6,0,2,1,true,false,2,0,2,0,12,2,a=None|b=None,candidate=Drive|return=Modulatory|distractors=Drive,a1|b2,929,2,0,10,1,8160,4067985089661055845,12199425854894226710,true,true,true,true,true,true,true,true,true,true,true,true,true,true,true
7211,S11,law,two-local-eligible-candidates,2047027324125184,1,1,4,4,2,2,true,true,1,1,1,0,7,1,a=None|b=None,candidate=Drive|return=Modulatory|distractors=Drive,a1|b1,507,2,0,6,0,8272,8066215532396888010,8659195691633425394,true,true,true,true,true,true,true,true,true,true,true,true,true,true,true
7211,S11,law,expired-eligibility-modulation,2047027325173760,0,0,0,1,1,1,false,true,1,0,1,0,6,1,a=None|b=None,candidate=Drive|return=Modulatory|distractors=Drive,a2|b1,417,0,0,5,1,8160,16427887884201137947,12608505760470621387,true,true,true,true,true,true,true,true,true,true,true,true,true,true,true
7211,S11,law,simultaneous-drive-and-modulation,2047027326222336,1,0,4,1,2,1,true,true,2,0,2,0,11,1,a=Some(8)|b=None,candidate=Drive|return=Modulatory|distractors=Drive,a1|b1,756,1,0,9,0,8160,6986390015225261099,565142234862210318,true,true,true,true,true,true,true,true,true,true,true,true,true,true,true
7211,S11,law,dense-parallel-crossed-routes,2047027327270912,1,0,4,1,2,1,true,true,2,2,2,2,141,1,a=None|b=Some(5),candidate=Drive|return=Modulatory|distractors=Drive,a1|b1,11489,1,0,77,0,8160,3410254741102344452,447198608517622670,true,true,true,true,true,true,true,true,true,true,true,true,true,true,true
7211,S11,px0,acquisition,2047027332513792,0,0,11,0,2,1,true,false,4,0,4,0,24,4,a=None|b=None,candidate=Drive|return=Modulatory,a1|b2,535,4,0,20,1,992,17209036322259555240,14034424234572839667,true,true,true,true,true,true,true,true,true,true,true,true,true,true,true
7211,S11,px0,probation,2047027333562368,0,0,0,0,2,1,false,false,1,0,1,0,6,1,a=None|b=None,candidate=Drive|return=Modulatory,a2|b2,109,1,0,5,2,992,4775165925567946594,13918855169567774068,true,true,true,true,true,true,true,true,true,true,true,true,true,true,true
7211,S11,px0,stable-return-specificity,2047027334610944,0,0,4,1,2,1,true,true,1,1,1,1,11,1,a=None|b=Some(4),candidate=Drive|return=Modulatory,a1|b1,180,1,0,9,0,992,11122028189615705721,3962097275631030430,true,true,true,true,true,true,true,true,true,true,true,true,true,true,true
7211,S11,px0,forgetting,2047027335659520,0,0,0,0,2,1,false,false,4,0,4,0,24,4,a=None|b=None,candidate=Drive|return=Modulatory,a2|b2,553,4,0,20,2,992,784554475629350100,16632742993268121759,true,true,true,true,true,true,true,true,true,true,true,true,true,true,true
7211,S11,px0,fresh-reproposal,2047027336708096,0,0,1,0,1,0,true,false,4,0,2,0,7,0,fresh=Some(15),candidate=Drive|return=Modulatory,old2|fresh6,85,0,0,6,1,560,2521506884999633001,1154186479955132031,true,true,true,true,true,true,true,true,true,true,true,true,true,true,true
7211,S11,px0,reacquisition,2047027337756672,0,0,11,0,2,0,true,false,11,0,5,0,17,4,fresh=None,candidate=Drive|return=Modulatory,old2|fresh6,280,4,0,16,1,560,13920357950952504087,8725717299821666795,true,true,true,true,true,true,true,true,true,true,true,true,true,true,true
7211,S11,px1,support-a,2047027349291008,1,0,6,0,2,1,true,false,2,0,2,0,12,2,a=None|b=None,candidate=Drive|return=Modulatory,a1|b2,225,2,0,10,1,992,5368469269859393751,2409566866061223156,true,true,true,true,true,true,true,true,true,true,true,true,true,true,true
7211,S11,px1,support-b,2047027350339584,0,1,0,6,1,2,false,true,0,2,0,2,12,2,a=None|b=None,candidate=Drive|return=Modulatory,a2|b1,225,2,0,10,1,992,15780872716998865041,18360551523692899288,true,true,true,true,true,true,true,true,true,true,true,true,true,true,true
7211,S11,px1,no-support,2047027351388160,0,0,1,1,1,1,true,true,0,0,0,0,0,0,a=None|b=None,candidate=Drive|return=Modulatory,a1|b1,0,0,0,0,0,992,1745469977665543354,13366356438035873658,true,true,true,true,true,true,true,true,true,true,true,true,true,true,true
7211,S11,px1,participation-return-blocked,2047027352436736,0,0,0,1,1,1,false,true,1,0,2,0,9,0,a=None|b=None,candidate=Drive|return=Modulatory,a2|b1,136,0,0,7,1,992,3309717816888444902,10107090293795994545,true,true,true,true,true,true,true,true,true,true,true,true,true,true,true
7211,S11,px1,return-without-participation,2047027353485312,0,0,0,0,1,1,false,false,0,0,0,0,2,2,a=None|b=None,candidate=Drive|return=Modulatory,a2|b2,51,0,0,2,2,992,11196114522909572452,12125429812342276219,true,true,true,true,true,true,true,true,true,true,true,true,true,true,true
7211,S11,px1,joint-participation,2047027354533888,1,1,6,6,2,2,true,true,2,2,2,2,24,4,a=None|b=None,candidate=Drive|return=Modulatory,a1|b1,528,4,0,20,0,992,8722219154422910972,12953980180923357958,true,true,true,true,true,true,true,true,true,true,true,true,true,true,true
7211,S11,px2,forward-traversal-return,2047027366068224,1,0,6,0,2,1,true,false,2,0,2,0,12,2,a=None|b=None,candidate=Drive|return=Modulatory,a1|b2,225,2,0,10,1,992,4170924872680511861,12456910519149207666,true,true,true,true,true,true,true,true,true,true,true,true,true,true,true
7211,S11,px2,reverse-traversal-return,2047027367116800,0,1,0,6,1,2,false,true,0,2,0,2,12,2,a=None|b=None,candidate=Drive|return=Modulatory,a2|b1,225,2,0,10,1,992,2964571568290319775,18344664705941452862,true,true,true,true,true,true,true,true,true,true,true,true,true,true,true
7211,S11,px2,correlation-without-traversal,2047027368165376,0,0,0,0,1,1,false,false,0,0,0,0,12,12,a=None|b=None,candidate=Drive|return=Modulatory,a2|b2,396,0,0,12,2,992,17520948563197213443,13127189476823475468,true,true,true,true,true,true,true,true,true,true,true,true,true,true,true
7211,S11,px2,forward-return-blocked,2047027369213952,0,0,0,1,1,1,false,true,1,0,2,0,9,0,a=None|b=None,candidate=Drive|return=Modulatory,a2|b1,136,0,0,7,1,992,16903987729017069728,12285291255946620791,true,true,true,true,true,true,true,true,true,true,true,true,true,true,true
7211,S11,px2,joint-traversal-return,2047027370262528,1,1,6,6,2,2,true,true,2,2,2,2,24,4,a=None|b=None,candidate=Drive|return=Modulatory,a1|b1,528,4,0,20,0,992,13031124768118065626,12985207296606609112,true,true,true,true,true,true,true,true,true,true,true,true,true,true,true
7211,S11,px2,forward-with-wrong-way-observation,2047027371311104,1,0,6,0,2,1,true,false,2,0,2,0,18,8,a=None|b=None,candidate=Drive|return=Modulatory,a1|b2,470,2,0,16,1,992,15331869341314615060,2857375245792579913,true,true,true,true,true,true,true,true,true,true,true,true,true,true,true
7211,S11,px2,reverse-with-wrong-way-observation,2047027372359680,0,1,0,6,1,2,false,true,0,2,0,2,18,8,a=None|b=None,candidate=Drive|return=Modulatory,a2|b1,470,2,0,16,1,992,14481928623265242694,10793850519347582373,true,true,true,true,true,true,true,true,true,true,true,true,true,true,true
7213,S12,law,ordinary-drive-after-participation,2047027852607488,0,0,1,1,1,1,true,true,1,0,1,0,7,0,a=Some(4)|b=None,candidate=Drive|return=Modulatory|distractors=Drive,a1|b1,135,0,0,5,0,1888,16911331613120629903,3506232428758803657,true,true,true,true,true,true,true,true,true,true,true,true,true,true,true
7213,S12,law,modulation-without-eligibility,2047027853656064,0,0,1,1,1,1,true,true,0,0,0,0,1,1,a=None|b=None,candidate=Drive|return=Modulatory|distractors=Drive,a1|b1,27,0,0,1,0,1888,13062407224692380596,11070400520571821321,true,true,true,true,true,true,true,true,true,true,true,true,true,true,true
7213,S12,law,timely-modulatory-return,2047027854704640,1,0,4,1,2,1,true,true,1,0,1,0,6,1,a=None|b=None,candidate=Drive|return=Modulatory|distractors=Drive,a1|b1,136,1,0,5,0,1888,6153353392823804413,675923035514889767,true,true,true,true,true,true,true,true,true,true,true,true,true,true,true
7213,S12,law,strong-modulation-does-not-excite,2047027855753216,0,0,1,1,1,1,true,true,0,0,0,0,1,1,a=None|b=None,strong_return=Modulatory:coupling4|candidate=Drive,a1|b1,28,0,0,1,0,2000,5846707427347819780,5977944456866797175,true,true,true,true,true,true,true,true,true,true,true,true,true,true,true
7213,S12,law,dense-ordinary-nonleakage,2047027856801792,0,0,1,1,1,1,true,true,2,1,2,1,23,0,a=Some(5)|b=Some(5),candidate=Drive|return=Modulatory|distractors=Drive,a1|b1,520,0,0,16,0,1888,14053414951223556719,18127001316001999817,true,true,true,true,true,true,true,true,true,true,true,true,true,true,true
7213,S12,law,fixed-routes-r0-drive-r1-modulatory,2047027857850368,1,0,4,1,2,1,true,true,1,0,1,0,8,1,a=None|b=None,r0=Drive|r1=Modulatory|candidate=Drive,a1|b1,185,1,0,6,0,2112,11255007888454832057,18432495818890895645,true,true,true,true,true,true,true,true,true,true,true,true,true,true,true
7213,S12,law,fixed-routes-r0-modulatory-r1-drive,2047027858898944,1,0,4,1,2,1,true,true,1,0,1,0,8,1,a=None|b=None,r0=Modulatory|r1=Drive|candidate=Drive,a1|b1,185,1,0,6,0,2112,11784654269448224417,16187566973137260413,true,true,true,true,true,true,true,true,true,true,true,true,true,true,true
7213,S12,law,two-completed-modulatory-returns,2047027859947520,1,0,6,0,2,1,true,false,2,0,2,0,12,2,a=None|b=None,candidate=Drive|return=Modulatory|distractors=Drive,a1|b2,313,2,0,10,1,1888,527501733530547860,9453526435845945295,true,true,true,true,true,true,true,true,true,true,true,true,true,true,true
7213,S12,law,two-local-eligible-candidates,2047027860996096,1,1,4,4,2,2,true,true,1,1,1,0,7,1,a=None|b=None,candidate=Drive|return=Modulatory|distractors=Drive,a1|b1,171,2,0,6,0,2000,5029203761536172853,7999370841897278565,true,true,true,true,true,true,true,true,true,true,true,true,true,true,true
7213,S12,law,expired-eligibility-modulation,2047027862044672,0,0,0,1,1,1,false,true,1,0,1,0,6,1,a=None|b=None,candidate=Drive|return=Modulatory|distractors=Drive,a2|b1,137,0,0,5,1,1888,10873057906088627046,12359821281339112842,true,true,true,true,true,true,true,true,true,true,true,true,true,true,true
7213,S12,law,simultaneous-drive-and-modulation,2047027863093248,1,0,4,1,2,1,true,true,2,0,2,0,11,1,a=Some(8)|b=None,candidate=Drive|return=Modulatory|distractors=Drive,a1|b1,252,1,0,9,0,1888,4586932978220363574,7598249357781158695,true,true,true,true,true,true,true,true,true,true,true,true,true,true,true
7213,S12,law,dense-parallel-crossed-routes,2047027864141824,1,0,4,1,2,1,true,true,2,2,2,2,29,1,a=None|b=Some(5),candidate=Drive|return=Modulatory|distractors=Drive,a1|b1,729,1,0,21,0,1888,6976726991556602975,1191396224003828391,true,true,true,true,true,true,true,true,true,true,true,true,true,true,true
7213,S12,px0,acquisition,2047027869384704,0,0,11,0,2,1,true,false,4,0,4,0,24,4,a=None|b=None,candidate=Drive|return=Modulatory,a1|b2,535,4,0,20,1,992,5722203227582034387,11740316449108812996,true,true,true,true,true,true,true,true,true,true,true,true,true,true,true
7213,S12,px0,probation,2047027870433280,0,0,0,0,2,1,false,false,1,0,1,0,6,1,a=None|b=None,candidate=Drive|return=Modulatory,a2|b2,109,1,0,5,2,992,1733905360318164402,7403105032147209475,true,true,true,true,true,true,true,true,true,true,true,true,true,true,true
7213,S12,px0,stable-return-specificity,2047027871481856,0,0,4,1,2,1,true,true,1,1,1,1,11,1,a=None|b=Some(4),candidate=Drive|return=Modulatory,a1|b1,180,1,0,9,0,992,2749201382306401758,13653880636100564809,true,true,true,true,true,true,true,true,true,true,true,true,true,true,true
7213,S12,px0,forgetting,2047027872530432,0,0,0,0,2,1,false,false,4,0,4,0,24,4,a=None|b=None,candidate=Drive|return=Modulatory,a2|b2,553,4,0,20,2,992,7003061298024471400,559966089436522960,true,true,true,true,true,true,true,true,true,true,true,true,true,true,true
7213,S12,px0,fresh-reproposal,2047027873579008,0,0,1,0,1,0,true,false,4,0,2,0,7,0,fresh=Some(15),candidate=Drive|return=Modulatory,old2|fresh6,85,0,0,6,1,560,3983487124282189240,484867464802159246,true,true,true,true,true,true,true,true,true,true,true,true,true,true,true
7213,S12,px0,reacquisition,2047027874627584,0,0,11,0,2,0,true,false,11,0,5,0,17,4,fresh=None,candidate=Drive|return=Modulatory,old2|fresh6,276,4,0,16,1,560,15982947262827183604,1928007073886723330,true,true,true,true,true,true,true,true,true,true,true,true,true,true,true
7213,S12,px1,support-a,2047027886161920,1,0,6,0,2,1,true,false,2,0,2,0,12,2,a=None|b=None,candidate=Drive|return=Modulatory,a1|b2,225,2,0,10,1,992,14464407696460773808,15958600909843920947,true,true,true,true,true,true,true,true,true,true,true,true,true,true,true
7213,S12,px1,support-b,2047027887210496,0,1,0,6,1,2,false,true,0,2,0,2,12,2,a=None|b=None,candidate=Drive|return=Modulatory,a2|b1,225,2,0,10,1,992,16523233223057179044,17018218465315874431,true,true,true,true,true,true,true,true,true,true,true,true,true,true,true
7213,S12,px1,no-support,2047027888259072,0,0,1,1,1,1,true,true,0,0,0,0,0,0,a=None|b=None,candidate=Drive|return=Modulatory,a1|b1,0,0,0,0,0,992,3333667159874280477,15866107992126341245,true,true,true,true,true,true,true,true,true,true,true,true,true,true,true
7213,S12,px1,participation-return-blocked,2047027889307648,0,0,0,1,1,1,false,true,1,0,2,0,9,0,a=None|b=None,candidate=Drive|return=Modulatory,a2|b1,136,0,0,7,1,992,5571294841387962989,11682276062624950654,true,true,true,true,true,true,true,true,true,true,true,true,true,true,true
7213,S12,px1,return-without-participation,2047027890356224,0,0,0,0,1,1,false,false,0,0,0,0,2,2,a=None|b=None,candidate=Drive|return=Modulatory,a2|b2,51,0,0,2,2,992,10621658361260079659,14743209278213509420,true,true,true,true,true,true,true,true,true,true,true,true,true,true,true
7213,S12,px1,joint-participation,2047027891404800,1,1,6,6,2,2,true,true,2,2,2,2,24,4,a=None|b=None,candidate=Drive|return=Modulatory,a1|b1,528,4,0,20,0,992,12384836863878647425,13018642542185715089,true,true,true,true,true,true,true,true,true,true,true,true,true,true,true
7213,S12,px2,forward-traversal-return,2047027902939136,1,0,6,0,2,1,true,false,2,0,2,0,12,2,a=None|b=None,candidate=Drive|return=Modulatory,a1|b2,225,2,0,10,1,992,1730024408437397914,8682666721295565669,true,true,true,true,true,true,true,true,true,true,true,true,true,true,true
7213,S12,px2,reverse-traversal-return,2047027903987712,0,1,0,6,1,2,false,true,0,2,0,2,12,2,a=None|b=None,candidate=Drive|return=Modulatory,a2|b1,225,2,0,10,1,992,8272806044239729226,13181846837499159353,true,true,true,true,true,true,true,true,true,true,true,true,true,true,true
7213,S12,px2,correlation-without-traversal,2047027905036288,0,0,0,0,1,1,false,false,0,0,0,0,12,12,a=None|b=None,candidate=Drive|return=Modulatory,a2|b2,376,0,0,12,2,992,15878608977125898698,11342732185073540363,true,true,true,true,true,true,true,true,true,true,true,true,true,true,true
7213,S12,px2,forward-return-blocked,2047027906084864,0,0,0,1,1,1,false,true,1,0,2,0,9,0,a=None|b=None,candidate=Drive|return=Modulatory,a2|b1,136,0,0,7,1,992,6157105578658561283,8079899277226961224,true,true,true,true,true,true,true,true,true,true,true,true,true,true,true
7213,S12,px2,joint-traversal-return,2047027907133440,1,1,6,6,2,2,true,true,2,2,2,2,24,4,a=None|b=None,candidate=Drive|return=Modulatory,a1|b1,528,4,0,20,0,992,1079396908297226319,14206252438876321663,true,true,true,true,true,true,true,true,true,true,true,true,true,true,true
7213,S12,px2,forward-with-wrong-way-observation,2047027908182016,1,0,6,0,2,1,true,false,2,0,2,0,18,8,a=None|b=None,candidate=Drive|return=Modulatory,a1|b2,455,2,0,16,1,992,2922671610673488130,11377064934411038134,true,true,true,true,true,true,true,true,true,true,true,true,true,true,true
7213,S12,px2,reverse-with-wrong-way-observation,2047027909230592,0,1,0,6,1,2,false,true,0,2,0,2,18,8,a=None|b=None,candidate=Drive|return=Modulatory,a2|b1,455,2,0,16,1,992,18085217726839267660,15304202158130073682,true,true,true,true,true,true,true,true,true,true,true,true,true,true,true
7219,S13,law,ordinary-drive-after-participation,2047029463220224,0,0,1,1,1,1,true,true,1,0,1,0,7,0,a=Some(4)|b=None,candidate=Drive|return=Modulatory|distractors=Drive,a1|b1,175,0,0,5,0,2784,11417828676301945871,16663453841971753949,true,true,true,true,true,true,true,true,true,true,true,true,true,true,true
7219,S13,law,modulation-without-eligibility,2047029464268800,0,0,1,1,1,1,true,true,0,0,0,0,1,1,a=None|b=None,candidate=Drive|return=Modulatory|distractors=Drive,a1|b1,35,0,0,1,0,2784,11311024849667543896,3612465246029655965,true,true,true,true,true,true,true,true,true,true,true,true,true,true,true
7219,S13,law,timely-modulatory-return,2047029465317376,1,0,4,1,2,1,true,true,1,0,1,0,6,1,a=None|b=None,candidate=Drive|return=Modulatory|distractors=Drive,a1|b1,176,1,0,5,0,2784,7488618182459748725,12555896024546591051,true,true,true,true,true,true,true,true,true,true,true,true,true,true,true
7219,S13,law,strong-modulation-does-not-excite,2047029466365952,0,0,1,1,1,1,true,true,0,0,0,0,1,1,a=None|b=None,strong_return=Modulatory:coupling4|candidate=Drive,a1|b1,36,0,0,1,0,2896,4474555302154551481,11537692383628799622,true,true,true,true,true,true,true,true,true,true,true,true,true,true,true
7219,S13,law,dense-ordinary-nonleakage,2047029467414528,0,0,1,1,1,1,true,true,2,1,2,1,39,0,a=Some(5)|b=Some(5),candidate=Drive|return=Modulatory|distractors=Drive,a1|b1,1184,0,0,24,0,2784,14550568284484973203,1605420748644430941,true,true,true,true,true,true,true,true,true,true,true,true,true,true,true
7219,S13,law,fixed-routes-r0-drive-r1-modulatory,2047029468463104,1,0,4,1,2,1,true,true,1,0,1,0,8,1,a=None|b=None,r0=Drive|r1=Modulatory|candidate=Drive,a1|b1,233,1,0,6,0,3008,17042750431650156277,18188215139180900471,true,true,true,true,true,true,true,true,true,true,true,true,true,true,true
7219,S13,law,fixed-routes-r0-modulatory-r1-drive,2047029469511680,1,0,4,1,2,1,true,true,1,0,1,0,8,1,a=None|b=None,r0=Modulatory|r1=Drive|candidate=Drive,a1|b1,233,1,0,6,0,3008,9288893422067073073,2208242392652471007,true,true,true,true,true,true,true,true,true,true,true,true,true,true,true
7219,S13,law,two-completed-modulatory-returns,2047029470560256,1,0,6,0,2,1,true,false,2,0,2,0,12,2,a=None|b=None,candidate=Drive|return=Modulatory|distractors=Drive,a1|b2,401,2,0,10,1,2784,12750179913721881364,8993982626336736035,true,true,true,true,true,true,true,true,true,true,true,true,true,true,true
7219,S13,law,two-local-eligible-candidates,2047029471608832,1,1,4,4,2,2,true,true,1,1,1,0,7,1,a=None|b=None,candidate=Drive|return=Modulatory|distractors=Drive,a1|b1,219,2,0,6,0,2896,17787365614399879280,591449863794321772,true,true,true,true,true,true,true,true,true,true,true,true,true,true,true
7219,S13,law,expired-eligibility-modulation,2047029472657408,0,0,0,1,1,1,false,true,1,0,1,0,6,1,a=None|b=None,candidate=Drive|return=Modulatory|distractors=Drive,a2|b1,177,0,0,5,1,2784,3245457815923466606,740752480352117814,true,true,true,true,true,true,true,true,true,true,true,true,true,true,true
7219,S13,law,simultaneous-drive-and-modulation,2047029473705984,1,0,4,1,2,1,true,true,2,0,2,0,11,1,a=Some(8)|b=None,candidate=Drive|return=Modulatory|distractors=Drive,a1|b1,324,1,0,9,0,2784,8107341148678913086,3486830747719069259,true,true,true,true,true,true,true,true,true,true,true,true,true,true,true
7219,S13,law,dense-parallel-crossed-routes,2047029474754560,1,0,4,1,2,1,true,true,2,2,2,2,45,1,a=None|b=Some(5),candidate=Drive|return=Modulatory|distractors=Drive,a1|b1,1489,1,0,29,0,2784,683294798044108505,6071370732603128683,true,true,true,true,true,true,true,true,true,true,true,true,true,true,true
7219,S13,px0,acquisition,2047029479997440,0,0,11,0,2,1,true,false,4,0,4,0,24,4,a=None|b=None,candidate=Drive|return=Modulatory,a1|b2,535,4,0,20,1,992,14969477316425027374,1359406061817951929,true,true,true,true,true,true,true,true,true,true,true,true,true,true,true
7219,S13,px0,probation,2047029481046016,0,0,0,0,2,1,false,false,1,0,1,0,6,1,a=None|b=None,candidate=Drive|return=Modulatory,a2|b2,109,1,0,5,2,992,16986045598993585934,7006492830680145590,true,true,true,true,true,true,true,true,true,true,true,true,true,true,true
7219,S13,px0,stable-return-specificity,2047029482094592,0,0,4,1,2,1,true,true,1,1,1,1,11,1,a=None|b=Some(4),candidate=Drive|return=Modulatory,a1|b1,180,1,0,9,0,992,12868224910298027491,1700679088929836708,true,true,true,true,true,true,true,true,true,true,true,true,true,true,true
7219,S13,px0,forgetting,2047029483143168,0,0,0,0,2,1,false,false,4,0,4,0,24,4,a=None|b=None,candidate=Drive|return=Modulatory,a2|b2,553,4,0,20,2,992,16694418820677602752,17191952801978667205,true,true,true,true,true,true,true,true,true,true,true,true,true,true,true
7219,S13,px0,fresh-reproposal,2047029484191744,0,0,1,0,1,0,true,false,4,0,2,0,7,0,fresh=Some(15),candidate=Drive|return=Modulatory,old2|fresh6,85,0,0,6,1,560,44705827615731428,6213676957740236986,true,true,true,true,true,true,true,true,true,true,true,true,true,true,true
7219,S13,px0,reacquisition,2047029485240320,0,0,11,0,2,0,true,false,11,0,5,0,17,4,fresh=None,candidate=Drive|return=Modulatory,old2|fresh6,276,4,0,16,1,560,3514599355835030866,9411341243828174654,true,true,true,true,true,true,true,true,true,true,true,true,true,true,true
7219,S13,px1,support-a,2047029496774656,1,0,6,0,2,1,true,false,2,0,2,0,12,2,a=None|b=None,candidate=Drive|return=Modulatory,a1|b2,225,2,0,10,1,992,7025736831733864409,14443718444945082338,true,true,true,true,true,true,true,true,true,true,true,true,true,true,true
7219,S13,px1,support-b,2047029497823232,0,1,0,6,1,2,false,true,0,2,0,2,12,2,a=None|b=None,candidate=Drive|return=Modulatory,a2|b1,225,2,0,10,1,992,2372285801603122803,5169551773235037902,true,true,true,true,true,true,true,true,true,true,true,true,true,true,true
7219,S13,px1,no-support,2047029498871808,0,0,1,1,1,1,true,true,0,0,0,0,0,0,a=None|b=None,candidate=Drive|return=Modulatory,a1|b1,0,0,0,0,0,992,17382084760839975156,6454318600135335236,true,true,true,true,true,true,true,true,true,true,true,true,true,true,true
7219,S13,px1,participation-return-blocked,2047029499920384,0,0,0,1,1,1,false,true,1,0,2,0,9,0,a=None|b=None,candidate=Drive|return=Modulatory,a2|b1,136,0,0,7,1,992,2786691549112613960,3474661915590491959,true,true,true,true,true,true,true,true,true,true,true,true,true,true,true
7219,S13,px1,return-without-participation,2047029500968960,0,0,0,0,1,1,false,false,0,0,0,0,2,2,a=None|b=None,candidate=Drive|return=Modulatory,a2|b2,51,0,0,2,2,992,15858589149744848678,9577965906363022765,true,true,true,true,true,true,true,true,true,true,true,true,true,true,true
7219,S13,px1,joint-participation,2047029502017536,1,1,6,6,2,2,true,true,2,2,2,2,24,4,a=None|b=None,candidate=Drive|return=Modulatory,a1|b1,528,4,0,20,0,992,7142155587153030502,1165626415105356664,true,true,true,true,true,true,true,true,true,true,true,true,true,true,true
7219,S13,px2,forward-traversal-return,2047029513551872,1,0,6,0,2,1,true,false,2,0,2,0,12,2,a=None|b=None,candidate=Drive|return=Modulatory,a1|b2,225,2,0,10,1,992,7912969482438382387,4664946158025707136,true,true,true,true,true,true,true,true,true,true,true,true,true,true,true
7219,S13,px2,reverse-traversal-return,2047029514600448,0,1,0,6,1,2,false,true,0,2,0,2,12,2,a=None|b=None,candidate=Drive|return=Modulatory,a2|b1,225,2,0,10,1,992,7797079983979459769,17085507612229019228,true,true,true,true,true,true,true,true,true,true,true,true,true,true,true
7219,S13,px2,correlation-without-traversal,2047029515649024,0,0,0,0,1,1,false,false,0,0,0,0,12,12,a=None|b=None,candidate=Drive|return=Modulatory,a2|b2,376,0,0,12,2,992,16778045634690656817,11645616308291375062,true,true,true,true,true,true,true,true,true,true,true,true,true,true,true
7219,S13,px2,forward-return-blocked,2047029516697600,0,0,0,1,1,1,false,true,1,0,2,0,9,0,a=None|b=None,candidate=Drive|return=Modulatory,a2|b1,136,0,0,7,1,992,18238115273444514810,11730160945499418405,true,true,true,true,true,true,true,true,true,true,true,true,true,true,true
7219,S13,px2,joint-traversal-return,2047029517746176,1,1,6,6,2,2,true,true,2,2,2,2,24,4,a=None|b=None,candidate=Drive|return=Modulatory,a1|b1,528,4,0,20,0,992,11721399284051076344,18172247437800603234,true,true,true,true,true,true,true,true,true,true,true,true,true,true,true
7219,S13,px2,forward-with-wrong-way-observation,2047029518794752,1,0,6,0,2,1,true,false,2,0,2,0,18,8,a=None|b=None,candidate=Drive|return=Modulatory,a1|b2,460,2,0,16,1,992,14625635154151903148,12701828860759044723,true,true,true,true,true,true,true,true,true,true,true,true,true,true,true
7219,S13,px2,reverse-with-wrong-way-observation,2047029519843328,0,1,0,6,1,2,false,true,0,2,0,2,18,8,a=None|b=None,candidate=Drive|return=Modulatory,a2|b1,460,2,0,16,1,992,9488053094098072266,14377278152824488807,true,true,true,true,true,true,true,true,true,true,true,true,true,true,true
7229,S14,law,ordinary-drive-after-participation,2047032147574784,0,0,1,1,1,1,true,true,1,0,1,0,7,0,a=Some(4)|b=None,candidate=Drive|return=Modulatory|distractors=Drive,a1|b1,255,0,0,5,0,4576,593050873210859179,4298386560874577117,true,true,true,true,true,true,true,true,true,true,true,true,true,true,true
7229,S14,law,modulation-without-eligibility,2047032148623360,0,0,1,1,1,1,true,true,0,0,0,0,1,1,a=None|b=None,candidate=Drive|return=Modulatory|distractors=Drive,a1|b1,51,0,0,1,0,4576,14733473762690592124,5029224774270561981,true,true,true,true,true,true,true,true,true,true,true,true,true,true,true
7229,S14,law,timely-modulatory-return,2047032149671936,1,0,4,1,2,1,true,true,1,0,1,0,6,1,a=None|b=None,candidate=Drive|return=Modulatory|distractors=Drive,a1|b1,256,1,0,5,0,4576,8305811643629211393,4086902546798974659,true,true,true,true,true,true,true,true,true,true,true,true,true,true,true
7229,S14,law,strong-modulation-does-not-excite,2047032150720512,0,0,1,1,1,1,true,true,0,0,0,0,1,1,a=None|b=None,strong_return=Modulatory:coupling4|candidate=Drive,a1|b1,52,0,0,1,0,4688,16090145177674905407,6882088155316399948,true,true,true,true,true,true,true,true,true,true,true,true,true,true,true
7229,S14,law,dense-ordinary-nonleakage,2047032151769088,0,0,1,1,1,1,true,true,2,1,2,1,71,0,a=Some(5)|b=Some(5),candidate=Drive|return=Modulatory|distractors=Drive,a1|b1,3280,0,0,40,0,4576,15362347406245991163,10720777044603637725,true,true,true,true,true,true,true,true,true,true,true,true,true,true,true
7229,S14,law,fixed-routes-r0-drive-r1-modulatory,2047032152817664,1,0,4,1,2,1,true,true,1,0,1,0,8,1,a=None|b=None,r0=Drive|r1=Modulatory|candidate=Drive,a1|b1,329,1,0,6,0,4800,17968536130987982239,3003141103007024835,true,true,true,true,true,true,true,true,true,true,true,true,true,true,true
7229,S14,law,fixed-routes-r0-modulatory-r1-drive,2047032153866240,1,0,4,1,2,1,true,true,1,0,1,0,8,1,a=None|b=None,r0=Modulatory|r1=Drive|candidate=Drive,a1|b1,329,1,0,6,0,4800,4920698747017307319,18328917019713259239,true,true,true,true,true,true,true,true,true,true,true,true,true,true,true
7229,S14,law,two-completed-modulatory-returns,2047032154914816,1,0,6,0,2,1,true,false,2,0,2,0,12,2,a=None|b=None,candidate=Drive|return=Modulatory|distractors=Drive,a1|b2,577,2,0,10,1,4576,5013518937611638556,9169973340987999611,true,true,true,true,true,true,true,true,true,true,true,true,true,true,true
7229,S14,law,two-local-eligible-candidates,2047032155963392,1,1,4,4,2,2,true,true,1,1,1,0,7,1,a=None|b=None,candidate=Drive|return=Modulatory|distractors=Drive,a1|b1,315,2,0,6,0,4688,16869869646346346410,3508235142937758510,true,true,true,true,true,true,true,true,true,true,true,true,true,true,true
7229,S14,law,expired-eligibility-modulation,2047032157011968,0,0,0,1,1,1,false,true,1,0,1,0,6,1,a=None|b=None,candidate=Drive|return=Modulatory|distractors=Drive,a2|b1,257,0,0,5,1,4576,17776220198261537818,9170714406190693326,true,true,true,true,true,true,true,true,true,true,true,true,true,true,true
7229,S14,law,simultaneous-drive-and-modulation,2047032158060544,1,0,4,1,2,1,true,true,2,0,2,0,11,1,a=Some(8)|b=None,candidate=Drive|return=Modulatory|distractors=Drive,a1|b1,468,1,0,9,0,4576,4509983656848829730,17143819977203499715,true,true,true,true,true,true,true,true,true,true,true,true,true,true,true
7229,S14,law,dense-parallel-crossed-routes,2047032159109120,1,0,4,1,2,1,true,true,2,2,2,2,77,1,a=None|b=Some(5),candidate=Drive|return=Modulatory|distractors=Drive,a1|b1,3809,1,0,45,0,4576,9921302455094811345,7240754133520549667,true,true,true,true,true,true,true,true,true,true,true,true,true,true,true
7229,S14,px0,acquisition,2047032164352000,0,0,11,0,2,1,true,false,4,0,4,0,24,4,a=None|b=None,candidate=Drive|return=Modulatory,a1|b2,535,4,0,20,1,992,14594146088052971389,2140510806486417870,true,true,true,true,true,true,true,true,true,true,true,true,true,true,true
7229,S14,px0,probation,2047032165400576,0,0,0,0,2,1,false,false,1,0,1,0,6,1,a=None|b=None,candidate=Drive|return=Modulatory,a2|b2,109,1,0,5,2,992,4721675817867208294,15312510392657017225,true,true,true,true,true,true,true,true,true,true,true,true,true,true,true
7229,S14,px0,stable-return-specificity,2047032166449152,0,0,4,1,2,1,true,true,1,1,1,1,11,1,a=None|b=Some(4),candidate=Drive|return=Modulatory,a1|b1,180,1,0,9,0,992,2298766552944059260,3365088478949658499,true,true,true,true,true,true,true,true,true,true,true,true,true,true,true
7229,S14,px0,forgetting,2047032167497728,0,0,0,0,2,1,false,false,4,0,4,0,24,4,a=None|b=None,candidate=Drive|return=Modulatory,a2|b2,553,4,0,20,2,992,2854081467698938572,12876508546991838018,true,true,true,true,true,true,true,true,true,true,true,true,true,true,true
7229,S14,px0,fresh-reproposal,2047032168546304,0,0,1,0,1,0,true,false,4,0,2,0,7,0,fresh=Some(15),candidate=Drive|return=Modulatory,old2|fresh6,85,0,0,6,1,560,6399022588866250417,3636728348051912647,true,true,true,true,true,true,true,true,true,true,true,true,true,true,true
7229,S14,px0,reacquisition,2047032169594880,0,0,11,0,2,0,true,false,11,0,5,0,17,4,fresh=None,candidate=Drive|return=Modulatory,old2|fresh6,280,4,0,16,1,560,7695157259308402913,12642853650540080715,true,true,true,true,true,true,true,true,true,true,true,true,true,true,true
7229,S14,px1,support-a,2047032181129216,1,0,6,0,2,1,true,false,2,0,2,0,12,2,a=None|b=None,candidate=Drive|return=Modulatory,a1|b2,225,2,0,10,1,992,4494995805221082182,18033133544453914677,true,true,true,true,true,true,true,true,true,true,true,true,true,true,true
7229,S14,px1,support-b,2047032182177792,0,1,0,6,1,2,false,true,0,2,0,2,12,2,a=None|b=None,candidate=Drive|return=Modulatory,a2|b1,225,2,0,10,1,992,854051629587082122,10535328112762842561,true,true,true,true,true,true,true,true,true,true,true,true,true,true,true
7229,S14,px1,no-support,2047032183226368,0,0,1,1,1,1,true,true,0,0,0,0,0,0,a=None|b=None,candidate=Drive|return=Modulatory,a1|b1,0,0,0,0,0,992,5360533274142659099,8038911736636597611,true,true,true,true,true,true,true,true,true,true,true,true,true,true,true
7229,S14,px1,participation-return-blocked,2047032184274944,0,0,0,1,1,1,false,true,1,0,2,0,9,0,a=None|b=None,candidate=Drive|return=Modulatory,a2|b1,136,0,0,7,1,992,14705576681627737539,4800453291341254816,true,true,true,true,true,true,true,true,true,true,true,true,true,true,true
7229,S14,px1,return-without-participation,2047032185323520,0,0,0,0,1,1,false,false,0,0,0,0,2,2,a=None|b=None,candidate=Drive|return=Modulatory,a2|b2,51,0,0,2,2,992,1790211683144022425,16347188324753478938,true,true,true,true,true,true,true,true,true,true,true,true,true,true,true
7229,S14,px1,joint-participation,2047032186372096,1,1,6,6,2,2,true,true,2,2,2,2,24,4,a=None|b=None,candidate=Drive|return=Modulatory,a1|b1,528,4,0,20,0,992,12165154809443691543,10987698225644927919,true,true,true,true,true,true,true,true,true,true,true,true,true,true,true
7229,S14,px2,forward-traversal-return,2047032197906432,1,0,6,0,2,1,true,false,2,0,2,0,12,2,a=None|b=None,candidate=Drive|return=Modulatory,a1|b2,225,2,0,10,1,992,528732617065613364,16060791057423829911,true,true,true,true,true,true,true,true,true,true,true,true,true,true,true
7229,S14,px2,reverse-traversal-return,2047032198955008,0,1,0,6,1,2,false,true,0,2,0,2,12,2,a=None|b=None,candidate=Drive|return=Modulatory,a2|b1,225,2,0,10,1,992,8265563637929135088,5735607121726368003,true,true,true,true,true,true,true,true,true,true,true,true,true,true,true
7229,S14,px2,correlation-without-traversal,2047032200003584,0,0,0,0,1,1,false,false,0,0,0,0,12,12,a=None|b=None,candidate=Drive|return=Modulatory,a2|b2,396,0,0,12,2,992,13105734623466052196,3949332082969625033,true,true,true,true,true,true,true,true,true,true,true,true,true,true,true
7229,S14,px2,forward-return-blocked,2047032201052160,0,0,0,1,1,1,false,true,1,0,2,0,9,0,a=None|b=None,candidate=Drive|return=Modulatory,a2|b1,136,0,0,7,1,992,13656877118304391617,6183937133067277186,true,true,true,true,true,true,true,true,true,true,true,true,true,true,true
7229,S14,px2,joint-traversal-return,2047032202100736,1,1,6,6,2,2,true,true,2,2,2,2,24,4,a=None|b=None,candidate=Drive|return=Modulatory,a1|b1,528,4,0,20,0,992,11595998335698388577,562088429923926117,true,true,true,true,true,true,true,true,true,true,true,true,true,true,true
7229,S14,px2,forward-with-wrong-way-observation,2047032203149312,1,0,6,0,2,1,true,false,2,0,2,0,18,8,a=None|b=None,candidate=Drive|return=Modulatory,a1|b2,465,2,0,16,1,992,15038625304739838630,3948778380362194268,true,true,true,true,true,true,true,true,true,true,true,true,true,true,true
7229,S14,px2,reverse-with-wrong-way-observation,2047032204197888,0,1,0,6,1,2,false,true,0,2,0,2,18,8,a=None|b=None,candidate=Drive|return=Modulatory,a2|b1,465,2,0,16,1,992,4111182982240883956,18016614688440435480,true,true,true,true,true,true,true,true,true,true,true,true,true,true,true
7237,S15,law,ordinary-drive-after-participation,2047034295058432,0,0,1,1,1,1,true,true,1,0,1,0,7,0,a=Some(4)|b=None,candidate=Drive|return=Modulatory|distractors=Drive,a1|b1,415,0,0,5,0,8160,10023127122190032658,3136247645444664984,true,true,true,true,true,true,true,true,true,true,true,true,true,true,true
7237,S15,law,modulation-without-eligibility,2047034296107008,0,0,1,1,1,1,true,true,0,0,0,0,1,1,a=None|b=None,candidate=Drive|return=Modulatory|distractors=Drive,a1|b1,83,0,0,1,0,8160,15992102771787667505,1263619010208816792,true,true,true,true,true,true,true,true,true,true,true,true,true,true,true
7237,S15,law,timely-modulatory-return,2047034297155584,1,0,4,1,2,1,true,true,1,0,1,0,6,1,a=None|b=None,candidate=Drive|return=Modulatory|distractors=Drive,a1|b1,416,1,0,5,0,8160,10763466337438979092,10046261492709714494,true,true,true,true,true,true,true,true,true,true,true,true,true,true,true
7237,S15,law,strong-modulation-does-not-excite,2047034298204160,0,0,1,1,1,1,true,true,0,0,0,0,1,1,a=None|b=None,strong_return=Modulatory:coupling4|candidate=Drive,a1|b1,84,0,0,1,0,8272,3054951197743858913,8547286892409239966,true,true,true,true,true,true,true,true,true,true,true,true,true,true,true
7237,S15,law,dense-ordinary-nonleakage,2047034299252736,0,0,1,1,1,1,true,true,2,1,2,1,135,0,a=Some(5)|b=Some(5),candidate=Drive|return=Modulatory|distractors=Drive,a1|b1,10544,0,0,72,0,8160,6999822764220813418,11292113946207480728,true,true,true,true,true,true,true,true,true,true,true,true,true,true,true
7237,S15,law,fixed-routes-r0-drive-r1-modulatory,2047034300301312,1,0,4,1,2,1,true,true,1,0,1,0,8,1,a=None|b=None,r0=Drive|r1=Modulatory|candidate=Drive,a1|b1,521,1,0,6,0,8384,18275069695572044506,2009088716223585924,true,true,true,true,true,true,true,true,true,true,true,true,true,true,true
7237,S15,law,fixed-routes-r0-modulatory-r1-drive,2047034301349888,1,0,4,1,2,1,true,true,1,0,1,0,8,1,a=None|b=None,r0=Modulatory|r1=Drive|candidate=Drive,a1|b1,521,1,0,6,0,8384,2619095832303485206,16433100347717838608,true,true,true,true,true,true,true,true,true,true,true,true,true,true,true
7237,S15,law,two-completed-modulatory-returns,2047034302398464,1,0,6,0,2,1,true,false,2,0,2,0,12,2,a=None|b=None,candidate=Drive|return=Modulatory|distractors=Drive,a1|b2,929,2,0,10,1,8160,11305163974426744961,5445760434846267166,true,true,true,true,true,true,true,true,true,true,true,true,true,true,true
7237,S15,law,two-local-eligible-candidates,2047034303447040,1,1,4,4,2,2,true,true,1,1,1,0,7,1,a=None|b=None,candidate=Drive|return=Modulatory|distractors=Drive,a1|b1,507,2,0,6,0,8272,11725789947830767576,1140115952912782788,true,true,true,true,true,true,true,true,true,true,true,true,true,true,true
7237,S15,law,expired-eligibility-modulation,2047034304495616,0,0,0,1,1,1,false,true,1,0,1,0,6,1,a=None|b=None,candidate=Drive|return=Modulatory|distractors=Drive,a2|b1,417,0,0,5,1,8160,5940665837160929463,8625622511824029579,true,true,true,true,true,true,true,true,true,true,true,true,true,true,true
7237,S15,law,simultaneous-drive-and-modulation,2047034305544192,1,0,4,1,2,1,true,true,2,0,2,0,11,1,a=Some(8)|b=None,candidate=Drive|return=Modulatory|distractors=Drive,a1|b1,756,1,0,9,0,8160,8412928693490742063,11874686385054708798,true,true,true,true,true,true,true,true,true,true,true,true,true,true,true
7237,S15,law,dense-parallel-crossed-routes,2047034306592768,1,0,4,1,2,1,true,true,2,2,2,2,141,1,a=None|b=Some(5),candidate=Drive|return=Modulatory|distractors=Drive,a1|b1,11489,1,0,77,0,8160,18049328713126287812,2176809363301200478,true,true,true,true,true,true,true,true,true,true,true,true,true,true,true
7237,S15,px0,acquisition,2047034311835648,0,0,11,0,2,1,true,false,4,0,4,0,24,4,a=None|b=None,candidate=Drive|return=Modulatory,a1|b2,535,4,0,20,1,992,16453265461793064940,12234539518320177355,true,true,true,true,true,true,true,true,true,true,true,true,true,true,true
7237,S15,px0,probation,2047034312884224,0,0,0,0,2,1,false,false,1,0,1,0,6,1,a=None|b=None,candidate=Drive|return=Modulatory,a2|b2,109,1,0,5,2,992,3880132087002622494,15140822290118941380,true,true,true,true,true,true,true,true,true,true,true,true,true,true,true
7237,S15,px0,stable-return-specificity,2047034313932800,0,0,4,1,2,1,true,true,1,1,1,1,11,1,a=None|b=Some(4),candidate=Drive|return=Modulatory,a1|b1,180,1,0,9,0,992,5464839250526990905,2867530500050818558,true,true,true,true,true,true,true,true,true,true,true,true,true,true,true
7237,S15,px0,forgetting,2047034314981376,0,0,0,0,2,1,false,false,4,0,4,0,24,4,a=None|b=None,candidate=Drive|return=Modulatory,a2|b2,553,4,0,20,2,992,7925707035315502272,13186890497495022303,true,true,true,true,true,true,true,true,true,true,true,true,true,true,true
7237,S15,px0,fresh-reproposal,2047034316029952,0,0,1,0,1,0,true,false,4,0,2,0,7,0,fresh=Some(15),candidate=Drive|return=Modulatory,old2|fresh6,85,0,0,6,1,560,16465187506967382163,6770935808844186941,true,true,true,true,true,true,true,true,true,true,true,true,true,true,true
7237,S15,px0,reacquisition,2047034317078528,0,0,11,0,2,0,true,false,11,0,5,0,17,4,fresh=None,candidate=Drive|return=Modulatory,old2|fresh6,280,4,0,16,1,560,6556372092445510869,16466014340844982825,true,true,true,true,true,true,true,true,true,true,true,true,true,true,true
7237,S15,px1,support-a,2047034328612864,1,0,6,0,2,1,true,false,2,0,2,0,12,2,a=None|b=None,candidate=Drive|return=Modulatory,a1|b2,225,2,0,10,1,992,11558972964151197563,18430081944942170228,true,true,true,true,true,true,true,true,true,true,true,true,true,true,true
7237,S15,px1,support-b,2047034329661440,0,1,0,6,1,2,false,true,0,2,0,2,12,2,a=None|b=None,candidate=Drive|return=Modulatory,a2|b1,225,2,0,10,1,992,7652618394356758269,9764571591268478880,true,true,true,true,true,true,true,true,true,true,true,true,true,true,true
7237,S15,px1,no-support,2047034330710016,0,0,1,1,1,1,true,true,0,0,0,0,0,0,a=None|b=None,candidate=Drive|return=Modulatory,a1|b1,0,0,0,0,0,992,5062835290782184250,1461885649878562458,true,true,true,true,true,true,true,true,true,true,true,true,true,true,true
7237,S15,px1,participation-return-blocked,2047034331758592,0,0,0,1,1,1,false,true,1,0,2,0,9,0,a=None|b=None,candidate=Drive|return=Modulatory,a2|b1,136,0,0,7,1,992,11194055665884312090,840631021582309049,true,true,true,true,true,true,true,true,true,true,true,true,true,true,true
7237,S15,px1,return-without-participation,2047034332807168,0,0,0,0,1,1,false,false,0,0,0,0,2,2,a=None|b=None,candidate=Drive|return=Modulatory,a2|b2,51,0,0,2,2,992,16421362930130822556,348368643515684739,true,true,true,true,true,true,true,true,true,true,true,true,true,true,true
7237,S15,px1,joint-participation,2047034333855744,1,1,6,6,2,2,true,true,2,2,2,2,24,4,a=None|b=None,candidate=Drive|return=Modulatory,a1|b1,528,4,0,20,0,992,17033058359708505116,12932170570691091478,true,true,true,true,true,true,true,true,true,true,true,true,true,true,true
7237,S15,px2,forward-traversal-return,2047034345390080,1,0,6,0,2,1,true,false,2,0,2,0,12,2,a=None|b=None,candidate=Drive|return=Modulatory,a1|b2,225,2,0,10,1,992,11619568133592027713,16070932405288413130,true,true,true,true,true,true,true,true,true,true,true,true,true,true,true
7237,S15,px2,reverse-traversal-return,2047034346438656,0,1,0,6,1,2,false,true,0,2,0,2,12,2,a=None|b=None,candidate=Drive|return=Modulatory,a2|b1,225,2,0,10,1,992,15424306096904310059,14671490749578228134,true,true,true,true,true,true,true,true,true,true,true,true,true,true,true
7237,S15,px2,correlation-without-traversal,2047034347487232,0,0,0,0,1,1,false,false,0,0,0,0,12,12,a=None|b=None,candidate=Drive|return=Modulatory,a2|b2,396,0,0,12,2,992,9001642974794262419,14373349494801304860,true,true,true,true,true,true,true,true,true,true,true,true,true,true,true
7237,S15,px2,forward-return-blocked,2047034348535808,0,0,0,1,1,1,false,true,1,0,2,0,9,0,a=None|b=None,candidate=Drive|return=Modulatory,a2|b1,136,0,0,7,1,992,7931644635345144300,7961310222707591927,true,true,true,true,true,true,true,true,true,true,true,true,true,true,true
7237,S15,px2,joint-traversal-return,2047034349584384,1,1,6,6,2,2,true,true,2,2,2,2,24,4,a=None|b=None,candidate=Drive|return=Modulatory,a1|b1,528,4,0,20,0,992,274901895140788090,2240721022417467240,true,true,true,true,true,true,true,true,true,true,true,true,true,true,true
7237,S15,px2,forward-with-wrong-way-observation,2047034350632960,1,0,6,0,2,1,true,false,2,0,2,0,18,8,a=None|b=None,candidate=Drive|return=Modulatory,a1|b2,470,2,0,16,1,992,8980102096773583024,10800101784809751089,true,true,true,true,true,true,true,true,true,true,true,true,true,true,true
7237,S15,px2,reverse-with-wrong-way-observation,2047034351681536,0,1,0,6,1,2,false,true,0,2,0,2,18,8,a=None|b=None,candidate=Drive|return=Modulatory,a2|b1,470,2,0,16,1,992,13464667334794302234,15626921139453597781,true,true,true,true,true,true,true,true,true,true,true,true,true,true,true
