root,namespace,reverse,reflect,twist,schedule,clause_index,clause_name,expected,actual,passed,observations,memory_pairs,maximum_work,maximum_bytes,pause_stable,resume_equal,cumulative,replay,first_failed_clause,first_divergent_state
864001,3710856038711296,false,false,0,formation=learn_twice;complete=all@61;incomplete=omit4@70;blocked=resistance0@61;stale=once_age@111;compact=direct_open_fork_ring@0+aged@10;px7=train@0+10+heldout@20,1,formation_modulation_and_updates,formation.updates>0 && formation.inward_modulation>0,outward=2~return=2~updates=12~work=14750~queue=empty~quiet=true~permanent=14506909619965505246~complete=267767791128603243,true,formation:outward=2~return=2~updates=12~work=14750~queue=empty~quiet=true~permanent=14506909619965505246~complete=267767791128603243;completed:outward=1~return=1~updates=1~work=2470~queue=empty~quiet=true~permanent=13071242592973525268~complete=7906618838226843679;incomplete:outward=0~return=0~updates=0~work=1609~queue=empty~quiet=true~permanent=10402269981313185801~complete=16759262053097372581;blocked:outward=0~return=0~updates=0~work=2265~queue=empty~quiet=true~permanent=14384049208136025343~complete=14249490562495114699;stale:outward=0~return=0~updates=0~work=1332~queue=empty~quiet=true~permanent=13145205783801312093~complete=17119158410507405934;duplicate_recursive:outward=1~return=1~updates=1~work=2582~queue=empty~quiet=true~permanent=13071242592973525268~complete=4173540017502520851;zero_length:outward=1~return=0~updates=0~work=16~queue=empty~quiet=true~permanent=1918411057580482913~complete=7111231690101391741;duplicate_physical:outward=1~return=0~updates=0~work=23~queue=empty~quiet=true~permanent=10358808959135516103~complete=17226315697679909730;open:outward=0~return=0~updates=0~work=7~queue=empty~quiet=true~permanent=9612063061163573184~complete=1482586579474058754;aged:outward=0~return=0~updates=0~work=7~queue=empty~quiet=true~permanent=13110735906901200145~complete=10645513588972108969;branch:outward=0~return=0~updates=0~work=54~queue=empty~quiet=true~permanent=6684042520218274607~complete=5360853932733773545;cycle:outward=0~return=0~updates=0~work=17~queue=empty~quiet=true~permanent=9848300131039898007~complete=8984279450229989984,primary=5488|5488;uninterrupted=5488|5488;incomplete=5488|5488;duplicate=5488|5488;blocked=5488|5488;stale=5488|5552;cumulative=2304|2304,14750,5552,true,true,pass=true~first_m=2~first_u=2~first_w=713~first_q=true~second_m=2~second_u=2~second_w=753~second_q=true~heldout_o=1~heldout_m=0~heldout_u=0~heldout_w=514~heldout_q=true~coupling=2|2~resistance=6|6~before=2304~after=2304,true,bounded_same_body_memory,none
864001,3710856038711296,false,false,0,formation=learn_twice;complete=all@61;incomplete=omit4@70;blocked=resistance0@61;stale=once_age@111;compact=direct_open_fork_ring@0+aged@10;px7=train@0+10+heldout@20,2,completed_exactly_once,completed.outward==1,outward=1~return=1~updates=1~work=2470~queue=empty~quiet=true~permanent=13071242592973525268~complete=7906618838226843679,true,formation:outward=2~return=2~updates=12~work=14750~queue=empty~quiet=true~permanent=14506909619965505246~complete=267767791128603243;completed:outward=1~return=1~updates=1~work=2470~queue=empty~quiet=true~permanent=13071242592973525268~complete=7906618838226843679;incomplete:outward=0~return=0~updates=0~work=1609~queue=empty~quiet=true~permanent=10402269981313185801~complete=16759262053097372581;blocked:outward=0~return=0~updates=0~work=2265~queue=empty~quiet=true~permanent=14384049208136025343~complete=14249490562495114699;stale:outward=0~return=0~updates=0~work=1332~queue=empty~quiet=true~permanent=13145205783801312093~complete=17119158410507405934;duplicate_recursive:outward=1~return=1~updates=1~work=2582~queue=empty~quiet=true~permanent=13071242592973525268~complete=4173540017502520851;zero_length:outward=1~return=0~updates=0~work=16~queue=empty~quiet=true~permanent=1918411057580482913~complete=7111231690101391741;duplicate_physical:outward=1~return=0~updates=0~work=23~queue=empty~quiet=true~permanent=10358808959135516103~complete=17226315697679909730;open:outward=0~return=0~updates=0~work=7~queue=empty~quiet=true~permanent=9612063061163573184~complete=1482586579474058754;aged:outward=0~return=0~updates=0~work=7~queue=empty~quiet=true~permanent=13110735906901200145~complete=10645513588972108969;branch:outward=0~return=0~updates=0~work=54~queue=empty~quiet=true~permanent=6684042520218274607~complete=5360853932733773545;cycle:outward=0~return=0~updates=0~work=17~queue=empty~quiet=true~permanent=9848300131039898007~complete=8984279450229989984,primary=5488|5488;uninterrupted=5488|5488;incomplete=5488|5488;duplicate=5488|5488;blocked=5488|5488;stale=5488|5552;cumulative=2304|2304,14750,5552,true,true,pass=true~first_m=2~first_u=2~first_w=713~first_q=true~second_m=2~second_u=2~second_w=753~second_q=true~heldout_o=1~heldout_m=0~heldout_u=0~heldout_w=514~heldout_q=true~coupling=2|2~resistance=6|6~before=2304~after=2304,true,bounded_same_body_memory,none
864001,3710856038711296,false,false,0,formation=learn_twice;complete=all@61;incomplete=omit4@70;blocked=resistance0@61;stale=once_age@111;compact=direct_open_fork_ring@0+aged@10;px7=train@0+10+heldout@20,3,completed_return_and_update,completed.return==1 && completed.updates==1,outward=1~return=1~updates=1~work=2470~queue=empty~quiet=true~permanent=13071242592973525268~complete=7906618838226843679,true,formation:outward=2~return=2~updates=12~work=14750~queue=empty~quiet=true~permanent=14506909619965505246~complete=267767791128603243;completed:outward=1~return=1~updates=1~work=2470~queue=empty~quiet=true~permanent=13071242592973525268~complete=7906618838226843679;incomplete:outward=0~return=0~updates=0~work=1609~queue=empty~quiet=true~permanent=10402269981313185801~complete=16759262053097372581;blocked:outward=0~return=0~updates=0~work=2265~queue=empty~quiet=true~permanent=14384049208136025343~complete=14249490562495114699;stale:outward=0~return=0~updates=0~work=1332~queue=empty~quiet=true~permanent=13145205783801312093~complete=17119158410507405934;duplicate_recursive:outward=1~return=1~updates=1~work=2582~queue=empty~quiet=true~permanent=13071242592973525268~complete=4173540017502520851;zero_length:outward=1~return=0~updates=0~work=16~queue=empty~quiet=true~permanent=1918411057580482913~complete=7111231690101391741;duplicate_physical:outward=1~return=0~updates=0~work=23~queue=empty~quiet=true~permanent=10358808959135516103~complete=17226315697679909730;open:outward=0~return=0~updates=0~work=7~queue=empty~quiet=true~permanent=9612063061163573184~complete=1482586579474058754;aged:outward=0~return=0~updates=0~work=7~queue=empty~quiet=true~permanent=13110735906901200145~complete=10645513588972108969;branch:outward=0~return=0~updates=0~work=54~queue=empty~quiet=true~permanent=6684042520218274607~complete=5360853932733773545;cycle:outward=0~return=0~updates=0~work=17~queue=empty~quiet=true~permanent=9848300131039898007~complete=8984279450229989984,primary=5488|5488;uninterrupted=5488|5488;incomplete=5488|5488;duplicate=5488|5488;blocked=5488|5488;stale=5488|5552;cumulative=2304|2304,14750,5552,true,true,pass=true~first_m=2~first_u=2~first_w=713~first_q=true~second_m=2~second_u=2~second_w=753~second_q=true~heldout_o=1~heldout_m=0~heldout_u=0~heldout_w=514~heldout_q=true~coupling=2|2~resistance=6|6~before=2304~after=2304,true,bounded_same_body_memory,none
864001,3710856038711296,false,false,0,formation=learn_twice;complete=all@61;incomplete=omit4@70;blocked=resistance0@61;stale=once_age@111;compact=direct_open_fork_ring@0+aged@10;px7=train@0+10+heldout@20,4,incomplete_blocked_stale_silence,incomplete.outward==0 && blocked.outward==0 && stale.outward==0,incomplete=outward=0~return=0~updates=0~work=1609~queue=empty~quiet=true~permanent=10402269981313185801~complete=16759262053097372581~blocked=outward=0~return=0~updates=0~work=2265~queue=empty~quiet=true~permanent=14384049208136025343~complete=14249490562495114699~stale=outward=0~return=0~updates=0~work=1332~queue=empty~quiet=true~permanent=13145205783801312093~complete=17119158410507405934,true,formation:outward=2~return=2~updates=12~work=14750~queue=empty~quiet=true~permanent=14506909619965505246~complete=267767791128603243;completed:outward=1~return=1~updates=1~work=2470~queue=empty~quiet=true~permanent=13071242592973525268~complete=7906618838226843679;incomplete:outward=0~return=0~updates=0~work=1609~queue=empty~quiet=true~permanent=10402269981313185801~complete=16759262053097372581;blocked:outward=0~return=0~updates=0~work=2265~queue=empty~quiet=true~permanent=14384049208136025343~complete=14249490562495114699;stale:outward=0~return=0~updates=0~work=1332~queue=empty~quiet=true~permanent=13145205783801312093~complete=17119158410507405934;duplicate_recursive:outward=1~return=1~updates=1~work=2582~queue=empty~quiet=true~permanent=13071242592973525268~complete=4173540017502520851;zero_length:outward=1~return=0~updates=0~work=16~queue=empty~quiet=true~permanent=1918411057580482913~complete=7111231690101391741;duplicate_physical:outward=1~return=0~updates=0~work=23~queue=empty~quiet=true~permanent=10358808959135516103~complete=17226315697679909730;open:outward=0~return=0~updates=0~work=7~queue=empty~quiet=true~permanent=9612063061163573184~complete=1482586579474058754;aged:outward=0~return=0~updates=0~work=7~queue=empty~quiet=true~permanent=13110735906901200145~complete=10645513588972108969;branch:outward=0~return=0~updates=0~work=54~queue=empty~quiet=true~permanent=6684042520218274607~complete=5360853932733773545;cycle:outward=0~return=0~updates=0~work=17~queue=empty~quiet=true~permanent=9848300131039898007~complete=8984279450229989984,primary=5488|5488;uninterrupted=5488|5488;incomplete=5488|5488;duplicate=5488|5488;blocked=5488|5488;stale=5488|5552;cumulative=2304|2304,14750,5552,true,true,pass=true~first_m=2~first_u=2~first_w=713~first_q=true~second_m=2~second_u=2~second_w=753~second_q=true~heldout_o=1~heldout_m=0~heldout_u=0~heldout_w=514~heldout_q=true~coupling=2|2~resistance=6|6~before=2304~after=2304,true,bounded_same_body_memory,none
864001,3710856038711296,false,false,0,formation=learn_twice;complete=all@61;incomplete=omit4@70;blocked=resistance0@61;stale=once_age@111;compact=direct_open_fork_ring@0+aged@10;px7=train@0+10+heldout@20,5,open_aged_silence,open.outward==0 && aged.outward==0,open=outward=0~return=0~updates=0~work=7~queue=empty~quiet=true~permanent=9612063061163573184~complete=1482586579474058754~aged=outward=0~return=0~updates=0~work=7~queue=empty~quiet=true~permanent=13110735906901200145~complete=10645513588972108969,true,formation:outward=2~return=2~updates=12~work=14750~queue=empty~quiet=true~permanent=14506909619965505246~complete=267767791128603243;completed:outward=1~return=1~updates=1~work=2470~queue=empty~quiet=true~permanent=13071242592973525268~complete=7906618838226843679;incomplete:outward=0~return=0~updates=0~work=1609~queue=empty~quiet=true~permanent=10402269981313185801~complete=16759262053097372581;blocked:outward=0~return=0~updates=0~work=2265~queue=empty~quiet=true~permanent=14384049208136025343~complete=14249490562495114699;stale:outward=0~return=0~updates=0~work=1332~queue=empty~quiet=true~permanent=13145205783801312093~complete=17119158410507405934;duplicate_recursive:outward=1~return=1~updates=1~work=2582~queue=empty~quiet=true~permanent=13071242592973525268~complete=4173540017502520851;zero_length:outward=1~return=0~updates=0~work=16~queue=empty~quiet=true~permanent=1918411057580482913~complete=7111231690101391741;duplicate_physical:outward=1~return=0~updates=0~work=23~queue=empty~quiet=true~permanent=10358808959135516103~complete=17226315697679909730;open:outward=0~return=0~updates=0~work=7~queue=empty~quiet=true~permanent=9612063061163573184~complete=1482586579474058754;aged:outward=0~return=0~updates=0~work=7~queue=empty~quiet=true~permanent=13110735906901200145~complete=10645513588972108969;branch:outward=0~return=0~updates=0~work=54~queue=empty~quiet=true~permanent=6684042520218274607~complete=5360853932733773545;cycle:outward=0~return=0~updates=0~work=17~queue=empty~quiet=true~permanent=9848300131039898007~complete=8984279450229989984,primary=5488|5488;uninterrupted=5488|5488;incomplete=5488|5488;duplicate=5488|5488;blocked=5488|5488;stale=5488|5552;cumulative=2304|2304,14750,5552,true,true,pass=true~first_m=2~first_u=2~first_w=713~first_q=true~second_m=2~second_u=2~second_w=753~second_q=true~heldout_o=1~heldout_m=0~heldout_u=0~heldout_w=514~heldout_q=true~coupling=2|2~resistance=6|6~before=2304~after=2304,true,bounded_same_body_memory,none
864001,3710856038711296,false,false,0,formation=learn_twice;complete=all@61;incomplete=omit4@70;blocked=resistance0@61;stale=once_age@111;compact=direct_open_fork_ring@0+aged@10;px7=train@0+10+heldout@20,6,zero_length_exactly_once,zero_length.outward==1,outward=1~return=0~updates=0~work=16~queue=empty~quiet=true~permanent=1918411057580482913~complete=7111231690101391741,true,formation:outward=2~return=2~updates=12~work=14750~queue=empty~quiet=true~permanent=14506909619965505246~complete=267767791128603243;completed:outward=1~return=1~updates=1~work=2470~queue=empty~quiet=true~permanent=13071242592973525268~complete=7906618838226843679;incomplete:outward=0~return=0~updates=0~work=1609~queue=empty~quiet=true~permanent=10402269981313185801~complete=16759262053097372581;blocked:outward=0~return=0~updates=0~work=2265~queue=empty~quiet=true~permanent=14384049208136025343~complete=14249490562495114699;stale:outward=0~return=0~updates=0~work=1332~queue=empty~quiet=true~permanent=13145205783801312093~complete=17119158410507405934;duplicate_recursive:outward=1~return=1~updates=1~work=2582~queue=empty~quiet=true~permanent=13071242592973525268~complete=4173540017502520851;zero_length:outward=1~return=0~updates=0~work=16~queue=empty~quiet=true~permanent=1918411057580482913~complete=7111231690101391741;duplicate_physical:outward=1~return=0~updates=0~work=23~queue=empty~quiet=true~permanent=10358808959135516103~complete=17226315697679909730;open:outward=0~return=0~updates=0~work=7~queue=empty~quiet=true~permanent=9612063061163573184~complete=1482586579474058754;aged:outward=0~return=0~updates=0~work=7~queue=empty~quiet=true~permanent=13110735906901200145~complete=10645513588972108969;branch:outward=0~return=0~updates=0~work=54~queue=empty~quiet=true~permanent=6684042520218274607~complete=5360853932733773545;cycle:outward=0~return=0~updates=0~work=17~queue=empty~quiet=true~permanent=9848300131039898007~complete=8984279450229989984,primary=5488|5488;uninterrupted=5488|5488;incomplete=5488|5488;duplicate=5488|5488;blocked=5488|5488;stale=5488|5552;cumulative=2304|2304,14750,5552,true,true,pass=true~first_m=2~first_u=2~first_w=713~first_q=true~second_m=2~second_u=2~second_w=753~second_q=true~heldout_o=1~heldout_m=0~heldout_u=0~heldout_w=514~heldout_q=true~coupling=2|2~resistance=6|6~before=2304~after=2304,true,bounded_same_body_memory,none
864001,3710856038711296,false,false,0,formation=learn_twice;complete=all@61;incomplete=omit4@70;blocked=resistance0@61;stale=once_age@111;compact=direct_open_fork_ring@0+aged@10;px7=train@0+10+heldout@20,7,duplicates_exactly_once,duplicate_physical.outward==1 && duplicate_recursive.outward==1,physical=outward=1~return=0~updates=0~work=23~queue=empty~quiet=true~permanent=10358808959135516103~complete=17226315697679909730~recursive=outward=1~return=1~updates=1~work=2582~queue=empty~quiet=true~permanent=13071242592973525268~complete=4173540017502520851,true,formation:outward=2~return=2~updates=12~work=14750~queue=empty~quiet=true~permanent=14506909619965505246~complete=267767791128603243;completed:outward=1~return=1~updates=1~work=2470~queue=empty~quiet=true~permanent=13071242592973525268~complete=7906618838226843679;incomplete:outward=0~return=0~updates=0~work=1609~queue=empty~quiet=true~permanent=10402269981313185801~complete=16759262053097372581;blocked:outward=0~return=0~updates=0~work=2265~queue=empty~quiet=true~permanent=14384049208136025343~complete=14249490562495114699;stale:outward=0~return=0~updates=0~work=1332~queue=empty~quiet=true~permanent=13145205783801312093~complete=17119158410507405934;duplicate_recursive:outward=1~return=1~updates=1~work=2582~queue=empty~quiet=true~permanent=13071242592973525268~complete=4173540017502520851;zero_length:outward=1~return=0~updates=0~work=16~queue=empty~quiet=true~permanent=1918411057580482913~complete=7111231690101391741;duplicate_physical:outward=1~return=0~updates=0~work=23~queue=empty~quiet=true~permanent=10358808959135516103~complete=17226315697679909730;open:outward=0~return=0~updates=0~work=7~queue=empty~quiet=true~permanent=9612063061163573184~complete=1482586579474058754;aged:outward=0~return=0~updates=0~work=7~queue=empty~quiet=true~permanent=13110735906901200145~complete=10645513588972108969;branch:outward=0~return=0~updates=0~work=54~queue=empty~quiet=true~permanent=6684042520218274607~complete=5360853932733773545;cycle:outward=0~return=0~updates=0~work=17~queue=empty~quiet=true~permanent=9848300131039898007~complete=8984279450229989984,primary=5488|5488;uninterrupted=5488|5488;incomplete=5488|5488;duplicate=5488|5488;blocked=5488|5488;stale=5488|5552;cumulative=2304|2304,14750,5552,true,true,pass=true~first_m=2~first_u=2~first_w=713~first_q=true~second_m=2~second_u=2~second_w=753~second_q=true~heldout_o=1~heldout_m=0~heldout_u=0~heldout_w=514~heldout_q=true~coupling=2|2~resistance=6|6~before=2304~after=2304,true,bounded_same_body_memory,none
864001,3710856038711296,false,false,0,formation=learn_twice;complete=all@61;incomplete=omit4@70;blocked=resistance0@61;stale=once_age@111;compact=direct_open_fork_ring@0+aged@10;px7=train@0+10+heldout@20,8,branch_cycle_silence,branch.outward==0 && cycle.outward==0,branch=outward=0~return=0~updates=0~work=54~queue=empty~quiet=true~permanent=6684042520218274607~complete=5360853932733773545~cycle=outward=0~return=0~updates=0~work=17~queue=empty~quiet=true~permanent=9848300131039898007~complete=8984279450229989984,true,formation:outward=2~return=2~updates=12~work=14750~queue=empty~quiet=true~permanent=14506909619965505246~complete=267767791128603243;completed:outward=1~return=1~updates=1~work=2470~queue=empty~quiet=true~permanent=13071242592973525268~complete=7906618838226843679;incomplete:outward=0~return=0~updates=0~work=1609~queue=empty~quiet=true~permanent=10402269981313185801~complete=16759262053097372581;blocked:outward=0~return=0~updates=0~work=2265~queue=empty~quiet=true~permanent=14384049208136025343~complete=14249490562495114699;stale:outward=0~return=0~updates=0~work=1332~queue=empty~quiet=true~permanent=13145205783801312093~complete=17119158410507405934;duplicate_recursive:outward=1~return=1~updates=1~work=2582~queue=empty~quiet=true~permanent=13071242592973525268~complete=4173540017502520851;zero_length:outward=1~return=0~updates=0~work=16~queue=empty~quiet=true~permanent=1918411057580482913~complete=7111231690101391741;duplicate_physical:outward=1~return=0~updates=0~work=23~queue=empty~quiet=true~permanent=10358808959135516103~complete=17226315697679909730;open:outward=0~return=0~updates=0~work=7~queue=empty~quiet=true~permanent=9612063061163573184~complete=1482586579474058754;aged:outward=0~return=0~updates=0~work=7~queue=empty~quiet=true~permanent=13110735906901200145~complete=10645513588972108969;branch:outward=0~return=0~updates=0~work=54~queue=empty~quiet=true~permanent=6684042520218274607~complete=5360853932733773545;cycle:outward=0~return=0~updates=0~work=17~queue=empty~quiet=true~permanent=9848300131039898007~complete=8984279450229989984,primary=5488|5488;uninterrupted=5488|5488;incomplete=5488|5488;duplicate=5488|5488;blocked=5488|5488;stale=5488|5552;cumulative=2304|2304,14750,5552,true,true,pass=true~first_m=2~first_u=2~first_w=713~first_q=true~second_m=2~second_u=2~second_w=753~second_q=true~heldout_o=1~heldout_m=0~heldout_u=0~heldout_w=514~heldout_q=true~coupling=2|2~resistance=6|6~before=2304~after=2304,true,bounded_same_body_memory,none
864001,3710856038711296,false,false,0,formation=learn_twice;complete=all@61;incomplete=omit4@70;blocked=resistance0@61;stale=once_age@111;compact=direct_open_fork_ring@0+aged@10;px7=train@0+10+heldout@20,9,pause_resume,pause_stable && resume_equal,pause_stable=true~resume_equal=true,true,formation:outward=2~return=2~updates=12~work=14750~queue=empty~quiet=true~permanent=14506909619965505246~complete=267767791128603243;completed:outward=1~return=1~updates=1~work=2470~queue=empty~quiet=true~permanent=13071242592973525268~complete=7906618838226843679;incomplete:outward=0~return=0~updates=0~work=1609~queue=empty~quiet=true~permanent=10402269981313185801~complete=16759262053097372581;blocked:outward=0~return=0~updates=0~work=2265~queue=empty~quiet=true~permanent=14384049208136025343~complete=14249490562495114699;stale:outward=0~return=0~updates=0~work=1332~queue=empty~quiet=true~permanent=13145205783801312093~complete=17119158410507405934;duplicate_recursive:outward=1~return=1~updates=1~work=2582~queue=empty~quiet=true~permanent=13071242592973525268~complete=4173540017502520851;zero_length:outward=1~return=0~updates=0~work=16~queue=empty~quiet=true~permanent=1918411057580482913~complete=7111231690101391741;duplicate_physical:outward=1~return=0~updates=0~work=23~queue=empty~quiet=true~permanent=10358808959135516103~complete=17226315697679909730;open:outward=0~return=0~updates=0~work=7~queue=empty~quiet=true~permanent=9612063061163573184~complete=1482586579474058754;aged:outward=0~return=0~updates=0~work=7~queue=empty~quiet=true~permanent=13110735906901200145~complete=10645513588972108969;branch:outward=0~return=0~updates=0~work=54~queue=empty~quiet=true~permanent=6684042520218274607~complete=5360853932733773545;cycle:outward=0~return=0~updates=0~work=17~queue=empty~quiet=true~permanent=9848300131039898007~complete=8984279450229989984,primary=5488|5488;uninterrupted=5488|5488;incomplete=5488|5488;duplicate=5488|5488;blocked=5488|5488;stale=5488|5552;cumulative=2304|2304,14750,5552,true,true,pass=true~first_m=2~first_u=2~first_w=713~first_q=true~second_m=2~second_u=2~second_w=753~second_q=true~heldout_o=1~heldout_m=0~heldout_u=0~heldout_w=514~heldout_q=true~coupling=2|2~resistance=6|6~before=2304~after=2304,true,bounded_same_body_memory,none
864001,3710856038711296,false,false,0,formation=learn_twice;complete=all@61;incomplete=omit4@70;blocked=resistance0@61;stale=once_age@111;compact=direct_open_fork_ring@0+aged@10;px7=train@0+10+heldout@20,10,natural_quiescence,all queues empty and naturally quiescent,quiet=true~queue=empty,true,formation:outward=2~return=2~updates=12~work=14750~queue=empty~quiet=true~permanent=14506909619965505246~complete=267767791128603243;completed:outward=1~return=1~updates=1~work=2470~queue=empty~quiet=true~permanent=13071242592973525268~complete=7906618838226843679;incomplete:outward=0~return=0~updates=0~work=1609~queue=empty~quiet=true~permanent=10402269981313185801~complete=16759262053097372581;blocked:outward=0~return=0~updates=0~work=2265~queue=empty~quiet=true~permanent=14384049208136025343~complete=14249490562495114699;stale:outward=0~return=0~updates=0~work=1332~queue=empty~quiet=true~permanent=13145205783801312093~complete=17119158410507405934;duplicate_recursive:outward=1~return=1~updates=1~work=2582~queue=empty~quiet=true~permanent=13071242592973525268~complete=4173540017502520851;zero_length:outward=1~return=0~updates=0~work=16~queue=empty~quiet=true~permanent=1918411057580482913~complete=7111231690101391741;duplicate_physical:outward=1~return=0~updates=0~work=23~queue=empty~quiet=true~permanent=10358808959135516103~complete=17226315697679909730;open:outward=0~return=0~updates=0~work=7~queue=empty~quiet=true~permanent=9612063061163573184~complete=1482586579474058754;aged:outward=0~return=0~updates=0~work=7~queue=empty~quiet=true~permanent=13110735906901200145~complete=10645513588972108969;branch:outward=0~return=0~updates=0~work=54~queue=empty~quiet=true~permanent=6684042520218274607~complete=5360853932733773545;cycle:outward=0~return=0~updates=0~work=17~queue=empty~quiet=true~permanent=9848300131039898007~complete=8984279450229989984,primary=5488|5488;uninterrupted=5488|5488;incomplete=5488|5488;duplicate=5488|5488;blocked=5488|5488;stale=5488|5552;cumulative=2304|2304,14750,5552,true,true,pass=true~first_m=2~first_u=2~first_w=713~first_q=true~second_m=2~second_u=2~second_w=753~second_q=true~heldout_o=1~heldout_m=0~heldout_u=0~heldout_w=514~heldout_q=true~coupling=2|2~resistance=6|6~before=2304~after=2304,true,bounded_same_body_memory,none
864001,3710856038711296,false,false,0,formation=learn_twice;complete=all@61;incomplete=omit4@70;blocked=resistance0@61;stale=once_age@111;compact=direct_open_fork_ring@0+aged@10;px7=train@0+10+heldout@20,11,bounded_work,maximum_work<=20000,maximum_work=14750,true,formation:outward=2~return=2~updates=12~work=14750~queue=empty~quiet=true~permanent=14506909619965505246~complete=267767791128603243;completed:outward=1~return=1~updates=1~work=2470~queue=empty~quiet=true~permanent=13071242592973525268~complete=7906618838226843679;incomplete:outward=0~return=0~updates=0~work=1609~queue=empty~quiet=true~permanent=10402269981313185801~complete=16759262053097372581;blocked:outward=0~return=0~updates=0~work=2265~queue=empty~quiet=true~permanent=14384049208136025343~complete=14249490562495114699;stale:outward=0~return=0~updates=0~work=1332~queue=empty~quiet=true~permanent=13145205783801312093~complete=17119158410507405934;duplicate_recursive:outward=1~return=1~updates=1~work=2582~queue=empty~quiet=true~permanent=13071242592973525268~complete=4173540017502520851;zero_length:outward=1~return=0~updates=0~work=16~queue=empty~quiet=true~permanent=1918411057580482913~complete=7111231690101391741;duplicate_physical:outward=1~return=0~updates=0~work=23~queue=empty~quiet=true~permanent=10358808959135516103~complete=17226315697679909730;open:outward=0~return=0~updates=0~work=7~queue=empty~quiet=true~permanent=9612063061163573184~complete=1482586579474058754;aged:outward=0~return=0~updates=0~work=7~queue=empty~quiet=true~permanent=13110735906901200145~complete=10645513588972108969;branch:outward=0~return=0~updates=0~work=54~queue=empty~quiet=true~permanent=6684042520218274607~complete=5360853932733773545;cycle:outward=0~return=0~updates=0~work=17~queue=empty~quiet=true~permanent=9848300131039898007~complete=8984279450229989984,primary=5488|5488;uninterrupted=5488|5488;incomplete=5488|5488;duplicate=5488|5488;blocked=5488|5488;stale=5488|5552;cumulative=2304|2304,14750,5552,true,true,pass=true~first_m=2~first_u=2~first_w=713~first_q=true~second_m=2~second_u=2~second_w=753~second_q=true~heldout_o=1~heldout_m=0~heldout_u=0~heldout_w=514~heldout_q=true~coupling=2|2~resistance=6|6~before=2304~after=2304,true,bounded_same_body_memory,none
864001,3710856038711296,false,false,0,formation=learn_twice;complete=all@61;incomplete=omit4@70;blocked=resistance0@61;stale=once_age@111;compact=direct_open_fork_ring@0+aged@10;px7=train@0+10+heldout@20,12,bounded_same_body_memory,maximum_bytes<=8192 && all seven before==after,maximum_bytes=5552~pairs=primary=5488|5488;uninterrupted=5488|5488;incomplete=5488|5488;duplicate=5488|5488;blocked=5488|5488;stale=5488|5552;cumulative=2304|2304~stable=false,false,formation:outward=2~return=2~updates=12~work=14750~queue=empty~quiet=true~permanent=14506909619965505246~complete=267767791128603243;completed:outward=1~return=1~updates=1~work=2470~queue=empty~quiet=true~permanent=13071242592973525268~complete=7906618838226843679;incomplete:outward=0~return=0~updates=0~work=1609~queue=empty~quiet=true~permanent=10402269981313185801~complete=16759262053097372581;blocked:outward=0~return=0~updates=0~work=2265~queue=empty~quiet=true~permanent=14384049208136025343~complete=14249490562495114699;stale:outward=0~return=0~updates=0~work=1332~queue=empty~quiet=true~permanent=13145205783801312093~complete=17119158410507405934;duplicate_recursive:outward=1~return=1~updates=1~work=2582~queue=empty~quiet=true~permanent=13071242592973525268~complete=4173540017502520851;zero_length:outward=1~return=0~updates=0~work=16~queue=empty~quiet=true~permanent=1918411057580482913~complete=7111231690101391741;duplicate_physical:outward=1~return=0~updates=0~work=23~queue=empty~quiet=true~permanent=10358808959135516103~complete=17226315697679909730;open:outward=0~return=0~updates=0~work=7~queue=empty~quiet=true~permanent=9612063061163573184~complete=1482586579474058754;aged:outward=0~return=0~updates=0~work=7~queue=empty~quiet=true~permanent=13110735906901200145~complete=10645513588972108969;branch:outward=0~return=0~updates=0~work=54~queue=empty~quiet=true~permanent=6684042520218274607~complete=5360853932733773545;cycle:outward=0~return=0~updates=0~work=17~queue=empty~quiet=true~permanent=9848300131039898007~complete=8984279450229989984,primary=5488|5488;uninterrupted=5488|5488;incomplete=5488|5488;duplicate=5488|5488;blocked=5488|5488;stale=5488|5552;cumulative=2304|2304,14750,5552,true,true,pass=true~first_m=2~first_u=2~first_w=713~first_q=true~second_m=2~second_u=2~second_w=753~second_q=true~heldout_o=1~heldout_m=0~heldout_u=0~heldout_w=514~heldout_q=true~coupling=2|2~resistance=6|6~before=2304~after=2304,true,bounded_same_body_memory,none
864001,3710856038711296,false,false,0,formation=learn_twice;complete=all@61;incomplete=omit4@70;blocked=resistance0@61;stale=once_age@111;compact=direct_open_fork_ring@0+aged@10;px7=train@0+10+heldout@20,13,cumulative_px0_px7_lrc,PX7 training/heldout/return/quiet/stability pass,pass=true~first_m=2~first_u=2~first_w=713~first_q=true~second_m=2~second_u=2~second_w=753~second_q=true~heldout_o=1~heldout_m=0~heldout_u=0~heldout_w=514~heldout_q=true~coupling=2|2~resistance=6|6~before=2304~after=2304,true,formation:outward=2~return=2~updates=12~work=14750~queue=empty~quiet=true~permanent=14506909619965505246~complete=267767791128603243;completed:outward=1~return=1~updates=1~work=2470~queue=empty~quiet=true~permanent=13071242592973525268~complete=7906618838226843679;incomplete:outward=0~return=0~updates=0~work=1609~queue=empty~quiet=true~permanent=10402269981313185801~complete=16759262053097372581;blocked:outward=0~return=0~updates=0~work=2265~queue=empty~quiet=true~permanent=14384049208136025343~complete=14249490562495114699;stale:outward=0~return=0~updates=0~work=1332~queue=empty~quiet=true~permanent=13145205783801312093~complete=17119158410507405934;duplicate_recursive:outward=1~return=1~updates=1~work=2582~queue=empty~quiet=true~permanent=13071242592973525268~complete=4173540017502520851;zero_length:outward=1~return=0~updates=0~work=16~queue=empty~quiet=true~permanent=1918411057580482913~complete=7111231690101391741;duplicate_physical:outward=1~return=0~updates=0~work=23~queue=empty~quiet=true~permanent=10358808959135516103~complete=17226315697679909730;open:outward=0~return=0~updates=0~work=7~queue=empty~quiet=true~permanent=9612063061163573184~complete=1482586579474058754;aged:outward=0~return=0~updates=0~work=7~queue=empty~quiet=true~permanent=13110735906901200145~complete=10645513588972108969;branch:outward=0~return=0~updates=0~work=54~queue=empty~quiet=true~permanent=6684042520218274607~complete=5360853932733773545;cycle:outward=0~return=0~updates=0~work=17~queue=empty~quiet=true~permanent=9848300131039898007~complete=8984279450229989984,primary=5488|5488;uninterrupted=5488|5488;incomplete=5488|5488;duplicate=5488|5488;blocked=5488|5488;stale=5488|5552;cumulative=2304|2304,14750,5552,true,true,pass=true~first_m=2~first_u=2~first_w=713~first_q=true~second_m=2~second_u=2~second_w=753~second_q=true~heldout_o=1~heldout_m=0~heldout_u=0~heldout_w=514~heldout_q=true~coupling=2|2~resistance=6|6~before=2304~after=2304,true,bounded_same_body_memory,none
864001,3710856038711296,false,false,0,formation=learn_twice;complete=all@61;incomplete=omit4@70;blocked=resistance0@61;stale=once_age@111;compact=direct_open_fork_ring@0+aged@10;px7=train@0+10+heldout@20,14,exact_replay,independent Trial values exactly equal,exact=true~first_divergence=none,true,formation:outward=2~return=2~updates=12~work=14750~queue=empty~quiet=true~permanent=14506909619965505246~complete=267767791128603243;completed:outward=1~return=1~updates=1~work=2470~queue=empty~quiet=true~permanent=13071242592973525268~complete=7906618838226843679;incomplete:outward=0~return=0~updates=0~work=1609~queue=empty~quiet=true~permanent=10402269981313185801~complete=16759262053097372581;blocked:outward=0~return=0~updates=0~work=2265~queue=empty~quiet=true~permanent=14384049208136025343~complete=14249490562495114699;stale:outward=0~return=0~updates=0~work=1332~queue=empty~quiet=true~permanent=13145205783801312093~complete=17119158410507405934;duplicate_recursive:outward=1~return=1~updates=1~work=2582~queue=empty~quiet=true~permanent=13071242592973525268~complete=4173540017502520851;zero_length:outward=1~return=0~updates=0~work=16~queue=empty~quiet=true~permanent=1918411057580482913~complete=7111231690101391741;duplicate_physical:outward=1~return=0~updates=0~work=23~queue=empty~quiet=true~permanent=10358808959135516103~complete=17226315697679909730;open:outward=0~return=0~updates=0~work=7~queue=empty~quiet=true~permanent=9612063061163573184~complete=1482586579474058754;aged:outward=0~return=0~updates=0~work=7~queue=empty~quiet=true~permanent=13110735906901200145~complete=10645513588972108969;branch:outward=0~return=0~updates=0~work=54~queue=empty~quiet=true~permanent=6684042520218274607~complete=5360853932733773545;cycle:outward=0~return=0~updates=0~work=17~queue=empty~quiet=true~permanent=9848300131039898007~complete=8984279450229989984,primary=5488|5488;uninterrupted=5488|5488;incomplete=5488|5488;duplicate=5488|5488;blocked=5488|5488;stale=5488|5552;cumulative=2304|2304,14750,5552,true,true,pass=true~first_m=2~first_u=2~first_w=713~first_q=true~second_m=2~second_u=2~second_w=753~second_q=true~heldout_o=1~heldout_m=0~heldout_u=0~heldout_w=514~heldout_q=true~coupling=2|2~resistance=6|6~before=2304~after=2304,true,bounded_same_body_memory,none
864002,3710860333678592,false,false,137,formation=learn_twice;complete=all@61;incomplete=omit4@70;blocked=resistance0@61;stale=once_age@111;compact=direct_open_fork_ring@0+aged@10;px7=train@0+10+heldout@20,1,formation_modulation_and_updates,formation.updates>0 && formation.inward_modulation>0,outward=2~return=2~updates=12~work=14788~queue=empty~quiet=true~permanent=14077781630799882255~complete=15007932534719903210,true,formation:outward=2~return=2~updates=12~work=14788~queue=empty~quiet=true~permanent=14077781630799882255~complete=15007932534719903210;completed:outward=1~return=1~updates=1~work=2478~queue=empty~quiet=true~permanent=9583195593723106613~complete=11982684348424305042;incomplete:outward=0~return=0~updates=0~work=1616~queue=empty~quiet=true~permanent=17014467637654578636~complete=14936198985886790108;blocked:outward=0~return=0~updates=0~work=2273~queue=empty~quiet=true~permanent=11718307239861271874~complete=12060682634303591706;stale:outward=0~return=0~updates=0~work=1334~queue=empty~quiet=true~permanent=387255310380296281~complete=2596022923362048014;duplicate_recursive:outward=1~return=1~updates=1~work=2590~queue=empty~quiet=true~permanent=9583195593723106613~complete=7073163891762309526;zero_length:outward=1~return=0~updates=0~work=16~queue=empty~quiet=true~permanent=14062938325923164827~complete=3256051379884712759;duplicate_physical:outward=1~return=0~updates=0~work=23~queue=empty~quiet=true~permanent=5510247576535339377~complete=7525065562618949492;open:outward=0~return=0~updates=0~work=7~queue=empty~quiet=true~permanent=3720841970244674926~complete=4619938715373826520;aged:outward=0~return=0~updates=0~work=7~queue=empty~quiet=true~permanent=17280458030908670635~complete=18366757160702325727;branch:outward=0~return=0~updates=0~work=54~queue=empty~quiet=true~permanent=7885490650938662478~complete=7619656042081822536;cycle:outward=0~return=0~updates=0~work=17~queue=empty~quiet=true~permanent=4511087924210267655~complete=8682685278406037456,primary=5488|5488;uninterrupted=5488|5488;incomplete=5488|5488;duplicate=5488|5488;blocked=5488|5488;stale=5488|5552;cumulative=2304|2304,14788,5552,true,true,pass=true~first_m=2~first_u=2~first_w=713~first_q=true~second_m=2~second_u=2~second_w=753~second_q=true~heldout_o=1~heldout_m=0~heldout_u=0~heldout_w=514~heldout_q=true~coupling=2|2~resistance=6|6~before=2304~after=2304,true,bounded_same_body_memory,none
864002,3710860333678592,false,false,137,formation=learn_twice;complete=all@61;incomplete=omit4@70;blocked=resistance0@61;stale=once_age@111;compact=direct_open_fork_ring@0+aged@10;px7=train@0+10+heldout@20,2,completed_exactly_once,completed.outward==1,outward=1~return=1~updates=1~work=2478~queue=empty~quiet=true~permanent=9583195593723106613~complete=11982684348424305042,true,formation:outward=2~return=2~updates=12~work=14788~queue=empty~quiet=true~permanent=14077781630799882255~complete=15007932534719903210;completed:outward=1~return=1~updates=1~work=2478~queue=empty~quiet=true~permanent=9583195593723106613~complete=11982684348424305042;incomplete:outward=0~return=0~updates=0~work=1616~queue=empty~quiet=true~permanent=17014467637654578636~complete=14936198985886790108;blocked:outward=0~return=0~updates=0~work=2273~queue=empty~quiet=true~permanent=11718307239861271874~complete=12060682634303591706;stale:outward=0~return=0~updates=0~work=1334~queue=empty~quiet=true~permanent=387255310380296281~complete=2596022923362048014;duplicate_recursive:outward=1~return=1~updates=1~work=2590~queue=empty~quiet=true~permanent=9583195593723106613~complete=7073163891762309526;zero_length:outward=1~return=0~updates=0~work=16~queue=empty~quiet=true~permanent=14062938325923164827~complete=3256051379884712759;duplicate_physical:outward=1~return=0~updates=0~work=23~queue=empty~quiet=true~permanent=5510247576535339377~complete=7525065562618949492;open:outward=0~return=0~updates=0~work=7~queue=empty~quiet=true~permanent=3720841970244674926~complete=4619938715373826520;aged:outward=0~return=0~updates=0~work=7~queue=empty~quiet=true~permanent=17280458030908670635~complete=18366757160702325727;branch:outward=0~return=0~updates=0~work=54~queue=empty~quiet=true~permanent=7885490650938662478~complete=7619656042081822536;cycle:outward=0~return=0~updates=0~work=17~queue=empty~quiet=true~permanent=4511087924210267655~complete=8682685278406037456,primary=5488|5488;uninterrupted=5488|5488;incomplete=5488|5488;duplicate=5488|5488;blocked=5488|5488;stale=5488|5552;cumulative=2304|2304,14788,5552,true,true,pass=true~first_m=2~first_u=2~first_w=713~first_q=true~second_m=2~second_u=2~second_w=753~second_q=true~heldout_o=1~heldout_m=0~heldout_u=0~heldout_w=514~heldout_q=true~coupling=2|2~resistance=6|6~before=2304~after=2304,true,bounded_same_body_memory,none
864002,3710860333678592,false,false,137,formation=learn_twice;complete=all@61;incomplete=omit4@70;blocked=resistance0@61;stale=once_age@111;compact=direct_open_fork_ring@0+aged@10;px7=train@0+10+heldout@20,3,completed_return_and_update,completed.return==1 && completed.updates==1,outward=1~return=1~updates=1~work=2478~queue=empty~quiet=true~permanent=9583195593723106613~complete=11982684348424305042,true,formation:outward=2~return=2~updates=12~work=14788~queue=empty~quiet=true~permanent=14077781630799882255~complete=15007932534719903210;completed:outward=1~return=1~updates=1~work=2478~queue=empty~quiet=true~permanent=9583195593723106613~complete=11982684348424305042;incomplete:outward=0~return=0~updates=0~work=1616~queue=empty~quiet=true~permanent=17014467637654578636~complete=14936198985886790108;blocked:outward=0~return=0~updates=0~work=2273~queue=empty~quiet=true~permanent=11718307239861271874~complete=12060682634303591706;stale:outward=0~return=0~updates=0~work=1334~queue=empty~quiet=true~permanent=387255310380296281~complete=2596022923362048014;duplicate_recursive:outward=1~return=1~updates=1~work=2590~queue=empty~quiet=true~permanent=9583195593723106613~complete=7073163891762309526;zero_length:outward=1~return=0~updates=0~work=16~queue=empty~quiet=true~permanent=14062938325923164827~complete=3256051379884712759;duplicate_physical:outward=1~return=0~updates=0~work=23~queue=empty~quiet=true~permanent=5510247576535339377~complete=7525065562618949492;open:outward=0~return=0~updates=0~work=7~queue=empty~quiet=true~permanent=3720841970244674926~complete=4619938715373826520;aged:outward=0~return=0~updates=0~work=7~queue=empty~quiet=true~permanent=17280458030908670635~complete=18366757160702325727;branch:outward=0~return=0~updates=0~work=54~queue=empty~quiet=true~permanent=7885490650938662478~complete=7619656042081822536;cycle:outward=0~return=0~updates=0~work=17~queue=empty~quiet=true~permanent=4511087924210267655~complete=8682685278406037456,primary=5488|5488;uninterrupted=5488|5488;incomplete=5488|5488;duplicate=5488|5488;blocked=5488|5488;stale=5488|5552;cumulative=2304|2304,14788,5552,true,true,pass=true~first_m=2~first_u=2~first_w=713~first_q=true~second_m=2~second_u=2~second_w=753~second_q=true~heldout_o=1~heldout_m=0~heldout_u=0~heldout_w=514~heldout_q=true~coupling=2|2~resistance=6|6~before=2304~after=2304,true,bounded_same_body_memory,none
864002,3710860333678592,false,false,137,formation=learn_twice;complete=all@61;incomplete=omit4@70;blocked=resistance0@61;stale=once_age@111;compact=direct_open_fork_ring@0+aged@10;px7=train@0+10+heldout@20,4,incomplete_blocked_stale_silence,incomplete.outward==0 && blocked.outward==0 && stale.outward==0,incomplete=outward=0~return=0~updates=0~work=1616~queue=empty~quiet=true~permanent=17014467637654578636~complete=14936198985886790108~blocked=outward=0~return=0~updates=0~work=2273~queue=empty~quiet=true~permanent=11718307239861271874~complete=12060682634303591706~stale=outward=0~return=0~updates=0~work=1334~queue=empty~quiet=true~permanent=387255310380296281~complete=2596022923362048014,true,formation:outward=2~return=2~updates=12~work=14788~queue=empty~quiet=true~permanent=14077781630799882255~complete=15007932534719903210;completed:outward=1~return=1~updates=1~work=2478~queue=empty~quiet=true~permanent=9583195593723106613~complete=11982684348424305042;incomplete:outward=0~return=0~updates=0~work=1616~queue=empty~quiet=true~permanent=17014467637654578636~complete=14936198985886790108;blocked:outward=0~return=0~updates=0~work=2273~queue=empty~quiet=true~permanent=11718307239861271874~complete=12060682634303591706;stale:outward=0~return=0~updates=0~work=1334~queue=empty~quiet=true~permanent=387255310380296281~complete=2596022923362048014;duplicate_recursive:outward=1~return=1~updates=1~work=2590~queue=empty~quiet=true~permanent=9583195593723106613~complete=7073163891762309526;zero_length:outward=1~return=0~updates=0~work=16~queue=empty~quiet=true~permanent=14062938325923164827~complete=3256051379884712759;duplicate_physical:outward=1~return=0~updates=0~work=23~queue=empty~quiet=true~permanent=5510247576535339377~complete=7525065562618949492;open:outward=0~return=0~updates=0~work=7~queue=empty~quiet=true~permanent=3720841970244674926~complete=4619938715373826520;aged:outward=0~return=0~updates=0~work=7~queue=empty~quiet=true~permanent=17280458030908670635~complete=18366757160702325727;branch:outward=0~return=0~updates=0~work=54~queue=empty~quiet=true~permanent=7885490650938662478~complete=7619656042081822536;cycle:outward=0~return=0~updates=0~work=17~queue=empty~quiet=true~permanent=4511087924210267655~complete=8682685278406037456,primary=5488|5488;uninterrupted=5488|5488;incomplete=5488|5488;duplicate=5488|5488;blocked=5488|5488;stale=5488|5552;cumulative=2304|2304,14788,5552,true,true,pass=true~first_m=2~first_u=2~first_w=713~first_q=true~second_m=2~second_u=2~second_w=753~second_q=true~heldout_o=1~heldout_m=0~heldout_u=0~heldout_w=514~heldout_q=true~coupling=2|2~resistance=6|6~before=2304~after=2304,true,bounded_same_body_memory,none
864002,3710860333678592,false,false,137,formation=learn_twice;complete=all@61;incomplete=omit4@70;blocked=resistance0@61;stale=once_age@111;compact=direct_open_fork_ring@0+aged@10;px7=train@0+10+heldout@20,5,open_aged_silence,open.outward==0 && aged.outward==0,open=outward=0~return=0~updates=0~work=7~queue=empty~quiet=true~permanent=3720841970244674926~complete=4619938715373826520~aged=outward=0~return=0~updates=0~work=7~queue=empty~quiet=true~permanent=17280458030908670635~complete=18366757160702325727,true,formation:outward=2~return=2~updates=12~work=14788~queue=empty~quiet=true~permanent=14077781630799882255~complete=15007932534719903210;completed:outward=1~return=1~updates=1~work=2478~queue=empty~quiet=true~permanent=9583195593723106613~complete=11982684348424305042;incomplete:outward=0~return=0~updates=0~work=1616~queue=empty~quiet=true~permanent=17014467637654578636~complete=14936198985886790108;blocked:outward=0~return=0~updates=0~work=2273~queue=empty~quiet=true~permanent=11718307239861271874~complete=12060682634303591706;stale:outward=0~return=0~updates=0~work=1334~queue=empty~quiet=true~permanent=387255310380296281~complete=2596022923362048014;duplicate_recursive:outward=1~return=1~updates=1~work=2590~queue=empty~quiet=true~permanent=9583195593723106613~complete=7073163891762309526;zero_length:outward=1~return=0~updates=0~work=16~queue=empty~quiet=true~permanent=14062938325923164827~complete=3256051379884712759;duplicate_physical:outward=1~return=0~updates=0~work=23~queue=empty~quiet=true~permanent=5510247576535339377~complete=7525065562618949492;open:outward=0~return=0~updates=0~work=7~queue=empty~quiet=true~permanent=3720841970244674926~complete=4619938715373826520;aged:outward=0~return=0~updates=0~work=7~queue=empty~quiet=true~permanent=17280458030908670635~complete=18366757160702325727;branch:outward=0~return=0~updates=0~work=54~queue=empty~quiet=true~permanent=7885490650938662478~complete=7619656042081822536;cycle:outward=0~return=0~updates=0~work=17~queue=empty~quiet=true~permanent=4511087924210267655~complete=8682685278406037456,primary=5488|5488;uninterrupted=5488|5488;incomplete=5488|5488;duplicate=5488|5488;blocked=5488|5488;stale=5488|5552;cumulative=2304|2304,14788,5552,true,true,pass=true~first_m=2~first_u=2~first_w=713~first_q=true~second_m=2~second_u=2~second_w=753~second_q=true~heldout_o=1~heldout_m=0~heldout_u=0~heldout_w=514~heldout_q=true~coupling=2|2~resistance=6|6~before=2304~after=2304,true,bounded_same_body_memory,none
864002,3710860333678592,false,false,137,formation=learn_twice;complete=all@61;incomplete=omit4@70;blocked=resistance0@61;stale=once_age@111;compact=direct_open_fork_ring@0+aged@10;px7=train@0+10+heldout@20,6,zero_length_exactly_once,zero_length.outward==1,outward=1~return=0~updates=0~work=16~queue=empty~quiet=true~permanent=14062938325923164827~complete=3256051379884712759,true,formation:outward=2~return=2~updates=12~work=14788~queue=empty~quiet=true~permanent=14077781630799882255~complete=15007932534719903210;completed:outward=1~return=1~updates=1~work=2478~queue=empty~quiet=true~permanent=9583195593723106613~complete=11982684348424305042;incomplete:outward=0~return=0~updates=0~work=1616~queue=empty~quiet=true~permanent=17014467637654578636~complete=14936198985886790108;blocked:outward=0~return=0~updates=0~work=2273~queue=empty~quiet=true~permanent=11718307239861271874~complete=12060682634303591706;stale:outward=0~return=0~updates=0~work=1334~queue=empty~quiet=true~permanent=387255310380296281~complete=2596022923362048014;duplicate_recursive:outward=1~return=1~updates=1~work=2590~queue=empty~quiet=true~permanent=9583195593723106613~complete=7073163891762309526;zero_length:outward=1~return=0~updates=0~work=16~queue=empty~quiet=true~permanent=14062938325923164827~complete=3256051379884712759;duplicate_physical:outward=1~return=0~updates=0~work=23~queue=empty~quiet=true~permanent=5510247576535339377~complete=7525065562618949492;open:outward=0~return=0~updates=0~work=7~queue=empty~quiet=true~permanent=3720841970244674926~complete=4619938715373826520;aged:outward=0~return=0~updates=0~work=7~queue=empty~quiet=true~permanent=17280458030908670635~complete=18366757160702325727;branch:outward=0~return=0~updates=0~work=54~queue=empty~quiet=true~permanent=7885490650938662478~complete=7619656042081822536;cycle:outward=0~return=0~updates=0~work=17~queue=empty~quiet=true~permanent=4511087924210267655~complete=8682685278406037456,primary=5488|5488;uninterrupted=5488|5488;incomplete=5488|5488;duplicate=5488|5488;blocked=5488|5488;stale=5488|5552;cumulative=2304|2304,14788,5552,true,true,pass=true~first_m=2~first_u=2~first_w=713~first_q=true~second_m=2~second_u=2~second_w=753~second_q=true~heldout_o=1~heldout_m=0~heldout_u=0~heldout_w=514~heldout_q=true~coupling=2|2~resistance=6|6~before=2304~after=2304,true,bounded_same_body_memory,none
864002,3710860333678592,false,false,137,formation=learn_twice;complete=all@61;incomplete=omit4@70;blocked=resistance0@61;stale=once_age@111;compact=direct_open_fork_ring@0+aged@10;px7=train@0+10+heldout@20,7,duplicates_exactly_once,duplicate_physical.outward==1 && duplicate_recursive.outward==1,physical=outward=1~return=0~updates=0~work=23~queue=empty~quiet=true~permanent=5510247576535339377~complete=7525065562618949492~recursive=outward=1~return=1~updates=1~work=2590~queue=empty~quiet=true~permanent=9583195593723106613~complete=7073163891762309526,true,formation:outward=2~return=2~updates=12~work=14788~queue=empty~quiet=true~permanent=14077781630799882255~complete=15007932534719903210;completed:outward=1~return=1~updates=1~work=2478~queue=empty~quiet=true~permanent=9583195593723106613~complete=11982684348424305042;incomplete:outward=0~return=0~updates=0~work=1616~queue=empty~quiet=true~permanent=17014467637654578636~complete=14936198985886790108;blocked:outward=0~return=0~updates=0~work=2273~queue=empty~quiet=true~permanent=11718307239861271874~complete=12060682634303591706;stale:outward=0~return=0~updates=0~work=1334~queue=empty~quiet=true~permanent=387255310380296281~complete=2596022923362048014;duplicate_recursive:outward=1~return=1~updates=1~work=2590~queue=empty~quiet=true~permanent=9583195593723106613~complete=7073163891762309526;zero_length:outward=1~return=0~updates=0~work=16~queue=empty~quiet=true~permanent=14062938325923164827~complete=3256051379884712759;duplicate_physical:outward=1~return=0~updates=0~work=23~queue=empty~quiet=true~permanent=5510247576535339377~complete=7525065562618949492;open:outward=0~return=0~updates=0~work=7~queue=empty~quiet=true~permanent=3720841970244674926~complete=4619938715373826520;aged:outward=0~return=0~updates=0~work=7~queue=empty~quiet=true~permanent=17280458030908670635~complete=18366757160702325727;branch:outward=0~return=0~updates=0~work=54~queue=empty~quiet=true~permanent=7885490650938662478~complete=7619656042081822536;cycle:outward=0~return=0~updates=0~work=17~queue=empty~quiet=true~permanent=4511087924210267655~complete=8682685278406037456,primary=5488|5488;uninterrupted=5488|5488;incomplete=5488|5488;duplicate=5488|5488;blocked=5488|5488;stale=5488|5552;cumulative=2304|2304,14788,5552,true,true,pass=true~first_m=2~first_u=2~first_w=713~first_q=true~second_m=2~second_u=2~second_w=753~second_q=true~heldout_o=1~heldout_m=0~heldout_u=0~heldout_w=514~heldout_q=true~coupling=2|2~resistance=6|6~before=2304~after=2304,true,bounded_same_body_memory,none
864002,3710860333678592,false,false,137,formation=learn_twice;complete=all@61;incomplete=omit4@70;blocked=resistance0@61;stale=once_age@111;compact=direct_open_fork_ring@0+aged@10;px7=train@0+10+heldout@20,8,branch_cycle_silence,branch.outward==0 && cycle.outward==0,branch=outward=0~return=0~updates=0~work=54~queue=empty~quiet=true~permanent=7885490650938662478~complete=7619656042081822536~cycle=outward=0~return=0~updates=0~work=17~queue=empty~quiet=true~permanent=4511087924210267655~complete=8682685278406037456,true,formation:outward=2~return=2~updates=12~work=14788~queue=empty~quiet=true~permanent=14077781630799882255~complete=15007932534719903210;completed:outward=1~return=1~updates=1~work=2478~queue=empty~quiet=true~permanent=9583195593723106613~complete=11982684348424305042;incomplete:outward=0~return=0~updates=0~work=1616~queue=empty~quiet=true~permanent=17014467637654578636~complete=14936198985886790108;blocked:outward=0~return=0~updates=0~work=2273~queue=empty~quiet=true~permanent=11718307239861271874~complete=12060682634303591706;stale:outward=0~return=0~updates=0~work=1334~queue=empty~quiet=true~permanent=387255310380296281~complete=2596022923362048014;duplicate_recursive:outward=1~return=1~updates=1~work=2590~queue=empty~quiet=true~permanent=9583195593723106613~complete=7073163891762309526;zero_length:outward=1~return=0~updates=0~work=16~queue=empty~quiet=true~permanent=14062938325923164827~complete=3256051379884712759;duplicate_physical:outward=1~return=0~updates=0~work=23~queue=empty~quiet=true~permanent=5510247576535339377~complete=7525065562618949492;open:outward=0~return=0~updates=0~work=7~queue=empty~quiet=true~permanent=3720841970244674926~complete=4619938715373826520;aged:outward=0~return=0~updates=0~work=7~queue=empty~quiet=true~permanent=17280458030908670635~complete=18366757160702325727;branch:outward=0~return=0~updates=0~work=54~queue=empty~quiet=true~permanent=7885490650938662478~complete=7619656042081822536;cycle:outward=0~return=0~updates=0~work=17~queue=empty~quiet=true~permanent=4511087924210267655~complete=8682685278406037456,primary=5488|5488;uninterrupted=5488|5488;incomplete=5488|5488;duplicate=5488|5488;blocked=5488|5488;stale=5488|5552;cumulative=2304|2304,14788,5552,true,true,pass=true~first_m=2~first_u=2~first_w=713~first_q=true~second_m=2~second_u=2~second_w=753~second_q=true~heldout_o=1~heldout_m=0~heldout_u=0~heldout_w=514~heldout_q=true~coupling=2|2~resistance=6|6~before=2304~after=2304,true,bounded_same_body_memory,none
864002,3710860333678592,false,false,137,formation=learn_twice;complete=all@61;incomplete=omit4@70;blocked=resistance0@61;stale=once_age@111;compact=direct_open_fork_ring@0+aged@10;px7=train@0+10+heldout@20,9,pause_resume,pause_stable && resume_equal,pause_stable=true~resume_equal=true,true,formation:outward=2~return=2~updates=12~work=14788~queue=empty~quiet=true~permanent=14077781630799882255~complete=15007932534719903210;completed:outward=1~return=1~updates=1~work=2478~queue=empty~quiet=true~permanent=9583195593723106613~complete=11982684348424305042;incomplete:outward=0~return=0~updates=0~work=1616~queue=empty~quiet=true~permanent=17014467637654578636~complete=14936198985886790108;blocked:outward=0~return=0~updates=0~work=2273~queue=empty~quiet=true~permanent=11718307239861271874~complete=12060682634303591706;stale:outward=0~return=0~updates=0~work=1334~queue=empty~quiet=true~permanent=387255310380296281~complete=2596022923362048014;duplicate_recursive:outward=1~return=1~updates=1~work=2590~queue=empty~quiet=true~permanent=9583195593723106613~complete=7073163891762309526;zero_length:outward=1~return=0~updates=0~work=16~queue=empty~quiet=true~permanent=14062938325923164827~complete=3256051379884712759;duplicate_physical:outward=1~return=0~updates=0~work=23~queue=empty~quiet=true~permanent=5510247576535339377~complete=7525065562618949492;open:outward=0~return=0~updates=0~work=7~queue=empty~quiet=true~permanent=3720841970244674926~complete=4619938715373826520;aged:outward=0~return=0~updates=0~work=7~queue=empty~quiet=true~permanent=17280458030908670635~complete=18366757160702325727;branch:outward=0~return=0~updates=0~work=54~queue=empty~quiet=true~permanent=7885490650938662478~complete=7619656042081822536;cycle:outward=0~return=0~updates=0~work=17~queue=empty~quiet=true~permanent=4511087924210267655~complete=8682685278406037456,primary=5488|5488;uninterrupted=5488|5488;incomplete=5488|5488;duplicate=5488|5488;blocked=5488|5488;stale=5488|5552;cumulative=2304|2304,14788,5552,true,true,pass=true~first_m=2~first_u=2~first_w=713~first_q=true~second_m=2~second_u=2~second_w=753~second_q=true~heldout_o=1~heldout_m=0~heldout_u=0~heldout_w=514~heldout_q=true~coupling=2|2~resistance=6|6~before=2304~after=2304,true,bounded_same_body_memory,none
864002,3710860333678592,false,false,137,formation=learn_twice;complete=all@61;incomplete=omit4@70;blocked=resistance0@61;stale=once_age@111;compact=direct_open_fork_ring@0+aged@10;px7=train@0+10+heldout@20,10,natural_quiescence,all queues empty and naturally quiescent,quiet=true~queue=empty,true,formation:outward=2~return=2~updates=12~work=14788~queue=empty~quiet=true~permanent=14077781630799882255~complete=15007932534719903210;completed:outward=1~return=1~updates=1~work=2478~queue=empty~quiet=true~permanent=9583195593723106613~complete=11982684348424305042;incomplete:outward=0~return=0~updates=0~work=1616~queue=empty~quiet=true~permanent=17014467637654578636~complete=14936198985886790108;blocked:outward=0~return=0~updates=0~work=2273~queue=empty~quiet=true~permanent=11718307239861271874~complete=12060682634303591706;stale:outward=0~return=0~updates=0~work=1334~queue=empty~quiet=true~permanent=387255310380296281~complete=2596022923362048014;duplicate_recursive:outward=1~return=1~updates=1~work=2590~queue=empty~quiet=true~permanent=9583195593723106613~complete=7073163891762309526;zero_length:outward=1~return=0~updates=0~work=16~queue=empty~quiet=true~permanent=14062938325923164827~complete=3256051379884712759;duplicate_physical:outward=1~return=0~updates=0~work=23~queue=empty~quiet=true~permanent=5510247576535339377~complete=7525065562618949492;open:outward=0~return=0~updates=0~work=7~queue=empty~quiet=true~permanent=3720841970244674926~complete=4619938715373826520;aged:outward=0~return=0~updates=0~work=7~queue=empty~quiet=true~permanent=17280458030908670635~complete=18366757160702325727;branch:outward=0~return=0~updates=0~work=54~queue=empty~quiet=true~permanent=7885490650938662478~complete=7619656042081822536;cycle:outward=0~return=0~updates=0~work=17~queue=empty~quiet=true~permanent=4511087924210267655~complete=8682685278406037456,primary=5488|5488;uninterrupted=5488|5488;incomplete=5488|5488;duplicate=5488|5488;blocked=5488|5488;stale=5488|5552;cumulative=2304|2304,14788,5552,true,true,pass=true~first_m=2~first_u=2~first_w=713~first_q=true~second_m=2~second_u=2~second_w=753~second_q=true~heldout_o=1~heldout_m=0~heldout_u=0~heldout_w=514~heldout_q=true~coupling=2|2~resistance=6|6~before=2304~after=2304,true,bounded_same_body_memory,none
864002,3710860333678592,false,false,137,formation=learn_twice;complete=all@61;incomplete=omit4@70;blocked=resistance0@61;stale=once_age@111;compact=direct_open_fork_ring@0+aged@10;px7=train@0+10+heldout@20,11,bounded_work,maximum_work<=20000,maximum_work=14788,true,formation:outward=2~return=2~updates=12~work=14788~queue=empty~quiet=true~permanent=14077781630799882255~complete=15007932534719903210;completed:outward=1~return=1~updates=1~work=2478~queue=empty~quiet=true~permanent=9583195593723106613~complete=11982684348424305042;incomplete:outward=0~return=0~updates=0~work=1616~queue=empty~quiet=true~permanent=17014467637654578636~complete=14936198985886790108;blocked:outward=0~return=0~updates=0~work=2273~queue=empty~quiet=true~permanent=11718307239861271874~complete=12060682634303591706;stale:outward=0~return=0~updates=0~work=1334~queue=empty~quiet=true~permanent=387255310380296281~complete=2596022923362048014;duplicate_recursive:outward=1~return=1~updates=1~work=2590~queue=empty~quiet=true~permanent=9583195593723106613~complete=7073163891762309526;zero_length:outward=1~return=0~updates=0~work=16~queue=empty~quiet=true~permanent=14062938325923164827~complete=3256051379884712759;duplicate_physical:outward=1~return=0~updates=0~work=23~queue=empty~quiet=true~permanent=5510247576535339377~complete=7525065562618949492;open:outward=0~return=0~updates=0~work=7~queue=empty~quiet=true~permanent=3720841970244674926~complete=4619938715373826520;aged:outward=0~return=0~updates=0~work=7~queue=empty~quiet=true~permanent=17280458030908670635~complete=18366757160702325727;branch:outward=0~return=0~updates=0~work=54~queue=empty~quiet=true~permanent=7885490650938662478~complete=7619656042081822536;cycle:outward=0~return=0~updates=0~work=17~queue=empty~quiet=true~permanent=4511087924210267655~complete=8682685278406037456,primary=5488|5488;uninterrupted=5488|5488;incomplete=5488|5488;duplicate=5488|5488;blocked=5488|5488;stale=5488|5552;cumulative=2304|2304,14788,5552,true,true,pass=true~first_m=2~first_u=2~first_w=713~first_q=true~second_m=2~second_u=2~second_w=753~second_q=true~heldout_o=1~heldout_m=0~heldout_u=0~heldout_w=514~heldout_q=true~coupling=2|2~resistance=6|6~before=2304~after=2304,true,bounded_same_body_memory,none
864002,3710860333678592,false,false,137,formation=learn_twice;complete=all@61;incomplete=omit4@70;blocked=resistance0@61;stale=once_age@111;compact=direct_open_fork_ring@0+aged@10;px7=train@0+10+heldout@20,12,bounded_same_body_memory,maximum_bytes<=8192 && all seven before==after,maximum_bytes=5552~pairs=primary=5488|5488;uninterrupted=5488|5488;incomplete=5488|5488;duplicate=5488|5488;blocked=5488|5488;stale=5488|5552;cumulative=2304|2304~stable=false,false,formation:outward=2~return=2~updates=12~work=14788~queue=empty~quiet=true~permanent=14077781630799882255~complete=15007932534719903210;completed:outward=1~return=1~updates=1~work=2478~queue=empty~quiet=true~permanent=9583195593723106613~complete=11982684348424305042;incomplete:outward=0~return=0~updates=0~work=1616~queue=empty~quiet=true~permanent=17014467637654578636~complete=14936198985886790108;blocked:outward=0~return=0~updates=0~work=2273~queue=empty~quiet=true~permanent=11718307239861271874~complete=12060682634303591706;stale:outward=0~return=0~updates=0~work=1334~queue=empty~quiet=true~permanent=387255310380296281~complete=2596022923362048014;duplicate_recursive:outward=1~return=1~updates=1~work=2590~queue=empty~quiet=true~permanent=9583195593723106613~complete=7073163891762309526;zero_length:outward=1~return=0~updates=0~work=16~queue=empty~quiet=true~permanent=14062938325923164827~complete=3256051379884712759;duplicate_physical:outward=1~return=0~updates=0~work=23~queue=empty~quiet=true~permanent=5510247576535339377~complete=7525065562618949492;open:outward=0~return=0~updates=0~work=7~queue=empty~quiet=true~permanent=3720841970244674926~complete=4619938715373826520;aged:outward=0~return=0~updates=0~work=7~queue=empty~quiet=true~permanent=17280458030908670635~complete=18366757160702325727;branch:outward=0~return=0~updates=0~work=54~queue=empty~quiet=true~permanent=7885490650938662478~complete=7619656042081822536;cycle:outward=0~return=0~updates=0~work=17~queue=empty~quiet=true~permanent=4511087924210267655~complete=8682685278406037456,primary=5488|5488;uninterrupted=5488|5488;incomplete=5488|5488;duplicate=5488|5488;blocked=5488|5488;stale=5488|5552;cumulative=2304|2304,14788,5552,true,true,pass=true~first_m=2~first_u=2~first_w=713~first_q=true~second_m=2~second_u=2~second_w=753~second_q=true~heldout_o=1~heldout_m=0~heldout_u=0~heldout_w=514~heldout_q=true~coupling=2|2~resistance=6|6~before=2304~after=2304,true,bounded_same_body_memory,none
864002,3710860333678592,false,false,137,formation=learn_twice;complete=all@61;incomplete=omit4@70;blocked=resistance0@61;stale=once_age@111;compact=direct_open_fork_ring@0+aged@10;px7=train@0+10+heldout@20,13,cumulative_px0_px7_lrc,PX7 training/heldout/return/quiet/stability pass,pass=true~first_m=2~first_u=2~first_w=713~first_q=true~second_m=2~second_u=2~second_w=753~second_q=true~heldout_o=1~heldout_m=0~heldout_u=0~heldout_w=514~heldout_q=true~coupling=2|2~resistance=6|6~before=2304~after=2304,true,formation:outward=2~return=2~updates=12~work=14788~queue=empty~quiet=true~permanent=14077781630799882255~complete=15007932534719903210;completed:outward=1~return=1~updates=1~work=2478~queue=empty~quiet=true~permanent=9583195593723106613~complete=11982684348424305042;incomplete:outward=0~return=0~updates=0~work=1616~queue=empty~quiet=true~permanent=17014467637654578636~complete=14936198985886790108;blocked:outward=0~return=0~updates=0~work=2273~queue=empty~quiet=true~permanent=11718307239861271874~complete=12060682634303591706;stale:outward=0~return=0~updates=0~work=1334~queue=empty~quiet=true~permanent=387255310380296281~complete=2596022923362048014;duplicate_recursive:outward=1~return=1~updates=1~work=2590~queue=empty~quiet=true~permanent=9583195593723106613~complete=7073163891762309526;zero_length:outward=1~return=0~updates=0~work=16~queue=empty~quiet=true~permanent=14062938325923164827~complete=3256051379884712759;duplicate_physical:outward=1~return=0~updates=0~work=23~queue=empty~quiet=true~permanent=5510247576535339377~complete=7525065562618949492;open:outward=0~return=0~updates=0~work=7~queue=empty~quiet=true~permanent=3720841970244674926~complete=4619938715373826520;aged:outward=0~return=0~updates=0~work=7~queue=empty~quiet=true~permanent=17280458030908670635~complete=18366757160702325727;branch:outward=0~return=0~updates=0~work=54~queue=empty~quiet=true~permanent=7885490650938662478~complete=7619656042081822536;cycle:outward=0~return=0~updates=0~work=17~queue=empty~quiet=true~permanent=4511087924210267655~complete=8682685278406037456,primary=5488|5488;uninterrupted=5488|5488;incomplete=5488|5488;duplicate=5488|5488;blocked=5488|5488;stale=5488|5552;cumulative=2304|2304,14788,5552,true,true,pass=true~first_m=2~first_u=2~first_w=713~first_q=true~second_m=2~second_u=2~second_w=753~second_q=true~heldout_o=1~heldout_m=0~heldout_u=0~heldout_w=514~heldout_q=true~coupling=2|2~resistance=6|6~before=2304~after=2304,true,bounded_same_body_memory,none
864002,3710860333678592,false,false,137,formation=learn_twice;complete=all@61;incomplete=omit4@70;blocked=resistance0@61;stale=once_age@111;compact=direct_open_fork_ring@0+aged@10;px7=train@0+10+heldout@20,14,exact_replay,independent Trial values exactly equal,exact=true~first_divergence=none,true,formation:outward=2~return=2~updates=12~work=14788~queue=empty~quiet=true~permanent=14077781630799882255~complete=15007932534719903210;completed:outward=1~return=1~updates=1~work=2478~queue=empty~quiet=true~permanent=9583195593723106613~complete=11982684348424305042;incomplete:outward=0~return=0~updates=0~work=1616~queue=empty~quiet=true~permanent=17014467637654578636~complete=14936198985886790108;blocked:outward=0~return=0~updates=0~work=2273~queue=empty~quiet=true~permanent=11718307239861271874~complete=12060682634303591706;stale:outward=0~return=0~updates=0~work=1334~queue=empty~quiet=true~permanent=387255310380296281~complete=2596022923362048014;duplicate_recursive:outward=1~return=1~updates=1~work=2590~queue=empty~quiet=true~permanent=9583195593723106613~complete=7073163891762309526;zero_length:outward=1~return=0~updates=0~work=16~queue=empty~quiet=true~permanent=14062938325923164827~complete=3256051379884712759;duplicate_physical:outward=1~return=0~updates=0~work=23~queue=empty~quiet=true~permanent=5510247576535339377~complete=7525065562618949492;open:outward=0~return=0~updates=0~work=7~queue=empty~quiet=true~permanent=3720841970244674926~complete=4619938715373826520;aged:outward=0~return=0~updates=0~work=7~queue=empty~quiet=true~permanent=17280458030908670635~complete=18366757160702325727;branch:outward=0~return=0~updates=0~work=54~queue=empty~quiet=true~permanent=7885490650938662478~complete=7619656042081822536;cycle:outward=0~return=0~updates=0~work=17~queue=empty~quiet=true~permanent=4511087924210267655~complete=8682685278406037456,primary=5488|5488;uninterrupted=5488|5488;incomplete=5488|5488;duplicate=5488|5488;blocked=5488|5488;stale=5488|5552;cumulative=2304|2304,14788,5552,true,true,pass=true~first_m=2~first_u=2~first_w=713~first_q=true~second_m=2~second_u=2~second_w=753~second_q=true~heldout_o=1~heldout_m=0~heldout_u=0~heldout_w=514~heldout_q=true~coupling=2|2~resistance=6|6~before=2304~after=2304,true,bounded_same_body_memory,none
864003,3710864628645888,false,false,274,formation=learn_twice;complete=all@61;incomplete=omit4@70;blocked=resistance0@61;stale=once_age@111;compact=direct_open_fork_ring@0+aged@10;px7=train@0+10+heldout@20,1,formation_modulation_and_updates,formation.updates>0 && formation.inward_modulation>0,outward=2~return=2~updates=12~work=14758~queue=empty~quiet=true~permanent=5549458375812975604~complete=7248952865700068709,true,formation:outward=2~return=2~updates=12~work=14758~queue=empty~quiet=true~permanent=5549458375812975604~complete=7248952865700068709;completed:outward=1~return=1~updates=1~work=2473~queue=empty~quiet=true~permanent=5270400718130671134~complete=10847016403436216937;incomplete:outward=0~return=0~updates=0~work=1611~queue=empty~quiet=true~permanent=15401915554177265975~complete=15660091207108632257;blocked:outward=0~return=0~updates=0~work=2268~queue=empty~quiet=true~permanent=4711136313631834357~complete=11478217450032152149;stale:outward=0~return=0~updates=0~work=1334~queue=empty~quiet=true~permanent=12151288084533082221~complete=6420878237473000372;duplicate_recursive:outward=1~return=1~updates=1~work=2585~queue=empty~quiet=true~permanent=5270400718130671134~complete=5937495946774221421;zero_length:outward=1~return=0~updates=0~work=16~queue=empty~quiet=true~permanent=3544170592584586305~complete=11563189982560903085;duplicate_physical:outward=1~return=0~updates=0~work=23~queue=empty~quiet=true~permanent=5450648344953199339~complete=3171610207592614854;open:outward=0~return=0~updates=0~work=7~queue=empty~quiet=true~permanent=1074568894845070552~complete=13226443025511192970;aged:outward=0~return=0~updates=0~work=7~queue=empty~quiet=true~permanent=7546464522264406317~complete=7584031866021086421;branch:outward=0~return=0~updates=0~work=54~queue=empty~quiet=true~permanent=2918227565437276337~complete=12985882201900437231;cycle:outward=0~return=0~updates=0~work=17~queue=empty~quiet=true~permanent=11316442380715741619~complete=13268559372779109976,primary=5488|5488;uninterrupted=5488|5488;incomplete=5488|5488;duplicate=5488|5488;blocked=5488|5488;stale=5488|5552;cumulative=2304|2304,14758,5552,true,true,pass=true~first_m=2~first_u=2~first_w=713~first_q=true~second_m=2~second_u=2~second_w=753~second_q=true~heldout_o=1~heldout_m=0~heldout_u=0~heldout_w=514~heldout_q=true~coupling=2|2~resistance=6|6~before=2304~after=2304,true,bounded_same_body_memory,none
864003,3710864628645888,false,false,274,formation=learn_twice;complete=all@61;incomplete=omit4@70;blocked=resistance0@61;stale=once_age@111;compact=direct_open_fork_ring@0+aged@10;px7=train@0+10+heldout@20,2,completed_exactly_once,completed.outward==1,outward=1~return=1~updates=1~work=2473~queue=empty~quiet=true~permanent=5270400718130671134~complete=10847016403436216937,true,formation:outward=2~return=2~updates=12~work=14758~queue=empty~quiet=true~permanent=5549458375812975604~complete=7248952865700068709;completed:outward=1~return=1~updates=1~work=2473~queue=empty~quiet=true~permanent=5270400718130671134~complete=10847016403436216937;incomplete:outward=0~return=0~updates=0~work=1611~queue=empty~quiet=true~permanent=15401915554177265975~complete=15660091207108632257;blocked:outward=0~return=0~updates=0~work=2268~queue=empty~quiet=true~permanent=4711136313631834357~complete=11478217450032152149;stale:outward=0~return=0~updates=0~work=1334~queue=empty~quiet=true~permanent=12151288084533082221~complete=6420878237473000372;duplicate_recursive:outward=1~return=1~updates=1~work=2585~queue=empty~quiet=true~permanent=5270400718130671134~complete=5937495946774221421;zero_length:outward=1~return=0~updates=0~work=16~queue=empty~quiet=true~permanent=3544170592584586305~complete=11563189982560903085;duplicate_physical:outward=1~return=0~updates=0~work=23~queue=empty~quiet=true~permanent=5450648344953199339~complete=3171610207592614854;open:outward=0~return=0~updates=0~work=7~queue=empty~quiet=true~permanent=1074568894845070552~complete=13226443025511192970;aged:outward=0~return=0~updates=0~work=7~queue=empty~quiet=true~permanent=7546464522264406317~complete=7584031866021086421;branch:outward=0~return=0~updates=0~work=54~queue=empty~quiet=true~permanent=2918227565437276337~complete=12985882201900437231;cycle:outward=0~return=0~updates=0~work=17~queue=empty~quiet=true~permanent=11316442380715741619~complete=13268559372779109976,primary=5488|5488;uninterrupted=5488|5488;incomplete=5488|5488;duplicate=5488|5488;blocked=5488|5488;stale=5488|5552;cumulative=2304|2304,14758,5552,true,true,pass=true~first_m=2~first_u=2~first_w=713~first_q=true~second_m=2~second_u=2~second_w=753~second_q=true~heldout_o=1~heldout_m=0~heldout_u=0~heldout_w=514~heldout_q=true~coupling=2|2~resistance=6|6~before=2304~after=2304,true,bounded_same_body_memory,none
864003,3710864628645888,false,false,274,formation=learn_twice;complete=all@61;incomplete=omit4@70;blocked=resistance0@61;stale=once_age@111;compact=direct_open_fork_ring@0+aged@10;px7=train@0+10+heldout@20,3,completed_return_and_update,completed.return==1 && completed.updates==1,outward=1~return=1~updates=1~work=2473~queue=empty~quiet=true~permanent=5270400718130671134~complete=10847016403436216937,true,formation:outward=2~return=2~updates=12~work=14758~queue=empty~quiet=true~permanent=5549458375812975604~complete=7248952865700068709;completed:outward=1~return=1~updates=1~work=2473~queue=empty~quiet=true~permanent=5270400718130671134~complete=10847016403436216937;incomplete:outward=0~return=0~updates=0~work=1611~queue=empty~quiet=true~permanent=15401915554177265975~complete=15660091207108632257;blocked:outward=0~return=0~updates=0~work=2268~queue=empty~quiet=true~permanent=4711136313631834357~complete=11478217450032152149;stale:outward=0~return=0~updates=0~work=1334~queue=empty~quiet=true~permanent=12151288084533082221~complete=6420878237473000372;duplicate_recursive:outward=1~return=1~updates=1~work=2585~queue=empty~quiet=true~permanent=5270400718130671134~complete=5937495946774221421;zero_length:outward=1~return=0~updates=0~work=16~queue=empty~quiet=true~permanent=3544170592584586305~complete=11563189982560903085;duplicate_physical:outward=1~return=0~updates=0~work=23~queue=empty~quiet=true~permanent=5450648344953199339~complete=3171610207592614854;open:outward=0~return=0~updates=0~work=7~queue=empty~quiet=true~permanent=1074568894845070552~complete=13226443025511192970;aged:outward=0~return=0~updates=0~work=7~queue=empty~quiet=true~permanent=7546464522264406317~complete=7584031866021086421;branch:outward=0~return=0~updates=0~work=54~queue=empty~quiet=true~permanent=2918227565437276337~complete=12985882201900437231;cycle:outward=0~return=0~updates=0~work=17~queue=empty~quiet=true~permanent=11316442380715741619~complete=13268559372779109976,primary=5488|5488;uninterrupted=5488|5488;incomplete=5488|5488;duplicate=5488|5488;blocked=5488|5488;stale=5488|5552;cumulative=2304|2304,14758,5552,true,true,pass=true~first_m=2~first_u=2~first_w=713~first_q=true~second_m=2~second_u=2~second_w=753~second_q=true~heldout_o=1~heldout_m=0~heldout_u=0~heldout_w=514~heldout_q=true~coupling=2|2~resistance=6|6~before=2304~after=2304,true,bounded_same_body_memory,none
864003,3710864628645888,false,false,274,formation=learn_twice;complete=all@61;incomplete=omit4@70;blocked=resistance0@61;stale=once_age@111;compact=direct_open_fork_ring@0+aged@10;px7=train@0+10+heldout@20,4,incomplete_blocked_stale_silence,incomplete.outward==0 && blocked.outward==0 && stale.outward==0,incomplete=outward=0~return=0~updates=0~work=1611~queue=empty~quiet=true~permanent=15401915554177265975~complete=15660091207108632257~blocked=outward=0~return=0~updates=0~work=2268~queue=empty~quiet=true~permanent=4711136313631834357~complete=11478217450032152149~stale=outward=0~return=0~updates=0~work=1334~queue=empty~quiet=true~permanent=12151288084533082221~complete=6420878237473000372,true,formation:outward=2~return=2~updates=12~work=14758~queue=empty~quiet=true~permanent=5549458375812975604~complete=7248952865700068709;completed:outward=1~return=1~updates=1~work=2473~queue=empty~quiet=true~permanent=5270400718130671134~complete=10847016403436216937;incomplete:outward=0~return=0~updates=0~work=1611~queue=empty~quiet=true~permanent=15401915554177265975~complete=15660091207108632257;blocked:outward=0~return=0~updates=0~work=2268~queue=empty~quiet=true~permanent=4711136313631834357~complete=11478217450032152149;stale:outward=0~return=0~updates=0~work=1334~queue=empty~quiet=true~permanent=12151288084533082221~complete=6420878237473000372;duplicate_recursive:outward=1~return=1~updates=1~work=2585~queue=empty~quiet=true~permanent=5270400718130671134~complete=5937495946774221421;zero_length:outward=1~return=0~updates=0~work=16~queue=empty~quiet=true~permanent=3544170592584586305~complete=11563189982560903085;duplicate_physical:outward=1~return=0~updates=0~work=23~queue=empty~quiet=true~permanent=5450648344953199339~complete=3171610207592614854;open:outward=0~return=0~updates=0~work=7~queue=empty~quiet=true~permanent=1074568894845070552~complete=13226443025511192970;aged:outward=0~return=0~updates=0~work=7~queue=empty~quiet=true~permanent=7546464522264406317~complete=7584031866021086421;branch:outward=0~return=0~updates=0~work=54~queue=empty~quiet=true~permanent=2918227565437276337~complete=12985882201900437231;cycle:outward=0~return=0~updates=0~work=17~queue=empty~quiet=true~permanent=11316442380715741619~complete=13268559372779109976,primary=5488|5488;uninterrupted=5488|5488;incomplete=5488|5488;duplicate=5488|5488;blocked=5488|5488;stale=5488|5552;cumulative=2304|2304,14758,5552,true,true,pass=true~first_m=2~first_u=2~first_w=713~first_q=true~second_m=2~second_u=2~second_w=753~second_q=true~heldout_o=1~heldout_m=0~heldout_u=0~heldout_w=514~heldout_q=true~coupling=2|2~resistance=6|6~before=2304~after=2304,true,bounded_same_body_memory,none
864003,3710864628645888,false,false,274,formation=learn_twice;complete=all@61;incomplete=omit4@70;blocked=resistance0@61;stale=once_age@111;compact=direct_open_fork_ring@0+aged@10;px7=train@0+10+heldout@20,5,open_aged_silence,open.outward==0 && aged.outward==0,open=outward=0~return=0~updates=0~work=7~queue=empty~quiet=true~permanent=1074568894845070552~complete=13226443025511192970~aged=outward=0~return=0~updates=0~work=7~queue=empty~quiet=true~permanent=7546464522264406317~complete=7584031866021086421,true,formation:outward=2~return=2~updates=12~work=14758~queue=empty~quiet=true~permanent=5549458375812975604~complete=7248952865700068709;completed:outward=1~return=1~updates=1~work=2473~queue=empty~quiet=true~permanent=5270400718130671134~complete=10847016403436216937;incomplete:outward=0~return=0~updates=0~work=1611~queue=empty~quiet=true~permanent=15401915554177265975~complete=15660091207108632257;blocked:outward=0~return=0~updates=0~work=2268~queue=empty~quiet=true~permanent=4711136313631834357~complete=11478217450032152149;stale:outward=0~return=0~updates=0~work=1334~queue=empty~quiet=true~permanent=12151288084533082221~complete=6420878237473000372;duplicate_recursive:outward=1~return=1~updates=1~work=2585~queue=empty~quiet=true~permanent=5270400718130671134~complete=5937495946774221421;zero_length:outward=1~return=0~updates=0~work=16~queue=empty~quiet=true~permanent=3544170592584586305~complete=11563189982560903085;duplicate_physical:outward=1~return=0~updates=0~work=23~queue=empty~quiet=true~permanent=5450648344953199339~complete=3171610207592614854;open:outward=0~return=0~updates=0~work=7~queue=empty~quiet=true~permanent=1074568894845070552~complete=13226443025511192970;aged:outward=0~return=0~updates=0~work=7~queue=empty~quiet=true~permanent=7546464522264406317~complete=7584031866021086421;branch:outward=0~return=0~updates=0~work=54~queue=empty~quiet=true~permanent=2918227565437276337~complete=12985882201900437231;cycle:outward=0~return=0~updates=0~work=17~queue=empty~quiet=true~permanent=11316442380715741619~complete=13268559372779109976,primary=5488|5488;uninterrupted=5488|5488;incomplete=5488|5488;duplicate=5488|5488;blocked=5488|5488;stale=5488|5552;cumulative=2304|2304,14758,5552,true,true,pass=true~first_m=2~first_u=2~first_w=713~first_q=true~second_m=2~second_u=2~second_w=753~second_q=true~heldout_o=1~heldout_m=0~heldout_u=0~heldout_w=514~heldout_q=true~coupling=2|2~resistance=6|6~before=2304~after=2304,true,bounded_same_body_memory,none
864003,3710864628645888,false,false,274,formation=learn_twice;complete=all@61;incomplete=omit4@70;blocked=resistance0@61;stale=once_age@111;compact=direct_open_fork_ring@0+aged@10;px7=train@0+10+heldout@20,6,zero_length_exactly_once,zero_length.outward==1,outward=1~return=0~updates=0~work=16~queue=empty~quiet=true~permanent=3544170592584586305~complete=11563189982560903085,true,formation:outward=2~return=2~updates=12~work=14758~queue=empty~quiet=true~permanent=5549458375812975604~complete=7248952865700068709;completed:outward=1~return=1~updates=1~work=2473~queue=empty~quiet=true~permanent=5270400718130671134~complete=10847016403436216937;incomplete:outward=0~return=0~updates=0~work=1611~queue=empty~quiet=true~permanent=15401915554177265975~complete=15660091207108632257;blocked:outward=0~return=0~updates=0~work=2268~queue=empty~quiet=true~permanent=4711136313631834357~complete=11478217450032152149;stale:outward=0~return=0~updates=0~work=1334~queue=empty~quiet=true~permanent=12151288084533082221~complete=6420878237473000372;duplicate_recursive:outward=1~return=1~updates=1~work=2585~queue=empty~quiet=true~permanent=5270400718130671134~complete=5937495946774221421;zero_length:outward=1~return=0~updates=0~work=16~queue=empty~quiet=true~permanent=3544170592584586305~complete=11563189982560903085;duplicate_physical:outward=1~return=0~updates=0~work=23~queue=empty~quiet=true~permanent=5450648344953199339~complete=3171610207592614854;open:outward=0~return=0~updates=0~work=7~queue=empty~quiet=true~permanent=1074568894845070552~complete=13226443025511192970;aged:outward=0~return=0~updates=0~work=7~queue=empty~quiet=true~permanent=7546464522264406317~complete=7584031866021086421;branch:outward=0~return=0~updates=0~work=54~queue=empty~quiet=true~permanent=2918227565437276337~complete=12985882201900437231;cycle:outward=0~return=0~updates=0~work=17~queue=empty~quiet=true~permanent=11316442380715741619~complete=13268559372779109976,primary=5488|5488;uninterrupted=5488|5488;incomplete=5488|5488;duplicate=5488|5488;blocked=5488|5488;stale=5488|5552;cumulative=2304|2304,14758,5552,true,true,pass=true~first_m=2~first_u=2~first_w=713~first_q=true~second_m=2~second_u=2~second_w=753~second_q=true~heldout_o=1~heldout_m=0~heldout_u=0~heldout_w=514~heldout_q=true~coupling=2|2~resistance=6|6~before=2304~after=2304,true,bounded_same_body_memory,none
864003,3710864628645888,false,false,274,formation=learn_twice;complete=all@61;incomplete=omit4@70;blocked=resistance0@61;stale=once_age@111;compact=direct_open_fork_ring@0+aged@10;px7=train@0+10+heldout@20,7,duplicates_exactly_once,duplicate_physical.outward==1 && duplicate_recursive.outward==1,physical=outward=1~return=0~updates=0~work=23~queue=empty~quiet=true~permanent=5450648344953199339~complete=3171610207592614854~recursive=outward=1~return=1~updates=1~work=2585~queue=empty~quiet=true~permanent=5270400718130671134~complete=5937495946774221421,true,formation:outward=2~return=2~updates=12~work=14758~queue=empty~quiet=true~permanent=5549458375812975604~complete=7248952865700068709;completed:outward=1~return=1~updates=1~work=2473~queue=empty~quiet=true~permanent=5270400718130671134~complete=10847016403436216937;incomplete:outward=0~return=0~updates=0~work=1611~queue=empty~quiet=true~permanent=15401915554177265975~complete=15660091207108632257;blocked:outward=0~return=0~updates=0~work=2268~queue=empty~quiet=true~permanent=4711136313631834357~complete=11478217450032152149;stale:outward=0~return=0~updates=0~work=1334~queue=empty~quiet=true~permanent=12151288084533082221~complete=6420878237473000372;duplicate_recursive:outward=1~return=1~updates=1~work=2585~queue=empty~quiet=true~permanent=5270400718130671134~complete=5937495946774221421;zero_length:outward=1~return=0~updates=0~work=16~queue=empty~quiet=true~permanent=3544170592584586305~complete=11563189982560903085;duplicate_physical:outward=1~return=0~updates=0~work=23~queue=empty~quiet=true~permanent=5450648344953199339~complete=3171610207592614854;open:outward=0~return=0~updates=0~work=7~queue=empty~quiet=true~permanent=1074568894845070552~complete=13226443025511192970;aged:outward=0~return=0~updates=0~work=7~queue=empty~quiet=true~permanent=7546464522264406317~complete=7584031866021086421;branch:outward=0~return=0~updates=0~work=54~queue=empty~quiet=true~permanent=2918227565437276337~complete=12985882201900437231;cycle:outward=0~return=0~updates=0~work=17~queue=empty~quiet=true~permanent=11316442380715741619~complete=13268559372779109976,primary=5488|5488;uninterrupted=5488|5488;incomplete=5488|5488;duplicate=5488|5488;blocked=5488|5488;stale=5488|5552;cumulative=2304|2304,14758,5552,true,true,pass=true~first_m=2~first_u=2~first_w=713~first_q=true~second_m=2~second_u=2~second_w=753~second_q=true~heldout_o=1~heldout_m=0~heldout_u=0~heldout_w=514~heldout_q=true~coupling=2|2~resistance=6|6~before=2304~after=2304,true,bounded_same_body_memory,none
864003,3710864628645888,false,false,274,formation=learn_twice;complete=all@61;incomplete=omit4@70;blocked=resistance0@61;stale=once_age@111;compact=direct_open_fork_ring@0+aged@10;px7=train@0+10+heldout@20,8,branch_cycle_silence,branch.outward==0 && cycle.outward==0,branch=outward=0~return=0~updates=0~work=54~queue=empty~quiet=true~permanent=2918227565437276337~complete=12985882201900437231~cycle=outward=0~return=0~updates=0~work=17~queue=empty~quiet=true~permanent=11316442380715741619~complete=13268559372779109976,true,formation:outward=2~return=2~updates=12~work=14758~queue=empty~quiet=true~permanent=5549458375812975604~complete=7248952865700068709;completed:outward=1~return=1~updates=1~work=2473~queue=empty~quiet=true~permanent=5270400718130671134~complete=10847016403436216937;incomplete:outward=0~return=0~updates=0~work=1611~queue=empty~quiet=true~permanent=15401915554177265975~complete=15660091207108632257;blocked:outward=0~return=0~updates=0~work=2268~queue=empty~quiet=true~permanent=4711136313631834357~complete=11478217450032152149;stale:outward=0~return=0~updates=0~work=1334~queue=empty~quiet=true~permanent=12151288084533082221~complete=6420878237473000372;duplicate_recursive:outward=1~return=1~updates=1~work=2585~queue=empty~quiet=true~permanent=5270400718130671134~complete=5937495946774221421;zero_length:outward=1~return=0~updates=0~work=16~queue=empty~quiet=true~permanent=3544170592584586305~complete=11563189982560903085;duplicate_physical:outward=1~return=0~updates=0~work=23~queue=empty~quiet=true~permanent=5450648344953199339~complete=3171610207592614854;open:outward=0~return=0~updates=0~work=7~queue=empty~quiet=true~permanent=1074568894845070552~complete=13226443025511192970;aged:outward=0~return=0~updates=0~work=7~queue=empty~quiet=true~permanent=7546464522264406317~complete=7584031866021086421;branch:outward=0~return=0~updates=0~work=54~queue=empty~quiet=true~permanent=2918227565437276337~complete=12985882201900437231;cycle:outward=0~return=0~updates=0~work=17~queue=empty~quiet=true~permanent=11316442380715741619~complete=13268559372779109976,primary=5488|5488;uninterrupted=5488|5488;incomplete=5488|5488;duplicate=5488|5488;blocked=5488|5488;stale=5488|5552;cumulative=2304|2304,14758,5552,true,true,pass=true~first_m=2~first_u=2~first_w=713~first_q=true~second_m=2~second_u=2~second_w=753~second_q=true~heldout_o=1~heldout_m=0~heldout_u=0~heldout_w=514~heldout_q=true~coupling=2|2~resistance=6|6~before=2304~after=2304,true,bounded_same_body_memory,none
864003,3710864628645888,false,false,274,formation=learn_twice;complete=all@61;incomplete=omit4@70;blocked=resistance0@61;stale=once_age@111;compact=direct_open_fork_ring@0+aged@10;px7=train@0+10+heldout@20,9,pause_resume,pause_stable && resume_equal,pause_stable=true~resume_equal=true,true,formation:outward=2~return=2~updates=12~work=14758~queue=empty~quiet=true~permanent=5549458375812975604~complete=7248952865700068709;completed:outward=1~return=1~updates=1~work=2473~queue=empty~quiet=true~permanent=5270400718130671134~complete=10847016403436216937;incomplete:outward=0~return=0~updates=0~work=1611~queue=empty~quiet=true~permanent=15401915554177265975~complete=15660091207108632257;blocked:outward=0~return=0~updates=0~work=2268~queue=empty~quiet=true~permanent=4711136313631834357~complete=11478217450032152149;stale:outward=0~return=0~updates=0~work=1334~queue=empty~quiet=true~permanent=12151288084533082221~complete=6420878237473000372;duplicate_recursive:outward=1~return=1~updates=1~work=2585~queue=empty~quiet=true~permanent=5270400718130671134~complete=5937495946774221421;zero_length:outward=1~return=0~updates=0~work=16~queue=empty~quiet=true~permanent=3544170592584586305~complete=11563189982560903085;duplicate_physical:outward=1~return=0~updates=0~work=23~queue=empty~quiet=true~permanent=5450648344953199339~complete=3171610207592614854;open:outward=0~return=0~updates=0~work=7~queue=empty~quiet=true~permanent=1074568894845070552~complete=13226443025511192970;aged:outward=0~return=0~updates=0~work=7~queue=empty~quiet=true~permanent=7546464522264406317~complete=7584031866021086421;branch:outward=0~return=0~updates=0~work=54~queue=empty~quiet=true~permanent=2918227565437276337~complete=12985882201900437231;cycle:outward=0~return=0~updates=0~work=17~queue=empty~quiet=true~permanent=11316442380715741619~complete=13268559372779109976,primary=5488|5488;uninterrupted=5488|5488;incomplete=5488|5488;duplicate=5488|5488;blocked=5488|5488;stale=5488|5552;cumulative=2304|2304,14758,5552,true,true,pass=true~first_m=2~first_u=2~first_w=713~first_q=true~second_m=2~second_u=2~second_w=753~second_q=true~heldout_o=1~heldout_m=0~heldout_u=0~heldout_w=514~heldout_q=true~coupling=2|2~resistance=6|6~before=2304~after=2304,true,bounded_same_body_memory,none
864003,3710864628645888,false,false,274,formation=learn_twice;complete=all@61;incomplete=omit4@70;blocked=resistance0@61;stale=once_age@111;compact=direct_open_fork_ring@0+aged@10;px7=train@0+10+heldout@20,10,natural_quiescence,all queues empty and naturally quiescent,quiet=true~queue=empty,true,formation:outward=2~return=2~updates=12~work=14758~queue=empty~quiet=true~permanent=5549458375812975604~complete=7248952865700068709;completed:outward=1~return=1~updates=1~work=2473~queue=empty~quiet=true~permanent=5270400718130671134~complete=10847016403436216937;incomplete:outward=0~return=0~updates=0~work=1611~queue=empty~quiet=true~permanent=15401915554177265975~complete=15660091207108632257;blocked:outward=0~return=0~updates=0~work=2268~queue=empty~quiet=true~permanent=4711136313631834357~complete=11478217450032152149;stale:outward=0~return=0~updates=0~work=1334~queue=empty~quiet=true~permanent=12151288084533082221~complete=6420878237473000372;duplicate_recursive:outward=1~return=1~updates=1~work=2585~queue=empty~quiet=true~permanent=5270400718130671134~complete=5937495946774221421;zero_length:outward=1~return=0~updates=0~work=16~queue=empty~quiet=true~permanent=3544170592584586305~complete=11563189982560903085;duplicate_physical:outward=1~return=0~updates=0~work=23~queue=empty~quiet=true~permanent=5450648344953199339~complete=3171610207592614854;open:outward=0~return=0~updates=0~work=7~queue=empty~quiet=true~permanent=1074568894845070552~complete=13226443025511192970;aged:outward=0~return=0~updates=0~work=7~queue=empty~quiet=true~permanent=7546464522264406317~complete=7584031866021086421;branch:outward=0~return=0~updates=0~work=54~queue=empty~quiet=true~permanent=2918227565437276337~complete=12985882201900437231;cycle:outward=0~return=0~updates=0~work=17~queue=empty~quiet=true~permanent=11316442380715741619~complete=13268559372779109976,primary=5488|5488;uninterrupted=5488|5488;incomplete=5488|5488;duplicate=5488|5488;blocked=5488|5488;stale=5488|5552;cumulative=2304|2304,14758,5552,true,true,pass=true~first_m=2~first_u=2~first_w=713~first_q=true~second_m=2~second_u=2~second_w=753~second_q=true~heldout_o=1~heldout_m=0~heldout_u=0~heldout_w=514~heldout_q=true~coupling=2|2~resistance=6|6~before=2304~after=2304,true,bounded_same_body_memory,none
864003,3710864628645888,false,false,274,formation=learn_twice;complete=all@61;incomplete=omit4@70;blocked=resistance0@61;stale=once_age@111;compact=direct_open_fork_ring@0+aged@10;px7=train@0+10+heldout@20,11,bounded_work,maximum_work<=20000,maximum_work=14758,true,formation:outward=2~return=2~updates=12~work=14758~queue=empty~quiet=true~permanent=5549458375812975604~complete=7248952865700068709;completed:outward=1~return=1~updates=1~work=2473~queue=empty~quiet=true~permanent=5270400718130671134~complete=10847016403436216937;incomplete:outward=0~return=0~updates=0~work=1611~queue=empty~quiet=true~permanent=15401915554177265975~complete=15660091207108632257;blocked:outward=0~return=0~updates=0~work=2268~queue=empty~quiet=true~permanent=4711136313631834357~complete=11478217450032152149;stale:outward=0~return=0~updates=0~work=1334~queue=empty~quiet=true~permanent=12151288084533082221~complete=6420878237473000372;duplicate_recursive:outward=1~return=1~updates=1~work=2585~queue=empty~quiet=true~permanent=5270400718130671134~complete=5937495946774221421;zero_length:outward=1~return=0~updates=0~work=16~queue=empty~quiet=true~permanent=3544170592584586305~complete=11563189982560903085;duplicate_physical:outward=1~return=0~updates=0~work=23~queue=empty~quiet=true~permanent=5450648344953199339~complete=3171610207592614854;open:outward=0~return=0~updates=0~work=7~queue=empty~quiet=true~permanent=1074568894845070552~complete=13226443025511192970;aged:outward=0~return=0~updates=0~work=7~queue=empty~quiet=true~permanent=7546464522264406317~complete=7584031866021086421;branch:outward=0~return=0~updates=0~work=54~queue=empty~quiet=true~permanent=2918227565437276337~complete=12985882201900437231;cycle:outward=0~return=0~updates=0~work=17~queue=empty~quiet=true~permanent=11316442380715741619~complete=13268559372779109976,primary=5488|5488;uninterrupted=5488|5488;incomplete=5488|5488;duplicate=5488|5488;blocked=5488|5488;stale=5488|5552;cumulative=2304|2304,14758,5552,true,true,pass=true~first_m=2~first_u=2~first_w=713~first_q=true~second_m=2~second_u=2~second_w=753~second_q=true~heldout_o=1~heldout_m=0~heldout_u=0~heldout_w=514~heldout_q=true~coupling=2|2~resistance=6|6~before=2304~after=2304,true,bounded_same_body_memory,none
864003,3710864628645888,false,false,274,formation=learn_twice;complete=all@61;incomplete=omit4@70;blocked=resistance0@61;stale=once_age@111;compact=direct_open_fork_ring@0+aged@10;px7=train@0+10+heldout@20,12,bounded_same_body_memory,maximum_bytes<=8192 && all seven before==after,maximum_bytes=5552~pairs=primary=5488|5488;uninterrupted=5488|5488;incomplete=5488|5488;duplicate=5488|5488;blocked=5488|5488;stale=5488|5552;cumulative=2304|2304~stable=false,false,formation:outward=2~return=2~updates=12~work=14758~queue=empty~quiet=true~permanent=5549458375812975604~complete=7248952865700068709;completed:outward=1~return=1~updates=1~work=2473~queue=empty~quiet=true~permanent=5270400718130671134~complete=10847016403436216937;incomplete:outward=0~return=0~updates=0~work=1611~queue=empty~quiet=true~permanent=15401915554177265975~complete=15660091207108632257;blocked:outward=0~return=0~updates=0~work=2268~queue=empty~quiet=true~permanent=4711136313631834357~complete=11478217450032152149;stale:outward=0~return=0~updates=0~work=1334~queue=empty~quiet=true~permanent=12151288084533082221~complete=6420878237473000372;duplicate_recursive:outward=1~return=1~updates=1~work=2585~queue=empty~quiet=true~permanent=5270400718130671134~complete=5937495946774221421;zero_length:outward=1~return=0~updates=0~work=16~queue=empty~quiet=true~permanent=3544170592584586305~complete=11563189982560903085;duplicate_physical:outward=1~return=0~updates=0~work=23~queue=empty~quiet=true~permanent=5450648344953199339~complete=3171610207592614854;open:outward=0~return=0~updates=0~work=7~queue=empty~quiet=true~permanent=1074568894845070552~complete=13226443025511192970;aged:outward=0~return=0~updates=0~work=7~queue=empty~quiet=true~permanent=7546464522264406317~complete=7584031866021086421;branch:outward=0~return=0~updates=0~work=54~queue=empty~quiet=true~permanent=2918227565437276337~complete=12985882201900437231;cycle:outward=0~return=0~updates=0~work=17~queue=empty~quiet=true~permanent=11316442380715741619~complete=13268559372779109976,primary=5488|5488;uninterrupted=5488|5488;incomplete=5488|5488;duplicate=5488|5488;blocked=5488|5488;stale=5488|5552;cumulative=2304|2304,14758,5552,true,true,pass=true~first_m=2~first_u=2~first_w=713~first_q=true~second_m=2~second_u=2~second_w=753~second_q=true~heldout_o=1~heldout_m=0~heldout_u=0~heldout_w=514~heldout_q=true~coupling=2|2~resistance=6|6~before=2304~after=2304,true,bounded_same_body_memory,none
864003,3710864628645888,false,false,274,formation=learn_twice;complete=all@61;incomplete=omit4@70;blocked=resistance0@61;stale=once_age@111;compact=direct_open_fork_ring@0+aged@10;px7=train@0+10+heldout@20,13,cumulative_px0_px7_lrc,PX7 training/heldout/return/quiet/stability pass,pass=true~first_m=2~first_u=2~first_w=713~first_q=true~second_m=2~second_u=2~second_w=753~second_q=true~heldout_o=1~heldout_m=0~heldout_u=0~heldout_w=514~heldout_q=true~coupling=2|2~resistance=6|6~before=2304~after=2304,true,formation:outward=2~return=2~updates=12~work=14758~queue=empty~quiet=true~permanent=5549458375812975604~complete=7248952865700068709;completed:outward=1~return=1~updates=1~work=2473~queue=empty~quiet=true~permanent=5270400718130671134~complete=10847016403436216937;incomplete:outward=0~return=0~updates=0~work=1611~queue=empty~quiet=true~permanent=15401915554177265975~complete=15660091207108632257;blocked:outward=0~return=0~updates=0~work=2268~queue=empty~quiet=true~permanent=4711136313631834357~complete=11478217450032152149;stale:outward=0~return=0~updates=0~work=1334~queue=empty~quiet=true~permanent=12151288084533082221~complete=6420878237473000372;duplicate_recursive:outward=1~return=1~updates=1~work=2585~queue=empty~quiet=true~permanent=5270400718130671134~complete=5937495946774221421;zero_length:outward=1~return=0~updates=0~work=16~queue=empty~quiet=true~permanent=3544170592584586305~complete=11563189982560903085;duplicate_physical:outward=1~return=0~updates=0~work=23~queue=empty~quiet=true~permanent=5450648344953199339~complete=3171610207592614854;open:outward=0~return=0~updates=0~work=7~queue=empty~quiet=true~permanent=1074568894845070552~complete=13226443025511192970;aged:outward=0~return=0~updates=0~work=7~queue=empty~quiet=true~permanent=7546464522264406317~complete=7584031866021086421;branch:outward=0~return=0~updates=0~work=54~queue=empty~quiet=true~permanent=2918227565437276337~complete=12985882201900437231;cycle:outward=0~return=0~updates=0~work=17~queue=empty~quiet=true~permanent=11316442380715741619~complete=13268559372779109976,primary=5488|5488;uninterrupted=5488|5488;incomplete=5488|5488;duplicate=5488|5488;blocked=5488|5488;stale=5488|5552;cumulative=2304|2304,14758,5552,true,true,pass=true~first_m=2~first_u=2~first_w=713~first_q=true~second_m=2~second_u=2~second_w=753~second_q=true~heldout_o=1~heldout_m=0~heldout_u=0~heldout_w=514~heldout_q=true~coupling=2|2~resistance=6|6~before=2304~after=2304,true,bounded_same_body_memory,none
864003,3710864628645888,false,false,274,formation=learn_twice;complete=all@61;incomplete=omit4@70;blocked=resistance0@61;stale=once_age@111;compact=direct_open_fork_ring@0+aged@10;px7=train@0+10+heldout@20,14,exact_replay,independent Trial values exactly equal,exact=true~first_divergence=none,true,formation:outward=2~return=2~updates=12~work=14758~queue=empty~quiet=true~permanent=5549458375812975604~complete=7248952865700068709;completed:outward=1~return=1~updates=1~work=2473~queue=empty~quiet=true~permanent=5270400718130671134~complete=10847016403436216937;incomplete:outward=0~return=0~updates=0~work=1611~queue=empty~quiet=true~permanent=15401915554177265975~complete=15660091207108632257;blocked:outward=0~return=0~updates=0~work=2268~queue=empty~quiet=true~permanent=4711136313631834357~complete=11478217450032152149;stale:outward=0~return=0~updates=0~work=1334~queue=empty~quiet=true~permanent=12151288084533082221~complete=6420878237473000372;duplicate_recursive:outward=1~return=1~updates=1~work=2585~queue=empty~quiet=true~permanent=5270400718130671134~complete=5937495946774221421;zero_length:outward=1~return=0~updates=0~work=16~queue=empty~quiet=true~permanent=3544170592584586305~complete=11563189982560903085;duplicate_physical:outward=1~return=0~updates=0~work=23~queue=empty~quiet=true~permanent=5450648344953199339~complete=3171610207592614854;open:outward=0~return=0~updates=0~work=7~queue=empty~quiet=true~permanent=1074568894845070552~complete=13226443025511192970;aged:outward=0~return=0~updates=0~work=7~queue=empty~quiet=true~permanent=7546464522264406317~complete=7584031866021086421;branch:outward=0~return=0~updates=0~work=54~queue=empty~quiet=true~permanent=2918227565437276337~complete=12985882201900437231;cycle:outward=0~return=0~updates=0~work=17~queue=empty~quiet=true~permanent=11316442380715741619~complete=13268559372779109976,primary=5488|5488;uninterrupted=5488|5488;incomplete=5488|5488;duplicate=5488|5488;blocked=5488|5488;stale=5488|5552;cumulative=2304|2304,14758,5552,true,true,pass=true~first_m=2~first_u=2~first_w=713~first_q=true~second_m=2~second_u=2~second_w=753~second_q=true~heldout_o=1~heldout_m=0~heldout_u=0~heldout_w=514~heldout_q=true~coupling=2|2~resistance=6|6~before=2304~after=2304,true,bounded_same_body_memory,none
864004,3710868923613184,false,false,411,formation=learn_twice;complete=all@61;incomplete=omit4@70;blocked=resistance0@61;stale=once_age@111;compact=direct_open_fork_ring@0+aged@10;px7=train@0+10+heldout@20,1,formation_modulation_and_updates,formation.updates>0 && formation.inward_modulation>0,outward=2~return=2~updates=12~work=14762~queue=empty~quiet=true~permanent=7807866764389815656~complete=3721942216701648785,true,formation:outward=2~return=2~updates=12~work=14762~queue=empty~quiet=true~permanent=7807866764389815656~complete=3721942216701648785;completed:outward=1~return=1~updates=1~work=2473~queue=empty~quiet=true~permanent=12203164651786368738~complete=5759793087952372241;incomplete:outward=0~return=0~updates=0~work=1611~queue=empty~quiet=true~permanent=15403511999558822691~complete=13869085266555139065;blocked:outward=0~return=0~updates=0~work=2268~queue=empty~quiet=true~permanent=4733016065452928517~complete=4967397079221485785;stale:outward=0~return=0~updates=0~work=1334~queue=empty~quiet=true~permanent=16380623123452462479~complete=3546891547795833576;duplicate_recursive:outward=1~return=1~updates=1~work=2585~queue=empty~quiet=true~permanent=12203164651786368738~complete=850272631290376725;zero_length:outward=1~return=0~updates=0~work=16~queue=empty~quiet=true~permanent=1394499166932146719~complete=14454242655476679011;duplicate_physical:outward=1~return=0~updates=0~work=23~queue=empty~quiet=true~permanent=11933973642299373649~complete=5012593599368526876;open:outward=0~return=0~updates=0~work=7~queue=empty~quiet=true~permanent=7962103330405343274~complete=2829779006171048052;aged:outward=0~return=0~updates=0~work=7~queue=empty~quiet=true~permanent=17439310570511632683~complete=15728376095125389599;branch:outward=0~return=0~updates=0~work=54~queue=empty~quiet=true~permanent=5763248259127761600~complete=14193259509650648054;cycle:outward=0~return=0~updates=0~work=17~queue=empty~quiet=true~permanent=8483308895604467403~complete=255957852178114456,primary=5488|5488;uninterrupted=5488|5488;incomplete=5488|5488;duplicate=5488|5488;blocked=5488|5488;stale=5488|5552;cumulative=2304|2304,14762,5552,true,true,pass=true~first_m=2~first_u=2~first_w=713~first_q=true~second_m=2~second_u=2~second_w=753~second_q=true~heldout_o=1~heldout_m=0~heldout_u=0~heldout_w=514~heldout_q=true~coupling=2|2~resistance=6|6~before=2304~after=2304,true,bounded_same_body_memory,none
864004,3710868923613184,false,false,411,formation=learn_twice;complete=all@61;incomplete=omit4@70;blocked=resistance0@61;stale=once_age@111;compact=direct_open_fork_ring@0+aged@10;px7=train@0+10+heldout@20,2,completed_exactly_once,completed.outward==1,outward=1~return=1~updates=1~work=2473~queue=empty~quiet=true~permanent=12203164651786368738~complete=5759793087952372241,true,formation:outward=2~return=2~updates=12~work=14762~queue=empty~quiet=true~permanent=7807866764389815656~complete=3721942216701648785;completed:outward=1~return=1~updates=1~work=2473~queue=empty~quiet=true~permanent=12203164651786368738~complete=5759793087952372241;incomplete:outward=0~return=0~updates=0~work=1611~queue=empty~quiet=true~permanent=15403511999558822691~complete=13869085266555139065;blocked:outward=0~return=0~updates=0~work=2268~queue=empty~quiet=true~permanent=4733016065452928517~complete=4967397079221485785;stale:outward=0~return=0~updates=0~work=1334~queue=empty~quiet=true~permanent=16380623123452462479~complete=3546891547795833576;duplicate_recursive:outward=1~return=1~updates=1~work=2585~queue=empty~quiet=true~permanent=12203164651786368738~complete=850272631290376725;zero_length:outward=1~return=0~updates=0~work=16~queue=empty~quiet=true~permanent=1394499166932146719~complete=14454242655476679011;duplicate_physical:outward=1~return=0~updates=0~work=23~queue=empty~quiet=true~permanent=11933973642299373649~complete=5012593599368526876;open:outward=0~return=0~updates=0~work=7~queue=empty~quiet=true~permanent=7962103330405343274~complete=2829779006171048052;aged:outward=0~return=0~updates=0~work=7~queue=empty~quiet=true~permanent=17439310570511632683~complete=15728376095125389599;branch:outward=0~return=0~updates=0~work=54~queue=empty~quiet=true~permanent=5763248259127761600~complete=14193259509650648054;cycle:outward=0~return=0~updates=0~work=17~queue=empty~quiet=true~permanent=8483308895604467403~complete=255957852178114456,primary=5488|5488;uninterrupted=5488|5488;incomplete=5488|5488;duplicate=5488|5488;blocked=5488|5488;stale=5488|5552;cumulative=2304|2304,14762,5552,true,true,pass=true~first_m=2~first_u=2~first_w=713~first_q=true~second_m=2~second_u=2~second_w=753~second_q=true~heldout_o=1~heldout_m=0~heldout_u=0~heldout_w=514~heldout_q=true~coupling=2|2~resistance=6|6~before=2304~after=2304,true,bounded_same_body_memory,none
864004,3710868923613184,false,false,411,formation=learn_twice;complete=all@61;incomplete=omit4@70;blocked=resistance0@61;stale=once_age@111;compact=direct_open_fork_ring@0+aged@10;px7=train@0+10+heldout@20,3,completed_return_and_update,completed.return==1 && completed.updates==1,outward=1~return=1~updates=1~work=2473~queue=empty~quiet=true~permanent=12203164651786368738~complete=5759793087952372241,true,formation:outward=2~return=2~updates=12~work=14762~queue=empty~quiet=true~permanent=7807866764389815656~complete=3721942216701648785;completed:outward=1~return=1~updates=1~work=2473~queue=empty~quiet=true~permanent=12203164651786368738~complete=5759793087952372241;incomplete:outward=0~return=0~updates=0~work=1611~queue=empty~quiet=true~permanent=15403511999558822691~complete=13869085266555139065;blocked:outward=0~return=0~updates=0~work=2268~queue=empty~quiet=true~permanent=4733016065452928517~complete=4967397079221485785;stale:outward=0~return=0~updates=0~work=1334~queue=empty~quiet=true~permanent=16380623123452462479~complete=3546891547795833576;duplicate_recursive:outward=1~return=1~updates=1~work=2585~queue=empty~quiet=true~permanent=12203164651786368738~complete=850272631290376725;zero_length:outward=1~return=0~updates=0~work=16~queue=empty~quiet=true~permanent=1394499166932146719~complete=14454242655476679011;duplicate_physical:outward=1~return=0~updates=0~work=23~queue=empty~quiet=true~permanent=11933973642299373649~complete=5012593599368526876;open:outward=0~return=0~updates=0~work=7~queue=empty~quiet=true~permanent=7962103330405343274~complete=2829779006171048052;aged:outward=0~return=0~updates=0~work=7~queue=empty~quiet=true~permanent=17439310570511632683~complete=15728376095125389599;branch:outward=0~return=0~updates=0~work=54~queue=empty~quiet=true~permanent=5763248259127761600~complete=14193259509650648054;cycle:outward=0~return=0~updates=0~work=17~queue=empty~quiet=true~permanent=8483308895604467403~complete=255957852178114456,primary=5488|5488;uninterrupted=5488|5488;incomplete=5488|5488;duplicate=5488|5488;blocked=5488|5488;stale=5488|5552;cumulative=2304|2304,14762,5552,true,true,pass=true~first_m=2~first_u=2~first_w=713~first_q=true~second_m=2~second_u=2~second_w=753~second_q=true~heldout_o=1~heldout_m=0~heldout_u=0~heldout_w=514~heldout_q=true~coupling=2|2~resistance=6|6~before=2304~after=2304,true,bounded_same_body_memory,none
864004,3710868923613184,false,false,411,formation=learn_twice;complete=all@61;incomplete=omit4@70;blocked=resistance0@61;stale=once_age@111;compact=direct_open_fork_ring@0+aged@10;px7=train@0+10+heldout@20,4,incomplete_blocked_stale_silence,incomplete.outward==0 && blocked.outward==0 && stale.outward==0,incomplete=outward=0~return=0~updates=0~work=1611~queue=empty~quiet=true~permanent=15403511999558822691~complete=13869085266555139065~blocked=outward=0~return=0~updates=0~work=2268~queue=empty~quiet=true~permanent=4733016065452928517~complete=4967397079221485785~stale=outward=0~return=0~updates=0~work=1334~queue=empty~quiet=true~permanent=16380623123452462479~complete=3546891547795833576,true,formation:outward=2~return=2~updates=12~work=14762~queue=empty~quiet=true~permanent=7807866764389815656~complete=3721942216701648785;completed:outward=1~return=1~updates=1~work=2473~queue=empty~quiet=true~permanent=12203164651786368738~complete=5759793087952372241;incomplete:outward=0~return=0~updates=0~work=1611~queue=empty~quiet=true~permanent=15403511999558822691~complete=13869085266555139065;blocked:outward=0~return=0~updates=0~work=2268~queue=empty~quiet=true~permanent=4733016065452928517~complete=4967397079221485785;stale:outward=0~return=0~updates=0~work=1334~queue=empty~quiet=true~permanent=16380623123452462479~complete=3546891547795833576;duplicate_recursive:outward=1~return=1~updates=1~work=2585~queue=empty~quiet=true~permanent=12203164651786368738~complete=850272631290376725;zero_length:outward=1~return=0~updates=0~work=16~queue=empty~quiet=true~permanent=1394499166932146719~complete=14454242655476679011;duplicate_physical:outward=1~return=0~updates=0~work=23~queue=empty~quiet=true~permanent=11933973642299373649~complete=5012593599368526876;open:outward=0~return=0~updates=0~work=7~queue=empty~quiet=true~permanent=7962103330405343274~complete=2829779006171048052;aged:outward=0~return=0~updates=0~work=7~queue=empty~quiet=true~permanent=17439310570511632683~complete=15728376095125389599;branch:outward=0~return=0~updates=0~work=54~queue=empty~quiet=true~permanent=5763248259127761600~complete=14193259509650648054;cycle:outward=0~return=0~updates=0~work=17~queue=empty~quiet=true~permanent=8483308895604467403~complete=255957852178114456,primary=5488|5488;uninterrupted=5488|5488;incomplete=5488|5488;duplicate=5488|5488;blocked=5488|5488;stale=5488|5552;cumulative=2304|2304,14762,5552,true,true,pass=true~first_m=2~first_u=2~first_w=713~first_q=true~second_m=2~second_u=2~second_w=753~second_q=true~heldout_o=1~heldout_m=0~heldout_u=0~heldout_w=514~heldout_q=true~coupling=2|2~resistance=6|6~before=2304~after=2304,true,bounded_same_body_memory,none
864004,3710868923613184,false,false,411,formation=learn_twice;complete=all@61;incomplete=omit4@70;blocked=resistance0@61;stale=once_age@111;compact=direct_open_fork_ring@0+aged@10;px7=train@0+10+heldout@20,5,open_aged_silence,open.outward==0 && aged.outward==0,open=outward=0~return=0~updates=0~work=7~queue=empty~quiet=true~permanent=7962103330405343274~complete=2829779006171048052~aged=outward=0~return=0~updates=0~work=7~queue=empty~quiet=true~permanent=17439310570511632683~complete=15728376095125389599,true,formation:outward=2~return=2~updates=12~work=14762~queue=empty~quiet=true~permanent=7807866764389815656~complete=3721942216701648785;completed:outward=1~return=1~updates=1~work=2473~queue=empty~quiet=true~permanent=12203164651786368738~complete=5759793087952372241;incomplete:outward=0~return=0~updates=0~work=1611~queue=empty~quiet=true~permanent=15403511999558822691~complete=13869085266555139065;blocked:outward=0~return=0~updates=0~work=2268~queue=empty~quiet=true~permanent=4733016065452928517~complete=4967397079221485785;stale:outward=0~return=0~updates=0~work=1334~queue=empty~quiet=true~permanent=16380623123452462479~complete=3546891547795833576;duplicate_recursive:outward=1~return=1~updates=1~work=2585~queue=empty~quiet=true~permanent=12203164651786368738~complete=850272631290376725;zero_length:outward=1~return=0~updates=0~work=16~queue=empty~quiet=true~permanent=1394499166932146719~complete=14454242655476679011;duplicate_physical:outward=1~return=0~updates=0~work=23~queue=empty~quiet=true~permanent=11933973642299373649~complete=5012593599368526876;open:outward=0~return=0~updates=0~work=7~queue=empty~quiet=true~permanent=7962103330405343274~complete=2829779006171048052;aged:outward=0~return=0~updates=0~work=7~queue=empty~quiet=true~permanent=17439310570511632683~complete=15728376095125389599;branch:outward=0~return=0~updates=0~work=54~queue=empty~quiet=true~permanent=5763248259127761600~complete=14193259509650648054;cycle:outward=0~return=0~updates=0~work=17~queue=empty~quiet=true~permanent=8483308895604467403~complete=255957852178114456,primary=5488|5488;uninterrupted=5488|5488;incomplete=5488|5488;duplicate=5488|5488;blocked=5488|5488;stale=5488|5552;cumulative=2304|2304,14762,5552,true,true,pass=true~first_m=2~first_u=2~first_w=713~first_q=true~second_m=2~second_u=2~second_w=753~second_q=true~heldout_o=1~heldout_m=0~heldout_u=0~heldout_w=514~heldout_q=true~coupling=2|2~resistance=6|6~before=2304~after=2304,true,bounded_same_body_memory,none
864004,3710868923613184,false,false,411,formation=learn_twice;complete=all@61;incomplete=omit4@70;blocked=resistance0@61;stale=once_age@111;compact=direct_open_fork_ring@0+aged@10;px7=train@0+10+heldout@20,6,zero_length_exactly_once,zero_length.outward==1,outward=1~return=0~updates=0~work=16~queue=empty~quiet=true~permanent=1394499166932146719~complete=14454242655476679011,true,formation:outward=2~return=2~updates=12~work=14762~queue=empty~quiet=true~permanent=7807866764389815656~complete=3721942216701648785;completed:outward=1~return=1~updates=1~work=2473~queue=empty~quiet=true~permanent=12203164651786368738~complete=5759793087952372241;incomplete:outward=0~return=0~updates=0~work=1611~queue=empty~quiet=true~permanent=15403511999558822691~complete=13869085266555139065;blocked:outward=0~return=0~updates=0~work=2268~queue=empty~quiet=true~permanent=4733016065452928517~complete=4967397079221485785;stale:outward=0~return=0~updates=0~work=1334~queue=empty~quiet=true~permanent=16380623123452462479~complete=3546891547795833576;duplicate_recursive:outward=1~return=1~updates=1~work=2585~queue=empty~quiet=true~permanent=12203164651786368738~complete=850272631290376725;zero_length:outward=1~return=0~updates=0~work=16~queue=empty~quiet=true~permanent=1394499166932146719~complete=14454242655476679011;duplicate_physical:outward=1~return=0~updates=0~work=23~queue=empty~quiet=true~permanent=11933973642299373649~complete=5012593599368526876;open:outward=0~return=0~updates=0~work=7~queue=empty~quiet=true~permanent=7962103330405343274~complete=2829779006171048052;aged:outward=0~return=0~updates=0~work=7~queue=empty~quiet=true~permanent=17439310570511632683~complete=15728376095125389599;branch:outward=0~return=0~updates=0~work=54~queue=empty~quiet=true~permanent=5763248259127761600~complete=14193259509650648054;cycle:outward=0~return=0~updates=0~work=17~queue=empty~quiet=true~permanent=8483308895604467403~complete=255957852178114456,primary=5488|5488;uninterrupted=5488|5488;incomplete=5488|5488;duplicate=5488|5488;blocked=5488|5488;stale=5488|5552;cumulative=2304|2304,14762,5552,true,true,pass=true~first_m=2~first_u=2~first_w=713~first_q=true~second_m=2~second_u=2~second_w=753~second_q=true~heldout_o=1~heldout_m=0~heldout_u=0~heldout_w=514~heldout_q=true~coupling=2|2~resistance=6|6~before=2304~after=2304,true,bounded_same_body_memory,none
864004,3710868923613184,false,false,411,formation=learn_twice;complete=all@61;incomplete=omit4@70;blocked=resistance0@61;stale=once_age@111;compact=direct_open_fork_ring@0+aged@10;px7=train@0+10+heldout@20,7,duplicates_exactly_once,duplicate_physical.outward==1 && duplicate_recursive.outward==1,physical=outward=1~return=0~updates=0~work=23~queue=empty~quiet=true~permanent=11933973642299373649~complete=5012593599368526876~recursive=outward=1~return=1~updates=1~work=2585~queue=empty~quiet=true~permanent=12203164651786368738~complete=850272631290376725,true,formation:outward=2~return=2~updates=12~work=14762~queue=empty~quiet=true~permanent=7807866764389815656~complete=3721942216701648785;completed:outward=1~return=1~updates=1~work=2473~queue=empty~quiet=true~permanent=12203164651786368738~complete=5759793087952372241;incomplete:outward=0~return=0~updates=0~work=1611~queue=empty~quiet=true~permanent=15403511999558822691~complete=13869085266555139065;blocked:outward=0~return=0~updates=0~work=2268~queue=empty~quiet=true~permanent=4733016065452928517~complete=4967397079221485785;stale:outward=0~return=0~updates=0~work=1334~queue=empty~quiet=true~permanent=16380623123452462479~complete=3546891547795833576;duplicate_recursive:outward=1~return=1~updates=1~work=2585~queue=empty~quiet=true~permanent=12203164651786368738~complete=850272631290376725;zero_length:outward=1~return=0~updates=0~work=16~queue=empty~quiet=true~permanent=1394499166932146719~complete=14454242655476679011;duplicate_physical:outward=1~return=0~updates=0~work=23~queue=empty~quiet=true~permanent=11933973642299373649~complete=5012593599368526876;open:outward=0~return=0~updates=0~work=7~queue=empty~quiet=true~permanent=7962103330405343274~complete=2829779006171048052;aged:outward=0~return=0~updates=0~work=7~queue=empty~quiet=true~permanent=17439310570511632683~complete=15728376095125389599;branch:outward=0~return=0~updates=0~work=54~queue=empty~quiet=true~permanent=5763248259127761600~complete=14193259509650648054;cycle:outward=0~return=0~updates=0~work=17~queue=empty~quiet=true~permanent=8483308895604467403~complete=255957852178114456,primary=5488|5488;uninterrupted=5488|5488;incomplete=5488|5488;duplicate=5488|5488;blocked=5488|5488;stale=5488|5552;cumulative=2304|2304,14762,5552,true,true,pass=true~first_m=2~first_u=2~first_w=713~first_q=true~second_m=2~second_u=2~second_w=753~second_q=true~heldout_o=1~heldout_m=0~heldout_u=0~heldout_w=514~heldout_q=true~coupling=2|2~resistance=6|6~before=2304~after=2304,true,bounded_same_body_memory,none
864004,3710868923613184,false,false,411,formation=learn_twice;complete=all@61;incomplete=omit4@70;blocked=resistance0@61;stale=once_age@111;compact=direct_open_fork_ring@0+aged@10;px7=train@0+10+heldout@20,8,branch_cycle_silence,branch.outward==0 && cycle.outward==0,branch=outward=0~return=0~updates=0~work=54~queue=empty~quiet=true~permanent=5763248259127761600~complete=14193259509650648054~cycle=outward=0~return=0~updates=0~work=17~queue=empty~quiet=true~permanent=8483308895604467403~complete=255957852178114456,true,formation:outward=2~return=2~updates=12~work=14762~queue=empty~quiet=true~permanent=7807866764389815656~complete=3721942216701648785;completed:outward=1~return=1~updates=1~work=2473~queue=empty~quiet=true~permanent=12203164651786368738~complete=5759793087952372241;incomplete:outward=0~return=0~updates=0~work=1611~queue=empty~quiet=true~permanent=15403511999558822691~complete=13869085266555139065;blocked:outward=0~return=0~updates=0~work=2268~queue=empty~quiet=true~permanent=4733016065452928517~complete=4967397079221485785;stale:outward=0~return=0~updates=0~work=1334~queue=empty~quiet=true~permanent=16380623123452462479~complete=3546891547795833576;duplicate_recursive:outward=1~return=1~updates=1~work=2585~queue=empty~quiet=true~permanent=12203164651786368738~complete=850272631290376725;zero_length:outward=1~return=0~updates=0~work=16~queue=empty~quiet=true~permanent=1394499166932146719~complete=14454242655476679011;duplicate_physical:outward=1~return=0~updates=0~work=23~queue=empty~quiet=true~permanent=11933973642299373649~complete=5012593599368526876;open:outward=0~return=0~updates=0~work=7~queue=empty~quiet=true~permanent=7962103330405343274~complete=2829779006171048052;aged:outward=0~return=0~updates=0~work=7~queue=empty~quiet=true~permanent=17439310570511632683~complete=15728376095125389599;branch:outward=0~return=0~updates=0~work=54~queue=empty~quiet=true~permanent=5763248259127761600~complete=14193259509650648054;cycle:outward=0~return=0~updates=0~work=17~queue=empty~quiet=true~permanent=8483308895604467403~complete=255957852178114456,primary=5488|5488;uninterrupted=5488|5488;incomplete=5488|5488;duplicate=5488|5488;blocked=5488|5488;stale=5488|5552;cumulative=2304|2304,14762,5552,true,true,pass=true~first_m=2~first_u=2~first_w=713~first_q=true~second_m=2~second_u=2~second_w=753~second_q=true~heldout_o=1~heldout_m=0~heldout_u=0~heldout_w=514~heldout_q=true~coupling=2|2~resistance=6|6~before=2304~after=2304,true,bounded_same_body_memory,none
864004,3710868923613184,false,false,411,formation=learn_twice;complete=all@61;incomplete=omit4@70;blocked=resistance0@61;stale=once_age@111;compact=direct_open_fork_ring@0+aged@10;px7=train@0+10+heldout@20,9,pause_resume,pause_stable && resume_equal,pause_stable=true~resume_equal=true,true,formation:outward=2~return=2~updates=12~work=14762~queue=empty~quiet=true~permanent=7807866764389815656~complete=3721942216701648785;completed:outward=1~return=1~updates=1~work=2473~queue=empty~quiet=true~permanent=12203164651786368738~complete=5759793087952372241;incomplete:outward=0~return=0~updates=0~work=1611~queue=empty~quiet=true~permanent=15403511999558822691~complete=13869085266555139065;blocked:outward=0~return=0~updates=0~work=2268~queue=empty~quiet=true~permanent=4733016065452928517~complete=4967397079221485785;stale:outward=0~return=0~updates=0~work=1334~queue=empty~quiet=true~permanent=16380623123452462479~complete=3546891547795833576;duplicate_recursive:outward=1~return=1~updates=1~work=2585~queue=empty~quiet=true~permanent=12203164651786368738~complete=850272631290376725;zero_length:outward=1~return=0~updates=0~work=16~queue=empty~quiet=true~permanent=1394499166932146719~complete=14454242655476679011;duplicate_physical:outward=1~return=0~updates=0~work=23~queue=empty~quiet=true~permanent=11933973642299373649~complete=5012593599368526876;open:outward=0~return=0~updates=0~work=7~queue=empty~quiet=true~permanent=7962103330405343274~complete=2829779006171048052;aged:outward=0~return=0~updates=0~work=7~queue=empty~quiet=true~permanent=17439310570511632683~complete=15728376095125389599;branch:outward=0~return=0~updates=0~work=54~queue=empty~quiet=true~permanent=5763248259127761600~complete=14193259509650648054;cycle:outward=0~return=0~updates=0~work=17~queue=empty~quiet=true~permanent=8483308895604467403~complete=255957852178114456,primary=5488|5488;uninterrupted=5488|5488;incomplete=5488|5488;duplicate=5488|5488;blocked=5488|5488;stale=5488|5552;cumulative=2304|2304,14762,5552,true,true,pass=true~first_m=2~first_u=2~first_w=713~first_q=true~second_m=2~second_u=2~second_w=753~second_q=true~heldout_o=1~heldout_m=0~heldout_u=0~heldout_w=514~heldout_q=true~coupling=2|2~resistance=6|6~before=2304~after=2304,true,bounded_same_body_memory,none
864004,3710868923613184,false,false,411,formation=learn_twice;complete=all@61;incomplete=omit4@70;blocked=resistance0@61;stale=once_age@111;compact=direct_open_fork_ring@0+aged@10;px7=train@0+10+heldout@20,10,natural_quiescence,all queues empty and naturally quiescent,quiet=true~queue=empty,true,formation:outward=2~return=2~updates=12~work=14762~queue=empty~quiet=true~permanent=7807866764389815656~complete=3721942216701648785;completed:outward=1~return=1~updates=1~work=2473~queue=empty~quiet=true~permanent=12203164651786368738~complete=5759793087952372241;incomplete:outward=0~return=0~updates=0~work=1611~queue=empty~quiet=true~permanent=15403511999558822691~complete=13869085266555139065;blocked:outward=0~return=0~updates=0~work=2268~queue=empty~quiet=true~permanent=4733016065452928517~complete=4967397079221485785;stale:outward=0~return=0~updates=0~work=1334~queue=empty~quiet=true~permanent=16380623123452462479~complete=3546891547795833576;duplicate_recursive:outward=1~return=1~updates=1~work=2585~queue=empty~quiet=true~permanent=12203164651786368738~complete=850272631290376725;zero_length:outward=1~return=0~updates=0~work=16~queue=empty~quiet=true~permanent=1394499166932146719~complete=14454242655476679011;duplicate_physical:outward=1~return=0~updates=0~work=23~queue=empty~quiet=true~permanent=11933973642299373649~complete=5012593599368526876;open:outward=0~return=0~updates=0~work=7~queue=empty~quiet=true~permanent=7962103330405343274~complete=2829779006171048052;aged:outward=0~return=0~updates=0~work=7~queue=empty~quiet=true~permanent=17439310570511632683~complete=15728376095125389599;branch:outward=0~return=0~updates=0~work=54~queue=empty~quiet=true~permanent=5763248259127761600~complete=14193259509650648054;cycle:outward=0~return=0~updates=0~work=17~queue=empty~quiet=true~permanent=8483308895604467403~complete=255957852178114456,primary=5488|5488;uninterrupted=5488|5488;incomplete=5488|5488;duplicate=5488|5488;blocked=5488|5488;stale=5488|5552;cumulative=2304|2304,14762,5552,true,true,pass=true~first_m=2~first_u=2~first_w=713~first_q=true~second_m=2~second_u=2~second_w=753~second_q=true~heldout_o=1~heldout_m=0~heldout_u=0~heldout_w=514~heldout_q=true~coupling=2|2~resistance=6|6~before=2304~after=2304,true,bounded_same_body_memory,none
864004,3710868923613184,false,false,411,formation=learn_twice;complete=all@61;incomplete=omit4@70;blocked=resistance0@61;stale=once_age@111;compact=direct_open_fork_ring@0+aged@10;px7=train@0+10+heldout@20,11,bounded_work,maximum_work<=20000,maximum_work=14762,true,formation:outward=2~return=2~updates=12~work=14762~queue=empty~quiet=true~permanent=7807866764389815656~complete=3721942216701648785;completed:outward=1~return=1~updates=1~work=2473~queue=empty~quiet=true~permanent=12203164651786368738~complete=5759793087952372241;incomplete:outward=0~return=0~updates=0~work=1611~queue=empty~quiet=true~permanent=15403511999558822691~complete=13869085266555139065;blocked:outward=0~return=0~updates=0~work=2268~queue=empty~quiet=true~permanent=4733016065452928517~complete=4967397079221485785;stale:outward=0~return=0~updates=0~work=1334~queue=empty~quiet=true~permanent=16380623123452462479~complete=3546891547795833576;duplicate_recursive:outward=1~return=1~updates=1~work=2585~queue=empty~quiet=true~permanent=12203164651786368738~complete=850272631290376725;zero_length:outward=1~return=0~updates=0~work=16~queue=empty~quiet=true~permanent=1394499166932146719~complete=14454242655476679011;duplicate_physical:outward=1~return=0~updates=0~work=23~queue=empty~quiet=true~permanent=11933973642299373649~complete=5012593599368526876;open:outward=0~return=0~updates=0~work=7~queue=empty~quiet=true~permanent=7962103330405343274~complete=2829779006171048052;aged:outward=0~return=0~updates=0~work=7~queue=empty~quiet=true~permanent=17439310570511632683~complete=15728376095125389599;branch:outward=0~return=0~updates=0~work=54~queue=empty~quiet=true~permanent=5763248259127761600~complete=14193259509650648054;cycle:outward=0~return=0~updates=0~work=17~queue=empty~quiet=true~permanent=8483308895604467403~complete=255957852178114456,primary=5488|5488;uninterrupted=5488|5488;incomplete=5488|5488;duplicate=5488|5488;blocked=5488|5488;stale=5488|5552;cumulative=2304|2304,14762,5552,true,true,pass=true~first_m=2~first_u=2~first_w=713~first_q=true~second_m=2~second_u=2~second_w=753~second_q=true~heldout_o=1~heldout_m=0~heldout_u=0~heldout_w=514~heldout_q=true~coupling=2|2~resistance=6|6~before=2304~after=2304,true,bounded_same_body_memory,none
864004,3710868923613184,false,false,411,formation=learn_twice;complete=all@61;incomplete=omit4@70;blocked=resistance0@61;stale=once_age@111;compact=direct_open_fork_ring@0+aged@10;px7=train@0+10+heldout@20,12,bounded_same_body_memory,maximum_bytes<=8192 && all seven before==after,maximum_bytes=5552~pairs=primary=5488|5488;uninterrupted=5488|5488;incomplete=5488|5488;duplicate=5488|5488;blocked=5488|5488;stale=5488|5552;cumulative=2304|2304~stable=false,false,formation:outward=2~return=2~updates=12~work=14762~queue=empty~quiet=true~permanent=7807866764389815656~complete=3721942216701648785;completed:outward=1~return=1~updates=1~work=2473~queue=empty~quiet=true~permanent=12203164651786368738~complete=5759793087952372241;incomplete:outward=0~return=0~updates=0~work=1611~queue=empty~quiet=true~permanent=15403511999558822691~complete=13869085266555139065;blocked:outward=0~return=0~updates=0~work=2268~queue=empty~quiet=true~permanent=4733016065452928517~complete=4967397079221485785;stale:outward=0~return=0~updates=0~work=1334~queue=empty~quiet=true~permanent=16380623123452462479~complete=3546891547795833576;duplicate_recursive:outward=1~return=1~updates=1~work=2585~queue=empty~quiet=true~permanent=12203164651786368738~complete=850272631290376725;zero_length:outward=1~return=0~updates=0~work=16~queue=empty~quiet=true~permanent=1394499166932146719~complete=14454242655476679011;duplicate_physical:outward=1~return=0~updates=0~work=23~queue=empty~quiet=true~permanent=11933973642299373649~complete=5012593599368526876;open:outward=0~return=0~updates=0~work=7~queue=empty~quiet=true~permanent=7962103330405343274~complete=2829779006171048052;aged:outward=0~return=0~updates=0~work=7~queue=empty~quiet=true~permanent=17439310570511632683~complete=15728376095125389599;branch:outward=0~return=0~updates=0~work=54~queue=empty~quiet=true~permanent=5763248259127761600~complete=14193259509650648054;cycle:outward=0~return=0~updates=0~work=17~queue=empty~quiet=true~permanent=8483308895604467403~complete=255957852178114456,primary=5488|5488;uninterrupted=5488|5488;incomplete=5488|5488;duplicate=5488|5488;blocked=5488|5488;stale=5488|5552;cumulative=2304|2304,14762,5552,true,true,pass=true~first_m=2~first_u=2~first_w=713~first_q=true~second_m=2~second_u=2~second_w=753~second_q=true~heldout_o=1~heldout_m=0~heldout_u=0~heldout_w=514~heldout_q=true~coupling=2|2~resistance=6|6~before=2304~after=2304,true,bounded_same_body_memory,none
864004,3710868923613184,false,false,411,formation=learn_twice;complete=all@61;incomplete=omit4@70;blocked=resistance0@61;stale=once_age@111;compact=direct_open_fork_ring@0+aged@10;px7=train@0+10+heldout@20,13,cumulative_px0_px7_lrc,PX7 training/heldout/return/quiet/stability pass,pass=true~first_m=2~first_u=2~first_w=713~first_q=true~second_m=2~second_u=2~second_w=753~second_q=true~heldout_o=1~heldout_m=0~heldout_u=0~heldout_w=514~heldout_q=true~coupling=2|2~resistance=6|6~before=2304~after=2304,true,formation:outward=2~return=2~updates=12~work=14762~queue=empty~quiet=true~permanent=7807866764389815656~complete=3721942216701648785;completed:outward=1~return=1~updates=1~work=2473~queue=empty~quiet=true~permanent=12203164651786368738~complete=5759793087952372241;incomplete:outward=0~return=0~updates=0~work=1611~queue=empty~quiet=true~permanent=15403511999558822691~complete=13869085266555139065;blocked:outward=0~return=0~updates=0~work=2268~queue=empty~quiet=true~permanent=4733016065452928517~complete=4967397079221485785;stale:outward=0~return=0~updates=0~work=1334~queue=empty~quiet=true~permanent=16380623123452462479~complete=3546891547795833576;duplicate_recursive:outward=1~return=1~updates=1~work=2585~queue=empty~quiet=true~permanent=12203164651786368738~complete=850272631290376725;zero_length:outward=1~return=0~updates=0~work=16~queue=empty~quiet=true~permanent=1394499166932146719~complete=14454242655476679011;duplicate_physical:outward=1~return=0~updates=0~work=23~queue=empty~quiet=true~permanent=11933973642299373649~complete=5012593599368526876;open:outward=0~return=0~updates=0~work=7~queue=empty~quiet=true~permanent=7962103330405343274~complete=2829779006171048052;aged:outward=0~return=0~updates=0~work=7~queue=empty~quiet=true~permanent=17439310570511632683~complete=15728376095125389599;branch:outward=0~return=0~updates=0~work=54~queue=empty~quiet=true~permanent=5763248259127761600~complete=14193259509650648054;cycle:outward=0~return=0~updates=0~work=17~queue=empty~quiet=true~permanent=8483308895604467403~complete=255957852178114456,primary=5488|5488;uninterrupted=5488|5488;incomplete=5488|5488;duplicate=5488|5488;blocked=5488|5488;stale=5488|5552;cumulative=2304|2304,14762,5552,true,true,pass=true~first_m=2~first_u=2~first_w=713~first_q=true~second_m=2~second_u=2~second_w=753~second_q=true~heldout_o=1~heldout_m=0~heldout_u=0~heldout_w=514~heldout_q=true~coupling=2|2~resistance=6|6~before=2304~after=2304,true,bounded_same_body_memory,none
864004,3710868923613184,false,false,411,formation=learn_twice;complete=all@61;incomplete=omit4@70;blocked=resistance0@61;stale=once_age@111;compact=direct_open_fork_ring@0+aged@10;px7=train@0+10+heldout@20,14,exact_replay,independent Trial values exactly equal,exact=true~first_divergence=none,true,formation:outward=2~return=2~updates=12~work=14762~queue=empty~quiet=true~permanent=7807866764389815656~complete=3721942216701648785;completed:outward=1~return=1~updates=1~work=2473~queue=empty~quiet=true~permanent=12203164651786368738~complete=5759793087952372241;incomplete:outward=0~return=0~updates=0~work=1611~queue=empty~quiet=true~permanent=15403511999558822691~complete=13869085266555139065;blocked:outward=0~return=0~updates=0~work=2268~queue=empty~quiet=true~permanent=4733016065452928517~complete=4967397079221485785;stale:outward=0~return=0~updates=0~work=1334~queue=empty~quiet=true~permanent=16380623123452462479~complete=3546891547795833576;duplicate_recursive:outward=1~return=1~updates=1~work=2585~queue=empty~quiet=true~permanent=12203164651786368738~complete=850272631290376725;zero_length:outward=1~return=0~updates=0~work=16~queue=empty~quiet=true~permanent=1394499166932146719~complete=14454242655476679011;duplicate_physical:outward=1~return=0~updates=0~work=23~queue=empty~quiet=true~permanent=11933973642299373649~complete=5012593599368526876;open:outward=0~return=0~updates=0~work=7~queue=empty~quiet=true~permanent=7962103330405343274~complete=2829779006171048052;aged:outward=0~return=0~updates=0~work=7~queue=empty~quiet=true~permanent=17439310570511632683~complete=15728376095125389599;branch:outward=0~return=0~updates=0~work=54~queue=empty~quiet=true~permanent=5763248259127761600~complete=14193259509650648054;cycle:outward=0~return=0~updates=0~work=17~queue=empty~quiet=true~permanent=8483308895604467403~complete=255957852178114456,primary=5488|5488;uninterrupted=5488|5488;incomplete=5488|5488;duplicate=5488|5488;blocked=5488|5488;stale=5488|5552;cumulative=2304|2304,14762,5552,true,true,pass=true~first_m=2~first_u=2~first_w=713~first_q=true~second_m=2~second_u=2~second_w=753~second_q=true~heldout_o=1~heldout_m=0~heldout_u=0~heldout_w=514~heldout_q=true~coupling=2|2~resistance=6|6~before=2304~after=2304,true,bounded_same_body_memory,none
864005,3710873218580480,true,false,0,formation=learn_twice;complete=all@61;incomplete=omit4@70;blocked=resistance0@61;stale=once_age@111;compact=direct_open_fork_ring@0+aged@10;px7=train@0+10+heldout@20,1,formation_modulation_and_updates,formation.updates>0 && formation.inward_modulation>0,outward=2~return=2~updates=12~work=14750~queue=empty~quiet=true~permanent=10686908943808037538~complete=15511654523645461279,true,formation:outward=2~return=2~updates=12~work=14750~queue=empty~quiet=true~permanent=10686908943808037538~complete=15511654523645461279;completed:outward=1~return=1~updates=1~work=2470~queue=empty~quiet=true~permanent=14871855971692140424~complete=17985337425531004051;incomplete:outward=0~return=0~updates=0~work=1609~queue=empty~quiet=true~permanent=9084063685018833405~complete=13367978749440269441;blocked:outward=0~return=0~updates=0~work=2265~queue=empty~quiet=true~permanent=8707321077996238627~complete=6181841272050203239;stale:outward=0~return=0~updates=0~work=1332~queue=empty~quiet=true~permanent=8205289650828635601~complete=4982442715902515658;duplicate_recursive:outward=1~return=1~updates=1~work=2582~queue=empty~quiet=true~permanent=14871855971692140424~complete=3271672172545775263;zero_length:outward=1~return=0~updates=0~work=16~queue=empty~quiet=true~permanent=13396986843177649073~complete=2614913460199780813;duplicate_physical:outward=1~return=0~updates=0~work=23~queue=empty~quiet=true~permanent=14560839793564058751~complete=715359993749760298;open:outward=0~return=0~updates=0~work=7~queue=empty~quiet=true~permanent=7880095464899266904~complete=18280756351343213514;aged:outward=0~return=0~updates=0~work=7~queue=empty~quiet=true~permanent=11980726564971315737~complete=10331709695442700417;branch:outward=0~return=0~updates=0~work=54~queue=empty~quiet=true~permanent=2825494737833801379~complete=5901346626508095805;cycle:outward=0~return=0~updates=0~work=17~queue=empty~quiet=true~permanent=17965826074161818631~complete=13286944900153070744,primary=5488|5488;uninterrupted=5488|5488;incomplete=5488|5488;duplicate=5488|5488;blocked=5488|5488;stale=5488|5552;cumulative=2304|2304,14750,5552,true,true,pass=true~first_m=2~first_u=2~first_w=713~first_q=true~second_m=2~second_u=2~second_w=753~second_q=true~heldout_o=1~heldout_m=0~heldout_u=0~heldout_w=514~heldout_q=true~coupling=2|2~resistance=6|6~before=2304~after=2304,true,bounded_same_body_memory,none
864005,3710873218580480,true,false,0,formation=learn_twice;complete=all@61;incomplete=omit4@70;blocked=resistance0@61;stale=once_age@111;compact=direct_open_fork_ring@0+aged@10;px7=train@0+10+heldout@20,2,completed_exactly_once,completed.outward==1,outward=1~return=1~updates=1~work=2470~queue=empty~quiet=true~permanent=14871855971692140424~complete=17985337425531004051,true,formation:outward=2~return=2~updates=12~work=14750~queue=empty~quiet=true~permanent=10686908943808037538~complete=15511654523645461279;completed:outward=1~return=1~updates=1~work=2470~queue=empty~quiet=true~permanent=14871855971692140424~complete=17985337425531004051;incomplete:outward=0~return=0~updates=0~work=1609~queue=empty~quiet=true~permanent=9084063685018833405~complete=13367978749440269441;blocked:outward=0~return=0~updates=0~work=2265~queue=empty~quiet=true~permanent=8707321077996238627~complete=6181841272050203239;stale:outward=0~return=0~updates=0~work=1332~queue=empty~quiet=true~permanent=8205289650828635601~complete=4982442715902515658;duplicate_recursive:outward=1~return=1~updates=1~work=2582~queue=empty~quiet=true~permanent=14871855971692140424~complete=3271672172545775263;zero_length:outward=1~return=0~updates=0~work=16~queue=empty~quiet=true~permanent=13396986843177649073~complete=2614913460199780813;duplicate_physical:outward=1~return=0~updates=0~work=23~queue=empty~quiet=true~permanent=14560839793564058751~complete=715359993749760298;open:outward=0~return=0~updates=0~work=7~queue=empty~quiet=true~permanent=7880095464899266904~complete=18280756351343213514;aged:outward=0~return=0~updates=0~work=7~queue=empty~quiet=true~permanent=11980726564971315737~complete=10331709695442700417;branch:outward=0~return=0~updates=0~work=54~queue=empty~quiet=true~permanent=2825494737833801379~complete=5901346626508095805;cycle:outward=0~return=0~updates=0~work=17~queue=empty~quiet=true~permanent=17965826074161818631~complete=13286944900153070744,primary=5488|5488;uninterrupted=5488|5488;incomplete=5488|5488;duplicate=5488|5488;blocked=5488|5488;stale=5488|5552;cumulative=2304|2304,14750,5552,true,true,pass=true~first_m=2~first_u=2~first_w=713~first_q=true~second_m=2~second_u=2~second_w=753~second_q=true~heldout_o=1~heldout_m=0~heldout_u=0~heldout_w=514~heldout_q=true~coupling=2|2~resistance=6|6~before=2304~after=2304,true,bounded_same_body_memory,none
864005,3710873218580480,true,false,0,formation=learn_twice;complete=all@61;incomplete=omit4@70;blocked=resistance0@61;stale=once_age@111;compact=direct_open_fork_ring@0+aged@10;px7=train@0+10+heldout@20,3,completed_return_and_update,completed.return==1 && completed.updates==1,outward=1~return=1~updates=1~work=2470~queue=empty~quiet=true~permanent=14871855971692140424~complete=17985337425531004051,true,formation:outward=2~return=2~updates=12~work=14750~queue=empty~quiet=true~permanent=10686908943808037538~complete=15511654523645461279;completed:outward=1~return=1~updates=1~work=2470~queue=empty~quiet=true~permanent=14871855971692140424~complete=17985337425531004051;incomplete:outward=0~return=0~updates=0~work=1609~queue=empty~quiet=true~permanent=9084063685018833405~complete=13367978749440269441;blocked:outward=0~return=0~updates=0~work=2265~queue=empty~quiet=true~permanent=8707321077996238627~complete=6181841272050203239;stale:outward=0~return=0~updates=0~work=1332~queue=empty~quiet=true~permanent=8205289650828635601~complete=4982442715902515658;duplicate_recursive:outward=1~return=1~updates=1~work=2582~queue=empty~quiet=true~permanent=14871855971692140424~complete=3271672172545775263;zero_length:outward=1~return=0~updates=0~work=16~queue=empty~quiet=true~permanent=13396986843177649073~complete=2614913460199780813;duplicate_physical:outward=1~return=0~updates=0~work=23~queue=empty~quiet=true~permanent=14560839793564058751~complete=715359993749760298;open:outward=0~return=0~updates=0~work=7~queue=empty~quiet=true~permanent=7880095464899266904~complete=18280756351343213514;aged:outward=0~return=0~updates=0~work=7~queue=empty~quiet=true~permanent=11980726564971315737~complete=10331709695442700417;branch:outward=0~return=0~updates=0~work=54~queue=empty~quiet=true~permanent=2825494737833801379~complete=5901346626508095805;cycle:outward=0~return=0~updates=0~work=17~queue=empty~quiet=true~permanent=17965826074161818631~complete=13286944900153070744,primary=5488|5488;uninterrupted=5488|5488;incomplete=5488|5488;duplicate=5488|5488;blocked=5488|5488;stale=5488|5552;cumulative=2304|2304,14750,5552,true,true,pass=true~first_m=2~first_u=2~first_w=713~first_q=true~second_m=2~second_u=2~second_w=753~second_q=true~heldout_o=1~heldout_m=0~heldout_u=0~heldout_w=514~heldout_q=true~coupling=2|2~resistance=6|6~before=2304~after=2304,true,bounded_same_body_memory,none
864005,3710873218580480,true,false,0,formation=learn_twice;complete=all@61;incomplete=omit4@70;blocked=resistance0@61;stale=once_age@111;compact=direct_open_fork_ring@0+aged@10;px7=train@0+10+heldout@20,4,incomplete_blocked_stale_silence,incomplete.outward==0 && blocked.outward==0 && stale.outward==0,incomplete=outward=0~return=0~updates=0~work=1609~queue=empty~quiet=true~permanent=9084063685018833405~complete=13367978749440269441~blocked=outward=0~return=0~updates=0~work=2265~queue=empty~quiet=true~permanent=8707321077996238627~complete=6181841272050203239~stale=outward=0~return=0~updates=0~work=1332~queue=empty~quiet=true~permanent=8205289650828635601~complete=4982442715902515658,true,formation:outward=2~return=2~updates=12~work=14750~queue=empty~quiet=true~permanent=10686908943808037538~complete=15511654523645461279;completed:outward=1~return=1~updates=1~work=2470~queue=empty~quiet=true~permanent=14871855971692140424~complete=17985337425531004051;incomplete:outward=0~return=0~updates=0~work=1609~queue=empty~quiet=true~permanent=9084063685018833405~complete=13367978749440269441;blocked:outward=0~return=0~updates=0~work=2265~queue=empty~quiet=true~permanent=8707321077996238627~complete=6181841272050203239;stale:outward=0~return=0~updates=0~work=1332~queue=empty~quiet=true~permanent=8205289650828635601~complete=4982442715902515658;duplicate_recursive:outward=1~return=1~updates=1~work=2582~queue=empty~quiet=true~permanent=14871855971692140424~complete=3271672172545775263;zero_length:outward=1~return=0~updates=0~work=16~queue=empty~quiet=true~permanent=13396986843177649073~complete=2614913460199780813;duplicate_physical:outward=1~return=0~updates=0~work=23~queue=empty~quiet=true~permanent=14560839793564058751~complete=715359993749760298;open:outward=0~return=0~updates=0~work=7~queue=empty~quiet=true~permanent=7880095464899266904~complete=18280756351343213514;aged:outward=0~return=0~updates=0~work=7~queue=empty~quiet=true~permanent=11980726564971315737~complete=10331709695442700417;branch:outward=0~return=0~updates=0~work=54~queue=empty~quiet=true~permanent=2825494737833801379~complete=5901346626508095805;cycle:outward=0~return=0~updates=0~work=17~queue=empty~quiet=true~permanent=17965826074161818631~complete=13286944900153070744,primary=5488|5488;uninterrupted=5488|5488;incomplete=5488|5488;duplicate=5488|5488;blocked=5488|5488;stale=5488|5552;cumulative=2304|2304,14750,5552,true,true,pass=true~first_m=2~first_u=2~first_w=713~first_q=true~second_m=2~second_u=2~second_w=753~second_q=true~heldout_o=1~heldout_m=0~heldout_u=0~heldout_w=514~heldout_q=true~coupling=2|2~resistance=6|6~before=2304~after=2304,true,bounded_same_body_memory,none
864005,3710873218580480,true,false,0,formation=learn_twice;complete=all@61;incomplete=omit4@70;blocked=resistance0@61;stale=once_age@111;compact=direct_open_fork_ring@0+aged@10;px7=train@0+10+heldout@20,5,open_aged_silence,open.outward==0 && aged.outward==0,open=outward=0~return=0~updates=0~work=7~queue=empty~quiet=true~permanent=7880095464899266904~complete=18280756351343213514~aged=outward=0~return=0~updates=0~work=7~queue=empty~quiet=true~permanent=11980726564971315737~complete=10331709695442700417,true,formation:outward=2~return=2~updates=12~work=14750~queue=empty~quiet=true~permanent=10686908943808037538~complete=15511654523645461279;completed:outward=1~return=1~updates=1~work=2470~queue=empty~quiet=true~permanent=14871855971692140424~complete=17985337425531004051;incomplete:outward=0~return=0~updates=0~work=1609~queue=empty~quiet=true~permanent=9084063685018833405~complete=13367978749440269441;blocked:outward=0~return=0~updates=0~work=2265~queue=empty~quiet=true~permanent=8707321077996238627~complete=6181841272050203239;stale:outward=0~return=0~updates=0~work=1332~queue=empty~quiet=true~permanent=8205289650828635601~complete=4982442715902515658;duplicate_recursive:outward=1~return=1~updates=1~work=2582~queue=empty~quiet=true~permanent=14871855971692140424~complete=3271672172545775263;zero_length:outward=1~return=0~updates=0~work=16~queue=empty~quiet=true~permanent=13396986843177649073~complete=2614913460199780813;duplicate_physical:outward=1~return=0~updates=0~work=23~queue=empty~quiet=true~permanent=14560839793564058751~complete=715359993749760298;open:outward=0~return=0~updates=0~work=7~queue=empty~quiet=true~permanent=7880095464899266904~complete=18280756351343213514;aged:outward=0~return=0~updates=0~work=7~queue=empty~quiet=true~permanent=11980726564971315737~complete=10331709695442700417;branch:outward=0~return=0~updates=0~work=54~queue=empty~quiet=true~permanent=2825494737833801379~complete=5901346626508095805;cycle:outward=0~return=0~updates=0~work=17~queue=empty~quiet=true~permanent=17965826074161818631~complete=13286944900153070744,primary=5488|5488;uninterrupted=5488|5488;incomplete=5488|5488;duplicate=5488|5488;blocked=5488|5488;stale=5488|5552;cumulative=2304|2304,14750,5552,true,true,pass=true~first_m=2~first_u=2~first_w=713~first_q=true~second_m=2~second_u=2~second_w=753~second_q=true~heldout_o=1~heldout_m=0~heldout_u=0~heldout_w=514~heldout_q=true~coupling=2|2~resistance=6|6~before=2304~after=2304,true,bounded_same_body_memory,none
864005,3710873218580480,true,false,0,formation=learn_twice;complete=all@61;incomplete=omit4@70;blocked=resistance0@61;stale=once_age@111;compact=direct_open_fork_ring@0+aged@10;px7=train@0+10+heldout@20,6,zero_length_exactly_once,zero_length.outward==1,outward=1~return=0~updates=0~work=16~queue=empty~quiet=true~permanent=13396986843177649073~complete=2614913460199780813,true,formation:outward=2~return=2~updates=12~work=14750~queue=empty~quiet=true~permanent=10686908943808037538~complete=15511654523645461279;completed:outward=1~return=1~updates=1~work=2470~queue=empty~quiet=true~permanent=14871855971692140424~complete=17985337425531004051;incomplete:outward=0~return=0~updates=0~work=1609~queue=empty~quiet=true~permanent=9084063685018833405~complete=13367978749440269441;blocked:outward=0~return=0~updates=0~work=2265~queue=empty~quiet=true~permanent=8707321077996238627~complete=6181841272050203239;stale:outward=0~return=0~updates=0~work=1332~queue=empty~quiet=true~permanent=8205289650828635601~complete=4982442715902515658;duplicate_recursive:outward=1~return=1~updates=1~work=2582~queue=empty~quiet=true~permanent=14871855971692140424~complete=3271672172545775263;zero_length:outward=1~return=0~updates=0~work=16~queue=empty~quiet=true~permanent=13396986843177649073~complete=2614913460199780813;duplicate_physical:outward=1~return=0~updates=0~work=23~queue=empty~quiet=true~permanent=14560839793564058751~complete=715359993749760298;open:outward=0~return=0~updates=0~work=7~queue=empty~quiet=true~permanent=7880095464899266904~complete=18280756351343213514;aged:outward=0~return=0~updates=0~work=7~queue=empty~quiet=true~permanent=11980726564971315737~complete=10331709695442700417;branch:outward=0~return=0~updates=0~work=54~queue=empty~quiet=true~permanent=2825494737833801379~complete=5901346626508095805;cycle:outward=0~return=0~updates=0~work=17~queue=empty~quiet=true~permanent=17965826074161818631~complete=13286944900153070744,primary=5488|5488;uninterrupted=5488|5488;incomplete=5488|5488;duplicate=5488|5488;blocked=5488|5488;stale=5488|5552;cumulative=2304|2304,14750,5552,true,true,pass=true~first_m=2~first_u=2~first_w=713~first_q=true~second_m=2~second_u=2~second_w=753~second_q=true~heldout_o=1~heldout_m=0~heldout_u=0~heldout_w=514~heldout_q=true~coupling=2|2~resistance=6|6~before=2304~after=2304,true,bounded_same_body_memory,none
864005,3710873218580480,true,false,0,formation=learn_twice;complete=all@61;incomplete=omit4@70;blocked=resistance0@61;stale=once_age@111;compact=direct_open_fork_ring@0+aged@10;px7=train@0+10+heldout@20,7,duplicates_exactly_once,duplicate_physical.outward==1 && duplicate_recursive.outward==1,physical=outward=1~return=0~updates=0~work=23~queue=empty~quiet=true~permanent=14560839793564058751~complete=715359993749760298~recursive=outward=1~return=1~updates=1~work=2582~queue=empty~quiet=true~permanent=14871855971692140424~complete=3271672172545775263,true,formation:outward=2~return=2~updates=12~work=14750~queue=empty~quiet=true~permanent=10686908943808037538~complete=15511654523645461279;completed:outward=1~return=1~updates=1~work=2470~queue=empty~quiet=true~permanent=14871855971692140424~complete=17985337425531004051;incomplete:outward=0~return=0~updates=0~work=1609~queue=empty~quiet=true~permanent=9084063685018833405~complete=13367978749440269441;blocked:outward=0~return=0~updates=0~work=2265~queue=empty~quiet=true~permanent=8707321077996238627~complete=6181841272050203239;stale:outward=0~return=0~updates=0~work=1332~queue=empty~quiet=true~permanent=8205289650828635601~complete=4982442715902515658;duplicate_recursive:outward=1~return=1~updates=1~work=2582~queue=empty~quiet=true~permanent=14871855971692140424~complete=3271672172545775263;zero_length:outward=1~return=0~updates=0~work=16~queue=empty~quiet=true~permanent=13396986843177649073~complete=2614913460199780813;duplicate_physical:outward=1~return=0~updates=0~work=23~queue=empty~quiet=true~permanent=14560839793564058751~complete=715359993749760298;open:outward=0~return=0~updates=0~work=7~queue=empty~quiet=true~permanent=7880095464899266904~complete=18280756351343213514;aged:outward=0~return=0~updates=0~work=7~queue=empty~quiet=true~permanent=11980726564971315737~complete=10331709695442700417;branch:outward=0~return=0~updates=0~work=54~queue=empty~quiet=true~permanent=2825494737833801379~complete=5901346626508095805;cycle:outward=0~return=0~updates=0~work=17~queue=empty~quiet=true~permanent=17965826074161818631~complete=13286944900153070744,primary=5488|5488;uninterrupted=5488|5488;incomplete=5488|5488;duplicate=5488|5488;blocked=5488|5488;stale=5488|5552;cumulative=2304|2304,14750,5552,true,true,pass=true~first_m=2~first_u=2~first_w=713~first_q=true~second_m=2~second_u=2~second_w=753~second_q=true~heldout_o=1~heldout_m=0~heldout_u=0~heldout_w=514~heldout_q=true~coupling=2|2~resistance=6|6~before=2304~after=2304,true,bounded_same_body_memory,none
864005,3710873218580480,true,false,0,formation=learn_twice;complete=all@61;incomplete=omit4@70;blocked=resistance0@61;stale=once_age@111;compact=direct_open_fork_ring@0+aged@10;px7=train@0+10+heldout@20,8,branch_cycle_silence,branch.outward==0 && cycle.outward==0,branch=outward=0~return=0~updates=0~work=54~queue=empty~quiet=true~permanent=2825494737833801379~complete=5901346626508095805~cycle=outward=0~return=0~updates=0~work=17~queue=empty~quiet=true~permanent=17965826074161818631~complete=13286944900153070744,true,formation:outward=2~return=2~updates=12~work=14750~queue=empty~quiet=true~permanent=10686908943808037538~complete=15511654523645461279;completed:outward=1~return=1~updates=1~work=2470~queue=empty~quiet=true~permanent=14871855971692140424~complete=17985337425531004051;incomplete:outward=0~return=0~updates=0~work=1609~queue=empty~quiet=true~permanent=9084063685018833405~complete=13367978749440269441;blocked:outward=0~return=0~updates=0~work=2265~queue=empty~quiet=true~permanent=8707321077996238627~complete=6181841272050203239;stale:outward=0~return=0~updates=0~work=1332~queue=empty~quiet=true~permanent=8205289650828635601~complete=4982442715902515658;duplicate_recursive:outward=1~return=1~updates=1~work=2582~queue=empty~quiet=true~permanent=14871855971692140424~complete=3271672172545775263;zero_length:outward=1~return=0~updates=0~work=16~queue=empty~quiet=true~permanent=13396986843177649073~complete=2614913460199780813;duplicate_physical:outward=1~return=0~updates=0~work=23~queue=empty~quiet=true~permanent=14560839793564058751~complete=715359993749760298;open:outward=0~return=0~updates=0~work=7~queue=empty~quiet=true~permanent=7880095464899266904~complete=18280756351343213514;aged:outward=0~return=0~updates=0~work=7~queue=empty~quiet=true~permanent=11980726564971315737~complete=10331709695442700417;branch:outward=0~return=0~updates=0~work=54~queue=empty~quiet=true~permanent=2825494737833801379~complete=5901346626508095805;cycle:outward=0~return=0~updates=0~work=17~queue=empty~quiet=true~permanent=17965826074161818631~complete=13286944900153070744,primary=5488|5488;uninterrupted=5488|5488;incomplete=5488|5488;duplicate=5488|5488;blocked=5488|5488;stale=5488|5552;cumulative=2304|2304,14750,5552,true,true,pass=true~first_m=2~first_u=2~first_w=713~first_q=true~second_m=2~second_u=2~second_w=753~second_q=true~heldout_o=1~heldout_m=0~heldout_u=0~heldout_w=514~heldout_q=true~coupling=2|2~resistance=6|6~before=2304~after=2304,true,bounded_same_body_memory,none
864005,3710873218580480,true,false,0,formation=learn_twice;complete=all@61;incomplete=omit4@70;blocked=resistance0@61;stale=once_age@111;compact=direct_open_fork_ring@0+aged@10;px7=train@0+10+heldout@20,9,pause_resume,pause_stable && resume_equal,pause_stable=true~resume_equal=true,true,formation:outward=2~return=2~updates=12~work=14750~queue=empty~quiet=true~permanent=10686908943808037538~complete=15511654523645461279;completed:outward=1~return=1~updates=1~work=2470~queue=empty~quiet=true~permanent=14871855971692140424~complete=17985337425531004051;incomplete:outward=0~return=0~updates=0~work=1609~queue=empty~quiet=true~permanent=9084063685018833405~complete=13367978749440269441;blocked:outward=0~return=0~updates=0~work=2265~queue=empty~quiet=true~permanent=8707321077996238627~complete=6181841272050203239;stale:outward=0~return=0~updates=0~work=1332~queue=empty~quiet=true~permanent=8205289650828635601~complete=4982442715902515658;duplicate_recursive:outward=1~return=1~updates=1~work=2582~queue=empty~quiet=true~permanent=14871855971692140424~complete=3271672172545775263;zero_length:outward=1~return=0~updates=0~work=16~queue=empty~quiet=true~permanent=13396986843177649073~complete=2614913460199780813;duplicate_physical:outward=1~return=0~updates=0~work=23~queue=empty~quiet=true~permanent=14560839793564058751~complete=715359993749760298;open:outward=0~return=0~updates=0~work=7~queue=empty~quiet=true~permanent=7880095464899266904~complete=18280756351343213514;aged:outward=0~return=0~updates=0~work=7~queue=empty~quiet=true~permanent=11980726564971315737~complete=10331709695442700417;branch:outward=0~return=0~updates=0~work=54~queue=empty~quiet=true~permanent=2825494737833801379~complete=5901346626508095805;cycle:outward=0~return=0~updates=0~work=17~queue=empty~quiet=true~permanent=17965826074161818631~complete=13286944900153070744,primary=5488|5488;uninterrupted=5488|5488;incomplete=5488|5488;duplicate=5488|5488;blocked=5488|5488;stale=5488|5552;cumulative=2304|2304,14750,5552,true,true,pass=true~first_m=2~first_u=2~first_w=713~first_q=true~second_m=2~second_u=2~second_w=753~second_q=true~heldout_o=1~heldout_m=0~heldout_u=0~heldout_w=514~heldout_q=true~coupling=2|2~resistance=6|6~before=2304~after=2304,true,bounded_same_body_memory,none
864005,3710873218580480,true,false,0,formation=learn_twice;complete=all@61;incomplete=omit4@70;blocked=resistance0@61;stale=once_age@111;compact=direct_open_fork_ring@0+aged@10;px7=train@0+10+heldout@20,10,natural_quiescence,all queues empty and naturally quiescent,quiet=true~queue=empty,true,formation:outward=2~return=2~updates=12~work=14750~queue=empty~quiet=true~permanent=10686908943808037538~complete=15511654523645461279;completed:outward=1~return=1~updates=1~work=2470~queue=empty~quiet=true~permanent=14871855971692140424~complete=17985337425531004051;incomplete:outward=0~return=0~updates=0~work=1609~queue=empty~quiet=true~permanent=9084063685018833405~complete=13367978749440269441;blocked:outward=0~return=0~updates=0~work=2265~queue=empty~quiet=true~permanent=8707321077996238627~complete=6181841272050203239;stale:outward=0~return=0~updates=0~work=1332~queue=empty~quiet=true~permanent=8205289650828635601~complete=4982442715902515658;duplicate_recursive:outward=1~return=1~updates=1~work=2582~queue=empty~quiet=true~permanent=14871855971692140424~complete=3271672172545775263;zero_length:outward=1~return=0~updates=0~work=16~queue=empty~quiet=true~permanent=13396986843177649073~complete=2614913460199780813;duplicate_physical:outward=1~return=0~updates=0~work=23~queue=empty~quiet=true~permanent=14560839793564058751~complete=715359993749760298;open:outward=0~return=0~updates=0~work=7~queue=empty~quiet=true~permanent=7880095464899266904~complete=18280756351343213514;aged:outward=0~return=0~updates=0~work=7~queue=empty~quiet=true~permanent=11980726564971315737~complete=10331709695442700417;branch:outward=0~return=0~updates=0~work=54~queue=empty~quiet=true~permanent=2825494737833801379~complete=5901346626508095805;cycle:outward=0~return=0~updates=0~work=17~queue=empty~quiet=true~permanent=17965826074161818631~complete=13286944900153070744,primary=5488|5488;uninterrupted=5488|5488;incomplete=5488|5488;duplicate=5488|5488;blocked=5488|5488;stale=5488|5552;cumulative=2304|2304,14750,5552,true,true,pass=true~first_m=2~first_u=2~first_w=713~first_q=true~second_m=2~second_u=2~second_w=753~second_q=true~heldout_o=1~heldout_m=0~heldout_u=0~heldout_w=514~heldout_q=true~coupling=2|2~resistance=6|6~before=2304~after=2304,true,bounded_same_body_memory,none
864005,3710873218580480,true,false,0,formation=learn_twice;complete=all@61;incomplete=omit4@70;blocked=resistance0@61;stale=once_age@111;compact=direct_open_fork_ring@0+aged@10;px7=train@0+10+heldout@20,11,bounded_work,maximum_work<=20000,maximum_work=14750,true,formation:outward=2~return=2~updates=12~work=14750~queue=empty~quiet=true~permanent=10686908943808037538~complete=15511654523645461279;completed:outward=1~return=1~updates=1~work=2470~queue=empty~quiet=true~permanent=14871855971692140424~complete=17985337425531004051;incomplete:outward=0~return=0~updates=0~work=1609~queue=empty~quiet=true~permanent=9084063685018833405~complete=13367978749440269441;blocked:outward=0~return=0~updates=0~work=2265~queue=empty~quiet=true~permanent=8707321077996238627~complete=6181841272050203239;stale:outward=0~return=0~updates=0~work=1332~queue=empty~quiet=true~permanent=8205289650828635601~complete=4982442715902515658;duplicate_recursive:outward=1~return=1~updates=1~work=2582~queue=empty~quiet=true~permanent=14871855971692140424~complete=3271672172545775263;zero_length:outward=1~return=0~updates=0~work=16~queue=empty~quiet=true~permanent=13396986843177649073~complete=2614913460199780813;duplicate_physical:outward=1~return=0~updates=0~work=23~queue=empty~quiet=true~permanent=14560839793564058751~complete=715359993749760298;open:outward=0~return=0~updates=0~work=7~queue=empty~quiet=true~permanent=7880095464899266904~complete=18280756351343213514;aged:outward=0~return=0~updates=0~work=7~queue=empty~quiet=true~permanent=11980726564971315737~complete=10331709695442700417;branch:outward=0~return=0~updates=0~work=54~queue=empty~quiet=true~permanent=2825494737833801379~complete=5901346626508095805;cycle:outward=0~return=0~updates=0~work=17~queue=empty~quiet=true~permanent=17965826074161818631~complete=13286944900153070744,primary=5488|5488;uninterrupted=5488|5488;incomplete=5488|5488;duplicate=5488|5488;blocked=5488|5488;stale=5488|5552;cumulative=2304|2304,14750,5552,true,true,pass=true~first_m=2~first_u=2~first_w=713~first_q=true~second_m=2~second_u=2~second_w=753~second_q=true~heldout_o=1~heldout_m=0~heldout_u=0~heldout_w=514~heldout_q=true~coupling=2|2~resistance=6|6~before=2304~after=2304,true,bounded_same_body_memory,none
864005,3710873218580480,true,false,0,formation=learn_twice;complete=all@61;incomplete=omit4@70;blocked=resistance0@61;stale=once_age@111;compact=direct_open_fork_ring@0+aged@10;px7=train@0+10+heldout@20,12,bounded_same_body_memory,maximum_bytes<=8192 && all seven before==after,maximum_bytes=5552~pairs=primary=5488|5488;uninterrupted=5488|5488;incomplete=5488|5488;duplicate=5488|5488;blocked=5488|5488;stale=5488|5552;cumulative=2304|2304~stable=false,false,formation:outward=2~return=2~updates=12~work=14750~queue=empty~quiet=true~permanent=10686908943808037538~complete=15511654523645461279;completed:outward=1~return=1~updates=1~work=2470~queue=empty~quiet=true~permanent=14871855971692140424~complete=17985337425531004051;incomplete:outward=0~return=0~updates=0~work=1609~queue=empty~quiet=true~permanent=9084063685018833405~complete=13367978749440269441;blocked:outward=0~return=0~updates=0~work=2265~queue=empty~quiet=true~permanent=8707321077996238627~complete=6181841272050203239;stale:outward=0~return=0~updates=0~work=1332~queue=empty~quiet=true~permanent=8205289650828635601~complete=4982442715902515658;duplicate_recursive:outward=1~return=1~updates=1~work=2582~queue=empty~quiet=true~permanent=14871855971692140424~complete=3271672172545775263;zero_length:outward=1~return=0~updates=0~work=16~queue=empty~quiet=true~permanent=13396986843177649073~complete=2614913460199780813;duplicate_physical:outward=1~return=0~updates=0~work=23~queue=empty~quiet=true~permanent=14560839793564058751~complete=715359993749760298;open:outward=0~return=0~updates=0~work=7~queue=empty~quiet=true~permanent=7880095464899266904~complete=18280756351343213514;aged:outward=0~return=0~updates=0~work=7~queue=empty~quiet=true~permanent=11980726564971315737~complete=10331709695442700417;branch:outward=0~return=0~updates=0~work=54~queue=empty~quiet=true~permanent=2825494737833801379~complete=5901346626508095805;cycle:outward=0~return=0~updates=0~work=17~queue=empty~quiet=true~permanent=17965826074161818631~complete=13286944900153070744,primary=5488|5488;uninterrupted=5488|5488;incomplete=5488|5488;duplicate=5488|5488;blocked=5488|5488;stale=5488|5552;cumulative=2304|2304,14750,5552,true,true,pass=true~first_m=2~first_u=2~first_w=713~first_q=true~second_m=2~second_u=2~second_w=753~second_q=true~heldout_o=1~heldout_m=0~heldout_u=0~heldout_w=514~heldout_q=true~coupling=2|2~resistance=6|6~before=2304~after=2304,true,bounded_same_body_memory,none
864005,3710873218580480,true,false,0,formation=learn_twice;complete=all@61;incomplete=omit4@70;blocked=resistance0@61;stale=once_age@111;compact=direct_open_fork_ring@0+aged@10;px7=train@0+10+heldout@20,13,cumulative_px0_px7_lrc,PX7 training/heldout/return/quiet/stability pass,pass=true~first_m=2~first_u=2~first_w=713~first_q=true~second_m=2~second_u=2~second_w=753~second_q=true~heldout_o=1~heldout_m=0~heldout_u=0~heldout_w=514~heldout_q=true~coupling=2|2~resistance=6|6~before=2304~after=2304,true,formation:outward=2~return=2~updates=12~work=14750~queue=empty~quiet=true~permanent=10686908943808037538~complete=15511654523645461279;completed:outward=1~return=1~updates=1~work=2470~queue=empty~quiet=true~permanent=14871855971692140424~complete=17985337425531004051;incomplete:outward=0~return=0~updates=0~work=1609~queue=empty~quiet=true~permanent=9084063685018833405~complete=13367978749440269441;blocked:outward=0~return=0~updates=0~work=2265~queue=empty~quiet=true~permanent=8707321077996238627~complete=6181841272050203239;stale:outward=0~return=0~updates=0~work=1332~queue=empty~quiet=true~permanent=8205289650828635601~complete=4982442715902515658;duplicate_recursive:outward=1~return=1~updates=1~work=2582~queue=empty~quiet=true~permanent=14871855971692140424~complete=3271672172545775263;zero_length:outward=1~return=0~updates=0~work=16~queue=empty~quiet=true~permanent=13396986843177649073~complete=2614913460199780813;duplicate_physical:outward=1~return=0~updates=0~work=23~queue=empty~quiet=true~permanent=14560839793564058751~complete=715359993749760298;open:outward=0~return=0~updates=0~work=7~queue=empty~quiet=true~permanent=7880095464899266904~complete=18280756351343213514;aged:outward=0~return=0~updates=0~work=7~queue=empty~quiet=true~permanent=11980726564971315737~complete=10331709695442700417;branch:outward=0~return=0~updates=0~work=54~queue=empty~quiet=true~permanent=2825494737833801379~complete=5901346626508095805;cycle:outward=0~return=0~updates=0~work=17~queue=empty~quiet=true~permanent=17965826074161818631~complete=13286944900153070744,primary=5488|5488;uninterrupted=5488|5488;incomplete=5488|5488;duplicate=5488|5488;blocked=5488|5488;stale=5488|5552;cumulative=2304|2304,14750,5552,true,true,pass=true~first_m=2~first_u=2~first_w=713~first_q=true~second_m=2~second_u=2~second_w=753~second_q=true~heldout_o=1~heldout_m=0~heldout_u=0~heldout_w=514~heldout_q=true~coupling=2|2~resistance=6|6~before=2304~after=2304,true,bounded_same_body_memory,none
864005,3710873218580480,true,false,0,formation=learn_twice;complete=all@61;incomplete=omit4@70;blocked=resistance0@61;stale=once_age@111;compact=direct_open_fork_ring@0+aged@10;px7=train@0+10+heldout@20,14,exact_replay,independent Trial values exactly equal,exact=true~first_divergence=none,true,formation:outward=2~return=2~updates=12~work=14750~queue=empty~quiet=true~permanent=10686908943808037538~complete=15511654523645461279;completed:outward=1~return=1~updates=1~work=2470~queue=empty~quiet=true~permanent=14871855971692140424~complete=17985337425531004051;incomplete:outward=0~return=0~updates=0~work=1609~queue=empty~quiet=true~permanent=9084063685018833405~complete=13367978749440269441;blocked:outward=0~return=0~updates=0~work=2265~queue=empty~quiet=true~permanent=8707321077996238627~complete=6181841272050203239;stale:outward=0~return=0~updates=0~work=1332~queue=empty~quiet=true~permanent=8205289650828635601~complete=4982442715902515658;duplicate_recursive:outward=1~return=1~updates=1~work=2582~queue=empty~quiet=true~permanent=14871855971692140424~complete=3271672172545775263;zero_length:outward=1~return=0~updates=0~work=16~queue=empty~quiet=true~permanent=13396986843177649073~complete=2614913460199780813;duplicate_physical:outward=1~return=0~updates=0~work=23~queue=empty~quiet=true~permanent=14560839793564058751~complete=715359993749760298;open:outward=0~return=0~updates=0~work=7~queue=empty~quiet=true~permanent=7880095464899266904~complete=18280756351343213514;aged:outward=0~return=0~updates=0~work=7~queue=empty~quiet=true~permanent=11980726564971315737~complete=10331709695442700417;branch:outward=0~return=0~updates=0~work=54~queue=empty~quiet=true~permanent=2825494737833801379~complete=5901346626508095805;cycle:outward=0~return=0~updates=0~work=17~queue=empty~quiet=true~permanent=17965826074161818631~complete=13286944900153070744,primary=5488|5488;uninterrupted=5488|5488;incomplete=5488|5488;duplicate=5488|5488;blocked=5488|5488;stale=5488|5552;cumulative=2304|2304,14750,5552,true,true,pass=true~first_m=2~first_u=2~first_w=713~first_q=true~second_m=2~second_u=2~second_w=753~second_q=true~heldout_o=1~heldout_m=0~heldout_u=0~heldout_w=514~heldout_q=true~coupling=2|2~resistance=6|6~before=2304~after=2304,true,bounded_same_body_memory,none
864006,3710877513547776,true,false,137,formation=learn_twice;complete=all@61;incomplete=omit4@70;blocked=resistance0@61;stale=once_age@111;compact=direct_open_fork_ring@0+aged@10;px7=train@0+10+heldout@20,1,formation_modulation_and_updates,formation.updates>0 && formation.inward_modulation>0,outward=2~return=2~updates=12~work=14788~queue=empty~quiet=true~permanent=489071759285484883~complete=16254223512478238214,true,formation:outward=2~return=2~updates=12~work=14788~queue=empty~quiet=true~permanent=489071759285484883~complete=16254223512478238214;completed:outward=1~return=1~updates=1~work=2478~queue=empty~quiet=true~permanent=9734077407422427993~complete=14364461919345611174;incomplete:outward=0~return=0~updates=0~work=1616~queue=empty~quiet=true~permanent=8872945885414491432~complete=16263626334576336752;blocked:outward=0~return=0~updates=0~work=2273~queue=empty~quiet=true~permanent=7660042098877334622~complete=17149550345975028150;stale:outward=0~return=0~updates=0~work=1334~queue=empty~quiet=true~permanent=10966302346335082453~complete=14729929126475148450;duplicate_recursive:outward=1~return=1~updates=1~work=2590~queue=empty~quiet=true~permanent=9734077407422427993~complete=827238302298055074;zero_length:outward=1~return=0~updates=0~work=16~queue=empty~quiet=true~permanent=16885847991222986555~complete=11526558684982961351;duplicate_physical:outward=1~return=0~updates=0~work=23~queue=empty~quiet=true~permanent=2255032242029375689~complete=13600457256880279340;open:outward=0~return=0~updates=0~work=7~queue=empty~quiet=true~permanent=6405933126247075038~complete=714845515643896728;aged:outward=0~return=0~updates=0~work=7~queue=empty~quiet=true~permanent=11614408909002995099~complete=4502893695198013967;branch:outward=0~return=0~updates=0~work=54~queue=empty~quiet=true~permanent=401250066871401866~complete=6120884590110316540;cycle:outward=0~return=0~updates=0~work=17~queue=empty~quiet=true~permanent=11629969438296796951~complete=10444085435831411480,primary=5488|5488;uninterrupted=5488|5488;incomplete=5488|5488;duplicate=5488|5488;blocked=5488|5488;stale=5488|5552;cumulative=2304|2304,14788,5552,true,true,pass=true~first_m=2~first_u=2~first_w=713~first_q=true~second_m=2~second_u=2~second_w=753~second_q=true~heldout_o=1~heldout_m=0~heldout_u=0~heldout_w=514~heldout_q=true~coupling=2|2~resistance=6|6~before=2304~after=2304,true,bounded_same_body_memory,none
864006,3710877513547776,true,false,137,formation=learn_twice;complete=all@61;incomplete=omit4@70;blocked=resistance0@61;stale=once_age@111;compact=direct_open_fork_ring@0+aged@10;px7=train@0+10+heldout@20,2,completed_exactly_once,completed.outward==1,outward=1~return=1~updates=1~work=2478~queue=empty~quiet=true~permanent=9734077407422427993~complete=14364461919345611174,true,formation:outward=2~return=2~updates=12~work=14788~queue=empty~quiet=true~permanent=489071759285484883~complete=16254223512478238214;completed:outward=1~return=1~updates=1~work=2478~queue=empty~quiet=true~permanent=9734077407422427993~complete=14364461919345611174;incomplete:outward=0~return=0~updates=0~work=1616~queue=empty~quiet=true~permanent=8872945885414491432~complete=16263626334576336752;blocked:outward=0~return=0~updates=0~work=2273~queue=empty~quiet=true~permanent=7660042098877334622~complete=17149550345975028150;stale:outward=0~return=0~updates=0~work=1334~queue=empty~quiet=true~permanent=10966302346335082453~complete=14729929126475148450;duplicate_recursive:outward=1~return=1~updates=1~work=2590~queue=empty~quiet=true~permanent=9734077407422427993~complete=827238302298055074;zero_length:outward=1~return=0~updates=0~work=16~queue=empty~quiet=true~permanent=16885847991222986555~complete=11526558684982961351;duplicate_physical:outward=1~return=0~updates=0~work=23~queue=empty~quiet=true~permanent=2255032242029375689~complete=13600457256880279340;open:outward=0~return=0~updates=0~work=7~queue=empty~quiet=true~permanent=6405933126247075038~complete=714845515643896728;aged:outward=0~return=0~updates=0~work=7~queue=empty~quiet=true~permanent=11614408909002995099~complete=4502893695198013967;branch:outward=0~return=0~updates=0~work=54~queue=empty~quiet=true~permanent=401250066871401866~complete=6120884590110316540;cycle:outward=0~return=0~updates=0~work=17~queue=empty~quiet=true~permanent=11629969438296796951~complete=10444085435831411480,primary=5488|5488;uninterrupted=5488|5488;incomplete=5488|5488;duplicate=5488|5488;blocked=5488|5488;stale=5488|5552;cumulative=2304|2304,14788,5552,true,true,pass=true~first_m=2~first_u=2~first_w=713~first_q=true~second_m=2~second_u=2~second_w=753~second_q=true~heldout_o=1~heldout_m=0~heldout_u=0~heldout_w=514~heldout_q=true~coupling=2|2~resistance=6|6~before=2304~after=2304,true,bounded_same_body_memory,none
864006,3710877513547776,true,false,137,formation=learn_twice;complete=all@61;incomplete=omit4@70;blocked=resistance0@61;stale=once_age@111;compact=direct_open_fork_ring@0+aged@10;px7=train@0+10+heldout@20,3,completed_return_and_update,completed.return==1 && completed.updates==1,outward=1~return=1~updates=1~work=2478~queue=empty~quiet=true~permanent=9734077407422427993~complete=14364461919345611174,true,formation:outward=2~return=2~updates=12~work=14788~queue=empty~quiet=true~permanent=489071759285484883~complete=16254223512478238214;completed:outward=1~return=1~updates=1~work=2478~queue=empty~quiet=true~permanent=9734077407422427993~complete=14364461919345611174;incomplete:outward=0~return=0~updates=0~work=1616~queue=empty~quiet=true~permanent=8872945885414491432~complete=16263626334576336752;blocked:outward=0~return=0~updates=0~work=2273~queue=empty~quiet=true~permanent=7660042098877334622~complete=17149550345975028150;stale:outward=0~return=0~updates=0~work=1334~queue=empty~quiet=true~permanent=10966302346335082453~complete=14729929126475148450;duplicate_recursive:outward=1~return=1~updates=1~work=2590~queue=empty~quiet=true~permanent=9734077407422427993~complete=827238302298055074;zero_length:outward=1~return=0~updates=0~work=16~queue=empty~quiet=true~permanent=16885847991222986555~complete=11526558684982961351;duplicate_physical:outward=1~return=0~updates=0~work=23~queue=empty~quiet=true~permanent=2255032242029375689~complete=13600457256880279340;open:outward=0~return=0~updates=0~work=7~queue=empty~quiet=true~permanent=6405933126247075038~complete=714845515643896728;aged:outward=0~return=0~updates=0~work=7~queue=empty~quiet=true~permanent=11614408909002995099~complete=4502893695198013967;branch:outward=0~return=0~updates=0~work=54~queue=empty~quiet=true~permanent=401250066871401866~complete=6120884590110316540;cycle:outward=0~return=0~updates=0~work=17~queue=empty~quiet=true~permanent=11629969438296796951~complete=10444085435831411480,primary=5488|5488;uninterrupted=5488|5488;incomplete=5488|5488;duplicate=5488|5488;blocked=5488|5488;stale=5488|5552;cumulative=2304|2304,14788,5552,true,true,pass=true~first_m=2~first_u=2~first_w=713~first_q=true~second_m=2~second_u=2~second_w=753~second_q=true~heldout_o=1~heldout_m=0~heldout_u=0~heldout_w=514~heldout_q=true~coupling=2|2~resistance=6|6~before=2304~after=2304,true,bounded_same_body_memory,none
864006,3710877513547776,true,false,137,formation=learn_twice;complete=all@61;incomplete=omit4@70;blocked=resistance0@61;stale=once_age@111;compact=direct_open_fork_ring@0+aged@10;px7=train@0+10+heldout@20,4,incomplete_blocked_stale_silence,incomplete.outward==0 && blocked.outward==0 && stale.outward==0,incomplete=outward=0~return=0~updates=0~work=1616~queue=empty~quiet=true~permanent=8872945885414491432~complete=16263626334576336752~blocked=outward=0~return=0~updates=0~work=2273~queue=empty~quiet=true~permanent=7660042098877334622~complete=17149550345975028150~stale=outward=0~return=0~updates=0~work=1334~queue=empty~quiet=true~permanent=10966302346335082453~complete=14729929126475148450,true,formation:outward=2~return=2~updates=12~work=14788~queue=empty~quiet=true~permanent=489071759285484883~complete=16254223512478238214;completed:outward=1~return=1~updates=1~work=2478~queue=empty~quiet=true~permanent=9734077407422427993~complete=14364461919345611174;incomplete:outward=0~return=0~updates=0~work=1616~queue=empty~quiet=true~permanent=8872945885414491432~complete=16263626334576336752;blocked:outward=0~return=0~updates=0~work=2273~queue=empty~quiet=true~permanent=7660042098877334622~complete=17149550345975028150;stale:outward=0~return=0~updates=0~work=1334~queue=empty~quiet=true~permanent=10966302346335082453~complete=14729929126475148450;duplicate_recursive:outward=1~return=1~updates=1~work=2590~queue=empty~quiet=true~permanent=9734077407422427993~complete=827238302298055074;zero_length:outward=1~return=0~updates=0~work=16~queue=empty~quiet=true~permanent=16885847991222986555~complete=11526558684982961351;duplicate_physical:outward=1~return=0~updates=0~work=23~queue=empty~quiet=true~permanent=2255032242029375689~complete=13600457256880279340;open:outward=0~return=0~updates=0~work=7~queue=empty~quiet=true~permanent=6405933126247075038~complete=714845515643896728;aged:outward=0~return=0~updates=0~work=7~queue=empty~quiet=true~permanent=11614408909002995099~complete=4502893695198013967;branch:outward=0~return=0~updates=0~work=54~queue=empty~quiet=true~permanent=401250066871401866~complete=6120884590110316540;cycle:outward=0~return=0~updates=0~work=17~queue=empty~quiet=true~permanent=11629969438296796951~complete=10444085435831411480,primary=5488|5488;uninterrupted=5488|5488;incomplete=5488|5488;duplicate=5488|5488;blocked=5488|5488;stale=5488|5552;cumulative=2304|2304,14788,5552,true,true,pass=true~first_m=2~first_u=2~first_w=713~first_q=true~second_m=2~second_u=2~second_w=753~second_q=true~heldout_o=1~heldout_m=0~heldout_u=0~heldout_w=514~heldout_q=true~coupling=2|2~resistance=6|6~before=2304~after=2304,true,bounded_same_body_memory,none
864006,3710877513547776,true,false,137,formation=learn_twice;complete=all@61;incomplete=omit4@70;blocked=resistance0@61;stale=once_age@111;compact=direct_open_fork_ring@0+aged@10;px7=train@0+10+heldout@20,5,open_aged_silence,open.outward==0 && aged.outward==0,open=outward=0~return=0~updates=0~work=7~queue=empty~quiet=true~permanent=6405933126247075038~complete=714845515643896728~aged=outward=0~return=0~updates=0~work=7~queue=empty~quiet=true~permanent=11614408909002995099~complete=4502893695198013967,true,formation:outward=2~return=2~updates=12~work=14788~queue=empty~quiet=true~permanent=489071759285484883~complete=16254223512478238214;completed:outward=1~return=1~updates=1~work=2478~queue=empty~quiet=true~permanent=9734077407422427993~complete=14364461919345611174;incomplete:outward=0~return=0~updates=0~work=1616~queue=empty~quiet=true~permanent=8872945885414491432~complete=16263626334576336752;blocked:outward=0~return=0~updates=0~work=2273~queue=empty~quiet=true~permanent=7660042098877334622~complete=17149550345975028150;stale:outward=0~return=0~updates=0~work=1334~queue=empty~quiet=true~permanent=10966302346335082453~complete=14729929126475148450;duplicate_recursive:outward=1~return=1~updates=1~work=2590~queue=empty~quiet=true~permanent=9734077407422427993~complete=827238302298055074;zero_length:outward=1~return=0~updates=0~work=16~queue=empty~quiet=true~permanent=16885847991222986555~complete=11526558684982961351;duplicate_physical:outward=1~return=0~updates=0~work=23~queue=empty~quiet=true~permanent=2255032242029375689~complete=13600457256880279340;open:outward=0~return=0~updates=0~work=7~queue=empty~quiet=true~permanent=6405933126247075038~complete=714845515643896728;aged:outward=0~return=0~updates=0~work=7~queue=empty~quiet=true~permanent=11614408909002995099~complete=4502893695198013967;branch:outward=0~return=0~updates=0~work=54~queue=empty~quiet=true~permanent=401250066871401866~complete=6120884590110316540;cycle:outward=0~return=0~updates=0~work=17~queue=empty~quiet=true~permanent=11629969438296796951~complete=10444085435831411480,primary=5488|5488;uninterrupted=5488|5488;incomplete=5488|5488;duplicate=5488|5488;blocked=5488|5488;stale=5488|5552;cumulative=2304|2304,14788,5552,true,true,pass=true~first_m=2~first_u=2~first_w=713~first_q=true~second_m=2~second_u=2~second_w=753~second_q=true~heldout_o=1~heldout_m=0~heldout_u=0~heldout_w=514~heldout_q=true~coupling=2|2~resistance=6|6~before=2304~after=2304,true,bounded_same_body_memory,none
864006,3710877513547776,true,false,137,formation=learn_twice;complete=all@61;incomplete=omit4@70;blocked=resistance0@61;stale=once_age@111;compact=direct_open_fork_ring@0+aged@10;px7=train@0+10+heldout@20,6,zero_length_exactly_once,zero_length.outward==1,outward=1~return=0~updates=0~work=16~queue=empty~quiet=true~permanent=16885847991222986555~complete=11526558684982961351,true,formation:outward=2~return=2~updates=12~work=14788~queue=empty~quiet=true~permanent=489071759285484883~complete=16254223512478238214;completed:outward=1~return=1~updates=1~work=2478~queue=empty~quiet=true~permanent=9734077407422427993~complete=14364461919345611174;incomplete:outward=0~return=0~updates=0~work=1616~queue=empty~quiet=true~permanent=8872945885414491432~complete=16263626334576336752;blocked:outward=0~return=0~updates=0~work=2273~queue=empty~quiet=true~permanent=7660042098877334622~complete=17149550345975028150;stale:outward=0~return=0~updates=0~work=1334~queue=empty~quiet=true~permanent=10966302346335082453~complete=14729929126475148450;duplicate_recursive:outward=1~return=1~updates=1~work=2590~queue=empty~quiet=true~permanent=9734077407422427993~complete=827238302298055074;zero_length:outward=1~return=0~updates=0~work=16~queue=empty~quiet=true~permanent=16885847991222986555~complete=11526558684982961351;duplicate_physical:outward=1~return=0~updates=0~work=23~queue=empty~quiet=true~permanent=2255032242029375689~complete=13600457256880279340;open:outward=0~return=0~updates=0~work=7~queue=empty~quiet=true~permanent=6405933126247075038~complete=714845515643896728;aged:outward=0~return=0~updates=0~work=7~queue=empty~quiet=true~permanent=11614408909002995099~complete=4502893695198013967;branch:outward=0~return=0~updates=0~work=54~queue=empty~quiet=true~permanent=401250066871401866~complete=6120884590110316540;cycle:outward=0~return=0~updates=0~work=17~queue=empty~quiet=true~permanent=11629969438296796951~complete=10444085435831411480,primary=5488|5488;uninterrupted=5488|5488;incomplete=5488|5488;duplicate=5488|5488;blocked=5488|5488;stale=5488|5552;cumulative=2304|2304,14788,5552,true,true,pass=true~first_m=2~first_u=2~first_w=713~first_q=true~second_m=2~second_u=2~second_w=753~second_q=true~heldout_o=1~heldout_m=0~heldout_u=0~heldout_w=514~heldout_q=true~coupling=2|2~resistance=6|6~before=2304~after=2304,true,bounded_same_body_memory,none
864006,3710877513547776,true,false,137,formation=learn_twice;complete=all@61;incomplete=omit4@70;blocked=resistance0@61;stale=once_age@111;compact=direct_open_fork_ring@0+aged@10;px7=train@0+10+heldout@20,7,duplicates_exactly_once,duplicate_physical.outward==1 && duplicate_recursive.outward==1,physical=outward=1~return=0~updates=0~work=23~queue=empty~quiet=true~permanent=2255032242029375689~complete=13600457256880279340~recursive=outward=1~return=1~updates=1~work=2590~queue=empty~quiet=true~permanent=9734077407422427993~complete=827238302298055074,true,formation:outward=2~return=2~updates=12~work=14788~queue=empty~quiet=true~permanent=489071759285484883~complete=16254223512478238214;completed:outward=1~return=1~updates=1~work=2478~queue=empty~quiet=true~permanent=9734077407422427993~complete=14364461919345611174;incomplete:outward=0~return=0~updates=0~work=1616~queue=empty~quiet=true~permanent=8872945885414491432~complete=16263626334576336752;blocked:outward=0~return=0~updates=0~work=2273~queue=empty~quiet=true~permanent=7660042098877334622~complete=17149550345975028150;stale:outward=0~return=0~updates=0~work=1334~queue=empty~quiet=true~permanent=10966302346335082453~complete=14729929126475148450;duplicate_recursive:outward=1~return=1~updates=1~work=2590~queue=empty~quiet=true~permanent=9734077407422427993~complete=827238302298055074;zero_length:outward=1~return=0~updates=0~work=16~queue=empty~quiet=true~permanent=16885847991222986555~complete=11526558684982961351;duplicate_physical:outward=1~return=0~updates=0~work=23~queue=empty~quiet=true~permanent=2255032242029375689~complete=13600457256880279340;open:outward=0~return=0~updates=0~work=7~queue=empty~quiet=true~permanent=6405933126247075038~complete=714845515643896728;aged:outward=0~return=0~updates=0~work=7~queue=empty~quiet=true~permanent=11614408909002995099~complete=4502893695198013967;branch:outward=0~return=0~updates=0~work=54~queue=empty~quiet=true~permanent=401250066871401866~complete=6120884590110316540;cycle:outward=0~return=0~updates=0~work=17~queue=empty~quiet=true~permanent=11629969438296796951~complete=10444085435831411480,primary=5488|5488;uninterrupted=5488|5488;incomplete=5488|5488;duplicate=5488|5488;blocked=5488|5488;stale=5488|5552;cumulative=2304|2304,14788,5552,true,true,pass=true~first_m=2~first_u=2~first_w=713~first_q=true~second_m=2~second_u=2~second_w=753~second_q=true~heldout_o=1~heldout_m=0~heldout_u=0~heldout_w=514~heldout_q=true~coupling=2|2~resistance=6|6~before=2304~after=2304,true,bounded_same_body_memory,none
864006,3710877513547776,true,false,137,formation=learn_twice;complete=all@61;incomplete=omit4@70;blocked=resistance0@61;stale=once_age@111;compact=direct_open_fork_ring@0+aged@10;px7=train@0+10+heldout@20,8,branch_cycle_silence,branch.outward==0 && cycle.outward==0,branch=outward=0~return=0~updates=0~work=54~queue=empty~quiet=true~permanent=401250066871401866~complete=6120884590110316540~cycle=outward=0~return=0~updates=0~work=17~queue=empty~quiet=true~permanent=11629969438296796951~complete=10444085435831411480,true,formation:outward=2~return=2~updates=12~work=14788~queue=empty~quiet=true~permanent=489071759285484883~complete=16254223512478238214;completed:outward=1~return=1~updates=1~work=2478~queue=empty~quiet=true~permanent=9734077407422427993~complete=14364461919345611174;incomplete:outward=0~return=0~updates=0~work=1616~queue=empty~quiet=true~permanent=8872945885414491432~complete=16263626334576336752;blocked:outward=0~return=0~updates=0~work=2273~queue=empty~quiet=true~permanent=7660042098877334622~complete=17149550345975028150;stale:outward=0~return=0~updates=0~work=1334~queue=empty~quiet=true~permanent=10966302346335082453~complete=14729929126475148450;duplicate_recursive:outward=1~return=1~updates=1~work=2590~queue=empty~quiet=true~permanent=9734077407422427993~complete=827238302298055074;zero_length:outward=1~return=0~updates=0~work=16~queue=empty~quiet=true~permanent=16885847991222986555~complete=11526558684982961351;duplicate_physical:outward=1~return=0~updates=0~work=23~queue=empty~quiet=true~permanent=2255032242029375689~complete=13600457256880279340;open:outward=0~return=0~updates=0~work=7~queue=empty~quiet=true~permanent=6405933126247075038~complete=714845515643896728;aged:outward=0~return=0~updates=0~work=7~queue=empty~quiet=true~permanent=11614408909002995099~complete=4502893695198013967;branch:outward=0~return=0~updates=0~work=54~queue=empty~quiet=true~permanent=401250066871401866~complete=6120884590110316540;cycle:outward=0~return=0~updates=0~work=17~queue=empty~quiet=true~permanent=11629969438296796951~complete=10444085435831411480,primary=5488|5488;uninterrupted=5488|5488;incomplete=5488|5488;duplicate=5488|5488;blocked=5488|5488;stale=5488|5552;cumulative=2304|2304,14788,5552,true,true,pass=true~first_m=2~first_u=2~first_w=713~first_q=true~second_m=2~second_u=2~second_w=753~second_q=true~heldout_o=1~heldout_m=0~heldout_u=0~heldout_w=514~heldout_q=true~coupling=2|2~resistance=6|6~before=2304~after=2304,true,bounded_same_body_memory,none
864006,3710877513547776,true,false,137,formation=learn_twice;complete=all@61;incomplete=omit4@70;blocked=resistance0@61;stale=once_age@111;compact=direct_open_fork_ring@0+aged@10;px7=train@0+10+heldout@20,9,pause_resume,pause_stable && resume_equal,pause_stable=true~resume_equal=true,true,formation:outward=2~return=2~updates=12~work=14788~queue=empty~quiet=true~permanent=489071759285484883~complete=16254223512478238214;completed:outward=1~return=1~updates=1~work=2478~queue=empty~quiet=true~permanent=9734077407422427993~complete=14364461919345611174;incomplete:outward=0~return=0~updates=0~work=1616~queue=empty~quiet=true~permanent=8872945885414491432~complete=16263626334576336752;blocked:outward=0~return=0~updates=0~work=2273~queue=empty~quiet=true~permanent=7660042098877334622~complete=17149550345975028150;stale:outward=0~return=0~updates=0~work=1334~queue=empty~quiet=true~permanent=10966302346335082453~complete=14729929126475148450;duplicate_recursive:outward=1~return=1~updates=1~work=2590~queue=empty~quiet=true~permanent=9734077407422427993~complete=827238302298055074;zero_length:outward=1~return=0~updates=0~work=16~queue=empty~quiet=true~permanent=16885847991222986555~complete=11526558684982961351;duplicate_physical:outward=1~return=0~updates=0~work=23~queue=empty~quiet=true~permanent=2255032242029375689~complete=13600457256880279340;open:outward=0~return=0~updates=0~work=7~queue=empty~quiet=true~permanent=6405933126247075038~complete=714845515643896728;aged:outward=0~return=0~updates=0~work=7~queue=empty~quiet=true~permanent=11614408909002995099~complete=4502893695198013967;branch:outward=0~return=0~updates=0~work=54~queue=empty~quiet=true~permanent=401250066871401866~complete=6120884590110316540;cycle:outward=0~return=0~updates=0~work=17~queue=empty~quiet=true~permanent=11629969438296796951~complete=10444085435831411480,primary=5488|5488;uninterrupted=5488|5488;incomplete=5488|5488;duplicate=5488|5488;blocked=5488|5488;stale=5488|5552;cumulative=2304|2304,14788,5552,true,true,pass=true~first_m=2~first_u=2~first_w=713~first_q=true~second_m=2~second_u=2~second_w=753~second_q=true~heldout_o=1~heldout_m=0~heldout_u=0~heldout_w=514~heldout_q=true~coupling=2|2~resistance=6|6~before=2304~after=2304,true,bounded_same_body_memory,none
864006,3710877513547776,true,false,137,formation=learn_twice;complete=all@61;incomplete=omit4@70;blocked=resistance0@61;stale=once_age@111;compact=direct_open_fork_ring@0+aged@10;px7=train@0+10+heldout@20,10,natural_quiescence,all queues empty and naturally quiescent,quiet=true~queue=empty,true,formation:outward=2~return=2~updates=12~work=14788~queue=empty~quiet=true~permanent=489071759285484883~complete=16254223512478238214;completed:outward=1~return=1~updates=1~work=2478~queue=empty~quiet=true~permanent=9734077407422427993~complete=14364461919345611174;incomplete:outward=0~return=0~updates=0~work=1616~queue=empty~quiet=true~permanent=8872945885414491432~complete=16263626334576336752;blocked:outward=0~return=0~updates=0~work=2273~queue=empty~quiet=true~permanent=7660042098877334622~complete=17149550345975028150;stale:outward=0~return=0~updates=0~work=1334~queue=empty~quiet=true~permanent=10966302346335082453~complete=14729929126475148450;duplicate_recursive:outward=1~return=1~updates=1~work=2590~queue=empty~quiet=true~permanent=9734077407422427993~complete=827238302298055074;zero_length:outward=1~return=0~updates=0~work=16~queue=empty~quiet=true~permanent=16885847991222986555~complete=11526558684982961351;duplicate_physical:outward=1~return=0~updates=0~work=23~queue=empty~quiet=true~permanent=2255032242029375689~complete=13600457256880279340;open:outward=0~return=0~updates=0~work=7~queue=empty~quiet=true~permanent=6405933126247075038~complete=714845515643896728;aged:outward=0~return=0~updates=0~work=7~queue=empty~quiet=true~permanent=11614408909002995099~complete=4502893695198013967;branch:outward=0~return=0~updates=0~work=54~queue=empty~quiet=true~permanent=401250066871401866~complete=6120884590110316540;cycle:outward=0~return=0~updates=0~work=17~queue=empty~quiet=true~permanent=11629969438296796951~complete=10444085435831411480,primary=5488|5488;uninterrupted=5488|5488;incomplete=5488|5488;duplicate=5488|5488;blocked=5488|5488;stale=5488|5552;cumulative=2304|2304,14788,5552,true,true,pass=true~first_m=2~first_u=2~first_w=713~first_q=true~second_m=2~second_u=2~second_w=753~second_q=true~heldout_o=1~heldout_m=0~heldout_u=0~heldout_w=514~heldout_q=true~coupling=2|2~resistance=6|6~before=2304~after=2304,true,bounded_same_body_memory,none
864006,3710877513547776,true,false,137,formation=learn_twice;complete=all@61;incomplete=omit4@70;blocked=resistance0@61;stale=once_age@111;compact=direct_open_fork_ring@0+aged@10;px7=train@0+10+heldout@20,11,bounded_work,maximum_work<=20000,maximum_work=14788,true,formation:outward=2~return=2~updates=12~work=14788~queue=empty~quiet=true~permanent=489071759285484883~complete=16254223512478238214;completed:outward=1~return=1~updates=1~work=2478~queue=empty~quiet=true~permanent=9734077407422427993~complete=14364461919345611174;incomplete:outward=0~return=0~updates=0~work=1616~queue=empty~quiet=true~permanent=8872945885414491432~complete=16263626334576336752;blocked:outward=0~return=0~updates=0~work=2273~queue=empty~quiet=true~permanent=7660042098877334622~complete=17149550345975028150;stale:outward=0~return=0~updates=0~work=1334~queue=empty~quiet=true~permanent=10966302346335082453~complete=14729929126475148450;duplicate_recursive:outward=1~return=1~updates=1~work=2590~queue=empty~quiet=true~permanent=9734077407422427993~complete=827238302298055074;zero_length:outward=1~return=0~updates=0~work=16~queue=empty~quiet=true~permanent=16885847991222986555~complete=11526558684982961351;duplicate_physical:outward=1~return=0~updates=0~work=23~queue=empty~quiet=true~permanent=2255032242029375689~complete=13600457256880279340;open:outward=0~return=0~updates=0~work=7~queue=empty~quiet=true~permanent=6405933126247075038~complete=714845515643896728;aged:outward=0~return=0~updates=0~work=7~queue=empty~quiet=true~permanent=11614408909002995099~complete=4502893695198013967;branch:outward=0~return=0~updates=0~work=54~queue=empty~quiet=true~permanent=401250066871401866~complete=6120884590110316540;cycle:outward=0~return=0~updates=0~work=17~queue=empty~quiet=true~permanent=11629969438296796951~complete=10444085435831411480,primary=5488|5488;uninterrupted=5488|5488;incomplete=5488|5488;duplicate=5488|5488;blocked=5488|5488;stale=5488|5552;cumulative=2304|2304,14788,5552,true,true,pass=true~first_m=2~first_u=2~first_w=713~first_q=true~second_m=2~second_u=2~second_w=753~second_q=true~heldout_o=1~heldout_m=0~heldout_u=0~heldout_w=514~heldout_q=true~coupling=2|2~resistance=6|6~before=2304~after=2304,true,bounded_same_body_memory,none
864006,3710877513547776,true,false,137,formation=learn_twice;complete=all@61;incomplete=omit4@70;blocked=resistance0@61;stale=once_age@111;compact=direct_open_fork_ring@0+aged@10;px7=train@0+10+heldout@20,12,bounded_same_body_memory,maximum_bytes<=8192 && all seven before==after,maximum_bytes=5552~pairs=primary=5488|5488;uninterrupted=5488|5488;incomplete=5488|5488;duplicate=5488|5488;blocked=5488|5488;stale=5488|5552;cumulative=2304|2304~stable=false,false,formation:outward=2~return=2~updates=12~work=14788~queue=empty~quiet=true~permanent=489071759285484883~complete=16254223512478238214;completed:outward=1~return=1~updates=1~work=2478~queue=empty~quiet=true~permanent=9734077407422427993~complete=14364461919345611174;incomplete:outward=0~return=0~updates=0~work=1616~queue=empty~quiet=true~permanent=8872945885414491432~complete=16263626334576336752;blocked:outward=0~return=0~updates=0~work=2273~queue=empty~quiet=true~permanent=7660042098877334622~complete=17149550345975028150;stale:outward=0~return=0~updates=0~work=1334~queue=empty~quiet=true~permanent=10966302346335082453~complete=14729929126475148450;duplicate_recursive:outward=1~return=1~updates=1~work=2590~queue=empty~quiet=true~permanent=9734077407422427993~complete=827238302298055074;zero_length:outward=1~return=0~updates=0~work=16~queue=empty~quiet=true~permanent=16885847991222986555~complete=11526558684982961351;duplicate_physical:outward=1~return=0~updates=0~work=23~queue=empty~quiet=true~permanent=2255032242029375689~complete=13600457256880279340;open:outward=0~return=0~updates=0~work=7~queue=empty~quiet=true~permanent=6405933126247075038~complete=714845515643896728;aged:outward=0~return=0~updates=0~work=7~queue=empty~quiet=true~permanent=11614408909002995099~complete=4502893695198013967;branch:outward=0~return=0~updates=0~work=54~queue=empty~quiet=true~permanent=401250066871401866~complete=6120884590110316540;cycle:outward=0~return=0~updates=0~work=17~queue=empty~quiet=true~permanent=11629969438296796951~complete=10444085435831411480,primary=5488|5488;uninterrupted=5488|5488;incomplete=5488|5488;duplicate=5488|5488;blocked=5488|5488;stale=5488|5552;cumulative=2304|2304,14788,5552,true,true,pass=true~first_m=2~first_u=2~first_w=713~first_q=true~second_m=2~second_u=2~second_w=753~second_q=true~heldout_o=1~heldout_m=0~heldout_u=0~heldout_w=514~heldout_q=true~coupling=2|2~resistance=6|6~before=2304~after=2304,true,bounded_same_body_memory,none
864006,3710877513547776,true,false,137,formation=learn_twice;complete=all@61;incomplete=omit4@70;blocked=resistance0@61;stale=once_age@111;compact=direct_open_fork_ring@0+aged@10;px7=train@0+10+heldout@20,13,cumulative_px0_px7_lrc,PX7 training/heldout/return/quiet/stability pass,pass=true~first_m=2~first_u=2~first_w=713~first_q=true~second_m=2~second_u=2~second_w=753~second_q=true~heldout_o=1~heldout_m=0~heldout_u=0~heldout_w=514~heldout_q=true~coupling=2|2~resistance=6|6~before=2304~after=2304,true,formation:outward=2~return=2~updates=12~work=14788~queue=empty~quiet=true~permanent=489071759285484883~complete=16254223512478238214;completed:outward=1~return=1~updates=1~work=2478~queue=empty~quiet=true~permanent=9734077407422427993~complete=14364461919345611174;incomplete:outward=0~return=0~updates=0~work=1616~queue=empty~quiet=true~permanent=8872945885414491432~complete=16263626334576336752;blocked:outward=0~return=0~updates=0~work=2273~queue=empty~quiet=true~permanent=7660042098877334622~complete=17149550345975028150;stale:outward=0~return=0~updates=0~work=1334~queue=empty~quiet=true~permanent=10966302346335082453~complete=14729929126475148450;duplicate_recursive:outward=1~return=1~updates=1~work=2590~queue=empty~quiet=true~permanent=9734077407422427993~complete=827238302298055074;zero_length:outward=1~return=0~updates=0~work=16~queue=empty~quiet=true~permanent=16885847991222986555~complete=11526558684982961351;duplicate_physical:outward=1~return=0~updates=0~work=23~queue=empty~quiet=true~permanent=2255032242029375689~complete=13600457256880279340;open:outward=0~return=0~updates=0~work=7~queue=empty~quiet=true~permanent=6405933126247075038~complete=714845515643896728;aged:outward=0~return=0~updates=0~work=7~queue=empty~quiet=true~permanent=11614408909002995099~complete=4502893695198013967;branch:outward=0~return=0~updates=0~work=54~queue=empty~quiet=true~permanent=401250066871401866~complete=6120884590110316540;cycle:outward=0~return=0~updates=0~work=17~queue=empty~quiet=true~permanent=11629969438296796951~complete=10444085435831411480,primary=5488|5488;uninterrupted=5488|5488;incomplete=5488|5488;duplicate=5488|5488;blocked=5488|5488;stale=5488|5552;cumulative=2304|2304,14788,5552,true,true,pass=true~first_m=2~first_u=2~first_w=713~first_q=true~second_m=2~second_u=2~second_w=753~second_q=true~heldout_o=1~heldout_m=0~heldout_u=0~heldout_w=514~heldout_q=true~coupling=2|2~resistance=6|6~before=2304~after=2304,true,bounded_same_body_memory,none
864006,3710877513547776,true,false,137,formation=learn_twice;complete=all@61;incomplete=omit4@70;blocked=resistance0@61;stale=once_age@111;compact=direct_open_fork_ring@0+aged@10;px7=train@0+10+heldout@20,14,exact_replay,independent Trial values exactly equal,exact=true~first_divergence=none,true,formation:outward=2~return=2~updates=12~work=14788~queue=empty~quiet=true~permanent=489071759285484883~complete=16254223512478238214;completed:outward=1~return=1~updates=1~work=2478~queue=empty~quiet=true~permanent=9734077407422427993~complete=14364461919345611174;incomplete:outward=0~return=0~updates=0~work=1616~queue=empty~quiet=true~permanent=8872945885414491432~complete=16263626334576336752;blocked:outward=0~return=0~updates=0~work=2273~queue=empty~quiet=true~permanent=7660042098877334622~complete=17149550345975028150;stale:outward=0~return=0~updates=0~work=1334~queue=empty~quiet=true~permanent=10966302346335082453~complete=14729929126475148450;duplicate_recursive:outward=1~return=1~updates=1~work=2590~queue=empty~quiet=true~permanent=9734077407422427993~complete=827238302298055074;zero_length:outward=1~return=0~updates=0~work=16~queue=empty~quiet=true~permanent=16885847991222986555~complete=11526558684982961351;duplicate_physical:outward=1~return=0~updates=0~work=23~queue=empty~quiet=true~permanent=2255032242029375689~complete=13600457256880279340;open:outward=0~return=0~updates=0~work=7~queue=empty~quiet=true~permanent=6405933126247075038~complete=714845515643896728;aged:outward=0~return=0~updates=0~work=7~queue=empty~quiet=true~permanent=11614408909002995099~complete=4502893695198013967;branch:outward=0~return=0~updates=0~work=54~queue=empty~quiet=true~permanent=401250066871401866~complete=6120884590110316540;cycle:outward=0~return=0~updates=0~work=17~queue=empty~quiet=true~permanent=11629969438296796951~complete=10444085435831411480,primary=5488|5488;uninterrupted=5488|5488;incomplete=5488|5488;duplicate=5488|5488;blocked=5488|5488;stale=5488|5552;cumulative=2304|2304,14788,5552,true,true,pass=true~first_m=2~first_u=2~first_w=713~first_q=true~second_m=2~second_u=2~second_w=753~second_q=true~heldout_o=1~heldout_m=0~heldout_u=0~heldout_w=514~heldout_q=true~coupling=2|2~resistance=6|6~before=2304~after=2304,true,bounded_same_body_memory,none
864007,3710881808515072,true,false,274,formation=learn_twice;complete=all@61;incomplete=omit4@70;blocked=resistance0@61;stale=once_age@111;compact=direct_open_fork_ring@0+aged@10;px7=train@0+10+heldout@20,1,formation_modulation_and_updates,formation.updates>0 && formation.inward_modulation>0,outward=2~return=2~updates=12~work=14758~queue=empty~quiet=true~permanent=1958666286413630520~complete=2947841740033507737,true,formation:outward=2~return=2~updates=12~work=14758~queue=empty~quiet=true~permanent=1958666286413630520~complete=2947841740033507737;completed:outward=1~return=1~updates=1~work=2473~queue=empty~quiet=true~permanent=15806231350778008002~complete=15931896295014758285;incomplete:outward=0~return=0~updates=0~work=1611~queue=empty~quiet=true~permanent=17285871592118745859~complete=8573822908732139125;blocked:outward=0~return=0~updates=0~work=2268~queue=empty~quiet=true~permanent=12044775644177260433~complete=6327078927497631473;stale:outward=0~return=0~updates=0~work=1334~queue=empty~quiet=true~permanent=11655740512221868801~complete=8042815503383473760;duplicate_recursive:outward=1~return=1~updates=1~work=2585~queue=empty~quiet=true~permanent=15806231350778008002~complete=2394672677967202185;zero_length:outward=1~return=0~updates=0~work=16~queue=empty~quiet=true~permanent=8907795536828629889~complete=6421663079351337853;duplicate_physical:outward=1~return=0~updates=0~work=23~queue=empty~quiet=true~permanent=7236599331780131931~complete=5164396539677410262;open:outward=0~return=0~updates=0~work=7~queue=empty~quiet=true~permanent=5684309604599498080~complete=17313618085676407650;aged:outward=0~return=0~updates=0~work=7~queue=empty~quiet=true~permanent=14529705350600407917~complete=11481711981598706597;branch:outward=0~return=0~updates=0~work=54~queue=empty~quiet=true~permanent=16663324669576168533~complete=11118644467230969763;cycle:outward=0~return=0~updates=0~work=17~queue=empty~quiet=true~permanent=14705113656926101595~complete=4824488584046715536,primary=5488|5488;uninterrupted=5488|5488;incomplete=5488|5488;duplicate=5488|5488;blocked=5488|5488;stale=5488|5552;cumulative=2304|2304,14758,5552,true,true,pass=true~first_m=2~first_u=2~first_w=713~first_q=true~second_m=2~second_u=2~second_w=753~second_q=true~heldout_o=1~heldout_m=0~heldout_u=0~heldout_w=514~heldout_q=true~coupling=2|2~resistance=6|6~before=2304~after=2304,true,bounded_same_body_memory,none
864007,3710881808515072,true,false,274,formation=learn_twice;complete=all@61;incomplete=omit4@70;blocked=resistance0@61;stale=once_age@111;compact=direct_open_fork_ring@0+aged@10;px7=train@0+10+heldout@20,2,completed_exactly_once,completed.outward==1,outward=1~return=1~updates=1~work=2473~queue=empty~quiet=true~permanent=15806231350778008002~complete=15931896295014758285,true,formation:outward=2~return=2~updates=12~work=14758~queue=empty~quiet=true~permanent=1958666286413630520~complete=2947841740033507737;completed:outward=1~return=1~updates=1~work=2473~queue=empty~quiet=true~permanent=15806231350778008002~complete=15931896295014758285;incomplete:outward=0~return=0~updates=0~work=1611~queue=empty~quiet=true~permanent=17285871592118745859~complete=8573822908732139125;blocked:outward=0~return=0~updates=0~work=2268~queue=empty~quiet=true~permanent=12044775644177260433~complete=6327078927497631473;stale:outward=0~return=0~updates=0~work=1334~queue=empty~quiet=true~permanent=11655740512221868801~complete=8042815503383473760;duplicate_recursive:outward=1~return=1~updates=1~work=2585~queue=empty~quiet=true~permanent=15806231350778008002~complete=2394672677967202185;zero_length:outward=1~return=0~updates=0~work=16~queue=empty~quiet=true~permanent=8907795536828629889~complete=6421663079351337853;duplicate_physical:outward=1~return=0~updates=0~work=23~queue=empty~quiet=true~permanent=7236599331780131931~complete=5164396539677410262;open:outward=0~return=0~updates=0~work=7~queue=empty~quiet=true~permanent=5684309604599498080~complete=17313618085676407650;aged:outward=0~return=0~updates=0~work=7~queue=empty~quiet=true~permanent=14529705350600407917~complete=11481711981598706597;branch:outward=0~return=0~updates=0~work=54~queue=empty~quiet=true~permanent=16663324669576168533~complete=11118644467230969763;cycle:outward=0~return=0~updates=0~work=17~queue=empty~quiet=true~permanent=14705113656926101595~complete=4824488584046715536,primary=5488|5488;uninterrupted=5488|5488;incomplete=5488|5488;duplicate=5488|5488;blocked=5488|5488;stale=5488|5552;cumulative=2304|2304,14758,5552,true,true,pass=true~first_m=2~first_u=2~first_w=713~first_q=true~second_m=2~second_u=2~second_w=753~second_q=true~heldout_o=1~heldout_m=0~heldout_u=0~heldout_w=514~heldout_q=true~coupling=2|2~resistance=6|6~before=2304~after=2304,true,bounded_same_body_memory,none
864007,3710881808515072,true,false,274,formation=learn_twice;complete=all@61;incomplete=omit4@70;blocked=resistance0@61;stale=once_age@111;compact=direct_open_fork_ring@0+aged@10;px7=train@0+10+heldout@20,3,completed_return_and_update,completed.return==1 && completed.updates==1,outward=1~return=1~updates=1~work=2473~queue=empty~quiet=true~permanent=15806231350778008002~complete=15931896295014758285,true,formation:outward=2~return=2~updates=12~work=14758~queue=empty~quiet=true~permanent=1958666286413630520~complete=2947841740033507737;completed:outward=1~return=1~updates=1~work=2473~queue=empty~quiet=true~permanent=15806231350778008002~complete=15931896295014758285;incomplete:outward=0~return=0~updates=0~work=1611~queue=empty~quiet=true~permanent=17285871592118745859~complete=8573822908732139125;blocked:outward=0~return=0~updates=0~work=2268~queue=empty~quiet=true~permanent=12044775644177260433~complete=6327078927497631473;stale:outward=0~return=0~updates=0~work=1334~queue=empty~quiet=true~permanent=11655740512221868801~complete=8042815503383473760;duplicate_recursive:outward=1~return=1~updates=1~work=2585~queue=empty~quiet=true~permanent=15806231350778008002~complete=2394672677967202185;zero_length:outward=1~return=0~updates=0~work=16~queue=empty~quiet=true~permanent=8907795536828629889~complete=6421663079351337853;duplicate_physical:outward=1~return=0~updates=0~work=23~queue=empty~quiet=true~permanent=7236599331780131931~complete=5164396539677410262;open:outward=0~return=0~updates=0~work=7~queue=empty~quiet=true~permanent=5684309604599498080~complete=17313618085676407650;aged:outward=0~return=0~updates=0~work=7~queue=empty~quiet=true~permanent=14529705350600407917~complete=11481711981598706597;branch:outward=0~return=0~updates=0~work=54~queue=empty~quiet=true~permanent=16663324669576168533~complete=11118644467230969763;cycle:outward=0~return=0~updates=0~work=17~queue=empty~quiet=true~permanent=14705113656926101595~complete=4824488584046715536,primary=5488|5488;uninterrupted=5488|5488;incomplete=5488|5488;duplicate=5488|5488;blocked=5488|5488;stale=5488|5552;cumulative=2304|2304,14758,5552,true,true,pass=true~first_m=2~first_u=2~first_w=713~first_q=true~second_m=2~second_u=2~second_w=753~second_q=true~heldout_o=1~heldout_m=0~heldout_u=0~heldout_w=514~heldout_q=true~coupling=2|2~resistance=6|6~before=2304~after=2304,true,bounded_same_body_memory,none
864007,3710881808515072,true,false,274,formation=learn_twice;complete=all@61;incomplete=omit4@70;blocked=resistance0@61;stale=once_age@111;compact=direct_open_fork_ring@0+aged@10;px7=train@0+10+heldout@20,4,incomplete_blocked_stale_silence,incomplete.outward==0 && blocked.outward==0 && stale.outward==0,incomplete=outward=0~return=0~updates=0~work=1611~queue=empty~quiet=true~permanent=17285871592118745859~complete=8573822908732139125~blocked=outward=0~return=0~updates=0~work=2268~queue=empty~quiet=true~permanent=12044775644177260433~complete=6327078927497631473~stale=outward=0~return=0~updates=0~work=1334~queue=empty~quiet=true~permanent=11655740512221868801~complete=8042815503383473760,true,formation:outward=2~return=2~updates=12~work=14758~queue=empty~quiet=true~permanent=1958666286413630520~complete=2947841740033507737;completed:outward=1~return=1~updates=1~work=2473~queue=empty~quiet=true~permanent=15806231350778008002~complete=15931896295014758285;incomplete:outward=0~return=0~updates=0~work=1611~queue=empty~quiet=true~permanent=17285871592118745859~complete=8573822908732139125;blocked:outward=0~return=0~updates=0~work=2268~queue=empty~quiet=true~permanent=12044775644177260433~complete=6327078927497631473;stale:outward=0~return=0~updates=0~work=1334~queue=empty~quiet=true~permanent=11655740512221868801~complete=8042815503383473760;duplicate_recursive:outward=1~return=1~updates=1~work=2585~queue=empty~quiet=true~permanent=15806231350778008002~complete=2394672677967202185;zero_length:outward=1~return=0~updates=0~work=16~queue=empty~quiet=true~permanent=8907795536828629889~complete=6421663079351337853;duplicate_physical:outward=1~return=0~updates=0~work=23~queue=empty~quiet=true~permanent=7236599331780131931~complete=5164396539677410262;open:outward=0~return=0~updates=0~work=7~queue=empty~quiet=true~permanent=5684309604599498080~complete=17313618085676407650;aged:outward=0~return=0~updates=0~work=7~queue=empty~quiet=true~permanent=14529705350600407917~complete=11481711981598706597;branch:outward=0~return=0~updates=0~work=54~queue=empty~quiet=true~permanent=16663324669576168533~complete=11118644467230969763;cycle:outward=0~return=0~updates=0~work=17~queue=empty~quiet=true~permanent=14705113656926101595~complete=4824488584046715536,primary=5488|5488;uninterrupted=5488|5488;incomplete=5488|5488;duplicate=5488|5488;blocked=5488|5488;stale=5488|5552;cumulative=2304|2304,14758,5552,true,true,pass=true~first_m=2~first_u=2~first_w=713~first_q=true~second_m=2~second_u=2~second_w=753~second_q=true~heldout_o=1~heldout_m=0~heldout_u=0~heldout_w=514~heldout_q=true~coupling=2|2~resistance=6|6~before=2304~after=2304,true,bounded_same_body_memory,none
864007,3710881808515072,true,false,274,formation=learn_twice;complete=all@61;incomplete=omit4@70;blocked=resistance0@61;stale=once_age@111;compact=direct_open_fork_ring@0+aged@10;px7=train@0+10+heldout@20,5,open_aged_silence,open.outward==0 && aged.outward==0,open=outward=0~return=0~updates=0~work=7~queue=empty~quiet=true~permanent=5684309604599498080~complete=17313618085676407650~aged=outward=0~return=0~updates=0~work=7~queue=empty~quiet=true~permanent=14529705350600407917~complete=11481711981598706597,true,formation:outward=2~return=2~updates=12~work=14758~queue=empty~quiet=true~permanent=1958666286413630520~complete=2947841740033507737;completed:outward=1~return=1~updates=1~work=2473~queue=empty~quiet=true~permanent=15806231350778008002~complete=15931896295014758285;incomplete:outward=0~return=0~updates=0~work=1611~queue=empty~quiet=true~permanent=17285871592118745859~complete=8573822908732139125;blocked:outward=0~return=0~updates=0~work=2268~queue=empty~quiet=true~permanent=12044775644177260433~complete=6327078927497631473;stale:outward=0~return=0~updates=0~work=1334~queue=empty~quiet=true~permanent=11655740512221868801~complete=8042815503383473760;duplicate_recursive:outward=1~return=1~updates=1~work=2585~queue=empty~quiet=true~permanent=15806231350778008002~complete=2394672677967202185;zero_length:outward=1~return=0~updates=0~work=16~queue=empty~quiet=true~permanent=8907795536828629889~complete=6421663079351337853;duplicate_physical:outward=1~return=0~updates=0~work=23~queue=empty~quiet=true~permanent=7236599331780131931~complete=5164396539677410262;open:outward=0~return=0~updates=0~work=7~queue=empty~quiet=true~permanent=5684309604599498080~complete=17313618085676407650;aged:outward=0~return=0~updates=0~work=7~queue=empty~quiet=true~permanent=14529705350600407917~complete=11481711981598706597;branch:outward=0~return=0~updates=0~work=54~queue=empty~quiet=true~permanent=16663324669576168533~complete=11118644467230969763;cycle:outward=0~return=0~updates=0~work=17~queue=empty~quiet=true~permanent=14705113656926101595~complete=4824488584046715536,primary=5488|5488;uninterrupted=5488|5488;incomplete=5488|5488;duplicate=5488|5488;blocked=5488|5488;stale=5488|5552;cumulative=2304|2304,14758,5552,true,true,pass=true~first_m=2~first_u=2~first_w=713~first_q=true~second_m=2~second_u=2~second_w=753~second_q=true~heldout_o=1~heldout_m=0~heldout_u=0~heldout_w=514~heldout_q=true~coupling=2|2~resistance=6|6~before=2304~after=2304,true,bounded_same_body_memory,none
864007,3710881808515072,true,false,274,formation=learn_twice;complete=all@61;incomplete=omit4@70;blocked=resistance0@61;stale=once_age@111;compact=direct_open_fork_ring@0+aged@10;px7=train@0+10+heldout@20,6,zero_length_exactly_once,zero_length.outward==1,outward=1~return=0~updates=0~work=16~queue=empty~quiet=true~permanent=8907795536828629889~complete=6421663079351337853,true,formation:outward=2~return=2~updates=12~work=14758~queue=empty~quiet=true~permanent=1958666286413630520~complete=2947841740033507737;completed:outward=1~return=1~updates=1~work=2473~queue=empty~quiet=true~permanent=15806231350778008002~complete=15931896295014758285;incomplete:outward=0~return=0~updates=0~work=1611~queue=empty~quiet=true~permanent=17285871592118745859~complete=8573822908732139125;blocked:outward=0~return=0~updates=0~work=2268~queue=empty~quiet=true~permanent=12044775644177260433~complete=6327078927497631473;stale:outward=0~return=0~updates=0~work=1334~queue=empty~quiet=true~permanent=11655740512221868801~complete=8042815503383473760;duplicate_recursive:outward=1~return=1~updates=1~work=2585~queue=empty~quiet=true~permanent=15806231350778008002~complete=2394672677967202185;zero_length:outward=1~return=0~updates=0~work=16~queue=empty~quiet=true~permanent=8907795536828629889~complete=6421663079351337853;duplicate_physical:outward=1~return=0~updates=0~work=23~queue=empty~quiet=true~permanent=7236599331780131931~complete=5164396539677410262;open:outward=0~return=0~updates=0~work=7~queue=empty~quiet=true~permanent=5684309604599498080~complete=17313618085676407650;aged:outward=0~return=0~updates=0~work=7~queue=empty~quiet=true~permanent=14529705350600407917~complete=11481711981598706597;branch:outward=0~return=0~updates=0~work=54~queue=empty~quiet=true~permanent=16663324669576168533~complete=11118644467230969763;cycle:outward=0~return=0~updates=0~work=17~queue=empty~quiet=true~permanent=14705113656926101595~complete=4824488584046715536,primary=5488|5488;uninterrupted=5488|5488;incomplete=5488|5488;duplicate=5488|5488;blocked=5488|5488;stale=5488|5552;cumulative=2304|2304,14758,5552,true,true,pass=true~first_m=2~first_u=2~first_w=713~first_q=true~second_m=2~second_u=2~second_w=753~second_q=true~heldout_o=1~heldout_m=0~heldout_u=0~heldout_w=514~heldout_q=true~coupling=2|2~resistance=6|6~before=2304~after=2304,true,bounded_same_body_memory,none
864007,3710881808515072,true,false,274,formation=learn_twice;complete=all@61;incomplete=omit4@70;blocked=resistance0@61;stale=once_age@111;compact=direct_open_fork_ring@0+aged@10;px7=train@0+10+heldout@20,7,duplicates_exactly_once,duplicate_physical.outward==1 && duplicate_recursive.outward==1,physical=outward=1~return=0~updates=0~work=23~queue=empty~quiet=true~permanent=7236599331780131931~complete=5164396539677410262~recursive=outward=1~return=1~updates=1~work=2585~queue=empty~quiet=true~permanent=15806231350778008002~complete=2394672677967202185,true,formation:outward=2~return=2~updates=12~work=14758~queue=empty~quiet=true~permanent=1958666286413630520~complete=2947841740033507737;completed:outward=1~return=1~updates=1~work=2473~queue=empty~quiet=true~permanent=15806231350778008002~complete=15931896295014758285;incomplete:outward=0~return=0~updates=0~work=1611~queue=empty~quiet=true~permanent=17285871592118745859~complete=8573822908732139125;blocked:outward=0~return=0~updates=0~work=2268~queue=empty~quiet=true~permanent=12044775644177260433~complete=6327078927497631473;stale:outward=0~return=0~updates=0~work=1334~queue=empty~quiet=true~permanent=11655740512221868801~complete=8042815503383473760;duplicate_recursive:outward=1~return=1~updates=1~work=2585~queue=empty~quiet=true~permanent=15806231350778008002~complete=2394672677967202185;zero_length:outward=1~return=0~updates=0~work=16~queue=empty~quiet=true~permanent=8907795536828629889~complete=6421663079351337853;duplicate_physical:outward=1~return=0~updates=0~work=23~queue=empty~quiet=true~permanent=7236599331780131931~complete=5164396539677410262;open:outward=0~return=0~updates=0~work=7~queue=empty~quiet=true~permanent=5684309604599498080~complete=17313618085676407650;aged:outward=0~return=0~updates=0~work=7~queue=empty~quiet=true~permanent=14529705350600407917~complete=11481711981598706597;branch:outward=0~return=0~updates=0~work=54~queue=empty~quiet=true~permanent=16663324669576168533~complete=11118644467230969763;cycle:outward=0~return=0~updates=0~work=17~queue=empty~quiet=true~permanent=14705113656926101595~complete=4824488584046715536,primary=5488|5488;uninterrupted=5488|5488;incomplete=5488|5488;duplicate=5488|5488;blocked=5488|5488;stale=5488|5552;cumulative=2304|2304,14758,5552,true,true,pass=true~first_m=2~first_u=2~first_w=713~first_q=true~second_m=2~second_u=2~second_w=753~second_q=true~heldout_o=1~heldout_m=0~heldout_u=0~heldout_w=514~heldout_q=true~coupling=2|2~resistance=6|6~before=2304~after=2304,true,bounded_same_body_memory,none
864007,3710881808515072,true,false,274,formation=learn_twice;complete=all@61;incomplete=omit4@70;blocked=resistance0@61;stale=once_age@111;compact=direct_open_fork_ring@0+aged@10;px7=train@0+10+heldout@20,8,branch_cycle_silence,branch.outward==0 && cycle.outward==0,branch=outward=0~return=0~updates=0~work=54~queue=empty~quiet=true~permanent=16663324669576168533~complete=11118644467230969763~cycle=outward=0~return=0~updates=0~work=17~queue=empty~quiet=true~permanent=14705113656926101595~complete=4824488584046715536,true,formation:outward=2~return=2~updates=12~work=14758~queue=empty~quiet=true~permanent=1958666286413630520~complete=2947841740033507737;completed:outward=1~return=1~updates=1~work=2473~queue=empty~quiet=true~permanent=15806231350778008002~complete=15931896295014758285;incomplete:outward=0~return=0~updates=0~work=1611~queue=empty~quiet=true~permanent=17285871592118745859~complete=8573822908732139125;blocked:outward=0~return=0~updates=0~work=2268~queue=empty~quiet=true~permanent=12044775644177260433~complete=6327078927497631473;stale:outward=0~return=0~updates=0~work=1334~queue=empty~quiet=true~permanent=11655740512221868801~complete=8042815503383473760;duplicate_recursive:outward=1~return=1~updates=1~work=2585~queue=empty~quiet=true~permanent=15806231350778008002~complete=2394672677967202185;zero_length:outward=1~return=0~updates=0~work=16~queue=empty~quiet=true~permanent=8907795536828629889~complete=6421663079351337853;duplicate_physical:outward=1~return=0~updates=0~work=23~queue=empty~quiet=true~permanent=7236599331780131931~complete=5164396539677410262;open:outward=0~return=0~updates=0~work=7~queue=empty~quiet=true~permanent=5684309604599498080~complete=17313618085676407650;aged:outward=0~return=0~updates=0~work=7~queue=empty~quiet=true~permanent=14529705350600407917~complete=11481711981598706597;branch:outward=0~return=0~updates=0~work=54~queue=empty~quiet=true~permanent=16663324669576168533~complete=11118644467230969763;cycle:outward=0~return=0~updates=0~work=17~queue=empty~quiet=true~permanent=14705113656926101595~complete=4824488584046715536,primary=5488|5488;uninterrupted=5488|5488;incomplete=5488|5488;duplicate=5488|5488;blocked=5488|5488;stale=5488|5552;cumulative=2304|2304,14758,5552,true,true,pass=true~first_m=2~first_u=2~first_w=713~first_q=true~second_m=2~second_u=2~second_w=753~second_q=true~heldout_o=1~heldout_m=0~heldout_u=0~heldout_w=514~heldout_q=true~coupling=2|2~resistance=6|6~before=2304~after=2304,true,bounded_same_body_memory,none
864007,3710881808515072,true,false,274,formation=learn_twice;complete=all@61;incomplete=omit4@70;blocked=resistance0@61;stale=once_age@111;compact=direct_open_fork_ring@0+aged@10;px7=train@0+10+heldout@20,9,pause_resume,pause_stable && resume_equal,pause_stable=true~resume_equal=true,true,formation:outward=2~return=2~updates=12~work=14758~queue=empty~quiet=true~permanent=1958666286413630520~complete=2947841740033507737;completed:outward=1~return=1~updates=1~work=2473~queue=empty~quiet=true~permanent=15806231350778008002~complete=15931896295014758285;incomplete:outward=0~return=0~updates=0~work=1611~queue=empty~quiet=true~permanent=17285871592118745859~complete=8573822908732139125;blocked:outward=0~return=0~updates=0~work=2268~queue=empty~quiet=true~permanent=12044775644177260433~complete=6327078927497631473;stale:outward=0~return=0~updates=0~work=1334~queue=empty~quiet=true~permanent=11655740512221868801~complete=8042815503383473760;duplicate_recursive:outward=1~return=1~updates=1~work=2585~queue=empty~quiet=true~permanent=15806231350778008002~complete=2394672677967202185;zero_length:outward=1~return=0~updates=0~work=16~queue=empty~quiet=true~permanent=8907795536828629889~complete=6421663079351337853;duplicate_physical:outward=1~return=0~updates=0~work=23~queue=empty~quiet=true~permanent=7236599331780131931~complete=5164396539677410262;open:outward=0~return=0~updates=0~work=7~queue=empty~quiet=true~permanent=5684309604599498080~complete=17313618085676407650;aged:outward=0~return=0~updates=0~work=7~queue=empty~quiet=true~permanent=14529705350600407917~complete=11481711981598706597;branch:outward=0~return=0~updates=0~work=54~queue=empty~quiet=true~permanent=16663324669576168533~complete=11118644467230969763;cycle:outward=0~return=0~updates=0~work=17~queue=empty~quiet=true~permanent=14705113656926101595~complete=4824488584046715536,primary=5488|5488;uninterrupted=5488|5488;incomplete=5488|5488;duplicate=5488|5488;blocked=5488|5488;stale=5488|5552;cumulative=2304|2304,14758,5552,true,true,pass=true~first_m=2~first_u=2~first_w=713~first_q=true~second_m=2~second_u=2~second_w=753~second_q=true~heldout_o=1~heldout_m=0~heldout_u=0~heldout_w=514~heldout_q=true~coupling=2|2~resistance=6|6~before=2304~after=2304,true,bounded_same_body_memory,none
864007,3710881808515072,true,false,274,formation=learn_twice;complete=all@61;incomplete=omit4@70;blocked=resistance0@61;stale=once_age@111;compact=direct_open_fork_ring@0+aged@10;px7=train@0+10+heldout@20,10,natural_quiescence,all queues empty and naturally quiescent,quiet=true~queue=empty,true,formation:outward=2~return=2~updates=12~work=14758~queue=empty~quiet=true~permanent=1958666286413630520~complete=2947841740033507737;completed:outward=1~return=1~updates=1~work=2473~queue=empty~quiet=true~permanent=15806231350778008002~complete=15931896295014758285;incomplete:outward=0~return=0~updates=0~work=1611~queue=empty~quiet=true~permanent=17285871592118745859~complete=8573822908732139125;blocked:outward=0~return=0~updates=0~work=2268~queue=empty~quiet=true~permanent=12044775644177260433~complete=6327078927497631473;stale:outward=0~return=0~updates=0~work=1334~queue=empty~quiet=true~permanent=11655740512221868801~complete=8042815503383473760;duplicate_recursive:outward=1~return=1~updates=1~work=2585~queue=empty~quiet=true~permanent=15806231350778008002~complete=2394672677967202185;zero_length:outward=1~return=0~updates=0~work=16~queue=empty~quiet=true~permanent=8907795536828629889~complete=6421663079351337853;duplicate_physical:outward=1~return=0~updates=0~work=23~queue=empty~quiet=true~permanent=7236599331780131931~complete=5164396539677410262;open:outward=0~return=0~updates=0~work=7~queue=empty~quiet=true~permanent=5684309604599498080~complete=17313618085676407650;aged:outward=0~return=0~updates=0~work=7~queue=empty~quiet=true~permanent=14529705350600407917~complete=11481711981598706597;branch:outward=0~return=0~updates=0~work=54~queue=empty~quiet=true~permanent=16663324669576168533~complete=11118644467230969763;cycle:outward=0~return=0~updates=0~work=17~queue=empty~quiet=true~permanent=14705113656926101595~complete=4824488584046715536,primary=5488|5488;uninterrupted=5488|5488;incomplete=5488|5488;duplicate=5488|5488;blocked=5488|5488;stale=5488|5552;cumulative=2304|2304,14758,5552,true,true,pass=true~first_m=2~first_u=2~first_w=713~first_q=true~second_m=2~second_u=2~second_w=753~second_q=true~heldout_o=1~heldout_m=0~heldout_u=0~heldout_w=514~heldout_q=true~coupling=2|2~resistance=6|6~before=2304~after=2304,true,bounded_same_body_memory,none
864007,3710881808515072,true,false,274,formation=learn_twice;complete=all@61;incomplete=omit4@70;blocked=resistance0@61;stale=once_age@111;compact=direct_open_fork_ring@0+aged@10;px7=train@0+10+heldout@20,11,bounded_work,maximum_work<=20000,maximum_work=14758,true,formation:outward=2~return=2~updates=12~work=14758~queue=empty~quiet=true~permanent=1958666286413630520~complete=2947841740033507737;completed:outward=1~return=1~updates=1~work=2473~queue=empty~quiet=true~permanent=15806231350778008002~complete=15931896295014758285;incomplete:outward=0~return=0~updates=0~work=1611~queue=empty~quiet=true~permanent=17285871592118745859~complete=8573822908732139125;blocked:outward=0~return=0~updates=0~work=2268~queue=empty~quiet=true~permanent=12044775644177260433~complete=6327078927497631473;stale:outward=0~return=0~updates=0~work=1334~queue=empty~quiet=true~permanent=11655740512221868801~complete=8042815503383473760;duplicate_recursive:outward=1~return=1~updates=1~work=2585~queue=empty~quiet=true~permanent=15806231350778008002~complete=2394672677967202185;zero_length:outward=1~return=0~updates=0~work=16~queue=empty~quiet=true~permanent=8907795536828629889~complete=6421663079351337853;duplicate_physical:outward=1~return=0~updates=0~work=23~queue=empty~quiet=true~permanent=7236599331780131931~complete=5164396539677410262;open:outward=0~return=0~updates=0~work=7~queue=empty~quiet=true~permanent=5684309604599498080~complete=17313618085676407650;aged:outward=0~return=0~updates=0~work=7~queue=empty~quiet=true~permanent=14529705350600407917~complete=11481711981598706597;branch:outward=0~return=0~updates=0~work=54~queue=empty~quiet=true~permanent=16663324669576168533~complete=11118644467230969763;cycle:outward=0~return=0~updates=0~work=17~queue=empty~quiet=true~permanent=14705113656926101595~complete=4824488584046715536,primary=5488|5488;uninterrupted=5488|5488;incomplete=5488|5488;duplicate=5488|5488;blocked=5488|5488;stale=5488|5552;cumulative=2304|2304,14758,5552,true,true,pass=true~first_m=2~first_u=2~first_w=713~first_q=true~second_m=2~second_u=2~second_w=753~second_q=true~heldout_o=1~heldout_m=0~heldout_u=0~heldout_w=514~heldout_q=true~coupling=2|2~resistance=6|6~before=2304~after=2304,true,bounded_same_body_memory,none
864007,3710881808515072,true,false,274,formation=learn_twice;complete=all@61;incomplete=omit4@70;blocked=resistance0@61;stale=once_age@111;compact=direct_open_fork_ring@0+aged@10;px7=train@0+10+heldout@20,12,bounded_same_body_memory,maximum_bytes<=8192 && all seven before==after,maximum_bytes=5552~pairs=primary=5488|5488;uninterrupted=5488|5488;incomplete=5488|5488;duplicate=5488|5488;blocked=5488|5488;stale=5488|5552;cumulative=2304|2304~stable=false,false,formation:outward=2~return=2~updates=12~work=14758~queue=empty~quiet=true~permanent=1958666286413630520~complete=2947841740033507737;completed:outward=1~return=1~updates=1~work=2473~queue=empty~quiet=true~permanent=15806231350778008002~complete=15931896295014758285;incomplete:outward=0~return=0~updates=0~work=1611~queue=empty~quiet=true~permanent=17285871592118745859~complete=8573822908732139125;blocked:outward=0~return=0~updates=0~work=2268~queue=empty~quiet=true~permanent=12044775644177260433~complete=6327078927497631473;stale:outward=0~return=0~updates=0~work=1334~queue=empty~quiet=true~permanent=11655740512221868801~complete=8042815503383473760;duplicate_recursive:outward=1~return=1~updates=1~work=2585~queue=empty~quiet=true~permanent=15806231350778008002~complete=2394672677967202185;zero_length:outward=1~return=0~updates=0~work=16~queue=empty~quiet=true~permanent=8907795536828629889~complete=6421663079351337853;duplicate_physical:outward=1~return=0~updates=0~work=23~queue=empty~quiet=true~permanent=7236599331780131931~complete=5164396539677410262;open:outward=0~return=0~updates=0~work=7~queue=empty~quiet=true~permanent=5684309604599498080~complete=17313618085676407650;aged:outward=0~return=0~updates=0~work=7~queue=empty~quiet=true~permanent=14529705350600407917~complete=11481711981598706597;branch:outward=0~return=0~updates=0~work=54~queue=empty~quiet=true~permanent=16663324669576168533~complete=11118644467230969763;cycle:outward=0~return=0~updates=0~work=17~queue=empty~quiet=true~permanent=14705113656926101595~complete=4824488584046715536,primary=5488|5488;uninterrupted=5488|5488;incomplete=5488|5488;duplicate=5488|5488;blocked=5488|5488;stale=5488|5552;cumulative=2304|2304,14758,5552,true,true,pass=true~first_m=2~first_u=2~first_w=713~first_q=true~second_m=2~second_u=2~second_w=753~second_q=true~heldout_o=1~heldout_m=0~heldout_u=0~heldout_w=514~heldout_q=true~coupling=2|2~resistance=6|6~before=2304~after=2304,true,bounded_same_body_memory,none
864007,3710881808515072,true,false,274,formation=learn_twice;complete=all@61;incomplete=omit4@70;blocked=resistance0@61;stale=once_age@111;compact=direct_open_fork_ring@0+aged@10;px7=train@0+10+heldout@20,13,cumulative_px0_px7_lrc,PX7 training/heldout/return/quiet/stability pass,pass=true~first_m=2~first_u=2~first_w=713~first_q=true~second_m=2~second_u=2~second_w=753~second_q=true~heldout_o=1~heldout_m=0~heldout_u=0~heldout_w=514~heldout_q=true~coupling=2|2~resistance=6|6~before=2304~after=2304,true,formation:outward=2~return=2~updates=12~work=14758~queue=empty~quiet=true~permanent=1958666286413630520~complete=2947841740033507737;completed:outward=1~return=1~updates=1~work=2473~queue=empty~quiet=true~permanent=15806231350778008002~complete=15931896295014758285;incomplete:outward=0~return=0~updates=0~work=1611~queue=empty~quiet=true~permanent=17285871592118745859~complete=8573822908732139125;blocked:outward=0~return=0~updates=0~work=2268~queue=empty~quiet=true~permanent=12044775644177260433~complete=6327078927497631473;stale:outward=0~return=0~updates=0~work=1334~queue=empty~quiet=true~permanent=11655740512221868801~complete=8042815503383473760;duplicate_recursive:outward=1~return=1~updates=1~work=2585~queue=empty~quiet=true~permanent=15806231350778008002~complete=2394672677967202185;zero_length:outward=1~return=0~updates=0~work=16~queue=empty~quiet=true~permanent=8907795536828629889~complete=6421663079351337853;duplicate_physical:outward=1~return=0~updates=0~work=23~queue=empty~quiet=true~permanent=7236599331780131931~complete=5164396539677410262;open:outward=0~return=0~updates=0~work=7~queue=empty~quiet=true~permanent=5684309604599498080~complete=17313618085676407650;aged:outward=0~return=0~updates=0~work=7~queue=empty~quiet=true~permanent=14529705350600407917~complete=11481711981598706597;branch:outward=0~return=0~updates=0~work=54~queue=empty~quiet=true~permanent=16663324669576168533~complete=11118644467230969763;cycle:outward=0~return=0~updates=0~work=17~queue=empty~quiet=true~permanent=14705113656926101595~complete=4824488584046715536,primary=5488|5488;uninterrupted=5488|5488;incomplete=5488|5488;duplicate=5488|5488;blocked=5488|5488;stale=5488|5552;cumulative=2304|2304,14758,5552,true,true,pass=true~first_m=2~first_u=2~first_w=713~first_q=true~second_m=2~second_u=2~second_w=753~second_q=true~heldout_o=1~heldout_m=0~heldout_u=0~heldout_w=514~heldout_q=true~coupling=2|2~resistance=6|6~before=2304~after=2304,true,bounded_same_body_memory,none
864007,3710881808515072,true,false,274,formation=learn_twice;complete=all@61;incomplete=omit4@70;blocked=resistance0@61;stale=once_age@111;compact=direct_open_fork_ring@0+aged@10;px7=train@0+10+heldout@20,14,exact_replay,independent Trial values exactly equal,exact=true~first_divergence=none,true,formation:outward=2~return=2~updates=12~work=14758~queue=empty~quiet=true~permanent=1958666286413630520~complete=2947841740033507737;completed:outward=1~return=1~updates=1~work=2473~queue=empty~quiet=true~permanent=15806231350778008002~complete=15931896295014758285;incomplete:outward=0~return=0~updates=0~work=1611~queue=empty~quiet=true~permanent=17285871592118745859~complete=8573822908732139125;blocked:outward=0~return=0~updates=0~work=2268~queue=empty~quiet=true~permanent=12044775644177260433~complete=6327078927497631473;stale:outward=0~return=0~updates=0~work=1334~queue=empty~quiet=true~permanent=11655740512221868801~complete=8042815503383473760;duplicate_recursive:outward=1~return=1~updates=1~work=2585~queue=empty~quiet=true~permanent=15806231350778008002~complete=2394672677967202185;zero_length:outward=1~return=0~updates=0~work=16~queue=empty~quiet=true~permanent=8907795536828629889~complete=6421663079351337853;duplicate_physical:outward=1~return=0~updates=0~work=23~queue=empty~quiet=true~permanent=7236599331780131931~complete=5164396539677410262;open:outward=0~return=0~updates=0~work=7~queue=empty~quiet=true~permanent=5684309604599498080~complete=17313618085676407650;aged:outward=0~return=0~updates=0~work=7~queue=empty~quiet=true~permanent=14529705350600407917~complete=11481711981598706597;branch:outward=0~return=0~updates=0~work=54~queue=empty~quiet=true~permanent=16663324669576168533~complete=11118644467230969763;cycle:outward=0~return=0~updates=0~work=17~queue=empty~quiet=true~permanent=14705113656926101595~complete=4824488584046715536,primary=5488|5488;uninterrupted=5488|5488;incomplete=5488|5488;duplicate=5488|5488;blocked=5488|5488;stale=5488|5552;cumulative=2304|2304,14758,5552,true,true,pass=true~first_m=2~first_u=2~first_w=713~first_q=true~second_m=2~second_u=2~second_w=753~second_q=true~heldout_o=1~heldout_m=0~heldout_u=0~heldout_w=514~heldout_q=true~coupling=2|2~resistance=6|6~before=2304~after=2304,true,bounded_same_body_memory,none
864008,3710886103482368,true,false,411,formation=learn_twice;complete=all@61;incomplete=omit4@70;blocked=resistance0@61;stale=once_age@111;compact=direct_open_fork_ring@0+aged@10;px7=train@0+10+heldout@20,1,formation_modulation_and_updates,formation.updates>0 && formation.inward_modulation>0,outward=2~return=2~updates=12~work=14762~queue=empty~quiet=true~permanent=14524877071286287748~complete=17934155810621343261,true,formation:outward=2~return=2~updates=12~work=14762~queue=empty~quiet=true~permanent=14524877071286287748~complete=17934155810621343261;completed:outward=1~return=1~updates=1~work=2473~queue=empty~quiet=true~permanent=13725729499179668526~complete=10646236518544693261;incomplete:outward=0~return=0~updates=0~work=1611~queue=empty~quiet=true~permanent=685528482979757767~complete=11120163689228440189;blocked:outward=0~return=0~updates=0~work=2268~queue=empty~quiet=true~permanent=10480278437645407393~complete=876752885866997517;stale:outward=0~return=0~updates=0~work=1334~queue=empty~quiet=true~permanent=17177159547635692027~complete=8610261088130530492;duplicate_recursive:outward=1~return=1~updates=1~work=2585~queue=empty~quiet=true~permanent=13725729499179668526~complete=15555756975206688777;zero_length:outward=1~return=0~updates=0~work=16~queue=empty~quiet=true~permanent=16650968510817229335~complete=11185116629072425483;duplicate_physical:outward=1~return=0~updates=0~work=23~queue=empty~quiet=true~permanent=7215308251684114857~complete=16681184851566136180;open:outward=0~return=0~updates=0~work=7~queue=empty~quiet=true~permanent=11139229627655992658~complete=17323716255756644796;aged:outward=0~return=0~updates=0~work=7~queue=empty~quiet=true~permanent=2524040453316389643~complete=14943788070698401487;branch:outward=0~return=0~updates=0~work=54~queue=empty~quiet=true~permanent=15689490334012823596~complete=881208048719138890;cycle:outward=0~return=0~updates=0~work=17~queue=empty~quiet=true~permanent=8293400613669386819~complete=2101721657645051360,primary=5488|5488;uninterrupted=5488|5488;incomplete=5488|5488;duplicate=5488|5488;blocked=5488|5488;stale=5488|5552;cumulative=2304|2304,14762,5552,true,true,pass=true~first_m=2~first_u=2~first_w=713~first_q=true~second_m=2~second_u=2~second_w=753~second_q=true~heldout_o=1~heldout_m=0~heldout_u=0~heldout_w=514~heldout_q=true~coupling=2|2~resistance=6|6~before=2304~after=2304,true,bounded_same_body_memory,none
864008,3710886103482368,true,false,411,formation=learn_twice;complete=all@61;incomplete=omit4@70;blocked=resistance0@61;stale=once_age@111;compact=direct_open_fork_ring@0+aged@10;px7=train@0+10+heldout@20,2,completed_exactly_once,completed.outward==1,outward=1~return=1~updates=1~work=2473~queue=empty~quiet=true~permanent=13725729499179668526~complete=10646236518544693261,true,formation:outward=2~return=2~updates=12~work=14762~queue=empty~quiet=true~permanent=14524877071286287748~complete=17934155810621343261;completed:outward=1~return=1~updates=1~work=2473~queue=empty~quiet=true~permanent=13725729499179668526~complete=10646236518544693261;incomplete:outward=0~return=0~updates=0~work=1611~queue=empty~quiet=true~permanent=685528482979757767~complete=11120163689228440189;blocked:outward=0~return=0~updates=0~work=2268~queue=empty~quiet=true~permanent=10480278437645407393~complete=876752885866997517;stale:outward=0~return=0~updates=0~work=1334~queue=empty~quiet=true~permanent=17177159547635692027~complete=8610261088130530492;duplicate_recursive:outward=1~return=1~updates=1~work=2585~queue=empty~quiet=true~permanent=13725729499179668526~complete=15555756975206688777;zero_length:outward=1~return=0~updates=0~work=16~queue=empty~quiet=true~permanent=16650968510817229335~complete=11185116629072425483;duplicate_physical:outward=1~return=0~updates=0~work=23~queue=empty~quiet=true~permanent=7215308251684114857~complete=16681184851566136180;open:outward=0~return=0~updates=0~work=7~queue=empty~quiet=true~permanent=11139229627655992658~complete=17323716255756644796;aged:outward=0~return=0~updates=0~work=7~queue=empty~quiet=true~permanent=2524040453316389643~complete=14943788070698401487;branch:outward=0~return=0~updates=0~work=54~queue=empty~quiet=true~permanent=15689490334012823596~complete=881208048719138890;cycle:outward=0~return=0~updates=0~work=17~queue=empty~quiet=true~permanent=8293400613669386819~complete=2101721657645051360,primary=5488|5488;uninterrupted=5488|5488;incomplete=5488|5488;duplicate=5488|5488;blocked=5488|5488;stale=5488|5552;cumulative=2304|2304,14762,5552,true,true,pass=true~first_m=2~first_u=2~first_w=713~first_q=true~second_m=2~second_u=2~second_w=753~second_q=true~heldout_o=1~heldout_m=0~heldout_u=0~heldout_w=514~heldout_q=true~coupling=2|2~resistance=6|6~before=2304~after=2304,true,bounded_same_body_memory,none
864008,3710886103482368,true,false,411,formation=learn_twice;complete=all@61;incomplete=omit4@70;blocked=resistance0@61;stale=once_age@111;compact=direct_open_fork_ring@0+aged@10;px7=train@0+10+heldout@20,3,completed_return_and_update,completed.return==1 && completed.updates==1,outward=1~return=1~updates=1~work=2473~queue=empty~quiet=true~permanent=13725729499179668526~complete=10646236518544693261,true,formation:outward=2~return=2~updates=12~work=14762~queue=empty~quiet=true~permanent=14524877071286287748~complete=17934155810621343261;completed:outward=1~return=1~updates=1~work=2473~queue=empty~quiet=true~permanent=13725729499179668526~complete=10646236518544693261;incomplete:outward=0~return=0~updates=0~work=1611~queue=empty~quiet=true~permanent=685528482979757767~complete=11120163689228440189;blocked:outward=0~return=0~updates=0~work=2268~queue=empty~quiet=true~permanent=10480278437645407393~complete=876752885866997517;stale:outward=0~return=0~updates=0~work=1334~queue=empty~quiet=true~permanent=17177159547635692027~complete=8610261088130530492;duplicate_recursive:outward=1~return=1~updates=1~work=2585~queue=empty~quiet=true~permanent=13725729499179668526~complete=15555756975206688777;zero_length:outward=1~return=0~updates=0~work=16~queue=empty~quiet=true~permanent=16650968510817229335~complete=11185116629072425483;duplicate_physical:outward=1~return=0~updates=0~work=23~queue=empty~quiet=true~permanent=7215308251684114857~complete=16681184851566136180;open:outward=0~return=0~updates=0~work=7~queue=empty~quiet=true~permanent=11139229627655992658~complete=17323716255756644796;aged:outward=0~return=0~updates=0~work=7~queue=empty~quiet=true~permanent=2524040453316389643~complete=14943788070698401487;branch:outward=0~return=0~updates=0~work=54~queue=empty~quiet=true~permanent=15689490334012823596~complete=881208048719138890;cycle:outward=0~return=0~updates=0~work=17~queue=empty~quiet=true~permanent=8293400613669386819~complete=2101721657645051360,primary=5488|5488;uninterrupted=5488|5488;incomplete=5488|5488;duplicate=5488|5488;blocked=5488|5488;stale=5488|5552;cumulative=2304|2304,14762,5552,true,true,pass=true~first_m=2~first_u=2~first_w=713~first_q=true~second_m=2~second_u=2~second_w=753~second_q=true~heldout_o=1~heldout_m=0~heldout_u=0~heldout_w=514~heldout_q=true~coupling=2|2~resistance=6|6~before=2304~after=2304,true,bounded_same_body_memory,none
864008,3710886103482368,true,false,411,formation=learn_twice;complete=all@61;incomplete=omit4@70;blocked=resistance0@61;stale=once_age@111;compact=direct_open_fork_ring@0+aged@10;px7=train@0+10+heldout@20,4,incomplete_blocked_stale_silence,incomplete.outward==0 && blocked.outward==0 && stale.outward==0,incomplete=outward=0~return=0~updates=0~work=1611~queue=empty~quiet=true~permanent=685528482979757767~complete=11120163689228440189~blocked=outward=0~return=0~updates=0~work=2268~queue=empty~quiet=true~permanent=10480278437645407393~complete=876752885866997517~stale=outward=0~return=0~updates=0~work=1334~queue=empty~quiet=true~permanent=17177159547635692027~complete=8610261088130530492,true,formation:outward=2~return=2~updates=12~work=14762~queue=empty~quiet=true~permanent=14524877071286287748~complete=17934155810621343261;completed:outward=1~return=1~updates=1~work=2473~queue=empty~quiet=true~permanent=13725729499179668526~complete=10646236518544693261;incomplete:outward=0~return=0~updates=0~work=1611~queue=empty~quiet=true~permanent=685528482979757767~complete=11120163689228440189;blocked:outward=0~return=0~updates=0~work=2268~queue=empty~quiet=true~permanent=10480278437645407393~complete=876752885866997517;stale:outward=0~return=0~updates=0~work=1334~queue=empty~quiet=true~permanent=17177159547635692027~complete=8610261088130530492;duplicate_recursive:outward=1~return=1~updates=1~work=2585~queue=empty~quiet=true~permanent=13725729499179668526~complete=15555756975206688777;zero_length:outward=1~return=0~updates=0~work=16~queue=empty~quiet=true~permanent=16650968510817229335~complete=11185116629072425483;duplicate_physical:outward=1~return=0~updates=0~work=23~queue=empty~quiet=true~permanent=7215308251684114857~complete=16681184851566136180;open:outward=0~return=0~updates=0~work=7~queue=empty~quiet=true~permanent=11139229627655992658~complete=17323716255756644796;aged:outward=0~return=0~updates=0~work=7~queue=empty~quiet=true~permanent=2524040453316389643~complete=14943788070698401487;branch:outward=0~return=0~updates=0~work=54~queue=empty~quiet=true~permanent=15689490334012823596~complete=881208048719138890;cycle:outward=0~return=0~updates=0~work=17~queue=empty~quiet=true~permanent=8293400613669386819~complete=2101721657645051360,primary=5488|5488;uninterrupted=5488|5488;incomplete=5488|5488;duplicate=5488|5488;blocked=5488|5488;stale=5488|5552;cumulative=2304|2304,14762,5552,true,true,pass=true~first_m=2~first_u=2~first_w=713~first_q=true~second_m=2~second_u=2~second_w=753~second_q=true~heldout_o=1~heldout_m=0~heldout_u=0~heldout_w=514~heldout_q=true~coupling=2|2~resistance=6|6~before=2304~after=2304,true,bounded_same_body_memory,none
864008,3710886103482368,true,false,411,formation=learn_twice;complete=all@61;incomplete=omit4@70;blocked=resistance0@61;stale=once_age@111;compact=direct_open_fork_ring@0+aged@10;px7=train@0+10+heldout@20,5,open_aged_silence,open.outward==0 && aged.outward==0,open=outward=0~return=0~updates=0~work=7~queue=empty~quiet=true~permanent=11139229627655992658~complete=17323716255756644796~aged=outward=0~return=0~updates=0~work=7~queue=empty~quiet=true~permanent=2524040453316389643~complete=14943788070698401487,true,formation:outward=2~return=2~updates=12~work=14762~queue=empty~quiet=true~permanent=14524877071286287748~complete=17934155810621343261;completed:outward=1~return=1~updates=1~work=2473~queue=empty~quiet=true~permanent=13725729499179668526~complete=10646236518544693261;incomplete:outward=0~return=0~updates=0~work=1611~queue=empty~quiet=true~permanent=685528482979757767~complete=11120163689228440189;blocked:outward=0~return=0~updates=0~work=2268~queue=empty~quiet=true~permanent=10480278437645407393~complete=876752885866997517;stale:outward=0~return=0~updates=0~work=1334~queue=empty~quiet=true~permanent=17177159547635692027~complete=8610261088130530492;duplicate_recursive:outward=1~return=1~updates=1~work=2585~queue=empty~quiet=true~permanent=13725729499179668526~complete=15555756975206688777;zero_length:outward=1~return=0~updates=0~work=16~queue=empty~quiet=true~permanent=16650968510817229335~complete=11185116629072425483;duplicate_physical:outward=1~return=0~updates=0~work=23~queue=empty~quiet=true~permanent=7215308251684114857~complete=16681184851566136180;open:outward=0~return=0~updates=0~work=7~queue=empty~quiet=true~permanent=11139229627655992658~complete=17323716255756644796;aged:outward=0~return=0~updates=0~work=7~queue=empty~quiet=true~permanent=2524040453316389643~complete=14943788070698401487;branch:outward=0~return=0~updates=0~work=54~queue=empty~quiet=true~permanent=15689490334012823596~complete=881208048719138890;cycle:outward=0~return=0~updates=0~work=17~queue=empty~quiet=true~permanent=8293400613669386819~complete=2101721657645051360,primary=5488|5488;uninterrupted=5488|5488;incomplete=5488|5488;duplicate=5488|5488;blocked=5488|5488;stale=5488|5552;cumulative=2304|2304,14762,5552,true,true,pass=true~first_m=2~first_u=2~first_w=713~first_q=true~second_m=2~second_u=2~second_w=753~second_q=true~heldout_o=1~heldout_m=0~heldout_u=0~heldout_w=514~heldout_q=true~coupling=2|2~resistance=6|6~before=2304~after=2304,true,bounded_same_body_memory,none
864008,3710886103482368,true,false,411,formation=learn_twice;complete=all@61;incomplete=omit4@70;blocked=resistance0@61;stale=once_age@111;compact=direct_open_fork_ring@0+aged@10;px7=train@0+10+heldout@20,6,zero_length_exactly_once,zero_length.outward==1,outward=1~return=0~updates=0~work=16~queue=empty~quiet=true~permanent=16650968510817229335~complete=11185116629072425483,true,formation:outward=2~return=2~updates=12~work=14762~queue=empty~quiet=true~permanent=14524877071286287748~complete=17934155810621343261;completed:outward=1~return=1~updates=1~work=2473~queue=empty~quiet=true~permanent=13725729499179668526~complete=10646236518544693261;incomplete:outward=0~return=0~updates=0~work=1611~queue=empty~quiet=true~permanent=685528482979757767~complete=11120163689228440189;blocked:outward=0~return=0~updates=0~work=2268~queue=empty~quiet=true~permanent=10480278437645407393~complete=876752885866997517;stale:outward=0~return=0~updates=0~work=1334~queue=empty~quiet=true~permanent=17177159547635692027~complete=8610261088130530492;duplicate_recursive:outward=1~return=1~updates=1~work=2585~queue=empty~quiet=true~permanent=13725729499179668526~complete=15555756975206688777;zero_length:outward=1~return=0~updates=0~work=16~queue=empty~quiet=true~permanent=16650968510817229335~complete=11185116629072425483;duplicate_physical:outward=1~return=0~updates=0~work=23~queue=empty~quiet=true~permanent=7215308251684114857~complete=16681184851566136180;open:outward=0~return=0~updates=0~work=7~queue=empty~quiet=true~permanent=11139229627655992658~complete=17323716255756644796;aged:outward=0~return=0~updates=0~work=7~queue=empty~quiet=true~permanent=2524040453316389643~complete=14943788070698401487;branch:outward=0~return=0~updates=0~work=54~queue=empty~quiet=true~permanent=15689490334012823596~complete=881208048719138890;cycle:outward=0~return=0~updates=0~work=17~queue=empty~quiet=true~permanent=8293400613669386819~complete=2101721657645051360,primary=5488|5488;uninterrupted=5488|5488;incomplete=5488|5488;duplicate=5488|5488;blocked=5488|5488;stale=5488|5552;cumulative=2304|2304,14762,5552,true,true,pass=true~first_m=2~first_u=2~first_w=713~first_q=true~second_m=2~second_u=2~second_w=753~second_q=true~heldout_o=1~heldout_m=0~heldout_u=0~heldout_w=514~heldout_q=true~coupling=2|2~resistance=6|6~before=2304~after=2304,true,bounded_same_body_memory,none
864008,3710886103482368,true,false,411,formation=learn_twice;complete=all@61;incomplete=omit4@70;blocked=resistance0@61;stale=once_age@111;compact=direct_open_fork_ring@0+aged@10;px7=train@0+10+heldout@20,7,duplicates_exactly_once,duplicate_physical.outward==1 && duplicate_recursive.outward==1,physical=outward=1~return=0~updates=0~work=23~queue=empty~quiet=true~permanent=7215308251684114857~complete=16681184851566136180~recursive=outward=1~return=1~updates=1~work=2585~queue=empty~quiet=true~permanent=13725729499179668526~complete=15555756975206688777,true,formation:outward=2~return=2~updates=12~work=14762~queue=empty~quiet=true~permanent=14524877071286287748~complete=17934155810621343261;completed:outward=1~return=1~updates=1~work=2473~queue=empty~quiet=true~permanent=13725729499179668526~complete=10646236518544693261;incomplete:outward=0~return=0~updates=0~work=1611~queue=empty~quiet=true~permanent=685528482979757767~complete=11120163689228440189;blocked:outward=0~return=0~updates=0~work=2268~queue=empty~quiet=true~permanent=10480278437645407393~complete=876752885866997517;stale:outward=0~return=0~updates=0~work=1334~queue=empty~quiet=true~permanent=17177159547635692027~complete=8610261088130530492;duplicate_recursive:outward=1~return=1~updates=1~work=2585~queue=empty~quiet=true~permanent=13725729499179668526~complete=15555756975206688777;zero_length:outward=1~return=0~updates=0~work=16~queue=empty~quiet=true~permanent=16650968510817229335~complete=11185116629072425483;duplicate_physical:outward=1~return=0~updates=0~work=23~queue=empty~quiet=true~permanent=7215308251684114857~complete=16681184851566136180;open:outward=0~return=0~updates=0~work=7~queue=empty~quiet=true~permanent=11139229627655992658~complete=17323716255756644796;aged:outward=0~return=0~updates=0~work=7~queue=empty~quiet=true~permanent=2524040453316389643~complete=14943788070698401487;branch:outward=0~return=0~updates=0~work=54~queue=empty~quiet=true~permanent=15689490334012823596~complete=881208048719138890;cycle:outward=0~return=0~updates=0~work=17~queue=empty~quiet=true~permanent=8293400613669386819~complete=2101721657645051360,primary=5488|5488;uninterrupted=5488|5488;incomplete=5488|5488;duplicate=5488|5488;blocked=5488|5488;stale=5488|5552;cumulative=2304|2304,14762,5552,true,true,pass=true~first_m=2~first_u=2~first_w=713~first_q=true~second_m=2~second_u=2~second_w=753~second_q=true~heldout_o=1~heldout_m=0~heldout_u=0~heldout_w=514~heldout_q=true~coupling=2|2~resistance=6|6~before=2304~after=2304,true,bounded_same_body_memory,none
864008,3710886103482368,true,false,411,formation=learn_twice;complete=all@61;incomplete=omit4@70;blocked=resistance0@61;stale=once_age@111;compact=direct_open_fork_ring@0+aged@10;px7=train@0+10+heldout@20,8,branch_cycle_silence,branch.outward==0 && cycle.outward==0,branch=outward=0~return=0~updates=0~work=54~queue=empty~quiet=true~permanent=15689490334012823596~complete=881208048719138890~cycle=outward=0~return=0~updates=0~work=17~queue=empty~quiet=true~permanent=8293400613669386819~complete=2101721657645051360,true,formation:outward=2~return=2~updates=12~work=14762~queue=empty~quiet=true~permanent=14524877071286287748~complete=17934155810621343261;completed:outward=1~return=1~updates=1~work=2473~queue=empty~quiet=true~permanent=13725729499179668526~complete=10646236518544693261;incomplete:outward=0~return=0~updates=0~work=1611~queue=empty~quiet=true~permanent=685528482979757767~complete=11120163689228440189;blocked:outward=0~return=0~updates=0~work=2268~queue=empty~quiet=true~permanent=10480278437645407393~complete=876752885866997517;stale:outward=0~return=0~updates=0~work=1334~queue=empty~quiet=true~permanent=17177159547635692027~complete=8610261088130530492;duplicate_recursive:outward=1~return=1~updates=1~work=2585~queue=empty~quiet=true~permanent=13725729499179668526~complete=15555756975206688777;zero_length:outward=1~return=0~updates=0~work=16~queue=empty~quiet=true~permanent=16650968510817229335~complete=11185116629072425483;duplicate_physical:outward=1~return=0~updates=0~work=23~queue=empty~quiet=true~permanent=7215308251684114857~complete=16681184851566136180;open:outward=0~return=0~updates=0~work=7~queue=empty~quiet=true~permanent=11139229627655992658~complete=17323716255756644796;aged:outward=0~return=0~updates=0~work=7~queue=empty~quiet=true~permanent=2524040453316389643~complete=14943788070698401487;branch:outward=0~return=0~updates=0~work=54~queue=empty~quiet=true~permanent=15689490334012823596~complete=881208048719138890;cycle:outward=0~return=0~updates=0~work=17~queue=empty~quiet=true~permanent=8293400613669386819~complete=2101721657645051360,primary=5488|5488;uninterrupted=5488|5488;incomplete=5488|5488;duplicate=5488|5488;blocked=5488|5488;stale=5488|5552;cumulative=2304|2304,14762,5552,true,true,pass=true~first_m=2~first_u=2~first_w=713~first_q=true~second_m=2~second_u=2~second_w=753~second_q=true~heldout_o=1~heldout_m=0~heldout_u=0~heldout_w=514~heldout_q=true~coupling=2|2~resistance=6|6~before=2304~after=2304,true,bounded_same_body_memory,none
864008,3710886103482368,true,false,411,formation=learn_twice;complete=all@61;incomplete=omit4@70;blocked=resistance0@61;stale=once_age@111;compact=direct_open_fork_ring@0+aged@10;px7=train@0+10+heldout@20,9,pause_resume,pause_stable && resume_equal,pause_stable=true~resume_equal=true,true,formation:outward=2~return=2~updates=12~work=14762~queue=empty~quiet=true~permanent=14524877071286287748~complete=17934155810621343261;completed:outward=1~return=1~updates=1~work=2473~queue=empty~quiet=true~permanent=13725729499179668526~complete=10646236518544693261;incomplete:outward=0~return=0~updates=0~work=1611~queue=empty~quiet=true~permanent=685528482979757767~complete=11120163689228440189;blocked:outward=0~return=0~updates=0~work=2268~queue=empty~quiet=true~permanent=10480278437645407393~complete=876752885866997517;stale:outward=0~return=0~updates=0~work=1334~queue=empty~quiet=true~permanent=17177159547635692027~complete=8610261088130530492;duplicate_recursive:outward=1~return=1~updates=1~work=2585~queue=empty~quiet=true~permanent=13725729499179668526~complete=15555756975206688777;zero_length:outward=1~return=0~updates=0~work=16~queue=empty~quiet=true~permanent=16650968510817229335~complete=11185116629072425483;duplicate_physical:outward=1~return=0~updates=0~work=23~queue=empty~quiet=true~permanent=7215308251684114857~complete=16681184851566136180;open:outward=0~return=0~updates=0~work=7~queue=empty~quiet=true~permanent=11139229627655992658~complete=17323716255756644796;aged:outward=0~return=0~updates=0~work=7~queue=empty~quiet=true~permanent=2524040453316389643~complete=14943788070698401487;branch:outward=0~return=0~updates=0~work=54~queue=empty~quiet=true~permanent=15689490334012823596~complete=881208048719138890;cycle:outward=0~return=0~updates=0~work=17~queue=empty~quiet=true~permanent=8293400613669386819~complete=2101721657645051360,primary=5488|5488;uninterrupted=5488|5488;incomplete=5488|5488;duplicate=5488|5488;blocked=5488|5488;stale=5488|5552;cumulative=2304|2304,14762,5552,true,true,pass=true~first_m=2~first_u=2~first_w=713~first_q=true~second_m=2~second_u=2~second_w=753~second_q=true~heldout_o=1~heldout_m=0~heldout_u=0~heldout_w=514~heldout_q=true~coupling=2|2~resistance=6|6~before=2304~after=2304,true,bounded_same_body_memory,none
864008,3710886103482368,true,false,411,formation=learn_twice;complete=all@61;incomplete=omit4@70;blocked=resistance0@61;stale=once_age@111;compact=direct_open_fork_ring@0+aged@10;px7=train@0+10+heldout@20,10,natural_quiescence,all queues empty and naturally quiescent,quiet=true~queue=empty,true,formation:outward=2~return=2~updates=12~work=14762~queue=empty~quiet=true~permanent=14524877071286287748~complete=17934155810621343261;completed:outward=1~return=1~updates=1~work=2473~queue=empty~quiet=true~permanent=13725729499179668526~complete=10646236518544693261;incomplete:outward=0~return=0~updates=0~work=1611~queue=empty~quiet=true~permanent=685528482979757767~complete=11120163689228440189;blocked:outward=0~return=0~updates=0~work=2268~queue=empty~quiet=true~permanent=10480278437645407393~complete=876752885866997517;stale:outward=0~return=0~updates=0~work=1334~queue=empty~quiet=true~permanent=17177159547635692027~complete=8610261088130530492;duplicate_recursive:outward=1~return=1~updates=1~work=2585~queue=empty~quiet=true~permanent=13725729499179668526~complete=15555756975206688777;zero_length:outward=1~return=0~updates=0~work=16~queue=empty~quiet=true~permanent=16650968510817229335~complete=11185116629072425483;duplicate_physical:outward=1~return=0~updates=0~work=23~queue=empty~quiet=true~permanent=7215308251684114857~complete=16681184851566136180;open:outward=0~return=0~updates=0~work=7~queue=empty~quiet=true~permanent=11139229627655992658~complete=17323716255756644796;aged:outward=0~return=0~updates=0~work=7~queue=empty~quiet=true~permanent=2524040453316389643~complete=14943788070698401487;branch:outward=0~return=0~updates=0~work=54~queue=empty~quiet=true~permanent=15689490334012823596~complete=881208048719138890;cycle:outward=0~return=0~updates=0~work=17~queue=empty~quiet=true~permanent=8293400613669386819~complete=2101721657645051360,primary=5488|5488;uninterrupted=5488|5488;incomplete=5488|5488;duplicate=5488|5488;blocked=5488|5488;stale=5488|5552;cumulative=2304|2304,14762,5552,true,true,pass=true~first_m=2~first_u=2~first_w=713~first_q=true~second_m=2~second_u=2~second_w=753~second_q=true~heldout_o=1~heldout_m=0~heldout_u=0~heldout_w=514~heldout_q=true~coupling=2|2~resistance=6|6~before=2304~after=2304,true,bounded_same_body_memory,none
864008,3710886103482368,true,false,411,formation=learn_twice;complete=all@61;incomplete=omit4@70;blocked=resistance0@61;stale=once_age@111;compact=direct_open_fork_ring@0+aged@10;px7=train@0+10+heldout@20,11,bounded_work,maximum_work<=20000,maximum_work=14762,true,formation:outward=2~return=2~updates=12~work=14762~queue=empty~quiet=true~permanent=14524877071286287748~complete=17934155810621343261;completed:outward=1~return=1~updates=1~work=2473~queue=empty~quiet=true~permanent=13725729499179668526~complete=10646236518544693261;incomplete:outward=0~return=0~updates=0~work=1611~queue=empty~quiet=true~permanent=685528482979757767~complete=11120163689228440189;blocked:outward=0~return=0~updates=0~work=2268~queue=empty~quiet=true~permanent=10480278437645407393~complete=876752885866997517;stale:outward=0~return=0~updates=0~work=1334~queue=empty~quiet=true~permanent=17177159547635692027~complete=8610261088130530492;duplicate_recursive:outward=1~return=1~updates=1~work=2585~queue=empty~quiet=true~permanent=13725729499179668526~complete=15555756975206688777;zero_length:outward=1~return=0~updates=0~work=16~queue=empty~quiet=true~permanent=16650968510817229335~complete=11185116629072425483;duplicate_physical:outward=1~return=0~updates=0~work=23~queue=empty~quiet=true~permanent=7215308251684114857~complete=16681184851566136180;open:outward=0~return=0~updates=0~work=7~queue=empty~quiet=true~permanent=11139229627655992658~complete=17323716255756644796;aged:outward=0~return=0~updates=0~work=7~queue=empty~quiet=true~permanent=2524040453316389643~complete=14943788070698401487;branch:outward=0~return=0~updates=0~work=54~queue=empty~quiet=true~permanent=15689490334012823596~complete=881208048719138890;cycle:outward=0~return=0~updates=0~work=17~queue=empty~quiet=true~permanent=8293400613669386819~complete=2101721657645051360,primary=5488|5488;uninterrupted=5488|5488;incomplete=5488|5488;duplicate=5488|5488;blocked=5488|5488;stale=5488|5552;cumulative=2304|2304,14762,5552,true,true,pass=true~first_m=2~first_u=2~first_w=713~first_q=true~second_m=2~second_u=2~second_w=753~second_q=true~heldout_o=1~heldout_m=0~heldout_u=0~heldout_w=514~heldout_q=true~coupling=2|2~resistance=6|6~before=2304~after=2304,true,bounded_same_body_memory,none
864008,3710886103482368,true,false,411,formation=learn_twice;complete=all@61;incomplete=omit4@70;blocked=resistance0@61;stale=once_age@111;compact=direct_open_fork_ring@0+aged@10;px7=train@0+10+heldout@20,12,bounded_same_body_memory,maximum_bytes<=8192 && all seven before==after,maximum_bytes=5552~pairs=primary=5488|5488;uninterrupted=5488|5488;incomplete=5488|5488;duplicate=5488|5488;blocked=5488|5488;stale=5488|5552;cumulative=2304|2304~stable=false,false,formation:outward=2~return=2~updates=12~work=14762~queue=empty~quiet=true~permanent=14524877071286287748~complete=17934155810621343261;completed:outward=1~return=1~updates=1~work=2473~queue=empty~quiet=true~permanent=13725729499179668526~complete=10646236518544693261;incomplete:outward=0~return=0~updates=0~work=1611~queue=empty~quiet=true~permanent=685528482979757767~complete=11120163689228440189;blocked:outward=0~return=0~updates=0~work=2268~queue=empty~quiet=true~permanent=10480278437645407393~complete=876752885866997517;stale:outward=0~return=0~updates=0~work=1334~queue=empty~quiet=true~permanent=17177159547635692027~complete=8610261088130530492;duplicate_recursive:outward=1~return=1~updates=1~work=2585~queue=empty~quiet=true~permanent=13725729499179668526~complete=15555756975206688777;zero_length:outward=1~return=0~updates=0~work=16~queue=empty~quiet=true~permanent=16650968510817229335~complete=11185116629072425483;duplicate_physical:outward=1~return=0~updates=0~work=23~queue=empty~quiet=true~permanent=7215308251684114857~complete=16681184851566136180;open:outward=0~return=0~updates=0~work=7~queue=empty~quiet=true~permanent=11139229627655992658~complete=17323716255756644796;aged:outward=0~return=0~updates=0~work=7~queue=empty~quiet=true~permanent=2524040453316389643~complete=14943788070698401487;branch:outward=0~return=0~updates=0~work=54~queue=empty~quiet=true~permanent=15689490334012823596~complete=881208048719138890;cycle:outward=0~return=0~updates=0~work=17~queue=empty~quiet=true~permanent=8293400613669386819~complete=2101721657645051360,primary=5488|5488;uninterrupted=5488|5488;incomplete=5488|5488;duplicate=5488|5488;blocked=5488|5488;stale=5488|5552;cumulative=2304|2304,14762,5552,true,true,pass=true~first_m=2~first_u=2~first_w=713~first_q=true~second_m=2~second_u=2~second_w=753~second_q=true~heldout_o=1~heldout_m=0~heldout_u=0~heldout_w=514~heldout_q=true~coupling=2|2~resistance=6|6~before=2304~after=2304,true,bounded_same_body_memory,none
864008,3710886103482368,true,false,411,formation=learn_twice;complete=all@61;incomplete=omit4@70;blocked=resistance0@61;stale=once_age@111;compact=direct_open_fork_ring@0+aged@10;px7=train@0+10+heldout@20,13,cumulative_px0_px7_lrc,PX7 training/heldout/return/quiet/stability pass,pass=true~first_m=2~first_u=2~first_w=713~first_q=true~second_m=2~second_u=2~second_w=753~second_q=true~heldout_o=1~heldout_m=0~heldout_u=0~heldout_w=514~heldout_q=true~coupling=2|2~resistance=6|6~before=2304~after=2304,true,formation:outward=2~return=2~updates=12~work=14762~queue=empty~quiet=true~permanent=14524877071286287748~complete=17934155810621343261;completed:outward=1~return=1~updates=1~work=2473~queue=empty~quiet=true~permanent=13725729499179668526~complete=10646236518544693261;incomplete:outward=0~return=0~updates=0~work=1611~queue=empty~quiet=true~permanent=685528482979757767~complete=11120163689228440189;blocked:outward=0~return=0~updates=0~work=2268~queue=empty~quiet=true~permanent=10480278437645407393~complete=876752885866997517;stale:outward=0~return=0~updates=0~work=1334~queue=empty~quiet=true~permanent=17177159547635692027~complete=8610261088130530492;duplicate_recursive:outward=1~return=1~updates=1~work=2585~queue=empty~quiet=true~permanent=13725729499179668526~complete=15555756975206688777;zero_length:outward=1~return=0~updates=0~work=16~queue=empty~quiet=true~permanent=16650968510817229335~complete=11185116629072425483;duplicate_physical:outward=1~return=0~updates=0~work=23~queue=empty~quiet=true~permanent=7215308251684114857~complete=16681184851566136180;open:outward=0~return=0~updates=0~work=7~queue=empty~quiet=true~permanent=11139229627655992658~complete=17323716255756644796;aged:outward=0~return=0~updates=0~work=7~queue=empty~quiet=true~permanent=2524040453316389643~complete=14943788070698401487;branch:outward=0~return=0~updates=0~work=54~queue=empty~quiet=true~permanent=15689490334012823596~complete=881208048719138890;cycle:outward=0~return=0~updates=0~work=17~queue=empty~quiet=true~permanent=8293400613669386819~complete=2101721657645051360,primary=5488|5488;uninterrupted=5488|5488;incomplete=5488|5488;duplicate=5488|5488;blocked=5488|5488;stale=5488|5552;cumulative=2304|2304,14762,5552,true,true,pass=true~first_m=2~first_u=2~first_w=713~first_q=true~second_m=2~second_u=2~second_w=753~second_q=true~heldout_o=1~heldout_m=0~heldout_u=0~heldout_w=514~heldout_q=true~coupling=2|2~resistance=6|6~before=2304~after=2304,true,bounded_same_body_memory,none
864008,3710886103482368,true,false,411,formation=learn_twice;complete=all@61;incomplete=omit4@70;blocked=resistance0@61;stale=once_age@111;compact=direct_open_fork_ring@0+aged@10;px7=train@0+10+heldout@20,14,exact_replay,independent Trial values exactly equal,exact=true~first_divergence=none,true,formation:outward=2~return=2~updates=12~work=14762~queue=empty~quiet=true~permanent=14524877071286287748~complete=17934155810621343261;completed:outward=1~return=1~updates=1~work=2473~queue=empty~quiet=true~permanent=13725729499179668526~complete=10646236518544693261;incomplete:outward=0~return=0~updates=0~work=1611~queue=empty~quiet=true~permanent=685528482979757767~complete=11120163689228440189;blocked:outward=0~return=0~updates=0~work=2268~queue=empty~quiet=true~permanent=10480278437645407393~complete=876752885866997517;stale:outward=0~return=0~updates=0~work=1334~queue=empty~quiet=true~permanent=17177159547635692027~complete=8610261088130530492;duplicate_recursive:outward=1~return=1~updates=1~work=2585~queue=empty~quiet=true~permanent=13725729499179668526~complete=15555756975206688777;zero_length:outward=1~return=0~updates=0~work=16~queue=empty~quiet=true~permanent=16650968510817229335~complete=11185116629072425483;duplicate_physical:outward=1~return=0~updates=0~work=23~queue=empty~quiet=true~permanent=7215308251684114857~complete=16681184851566136180;open:outward=0~return=0~updates=0~work=7~queue=empty~quiet=true~permanent=11139229627655992658~complete=17323716255756644796;aged:outward=0~return=0~updates=0~work=7~queue=empty~quiet=true~permanent=2524040453316389643~complete=14943788070698401487;branch:outward=0~return=0~updates=0~work=54~queue=empty~quiet=true~permanent=15689490334012823596~complete=881208048719138890;cycle:outward=0~return=0~updates=0~work=17~queue=empty~quiet=true~permanent=8293400613669386819~complete=2101721657645051360,primary=5488|5488;uninterrupted=5488|5488;incomplete=5488|5488;duplicate=5488|5488;blocked=5488|5488;stale=5488|5552;cumulative=2304|2304,14762,5552,true,true,pass=true~first_m=2~first_u=2~first_w=713~first_q=true~second_m=2~second_u=2~second_w=753~second_q=true~heldout_o=1~heldout_m=0~heldout_u=0~heldout_w=514~heldout_q=true~coupling=2|2~resistance=6|6~before=2304~after=2304,true,bounded_same_body_memory,none
864009,3710890398449664,false,true,0,formation=learn_twice;complete=all@61;incomplete=omit4@70;blocked=resistance0@61;stale=once_age@111;compact=direct_open_fork_ring@0+aged@10;px7=train@0+10+heldout@20,1,formation_modulation_and_updates,formation.updates>0 && formation.inward_modulation>0,outward=2~return=2~updates=12~work=14750~queue=empty~quiet=true~permanent=18359092232446737012~complete=17716800590355595765,true,formation:outward=2~return=2~updates=12~work=14750~queue=empty~quiet=true~permanent=18359092232446737012~complete=17716800590355595765;completed:outward=1~return=1~updates=1~work=2470~queue=empty~quiet=true~permanent=12675009199929732102~complete=2730786914167412697;incomplete:outward=0~return=0~updates=0~work=1609~queue=empty~quiet=true~permanent=13158532930293078067~complete=6238738402696445147;blocked:outward=0~return=0~updates=0~work=2265~queue=empty~quiet=true~permanent=9528496675753972893~complete=10055140417908491505;stale:outward=0~return=0~updates=0~work=1332~queue=empty~quiet=true~permanent=12146013535567721211~complete=8696312625898042888;duplicate_recursive:outward=1~return=1~updates=1~work=2582~queue=empty~quiet=true~permanent=12675009199929732102~complete=16268010531214968797;zero_length:outward=1~return=0~updates=0~work=16~queue=empty~quiet=true~permanent=9284454179202771008~complete=13700307362866333244;duplicate_physical:outward=1~return=0~updates=0~work=23~queue=empty~quiet=true~permanent=11310746419329470802~complete=16933490652841702743;open:outward=0~return=0~updates=0~work=7~queue=empty~quiet=true~permanent=11879389629254652609~complete=2084959198832378751;aged:outward=0~return=0~updates=0~work=7~queue=empty~quiet=true~permanent=5249593290206625044~complete=8636788836620811016;branch:outward=0~return=0~updates=0~work=54~queue=empty~quiet=true~permanent=9849638760098070181~complete=1892536786985331295;cycle:outward=0~return=0~updates=0~work=17~queue=empty~quiet=true~permanent=4988865234856402750~complete=3450956417635449373,primary=5488|5488;uninterrupted=5488|5488;incomplete=5488|5488;duplicate=5488|5488;blocked=5488|5488;stale=5488|5552;cumulative=2304|2304,14750,5552,true,true,pass=true~first_m=2~first_u=2~first_w=713~first_q=true~second_m=2~second_u=2~second_w=753~second_q=true~heldout_o=1~heldout_m=0~heldout_u=0~heldout_w=514~heldout_q=true~coupling=2|2~resistance=6|6~before=2304~after=2304,true,bounded_same_body_memory,none
864009,3710890398449664,false,true,0,formation=learn_twice;complete=all@61;incomplete=omit4@70;blocked=resistance0@61;stale=once_age@111;compact=direct_open_fork_ring@0+aged@10;px7=train@0+10+heldout@20,2,completed_exactly_once,completed.outward==1,outward=1~return=1~updates=1~work=2470~queue=empty~quiet=true~permanent=12675009199929732102~complete=2730786914167412697,true,formation:outward=2~return=2~updates=12~work=14750~queue=empty~quiet=true~permanent=18359092232446737012~complete=17716800590355595765;completed:outward=1~return=1~updates=1~work=2470~queue=empty~quiet=true~permanent=12675009199929732102~complete=2730786914167412697;incomplete:outward=0~return=0~updates=0~work=1609~queue=empty~quiet=true~permanent=13158532930293078067~complete=6238738402696445147;blocked:outward=0~return=0~updates=0~work=2265~queue=empty~quiet=true~permanent=9528496675753972893~complete=10055140417908491505;stale:outward=0~return=0~updates=0~work=1332~queue=empty~quiet=true~permanent=12146013535567721211~complete=8696312625898042888;duplicate_recursive:outward=1~return=1~updates=1~work=2582~queue=empty~quiet=true~permanent=12675009199929732102~complete=16268010531214968797;zero_length:outward=1~return=0~updates=0~work=16~queue=empty~quiet=true~permanent=9284454179202771008~complete=13700307362866333244;duplicate_physical:outward=1~return=0~updates=0~work=23~queue=empty~quiet=true~permanent=11310746419329470802~complete=16933490652841702743;open:outward=0~return=0~updates=0~work=7~queue=empty~quiet=true~permanent=11879389629254652609~complete=2084959198832378751;aged:outward=0~return=0~updates=0~work=7~queue=empty~quiet=true~permanent=5249593290206625044~complete=8636788836620811016;branch:outward=0~return=0~updates=0~work=54~queue=empty~quiet=true~permanent=9849638760098070181~complete=1892536786985331295;cycle:outward=0~return=0~updates=0~work=17~queue=empty~quiet=true~permanent=4988865234856402750~complete=3450956417635449373,primary=5488|5488;uninterrupted=5488|5488;incomplete=5488|5488;duplicate=5488|5488;blocked=5488|5488;stale=5488|5552;cumulative=2304|2304,14750,5552,true,true,pass=true~first_m=2~first_u=2~first_w=713~first_q=true~second_m=2~second_u=2~second_w=753~second_q=true~heldout_o=1~heldout_m=0~heldout_u=0~heldout_w=514~heldout_q=true~coupling=2|2~resistance=6|6~before=2304~after=2304,true,bounded_same_body_memory,none
864009,3710890398449664,false,true,0,formation=learn_twice;complete=all@61;incomplete=omit4@70;blocked=resistance0@61;stale=once_age@111;compact=direct_open_fork_ring@0+aged@10;px7=train@0+10+heldout@20,3,completed_return_and_update,completed.return==1 && completed.updates==1,outward=1~return=1~updates=1~work=2470~queue=empty~quiet=true~permanent=12675009199929732102~complete=2730786914167412697,true,formation:outward=2~return=2~updates=12~work=14750~queue=empty~quiet=true~permanent=18359092232446737012~complete=17716800590355595765;completed:outward=1~return=1~updates=1~work=2470~queue=empty~quiet=true~permanent=12675009199929732102~complete=2730786914167412697;incomplete:outward=0~return=0~updates=0~work=1609~queue=empty~quiet=true~permanent=13158532930293078067~complete=6238738402696445147;blocked:outward=0~return=0~updates=0~work=2265~queue=empty~quiet=true~permanent=9528496675753972893~complete=10055140417908491505;stale:outward=0~return=0~updates=0~work=1332~queue=empty~quiet=true~permanent=12146013535567721211~complete=8696312625898042888;duplicate_recursive:outward=1~return=1~updates=1~work=2582~queue=empty~quiet=true~permanent=12675009199929732102~complete=16268010531214968797;zero_length:outward=1~return=0~updates=0~work=16~queue=empty~quiet=true~permanent=9284454179202771008~complete=13700307362866333244;duplicate_physical:outward=1~return=0~updates=0~work=23~queue=empty~quiet=true~permanent=11310746419329470802~complete=16933490652841702743;open:outward=0~return=0~updates=0~work=7~queue=empty~quiet=true~permanent=11879389629254652609~complete=2084959198832378751;aged:outward=0~return=0~updates=0~work=7~queue=empty~quiet=true~permanent=5249593290206625044~complete=8636788836620811016;branch:outward=0~return=0~updates=0~work=54~queue=empty~quiet=true~permanent=9849638760098070181~complete=1892536786985331295;cycle:outward=0~return=0~updates=0~work=17~queue=empty~quiet=true~permanent=4988865234856402750~complete=3450956417635449373,primary=5488|5488;uninterrupted=5488|5488;incomplete=5488|5488;duplicate=5488|5488;blocked=5488|5488;stale=5488|5552;cumulative=2304|2304,14750,5552,true,true,pass=true~first_m=2~first_u=2~first_w=713~first_q=true~second_m=2~second_u=2~second_w=753~second_q=true~heldout_o=1~heldout_m=0~heldout_u=0~heldout_w=514~heldout_q=true~coupling=2|2~resistance=6|6~before=2304~after=2304,true,bounded_same_body_memory,none
864009,3710890398449664,false,true,0,formation=learn_twice;complete=all@61;incomplete=omit4@70;blocked=resistance0@61;stale=once_age@111;compact=direct_open_fork_ring@0+aged@10;px7=train@0+10+heldout@20,4,incomplete_blocked_stale_silence,incomplete.outward==0 && blocked.outward==0 && stale.outward==0,incomplete=outward=0~return=0~updates=0~work=1609~queue=empty~quiet=true~permanent=13158532930293078067~complete=6238738402696445147~blocked=outward=0~return=0~updates=0~work=2265~queue=empty~quiet=true~permanent=9528496675753972893~complete=10055140417908491505~stale=outward=0~return=0~updates=0~work=1332~queue=empty~quiet=true~permanent=12146013535567721211~complete=8696312625898042888,true,formation:outward=2~return=2~updates=12~work=14750~queue=empty~quiet=true~permanent=18359092232446737012~complete=17716800590355595765;completed:outward=1~return=1~updates=1~work=2470~queue=empty~quiet=true~permanent=12675009199929732102~complete=2730786914167412697;incomplete:outward=0~return=0~updates=0~work=1609~queue=empty~quiet=true~permanent=13158532930293078067~complete=6238738402696445147;blocked:outward=0~return=0~updates=0~work=2265~queue=empty~quiet=true~permanent=9528496675753972893~complete=10055140417908491505;stale:outward=0~return=0~updates=0~work=1332~queue=empty~quiet=true~permanent=12146013535567721211~complete=8696312625898042888;duplicate_recursive:outward=1~return=1~updates=1~work=2582~queue=empty~quiet=true~permanent=12675009199929732102~complete=16268010531214968797;zero_length:outward=1~return=0~updates=0~work=16~queue=empty~quiet=true~permanent=9284454179202771008~complete=13700307362866333244;duplicate_physical:outward=1~return=0~updates=0~work=23~queue=empty~quiet=true~permanent=11310746419329470802~complete=16933490652841702743;open:outward=0~return=0~updates=0~work=7~queue=empty~quiet=true~permanent=11879389629254652609~complete=2084959198832378751;aged:outward=0~return=0~updates=0~work=7~queue=empty~quiet=true~permanent=5249593290206625044~complete=8636788836620811016;branch:outward=0~return=0~updates=0~work=54~queue=empty~quiet=true~permanent=9849638760098070181~complete=1892536786985331295;cycle:outward=0~return=0~updates=0~work=17~queue=empty~quiet=true~permanent=4988865234856402750~complete=3450956417635449373,primary=5488|5488;uninterrupted=5488|5488;incomplete=5488|5488;duplicate=5488|5488;blocked=5488|5488;stale=5488|5552;cumulative=2304|2304,14750,5552,true,true,pass=true~first_m=2~first_u=2~first_w=713~first_q=true~second_m=2~second_u=2~second_w=753~second_q=true~heldout_o=1~heldout_m=0~heldout_u=0~heldout_w=514~heldout_q=true~coupling=2|2~resistance=6|6~before=2304~after=2304,true,bounded_same_body_memory,none
864009,3710890398449664,false,true,0,formation=learn_twice;complete=all@61;incomplete=omit4@70;blocked=resistance0@61;stale=once_age@111;compact=direct_open_fork_ring@0+aged@10;px7=train@0+10+heldout@20,5,open_aged_silence,open.outward==0 && aged.outward==0,open=outward=0~return=0~updates=0~work=7~queue=empty~quiet=true~permanent=11879389629254652609~complete=2084959198832378751~aged=outward=0~return=0~updates=0~work=7~queue=empty~quiet=true~permanent=5249593290206625044~complete=8636788836620811016,true,formation:outward=2~return=2~updates=12~work=14750~queue=empty~quiet=true~permanent=18359092232446737012~complete=17716800590355595765;completed:outward=1~return=1~updates=1~work=2470~queue=empty~quiet=true~permanent=12675009199929732102~complete=2730786914167412697;incomplete:outward=0~return=0~updates=0~work=1609~queue=empty~quiet=true~permanent=13158532930293078067~complete=6238738402696445147;blocked:outward=0~return=0~updates=0~work=2265~queue=empty~quiet=true~permanent=9528496675753972893~complete=10055140417908491505;stale:outward=0~return=0~updates=0~work=1332~queue=empty~quiet=true~permanent=12146013535567721211~complete=8696312625898042888;duplicate_recursive:outward=1~return=1~updates=1~work=2582~queue=empty~quiet=true~permanent=12675009199929732102~complete=16268010531214968797;zero_length:outward=1~return=0~updates=0~work=16~queue=empty~quiet=true~permanent=9284454179202771008~complete=13700307362866333244;duplicate_physical:outward=1~return=0~updates=0~work=23~queue=empty~quiet=true~permanent=11310746419329470802~complete=16933490652841702743;open:outward=0~return=0~updates=0~work=7~queue=empty~quiet=true~permanent=11879389629254652609~complete=2084959198832378751;aged:outward=0~return=0~updates=0~work=7~queue=empty~quiet=true~permanent=5249593290206625044~complete=8636788836620811016;branch:outward=0~return=0~updates=0~work=54~queue=empty~quiet=true~permanent=9849638760098070181~complete=1892536786985331295;cycle:outward=0~return=0~updates=0~work=17~queue=empty~quiet=true~permanent=4988865234856402750~complete=3450956417635449373,primary=5488|5488;uninterrupted=5488|5488;incomplete=5488|5488;duplicate=5488|5488;blocked=5488|5488;stale=5488|5552;cumulative=2304|2304,14750,5552,true,true,pass=true~first_m=2~first_u=2~first_w=713~first_q=true~second_m=2~second_u=2~second_w=753~second_q=true~heldout_o=1~heldout_m=0~heldout_u=0~heldout_w=514~heldout_q=true~coupling=2|2~resistance=6|6~before=2304~after=2304,true,bounded_same_body_memory,none
864009,3710890398449664,false,true,0,formation=learn_twice;complete=all@61;incomplete=omit4@70;blocked=resistance0@61;stale=once_age@111;compact=direct_open_fork_ring@0+aged@10;px7=train@0+10+heldout@20,6,zero_length_exactly_once,zero_length.outward==1,outward=1~return=0~updates=0~work=16~queue=empty~quiet=true~permanent=9284454179202771008~complete=13700307362866333244,true,formation:outward=2~return=2~updates=12~work=14750~queue=empty~quiet=true~permanent=18359092232446737012~complete=17716800590355595765;completed:outward=1~return=1~updates=1~work=2470~queue=empty~quiet=true~permanent=12675009199929732102~complete=2730786914167412697;incomplete:outward=0~return=0~updates=0~work=1609~queue=empty~quiet=true~permanent=13158532930293078067~complete=6238738402696445147;blocked:outward=0~return=0~updates=0~work=2265~queue=empty~quiet=true~permanent=9528496675753972893~complete=10055140417908491505;stale:outward=0~return=0~updates=0~work=1332~queue=empty~quiet=true~permanent=12146013535567721211~complete=8696312625898042888;duplicate_recursive:outward=1~return=1~updates=1~work=2582~queue=empty~quiet=true~permanent=12675009199929732102~complete=16268010531214968797;zero_length:outward=1~return=0~updates=0~work=16~queue=empty~quiet=true~permanent=9284454179202771008~complete=13700307362866333244;duplicate_physical:outward=1~return=0~updates=0~work=23~queue=empty~quiet=true~permanent=11310746419329470802~complete=16933490652841702743;open:outward=0~return=0~updates=0~work=7~queue=empty~quiet=true~permanent=11879389629254652609~complete=2084959198832378751;aged:outward=0~return=0~updates=0~work=7~queue=empty~quiet=true~permanent=5249593290206625044~complete=8636788836620811016;branch:outward=0~return=0~updates=0~work=54~queue=empty~quiet=true~permanent=9849638760098070181~complete=1892536786985331295;cycle:outward=0~return=0~updates=0~work=17~queue=empty~quiet=true~permanent=4988865234856402750~complete=3450956417635449373,primary=5488|5488;uninterrupted=5488|5488;incomplete=5488|5488;duplicate=5488|5488;blocked=5488|5488;stale=5488|5552;cumulative=2304|2304,14750,5552,true,true,pass=true~first_m=2~first_u=2~first_w=713~first_q=true~second_m=2~second_u=2~second_w=753~second_q=true~heldout_o=1~heldout_m=0~heldout_u=0~heldout_w=514~heldout_q=true~coupling=2|2~resistance=6|6~before=2304~after=2304,true,bounded_same_body_memory,none
864009,3710890398449664,false,true,0,formation=learn_twice;complete=all@61;incomplete=omit4@70;blocked=resistance0@61;stale=once_age@111;compact=direct_open_fork_ring@0+aged@10;px7=train@0+10+heldout@20,7,duplicates_exactly_once,duplicate_physical.outward==1 && duplicate_recursive.outward==1,physical=outward=1~return=0~updates=0~work=23~queue=empty~quiet=true~permanent=11310746419329470802~complete=16933490652841702743~recursive=outward=1~return=1~updates=1~work=2582~queue=empty~quiet=true~permanent=12675009199929732102~complete=16268010531214968797,true,formation:outward=2~return=2~updates=12~work=14750~queue=empty~quiet=true~permanent=18359092232446737012~complete=17716800590355595765;completed:outward=1~return=1~updates=1~work=2470~queue=empty~quiet=true~permanent=12675009199929732102~complete=2730786914167412697;incomplete:outward=0~return=0~updates=0~work=1609~queue=empty~quiet=true~permanent=13158532930293078067~complete=6238738402696445147;blocked:outward=0~return=0~updates=0~work=2265~queue=empty~quiet=true~permanent=9528496675753972893~complete=10055140417908491505;stale:outward=0~return=0~updates=0~work=1332~queue=empty~quiet=true~permanent=12146013535567721211~complete=8696312625898042888;duplicate_recursive:outward=1~return=1~updates=1~work=2582~queue=empty~quiet=true~permanent=12675009199929732102~complete=16268010531214968797;zero_length:outward=1~return=0~updates=0~work=16~queue=empty~quiet=true~permanent=9284454179202771008~complete=13700307362866333244;duplicate_physical:outward=1~return=0~updates=0~work=23~queue=empty~quiet=true~permanent=11310746419329470802~complete=16933490652841702743;open:outward=0~return=0~updates=0~work=7~queue=empty~quiet=true~permanent=11879389629254652609~complete=2084959198832378751;aged:outward=0~return=0~updates=0~work=7~queue=empty~quiet=true~permanent=5249593290206625044~complete=8636788836620811016;branch:outward=0~return=0~updates=0~work=54~queue=empty~quiet=true~permanent=9849638760098070181~complete=1892536786985331295;cycle:outward=0~return=0~updates=0~work=17~queue=empty~quiet=true~permanent=4988865234856402750~complete=3450956417635449373,primary=5488|5488;uninterrupted=5488|5488;incomplete=5488|5488;duplicate=5488|5488;blocked=5488|5488;stale=5488|5552;cumulative=2304|2304,14750,5552,true,true,pass=true~first_m=2~first_u=2~first_w=713~first_q=true~second_m=2~second_u=2~second_w=753~second_q=true~heldout_o=1~heldout_m=0~heldout_u=0~heldout_w=514~heldout_q=true~coupling=2|2~resistance=6|6~before=2304~after=2304,true,bounded_same_body_memory,none
864009,3710890398449664,false,true,0,formation=learn_twice;complete=all@61;incomplete=omit4@70;blocked=resistance0@61;stale=once_age@111;compact=direct_open_fork_ring@0+aged@10;px7=train@0+10+heldout@20,8,branch_cycle_silence,branch.outward==0 && cycle.outward==0,branch=outward=0~return=0~updates=0~work=54~queue=empty~quiet=true~permanent=9849638760098070181~complete=1892536786985331295~cycle=outward=0~return=0~updates=0~work=17~queue=empty~quiet=true~permanent=4988865234856402750~complete=3450956417635449373,true,formation:outward=2~return=2~updates=12~work=14750~queue=empty~quiet=true~permanent=18359092232446737012~complete=17716800590355595765;completed:outward=1~return=1~updates=1~work=2470~queue=empty~quiet=true~permanent=12675009199929732102~complete=2730786914167412697;incomplete:outward=0~return=0~updates=0~work=1609~queue=empty~quiet=true~permanent=13158532930293078067~complete=6238738402696445147;blocked:outward=0~return=0~updates=0~work=2265~queue=empty~quiet=true~permanent=9528496675753972893~complete=10055140417908491505;stale:outward=0~return=0~updates=0~work=1332~queue=empty~quiet=true~permanent=12146013535567721211~complete=8696312625898042888;duplicate_recursive:outward=1~return=1~updates=1~work=2582~queue=empty~quiet=true~permanent=12675009199929732102~complete=16268010531214968797;zero_length:outward=1~return=0~updates=0~work=16~queue=empty~quiet=true~permanent=9284454179202771008~complete=13700307362866333244;duplicate_physical:outward=1~return=0~updates=0~work=23~queue=empty~quiet=true~permanent=11310746419329470802~complete=16933490652841702743;open:outward=0~return=0~updates=0~work=7~queue=empty~quiet=true~permanent=11879389629254652609~complete=2084959198832378751;aged:outward=0~return=0~updates=0~work=7~queue=empty~quiet=true~permanent=5249593290206625044~complete=8636788836620811016;branch:outward=0~return=0~updates=0~work=54~queue=empty~quiet=true~permanent=9849638760098070181~complete=1892536786985331295;cycle:outward=0~return=0~updates=0~work=17~queue=empty~quiet=true~permanent=4988865234856402750~complete=3450956417635449373,primary=5488|5488;uninterrupted=5488|5488;incomplete=5488|5488;duplicate=5488|5488;blocked=5488|5488;stale=5488|5552;cumulative=2304|2304,14750,5552,true,true,pass=true~first_m=2~first_u=2~first_w=713~first_q=true~second_m=2~second_u=2~second_w=753~second_q=true~heldout_o=1~heldout_m=0~heldout_u=0~heldout_w=514~heldout_q=true~coupling=2|2~resistance=6|6~before=2304~after=2304,true,bounded_same_body_memory,none
864009,3710890398449664,false,true,0,formation=learn_twice;complete=all@61;incomplete=omit4@70;blocked=resistance0@61;stale=once_age@111;compact=direct_open_fork_ring@0+aged@10;px7=train@0+10+heldout@20,9,pause_resume,pause_stable && resume_equal,pause_stable=true~resume_equal=true,true,formation:outward=2~return=2~updates=12~work=14750~queue=empty~quiet=true~permanent=18359092232446737012~complete=17716800590355595765;completed:outward=1~return=1~updates=1~work=2470~queue=empty~quiet=true~permanent=12675009199929732102~complete=2730786914167412697;incomplete:outward=0~return=0~updates=0~work=1609~queue=empty~quiet=true~permanent=13158532930293078067~complete=6238738402696445147;blocked:outward=0~return=0~updates=0~work=2265~queue=empty~quiet=true~permanent=9528496675753972893~complete=10055140417908491505;stale:outward=0~return=0~updates=0~work=1332~queue=empty~quiet=true~permanent=12146013535567721211~complete=8696312625898042888;duplicate_recursive:outward=1~return=1~updates=1~work=2582~queue=empty~quiet=true~permanent=12675009199929732102~complete=16268010531214968797;zero_length:outward=1~return=0~updates=0~work=16~queue=empty~quiet=true~permanent=9284454179202771008~complete=13700307362866333244;duplicate_physical:outward=1~return=0~updates=0~work=23~queue=empty~quiet=true~permanent=11310746419329470802~complete=16933490652841702743;open:outward=0~return=0~updates=0~work=7~queue=empty~quiet=true~permanent=11879389629254652609~complete=2084959198832378751;aged:outward=0~return=0~updates=0~work=7~queue=empty~quiet=true~permanent=5249593290206625044~complete=8636788836620811016;branch:outward=0~return=0~updates=0~work=54~queue=empty~quiet=true~permanent=9849638760098070181~complete=1892536786985331295;cycle:outward=0~return=0~updates=0~work=17~queue=empty~quiet=true~permanent=4988865234856402750~complete=3450956417635449373,primary=5488|5488;uninterrupted=5488|5488;incomplete=5488|5488;duplicate=5488|5488;blocked=5488|5488;stale=5488|5552;cumulative=2304|2304,14750,5552,true,true,pass=true~first_m=2~first_u=2~first_w=713~first_q=true~second_m=2~second_u=2~second_w=753~second_q=true~heldout_o=1~heldout_m=0~heldout_u=0~heldout_w=514~heldout_q=true~coupling=2|2~resistance=6|6~before=2304~after=2304,true,bounded_same_body_memory,none
864009,3710890398449664,false,true,0,formation=learn_twice;complete=all@61;incomplete=omit4@70;blocked=resistance0@61;stale=once_age@111;compact=direct_open_fork_ring@0+aged@10;px7=train@0+10+heldout@20,10,natural_quiescence,all queues empty and naturally quiescent,quiet=true~queue=empty,true,formation:outward=2~return=2~updates=12~work=14750~queue=empty~quiet=true~permanent=18359092232446737012~complete=17716800590355595765;completed:outward=1~return=1~updates=1~work=2470~queue=empty~quiet=true~permanent=12675009199929732102~complete=2730786914167412697;incomplete:outward=0~return=0~updates=0~work=1609~queue=empty~quiet=true~permanent=13158532930293078067~complete=6238738402696445147;blocked:outward=0~return=0~updates=0~work=2265~queue=empty~quiet=true~permanent=9528496675753972893~complete=10055140417908491505;stale:outward=0~return=0~updates=0~work=1332~queue=empty~quiet=true~permanent=12146013535567721211~complete=8696312625898042888;duplicate_recursive:outward=1~return=1~updates=1~work=2582~queue=empty~quiet=true~permanent=12675009199929732102~complete=16268010531214968797;zero_length:outward=1~return=0~updates=0~work=16~queue=empty~quiet=true~permanent=9284454179202771008~complete=13700307362866333244;duplicate_physical:outward=1~return=0~updates=0~work=23~queue=empty~quiet=true~permanent=11310746419329470802~complete=16933490652841702743;open:outward=0~return=0~updates=0~work=7~queue=empty~quiet=true~permanent=11879389629254652609~complete=2084959198832378751;aged:outward=0~return=0~updates=0~work=7~queue=empty~quiet=true~permanent=5249593290206625044~complete=8636788836620811016;branch:outward=0~return=0~updates=0~work=54~queue=empty~quiet=true~permanent=9849638760098070181~complete=1892536786985331295;cycle:outward=0~return=0~updates=0~work=17~queue=empty~quiet=true~permanent=4988865234856402750~complete=3450956417635449373,primary=5488|5488;uninterrupted=5488|5488;incomplete=5488|5488;duplicate=5488|5488;blocked=5488|5488;stale=5488|5552;cumulative=2304|2304,14750,5552,true,true,pass=true~first_m=2~first_u=2~first_w=713~first_q=true~second_m=2~second_u=2~second_w=753~second_q=true~heldout_o=1~heldout_m=0~heldout_u=0~heldout_w=514~heldout_q=true~coupling=2|2~resistance=6|6~before=2304~after=2304,true,bounded_same_body_memory,none
864009,3710890398449664,false,true,0,formation=learn_twice;complete=all@61;incomplete=omit4@70;blocked=resistance0@61;stale=once_age@111;compact=direct_open_fork_ring@0+aged@10;px7=train@0+10+heldout@20,11,bounded_work,maximum_work<=20000,maximum_work=14750,true,formation:outward=2~return=2~updates=12~work=14750~queue=empty~quiet=true~permanent=18359092232446737012~complete=17716800590355595765;completed:outward=1~return=1~updates=1~work=2470~queue=empty~quiet=true~permanent=12675009199929732102~complete=2730786914167412697;incomplete:outward=0~return=0~updates=0~work=1609~queue=empty~quiet=true~permanent=13158532930293078067~complete=6238738402696445147;blocked:outward=0~return=0~updates=0~work=2265~queue=empty~quiet=true~permanent=9528496675753972893~complete=10055140417908491505;stale:outward=0~return=0~updates=0~work=1332~queue=empty~quiet=true~permanent=12146013535567721211~complete=8696312625898042888;duplicate_recursive:outward=1~return=1~updates=1~work=2582~queue=empty~quiet=true~permanent=12675009199929732102~complete=16268010531214968797;zero_length:outward=1~return=0~updates=0~work=16~queue=empty~quiet=true~permanent=9284454179202771008~complete=13700307362866333244;duplicate_physical:outward=1~return=0~updates=0~work=23~queue=empty~quiet=true~permanent=11310746419329470802~complete=16933490652841702743;open:outward=0~return=0~updates=0~work=7~queue=empty~quiet=true~permanent=11879389629254652609~complete=2084959198832378751;aged:outward=0~return=0~updates=0~work=7~queue=empty~quiet=true~permanent=5249593290206625044~complete=8636788836620811016;branch:outward=0~return=0~updates=0~work=54~queue=empty~quiet=true~permanent=9849638760098070181~complete=1892536786985331295;cycle:outward=0~return=0~updates=0~work=17~queue=empty~quiet=true~permanent=4988865234856402750~complete=3450956417635449373,primary=5488|5488;uninterrupted=5488|5488;incomplete=5488|5488;duplicate=5488|5488;blocked=5488|5488;stale=5488|5552;cumulative=2304|2304,14750,5552,true,true,pass=true~first_m=2~first_u=2~first_w=713~first_q=true~second_m=2~second_u=2~second_w=753~second_q=true~heldout_o=1~heldout_m=0~heldout_u=0~heldout_w=514~heldout_q=true~coupling=2|2~resistance=6|6~before=2304~after=2304,true,bounded_same_body_memory,none
864009,3710890398449664,false,true,0,formation=learn_twice;complete=all@61;incomplete=omit4@70;blocked=resistance0@61;stale=once_age@111;compact=direct_open_fork_ring@0+aged@10;px7=train@0+10+heldout@20,12,bounded_same_body_memory,maximum_bytes<=8192 && all seven before==after,maximum_bytes=5552~pairs=primary=5488|5488;uninterrupted=5488|5488;incomplete=5488|5488;duplicate=5488|5488;blocked=5488|5488;stale=5488|5552;cumulative=2304|2304~stable=false,false,formation:outward=2~return=2~updates=12~work=14750~queue=empty~quiet=true~permanent=18359092232446737012~complete=17716800590355595765;completed:outward=1~return=1~updates=1~work=2470~queue=empty~quiet=true~permanent=12675009199929732102~complete=2730786914167412697;incomplete:outward=0~return=0~updates=0~work=1609~queue=empty~quiet=true~permanent=13158532930293078067~complete=6238738402696445147;blocked:outward=0~return=0~updates=0~work=2265~queue=empty~quiet=true~permanent=9528496675753972893~complete=10055140417908491505;stale:outward=0~return=0~updates=0~work=1332~queue=empty~quiet=true~permanent=12146013535567721211~complete=8696312625898042888;duplicate_recursive:outward=1~return=1~updates=1~work=2582~queue=empty~quiet=true~permanent=12675009199929732102~complete=16268010531214968797;zero_length:outward=1~return=0~updates=0~work=16~queue=empty~quiet=true~permanent=9284454179202771008~complete=13700307362866333244;duplicate_physical:outward=1~return=0~updates=0~work=23~queue=empty~quiet=true~permanent=11310746419329470802~complete=16933490652841702743;open:outward=0~return=0~updates=0~work=7~queue=empty~quiet=true~permanent=11879389629254652609~complete=2084959198832378751;aged:outward=0~return=0~updates=0~work=7~queue=empty~quiet=true~permanent=5249593290206625044~complete=8636788836620811016;branch:outward=0~return=0~updates=0~work=54~queue=empty~quiet=true~permanent=9849638760098070181~complete=1892536786985331295;cycle:outward=0~return=0~updates=0~work=17~queue=empty~quiet=true~permanent=4988865234856402750~complete=3450956417635449373,primary=5488|5488;uninterrupted=5488|5488;incomplete=5488|5488;duplicate=5488|5488;blocked=5488|5488;stale=5488|5552;cumulative=2304|2304,14750,5552,true,true,pass=true~first_m=2~first_u=2~first_w=713~first_q=true~second_m=2~second_u=2~second_w=753~second_q=true~heldout_o=1~heldout_m=0~heldout_u=0~heldout_w=514~heldout_q=true~coupling=2|2~resistance=6|6~before=2304~after=2304,true,bounded_same_body_memory,none
864009,3710890398449664,false,true,0,formation=learn_twice;complete=all@61;incomplete=omit4@70;blocked=resistance0@61;stale=once_age@111;compact=direct_open_fork_ring@0+aged@10;px7=train@0+10+heldout@20,13,cumulative_px0_px7_lrc,PX7 training/heldout/return/quiet/stability pass,pass=true~first_m=2~first_u=2~first_w=713~first_q=true~second_m=2~second_u=2~second_w=753~second_q=true~heldout_o=1~heldout_m=0~heldout_u=0~heldout_w=514~heldout_q=true~coupling=2|2~resistance=6|6~before=2304~after=2304,true,formation:outward=2~return=2~updates=12~work=14750~queue=empty~quiet=true~permanent=18359092232446737012~complete=17716800590355595765;completed:outward=1~return=1~updates=1~work=2470~queue=empty~quiet=true~permanent=12675009199929732102~complete=2730786914167412697;incomplete:outward=0~return=0~updates=0~work=1609~queue=empty~quiet=true~permanent=13158532930293078067~complete=6238738402696445147;blocked:outward=0~return=0~updates=0~work=2265~queue=empty~quiet=true~permanent=9528496675753972893~complete=10055140417908491505;stale:outward=0~return=0~updates=0~work=1332~queue=empty~quiet=true~permanent=12146013535567721211~complete=8696312625898042888;duplicate_recursive:outward=1~return=1~updates=1~work=2582~queue=empty~quiet=true~permanent=12675009199929732102~complete=16268010531214968797;zero_length:outward=1~return=0~updates=0~work=16~queue=empty~quiet=true~permanent=9284454179202771008~complete=13700307362866333244;duplicate_physical:outward=1~return=0~updates=0~work=23~queue=empty~quiet=true~permanent=11310746419329470802~complete=16933490652841702743;open:outward=0~return=0~updates=0~work=7~queue=empty~quiet=true~permanent=11879389629254652609~complete=2084959198832378751;aged:outward=0~return=0~updates=0~work=7~queue=empty~quiet=true~permanent=5249593290206625044~complete=8636788836620811016;branch:outward=0~return=0~updates=0~work=54~queue=empty~quiet=true~permanent=9849638760098070181~complete=1892536786985331295;cycle:outward=0~return=0~updates=0~work=17~queue=empty~quiet=true~permanent=4988865234856402750~complete=3450956417635449373,primary=5488|5488;uninterrupted=5488|5488;incomplete=5488|5488;duplicate=5488|5488;blocked=5488|5488;stale=5488|5552;cumulative=2304|2304,14750,5552,true,true,pass=true~first_m=2~first_u=2~first_w=713~first_q=true~second_m=2~second_u=2~second_w=753~second_q=true~heldout_o=1~heldout_m=0~heldout_u=0~heldout_w=514~heldout_q=true~coupling=2|2~resistance=6|6~before=2304~after=2304,true,bounded_same_body_memory,none
864009,3710890398449664,false,true,0,formation=learn_twice;complete=all@61;incomplete=omit4@70;blocked=resistance0@61;stale=once_age@111;compact=direct_open_fork_ring@0+aged@10;px7=train@0+10+heldout@20,14,exact_replay,independent Trial values exactly equal,exact=true~first_divergence=none,true,formation:outward=2~return=2~updates=12~work=14750~queue=empty~quiet=true~permanent=18359092232446737012~complete=17716800590355595765;completed:outward=1~return=1~updates=1~work=2470~queue=empty~quiet=true~permanent=12675009199929732102~complete=2730786914167412697;incomplete:outward=0~return=0~updates=0~work=1609~queue=empty~quiet=true~permanent=13158532930293078067~complete=6238738402696445147;blocked:outward=0~return=0~updates=0~work=2265~queue=empty~quiet=true~permanent=9528496675753972893~complete=10055140417908491505;stale:outward=0~return=0~updates=0~work=1332~queue=empty~quiet=true~permanent=12146013535567721211~complete=8696312625898042888;duplicate_recursive:outward=1~return=1~updates=1~work=2582~queue=empty~quiet=true~permanent=12675009199929732102~complete=16268010531214968797;zero_length:outward=1~return=0~updates=0~work=16~queue=empty~quiet=true~permanent=9284454179202771008~complete=13700307362866333244;duplicate_physical:outward=1~return=0~updates=0~work=23~queue=empty~quiet=true~permanent=11310746419329470802~complete=16933490652841702743;open:outward=0~return=0~updates=0~work=7~queue=empty~quiet=true~permanent=11879389629254652609~complete=2084959198832378751;aged:outward=0~return=0~updates=0~work=7~queue=empty~quiet=true~permanent=5249593290206625044~complete=8636788836620811016;branch:outward=0~return=0~updates=0~work=54~queue=empty~quiet=true~permanent=9849638760098070181~complete=1892536786985331295;cycle:outward=0~return=0~updates=0~work=17~queue=empty~quiet=true~permanent=4988865234856402750~complete=3450956417635449373,primary=5488|5488;uninterrupted=5488|5488;incomplete=5488|5488;duplicate=5488|5488;blocked=5488|5488;stale=5488|5552;cumulative=2304|2304,14750,5552,true,true,pass=true~first_m=2~first_u=2~first_w=713~first_q=true~second_m=2~second_u=2~second_w=753~second_q=true~heldout_o=1~heldout_m=0~heldout_u=0~heldout_w=514~heldout_q=true~coupling=2|2~resistance=6|6~before=2304~after=2304,true,bounded_same_body_memory,none
864010,3710894693416960,false,true,137,formation=learn_twice;complete=all@61;incomplete=omit4@70;blocked=resistance0@61;stale=once_age@111;compact=direct_open_fork_ring@0+aged@10;px7=train@0+10+heldout@20,1,formation_modulation_and_updates,formation.updates>0 && formation.inward_modulation>0,outward=2~return=2~updates=12~work=14788~queue=empty~quiet=true~permanent=16756616959174656613~complete=5223079151935502572,true,formation:outward=2~return=2~updates=12~work=14788~queue=empty~quiet=true~permanent=16756616959174656613~complete=5223079151935502572;completed:outward=1~return=1~updates=1~work=2478~queue=empty~quiet=true~permanent=16312923854714312567~complete=13012356261812517484;incomplete:outward=0~return=0~updates=0~work=1616~queue=empty~quiet=true~permanent=3863084609526196246~complete=14284669110970128742;blocked:outward=0~return=0~updates=0~work=2273~queue=empty~quiet=true~permanent=10655183457381379456~complete=6016863301026895472;stale:outward=0~return=0~updates=0~work=1334~queue=empty~quiet=true~permanent=15713944471908553515~complete=1269178308246439172;duplicate_recursive:outward=1~return=1~updates=1~work=2590~queue=empty~quiet=true~permanent=16312923854714312567~complete=9279277441088194656;zero_length:outward=1~return=0~updates=0~work=16~queue=empty~quiet=true~permanent=9147503021657395614~complete=14762029727780918994;duplicate_physical:outward=1~return=0~updates=0~work=23~queue=empty~quiet=true~permanent=14191216372615091024~complete=16831771237355503749;open:outward=0~return=0~updates=0~work=7~queue=empty~quiet=true~permanent=5276605589834823579~complete=17682271138659496737;aged:outward=0~return=0~updates=0~work=7~queue=empty~quiet=true~permanent=18209581969350372554~complete=7617612028168983674;branch:outward=0~return=0~updates=0~work=54~queue=empty~quiet=true~permanent=17688951149375110512~complete=10508965925889748594;cycle:outward=0~return=0~updates=0~work=17~queue=empty~quiet=true~permanent=1249178262212365102~complete=5017228064525855877,primary=5488|5488;uninterrupted=5488|5488;incomplete=5488|5488;duplicate=5488|5488;blocked=5488|5488;stale=5488|5552;cumulative=2304|2304,14788,5552,true,true,pass=true~first_m=2~first_u=2~first_w=713~first_q=true~second_m=2~second_u=2~second_w=753~second_q=true~heldout_o=1~heldout_m=0~heldout_u=0~heldout_w=514~heldout_q=true~coupling=2|2~resistance=6|6~before=2304~after=2304,true,bounded_same_body_memory,none
864010,3710894693416960,false,true,137,formation=learn_twice;complete=all@61;incomplete=omit4@70;blocked=resistance0@61;stale=once_age@111;compact=direct_open_fork_ring@0+aged@10;px7=train@0+10+heldout@20,2,completed_exactly_once,completed.outward==1,outward=1~return=1~updates=1~work=2478~queue=empty~quiet=true~permanent=16312923854714312567~complete=13012356261812517484,true,formation:outward=2~return=2~updates=12~work=14788~queue=empty~quiet=true~permanent=16756616959174656613~complete=5223079151935502572;completed:outward=1~return=1~updates=1~work=2478~queue=empty~quiet=true~permanent=16312923854714312567~complete=13012356261812517484;incomplete:outward=0~return=0~updates=0~work=1616~queue=empty~quiet=true~permanent=3863084609526196246~complete=14284669110970128742;blocked:outward=0~return=0~updates=0~work=2273~queue=empty~quiet=true~permanent=10655183457381379456~complete=6016863301026895472;stale:outward=0~return=0~updates=0~work=1334~queue=empty~quiet=true~permanent=15713944471908553515~complete=1269178308246439172;duplicate_recursive:outward=1~return=1~updates=1~work=2590~queue=empty~quiet=true~permanent=16312923854714312567~complete=9279277441088194656;zero_length:outward=1~return=0~updates=0~work=16~queue=empty~quiet=true~permanent=9147503021657395614~complete=14762029727780918994;duplicate_physical:outward=1~return=0~updates=0~work=23~queue=empty~quiet=true~permanent=14191216372615091024~complete=16831771237355503749;open:outward=0~return=0~updates=0~work=7~queue=empty~quiet=true~permanent=5276605589834823579~complete=17682271138659496737;aged:outward=0~return=0~updates=0~work=7~queue=empty~quiet=true~permanent=18209581969350372554~complete=7617612028168983674;branch:outward=0~return=0~updates=0~work=54~queue=empty~quiet=true~permanent=17688951149375110512~complete=10508965925889748594;cycle:outward=0~return=0~updates=0~work=17~queue=empty~quiet=true~permanent=1249178262212365102~complete=5017228064525855877,primary=5488|5488;uninterrupted=5488|5488;incomplete=5488|5488;duplicate=5488|5488;blocked=5488|5488;stale=5488|5552;cumulative=2304|2304,14788,5552,true,true,pass=true~first_m=2~first_u=2~first_w=713~first_q=true~second_m=2~second_u=2~second_w=753~second_q=true~heldout_o=1~heldout_m=0~heldout_u=0~heldout_w=514~heldout_q=true~coupling=2|2~resistance=6|6~before=2304~after=2304,true,bounded_same_body_memory,none
864010,3710894693416960,false,true,137,formation=learn_twice;complete=all@61;incomplete=omit4@70;blocked=resistance0@61;stale=once_age@111;compact=direct_open_fork_ring@0+aged@10;px7=train@0+10+heldout@20,3,completed_return_and_update,completed.return==1 && completed.updates==1,outward=1~return=1~updates=1~work=2478~queue=empty~quiet=true~permanent=16312923854714312567~complete=13012356261812517484,true,formation:outward=2~return=2~updates=12~work=14788~queue=empty~quiet=true~permanent=16756616959174656613~complete=5223079151935502572;completed:outward=1~return=1~updates=1~work=2478~queue=empty~quiet=true~permanent=16312923854714312567~complete=13012356261812517484;incomplete:outward=0~return=0~updates=0~work=1616~queue=empty~quiet=true~permanent=3863084609526196246~complete=14284669110970128742;blocked:outward=0~return=0~updates=0~work=2273~queue=empty~quiet=true~permanent=10655183457381379456~complete=6016863301026895472;stale:outward=0~return=0~updates=0~work=1334~queue=empty~quiet=true~permanent=15713944471908553515~complete=1269178308246439172;duplicate_recursive:outward=1~return=1~updates=1~work=2590~queue=empty~quiet=true~permanent=16312923854714312567~complete=9279277441088194656;zero_length:outward=1~return=0~updates=0~work=16~queue=empty~quiet=true~permanent=9147503021657395614~complete=14762029727780918994;duplicate_physical:outward=1~return=0~updates=0~work=23~queue=empty~quiet=true~permanent=14191216372615091024~complete=16831771237355503749;open:outward=0~return=0~updates=0~work=7~queue=empty~quiet=true~permanent=5276605589834823579~complete=17682271138659496737;aged:outward=0~return=0~updates=0~work=7~queue=empty~quiet=true~permanent=18209581969350372554~complete=7617612028168983674;branch:outward=0~return=0~updates=0~work=54~queue=empty~quiet=true~permanent=17688951149375110512~complete=10508965925889748594;cycle:outward=0~return=0~updates=0~work=17~queue=empty~quiet=true~permanent=1249178262212365102~complete=5017228064525855877,primary=5488|5488;uninterrupted=5488|5488;incomplete=5488|5488;duplicate=5488|5488;blocked=5488|5488;stale=5488|5552;cumulative=2304|2304,14788,5552,true,true,pass=true~first_m=2~first_u=2~first_w=713~first_q=true~second_m=2~second_u=2~second_w=753~second_q=true~heldout_o=1~heldout_m=0~heldout_u=0~heldout_w=514~heldout_q=true~coupling=2|2~resistance=6|6~before=2304~after=2304,true,bounded_same_body_memory,none
864010,3710894693416960,false,true,137,formation=learn_twice;complete=all@61;incomplete=omit4@70;blocked=resistance0@61;stale=once_age@111;compact=direct_open_fork_ring@0+aged@10;px7=train@0+10+heldout@20,4,incomplete_blocked_stale_silence,incomplete.outward==0 && blocked.outward==0 && stale.outward==0,incomplete=outward=0~return=0~updates=0~work=1616~queue=empty~quiet=true~permanent=3863084609526196246~complete=14284669110970128742~blocked=outward=0~return=0~updates=0~work=2273~queue=empty~quiet=true~permanent=10655183457381379456~complete=6016863301026895472~stale=outward=0~return=0~updates=0~work=1334~queue=empty~quiet=true~permanent=15713944471908553515~complete=1269178308246439172,true,formation:outward=2~return=2~updates=12~work=14788~queue=empty~quiet=true~permanent=16756616959174656613~complete=5223079151935502572;completed:outward=1~return=1~updates=1~work=2478~queue=empty~quiet=true~permanent=16312923854714312567~complete=13012356261812517484;incomplete:outward=0~return=0~updates=0~work=1616~queue=empty~quiet=true~permanent=3863084609526196246~complete=14284669110970128742;blocked:outward=0~return=0~updates=0~work=2273~queue=empty~quiet=true~permanent=10655183457381379456~complete=6016863301026895472;stale:outward=0~return=0~updates=0~work=1334~queue=empty~quiet=true~permanent=15713944471908553515~complete=1269178308246439172;duplicate_recursive:outward=1~return=1~updates=1~work=2590~queue=empty~quiet=true~permanent=16312923854714312567~complete=9279277441088194656;zero_length:outward=1~return=0~updates=0~work=16~queue=empty~quiet=true~permanent=9147503021657395614~complete=14762029727780918994;duplicate_physical:outward=1~return=0~updates=0~work=23~queue=empty~quiet=true~permanent=14191216372615091024~complete=16831771237355503749;open:outward=0~return=0~updates=0~work=7~queue=empty~quiet=true~permanent=5276605589834823579~complete=17682271138659496737;aged:outward=0~return=0~updates=0~work=7~queue=empty~quiet=true~permanent=18209581969350372554~complete=7617612028168983674;branch:outward=0~return=0~updates=0~work=54~queue=empty~quiet=true~permanent=17688951149375110512~complete=10508965925889748594;cycle:outward=0~return=0~updates=0~work=17~queue=empty~quiet=true~permanent=1249178262212365102~complete=5017228064525855877,primary=5488|5488;uninterrupted=5488|5488;incomplete=5488|5488;duplicate=5488|5488;blocked=5488|5488;stale=5488|5552;cumulative=2304|2304,14788,5552,true,true,pass=true~first_m=2~first_u=2~first_w=713~first_q=true~second_m=2~second_u=2~second_w=753~second_q=true~heldout_o=1~heldout_m=0~heldout_u=0~heldout_w=514~heldout_q=true~coupling=2|2~resistance=6|6~before=2304~after=2304,true,bounded_same_body_memory,none
864010,3710894693416960,false,true,137,formation=learn_twice;complete=all@61;incomplete=omit4@70;blocked=resistance0@61;stale=once_age@111;compact=direct_open_fork_ring@0+aged@10;px7=train@0+10+heldout@20,5,open_aged_silence,open.outward==0 && aged.outward==0,open=outward=0~return=0~updates=0~work=7~queue=empty~quiet=true~permanent=5276605589834823579~complete=17682271138659496737~aged=outward=0~return=0~updates=0~work=7~queue=empty~quiet=true~permanent=18209581969350372554~complete=7617612028168983674,true,formation:outward=2~return=2~updates=12~work=14788~queue=empty~quiet=true~permanent=16756616959174656613~complete=5223079151935502572;completed:outward=1~return=1~updates=1~work=2478~queue=empty~quiet=true~permanent=16312923854714312567~complete=13012356261812517484;incomplete:outward=0~return=0~updates=0~work=1616~queue=empty~quiet=true~permanent=3863084609526196246~complete=14284669110970128742;blocked:outward=0~return=0~updates=0~work=2273~queue=empty~quiet=true~permanent=10655183457381379456~complete=6016863301026895472;stale:outward=0~return=0~updates=0~work=1334~queue=empty~quiet=true~permanent=15713944471908553515~complete=1269178308246439172;duplicate_recursive:outward=1~return=1~updates=1~work=2590~queue=empty~quiet=true~permanent=16312923854714312567~complete=9279277441088194656;zero_length:outward=1~return=0~updates=0~work=16~queue=empty~quiet=true~permanent=9147503021657395614~complete=14762029727780918994;duplicate_physical:outward=1~return=0~updates=0~work=23~queue=empty~quiet=true~permanent=14191216372615091024~complete=16831771237355503749;open:outward=0~return=0~updates=0~work=7~queue=empty~quiet=true~permanent=5276605589834823579~complete=17682271138659496737;aged:outward=0~return=0~updates=0~work=7~queue=empty~quiet=true~permanent=18209581969350372554~complete=7617612028168983674;branch:outward=0~return=0~updates=0~work=54~queue=empty~quiet=true~permanent=17688951149375110512~complete=10508965925889748594;cycle:outward=0~return=0~updates=0~work=17~queue=empty~quiet=true~permanent=1249178262212365102~complete=5017228064525855877,primary=5488|5488;uninterrupted=5488|5488;incomplete=5488|5488;duplicate=5488|5488;blocked=5488|5488;stale=5488|5552;cumulative=2304|2304,14788,5552,true,true,pass=true~first_m=2~first_u=2~first_w=713~first_q=true~second_m=2~second_u=2~second_w=753~second_q=true~heldout_o=1~heldout_m=0~heldout_u=0~heldout_w=514~heldout_q=true~coupling=2|2~resistance=6|6~before=2304~after=2304,true,bounded_same_body_memory,none
864010,3710894693416960,false,true,137,formation=learn_twice;complete=all@61;incomplete=omit4@70;blocked=resistance0@61;stale=once_age@111;compact=direct_open_fork_ring@0+aged@10;px7=train@0+10+heldout@20,6,zero_length_exactly_once,zero_length.outward==1,outward=1~return=0~updates=0~work=16~queue=empty~quiet=true~permanent=9147503021657395614~complete=14762029727780918994,true,formation:outward=2~return=2~updates=12~work=14788~queue=empty~quiet=true~permanent=16756616959174656613~complete=5223079151935502572;completed:outward=1~return=1~updates=1~work=2478~queue=empty~quiet=true~permanent=16312923854714312567~complete=13012356261812517484;incomplete:outward=0~return=0~updates=0~work=1616~queue=empty~quiet=true~permanent=3863084609526196246~complete=14284669110970128742;blocked:outward=0~return=0~updates=0~work=2273~queue=empty~quiet=true~permanent=10655183457381379456~complete=6016863301026895472;stale:outward=0~return=0~updates=0~work=1334~queue=empty~quiet=true~permanent=15713944471908553515~complete=1269178308246439172;duplicate_recursive:outward=1~return=1~updates=1~work=2590~queue=empty~quiet=true~permanent=16312923854714312567~complete=9279277441088194656;zero_length:outward=1~return=0~updates=0~work=16~queue=empty~quiet=true~permanent=9147503021657395614~complete=14762029727780918994;duplicate_physical:outward=1~return=0~updates=0~work=23~queue=empty~quiet=true~permanent=14191216372615091024~complete=16831771237355503749;open:outward=0~return=0~updates=0~work=7~queue=empty~quiet=true~permanent=5276605589834823579~complete=17682271138659496737;aged:outward=0~return=0~updates=0~work=7~queue=empty~quiet=true~permanent=18209581969350372554~complete=7617612028168983674;branch:outward=0~return=0~updates=0~work=54~queue=empty~quiet=true~permanent=17688951149375110512~complete=10508965925889748594;cycle:outward=0~return=0~updates=0~work=17~queue=empty~quiet=true~permanent=1249178262212365102~complete=5017228064525855877,primary=5488|5488;uninterrupted=5488|5488;incomplete=5488|5488;duplicate=5488|5488;blocked=5488|5488;stale=5488|5552;cumulative=2304|2304,14788,5552,true,true,pass=true~first_m=2~first_u=2~first_w=713~first_q=true~second_m=2~second_u=2~second_w=753~second_q=true~heldout_o=1~heldout_m=0~heldout_u=0~heldout_w=514~heldout_q=true~coupling=2|2~resistance=6|6~before=2304~after=2304,true,bounded_same_body_memory,none
864010,3710894693416960,false,true,137,formation=learn_twice;complete=all@61;incomplete=omit4@70;blocked=resistance0@61;stale=once_age@111;compact=direct_open_fork_ring@0+aged@10;px7=train@0+10+heldout@20,7,duplicates_exactly_once,duplicate_physical.outward==1 && duplicate_recursive.outward==1,physical=outward=1~return=0~updates=0~work=23~queue=empty~quiet=true~permanent=14191216372615091024~complete=16831771237355503749~recursive=outward=1~return=1~updates=1~work=2590~queue=empty~quiet=true~permanent=16312923854714312567~complete=9279277441088194656,true,formation:outward=2~return=2~updates=12~work=14788~queue=empty~quiet=true~permanent=16756616959174656613~complete=5223079151935502572;completed:outward=1~return=1~updates=1~work=2478~queue=empty~quiet=true~permanent=16312923854714312567~complete=13012356261812517484;incomplete:outward=0~return=0~updates=0~work=1616~queue=empty~quiet=true~permanent=3863084609526196246~complete=14284669110970128742;blocked:outward=0~return=0~updates=0~work=2273~queue=empty~quiet=true~permanent=10655183457381379456~complete=6016863301026895472;stale:outward=0~return=0~updates=0~work=1334~queue=empty~quiet=true~permanent=15713944471908553515~complete=1269178308246439172;duplicate_recursive:outward=1~return=1~updates=1~work=2590~queue=empty~quiet=true~permanent=16312923854714312567~complete=9279277441088194656;zero_length:outward=1~return=0~updates=0~work=16~queue=empty~quiet=true~permanent=9147503021657395614~complete=14762029727780918994;duplicate_physical:outward=1~return=0~updates=0~work=23~queue=empty~quiet=true~permanent=14191216372615091024~complete=16831771237355503749;open:outward=0~return=0~updates=0~work=7~queue=empty~quiet=true~permanent=5276605589834823579~complete=17682271138659496737;aged:outward=0~return=0~updates=0~work=7~queue=empty~quiet=true~permanent=18209581969350372554~complete=7617612028168983674;branch:outward=0~return=0~updates=0~work=54~queue=empty~quiet=true~permanent=17688951149375110512~complete=10508965925889748594;cycle:outward=0~return=0~updates=0~work=17~queue=empty~quiet=true~permanent=1249178262212365102~complete=5017228064525855877,primary=5488|5488;uninterrupted=5488|5488;incomplete=5488|5488;duplicate=5488|5488;blocked=5488|5488;stale=5488|5552;cumulative=2304|2304,14788,5552,true,true,pass=true~first_m=2~first_u=2~first_w=713~first_q=true~second_m=2~second_u=2~second_w=753~second_q=true~heldout_o=1~heldout_m=0~heldout_u=0~heldout_w=514~heldout_q=true~coupling=2|2~resistance=6|6~before=2304~after=2304,true,bounded_same_body_memory,none
864010,3710894693416960,false,true,137,formation=learn_twice;complete=all@61;incomplete=omit4@70;blocked=resistance0@61;stale=once_age@111;compact=direct_open_fork_ring@0+aged@10;px7=train@0+10+heldout@20,8,branch_cycle_silence,branch.outward==0 && cycle.outward==0,branch=outward=0~return=0~updates=0~work=54~queue=empty~quiet=true~permanent=17688951149375110512~complete=10508965925889748594~cycle=outward=0~return=0~updates=0~work=17~queue=empty~quiet=true~permanent=1249178262212365102~complete=5017228064525855877,true,formation:outward=2~return=2~updates=12~work=14788~queue=empty~quiet=true~permanent=16756616959174656613~complete=5223079151935502572;completed:outward=1~return=1~updates=1~work=2478~queue=empty~quiet=true~permanent=16312923854714312567~complete=13012356261812517484;incomplete:outward=0~return=0~updates=0~work=1616~queue=empty~quiet=true~permanent=3863084609526196246~complete=14284669110970128742;blocked:outward=0~return=0~updates=0~work=2273~queue=empty~quiet=true~permanent=10655183457381379456~complete=6016863301026895472;stale:outward=0~return=0~updates=0~work=1334~queue=empty~quiet=true~permanent=15713944471908553515~complete=1269178308246439172;duplicate_recursive:outward=1~return=1~updates=1~work=2590~queue=empty~quiet=true~permanent=16312923854714312567~complete=9279277441088194656;zero_length:outward=1~return=0~updates=0~work=16~queue=empty~quiet=true~permanent=9147503021657395614~complete=14762029727780918994;duplicate_physical:outward=1~return=0~updates=0~work=23~queue=empty~quiet=true~permanent=14191216372615091024~complete=16831771237355503749;open:outward=0~return=0~updates=0~work=7~queue=empty~quiet=true~permanent=5276605589834823579~complete=17682271138659496737;aged:outward=0~return=0~updates=0~work=7~queue=empty~quiet=true~permanent=18209581969350372554~complete=7617612028168983674;branch:outward=0~return=0~updates=0~work=54~queue=empty~quiet=true~permanent=17688951149375110512~complete=10508965925889748594;cycle:outward=0~return=0~updates=0~work=17~queue=empty~quiet=true~permanent=1249178262212365102~complete=5017228064525855877,primary=5488|5488;uninterrupted=5488|5488;incomplete=5488|5488;duplicate=5488|5488;blocked=5488|5488;stale=5488|5552;cumulative=2304|2304,14788,5552,true,true,pass=true~first_m=2~first_u=2~first_w=713~first_q=true~second_m=2~second_u=2~second_w=753~second_q=true~heldout_o=1~heldout_m=0~heldout_u=0~heldout_w=514~heldout_q=true~coupling=2|2~resistance=6|6~before=2304~after=2304,true,bounded_same_body_memory,none
864010,3710894693416960,false,true,137,formation=learn_twice;complete=all@61;incomplete=omit4@70;blocked=resistance0@61;stale=once_age@111;compact=direct_open_fork_ring@0+aged@10;px7=train@0+10+heldout@20,9,pause_resume,pause_stable && resume_equal,pause_stable=true~resume_equal=true,true,formation:outward=2~return=2~updates=12~work=14788~queue=empty~quiet=true~permanent=16756616959174656613~complete=5223079151935502572;completed:outward=1~return=1~updates=1~work=2478~queue=empty~quiet=true~permanent=16312923854714312567~complete=13012356261812517484;incomplete:outward=0~return=0~updates=0~work=1616~queue=empty~quiet=true~permanent=3863084609526196246~complete=14284669110970128742;blocked:outward=0~return=0~updates=0~work=2273~queue=empty~quiet=true~permanent=10655183457381379456~complete=6016863301026895472;stale:outward=0~return=0~updates=0~work=1334~queue=empty~quiet=true~permanent=15713944471908553515~complete=1269178308246439172;duplicate_recursive:outward=1~return=1~updates=1~work=2590~queue=empty~quiet=true~permanent=16312923854714312567~complete=9279277441088194656;zero_length:outward=1~return=0~updates=0~work=16~queue=empty~quiet=true~permanent=9147503021657395614~complete=14762029727780918994;duplicate_physical:outward=1~return=0~updates=0~work=23~queue=empty~quiet=true~permanent=14191216372615091024~complete=16831771237355503749;open:outward=0~return=0~updates=0~work=7~queue=empty~quiet=true~permanent=5276605589834823579~complete=17682271138659496737;aged:outward=0~return=0~updates=0~work=7~queue=empty~quiet=true~permanent=18209581969350372554~complete=7617612028168983674;branch:outward=0~return=0~updates=0~work=54~queue=empty~quiet=true~permanent=17688951149375110512~complete=10508965925889748594;cycle:outward=0~return=0~updates=0~work=17~queue=empty~quiet=true~permanent=1249178262212365102~complete=5017228064525855877,primary=5488|5488;uninterrupted=5488|5488;incomplete=5488|5488;duplicate=5488|5488;blocked=5488|5488;stale=5488|5552;cumulative=2304|2304,14788,5552,true,true,pass=true~first_m=2~first_u=2~first_w=713~first_q=true~second_m=2~second_u=2~second_w=753~second_q=true~heldout_o=1~heldout_m=0~heldout_u=0~heldout_w=514~heldout_q=true~coupling=2|2~resistance=6|6~before=2304~after=2304,true,bounded_same_body_memory,none
864010,3710894693416960,false,true,137,formation=learn_twice;complete=all@61;incomplete=omit4@70;blocked=resistance0@61;stale=once_age@111;compact=direct_open_fork_ring@0+aged@10;px7=train@0+10+heldout@20,10,natural_quiescence,all queues empty and naturally quiescent,quiet=true~queue=empty,true,formation:outward=2~return=2~updates=12~work=14788~queue=empty~quiet=true~permanent=16756616959174656613~complete=5223079151935502572;completed:outward=1~return=1~updates=1~work=2478~queue=empty~quiet=true~permanent=16312923854714312567~complete=13012356261812517484;incomplete:outward=0~return=0~updates=0~work=1616~queue=empty~quiet=true~permanent=3863084609526196246~complete=14284669110970128742;blocked:outward=0~return=0~updates=0~work=2273~queue=empty~quiet=true~permanent=10655183457381379456~complete=6016863301026895472;stale:outward=0~return=0~updates=0~work=1334~queue=empty~quiet=true~permanent=15713944471908553515~complete=1269178308246439172;duplicate_recursive:outward=1~return=1~updates=1~work=2590~queue=empty~quiet=true~permanent=16312923854714312567~complete=9279277441088194656;zero_length:outward=1~return=0~updates=0~work=16~queue=empty~quiet=true~permanent=9147503021657395614~complete=14762029727780918994;duplicate_physical:outward=1~return=0~updates=0~work=23~queue=empty~quiet=true~permanent=14191216372615091024~complete=16831771237355503749;open:outward=0~return=0~updates=0~work=7~queue=empty~quiet=true~permanent=5276605589834823579~complete=17682271138659496737;aged:outward=0~return=0~updates=0~work=7~queue=empty~quiet=true~permanent=18209581969350372554~complete=7617612028168983674;branch:outward=0~return=0~updates=0~work=54~queue=empty~quiet=true~permanent=17688951149375110512~complete=10508965925889748594;cycle:outward=0~return=0~updates=0~work=17~queue=empty~quiet=true~permanent=1249178262212365102~complete=5017228064525855877,primary=5488|5488;uninterrupted=5488|5488;incomplete=5488|5488;duplicate=5488|5488;blocked=5488|5488;stale=5488|5552;cumulative=2304|2304,14788,5552,true,true,pass=true~first_m=2~first_u=2~first_w=713~first_q=true~second_m=2~second_u=2~second_w=753~second_q=true~heldout_o=1~heldout_m=0~heldout_u=0~heldout_w=514~heldout_q=true~coupling=2|2~resistance=6|6~before=2304~after=2304,true,bounded_same_body_memory,none
864010,3710894693416960,false,true,137,formation=learn_twice;complete=all@61;incomplete=omit4@70;blocked=resistance0@61;stale=once_age@111;compact=direct_open_fork_ring@0+aged@10;px7=train@0+10+heldout@20,11,bounded_work,maximum_work<=20000,maximum_work=14788,true,formation:outward=2~return=2~updates=12~work=14788~queue=empty~quiet=true~permanent=16756616959174656613~complete=5223079151935502572;completed:outward=1~return=1~updates=1~work=2478~queue=empty~quiet=true~permanent=16312923854714312567~complete=13012356261812517484;incomplete:outward=0~return=0~updates=0~work=1616~queue=empty~quiet=true~permanent=3863084609526196246~complete=14284669110970128742;blocked:outward=0~return=0~updates=0~work=2273~queue=empty~quiet=true~permanent=10655183457381379456~complete=6016863301026895472;stale:outward=0~return=0~updates=0~work=1334~queue=empty~quiet=true~permanent=15713944471908553515~complete=1269178308246439172;duplicate_recursive:outward=1~return=1~updates=1~work=2590~queue=empty~quiet=true~permanent=16312923854714312567~complete=9279277441088194656;zero_length:outward=1~return=0~updates=0~work=16~queue=empty~quiet=true~permanent=9147503021657395614~complete=14762029727780918994;duplicate_physical:outward=1~return=0~updates=0~work=23~queue=empty~quiet=true~permanent=14191216372615091024~complete=16831771237355503749;open:outward=0~return=0~updates=0~work=7~queue=empty~quiet=true~permanent=5276605589834823579~complete=17682271138659496737;aged:outward=0~return=0~updates=0~work=7~queue=empty~quiet=true~permanent=18209581969350372554~complete=7617612028168983674;branch:outward=0~return=0~updates=0~work=54~queue=empty~quiet=true~permanent=17688951149375110512~complete=10508965925889748594;cycle:outward=0~return=0~updates=0~work=17~queue=empty~quiet=true~permanent=1249178262212365102~complete=5017228064525855877,primary=5488|5488;uninterrupted=5488|5488;incomplete=5488|5488;duplicate=5488|5488;blocked=5488|5488;stale=5488|5552;cumulative=2304|2304,14788,5552,true,true,pass=true~first_m=2~first_u=2~first_w=713~first_q=true~second_m=2~second_u=2~second_w=753~second_q=true~heldout_o=1~heldout_m=0~heldout_u=0~heldout_w=514~heldout_q=true~coupling=2|2~resistance=6|6~before=2304~after=2304,true,bounded_same_body_memory,none
864010,3710894693416960,false,true,137,formation=learn_twice;complete=all@61;incomplete=omit4@70;blocked=resistance0@61;stale=once_age@111;compact=direct_open_fork_ring@0+aged@10;px7=train@0+10+heldout@20,12,bounded_same_body_memory,maximum_bytes<=8192 && all seven before==after,maximum_bytes=5552~pairs=primary=5488|5488;uninterrupted=5488|5488;incomplete=5488|5488;duplicate=5488|5488;blocked=5488|5488;stale=5488|5552;cumulative=2304|2304~stable=false,false,formation:outward=2~return=2~updates=12~work=14788~queue=empty~quiet=true~permanent=16756616959174656613~complete=5223079151935502572;completed:outward=1~return=1~updates=1~work=2478~queue=empty~quiet=true~permanent=16312923854714312567~complete=13012356261812517484;incomplete:outward=0~return=0~updates=0~work=1616~queue=empty~quiet=true~permanent=3863084609526196246~complete=14284669110970128742;blocked:outward=0~return=0~updates=0~work=2273~queue=empty~quiet=true~permanent=10655183457381379456~complete=6016863301026895472;stale:outward=0~return=0~updates=0~work=1334~queue=empty~quiet=true~permanent=15713944471908553515~complete=1269178308246439172;duplicate_recursive:outward=1~return=1~updates=1~work=2590~queue=empty~quiet=true~permanent=16312923854714312567~complete=9279277441088194656;zero_length:outward=1~return=0~updates=0~work=16~queue=empty~quiet=true~permanent=9147503021657395614~complete=14762029727780918994;duplicate_physical:outward=1~return=0~updates=0~work=23~queue=empty~quiet=true~permanent=14191216372615091024~complete=16831771237355503749;open:outward=0~return=0~updates=0~work=7~queue=empty~quiet=true~permanent=5276605589834823579~complete=17682271138659496737;aged:outward=0~return=0~updates=0~work=7~queue=empty~quiet=true~permanent=18209581969350372554~complete=7617612028168983674;branch:outward=0~return=0~updates=0~work=54~queue=empty~quiet=true~permanent=17688951149375110512~complete=10508965925889748594;cycle:outward=0~return=0~updates=0~work=17~queue=empty~quiet=true~permanent=1249178262212365102~complete=5017228064525855877,primary=5488|5488;uninterrupted=5488|5488;incomplete=5488|5488;duplicate=5488|5488;blocked=5488|5488;stale=5488|5552;cumulative=2304|2304,14788,5552,true,true,pass=true~first_m=2~first_u=2~first_w=713~first_q=true~second_m=2~second_u=2~second_w=753~second_q=true~heldout_o=1~heldout_m=0~heldout_u=0~heldout_w=514~heldout_q=true~coupling=2|2~resistance=6|6~before=2304~after=2304,true,bounded_same_body_memory,none
864010,3710894693416960,false,true,137,formation=learn_twice;complete=all@61;incomplete=omit4@70;blocked=resistance0@61;stale=once_age@111;compact=direct_open_fork_ring@0+aged@10;px7=train@0+10+heldout@20,13,cumulative_px0_px7_lrc,PX7 training/heldout/return/quiet/stability pass,pass=true~first_m=2~first_u=2~first_w=713~first_q=true~second_m=2~second_u=2~second_w=753~second_q=true~heldout_o=1~heldout_m=0~heldout_u=0~heldout_w=514~heldout_q=true~coupling=2|2~resistance=6|6~before=2304~after=2304,true,formation:outward=2~return=2~updates=12~work=14788~queue=empty~quiet=true~permanent=16756616959174656613~complete=5223079151935502572;completed:outward=1~return=1~updates=1~work=2478~queue=empty~quiet=true~permanent=16312923854714312567~complete=13012356261812517484;incomplete:outward=0~return=0~updates=0~work=1616~queue=empty~quiet=true~permanent=3863084609526196246~complete=14284669110970128742;blocked:outward=0~return=0~updates=0~work=2273~queue=empty~quiet=true~permanent=10655183457381379456~complete=6016863301026895472;stale:outward=0~return=0~updates=0~work=1334~queue=empty~quiet=true~permanent=15713944471908553515~complete=1269178308246439172;duplicate_recursive:outward=1~return=1~updates=1~work=2590~queue=empty~quiet=true~permanent=16312923854714312567~complete=9279277441088194656;zero_length:outward=1~return=0~updates=0~work=16~queue=empty~quiet=true~permanent=9147503021657395614~complete=14762029727780918994;duplicate_physical:outward=1~return=0~updates=0~work=23~queue=empty~quiet=true~permanent=14191216372615091024~complete=16831771237355503749;open:outward=0~return=0~updates=0~work=7~queue=empty~quiet=true~permanent=5276605589834823579~complete=17682271138659496737;aged:outward=0~return=0~updates=0~work=7~queue=empty~quiet=true~permanent=18209581969350372554~complete=7617612028168983674;branch:outward=0~return=0~updates=0~work=54~queue=empty~quiet=true~permanent=17688951149375110512~complete=10508965925889748594;cycle:outward=0~return=0~updates=0~work=17~queue=empty~quiet=true~permanent=1249178262212365102~complete=5017228064525855877,primary=5488|5488;uninterrupted=5488|5488;incomplete=5488|5488;duplicate=5488|5488;blocked=5488|5488;stale=5488|5552;cumulative=2304|2304,14788,5552,true,true,pass=true~first_m=2~first_u=2~first_w=713~first_q=true~second_m=2~second_u=2~second_w=753~second_q=true~heldout_o=1~heldout_m=0~heldout_u=0~heldout_w=514~heldout_q=true~coupling=2|2~resistance=6|6~before=2304~after=2304,true,bounded_same_body_memory,none
864010,3710894693416960,false,true,137,formation=learn_twice;complete=all@61;incomplete=omit4@70;blocked=resistance0@61;stale=once_age@111;compact=direct_open_fork_ring@0+aged@10;px7=train@0+10+heldout@20,14,exact_replay,independent Trial values exactly equal,exact=true~first_divergence=none,true,formation:outward=2~return=2~updates=12~work=14788~queue=empty~quiet=true~permanent=16756616959174656613~complete=5223079151935502572;completed:outward=1~return=1~updates=1~work=2478~queue=empty~quiet=true~permanent=16312923854714312567~complete=13012356261812517484;incomplete:outward=0~return=0~updates=0~work=1616~queue=empty~quiet=true~permanent=3863084609526196246~complete=14284669110970128742;blocked:outward=0~return=0~updates=0~work=2273~queue=empty~quiet=true~permanent=10655183457381379456~complete=6016863301026895472;stale:outward=0~return=0~updates=0~work=1334~queue=empty~quiet=true~permanent=15713944471908553515~complete=1269178308246439172;duplicate_recursive:outward=1~return=1~updates=1~work=2590~queue=empty~quiet=true~permanent=16312923854714312567~complete=9279277441088194656;zero_length:outward=1~return=0~updates=0~work=16~queue=empty~quiet=true~permanent=9147503021657395614~complete=14762029727780918994;duplicate_physical:outward=1~return=0~updates=0~work=23~queue=empty~quiet=true~permanent=14191216372615091024~complete=16831771237355503749;open:outward=0~return=0~updates=0~work=7~queue=empty~quiet=true~permanent=5276605589834823579~complete=17682271138659496737;aged:outward=0~return=0~updates=0~work=7~queue=empty~quiet=true~permanent=18209581969350372554~complete=7617612028168983674;branch:outward=0~return=0~updates=0~work=54~queue=empty~quiet=true~permanent=17688951149375110512~complete=10508965925889748594;cycle:outward=0~return=0~updates=0~work=17~queue=empty~quiet=true~permanent=1249178262212365102~complete=5017228064525855877,primary=5488|5488;uninterrupted=5488|5488;incomplete=5488|5488;duplicate=5488|5488;blocked=5488|5488;stale=5488|5552;cumulative=2304|2304,14788,5552,true,true,pass=true~first_m=2~first_u=2~first_w=713~first_q=true~second_m=2~second_u=2~second_w=753~second_q=true~heldout_o=1~heldout_m=0~heldout_u=0~heldout_w=514~heldout_q=true~coupling=2|2~resistance=6|6~before=2304~after=2304,true,bounded_same_body_memory,none
864011,3710898988384256,false,true,274,formation=learn_twice;complete=all@61;incomplete=omit4@70;blocked=resistance0@61;stale=once_age@111;compact=direct_open_fork_ring@0+aged@10;px7=train@0+10+heldout@20,1,formation_modulation_and_updates,formation.updates>0 && formation.inward_modulation>0,outward=2~return=2~updates=12~work=14758~queue=empty~quiet=true~permanent=18336201778928120618~complete=15877384570917948263,true,formation:outward=2~return=2~updates=12~work=14758~queue=empty~quiet=true~permanent=18336201778928120618~complete=15877384570917948263;completed:outward=1~return=1~updates=1~work=2473~queue=empty~quiet=true~permanent=17659339252005159912~complete=3896819618536989227;incomplete:outward=0~return=0~updates=0~work=1611~queue=empty~quiet=true~permanent=8444065068609135937~complete=3882395979891122331;blocked:outward=0~return=0~updates=0~work=2268~queue=empty~quiet=true~permanent=8523019512992951459~complete=1046652560914536155;stale:outward=0~return=0~updates=0~work=1334~queue=empty~quiet=true~permanent=7836594538496048255~complete=8340224688861898030;duplicate_recursive:outward=1~return=1~updates=1~work=2585~queue=empty~quiet=true~permanent=17659339252005159912~complete=7629898439261312055;zero_length:outward=1~return=0~updates=0~work=16~queue=empty~quiet=true~permanent=7163450820777377536~complete=393829195822866396;duplicate_physical:outward=1~return=0~updates=0~work=23~queue=empty~quiet=true~permanent=9281006277571407638~complete=6248594957926986123;open:outward=0~return=0~updates=0~work=7~queue=empty~quiet=true~permanent=5982882181486089777~complete=16585392859894134031;aged:outward=0~return=0~updates=0~work=7~queue=empty~quiet=true~permanent=219971334149460472~complete=14406885431446376412;branch:outward=0~return=0~updates=0~work=54~queue=empty~quiet=true~permanent=13206788115046199835~complete=806638057504924841;cycle:outward=0~return=0~updates=0~work=17~queue=empty~quiet=true~permanent=6315157530054524602~complete=10684073578261370445,primary=5488|5488;uninterrupted=5488|5488;incomplete=5488|5488;duplicate=5488|5488;blocked=5488|5488;stale=5488|5552;cumulative=2304|2304,14758,5552,true,true,pass=true~first_m=2~first_u=2~first_w=713~first_q=true~second_m=2~second_u=2~second_w=753~second_q=true~heldout_o=1~heldout_m=0~heldout_u=0~heldout_w=514~heldout_q=true~coupling=2|2~resistance=6|6~before=2304~after=2304,true,bounded_same_body_memory,none
864011,3710898988384256,false,true,274,formation=learn_twice;complete=all@61;incomplete=omit4@70;blocked=resistance0@61;stale=once_age@111;compact=direct_open_fork_ring@0+aged@10;px7=train@0+10+heldout@20,2,completed_exactly_once,completed.outward==1,outward=1~return=1~updates=1~work=2473~queue=empty~quiet=true~permanent=17659339252005159912~complete=3896819618536989227,true,formation:outward=2~return=2~updates=12~work=14758~queue=empty~quiet=true~permanent=18336201778928120618~complete=15877384570917948263;completed:outward=1~return=1~updates=1~work=2473~queue=empty~quiet=true~permanent=17659339252005159912~complete=3896819618536989227;incomplete:outward=0~return=0~updates=0~work=1611~queue=empty~quiet=true~permanent=8444065068609135937~complete=3882395979891122331;blocked:outward=0~return=0~updates=0~work=2268~queue=empty~quiet=true~permanent=8523019512992951459~complete=1046652560914536155;stale:outward=0~return=0~updates=0~work=1334~queue=empty~quiet=true~permanent=7836594538496048255~complete=8340224688861898030;duplicate_recursive:outward=1~return=1~updates=1~work=2585~queue=empty~quiet=true~permanent=17659339252005159912~complete=7629898439261312055;zero_length:outward=1~return=0~updates=0~work=16~queue=empty~quiet=true~permanent=7163450820777377536~complete=393829195822866396;duplicate_physical:outward=1~return=0~updates=0~work=23~queue=empty~quiet=true~permanent=9281006277571407638~complete=6248594957926986123;open:outward=0~return=0~updates=0~work=7~queue=empty~quiet=true~permanent=5982882181486089777~complete=16585392859894134031;aged:outward=0~return=0~updates=0~work=7~queue=empty~quiet=true~permanent=219971334149460472~complete=14406885431446376412;branch:outward=0~return=0~updates=0~work=54~queue=empty~quiet=true~permanent=13206788115046199835~complete=806638057504924841;cycle:outward=0~return=0~updates=0~work=17~queue=empty~quiet=true~permanent=6315157530054524602~complete=10684073578261370445,primary=5488|5488;uninterrupted=5488|5488;incomplete=5488|5488;duplicate=5488|5488;blocked=5488|5488;stale=5488|5552;cumulative=2304|2304,14758,5552,true,true,pass=true~first_m=2~first_u=2~first_w=713~first_q=true~second_m=2~second_u=2~second_w=753~second_q=true~heldout_o=1~heldout_m=0~heldout_u=0~heldout_w=514~heldout_q=true~coupling=2|2~resistance=6|6~before=2304~after=2304,true,bounded_same_body_memory,none
864011,3710898988384256,false,true,274,formation=learn_twice;complete=all@61;incomplete=omit4@70;blocked=resistance0@61;stale=once_age@111;compact=direct_open_fork_ring@0+aged@10;px7=train@0+10+heldout@20,3,completed_return_and_update,completed.return==1 && completed.updates==1,outward=1~return=1~updates=1~work=2473~queue=empty~quiet=true~permanent=17659339252005159912~complete=3896819618536989227,true,formation:outward=2~return=2~updates=12~work=14758~queue=empty~quiet=true~permanent=18336201778928120618~complete=15877384570917948263;completed:outward=1~return=1~updates=1~work=2473~queue=empty~quiet=true~permanent=17659339252005159912~complete=3896819618536989227;incomplete:outward=0~return=0~updates=0~work=1611~queue=empty~quiet=true~permanent=8444065068609135937~complete=3882395979891122331;blocked:outward=0~return=0~updates=0~work=2268~queue=empty~quiet=true~permanent=8523019512992951459~complete=1046652560914536155;stale:outward=0~return=0~updates=0~work=1334~queue=empty~quiet=true~permanent=7836594538496048255~complete=8340224688861898030;duplicate_recursive:outward=1~return=1~updates=1~work=2585~queue=empty~quiet=true~permanent=17659339252005159912~complete=7629898439261312055;zero_length:outward=1~return=0~updates=0~work=16~queue=empty~quiet=true~permanent=7163450820777377536~complete=393829195822866396;duplicate_physical:outward=1~return=0~updates=0~work=23~queue=empty~quiet=true~permanent=9281006277571407638~complete=6248594957926986123;open:outward=0~return=0~updates=0~work=7~queue=empty~quiet=true~permanent=5982882181486089777~complete=16585392859894134031;aged:outward=0~return=0~updates=0~work=7~queue=empty~quiet=true~permanent=219971334149460472~complete=14406885431446376412;branch:outward=0~return=0~updates=0~work=54~queue=empty~quiet=true~permanent=13206788115046199835~complete=806638057504924841;cycle:outward=0~return=0~updates=0~work=17~queue=empty~quiet=true~permanent=6315157530054524602~complete=10684073578261370445,primary=5488|5488;uninterrupted=5488|5488;incomplete=5488|5488;duplicate=5488|5488;blocked=5488|5488;stale=5488|5552;cumulative=2304|2304,14758,5552,true,true,pass=true~first_m=2~first_u=2~first_w=713~first_q=true~second_m=2~second_u=2~second_w=753~second_q=true~heldout_o=1~heldout_m=0~heldout_u=0~heldout_w=514~heldout_q=true~coupling=2|2~resistance=6|6~before=2304~after=2304,true,bounded_same_body_memory,none
864011,3710898988384256,false,true,274,formation=learn_twice;complete=all@61;incomplete=omit4@70;blocked=resistance0@61;stale=once_age@111;compact=direct_open_fork_ring@0+aged@10;px7=train@0+10+heldout@20,4,incomplete_blocked_stale_silence,incomplete.outward==0 && blocked.outward==0 && stale.outward==0,incomplete=outward=0~return=0~updates=0~work=1611~queue=empty~quiet=true~permanent=8444065068609135937~complete=3882395979891122331~blocked=outward=0~return=0~updates=0~work=2268~queue=empty~quiet=true~permanent=8523019512992951459~complete=1046652560914536155~stale=outward=0~return=0~updates=0~work=1334~queue=empty~quiet=true~permanent=7836594538496048255~complete=8340224688861898030,true,formation:outward=2~return=2~updates=12~work=14758~queue=empty~quiet=true~permanent=18336201778928120618~complete=15877384570917948263;completed:outward=1~return=1~updates=1~work=2473~queue=empty~quiet=true~permanent=17659339252005159912~complete=3896819618536989227;incomplete:outward=0~return=0~updates=0~work=1611~queue=empty~quiet=true~permanent=8444065068609135937~complete=3882395979891122331;blocked:outward=0~return=0~updates=0~work=2268~queue=empty~quiet=true~permanent=8523019512992951459~complete=1046652560914536155;stale:outward=0~return=0~updates=0~work=1334~queue=empty~quiet=true~permanent=7836594538496048255~complete=8340224688861898030;duplicate_recursive:outward=1~return=1~updates=1~work=2585~queue=empty~quiet=true~permanent=17659339252005159912~complete=7629898439261312055;zero_length:outward=1~return=0~updates=0~work=16~queue=empty~quiet=true~permanent=7163450820777377536~complete=393829195822866396;duplicate_physical:outward=1~return=0~updates=0~work=23~queue=empty~quiet=true~permanent=9281006277571407638~complete=6248594957926986123;open:outward=0~return=0~updates=0~work=7~queue=empty~quiet=true~permanent=5982882181486089777~complete=16585392859894134031;aged:outward=0~return=0~updates=0~work=7~queue=empty~quiet=true~permanent=219971334149460472~complete=14406885431446376412;branch:outward=0~return=0~updates=0~work=54~queue=empty~quiet=true~permanent=13206788115046199835~complete=806638057504924841;cycle:outward=0~return=0~updates=0~work=17~queue=empty~quiet=true~permanent=6315157530054524602~complete=10684073578261370445,primary=5488|5488;uninterrupted=5488|5488;incomplete=5488|5488;duplicate=5488|5488;blocked=5488|5488;stale=5488|5552;cumulative=2304|2304,14758,5552,true,true,pass=true~first_m=2~first_u=2~first_w=713~first_q=true~second_m=2~second_u=2~second_w=753~second_q=true~heldout_o=1~heldout_m=0~heldout_u=0~heldout_w=514~heldout_q=true~coupling=2|2~resistance=6|6~before=2304~after=2304,true,bounded_same_body_memory,none
864011,3710898988384256,false,true,274,formation=learn_twice;complete=all@61;incomplete=omit4@70;blocked=resistance0@61;stale=once_age@111;compact=direct_open_fork_ring@0+aged@10;px7=train@0+10+heldout@20,5,open_aged_silence,open.outward==0 && aged.outward==0,open=outward=0~return=0~updates=0~work=7~queue=empty~quiet=true~permanent=5982882181486089777~complete=16585392859894134031~aged=outward=0~return=0~updates=0~work=7~queue=empty~quiet=true~permanent=219971334149460472~complete=14406885431446376412,true,formation:outward=2~return=2~updates=12~work=14758~queue=empty~quiet=true~permanent=18336201778928120618~complete=15877384570917948263;completed:outward=1~return=1~updates=1~work=2473~queue=empty~quiet=true~permanent=17659339252005159912~complete=3896819618536989227;incomplete:outward=0~return=0~updates=0~work=1611~queue=empty~quiet=true~permanent=8444065068609135937~complete=3882395979891122331;blocked:outward=0~return=0~updates=0~work=2268~queue=empty~quiet=true~permanent=8523019512992951459~complete=1046652560914536155;stale:outward=0~return=0~updates=0~work=1334~queue=empty~quiet=true~permanent=7836594538496048255~complete=8340224688861898030;duplicate_recursive:outward=1~return=1~updates=1~work=2585~queue=empty~quiet=true~permanent=17659339252005159912~complete=7629898439261312055;zero_length:outward=1~return=0~updates=0~work=16~queue=empty~quiet=true~permanent=7163450820777377536~complete=393829195822866396;duplicate_physical:outward=1~return=0~updates=0~work=23~queue=empty~quiet=true~permanent=9281006277571407638~complete=6248594957926986123;open:outward=0~return=0~updates=0~work=7~queue=empty~quiet=true~permanent=5982882181486089777~complete=16585392859894134031;aged:outward=0~return=0~updates=0~work=7~queue=empty~quiet=true~permanent=219971334149460472~complete=14406885431446376412;branch:outward=0~return=0~updates=0~work=54~queue=empty~quiet=true~permanent=13206788115046199835~complete=806638057504924841;cycle:outward=0~return=0~updates=0~work=17~queue=empty~quiet=true~permanent=6315157530054524602~complete=10684073578261370445,primary=5488|5488;uninterrupted=5488|5488;incomplete=5488|5488;duplicate=5488|5488;blocked=5488|5488;stale=5488|5552;cumulative=2304|2304,14758,5552,true,true,pass=true~first_m=2~first_u=2~first_w=713~first_q=true~second_m=2~second_u=2~second_w=753~second_q=true~heldout_o=1~heldout_m=0~heldout_u=0~heldout_w=514~heldout_q=true~coupling=2|2~resistance=6|6~before=2304~after=2304,true,bounded_same_body_memory,none
864011,3710898988384256,false,true,274,formation=learn_twice;complete=all@61;incomplete=omit4@70;blocked=resistance0@61;stale=once_age@111;compact=direct_open_fork_ring@0+aged@10;px7=train@0+10+heldout@20,6,zero_length_exactly_once,zero_length.outward==1,outward=1~return=0~updates=0~work=16~queue=empty~quiet=true~permanent=7163450820777377536~complete=393829195822866396,true,formation:outward=2~return=2~updates=12~work=14758~queue=empty~quiet=true~permanent=18336201778928120618~complete=15877384570917948263;completed:outward=1~return=1~updates=1~work=2473~queue=empty~quiet=true~permanent=17659339252005159912~complete=3896819618536989227;incomplete:outward=0~return=0~updates=0~work=1611~queue=empty~quiet=true~permanent=8444065068609135937~complete=3882395979891122331;blocked:outward=0~return=0~updates=0~work=2268~queue=empty~quiet=true~permanent=8523019512992951459~complete=1046652560914536155;stale:outward=0~return=0~updates=0~work=1334~queue=empty~quiet=true~permanent=7836594538496048255~complete=8340224688861898030;duplicate_recursive:outward=1~return=1~updates=1~work=2585~queue=empty~quiet=true~permanent=17659339252005159912~complete=7629898439261312055;zero_length:outward=1~return=0~updates=0~work=16~queue=empty~quiet=true~permanent=7163450820777377536~complete=393829195822866396;duplicate_physical:outward=1~return=0~updates=0~work=23~queue=empty~quiet=true~permanent=9281006277571407638~complete=6248594957926986123;open:outward=0~return=0~updates=0~work=7~queue=empty~quiet=true~permanent=5982882181486089777~complete=16585392859894134031;aged:outward=0~return=0~updates=0~work=7~queue=empty~quiet=true~permanent=219971334149460472~complete=14406885431446376412;branch:outward=0~return=0~updates=0~work=54~queue=empty~quiet=true~permanent=13206788115046199835~complete=806638057504924841;cycle:outward=0~return=0~updates=0~work=17~queue=empty~quiet=true~permanent=6315157530054524602~complete=10684073578261370445,primary=5488|5488;uninterrupted=5488|5488;incomplete=5488|5488;duplicate=5488|5488;blocked=5488|5488;stale=5488|5552;cumulative=2304|2304,14758,5552,true,true,pass=true~first_m=2~first_u=2~first_w=713~first_q=true~second_m=2~second_u=2~second_w=753~second_q=true~heldout_o=1~heldout_m=0~heldout_u=0~heldout_w=514~heldout_q=true~coupling=2|2~resistance=6|6~before=2304~after=2304,true,bounded_same_body_memory,none
864011,3710898988384256,false,true,274,formation=learn_twice;complete=all@61;incomplete=omit4@70;blocked=resistance0@61;stale=once_age@111;compact=direct_open_fork_ring@0+aged@10;px7=train@0+10+heldout@20,7,duplicates_exactly_once,duplicate_physical.outward==1 && duplicate_recursive.outward==1,physical=outward=1~return=0~updates=0~work=23~queue=empty~quiet=true~permanent=9281006277571407638~complete=6248594957926986123~recursive=outward=1~return=1~updates=1~work=2585~queue=empty~quiet=true~permanent=17659339252005159912~complete=7629898439261312055,true,formation:outward=2~return=2~updates=12~work=14758~queue=empty~quiet=true~permanent=18336201778928120618~complete=15877384570917948263;completed:outward=1~return=1~updates=1~work=2473~queue=empty~quiet=true~permanent=17659339252005159912~complete=3896819618536989227;incomplete:outward=0~return=0~updates=0~work=1611~queue=empty~quiet=true~permanent=8444065068609135937~complete=3882395979891122331;blocked:outward=0~return=0~updates=0~work=2268~queue=empty~quiet=true~permanent=8523019512992951459~complete=1046652560914536155;stale:outward=0~return=0~updates=0~work=1334~queue=empty~quiet=true~permanent=7836594538496048255~complete=8340224688861898030;duplicate_recursive:outward=1~return=1~updates=1~work=2585~queue=empty~quiet=true~permanent=17659339252005159912~complete=7629898439261312055;zero_length:outward=1~return=0~updates=0~work=16~queue=empty~quiet=true~permanent=7163450820777377536~complete=393829195822866396;duplicate_physical:outward=1~return=0~updates=0~work=23~queue=empty~quiet=true~permanent=9281006277571407638~complete=6248594957926986123;open:outward=0~return=0~updates=0~work=7~queue=empty~quiet=true~permanent=5982882181486089777~complete=16585392859894134031;aged:outward=0~return=0~updates=0~work=7~queue=empty~quiet=true~permanent=219971334149460472~complete=14406885431446376412;branch:outward=0~return=0~updates=0~work=54~queue=empty~quiet=true~permanent=13206788115046199835~complete=806638057504924841;cycle:outward=0~return=0~updates=0~work=17~queue=empty~quiet=true~permanent=6315157530054524602~complete=10684073578261370445,primary=5488|5488;uninterrupted=5488|5488;incomplete=5488|5488;duplicate=5488|5488;blocked=5488|5488;stale=5488|5552;cumulative=2304|2304,14758,5552,true,true,pass=true~first_m=2~first_u=2~first_w=713~first_q=true~second_m=2~second_u=2~second_w=753~second_q=true~heldout_o=1~heldout_m=0~heldout_u=0~heldout_w=514~heldout_q=true~coupling=2|2~resistance=6|6~before=2304~after=2304,true,bounded_same_body_memory,none
864011,3710898988384256,false,true,274,formation=learn_twice;complete=all@61;incomplete=omit4@70;blocked=resistance0@61;stale=once_age@111;compact=direct_open_fork_ring@0+aged@10;px7=train@0+10+heldout@20,8,branch_cycle_silence,branch.outward==0 && cycle.outward==0,branch=outward=0~return=0~updates=0~work=54~queue=empty~quiet=true~permanent=13206788115046199835~complete=806638057504924841~cycle=outward=0~return=0~updates=0~work=17~queue=empty~quiet=true~permanent=6315157530054524602~complete=10684073578261370445,true,formation:outward=2~return=2~updates=12~work=14758~queue=empty~quiet=true~permanent=18336201778928120618~complete=15877384570917948263;completed:outward=1~return=1~updates=1~work=2473~queue=empty~quiet=true~permanent=17659339252005159912~complete=3896819618536989227;incomplete:outward=0~return=0~updates=0~work=1611~queue=empty~quiet=true~permanent=8444065068609135937~complete=3882395979891122331;blocked:outward=0~return=0~updates=0~work=2268~queue=empty~quiet=true~permanent=8523019512992951459~complete=1046652560914536155;stale:outward=0~return=0~updates=0~work=1334~queue=empty~quiet=true~permanent=7836594538496048255~complete=8340224688861898030;duplicate_recursive:outward=1~return=1~updates=1~work=2585~queue=empty~quiet=true~permanent=17659339252005159912~complete=7629898439261312055;zero_length:outward=1~return=0~updates=0~work=16~queue=empty~quiet=true~permanent=7163450820777377536~complete=393829195822866396;duplicate_physical:outward=1~return=0~updates=0~work=23~queue=empty~quiet=true~permanent=9281006277571407638~complete=6248594957926986123;open:outward=0~return=0~updates=0~work=7~queue=empty~quiet=true~permanent=5982882181486089777~complete=16585392859894134031;aged:outward=0~return=0~updates=0~work=7~queue=empty~quiet=true~permanent=219971334149460472~complete=14406885431446376412;branch:outward=0~return=0~updates=0~work=54~queue=empty~quiet=true~permanent=13206788115046199835~complete=806638057504924841;cycle:outward=0~return=0~updates=0~work=17~queue=empty~quiet=true~permanent=6315157530054524602~complete=10684073578261370445,primary=5488|5488;uninterrupted=5488|5488;incomplete=5488|5488;duplicate=5488|5488;blocked=5488|5488;stale=5488|5552;cumulative=2304|2304,14758,5552,true,true,pass=true~first_m=2~first_u=2~first_w=713~first_q=true~second_m=2~second_u=2~second_w=753~second_q=true~heldout_o=1~heldout_m=0~heldout_u=0~heldout_w=514~heldout_q=true~coupling=2|2~resistance=6|6~before=2304~after=2304,true,bounded_same_body_memory,none
864011,3710898988384256,false,true,274,formation=learn_twice;complete=all@61;incomplete=omit4@70;blocked=resistance0@61;stale=once_age@111;compact=direct_open_fork_ring@0+aged@10;px7=train@0+10+heldout@20,9,pause_resume,pause_stable && resume_equal,pause_stable=true~resume_equal=true,true,formation:outward=2~return=2~updates=12~work=14758~queue=empty~quiet=true~permanent=18336201778928120618~complete=15877384570917948263;completed:outward=1~return=1~updates=1~work=2473~queue=empty~quiet=true~permanent=17659339252005159912~complete=3896819618536989227;incomplete:outward=0~return=0~updates=0~work=1611~queue=empty~quiet=true~permanent=8444065068609135937~complete=3882395979891122331;blocked:outward=0~return=0~updates=0~work=2268~queue=empty~quiet=true~permanent=8523019512992951459~complete=1046652560914536155;stale:outward=0~return=0~updates=0~work=1334~queue=empty~quiet=true~permanent=7836594538496048255~complete=8340224688861898030;duplicate_recursive:outward=1~return=1~updates=1~work=2585~queue=empty~quiet=true~permanent=17659339252005159912~complete=7629898439261312055;zero_length:outward=1~return=0~updates=0~work=16~queue=empty~quiet=true~permanent=7163450820777377536~complete=393829195822866396;duplicate_physical:outward=1~return=0~updates=0~work=23~queue=empty~quiet=true~permanent=9281006277571407638~complete=6248594957926986123;open:outward=0~return=0~updates=0~work=7~queue=empty~quiet=true~permanent=5982882181486089777~complete=16585392859894134031;aged:outward=0~return=0~updates=0~work=7~queue=empty~quiet=true~permanent=219971334149460472~complete=14406885431446376412;branch:outward=0~return=0~updates=0~work=54~queue=empty~quiet=true~permanent=13206788115046199835~complete=806638057504924841;cycle:outward=0~return=0~updates=0~work=17~queue=empty~quiet=true~permanent=6315157530054524602~complete=10684073578261370445,primary=5488|5488;uninterrupted=5488|5488;incomplete=5488|5488;duplicate=5488|5488;blocked=5488|5488;stale=5488|5552;cumulative=2304|2304,14758,5552,true,true,pass=true~first_m=2~first_u=2~first_w=713~first_q=true~second_m=2~second_u=2~second_w=753~second_q=true~heldout_o=1~heldout_m=0~heldout_u=0~heldout_w=514~heldout_q=true~coupling=2|2~resistance=6|6~before=2304~after=2304,true,bounded_same_body_memory,none
864011,3710898988384256,false,true,274,formation=learn_twice;complete=all@61;incomplete=omit4@70;blocked=resistance0@61;stale=once_age@111;compact=direct_open_fork_ring@0+aged@10;px7=train@0+10+heldout@20,10,natural_quiescence,all queues empty and naturally quiescent,quiet=true~queue=empty,true,formation:outward=2~return=2~updates=12~work=14758~queue=empty~quiet=true~permanent=18336201778928120618~complete=15877384570917948263;completed:outward=1~return=1~updates=1~work=2473~queue=empty~quiet=true~permanent=17659339252005159912~complete=3896819618536989227;incomplete:outward=0~return=0~updates=0~work=1611~queue=empty~quiet=true~permanent=8444065068609135937~complete=3882395979891122331;blocked:outward=0~return=0~updates=0~work=2268~queue=empty~quiet=true~permanent=8523019512992951459~complete=1046652560914536155;stale:outward=0~return=0~updates=0~work=1334~queue=empty~quiet=true~permanent=7836594538496048255~complete=8340224688861898030;duplicate_recursive:outward=1~return=1~updates=1~work=2585~queue=empty~quiet=true~permanent=17659339252005159912~complete=7629898439261312055;zero_length:outward=1~return=0~updates=0~work=16~queue=empty~quiet=true~permanent=7163450820777377536~complete=393829195822866396;duplicate_physical:outward=1~return=0~updates=0~work=23~queue=empty~quiet=true~permanent=9281006277571407638~complete=6248594957926986123;open:outward=0~return=0~updates=0~work=7~queue=empty~quiet=true~permanent=5982882181486089777~complete=16585392859894134031;aged:outward=0~return=0~updates=0~work=7~queue=empty~quiet=true~permanent=219971334149460472~complete=14406885431446376412;branch:outward=0~return=0~updates=0~work=54~queue=empty~quiet=true~permanent=13206788115046199835~complete=806638057504924841;cycle:outward=0~return=0~updates=0~work=17~queue=empty~quiet=true~permanent=6315157530054524602~complete=10684073578261370445,primary=5488|5488;uninterrupted=5488|5488;incomplete=5488|5488;duplicate=5488|5488;blocked=5488|5488;stale=5488|5552;cumulative=2304|2304,14758,5552,true,true,pass=true~first_m=2~first_u=2~first_w=713~first_q=true~second_m=2~second_u=2~second_w=753~second_q=true~heldout_o=1~heldout_m=0~heldout_u=0~heldout_w=514~heldout_q=true~coupling=2|2~resistance=6|6~before=2304~after=2304,true,bounded_same_body_memory,none
864011,3710898988384256,false,true,274,formation=learn_twice;complete=all@61;incomplete=omit4@70;blocked=resistance0@61;stale=once_age@111;compact=direct_open_fork_ring@0+aged@10;px7=train@0+10+heldout@20,11,bounded_work,maximum_work<=20000,maximum_work=14758,true,formation:outward=2~return=2~updates=12~work=14758~queue=empty~quiet=true~permanent=18336201778928120618~complete=15877384570917948263;completed:outward=1~return=1~updates=1~work=2473~queue=empty~quiet=true~permanent=17659339252005159912~complete=3896819618536989227;incomplete:outward=0~return=0~updates=0~work=1611~queue=empty~quiet=true~permanent=8444065068609135937~complete=3882395979891122331;blocked:outward=0~return=0~updates=0~work=2268~queue=empty~quiet=true~permanent=8523019512992951459~complete=1046652560914536155;stale:outward=0~return=0~updates=0~work=1334~queue=empty~quiet=true~permanent=7836594538496048255~complete=8340224688861898030;duplicate_recursive:outward=1~return=1~updates=1~work=2585~queue=empty~quiet=true~permanent=17659339252005159912~complete=7629898439261312055;zero_length:outward=1~return=0~updates=0~work=16~queue=empty~quiet=true~permanent=7163450820777377536~complete=393829195822866396;duplicate_physical:outward=1~return=0~updates=0~work=23~queue=empty~quiet=true~permanent=9281006277571407638~complete=6248594957926986123;open:outward=0~return=0~updates=0~work=7~queue=empty~quiet=true~permanent=5982882181486089777~complete=16585392859894134031;aged:outward=0~return=0~updates=0~work=7~queue=empty~quiet=true~permanent=219971334149460472~complete=14406885431446376412;branch:outward=0~return=0~updates=0~work=54~queue=empty~quiet=true~permanent=13206788115046199835~complete=806638057504924841;cycle:outward=0~return=0~updates=0~work=17~queue=empty~quiet=true~permanent=6315157530054524602~complete=10684073578261370445,primary=5488|5488;uninterrupted=5488|5488;incomplete=5488|5488;duplicate=5488|5488;blocked=5488|5488;stale=5488|5552;cumulative=2304|2304,14758,5552,true,true,pass=true~first_m=2~first_u=2~first_w=713~first_q=true~second_m=2~second_u=2~second_w=753~second_q=true~heldout_o=1~heldout_m=0~heldout_u=0~heldout_w=514~heldout_q=true~coupling=2|2~resistance=6|6~before=2304~after=2304,true,bounded_same_body_memory,none
864011,3710898988384256,false,true,274,formation=learn_twice;complete=all@61;incomplete=omit4@70;blocked=resistance0@61;stale=once_age@111;compact=direct_open_fork_ring@0+aged@10;px7=train@0+10+heldout@20,12,bounded_same_body_memory,maximum_bytes<=8192 && all seven before==after,maximum_bytes=5552~pairs=primary=5488|5488;uninterrupted=5488|5488;incomplete=5488|5488;duplicate=5488|5488;blocked=5488|5488;stale=5488|5552;cumulative=2304|2304~stable=false,false,formation:outward=2~return=2~updates=12~work=14758~queue=empty~quiet=true~permanent=18336201778928120618~complete=15877384570917948263;completed:outward=1~return=1~updates=1~work=2473~queue=empty~quiet=true~permanent=17659339252005159912~complete=3896819618536989227;incomplete:outward=0~return=0~updates=0~work=1611~queue=empty~quiet=true~permanent=8444065068609135937~complete=3882395979891122331;blocked:outward=0~return=0~updates=0~work=2268~queue=empty~quiet=true~permanent=8523019512992951459~complete=1046652560914536155;stale:outward=0~return=0~updates=0~work=1334~queue=empty~quiet=true~permanent=7836594538496048255~complete=8340224688861898030;duplicate_recursive:outward=1~return=1~updates=1~work=2585~queue=empty~quiet=true~permanent=17659339252005159912~complete=7629898439261312055;zero_length:outward=1~return=0~updates=0~work=16~queue=empty~quiet=true~permanent=7163450820777377536~complete=393829195822866396;duplicate_physical:outward=1~return=0~updates=0~work=23~queue=empty~quiet=true~permanent=9281006277571407638~complete=6248594957926986123;open:outward=0~return=0~updates=0~work=7~queue=empty~quiet=true~permanent=5982882181486089777~complete=16585392859894134031;aged:outward=0~return=0~updates=0~work=7~queue=empty~quiet=true~permanent=219971334149460472~complete=14406885431446376412;branch:outward=0~return=0~updates=0~work=54~queue=empty~quiet=true~permanent=13206788115046199835~complete=806638057504924841;cycle:outward=0~return=0~updates=0~work=17~queue=empty~quiet=true~permanent=6315157530054524602~complete=10684073578261370445,primary=5488|5488;uninterrupted=5488|5488;incomplete=5488|5488;duplicate=5488|5488;blocked=5488|5488;stale=5488|5552;cumulative=2304|2304,14758,5552,true,true,pass=true~first_m=2~first_u=2~first_w=713~first_q=true~second_m=2~second_u=2~second_w=753~second_q=true~heldout_o=1~heldout_m=0~heldout_u=0~heldout_w=514~heldout_q=true~coupling=2|2~resistance=6|6~before=2304~after=2304,true,bounded_same_body_memory,none
864011,3710898988384256,false,true,274,formation=learn_twice;complete=all@61;incomplete=omit4@70;blocked=resistance0@61;stale=once_age@111;compact=direct_open_fork_ring@0+aged@10;px7=train@0+10+heldout@20,13,cumulative_px0_px7_lrc,PX7 training/heldout/return/quiet/stability pass,pass=true~first_m=2~first_u=2~first_w=713~first_q=true~second_m=2~second_u=2~second_w=753~second_q=true~heldout_o=1~heldout_m=0~heldout_u=0~heldout_w=514~heldout_q=true~coupling=2|2~resistance=6|6~before=2304~after=2304,true,formation:outward=2~return=2~updates=12~work=14758~queue=empty~quiet=true~permanent=18336201778928120618~complete=15877384570917948263;completed:outward=1~return=1~updates=1~work=2473~queue=empty~quiet=true~permanent=17659339252005159912~complete=3896819618536989227;incomplete:outward=0~return=0~updates=0~work=1611~queue=empty~quiet=true~permanent=8444065068609135937~complete=3882395979891122331;blocked:outward=0~return=0~updates=0~work=2268~queue=empty~quiet=true~permanent=8523019512992951459~complete=1046652560914536155;stale:outward=0~return=0~updates=0~work=1334~queue=empty~quiet=true~permanent=7836594538496048255~complete=8340224688861898030;duplicate_recursive:outward=1~return=1~updates=1~work=2585~queue=empty~quiet=true~permanent=17659339252005159912~complete=7629898439261312055;zero_length:outward=1~return=0~updates=0~work=16~queue=empty~quiet=true~permanent=7163450820777377536~complete=393829195822866396;duplicate_physical:outward=1~return=0~updates=0~work=23~queue=empty~quiet=true~permanent=9281006277571407638~complete=6248594957926986123;open:outward=0~return=0~updates=0~work=7~queue=empty~quiet=true~permanent=5982882181486089777~complete=16585392859894134031;aged:outward=0~return=0~updates=0~work=7~queue=empty~quiet=true~permanent=219971334149460472~complete=14406885431446376412;branch:outward=0~return=0~updates=0~work=54~queue=empty~quiet=true~permanent=13206788115046199835~complete=806638057504924841;cycle:outward=0~return=0~updates=0~work=17~queue=empty~quiet=true~permanent=6315157530054524602~complete=10684073578261370445,primary=5488|5488;uninterrupted=5488|5488;incomplete=5488|5488;duplicate=5488|5488;blocked=5488|5488;stale=5488|5552;cumulative=2304|2304,14758,5552,true,true,pass=true~first_m=2~first_u=2~first_w=713~first_q=true~second_m=2~second_u=2~second_w=753~second_q=true~heldout_o=1~heldout_m=0~heldout_u=0~heldout_w=514~heldout_q=true~coupling=2|2~resistance=6|6~before=2304~after=2304,true,bounded_same_body_memory,none
864011,3710898988384256,false,true,274,formation=learn_twice;complete=all@61;incomplete=omit4@70;blocked=resistance0@61;stale=once_age@111;compact=direct_open_fork_ring@0+aged@10;px7=train@0+10+heldout@20,14,exact_replay,independent Trial values exactly equal,exact=true~first_divergence=none,true,formation:outward=2~return=2~updates=12~work=14758~queue=empty~quiet=true~permanent=18336201778928120618~complete=15877384570917948263;completed:outward=1~return=1~updates=1~work=2473~queue=empty~quiet=true~permanent=17659339252005159912~complete=3896819618536989227;incomplete:outward=0~return=0~updates=0~work=1611~queue=empty~quiet=true~permanent=8444065068609135937~complete=3882395979891122331;blocked:outward=0~return=0~updates=0~work=2268~queue=empty~quiet=true~permanent=8523019512992951459~complete=1046652560914536155;stale:outward=0~return=0~updates=0~work=1334~queue=empty~quiet=true~permanent=7836594538496048255~complete=8340224688861898030;duplicate_recursive:outward=1~return=1~updates=1~work=2585~queue=empty~quiet=true~permanent=17659339252005159912~complete=7629898439261312055;zero_length:outward=1~return=0~updates=0~work=16~queue=empty~quiet=true~permanent=7163450820777377536~complete=393829195822866396;duplicate_physical:outward=1~return=0~updates=0~work=23~queue=empty~quiet=true~permanent=9281006277571407638~complete=6248594957926986123;open:outward=0~return=0~updates=0~work=7~queue=empty~quiet=true~permanent=5982882181486089777~complete=16585392859894134031;aged:outward=0~return=0~updates=0~work=7~queue=empty~quiet=true~permanent=219971334149460472~complete=14406885431446376412;branch:outward=0~return=0~updates=0~work=54~queue=empty~quiet=true~permanent=13206788115046199835~complete=806638057504924841;cycle:outward=0~return=0~updates=0~work=17~queue=empty~quiet=true~permanent=6315157530054524602~complete=10684073578261370445,primary=5488|5488;uninterrupted=5488|5488;incomplete=5488|5488;duplicate=5488|5488;blocked=5488|5488;stale=5488|5552;cumulative=2304|2304,14758,5552,true,true,pass=true~first_m=2~first_u=2~first_w=713~first_q=true~second_m=2~second_u=2~second_w=753~second_q=true~heldout_o=1~heldout_m=0~heldout_u=0~heldout_w=514~heldout_q=true~coupling=2|2~resistance=6|6~before=2304~after=2304,true,bounded_same_body_memory,none
864012,3710903283351552,false,true,411,formation=learn_twice;complete=all@61;incomplete=omit4@70;blocked=resistance0@61;stale=once_age@111;compact=direct_open_fork_ring@0+aged@10;px7=train@0+10+heldout@20,1,formation_modulation_and_updates,formation.updates>0 && formation.inward_modulation>0,outward=2~return=2~updates=12~work=14762~queue=empty~quiet=true~permanent=13286266028438877466~complete=10774563924833548027,true,formation:outward=2~return=2~updates=12~work=14762~queue=empty~quiet=true~permanent=13286266028438877466~complete=10774563924833548027;completed:outward=1~return=1~updates=1~work=2473~queue=empty~quiet=true~permanent=17740692365689373456~complete=15183530853615693051;incomplete:outward=0~return=0~updates=0~work=1611~queue=empty~quiet=true~permanent=3383412107504307145~complete=5478908538112923823;blocked:outward=0~return=0~updates=0~work=2268~queue=empty~quiet=true~permanent=12658847346508328783~complete=3853238755966943287;stale:outward=0~return=0~updates=0~work=1334~queue=empty~quiet=true~permanent=10088923347033443961~complete=12835140031729522270;duplicate_recursive:outward=1~return=1~updates=1~work=2585~queue=empty~quiet=true~permanent=17740692365689373456~complete=469865600630464263;zero_length:outward=1~return=0~updates=0~work=16~queue=empty~quiet=true~permanent=5511320734034340258~complete=4898491304677176222;duplicate_physical:outward=1~return=0~updates=0~work=23~queue=empty~quiet=true~permanent=15848495101176289688~complete=8726595528915319717;open:outward=0~return=0~updates=0~work=7~queue=empty~quiet=true~permanent=10924792117538779687~complete=10347015876698654301;aged:outward=0~return=0~updates=0~work=7~queue=empty~quiet=true~permanent=17601380945512401874~complete=1530849414727025906;branch:outward=0~return=0~updates=0~work=54~queue=empty~quiet=true~permanent=8683448518024095558~complete=373148827728672492;cycle:outward=0~return=0~updates=0~work=17~queue=empty~quiet=true~permanent=6600000327804605786~complete=13495376240698792533,primary=5488|5488;uninterrupted=5488|5488;incomplete=5488|5488;duplicate=5488|5488;blocked=5488|5488;stale=5488|5552;cumulative=2304|2304,14762,5552,true,true,pass=true~first_m=2~first_u=2~first_w=713~first_q=true~second_m=2~second_u=2~second_w=753~second_q=true~heldout_o=1~heldout_m=0~heldout_u=0~heldout_w=514~heldout_q=true~coupling=2|2~resistance=6|6~before=2304~after=2304,true,bounded_same_body_memory,none
864012,3710903283351552,false,true,411,formation=learn_twice;complete=all@61;incomplete=omit4@70;blocked=resistance0@61;stale=once_age@111;compact=direct_open_fork_ring@0+aged@10;px7=train@0+10+heldout@20,2,completed_exactly_once,completed.outward==1,outward=1~return=1~updates=1~work=2473~queue=empty~quiet=true~permanent=17740692365689373456~complete=15183530853615693051,true,formation:outward=2~return=2~updates=12~work=14762~queue=empty~quiet=true~permanent=13286266028438877466~complete=10774563924833548027;completed:outward=1~return=1~updates=1~work=2473~queue=empty~quiet=true~permanent=17740692365689373456~complete=15183530853615693051;incomplete:outward=0~return=0~updates=0~work=1611~queue=empty~quiet=true~permanent=3383412107504307145~complete=5478908538112923823;blocked:outward=0~return=0~updates=0~work=2268~queue=empty~quiet=true~permanent=12658847346508328783~complete=3853238755966943287;stale:outward=0~return=0~updates=0~work=1334~queue=empty~quiet=true~permanent=10088923347033443961~complete=12835140031729522270;duplicate_recursive:outward=1~return=1~updates=1~work=2585~queue=empty~quiet=true~permanent=17740692365689373456~complete=469865600630464263;zero_length:outward=1~return=0~updates=0~work=16~queue=empty~quiet=true~permanent=5511320734034340258~complete=4898491304677176222;duplicate_physical:outward=1~return=0~updates=0~work=23~queue=empty~quiet=true~permanent=15848495101176289688~complete=8726595528915319717;open:outward=0~return=0~updates=0~work=7~queue=empty~quiet=true~permanent=10924792117538779687~complete=10347015876698654301;aged:outward=0~return=0~updates=0~work=7~queue=empty~quiet=true~permanent=17601380945512401874~complete=1530849414727025906;branch:outward=0~return=0~updates=0~work=54~queue=empty~quiet=true~permanent=8683448518024095558~complete=373148827728672492;cycle:outward=0~return=0~updates=0~work=17~queue=empty~quiet=true~permanent=6600000327804605786~complete=13495376240698792533,primary=5488|5488;uninterrupted=5488|5488;incomplete=5488|5488;duplicate=5488|5488;blocked=5488|5488;stale=5488|5552;cumulative=2304|2304,14762,5552,true,true,pass=true~first_m=2~first_u=2~first_w=713~first_q=true~second_m=2~second_u=2~second_w=753~second_q=true~heldout_o=1~heldout_m=0~heldout_u=0~heldout_w=514~heldout_q=true~coupling=2|2~resistance=6|6~before=2304~after=2304,true,bounded_same_body_memory,none
864012,3710903283351552,false,true,411,formation=learn_twice;complete=all@61;incomplete=omit4@70;blocked=resistance0@61;stale=once_age@111;compact=direct_open_fork_ring@0+aged@10;px7=train@0+10+heldout@20,3,completed_return_and_update,completed.return==1 && completed.updates==1,outward=1~return=1~updates=1~work=2473~queue=empty~quiet=true~permanent=17740692365689373456~complete=15183530853615693051,true,formation:outward=2~return=2~updates=12~work=14762~queue=empty~quiet=true~permanent=13286266028438877466~complete=10774563924833548027;completed:outward=1~return=1~updates=1~work=2473~queue=empty~quiet=true~permanent=17740692365689373456~complete=15183530853615693051;incomplete:outward=0~return=0~updates=0~work=1611~queue=empty~quiet=true~permanent=3383412107504307145~complete=5478908538112923823;blocked:outward=0~return=0~updates=0~work=2268~queue=empty~quiet=true~permanent=12658847346508328783~complete=3853238755966943287;stale:outward=0~return=0~updates=0~work=1334~queue=empty~quiet=true~permanent=10088923347033443961~complete=12835140031729522270;duplicate_recursive:outward=1~return=1~updates=1~work=2585~queue=empty~quiet=true~permanent=17740692365689373456~complete=469865600630464263;zero_length:outward=1~return=0~updates=0~work=16~queue=empty~quiet=true~permanent=5511320734034340258~complete=4898491304677176222;duplicate_physical:outward=1~return=0~updates=0~work=23~queue=empty~quiet=true~permanent=15848495101176289688~complete=8726595528915319717;open:outward=0~return=0~updates=0~work=7~queue=empty~quiet=true~permanent=10924792117538779687~complete=10347015876698654301;aged:outward=0~return=0~updates=0~work=7~queue=empty~quiet=true~permanent=17601380945512401874~complete=1530849414727025906;branch:outward=0~return=0~updates=0~work=54~queue=empty~quiet=true~permanent=8683448518024095558~complete=373148827728672492;cycle:outward=0~return=0~updates=0~work=17~queue=empty~quiet=true~permanent=6600000327804605786~complete=13495376240698792533,primary=5488|5488;uninterrupted=5488|5488;incomplete=5488|5488;duplicate=5488|5488;blocked=5488|5488;stale=5488|5552;cumulative=2304|2304,14762,5552,true,true,pass=true~first_m=2~first_u=2~first_w=713~first_q=true~second_m=2~second_u=2~second_w=753~second_q=true~heldout_o=1~heldout_m=0~heldout_u=0~heldout_w=514~heldout_q=true~coupling=2|2~resistance=6|6~before=2304~after=2304,true,bounded_same_body_memory,none
864012,3710903283351552,false,true,411,formation=learn_twice;complete=all@61;incomplete=omit4@70;blocked=resistance0@61;stale=once_age@111;compact=direct_open_fork_ring@0+aged@10;px7=train@0+10+heldout@20,4,incomplete_blocked_stale_silence,incomplete.outward==0 && blocked.outward==0 && stale.outward==0,incomplete=outward=0~return=0~updates=0~work=1611~queue=empty~quiet=true~permanent=3383412107504307145~complete=5478908538112923823~blocked=outward=0~return=0~updates=0~work=2268~queue=empty~quiet=true~permanent=12658847346508328783~complete=3853238755966943287~stale=outward=0~return=0~updates=0~work=1334~queue=empty~quiet=true~permanent=10088923347033443961~complete=12835140031729522270,true,formation:outward=2~return=2~updates=12~work=14762~queue=empty~quiet=true~permanent=13286266028438877466~complete=10774563924833548027;completed:outward=1~return=1~updates=1~work=2473~queue=empty~quiet=true~permanent=17740692365689373456~complete=15183530853615693051;incomplete:outward=0~return=0~updates=0~work=1611~queue=empty~quiet=true~permanent=3383412107504307145~complete=5478908538112923823;blocked:outward=0~return=0~updates=0~work=2268~queue=empty~quiet=true~permanent=12658847346508328783~complete=3853238755966943287;stale:outward=0~return=0~updates=0~work=1334~queue=empty~quiet=true~permanent=10088923347033443961~complete=12835140031729522270;duplicate_recursive:outward=1~return=1~updates=1~work=2585~queue=empty~quiet=true~permanent=17740692365689373456~complete=469865600630464263;zero_length:outward=1~return=0~updates=0~work=16~queue=empty~quiet=true~permanent=5511320734034340258~complete=4898491304677176222;duplicate_physical:outward=1~return=0~updates=0~work=23~queue=empty~quiet=true~permanent=15848495101176289688~complete=8726595528915319717;open:outward=0~return=0~updates=0~work=7~queue=empty~quiet=true~permanent=10924792117538779687~complete=10347015876698654301;aged:outward=0~return=0~updates=0~work=7~queue=empty~quiet=true~permanent=17601380945512401874~complete=1530849414727025906;branch:outward=0~return=0~updates=0~work=54~queue=empty~quiet=true~permanent=8683448518024095558~complete=373148827728672492;cycle:outward=0~return=0~updates=0~work=17~queue=empty~quiet=true~permanent=6600000327804605786~complete=13495376240698792533,primary=5488|5488;uninterrupted=5488|5488;incomplete=5488|5488;duplicate=5488|5488;blocked=5488|5488;stale=5488|5552;cumulative=2304|2304,14762,5552,true,true,pass=true~first_m=2~first_u=2~first_w=713~first_q=true~second_m=2~second_u=2~second_w=753~second_q=true~heldout_o=1~heldout_m=0~heldout_u=0~heldout_w=514~heldout_q=true~coupling=2|2~resistance=6|6~before=2304~after=2304,true,bounded_same_body_memory,none
864012,3710903283351552,false,true,411,formation=learn_twice;complete=all@61;incomplete=omit4@70;blocked=resistance0@61;stale=once_age@111;compact=direct_open_fork_ring@0+aged@10;px7=train@0+10+heldout@20,5,open_aged_silence,open.outward==0 && aged.outward==0,open=outward=0~return=0~updates=0~work=7~queue=empty~quiet=true~permanent=10924792117538779687~complete=10347015876698654301~aged=outward=0~return=0~updates=0~work=7~queue=empty~quiet=true~permanent=17601380945512401874~complete=1530849414727025906,true,formation:outward=2~return=2~updates=12~work=14762~queue=empty~quiet=true~permanent=13286266028438877466~complete=10774563924833548027;completed:outward=1~return=1~updates=1~work=2473~queue=empty~quiet=true~permanent=17740692365689373456~complete=15183530853615693051;incomplete:outward=0~return=0~updates=0~work=1611~queue=empty~quiet=true~permanent=3383412107504307145~complete=5478908538112923823;blocked:outward=0~return=0~updates=0~work=2268~queue=empty~quiet=true~permanent=12658847346508328783~complete=3853238755966943287;stale:outward=0~return=0~updates=0~work=1334~queue=empty~quiet=true~permanent=10088923347033443961~complete=12835140031729522270;duplicate_recursive:outward=1~return=1~updates=1~work=2585~queue=empty~quiet=true~permanent=17740692365689373456~complete=469865600630464263;zero_length:outward=1~return=0~updates=0~work=16~queue=empty~quiet=true~permanent=5511320734034340258~complete=4898491304677176222;duplicate_physical:outward=1~return=0~updates=0~work=23~queue=empty~quiet=true~permanent=15848495101176289688~complete=8726595528915319717;open:outward=0~return=0~updates=0~work=7~queue=empty~quiet=true~permanent=10924792117538779687~complete=10347015876698654301;aged:outward=0~return=0~updates=0~work=7~queue=empty~quiet=true~permanent=17601380945512401874~complete=1530849414727025906;branch:outward=0~return=0~updates=0~work=54~queue=empty~quiet=true~permanent=8683448518024095558~complete=373148827728672492;cycle:outward=0~return=0~updates=0~work=17~queue=empty~quiet=true~permanent=6600000327804605786~complete=13495376240698792533,primary=5488|5488;uninterrupted=5488|5488;incomplete=5488|5488;duplicate=5488|5488;blocked=5488|5488;stale=5488|5552;cumulative=2304|2304,14762,5552,true,true,pass=true~first_m=2~first_u=2~first_w=713~first_q=true~second_m=2~second_u=2~second_w=753~second_q=true~heldout_o=1~heldout_m=0~heldout_u=0~heldout_w=514~heldout_q=true~coupling=2|2~resistance=6|6~before=2304~after=2304,true,bounded_same_body_memory,none
864012,3710903283351552,false,true,411,formation=learn_twice;complete=all@61;incomplete=omit4@70;blocked=resistance0@61;stale=once_age@111;compact=direct_open_fork_ring@0+aged@10;px7=train@0+10+heldout@20,6,zero_length_exactly_once,zero_length.outward==1,outward=1~return=0~updates=0~work=16~queue=empty~quiet=true~permanent=5511320734034340258~complete=4898491304677176222,true,formation:outward=2~return=2~updates=12~work=14762~queue=empty~quiet=true~permanent=13286266028438877466~complete=10774563924833548027;completed:outward=1~return=1~updates=1~work=2473~queue=empty~quiet=true~permanent=17740692365689373456~complete=15183530853615693051;incomplete:outward=0~return=0~updates=0~work=1611~queue=empty~quiet=true~permanent=3383412107504307145~complete=5478908538112923823;blocked:outward=0~return=0~updates=0~work=2268~queue=empty~quiet=true~permanent=12658847346508328783~complete=3853238755966943287;stale:outward=0~return=0~updates=0~work=1334~queue=empty~quiet=true~permanent=10088923347033443961~complete=12835140031729522270;duplicate_recursive:outward=1~return=1~updates=1~work=2585~queue=empty~quiet=true~permanent=17740692365689373456~complete=469865600630464263;zero_length:outward=1~return=0~updates=0~work=16~queue=empty~quiet=true~permanent=5511320734034340258~complete=4898491304677176222;duplicate_physical:outward=1~return=0~updates=0~work=23~queue=empty~quiet=true~permanent=15848495101176289688~complete=8726595528915319717;open:outward=0~return=0~updates=0~work=7~queue=empty~quiet=true~permanent=10924792117538779687~complete=10347015876698654301;aged:outward=0~return=0~updates=0~work=7~queue=empty~quiet=true~permanent=17601380945512401874~complete=1530849414727025906;branch:outward=0~return=0~updates=0~work=54~queue=empty~quiet=true~permanent=8683448518024095558~complete=373148827728672492;cycle:outward=0~return=0~updates=0~work=17~queue=empty~quiet=true~permanent=6600000327804605786~complete=13495376240698792533,primary=5488|5488;uninterrupted=5488|5488;incomplete=5488|5488;duplicate=5488|5488;blocked=5488|5488;stale=5488|5552;cumulative=2304|2304,14762,5552,true,true,pass=true~first_m=2~first_u=2~first_w=713~first_q=true~second_m=2~second_u=2~second_w=753~second_q=true~heldout_o=1~heldout_m=0~heldout_u=0~heldout_w=514~heldout_q=true~coupling=2|2~resistance=6|6~before=2304~after=2304,true,bounded_same_body_memory,none
864012,3710903283351552,false,true,411,formation=learn_twice;complete=all@61;incomplete=omit4@70;blocked=resistance0@61;stale=once_age@111;compact=direct_open_fork_ring@0+aged@10;px7=train@0+10+heldout@20,7,duplicates_exactly_once,duplicate_physical.outward==1 && duplicate_recursive.outward==1,physical=outward=1~return=0~updates=0~work=23~queue=empty~quiet=true~permanent=15848495101176289688~complete=8726595528915319717~recursive=outward=1~return=1~updates=1~work=2585~queue=empty~quiet=true~permanent=17740692365689373456~complete=469865600630464263,true,formation:outward=2~return=2~updates=12~work=14762~queue=empty~quiet=true~permanent=13286266028438877466~complete=10774563924833548027;completed:outward=1~return=1~updates=1~work=2473~queue=empty~quiet=true~permanent=17740692365689373456~complete=15183530853615693051;incomplete:outward=0~return=0~updates=0~work=1611~queue=empty~quiet=true~permanent=3383412107504307145~complete=5478908538112923823;blocked:outward=0~return=0~updates=0~work=2268~queue=empty~quiet=true~permanent=12658847346508328783~complete=3853238755966943287;stale:outward=0~return=0~updates=0~work=1334~queue=empty~quiet=true~permanent=10088923347033443961~complete=12835140031729522270;duplicate_recursive:outward=1~return=1~updates=1~work=2585~queue=empty~quiet=true~permanent=17740692365689373456~complete=469865600630464263;zero_length:outward=1~return=0~updates=0~work=16~queue=empty~quiet=true~permanent=5511320734034340258~complete=4898491304677176222;duplicate_physical:outward=1~return=0~updates=0~work=23~queue=empty~quiet=true~permanent=15848495101176289688~complete=8726595528915319717;open:outward=0~return=0~updates=0~work=7~queue=empty~quiet=true~permanent=10924792117538779687~complete=10347015876698654301;aged:outward=0~return=0~updates=0~work=7~queue=empty~quiet=true~permanent=17601380945512401874~complete=1530849414727025906;branch:outward=0~return=0~updates=0~work=54~queue=empty~quiet=true~permanent=8683448518024095558~complete=373148827728672492;cycle:outward=0~return=0~updates=0~work=17~queue=empty~quiet=true~permanent=6600000327804605786~complete=13495376240698792533,primary=5488|5488;uninterrupted=5488|5488;incomplete=5488|5488;duplicate=5488|5488;blocked=5488|5488;stale=5488|5552;cumulative=2304|2304,14762,5552,true,true,pass=true~first_m=2~first_u=2~first_w=713~first_q=true~second_m=2~second_u=2~second_w=753~second_q=true~heldout_o=1~heldout_m=0~heldout_u=0~heldout_w=514~heldout_q=true~coupling=2|2~resistance=6|6~before=2304~after=2304,true,bounded_same_body_memory,none
864012,3710903283351552,false,true,411,formation=learn_twice;complete=all@61;incomplete=omit4@70;blocked=resistance0@61;stale=once_age@111;compact=direct_open_fork_ring@0+aged@10;px7=train@0+10+heldout@20,8,branch_cycle_silence,branch.outward==0 && cycle.outward==0,branch=outward=0~return=0~updates=0~work=54~queue=empty~quiet=true~permanent=8683448518024095558~complete=373148827728672492~cycle=outward=0~return=0~updates=0~work=17~queue=empty~quiet=true~permanent=6600000327804605786~complete=13495376240698792533,true,formation:outward=2~return=2~updates=12~work=14762~queue=empty~quiet=true~permanent=13286266028438877466~complete=10774563924833548027;completed:outward=1~return=1~updates=1~work=2473~queue=empty~quiet=true~permanent=17740692365689373456~complete=15183530853615693051;incomplete:outward=0~return=0~updates=0~work=1611~queue=empty~quiet=true~permanent=3383412107504307145~complete=5478908538112923823;blocked:outward=0~return=0~updates=0~work=2268~queue=empty~quiet=true~permanent=12658847346508328783~complete=3853238755966943287;stale:outward=0~return=0~updates=0~work=1334~queue=empty~quiet=true~permanent=10088923347033443961~complete=12835140031729522270;duplicate_recursive:outward=1~return=1~updates=1~work=2585~queue=empty~quiet=true~permanent=17740692365689373456~complete=469865600630464263;zero_length:outward=1~return=0~updates=0~work=16~queue=empty~quiet=true~permanent=5511320734034340258~complete=4898491304677176222;duplicate_physical:outward=1~return=0~updates=0~work=23~queue=empty~quiet=true~permanent=15848495101176289688~complete=8726595528915319717;open:outward=0~return=0~updates=0~work=7~queue=empty~quiet=true~permanent=10924792117538779687~complete=10347015876698654301;aged:outward=0~return=0~updates=0~work=7~queue=empty~quiet=true~permanent=17601380945512401874~complete=1530849414727025906;branch:outward=0~return=0~updates=0~work=54~queue=empty~quiet=true~permanent=8683448518024095558~complete=373148827728672492;cycle:outward=0~return=0~updates=0~work=17~queue=empty~quiet=true~permanent=6600000327804605786~complete=13495376240698792533,primary=5488|5488;uninterrupted=5488|5488;incomplete=5488|5488;duplicate=5488|5488;blocked=5488|5488;stale=5488|5552;cumulative=2304|2304,14762,5552,true,true,pass=true~first_m=2~first_u=2~first_w=713~first_q=true~second_m=2~second_u=2~second_w=753~second_q=true~heldout_o=1~heldout_m=0~heldout_u=0~heldout_w=514~heldout_q=true~coupling=2|2~resistance=6|6~before=2304~after=2304,true,bounded_same_body_memory,none
864012,3710903283351552,false,true,411,formation=learn_twice;complete=all@61;incomplete=omit4@70;blocked=resistance0@61;stale=once_age@111;compact=direct_open_fork_ring@0+aged@10;px7=train@0+10+heldout@20,9,pause_resume,pause_stable && resume_equal,pause_stable=true~resume_equal=true,true,formation:outward=2~return=2~updates=12~work=14762~queue=empty~quiet=true~permanent=13286266028438877466~complete=10774563924833548027;completed:outward=1~return=1~updates=1~work=2473~queue=empty~quiet=true~permanent=17740692365689373456~complete=15183530853615693051;incomplete:outward=0~return=0~updates=0~work=1611~queue=empty~quiet=true~permanent=3383412107504307145~complete=5478908538112923823;blocked:outward=0~return=0~updates=0~work=2268~queue=empty~quiet=true~permanent=12658847346508328783~complete=3853238755966943287;stale:outward=0~return=0~updates=0~work=1334~queue=empty~quiet=true~permanent=10088923347033443961~complete=12835140031729522270;duplicate_recursive:outward=1~return=1~updates=1~work=2585~queue=empty~quiet=true~permanent=17740692365689373456~complete=469865600630464263;zero_length:outward=1~return=0~updates=0~work=16~queue=empty~quiet=true~permanent=5511320734034340258~complete=4898491304677176222;duplicate_physical:outward=1~return=0~updates=0~work=23~queue=empty~quiet=true~permanent=15848495101176289688~complete=8726595528915319717;open:outward=0~return=0~updates=0~work=7~queue=empty~quiet=true~permanent=10924792117538779687~complete=10347015876698654301;aged:outward=0~return=0~updates=0~work=7~queue=empty~quiet=true~permanent=17601380945512401874~complete=1530849414727025906;branch:outward=0~return=0~updates=0~work=54~queue=empty~quiet=true~permanent=8683448518024095558~complete=373148827728672492;cycle:outward=0~return=0~updates=0~work=17~queue=empty~quiet=true~permanent=6600000327804605786~complete=13495376240698792533,primary=5488|5488;uninterrupted=5488|5488;incomplete=5488|5488;duplicate=5488|5488;blocked=5488|5488;stale=5488|5552;cumulative=2304|2304,14762,5552,true,true,pass=true~first_m=2~first_u=2~first_w=713~first_q=true~second_m=2~second_u=2~second_w=753~second_q=true~heldout_o=1~heldout_m=0~heldout_u=0~heldout_w=514~heldout_q=true~coupling=2|2~resistance=6|6~before=2304~after=2304,true,bounded_same_body_memory,none
864012,3710903283351552,false,true,411,formation=learn_twice;complete=all@61;incomplete=omit4@70;blocked=resistance0@61;stale=once_age@111;compact=direct_open_fork_ring@0+aged@10;px7=train@0+10+heldout@20,10,natural_quiescence,all queues empty and naturally quiescent,quiet=true~queue=empty,true,formation:outward=2~return=2~updates=12~work=14762~queue=empty~quiet=true~permanent=13286266028438877466~complete=10774563924833548027;completed:outward=1~return=1~updates=1~work=2473~queue=empty~quiet=true~permanent=17740692365689373456~complete=15183530853615693051;incomplete:outward=0~return=0~updates=0~work=1611~queue=empty~quiet=true~permanent=3383412107504307145~complete=5478908538112923823;blocked:outward=0~return=0~updates=0~work=2268~queue=empty~quiet=true~permanent=12658847346508328783~complete=3853238755966943287;stale:outward=0~return=0~updates=0~work=1334~queue=empty~quiet=true~permanent=10088923347033443961~complete=12835140031729522270;duplicate_recursive:outward=1~return=1~updates=1~work=2585~queue=empty~quiet=true~permanent=17740692365689373456~complete=469865600630464263;zero_length:outward=1~return=0~updates=0~work=16~queue=empty~quiet=true~permanent=5511320734034340258~complete=4898491304677176222;duplicate_physical:outward=1~return=0~updates=0~work=23~queue=empty~quiet=true~permanent=15848495101176289688~complete=8726595528915319717;open:outward=0~return=0~updates=0~work=7~queue=empty~quiet=true~permanent=10924792117538779687~complete=10347015876698654301;aged:outward=0~return=0~updates=0~work=7~queue=empty~quiet=true~permanent=17601380945512401874~complete=1530849414727025906;branch:outward=0~return=0~updates=0~work=54~queue=empty~quiet=true~permanent=8683448518024095558~complete=373148827728672492;cycle:outward=0~return=0~updates=0~work=17~queue=empty~quiet=true~permanent=6600000327804605786~complete=13495376240698792533,primary=5488|5488;uninterrupted=5488|5488;incomplete=5488|5488;duplicate=5488|5488;blocked=5488|5488;stale=5488|5552;cumulative=2304|2304,14762,5552,true,true,pass=true~first_m=2~first_u=2~first_w=713~first_q=true~second_m=2~second_u=2~second_w=753~second_q=true~heldout_o=1~heldout_m=0~heldout_u=0~heldout_w=514~heldout_q=true~coupling=2|2~resistance=6|6~before=2304~after=2304,true,bounded_same_body_memory,none
864012,3710903283351552,false,true,411,formation=learn_twice;complete=all@61;incomplete=omit4@70;blocked=resistance0@61;stale=once_age@111;compact=direct_open_fork_ring@0+aged@10;px7=train@0+10+heldout@20,11,bounded_work,maximum_work<=20000,maximum_work=14762,true,formation:outward=2~return=2~updates=12~work=14762~queue=empty~quiet=true~permanent=13286266028438877466~complete=10774563924833548027;completed:outward=1~return=1~updates=1~work=2473~queue=empty~quiet=true~permanent=17740692365689373456~complete=15183530853615693051;incomplete:outward=0~return=0~updates=0~work=1611~queue=empty~quiet=true~permanent=3383412107504307145~complete=5478908538112923823;blocked:outward=0~return=0~updates=0~work=2268~queue=empty~quiet=true~permanent=12658847346508328783~complete=3853238755966943287;stale:outward=0~return=0~updates=0~work=1334~queue=empty~quiet=true~permanent=10088923347033443961~complete=12835140031729522270;duplicate_recursive:outward=1~return=1~updates=1~work=2585~queue=empty~quiet=true~permanent=17740692365689373456~complete=469865600630464263;zero_length:outward=1~return=0~updates=0~work=16~queue=empty~quiet=true~permanent=5511320734034340258~complete=4898491304677176222;duplicate_physical:outward=1~return=0~updates=0~work=23~queue=empty~quiet=true~permanent=15848495101176289688~complete=8726595528915319717;open:outward=0~return=0~updates=0~work=7~queue=empty~quiet=true~permanent=10924792117538779687~complete=10347015876698654301;aged:outward=0~return=0~updates=0~work=7~queue=empty~quiet=true~permanent=17601380945512401874~complete=1530849414727025906;branch:outward=0~return=0~updates=0~work=54~queue=empty~quiet=true~permanent=8683448518024095558~complete=373148827728672492;cycle:outward=0~return=0~updates=0~work=17~queue=empty~quiet=true~permanent=6600000327804605786~complete=13495376240698792533,primary=5488|5488;uninterrupted=5488|5488;incomplete=5488|5488;duplicate=5488|5488;blocked=5488|5488;stale=5488|5552;cumulative=2304|2304,14762,5552,true,true,pass=true~first_m=2~first_u=2~first_w=713~first_q=true~second_m=2~second_u=2~second_w=753~second_q=true~heldout_o=1~heldout_m=0~heldout_u=0~heldout_w=514~heldout_q=true~coupling=2|2~resistance=6|6~before=2304~after=2304,true,bounded_same_body_memory,none
864012,3710903283351552,false,true,411,formation=learn_twice;complete=all@61;incomplete=omit4@70;blocked=resistance0@61;stale=once_age@111;compact=direct_open_fork_ring@0+aged@10;px7=train@0+10+heldout@20,12,bounded_same_body_memory,maximum_bytes<=8192 && all seven before==after,maximum_bytes=5552~pairs=primary=5488|5488;uninterrupted=5488|5488;incomplete=5488|5488;duplicate=5488|5488;blocked=5488|5488;stale=5488|5552;cumulative=2304|2304~stable=false,false,formation:outward=2~return=2~updates=12~work=14762~queue=empty~quiet=true~permanent=13286266028438877466~complete=10774563924833548027;completed:outward=1~return=1~updates=1~work=2473~queue=empty~quiet=true~permanent=17740692365689373456~complete=15183530853615693051;incomplete:outward=0~return=0~updates=0~work=1611~queue=empty~quiet=true~permanent=3383412107504307145~complete=5478908538112923823;blocked:outward=0~return=0~updates=0~work=2268~queue=empty~quiet=true~permanent=12658847346508328783~complete=3853238755966943287;stale:outward=0~return=0~updates=0~work=1334~queue=empty~quiet=true~permanent=10088923347033443961~complete=12835140031729522270;duplicate_recursive:outward=1~return=1~updates=1~work=2585~queue=empty~quiet=true~permanent=17740692365689373456~complete=469865600630464263;zero_length:outward=1~return=0~updates=0~work=16~queue=empty~quiet=true~permanent=5511320734034340258~complete=4898491304677176222;duplicate_physical:outward=1~return=0~updates=0~work=23~queue=empty~quiet=true~permanent=15848495101176289688~complete=8726595528915319717;open:outward=0~return=0~updates=0~work=7~queue=empty~quiet=true~permanent=10924792117538779687~complete=10347015876698654301;aged:outward=0~return=0~updates=0~work=7~queue=empty~quiet=true~permanent=17601380945512401874~complete=1530849414727025906;branch:outward=0~return=0~updates=0~work=54~queue=empty~quiet=true~permanent=8683448518024095558~complete=373148827728672492;cycle:outward=0~return=0~updates=0~work=17~queue=empty~quiet=true~permanent=6600000327804605786~complete=13495376240698792533,primary=5488|5488;uninterrupted=5488|5488;incomplete=5488|5488;duplicate=5488|5488;blocked=5488|5488;stale=5488|5552;cumulative=2304|2304,14762,5552,true,true,pass=true~first_m=2~first_u=2~first_w=713~first_q=true~second_m=2~second_u=2~second_w=753~second_q=true~heldout_o=1~heldout_m=0~heldout_u=0~heldout_w=514~heldout_q=true~coupling=2|2~resistance=6|6~before=2304~after=2304,true,bounded_same_body_memory,none
864012,3710903283351552,false,true,411,formation=learn_twice;complete=all@61;incomplete=omit4@70;blocked=resistance0@61;stale=once_age@111;compact=direct_open_fork_ring@0+aged@10;px7=train@0+10+heldout@20,13,cumulative_px0_px7_lrc,PX7 training/heldout/return/quiet/stability pass,pass=true~first_m=2~first_u=2~first_w=713~first_q=true~second_m=2~second_u=2~second_w=753~second_q=true~heldout_o=1~heldout_m=0~heldout_u=0~heldout_w=514~heldout_q=true~coupling=2|2~resistance=6|6~before=2304~after=2304,true,formation:outward=2~return=2~updates=12~work=14762~queue=empty~quiet=true~permanent=13286266028438877466~complete=10774563924833548027;completed:outward=1~return=1~updates=1~work=2473~queue=empty~quiet=true~permanent=17740692365689373456~complete=15183530853615693051;incomplete:outward=0~return=0~updates=0~work=1611~queue=empty~quiet=true~permanent=3383412107504307145~complete=5478908538112923823;blocked:outward=0~return=0~updates=0~work=2268~queue=empty~quiet=true~permanent=12658847346508328783~complete=3853238755966943287;stale:outward=0~return=0~updates=0~work=1334~queue=empty~quiet=true~permanent=10088923347033443961~complete=12835140031729522270;duplicate_recursive:outward=1~return=1~updates=1~work=2585~queue=empty~quiet=true~permanent=17740692365689373456~complete=469865600630464263;zero_length:outward=1~return=0~updates=0~work=16~queue=empty~quiet=true~permanent=5511320734034340258~complete=4898491304677176222;duplicate_physical:outward=1~return=0~updates=0~work=23~queue=empty~quiet=true~permanent=15848495101176289688~complete=8726595528915319717;open:outward=0~return=0~updates=0~work=7~queue=empty~quiet=true~permanent=10924792117538779687~complete=10347015876698654301;aged:outward=0~return=0~updates=0~work=7~queue=empty~quiet=true~permanent=17601380945512401874~complete=1530849414727025906;branch:outward=0~return=0~updates=0~work=54~queue=empty~quiet=true~permanent=8683448518024095558~complete=373148827728672492;cycle:outward=0~return=0~updates=0~work=17~queue=empty~quiet=true~permanent=6600000327804605786~complete=13495376240698792533,primary=5488|5488;uninterrupted=5488|5488;incomplete=5488|5488;duplicate=5488|5488;blocked=5488|5488;stale=5488|5552;cumulative=2304|2304,14762,5552,true,true,pass=true~first_m=2~first_u=2~first_w=713~first_q=true~second_m=2~second_u=2~second_w=753~second_q=true~heldout_o=1~heldout_m=0~heldout_u=0~heldout_w=514~heldout_q=true~coupling=2|2~resistance=6|6~before=2304~after=2304,true,bounded_same_body_memory,none
864012,3710903283351552,false,true,411,formation=learn_twice;complete=all@61;incomplete=omit4@70;blocked=resistance0@61;stale=once_age@111;compact=direct_open_fork_ring@0+aged@10;px7=train@0+10+heldout@20,14,exact_replay,independent Trial values exactly equal,exact=true~first_divergence=none,true,formation:outward=2~return=2~updates=12~work=14762~queue=empty~quiet=true~permanent=13286266028438877466~complete=10774563924833548027;completed:outward=1~return=1~updates=1~work=2473~queue=empty~quiet=true~permanent=17740692365689373456~complete=15183530853615693051;incomplete:outward=0~return=0~updates=0~work=1611~queue=empty~quiet=true~permanent=3383412107504307145~complete=5478908538112923823;blocked:outward=0~return=0~updates=0~work=2268~queue=empty~quiet=true~permanent=12658847346508328783~complete=3853238755966943287;stale:outward=0~return=0~updates=0~work=1334~queue=empty~quiet=true~permanent=10088923347033443961~complete=12835140031729522270;duplicate_recursive:outward=1~return=1~updates=1~work=2585~queue=empty~quiet=true~permanent=17740692365689373456~complete=469865600630464263;zero_length:outward=1~return=0~updates=0~work=16~queue=empty~quiet=true~permanent=5511320734034340258~complete=4898491304677176222;duplicate_physical:outward=1~return=0~updates=0~work=23~queue=empty~quiet=true~permanent=15848495101176289688~complete=8726595528915319717;open:outward=0~return=0~updates=0~work=7~queue=empty~quiet=true~permanent=10924792117538779687~complete=10347015876698654301;aged:outward=0~return=0~updates=0~work=7~queue=empty~quiet=true~permanent=17601380945512401874~complete=1530849414727025906;branch:outward=0~return=0~updates=0~work=54~queue=empty~quiet=true~permanent=8683448518024095558~complete=373148827728672492;cycle:outward=0~return=0~updates=0~work=17~queue=empty~quiet=true~permanent=6600000327804605786~complete=13495376240698792533,primary=5488|5488;uninterrupted=5488|5488;incomplete=5488|5488;duplicate=5488|5488;blocked=5488|5488;stale=5488|5552;cumulative=2304|2304,14762,5552,true,true,pass=true~first_m=2~first_u=2~first_w=713~first_q=true~second_m=2~second_u=2~second_w=753~second_q=true~heldout_o=1~heldout_m=0~heldout_u=0~heldout_w=514~heldout_q=true~coupling=2|2~resistance=6|6~before=2304~after=2304,true,bounded_same_body_memory,none
864013,3710907578318848,true,true,0,formation=learn_twice;complete=all@61;incomplete=omit4@70;blocked=resistance0@61;stale=once_age@111;compact=direct_open_fork_ring@0+aged@10;px7=train@0+10+heldout@20,1,formation_modulation_and_updates,formation.updates>0 && formation.inward_modulation>0,outward=2~return=2~updates=12~work=14750~queue=empty~quiet=true~permanent=5284650914135003736~complete=11519756128117717945,true,formation:outward=2~return=2~updates=12~work=14750~queue=empty~quiet=true~permanent=5284650914135003736~complete=11519756128117717945;completed:outward=1~return=1~updates=1~work=2470~queue=empty~quiet=true~permanent=2286651655533651626~complete=17586973907575389693;incomplete:outward=0~return=0~updates=0~work=1609~queue=empty~quiet=true~permanent=16624237739633428919~complete=9544171096780794087;blocked:outward=0~return=0~updates=0~work=2265~queue=empty~quiet=true~permanent=13539633467294927489~complete=1367647936126654149;stale:outward=0~return=0~updates=0~work=1332~queue=empty~quiet=true~permanent=12072206250880608367~complete=17759910363366699892;duplicate_recursive:outward=1~return=1~updates=1~work=2582~queue=empty~quiet=true~permanent=2286651655533651626~complete=4049750290527833593;zero_length:outward=1~return=0~updates=0~work=16~queue=empty~quiet=true~permanent=14394368198904596720~complete=14755889879445678428;duplicate_physical:outward=1~return=0~updates=0~work=23~queue=empty~quiet=true~permanent=11558790876032131490~complete=16149180527806082407;open:outward=0~return=0~updates=0~work=7~queue=empty~quiet=true~permanent=1337964369912222609~complete=3227491293900368095;aged:outward=0~return=0~updates=0~work=7~queue=empty~quiet=true~permanent=5270506342493382700~complete=9009575299321479472;branch:outward=0~return=0~updates=0~work=54~queue=empty~quiet=true~permanent=17691114215037375953~complete=4388440793492463731;cycle:outward=0~return=0~updates=0~work=17~queue=empty~quiet=true~permanent=14509383857486641206~complete=11710081259462415333,primary=5488|5488;uninterrupted=5488|5488;incomplete=5488|5488;duplicate=5488|5488;blocked=5488|5488;stale=5488|5552;cumulative=2304|2304,14750,5552,true,true,pass=true~first_m=2~first_u=2~first_w=713~first_q=true~second_m=2~second_u=2~second_w=753~second_q=true~heldout_o=1~heldout_m=0~heldout_u=0~heldout_w=514~heldout_q=true~coupling=2|2~resistance=6|6~before=2304~after=2304,true,bounded_same_body_memory,none
864013,3710907578318848,true,true,0,formation=learn_twice;complete=all@61;incomplete=omit4@70;blocked=resistance0@61;stale=once_age@111;compact=direct_open_fork_ring@0+aged@10;px7=train@0+10+heldout@20,2,completed_exactly_once,completed.outward==1,outward=1~return=1~updates=1~work=2470~queue=empty~quiet=true~permanent=2286651655533651626~complete=17586973907575389693,true,formation:outward=2~return=2~updates=12~work=14750~queue=empty~quiet=true~permanent=5284650914135003736~complete=11519756128117717945;completed:outward=1~return=1~updates=1~work=2470~queue=empty~quiet=true~permanent=2286651655533651626~complete=17586973907575389693;incomplete:outward=0~return=0~updates=0~work=1609~queue=empty~quiet=true~permanent=16624237739633428919~complete=9544171096780794087;blocked:outward=0~return=0~updates=0~work=2265~queue=empty~quiet=true~permanent=13539633467294927489~complete=1367647936126654149;stale:outward=0~return=0~updates=0~work=1332~queue=empty~quiet=true~permanent=12072206250880608367~complete=17759910363366699892;duplicate_recursive:outward=1~return=1~updates=1~work=2582~queue=empty~quiet=true~permanent=2286651655533651626~complete=4049750290527833593;zero_length:outward=1~return=0~updates=0~work=16~queue=empty~quiet=true~permanent=14394368198904596720~complete=14755889879445678428;duplicate_physical:outward=1~return=0~updates=0~work=23~queue=empty~quiet=true~permanent=11558790876032131490~complete=16149180527806082407;open:outward=0~return=0~updates=0~work=7~queue=empty~quiet=true~permanent=1337964369912222609~complete=3227491293900368095;aged:outward=0~return=0~updates=0~work=7~queue=empty~quiet=true~permanent=5270506342493382700~complete=9009575299321479472;branch:outward=0~return=0~updates=0~work=54~queue=empty~quiet=true~permanent=17691114215037375953~complete=4388440793492463731;cycle:outward=0~return=0~updates=0~work=17~queue=empty~quiet=true~permanent=14509383857486641206~complete=11710081259462415333,primary=5488|5488;uninterrupted=5488|5488;incomplete=5488|5488;duplicate=5488|5488;blocked=5488|5488;stale=5488|5552;cumulative=2304|2304,14750,5552,true,true,pass=true~first_m=2~first_u=2~first_w=713~first_q=true~second_m=2~second_u=2~second_w=753~second_q=true~heldout_o=1~heldout_m=0~heldout_u=0~heldout_w=514~heldout_q=true~coupling=2|2~resistance=6|6~before=2304~after=2304,true,bounded_same_body_memory,none
864013,3710907578318848,true,true,0,formation=learn_twice;complete=all@61;incomplete=omit4@70;blocked=resistance0@61;stale=once_age@111;compact=direct_open_fork_ring@0+aged@10;px7=train@0+10+heldout@20,3,completed_return_and_update,completed.return==1 && completed.updates==1,outward=1~return=1~updates=1~work=2470~queue=empty~quiet=true~permanent=2286651655533651626~complete=17586973907575389693,true,formation:outward=2~return=2~updates=12~work=14750~queue=empty~quiet=true~permanent=5284650914135003736~complete=11519756128117717945;completed:outward=1~return=1~updates=1~work=2470~queue=empty~quiet=true~permanent=2286651655533651626~complete=17586973907575389693;incomplete:outward=0~return=0~updates=0~work=1609~queue=empty~quiet=true~permanent=16624237739633428919~complete=9544171096780794087;blocked:outward=0~return=0~updates=0~work=2265~queue=empty~quiet=true~permanent=13539633467294927489~complete=1367647936126654149;stale:outward=0~return=0~updates=0~work=1332~queue=empty~quiet=true~permanent=12072206250880608367~complete=17759910363366699892;duplicate_recursive:outward=1~return=1~updates=1~work=2582~queue=empty~quiet=true~permanent=2286651655533651626~complete=4049750290527833593;zero_length:outward=1~return=0~updates=0~work=16~queue=empty~quiet=true~permanent=14394368198904596720~complete=14755889879445678428;duplicate_physical:outward=1~return=0~updates=0~work=23~queue=empty~quiet=true~permanent=11558790876032131490~complete=16149180527806082407;open:outward=0~return=0~updates=0~work=7~queue=empty~quiet=true~permanent=1337964369912222609~complete=3227491293900368095;aged:outward=0~return=0~updates=0~work=7~queue=empty~quiet=true~permanent=5270506342493382700~complete=9009575299321479472;branch:outward=0~return=0~updates=0~work=54~queue=empty~quiet=true~permanent=17691114215037375953~complete=4388440793492463731;cycle:outward=0~return=0~updates=0~work=17~queue=empty~quiet=true~permanent=14509383857486641206~complete=11710081259462415333,primary=5488|5488;uninterrupted=5488|5488;incomplete=5488|5488;duplicate=5488|5488;blocked=5488|5488;stale=5488|5552;cumulative=2304|2304,14750,5552,true,true,pass=true~first_m=2~first_u=2~first_w=713~first_q=true~second_m=2~second_u=2~second_w=753~second_q=true~heldout_o=1~heldout_m=0~heldout_u=0~heldout_w=514~heldout_q=true~coupling=2|2~resistance=6|6~before=2304~after=2304,true,bounded_same_body_memory,none
864013,3710907578318848,true,true,0,formation=learn_twice;complete=all@61;incomplete=omit4@70;blocked=resistance0@61;stale=once_age@111;compact=direct_open_fork_ring@0+aged@10;px7=train@0+10+heldout@20,4,incomplete_blocked_stale_silence,incomplete.outward==0 && blocked.outward==0 && stale.outward==0,incomplete=outward=0~return=0~updates=0~work=1609~queue=empty~quiet=true~permanent=16624237739633428919~complete=9544171096780794087~blocked=outward=0~return=0~updates=0~work=2265~queue=empty~quiet=true~permanent=13539633467294927489~complete=1367647936126654149~stale=outward=0~return=0~updates=0~work=1332~queue=empty~quiet=true~permanent=12072206250880608367~complete=17759910363366699892,true,formation:outward=2~return=2~updates=12~work=14750~queue=empty~quiet=true~permanent=5284650914135003736~complete=11519756128117717945;completed:outward=1~return=1~updates=1~work=2470~queue=empty~quiet=true~permanent=2286651655533651626~complete=17586973907575389693;incomplete:outward=0~return=0~updates=0~work=1609~queue=empty~quiet=true~permanent=16624237739633428919~complete=9544171096780794087;blocked:outward=0~return=0~updates=0~work=2265~queue=empty~quiet=true~permanent=13539633467294927489~complete=1367647936126654149;stale:outward=0~return=0~updates=0~work=1332~queue=empty~quiet=true~permanent=12072206250880608367~complete=17759910363366699892;duplicate_recursive:outward=1~return=1~updates=1~work=2582~queue=empty~quiet=true~permanent=2286651655533651626~complete=4049750290527833593;zero_length:outward=1~return=0~updates=0~work=16~queue=empty~quiet=true~permanent=14394368198904596720~complete=14755889879445678428;duplicate_physical:outward=1~return=0~updates=0~work=23~queue=empty~quiet=true~permanent=11558790876032131490~complete=16149180527806082407;open:outward=0~return=0~updates=0~work=7~queue=empty~quiet=true~permanent=1337964369912222609~complete=3227491293900368095;aged:outward=0~return=0~updates=0~work=7~queue=empty~quiet=true~permanent=5270506342493382700~complete=9009575299321479472;branch:outward=0~return=0~updates=0~work=54~queue=empty~quiet=true~permanent=17691114215037375953~complete=4388440793492463731;cycle:outward=0~return=0~updates=0~work=17~queue=empty~quiet=true~permanent=14509383857486641206~complete=11710081259462415333,primary=5488|5488;uninterrupted=5488|5488;incomplete=5488|5488;duplicate=5488|5488;blocked=5488|5488;stale=5488|5552;cumulative=2304|2304,14750,5552,true,true,pass=true~first_m=2~first_u=2~first_w=713~first_q=true~second_m=2~second_u=2~second_w=753~second_q=true~heldout_o=1~heldout_m=0~heldout_u=0~heldout_w=514~heldout_q=true~coupling=2|2~resistance=6|6~before=2304~after=2304,true,bounded_same_body_memory,none
864013,3710907578318848,true,true,0,formation=learn_twice;complete=all@61;incomplete=omit4@70;blocked=resistance0@61;stale=once_age@111;compact=direct_open_fork_ring@0+aged@10;px7=train@0+10+heldout@20,5,open_aged_silence,open.outward==0 && aged.outward==0,open=outward=0~return=0~updates=0~work=7~queue=empty~quiet=true~permanent=1337964369912222609~complete=3227491293900368095~aged=outward=0~return=0~updates=0~work=7~queue=empty~quiet=true~permanent=5270506342493382700~complete=9009575299321479472,true,formation:outward=2~return=2~updates=12~work=14750~queue=empty~quiet=true~permanent=5284650914135003736~complete=11519756128117717945;completed:outward=1~return=1~updates=1~work=2470~queue=empty~quiet=true~permanent=2286651655533651626~complete=17586973907575389693;incomplete:outward=0~return=0~updates=0~work=1609~queue=empty~quiet=true~permanent=16624237739633428919~complete=9544171096780794087;blocked:outward=0~return=0~updates=0~work=2265~queue=empty~quiet=true~permanent=13539633467294927489~complete=1367647936126654149;stale:outward=0~return=0~updates=0~work=1332~queue=empty~quiet=true~permanent=12072206250880608367~complete=17759910363366699892;duplicate_recursive:outward=1~return=1~updates=1~work=2582~queue=empty~quiet=true~permanent=2286651655533651626~complete=4049750290527833593;zero_length:outward=1~return=0~updates=0~work=16~queue=empty~quiet=true~permanent=14394368198904596720~complete=14755889879445678428;duplicate_physical:outward=1~return=0~updates=0~work=23~queue=empty~quiet=true~permanent=11558790876032131490~complete=16149180527806082407;open:outward=0~return=0~updates=0~work=7~queue=empty~quiet=true~permanent=1337964369912222609~complete=3227491293900368095;aged:outward=0~return=0~updates=0~work=7~queue=empty~quiet=true~permanent=5270506342493382700~complete=9009575299321479472;branch:outward=0~return=0~updates=0~work=54~queue=empty~quiet=true~permanent=17691114215037375953~complete=4388440793492463731;cycle:outward=0~return=0~updates=0~work=17~queue=empty~quiet=true~permanent=14509383857486641206~complete=11710081259462415333,primary=5488|5488;uninterrupted=5488|5488;incomplete=5488|5488;duplicate=5488|5488;blocked=5488|5488;stale=5488|5552;cumulative=2304|2304,14750,5552,true,true,pass=true~first_m=2~first_u=2~first_w=713~first_q=true~second_m=2~second_u=2~second_w=753~second_q=true~heldout_o=1~heldout_m=0~heldout_u=0~heldout_w=514~heldout_q=true~coupling=2|2~resistance=6|6~before=2304~after=2304,true,bounded_same_body_memory,none
864013,3710907578318848,true,true,0,formation=learn_twice;complete=all@61;incomplete=omit4@70;blocked=resistance0@61;stale=once_age@111;compact=direct_open_fork_ring@0+aged@10;px7=train@0+10+heldout@20,6,zero_length_exactly_once,zero_length.outward==1,outward=1~return=0~updates=0~work=16~queue=empty~quiet=true~permanent=14394368198904596720~complete=14755889879445678428,true,formation:outward=2~return=2~updates=12~work=14750~queue=empty~quiet=true~permanent=5284650914135003736~complete=11519756128117717945;completed:outward=1~return=1~updates=1~work=2470~queue=empty~quiet=true~permanent=2286651655533651626~complete=17586973907575389693;incomplete:outward=0~return=0~updates=0~work=1609~queue=empty~quiet=true~permanent=16624237739633428919~complete=9544171096780794087;blocked:outward=0~return=0~updates=0~work=2265~queue=empty~quiet=true~permanent=13539633467294927489~complete=1367647936126654149;stale:outward=0~return=0~updates=0~work=1332~queue=empty~quiet=true~permanent=12072206250880608367~complete=17759910363366699892;duplicate_recursive:outward=1~return=1~updates=1~work=2582~queue=empty~quiet=true~permanent=2286651655533651626~complete=4049750290527833593;zero_length:outward=1~return=0~updates=0~work=16~queue=empty~quiet=true~permanent=14394368198904596720~complete=14755889879445678428;duplicate_physical:outward=1~return=0~updates=0~work=23~queue=empty~quiet=true~permanent=11558790876032131490~complete=16149180527806082407;open:outward=0~return=0~updates=0~work=7~queue=empty~quiet=true~permanent=1337964369912222609~complete=3227491293900368095;aged:outward=0~return=0~updates=0~work=7~queue=empty~quiet=true~permanent=5270506342493382700~complete=9009575299321479472;branch:outward=0~return=0~updates=0~work=54~queue=empty~quiet=true~permanent=17691114215037375953~complete=4388440793492463731;cycle:outward=0~return=0~updates=0~work=17~queue=empty~quiet=true~permanent=14509383857486641206~complete=11710081259462415333,primary=5488|5488;uninterrupted=5488|5488;incomplete=5488|5488;duplicate=5488|5488;blocked=5488|5488;stale=5488|5552;cumulative=2304|2304,14750,5552,true,true,pass=true~first_m=2~first_u=2~first_w=713~first_q=true~second_m=2~second_u=2~second_w=753~second_q=true~heldout_o=1~heldout_m=0~heldout_u=0~heldout_w=514~heldout_q=true~coupling=2|2~resistance=6|6~before=2304~after=2304,true,bounded_same_body_memory,none
864013,3710907578318848,true,true,0,formation=learn_twice;complete=all@61;incomplete=omit4@70;blocked=resistance0@61;stale=once_age@111;compact=direct_open_fork_ring@0+aged@10;px7=train@0+10+heldout@20,7,duplicates_exactly_once,duplicate_physical.outward==1 && duplicate_recursive.outward==1,physical=outward=1~return=0~updates=0~work=23~queue=empty~quiet=true~permanent=11558790876032131490~complete=16149180527806082407~recursive=outward=1~return=1~updates=1~work=2582~queue=empty~quiet=true~permanent=2286651655533651626~complete=4049750290527833593,true,formation:outward=2~return=2~updates=12~work=14750~queue=empty~quiet=true~permanent=5284650914135003736~complete=11519756128117717945;completed:outward=1~return=1~updates=1~work=2470~queue=empty~quiet=true~permanent=2286651655533651626~complete=17586973907575389693;incomplete:outward=0~return=0~updates=0~work=1609~queue=empty~quiet=true~permanent=16624237739633428919~complete=9544171096780794087;blocked:outward=0~return=0~updates=0~work=2265~queue=empty~quiet=true~permanent=13539633467294927489~complete=1367647936126654149;stale:outward=0~return=0~updates=0~work=1332~queue=empty~quiet=true~permanent=12072206250880608367~complete=17759910363366699892;duplicate_recursive:outward=1~return=1~updates=1~work=2582~queue=empty~quiet=true~permanent=2286651655533651626~complete=4049750290527833593;zero_length:outward=1~return=0~updates=0~work=16~queue=empty~quiet=true~permanent=14394368198904596720~complete=14755889879445678428;duplicate_physical:outward=1~return=0~updates=0~work=23~queue=empty~quiet=true~permanent=11558790876032131490~complete=16149180527806082407;open:outward=0~return=0~updates=0~work=7~queue=empty~quiet=true~permanent=1337964369912222609~complete=3227491293900368095;aged:outward=0~return=0~updates=0~work=7~queue=empty~quiet=true~permanent=5270506342493382700~complete=9009575299321479472;branch:outward=0~return=0~updates=0~work=54~queue=empty~quiet=true~permanent=17691114215037375953~complete=4388440793492463731;cycle:outward=0~return=0~updates=0~work=17~queue=empty~quiet=true~permanent=14509383857486641206~complete=11710081259462415333,primary=5488|5488;uninterrupted=5488|5488;incomplete=5488|5488;duplicate=5488|5488;blocked=5488|5488;stale=5488|5552;cumulative=2304|2304,14750,5552,true,true,pass=true~first_m=2~first_u=2~first_w=713~first_q=true~second_m=2~second_u=2~second_w=753~second_q=true~heldout_o=1~heldout_m=0~heldout_u=0~heldout_w=514~heldout_q=true~coupling=2|2~resistance=6|6~before=2304~after=2304,true,bounded_same_body_memory,none
864013,3710907578318848,true,true,0,formation=learn_twice;complete=all@61;incomplete=omit4@70;blocked=resistance0@61;stale=once_age@111;compact=direct_open_fork_ring@0+aged@10;px7=train@0+10+heldout@20,8,branch_cycle_silence,branch.outward==0 && cycle.outward==0,branch=outward=0~return=0~updates=0~work=54~queue=empty~quiet=true~permanent=17691114215037375953~complete=4388440793492463731~cycle=outward=0~return=0~updates=0~work=17~queue=empty~quiet=true~permanent=14509383857486641206~complete=11710081259462415333,true,formation:outward=2~return=2~updates=12~work=14750~queue=empty~quiet=true~permanent=5284650914135003736~complete=11519756128117717945;completed:outward=1~return=1~updates=1~work=2470~queue=empty~quiet=true~permanent=2286651655533651626~complete=17586973907575389693;incomplete:outward=0~return=0~updates=0~work=1609~queue=empty~quiet=true~permanent=16624237739633428919~complete=9544171096780794087;blocked:outward=0~return=0~updates=0~work=2265~queue=empty~quiet=true~permanent=13539633467294927489~complete=1367647936126654149;stale:outward=0~return=0~updates=0~work=1332~queue=empty~quiet=true~permanent=12072206250880608367~complete=17759910363366699892;duplicate_recursive:outward=1~return=1~updates=1~work=2582~queue=empty~quiet=true~permanent=2286651655533651626~complete=4049750290527833593;zero_length:outward=1~return=0~updates=0~work=16~queue=empty~quiet=true~permanent=14394368198904596720~complete=14755889879445678428;duplicate_physical:outward=1~return=0~updates=0~work=23~queue=empty~quiet=true~permanent=11558790876032131490~complete=16149180527806082407;open:outward=0~return=0~updates=0~work=7~queue=empty~quiet=true~permanent=1337964369912222609~complete=3227491293900368095;aged:outward=0~return=0~updates=0~work=7~queue=empty~quiet=true~permanent=5270506342493382700~complete=9009575299321479472;branch:outward=0~return=0~updates=0~work=54~queue=empty~quiet=true~permanent=17691114215037375953~complete=4388440793492463731;cycle:outward=0~return=0~updates=0~work=17~queue=empty~quiet=true~permanent=14509383857486641206~complete=11710081259462415333,primary=5488|5488;uninterrupted=5488|5488;incomplete=5488|5488;duplicate=5488|5488;blocked=5488|5488;stale=5488|5552;cumulative=2304|2304,14750,5552,true,true,pass=true~first_m=2~first_u=2~first_w=713~first_q=true~second_m=2~second_u=2~second_w=753~second_q=true~heldout_o=1~heldout_m=0~heldout_u=0~heldout_w=514~heldout_q=true~coupling=2|2~resistance=6|6~before=2304~after=2304,true,bounded_same_body_memory,none
864013,3710907578318848,true,true,0,formation=learn_twice;complete=all@61;incomplete=omit4@70;blocked=resistance0@61;stale=once_age@111;compact=direct_open_fork_ring@0+aged@10;px7=train@0+10+heldout@20,9,pause_resume,pause_stable && resume_equal,pause_stable=true~resume_equal=true,true,formation:outward=2~return=2~updates=12~work=14750~queue=empty~quiet=true~permanent=5284650914135003736~complete=11519756128117717945;completed:outward=1~return=1~updates=1~work=2470~queue=empty~quiet=true~permanent=2286651655533651626~complete=17586973907575389693;incomplete:outward=0~return=0~updates=0~work=1609~queue=empty~quiet=true~permanent=16624237739633428919~complete=9544171096780794087;blocked:outward=0~return=0~updates=0~work=2265~queue=empty~quiet=true~permanent=13539633467294927489~complete=1367647936126654149;stale:outward=0~return=0~updates=0~work=1332~queue=empty~quiet=true~permanent=12072206250880608367~complete=17759910363366699892;duplicate_recursive:outward=1~return=1~updates=1~work=2582~queue=empty~quiet=true~permanent=2286651655533651626~complete=4049750290527833593;zero_length:outward=1~return=0~updates=0~work=16~queue=empty~quiet=true~permanent=14394368198904596720~complete=14755889879445678428;duplicate_physical:outward=1~return=0~updates=0~work=23~queue=empty~quiet=true~permanent=11558790876032131490~complete=16149180527806082407;open:outward=0~return=0~updates=0~work=7~queue=empty~quiet=true~permanent=1337964369912222609~complete=3227491293900368095;aged:outward=0~return=0~updates=0~work=7~queue=empty~quiet=true~permanent=5270506342493382700~complete=9009575299321479472;branch:outward=0~return=0~updates=0~work=54~queue=empty~quiet=true~permanent=17691114215037375953~complete=4388440793492463731;cycle:outward=0~return=0~updates=0~work=17~queue=empty~quiet=true~permanent=14509383857486641206~complete=11710081259462415333,primary=5488|5488;uninterrupted=5488|5488;incomplete=5488|5488;duplicate=5488|5488;blocked=5488|5488;stale=5488|5552;cumulative=2304|2304,14750,5552,true,true,pass=true~first_m=2~first_u=2~first_w=713~first_q=true~second_m=2~second_u=2~second_w=753~second_q=true~heldout_o=1~heldout_m=0~heldout_u=0~heldout_w=514~heldout_q=true~coupling=2|2~resistance=6|6~before=2304~after=2304,true,bounded_same_body_memory,none
864013,3710907578318848,true,true,0,formation=learn_twice;complete=all@61;incomplete=omit4@70;blocked=resistance0@61;stale=once_age@111;compact=direct_open_fork_ring@0+aged@10;px7=train@0+10+heldout@20,10,natural_quiescence,all queues empty and naturally quiescent,quiet=true~queue=empty,true,formation:outward=2~return=2~updates=12~work=14750~queue=empty~quiet=true~permanent=5284650914135003736~complete=11519756128117717945;completed:outward=1~return=1~updates=1~work=2470~queue=empty~quiet=true~permanent=2286651655533651626~complete=17586973907575389693;incomplete:outward=0~return=0~updates=0~work=1609~queue=empty~quiet=true~permanent=16624237739633428919~complete=9544171096780794087;blocked:outward=0~return=0~updates=0~work=2265~queue=empty~quiet=true~permanent=13539633467294927489~complete=1367647936126654149;stale:outward=0~return=0~updates=0~work=1332~queue=empty~quiet=true~permanent=12072206250880608367~complete=17759910363366699892;duplicate_recursive:outward=1~return=1~updates=1~work=2582~queue=empty~quiet=true~permanent=2286651655533651626~complete=4049750290527833593;zero_length:outward=1~return=0~updates=0~work=16~queue=empty~quiet=true~permanent=14394368198904596720~complete=14755889879445678428;duplicate_physical:outward=1~return=0~updates=0~work=23~queue=empty~quiet=true~permanent=11558790876032131490~complete=16149180527806082407;open:outward=0~return=0~updates=0~work=7~queue=empty~quiet=true~permanent=1337964369912222609~complete=3227491293900368095;aged:outward=0~return=0~updates=0~work=7~queue=empty~quiet=true~permanent=5270506342493382700~complete=9009575299321479472;branch:outward=0~return=0~updates=0~work=54~queue=empty~quiet=true~permanent=17691114215037375953~complete=4388440793492463731;cycle:outward=0~return=0~updates=0~work=17~queue=empty~quiet=true~permanent=14509383857486641206~complete=11710081259462415333,primary=5488|5488;uninterrupted=5488|5488;incomplete=5488|5488;duplicate=5488|5488;blocked=5488|5488;stale=5488|5552;cumulative=2304|2304,14750,5552,true,true,pass=true~first_m=2~first_u=2~first_w=713~first_q=true~second_m=2~second_u=2~second_w=753~second_q=true~heldout_o=1~heldout_m=0~heldout_u=0~heldout_w=514~heldout_q=true~coupling=2|2~resistance=6|6~before=2304~after=2304,true,bounded_same_body_memory,none
864013,3710907578318848,true,true,0,formation=learn_twice;complete=all@61;incomplete=omit4@70;blocked=resistance0@61;stale=once_age@111;compact=direct_open_fork_ring@0+aged@10;px7=train@0+10+heldout@20,11,bounded_work,maximum_work<=20000,maximum_work=14750,true,formation:outward=2~return=2~updates=12~work=14750~queue=empty~quiet=true~permanent=5284650914135003736~complete=11519756128117717945;completed:outward=1~return=1~updates=1~work=2470~queue=empty~quiet=true~permanent=2286651655533651626~complete=17586973907575389693;incomplete:outward=0~return=0~updates=0~work=1609~queue=empty~quiet=true~permanent=16624237739633428919~complete=9544171096780794087;blocked:outward=0~return=0~updates=0~work=2265~queue=empty~quiet=true~permanent=13539633467294927489~complete=1367647936126654149;stale:outward=0~return=0~updates=0~work=1332~queue=empty~quiet=true~permanent=12072206250880608367~complete=17759910363366699892;duplicate_recursive:outward=1~return=1~updates=1~work=2582~queue=empty~quiet=true~permanent=2286651655533651626~complete=4049750290527833593;zero_length:outward=1~return=0~updates=0~work=16~queue=empty~quiet=true~permanent=14394368198904596720~complete=14755889879445678428;duplicate_physical:outward=1~return=0~updates=0~work=23~queue=empty~quiet=true~permanent=11558790876032131490~complete=16149180527806082407;open:outward=0~return=0~updates=0~work=7~queue=empty~quiet=true~permanent=1337964369912222609~complete=3227491293900368095;aged:outward=0~return=0~updates=0~work=7~queue=empty~quiet=true~permanent=5270506342493382700~complete=9009575299321479472;branch:outward=0~return=0~updates=0~work=54~queue=empty~quiet=true~permanent=17691114215037375953~complete=4388440793492463731;cycle:outward=0~return=0~updates=0~work=17~queue=empty~quiet=true~permanent=14509383857486641206~complete=11710081259462415333,primary=5488|5488;uninterrupted=5488|5488;incomplete=5488|5488;duplicate=5488|5488;blocked=5488|5488;stale=5488|5552;cumulative=2304|2304,14750,5552,true,true,pass=true~first_m=2~first_u=2~first_w=713~first_q=true~second_m=2~second_u=2~second_w=753~second_q=true~heldout_o=1~heldout_m=0~heldout_u=0~heldout_w=514~heldout_q=true~coupling=2|2~resistance=6|6~before=2304~after=2304,true,bounded_same_body_memory,none
864013,3710907578318848,true,true,0,formation=learn_twice;complete=all@61;incomplete=omit4@70;blocked=resistance0@61;stale=once_age@111;compact=direct_open_fork_ring@0+aged@10;px7=train@0+10+heldout@20,12,bounded_same_body_memory,maximum_bytes<=8192 && all seven before==after,maximum_bytes=5552~pairs=primary=5488|5488;uninterrupted=5488|5488;incomplete=5488|5488;duplicate=5488|5488;blocked=5488|5488;stale=5488|5552;cumulative=2304|2304~stable=false,false,formation:outward=2~return=2~updates=12~work=14750~queue=empty~quiet=true~permanent=5284650914135003736~complete=11519756128117717945;completed:outward=1~return=1~updates=1~work=2470~queue=empty~quiet=true~permanent=2286651655533651626~complete=17586973907575389693;incomplete:outward=0~return=0~updates=0~work=1609~queue=empty~quiet=true~permanent=16624237739633428919~complete=9544171096780794087;blocked:outward=0~return=0~updates=0~work=2265~queue=empty~quiet=true~permanent=13539633467294927489~complete=1367647936126654149;stale:outward=0~return=0~updates=0~work=1332~queue=empty~quiet=true~permanent=12072206250880608367~complete=17759910363366699892;duplicate_recursive:outward=1~return=1~updates=1~work=2582~queue=empty~quiet=true~permanent=2286651655533651626~complete=4049750290527833593;zero_length:outward=1~return=0~updates=0~work=16~queue=empty~quiet=true~permanent=14394368198904596720~complete=14755889879445678428;duplicate_physical:outward=1~return=0~updates=0~work=23~queue=empty~quiet=true~permanent=11558790876032131490~complete=16149180527806082407;open:outward=0~return=0~updates=0~work=7~queue=empty~quiet=true~permanent=1337964369912222609~complete=3227491293900368095;aged:outward=0~return=0~updates=0~work=7~queue=empty~quiet=true~permanent=5270506342493382700~complete=9009575299321479472;branch:outward=0~return=0~updates=0~work=54~queue=empty~quiet=true~permanent=17691114215037375953~complete=4388440793492463731;cycle:outward=0~return=0~updates=0~work=17~queue=empty~quiet=true~permanent=14509383857486641206~complete=11710081259462415333,primary=5488|5488;uninterrupted=5488|5488;incomplete=5488|5488;duplicate=5488|5488;blocked=5488|5488;stale=5488|5552;cumulative=2304|2304,14750,5552,true,true,pass=true~first_m=2~first_u=2~first_w=713~first_q=true~second_m=2~second_u=2~second_w=753~second_q=true~heldout_o=1~heldout_m=0~heldout_u=0~heldout_w=514~heldout_q=true~coupling=2|2~resistance=6|6~before=2304~after=2304,true,bounded_same_body_memory,none
864013,3710907578318848,true,true,0,formation=learn_twice;complete=all@61;incomplete=omit4@70;blocked=resistance0@61;stale=once_age@111;compact=direct_open_fork_ring@0+aged@10;px7=train@0+10+heldout@20,13,cumulative_px0_px7_lrc,PX7 training/heldout/return/quiet/stability pass,pass=true~first_m=2~first_u=2~first_w=713~first_q=true~second_m=2~second_u=2~second_w=753~second_q=true~heldout_o=1~heldout_m=0~heldout_u=0~heldout_w=514~heldout_q=true~coupling=2|2~resistance=6|6~before=2304~after=2304,true,formation:outward=2~return=2~updates=12~work=14750~queue=empty~quiet=true~permanent=5284650914135003736~complete=11519756128117717945;completed:outward=1~return=1~updates=1~work=2470~queue=empty~quiet=true~permanent=2286651655533651626~complete=17586973907575389693;incomplete:outward=0~return=0~updates=0~work=1609~queue=empty~quiet=true~permanent=16624237739633428919~complete=9544171096780794087;blocked:outward=0~return=0~updates=0~work=2265~queue=empty~quiet=true~permanent=13539633467294927489~complete=1367647936126654149;stale:outward=0~return=0~updates=0~work=1332~queue=empty~quiet=true~permanent=12072206250880608367~complete=17759910363366699892;duplicate_recursive:outward=1~return=1~updates=1~work=2582~queue=empty~quiet=true~permanent=2286651655533651626~complete=4049750290527833593;zero_length:outward=1~return=0~updates=0~work=16~queue=empty~quiet=true~permanent=14394368198904596720~complete=14755889879445678428;duplicate_physical:outward=1~return=0~updates=0~work=23~queue=empty~quiet=true~permanent=11558790876032131490~complete=16149180527806082407;open:outward=0~return=0~updates=0~work=7~queue=empty~quiet=true~permanent=1337964369912222609~complete=3227491293900368095;aged:outward=0~return=0~updates=0~work=7~queue=empty~quiet=true~permanent=5270506342493382700~complete=9009575299321479472;branch:outward=0~return=0~updates=0~work=54~queue=empty~quiet=true~permanent=17691114215037375953~complete=4388440793492463731;cycle:outward=0~return=0~updates=0~work=17~queue=empty~quiet=true~permanent=14509383857486641206~complete=11710081259462415333,primary=5488|5488;uninterrupted=5488|5488;incomplete=5488|5488;duplicate=5488|5488;blocked=5488|5488;stale=5488|5552;cumulative=2304|2304,14750,5552,true,true,pass=true~first_m=2~first_u=2~first_w=713~first_q=true~second_m=2~second_u=2~second_w=753~second_q=true~heldout_o=1~heldout_m=0~heldout_u=0~heldout_w=514~heldout_q=true~coupling=2|2~resistance=6|6~before=2304~after=2304,true,bounded_same_body_memory,none
864013,3710907578318848,true,true,0,formation=learn_twice;complete=all@61;incomplete=omit4@70;blocked=resistance0@61;stale=once_age@111;compact=direct_open_fork_ring@0+aged@10;px7=train@0+10+heldout@20,14,exact_replay,independent Trial values exactly equal,exact=true~first_divergence=none,true,formation:outward=2~return=2~updates=12~work=14750~queue=empty~quiet=true~permanent=5284650914135003736~complete=11519756128117717945;completed:outward=1~return=1~updates=1~work=2470~queue=empty~quiet=true~permanent=2286651655533651626~complete=17586973907575389693;incomplete:outward=0~return=0~updates=0~work=1609~queue=empty~quiet=true~permanent=16624237739633428919~complete=9544171096780794087;blocked:outward=0~return=0~updates=0~work=2265~queue=empty~quiet=true~permanent=13539633467294927489~complete=1367647936126654149;stale:outward=0~return=0~updates=0~work=1332~queue=empty~quiet=true~permanent=12072206250880608367~complete=17759910363366699892;duplicate_recursive:outward=1~return=1~updates=1~work=2582~queue=empty~quiet=true~permanent=2286651655533651626~complete=4049750290527833593;zero_length:outward=1~return=0~updates=0~work=16~queue=empty~quiet=true~permanent=14394368198904596720~complete=14755889879445678428;duplicate_physical:outward=1~return=0~updates=0~work=23~queue=empty~quiet=true~permanent=11558790876032131490~complete=16149180527806082407;open:outward=0~return=0~updates=0~work=7~queue=empty~quiet=true~permanent=1337964369912222609~complete=3227491293900368095;aged:outward=0~return=0~updates=0~work=7~queue=empty~quiet=true~permanent=5270506342493382700~complete=9009575299321479472;branch:outward=0~return=0~updates=0~work=54~queue=empty~quiet=true~permanent=17691114215037375953~complete=4388440793492463731;cycle:outward=0~return=0~updates=0~work=17~queue=empty~quiet=true~permanent=14509383857486641206~complete=11710081259462415333,primary=5488|5488;uninterrupted=5488|5488;incomplete=5488|5488;duplicate=5488|5488;blocked=5488|5488;stale=5488|5552;cumulative=2304|2304,14750,5552,true,true,pass=true~first_m=2~first_u=2~first_w=713~first_q=true~second_m=2~second_u=2~second_w=753~second_q=true~heldout_o=1~heldout_m=0~heldout_u=0~heldout_w=514~heldout_q=true~coupling=2|2~resistance=6|6~before=2304~after=2304,true,bounded_same_body_memory,none
864014,3710911873286144,true,true,137,formation=learn_twice;complete=all@61;incomplete=omit4@70;blocked=resistance0@61;stale=once_age@111;compact=direct_open_fork_ring@0+aged@10;px7=train@0+10+heldout@20,1,formation_modulation_and_updates,formation.updates>0 && formation.inward_modulation>0,outward=2~return=2~updates=12~work=14788~queue=empty~quiet=true~permanent=9458312707767111993~complete=18221282386458772912,true,formation:outward=2~return=2~updates=12~work=14788~queue=empty~quiet=true~permanent=9458312707767111993~complete=18221282386458772912;completed:outward=1~return=1~updates=1~work=2478~queue=empty~quiet=true~permanent=5219297712452170043~complete=12683571074004292696;incomplete:outward=0~return=0~updates=0~work=1616~queue=empty~quiet=true~permanent=15927785033655165746~complete=5153353511496100170;blocked:outward=0~return=0~updates=0~work=2273~queue=empty~quiet=true~permanent=16321152591472116956~complete=5064731540267040828;stale:outward=0~return=0~updates=0~work=1334~queue=empty~quiet=true~permanent=5829392528251340383~complete=10205187905689286376;duplicate_recursive:outward=1~return=1~updates=1~work=2590~queue=empty~quiet=true~permanent=5219297712452170043~complete=16416649894728615524;zero_length:outward=1~return=0~updates=0~work=16~queue=empty~quiet=true~permanent=4277957485185812526~complete=16237761282541255266;duplicate_physical:outward=1~return=0~updates=0~work=23~queue=empty~quiet=true~permanent=6514460533121486576~complete=645595670140983573;open:outward=0~return=0~updates=0~work=7~queue=empty~quiet=true~permanent=1007580084218786355~complete=12590443876900609337;aged:outward=0~return=0~updates=0~work=7~queue=empty~quiet=true~permanent=18424800224273084378~complete=4690481746538709962;branch:outward=0~return=0~updates=0~work=54~queue=empty~quiet=true~permanent=10493828101447698524~complete=9370278210364617102;cycle:outward=0~return=0~updates=0~work=17~queue=empty~quiet=true~permanent=12418504331573003518~complete=16725573542572972389,primary=5488|5488;uninterrupted=5488|5488;incomplete=5488|5488;duplicate=5488|5488;blocked=5488|5488;stale=5488|5552;cumulative=2304|2304,14788,5552,true,true,pass=true~first_m=2~first_u=2~first_w=713~first_q=true~second_m=2~second_u=2~second_w=753~second_q=true~heldout_o=1~heldout_m=0~heldout_u=0~heldout_w=514~heldout_q=true~coupling=2|2~resistance=6|6~before=2304~after=2304,true,bounded_same_body_memory,none
864014,3710911873286144,true,true,137,formation=learn_twice;complete=all@61;incomplete=omit4@70;blocked=resistance0@61;stale=once_age@111;compact=direct_open_fork_ring@0+aged@10;px7=train@0+10+heldout@20,2,completed_exactly_once,completed.outward==1,outward=1~return=1~updates=1~work=2478~queue=empty~quiet=true~permanent=5219297712452170043~complete=12683571074004292696,true,formation:outward=2~return=2~updates=12~work=14788~queue=empty~quiet=true~permanent=9458312707767111993~complete=18221282386458772912;completed:outward=1~return=1~updates=1~work=2478~queue=empty~quiet=true~permanent=5219297712452170043~complete=12683571074004292696;incomplete:outward=0~return=0~updates=0~work=1616~queue=empty~quiet=true~permanent=15927785033655165746~complete=5153353511496100170;blocked:outward=0~return=0~updates=0~work=2273~queue=empty~quiet=true~permanent=16321152591472116956~complete=5064731540267040828;stale:outward=0~return=0~updates=0~work=1334~queue=empty~quiet=true~permanent=5829392528251340383~complete=10205187905689286376;duplicate_recursive:outward=1~return=1~updates=1~work=2590~queue=empty~quiet=true~permanent=5219297712452170043~complete=16416649894728615524;zero_length:outward=1~return=0~updates=0~work=16~queue=empty~quiet=true~permanent=4277957485185812526~complete=16237761282541255266;duplicate_physical:outward=1~return=0~updates=0~work=23~queue=empty~quiet=true~permanent=6514460533121486576~complete=645595670140983573;open:outward=0~return=0~updates=0~work=7~queue=empty~quiet=true~permanent=1007580084218786355~complete=12590443876900609337;aged:outward=0~return=0~updates=0~work=7~queue=empty~quiet=true~permanent=18424800224273084378~complete=4690481746538709962;branch:outward=0~return=0~updates=0~work=54~queue=empty~quiet=true~permanent=10493828101447698524~complete=9370278210364617102;cycle:outward=0~return=0~updates=0~work=17~queue=empty~quiet=true~permanent=12418504331573003518~complete=16725573542572972389,primary=5488|5488;uninterrupted=5488|5488;incomplete=5488|5488;duplicate=5488|5488;blocked=5488|5488;stale=5488|5552;cumulative=2304|2304,14788,5552,true,true,pass=true~first_m=2~first_u=2~first_w=713~first_q=true~second_m=2~second_u=2~second_w=753~second_q=true~heldout_o=1~heldout_m=0~heldout_u=0~heldout_w=514~heldout_q=true~coupling=2|2~resistance=6|6~before=2304~after=2304,true,bounded_same_body_memory,none
864014,3710911873286144,true,true,137,formation=learn_twice;complete=all@61;incomplete=omit4@70;blocked=resistance0@61;stale=once_age@111;compact=direct_open_fork_ring@0+aged@10;px7=train@0+10+heldout@20,3,completed_return_and_update,completed.return==1 && completed.updates==1,outward=1~return=1~updates=1~work=2478~queue=empty~quiet=true~permanent=5219297712452170043~complete=12683571074004292696,true,formation:outward=2~return=2~updates=12~work=14788~queue=empty~quiet=true~permanent=9458312707767111993~complete=18221282386458772912;completed:outward=1~return=1~updates=1~work=2478~queue=empty~quiet=true~permanent=5219297712452170043~complete=12683571074004292696;incomplete:outward=0~return=0~updates=0~work=1616~queue=empty~quiet=true~permanent=15927785033655165746~complete=5153353511496100170;blocked:outward=0~return=0~updates=0~work=2273~queue=empty~quiet=true~permanent=16321152591472116956~complete=5064731540267040828;stale:outward=0~return=0~updates=0~work=1334~queue=empty~quiet=true~permanent=5829392528251340383~complete=10205187905689286376;duplicate_recursive:outward=1~return=1~updates=1~work=2590~queue=empty~quiet=true~permanent=5219297712452170043~complete=16416649894728615524;zero_length:outward=1~return=0~updates=0~work=16~queue=empty~quiet=true~permanent=4277957485185812526~complete=16237761282541255266;duplicate_physical:outward=1~return=0~updates=0~work=23~queue=empty~quiet=true~permanent=6514460533121486576~complete=645595670140983573;open:outward=0~return=0~updates=0~work=7~queue=empty~quiet=true~permanent=1007580084218786355~complete=12590443876900609337;aged:outward=0~return=0~updates=0~work=7~queue=empty~quiet=true~permanent=18424800224273084378~complete=4690481746538709962;branch:outward=0~return=0~updates=0~work=54~queue=empty~quiet=true~permanent=10493828101447698524~complete=9370278210364617102;cycle:outward=0~return=0~updates=0~work=17~queue=empty~quiet=true~permanent=12418504331573003518~complete=16725573542572972389,primary=5488|5488;uninterrupted=5488|5488;incomplete=5488|5488;duplicate=5488|5488;blocked=5488|5488;stale=5488|5552;cumulative=2304|2304,14788,5552,true,true,pass=true~first_m=2~first_u=2~first_w=713~first_q=true~second_m=2~second_u=2~second_w=753~second_q=true~heldout_o=1~heldout_m=0~heldout_u=0~heldout_w=514~heldout_q=true~coupling=2|2~resistance=6|6~before=2304~after=2304,true,bounded_same_body_memory,none
864014,3710911873286144,true,true,137,formation=learn_twice;complete=all@61;incomplete=omit4@70;blocked=resistance0@61;stale=once_age@111;compact=direct_open_fork_ring@0+aged@10;px7=train@0+10+heldout@20,4,incomplete_blocked_stale_silence,incomplete.outward==0 && blocked.outward==0 && stale.outward==0,incomplete=outward=0~return=0~updates=0~work=1616~queue=empty~quiet=true~permanent=15927785033655165746~complete=5153353511496100170~blocked=outward=0~return=0~updates=0~work=2273~queue=empty~quiet=true~permanent=16321152591472116956~complete=5064731540267040828~stale=outward=0~return=0~updates=0~work=1334~queue=empty~quiet=true~permanent=5829392528251340383~complete=10205187905689286376,true,formation:outward=2~return=2~updates=12~work=14788~queue=empty~quiet=true~permanent=9458312707767111993~complete=18221282386458772912;completed:outward=1~return=1~updates=1~work=2478~queue=empty~quiet=true~permanent=5219297712452170043~complete=12683571074004292696;incomplete:outward=0~return=0~updates=0~work=1616~queue=empty~quiet=true~permanent=15927785033655165746~complete=5153353511496100170;blocked:outward=0~return=0~updates=0~work=2273~queue=empty~quiet=true~permanent=16321152591472116956~complete=5064731540267040828;stale:outward=0~return=0~updates=0~work=1334~queue=empty~quiet=true~permanent=5829392528251340383~complete=10205187905689286376;duplicate_recursive:outward=1~return=1~updates=1~work=2590~queue=empty~quiet=true~permanent=5219297712452170043~complete=16416649894728615524;zero_length:outward=1~return=0~updates=0~work=16~queue=empty~quiet=true~permanent=4277957485185812526~complete=16237761282541255266;duplicate_physical:outward=1~return=0~updates=0~work=23~queue=empty~quiet=true~permanent=6514460533121486576~complete=645595670140983573;open:outward=0~return=0~updates=0~work=7~queue=empty~quiet=true~permanent=1007580084218786355~complete=12590443876900609337;aged:outward=0~return=0~updates=0~work=7~queue=empty~quiet=true~permanent=18424800224273084378~complete=4690481746538709962;branch:outward=0~return=0~updates=0~work=54~queue=empty~quiet=true~permanent=10493828101447698524~complete=9370278210364617102;cycle:outward=0~return=0~updates=0~work=17~queue=empty~quiet=true~permanent=12418504331573003518~complete=16725573542572972389,primary=5488|5488;uninterrupted=5488|5488;incomplete=5488|5488;duplicate=5488|5488;blocked=5488|5488;stale=5488|5552;cumulative=2304|2304,14788,5552,true,true,pass=true~first_m=2~first_u=2~first_w=713~first_q=true~second_m=2~second_u=2~second_w=753~second_q=true~heldout_o=1~heldout_m=0~heldout_u=0~heldout_w=514~heldout_q=true~coupling=2|2~resistance=6|6~before=2304~after=2304,true,bounded_same_body_memory,none
864014,3710911873286144,true,true,137,formation=learn_twice;complete=all@61;incomplete=omit4@70;blocked=resistance0@61;stale=once_age@111;compact=direct_open_fork_ring@0+aged@10;px7=train@0+10+heldout@20,5,open_aged_silence,open.outward==0 && aged.outward==0,open=outward=0~return=0~updates=0~work=7~queue=empty~quiet=true~permanent=1007580084218786355~complete=12590443876900609337~aged=outward=0~return=0~updates=0~work=7~queue=empty~quiet=true~permanent=18424800224273084378~complete=4690481746538709962,true,formation:outward=2~return=2~updates=12~work=14788~queue=empty~quiet=true~permanent=9458312707767111993~complete=18221282386458772912;completed:outward=1~return=1~updates=1~work=2478~queue=empty~quiet=true~permanent=5219297712452170043~complete=12683571074004292696;incomplete:outward=0~return=0~updates=0~work=1616~queue=empty~quiet=true~permanent=15927785033655165746~complete=5153353511496100170;blocked:outward=0~return=0~updates=0~work=2273~queue=empty~quiet=true~permanent=16321152591472116956~complete=5064731540267040828;stale:outward=0~return=0~updates=0~work=1334~queue=empty~quiet=true~permanent=5829392528251340383~complete=10205187905689286376;duplicate_recursive:outward=1~return=1~updates=1~work=2590~queue=empty~quiet=true~permanent=5219297712452170043~complete=16416649894728615524;zero_length:outward=1~return=0~updates=0~work=16~queue=empty~quiet=true~permanent=4277957485185812526~complete=16237761282541255266;duplicate_physical:outward=1~return=0~updates=0~work=23~queue=empty~quiet=true~permanent=6514460533121486576~complete=645595670140983573;open:outward=0~return=0~updates=0~work=7~queue=empty~quiet=true~permanent=1007580084218786355~complete=12590443876900609337;aged:outward=0~return=0~updates=0~work=7~queue=empty~quiet=true~permanent=18424800224273084378~complete=4690481746538709962;branch:outward=0~return=0~updates=0~work=54~queue=empty~quiet=true~permanent=10493828101447698524~complete=9370278210364617102;cycle:outward=0~return=0~updates=0~work=17~queue=empty~quiet=true~permanent=12418504331573003518~complete=16725573542572972389,primary=5488|5488;uninterrupted=5488|5488;incomplete=5488|5488;duplicate=5488|5488;blocked=5488|5488;stale=5488|5552;cumulative=2304|2304,14788,5552,true,true,pass=true~first_m=2~first_u=2~first_w=713~first_q=true~second_m=2~second_u=2~second_w=753~second_q=true~heldout_o=1~heldout_m=0~heldout_u=0~heldout_w=514~heldout_q=true~coupling=2|2~resistance=6|6~before=2304~after=2304,true,bounded_same_body_memory,none
864014,3710911873286144,true,true,137,formation=learn_twice;complete=all@61;incomplete=omit4@70;blocked=resistance0@61;stale=once_age@111;compact=direct_open_fork_ring@0+aged@10;px7=train@0+10+heldout@20,6,zero_length_exactly_once,zero_length.outward==1,outward=1~return=0~updates=0~work=16~queue=empty~quiet=true~permanent=4277957485185812526~complete=16237761282541255266,true,formation:outward=2~return=2~updates=12~work=14788~queue=empty~quiet=true~permanent=9458312707767111993~complete=18221282386458772912;completed:outward=1~return=1~updates=1~work=2478~queue=empty~quiet=true~permanent=5219297712452170043~complete=12683571074004292696;incomplete:outward=0~return=0~updates=0~work=1616~queue=empty~quiet=true~permanent=15927785033655165746~complete=5153353511496100170;blocked:outward=0~return=0~updates=0~work=2273~queue=empty~quiet=true~permanent=16321152591472116956~complete=5064731540267040828;stale:outward=0~return=0~updates=0~work=1334~queue=empty~quiet=true~permanent=5829392528251340383~complete=10205187905689286376;duplicate_recursive:outward=1~return=1~updates=1~work=2590~queue=empty~quiet=true~permanent=5219297712452170043~complete=16416649894728615524;zero_length:outward=1~return=0~updates=0~work=16~queue=empty~quiet=true~permanent=4277957485185812526~complete=16237761282541255266;duplicate_physical:outward=1~return=0~updates=0~work=23~queue=empty~quiet=true~permanent=6514460533121486576~complete=645595670140983573;open:outward=0~return=0~updates=0~work=7~queue=empty~quiet=true~permanent=1007580084218786355~complete=12590443876900609337;aged:outward=0~return=0~updates=0~work=7~queue=empty~quiet=true~permanent=18424800224273084378~complete=4690481746538709962;branch:outward=0~return=0~updates=0~work=54~queue=empty~quiet=true~permanent=10493828101447698524~complete=9370278210364617102;cycle:outward=0~return=0~updates=0~work=17~queue=empty~quiet=true~permanent=12418504331573003518~complete=16725573542572972389,primary=5488|5488;uninterrupted=5488|5488;incomplete=5488|5488;duplicate=5488|5488;blocked=5488|5488;stale=5488|5552;cumulative=2304|2304,14788,5552,true,true,pass=true~first_m=2~first_u=2~first_w=713~first_q=true~second_m=2~second_u=2~second_w=753~second_q=true~heldout_o=1~heldout_m=0~heldout_u=0~heldout_w=514~heldout_q=true~coupling=2|2~resistance=6|6~before=2304~after=2304,true,bounded_same_body_memory,none
864014,3710911873286144,true,true,137,formation=learn_twice;complete=all@61;incomplete=omit4@70;blocked=resistance0@61;stale=once_age@111;compact=direct_open_fork_ring@0+aged@10;px7=train@0+10+heldout@20,7,duplicates_exactly_once,duplicate_physical.outward==1 && duplicate_recursive.outward==1,physical=outward=1~return=0~updates=0~work=23~queue=empty~quiet=true~permanent=6514460533121486576~complete=645595670140983573~recursive=outward=1~return=1~updates=1~work=2590~queue=empty~quiet=true~permanent=5219297712452170043~complete=16416649894728615524,true,formation:outward=2~return=2~updates=12~work=14788~queue=empty~quiet=true~permanent=9458312707767111993~complete=18221282386458772912;completed:outward=1~return=1~updates=1~work=2478~queue=empty~quiet=true~permanent=5219297712452170043~complete=12683571074004292696;incomplete:outward=0~return=0~updates=0~work=1616~queue=empty~quiet=true~permanent=15927785033655165746~complete=5153353511496100170;blocked:outward=0~return=0~updates=0~work=2273~queue=empty~quiet=true~permanent=16321152591472116956~complete=5064731540267040828;stale:outward=0~return=0~updates=0~work=1334~queue=empty~quiet=true~permanent=5829392528251340383~complete=10205187905689286376;duplicate_recursive:outward=1~return=1~updates=1~work=2590~queue=empty~quiet=true~permanent=5219297712452170043~complete=16416649894728615524;zero_length:outward=1~return=0~updates=0~work=16~queue=empty~quiet=true~permanent=4277957485185812526~complete=16237761282541255266;duplicate_physical:outward=1~return=0~updates=0~work=23~queue=empty~quiet=true~permanent=6514460533121486576~complete=645595670140983573;open:outward=0~return=0~updates=0~work=7~queue=empty~quiet=true~permanent=1007580084218786355~complete=12590443876900609337;aged:outward=0~return=0~updates=0~work=7~queue=empty~quiet=true~permanent=18424800224273084378~complete=4690481746538709962;branch:outward=0~return=0~updates=0~work=54~queue=empty~quiet=true~permanent=10493828101447698524~complete=9370278210364617102;cycle:outward=0~return=0~updates=0~work=17~queue=empty~quiet=true~permanent=12418504331573003518~complete=16725573542572972389,primary=5488|5488;uninterrupted=5488|5488;incomplete=5488|5488;duplicate=5488|5488;blocked=5488|5488;stale=5488|5552;cumulative=2304|2304,14788,5552,true,true,pass=true~first_m=2~first_u=2~first_w=713~first_q=true~second_m=2~second_u=2~second_w=753~second_q=true~heldout_o=1~heldout_m=0~heldout_u=0~heldout_w=514~heldout_q=true~coupling=2|2~resistance=6|6~before=2304~after=2304,true,bounded_same_body_memory,none
864014,3710911873286144,true,true,137,formation=learn_twice;complete=all@61;incomplete=omit4@70;blocked=resistance0@61;stale=once_age@111;compact=direct_open_fork_ring@0+aged@10;px7=train@0+10+heldout@20,8,branch_cycle_silence,branch.outward==0 && cycle.outward==0,branch=outward=0~return=0~updates=0~work=54~queue=empty~quiet=true~permanent=10493828101447698524~complete=9370278210364617102~cycle=outward=0~return=0~updates=0~work=17~queue=empty~quiet=true~permanent=12418504331573003518~complete=16725573542572972389,true,formation:outward=2~return=2~updates=12~work=14788~queue=empty~quiet=true~permanent=9458312707767111993~complete=18221282386458772912;completed:outward=1~return=1~updates=1~work=2478~queue=empty~quiet=true~permanent=5219297712452170043~complete=12683571074004292696;incomplete:outward=0~return=0~updates=0~work=1616~queue=empty~quiet=true~permanent=15927785033655165746~complete=5153353511496100170;blocked:outward=0~return=0~updates=0~work=2273~queue=empty~quiet=true~permanent=16321152591472116956~complete=5064731540267040828;stale:outward=0~return=0~updates=0~work=1334~queue=empty~quiet=true~permanent=5829392528251340383~complete=10205187905689286376;duplicate_recursive:outward=1~return=1~updates=1~work=2590~queue=empty~quiet=true~permanent=5219297712452170043~complete=16416649894728615524;zero_length:outward=1~return=0~updates=0~work=16~queue=empty~quiet=true~permanent=4277957485185812526~complete=16237761282541255266;duplicate_physical:outward=1~return=0~updates=0~work=23~queue=empty~quiet=true~permanent=6514460533121486576~complete=645595670140983573;open:outward=0~return=0~updates=0~work=7~queue=empty~quiet=true~permanent=1007580084218786355~complete=12590443876900609337;aged:outward=0~return=0~updates=0~work=7~queue=empty~quiet=true~permanent=18424800224273084378~complete=4690481746538709962;branch:outward=0~return=0~updates=0~work=54~queue=empty~quiet=true~permanent=10493828101447698524~complete=9370278210364617102;cycle:outward=0~return=0~updates=0~work=17~queue=empty~quiet=true~permanent=12418504331573003518~complete=16725573542572972389,primary=5488|5488;uninterrupted=5488|5488;incomplete=5488|5488;duplicate=5488|5488;blocked=5488|5488;stale=5488|5552;cumulative=2304|2304,14788,5552,true,true,pass=true~first_m=2~first_u=2~first_w=713~first_q=true~second_m=2~second_u=2~second_w=753~second_q=true~heldout_o=1~heldout_m=0~heldout_u=0~heldout_w=514~heldout_q=true~coupling=2|2~resistance=6|6~before=2304~after=2304,true,bounded_same_body_memory,none
864014,3710911873286144,true,true,137,formation=learn_twice;complete=all@61;incomplete=omit4@70;blocked=resistance0@61;stale=once_age@111;compact=direct_open_fork_ring@0+aged@10;px7=train@0+10+heldout@20,9,pause_resume,pause_stable && resume_equal,pause_stable=true~resume_equal=true,true,formation:outward=2~return=2~updates=12~work=14788~queue=empty~quiet=true~permanent=9458312707767111993~complete=18221282386458772912;completed:outward=1~return=1~updates=1~work=2478~queue=empty~quiet=true~permanent=5219297712452170043~complete=12683571074004292696;incomplete:outward=0~return=0~updates=0~work=1616~queue=empty~quiet=true~permanent=15927785033655165746~complete=5153353511496100170;blocked:outward=0~return=0~updates=0~work=2273~queue=empty~quiet=true~permanent=16321152591472116956~complete=5064731540267040828;stale:outward=0~return=0~updates=0~work=1334~queue=empty~quiet=true~permanent=5829392528251340383~complete=10205187905689286376;duplicate_recursive:outward=1~return=1~updates=1~work=2590~queue=empty~quiet=true~permanent=5219297712452170043~complete=16416649894728615524;zero_length:outward=1~return=0~updates=0~work=16~queue=empty~quiet=true~permanent=4277957485185812526~complete=16237761282541255266;duplicate_physical:outward=1~return=0~updates=0~work=23~queue=empty~quiet=true~permanent=6514460533121486576~complete=645595670140983573;open:outward=0~return=0~updates=0~work=7~queue=empty~quiet=true~permanent=1007580084218786355~complete=12590443876900609337;aged:outward=0~return=0~updates=0~work=7~queue=empty~quiet=true~permanent=18424800224273084378~complete=4690481746538709962;branch:outward=0~return=0~updates=0~work=54~queue=empty~quiet=true~permanent=10493828101447698524~complete=9370278210364617102;cycle:outward=0~return=0~updates=0~work=17~queue=empty~quiet=true~permanent=12418504331573003518~complete=16725573542572972389,primary=5488|5488;uninterrupted=5488|5488;incomplete=5488|5488;duplicate=5488|5488;blocked=5488|5488;stale=5488|5552;cumulative=2304|2304,14788,5552,true,true,pass=true~first_m=2~first_u=2~first_w=713~first_q=true~second_m=2~second_u=2~second_w=753~second_q=true~heldout_o=1~heldout_m=0~heldout_u=0~heldout_w=514~heldout_q=true~coupling=2|2~resistance=6|6~before=2304~after=2304,true,bounded_same_body_memory,none
864014,3710911873286144,true,true,137,formation=learn_twice;complete=all@61;incomplete=omit4@70;blocked=resistance0@61;stale=once_age@111;compact=direct_open_fork_ring@0+aged@10;px7=train@0+10+heldout@20,10,natural_quiescence,all queues empty and naturally quiescent,quiet=true~queue=empty,true,formation:outward=2~return=2~updates=12~work=14788~queue=empty~quiet=true~permanent=9458312707767111993~complete=18221282386458772912;completed:outward=1~return=1~updates=1~work=2478~queue=empty~quiet=true~permanent=5219297712452170043~complete=12683571074004292696;incomplete:outward=0~return=0~updates=0~work=1616~queue=empty~quiet=true~permanent=15927785033655165746~complete=5153353511496100170;blocked:outward=0~return=0~updates=0~work=2273~queue=empty~quiet=true~permanent=16321152591472116956~complete=5064731540267040828;stale:outward=0~return=0~updates=0~work=1334~queue=empty~quiet=true~permanent=5829392528251340383~complete=10205187905689286376;duplicate_recursive:outward=1~return=1~updates=1~work=2590~queue=empty~quiet=true~permanent=5219297712452170043~complete=16416649894728615524;zero_length:outward=1~return=0~updates=0~work=16~queue=empty~quiet=true~permanent=4277957485185812526~complete=16237761282541255266;duplicate_physical:outward=1~return=0~updates=0~work=23~queue=empty~quiet=true~permanent=6514460533121486576~complete=645595670140983573;open:outward=0~return=0~updates=0~work=7~queue=empty~quiet=true~permanent=1007580084218786355~complete=12590443876900609337;aged:outward=0~return=0~updates=0~work=7~queue=empty~quiet=true~permanent=18424800224273084378~complete=4690481746538709962;branch:outward=0~return=0~updates=0~work=54~queue=empty~quiet=true~permanent=10493828101447698524~complete=9370278210364617102;cycle:outward=0~return=0~updates=0~work=17~queue=empty~quiet=true~permanent=12418504331573003518~complete=16725573542572972389,primary=5488|5488;uninterrupted=5488|5488;incomplete=5488|5488;duplicate=5488|5488;blocked=5488|5488;stale=5488|5552;cumulative=2304|2304,14788,5552,true,true,pass=true~first_m=2~first_u=2~first_w=713~first_q=true~second_m=2~second_u=2~second_w=753~second_q=true~heldout_o=1~heldout_m=0~heldout_u=0~heldout_w=514~heldout_q=true~coupling=2|2~resistance=6|6~before=2304~after=2304,true,bounded_same_body_memory,none
864014,3710911873286144,true,true,137,formation=learn_twice;complete=all@61;incomplete=omit4@70;blocked=resistance0@61;stale=once_age@111;compact=direct_open_fork_ring@0+aged@10;px7=train@0+10+heldout@20,11,bounded_work,maximum_work<=20000,maximum_work=14788,true,formation:outward=2~return=2~updates=12~work=14788~queue=empty~quiet=true~permanent=9458312707767111993~complete=18221282386458772912;completed:outward=1~return=1~updates=1~work=2478~queue=empty~quiet=true~permanent=5219297712452170043~complete=12683571074004292696;incomplete:outward=0~return=0~updates=0~work=1616~queue=empty~quiet=true~permanent=15927785033655165746~complete=5153353511496100170;blocked:outward=0~return=0~updates=0~work=2273~queue=empty~quiet=true~permanent=16321152591472116956~complete=5064731540267040828;stale:outward=0~return=0~updates=0~work=1334~queue=empty~quiet=true~permanent=5829392528251340383~complete=10205187905689286376;duplicate_recursive:outward=1~return=1~updates=1~work=2590~queue=empty~quiet=true~permanent=5219297712452170043~complete=16416649894728615524;zero_length:outward=1~return=0~updates=0~work=16~queue=empty~quiet=true~permanent=4277957485185812526~complete=16237761282541255266;duplicate_physical:outward=1~return=0~updates=0~work=23~queue=empty~quiet=true~permanent=6514460533121486576~complete=645595670140983573;open:outward=0~return=0~updates=0~work=7~queue=empty~quiet=true~permanent=1007580084218786355~complete=12590443876900609337;aged:outward=0~return=0~updates=0~work=7~queue=empty~quiet=true~permanent=18424800224273084378~complete=4690481746538709962;branch:outward=0~return=0~updates=0~work=54~queue=empty~quiet=true~permanent=10493828101447698524~complete=9370278210364617102;cycle:outward=0~return=0~updates=0~work=17~queue=empty~quiet=true~permanent=12418504331573003518~complete=16725573542572972389,primary=5488|5488;uninterrupted=5488|5488;incomplete=5488|5488;duplicate=5488|5488;blocked=5488|5488;stale=5488|5552;cumulative=2304|2304,14788,5552,true,true,pass=true~first_m=2~first_u=2~first_w=713~first_q=true~second_m=2~second_u=2~second_w=753~second_q=true~heldout_o=1~heldout_m=0~heldout_u=0~heldout_w=514~heldout_q=true~coupling=2|2~resistance=6|6~before=2304~after=2304,true,bounded_same_body_memory,none
864014,3710911873286144,true,true,137,formation=learn_twice;complete=all@61;incomplete=omit4@70;blocked=resistance0@61;stale=once_age@111;compact=direct_open_fork_ring@0+aged@10;px7=train@0+10+heldout@20,12,bounded_same_body_memory,maximum_bytes<=8192 && all seven before==after,maximum_bytes=5552~pairs=primary=5488|5488;uninterrupted=5488|5488;incomplete=5488|5488;duplicate=5488|5488;blocked=5488|5488;stale=5488|5552;cumulative=2304|2304~stable=false,false,formation:outward=2~return=2~updates=12~work=14788~queue=empty~quiet=true~permanent=9458312707767111993~complete=18221282386458772912;completed:outward=1~return=1~updates=1~work=2478~queue=empty~quiet=true~permanent=5219297712452170043~complete=12683571074004292696;incomplete:outward=0~return=0~updates=0~work=1616~queue=empty~quiet=true~permanent=15927785033655165746~complete=5153353511496100170;blocked:outward=0~return=0~updates=0~work=2273~queue=empty~quiet=true~permanent=16321152591472116956~complete=5064731540267040828;stale:outward=0~return=0~updates=0~work=1334~queue=empty~quiet=true~permanent=5829392528251340383~complete=10205187905689286376;duplicate_recursive:outward=1~return=1~updates=1~work=2590~queue=empty~quiet=true~permanent=5219297712452170043~complete=16416649894728615524;zero_length:outward=1~return=0~updates=0~work=16~queue=empty~quiet=true~permanent=4277957485185812526~complete=16237761282541255266;duplicate_physical:outward=1~return=0~updates=0~work=23~queue=empty~quiet=true~permanent=6514460533121486576~complete=645595670140983573;open:outward=0~return=0~updates=0~work=7~queue=empty~quiet=true~permanent=1007580084218786355~complete=12590443876900609337;aged:outward=0~return=0~updates=0~work=7~queue=empty~quiet=true~permanent=18424800224273084378~complete=4690481746538709962;branch:outward=0~return=0~updates=0~work=54~queue=empty~quiet=true~permanent=10493828101447698524~complete=9370278210364617102;cycle:outward=0~return=0~updates=0~work=17~queue=empty~quiet=true~permanent=12418504331573003518~complete=16725573542572972389,primary=5488|5488;uninterrupted=5488|5488;incomplete=5488|5488;duplicate=5488|5488;blocked=5488|5488;stale=5488|5552;cumulative=2304|2304,14788,5552,true,true,pass=true~first_m=2~first_u=2~first_w=713~first_q=true~second_m=2~second_u=2~second_w=753~second_q=true~heldout_o=1~heldout_m=0~heldout_u=0~heldout_w=514~heldout_q=true~coupling=2|2~resistance=6|6~before=2304~after=2304,true,bounded_same_body_memory,none
864014,3710911873286144,true,true,137,formation=learn_twice;complete=all@61;incomplete=omit4@70;blocked=resistance0@61;stale=once_age@111;compact=direct_open_fork_ring@0+aged@10;px7=train@0+10+heldout@20,13,cumulative_px0_px7_lrc,PX7 training/heldout/return/quiet/stability pass,pass=true~first_m=2~first_u=2~first_w=713~first_q=true~second_m=2~second_u=2~second_w=753~second_q=true~heldout_o=1~heldout_m=0~heldout_u=0~heldout_w=514~heldout_q=true~coupling=2|2~resistance=6|6~before=2304~after=2304,true,formation:outward=2~return=2~updates=12~work=14788~queue=empty~quiet=true~permanent=9458312707767111993~complete=18221282386458772912;completed:outward=1~return=1~updates=1~work=2478~queue=empty~quiet=true~permanent=5219297712452170043~complete=12683571074004292696;incomplete:outward=0~return=0~updates=0~work=1616~queue=empty~quiet=true~permanent=15927785033655165746~complete=5153353511496100170;blocked:outward=0~return=0~updates=0~work=2273~queue=empty~quiet=true~permanent=16321152591472116956~complete=5064731540267040828;stale:outward=0~return=0~updates=0~work=1334~queue=empty~quiet=true~permanent=5829392528251340383~complete=10205187905689286376;duplicate_recursive:outward=1~return=1~updates=1~work=2590~queue=empty~quiet=true~permanent=5219297712452170043~complete=16416649894728615524;zero_length:outward=1~return=0~updates=0~work=16~queue=empty~quiet=true~permanent=4277957485185812526~complete=16237761282541255266;duplicate_physical:outward=1~return=0~updates=0~work=23~queue=empty~quiet=true~permanent=6514460533121486576~complete=645595670140983573;open:outward=0~return=0~updates=0~work=7~queue=empty~quiet=true~permanent=1007580084218786355~complete=12590443876900609337;aged:outward=0~return=0~updates=0~work=7~queue=empty~quiet=true~permanent=18424800224273084378~complete=4690481746538709962;branch:outward=0~return=0~updates=0~work=54~queue=empty~quiet=true~permanent=10493828101447698524~complete=9370278210364617102;cycle:outward=0~return=0~updates=0~work=17~queue=empty~quiet=true~permanent=12418504331573003518~complete=16725573542572972389,primary=5488|5488;uninterrupted=5488|5488;incomplete=5488|5488;duplicate=5488|5488;blocked=5488|5488;stale=5488|5552;cumulative=2304|2304,14788,5552,true,true,pass=true~first_m=2~first_u=2~first_w=713~first_q=true~second_m=2~second_u=2~second_w=753~second_q=true~heldout_o=1~heldout_m=0~heldout_u=0~heldout_w=514~heldout_q=true~coupling=2|2~resistance=6|6~before=2304~after=2304,true,bounded_same_body_memory,none
864014,3710911873286144,true,true,137,formation=learn_twice;complete=all@61;incomplete=omit4@70;blocked=resistance0@61;stale=once_age@111;compact=direct_open_fork_ring@0+aged@10;px7=train@0+10+heldout@20,14,exact_replay,independent Trial values exactly equal,exact=true~first_divergence=none,true,formation:outward=2~return=2~updates=12~work=14788~queue=empty~quiet=true~permanent=9458312707767111993~complete=18221282386458772912;completed:outward=1~return=1~updates=1~work=2478~queue=empty~quiet=true~permanent=5219297712452170043~complete=12683571074004292696;incomplete:outward=0~return=0~updates=0~work=1616~queue=empty~quiet=true~permanent=15927785033655165746~complete=5153353511496100170;blocked:outward=0~return=0~updates=0~work=2273~queue=empty~quiet=true~permanent=16321152591472116956~complete=5064731540267040828;stale:outward=0~return=0~updates=0~work=1334~queue=empty~quiet=true~permanent=5829392528251340383~complete=10205187905689286376;duplicate_recursive:outward=1~return=1~updates=1~work=2590~queue=empty~quiet=true~permanent=5219297712452170043~complete=16416649894728615524;zero_length:outward=1~return=0~updates=0~work=16~queue=empty~quiet=true~permanent=4277957485185812526~complete=16237761282541255266;duplicate_physical:outward=1~return=0~updates=0~work=23~queue=empty~quiet=true~permanent=6514460533121486576~complete=645595670140983573;open:outward=0~return=0~updates=0~work=7~queue=empty~quiet=true~permanent=1007580084218786355~complete=12590443876900609337;aged:outward=0~return=0~updates=0~work=7~queue=empty~quiet=true~permanent=18424800224273084378~complete=4690481746538709962;branch:outward=0~return=0~updates=0~work=54~queue=empty~quiet=true~permanent=10493828101447698524~complete=9370278210364617102;cycle:outward=0~return=0~updates=0~work=17~queue=empty~quiet=true~permanent=12418504331573003518~complete=16725573542572972389,primary=5488|5488;uninterrupted=5488|5488;incomplete=5488|5488;duplicate=5488|5488;blocked=5488|5488;stale=5488|5552;cumulative=2304|2304,14788,5552,true,true,pass=true~first_m=2~first_u=2~first_w=713~first_q=true~second_m=2~second_u=2~second_w=753~second_q=true~heldout_o=1~heldout_m=0~heldout_u=0~heldout_w=514~heldout_q=true~coupling=2|2~resistance=6|6~before=2304~after=2304,true,bounded_same_body_memory,none
864015,3710916168253440,true,true,274,formation=learn_twice;complete=all@61;incomplete=omit4@70;blocked=resistance0@61;stale=once_age@111;compact=direct_open_fork_ring@0+aged@10;px7=train@0+10+heldout@20,1,formation_modulation_and_updates,formation.updates>0 && formation.inward_modulation>0,outward=2~return=2~updates=12~work=14758~queue=empty~quiet=true~permanent=7369669739904032670~complete=3859871998078192819,true,formation:outward=2~return=2~updates=12~work=14758~queue=empty~quiet=true~permanent=7369669739904032670~complete=3859871998078192819;completed:outward=1~return=1~updates=1~work=2473~queue=empty~quiet=true~permanent=15150365030413808988~complete=18045467896248047255;incomplete:outward=0~return=0~updates=0~work=1611~queue=empty~quiet=true~permanent=1113948815275554925~complete=13776636437494038775;blocked:outward=0~return=0~updates=0~work=2268~queue=empty~quiet=true~permanent=1670917314445676527~complete=15007013609844884191;stale:outward=0~return=0~updates=0~work=1334~queue=empty~quiet=true~permanent=16023563581956042331~complete=2782889458515972402;duplicate_recursive:outward=1~return=1~updates=1~work=2585~queue=empty~quiet=true~permanent=15150365030413808988~complete=14312389075523724427;zero_length:outward=1~return=0~updates=0~work=16~queue=empty~quiet=true~permanent=4913790592011050032~complete=16202787936148658860;duplicate_physical:outward=1~return=0~updates=0~work=23~queue=empty~quiet=true~permanent=1386029052074436958~complete=4306099951076880931;open:outward=0~return=0~updates=0~work=7~queue=empty~quiet=true~permanent=13977533791316167265~complete=11916069297646593199;aged:outward=0~return=0~updates=0~work=7~queue=empty~quiet=true~permanent=5304349397047072712~complete=13572601044041430060;branch:outward=0~return=0~updates=0~work=54~queue=empty~quiet=true~permanent=14625263677596232935~complete=12130016399844410221;cycle:outward=0~return=0~updates=0~work=17~queue=empty~quiet=true~permanent=4619768361775732522~complete=8932177414125850965,primary=5488|5488;uninterrupted=5488|5488;incomplete=5488|5488;duplicate=5488|5488;blocked=5488|5488;stale=5488|5552;cumulative=2304|2304,14758,5552,true,true,pass=true~first_m=2~first_u=2~first_w=713~first_q=true~second_m=2~second_u=2~second_w=753~second_q=true~heldout_o=1~heldout_m=0~heldout_u=0~heldout_w=514~heldout_q=true~coupling=2|2~resistance=6|6~before=2304~after=2304,true,bounded_same_body_memory,none
864015,3710916168253440,true,true,274,formation=learn_twice;complete=all@61;incomplete=omit4@70;blocked=resistance0@61;stale=once_age@111;compact=direct_open_fork_ring@0+aged@10;px7=train@0+10+heldout@20,2,completed_exactly_once,completed.outward==1,outward=1~return=1~updates=1~work=2473~queue=empty~quiet=true~permanent=15150365030413808988~complete=18045467896248047255,true,formation:outward=2~return=2~updates=12~work=14758~queue=empty~quiet=true~permanent=7369669739904032670~complete=3859871998078192819;completed:outward=1~return=1~updates=1~work=2473~queue=empty~quiet=true~permanent=15150365030413808988~complete=18045467896248047255;incomplete:outward=0~return=0~updates=0~work=1611~queue=empty~quiet=true~permanent=1113948815275554925~complete=13776636437494038775;blocked:outward=0~return=0~updates=0~work=2268~queue=empty~quiet=true~permanent=1670917314445676527~complete=15007013609844884191;stale:outward=0~return=0~updates=0~work=1334~queue=empty~quiet=true~permanent=16023563581956042331~complete=2782889458515972402;duplicate_recursive:outward=1~return=1~updates=1~work=2585~queue=empty~quiet=true~permanent=15150365030413808988~complete=14312389075523724427;zero_length:outward=1~return=0~updates=0~work=16~queue=empty~quiet=true~permanent=4913790592011050032~complete=16202787936148658860;duplicate_physical:outward=1~return=0~updates=0~work=23~queue=empty~quiet=true~permanent=1386029052074436958~complete=4306099951076880931;open:outward=0~return=0~updates=0~work=7~queue=empty~quiet=true~permanent=13977533791316167265~complete=11916069297646593199;aged:outward=0~return=0~updates=0~work=7~queue=empty~quiet=true~permanent=5304349397047072712~complete=13572601044041430060;branch:outward=0~return=0~updates=0~work=54~queue=empty~quiet=true~permanent=14625263677596232935~complete=12130016399844410221;cycle:outward=0~return=0~updates=0~work=17~queue=empty~quiet=true~permanent=4619768361775732522~complete=8932177414125850965,primary=5488|5488;uninterrupted=5488|5488;incomplete=5488|5488;duplicate=5488|5488;blocked=5488|5488;stale=5488|5552;cumulative=2304|2304,14758,5552,true,true,pass=true~first_m=2~first_u=2~first_w=713~first_q=true~second_m=2~second_u=2~second_w=753~second_q=true~heldout_o=1~heldout_m=0~heldout_u=0~heldout_w=514~heldout_q=true~coupling=2|2~resistance=6|6~before=2304~after=2304,true,bounded_same_body_memory,none
864015,3710916168253440,true,true,274,formation=learn_twice;complete=all@61;incomplete=omit4@70;blocked=resistance0@61;stale=once_age@111;compact=direct_open_fork_ring@0+aged@10;px7=train@0+10+heldout@20,3,completed_return_and_update,completed.return==1 && completed.updates==1,outward=1~return=1~updates=1~work=2473~queue=empty~quiet=true~permanent=15150365030413808988~complete=18045467896248047255,true,formation:outward=2~return=2~updates=12~work=14758~queue=empty~quiet=true~permanent=7369669739904032670~complete=3859871998078192819;completed:outward=1~return=1~updates=1~work=2473~queue=empty~quiet=true~permanent=15150365030413808988~complete=18045467896248047255;incomplete:outward=0~return=0~updates=0~work=1611~queue=empty~quiet=true~permanent=1113948815275554925~complete=13776636437494038775;blocked:outward=0~return=0~updates=0~work=2268~queue=empty~quiet=true~permanent=1670917314445676527~complete=15007013609844884191;stale:outward=0~return=0~updates=0~work=1334~queue=empty~quiet=true~permanent=16023563581956042331~complete=2782889458515972402;duplicate_recursive:outward=1~return=1~updates=1~work=2585~queue=empty~quiet=true~permanent=15150365030413808988~complete=14312389075523724427;zero_length:outward=1~return=0~updates=0~work=16~queue=empty~quiet=true~permanent=4913790592011050032~complete=16202787936148658860;duplicate_physical:outward=1~return=0~updates=0~work=23~queue=empty~quiet=true~permanent=1386029052074436958~complete=4306099951076880931;open:outward=0~return=0~updates=0~work=7~queue=empty~quiet=true~permanent=13977533791316167265~complete=11916069297646593199;aged:outward=0~return=0~updates=0~work=7~queue=empty~quiet=true~permanent=5304349397047072712~complete=13572601044041430060;branch:outward=0~return=0~updates=0~work=54~queue=empty~quiet=true~permanent=14625263677596232935~complete=12130016399844410221;cycle:outward=0~return=0~updates=0~work=17~queue=empty~quiet=true~permanent=4619768361775732522~complete=8932177414125850965,primary=5488|5488;uninterrupted=5488|5488;incomplete=5488|5488;duplicate=5488|5488;blocked=5488|5488;stale=5488|5552;cumulative=2304|2304,14758,5552,true,true,pass=true~first_m=2~first_u=2~first_w=713~first_q=true~second_m=2~second_u=2~second_w=753~second_q=true~heldout_o=1~heldout_m=0~heldout_u=0~heldout_w=514~heldout_q=true~coupling=2|2~resistance=6|6~before=2304~after=2304,true,bounded_same_body_memory,none
864015,3710916168253440,true,true,274,formation=learn_twice;complete=all@61;incomplete=omit4@70;blocked=resistance0@61;stale=once_age@111;compact=direct_open_fork_ring@0+aged@10;px7=train@0+10+heldout@20,4,incomplete_blocked_stale_silence,incomplete.outward==0 && blocked.outward==0 && stale.outward==0,incomplete=outward=0~return=0~updates=0~work=1611~queue=empty~quiet=true~permanent=1113948815275554925~complete=13776636437494038775~blocked=outward=0~return=0~updates=0~work=2268~queue=empty~quiet=true~permanent=1670917314445676527~complete=15007013609844884191~stale=outward=0~return=0~updates=0~work=1334~queue=empty~quiet=true~permanent=16023563581956042331~complete=2782889458515972402,true,formation:outward=2~return=2~updates=12~work=14758~queue=empty~quiet=true~permanent=7369669739904032670~complete=3859871998078192819;completed:outward=1~return=1~updates=1~work=2473~queue=empty~quiet=true~permanent=15150365030413808988~complete=18045467896248047255;incomplete:outward=0~return=0~updates=0~work=1611~queue=empty~quiet=true~permanent=1113948815275554925~complete=13776636437494038775;blocked:outward=0~return=0~updates=0~work=2268~queue=empty~quiet=true~permanent=1670917314445676527~complete=15007013609844884191;stale:outward=0~return=0~updates=0~work=1334~queue=empty~quiet=true~permanent=16023563581956042331~complete=2782889458515972402;duplicate_recursive:outward=1~return=1~updates=1~work=2585~queue=empty~quiet=true~permanent=15150365030413808988~complete=14312389075523724427;zero_length:outward=1~return=0~updates=0~work=16~queue=empty~quiet=true~permanent=4913790592011050032~complete=16202787936148658860;duplicate_physical:outward=1~return=0~updates=0~work=23~queue=empty~quiet=true~permanent=1386029052074436958~complete=4306099951076880931;open:outward=0~return=0~updates=0~work=7~queue=empty~quiet=true~permanent=13977533791316167265~complete=11916069297646593199;aged:outward=0~return=0~updates=0~work=7~queue=empty~quiet=true~permanent=5304349397047072712~complete=13572601044041430060;branch:outward=0~return=0~updates=0~work=54~queue=empty~quiet=true~permanent=14625263677596232935~complete=12130016399844410221;cycle:outward=0~return=0~updates=0~work=17~queue=empty~quiet=true~permanent=4619768361775732522~complete=8932177414125850965,primary=5488|5488;uninterrupted=5488|5488;incomplete=5488|5488;duplicate=5488|5488;blocked=5488|5488;stale=5488|5552;cumulative=2304|2304,14758,5552,true,true,pass=true~first_m=2~first_u=2~first_w=713~first_q=true~second_m=2~second_u=2~second_w=753~second_q=true~heldout_o=1~heldout_m=0~heldout_u=0~heldout_w=514~heldout_q=true~coupling=2|2~resistance=6|6~before=2304~after=2304,true,bounded_same_body_memory,none
864015,3710916168253440,true,true,274,formation=learn_twice;complete=all@61;incomplete=omit4@70;blocked=resistance0@61;stale=once_age@111;compact=direct_open_fork_ring@0+aged@10;px7=train@0+10+heldout@20,5,open_aged_silence,open.outward==0 && aged.outward==0,open=outward=0~return=0~updates=0~work=7~queue=empty~quiet=true~permanent=13977533791316167265~complete=11916069297646593199~aged=outward=0~return=0~updates=0~work=7~queue=empty~quiet=true~permanent=5304349397047072712~complete=13572601044041430060,true,formation:outward=2~return=2~updates=12~work=14758~queue=empty~quiet=true~permanent=7369669739904032670~complete=3859871998078192819;completed:outward=1~return=1~updates=1~work=2473~queue=empty~quiet=true~permanent=15150365030413808988~complete=18045467896248047255;incomplete:outward=0~return=0~updates=0~work=1611~queue=empty~quiet=true~permanent=1113948815275554925~complete=13776636437494038775;blocked:outward=0~return=0~updates=0~work=2268~queue=empty~quiet=true~permanent=1670917314445676527~complete=15007013609844884191;stale:outward=0~return=0~updates=0~work=1334~queue=empty~quiet=true~permanent=16023563581956042331~complete=2782889458515972402;duplicate_recursive:outward=1~return=1~updates=1~work=2585~queue=empty~quiet=true~permanent=15150365030413808988~complete=14312389075523724427;zero_length:outward=1~return=0~updates=0~work=16~queue=empty~quiet=true~permanent=4913790592011050032~complete=16202787936148658860;duplicate_physical:outward=1~return=0~updates=0~work=23~queue=empty~quiet=true~permanent=1386029052074436958~complete=4306099951076880931;open:outward=0~return=0~updates=0~work=7~queue=empty~quiet=true~permanent=13977533791316167265~complete=11916069297646593199;aged:outward=0~return=0~updates=0~work=7~queue=empty~quiet=true~permanent=5304349397047072712~complete=13572601044041430060;branch:outward=0~return=0~updates=0~work=54~queue=empty~quiet=true~permanent=14625263677596232935~complete=12130016399844410221;cycle:outward=0~return=0~updates=0~work=17~queue=empty~quiet=true~permanent=4619768361775732522~complete=8932177414125850965,primary=5488|5488;uninterrupted=5488|5488;incomplete=5488|5488;duplicate=5488|5488;blocked=5488|5488;stale=5488|5552;cumulative=2304|2304,14758,5552,true,true,pass=true~first_m=2~first_u=2~first_w=713~first_q=true~second_m=2~second_u=2~second_w=753~second_q=true~heldout_o=1~heldout_m=0~heldout_u=0~heldout_w=514~heldout_q=true~coupling=2|2~resistance=6|6~before=2304~after=2304,true,bounded_same_body_memory,none
864015,3710916168253440,true,true,274,formation=learn_twice;complete=all@61;incomplete=omit4@70;blocked=resistance0@61;stale=once_age@111;compact=direct_open_fork_ring@0+aged@10;px7=train@0+10+heldout@20,6,zero_length_exactly_once,zero_length.outward==1,outward=1~return=0~updates=0~work=16~queue=empty~quiet=true~permanent=4913790592011050032~complete=16202787936148658860,true,formation:outward=2~return=2~updates=12~work=14758~queue=empty~quiet=true~permanent=7369669739904032670~complete=3859871998078192819;completed:outward=1~return=1~updates=1~work=2473~queue=empty~quiet=true~permanent=15150365030413808988~complete=18045467896248047255;incomplete:outward=0~return=0~updates=0~work=1611~queue=empty~quiet=true~permanent=1113948815275554925~complete=13776636437494038775;blocked:outward=0~return=0~updates=0~work=2268~queue=empty~quiet=true~permanent=1670917314445676527~complete=15007013609844884191;stale:outward=0~return=0~updates=0~work=1334~queue=empty~quiet=true~permanent=16023563581956042331~complete=2782889458515972402;duplicate_recursive:outward=1~return=1~updates=1~work=2585~queue=empty~quiet=true~permanent=15150365030413808988~complete=14312389075523724427;zero_length:outward=1~return=0~updates=0~work=16~queue=empty~quiet=true~permanent=4913790592011050032~complete=16202787936148658860;duplicate_physical:outward=1~return=0~updates=0~work=23~queue=empty~quiet=true~permanent=1386029052074436958~complete=4306099951076880931;open:outward=0~return=0~updates=0~work=7~queue=empty~quiet=true~permanent=13977533791316167265~complete=11916069297646593199;aged:outward=0~return=0~updates=0~work=7~queue=empty~quiet=true~permanent=5304349397047072712~complete=13572601044041430060;branch:outward=0~return=0~updates=0~work=54~queue=empty~quiet=true~permanent=14625263677596232935~complete=12130016399844410221;cycle:outward=0~return=0~updates=0~work=17~queue=empty~quiet=true~permanent=4619768361775732522~complete=8932177414125850965,primary=5488|5488;uninterrupted=5488|5488;incomplete=5488|5488;duplicate=5488|5488;blocked=5488|5488;stale=5488|5552;cumulative=2304|2304,14758,5552,true,true,pass=true~first_m=2~first_u=2~first_w=713~first_q=true~second_m=2~second_u=2~second_w=753~second_q=true~heldout_o=1~heldout_m=0~heldout_u=0~heldout_w=514~heldout_q=true~coupling=2|2~resistance=6|6~before=2304~after=2304,true,bounded_same_body_memory,none
864015,3710916168253440,true,true,274,formation=learn_twice;complete=all@61;incomplete=omit4@70;blocked=resistance0@61;stale=once_age@111;compact=direct_open_fork_ring@0+aged@10;px7=train@0+10+heldout@20,7,duplicates_exactly_once,duplicate_physical.outward==1 && duplicate_recursive.outward==1,physical=outward=1~return=0~updates=0~work=23~queue=empty~quiet=true~permanent=1386029052074436958~complete=4306099951076880931~recursive=outward=1~return=1~updates=1~work=2585~queue=empty~quiet=true~permanent=15150365030413808988~complete=14312389075523724427,true,formation:outward=2~return=2~updates=12~work=14758~queue=empty~quiet=true~permanent=7369669739904032670~complete=3859871998078192819;completed:outward=1~return=1~updates=1~work=2473~queue=empty~quiet=true~permanent=15150365030413808988~complete=18045467896248047255;incomplete:outward=0~return=0~updates=0~work=1611~queue=empty~quiet=true~permanent=1113948815275554925~complete=13776636437494038775;blocked:outward=0~return=0~updates=0~work=2268~queue=empty~quiet=true~permanent=1670917314445676527~complete=15007013609844884191;stale:outward=0~return=0~updates=0~work=1334~queue=empty~quiet=true~permanent=16023563581956042331~complete=2782889458515972402;duplicate_recursive:outward=1~return=1~updates=1~work=2585~queue=empty~quiet=true~permanent=15150365030413808988~complete=14312389075523724427;zero_length:outward=1~return=0~updates=0~work=16~queue=empty~quiet=true~permanent=4913790592011050032~complete=16202787936148658860;duplicate_physical:outward=1~return=0~updates=0~work=23~queue=empty~quiet=true~permanent=1386029052074436958~complete=4306099951076880931;open:outward=0~return=0~updates=0~work=7~queue=empty~quiet=true~permanent=13977533791316167265~complete=11916069297646593199;aged:outward=0~return=0~updates=0~work=7~queue=empty~quiet=true~permanent=5304349397047072712~complete=13572601044041430060;branch:outward=0~return=0~updates=0~work=54~queue=empty~quiet=true~permanent=14625263677596232935~complete=12130016399844410221;cycle:outward=0~return=0~updates=0~work=17~queue=empty~quiet=true~permanent=4619768361775732522~complete=8932177414125850965,primary=5488|5488;uninterrupted=5488|5488;incomplete=5488|5488;duplicate=5488|5488;blocked=5488|5488;stale=5488|5552;cumulative=2304|2304,14758,5552,true,true,pass=true~first_m=2~first_u=2~first_w=713~first_q=true~second_m=2~second_u=2~second_w=753~second_q=true~heldout_o=1~heldout_m=0~heldout_u=0~heldout_w=514~heldout_q=true~coupling=2|2~resistance=6|6~before=2304~after=2304,true,bounded_same_body_memory,none
864015,3710916168253440,true,true,274,formation=learn_twice;complete=all@61;incomplete=omit4@70;blocked=resistance0@61;stale=once_age@111;compact=direct_open_fork_ring@0+aged@10;px7=train@0+10+heldout@20,8,branch_cycle_silence,branch.outward==0 && cycle.outward==0,branch=outward=0~return=0~updates=0~work=54~queue=empty~quiet=true~permanent=14625263677596232935~complete=12130016399844410221~cycle=outward=0~return=0~updates=0~work=17~queue=empty~quiet=true~permanent=4619768361775732522~complete=8932177414125850965,true,formation:outward=2~return=2~updates=12~work=14758~queue=empty~quiet=true~permanent=7369669739904032670~complete=3859871998078192819;completed:outward=1~return=1~updates=1~work=2473~queue=empty~quiet=true~permanent=15150365030413808988~complete=18045467896248047255;incomplete:outward=0~return=0~updates=0~work=1611~queue=empty~quiet=true~permanent=1113948815275554925~complete=13776636437494038775;blocked:outward=0~return=0~updates=0~work=2268~queue=empty~quiet=true~permanent=1670917314445676527~complete=15007013609844884191;stale:outward=0~return=0~updates=0~work=1334~queue=empty~quiet=true~permanent=16023563581956042331~complete=2782889458515972402;duplicate_recursive:outward=1~return=1~updates=1~work=2585~queue=empty~quiet=true~permanent=15150365030413808988~complete=14312389075523724427;zero_length:outward=1~return=0~updates=0~work=16~queue=empty~quiet=true~permanent=4913790592011050032~complete=16202787936148658860;duplicate_physical:outward=1~return=0~updates=0~work=23~queue=empty~quiet=true~permanent=1386029052074436958~complete=4306099951076880931;open:outward=0~return=0~updates=0~work=7~queue=empty~quiet=true~permanent=13977533791316167265~complete=11916069297646593199;aged:outward=0~return=0~updates=0~work=7~queue=empty~quiet=true~permanent=5304349397047072712~complete=13572601044041430060;branch:outward=0~return=0~updates=0~work=54~queue=empty~quiet=true~permanent=14625263677596232935~complete=12130016399844410221;cycle:outward=0~return=0~updates=0~work=17~queue=empty~quiet=true~permanent=4619768361775732522~complete=8932177414125850965,primary=5488|5488;uninterrupted=5488|5488;incomplete=5488|5488;duplicate=5488|5488;blocked=5488|5488;stale=5488|5552;cumulative=2304|2304,14758,5552,true,true,pass=true~first_m=2~first_u=2~first_w=713~first_q=true~second_m=2~second_u=2~second_w=753~second_q=true~heldout_o=1~heldout_m=0~heldout_u=0~heldout_w=514~heldout_q=true~coupling=2|2~resistance=6|6~before=2304~after=2304,true,bounded_same_body_memory,none
864015,3710916168253440,true,true,274,formation=learn_twice;complete=all@61;incomplete=omit4@70;blocked=resistance0@61;stale=once_age@111;compact=direct_open_fork_ring@0+aged@10;px7=train@0+10+heldout@20,9,pause_resume,pause_stable && resume_equal,pause_stable=true~resume_equal=true,true,formation:outward=2~return=2~updates=12~work=14758~queue=empty~quiet=true~permanent=7369669739904032670~complete=3859871998078192819;completed:outward=1~return=1~updates=1~work=2473~queue=empty~quiet=true~permanent=15150365030413808988~complete=18045467896248047255;incomplete:outward=0~return=0~updates=0~work=1611~queue=empty~quiet=true~permanent=1113948815275554925~complete=13776636437494038775;blocked:outward=0~return=0~updates=0~work=2268~queue=empty~quiet=true~permanent=1670917314445676527~complete=15007013609844884191;stale:outward=0~return=0~updates=0~work=1334~queue=empty~quiet=true~permanent=16023563581956042331~complete=2782889458515972402;duplicate_recursive:outward=1~return=1~updates=1~work=2585~queue=empty~quiet=true~permanent=15150365030413808988~complete=14312389075523724427;zero_length:outward=1~return=0~updates=0~work=16~queue=empty~quiet=true~permanent=4913790592011050032~complete=16202787936148658860;duplicate_physical:outward=1~return=0~updates=0~work=23~queue=empty~quiet=true~permanent=1386029052074436958~complete=4306099951076880931;open:outward=0~return=0~updates=0~work=7~queue=empty~quiet=true~permanent=13977533791316167265~complete=11916069297646593199;aged:outward=0~return=0~updates=0~work=7~queue=empty~quiet=true~permanent=5304349397047072712~complete=13572601044041430060;branch:outward=0~return=0~updates=0~work=54~queue=empty~quiet=true~permanent=14625263677596232935~complete=12130016399844410221;cycle:outward=0~return=0~updates=0~work=17~queue=empty~quiet=true~permanent=4619768361775732522~complete=8932177414125850965,primary=5488|5488;uninterrupted=5488|5488;incomplete=5488|5488;duplicate=5488|5488;blocked=5488|5488;stale=5488|5552;cumulative=2304|2304,14758,5552,true,true,pass=true~first_m=2~first_u=2~first_w=713~first_q=true~second_m=2~second_u=2~second_w=753~second_q=true~heldout_o=1~heldout_m=0~heldout_u=0~heldout_w=514~heldout_q=true~coupling=2|2~resistance=6|6~before=2304~after=2304,true,bounded_same_body_memory,none
864015,3710916168253440,true,true,274,formation=learn_twice;complete=all@61;incomplete=omit4@70;blocked=resistance0@61;stale=once_age@111;compact=direct_open_fork_ring@0+aged@10;px7=train@0+10+heldout@20,10,natural_quiescence,all queues empty and naturally quiescent,quiet=true~queue=empty,true,formation:outward=2~return=2~updates=12~work=14758~queue=empty~quiet=true~permanent=7369669739904032670~complete=3859871998078192819;completed:outward=1~return=1~updates=1~work=2473~queue=empty~quiet=true~permanent=15150365030413808988~complete=18045467896248047255;incomplete:outward=0~return=0~updates=0~work=1611~queue=empty~quiet=true~permanent=1113948815275554925~complete=13776636437494038775;blocked:outward=0~return=0~updates=0~work=2268~queue=empty~quiet=true~permanent=1670917314445676527~complete=15007013609844884191;stale:outward=0~return=0~updates=0~work=1334~queue=empty~quiet=true~permanent=16023563581956042331~complete=2782889458515972402;duplicate_recursive:outward=1~return=1~updates=1~work=2585~queue=empty~quiet=true~permanent=15150365030413808988~complete=14312389075523724427;zero_length:outward=1~return=0~updates=0~work=16~queue=empty~quiet=true~permanent=4913790592011050032~complete=16202787936148658860;duplicate_physical:outward=1~return=0~updates=0~work=23~queue=empty~quiet=true~permanent=1386029052074436958~complete=4306099951076880931;open:outward=0~return=0~updates=0~work=7~queue=empty~quiet=true~permanent=13977533791316167265~complete=11916069297646593199;aged:outward=0~return=0~updates=0~work=7~queue=empty~quiet=true~permanent=5304349397047072712~complete=13572601044041430060;branch:outward=0~return=0~updates=0~work=54~queue=empty~quiet=true~permanent=14625263677596232935~complete=12130016399844410221;cycle:outward=0~return=0~updates=0~work=17~queue=empty~quiet=true~permanent=4619768361775732522~complete=8932177414125850965,primary=5488|5488;uninterrupted=5488|5488;incomplete=5488|5488;duplicate=5488|5488;blocked=5488|5488;stale=5488|5552;cumulative=2304|2304,14758,5552,true,true,pass=true~first_m=2~first_u=2~first_w=713~first_q=true~second_m=2~second_u=2~second_w=753~second_q=true~heldout_o=1~heldout_m=0~heldout_u=0~heldout_w=514~heldout_q=true~coupling=2|2~resistance=6|6~before=2304~after=2304,true,bounded_same_body_memory,none
864015,3710916168253440,true,true,274,formation=learn_twice;complete=all@61;incomplete=omit4@70;blocked=resistance0@61;stale=once_age@111;compact=direct_open_fork_ring@0+aged@10;px7=train@0+10+heldout@20,11,bounded_work,maximum_work<=20000,maximum_work=14758,true,formation:outward=2~return=2~updates=12~work=14758~queue=empty~quiet=true~permanent=7369669739904032670~complete=3859871998078192819;completed:outward=1~return=1~updates=1~work=2473~queue=empty~quiet=true~permanent=15150365030413808988~complete=18045467896248047255;incomplete:outward=0~return=0~updates=0~work=1611~queue=empty~quiet=true~permanent=1113948815275554925~complete=13776636437494038775;blocked:outward=0~return=0~updates=0~work=2268~queue=empty~quiet=true~permanent=1670917314445676527~complete=15007013609844884191;stale:outward=0~return=0~updates=0~work=1334~queue=empty~quiet=true~permanent=16023563581956042331~complete=2782889458515972402;duplicate_recursive:outward=1~return=1~updates=1~work=2585~queue=empty~quiet=true~permanent=15150365030413808988~complete=14312389075523724427;zero_length:outward=1~return=0~updates=0~work=16~queue=empty~quiet=true~permanent=4913790592011050032~complete=16202787936148658860;duplicate_physical:outward=1~return=0~updates=0~work=23~queue=empty~quiet=true~permanent=1386029052074436958~complete=4306099951076880931;open:outward=0~return=0~updates=0~work=7~queue=empty~quiet=true~permanent=13977533791316167265~complete=11916069297646593199;aged:outward=0~return=0~updates=0~work=7~queue=empty~quiet=true~permanent=5304349397047072712~complete=13572601044041430060;branch:outward=0~return=0~updates=0~work=54~queue=empty~quiet=true~permanent=14625263677596232935~complete=12130016399844410221;cycle:outward=0~return=0~updates=0~work=17~queue=empty~quiet=true~permanent=4619768361775732522~complete=8932177414125850965,primary=5488|5488;uninterrupted=5488|5488;incomplete=5488|5488;duplicate=5488|5488;blocked=5488|5488;stale=5488|5552;cumulative=2304|2304,14758,5552,true,true,pass=true~first_m=2~first_u=2~first_w=713~first_q=true~second_m=2~second_u=2~second_w=753~second_q=true~heldout_o=1~heldout_m=0~heldout_u=0~heldout_w=514~heldout_q=true~coupling=2|2~resistance=6|6~before=2304~after=2304,true,bounded_same_body_memory,none
864015,3710916168253440,true,true,274,formation=learn_twice;complete=all@61;incomplete=omit4@70;blocked=resistance0@61;stale=once_age@111;compact=direct_open_fork_ring@0+aged@10;px7=train@0+10+heldout@20,12,bounded_same_body_memory,maximum_bytes<=8192 && all seven before==after,maximum_bytes=5552~pairs=primary=5488|5488;uninterrupted=5488|5488;incomplete=5488|5488;duplicate=5488|5488;blocked=5488|5488;stale=5488|5552;cumulative=2304|2304~stable=false,false,formation:outward=2~return=2~updates=12~work=14758~queue=empty~quiet=true~permanent=7369669739904032670~complete=3859871998078192819;completed:outward=1~return=1~updates=1~work=2473~queue=empty~quiet=true~permanent=15150365030413808988~complete=18045467896248047255;incomplete:outward=0~return=0~updates=0~work=1611~queue=empty~quiet=true~permanent=1113948815275554925~complete=13776636437494038775;blocked:outward=0~return=0~updates=0~work=2268~queue=empty~quiet=true~permanent=1670917314445676527~complete=15007013609844884191;stale:outward=0~return=0~updates=0~work=1334~queue=empty~quiet=true~permanent=16023563581956042331~complete=2782889458515972402;duplicate_recursive:outward=1~return=1~updates=1~work=2585~queue=empty~quiet=true~permanent=15150365030413808988~complete=14312389075523724427;zero_length:outward=1~return=0~updates=0~work=16~queue=empty~quiet=true~permanent=4913790592011050032~complete=16202787936148658860;duplicate_physical:outward=1~return=0~updates=0~work=23~queue=empty~quiet=true~permanent=1386029052074436958~complete=4306099951076880931;open:outward=0~return=0~updates=0~work=7~queue=empty~quiet=true~permanent=13977533791316167265~complete=11916069297646593199;aged:outward=0~return=0~updates=0~work=7~queue=empty~quiet=true~permanent=5304349397047072712~complete=13572601044041430060;branch:outward=0~return=0~updates=0~work=54~queue=empty~quiet=true~permanent=14625263677596232935~complete=12130016399844410221;cycle:outward=0~return=0~updates=0~work=17~queue=empty~quiet=true~permanent=4619768361775732522~complete=8932177414125850965,primary=5488|5488;uninterrupted=5488|5488;incomplete=5488|5488;duplicate=5488|5488;blocked=5488|5488;stale=5488|5552;cumulative=2304|2304,14758,5552,true,true,pass=true~first_m=2~first_u=2~first_w=713~first_q=true~second_m=2~second_u=2~second_w=753~second_q=true~heldout_o=1~heldout_m=0~heldout_u=0~heldout_w=514~heldout_q=true~coupling=2|2~resistance=6|6~before=2304~after=2304,true,bounded_same_body_memory,none
864015,3710916168253440,true,true,274,formation=learn_twice;complete=all@61;incomplete=omit4@70;blocked=resistance0@61;stale=once_age@111;compact=direct_open_fork_ring@0+aged@10;px7=train@0+10+heldout@20,13,cumulative_px0_px7_lrc,PX7 training/heldout/return/quiet/stability pass,pass=true~first_m=2~first_u=2~first_w=713~first_q=true~second_m=2~second_u=2~second_w=753~second_q=true~heldout_o=1~heldout_m=0~heldout_u=0~heldout_w=514~heldout_q=true~coupling=2|2~resistance=6|6~before=2304~after=2304,true,formation:outward=2~return=2~updates=12~work=14758~queue=empty~quiet=true~permanent=7369669739904032670~complete=3859871998078192819;completed:outward=1~return=1~updates=1~work=2473~queue=empty~quiet=true~permanent=15150365030413808988~complete=18045467896248047255;incomplete:outward=0~return=0~updates=0~work=1611~queue=empty~quiet=true~permanent=1113948815275554925~complete=13776636437494038775;blocked:outward=0~return=0~updates=0~work=2268~queue=empty~quiet=true~permanent=1670917314445676527~complete=15007013609844884191;stale:outward=0~return=0~updates=0~work=1334~queue=empty~quiet=true~permanent=16023563581956042331~complete=2782889458515972402;duplicate_recursive:outward=1~return=1~updates=1~work=2585~queue=empty~quiet=true~permanent=15150365030413808988~complete=14312389075523724427;zero_length:outward=1~return=0~updates=0~work=16~queue=empty~quiet=true~permanent=4913790592011050032~complete=16202787936148658860;duplicate_physical:outward=1~return=0~updates=0~work=23~queue=empty~quiet=true~permanent=1386029052074436958~complete=4306099951076880931;open:outward=0~return=0~updates=0~work=7~queue=empty~quiet=true~permanent=13977533791316167265~complete=11916069297646593199;aged:outward=0~return=0~updates=0~work=7~queue=empty~quiet=true~permanent=5304349397047072712~complete=13572601044041430060;branch:outward=0~return=0~updates=0~work=54~queue=empty~quiet=true~permanent=14625263677596232935~complete=12130016399844410221;cycle:outward=0~return=0~updates=0~work=17~queue=empty~quiet=true~permanent=4619768361775732522~complete=8932177414125850965,primary=5488|5488;uninterrupted=5488|5488;incomplete=5488|5488;duplicate=5488|5488;blocked=5488|5488;stale=5488|5552;cumulative=2304|2304,14758,5552,true,true,pass=true~first_m=2~first_u=2~first_w=713~first_q=true~second_m=2~second_u=2~second_w=753~second_q=true~heldout_o=1~heldout_m=0~heldout_u=0~heldout_w=514~heldout_q=true~coupling=2|2~resistance=6|6~before=2304~after=2304,true,bounded_same_body_memory,none
864015,3710916168253440,true,true,274,formation=learn_twice;complete=all@61;incomplete=omit4@70;blocked=resistance0@61;stale=once_age@111;compact=direct_open_fork_ring@0+aged@10;px7=train@0+10+heldout@20,14,exact_replay,independent Trial values exactly equal,exact=true~first_divergence=none,true,formation:outward=2~return=2~updates=12~work=14758~queue=empty~quiet=true~permanent=7369669739904032670~complete=3859871998078192819;completed:outward=1~return=1~updates=1~work=2473~queue=empty~quiet=true~permanent=15150365030413808988~complete=18045467896248047255;incomplete:outward=0~return=0~updates=0~work=1611~queue=empty~quiet=true~permanent=1113948815275554925~complete=13776636437494038775;blocked:outward=0~return=0~updates=0~work=2268~queue=empty~quiet=true~permanent=1670917314445676527~complete=15007013609844884191;stale:outward=0~return=0~updates=0~work=1334~queue=empty~quiet=true~permanent=16023563581956042331~complete=2782889458515972402;duplicate_recursive:outward=1~return=1~updates=1~work=2585~queue=empty~quiet=true~permanent=15150365030413808988~complete=14312389075523724427;zero_length:outward=1~return=0~updates=0~work=16~queue=empty~quiet=true~permanent=4913790592011050032~complete=16202787936148658860;duplicate_physical:outward=1~return=0~updates=0~work=23~queue=empty~quiet=true~permanent=1386029052074436958~complete=4306099951076880931;open:outward=0~return=0~updates=0~work=7~queue=empty~quiet=true~permanent=13977533791316167265~complete=11916069297646593199;aged:outward=0~return=0~updates=0~work=7~queue=empty~quiet=true~permanent=5304349397047072712~complete=13572601044041430060;branch:outward=0~return=0~updates=0~work=54~queue=empty~quiet=true~permanent=14625263677596232935~complete=12130016399844410221;cycle:outward=0~return=0~updates=0~work=17~queue=empty~quiet=true~permanent=4619768361775732522~complete=8932177414125850965,primary=5488|5488;uninterrupted=5488|5488;incomplete=5488|5488;duplicate=5488|5488;blocked=5488|5488;stale=5488|5552;cumulative=2304|2304,14758,5552,true,true,pass=true~first_m=2~first_u=2~first_w=713~first_q=true~second_m=2~second_u=2~second_w=753~second_q=true~heldout_o=1~heldout_m=0~heldout_u=0~heldout_w=514~heldout_q=true~coupling=2|2~resistance=6|6~before=2304~after=2304,true,bounded_same_body_memory,none
864016,3710920463220736,true,true,411,formation=learn_twice;complete=all@61;incomplete=omit4@70;blocked=resistance0@61;stale=once_age@111;compact=direct_open_fork_ring@0+aged@10;px7=train@0+10+heldout@20,1,formation_modulation_and_updates,formation.updates>0 && formation.inward_modulation>0,outward=2~return=2~updates=12~work=14762~queue=empty~quiet=true~permanent=4953218605351451846~complete=17843489650675600671,true,formation:outward=2~return=2~updates=12~work=14762~queue=empty~quiet=true~permanent=4953218605351451846~complete=17843489650675600671;completed:outward=1~return=1~updates=1~work=2473~queue=empty~quiet=true~permanent=15818367265197505436~complete=1500932525277252447;incomplete:outward=0~return=0~updates=0~work=1611~queue=empty~quiet=true~permanent=7974531542020784205~complete=9777285682643302851;blocked:outward=0~return=0~updates=0~work=2268~queue=empty~quiet=true~permanent=18399690785746629467~complete=12828179946034591819;stale:outward=0~return=0~updates=0~work=1334~queue=empty~quiet=true~permanent=4209935840337930997~complete=10392520853874684786;duplicate_recursive:outward=1~return=1~updates=1~work=2585~queue=empty~quiet=true~permanent=15818367265197505436~complete=16214597778262481235;zero_length:outward=1~return=0~updates=0~work=16~queue=empty~quiet=true~permanent=9121986405927165082~complete=17139565631952194582;duplicate_physical:outward=1~return=0~updates=0~work=23~queue=empty~quiet=true~permanent=10025665079608657672~complete=3210757875381438405;open:outward=0~return=0~updates=0~work=7~queue=empty~quiet=true~permanent=11564809347099556967~complete=16681126155870612717;aged:outward=0~return=0~updates=0~work=7~queue=empty~quiet=true~permanent=1383344105180373586~complete=2325388289927893794;branch:outward=0~return=0~updates=0~work=54~queue=empty~quiet=true~permanent=12176625281041411778~complete=7485017418046031736;cycle:outward=0~return=0~updates=0~work=17~queue=empty~quiet=true~permanent=13486345759432586322~complete=4176771567917008261,primary=5488|5488;uninterrupted=5488|5488;incomplete=5488|5488;duplicate=5488|5488;blocked=5488|5488;stale=5488|5552;cumulative=2304|2304,14762,5552,true,true,pass=true~first_m=2~first_u=2~first_w=713~first_q=true~second_m=2~second_u=2~second_w=753~second_q=true~heldout_o=1~heldout_m=0~heldout_u=0~heldout_w=514~heldout_q=true~coupling=2|2~resistance=6|6~before=2304~after=2304,true,bounded_same_body_memory,none
864016,3710920463220736,true,true,411,formation=learn_twice;complete=all@61;incomplete=omit4@70;blocked=resistance0@61;stale=once_age@111;compact=direct_open_fork_ring@0+aged@10;px7=train@0+10+heldout@20,2,completed_exactly_once,completed.outward==1,outward=1~return=1~updates=1~work=2473~queue=empty~quiet=true~permanent=15818367265197505436~complete=1500932525277252447,true,formation:outward=2~return=2~updates=12~work=14762~queue=empty~quiet=true~permanent=4953218605351451846~complete=17843489650675600671;completed:outward=1~return=1~updates=1~work=2473~queue=empty~quiet=true~permanent=15818367265197505436~complete=1500932525277252447;incomplete:outward=0~return=0~updates=0~work=1611~queue=empty~quiet=true~permanent=7974531542020784205~complete=9777285682643302851;blocked:outward=0~return=0~updates=0~work=2268~queue=empty~quiet=true~permanent=18399690785746629467~complete=12828179946034591819;stale:outward=0~return=0~updates=0~work=1334~queue=empty~quiet=true~permanent=4209935840337930997~complete=10392520853874684786;duplicate_recursive:outward=1~return=1~updates=1~work=2585~queue=empty~quiet=true~permanent=15818367265197505436~complete=16214597778262481235;zero_length:outward=1~return=0~updates=0~work=16~queue=empty~quiet=true~permanent=9121986405927165082~complete=17139565631952194582;duplicate_physical:outward=1~return=0~updates=0~work=23~queue=empty~quiet=true~permanent=10025665079608657672~complete=3210757875381438405;open:outward=0~return=0~updates=0~work=7~queue=empty~quiet=true~permanent=11564809347099556967~complete=16681126155870612717;aged:outward=0~return=0~updates=0~work=7~queue=empty~quiet=true~permanent=1383344105180373586~complete=2325388289927893794;branch:outward=0~return=0~updates=0~work=54~queue=empty~quiet=true~permanent=12176625281041411778~complete=7485017418046031736;cycle:outward=0~return=0~updates=0~work=17~queue=empty~quiet=true~permanent=13486345759432586322~complete=4176771567917008261,primary=5488|5488;uninterrupted=5488|5488;incomplete=5488|5488;duplicate=5488|5488;blocked=5488|5488;stale=5488|5552;cumulative=2304|2304,14762,5552,true,true,pass=true~first_m=2~first_u=2~first_w=713~first_q=true~second_m=2~second_u=2~second_w=753~second_q=true~heldout_o=1~heldout_m=0~heldout_u=0~heldout_w=514~heldout_q=true~coupling=2|2~resistance=6|6~before=2304~after=2304,true,bounded_same_body_memory,none
864016,3710920463220736,true,true,411,formation=learn_twice;complete=all@61;incomplete=omit4@70;blocked=resistance0@61;stale=once_age@111;compact=direct_open_fork_ring@0+aged@10;px7=train@0+10+heldout@20,3,completed_return_and_update,completed.return==1 && completed.updates==1,outward=1~return=1~updates=1~work=2473~queue=empty~quiet=true~permanent=15818367265197505436~complete=1500932525277252447,true,formation:outward=2~return=2~updates=12~work=14762~queue=empty~quiet=true~permanent=4953218605351451846~complete=17843489650675600671;completed:outward=1~return=1~updates=1~work=2473~queue=empty~quiet=true~permanent=15818367265197505436~complete=1500932525277252447;incomplete:outward=0~return=0~updates=0~work=1611~queue=empty~quiet=true~permanent=7974531542020784205~complete=9777285682643302851;blocked:outward=0~return=0~updates=0~work=2268~queue=empty~quiet=true~permanent=18399690785746629467~complete=12828179946034591819;stale:outward=0~return=0~updates=0~work=1334~queue=empty~quiet=true~permanent=4209935840337930997~complete=10392520853874684786;duplicate_recursive:outward=1~return=1~updates=1~work=2585~queue=empty~quiet=true~permanent=15818367265197505436~complete=16214597778262481235;zero_length:outward=1~return=0~updates=0~work=16~queue=empty~quiet=true~permanent=9121986405927165082~complete=17139565631952194582;duplicate_physical:outward=1~return=0~updates=0~work=23~queue=empty~quiet=true~permanent=10025665079608657672~complete=3210757875381438405;open:outward=0~return=0~updates=0~work=7~queue=empty~quiet=true~permanent=11564809347099556967~complete=16681126155870612717;aged:outward=0~return=0~updates=0~work=7~queue=empty~quiet=true~permanent=1383344105180373586~complete=2325388289927893794;branch:outward=0~return=0~updates=0~work=54~queue=empty~quiet=true~permanent=12176625281041411778~complete=7485017418046031736;cycle:outward=0~return=0~updates=0~work=17~queue=empty~quiet=true~permanent=13486345759432586322~complete=4176771567917008261,primary=5488|5488;uninterrupted=5488|5488;incomplete=5488|5488;duplicate=5488|5488;blocked=5488|5488;stale=5488|5552;cumulative=2304|2304,14762,5552,true,true,pass=true~first_m=2~first_u=2~first_w=713~first_q=true~second_m=2~second_u=2~second_w=753~second_q=true~heldout_o=1~heldout_m=0~heldout_u=0~heldout_w=514~heldout_q=true~coupling=2|2~resistance=6|6~before=2304~after=2304,true,bounded_same_body_memory,none
864016,3710920463220736,true,true,411,formation=learn_twice;complete=all@61;incomplete=omit4@70;blocked=resistance0@61;stale=once_age@111;compact=direct_open_fork_ring@0+aged@10;px7=train@0+10+heldout@20,4,incomplete_blocked_stale_silence,incomplete.outward==0 && blocked.outward==0 && stale.outward==0,incomplete=outward=0~return=0~updates=0~work=1611~queue=empty~quiet=true~permanent=7974531542020784205~complete=9777285682643302851~blocked=outward=0~return=0~updates=0~work=2268~queue=empty~quiet=true~permanent=18399690785746629467~complete=12828179946034591819~stale=outward=0~return=0~updates=0~work=1334~queue=empty~quiet=true~permanent=4209935840337930997~complete=10392520853874684786,true,formation:outward=2~return=2~updates=12~work=14762~queue=empty~quiet=true~permanent=4953218605351451846~complete=17843489650675600671;completed:outward=1~return=1~updates=1~work=2473~queue=empty~quiet=true~permanent=15818367265197505436~complete=1500932525277252447;incomplete:outward=0~return=0~updates=0~work=1611~queue=empty~quiet=true~permanent=7974531542020784205~complete=9777285682643302851;blocked:outward=0~return=0~updates=0~work=2268~queue=empty~quiet=true~permanent=18399690785746629467~complete=12828179946034591819;stale:outward=0~return=0~updates=0~work=1334~queue=empty~quiet=true~permanent=4209935840337930997~complete=10392520853874684786;duplicate_recursive:outward=1~return=1~updates=1~work=2585~queue=empty~quiet=true~permanent=15818367265197505436~complete=16214597778262481235;zero_length:outward=1~return=0~updates=0~work=16~queue=empty~quiet=true~permanent=9121986405927165082~complete=17139565631952194582;duplicate_physical:outward=1~return=0~updates=0~work=23~queue=empty~quiet=true~permanent=10025665079608657672~complete=3210757875381438405;open:outward=0~return=0~updates=0~work=7~queue=empty~quiet=true~permanent=11564809347099556967~complete=16681126155870612717;aged:outward=0~return=0~updates=0~work=7~queue=empty~quiet=true~permanent=1383344105180373586~complete=2325388289927893794;branch:outward=0~return=0~updates=0~work=54~queue=empty~quiet=true~permanent=12176625281041411778~complete=7485017418046031736;cycle:outward=0~return=0~updates=0~work=17~queue=empty~quiet=true~permanent=13486345759432586322~complete=4176771567917008261,primary=5488|5488;uninterrupted=5488|5488;incomplete=5488|5488;duplicate=5488|5488;blocked=5488|5488;stale=5488|5552;cumulative=2304|2304,14762,5552,true,true,pass=true~first_m=2~first_u=2~first_w=713~first_q=true~second_m=2~second_u=2~second_w=753~second_q=true~heldout_o=1~heldout_m=0~heldout_u=0~heldout_w=514~heldout_q=true~coupling=2|2~resistance=6|6~before=2304~after=2304,true,bounded_same_body_memory,none
864016,3710920463220736,true,true,411,formation=learn_twice;complete=all@61;incomplete=omit4@70;blocked=resistance0@61;stale=once_age@111;compact=direct_open_fork_ring@0+aged@10;px7=train@0+10+heldout@20,5,open_aged_silence,open.outward==0 && aged.outward==0,open=outward=0~return=0~updates=0~work=7~queue=empty~quiet=true~permanent=11564809347099556967~complete=16681126155870612717~aged=outward=0~return=0~updates=0~work=7~queue=empty~quiet=true~permanent=1383344105180373586~complete=2325388289927893794,true,formation:outward=2~return=2~updates=12~work=14762~queue=empty~quiet=true~permanent=4953218605351451846~complete=17843489650675600671;completed:outward=1~return=1~updates=1~work=2473~queue=empty~quiet=true~permanent=15818367265197505436~complete=1500932525277252447;incomplete:outward=0~return=0~updates=0~work=1611~queue=empty~quiet=true~permanent=7974531542020784205~complete=9777285682643302851;blocked:outward=0~return=0~updates=0~work=2268~queue=empty~quiet=true~permanent=18399690785746629467~complete=12828179946034591819;stale:outward=0~return=0~updates=0~work=1334~queue=empty~quiet=true~permanent=4209935840337930997~complete=10392520853874684786;duplicate_recursive:outward=1~return=1~updates=1~work=2585~queue=empty~quiet=true~permanent=15818367265197505436~complete=16214597778262481235;zero_length:outward=1~return=0~updates=0~work=16~queue=empty~quiet=true~permanent=9121986405927165082~complete=17139565631952194582;duplicate_physical:outward=1~return=0~updates=0~work=23~queue=empty~quiet=true~permanent=10025665079608657672~complete=3210757875381438405;open:outward=0~return=0~updates=0~work=7~queue=empty~quiet=true~permanent=11564809347099556967~complete=16681126155870612717;aged:outward=0~return=0~updates=0~work=7~queue=empty~quiet=true~permanent=1383344105180373586~complete=2325388289927893794;branch:outward=0~return=0~updates=0~work=54~queue=empty~quiet=true~permanent=12176625281041411778~complete=7485017418046031736;cycle:outward=0~return=0~updates=0~work=17~queue=empty~quiet=true~permanent=13486345759432586322~complete=4176771567917008261,primary=5488|5488;uninterrupted=5488|5488;incomplete=5488|5488;duplicate=5488|5488;blocked=5488|5488;stale=5488|5552;cumulative=2304|2304,14762,5552,true,true,pass=true~first_m=2~first_u=2~first_w=713~first_q=true~second_m=2~second_u=2~second_w=753~second_q=true~heldout_o=1~heldout_m=0~heldout_u=0~heldout_w=514~heldout_q=true~coupling=2|2~resistance=6|6~before=2304~after=2304,true,bounded_same_body_memory,none
864016,3710920463220736,true,true,411,formation=learn_twice;complete=all@61;incomplete=omit4@70;blocked=resistance0@61;stale=once_age@111;compact=direct_open_fork_ring@0+aged@10;px7=train@0+10+heldout@20,6,zero_length_exactly_once,zero_length.outward==1,outward=1~return=0~updates=0~work=16~queue=empty~quiet=true~permanent=9121986405927165082~complete=17139565631952194582,true,formation:outward=2~return=2~updates=12~work=14762~queue=empty~quiet=true~permanent=4953218605351451846~complete=17843489650675600671;completed:outward=1~return=1~updates=1~work=2473~queue=empty~quiet=true~permanent=15818367265197505436~complete=1500932525277252447;incomplete:outward=0~return=0~updates=0~work=1611~queue=empty~quiet=true~permanent=7974531542020784205~complete=9777285682643302851;blocked:outward=0~return=0~updates=0~work=2268~queue=empty~quiet=true~permanent=18399690785746629467~complete=12828179946034591819;stale:outward=0~return=0~updates=0~work=1334~queue=empty~quiet=true~permanent=4209935840337930997~complete=10392520853874684786;duplicate_recursive:outward=1~return=1~updates=1~work=2585~queue=empty~quiet=true~permanent=15818367265197505436~complete=16214597778262481235;zero_length:outward=1~return=0~updates=0~work=16~queue=empty~quiet=true~permanent=9121986405927165082~complete=17139565631952194582;duplicate_physical:outward=1~return=0~updates=0~work=23~queue=empty~quiet=true~permanent=10025665079608657672~complete=3210757875381438405;open:outward=0~return=0~updates=0~work=7~queue=empty~quiet=true~permanent=11564809347099556967~complete=16681126155870612717;aged:outward=0~return=0~updates=0~work=7~queue=empty~quiet=true~permanent=1383344105180373586~complete=2325388289927893794;branch:outward=0~return=0~updates=0~work=54~queue=empty~quiet=true~permanent=12176625281041411778~complete=7485017418046031736;cycle:outward=0~return=0~updates=0~work=17~queue=empty~quiet=true~permanent=13486345759432586322~complete=4176771567917008261,primary=5488|5488;uninterrupted=5488|5488;incomplete=5488|5488;duplicate=5488|5488;blocked=5488|5488;stale=5488|5552;cumulative=2304|2304,14762,5552,true,true,pass=true~first_m=2~first_u=2~first_w=713~first_q=true~second_m=2~second_u=2~second_w=753~second_q=true~heldout_o=1~heldout_m=0~heldout_u=0~heldout_w=514~heldout_q=true~coupling=2|2~resistance=6|6~before=2304~after=2304,true,bounded_same_body_memory,none
864016,3710920463220736,true,true,411,formation=learn_twice;complete=all@61;incomplete=omit4@70;blocked=resistance0@61;stale=once_age@111;compact=direct_open_fork_ring@0+aged@10;px7=train@0+10+heldout@20,7,duplicates_exactly_once,duplicate_physical.outward==1 && duplicate_recursive.outward==1,physical=outward=1~return=0~updates=0~work=23~queue=empty~quiet=true~permanent=10025665079608657672~complete=3210757875381438405~recursive=outward=1~return=1~updates=1~work=2585~queue=empty~quiet=true~permanent=15818367265197505436~complete=16214597778262481235,true,formation:outward=2~return=2~updates=12~work=14762~queue=empty~quiet=true~permanent=4953218605351451846~complete=17843489650675600671;completed:outward=1~return=1~updates=1~work=2473~queue=empty~quiet=true~permanent=15818367265197505436~complete=1500932525277252447;incomplete:outward=0~return=0~updates=0~work=1611~queue=empty~quiet=true~permanent=7974531542020784205~complete=9777285682643302851;blocked:outward=0~return=0~updates=0~work=2268~queue=empty~quiet=true~permanent=18399690785746629467~complete=12828179946034591819;stale:outward=0~return=0~updates=0~work=1334~queue=empty~quiet=true~permanent=4209935840337930997~complete=10392520853874684786;duplicate_recursive:outward=1~return=1~updates=1~work=2585~queue=empty~quiet=true~permanent=15818367265197505436~complete=16214597778262481235;zero_length:outward=1~return=0~updates=0~work=16~queue=empty~quiet=true~permanent=9121986405927165082~complete=17139565631952194582;duplicate_physical:outward=1~return=0~updates=0~work=23~queue=empty~quiet=true~permanent=10025665079608657672~complete=3210757875381438405;open:outward=0~return=0~updates=0~work=7~queue=empty~quiet=true~permanent=11564809347099556967~complete=16681126155870612717;aged:outward=0~return=0~updates=0~work=7~queue=empty~quiet=true~permanent=1383344105180373586~complete=2325388289927893794;branch:outward=0~return=0~updates=0~work=54~queue=empty~quiet=true~permanent=12176625281041411778~complete=7485017418046031736;cycle:outward=0~return=0~updates=0~work=17~queue=empty~quiet=true~permanent=13486345759432586322~complete=4176771567917008261,primary=5488|5488;uninterrupted=5488|5488;incomplete=5488|5488;duplicate=5488|5488;blocked=5488|5488;stale=5488|5552;cumulative=2304|2304,14762,5552,true,true,pass=true~first_m=2~first_u=2~first_w=713~first_q=true~second_m=2~second_u=2~second_w=753~second_q=true~heldout_o=1~heldout_m=0~heldout_u=0~heldout_w=514~heldout_q=true~coupling=2|2~resistance=6|6~before=2304~after=2304,true,bounded_same_body_memory,none
864016,3710920463220736,true,true,411,formation=learn_twice;complete=all@61;incomplete=omit4@70;blocked=resistance0@61;stale=once_age@111;compact=direct_open_fork_ring@0+aged@10;px7=train@0+10+heldout@20,8,branch_cycle_silence,branch.outward==0 && cycle.outward==0,branch=outward=0~return=0~updates=0~work=54~queue=empty~quiet=true~permanent=12176625281041411778~complete=7485017418046031736~cycle=outward=0~return=0~updates=0~work=17~queue=empty~quiet=true~permanent=13486345759432586322~complete=4176771567917008261,true,formation:outward=2~return=2~updates=12~work=14762~queue=empty~quiet=true~permanent=4953218605351451846~complete=17843489650675600671;completed:outward=1~return=1~updates=1~work=2473~queue=empty~quiet=true~permanent=15818367265197505436~complete=1500932525277252447;incomplete:outward=0~return=0~updates=0~work=1611~queue=empty~quiet=true~permanent=7974531542020784205~complete=9777285682643302851;blocked:outward=0~return=0~updates=0~work=2268~queue=empty~quiet=true~permanent=18399690785746629467~complete=12828179946034591819;stale:outward=0~return=0~updates=0~work=1334~queue=empty~quiet=true~permanent=4209935840337930997~complete=10392520853874684786;duplicate_recursive:outward=1~return=1~updates=1~work=2585~queue=empty~quiet=true~permanent=15818367265197505436~complete=16214597778262481235;zero_length:outward=1~return=0~updates=0~work=16~queue=empty~quiet=true~permanent=9121986405927165082~complete=17139565631952194582;duplicate_physical:outward=1~return=0~updates=0~work=23~queue=empty~quiet=true~permanent=10025665079608657672~complete=3210757875381438405;open:outward=0~return=0~updates=0~work=7~queue=empty~quiet=true~permanent=11564809347099556967~complete=16681126155870612717;aged:outward=0~return=0~updates=0~work=7~queue=empty~quiet=true~permanent=1383344105180373586~complete=2325388289927893794;branch:outward=0~return=0~updates=0~work=54~queue=empty~quiet=true~permanent=12176625281041411778~complete=7485017418046031736;cycle:outward=0~return=0~updates=0~work=17~queue=empty~quiet=true~permanent=13486345759432586322~complete=4176771567917008261,primary=5488|5488;uninterrupted=5488|5488;incomplete=5488|5488;duplicate=5488|5488;blocked=5488|5488;stale=5488|5552;cumulative=2304|2304,14762,5552,true,true,pass=true~first_m=2~first_u=2~first_w=713~first_q=true~second_m=2~second_u=2~second_w=753~second_q=true~heldout_o=1~heldout_m=0~heldout_u=0~heldout_w=514~heldout_q=true~coupling=2|2~resistance=6|6~before=2304~after=2304,true,bounded_same_body_memory,none
864016,3710920463220736,true,true,411,formation=learn_twice;complete=all@61;incomplete=omit4@70;blocked=resistance0@61;stale=once_age@111;compact=direct_open_fork_ring@0+aged@10;px7=train@0+10+heldout@20,9,pause_resume,pause_stable && resume_equal,pause_stable=true~resume_equal=true,true,formation:outward=2~return=2~updates=12~work=14762~queue=empty~quiet=true~permanent=4953218605351451846~complete=17843489650675600671;completed:outward=1~return=1~updates=1~work=2473~queue=empty~quiet=true~permanent=15818367265197505436~complete=1500932525277252447;incomplete:outward=0~return=0~updates=0~work=1611~queue=empty~quiet=true~permanent=7974531542020784205~complete=9777285682643302851;blocked:outward=0~return=0~updates=0~work=2268~queue=empty~quiet=true~permanent=18399690785746629467~complete=12828179946034591819;stale:outward=0~return=0~updates=0~work=1334~queue=empty~quiet=true~permanent=4209935840337930997~complete=10392520853874684786;duplicate_recursive:outward=1~return=1~updates=1~work=2585~queue=empty~quiet=true~permanent=15818367265197505436~complete=16214597778262481235;zero_length:outward=1~return=0~updates=0~work=16~queue=empty~quiet=true~permanent=9121986405927165082~complete=17139565631952194582;duplicate_physical:outward=1~return=0~updates=0~work=23~queue=empty~quiet=true~permanent=10025665079608657672~complete=3210757875381438405;open:outward=0~return=0~updates=0~work=7~queue=empty~quiet=true~permanent=11564809347099556967~complete=16681126155870612717;aged:outward=0~return=0~updates=0~work=7~queue=empty~quiet=true~permanent=1383344105180373586~complete=2325388289927893794;branch:outward=0~return=0~updates=0~work=54~queue=empty~quiet=true~permanent=12176625281041411778~complete=7485017418046031736;cycle:outward=0~return=0~updates=0~work=17~queue=empty~quiet=true~permanent=13486345759432586322~complete=4176771567917008261,primary=5488|5488;uninterrupted=5488|5488;incomplete=5488|5488;duplicate=5488|5488;blocked=5488|5488;stale=5488|5552;cumulative=2304|2304,14762,5552,true,true,pass=true~first_m=2~first_u=2~first_w=713~first_q=true~second_m=2~second_u=2~second_w=753~second_q=true~heldout_o=1~heldout_m=0~heldout_u=0~heldout_w=514~heldout_q=true~coupling=2|2~resistance=6|6~before=2304~after=2304,true,bounded_same_body_memory,none
864016,3710920463220736,true,true,411,formation=learn_twice;complete=all@61;incomplete=omit4@70;blocked=resistance0@61;stale=once_age@111;compact=direct_open_fork_ring@0+aged@10;px7=train@0+10+heldout@20,10,natural_quiescence,all queues empty and naturally quiescent,quiet=true~queue=empty,true,formation:outward=2~return=2~updates=12~work=14762~queue=empty~quiet=true~permanent=4953218605351451846~complete=17843489650675600671;completed:outward=1~return=1~updates=1~work=2473~queue=empty~quiet=true~permanent=15818367265197505436~complete=1500932525277252447;incomplete:outward=0~return=0~updates=0~work=1611~queue=empty~quiet=true~permanent=7974531542020784205~complete=9777285682643302851;blocked:outward=0~return=0~updates=0~work=2268~queue=empty~quiet=true~permanent=18399690785746629467~complete=12828179946034591819;stale:outward=0~return=0~updates=0~work=1334~queue=empty~quiet=true~permanent=4209935840337930997~complete=10392520853874684786;duplicate_recursive:outward=1~return=1~updates=1~work=2585~queue=empty~quiet=true~permanent=15818367265197505436~complete=16214597778262481235;zero_length:outward=1~return=0~updates=0~work=16~queue=empty~quiet=true~permanent=9121986405927165082~complete=17139565631952194582;duplicate_physical:outward=1~return=0~updates=0~work=23~queue=empty~quiet=true~permanent=10025665079608657672~complete=3210757875381438405;open:outward=0~return=0~updates=0~work=7~queue=empty~quiet=true~permanent=11564809347099556967~complete=16681126155870612717;aged:outward=0~return=0~updates=0~work=7~queue=empty~quiet=true~permanent=1383344105180373586~complete=2325388289927893794;branch:outward=0~return=0~updates=0~work=54~queue=empty~quiet=true~permanent=12176625281041411778~complete=7485017418046031736;cycle:outward=0~return=0~updates=0~work=17~queue=empty~quiet=true~permanent=13486345759432586322~complete=4176771567917008261,primary=5488|5488;uninterrupted=5488|5488;incomplete=5488|5488;duplicate=5488|5488;blocked=5488|5488;stale=5488|5552;cumulative=2304|2304,14762,5552,true,true,pass=true~first_m=2~first_u=2~first_w=713~first_q=true~second_m=2~second_u=2~second_w=753~second_q=true~heldout_o=1~heldout_m=0~heldout_u=0~heldout_w=514~heldout_q=true~coupling=2|2~resistance=6|6~before=2304~after=2304,true,bounded_same_body_memory,none
864016,3710920463220736,true,true,411,formation=learn_twice;complete=all@61;incomplete=omit4@70;blocked=resistance0@61;stale=once_age@111;compact=direct_open_fork_ring@0+aged@10;px7=train@0+10+heldout@20,11,bounded_work,maximum_work<=20000,maximum_work=14762,true,formation:outward=2~return=2~updates=12~work=14762~queue=empty~quiet=true~permanent=4953218605351451846~complete=17843489650675600671;completed:outward=1~return=1~updates=1~work=2473~queue=empty~quiet=true~permanent=15818367265197505436~complete=1500932525277252447;incomplete:outward=0~return=0~updates=0~work=1611~queue=empty~quiet=true~permanent=7974531542020784205~complete=9777285682643302851;blocked:outward=0~return=0~updates=0~work=2268~queue=empty~quiet=true~permanent=18399690785746629467~complete=12828179946034591819;stale:outward=0~return=0~updates=0~work=1334~queue=empty~quiet=true~permanent=4209935840337930997~complete=10392520853874684786;duplicate_recursive:outward=1~return=1~updates=1~work=2585~queue=empty~quiet=true~permanent=15818367265197505436~complete=16214597778262481235;zero_length:outward=1~return=0~updates=0~work=16~queue=empty~quiet=true~permanent=9121986405927165082~complete=17139565631952194582;duplicate_physical:outward=1~return=0~updates=0~work=23~queue=empty~quiet=true~permanent=10025665079608657672~complete=3210757875381438405;open:outward=0~return=0~updates=0~work=7~queue=empty~quiet=true~permanent=11564809347099556967~complete=16681126155870612717;aged:outward=0~return=0~updates=0~work=7~queue=empty~quiet=true~permanent=1383344105180373586~complete=2325388289927893794;branch:outward=0~return=0~updates=0~work=54~queue=empty~quiet=true~permanent=12176625281041411778~complete=7485017418046031736;cycle:outward=0~return=0~updates=0~work=17~queue=empty~quiet=true~permanent=13486345759432586322~complete=4176771567917008261,primary=5488|5488;uninterrupted=5488|5488;incomplete=5488|5488;duplicate=5488|5488;blocked=5488|5488;stale=5488|5552;cumulative=2304|2304,14762,5552,true,true,pass=true~first_m=2~first_u=2~first_w=713~first_q=true~second_m=2~second_u=2~second_w=753~second_q=true~heldout_o=1~heldout_m=0~heldout_u=0~heldout_w=514~heldout_q=true~coupling=2|2~resistance=6|6~before=2304~after=2304,true,bounded_same_body_memory,none
864016,3710920463220736,true,true,411,formation=learn_twice;complete=all@61;incomplete=omit4@70;blocked=resistance0@61;stale=once_age@111;compact=direct_open_fork_ring@0+aged@10;px7=train@0+10+heldout@20,12,bounded_same_body_memory,maximum_bytes<=8192 && all seven before==after,maximum_bytes=5552~pairs=primary=5488|5488;uninterrupted=5488|5488;incomplete=5488|5488;duplicate=5488|5488;blocked=5488|5488;stale=5488|5552;cumulative=2304|2304~stable=false,false,formation:outward=2~return=2~updates=12~work=14762~queue=empty~quiet=true~permanent=4953218605351451846~complete=17843489650675600671;completed:outward=1~return=1~updates=1~work=2473~queue=empty~quiet=true~permanent=15818367265197505436~complete=1500932525277252447;incomplete:outward=0~return=0~updates=0~work=1611~queue=empty~quiet=true~permanent=7974531542020784205~complete=9777285682643302851;blocked:outward=0~return=0~updates=0~work=2268~queue=empty~quiet=true~permanent=18399690785746629467~complete=12828179946034591819;stale:outward=0~return=0~updates=0~work=1334~queue=empty~quiet=true~permanent=4209935840337930997~complete=10392520853874684786;duplicate_recursive:outward=1~return=1~updates=1~work=2585~queue=empty~quiet=true~permanent=15818367265197505436~complete=16214597778262481235;zero_length:outward=1~return=0~updates=0~work=16~queue=empty~quiet=true~permanent=9121986405927165082~complete=17139565631952194582;duplicate_physical:outward=1~return=0~updates=0~work=23~queue=empty~quiet=true~permanent=10025665079608657672~complete=3210757875381438405;open:outward=0~return=0~updates=0~work=7~queue=empty~quiet=true~permanent=11564809347099556967~complete=16681126155870612717;aged:outward=0~return=0~updates=0~work=7~queue=empty~quiet=true~permanent=1383344105180373586~complete=2325388289927893794;branch:outward=0~return=0~updates=0~work=54~queue=empty~quiet=true~permanent=12176625281041411778~complete=7485017418046031736;cycle:outward=0~return=0~updates=0~work=17~queue=empty~quiet=true~permanent=13486345759432586322~complete=4176771567917008261,primary=5488|5488;uninterrupted=5488|5488;incomplete=5488|5488;duplicate=5488|5488;blocked=5488|5488;stale=5488|5552;cumulative=2304|2304,14762,5552,true,true,pass=true~first_m=2~first_u=2~first_w=713~first_q=true~second_m=2~second_u=2~second_w=753~second_q=true~heldout_o=1~heldout_m=0~heldout_u=0~heldout_w=514~heldout_q=true~coupling=2|2~resistance=6|6~before=2304~after=2304,true,bounded_same_body_memory,none
864016,3710920463220736,true,true,411,formation=learn_twice;complete=all@61;incomplete=omit4@70;blocked=resistance0@61;stale=once_age@111;compact=direct_open_fork_ring@0+aged@10;px7=train@0+10+heldout@20,13,cumulative_px0_px7_lrc,PX7 training/heldout/return/quiet/stability pass,pass=true~first_m=2~first_u=2~first_w=713~first_q=true~second_m=2~second_u=2~second_w=753~second_q=true~heldout_o=1~heldout_m=0~heldout_u=0~heldout_w=514~heldout_q=true~coupling=2|2~resistance=6|6~before=2304~after=2304,true,formation:outward=2~return=2~updates=12~work=14762~queue=empty~quiet=true~permanent=4953218605351451846~complete=17843489650675600671;completed:outward=1~return=1~updates=1~work=2473~queue=empty~quiet=true~permanent=15818367265197505436~complete=1500932525277252447;incomplete:outward=0~return=0~updates=0~work=1611~queue=empty~quiet=true~permanent=7974531542020784205~complete=9777285682643302851;blocked:outward=0~return=0~updates=0~work=2268~queue=empty~quiet=true~permanent=18399690785746629467~complete=12828179946034591819;stale:outward=0~return=0~updates=0~work=1334~queue=empty~quiet=true~permanent=4209935840337930997~complete=10392520853874684786;duplicate_recursive:outward=1~return=1~updates=1~work=2585~queue=empty~quiet=true~permanent=15818367265197505436~complete=16214597778262481235;zero_length:outward=1~return=0~updates=0~work=16~queue=empty~quiet=true~permanent=9121986405927165082~complete=17139565631952194582;duplicate_physical:outward=1~return=0~updates=0~work=23~queue=empty~quiet=true~permanent=10025665079608657672~complete=3210757875381438405;open:outward=0~return=0~updates=0~work=7~queue=empty~quiet=true~permanent=11564809347099556967~complete=16681126155870612717;aged:outward=0~return=0~updates=0~work=7~queue=empty~quiet=true~permanent=1383344105180373586~complete=2325388289927893794;branch:outward=0~return=0~updates=0~work=54~queue=empty~quiet=true~permanent=12176625281041411778~complete=7485017418046031736;cycle:outward=0~return=0~updates=0~work=17~queue=empty~quiet=true~permanent=13486345759432586322~complete=4176771567917008261,primary=5488|5488;uninterrupted=5488|5488;incomplete=5488|5488;duplicate=5488|5488;blocked=5488|5488;stale=5488|5552;cumulative=2304|2304,14762,5552,true,true,pass=true~first_m=2~first_u=2~first_w=713~first_q=true~second_m=2~second_u=2~second_w=753~second_q=true~heldout_o=1~heldout_m=0~heldout_u=0~heldout_w=514~heldout_q=true~coupling=2|2~resistance=6|6~before=2304~after=2304,true,bounded_same_body_memory,none
864016,3710920463220736,true,true,411,formation=learn_twice;complete=all@61;incomplete=omit4@70;blocked=resistance0@61;stale=once_age@111;compact=direct_open_fork_ring@0+aged@10;px7=train@0+10+heldout@20,14,exact_replay,independent Trial values exactly equal,exact=true~first_divergence=none,true,formation:outward=2~return=2~updates=12~work=14762~queue=empty~quiet=true~permanent=4953218605351451846~complete=17843489650675600671;completed:outward=1~return=1~updates=1~work=2473~queue=empty~quiet=true~permanent=15818367265197505436~complete=1500932525277252447;incomplete:outward=0~return=0~updates=0~work=1611~queue=empty~quiet=true~permanent=7974531542020784205~complete=9777285682643302851;blocked:outward=0~return=0~updates=0~work=2268~queue=empty~quiet=true~permanent=18399690785746629467~complete=12828179946034591819;stale:outward=0~return=0~updates=0~work=1334~queue=empty~quiet=true~permanent=4209935840337930997~complete=10392520853874684786;duplicate_recursive:outward=1~return=1~updates=1~work=2585~queue=empty~quiet=true~permanent=15818367265197505436~complete=16214597778262481235;zero_length:outward=1~return=0~updates=0~work=16~queue=empty~quiet=true~permanent=9121986405927165082~complete=17139565631952194582;duplicate_physical:outward=1~return=0~updates=0~work=23~queue=empty~quiet=true~permanent=10025665079608657672~complete=3210757875381438405;open:outward=0~return=0~updates=0~work=7~queue=empty~quiet=true~permanent=11564809347099556967~complete=16681126155870612717;aged:outward=0~return=0~updates=0~work=7~queue=empty~quiet=true~permanent=1383344105180373586~complete=2325388289927893794;branch:outward=0~return=0~updates=0~work=54~queue=empty~quiet=true~permanent=12176625281041411778~complete=7485017418046031736;cycle:outward=0~return=0~updates=0~work=17~queue=empty~quiet=true~permanent=13486345759432586322~complete=4176771567917008261,primary=5488|5488;uninterrupted=5488|5488;incomplete=5488|5488;duplicate=5488|5488;blocked=5488|5488;stale=5488|5552;cumulative=2304|2304,14762,5552,true,true,pass=true~first_m=2~first_u=2~first_w=713~first_q=true~second_m=2~second_u=2~second_w=753~second_q=true~heldout_o=1~heldout_m=0~heldout_u=0~heldout_w=514~heldout_q=true~coupling=2|2~resistance=6|6~before=2304~after=2304,true,bounded_same_body_memory,none
