case_id,root,initial_phase,arm,world,mechanics,participation,support,distractor_support,modulation_at_contacts,predicate_pass,physical_work,drive_deliveries,modulatory_deliveries,local_updates,final_tick,pressure_phase,trace_hash,body_hash,live,quiescent
1,2100000,0,local_modulation,one_contact,reference,4026531840,4026531840,,1,1,6,4,1,1,1,1,90a961ff0727e709f9667b767dfd742f0e9913b730d2c9a634e0153640694e4f,e3eb23d35a2e1e8bbb8cc898cb1ce81565223620a13b70f8b8dd1034911c15d4,1,1
1,2100000,0,local_modulation,one_contact,production,4026531840,4026531840,,1,1,6,4,1,1,1,1,90a961ff0727e709f9667b767dfd742f0e9913b730d2c9a634e0153640694e4f,e3eb23d35a2e1e8bbb8cc898cb1ce81565223620a13b70f8b8dd1034911c15d4,1,1
2,2100000,1,local_modulation,one_contact,reference,4026531840,4026531840,,1,1,6,4,1,1,2,2,0eddfd62be318c9cf968fa538f2dd51a553efd2b327071bfefb88ad889f91f94,e3eb23d35a2e1e8bbb8cc898cb1ce81565223620a13b70f8b8dd1034911c15d4,1,1
2,2100000,1,local_modulation,one_contact,production,4026531840,4026531840,,1,1,6,4,1,1,2,2,0eddfd62be318c9cf968fa538f2dd51a553efd2b327071bfefb88ad889f91f94,e3eb23d35a2e1e8bbb8cc898cb1ce81565223620a13b70f8b8dd1034911c15d4,1,1
3,2100000,2,local_modulation,one_contact,reference,4026531840,4026531840,,1,1,6,4,1,1,3,3,8fb405d79edcc5cbea05acf61e155d942ad4761afb52578d8aedc7c1bf731123,e3eb23d35a2e1e8bbb8cc898cb1ce81565223620a13b70f8b8dd1034911c15d4,1,1
3,2100000,2,local_modulation,one_contact,production,4026531840,4026531840,,1,1,6,4,1,1,3,3,8fb405d79edcc5cbea05acf61e155d942ad4761afb52578d8aedc7c1bf731123,e3eb23d35a2e1e8bbb8cc898cb1ce81565223620a13b70f8b8dd1034911c15d4,1,1
4,2100000,3,local_modulation,one_contact,reference,4026531840,4026531840,,1,1,6,4,1,1,4,4,e0a8c077c4f74cb4f33f27a35072fa9f44a603496bddd9c315f0d68d7b35ad4d,e3eb23d35a2e1e8bbb8cc898cb1ce81565223620a13b70f8b8dd1034911c15d4,1,1
4,2100000,3,local_modulation,one_contact,production,4026531840,4026531840,,1,1,6,4,1,1,4,4,e0a8c077c4f74cb4f33f27a35072fa9f44a603496bddd9c315f0d68d7b35ad4d,e3eb23d35a2e1e8bbb8cc898cb1ce81565223620a13b70f8b8dd1034911c15d4,1,1
5,2100000,4,local_modulation,one_contact,reference,4026531840,4026531840,,1,1,6,4,1,1,5,5,537d5cee2242e1ee850e2a334d6ecaed9ecb78a96f977165dbc774f6ea23d968,e3eb23d35a2e1e8bbb8cc898cb1ce81565223620a13b70f8b8dd1034911c15d4,1,1
5,2100000,4,local_modulation,one_contact,production,4026531840,4026531840,,1,1,6,4,1,1,5,5,537d5cee2242e1ee850e2a334d6ecaed9ecb78a96f977165dbc774f6ea23d968,e3eb23d35a2e1e8bbb8cc898cb1ce81565223620a13b70f8b8dd1034911c15d4,1,1
6,2100000,5,local_modulation,one_contact,reference,4026531840,4026531840,,1,1,6,4,1,1,6,6,948213412ad0fd1a72f0f83c8e73fd2096955a6770b6933d1177943e1c1ff186,e3eb23d35a2e1e8bbb8cc898cb1ce81565223620a13b70f8b8dd1034911c15d4,1,1
6,2100000,5,local_modulation,one_contact,production,4026531840,4026531840,,1,1,6,4,1,1,6,6,948213412ad0fd1a72f0f83c8e73fd2096955a6770b6933d1177943e1c1ff186,e3eb23d35a2e1e8bbb8cc898cb1ce81565223620a13b70f8b8dd1034911c15d4,1,1
7,2100000,6,local_modulation,one_contact,reference,4026531840,4026531840,,1,1,6,4,1,1,7,7,2fc2cf5df0bbc96ffc5e626cac8a158610367348d606b474441374674ee6b834,e3eb23d35a2e1e8bbb8cc898cb1ce81565223620a13b70f8b8dd1034911c15d4,1,1
7,2100000,6,local_modulation,one_contact,production,4026531840,4026531840,,1,1,6,4,1,1,7,7,2fc2cf5df0bbc96ffc5e626cac8a158610367348d606b474441374674ee6b834,e3eb23d35a2e1e8bbb8cc898cb1ce81565223620a13b70f8b8dd1034911c15d4,1,1
8,2100000,7,local_modulation,one_contact,reference,4026531840,4026531840,,1,1,6,4,1,1,8,8,1351ac9fc3d7d2e405a6c1773a286e33591eecf92f810a30b74d993c785dd0ec,e3eb23d35a2e1e8bbb8cc898cb1ce81565223620a13b70f8b8dd1034911c15d4,1,1
8,2100000,7,local_modulation,one_contact,production,4026531840,4026531840,,1,1,6,4,1,1,8,8,1351ac9fc3d7d2e405a6c1773a286e33591eecf92f810a30b74d993c785dd0ec,e3eb23d35a2e1e8bbb8cc898cb1ce81565223620a13b70f8b8dd1034911c15d4,1,1
9,2100000,8,local_modulation,one_contact,reference,4026531840,4026531840,,1,1,6,4,1,1,9,9,e746901a138103b52ccb0fd53451e88cd79c4ff1a98f868f956d41774b6b4725,e3eb23d35a2e1e8bbb8cc898cb1ce81565223620a13b70f8b8dd1034911c15d4,1,1
9,2100000,8,local_modulation,one_contact,production,4026531840,4026531840,,1,1,6,4,1,1,9,9,e746901a138103b52ccb0fd53451e88cd79c4ff1a98f868f956d41774b6b4725,e3eb23d35a2e1e8bbb8cc898cb1ce81565223620a13b70f8b8dd1034911c15d4,1,1
10,2100000,9,local_modulation,one_contact,reference,4026531840,4026531840,,1,1,6,4,1,1,10,0,4db6fa331d10abdbe87da99cb6a73dd3a5faf5aef98252db199ca56c6229b1de,170432cc7d8cad537fe09e7880e08fb7f66ab04fabefdd1779eb1c5c4143eb5f,1,1
10,2100000,9,local_modulation,one_contact,production,4026531840,4026531840,,1,1,6,4,1,1,10,0,4db6fa331d10abdbe87da99cb6a73dd3a5faf5aef98252db199ca56c6229b1de,170432cc7d8cad537fe09e7880e08fb7f66ab04fabefdd1779eb1c5c4143eb5f,1,1
11,2200000,0,local_modulation,one_contact,reference,4026531840,4026531840,,1,1,6,4,1,1,1,1,90a961ff0727e709f9667b767dfd742f0e9913b730d2c9a634e0153640694e4f,28c94d26fff285773d75784dec03eda4c5559a5f72fbdd154fefc14835fcb988,1,1
11,2200000,0,local_modulation,one_contact,production,4026531840,4026531840,,1,1,6,4,1,1,1,1,90a961ff0727e709f9667b767dfd742f0e9913b730d2c9a634e0153640694e4f,28c94d26fff285773d75784dec03eda4c5559a5f72fbdd154fefc14835fcb988,1,1
12,2200000,1,local_modulation,one_contact,reference,4026531840,4026531840,,1,1,6,4,1,1,2,2,0eddfd62be318c9cf968fa538f2dd51a553efd2b327071bfefb88ad889f91f94,28c94d26fff285773d75784dec03eda4c5559a5f72fbdd154fefc14835fcb988,1,1
12,2200000,1,local_modulation,one_contact,production,4026531840,4026531840,,1,1,6,4,1,1,2,2,0eddfd62be318c9cf968fa538f2dd51a553efd2b327071bfefb88ad889f91f94,28c94d26fff285773d75784dec03eda4c5559a5f72fbdd154fefc14835fcb988,1,1
13,2200000,2,local_modulation,one_contact,reference,4026531840,4026531840,,1,1,6,4,1,1,3,3,8fb405d79edcc5cbea05acf61e155d942ad4761afb52578d8aedc7c1bf731123,28c94d26fff285773d75784dec03eda4c5559a5f72fbdd154fefc14835fcb988,1,1
13,2200000,2,local_modulation,one_contact,production,4026531840,4026531840,,1,1,6,4,1,1,3,3,8fb405d79edcc5cbea05acf61e155d942ad4761afb52578d8aedc7c1bf731123,28c94d26fff285773d75784dec03eda4c5559a5f72fbdd154fefc14835fcb988,1,1
14,2200000,3,local_modulation,one_contact,reference,4026531840,4026531840,,1,1,6,4,1,1,4,4,e0a8c077c4f74cb4f33f27a35072fa9f44a603496bddd9c315f0d68d7b35ad4d,28c94d26fff285773d75784dec03eda4c5559a5f72fbdd154fefc14835fcb988,1,1
14,2200000,3,local_modulation,one_contact,production,4026531840,4026531840,,1,1,6,4,1,1,4,4,e0a8c077c4f74cb4f33f27a35072fa9f44a603496bddd9c315f0d68d7b35ad4d,28c94d26fff285773d75784dec03eda4c5559a5f72fbdd154fefc14835fcb988,1,1
15,2200000,4,local_modulation,one_contact,reference,4026531840,4026531840,,1,1,6,4,1,1,5,5,537d5cee2242e1ee850e2a334d6ecaed9ecb78a96f977165dbc774f6ea23d968,28c94d26fff285773d75784dec03eda4c5559a5f72fbdd154fefc14835fcb988,1,1
15,2200000,4,local_modulation,one_contact,production,4026531840,4026531840,,1,1,6,4,1,1,5,5,537d5cee2242e1ee850e2a334d6ecaed9ecb78a96f977165dbc774f6ea23d968,28c94d26fff285773d75784dec03eda4c5559a5f72fbdd154fefc14835fcb988,1,1
16,2200000,5,local_modulation,one_contact,reference,4026531840,4026531840,,1,1,6,4,1,1,6,6,948213412ad0fd1a72f0f83c8e73fd2096955a6770b6933d1177943e1c1ff186,28c94d26fff285773d75784dec03eda4c5559a5f72fbdd154fefc14835fcb988,1,1
16,2200000,5,local_modulation,one_contact,production,4026531840,4026531840,,1,1,6,4,1,1,6,6,948213412ad0fd1a72f0f83c8e73fd2096955a6770b6933d1177943e1c1ff186,28c94d26fff285773d75784dec03eda4c5559a5f72fbdd154fefc14835fcb988,1,1
17,2200000,6,local_modulation,one_contact,reference,4026531840,4026531840,,1,1,6,4,1,1,7,7,2fc2cf5df0bbc96ffc5e626cac8a158610367348d606b474441374674ee6b834,28c94d26fff285773d75784dec03eda4c5559a5f72fbdd154fefc14835fcb988,1,1
17,2200000,6,local_modulation,one_contact,production,4026531840,4026531840,,1,1,6,4,1,1,7,7,2fc2cf5df0bbc96ffc5e626cac8a158610367348d606b474441374674ee6b834,28c94d26fff285773d75784dec03eda4c5559a5f72fbdd154fefc14835fcb988,1,1
18,2200000,7,local_modulation,one_contact,reference,4026531840,4026531840,,1,1,6,4,1,1,8,8,1351ac9fc3d7d2e405a6c1773a286e33591eecf92f810a30b74d993c785dd0ec,28c94d26fff285773d75784dec03eda4c5559a5f72fbdd154fefc14835fcb988,1,1
18,2200000,7,local_modulation,one_contact,production,4026531840,4026531840,,1,1,6,4,1,1,8,8,1351ac9fc3d7d2e405a6c1773a286e33591eecf92f810a30b74d993c785dd0ec,28c94d26fff285773d75784dec03eda4c5559a5f72fbdd154fefc14835fcb988,1,1
19,2200000,8,local_modulation,one_contact,reference,4026531840,4026531840,,1,1,6,4,1,1,9,9,e746901a138103b52ccb0fd53451e88cd79c4ff1a98f868f956d41774b6b4725,28c94d26fff285773d75784dec03eda4c5559a5f72fbdd154fefc14835fcb988,1,1
19,2200000,8,local_modulation,one_contact,production,4026531840,4026531840,,1,1,6,4,1,1,9,9,e746901a138103b52ccb0fd53451e88cd79c4ff1a98f868f956d41774b6b4725,28c94d26fff285773d75784dec03eda4c5559a5f72fbdd154fefc14835fcb988,1,1
20,2200000,9,local_modulation,one_contact,reference,4026531840,4026531840,,1,1,6,4,1,1,10,0,4db6fa331d10abdbe87da99cb6a73dd3a5faf5aef98252db199ca56c6229b1de,b1e8a31197eeec6883a54328a831d8fbd109ac794fb7298b07b7e399a432d798,1,1
20,2200000,9,local_modulation,one_contact,production,4026531840,4026531840,,1,1,6,4,1,1,10,0,4db6fa331d10abdbe87da99cb6a73dd3a5faf5aef98252db199ca56c6229b1de,b1e8a31197eeec6883a54328a831d8fbd109ac794fb7298b07b7e399a432d798,1,1
21,2100000,0,local_modulation,two_contacts,reference,4026531840|4026531840,0|4026531840,,0|1,0,7,5,1,1,1,1,0960a5b52b6df29a4db4eb82fab88e9c2929cd5e959305760262a8649d627cb0,d20e62a957f2b6fded22b8fb311871954ee1734b234e7fc018cbb9acc6cfbf28,1,1
21,2100000,0,local_modulation,two_contacts,production,4026531840|4026531840,0|4026531840,,0|1,0,7,5,1,1,1,1,0960a5b52b6df29a4db4eb82fab88e9c2929cd5e959305760262a8649d627cb0,d20e62a957f2b6fded22b8fb311871954ee1734b234e7fc018cbb9acc6cfbf28,1,1
22,2100000,1,local_modulation,two_contacts,reference,4026531840|4026531840,0|4026531840,,0|1,0,7,5,1,1,2,2,18aa1a78a2377cb912c9c048af2c80533126b37a2a7b62838930af2f3853af48,d20e62a957f2b6fded22b8fb311871954ee1734b234e7fc018cbb9acc6cfbf28,1,1
22,2100000,1,local_modulation,two_contacts,production,4026531840|4026531840,0|4026531840,,0|1,0,7,5,1,1,2,2,18aa1a78a2377cb912c9c048af2c80533126b37a2a7b62838930af2f3853af48,d20e62a957f2b6fded22b8fb311871954ee1734b234e7fc018cbb9acc6cfbf28,1,1
23,2100000,2,local_modulation,two_contacts,reference,4026531840|4026531840,0|4026531840,,0|1,0,7,5,1,1,3,3,ac63633a72bb46ce438c32bdafcf08cf6fd25b3b515c739f36d5ec2e194bf0d9,d20e62a957f2b6fded22b8fb311871954ee1734b234e7fc018cbb9acc6cfbf28,1,1
23,2100000,2,local_modulation,two_contacts,production,4026531840|4026531840,0|4026531840,,0|1,0,7,5,1,1,3,3,ac63633a72bb46ce438c32bdafcf08cf6fd25b3b515c739f36d5ec2e194bf0d9,d20e62a957f2b6fded22b8fb311871954ee1734b234e7fc018cbb9acc6cfbf28,1,1
24,2100000,3,local_modulation,two_contacts,reference,4026531840|4026531840,0|4026531840,,0|1,0,7,5,1,1,4,4,96c42e16a248897da83591d12ddf2618e005b0c79a7dc63906c1177132084651,d20e62a957f2b6fded22b8fb311871954ee1734b234e7fc018cbb9acc6cfbf28,1,1
24,2100000,3,local_modulation,two_contacts,production,4026531840|4026531840,0|4026531840,,0|1,0,7,5,1,1,4,4,96c42e16a248897da83591d12ddf2618e005b0c79a7dc63906c1177132084651,d20e62a957f2b6fded22b8fb311871954ee1734b234e7fc018cbb9acc6cfbf28,1,1
25,2100000,4,local_modulation,two_contacts,reference,4026531840|4026531840,0|4026531840,,0|1,0,7,5,1,1,5,5,3ca34bd13e98252a2dedd15868f679ffb47d66c8e09938f1fbe89d65882df975,d20e62a957f2b6fded22b8fb311871954ee1734b234e7fc018cbb9acc6cfbf28,1,1
25,2100000,4,local_modulation,two_contacts,production,4026531840|4026531840,0|4026531840,,0|1,0,7,5,1,1,5,5,3ca34bd13e98252a2dedd15868f679ffb47d66c8e09938f1fbe89d65882df975,d20e62a957f2b6fded22b8fb311871954ee1734b234e7fc018cbb9acc6cfbf28,1,1
26,2100000,5,local_modulation,two_contacts,reference,4026531840|4026531840,0|4026531840,,0|1,0,7,5,1,1,6,6,e6460d686892d92227476eda1d462f6a9ca6532c7a06fe858a3ce097a91002dc,d20e62a957f2b6fded22b8fb311871954ee1734b234e7fc018cbb9acc6cfbf28,1,1
26,2100000,5,local_modulation,two_contacts,production,4026531840|4026531840,0|4026531840,,0|1,0,7,5,1,1,6,6,e6460d686892d92227476eda1d462f6a9ca6532c7a06fe858a3ce097a91002dc,d20e62a957f2b6fded22b8fb311871954ee1734b234e7fc018cbb9acc6cfbf28,1,1
27,2100000,6,local_modulation,two_contacts,reference,4026531840|4026531840,0|4026531840,,0|1,0,7,5,1,1,7,7,9dd3d66b11aea32483b3490efe259a6a2b5909955da3bf8ecc2dc262aae9a193,d20e62a957f2b6fded22b8fb311871954ee1734b234e7fc018cbb9acc6cfbf28,1,1
27,2100000,6,local_modulation,two_contacts,production,4026531840|4026531840,0|4026531840,,0|1,0,7,5,1,1,7,7,9dd3d66b11aea32483b3490efe259a6a2b5909955da3bf8ecc2dc262aae9a193,d20e62a957f2b6fded22b8fb311871954ee1734b234e7fc018cbb9acc6cfbf28,1,1
28,2100000,7,local_modulation,two_contacts,reference,4026531840|4026531840,0|4026531840,,0|1,0,7,5,1,1,8,8,d19f33c3fe72a56c18d7f22a050e61f081288d9b5063520f6a3b3a4d2945ee3a,d20e62a957f2b6fded22b8fb311871954ee1734b234e7fc018cbb9acc6cfbf28,1,1
28,2100000,7,local_modulation,two_contacts,production,4026531840|4026531840,0|4026531840,,0|1,0,7,5,1,1,8,8,d19f33c3fe72a56c18d7f22a050e61f081288d9b5063520f6a3b3a4d2945ee3a,d20e62a957f2b6fded22b8fb311871954ee1734b234e7fc018cbb9acc6cfbf28,1,1
29,2100000,8,local_modulation,two_contacts,reference,4026531840|4026531840,0|4026531840,,0|1,0,7,5,1,1,9,9,ea066cda3359e5e2b3e8f2364b27b0fbf777d53bb1108c9e2a4b7a97e99b6c3b,d20e62a957f2b6fded22b8fb311871954ee1734b234e7fc018cbb9acc6cfbf28,1,1
29,2100000,8,local_modulation,two_contacts,production,4026531840|4026531840,0|4026531840,,0|1,0,7,5,1,1,9,9,ea066cda3359e5e2b3e8f2364b27b0fbf777d53bb1108c9e2a4b7a97e99b6c3b,d20e62a957f2b6fded22b8fb311871954ee1734b234e7fc018cbb9acc6cfbf28,1,1
30,2100000,9,local_modulation,two_contacts,reference,4026531840|4026531840,0|4026531840,,0|1,0,7,5,1,1,10,0,b3c2e59b0e49c3eb81e35cb97e7be823c5ea4f579129931130a936d2f0a14bee,aff14e8a679387090bebc5d899c77b73fc64e5e3db5746e6a3b8c62c4a40ff30,1,1
30,2100000,9,local_modulation,two_contacts,production,4026531840|4026531840,0|4026531840,,0|1,0,7,5,1,1,10,0,b3c2e59b0e49c3eb81e35cb97e7be823c5ea4f579129931130a936d2f0a14bee,aff14e8a679387090bebc5d899c77b73fc64e5e3db5746e6a3b8c62c4a40ff30,1,1
31,2200000,0,local_modulation,two_contacts,reference,4026531840|4026531840,0|4026531840,,0|1,0,7,5,1,1,1,1,0960a5b52b6df29a4db4eb82fab88e9c2929cd5e959305760262a8649d627cb0,b9501a975c5d197a51b675aae6ade0cb7c1dafbd86087f3d8dae7bffa0b216d4,1,1
31,2200000,0,local_modulation,two_contacts,production,4026531840|4026531840,0|4026531840,,0|1,0,7,5,1,1,1,1,0960a5b52b6df29a4db4eb82fab88e9c2929cd5e959305760262a8649d627cb0,b9501a975c5d197a51b675aae6ade0cb7c1dafbd86087f3d8dae7bffa0b216d4,1,1
32,2200000,1,local_modulation,two_contacts,reference,4026531840|4026531840,0|4026531840,,0|1,0,7,5,1,1,2,2,18aa1a78a2377cb912c9c048af2c80533126b37a2a7b62838930af2f3853af48,b9501a975c5d197a51b675aae6ade0cb7c1dafbd86087f3d8dae7bffa0b216d4,1,1
32,2200000,1,local_modulation,two_contacts,production,4026531840|4026531840,0|4026531840,,0|1,0,7,5,1,1,2,2,18aa1a78a2377cb912c9c048af2c80533126b37a2a7b62838930af2f3853af48,b9501a975c5d197a51b675aae6ade0cb7c1dafbd86087f3d8dae7bffa0b216d4,1,1
33,2200000,2,local_modulation,two_contacts,reference,4026531840|4026531840,0|4026531840,,0|1,0,7,5,1,1,3,3,ac63633a72bb46ce438c32bdafcf08cf6fd25b3b515c739f36d5ec2e194bf0d9,b9501a975c5d197a51b675aae6ade0cb7c1dafbd86087f3d8dae7bffa0b216d4,1,1
33,2200000,2,local_modulation,two_contacts,production,4026531840|4026531840,0|4026531840,,0|1,0,7,5,1,1,3,3,ac63633a72bb46ce438c32bdafcf08cf6fd25b3b515c739f36d5ec2e194bf0d9,b9501a975c5d197a51b675aae6ade0cb7c1dafbd86087f3d8dae7bffa0b216d4,1,1
34,2200000,3,local_modulation,two_contacts,reference,4026531840|4026531840,0|4026531840,,0|1,0,7,5,1,1,4,4,96c42e16a248897da83591d12ddf2618e005b0c79a7dc63906c1177132084651,b9501a975c5d197a51b675aae6ade0cb7c1dafbd86087f3d8dae7bffa0b216d4,1,1
34,2200000,3,local_modulation,two_contacts,production,4026531840|4026531840,0|4026531840,,0|1,0,7,5,1,1,4,4,96c42e16a248897da83591d12ddf2618e005b0c79a7dc63906c1177132084651,b9501a975c5d197a51b675aae6ade0cb7c1dafbd86087f3d8dae7bffa0b216d4,1,1
35,2200000,4,local_modulation,two_contacts,reference,4026531840|4026531840,0|4026531840,,0|1,0,7,5,1,1,5,5,3ca34bd13e98252a2dedd15868f679ffb47d66c8e09938f1fbe89d65882df975,b9501a975c5d197a51b675aae6ade0cb7c1dafbd86087f3d8dae7bffa0b216d4,1,1
35,2200000,4,local_modulation,two_contacts,production,4026531840|4026531840,0|4026531840,,0|1,0,7,5,1,1,5,5,3ca34bd13e98252a2dedd15868f679ffb47d66c8e09938f1fbe89d65882df975,b9501a975c5d197a51b675aae6ade0cb7c1dafbd86087f3d8dae7bffa0b216d4,1,1
36,2200000,5,local_modulation,two_contacts,reference,4026531840|4026531840,0|4026531840,,0|1,0,7,5,1,1,6,6,e6460d686892d92227476eda1d462f6a9ca6532c7a06fe858a3ce097a91002dc,b9501a975c5d197a51b675aae6ade0cb7c1dafbd86087f3d8dae7bffa0b216d4,1,1
36,2200000,5,local_modulation,two_contacts,production,4026531840|4026531840,0|4026531840,,0|1,0,7,5,1,1,6,6,e6460d686892d92227476eda1d462f6a9ca6532c7a06fe858a3ce097a91002dc,b9501a975c5d197a51b675aae6ade0cb7c1dafbd86087f3d8dae7bffa0b216d4,1,1
37,2200000,6,local_modulation,two_contacts,reference,4026531840|4026531840,0|4026531840,,0|1,0,7,5,1,1,7,7,9dd3d66b11aea32483b3490efe259a6a2b5909955da3bf8ecc2dc262aae9a193,b9501a975c5d197a51b675aae6ade0cb7c1dafbd86087f3d8dae7bffa0b216d4,1,1
37,2200000,6,local_modulation,two_contacts,production,4026531840|4026531840,0|4026531840,,0|1,0,7,5,1,1,7,7,9dd3d66b11aea32483b3490efe259a6a2b5909955da3bf8ecc2dc262aae9a193,b9501a975c5d197a51b675aae6ade0cb7c1dafbd86087f3d8dae7bffa0b216d4,1,1
38,2200000,7,local_modulation,two_contacts,reference,4026531840|4026531840,0|4026531840,,0|1,0,7,5,1,1,8,8,d19f33c3fe72a56c18d7f22a050e61f081288d9b5063520f6a3b3a4d2945ee3a,b9501a975c5d197a51b675aae6ade0cb7c1dafbd86087f3d8dae7bffa0b216d4,1,1
38,2200000,7,local_modulation,two_contacts,production,4026531840|4026531840,0|4026531840,,0|1,0,7,5,1,1,8,8,d19f33c3fe72a56c18d7f22a050e61f081288d9b5063520f6a3b3a4d2945ee3a,b9501a975c5d197a51b675aae6ade0cb7c1dafbd86087f3d8dae7bffa0b216d4,1,1
39,2200000,8,local_modulation,two_contacts,reference,4026531840|4026531840,0|4026531840,,0|1,0,7,5,1,1,9,9,ea066cda3359e5e2b3e8f2364b27b0fbf777d53bb1108c9e2a4b7a97e99b6c3b,b9501a975c5d197a51b675aae6ade0cb7c1dafbd86087f3d8dae7bffa0b216d4,1,1
39,2200000,8,local_modulation,two_contacts,production,4026531840|4026531840,0|4026531840,,0|1,0,7,5,1,1,9,9,ea066cda3359e5e2b3e8f2364b27b0fbf777d53bb1108c9e2a4b7a97e99b6c3b,b9501a975c5d197a51b675aae6ade0cb7c1dafbd86087f3d8dae7bffa0b216d4,1,1
40,2200000,9,local_modulation,two_contacts,reference,4026531840|4026531840,0|4026531840,,0|1,0,7,5,1,1,10,0,b3c2e59b0e49c3eb81e35cb97e7be823c5ea4f579129931130a936d2f0a14bee,6cdee28b43df3850559c305d53bf7630dca564d48c794118da8ec4e2485278e3,1,1
40,2200000,9,local_modulation,two_contacts,production,4026531840|4026531840,0|4026531840,,0|1,0,7,5,1,1,10,0,b3c2e59b0e49c3eb81e35cb97e7be823c5ea4f579129931130a936d2f0a14bee,6cdee28b43df3850559c305d53bf7630dca564d48c794118da8ec4e2485278e3,1,1
41,2100000,0,local_modulation,three_contacts,reference,4026531840|4026531840|4026531840,0|0|4026531840,,0|0|1,0,8,6,1,1,1,1,c47d637d4c85a645d3073ea1b8fe0f653ed22530a2105b234884c57d4c05339f,e1dfabe4ee209cea8f877e210fbe6e0b727a85eed42b4d3b91b192d622af2752,1,1
41,2100000,0,local_modulation,three_contacts,production,4026531840|4026531840|4026531840,0|0|4026531840,,0|0|1,0,8,6,1,1,1,1,c47d637d4c85a645d3073ea1b8fe0f653ed22530a2105b234884c57d4c05339f,e1dfabe4ee209cea8f877e210fbe6e0b727a85eed42b4d3b91b192d622af2752,1,1
42,2100000,1,local_modulation,three_contacts,reference,4026531840|4026531840|4026531840,0|0|4026531840,,0|0|1,0,8,6,1,1,2,2,83f00e47c629e2504d2be6d05eb39d80d40f1cdb7c713af9d6107186dc1c5539,e1dfabe4ee209cea8f877e210fbe6e0b727a85eed42b4d3b91b192d622af2752,1,1
42,2100000,1,local_modulation,three_contacts,production,4026531840|4026531840|4026531840,0|0|4026531840,,0|0|1,0,8,6,1,1,2,2,83f00e47c629e2504d2be6d05eb39d80d40f1cdb7c713af9d6107186dc1c5539,e1dfabe4ee209cea8f877e210fbe6e0b727a85eed42b4d3b91b192d622af2752,1,1
43,2100000,2,local_modulation,three_contacts,reference,4026531840|4026531840|4026531840,0|0|4026531840,,0|0|1,0,8,6,1,1,3,3,ccca852ceb86ef024a275cb19b125ec9f15dc1390769b3c2ada9a3215c4444ca,e1dfabe4ee209cea8f877e210fbe6e0b727a85eed42b4d3b91b192d622af2752,1,1
43,2100000,2,local_modulation,three_contacts,production,4026531840|4026531840|4026531840,0|0|4026531840,,0|0|1,0,8,6,1,1,3,3,ccca852ceb86ef024a275cb19b125ec9f15dc1390769b3c2ada9a3215c4444ca,e1dfabe4ee209cea8f877e210fbe6e0b727a85eed42b4d3b91b192d622af2752,1,1
44,2100000,3,local_modulation,three_contacts,reference,4026531840|4026531840|4026531840,0|0|4026531840,,0|0|1,0,8,6,1,1,4,4,9bb33b0246dce769496d9237e8f9726a722d11d90866936c43b92629cf6b584a,e1dfabe4ee209cea8f877e210fbe6e0b727a85eed42b4d3b91b192d622af2752,1,1
44,2100000,3,local_modulation,three_contacts,production,4026531840|4026531840|4026531840,0|0|4026531840,,0|0|1,0,8,6,1,1,4,4,9bb33b0246dce769496d9237e8f9726a722d11d90866936c43b92629cf6b584a,e1dfabe4ee209cea8f877e210fbe6e0b727a85eed42b4d3b91b192d622af2752,1,1
45,2100000,4,local_modulation,three_contacts,reference,4026531840|4026531840|4026531840,0|0|4026531840,,0|0|1,0,8,6,1,1,5,5,a74a3edd8fe129be46e067433802465cde2cbe6eb888cb7b64b2ffd31b34684a,e1dfabe4ee209cea8f877e210fbe6e0b727a85eed42b4d3b91b192d622af2752,1,1
45,2100000,4,local_modulation,three_contacts,production,4026531840|4026531840|4026531840,0|0|4026531840,,0|0|1,0,8,6,1,1,5,5,a74a3edd8fe129be46e067433802465cde2cbe6eb888cb7b64b2ffd31b34684a,e1dfabe4ee209cea8f877e210fbe6e0b727a85eed42b4d3b91b192d622af2752,1,1
46,2100000,5,local_modulation,three_contacts,reference,4026531840|4026531840|4026531840,0|0|4026531840,,0|0|1,0,8,6,1,1,6,6,e46f2416c1ed0152648ab3ad93a81c99bc8fc7e30caffa1de9068117a0a19511,e1dfabe4ee209cea8f877e210fbe6e0b727a85eed42b4d3b91b192d622af2752,1,1
46,2100000,5,local_modulation,three_contacts,production,4026531840|4026531840|4026531840,0|0|4026531840,,0|0|1,0,8,6,1,1,6,6,e46f2416c1ed0152648ab3ad93a81c99bc8fc7e30caffa1de9068117a0a19511,e1dfabe4ee209cea8f877e210fbe6e0b727a85eed42b4d3b91b192d622af2752,1,1
47,2100000,6,local_modulation,three_contacts,reference,4026531840|4026531840|4026531840,0|0|4026531840,,0|0|1,0,8,6,1,1,7,7,b1dab5c92cb542c90203e4a62da712357b8c1c0bb5f06d5bcf02dae92cb1972b,e1dfabe4ee209cea8f877e210fbe6e0b727a85eed42b4d3b91b192d622af2752,1,1
47,2100000,6,local_modulation,three_contacts,production,4026531840|4026531840|4026531840,0|0|4026531840,,0|0|1,0,8,6,1,1,7,7,b1dab5c92cb542c90203e4a62da712357b8c1c0bb5f06d5bcf02dae92cb1972b,e1dfabe4ee209cea8f877e210fbe6e0b727a85eed42b4d3b91b192d622af2752,1,1
48,2100000,7,local_modulation,three_contacts,reference,4026531840|4026531840|4026531840,0|0|4026531840,,0|0|1,0,8,6,1,1,8,8,450a035249d622d0acdf761110ee5772b80288a545f3e1308b96ad042c34e55e,e1dfabe4ee209cea8f877e210fbe6e0b727a85eed42b4d3b91b192d622af2752,1,1
48,2100000,7,local_modulation,three_contacts,production,4026531840|4026531840|4026531840,0|0|4026531840,,0|0|1,0,8,6,1,1,8,8,450a035249d622d0acdf761110ee5772b80288a545f3e1308b96ad042c34e55e,e1dfabe4ee209cea8f877e210fbe6e0b727a85eed42b4d3b91b192d622af2752,1,1
49,2100000,8,local_modulation,three_contacts,reference,4026531840|4026531840|4026531840,0|0|4026531840,,0|0|1,0,8,6,1,1,9,9,881158dbdb2890d09f1ec5384ce1adef4654bc2fc0a6915a8cebd58d9d00b17f,e1dfabe4ee209cea8f877e210fbe6e0b727a85eed42b4d3b91b192d622af2752,1,1
49,2100000,8,local_modulation,three_contacts,production,4026531840|4026531840|4026531840,0|0|4026531840,,0|0|1,0,8,6,1,1,9,9,881158dbdb2890d09f1ec5384ce1adef4654bc2fc0a6915a8cebd58d9d00b17f,e1dfabe4ee209cea8f877e210fbe6e0b727a85eed42b4d3b91b192d622af2752,1,1
50,2100000,9,local_modulation,three_contacts,reference,4026531840|4026531840|4026531840,0|0|4026531840,,0|0|1,0,8,6,1,1,10,0,55446400ec385433b200d56abcb8cbecb650e53fa31704c380f023413a903462,980db2a6b71cd07df75a949700c14f8280f841d9a8cf4fba34c0b652e55c13c8,1,1
50,2100000,9,local_modulation,three_contacts,production,4026531840|4026531840|4026531840,0|0|4026531840,,0|0|1,0,8,6,1,1,10,0,55446400ec385433b200d56abcb8cbecb650e53fa31704c380f023413a903462,980db2a6b71cd07df75a949700c14f8280f841d9a8cf4fba34c0b652e55c13c8,1,1
51,2200000,0,local_modulation,three_contacts,reference,4026531840|4026531840|4026531840,0|0|4026531840,,0|0|1,0,8,6,1,1,1,1,c47d637d4c85a645d3073ea1b8fe0f653ed22530a2105b234884c57d4c05339f,336a696ff5da0fa6dac22d6c7d500507deb4a5c6b909dc814f4f31ac4353149c,1,1
51,2200000,0,local_modulation,three_contacts,production,4026531840|4026531840|4026531840,0|0|4026531840,,0|0|1,0,8,6,1,1,1,1,c47d637d4c85a645d3073ea1b8fe0f653ed22530a2105b234884c57d4c05339f,336a696ff5da0fa6dac22d6c7d500507deb4a5c6b909dc814f4f31ac4353149c,1,1
52,2200000,1,local_modulation,three_contacts,reference,4026531840|4026531840|4026531840,0|0|4026531840,,0|0|1,0,8,6,1,1,2,2,83f00e47c629e2504d2be6d05eb39d80d40f1cdb7c713af9d6107186dc1c5539,336a696ff5da0fa6dac22d6c7d500507deb4a5c6b909dc814f4f31ac4353149c,1,1
52,2200000,1,local_modulation,three_contacts,production,4026531840|4026531840|4026531840,0|0|4026531840,,0|0|1,0,8,6,1,1,2,2,83f00e47c629e2504d2be6d05eb39d80d40f1cdb7c713af9d6107186dc1c5539,336a696ff5da0fa6dac22d6c7d500507deb4a5c6b909dc814f4f31ac4353149c,1,1
53,2200000,2,local_modulation,three_contacts,reference,4026531840|4026531840|4026531840,0|0|4026531840,,0|0|1,0,8,6,1,1,3,3,ccca852ceb86ef024a275cb19b125ec9f15dc1390769b3c2ada9a3215c4444ca,336a696ff5da0fa6dac22d6c7d500507deb4a5c6b909dc814f4f31ac4353149c,1,1
53,2200000,2,local_modulation,three_contacts,production,4026531840|4026531840|4026531840,0|0|4026531840,,0|0|1,0,8,6,1,1,3,3,ccca852ceb86ef024a275cb19b125ec9f15dc1390769b3c2ada9a3215c4444ca,336a696ff5da0fa6dac22d6c7d500507deb4a5c6b909dc814f4f31ac4353149c,1,1
54,2200000,3,local_modulation,three_contacts,reference,4026531840|4026531840|4026531840,0|0|4026531840,,0|0|1,0,8,6,1,1,4,4,9bb33b0246dce769496d9237e8f9726a722d11d90866936c43b92629cf6b584a,336a696ff5da0fa6dac22d6c7d500507deb4a5c6b909dc814f4f31ac4353149c,1,1
54,2200000,3,local_modulation,three_contacts,production,4026531840|4026531840|4026531840,0|0|4026531840,,0|0|1,0,8,6,1,1,4,4,9bb33b0246dce769496d9237e8f9726a722d11d90866936c43b92629cf6b584a,336a696ff5da0fa6dac22d6c7d500507deb4a5c6b909dc814f4f31ac4353149c,1,1
55,2200000,4,local_modulation,three_contacts,reference,4026531840|4026531840|4026531840,0|0|4026531840,,0|0|1,0,8,6,1,1,5,5,a74a3edd8fe129be46e067433802465cde2cbe6eb888cb7b64b2ffd31b34684a,336a696ff5da0fa6dac22d6c7d500507deb4a5c6b909dc814f4f31ac4353149c,1,1
55,2200000,4,local_modulation,three_contacts,production,4026531840|4026531840|4026531840,0|0|4026531840,,0|0|1,0,8,6,1,1,5,5,a74a3edd8fe129be46e067433802465cde2cbe6eb888cb7b64b2ffd31b34684a,336a696ff5da0fa6dac22d6c7d500507deb4a5c6b909dc814f4f31ac4353149c,1,1
56,2200000,5,local_modulation,three_contacts,reference,4026531840|4026531840|4026531840,0|0|4026531840,,0|0|1,0,8,6,1,1,6,6,e46f2416c1ed0152648ab3ad93a81c99bc8fc7e30caffa1de9068117a0a19511,336a696ff5da0fa6dac22d6c7d500507deb4a5c6b909dc814f4f31ac4353149c,1,1
56,2200000,5,local_modulation,three_contacts,production,4026531840|4026531840|4026531840,0|0|4026531840,,0|0|1,0,8,6,1,1,6,6,e46f2416c1ed0152648ab3ad93a81c99bc8fc7e30caffa1de9068117a0a19511,336a696ff5da0fa6dac22d6c7d500507deb4a5c6b909dc814f4f31ac4353149c,1,1
57,2200000,6,local_modulation,three_contacts,reference,4026531840|4026531840|4026531840,0|0|4026531840,,0|0|1,0,8,6,1,1,7,7,b1dab5c92cb542c90203e4a62da712357b8c1c0bb5f06d5bcf02dae92cb1972b,336a696ff5da0fa6dac22d6c7d500507deb4a5c6b909dc814f4f31ac4353149c,1,1
57,2200000,6,local_modulation,three_contacts,production,4026531840|4026531840|4026531840,0|0|4026531840,,0|0|1,0,8,6,1,1,7,7,b1dab5c92cb542c90203e4a62da712357b8c1c0bb5f06d5bcf02dae92cb1972b,336a696ff5da0fa6dac22d6c7d500507deb4a5c6b909dc814f4f31ac4353149c,1,1
58,2200000,7,local_modulation,three_contacts,reference,4026531840|4026531840|4026531840,0|0|4026531840,,0|0|1,0,8,6,1,1,8,8,450a035249d622d0acdf761110ee5772b80288a545f3e1308b96ad042c34e55e,336a696ff5da0fa6dac22d6c7d500507deb4a5c6b909dc814f4f31ac4353149c,1,1
58,2200000,7,local_modulation,three_contacts,production,4026531840|4026531840|4026531840,0|0|4026531840,,0|0|1,0,8,6,1,1,8,8,450a035249d622d0acdf761110ee5772b80288a545f3e1308b96ad042c34e55e,336a696ff5da0fa6dac22d6c7d500507deb4a5c6b909dc814f4f31ac4353149c,1,1
59,2200000,8,local_modulation,three_contacts,reference,4026531840|4026531840|4026531840,0|0|4026531840,,0|0|1,0,8,6,1,1,9,9,881158dbdb2890d09f1ec5384ce1adef4654bc2fc0a6915a8cebd58d9d00b17f,336a696ff5da0fa6dac22d6c7d500507deb4a5c6b909dc814f4f31ac4353149c,1,1
59,2200000,8,local_modulation,three_contacts,production,4026531840|4026531840|4026531840,0|0|4026531840,,0|0|1,0,8,6,1,1,9,9,881158dbdb2890d09f1ec5384ce1adef4654bc2fc0a6915a8cebd58d9d00b17f,336a696ff5da0fa6dac22d6c7d500507deb4a5c6b909dc814f4f31ac4353149c,1,1
60,2200000,9,local_modulation,three_contacts,reference,4026531840|4026531840|4026531840,0|0|4026531840,,0|0|1,0,8,6,1,1,10,0,55446400ec385433b200d56abcb8cbecb650e53fa31704c380f023413a903462,07cdb70939a8c556df2606ae8b15e393626581f0a9da7fb9c32d837d4f60ba04,1,1
60,2200000,9,local_modulation,three_contacts,production,4026531840|4026531840|4026531840,0|0|4026531840,,0|0|1,0,8,6,1,1,10,0,55446400ec385433b200d56abcb8cbecb650e53fa31704c380f023413a903462,07cdb70939a8c556df2606ae8b15e393626581f0a9da7fb9c32d837d4f60ba04,1,1
61,2100000,0,local_modulation,broken_chain,reference,4026531840|4026531840|4026531840,0|0|4026531840,,0|0|1,1,10,8,1,1,1,1,de6c2c6a63e74f89772005592285da73f57b36935aafde82f5f9415ab019efc6,498705a7b2ede3495194f32028ec8de56bd18353a76b7f9b81fa7d7fc8899190,1,1
61,2100000,0,local_modulation,broken_chain,production,4026531840|4026531840|4026531840,0|0|4026531840,,0|0|1,1,10,8,1,1,1,1,de6c2c6a63e74f89772005592285da73f57b36935aafde82f5f9415ab019efc6,498705a7b2ede3495194f32028ec8de56bd18353a76b7f9b81fa7d7fc8899190,1,1
62,2100000,1,local_modulation,broken_chain,reference,4026531840|4026531840|4026531840,0|0|4026531840,,0|0|1,1,10,8,1,1,2,2,b8ddde3f305de530d66d776fad10dc8b35c1831bdac8d798f55f4a06bb07e12a,498705a7b2ede3495194f32028ec8de56bd18353a76b7f9b81fa7d7fc8899190,1,1
62,2100000,1,local_modulation,broken_chain,production,4026531840|4026531840|4026531840,0|0|4026531840,,0|0|1,1,10,8,1,1,2,2,b8ddde3f305de530d66d776fad10dc8b35c1831bdac8d798f55f4a06bb07e12a,498705a7b2ede3495194f32028ec8de56bd18353a76b7f9b81fa7d7fc8899190,1,1
63,2100000,2,local_modulation,broken_chain,reference,4026531840|4026531840|4026531840,0|0|4026531840,,0|0|1,1,10,8,1,1,3,3,af9602fed10671c33e94911c706213398cacc97f2652b7a2b7fe99ed615e8642,498705a7b2ede3495194f32028ec8de56bd18353a76b7f9b81fa7d7fc8899190,1,1
63,2100000,2,local_modulation,broken_chain,production,4026531840|4026531840|4026531840,0|0|4026531840,,0|0|1,1,10,8,1,1,3,3,af9602fed10671c33e94911c706213398cacc97f2652b7a2b7fe99ed615e8642,498705a7b2ede3495194f32028ec8de56bd18353a76b7f9b81fa7d7fc8899190,1,1
64,2100000,3,local_modulation,broken_chain,reference,4026531840|4026531840|4026531840,0|0|4026531840,,0|0|1,1,10,8,1,1,4,4,95b3162788110241bbf522eb40aac43beef490955964a2194f7a3f92263c44ee,498705a7b2ede3495194f32028ec8de56bd18353a76b7f9b81fa7d7fc8899190,1,1
64,2100000,3,local_modulation,broken_chain,production,4026531840|4026531840|4026531840,0|0|4026531840,,0|0|1,1,10,8,1,1,4,4,95b3162788110241bbf522eb40aac43beef490955964a2194f7a3f92263c44ee,498705a7b2ede3495194f32028ec8de56bd18353a76b7f9b81fa7d7fc8899190,1,1
65,2100000,4,local_modulation,broken_chain,reference,4026531840|4026531840|4026531840,0|0|4026531840,,0|0|1,1,10,8,1,1,5,5,b0cb168511a7ed03ffaf942836d8efe93133de1959b22ebac3acae4a0748e58e,498705a7b2ede3495194f32028ec8de56bd18353a76b7f9b81fa7d7fc8899190,1,1
65,2100000,4,local_modulation,broken_chain,production,4026531840|4026531840|4026531840,0|0|4026531840,,0|0|1,1,10,8,1,1,5,5,b0cb168511a7ed03ffaf942836d8efe93133de1959b22ebac3acae4a0748e58e,498705a7b2ede3495194f32028ec8de56bd18353a76b7f9b81fa7d7fc8899190,1,1
66,2100000,5,local_modulation,broken_chain,reference,4026531840|4026531840|4026531840,0|0|4026531840,,0|0|1,1,10,8,1,1,6,6,b0c4d1eb58df9b546715f1efa44a020ef7d619f58387d95a304772179b1f4f70,498705a7b2ede3495194f32028ec8de56bd18353a76b7f9b81fa7d7fc8899190,1,1
66,2100000,5,local_modulation,broken_chain,production,4026531840|4026531840|4026531840,0|0|4026531840,,0|0|1,1,10,8,1,1,6,6,b0c4d1eb58df9b546715f1efa44a020ef7d619f58387d95a304772179b1f4f70,498705a7b2ede3495194f32028ec8de56bd18353a76b7f9b81fa7d7fc8899190,1,1
67,2100000,6,local_modulation,broken_chain,reference,4026531840|4026531840|4026531840,0|0|4026531840,,0|0|1,1,10,8,1,1,7,7,991d8dcc3734dc504d59ee9469fac520007585153b54e1798a6e88d8df87d790,498705a7b2ede3495194f32028ec8de56bd18353a76b7f9b81fa7d7fc8899190,1,1
67,2100000,6,local_modulation,broken_chain,production,4026531840|4026531840|4026531840,0|0|4026531840,,0|0|1,1,10,8,1,1,7,7,991d8dcc3734dc504d59ee9469fac520007585153b54e1798a6e88d8df87d790,498705a7b2ede3495194f32028ec8de56bd18353a76b7f9b81fa7d7fc8899190,1,1
68,2100000,7,local_modulation,broken_chain,reference,4026531840|4026531840|4026531840,0|0|4026531840,,0|0|1,1,10,8,1,1,8,8,33258ddb225ecb3933c5339c38bf458b313594c7fdb757888bcb860aedb5d995,498705a7b2ede3495194f32028ec8de56bd18353a76b7f9b81fa7d7fc8899190,1,1
68,2100000,7,local_modulation,broken_chain,production,4026531840|4026531840|4026531840,0|0|4026531840,,0|0|1,1,10,8,1,1,8,8,33258ddb225ecb3933c5339c38bf458b313594c7fdb757888bcb860aedb5d995,498705a7b2ede3495194f32028ec8de56bd18353a76b7f9b81fa7d7fc8899190,1,1
69,2100000,8,local_modulation,broken_chain,reference,4026531840|4026531840|4026531840,0|0|4026531840,,0|0|1,1,10,8,1,1,9,9,455fd1a2fa9cdfb2c475845fa5f9233f88de44801f336c4d6df31fc3acdb36fb,498705a7b2ede3495194f32028ec8de56bd18353a76b7f9b81fa7d7fc8899190,1,1
69,2100000,8,local_modulation,broken_chain,production,4026531840|4026531840|4026531840,0|0|4026531840,,0|0|1,1,10,8,1,1,9,9,455fd1a2fa9cdfb2c475845fa5f9233f88de44801f336c4d6df31fc3acdb36fb,498705a7b2ede3495194f32028ec8de56bd18353a76b7f9b81fa7d7fc8899190,1,1
70,2100000,9,local_modulation,broken_chain,reference,4026531840|4026531840|4026531840,0|0|4026531840,,0|0|1,1,10,8,1,1,10,0,c0579fb39e715ac143d08bb29109f934800cc0fa90f7b5e3850dd4f489a50f42,50c55f2bfb2d7a144caa28d40bfaeadd5443c97872aff2e8b2ac606370a3eda6,1,1
70,2100000,9,local_modulation,broken_chain,production,4026531840|4026531840|4026531840,0|0|4026531840,,0|0|1,1,10,8,1,1,10,0,c0579fb39e715ac143d08bb29109f934800cc0fa90f7b5e3850dd4f489a50f42,50c55f2bfb2d7a144caa28d40bfaeadd5443c97872aff2e8b2ac606370a3eda6,1,1
71,2200000,0,local_modulation,broken_chain,reference,4026531840|4026531840|4026531840,0|0|4026531840,,0|0|1,1,10,8,1,1,1,1,de6c2c6a63e74f89772005592285da73f57b36935aafde82f5f9415ab019efc6,16451db55e5de9931ecd4e4b44575f706f31649a7ebf7b20820d211dd530cf05,1,1
71,2200000,0,local_modulation,broken_chain,production,4026531840|4026531840|4026531840,0|0|4026531840,,0|0|1,1,10,8,1,1,1,1,de6c2c6a63e74f89772005592285da73f57b36935aafde82f5f9415ab019efc6,16451db55e5de9931ecd4e4b44575f706f31649a7ebf7b20820d211dd530cf05,1,1
72,2200000,1,local_modulation,broken_chain,reference,4026531840|4026531840|4026531840,0|0|4026531840,,0|0|1,1,10,8,1,1,2,2,b8ddde3f305de530d66d776fad10dc8b35c1831bdac8d798f55f4a06bb07e12a,16451db55e5de9931ecd4e4b44575f706f31649a7ebf7b20820d211dd530cf05,1,1
72,2200000,1,local_modulation,broken_chain,production,4026531840|4026531840|4026531840,0|0|4026531840,,0|0|1,1,10,8,1,1,2,2,b8ddde3f305de530d66d776fad10dc8b35c1831bdac8d798f55f4a06bb07e12a,16451db55e5de9931ecd4e4b44575f706f31649a7ebf7b20820d211dd530cf05,1,1
73,2200000,2,local_modulation,broken_chain,reference,4026531840|4026531840|4026531840,0|0|4026531840,,0|0|1,1,10,8,1,1,3,3,af9602fed10671c33e94911c706213398cacc97f2652b7a2b7fe99ed615e8642,16451db55e5de9931ecd4e4b44575f706f31649a7ebf7b20820d211dd530cf05,1,1
73,2200000,2,local_modulation,broken_chain,production,4026531840|4026531840|4026531840,0|0|4026531840,,0|0|1,1,10,8,1,1,3,3,af9602fed10671c33e94911c706213398cacc97f2652b7a2b7fe99ed615e8642,16451db55e5de9931ecd4e4b44575f706f31649a7ebf7b20820d211dd530cf05,1,1
74,2200000,3,local_modulation,broken_chain,reference,4026531840|4026531840|4026531840,0|0|4026531840,,0|0|1,1,10,8,1,1,4,4,95b3162788110241bbf522eb40aac43beef490955964a2194f7a3f92263c44ee,16451db55e5de9931ecd4e4b44575f706f31649a7ebf7b20820d211dd530cf05,1,1
74,2200000,3,local_modulation,broken_chain,production,4026531840|4026531840|4026531840,0|0|4026531840,,0|0|1,1,10,8,1,1,4,4,95b3162788110241bbf522eb40aac43beef490955964a2194f7a3f92263c44ee,16451db55e5de9931ecd4e4b44575f706f31649a7ebf7b20820d211dd530cf05,1,1
75,2200000,4,local_modulation,broken_chain,reference,4026531840|4026531840|4026531840,0|0|4026531840,,0|0|1,1,10,8,1,1,5,5,b0cb168511a7ed03ffaf942836d8efe93133de1959b22ebac3acae4a0748e58e,16451db55e5de9931ecd4e4b44575f706f31649a7ebf7b20820d211dd530cf05,1,1
75,2200000,4,local_modulation,broken_chain,production,4026531840|4026531840|4026531840,0|0|4026531840,,0|0|1,1,10,8,1,1,5,5,b0cb168511a7ed03ffaf942836d8efe93133de1959b22ebac3acae4a0748e58e,16451db55e5de9931ecd4e4b44575f706f31649a7ebf7b20820d211dd530cf05,1,1
76,2200000,5,local_modulation,broken_chain,reference,4026531840|4026531840|4026531840,0|0|4026531840,,0|0|1,1,10,8,1,1,6,6,b0c4d1eb58df9b546715f1efa44a020ef7d619f58387d95a304772179b1f4f70,16451db55e5de9931ecd4e4b44575f706f31649a7ebf7b20820d211dd530cf05,1,1
76,2200000,5,local_modulation,broken_chain,production,4026531840|4026531840|4026531840,0|0|4026531840,,0|0|1,1,10,8,1,1,6,6,b0c4d1eb58df9b546715f1efa44a020ef7d619f58387d95a304772179b1f4f70,16451db55e5de9931ecd4e4b44575f706f31649a7ebf7b20820d211dd530cf05,1,1
77,2200000,6,local_modulation,broken_chain,reference,4026531840|4026531840|4026531840,0|0|4026531840,,0|0|1,1,10,8,1,1,7,7,991d8dcc3734dc504d59ee9469fac520007585153b54e1798a6e88d8df87d790,16451db55e5de9931ecd4e4b44575f706f31649a7ebf7b20820d211dd530cf05,1,1
77,2200000,6,local_modulation,broken_chain,production,4026531840|4026531840|4026531840,0|0|4026531840,,0|0|1,1,10,8,1,1,7,7,991d8dcc3734dc504d59ee9469fac520007585153b54e1798a6e88d8df87d790,16451db55e5de9931ecd4e4b44575f706f31649a7ebf7b20820d211dd530cf05,1,1
78,2200000,7,local_modulation,broken_chain,reference,4026531840|4026531840|4026531840,0|0|4026531840,,0|0|1,1,10,8,1,1,8,8,33258ddb225ecb3933c5339c38bf458b313594c7fdb757888bcb860aedb5d995,16451db55e5de9931ecd4e4b44575f706f31649a7ebf7b20820d211dd530cf05,1,1
78,2200000,7,local_modulation,broken_chain,production,4026531840|4026531840|4026531840,0|0|4026531840,,0|0|1,1,10,8,1,1,8,8,33258ddb225ecb3933c5339c38bf458b313594c7fdb757888bcb860aedb5d995,16451db55e5de9931ecd4e4b44575f706f31649a7ebf7b20820d211dd530cf05,1,1
79,2200000,8,local_modulation,broken_chain,reference,4026531840|4026531840|4026531840,0|0|4026531840,,0|0|1,1,10,8,1,1,9,9,455fd1a2fa9cdfb2c475845fa5f9233f88de44801f336c4d6df31fc3acdb36fb,16451db55e5de9931ecd4e4b44575f706f31649a7ebf7b20820d211dd530cf05,1,1
79,2200000,8,local_modulation,broken_chain,production,4026531840|4026531840|4026531840,0|0|4026531840,,0|0|1,1,10,8,1,1,9,9,455fd1a2fa9cdfb2c475845fa5f9233f88de44801f336c4d6df31fc3acdb36fb,16451db55e5de9931ecd4e4b44575f706f31649a7ebf7b20820d211dd530cf05,1,1
80,2200000,9,local_modulation,broken_chain,reference,4026531840|4026531840|4026531840,0|0|4026531840,,0|0|1,1,10,8,1,1,10,0,c0579fb39e715ac143d08bb29109f934800cc0fa90f7b5e3850dd4f489a50f42,3646cc6511b41b5bf355769eaec9811dbe8e16720eb56d4c44a6f9859d6876f5,1,1
80,2200000,9,local_modulation,broken_chain,production,4026531840|4026531840|4026531840,0|0|4026531840,,0|0|1,1,10,8,1,1,10,0,c0579fb39e715ac143d08bb29109f934800cc0fa90f7b5e3850dd4f489a50f42,3646cc6511b41b5bf355769eaec9811dbe8e16720eb56d4c44a6f9859d6876f5,1,1
81,2100000,0,local_modulation,unused_intermediate,reference,4026531840|0|4026531840,0|0|4026531840,,0|0|1,1,9,7,1,1,1,1,0eecef15d95ed732ac7095326e2d5f84e6597da11910cb98680a702cee1f17cc,8c6a0b35c6638ce632ae0ce23393ab888dd50ed038656f15bc412e71ab9380ee,1,1
81,2100000,0,local_modulation,unused_intermediate,production,4026531840|0|4026531840,0|0|4026531840,,0|0|1,1,9,7,1,1,1,1,0eecef15d95ed732ac7095326e2d5f84e6597da11910cb98680a702cee1f17cc,8c6a0b35c6638ce632ae0ce23393ab888dd50ed038656f15bc412e71ab9380ee,1,1
82,2100000,1,local_modulation,unused_intermediate,reference,4026531840|0|4026531840,0|0|4026531840,,0|0|1,1,9,7,1,1,2,2,b1b1e006bc78e4288b8ce5421113ec790ac80ac72ac63dc1f8a26c266dacd62a,8c6a0b35c6638ce632ae0ce23393ab888dd50ed038656f15bc412e71ab9380ee,1,1
82,2100000,1,local_modulation,unused_intermediate,production,4026531840|0|4026531840,0|0|4026531840,,0|0|1,1,9,7,1,1,2,2,b1b1e006bc78e4288b8ce5421113ec790ac80ac72ac63dc1f8a26c266dacd62a,8c6a0b35c6638ce632ae0ce23393ab888dd50ed038656f15bc412e71ab9380ee,1,1
83,2100000,2,local_modulation,unused_intermediate,reference,4026531840|0|4026531840,0|0|4026531840,,0|0|1,1,9,7,1,1,3,3,1d554f46e85c235bb00f1e459c90b4bdac845b595571b60b183a8a3a47574df3,8c6a0b35c6638ce632ae0ce23393ab888dd50ed038656f15bc412e71ab9380ee,1,1
83,2100000,2,local_modulation,unused_intermediate,production,4026531840|0|4026531840,0|0|4026531840,,0|0|1,1,9,7,1,1,3,3,1d554f46e85c235bb00f1e459c90b4bdac845b595571b60b183a8a3a47574df3,8c6a0b35c6638ce632ae0ce23393ab888dd50ed038656f15bc412e71ab9380ee,1,1
84,2100000,3,local_modulation,unused_intermediate,reference,4026531840|0|4026531840,0|0|4026531840,,0|0|1,1,9,7,1,1,4,4,ef67b8bb5fadace91eda9d9cd7253e291315fc0f63a74d01ddc65da72d4b0ec0,8c6a0b35c6638ce632ae0ce23393ab888dd50ed038656f15bc412e71ab9380ee,1,1
84,2100000,3,local_modulation,unused_intermediate,production,4026531840|0|4026531840,0|0|4026531840,,0|0|1,1,9,7,1,1,4,4,ef67b8bb5fadace91eda9d9cd7253e291315fc0f63a74d01ddc65da72d4b0ec0,8c6a0b35c6638ce632ae0ce23393ab888dd50ed038656f15bc412e71ab9380ee,1,1
85,2100000,4,local_modulation,unused_intermediate,reference,4026531840|0|4026531840,0|0|4026531840,,0|0|1,1,9,7,1,1,5,5,41a0cdac205c06a9c84d333f440365da8d48bcb0976031d761c5c6b4f9533b96,8c6a0b35c6638ce632ae0ce23393ab888dd50ed038656f15bc412e71ab9380ee,1,1
85,2100000,4,local_modulation,unused_intermediate,production,4026531840|0|4026531840,0|0|4026531840,,0|0|1,1,9,7,1,1,5,5,41a0cdac205c06a9c84d333f440365da8d48bcb0976031d761c5c6b4f9533b96,8c6a0b35c6638ce632ae0ce23393ab888dd50ed038656f15bc412e71ab9380ee,1,1
86,2100000,5,local_modulation,unused_intermediate,reference,4026531840|0|4026531840,0|0|4026531840,,0|0|1,1,9,7,1,1,6,6,ba048ff96ac56ad5097ae3616138542963ac18942be8e91661d30f653ba66d38,8c6a0b35c6638ce632ae0ce23393ab888dd50ed038656f15bc412e71ab9380ee,1,1
86,2100000,5,local_modulation,unused_intermediate,production,4026531840|0|4026531840,0|0|4026531840,,0|0|1,1,9,7,1,1,6,6,ba048ff96ac56ad5097ae3616138542963ac18942be8e91661d30f653ba66d38,8c6a0b35c6638ce632ae0ce23393ab888dd50ed038656f15bc412e71ab9380ee,1,1
87,2100000,6,local_modulation,unused_intermediate,reference,4026531840|0|4026531840,0|0|4026531840,,0|0|1,1,9,7,1,1,7,7,9b3615335df69475dabb806167ebe0c9f7e3385d6ace7bb61de58a52212208ff,8c6a0b35c6638ce632ae0ce23393ab888dd50ed038656f15bc412e71ab9380ee,1,1
87,2100000,6,local_modulation,unused_intermediate,production,4026531840|0|4026531840,0|0|4026531840,,0|0|1,1,9,7,1,1,7,7,9b3615335df69475dabb806167ebe0c9f7e3385d6ace7bb61de58a52212208ff,8c6a0b35c6638ce632ae0ce23393ab888dd50ed038656f15bc412e71ab9380ee,1,1
88,2100000,7,local_modulation,unused_intermediate,reference,4026531840|0|4026531840,0|0|4026531840,,0|0|1,1,9,7,1,1,8,8,6f922bb6a8f04da4fe18aecb16940ed94ba80c3152ccb2b9a4d71eb3bfd88c96,8c6a0b35c6638ce632ae0ce23393ab888dd50ed038656f15bc412e71ab9380ee,1,1
88,2100000,7,local_modulation,unused_intermediate,production,4026531840|0|4026531840,0|0|4026531840,,0|0|1,1,9,7,1,1,8,8,6f922bb6a8f04da4fe18aecb16940ed94ba80c3152ccb2b9a4d71eb3bfd88c96,8c6a0b35c6638ce632ae0ce23393ab888dd50ed038656f15bc412e71ab9380ee,1,1
89,2100000,8,local_modulation,unused_intermediate,reference,4026531840|0|4026531840,0|0|4026531840,,0|0|1,1,9,7,1,1,9,9,f8f7d8b60174ac0cab34fe7834116e11104e7fa7c937d8693e545d52726251f7,8c6a0b35c6638ce632ae0ce23393ab888dd50ed038656f15bc412e71ab9380ee,1,1
89,2100000,8,local_modulation,unused_intermediate,production,4026531840|0|4026531840,0|0|4026531840,,0|0|1,1,9,7,1,1,9,9,f8f7d8b60174ac0cab34fe7834116e11104e7fa7c937d8693e545d52726251f7,8c6a0b35c6638ce632ae0ce23393ab888dd50ed038656f15bc412e71ab9380ee,1,1
90,2100000,9,local_modulation,unused_intermediate,reference,4026531840|0|4026531840,0|0|4026531840,,0|0|1,1,9,7,1,1,10,0,286484e91d414241b2210f799643e60df213c919cca394cb5378df9ab5003147,14b1b55a50019fd40c0b2f48fca377844ff6e42d63d735f1eb560fad1c278344,1,1
90,2100000,9,local_modulation,unused_intermediate,production,4026531840|0|4026531840,0|0|4026531840,,0|0|1,1,9,7,1,1,10,0,286484e91d414241b2210f799643e60df213c919cca394cb5378df9ab5003147,14b1b55a50019fd40c0b2f48fca377844ff6e42d63d735f1eb560fad1c278344,1,1
91,2200000,0,local_modulation,unused_intermediate,reference,4026531840|0|4026531840,0|0|4026531840,,0|0|1,1,9,7,1,1,1,1,0eecef15d95ed732ac7095326e2d5f84e6597da11910cb98680a702cee1f17cc,1ec002c9a8b90795b74bef14fda9acecb2e7536b6faa5f4b7dd6b47c6e191342,1,1
91,2200000,0,local_modulation,unused_intermediate,production,4026531840|0|4026531840,0|0|4026531840,,0|0|1,1,9,7,1,1,1,1,0eecef15d95ed732ac7095326e2d5f84e6597da11910cb98680a702cee1f17cc,1ec002c9a8b90795b74bef14fda9acecb2e7536b6faa5f4b7dd6b47c6e191342,1,1
92,2200000,1,local_modulation,unused_intermediate,reference,4026531840|0|4026531840,0|0|4026531840,,0|0|1,1,9,7,1,1,2,2,b1b1e006bc78e4288b8ce5421113ec790ac80ac72ac63dc1f8a26c266dacd62a,1ec002c9a8b90795b74bef14fda9acecb2e7536b6faa5f4b7dd6b47c6e191342,1,1
92,2200000,1,local_modulation,unused_intermediate,production,4026531840|0|4026531840,0|0|4026531840,,0|0|1,1,9,7,1,1,2,2,b1b1e006bc78e4288b8ce5421113ec790ac80ac72ac63dc1f8a26c266dacd62a,1ec002c9a8b90795b74bef14fda9acecb2e7536b6faa5f4b7dd6b47c6e191342,1,1
93,2200000,2,local_modulation,unused_intermediate,reference,4026531840|0|4026531840,0|0|4026531840,,0|0|1,1,9,7,1,1,3,3,1d554f46e85c235bb00f1e459c90b4bdac845b595571b60b183a8a3a47574df3,1ec002c9a8b90795b74bef14fda9acecb2e7536b6faa5f4b7dd6b47c6e191342,1,1
93,2200000,2,local_modulation,unused_intermediate,production,4026531840|0|4026531840,0|0|4026531840,,0|0|1,1,9,7,1,1,3,3,1d554f46e85c235bb00f1e459c90b4bdac845b595571b60b183a8a3a47574df3,1ec002c9a8b90795b74bef14fda9acecb2e7536b6faa5f4b7dd6b47c6e191342,1,1
94,2200000,3,local_modulation,unused_intermediate,reference,4026531840|0|4026531840,0|0|4026531840,,0|0|1,1,9,7,1,1,4,4,ef67b8bb5fadace91eda9d9cd7253e291315fc0f63a74d01ddc65da72d4b0ec0,1ec002c9a8b90795b74bef14fda9acecb2e7536b6faa5f4b7dd6b47c6e191342,1,1
94,2200000,3,local_modulation,unused_intermediate,production,4026531840|0|4026531840,0|0|4026531840,,0|0|1,1,9,7,1,1,4,4,ef67b8bb5fadace91eda9d9cd7253e291315fc0f63a74d01ddc65da72d4b0ec0,1ec002c9a8b90795b74bef14fda9acecb2e7536b6faa5f4b7dd6b47c6e191342,1,1
95,2200000,4,local_modulation,unused_intermediate,reference,4026531840|0|4026531840,0|0|4026531840,,0|0|1,1,9,7,1,1,5,5,41a0cdac205c06a9c84d333f440365da8d48bcb0976031d761c5c6b4f9533b96,1ec002c9a8b90795b74bef14fda9acecb2e7536b6faa5f4b7dd6b47c6e191342,1,1
95,2200000,4,local_modulation,unused_intermediate,production,4026531840|0|4026531840,0|0|4026531840,,0|0|1,1,9,7,1,1,5,5,41a0cdac205c06a9c84d333f440365da8d48bcb0976031d761c5c6b4f9533b96,1ec002c9a8b90795b74bef14fda9acecb2e7536b6faa5f4b7dd6b47c6e191342,1,1
96,2200000,5,local_modulation,unused_intermediate,reference,4026531840|0|4026531840,0|0|4026531840,,0|0|1,1,9,7,1,1,6,6,ba048ff96ac56ad5097ae3616138542963ac18942be8e91661d30f653ba66d38,1ec002c9a8b90795b74bef14fda9acecb2e7536b6faa5f4b7dd6b47c6e191342,1,1
96,2200000,5,local_modulation,unused_intermediate,production,4026531840|0|4026531840,0|0|4026531840,,0|0|1,1,9,7,1,1,6,6,ba048ff96ac56ad5097ae3616138542963ac18942be8e91661d30f653ba66d38,1ec002c9a8b90795b74bef14fda9acecb2e7536b6faa5f4b7dd6b47c6e191342,1,1
97,2200000,6,local_modulation,unused_intermediate,reference,4026531840|0|4026531840,0|0|4026531840,,0|0|1,1,9,7,1,1,7,7,9b3615335df69475dabb806167ebe0c9f7e3385d6ace7bb61de58a52212208ff,1ec002c9a8b90795b74bef14fda9acecb2e7536b6faa5f4b7dd6b47c6e191342,1,1
97,2200000,6,local_modulation,unused_intermediate,production,4026531840|0|4026531840,0|0|4026531840,,0|0|1,1,9,7,1,1,7,7,9b3615335df69475dabb806167ebe0c9f7e3385d6ace7bb61de58a52212208ff,1ec002c9a8b90795b74bef14fda9acecb2e7536b6faa5f4b7dd6b47c6e191342,1,1
98,2200000,7,local_modulation,unused_intermediate,reference,4026531840|0|4026531840,0|0|4026531840,,0|0|1,1,9,7,1,1,8,8,6f922bb6a8f04da4fe18aecb16940ed94ba80c3152ccb2b9a4d71eb3bfd88c96,1ec002c9a8b90795b74bef14fda9acecb2e7536b6faa5f4b7dd6b47c6e191342,1,1
98,2200000,7,local_modulation,unused_intermediate,production,4026531840|0|4026531840,0|0|4026531840,,0|0|1,1,9,7,1,1,8,8,6f922bb6a8f04da4fe18aecb16940ed94ba80c3152ccb2b9a4d71eb3bfd88c96,1ec002c9a8b90795b74bef14fda9acecb2e7536b6faa5f4b7dd6b47c6e191342,1,1
99,2200000,8,local_modulation,unused_intermediate,reference,4026531840|0|4026531840,0|0|4026531840,,0|0|1,1,9,7,1,1,9,9,f8f7d8b60174ac0cab34fe7834116e11104e7fa7c937d8693e545d52726251f7,1ec002c9a8b90795b74bef14fda9acecb2e7536b6faa5f4b7dd6b47c6e191342,1,1
99,2200000,8,local_modulation,unused_intermediate,production,4026531840|0|4026531840,0|0|4026531840,,0|0|1,1,9,7,1,1,9,9,f8f7d8b60174ac0cab34fe7834116e11104e7fa7c937d8693e545d52726251f7,1ec002c9a8b90795b74bef14fda9acecb2e7536b6faa5f4b7dd6b47c6e191342,1,1
100,2200000,9,local_modulation,unused_intermediate,reference,4026531840|0|4026531840,0|0|4026531840,,0|0|1,1,9,7,1,1,10,0,286484e91d414241b2210f799643e60df213c919cca394cb5378df9ab5003147,ce4e7d980162b51572cc5011aef0360c46b76c288f974d5d3a2f36e81d8432be,1,1
100,2200000,9,local_modulation,unused_intermediate,production,4026531840|0|4026531840,0|0|4026531840,,0|0|1,1,9,7,1,1,10,0,286484e91d414241b2210f799643e60df213c919cca394cb5378df9ab5003147,ce4e7d980162b51572cc5011aef0360c46b76c288f974d5d3a2f36e81d8432be,1,1
101,2100000,0,local_modulation,parallel_distractor,reference,4026531840|4026531840,0|4026531840,0|0,0|1,0,11,9,1,1,1,1,e36b621b0fed511978257f490b38aa0aa896cabcc2b8141f70838c4c69502191,fd1a920f746cdcf4775d4d905e904fc9e21bd0f8331c5872240b6dc2c2836096,1,1
101,2100000,0,local_modulation,parallel_distractor,production,4026531840|4026531840,0|4026531840,0|0,0|1,0,11,9,1,1,1,1,e36b621b0fed511978257f490b38aa0aa896cabcc2b8141f70838c4c69502191,fd1a920f746cdcf4775d4d905e904fc9e21bd0f8331c5872240b6dc2c2836096,1,1
102,2100000,1,local_modulation,parallel_distractor,reference,4026531840|4026531840,0|4026531840,0|0,0|1,0,11,9,1,1,2,2,ab294e5665b1912b752985e8c0dfbeccccaa64a14ceba319b8f98ee446b0b398,fd1a920f746cdcf4775d4d905e904fc9e21bd0f8331c5872240b6dc2c2836096,1,1
102,2100000,1,local_modulation,parallel_distractor,production,4026531840|4026531840,0|4026531840,0|0,0|1,0,11,9,1,1,2,2,ab294e5665b1912b752985e8c0dfbeccccaa64a14ceba319b8f98ee446b0b398,fd1a920f746cdcf4775d4d905e904fc9e21bd0f8331c5872240b6dc2c2836096,1,1
103,2100000,2,local_modulation,parallel_distractor,reference,4026531840|4026531840,0|4026531840,0|0,0|1,0,11,9,1,1,3,3,c259d1e032c92f5c914c220c7fae57b37cfeeff0853a0bf30eec0ae72bc59c2a,fd1a920f746cdcf4775d4d905e904fc9e21bd0f8331c5872240b6dc2c2836096,1,1
103,2100000,2,local_modulation,parallel_distractor,production,4026531840|4026531840,0|4026531840,0|0,0|1,0,11,9,1,1,3,3,c259d1e032c92f5c914c220c7fae57b37cfeeff0853a0bf30eec0ae72bc59c2a,fd1a920f746cdcf4775d4d905e904fc9e21bd0f8331c5872240b6dc2c2836096,1,1
104,2100000,3,local_modulation,parallel_distractor,reference,4026531840|4026531840,0|4026531840,0|0,0|1,0,11,9,1,1,4,4,b75649e53fddaa0546f9039909ee60ea8d5af3bf25b8026fd38c47ff7e1d157a,fd1a920f746cdcf4775d4d905e904fc9e21bd0f8331c5872240b6dc2c2836096,1,1
104,2100000,3,local_modulation,parallel_distractor,production,4026531840|4026531840,0|4026531840,0|0,0|1,0,11,9,1,1,4,4,b75649e53fddaa0546f9039909ee60ea8d5af3bf25b8026fd38c47ff7e1d157a,fd1a920f746cdcf4775d4d905e904fc9e21bd0f8331c5872240b6dc2c2836096,1,1
105,2100000,4,local_modulation,parallel_distractor,reference,4026531840|4026531840,0|4026531840,0|0,0|1,0,11,9,1,1,5,5,3f03346010e453302ad30920659846379ace62756fdb1db3d84f3ee1c5db0cdb,fd1a920f746cdcf4775d4d905e904fc9e21bd0f8331c5872240b6dc2c2836096,1,1
105,2100000,4,local_modulation,parallel_distractor,production,4026531840|4026531840,0|4026531840,0|0,0|1,0,11,9,1,1,5,5,3f03346010e453302ad30920659846379ace62756fdb1db3d84f3ee1c5db0cdb,fd1a920f746cdcf4775d4d905e904fc9e21bd0f8331c5872240b6dc2c2836096,1,1
106,2100000,5,local_modulation,parallel_distractor,reference,4026531840|4026531840,0|4026531840,0|0,0|1,0,11,9,1,1,6,6,1ba1bb6dd40a9d3d9778a9f98cd6e398971e7ded65a0f51b6504ed1ae95c4746,fd1a920f746cdcf4775d4d905e904fc9e21bd0f8331c5872240b6dc2c2836096,1,1
106,2100000,5,local_modulation,parallel_distractor,production,4026531840|4026531840,0|4026531840,0|0,0|1,0,11,9,1,1,6,6,1ba1bb6dd40a9d3d9778a9f98cd6e398971e7ded65a0f51b6504ed1ae95c4746,fd1a920f746cdcf4775d4d905e904fc9e21bd0f8331c5872240b6dc2c2836096,1,1
107,2100000,6,local_modulation,parallel_distractor,reference,4026531840|4026531840,0|4026531840,0|0,0|1,0,11,9,1,1,7,7,e8db6ca0587c44a5d6b902f46419434e13c98f8f3941137a93902aada397e272,fd1a920f746cdcf4775d4d905e904fc9e21bd0f8331c5872240b6dc2c2836096,1,1
107,2100000,6,local_modulation,parallel_distractor,production,4026531840|4026531840,0|4026531840,0|0,0|1,0,11,9,1,1,7,7,e8db6ca0587c44a5d6b902f46419434e13c98f8f3941137a93902aada397e272,fd1a920f746cdcf4775d4d905e904fc9e21bd0f8331c5872240b6dc2c2836096,1,1
108,2100000,7,local_modulation,parallel_distractor,reference,4026531840|4026531840,0|4026531840,0|0,0|1,0,11,9,1,1,8,8,bd75eceb123a3d3696eaa8316338c1ef752959d2e54b53dd4a6868ad1642d65a,fd1a920f746cdcf4775d4d905e904fc9e21bd0f8331c5872240b6dc2c2836096,1,1
108,2100000,7,local_modulation,parallel_distractor,production,4026531840|4026531840,0|4026531840,0|0,0|1,0,11,9,1,1,8,8,bd75eceb123a3d3696eaa8316338c1ef752959d2e54b53dd4a6868ad1642d65a,fd1a920f746cdcf4775d4d905e904fc9e21bd0f8331c5872240b6dc2c2836096,1,1
109,2100000,8,local_modulation,parallel_distractor,reference,4026531840|4026531840,0|4026531840,0|0,0|1,0,11,9,1,1,9,9,16f67e445118b4a7a7d9c5177460b24a59563a0c16c02a21cf833a170f0d1eef,fd1a920f746cdcf4775d4d905e904fc9e21bd0f8331c5872240b6dc2c2836096,1,1
109,2100000,8,local_modulation,parallel_distractor,production,4026531840|4026531840,0|4026531840,0|0,0|1,0,11,9,1,1,9,9,16f67e445118b4a7a7d9c5177460b24a59563a0c16c02a21cf833a170f0d1eef,fd1a920f746cdcf4775d4d905e904fc9e21bd0f8331c5872240b6dc2c2836096,1,1
110,2100000,9,local_modulation,parallel_distractor,reference,4026531840|4026531840,0|4026531840,0|0,0|1,0,11,9,1,1,10,0,0926f17080e5fa63d16efc66cc93f5d81c8d69b530c44d0fa40e97608e33fc7d,d5290753d6638dacd1bf851f547cfb381328d2d76adfaf3ff432ebd42c3a2e4c,1,1
110,2100000,9,local_modulation,parallel_distractor,production,4026531840|4026531840,0|4026531840,0|0,0|1,0,11,9,1,1,10,0,0926f17080e5fa63d16efc66cc93f5d81c8d69b530c44d0fa40e97608e33fc7d,d5290753d6638dacd1bf851f547cfb381328d2d76adfaf3ff432ebd42c3a2e4c,1,1
111,2200000,0,local_modulation,parallel_distractor,reference,4026531840|4026531840,0|4026531840,0|0,0|1,0,11,9,1,1,1,1,e36b621b0fed511978257f490b38aa0aa896cabcc2b8141f70838c4c69502191,181f8c767851023d831e3c7c14a7827d5626ecc9fae3ce3cf392f2c3c876f8c9,1,1
111,2200000,0,local_modulation,parallel_distractor,production,4026531840|4026531840,0|4026531840,0|0,0|1,0,11,9,1,1,1,1,e36b621b0fed511978257f490b38aa0aa896cabcc2b8141f70838c4c69502191,181f8c767851023d831e3c7c14a7827d5626ecc9fae3ce3cf392f2c3c876f8c9,1,1
112,2200000,1,local_modulation,parallel_distractor,reference,4026531840|4026531840,0|4026531840,0|0,0|1,0,11,9,1,1,2,2,ab294e5665b1912b752985e8c0dfbeccccaa64a14ceba319b8f98ee446b0b398,181f8c767851023d831e3c7c14a7827d5626ecc9fae3ce3cf392f2c3c876f8c9,1,1
112,2200000,1,local_modulation,parallel_distractor,production,4026531840|4026531840,0|4026531840,0|0,0|1,0,11,9,1,1,2,2,ab294e5665b1912b752985e8c0dfbeccccaa64a14ceba319b8f98ee446b0b398,181f8c767851023d831e3c7c14a7827d5626ecc9fae3ce3cf392f2c3c876f8c9,1,1
113,2200000,2,local_modulation,parallel_distractor,reference,4026531840|4026531840,0|4026531840,0|0,0|1,0,11,9,1,1,3,3,c259d1e032c92f5c914c220c7fae57b37cfeeff0853a0bf30eec0ae72bc59c2a,181f8c767851023d831e3c7c14a7827d5626ecc9fae3ce3cf392f2c3c876f8c9,1,1
113,2200000,2,local_modulation,parallel_distractor,production,4026531840|4026531840,0|4026531840,0|0,0|1,0,11,9,1,1,3,3,c259d1e032c92f5c914c220c7fae57b37cfeeff0853a0bf30eec0ae72bc59c2a,181f8c767851023d831e3c7c14a7827d5626ecc9fae3ce3cf392f2c3c876f8c9,1,1
114,2200000,3,local_modulation,parallel_distractor,reference,4026531840|4026531840,0|4026531840,0|0,0|1,0,11,9,1,1,4,4,b75649e53fddaa0546f9039909ee60ea8d5af3bf25b8026fd38c47ff7e1d157a,181f8c767851023d831e3c7c14a7827d5626ecc9fae3ce3cf392f2c3c876f8c9,1,1
114,2200000,3,local_modulation,parallel_distractor,production,4026531840|4026531840,0|4026531840,0|0,0|1,0,11,9,1,1,4,4,b75649e53fddaa0546f9039909ee60ea8d5af3bf25b8026fd38c47ff7e1d157a,181f8c767851023d831e3c7c14a7827d5626ecc9fae3ce3cf392f2c3c876f8c9,1,1
115,2200000,4,local_modulation,parallel_distractor,reference,4026531840|4026531840,0|4026531840,0|0,0|1,0,11,9,1,1,5,5,3f03346010e453302ad30920659846379ace62756fdb1db3d84f3ee1c5db0cdb,181f8c767851023d831e3c7c14a7827d5626ecc9fae3ce3cf392f2c3c876f8c9,1,1
115,2200000,4,local_modulation,parallel_distractor,production,4026531840|4026531840,0|4026531840,0|0,0|1,0,11,9,1,1,5,5,3f03346010e453302ad30920659846379ace62756fdb1db3d84f3ee1c5db0cdb,181f8c767851023d831e3c7c14a7827d5626ecc9fae3ce3cf392f2c3c876f8c9,1,1
116,2200000,5,local_modulation,parallel_distractor,reference,4026531840|4026531840,0|4026531840,0|0,0|1,0,11,9,1,1,6,6,1ba1bb6dd40a9d3d9778a9f98cd6e398971e7ded65a0f51b6504ed1ae95c4746,181f8c767851023d831e3c7c14a7827d5626ecc9fae3ce3cf392f2c3c876f8c9,1,1
116,2200000,5,local_modulation,parallel_distractor,production,4026531840|4026531840,0|4026531840,0|0,0|1,0,11,9,1,1,6,6,1ba1bb6dd40a9d3d9778a9f98cd6e398971e7ded65a0f51b6504ed1ae95c4746,181f8c767851023d831e3c7c14a7827d5626ecc9fae3ce3cf392f2c3c876f8c9,1,1
117,2200000,6,local_modulation,parallel_distractor,reference,4026531840|4026531840,0|4026531840,0|0,0|1,0,11,9,1,1,7,7,e8db6ca0587c44a5d6b902f46419434e13c98f8f3941137a93902aada397e272,181f8c767851023d831e3c7c14a7827d5626ecc9fae3ce3cf392f2c3c876f8c9,1,1
117,2200000,6,local_modulation,parallel_distractor,production,4026531840|4026531840,0|4026531840,0|0,0|1,0,11,9,1,1,7,7,e8db6ca0587c44a5d6b902f46419434e13c98f8f3941137a93902aada397e272,181f8c767851023d831e3c7c14a7827d5626ecc9fae3ce3cf392f2c3c876f8c9,1,1
118,2200000,7,local_modulation,parallel_distractor,reference,4026531840|4026531840,0|4026531840,0|0,0|1,0,11,9,1,1,8,8,bd75eceb123a3d3696eaa8316338c1ef752959d2e54b53dd4a6868ad1642d65a,181f8c767851023d831e3c7c14a7827d5626ecc9fae3ce3cf392f2c3c876f8c9,1,1
118,2200000,7,local_modulation,parallel_distractor,production,4026531840|4026531840,0|4026531840,0|0,0|1,0,11,9,1,1,8,8,bd75eceb123a3d3696eaa8316338c1ef752959d2e54b53dd4a6868ad1642d65a,181f8c767851023d831e3c7c14a7827d5626ecc9fae3ce3cf392f2c3c876f8c9,1,1
119,2200000,8,local_modulation,parallel_distractor,reference,4026531840|4026531840,0|4026531840,0|0,0|1,0,11,9,1,1,9,9,16f67e445118b4a7a7d9c5177460b24a59563a0c16c02a21cf833a170f0d1eef,181f8c767851023d831e3c7c14a7827d5626ecc9fae3ce3cf392f2c3c876f8c9,1,1
119,2200000,8,local_modulation,parallel_distractor,production,4026531840|4026531840,0|4026531840,0|0,0|1,0,11,9,1,1,9,9,16f67e445118b4a7a7d9c5177460b24a59563a0c16c02a21cf833a170f0d1eef,181f8c767851023d831e3c7c14a7827d5626ecc9fae3ce3cf392f2c3c876f8c9,1,1
120,2200000,9,local_modulation,parallel_distractor,reference,4026531840|4026531840,0|4026531840,0|0,0|1,0,11,9,1,1,10,0,0926f17080e5fa63d16efc66cc93f5d81c8d69b530c44d0fa40e97608e33fc7d,f05f8d8ee7c1348cd7b4f454d7bf46fa281df6dcc91acd359ed5d8a32d3c76a8,1,1
120,2200000,9,local_modulation,parallel_distractor,production,4026531840|4026531840,0|4026531840,0|0,0|1,0,11,9,1,1,10,0,0926f17080e5fa63d16efc66cc93f5d81c8d69b530c44d0fa40e97608e33fc7d,f05f8d8ee7c1348cd7b4f454d7bf46fa281df6dcc91acd359ed5d8a32d3c76a8,1,1
121,2100000,0,local_modulation,branch_both,reference,4026531840|4026531840,4026531840|4026531840,,1|1,1,11,7,2,2,1,1,bb75117f9044d55314c8bfdf8277f33fad64d0d8b25c535e9e79cc9f1df1f443,c6a0c9a007580e33ed991c4c465c37939025b2842c63f2b8776006d9a7c27b7e,1,1
121,2100000,0,local_modulation,branch_both,production,4026531840|4026531840,4026531840|4026531840,,1|1,1,11,7,2,2,1,1,bb75117f9044d55314c8bfdf8277f33fad64d0d8b25c535e9e79cc9f1df1f443,c6a0c9a007580e33ed991c4c465c37939025b2842c63f2b8776006d9a7c27b7e,1,1
122,2100000,1,local_modulation,branch_both,reference,4026531840|4026531840,4026531840|4026531840,,1|1,1,11,7,2,2,2,2,6137eca0033053ccfcee9628e73c1c652f302787e9571d6539bd6c981fa224a8,c6a0c9a007580e33ed991c4c465c37939025b2842c63f2b8776006d9a7c27b7e,1,1
122,2100000,1,local_modulation,branch_both,production,4026531840|4026531840,4026531840|4026531840,,1|1,1,11,7,2,2,2,2,6137eca0033053ccfcee9628e73c1c652f302787e9571d6539bd6c981fa224a8,c6a0c9a007580e33ed991c4c465c37939025b2842c63f2b8776006d9a7c27b7e,1,1
123,2100000,2,local_modulation,branch_both,reference,4026531840|4026531840,4026531840|4026531840,,1|1,1,11,7,2,2,3,3,0c4635a60e05bd521e6bd3b68f077d35bd8a11e5143fec2ede9ea739f24054a1,c6a0c9a007580e33ed991c4c465c37939025b2842c63f2b8776006d9a7c27b7e,1,1
123,2100000,2,local_modulation,branch_both,production,4026531840|4026531840,4026531840|4026531840,,1|1,1,11,7,2,2,3,3,0c4635a60e05bd521e6bd3b68f077d35bd8a11e5143fec2ede9ea739f24054a1,c6a0c9a007580e33ed991c4c465c37939025b2842c63f2b8776006d9a7c27b7e,1,1
124,2100000,3,local_modulation,branch_both,reference,4026531840|4026531840,4026531840|4026531840,,1|1,1,11,7,2,2,4,4,320aa03b61857cebd32de7c2f32a376e2a90609cfc1aa3e514445cae0c2b3703,c6a0c9a007580e33ed991c4c465c37939025b2842c63f2b8776006d9a7c27b7e,1,1
124,2100000,3,local_modulation,branch_both,production,4026531840|4026531840,4026531840|4026531840,,1|1,1,11,7,2,2,4,4,320aa03b61857cebd32de7c2f32a376e2a90609cfc1aa3e514445cae0c2b3703,c6a0c9a007580e33ed991c4c465c37939025b2842c63f2b8776006d9a7c27b7e,1,1
125,2100000,4,local_modulation,branch_both,reference,4026531840|4026531840,4026531840|4026531840,,1|1,1,11,7,2,2,5,5,244bda3f350a688f19e4f6cd34e5a88e89bdcb5c4d287fc04c2131214784ca27,c6a0c9a007580e33ed991c4c465c37939025b2842c63f2b8776006d9a7c27b7e,1,1
125,2100000,4,local_modulation,branch_both,production,4026531840|4026531840,4026531840|4026531840,,1|1,1,11,7,2,2,5,5,244bda3f350a688f19e4f6cd34e5a88e89bdcb5c4d287fc04c2131214784ca27,c6a0c9a007580e33ed991c4c465c37939025b2842c63f2b8776006d9a7c27b7e,1,1
126,2100000,5,local_modulation,branch_both,reference,4026531840|4026531840,4026531840|4026531840,,1|1,1,11,7,2,2,6,6,318c76f0bb69e9900f4b69648ab6da806a468abfb358f8c9477c486af8b1317f,c6a0c9a007580e33ed991c4c465c37939025b2842c63f2b8776006d9a7c27b7e,1,1
126,2100000,5,local_modulation,branch_both,production,4026531840|4026531840,4026531840|4026531840,,1|1,1,11,7,2,2,6,6,318c76f0bb69e9900f4b69648ab6da806a468abfb358f8c9477c486af8b1317f,c6a0c9a007580e33ed991c4c465c37939025b2842c63f2b8776006d9a7c27b7e,1,1
127,2100000,6,local_modulation,branch_both,reference,4026531840|4026531840,4026531840|4026531840,,1|1,1,11,7,2,2,7,7,30468a3b08896d0addfc2e8fa0388558e13b5d055c023d9f6939f297790b67c5,c6a0c9a007580e33ed991c4c465c37939025b2842c63f2b8776006d9a7c27b7e,1,1
127,2100000,6,local_modulation,branch_both,production,4026531840|4026531840,4026531840|4026531840,,1|1,1,11,7,2,2,7,7,30468a3b08896d0addfc2e8fa0388558e13b5d055c023d9f6939f297790b67c5,c6a0c9a007580e33ed991c4c465c37939025b2842c63f2b8776006d9a7c27b7e,1,1
128,2100000,7,local_modulation,branch_both,reference,4026531840|4026531840,4026531840|4026531840,,1|1,1,11,7,2,2,8,8,c00f8d5c7f044c3810986c7c08db4a515797cc777bcd717312850db1859573df,c6a0c9a007580e33ed991c4c465c37939025b2842c63f2b8776006d9a7c27b7e,1,1
128,2100000,7,local_modulation,branch_both,production,4026531840|4026531840,4026531840|4026531840,,1|1,1,11,7,2,2,8,8,c00f8d5c7f044c3810986c7c08db4a515797cc777bcd717312850db1859573df,c6a0c9a007580e33ed991c4c465c37939025b2842c63f2b8776006d9a7c27b7e,1,1
129,2100000,8,local_modulation,branch_both,reference,4026531840|4026531840,4026531840|4026531840,,1|1,1,11,7,2,2,9,9,00638522d9e22104749ce79305c43e93e601a347ee91c6dfa6cd9caf6b9f3868,c6a0c9a007580e33ed991c4c465c37939025b2842c63f2b8776006d9a7c27b7e,1,1
129,2100000,8,local_modulation,branch_both,production,4026531840|4026531840,4026531840|4026531840,,1|1,1,11,7,2,2,9,9,00638522d9e22104749ce79305c43e93e601a347ee91c6dfa6cd9caf6b9f3868,c6a0c9a007580e33ed991c4c465c37939025b2842c63f2b8776006d9a7c27b7e,1,1
130,2100000,9,local_modulation,branch_both,reference,4026531840|4026531840,4026531840|4026531840,,1|1,1,11,7,2,2,10,0,79eb1bd5d991c1bb59fa16b2a91fbb60ae53c3e12ecbbbe156eed618e220a210,6a8cfc5ec0105830a6c2d42bd3af590e0179eb97bf4f3d3d9625679eadfd8748,1,1
130,2100000,9,local_modulation,branch_both,production,4026531840|4026531840,4026531840|4026531840,,1|1,1,11,7,2,2,10,0,79eb1bd5d991c1bb59fa16b2a91fbb60ae53c3e12ecbbbe156eed618e220a210,6a8cfc5ec0105830a6c2d42bd3af590e0179eb97bf4f3d3d9625679eadfd8748,1,1
131,2200000,0,local_modulation,branch_both,reference,4026531840|4026531840,4026531840|4026531840,,1|1,1,11,7,2,2,1,1,bb75117f9044d55314c8bfdf8277f33fad64d0d8b25c535e9e79cc9f1df1f443,7f55c60c3ebe68c5497aeb0b0a0c6476a80e960d962aaf4488d2486d6a864735,1,1
131,2200000,0,local_modulation,branch_both,production,4026531840|4026531840,4026531840|4026531840,,1|1,1,11,7,2,2,1,1,bb75117f9044d55314c8bfdf8277f33fad64d0d8b25c535e9e79cc9f1df1f443,7f55c60c3ebe68c5497aeb0b0a0c6476a80e960d962aaf4488d2486d6a864735,1,1
132,2200000,1,local_modulation,branch_both,reference,4026531840|4026531840,4026531840|4026531840,,1|1,1,11,7,2,2,2,2,6137eca0033053ccfcee9628e73c1c652f302787e9571d6539bd6c981fa224a8,7f55c60c3ebe68c5497aeb0b0a0c6476a80e960d962aaf4488d2486d6a864735,1,1
132,2200000,1,local_modulation,branch_both,production,4026531840|4026531840,4026531840|4026531840,,1|1,1,11,7,2,2,2,2,6137eca0033053ccfcee9628e73c1c652f302787e9571d6539bd6c981fa224a8,7f55c60c3ebe68c5497aeb0b0a0c6476a80e960d962aaf4488d2486d6a864735,1,1
133,2200000,2,local_modulation,branch_both,reference,4026531840|4026531840,4026531840|4026531840,,1|1,1,11,7,2,2,3,3,0c4635a60e05bd521e6bd3b68f077d35bd8a11e5143fec2ede9ea739f24054a1,7f55c60c3ebe68c5497aeb0b0a0c6476a80e960d962aaf4488d2486d6a864735,1,1
133,2200000,2,local_modulation,branch_both,production,4026531840|4026531840,4026531840|4026531840,,1|1,1,11,7,2,2,3,3,0c4635a60e05bd521e6bd3b68f077d35bd8a11e5143fec2ede9ea739f24054a1,7f55c60c3ebe68c5497aeb0b0a0c6476a80e960d962aaf4488d2486d6a864735,1,1
134,2200000,3,local_modulation,branch_both,reference,4026531840|4026531840,4026531840|4026531840,,1|1,1,11,7,2,2,4,4,320aa03b61857cebd32de7c2f32a376e2a90609cfc1aa3e514445cae0c2b3703,7f55c60c3ebe68c5497aeb0b0a0c6476a80e960d962aaf4488d2486d6a864735,1,1
134,2200000,3,local_modulation,branch_both,production,4026531840|4026531840,4026531840|4026531840,,1|1,1,11,7,2,2,4,4,320aa03b61857cebd32de7c2f32a376e2a90609cfc1aa3e514445cae0c2b3703,7f55c60c3ebe68c5497aeb0b0a0c6476a80e960d962aaf4488d2486d6a864735,1,1
135,2200000,4,local_modulation,branch_both,reference,4026531840|4026531840,4026531840|4026531840,,1|1,1,11,7,2,2,5,5,244bda3f350a688f19e4f6cd34e5a88e89bdcb5c4d287fc04c2131214784ca27,7f55c60c3ebe68c5497aeb0b0a0c6476a80e960d962aaf4488d2486d6a864735,1,1
135,2200000,4,local_modulation,branch_both,production,4026531840|4026531840,4026531840|4026531840,,1|1,1,11,7,2,2,5,5,244bda3f350a688f19e4f6cd34e5a88e89bdcb5c4d287fc04c2131214784ca27,7f55c60c3ebe68c5497aeb0b0a0c6476a80e960d962aaf4488d2486d6a864735,1,1
136,2200000,5,local_modulation,branch_both,reference,4026531840|4026531840,4026531840|4026531840,,1|1,1,11,7,2,2,6,6,318c76f0bb69e9900f4b69648ab6da806a468abfb358f8c9477c486af8b1317f,7f55c60c3ebe68c5497aeb0b0a0c6476a80e960d962aaf4488d2486d6a864735,1,1
136,2200000,5,local_modulation,branch_both,production,4026531840|4026531840,4026531840|4026531840,,1|1,1,11,7,2,2,6,6,318c76f0bb69e9900f4b69648ab6da806a468abfb358f8c9477c486af8b1317f,7f55c60c3ebe68c5497aeb0b0a0c6476a80e960d962aaf4488d2486d6a864735,1,1
137,2200000,6,local_modulation,branch_both,reference,4026531840|4026531840,4026531840|4026531840,,1|1,1,11,7,2,2,7,7,30468a3b08896d0addfc2e8fa0388558e13b5d055c023d9f6939f297790b67c5,7f55c60c3ebe68c5497aeb0b0a0c6476a80e960d962aaf4488d2486d6a864735,1,1
137,2200000,6,local_modulation,branch_both,production,4026531840|4026531840,4026531840|4026531840,,1|1,1,11,7,2,2,7,7,30468a3b08896d0addfc2e8fa0388558e13b5d055c023d9f6939f297790b67c5,7f55c60c3ebe68c5497aeb0b0a0c6476a80e960d962aaf4488d2486d6a864735,1,1
138,2200000,7,local_modulation,branch_both,reference,4026531840|4026531840,4026531840|4026531840,,1|1,1,11,7,2,2,8,8,c00f8d5c7f044c3810986c7c08db4a515797cc777bcd717312850db1859573df,7f55c60c3ebe68c5497aeb0b0a0c6476a80e960d962aaf4488d2486d6a864735,1,1
138,2200000,7,local_modulation,branch_both,production,4026531840|4026531840,4026531840|4026531840,,1|1,1,11,7,2,2,8,8,c00f8d5c7f044c3810986c7c08db4a515797cc777bcd717312850db1859573df,7f55c60c3ebe68c5497aeb0b0a0c6476a80e960d962aaf4488d2486d6a864735,1,1
139,2200000,8,local_modulation,branch_both,reference,4026531840|4026531840,4026531840|4026531840,,1|1,1,11,7,2,2,9,9,00638522d9e22104749ce79305c43e93e601a347ee91c6dfa6cd9caf6b9f3868,7f55c60c3ebe68c5497aeb0b0a0c6476a80e960d962aaf4488d2486d6a864735,1,1
139,2200000,8,local_modulation,branch_both,production,4026531840|4026531840,4026531840|4026531840,,1|1,1,11,7,2,2,9,9,00638522d9e22104749ce79305c43e93e601a347ee91c6dfa6cd9caf6b9f3868,7f55c60c3ebe68c5497aeb0b0a0c6476a80e960d962aaf4488d2486d6a864735,1,1
140,2200000,9,local_modulation,branch_both,reference,4026531840|4026531840,4026531840|4026531840,,1|1,1,11,7,2,2,10,0,79eb1bd5d991c1bb59fa16b2a91fbb60ae53c3e12ecbbbe156eed618e220a210,4c4100e8980b633541a0620a747cba467e11b97169f796f6a5e52e9c9f265559,1,1
140,2200000,9,local_modulation,branch_both,production,4026531840|4026531840,4026531840|4026531840,,1|1,1,11,7,2,2,10,0,79eb1bd5d991c1bb59fa16b2a91fbb60ae53c3e12ecbbbe156eed618e220a210,4c4100e8980b633541a0620a747cba467e11b97169f796f6a5e52e9c9f265559,1,1
141,2100000,0,local_modulation,branch_one,reference,4026531840|0,4026531840|0,,1|1,1,8,4,2,2,1,1,a788b4b71c5fd250a82cc7f744499d4a69376f1149479f660002f5c7ed8951f7,c6a0c9a007580e33ed991c4c465c37939025b2842c63f2b8776006d9a7c27b7e,1,1
141,2100000,0,local_modulation,branch_one,production,4026531840|0,4026531840|0,,1|1,1,8,4,2,2,1,1,a788b4b71c5fd250a82cc7f744499d4a69376f1149479f660002f5c7ed8951f7,c6a0c9a007580e33ed991c4c465c37939025b2842c63f2b8776006d9a7c27b7e,1,1
142,2100000,1,local_modulation,branch_one,reference,4026531840|0,4026531840|0,,1|1,1,8,4,2,2,2,2,e0a6998163a21ff35513751181264475a38c631db4ccf355f1dc9f9c5b143e7f,c6a0c9a007580e33ed991c4c465c37939025b2842c63f2b8776006d9a7c27b7e,1,1
142,2100000,1,local_modulation,branch_one,production,4026531840|0,4026531840|0,,1|1,1,8,4,2,2,2,2,e0a6998163a21ff35513751181264475a38c631db4ccf355f1dc9f9c5b143e7f,c6a0c9a007580e33ed991c4c465c37939025b2842c63f2b8776006d9a7c27b7e,1,1
143,2100000,2,local_modulation,branch_one,reference,4026531840|0,4026531840|0,,1|1,1,8,4,2,2,3,3,67e35dcb26471a5afc928e695c5361bfac473f5cbba4effa5ecd5d7561c0be0a,c6a0c9a007580e33ed991c4c465c37939025b2842c63f2b8776006d9a7c27b7e,1,1
143,2100000,2,local_modulation,branch_one,production,4026531840|0,4026531840|0,,1|1,1,8,4,2,2,3,3,67e35dcb26471a5afc928e695c5361bfac473f5cbba4effa5ecd5d7561c0be0a,c6a0c9a007580e33ed991c4c465c37939025b2842c63f2b8776006d9a7c27b7e,1,1
144,2100000,3,local_modulation,branch_one,reference,4026531840|0,4026531840|0,,1|1,1,8,4,2,2,4,4,a7e9bfd8a10843cd417c6585f04c1cfc4d1bdf3d31e3e046825cfc1b1ef41143,c6a0c9a007580e33ed991c4c465c37939025b2842c63f2b8776006d9a7c27b7e,1,1
144,2100000,3,local_modulation,branch_one,production,4026531840|0,4026531840|0,,1|1,1,8,4,2,2,4,4,a7e9bfd8a10843cd417c6585f04c1cfc4d1bdf3d31e3e046825cfc1b1ef41143,c6a0c9a007580e33ed991c4c465c37939025b2842c63f2b8776006d9a7c27b7e,1,1
145,2100000,4,local_modulation,branch_one,reference,4026531840|0,4026531840|0,,1|1,1,8,4,2,2,5,5,330b2a1fced2d8836756efe78014c39ab4c62da63c7715e3cfe58ad513fc9f83,c6a0c9a007580e33ed991c4c465c37939025b2842c63f2b8776006d9a7c27b7e,1,1
145,2100000,4,local_modulation,branch_one,production,4026531840|0,4026531840|0,,1|1,1,8,4,2,2,5,5,330b2a1fced2d8836756efe78014c39ab4c62da63c7715e3cfe58ad513fc9f83,c6a0c9a007580e33ed991c4c465c37939025b2842c63f2b8776006d9a7c27b7e,1,1
146,2100000,5,local_modulation,branch_one,reference,4026531840|0,4026531840|0,,1|1,1,8,4,2,2,6,6,dde8c25bed041460355957c81c84d9082f6a165459f09a5fb0dc272771fd4226,c6a0c9a007580e33ed991c4c465c37939025b2842c63f2b8776006d9a7c27b7e,1,1
146,2100000,5,local_modulation,branch_one,production,4026531840|0,4026531840|0,,1|1,1,8,4,2,2,6,6,dde8c25bed041460355957c81c84d9082f6a165459f09a5fb0dc272771fd4226,c6a0c9a007580e33ed991c4c465c37939025b2842c63f2b8776006d9a7c27b7e,1,1
147,2100000,6,local_modulation,branch_one,reference,4026531840|0,4026531840|0,,1|1,1,8,4,2,2,7,7,d6bc16125a70dabc037f04251a1a43fb7967e06f5c0bbee3bbdeecfac96f0988,c6a0c9a007580e33ed991c4c465c37939025b2842c63f2b8776006d9a7c27b7e,1,1
147,2100000,6,local_modulation,branch_one,production,4026531840|0,4026531840|0,,1|1,1,8,4,2,2,7,7,d6bc16125a70dabc037f04251a1a43fb7967e06f5c0bbee3bbdeecfac96f0988,c6a0c9a007580e33ed991c4c465c37939025b2842c63f2b8776006d9a7c27b7e,1,1
148,2100000,7,local_modulation,branch_one,reference,4026531840|0,4026531840|0,,1|1,1,8,4,2,2,8,8,205e575b48fdfde2ca37f431f8dfce2b508c0017f1ca403f73d24739c7578d9a,c6a0c9a007580e33ed991c4c465c37939025b2842c63f2b8776006d9a7c27b7e,1,1
148,2100000,7,local_modulation,branch_one,production,4026531840|0,4026531840|0,,1|1,1,8,4,2,2,8,8,205e575b48fdfde2ca37f431f8dfce2b508c0017f1ca403f73d24739c7578d9a,c6a0c9a007580e33ed991c4c465c37939025b2842c63f2b8776006d9a7c27b7e,1,1
149,2100000,8,local_modulation,branch_one,reference,4026531840|0,4026531840|0,,1|1,1,8,4,2,2,9,9,ec07a51cdcd1eaf3c7f9fa3dff133fdf6b4e6b3dfa20956c118a225a75340468,c6a0c9a007580e33ed991c4c465c37939025b2842c63f2b8776006d9a7c27b7e,1,1
149,2100000,8,local_modulation,branch_one,production,4026531840|0,4026531840|0,,1|1,1,8,4,2,2,9,9,ec07a51cdcd1eaf3c7f9fa3dff133fdf6b4e6b3dfa20956c118a225a75340468,c6a0c9a007580e33ed991c4c465c37939025b2842c63f2b8776006d9a7c27b7e,1,1
150,2100000,9,local_modulation,branch_one,reference,4026531840|0,4026531840|0,,1|1,1,8,4,2,2,10,0,2c735d0c0632fb3eba477693fa79a1a57be2193752417cc4b9e8bf0cfa55c477,cd6f609e31ac55570852201210167e1ad44215f4f786488bf82a601b0352c4c9,1,1
150,2100000,9,local_modulation,branch_one,production,4026531840|0,4026531840|0,,1|1,1,8,4,2,2,10,0,2c735d0c0632fb3eba477693fa79a1a57be2193752417cc4b9e8bf0cfa55c477,cd6f609e31ac55570852201210167e1ad44215f4f786488bf82a601b0352c4c9,1,1
151,2200000,0,local_modulation,branch_one,reference,4026531840|0,4026531840|0,,1|1,1,8,4,2,2,1,1,a788b4b71c5fd250a82cc7f744499d4a69376f1149479f660002f5c7ed8951f7,7f55c60c3ebe68c5497aeb0b0a0c6476a80e960d962aaf4488d2486d6a864735,1,1
151,2200000,0,local_modulation,branch_one,production,4026531840|0,4026531840|0,,1|1,1,8,4,2,2,1,1,a788b4b71c5fd250a82cc7f744499d4a69376f1149479f660002f5c7ed8951f7,7f55c60c3ebe68c5497aeb0b0a0c6476a80e960d962aaf4488d2486d6a864735,1,1
152,2200000,1,local_modulation,branch_one,reference,4026531840|0,4026531840|0,,1|1,1,8,4,2,2,2,2,e0a6998163a21ff35513751181264475a38c631db4ccf355f1dc9f9c5b143e7f,7f55c60c3ebe68c5497aeb0b0a0c6476a80e960d962aaf4488d2486d6a864735,1,1
152,2200000,1,local_modulation,branch_one,production,4026531840|0,4026531840|0,,1|1,1,8,4,2,2,2,2,e0a6998163a21ff35513751181264475a38c631db4ccf355f1dc9f9c5b143e7f,7f55c60c3ebe68c5497aeb0b0a0c6476a80e960d962aaf4488d2486d6a864735,1,1
153,2200000,2,local_modulation,branch_one,reference,4026531840|0,4026531840|0,,1|1,1,8,4,2,2,3,3,67e35dcb26471a5afc928e695c5361bfac473f5cbba4effa5ecd5d7561c0be0a,7f55c60c3ebe68c5497aeb0b0a0c6476a80e960d962aaf4488d2486d6a864735,1,1
153,2200000,2,local_modulation,branch_one,production,4026531840|0,4026531840|0,,1|1,1,8,4,2,2,3,3,67e35dcb26471a5afc928e695c5361bfac473f5cbba4effa5ecd5d7561c0be0a,7f55c60c3ebe68c5497aeb0b0a0c6476a80e960d962aaf4488d2486d6a864735,1,1
154,2200000,3,local_modulation,branch_one,reference,4026531840|0,4026531840|0,,1|1,1,8,4,2,2,4,4,a7e9bfd8a10843cd417c6585f04c1cfc4d1bdf3d31e3e046825cfc1b1ef41143,7f55c60c3ebe68c5497aeb0b0a0c6476a80e960d962aaf4488d2486d6a864735,1,1
154,2200000,3,local_modulation,branch_one,production,4026531840|0,4026531840|0,,1|1,1,8,4,2,2,4,4,a7e9bfd8a10843cd417c6585f04c1cfc4d1bdf3d31e3e046825cfc1b1ef41143,7f55c60c3ebe68c5497aeb0b0a0c6476a80e960d962aaf4488d2486d6a864735,1,1
155,2200000,4,local_modulation,branch_one,reference,4026531840|0,4026531840|0,,1|1,1,8,4,2,2,5,5,330b2a1fced2d8836756efe78014c39ab4c62da63c7715e3cfe58ad513fc9f83,7f55c60c3ebe68c5497aeb0b0a0c6476a80e960d962aaf4488d2486d6a864735,1,1
155,2200000,4,local_modulation,branch_one,production,4026531840|0,4026531840|0,,1|1,1,8,4,2,2,5,5,330b2a1fced2d8836756efe78014c39ab4c62da63c7715e3cfe58ad513fc9f83,7f55c60c3ebe68c5497aeb0b0a0c6476a80e960d962aaf4488d2486d6a864735,1,1
156,2200000,5,local_modulation,branch_one,reference,4026531840|0,4026531840|0,,1|1,1,8,4,2,2,6,6,dde8c25bed041460355957c81c84d9082f6a165459f09a5fb0dc272771fd4226,7f55c60c3ebe68c5497aeb0b0a0c6476a80e960d962aaf4488d2486d6a864735,1,1
156,2200000,5,local_modulation,branch_one,production,4026531840|0,4026531840|0,,1|1,1,8,4,2,2,6,6,dde8c25bed041460355957c81c84d9082f6a165459f09a5fb0dc272771fd4226,7f55c60c3ebe68c5497aeb0b0a0c6476a80e960d962aaf4488d2486d6a864735,1,1
157,2200000,6,local_modulation,branch_one,reference,4026531840|0,4026531840|0,,1|1,1,8,4,2,2,7,7,d6bc16125a70dabc037f04251a1a43fb7967e06f5c0bbee3bbdeecfac96f0988,7f55c60c3ebe68c5497aeb0b0a0c6476a80e960d962aaf4488d2486d6a864735,1,1
157,2200000,6,local_modulation,branch_one,production,4026531840|0,4026531840|0,,1|1,1,8,4,2,2,7,7,d6bc16125a70dabc037f04251a1a43fb7967e06f5c0bbee3bbdeecfac96f0988,7f55c60c3ebe68c5497aeb0b0a0c6476a80e960d962aaf4488d2486d6a864735,1,1
158,2200000,7,local_modulation,branch_one,reference,4026531840|0,4026531840|0,,1|1,1,8,4,2,2,8,8,205e575b48fdfde2ca37f431f8dfce2b508c0017f1ca403f73d24739c7578d9a,7f55c60c3ebe68c5497aeb0b0a0c6476a80e960d962aaf4488d2486d6a864735,1,1
158,2200000,7,local_modulation,branch_one,production,4026531840|0,4026531840|0,,1|1,1,8,4,2,2,8,8,205e575b48fdfde2ca37f431f8dfce2b508c0017f1ca403f73d24739c7578d9a,7f55c60c3ebe68c5497aeb0b0a0c6476a80e960d962aaf4488d2486d6a864735,1,1
159,2200000,8,local_modulation,branch_one,reference,4026531840|0,4026531840|0,,1|1,1,8,4,2,2,9,9,ec07a51cdcd1eaf3c7f9fa3dff133fdf6b4e6b3dfa20956c118a225a75340468,7f55c60c3ebe68c5497aeb0b0a0c6476a80e960d962aaf4488d2486d6a864735,1,1
159,2200000,8,local_modulation,branch_one,production,4026531840|0,4026531840|0,,1|1,1,8,4,2,2,9,9,ec07a51cdcd1eaf3c7f9fa3dff133fdf6b4e6b3dfa20956c118a225a75340468,7f55c60c3ebe68c5497aeb0b0a0c6476a80e960d962aaf4488d2486d6a864735,1,1
160,2200000,9,local_modulation,branch_one,reference,4026531840|0,4026531840|0,,1|1,1,8,4,2,2,10,0,2c735d0c0632fb3eba477693fa79a1a57be2193752417cc4b9e8bf0cfa55c477,c15526f2877a1b68ba00ec8e04d79bbc795e9ee1bcf940eaa9adb06040ba5fe7,1,1
160,2200000,9,local_modulation,branch_one,production,4026531840|0,4026531840|0,,1|1,1,8,4,2,2,10,0,2c735d0c0632fb3eba477693fa79a1a57be2193752417cc4b9e8bf0cfa55c477,c15526f2877a1b68ba00ec8e04d79bbc795e9ee1bcf940eaa9adb06040ba5fe7,1,1
161,2100000,0,local_modulation,temporal_break,reference,0|0|4294967296,0|0|4294967296,,0|0|1,1,10,8,1,1,1024,4,2c3a0951908387fdf965a9f3c241e0129edcb5cf1c05405039194e49d8360cf0,7dcce8cd7ea7d39d7e248b61c731f4006b97e45c0ca0196a4abf8f0e952c0a38,1,1
161,2100000,0,local_modulation,temporal_break,production,0|0|4294967296,0|0|4294967296,,0|0|1,1,10,8,1,1,1024,4,2c3a0951908387fdf965a9f3c241e0129edcb5cf1c05405039194e49d8360cf0,7dcce8cd7ea7d39d7e248b61c731f4006b97e45c0ca0196a4abf8f0e952c0a38,1,1
162,2100000,1,local_modulation,temporal_break,reference,0|0|4294967296,0|0|4294967296,,0|0|1,1,10,8,1,1,1025,5,60fc0fc02a78fc74d4190809082d82eee807166e850a71c1c0ad17aa973a1142,7dcce8cd7ea7d39d7e248b61c731f4006b97e45c0ca0196a4abf8f0e952c0a38,1,1
162,2100000,1,local_modulation,temporal_break,production,0|0|4294967296,0|0|4294967296,,0|0|1,1,10,8,1,1,1025,5,60fc0fc02a78fc74d4190809082d82eee807166e850a71c1c0ad17aa973a1142,7dcce8cd7ea7d39d7e248b61c731f4006b97e45c0ca0196a4abf8f0e952c0a38,1,1
163,2100000,2,local_modulation,temporal_break,reference,0|0|4294967296,0|0|4294967296,,0|0|1,1,10,8,1,1,1026,6,445c9f5f33f54a00ea97e578f0b63c2c360b474eb33b9559d5fb05bf32787643,7dcce8cd7ea7d39d7e248b61c731f4006b97e45c0ca0196a4abf8f0e952c0a38,1,1
163,2100000,2,local_modulation,temporal_break,production,0|0|4294967296,0|0|4294967296,,0|0|1,1,10,8,1,1,1026,6,445c9f5f33f54a00ea97e578f0b63c2c360b474eb33b9559d5fb05bf32787643,7dcce8cd7ea7d39d7e248b61c731f4006b97e45c0ca0196a4abf8f0e952c0a38,1,1
164,2100000,3,local_modulation,temporal_break,reference,0|0|4294967296,0|0|4294967296,,0|0|1,1,10,8,1,1,1027,7,c6c5e08dc6d8b79062fbff97bd4d5526c7ace2930f0a10e32a3f3f0cd2171a3e,7dcce8cd7ea7d39d7e248b61c731f4006b97e45c0ca0196a4abf8f0e952c0a38,1,1
164,2100000,3,local_modulation,temporal_break,production,0|0|4294967296,0|0|4294967296,,0|0|1,1,10,8,1,1,1027,7,c6c5e08dc6d8b79062fbff97bd4d5526c7ace2930f0a10e32a3f3f0cd2171a3e,7dcce8cd7ea7d39d7e248b61c731f4006b97e45c0ca0196a4abf8f0e952c0a38,1,1
165,2100000,4,local_modulation,temporal_break,reference,0|0|4294967296,0|0|4294967296,,0|0|1,1,10,8,1,1,1028,8,3ecd08f7aebbfc53302d4fe85c2ee0385945b7fad57580e1f6d6fe6bde9432fd,7dcce8cd7ea7d39d7e248b61c731f4006b97e45c0ca0196a4abf8f0e952c0a38,1,1
165,2100000,4,local_modulation,temporal_break,production,0|0|4294967296,0|0|4294967296,,0|0|1,1,10,8,1,1,1028,8,3ecd08f7aebbfc53302d4fe85c2ee0385945b7fad57580e1f6d6fe6bde9432fd,7dcce8cd7ea7d39d7e248b61c731f4006b97e45c0ca0196a4abf8f0e952c0a38,1,1
166,2100000,5,local_modulation,temporal_break,reference,0|0|4294967296,0|0|4294967296,,0|0|1,1,10,8,1,1,1029,9,6740011c41413d9f88583de720203cda8ea7353a015567b9b653595afb242dc5,7dcce8cd7ea7d39d7e248b61c731f4006b97e45c0ca0196a4abf8f0e952c0a38,1,1
166,2100000,5,local_modulation,temporal_break,production,0|0|4294967296,0|0|4294967296,,0|0|1,1,10,8,1,1,1029,9,6740011c41413d9f88583de720203cda8ea7353a015567b9b653595afb242dc5,7dcce8cd7ea7d39d7e248b61c731f4006b97e45c0ca0196a4abf8f0e952c0a38,1,1
167,2100000,6,local_modulation,temporal_break,reference,0|0|4294967296,0|0|4294967296,,0|0|1,1,10,8,1,1,1030,0,4e5aceb037cd44eb04db8978a74fd9834483aa7b630d607b0314158cc01e4ee6,a159ba666ac2f97d24f3406af96f432aa54088d18e77d58ac553fca463caf4ec,1,1
167,2100000,6,local_modulation,temporal_break,production,0|0|4294967296,0|0|4294967296,,0|0|1,1,10,8,1,1,1030,0,4e5aceb037cd44eb04db8978a74fd9834483aa7b630d607b0314158cc01e4ee6,a159ba666ac2f97d24f3406af96f432aa54088d18e77d58ac553fca463caf4ec,1,1
168,2100000,7,local_modulation,temporal_break,reference,0|0|4294967296,0|0|4294967296,,0|0|1,1,10,8,1,1,1031,1,f571cb35fc5cfc13abbbda48c794b128549dde7048d4c63e9d9e9f22c1e8c64a,a159ba666ac2f97d24f3406af96f432aa54088d18e77d58ac553fca463caf4ec,1,1
168,2100000,7,local_modulation,temporal_break,production,0|0|4294967296,0|0|4294967296,,0|0|1,1,10,8,1,1,1031,1,f571cb35fc5cfc13abbbda48c794b128549dde7048d4c63e9d9e9f22c1e8c64a,a159ba666ac2f97d24f3406af96f432aa54088d18e77d58ac553fca463caf4ec,1,1
169,2100000,8,local_modulation,temporal_break,reference,0|0|4294967296,0|0|4294967296,,0|0|1,1,10,8,1,1,1032,2,89a74cdab14716bb17a9f76e1b1623a44157f59eb780995b71ab6c0d3c18353d,a159ba666ac2f97d24f3406af96f432aa54088d18e77d58ac553fca463caf4ec,1,1
169,2100000,8,local_modulation,temporal_break,production,0|0|4294967296,0|0|4294967296,,0|0|1,1,10,8,1,1,1032,2,89a74cdab14716bb17a9f76e1b1623a44157f59eb780995b71ab6c0d3c18353d,a159ba666ac2f97d24f3406af96f432aa54088d18e77d58ac553fca463caf4ec,1,1
170,2100000,9,local_modulation,temporal_break,reference,0|0|4294967296,0|0|4294967296,,0|0|1,1,10,8,1,1,1033,3,6e8854c0674686632c4537bc8bf249650b6bd794d1f4ca81f6b25a28a3f38683,a159ba666ac2f97d24f3406af96f432aa54088d18e77d58ac553fca463caf4ec,1,1
170,2100000,9,local_modulation,temporal_break,production,0|0|4294967296,0|0|4294967296,,0|0|1,1,10,8,1,1,1033,3,6e8854c0674686632c4537bc8bf249650b6bd794d1f4ca81f6b25a28a3f38683,a159ba666ac2f97d24f3406af96f432aa54088d18e77d58ac553fca463caf4ec,1,1
171,2200000,0,local_modulation,temporal_break,reference,0|0|4294967296,0|0|4294967296,,0|0|1,1,10,8,1,1,1024,4,2c3a0951908387fdf965a9f3c241e0129edcb5cf1c05405039194e49d8360cf0,7a2ed2ab59c9e40110001df9de67f0968e2d7a1a7976114b01a8a60b6eadae84,1,1
171,2200000,0,local_modulation,temporal_break,production,0|0|4294967296,0|0|4294967296,,0|0|1,1,10,8,1,1,1024,4,2c3a0951908387fdf965a9f3c241e0129edcb5cf1c05405039194e49d8360cf0,7a2ed2ab59c9e40110001df9de67f0968e2d7a1a7976114b01a8a60b6eadae84,1,1
172,2200000,1,local_modulation,temporal_break,reference,0|0|4294967296,0|0|4294967296,,0|0|1,1,10,8,1,1,1025,5,60fc0fc02a78fc74d4190809082d82eee807166e850a71c1c0ad17aa973a1142,7a2ed2ab59c9e40110001df9de67f0968e2d7a1a7976114b01a8a60b6eadae84,1,1
172,2200000,1,local_modulation,temporal_break,production,0|0|4294967296,0|0|4294967296,,0|0|1,1,10,8,1,1,1025,5,60fc0fc02a78fc74d4190809082d82eee807166e850a71c1c0ad17aa973a1142,7a2ed2ab59c9e40110001df9de67f0968e2d7a1a7976114b01a8a60b6eadae84,1,1
173,2200000,2,local_modulation,temporal_break,reference,0|0|4294967296,0|0|4294967296,,0|0|1,1,10,8,1,1,1026,6,445c9f5f33f54a00ea97e578f0b63c2c360b474eb33b9559d5fb05bf32787643,7a2ed2ab59c9e40110001df9de67f0968e2d7a1a7976114b01a8a60b6eadae84,1,1
173,2200000,2,local_modulation,temporal_break,production,0|0|4294967296,0|0|4294967296,,0|0|1,1,10,8,1,1,1026,6,445c9f5f33f54a00ea97e578f0b63c2c360b474eb33b9559d5fb05bf32787643,7a2ed2ab59c9e40110001df9de67f0968e2d7a1a7976114b01a8a60b6eadae84,1,1
174,2200000,3,local_modulation,temporal_break,reference,0|0|4294967296,0|0|4294967296,,0|0|1,1,10,8,1,1,1027,7,c6c5e08dc6d8b79062fbff97bd4d5526c7ace2930f0a10e32a3f3f0cd2171a3e,7a2ed2ab59c9e40110001df9de67f0968e2d7a1a7976114b01a8a60b6eadae84,1,1
174,2200000,3,local_modulation,temporal_break,production,0|0|4294967296,0|0|4294967296,,0|0|1,1,10,8,1,1,1027,7,c6c5e08dc6d8b79062fbff97bd4d5526c7ace2930f0a10e32a3f3f0cd2171a3e,7a2ed2ab59c9e40110001df9de67f0968e2d7a1a7976114b01a8a60b6eadae84,1,1
175,2200000,4,local_modulation,temporal_break,reference,0|0|4294967296,0|0|4294967296,,0|0|1,1,10,8,1,1,1028,8,3ecd08f7aebbfc53302d4fe85c2ee0385945b7fad57580e1f6d6fe6bde9432fd,7a2ed2ab59c9e40110001df9de67f0968e2d7a1a7976114b01a8a60b6eadae84,1,1
175,2200000,4,local_modulation,temporal_break,production,0|0|4294967296,0|0|4294967296,,0|0|1,1,10,8,1,1,1028,8,3ecd08f7aebbfc53302d4fe85c2ee0385945b7fad57580e1f6d6fe6bde9432fd,7a2ed2ab59c9e40110001df9de67f0968e2d7a1a7976114b01a8a60b6eadae84,1,1
176,2200000,5,local_modulation,temporal_break,reference,0|0|4294967296,0|0|4294967296,,0|0|1,1,10,8,1,1,1029,9,6740011c41413d9f88583de720203cda8ea7353a015567b9b653595afb242dc5,7a2ed2ab59c9e40110001df9de67f0968e2d7a1a7976114b01a8a60b6eadae84,1,1
176,2200000,5,local_modulation,temporal_break,production,0|0|4294967296,0|0|4294967296,,0|0|1,1,10,8,1,1,1029,9,6740011c41413d9f88583de720203cda8ea7353a015567b9b653595afb242dc5,7a2ed2ab59c9e40110001df9de67f0968e2d7a1a7976114b01a8a60b6eadae84,1,1
177,2200000,6,local_modulation,temporal_break,reference,0|0|4294967296,0|0|4294967296,,0|0|1,1,10,8,1,1,1030,0,4e5aceb037cd44eb04db8978a74fd9834483aa7b630d607b0314158cc01e4ee6,ab8ccdb52e1697ba0426b2dbeb0c5ddea60db11056f90485e7ece9ab254f04fb,1,1
177,2200000,6,local_modulation,temporal_break,production,0|0|4294967296,0|0|4294967296,,0|0|1,1,10,8,1,1,1030,0,4e5aceb037cd44eb04db8978a74fd9834483aa7b630d607b0314158cc01e4ee6,ab8ccdb52e1697ba0426b2dbeb0c5ddea60db11056f90485e7ece9ab254f04fb,1,1
178,2200000,7,local_modulation,temporal_break,reference,0|0|4294967296,0|0|4294967296,,0|0|1,1,10,8,1,1,1031,1,f571cb35fc5cfc13abbbda48c794b128549dde7048d4c63e9d9e9f22c1e8c64a,ab8ccdb52e1697ba0426b2dbeb0c5ddea60db11056f90485e7ece9ab254f04fb,1,1
178,2200000,7,local_modulation,temporal_break,production,0|0|4294967296,0|0|4294967296,,0|0|1,1,10,8,1,1,1031,1,f571cb35fc5cfc13abbbda48c794b128549dde7048d4c63e9d9e9f22c1e8c64a,ab8ccdb52e1697ba0426b2dbeb0c5ddea60db11056f90485e7ece9ab254f04fb,1,1
179,2200000,8,local_modulation,temporal_break,reference,0|0|4294967296,0|0|4294967296,,0|0|1,1,10,8,1,1,1032,2,89a74cdab14716bb17a9f76e1b1623a44157f59eb780995b71ab6c0d3c18353d,ab8ccdb52e1697ba0426b2dbeb0c5ddea60db11056f90485e7ece9ab254f04fb,1,1
179,2200000,8,local_modulation,temporal_break,production,0|0|4294967296,0|0|4294967296,,0|0|1,1,10,8,1,1,1032,2,89a74cdab14716bb17a9f76e1b1623a44157f59eb780995b71ab6c0d3c18353d,ab8ccdb52e1697ba0426b2dbeb0c5ddea60db11056f90485e7ece9ab254f04fb,1,1
180,2200000,9,local_modulation,temporal_break,reference,0|0|4294967296,0|0|4294967296,,0|0|1,1,10,8,1,1,1033,3,6e8854c0674686632c4537bc8bf249650b6bd794d1f4ca81f6b25a28a3f38683,ab8ccdb52e1697ba0426b2dbeb0c5ddea60db11056f90485e7ece9ab254f04fb,1,1
180,2200000,9,local_modulation,temporal_break,production,0|0|4294967296,0|0|4294967296,,0|0|1,1,10,8,1,1,1033,3,6e8854c0674686632c4537bc8bf249650b6bd794d1f4ca81f6b25a28a3f38683,ab8ccdb52e1697ba0426b2dbeb0c5ddea60db11056f90485e7ece9ab254f04fb,1,1
181,2100000,0,adjacent_relay,one_contact,reference,4026531840,4026531840,,1,1,7,5,1,1,1,1,7be52352f53621773d2e0c15e6de2b2af5188cba779a7960ec2a05999d85fb5a,741c4bd0d40bae937dbfbcc5241a40311f0ecf57f00de190f210048712602707,1,1
181,2100000,0,adjacent_relay,one_contact,production,4026531840,4026531840,,1,1,7,5,1,1,1,1,7be52352f53621773d2e0c15e6de2b2af5188cba779a7960ec2a05999d85fb5a,741c4bd0d40bae937dbfbcc5241a40311f0ecf57f00de190f210048712602707,1,1
182,2100000,1,adjacent_relay,one_contact,reference,4026531840,4026531840,,1,1,7,5,1,1,2,2,660d201671bb5adca10e092fb97209d6909b49445671c6af717b7015141f9b39,741c4bd0d40bae937dbfbcc5241a40311f0ecf57f00de190f210048712602707,1,1
182,2100000,1,adjacent_relay,one_contact,production,4026531840,4026531840,,1,1,7,5,1,1,2,2,660d201671bb5adca10e092fb97209d6909b49445671c6af717b7015141f9b39,741c4bd0d40bae937dbfbcc5241a40311f0ecf57f00de190f210048712602707,1,1
183,2100000,2,adjacent_relay,one_contact,reference,4026531840,4026531840,,1,1,7,5,1,1,3,3,44916cb5d80eb9e81b44588ef43bcf1f1afcf77c41c88da8e2d127ff8ff2c2e4,741c4bd0d40bae937dbfbcc5241a40311f0ecf57f00de190f210048712602707,1,1
183,2100000,2,adjacent_relay,one_contact,production,4026531840,4026531840,,1,1,7,5,1,1,3,3,44916cb5d80eb9e81b44588ef43bcf1f1afcf77c41c88da8e2d127ff8ff2c2e4,741c4bd0d40bae937dbfbcc5241a40311f0ecf57f00de190f210048712602707,1,1
184,2100000,3,adjacent_relay,one_contact,reference,4026531840,4026531840,,1,1,7,5,1,1,4,4,c41bd89ca7a92546c0a8da4750474cb69fcb4a3a21bb5eda39582e262d665ee4,741c4bd0d40bae937dbfbcc5241a40311f0ecf57f00de190f210048712602707,1,1
184,2100000,3,adjacent_relay,one_contact,production,4026531840,4026531840,,1,1,7,5,1,1,4,4,c41bd89ca7a92546c0a8da4750474cb69fcb4a3a21bb5eda39582e262d665ee4,741c4bd0d40bae937dbfbcc5241a40311f0ecf57f00de190f210048712602707,1,1
185,2100000,4,adjacent_relay,one_contact,reference,4026531840,4026531840,,1,1,7,5,1,1,5,5,166077251118a59a6baafd3f395a79b18d30872b39ad631c29205662afb83069,741c4bd0d40bae937dbfbcc5241a40311f0ecf57f00de190f210048712602707,1,1
185,2100000,4,adjacent_relay,one_contact,production,4026531840,4026531840,,1,1,7,5,1,1,5,5,166077251118a59a6baafd3f395a79b18d30872b39ad631c29205662afb83069,741c4bd0d40bae937dbfbcc5241a40311f0ecf57f00de190f210048712602707,1,1
186,2100000,5,adjacent_relay,one_contact,reference,4026531840,4026531840,,1,1,7,5,1,1,6,6,36bdf6f2a968fd79b820725ccc7f3e03ab920134c2f75493c50e3ebfaee981de,741c4bd0d40bae937dbfbcc5241a40311f0ecf57f00de190f210048712602707,1,1
186,2100000,5,adjacent_relay,one_contact,production,4026531840,4026531840,,1,1,7,5,1,1,6,6,36bdf6f2a968fd79b820725ccc7f3e03ab920134c2f75493c50e3ebfaee981de,741c4bd0d40bae937dbfbcc5241a40311f0ecf57f00de190f210048712602707,1,1
187,2100000,6,adjacent_relay,one_contact,reference,4026531840,4026531840,,1,1,7,5,1,1,7,7,5655bb853de0410d111127ea09a15f06795ba8f1eefae3691c47b8048742a4a6,741c4bd0d40bae937dbfbcc5241a40311f0ecf57f00de190f210048712602707,1,1
187,2100000,6,adjacent_relay,one_contact,production,4026531840,4026531840,,1,1,7,5,1,1,7,7,5655bb853de0410d111127ea09a15f06795ba8f1eefae3691c47b8048742a4a6,741c4bd0d40bae937dbfbcc5241a40311f0ecf57f00de190f210048712602707,1,1
188,2100000,7,adjacent_relay,one_contact,reference,4026531840,4026531840,,1,1,7,5,1,1,8,8,fff04857f68705c4daebe0ab586176a4339b672798da07ec44631b2a7fd27c45,741c4bd0d40bae937dbfbcc5241a40311f0ecf57f00de190f210048712602707,1,1
188,2100000,7,adjacent_relay,one_contact,production,4026531840,4026531840,,1,1,7,5,1,1,8,8,fff04857f68705c4daebe0ab586176a4339b672798da07ec44631b2a7fd27c45,741c4bd0d40bae937dbfbcc5241a40311f0ecf57f00de190f210048712602707,1,1
189,2100000,8,adjacent_relay,one_contact,reference,4026531840,4026531840,,1,1,7,5,1,1,9,9,8754d55eac2e255e0c109bf7c6673774c65f1e402756053346e27903c38396d4,741c4bd0d40bae937dbfbcc5241a40311f0ecf57f00de190f210048712602707,1,1
189,2100000,8,adjacent_relay,one_contact,production,4026531840,4026531840,,1,1,7,5,1,1,9,9,8754d55eac2e255e0c109bf7c6673774c65f1e402756053346e27903c38396d4,741c4bd0d40bae937dbfbcc5241a40311f0ecf57f00de190f210048712602707,1,1
190,2100000,9,adjacent_relay,one_contact,reference,4026531840,4026531840,,1,1,7,5,1,1,10,0,936f84befa6375b03a6551d9b5b279657916d58ac211388dcf3e6c1aa6e74589,77d863e24d5f14615a98be54db9fe19969fe7a15b735e2225b6fb53f485b7a92,1,1
190,2100000,9,adjacent_relay,one_contact,production,4026531840,4026531840,,1,1,7,5,1,1,10,0,936f84befa6375b03a6551d9b5b279657916d58ac211388dcf3e6c1aa6e74589,77d863e24d5f14615a98be54db9fe19969fe7a15b735e2225b6fb53f485b7a92,1,1
191,2200000,0,adjacent_relay,one_contact,reference,4026531840,4026531840,,1,1,7,5,1,1,1,1,7be52352f53621773d2e0c15e6de2b2af5188cba779a7960ec2a05999d85fb5a,7d337babde2d2fa77760028c2807d4f66e54c784837eb3ee84799ae8caf78174,1,1
191,2200000,0,adjacent_relay,one_contact,production,4026531840,4026531840,,1,1,7,5,1,1,1,1,7be52352f53621773d2e0c15e6de2b2af5188cba779a7960ec2a05999d85fb5a,7d337babde2d2fa77760028c2807d4f66e54c784837eb3ee84799ae8caf78174,1,1
192,2200000,1,adjacent_relay,one_contact,reference,4026531840,4026531840,,1,1,7,5,1,1,2,2,660d201671bb5adca10e092fb97209d6909b49445671c6af717b7015141f9b39,7d337babde2d2fa77760028c2807d4f66e54c784837eb3ee84799ae8caf78174,1,1
192,2200000,1,adjacent_relay,one_contact,production,4026531840,4026531840,,1,1,7,5,1,1,2,2,660d201671bb5adca10e092fb97209d6909b49445671c6af717b7015141f9b39,7d337babde2d2fa77760028c2807d4f66e54c784837eb3ee84799ae8caf78174,1,1
193,2200000,2,adjacent_relay,one_contact,reference,4026531840,4026531840,,1,1,7,5,1,1,3,3,44916cb5d80eb9e81b44588ef43bcf1f1afcf77c41c88da8e2d127ff8ff2c2e4,7d337babde2d2fa77760028c2807d4f66e54c784837eb3ee84799ae8caf78174,1,1
193,2200000,2,adjacent_relay,one_contact,production,4026531840,4026531840,,1,1,7,5,1,1,3,3,44916cb5d80eb9e81b44588ef43bcf1f1afcf77c41c88da8e2d127ff8ff2c2e4,7d337babde2d2fa77760028c2807d4f66e54c784837eb3ee84799ae8caf78174,1,1
194,2200000,3,adjacent_relay,one_contact,reference,4026531840,4026531840,,1,1,7,5,1,1,4,4,c41bd89ca7a92546c0a8da4750474cb69fcb4a3a21bb5eda39582e262d665ee4,7d337babde2d2fa77760028c2807d4f66e54c784837eb3ee84799ae8caf78174,1,1
194,2200000,3,adjacent_relay,one_contact,production,4026531840,4026531840,,1,1,7,5,1,1,4,4,c41bd89ca7a92546c0a8da4750474cb69fcb4a3a21bb5eda39582e262d665ee4,7d337babde2d2fa77760028c2807d4f66e54c784837eb3ee84799ae8caf78174,1,1
195,2200000,4,adjacent_relay,one_contact,reference,4026531840,4026531840,,1,1,7,5,1,1,5,5,166077251118a59a6baafd3f395a79b18d30872b39ad631c29205662afb83069,7d337babde2d2fa77760028c2807d4f66e54c784837eb3ee84799ae8caf78174,1,1
195,2200000,4,adjacent_relay,one_contact,production,4026531840,4026531840,,1,1,7,5,1,1,5,5,166077251118a59a6baafd3f395a79b18d30872b39ad631c29205662afb83069,7d337babde2d2fa77760028c2807d4f66e54c784837eb3ee84799ae8caf78174,1,1
196,2200000,5,adjacent_relay,one_contact,reference,4026531840,4026531840,,1,1,7,5,1,1,6,6,36bdf6f2a968fd79b820725ccc7f3e03ab920134c2f75493c50e3ebfaee981de,7d337babde2d2fa77760028c2807d4f66e54c784837eb3ee84799ae8caf78174,1,1
196,2200000,5,adjacent_relay,one_contact,production,4026531840,4026531840,,1,1,7,5,1,1,6,6,36bdf6f2a968fd79b820725ccc7f3e03ab920134c2f75493c50e3ebfaee981de,7d337babde2d2fa77760028c2807d4f66e54c784837eb3ee84799ae8caf78174,1,1
197,2200000,6,adjacent_relay,one_contact,reference,4026531840,4026531840,,1,1,7,5,1,1,7,7,5655bb853de0410d111127ea09a15f06795ba8f1eefae3691c47b8048742a4a6,7d337babde2d2fa77760028c2807d4f66e54c784837eb3ee84799ae8caf78174,1,1
197,2200000,6,adjacent_relay,one_contact,production,4026531840,4026531840,,1,1,7,5,1,1,7,7,5655bb853de0410d111127ea09a15f06795ba8f1eefae3691c47b8048742a4a6,7d337babde2d2fa77760028c2807d4f66e54c784837eb3ee84799ae8caf78174,1,1
198,2200000,7,adjacent_relay,one_contact,reference,4026531840,4026531840,,1,1,7,5,1,1,8,8,fff04857f68705c4daebe0ab586176a4339b672798da07ec44631b2a7fd27c45,7d337babde2d2fa77760028c2807d4f66e54c784837eb3ee84799ae8caf78174,1,1
198,2200000,7,adjacent_relay,one_contact,production,4026531840,4026531840,,1,1,7,5,1,1,8,8,fff04857f68705c4daebe0ab586176a4339b672798da07ec44631b2a7fd27c45,7d337babde2d2fa77760028c2807d4f66e54c784837eb3ee84799ae8caf78174,1,1
199,2200000,8,adjacent_relay,one_contact,reference,4026531840,4026531840,,1,1,7,5,1,1,9,9,8754d55eac2e255e0c109bf7c6673774c65f1e402756053346e27903c38396d4,7d337babde2d2fa77760028c2807d4f66e54c784837eb3ee84799ae8caf78174,1,1
199,2200000,8,adjacent_relay,one_contact,production,4026531840,4026531840,,1,1,7,5,1,1,9,9,8754d55eac2e255e0c109bf7c6673774c65f1e402756053346e27903c38396d4,7d337babde2d2fa77760028c2807d4f66e54c784837eb3ee84799ae8caf78174,1,1
200,2200000,9,adjacent_relay,one_contact,reference,4026531840,4026531840,,1,1,7,5,1,1,10,0,936f84befa6375b03a6551d9b5b279657916d58ac211388dcf3e6c1aa6e74589,4e4cb4594779c428eb0c446591ca3da329fac35c3c8a649dde244d103c72ac4d,1,1
200,2200000,9,adjacent_relay,one_contact,production,4026531840,4026531840,,1,1,7,5,1,1,10,0,936f84befa6375b03a6551d9b5b279657916d58ac211388dcf3e6c1aa6e74589,4e4cb4594779c428eb0c446591ca3da329fac35c3c8a649dde244d103c72ac4d,1,1
201,2100000,0,adjacent_relay,two_contacts,reference,4026531840|4026531840,4026531840|4026531840,,1|1,1,11,7,2,2,1,1,bfb791bb657f774ba1728a10570df9bc9b0f7d039192c2e2a507ab2ce837cb9a,e37fc89bcbb9a5ee01d9073e5a2665b3f169f5f750c853976eaaa24fc6bed105,1,1
201,2100000,0,adjacent_relay,two_contacts,production,4026531840|4026531840,4026531840|4026531840,,1|1,1,11,7,2,2,1,1,bfb791bb657f774ba1728a10570df9bc9b0f7d039192c2e2a507ab2ce837cb9a,e37fc89bcbb9a5ee01d9073e5a2665b3f169f5f750c853976eaaa24fc6bed105,1,1
202,2100000,1,adjacent_relay,two_contacts,reference,4026531840|4026531840,4026531840|4026531840,,1|1,1,11,7,2,2,2,2,d96672ddfa6d0a61bc7fa528e0680e260449065278673c97f6c6c82b04fcd32d,e37fc89bcbb9a5ee01d9073e5a2665b3f169f5f750c853976eaaa24fc6bed105,1,1
202,2100000,1,adjacent_relay,two_contacts,production,4026531840|4026531840,4026531840|4026531840,,1|1,1,11,7,2,2,2,2,d96672ddfa6d0a61bc7fa528e0680e260449065278673c97f6c6c82b04fcd32d,e37fc89bcbb9a5ee01d9073e5a2665b3f169f5f750c853976eaaa24fc6bed105,1,1
203,2100000,2,adjacent_relay,two_contacts,reference,4026531840|4026531840,4026531840|4026531840,,1|1,1,11,7,2,2,3,3,92fb3624c85e2b42231b16333b4e3559adf16a061de241eced4e9448e6215984,e37fc89bcbb9a5ee01d9073e5a2665b3f169f5f750c853976eaaa24fc6bed105,1,1
203,2100000,2,adjacent_relay,two_contacts,production,4026531840|4026531840,4026531840|4026531840,,1|1,1,11,7,2,2,3,3,92fb3624c85e2b42231b16333b4e3559adf16a061de241eced4e9448e6215984,e37fc89bcbb9a5ee01d9073e5a2665b3f169f5f750c853976eaaa24fc6bed105,1,1
204,2100000,3,adjacent_relay,two_contacts,reference,4026531840|4026531840,4026531840|4026531840,,1|1,1,11,7,2,2,4,4,19d7c959b90087586c9bd06dd71cda86131167c201d1283a61a352dbc57c41d5,e37fc89bcbb9a5ee01d9073e5a2665b3f169f5f750c853976eaaa24fc6bed105,1,1
204,2100000,3,adjacent_relay,two_contacts,production,4026531840|4026531840,4026531840|4026531840,,1|1,1,11,7,2,2,4,4,19d7c959b90087586c9bd06dd71cda86131167c201d1283a61a352dbc57c41d5,e37fc89bcbb9a5ee01d9073e5a2665b3f169f5f750c853976eaaa24fc6bed105,1,1
205,2100000,4,adjacent_relay,two_contacts,reference,4026531840|4026531840,4026531840|4026531840,,1|1,1,11,7,2,2,5,5,accd1f82593f138ee5293fd973239a0299b373eba845033dcf2a4bf31b91f8e5,e37fc89bcbb9a5ee01d9073e5a2665b3f169f5f750c853976eaaa24fc6bed105,1,1
205,2100000,4,adjacent_relay,two_contacts,production,4026531840|4026531840,4026531840|4026531840,,1|1,1,11,7,2,2,5,5,accd1f82593f138ee5293fd973239a0299b373eba845033dcf2a4bf31b91f8e5,e37fc89bcbb9a5ee01d9073e5a2665b3f169f5f750c853976eaaa24fc6bed105,1,1
206,2100000,5,adjacent_relay,two_contacts,reference,4026531840|4026531840,4026531840|4026531840,,1|1,1,11,7,2,2,6,6,d8b7d96811b8cd7feca66399de4b8b55de07d98c9aed48378bb8d9822d7c90fa,e37fc89bcbb9a5ee01d9073e5a2665b3f169f5f750c853976eaaa24fc6bed105,1,1
206,2100000,5,adjacent_relay,two_contacts,production,4026531840|4026531840,4026531840|4026531840,,1|1,1,11,7,2,2,6,6,d8b7d96811b8cd7feca66399de4b8b55de07d98c9aed48378bb8d9822d7c90fa,e37fc89bcbb9a5ee01d9073e5a2665b3f169f5f750c853976eaaa24fc6bed105,1,1
207,2100000,6,adjacent_relay,two_contacts,reference,4026531840|4026531840,4026531840|4026531840,,1|1,1,11,7,2,2,7,7,685abd7531b414a0ea5c4d09bc822fa0c9c7f5947b1dfefa50e120df7c6487a8,e37fc89bcbb9a5ee01d9073e5a2665b3f169f5f750c853976eaaa24fc6bed105,1,1
207,2100000,6,adjacent_relay,two_contacts,production,4026531840|4026531840,4026531840|4026531840,,1|1,1,11,7,2,2,7,7,685abd7531b414a0ea5c4d09bc822fa0c9c7f5947b1dfefa50e120df7c6487a8,e37fc89bcbb9a5ee01d9073e5a2665b3f169f5f750c853976eaaa24fc6bed105,1,1
208,2100000,7,adjacent_relay,two_contacts,reference,4026531840|4026531840,4026531840|4026531840,,1|1,1,11,7,2,2,8,8,3d7cca0d3a62c1d309ec0bef8a5aa9b53a00aa90cd76d15249e8a208d60d5a22,e37fc89bcbb9a5ee01d9073e5a2665b3f169f5f750c853976eaaa24fc6bed105,1,1
208,2100000,7,adjacent_relay,two_contacts,production,4026531840|4026531840,4026531840|4026531840,,1|1,1,11,7,2,2,8,8,3d7cca0d3a62c1d309ec0bef8a5aa9b53a00aa90cd76d15249e8a208d60d5a22,e37fc89bcbb9a5ee01d9073e5a2665b3f169f5f750c853976eaaa24fc6bed105,1,1
209,2100000,8,adjacent_relay,two_contacts,reference,4026531840|4026531840,4026531840|4026531840,,1|1,1,11,7,2,2,9,9,7e645e9801bb5cf112a5db4686120cceb94b2ebacc60c8db8c1802b6a9b8e0c5,e37fc89bcbb9a5ee01d9073e5a2665b3f169f5f750c853976eaaa24fc6bed105,1,1
209,2100000,8,adjacent_relay,two_contacts,production,4026531840|4026531840,4026531840|4026531840,,1|1,1,11,7,2,2,9,9,7e645e9801bb5cf112a5db4686120cceb94b2ebacc60c8db8c1802b6a9b8e0c5,e37fc89bcbb9a5ee01d9073e5a2665b3f169f5f750c853976eaaa24fc6bed105,1,1
210,2100000,9,adjacent_relay,two_contacts,reference,4026531840|4026531840,4026531840|4026531840,,1|1,1,11,7,2,2,10,0,0ab7927aa3c329004362f8612b1b90aa3e31e3d2df407368aabc4211661b8a9d,be4d77aa035e1fc195ea4b569cae1bf55de472d9807215b078d5886313dd115b,1,1
210,2100000,9,adjacent_relay,two_contacts,production,4026531840|4026531840,4026531840|4026531840,,1|1,1,11,7,2,2,10,0,0ab7927aa3c329004362f8612b1b90aa3e31e3d2df407368aabc4211661b8a9d,be4d77aa035e1fc195ea4b569cae1bf55de472d9807215b078d5886313dd115b,1,1
211,2200000,0,adjacent_relay,two_contacts,reference,4026531840|4026531840,4026531840|4026531840,,1|1,1,11,7,2,2,1,1,bfb791bb657f774ba1728a10570df9bc9b0f7d039192c2e2a507ab2ce837cb9a,0b7327d9054065540e80fa4b591098d1a79349aa7f0f6034e107ade88aa9694b,1,1
211,2200000,0,adjacent_relay,two_contacts,production,4026531840|4026531840,4026531840|4026531840,,1|1,1,11,7,2,2,1,1,bfb791bb657f774ba1728a10570df9bc9b0f7d039192c2e2a507ab2ce837cb9a,0b7327d9054065540e80fa4b591098d1a79349aa7f0f6034e107ade88aa9694b,1,1
212,2200000,1,adjacent_relay,two_contacts,reference,4026531840|4026531840,4026531840|4026531840,,1|1,1,11,7,2,2,2,2,d96672ddfa6d0a61bc7fa528e0680e260449065278673c97f6c6c82b04fcd32d,0b7327d9054065540e80fa4b591098d1a79349aa7f0f6034e107ade88aa9694b,1,1
212,2200000,1,adjacent_relay,two_contacts,production,4026531840|4026531840,4026531840|4026531840,,1|1,1,11,7,2,2,2,2,d96672ddfa6d0a61bc7fa528e0680e260449065278673c97f6c6c82b04fcd32d,0b7327d9054065540e80fa4b591098d1a79349aa7f0f6034e107ade88aa9694b,1,1
213,2200000,2,adjacent_relay,two_contacts,reference,4026531840|4026531840,4026531840|4026531840,,1|1,1,11,7,2,2,3,3,92fb3624c85e2b42231b16333b4e3559adf16a061de241eced4e9448e6215984,0b7327d9054065540e80fa4b591098d1a79349aa7f0f6034e107ade88aa9694b,1,1
213,2200000,2,adjacent_relay,two_contacts,production,4026531840|4026531840,4026531840|4026531840,,1|1,1,11,7,2,2,3,3,92fb3624c85e2b42231b16333b4e3559adf16a061de241eced4e9448e6215984,0b7327d9054065540e80fa4b591098d1a79349aa7f0f6034e107ade88aa9694b,1,1
214,2200000,3,adjacent_relay,two_contacts,reference,4026531840|4026531840,4026531840|4026531840,,1|1,1,11,7,2,2,4,4,19d7c959b90087586c9bd06dd71cda86131167c201d1283a61a352dbc57c41d5,0b7327d9054065540e80fa4b591098d1a79349aa7f0f6034e107ade88aa9694b,1,1
214,2200000,3,adjacent_relay,two_contacts,production,4026531840|4026531840,4026531840|4026531840,,1|1,1,11,7,2,2,4,4,19d7c959b90087586c9bd06dd71cda86131167c201d1283a61a352dbc57c41d5,0b7327d9054065540e80fa4b591098d1a79349aa7f0f6034e107ade88aa9694b,1,1
215,2200000,4,adjacent_relay,two_contacts,reference,4026531840|4026531840,4026531840|4026531840,,1|1,1,11,7,2,2,5,5,accd1f82593f138ee5293fd973239a0299b373eba845033dcf2a4bf31b91f8e5,0b7327d9054065540e80fa4b591098d1a79349aa7f0f6034e107ade88aa9694b,1,1
215,2200000,4,adjacent_relay,two_contacts,production,4026531840|4026531840,4026531840|4026531840,,1|1,1,11,7,2,2,5,5,accd1f82593f138ee5293fd973239a0299b373eba845033dcf2a4bf31b91f8e5,0b7327d9054065540e80fa4b591098d1a79349aa7f0f6034e107ade88aa9694b,1,1
216,2200000,5,adjacent_relay,two_contacts,reference,4026531840|4026531840,4026531840|4026531840,,1|1,1,11,7,2,2,6,6,d8b7d96811b8cd7feca66399de4b8b55de07d98c9aed48378bb8d9822d7c90fa,0b7327d9054065540e80fa4b591098d1a79349aa7f0f6034e107ade88aa9694b,1,1
216,2200000,5,adjacent_relay,two_contacts,production,4026531840|4026531840,4026531840|4026531840,,1|1,1,11,7,2,2,6,6,d8b7d96811b8cd7feca66399de4b8b55de07d98c9aed48378bb8d9822d7c90fa,0b7327d9054065540e80fa4b591098d1a79349aa7f0f6034e107ade88aa9694b,1,1
217,2200000,6,adjacent_relay,two_contacts,reference,4026531840|4026531840,4026531840|4026531840,,1|1,1,11,7,2,2,7,7,685abd7531b414a0ea5c4d09bc822fa0c9c7f5947b1dfefa50e120df7c6487a8,0b7327d9054065540e80fa4b591098d1a79349aa7f0f6034e107ade88aa9694b,1,1
217,2200000,6,adjacent_relay,two_contacts,production,4026531840|4026531840,4026531840|4026531840,,1|1,1,11,7,2,2,7,7,685abd7531b414a0ea5c4d09bc822fa0c9c7f5947b1dfefa50e120df7c6487a8,0b7327d9054065540e80fa4b591098d1a79349aa7f0f6034e107ade88aa9694b,1,1
218,2200000,7,adjacent_relay,two_contacts,reference,4026531840|4026531840,4026531840|4026531840,,1|1,1,11,7,2,2,8,8,3d7cca0d3a62c1d309ec0bef8a5aa9b53a00aa90cd76d15249e8a208d60d5a22,0b7327d9054065540e80fa4b591098d1a79349aa7f0f6034e107ade88aa9694b,1,1
218,2200000,7,adjacent_relay,two_contacts,production,4026531840|4026531840,4026531840|4026531840,,1|1,1,11,7,2,2,8,8,3d7cca0d3a62c1d309ec0bef8a5aa9b53a00aa90cd76d15249e8a208d60d5a22,0b7327d9054065540e80fa4b591098d1a79349aa7f0f6034e107ade88aa9694b,1,1
219,2200000,8,adjacent_relay,two_contacts,reference,4026531840|4026531840,4026531840|4026531840,,1|1,1,11,7,2,2,9,9,7e645e9801bb5cf112a5db4686120cceb94b2ebacc60c8db8c1802b6a9b8e0c5,0b7327d9054065540e80fa4b591098d1a79349aa7f0f6034e107ade88aa9694b,1,1
219,2200000,8,adjacent_relay,two_contacts,production,4026531840|4026531840,4026531840|4026531840,,1|1,1,11,7,2,2,9,9,7e645e9801bb5cf112a5db4686120cceb94b2ebacc60c8db8c1802b6a9b8e0c5,0b7327d9054065540e80fa4b591098d1a79349aa7f0f6034e107ade88aa9694b,1,1
220,2200000,9,adjacent_relay,two_contacts,reference,4026531840|4026531840,4026531840|4026531840,,1|1,1,11,7,2,2,10,0,0ab7927aa3c329004362f8612b1b90aa3e31e3d2df407368aabc4211661b8a9d,90069113d53a78a91672d1c5a27003d761ccf4aa20e5e710ce87143222ef368e,1,1
220,2200000,9,adjacent_relay,two_contacts,production,4026531840|4026531840,4026531840|4026531840,,1|1,1,11,7,2,2,10,0,0ab7927aa3c329004362f8612b1b90aa3e31e3d2df407368aabc4211661b8a9d,90069113d53a78a91672d1c5a27003d761ccf4aa20e5e710ce87143222ef368e,1,1
221,2100000,0,adjacent_relay,three_contacts,reference,4026531840|4026531840|4026531840,4026531840|4026531840|4026531840,,1|1|1,1,15,9,3,3,1,1,f3e55e86d709ba7ddbd263376f19c30089a7fc490b7dd8615e41eb688c369d2f,587124f8ee7ab7728239e71652596f9cabef89a65d8f09892ac3ecc5bb3623f0,1,1
221,2100000,0,adjacent_relay,three_contacts,production,4026531840|4026531840|4026531840,4026531840|4026531840|4026531840,,1|1|1,1,15,9,3,3,1,1,f3e55e86d709ba7ddbd263376f19c30089a7fc490b7dd8615e41eb688c369d2f,587124f8ee7ab7728239e71652596f9cabef89a65d8f09892ac3ecc5bb3623f0,1,1
222,2100000,1,adjacent_relay,three_contacts,reference,4026531840|4026531840|4026531840,4026531840|4026531840|4026531840,,1|1|1,1,15,9,3,3,2,2,8147a55e280b13507a7a611e9a4195a88e6b3642a6c3e94cba648253abb5578d,587124f8ee7ab7728239e71652596f9cabef89a65d8f09892ac3ecc5bb3623f0,1,1
222,2100000,1,adjacent_relay,three_contacts,production,4026531840|4026531840|4026531840,4026531840|4026531840|4026531840,,1|1|1,1,15,9,3,3,2,2,8147a55e280b13507a7a611e9a4195a88e6b3642a6c3e94cba648253abb5578d,587124f8ee7ab7728239e71652596f9cabef89a65d8f09892ac3ecc5bb3623f0,1,1
223,2100000,2,adjacent_relay,three_contacts,reference,4026531840|4026531840|4026531840,4026531840|4026531840|4026531840,,1|1|1,1,15,9,3,3,3,3,fd5cc63a4aa0e3568a61780f95c74b6def0ce8afa6a22df0f9fed2b0f8bbbeb9,587124f8ee7ab7728239e71652596f9cabef89a65d8f09892ac3ecc5bb3623f0,1,1
223,2100000,2,adjacent_relay,three_contacts,production,4026531840|4026531840|4026531840,4026531840|4026531840|4026531840,,1|1|1,1,15,9,3,3,3,3,fd5cc63a4aa0e3568a61780f95c74b6def0ce8afa6a22df0f9fed2b0f8bbbeb9,587124f8ee7ab7728239e71652596f9cabef89a65d8f09892ac3ecc5bb3623f0,1,1
224,2100000,3,adjacent_relay,three_contacts,reference,4026531840|4026531840|4026531840,4026531840|4026531840|4026531840,,1|1|1,1,15,9,3,3,4,4,d1d30a9c53fa9a06ab13ee7cd6f28de2313841f263f46e768ae5b0f623ea35f1,587124f8ee7ab7728239e71652596f9cabef89a65d8f09892ac3ecc5bb3623f0,1,1
224,2100000,3,adjacent_relay,three_contacts,production,4026531840|4026531840|4026531840,4026531840|4026531840|4026531840,,1|1|1,1,15,9,3,3,4,4,d1d30a9c53fa9a06ab13ee7cd6f28de2313841f263f46e768ae5b0f623ea35f1,587124f8ee7ab7728239e71652596f9cabef89a65d8f09892ac3ecc5bb3623f0,1,1
225,2100000,4,adjacent_relay,three_contacts,reference,4026531840|4026531840|4026531840,4026531840|4026531840|4026531840,,1|1|1,1,15,9,3,3,5,5,b0a379a129fef0bb7364de326815b55c25d360151b61adfb497e3abbcde0b94d,587124f8ee7ab7728239e71652596f9cabef89a65d8f09892ac3ecc5bb3623f0,1,1
225,2100000,4,adjacent_relay,three_contacts,production,4026531840|4026531840|4026531840,4026531840|4026531840|4026531840,,1|1|1,1,15,9,3,3,5,5,b0a379a129fef0bb7364de326815b55c25d360151b61adfb497e3abbcde0b94d,587124f8ee7ab7728239e71652596f9cabef89a65d8f09892ac3ecc5bb3623f0,1,1
226,2100000,5,adjacent_relay,three_contacts,reference,4026531840|4026531840|4026531840,4026531840|4026531840|4026531840,,1|1|1,1,15,9,3,3,6,6,a62558ee1776d9c20f70f2fcf8ca595550aa32150d208917510c0429748cf5c1,587124f8ee7ab7728239e71652596f9cabef89a65d8f09892ac3ecc5bb3623f0,1,1
226,2100000,5,adjacent_relay,three_contacts,production,4026531840|4026531840|4026531840,4026531840|4026531840|4026531840,,1|1|1,1,15,9,3,3,6,6,a62558ee1776d9c20f70f2fcf8ca595550aa32150d208917510c0429748cf5c1,587124f8ee7ab7728239e71652596f9cabef89a65d8f09892ac3ecc5bb3623f0,1,1
227,2100000,6,adjacent_relay,three_contacts,reference,4026531840|4026531840|4026531840,4026531840|4026531840|4026531840,,1|1|1,1,15,9,3,3,7,7,4a24779b63f24083b84c63fec0fac4b9a8aadefdf531f5e8dd3d6b450d756fea,587124f8ee7ab7728239e71652596f9cabef89a65d8f09892ac3ecc5bb3623f0,1,1
227,2100000,6,adjacent_relay,three_contacts,production,4026531840|4026531840|4026531840,4026531840|4026531840|4026531840,,1|1|1,1,15,9,3,3,7,7,4a24779b63f24083b84c63fec0fac4b9a8aadefdf531f5e8dd3d6b450d756fea,587124f8ee7ab7728239e71652596f9cabef89a65d8f09892ac3ecc5bb3623f0,1,1
228,2100000,7,adjacent_relay,three_contacts,reference,4026531840|4026531840|4026531840,4026531840|4026531840|4026531840,,1|1|1,1,15,9,3,3,8,8,d3b0f2eaf0a419e98bfc52f4af2e600e47c9f3f003f101d731446ebcd75d85d6,587124f8ee7ab7728239e71652596f9cabef89a65d8f09892ac3ecc5bb3623f0,1,1
228,2100000,7,adjacent_relay,three_contacts,production,4026531840|4026531840|4026531840,4026531840|4026531840|4026531840,,1|1|1,1,15,9,3,3,8,8,d3b0f2eaf0a419e98bfc52f4af2e600e47c9f3f003f101d731446ebcd75d85d6,587124f8ee7ab7728239e71652596f9cabef89a65d8f09892ac3ecc5bb3623f0,1,1
229,2100000,8,adjacent_relay,three_contacts,reference,4026531840|4026531840|4026531840,4026531840|4026531840|4026531840,,1|1|1,1,15,9,3,3,9,9,1c5143fb61be85c260213f67d6c984e2959f6cad04874c01bd8def846bd21a60,587124f8ee7ab7728239e71652596f9cabef89a65d8f09892ac3ecc5bb3623f0,1,1
229,2100000,8,adjacent_relay,three_contacts,production,4026531840|4026531840|4026531840,4026531840|4026531840|4026531840,,1|1|1,1,15,9,3,3,9,9,1c5143fb61be85c260213f67d6c984e2959f6cad04874c01bd8def846bd21a60,587124f8ee7ab7728239e71652596f9cabef89a65d8f09892ac3ecc5bb3623f0,1,1
230,2100000,9,adjacent_relay,three_contacts,reference,4026531840|4026531840|4026531840,4026531840|4026531840|4026531840,,1|1|1,1,15,9,3,3,10,0,6f77816cee6f535bbec6c2396f38bf23e14c7f534f46897eae65fe6e74dbc709,87ab00b67d88442cc65c8c476aff9a69140f163f6e214f7b9b171dbc428f0258,1,1
230,2100000,9,adjacent_relay,three_contacts,production,4026531840|4026531840|4026531840,4026531840|4026531840|4026531840,,1|1|1,1,15,9,3,3,10,0,6f77816cee6f535bbec6c2396f38bf23e14c7f534f46897eae65fe6e74dbc709,87ab00b67d88442cc65c8c476aff9a69140f163f6e214f7b9b171dbc428f0258,1,1
231,2200000,0,adjacent_relay,three_contacts,reference,4026531840|4026531840|4026531840,4026531840|4026531840|4026531840,,1|1|1,1,15,9,3,3,1,1,f3e55e86d709ba7ddbd263376f19c30089a7fc490b7dd8615e41eb688c369d2f,6c8a928bab79981d160177bde3ebf40d809924a2faa56c931a230cd7153f90df,1,1
231,2200000,0,adjacent_relay,three_contacts,production,4026531840|4026531840|4026531840,4026531840|4026531840|4026531840,,1|1|1,1,15,9,3,3,1,1,f3e55e86d709ba7ddbd263376f19c30089a7fc490b7dd8615e41eb688c369d2f,6c8a928bab79981d160177bde3ebf40d809924a2faa56c931a230cd7153f90df,1,1
232,2200000,1,adjacent_relay,three_contacts,reference,4026531840|4026531840|4026531840,4026531840|4026531840|4026531840,,1|1|1,1,15,9,3,3,2,2,8147a55e280b13507a7a611e9a4195a88e6b3642a6c3e94cba648253abb5578d,6c8a928bab79981d160177bde3ebf40d809924a2faa56c931a230cd7153f90df,1,1
232,2200000,1,adjacent_relay,three_contacts,production,4026531840|4026531840|4026531840,4026531840|4026531840|4026531840,,1|1|1,1,15,9,3,3,2,2,8147a55e280b13507a7a611e9a4195a88e6b3642a6c3e94cba648253abb5578d,6c8a928bab79981d160177bde3ebf40d809924a2faa56c931a230cd7153f90df,1,1
233,2200000,2,adjacent_relay,three_contacts,reference,4026531840|4026531840|4026531840,4026531840|4026531840|4026531840,,1|1|1,1,15,9,3,3,3,3,fd5cc63a4aa0e3568a61780f95c74b6def0ce8afa6a22df0f9fed2b0f8bbbeb9,6c8a928bab79981d160177bde3ebf40d809924a2faa56c931a230cd7153f90df,1,1
233,2200000,2,adjacent_relay,three_contacts,production,4026531840|4026531840|4026531840,4026531840|4026531840|4026531840,,1|1|1,1,15,9,3,3,3,3,fd5cc63a4aa0e3568a61780f95c74b6def0ce8afa6a22df0f9fed2b0f8bbbeb9,6c8a928bab79981d160177bde3ebf40d809924a2faa56c931a230cd7153f90df,1,1
234,2200000,3,adjacent_relay,three_contacts,reference,4026531840|4026531840|4026531840,4026531840|4026531840|4026531840,,1|1|1,1,15,9,3,3,4,4,d1d30a9c53fa9a06ab13ee7cd6f28de2313841f263f46e768ae5b0f623ea35f1,6c8a928bab79981d160177bde3ebf40d809924a2faa56c931a230cd7153f90df,1,1
234,2200000,3,adjacent_relay,three_contacts,production,4026531840|4026531840|4026531840,4026531840|4026531840|4026531840,,1|1|1,1,15,9,3,3,4,4,d1d30a9c53fa9a06ab13ee7cd6f28de2313841f263f46e768ae5b0f623ea35f1,6c8a928bab79981d160177bde3ebf40d809924a2faa56c931a230cd7153f90df,1,1
235,2200000,4,adjacent_relay,three_contacts,reference,4026531840|4026531840|4026531840,4026531840|4026531840|4026531840,,1|1|1,1,15,9,3,3,5,5,b0a379a129fef0bb7364de326815b55c25d360151b61adfb497e3abbcde0b94d,6c8a928bab79981d160177bde3ebf40d809924a2faa56c931a230cd7153f90df,1,1
235,2200000,4,adjacent_relay,three_contacts,production,4026531840|4026531840|4026531840,4026531840|4026531840|4026531840,,1|1|1,1,15,9,3,3,5,5,b0a379a129fef0bb7364de326815b55c25d360151b61adfb497e3abbcde0b94d,6c8a928bab79981d160177bde3ebf40d809924a2faa56c931a230cd7153f90df,1,1
236,2200000,5,adjacent_relay,three_contacts,reference,4026531840|4026531840|4026531840,4026531840|4026531840|4026531840,,1|1|1,1,15,9,3,3,6,6,a62558ee1776d9c20f70f2fcf8ca595550aa32150d208917510c0429748cf5c1,6c8a928bab79981d160177bde3ebf40d809924a2faa56c931a230cd7153f90df,1,1
236,2200000,5,adjacent_relay,three_contacts,production,4026531840|4026531840|4026531840,4026531840|4026531840|4026531840,,1|1|1,1,15,9,3,3,6,6,a62558ee1776d9c20f70f2fcf8ca595550aa32150d208917510c0429748cf5c1,6c8a928bab79981d160177bde3ebf40d809924a2faa56c931a230cd7153f90df,1,1
237,2200000,6,adjacent_relay,three_contacts,reference,4026531840|4026531840|4026531840,4026531840|4026531840|4026531840,,1|1|1,1,15,9,3,3,7,7,4a24779b63f24083b84c63fec0fac4b9a8aadefdf531f5e8dd3d6b450d756fea,6c8a928bab79981d160177bde3ebf40d809924a2faa56c931a230cd7153f90df,1,1
237,2200000,6,adjacent_relay,three_contacts,production,4026531840|4026531840|4026531840,4026531840|4026531840|4026531840,,1|1|1,1,15,9,3,3,7,7,4a24779b63f24083b84c63fec0fac4b9a8aadefdf531f5e8dd3d6b450d756fea,6c8a928bab79981d160177bde3ebf40d809924a2faa56c931a230cd7153f90df,1,1
238,2200000,7,adjacent_relay,three_contacts,reference,4026531840|4026531840|4026531840,4026531840|4026531840|4026531840,,1|1|1,1,15,9,3,3,8,8,d3b0f2eaf0a419e98bfc52f4af2e600e47c9f3f003f101d731446ebcd75d85d6,6c8a928bab79981d160177bde3ebf40d809924a2faa56c931a230cd7153f90df,1,1
238,2200000,7,adjacent_relay,three_contacts,production,4026531840|4026531840|4026531840,4026531840|4026531840|4026531840,,1|1|1,1,15,9,3,3,8,8,d3b0f2eaf0a419e98bfc52f4af2e600e47c9f3f003f101d731446ebcd75d85d6,6c8a928bab79981d160177bde3ebf40d809924a2faa56c931a230cd7153f90df,1,1
239,2200000,8,adjacent_relay,three_contacts,reference,4026531840|4026531840|4026531840,4026531840|4026531840|4026531840,,1|1|1,1,15,9,3,3,9,9,1c5143fb61be85c260213f67d6c984e2959f6cad04874c01bd8def846bd21a60,6c8a928bab79981d160177bde3ebf40d809924a2faa56c931a230cd7153f90df,1,1
239,2200000,8,adjacent_relay,three_contacts,production,4026531840|4026531840|4026531840,4026531840|4026531840|4026531840,,1|1|1,1,15,9,3,3,9,9,1c5143fb61be85c260213f67d6c984e2959f6cad04874c01bd8def846bd21a60,6c8a928bab79981d160177bde3ebf40d809924a2faa56c931a230cd7153f90df,1,1
240,2200000,9,adjacent_relay,three_contacts,reference,4026531840|4026531840|4026531840,4026531840|4026531840|4026531840,,1|1|1,1,15,9,3,3,10,0,6f77816cee6f535bbec6c2396f38bf23e14c7f534f46897eae65fe6e74dbc709,3e06e75789aa8f40fa3de8ed55f1318434f155943e611b13822dc050bd8eb262,1,1
240,2200000,9,adjacent_relay,three_contacts,production,4026531840|4026531840|4026531840,4026531840|4026531840|4026531840,,1|1|1,1,15,9,3,3,10,0,6f77816cee6f535bbec6c2396f38bf23e14c7f534f46897eae65fe6e74dbc709,3e06e75789aa8f40fa3de8ed55f1318434f155943e611b13822dc050bd8eb262,1,1
241,2100000,0,adjacent_relay,broken_chain,reference,4026531840|4026531840|4026531840,4026531840|4026531840|4026531840,,1|1|1,0,17,11,3,3,1,1,fd43e3f18c4a0b59e22cc55e010b23a87df664cd445be73a55c8f656dcae93bc,1d9fcbb48178c7832c97c4b3f5ea619c527f985cc1ee13a1bae64d0f31976461,1,1
241,2100000,0,adjacent_relay,broken_chain,production,4026531840|4026531840|4026531840,4026531840|4026531840|4026531840,,1|1|1,0,17,11,3,3,1,1,fd43e3f18c4a0b59e22cc55e010b23a87df664cd445be73a55c8f656dcae93bc,1d9fcbb48178c7832c97c4b3f5ea619c527f985cc1ee13a1bae64d0f31976461,1,1
242,2100000,1,adjacent_relay,broken_chain,reference,4026531840|4026531840|4026531840,4026531840|4026531840|4026531840,,1|1|1,0,17,11,3,3,2,2,4b832a5cfcbf58f49e9c2f0cb946e917ae1bdc70a34ab72c18d8724dbc4d7bca,1d9fcbb48178c7832c97c4b3f5ea619c527f985cc1ee13a1bae64d0f31976461,1,1
242,2100000,1,adjacent_relay,broken_chain,production,4026531840|4026531840|4026531840,4026531840|4026531840|4026531840,,1|1|1,0,17,11,3,3,2,2,4b832a5cfcbf58f49e9c2f0cb946e917ae1bdc70a34ab72c18d8724dbc4d7bca,1d9fcbb48178c7832c97c4b3f5ea619c527f985cc1ee13a1bae64d0f31976461,1,1
243,2100000,2,adjacent_relay,broken_chain,reference,4026531840|4026531840|4026531840,4026531840|4026531840|4026531840,,1|1|1,0,17,11,3,3,3,3,4a1b7abb42944d846b6f9dba273925d5b77a07288e5182eaab8a3ea09eaf3769,1d9fcbb48178c7832c97c4b3f5ea619c527f985cc1ee13a1bae64d0f31976461,1,1
243,2100000,2,adjacent_relay,broken_chain,production,4026531840|4026531840|4026531840,4026531840|4026531840|4026531840,,1|1|1,0,17,11,3,3,3,3,4a1b7abb42944d846b6f9dba273925d5b77a07288e5182eaab8a3ea09eaf3769,1d9fcbb48178c7832c97c4b3f5ea619c527f985cc1ee13a1bae64d0f31976461,1,1
244,2100000,3,adjacent_relay,broken_chain,reference,4026531840|4026531840|4026531840,4026531840|4026531840|4026531840,,1|1|1,0,17,11,3,3,4,4,112430645adbdbb7e20683cc6076e5f22579aa3414a0d50aa3763bb253f7d28d,1d9fcbb48178c7832c97c4b3f5ea619c527f985cc1ee13a1bae64d0f31976461,1,1
244,2100000,3,adjacent_relay,broken_chain,production,4026531840|4026531840|4026531840,4026531840|4026531840|4026531840,,1|1|1,0,17,11,3,3,4,4,112430645adbdbb7e20683cc6076e5f22579aa3414a0d50aa3763bb253f7d28d,1d9fcbb48178c7832c97c4b3f5ea619c527f985cc1ee13a1bae64d0f31976461,1,1
245,2100000,4,adjacent_relay,broken_chain,reference,4026531840|4026531840|4026531840,4026531840|4026531840|4026531840,,1|1|1,0,17,11,3,3,5,5,45ad64d6f09b6fcb4a3494df75ddb1d02441caa3948b760c863085c7ab569b4b,1d9fcbb48178c7832c97c4b3f5ea619c527f985cc1ee13a1bae64d0f31976461,1,1
245,2100000,4,adjacent_relay,broken_chain,production,4026531840|4026531840|4026531840,4026531840|4026531840|4026531840,,1|1|1,0,17,11,3,3,5,5,45ad64d6f09b6fcb4a3494df75ddb1d02441caa3948b760c863085c7ab569b4b,1d9fcbb48178c7832c97c4b3f5ea619c527f985cc1ee13a1bae64d0f31976461,1,1
246,2100000,5,adjacent_relay,broken_chain,reference,4026531840|4026531840|4026531840,4026531840|4026531840|4026531840,,1|1|1,0,17,11,3,3,6,6,094083807e7fd3054abfd04bbda09771e3edceeb94430e61ad963bb0dac14c59,1d9fcbb48178c7832c97c4b3f5ea619c527f985cc1ee13a1bae64d0f31976461,1,1
246,2100000,5,adjacent_relay,broken_chain,production,4026531840|4026531840|4026531840,4026531840|4026531840|4026531840,,1|1|1,0,17,11,3,3,6,6,094083807e7fd3054abfd04bbda09771e3edceeb94430e61ad963bb0dac14c59,1d9fcbb48178c7832c97c4b3f5ea619c527f985cc1ee13a1bae64d0f31976461,1,1
247,2100000,6,adjacent_relay,broken_chain,reference,4026531840|4026531840|4026531840,4026531840|4026531840|4026531840,,1|1|1,0,17,11,3,3,7,7,98b1c0d98245757a8523ec043608f4f0a0d466fc2cf51c4d01f5e5345f641f0c,1d9fcbb48178c7832c97c4b3f5ea619c527f985cc1ee13a1bae64d0f31976461,1,1
247,2100000,6,adjacent_relay,broken_chain,production,4026531840|4026531840|4026531840,4026531840|4026531840|4026531840,,1|1|1,0,17,11,3,3,7,7,98b1c0d98245757a8523ec043608f4f0a0d466fc2cf51c4d01f5e5345f641f0c,1d9fcbb48178c7832c97c4b3f5ea619c527f985cc1ee13a1bae64d0f31976461,1,1
248,2100000,7,adjacent_relay,broken_chain,reference,4026531840|4026531840|4026531840,4026531840|4026531840|4026531840,,1|1|1,0,17,11,3,3,8,8,3ed1ef8889982cdbffbb5d8e783ed21d4e820d424316951ba58584668e4485e5,1d9fcbb48178c7832c97c4b3f5ea619c527f985cc1ee13a1bae64d0f31976461,1,1
248,2100000,7,adjacent_relay,broken_chain,production,4026531840|4026531840|4026531840,4026531840|4026531840|4026531840,,1|1|1,0,17,11,3,3,8,8,3ed1ef8889982cdbffbb5d8e783ed21d4e820d424316951ba58584668e4485e5,1d9fcbb48178c7832c97c4b3f5ea619c527f985cc1ee13a1bae64d0f31976461,1,1
249,2100000,8,adjacent_relay,broken_chain,reference,4026531840|4026531840|4026531840,4026531840|4026531840|4026531840,,1|1|1,0,17,11,3,3,9,9,512cf86b8d174904976134eb2976a9a8637b685e47148f547e77b65e85403999,1d9fcbb48178c7832c97c4b3f5ea619c527f985cc1ee13a1bae64d0f31976461,1,1
249,2100000,8,adjacent_relay,broken_chain,production,4026531840|4026531840|4026531840,4026531840|4026531840|4026531840,,1|1|1,0,17,11,3,3,9,9,512cf86b8d174904976134eb2976a9a8637b685e47148f547e77b65e85403999,1d9fcbb48178c7832c97c4b3f5ea619c527f985cc1ee13a1bae64d0f31976461,1,1
250,2100000,9,adjacent_relay,broken_chain,reference,4026531840|4026531840|4026531840,4026531840|4026531840|4026531840,,1|1|1,0,17,11,3,3,10,0,75de094bf9e96a97cde889e61b299f56c9bca47f482649472200a196bccf9124,c8761e0ee1a47c416dbe92015511d8b988e7ec5280ac1027f2c811b0923a5c08,1,1
250,2100000,9,adjacent_relay,broken_chain,production,4026531840|4026531840|4026531840,4026531840|4026531840|4026531840,,1|1|1,0,17,11,3,3,10,0,75de094bf9e96a97cde889e61b299f56c9bca47f482649472200a196bccf9124,c8761e0ee1a47c416dbe92015511d8b988e7ec5280ac1027f2c811b0923a5c08,1,1
251,2200000,0,adjacent_relay,broken_chain,reference,4026531840|4026531840|4026531840,4026531840|4026531840|4026531840,,1|1|1,0,17,11,3,3,1,1,fd43e3f18c4a0b59e22cc55e010b23a87df664cd445be73a55c8f656dcae93bc,548276e40df3e0f9b5fe675a91dd37aa10d44d18d7f114f836279c1e6f766614,1,1
251,2200000,0,adjacent_relay,broken_chain,production,4026531840|4026531840|4026531840,4026531840|4026531840|4026531840,,1|1|1,0,17,11,3,3,1,1,fd43e3f18c4a0b59e22cc55e010b23a87df664cd445be73a55c8f656dcae93bc,548276e40df3e0f9b5fe675a91dd37aa10d44d18d7f114f836279c1e6f766614,1,1
252,2200000,1,adjacent_relay,broken_chain,reference,4026531840|4026531840|4026531840,4026531840|4026531840|4026531840,,1|1|1,0,17,11,3,3,2,2,4b832a5cfcbf58f49e9c2f0cb946e917ae1bdc70a34ab72c18d8724dbc4d7bca,548276e40df3e0f9b5fe675a91dd37aa10d44d18d7f114f836279c1e6f766614,1,1
252,2200000,1,adjacent_relay,broken_chain,production,4026531840|4026531840|4026531840,4026531840|4026531840|4026531840,,1|1|1,0,17,11,3,3,2,2,4b832a5cfcbf58f49e9c2f0cb946e917ae1bdc70a34ab72c18d8724dbc4d7bca,548276e40df3e0f9b5fe675a91dd37aa10d44d18d7f114f836279c1e6f766614,1,1
253,2200000,2,adjacent_relay,broken_chain,reference,4026531840|4026531840|4026531840,4026531840|4026531840|4026531840,,1|1|1,0,17,11,3,3,3,3,4a1b7abb42944d846b6f9dba273925d5b77a07288e5182eaab8a3ea09eaf3769,548276e40df3e0f9b5fe675a91dd37aa10d44d18d7f114f836279c1e6f766614,1,1
253,2200000,2,adjacent_relay,broken_chain,production,4026531840|4026531840|4026531840,4026531840|4026531840|4026531840,,1|1|1,0,17,11,3,3,3,3,4a1b7abb42944d846b6f9dba273925d5b77a07288e5182eaab8a3ea09eaf3769,548276e40df3e0f9b5fe675a91dd37aa10d44d18d7f114f836279c1e6f766614,1,1
254,2200000,3,adjacent_relay,broken_chain,reference,4026531840|4026531840|4026531840,4026531840|4026531840|4026531840,,1|1|1,0,17,11,3,3,4,4,112430645adbdbb7e20683cc6076e5f22579aa3414a0d50aa3763bb253f7d28d,548276e40df3e0f9b5fe675a91dd37aa10d44d18d7f114f836279c1e6f766614,1,1
254,2200000,3,adjacent_relay,broken_chain,production,4026531840|4026531840|4026531840,4026531840|4026531840|4026531840,,1|1|1,0,17,11,3,3,4,4,112430645adbdbb7e20683cc6076e5f22579aa3414a0d50aa3763bb253f7d28d,548276e40df3e0f9b5fe675a91dd37aa10d44d18d7f114f836279c1e6f766614,1,1
255,2200000,4,adjacent_relay,broken_chain,reference,4026531840|4026531840|4026531840,4026531840|4026531840|4026531840,,1|1|1,0,17,11,3,3,5,5,45ad64d6f09b6fcb4a3494df75ddb1d02441caa3948b760c863085c7ab569b4b,548276e40df3e0f9b5fe675a91dd37aa10d44d18d7f114f836279c1e6f766614,1,1
255,2200000,4,adjacent_relay,broken_chain,production,4026531840|4026531840|4026531840,4026531840|4026531840|4026531840,,1|1|1,0,17,11,3,3,5,5,45ad64d6f09b6fcb4a3494df75ddb1d02441caa3948b760c863085c7ab569b4b,548276e40df3e0f9b5fe675a91dd37aa10d44d18d7f114f836279c1e6f766614,1,1
256,2200000,5,adjacent_relay,broken_chain,reference,4026531840|4026531840|4026531840,4026531840|4026531840|4026531840,,1|1|1,0,17,11,3,3,6,6,094083807e7fd3054abfd04bbda09771e3edceeb94430e61ad963bb0dac14c59,548276e40df3e0f9b5fe675a91dd37aa10d44d18d7f114f836279c1e6f766614,1,1
256,2200000,5,adjacent_relay,broken_chain,production,4026531840|4026531840|4026531840,4026531840|4026531840|4026531840,,1|1|1,0,17,11,3,3,6,6,094083807e7fd3054abfd04bbda09771e3edceeb94430e61ad963bb0dac14c59,548276e40df3e0f9b5fe675a91dd37aa10d44d18d7f114f836279c1e6f766614,1,1
257,2200000,6,adjacent_relay,broken_chain,reference,4026531840|4026531840|4026531840,4026531840|4026531840|4026531840,,1|1|1,0,17,11,3,3,7,7,98b1c0d98245757a8523ec043608f4f0a0d466fc2cf51c4d01f5e5345f641f0c,548276e40df3e0f9b5fe675a91dd37aa10d44d18d7f114f836279c1e6f766614,1,1
257,2200000,6,adjacent_relay,broken_chain,production,4026531840|4026531840|4026531840,4026531840|4026531840|4026531840,,1|1|1,0,17,11,3,3,7,7,98b1c0d98245757a8523ec043608f4f0a0d466fc2cf51c4d01f5e5345f641f0c,548276e40df3e0f9b5fe675a91dd37aa10d44d18d7f114f836279c1e6f766614,1,1
258,2200000,7,adjacent_relay,broken_chain,reference,4026531840|4026531840|4026531840,4026531840|4026531840|4026531840,,1|1|1,0,17,11,3,3,8,8,3ed1ef8889982cdbffbb5d8e783ed21d4e820d424316951ba58584668e4485e5,548276e40df3e0f9b5fe675a91dd37aa10d44d18d7f114f836279c1e6f766614,1,1
258,2200000,7,adjacent_relay,broken_chain,production,4026531840|4026531840|4026531840,4026531840|4026531840|4026531840,,1|1|1,0,17,11,3,3,8,8,3ed1ef8889982cdbffbb5d8e783ed21d4e820d424316951ba58584668e4485e5,548276e40df3e0f9b5fe675a91dd37aa10d44d18d7f114f836279c1e6f766614,1,1
259,2200000,8,adjacent_relay,broken_chain,reference,4026531840|4026531840|4026531840,4026531840|4026531840|4026531840,,1|1|1,0,17,11,3,3,9,9,512cf86b8d174904976134eb2976a9a8637b685e47148f547e77b65e85403999,548276e40df3e0f9b5fe675a91dd37aa10d44d18d7f114f836279c1e6f766614,1,1
259,2200000,8,adjacent_relay,broken_chain,production,4026531840|4026531840|4026531840,4026531840|4026531840|4026531840,,1|1|1,0,17,11,3,3,9,9,512cf86b8d174904976134eb2976a9a8637b685e47148f547e77b65e85403999,548276e40df3e0f9b5fe675a91dd37aa10d44d18d7f114f836279c1e6f766614,1,1
260,2200000,9,adjacent_relay,broken_chain,reference,4026531840|4026531840|4026531840,4026531840|4026531840|4026531840,,1|1|1,0,17,11,3,3,10,0,75de094bf9e96a97cde889e61b299f56c9bca47f482649472200a196bccf9124,b8bf7fdf007d345d84c7f242e4239b608955301242a81d992c7c11753b37a14c,1,1
260,2200000,9,adjacent_relay,broken_chain,production,4026531840|4026531840|4026531840,4026531840|4026531840|4026531840,,1|1|1,0,17,11,3,3,10,0,75de094bf9e96a97cde889e61b299f56c9bca47f482649472200a196bccf9124,b8bf7fdf007d345d84c7f242e4239b608955301242a81d992c7c11753b37a14c,1,1
261,2100000,0,adjacent_relay,unused_intermediate,reference,4026531840|0|4026531840,4026531840|0|4026531840,,1|1|1,0,16,10,3,3,1,1,3f5aeb5588984d7b3385f39aecaf94083290bf0df1618e491ab105e6dd4b27fa,f368594560789f8f2f958765f9c80403c7483fcc6bb7b21128456f7a4ae60000,1,1
261,2100000,0,adjacent_relay,unused_intermediate,production,4026531840|0|4026531840,4026531840|0|4026531840,,1|1|1,0,16,10,3,3,1,1,3f5aeb5588984d7b3385f39aecaf94083290bf0df1618e491ab105e6dd4b27fa,f368594560789f8f2f958765f9c80403c7483fcc6bb7b21128456f7a4ae60000,1,1
262,2100000,1,adjacent_relay,unused_intermediate,reference,4026531840|0|4026531840,4026531840|0|4026531840,,1|1|1,0,16,10,3,3,2,2,63955e3c3bcb01a97aa0f9ff22fa34bd1a25adc826671b95f22d01dad4c59888,f368594560789f8f2f958765f9c80403c7483fcc6bb7b21128456f7a4ae60000,1,1
262,2100000,1,adjacent_relay,unused_intermediate,production,4026531840|0|4026531840,4026531840|0|4026531840,,1|1|1,0,16,10,3,3,2,2,63955e3c3bcb01a97aa0f9ff22fa34bd1a25adc826671b95f22d01dad4c59888,f368594560789f8f2f958765f9c80403c7483fcc6bb7b21128456f7a4ae60000,1,1
263,2100000,2,adjacent_relay,unused_intermediate,reference,4026531840|0|4026531840,4026531840|0|4026531840,,1|1|1,0,16,10,3,3,3,3,bdcb43fd3caa76ebbdad576e28d91bcfbcd89d3a8dafdc91e87b83a5be810f13,f368594560789f8f2f958765f9c80403c7483fcc6bb7b21128456f7a4ae60000,1,1
263,2100000,2,adjacent_relay,unused_intermediate,production,4026531840|0|4026531840,4026531840|0|4026531840,,1|1|1,0,16,10,3,3,3,3,bdcb43fd3caa76ebbdad576e28d91bcfbcd89d3a8dafdc91e87b83a5be810f13,f368594560789f8f2f958765f9c80403c7483fcc6bb7b21128456f7a4ae60000,1,1
264,2100000,3,adjacent_relay,unused_intermediate,reference,4026531840|0|4026531840,4026531840|0|4026531840,,1|1|1,0,16,10,3,3,4,4,dda3a713a2969a04737bfe5a96580f949a490ce63472f4e285c8de910c0f3fe1,f368594560789f8f2f958765f9c80403c7483fcc6bb7b21128456f7a4ae60000,1,1
264,2100000,3,adjacent_relay,unused_intermediate,production,4026531840|0|4026531840,4026531840|0|4026531840,,1|1|1,0,16,10,3,3,4,4,dda3a713a2969a04737bfe5a96580f949a490ce63472f4e285c8de910c0f3fe1,f368594560789f8f2f958765f9c80403c7483fcc6bb7b21128456f7a4ae60000,1,1
265,2100000,4,adjacent_relay,unused_intermediate,reference,4026531840|0|4026531840,4026531840|0|4026531840,,1|1|1,0,16,10,3,3,5,5,4612d51e6d8211bf3748fe85c6d56185e40dd004598396fe31f2f9bbf5a23af2,f368594560789f8f2f958765f9c80403c7483fcc6bb7b21128456f7a4ae60000,1,1
265,2100000,4,adjacent_relay,unused_intermediate,production,4026531840|0|4026531840,4026531840|0|4026531840,,1|1|1,0,16,10,3,3,5,5,4612d51e6d8211bf3748fe85c6d56185e40dd004598396fe31f2f9bbf5a23af2,f368594560789f8f2f958765f9c80403c7483fcc6bb7b21128456f7a4ae60000,1,1
266,2100000,5,adjacent_relay,unused_intermediate,reference,4026531840|0|4026531840,4026531840|0|4026531840,,1|1|1,0,16,10,3,3,6,6,f4d77b145e67766c12c19144b1707e7763dd5a1935e2feea7aaaf98c79bd5c0a,f368594560789f8f2f958765f9c80403c7483fcc6bb7b21128456f7a4ae60000,1,1
266,2100000,5,adjacent_relay,unused_intermediate,production,4026531840|0|4026531840,4026531840|0|4026531840,,1|1|1,0,16,10,3,3,6,6,f4d77b145e67766c12c19144b1707e7763dd5a1935e2feea7aaaf98c79bd5c0a,f368594560789f8f2f958765f9c80403c7483fcc6bb7b21128456f7a4ae60000,1,1
267,2100000,6,adjacent_relay,unused_intermediate,reference,4026531840|0|4026531840,4026531840|0|4026531840,,1|1|1,0,16,10,3,3,7,7,aa0b91234d71a89008e76c8b13b63057d83771f91f09a00348c0bc77014f9960,f368594560789f8f2f958765f9c80403c7483fcc6bb7b21128456f7a4ae60000,1,1
267,2100000,6,adjacent_relay,unused_intermediate,production,4026531840|0|4026531840,4026531840|0|4026531840,,1|1|1,0,16,10,3,3,7,7,aa0b91234d71a89008e76c8b13b63057d83771f91f09a00348c0bc77014f9960,f368594560789f8f2f958765f9c80403c7483fcc6bb7b21128456f7a4ae60000,1,1
268,2100000,7,adjacent_relay,unused_intermediate,reference,4026531840|0|4026531840,4026531840|0|4026531840,,1|1|1,0,16,10,3,3,8,8,5b5b7251bb530fb1885abf2edb49853ced392ab055e41e7c769933936271a0d5,f368594560789f8f2f958765f9c80403c7483fcc6bb7b21128456f7a4ae60000,1,1
268,2100000,7,adjacent_relay,unused_intermediate,production,4026531840|0|4026531840,4026531840|0|4026531840,,1|1|1,0,16,10,3,3,8,8,5b5b7251bb530fb1885abf2edb49853ced392ab055e41e7c769933936271a0d5,f368594560789f8f2f958765f9c80403c7483fcc6bb7b21128456f7a4ae60000,1,1
269,2100000,8,adjacent_relay,unused_intermediate,reference,4026531840|0|4026531840,4026531840|0|4026531840,,1|1|1,0,16,10,3,3,9,9,5c84d430a8908de3019330e35d5398e4aef1f0a0c9e5a935b1db462498eb482f,f368594560789f8f2f958765f9c80403c7483fcc6bb7b21128456f7a4ae60000,1,1
269,2100000,8,adjacent_relay,unused_intermediate,production,4026531840|0|4026531840,4026531840|0|4026531840,,1|1|1,0,16,10,3,3,9,9,5c84d430a8908de3019330e35d5398e4aef1f0a0c9e5a935b1db462498eb482f,f368594560789f8f2f958765f9c80403c7483fcc6bb7b21128456f7a4ae60000,1,1
270,2100000,9,adjacent_relay,unused_intermediate,reference,4026531840|0|4026531840,4026531840|0|4026531840,,1|1|1,0,16,10,3,3,10,0,c14624afbbfdc9260b5b1c06aeb18fd6a004ce89ec3b6c49f9374b5f716770c0,001ce6daa611305aab0c1e525e243a97060a5e3548b4939f97235dccd0776859,1,1
270,2100000,9,adjacent_relay,unused_intermediate,production,4026531840|0|4026531840,4026531840|0|4026531840,,1|1|1,0,16,10,3,3,10,0,c14624afbbfdc9260b5b1c06aeb18fd6a004ce89ec3b6c49f9374b5f716770c0,001ce6daa611305aab0c1e525e243a97060a5e3548b4939f97235dccd0776859,1,1
271,2200000,0,adjacent_relay,unused_intermediate,reference,4026531840|0|4026531840,4026531840|0|4026531840,,1|1|1,0,16,10,3,3,1,1,3f5aeb5588984d7b3385f39aecaf94083290bf0df1618e491ab105e6dd4b27fa,6bb1607a8784d5068359e30b5e4f212e73b0e77261b48f4a7a8fa1cc281ff947,1,1
271,2200000,0,adjacent_relay,unused_intermediate,production,4026531840|0|4026531840,4026531840|0|4026531840,,1|1|1,0,16,10,3,3,1,1,3f5aeb5588984d7b3385f39aecaf94083290bf0df1618e491ab105e6dd4b27fa,6bb1607a8784d5068359e30b5e4f212e73b0e77261b48f4a7a8fa1cc281ff947,1,1
272,2200000,1,adjacent_relay,unused_intermediate,reference,4026531840|0|4026531840,4026531840|0|4026531840,,1|1|1,0,16,10,3,3,2,2,63955e3c3bcb01a97aa0f9ff22fa34bd1a25adc826671b95f22d01dad4c59888,6bb1607a8784d5068359e30b5e4f212e73b0e77261b48f4a7a8fa1cc281ff947,1,1
272,2200000,1,adjacent_relay,unused_intermediate,production,4026531840|0|4026531840,4026531840|0|4026531840,,1|1|1,0,16,10,3,3,2,2,63955e3c3bcb01a97aa0f9ff22fa34bd1a25adc826671b95f22d01dad4c59888,6bb1607a8784d5068359e30b5e4f212e73b0e77261b48f4a7a8fa1cc281ff947,1,1
273,2200000,2,adjacent_relay,unused_intermediate,reference,4026531840|0|4026531840,4026531840|0|4026531840,,1|1|1,0,16,10,3,3,3,3,bdcb43fd3caa76ebbdad576e28d91bcfbcd89d3a8dafdc91e87b83a5be810f13,6bb1607a8784d5068359e30b5e4f212e73b0e77261b48f4a7a8fa1cc281ff947,1,1
273,2200000,2,adjacent_relay,unused_intermediate,production,4026531840|0|4026531840,4026531840|0|4026531840,,1|1|1,0,16,10,3,3,3,3,bdcb43fd3caa76ebbdad576e28d91bcfbcd89d3a8dafdc91e87b83a5be810f13,6bb1607a8784d5068359e30b5e4f212e73b0e77261b48f4a7a8fa1cc281ff947,1,1
274,2200000,3,adjacent_relay,unused_intermediate,reference,4026531840|0|4026531840,4026531840|0|4026531840,,1|1|1,0,16,10,3,3,4,4,dda3a713a2969a04737bfe5a96580f949a490ce63472f4e285c8de910c0f3fe1,6bb1607a8784d5068359e30b5e4f212e73b0e77261b48f4a7a8fa1cc281ff947,1,1
274,2200000,3,adjacent_relay,unused_intermediate,production,4026531840|0|4026531840,4026531840|0|4026531840,,1|1|1,0,16,10,3,3,4,4,dda3a713a2969a04737bfe5a96580f949a490ce63472f4e285c8de910c0f3fe1,6bb1607a8784d5068359e30b5e4f212e73b0e77261b48f4a7a8fa1cc281ff947,1,1
275,2200000,4,adjacent_relay,unused_intermediate,reference,4026531840|0|4026531840,4026531840|0|4026531840,,1|1|1,0,16,10,3,3,5,5,4612d51e6d8211bf3748fe85c6d56185e40dd004598396fe31f2f9bbf5a23af2,6bb1607a8784d5068359e30b5e4f212e73b0e77261b48f4a7a8fa1cc281ff947,1,1
275,2200000,4,adjacent_relay,unused_intermediate,production,4026531840|0|4026531840,4026531840|0|4026531840,,1|1|1,0,16,10,3,3,5,5,4612d51e6d8211bf3748fe85c6d56185e40dd004598396fe31f2f9bbf5a23af2,6bb1607a8784d5068359e30b5e4f212e73b0e77261b48f4a7a8fa1cc281ff947,1,1
276,2200000,5,adjacent_relay,unused_intermediate,reference,4026531840|0|4026531840,4026531840|0|4026531840,,1|1|1,0,16,10,3,3,6,6,f4d77b145e67766c12c19144b1707e7763dd5a1935e2feea7aaaf98c79bd5c0a,6bb1607a8784d5068359e30b5e4f212e73b0e77261b48f4a7a8fa1cc281ff947,1,1
276,2200000,5,adjacent_relay,unused_intermediate,production,4026531840|0|4026531840,4026531840|0|4026531840,,1|1|1,0,16,10,3,3,6,6,f4d77b145e67766c12c19144b1707e7763dd5a1935e2feea7aaaf98c79bd5c0a,6bb1607a8784d5068359e30b5e4f212e73b0e77261b48f4a7a8fa1cc281ff947,1,1
277,2200000,6,adjacent_relay,unused_intermediate,reference,4026531840|0|4026531840,4026531840|0|4026531840,,1|1|1,0,16,10,3,3,7,7,aa0b91234d71a89008e76c8b13b63057d83771f91f09a00348c0bc77014f9960,6bb1607a8784d5068359e30b5e4f212e73b0e77261b48f4a7a8fa1cc281ff947,1,1
277,2200000,6,adjacent_relay,unused_intermediate,production,4026531840|0|4026531840,4026531840|0|4026531840,,1|1|1,0,16,10,3,3,7,7,aa0b91234d71a89008e76c8b13b63057d83771f91f09a00348c0bc77014f9960,6bb1607a8784d5068359e30b5e4f212e73b0e77261b48f4a7a8fa1cc281ff947,1,1
278,2200000,7,adjacent_relay,unused_intermediate,reference,4026531840|0|4026531840,4026531840|0|4026531840,,1|1|1,0,16,10,3,3,8,8,5b5b7251bb530fb1885abf2edb49853ced392ab055e41e7c769933936271a0d5,6bb1607a8784d5068359e30b5e4f212e73b0e77261b48f4a7a8fa1cc281ff947,1,1
278,2200000,7,adjacent_relay,unused_intermediate,production,4026531840|0|4026531840,4026531840|0|4026531840,,1|1|1,0,16,10,3,3,8,8,5b5b7251bb530fb1885abf2edb49853ced392ab055e41e7c769933936271a0d5,6bb1607a8784d5068359e30b5e4f212e73b0e77261b48f4a7a8fa1cc281ff947,1,1
279,2200000,8,adjacent_relay,unused_intermediate,reference,4026531840|0|4026531840,4026531840|0|4026531840,,1|1|1,0,16,10,3,3,9,9,5c84d430a8908de3019330e35d5398e4aef1f0a0c9e5a935b1db462498eb482f,6bb1607a8784d5068359e30b5e4f212e73b0e77261b48f4a7a8fa1cc281ff947,1,1
279,2200000,8,adjacent_relay,unused_intermediate,production,4026531840|0|4026531840,4026531840|0|4026531840,,1|1|1,0,16,10,3,3,9,9,5c84d430a8908de3019330e35d5398e4aef1f0a0c9e5a935b1db462498eb482f,6bb1607a8784d5068359e30b5e4f212e73b0e77261b48f4a7a8fa1cc281ff947,1,1
280,2200000,9,adjacent_relay,unused_intermediate,reference,4026531840|0|4026531840,4026531840|0|4026531840,,1|1|1,0,16,10,3,3,10,0,c14624afbbfdc9260b5b1c06aeb18fd6a004ce89ec3b6c49f9374b5f716770c0,c17d80f03fe0454e1d7b0656f8ff309e812dfeb14424d4f70c6f35e4b55547e2,1,1
280,2200000,9,adjacent_relay,unused_intermediate,production,4026531840|0|4026531840,4026531840|0|4026531840,,1|1|1,0,16,10,3,3,10,0,c14624afbbfdc9260b5b1c06aeb18fd6a004ce89ec3b6c49f9374b5f716770c0,c17d80f03fe0454e1d7b0656f8ff309e812dfeb14424d4f70c6f35e4b55547e2,1,1
281,2100000,0,adjacent_relay,parallel_distractor,reference,4026531840|4026531840,4026531840|4026531840,0|0,1|1,1,15,11,2,2,1,1,7afdbb2ef031fd1c6dabf24c0617b0e97a98357095de6517c0a3fb42f2589c39,5e6a048cdb1913b49c4a50acbda010d2093671a62924963f51bbfedd5eb0e638,1,1
281,2100000,0,adjacent_relay,parallel_distractor,production,4026531840|4026531840,4026531840|4026531840,0|0,1|1,1,15,11,2,2,1,1,7afdbb2ef031fd1c6dabf24c0617b0e97a98357095de6517c0a3fb42f2589c39,5e6a048cdb1913b49c4a50acbda010d2093671a62924963f51bbfedd5eb0e638,1,1
282,2100000,1,adjacent_relay,parallel_distractor,reference,4026531840|4026531840,4026531840|4026531840,0|0,1|1,1,15,11,2,2,2,2,f48f1b3e310725db5cf09c38f5a98d5a34b2725bf5edb9484d6ca2e4086b9cd4,5e6a048cdb1913b49c4a50acbda010d2093671a62924963f51bbfedd5eb0e638,1,1
282,2100000,1,adjacent_relay,parallel_distractor,production,4026531840|4026531840,4026531840|4026531840,0|0,1|1,1,15,11,2,2,2,2,f48f1b3e310725db5cf09c38f5a98d5a34b2725bf5edb9484d6ca2e4086b9cd4,5e6a048cdb1913b49c4a50acbda010d2093671a62924963f51bbfedd5eb0e638,1,1
283,2100000,2,adjacent_relay,parallel_distractor,reference,4026531840|4026531840,4026531840|4026531840,0|0,1|1,1,15,11,2,2,3,3,26b6f347fe32644bb727f8a3517c747d306471b412ebedc1b4d49280809fe70f,5e6a048cdb1913b49c4a50acbda010d2093671a62924963f51bbfedd5eb0e638,1,1
283,2100000,2,adjacent_relay,parallel_distractor,production,4026531840|4026531840,4026531840|4026531840,0|0,1|1,1,15,11,2,2,3,3,26b6f347fe32644bb727f8a3517c747d306471b412ebedc1b4d49280809fe70f,5e6a048cdb1913b49c4a50acbda010d2093671a62924963f51bbfedd5eb0e638,1,1
284,2100000,3,adjacent_relay,parallel_distractor,reference,4026531840|4026531840,4026531840|4026531840,0|0,1|1,1,15,11,2,2,4,4,e6c276b823cf4682a7450e3b18a2fbfb5b1016bc9aa1f19c99f25172afd539c1,5e6a048cdb1913b49c4a50acbda010d2093671a62924963f51bbfedd5eb0e638,1,1
284,2100000,3,adjacent_relay,parallel_distractor,production,4026531840|4026531840,4026531840|4026531840,0|0,1|1,1,15,11,2,2,4,4,e6c276b823cf4682a7450e3b18a2fbfb5b1016bc9aa1f19c99f25172afd539c1,5e6a048cdb1913b49c4a50acbda010d2093671a62924963f51bbfedd5eb0e638,1,1
285,2100000,4,adjacent_relay,parallel_distractor,reference,4026531840|4026531840,4026531840|4026531840,0|0,1|1,1,15,11,2,2,5,5,e6b84fa22c8dbbd09cd3f74d6bf74fa043a9410770fa7ca5c042b854dda2fc27,5e6a048cdb1913b49c4a50acbda010d2093671a62924963f51bbfedd5eb0e638,1,1
285,2100000,4,adjacent_relay,parallel_distractor,production,4026531840|4026531840,4026531840|4026531840,0|0,1|1,1,15,11,2,2,5,5,e6b84fa22c8dbbd09cd3f74d6bf74fa043a9410770fa7ca5c042b854dda2fc27,5e6a048cdb1913b49c4a50acbda010d2093671a62924963f51bbfedd5eb0e638,1,1
286,2100000,5,adjacent_relay,parallel_distractor,reference,4026531840|4026531840,4026531840|4026531840,0|0,1|1,1,15,11,2,2,6,6,e4e71b2c425d866b9ace032bb786f795962e1fc6652303e870455deda01c3f7d,5e6a048cdb1913b49c4a50acbda010d2093671a62924963f51bbfedd5eb0e638,1,1
286,2100000,5,adjacent_relay,parallel_distractor,production,4026531840|4026531840,4026531840|4026531840,0|0,1|1,1,15,11,2,2,6,6,e4e71b2c425d866b9ace032bb786f795962e1fc6652303e870455deda01c3f7d,5e6a048cdb1913b49c4a50acbda010d2093671a62924963f51bbfedd5eb0e638,1,1
287,2100000,6,adjacent_relay,parallel_distractor,reference,4026531840|4026531840,4026531840|4026531840,0|0,1|1,1,15,11,2,2,7,7,9db87a5aece3085e714a792bff9a94ee33e140d9d487af517a9207bd8cdea16d,5e6a048cdb1913b49c4a50acbda010d2093671a62924963f51bbfedd5eb0e638,1,1
287,2100000,6,adjacent_relay,parallel_distractor,production,4026531840|4026531840,4026531840|4026531840,0|0,1|1,1,15,11,2,2,7,7,9db87a5aece3085e714a792bff9a94ee33e140d9d487af517a9207bd8cdea16d,5e6a048cdb1913b49c4a50acbda010d2093671a62924963f51bbfedd5eb0e638,1,1
288,2100000,7,adjacent_relay,parallel_distractor,reference,4026531840|4026531840,4026531840|4026531840,0|0,1|1,1,15,11,2,2,8,8,8a9c0b68f9bc06e8d2b8fdc1b2ba2bb4f6c2d490c65f49816f42fd23fa6d75b4,5e6a048cdb1913b49c4a50acbda010d2093671a62924963f51bbfedd5eb0e638,1,1
288,2100000,7,adjacent_relay,parallel_distractor,production,4026531840|4026531840,4026531840|4026531840,0|0,1|1,1,15,11,2,2,8,8,8a9c0b68f9bc06e8d2b8fdc1b2ba2bb4f6c2d490c65f49816f42fd23fa6d75b4,5e6a048cdb1913b49c4a50acbda010d2093671a62924963f51bbfedd5eb0e638,1,1
289,2100000,8,adjacent_relay,parallel_distractor,reference,4026531840|4026531840,4026531840|4026531840,0|0,1|1,1,15,11,2,2,9,9,fbc702de043949b4dff226b1e460968bc26dba9133c440123169779cf1cf4fa5,5e6a048cdb1913b49c4a50acbda010d2093671a62924963f51bbfedd5eb0e638,1,1
289,2100000,8,adjacent_relay,parallel_distractor,production,4026531840|4026531840,4026531840|4026531840,0|0,1|1,1,15,11,2,2,9,9,fbc702de043949b4dff226b1e460968bc26dba9133c440123169779cf1cf4fa5,5e6a048cdb1913b49c4a50acbda010d2093671a62924963f51bbfedd5eb0e638,1,1
290,2100000,9,adjacent_relay,parallel_distractor,reference,4026531840|4026531840,4026531840|4026531840,0|0,1|1,1,15,11,2,2,10,0,76b442bda750bc4e3bd802c2c20b3c194e1b34d3b8b2d91179919c8adc2a976c,17fccee64db74a88fb5bdd69853c607016ea6d00139714a6d3584682eba43e1f,1,1
290,2100000,9,adjacent_relay,parallel_distractor,production,4026531840|4026531840,4026531840|4026531840,0|0,1|1,1,15,11,2,2,10,0,76b442bda750bc4e3bd802c2c20b3c194e1b34d3b8b2d91179919c8adc2a976c,17fccee64db74a88fb5bdd69853c607016ea6d00139714a6d3584682eba43e1f,1,1
291,2200000,0,adjacent_relay,parallel_distractor,reference,4026531840|4026531840,4026531840|4026531840,0|0,1|1,1,15,11,2,2,1,1,7afdbb2ef031fd1c6dabf24c0617b0e97a98357095de6517c0a3fb42f2589c39,a917821760fc6f163f1a59b55caecfd9edae1d53abf3ad299baa81578395e800,1,1
291,2200000,0,adjacent_relay,parallel_distractor,production,4026531840|4026531840,4026531840|4026531840,0|0,1|1,1,15,11,2,2,1,1,7afdbb2ef031fd1c6dabf24c0617b0e97a98357095de6517c0a3fb42f2589c39,a917821760fc6f163f1a59b55caecfd9edae1d53abf3ad299baa81578395e800,1,1
292,2200000,1,adjacent_relay,parallel_distractor,reference,4026531840|4026531840,4026531840|4026531840,0|0,1|1,1,15,11,2,2,2,2,f48f1b3e310725db5cf09c38f5a98d5a34b2725bf5edb9484d6ca2e4086b9cd4,a917821760fc6f163f1a59b55caecfd9edae1d53abf3ad299baa81578395e800,1,1
292,2200000,1,adjacent_relay,parallel_distractor,production,4026531840|4026531840,4026531840|4026531840,0|0,1|1,1,15,11,2,2,2,2,f48f1b3e310725db5cf09c38f5a98d5a34b2725bf5edb9484d6ca2e4086b9cd4,a917821760fc6f163f1a59b55caecfd9edae1d53abf3ad299baa81578395e800,1,1
293,2200000,2,adjacent_relay,parallel_distractor,reference,4026531840|4026531840,4026531840|4026531840,0|0,1|1,1,15,11,2,2,3,3,26b6f347fe32644bb727f8a3517c747d306471b412ebedc1b4d49280809fe70f,a917821760fc6f163f1a59b55caecfd9edae1d53abf3ad299baa81578395e800,1,1
293,2200000,2,adjacent_relay,parallel_distractor,production,4026531840|4026531840,4026531840|4026531840,0|0,1|1,1,15,11,2,2,3,3,26b6f347fe32644bb727f8a3517c747d306471b412ebedc1b4d49280809fe70f,a917821760fc6f163f1a59b55caecfd9edae1d53abf3ad299baa81578395e800,1,1
294,2200000,3,adjacent_relay,parallel_distractor,reference,4026531840|4026531840,4026531840|4026531840,0|0,1|1,1,15,11,2,2,4,4,e6c276b823cf4682a7450e3b18a2fbfb5b1016bc9aa1f19c99f25172afd539c1,a917821760fc6f163f1a59b55caecfd9edae1d53abf3ad299baa81578395e800,1,1
294,2200000,3,adjacent_relay,parallel_distractor,production,4026531840|4026531840,4026531840|4026531840,0|0,1|1,1,15,11,2,2,4,4,e6c276b823cf4682a7450e3b18a2fbfb5b1016bc9aa1f19c99f25172afd539c1,a917821760fc6f163f1a59b55caecfd9edae1d53abf3ad299baa81578395e800,1,1
295,2200000,4,adjacent_relay,parallel_distractor,reference,4026531840|4026531840,4026531840|4026531840,0|0,1|1,1,15,11,2,2,5,5,e6b84fa22c8dbbd09cd3f74d6bf74fa043a9410770fa7ca5c042b854dda2fc27,a917821760fc6f163f1a59b55caecfd9edae1d53abf3ad299baa81578395e800,1,1
295,2200000,4,adjacent_relay,parallel_distractor,production,4026531840|4026531840,4026531840|4026531840,0|0,1|1,1,15,11,2,2,5,5,e6b84fa22c8dbbd09cd3f74d6bf74fa043a9410770fa7ca5c042b854dda2fc27,a917821760fc6f163f1a59b55caecfd9edae1d53abf3ad299baa81578395e800,1,1
296,2200000,5,adjacent_relay,parallel_distractor,reference,4026531840|4026531840,4026531840|4026531840,0|0,1|1,1,15,11,2,2,6,6,e4e71b2c425d866b9ace032bb786f795962e1fc6652303e870455deda01c3f7d,a917821760fc6f163f1a59b55caecfd9edae1d53abf3ad299baa81578395e800,1,1
296,2200000,5,adjacent_relay,parallel_distractor,production,4026531840|4026531840,4026531840|4026531840,0|0,1|1,1,15,11,2,2,6,6,e4e71b2c425d866b9ace032bb786f795962e1fc6652303e870455deda01c3f7d,a917821760fc6f163f1a59b55caecfd9edae1d53abf3ad299baa81578395e800,1,1
297,2200000,6,adjacent_relay,parallel_distractor,reference,4026531840|4026531840,4026531840|4026531840,0|0,1|1,1,15,11,2,2,7,7,9db87a5aece3085e714a792bff9a94ee33e140d9d487af517a9207bd8cdea16d,a917821760fc6f163f1a59b55caecfd9edae1d53abf3ad299baa81578395e800,1,1
297,2200000,6,adjacent_relay,parallel_distractor,production,4026531840|4026531840,4026531840|4026531840,0|0,1|1,1,15,11,2,2,7,7,9db87a5aece3085e714a792bff9a94ee33e140d9d487af517a9207bd8cdea16d,a917821760fc6f163f1a59b55caecfd9edae1d53abf3ad299baa81578395e800,1,1
298,2200000,7,adjacent_relay,parallel_distractor,reference,4026531840|4026531840,4026531840|4026531840,0|0,1|1,1,15,11,2,2,8,8,8a9c0b68f9bc06e8d2b8fdc1b2ba2bb4f6c2d490c65f49816f42fd23fa6d75b4,a917821760fc6f163f1a59b55caecfd9edae1d53abf3ad299baa81578395e800,1,1
298,2200000,7,adjacent_relay,parallel_distractor,production,4026531840|4026531840,4026531840|4026531840,0|0,1|1,1,15,11,2,2,8,8,8a9c0b68f9bc06e8d2b8fdc1b2ba2bb4f6c2d490c65f49816f42fd23fa6d75b4,a917821760fc6f163f1a59b55caecfd9edae1d53abf3ad299baa81578395e800,1,1
299,2200000,8,adjacent_relay,parallel_distractor,reference,4026531840|4026531840,4026531840|4026531840,0|0,1|1,1,15,11,2,2,9,9,fbc702de043949b4dff226b1e460968bc26dba9133c440123169779cf1cf4fa5,a917821760fc6f163f1a59b55caecfd9edae1d53abf3ad299baa81578395e800,1,1
299,2200000,8,adjacent_relay,parallel_distractor,production,4026531840|4026531840,4026531840|4026531840,0|0,1|1,1,15,11,2,2,9,9,fbc702de043949b4dff226b1e460968bc26dba9133c440123169779cf1cf4fa5,a917821760fc6f163f1a59b55caecfd9edae1d53abf3ad299baa81578395e800,1,1
300,2200000,9,adjacent_relay,parallel_distractor,reference,4026531840|4026531840,4026531840|4026531840,0|0,1|1,1,15,11,2,2,10,0,76b442bda750bc4e3bd802c2c20b3c194e1b34d3b8b2d91179919c8adc2a976c,dfe50e011bbeab2dcd2cbbbedba3bee8fcf9969cf4bdf73dbeff9b942c86f2ab,1,1
300,2200000,9,adjacent_relay,parallel_distractor,production,4026531840|4026531840,4026531840|4026531840,0|0,1|1,1,15,11,2,2,10,0,76b442bda750bc4e3bd802c2c20b3c194e1b34d3b8b2d91179919c8adc2a976c,dfe50e011bbeab2dcd2cbbbedba3bee8fcf9969cf4bdf73dbeff9b942c86f2ab,1,1
301,2100000,0,adjacent_relay,branch_both,reference,4026531840|4026531840,4026531840|4026531840,,1|1,1,12,8,2,2,1,1,079eecfb4dbe1ebce0a4eb5a01a4f73cacf9eeae085bec2c2e3f14f864233081,6c9d7110fbb193cb09364911c6147844787486fd62074e144bcc1ddc8c336ef6,1,1
301,2100000,0,adjacent_relay,branch_both,production,4026531840|4026531840,4026531840|4026531840,,1|1,1,12,8,2,2,1,1,079eecfb4dbe1ebce0a4eb5a01a4f73cacf9eeae085bec2c2e3f14f864233081,6c9d7110fbb193cb09364911c6147844787486fd62074e144bcc1ddc8c336ef6,1,1
302,2100000,1,adjacent_relay,branch_both,reference,4026531840|4026531840,4026531840|4026531840,,1|1,1,12,8,2,2,2,2,11e08306d8cc51a15a18f3847ddf93fed481c348162149163e3d0e0243f18f88,6c9d7110fbb193cb09364911c6147844787486fd62074e144bcc1ddc8c336ef6,1,1
302,2100000,1,adjacent_relay,branch_both,production,4026531840|4026531840,4026531840|4026531840,,1|1,1,12,8,2,2,2,2,11e08306d8cc51a15a18f3847ddf93fed481c348162149163e3d0e0243f18f88,6c9d7110fbb193cb09364911c6147844787486fd62074e144bcc1ddc8c336ef6,1,1
303,2100000,2,adjacent_relay,branch_both,reference,4026531840|4026531840,4026531840|4026531840,,1|1,1,12,8,2,2,3,3,85777362229e171ea85de91b635790b969ae0fca3c88938c391d8446d976ad6c,6c9d7110fbb193cb09364911c6147844787486fd62074e144bcc1ddc8c336ef6,1,1
303,2100000,2,adjacent_relay,branch_both,production,4026531840|4026531840,4026531840|4026531840,,1|1,1,12,8,2,2,3,3,85777362229e171ea85de91b635790b969ae0fca3c88938c391d8446d976ad6c,6c9d7110fbb193cb09364911c6147844787486fd62074e144bcc1ddc8c336ef6,1,1
304,2100000,3,adjacent_relay,branch_both,reference,4026531840|4026531840,4026531840|4026531840,,1|1,1,12,8,2,2,4,4,bf39d0fa0101982144c0c3a9e945199c7137672257647ab4aec8855a70201813,6c9d7110fbb193cb09364911c6147844787486fd62074e144bcc1ddc8c336ef6,1,1
304,2100000,3,adjacent_relay,branch_both,production,4026531840|4026531840,4026531840|4026531840,,1|1,1,12,8,2,2,4,4,bf39d0fa0101982144c0c3a9e945199c7137672257647ab4aec8855a70201813,6c9d7110fbb193cb09364911c6147844787486fd62074e144bcc1ddc8c336ef6,1,1
305,2100000,4,adjacent_relay,branch_both,reference,4026531840|4026531840,4026531840|4026531840,,1|1,1,12,8,2,2,5,5,6960c64388ba75bdd0223f0f0818edbf47c4fe4c8e1f2008f6ea0f16a7322cf9,6c9d7110fbb193cb09364911c6147844787486fd62074e144bcc1ddc8c336ef6,1,1
305,2100000,4,adjacent_relay,branch_both,production,4026531840|4026531840,4026531840|4026531840,,1|1,1,12,8,2,2,5,5,6960c64388ba75bdd0223f0f0818edbf47c4fe4c8e1f2008f6ea0f16a7322cf9,6c9d7110fbb193cb09364911c6147844787486fd62074e144bcc1ddc8c336ef6,1,1
306,2100000,5,adjacent_relay,branch_both,reference,4026531840|4026531840,4026531840|4026531840,,1|1,1,12,8,2,2,6,6,baf3e7ee48649b30b61a8904bec57ff35ac483465941a8d5d9ec02c92c368dd0,6c9d7110fbb193cb09364911c6147844787486fd62074e144bcc1ddc8c336ef6,1,1
306,2100000,5,adjacent_relay,branch_both,production,4026531840|4026531840,4026531840|4026531840,,1|1,1,12,8,2,2,6,6,baf3e7ee48649b30b61a8904bec57ff35ac483465941a8d5d9ec02c92c368dd0,6c9d7110fbb193cb09364911c6147844787486fd62074e144bcc1ddc8c336ef6,1,1
307,2100000,6,adjacent_relay,branch_both,reference,4026531840|4026531840,4026531840|4026531840,,1|1,1,12,8,2,2,7,7,8f95c92e2ad0a62544c44fb44adc86d11ee9d44e94b060e763bd9aa7632fd196,6c9d7110fbb193cb09364911c6147844787486fd62074e144bcc1ddc8c336ef6,1,1
307,2100000,6,adjacent_relay,branch_both,production,4026531840|4026531840,4026531840|4026531840,,1|1,1,12,8,2,2,7,7,8f95c92e2ad0a62544c44fb44adc86d11ee9d44e94b060e763bd9aa7632fd196,6c9d7110fbb193cb09364911c6147844787486fd62074e144bcc1ddc8c336ef6,1,1
308,2100000,7,adjacent_relay,branch_both,reference,4026531840|4026531840,4026531840|4026531840,,1|1,1,12,8,2,2,8,8,48ed8cc99e1551cab0f7009af0ab989df8cec19c44b577e2d291f7b16b7fedc0,6c9d7110fbb193cb09364911c6147844787486fd62074e144bcc1ddc8c336ef6,1,1
308,2100000,7,adjacent_relay,branch_both,production,4026531840|4026531840,4026531840|4026531840,,1|1,1,12,8,2,2,8,8,48ed8cc99e1551cab0f7009af0ab989df8cec19c44b577e2d291f7b16b7fedc0,6c9d7110fbb193cb09364911c6147844787486fd62074e144bcc1ddc8c336ef6,1,1
309,2100000,8,adjacent_relay,branch_both,reference,4026531840|4026531840,4026531840|4026531840,,1|1,1,12,8,2,2,9,9,8e847c23d86a00c11ca8aea263a380563f1054f8fec71749b0e2a9d852b92c42,6c9d7110fbb193cb09364911c6147844787486fd62074e144bcc1ddc8c336ef6,1,1
309,2100000,8,adjacent_relay,branch_both,production,4026531840|4026531840,4026531840|4026531840,,1|1,1,12,8,2,2,9,9,8e847c23d86a00c11ca8aea263a380563f1054f8fec71749b0e2a9d852b92c42,6c9d7110fbb193cb09364911c6147844787486fd62074e144bcc1ddc8c336ef6,1,1
310,2100000,9,adjacent_relay,branch_both,reference,4026531840|4026531840,4026531840|4026531840,,1|1,1,12,8,2,2,10,0,62063716073c6c98f02cd89b8d74055492ce9d8507e5876046fb7f0de240a8de,1a485e3ce5a63cb2b939cbdc420107ad3d0e695673fab2383d68fca5d704d3a1,1,1
310,2100000,9,adjacent_relay,branch_both,production,4026531840|4026531840,4026531840|4026531840,,1|1,1,12,8,2,2,10,0,62063716073c6c98f02cd89b8d74055492ce9d8507e5876046fb7f0de240a8de,1a485e3ce5a63cb2b939cbdc420107ad3d0e695673fab2383d68fca5d704d3a1,1,1
311,2200000,0,adjacent_relay,branch_both,reference,4026531840|4026531840,4026531840|4026531840,,1|1,1,12,8,2,2,1,1,079eecfb4dbe1ebce0a4eb5a01a4f73cacf9eeae085bec2c2e3f14f864233081,91975c7283d0aed13cccc08ca5469e8d14a2adf2fe49c00c7c7174383da07ea2,1,1
311,2200000,0,adjacent_relay,branch_both,production,4026531840|4026531840,4026531840|4026531840,,1|1,1,12,8,2,2,1,1,079eecfb4dbe1ebce0a4eb5a01a4f73cacf9eeae085bec2c2e3f14f864233081,91975c7283d0aed13cccc08ca5469e8d14a2adf2fe49c00c7c7174383da07ea2,1,1
312,2200000,1,adjacent_relay,branch_both,reference,4026531840|4026531840,4026531840|4026531840,,1|1,1,12,8,2,2,2,2,11e08306d8cc51a15a18f3847ddf93fed481c348162149163e3d0e0243f18f88,91975c7283d0aed13cccc08ca5469e8d14a2adf2fe49c00c7c7174383da07ea2,1,1
312,2200000,1,adjacent_relay,branch_both,production,4026531840|4026531840,4026531840|4026531840,,1|1,1,12,8,2,2,2,2,11e08306d8cc51a15a18f3847ddf93fed481c348162149163e3d0e0243f18f88,91975c7283d0aed13cccc08ca5469e8d14a2adf2fe49c00c7c7174383da07ea2,1,1
313,2200000,2,adjacent_relay,branch_both,reference,4026531840|4026531840,4026531840|4026531840,,1|1,1,12,8,2,2,3,3,85777362229e171ea85de91b635790b969ae0fca3c88938c391d8446d976ad6c,91975c7283d0aed13cccc08ca5469e8d14a2adf2fe49c00c7c7174383da07ea2,1,1
313,2200000,2,adjacent_relay,branch_both,production,4026531840|4026531840,4026531840|4026531840,,1|1,1,12,8,2,2,3,3,85777362229e171ea85de91b635790b969ae0fca3c88938c391d8446d976ad6c,91975c7283d0aed13cccc08ca5469e8d14a2adf2fe49c00c7c7174383da07ea2,1,1
314,2200000,3,adjacent_relay,branch_both,reference,4026531840|4026531840,4026531840|4026531840,,1|1,1,12,8,2,2,4,4,bf39d0fa0101982144c0c3a9e945199c7137672257647ab4aec8855a70201813,91975c7283d0aed13cccc08ca5469e8d14a2adf2fe49c00c7c7174383da07ea2,1,1
314,2200000,3,adjacent_relay,branch_both,production,4026531840|4026531840,4026531840|4026531840,,1|1,1,12,8,2,2,4,4,bf39d0fa0101982144c0c3a9e945199c7137672257647ab4aec8855a70201813,91975c7283d0aed13cccc08ca5469e8d14a2adf2fe49c00c7c7174383da07ea2,1,1
315,2200000,4,adjacent_relay,branch_both,reference,4026531840|4026531840,4026531840|4026531840,,1|1,1,12,8,2,2,5,5,6960c64388ba75bdd0223f0f0818edbf47c4fe4c8e1f2008f6ea0f16a7322cf9,91975c7283d0aed13cccc08ca5469e8d14a2adf2fe49c00c7c7174383da07ea2,1,1
315,2200000,4,adjacent_relay,branch_both,production,4026531840|4026531840,4026531840|4026531840,,1|1,1,12,8,2,2,5,5,6960c64388ba75bdd0223f0f0818edbf47c4fe4c8e1f2008f6ea0f16a7322cf9,91975c7283d0aed13cccc08ca5469e8d14a2adf2fe49c00c7c7174383da07ea2,1,1
316,2200000,5,adjacent_relay,branch_both,reference,4026531840|4026531840,4026531840|4026531840,,1|1,1,12,8,2,2,6,6,baf3e7ee48649b30b61a8904bec57ff35ac483465941a8d5d9ec02c92c368dd0,91975c7283d0aed13cccc08ca5469e8d14a2adf2fe49c00c7c7174383da07ea2,1,1
316,2200000,5,adjacent_relay,branch_both,production,4026531840|4026531840,4026531840|4026531840,,1|1,1,12,8,2,2,6,6,baf3e7ee48649b30b61a8904bec57ff35ac483465941a8d5d9ec02c92c368dd0,91975c7283d0aed13cccc08ca5469e8d14a2adf2fe49c00c7c7174383da07ea2,1,1
317,2200000,6,adjacent_relay,branch_both,reference,4026531840|4026531840,4026531840|4026531840,,1|1,1,12,8,2,2,7,7,8f95c92e2ad0a62544c44fb44adc86d11ee9d44e94b060e763bd9aa7632fd196,91975c7283d0aed13cccc08ca5469e8d14a2adf2fe49c00c7c7174383da07ea2,1,1
317,2200000,6,adjacent_relay,branch_both,production,4026531840|4026531840,4026531840|4026531840,,1|1,1,12,8,2,2,7,7,8f95c92e2ad0a62544c44fb44adc86d11ee9d44e94b060e763bd9aa7632fd196,91975c7283d0aed13cccc08ca5469e8d14a2adf2fe49c00c7c7174383da07ea2,1,1
318,2200000,7,adjacent_relay,branch_both,reference,4026531840|4026531840,4026531840|4026531840,,1|1,1,12,8,2,2,8,8,48ed8cc99e1551cab0f7009af0ab989df8cec19c44b577e2d291f7b16b7fedc0,91975c7283d0aed13cccc08ca5469e8d14a2adf2fe49c00c7c7174383da07ea2,1,1
318,2200000,7,adjacent_relay,branch_both,production,4026531840|4026531840,4026531840|4026531840,,1|1,1,12,8,2,2,8,8,48ed8cc99e1551cab0f7009af0ab989df8cec19c44b577e2d291f7b16b7fedc0,91975c7283d0aed13cccc08ca5469e8d14a2adf2fe49c00c7c7174383da07ea2,1,1
319,2200000,8,adjacent_relay,branch_both,reference,4026531840|4026531840,4026531840|4026531840,,1|1,1,12,8,2,2,9,9,8e847c23d86a00c11ca8aea263a380563f1054f8fec71749b0e2a9d852b92c42,91975c7283d0aed13cccc08ca5469e8d14a2adf2fe49c00c7c7174383da07ea2,1,1
319,2200000,8,adjacent_relay,branch_both,production,4026531840|4026531840,4026531840|4026531840,,1|1,1,12,8,2,2,9,9,8e847c23d86a00c11ca8aea263a380563f1054f8fec71749b0e2a9d852b92c42,91975c7283d0aed13cccc08ca5469e8d14a2adf2fe49c00c7c7174383da07ea2,1,1
320,2200000,9,adjacent_relay,branch_both,reference,4026531840|4026531840,4026531840|4026531840,,1|1,1,12,8,2,2,10,0,62063716073c6c98f02cd89b8d74055492ce9d8507e5876046fb7f0de240a8de,aa1097c2673426518b8b611ef7a41765621827e5370be47eeb10381653b4b8aa,1,1
320,2200000,9,adjacent_relay,branch_both,production,4026531840|4026531840,4026531840|4026531840,,1|1,1,12,8,2,2,10,0,62063716073c6c98f02cd89b8d74055492ce9d8507e5876046fb7f0de240a8de,aa1097c2673426518b8b611ef7a41765621827e5370be47eeb10381653b4b8aa,1,1
321,2100000,0,adjacent_relay,branch_one,reference,4026531840|0,4026531840|0,,1|1,1,9,5,2,2,1,1,acd3e4fb0d21603fad80711b87cef02cf49e74f19664f5afcca198fb8c4002d6,6c9d7110fbb193cb09364911c6147844787486fd62074e144bcc1ddc8c336ef6,1,1
321,2100000,0,adjacent_relay,branch_one,production,4026531840|0,4026531840|0,,1|1,1,9,5,2,2,1,1,acd3e4fb0d21603fad80711b87cef02cf49e74f19664f5afcca198fb8c4002d6,6c9d7110fbb193cb09364911c6147844787486fd62074e144bcc1ddc8c336ef6,1,1
322,2100000,1,adjacent_relay,branch_one,reference,4026531840|0,4026531840|0,,1|1,1,9,5,2,2,2,2,4c94ee1b91cf5651365ac474a8519f1bbcc394aded56681a3476f2eadbd66722,6c9d7110fbb193cb09364911c6147844787486fd62074e144bcc1ddc8c336ef6,1,1
322,2100000,1,adjacent_relay,branch_one,production,4026531840|0,4026531840|0,,1|1,1,9,5,2,2,2,2,4c94ee1b91cf5651365ac474a8519f1bbcc394aded56681a3476f2eadbd66722,6c9d7110fbb193cb09364911c6147844787486fd62074e144bcc1ddc8c336ef6,1,1
323,2100000,2,adjacent_relay,branch_one,reference,4026531840|0,4026531840|0,,1|1,1,9,5,2,2,3,3,96200f2bef44afa21f3396c2999b563647d16fece1b38bcfed8db8868fcdce47,6c9d7110fbb193cb09364911c6147844787486fd62074e144bcc1ddc8c336ef6,1,1
323,2100000,2,adjacent_relay,branch_one,production,4026531840|0,4026531840|0,,1|1,1,9,5,2,2,3,3,96200f2bef44afa21f3396c2999b563647d16fece1b38bcfed8db8868fcdce47,6c9d7110fbb193cb09364911c6147844787486fd62074e144bcc1ddc8c336ef6,1,1
324,2100000,3,adjacent_relay,branch_one,reference,4026531840|0,4026531840|0,,1|1,1,9,5,2,2,4,4,a8e6ba275a1efe9a442941062bb5cf52313cd1cb1b8bb203376fe6ff328b0266,6c9d7110fbb193cb09364911c6147844787486fd62074e144bcc1ddc8c336ef6,1,1
324,2100000,3,adjacent_relay,branch_one,production,4026531840|0,4026531840|0,,1|1,1,9,5,2,2,4,4,a8e6ba275a1efe9a442941062bb5cf52313cd1cb1b8bb203376fe6ff328b0266,6c9d7110fbb193cb09364911c6147844787486fd62074e144bcc1ddc8c336ef6,1,1
325,2100000,4,adjacent_relay,branch_one,reference,4026531840|0,4026531840|0,,1|1,1,9,5,2,2,5,5,33f380da0033f70dcce569f3aa0a7de45f54740879eecd736011dc4330fa7809,6c9d7110fbb193cb09364911c6147844787486fd62074e144bcc1ddc8c336ef6,1,1
325,2100000,4,adjacent_relay,branch_one,production,4026531840|0,4026531840|0,,1|1,1,9,5,2,2,5,5,33f380da0033f70dcce569f3aa0a7de45f54740879eecd736011dc4330fa7809,6c9d7110fbb193cb09364911c6147844787486fd62074e144bcc1ddc8c336ef6,1,1
326,2100000,5,adjacent_relay,branch_one,reference,4026531840|0,4026531840|0,,1|1,1,9,5,2,2,6,6,3196c596b0e3c0bef628867c94b4d039a66724cfcd347c4a0d7e38dff06b4e71,6c9d7110fbb193cb09364911c6147844787486fd62074e144bcc1ddc8c336ef6,1,1
326,2100000,5,adjacent_relay,branch_one,production,4026531840|0,4026531840|0,,1|1,1,9,5,2,2,6,6,3196c596b0e3c0bef628867c94b4d039a66724cfcd347c4a0d7e38dff06b4e71,6c9d7110fbb193cb09364911c6147844787486fd62074e144bcc1ddc8c336ef6,1,1
327,2100000,6,adjacent_relay,branch_one,reference,4026531840|0,4026531840|0,,1|1,1,9,5,2,2,7,7,91f4ce029e897d37b8c11ae995e701e14c93b53935ee9a621a75d930a620fd7a,6c9d7110fbb193cb09364911c6147844787486fd62074e144bcc1ddc8c336ef6,1,1
327,2100000,6,adjacent_relay,branch_one,production,4026531840|0,4026531840|0,,1|1,1,9,5,2,2,7,7,91f4ce029e897d37b8c11ae995e701e14c93b53935ee9a621a75d930a620fd7a,6c9d7110fbb193cb09364911c6147844787486fd62074e144bcc1ddc8c336ef6,1,1
328,2100000,7,adjacent_relay,branch_one,reference,4026531840|0,4026531840|0,,1|1,1,9,5,2,2,8,8,dc2c05f375a9eb54c11279d4adfe48233a24dd090577efe6969cbe57c32f814a,6c9d7110fbb193cb09364911c6147844787486fd62074e144bcc1ddc8c336ef6,1,1
328,2100000,7,adjacent_relay,branch_one,production,4026531840|0,4026531840|0,,1|1,1,9,5,2,2,8,8,dc2c05f375a9eb54c11279d4adfe48233a24dd090577efe6969cbe57c32f814a,6c9d7110fbb193cb09364911c6147844787486fd62074e144bcc1ddc8c336ef6,1,1
329,2100000,8,adjacent_relay,branch_one,reference,4026531840|0,4026531840|0,,1|1,1,9,5,2,2,9,9,b3590888c8637c5e19a7c54e4c603f0f4dd489373fb32d75ee33a6364e0dcb8c,6c9d7110fbb193cb09364911c6147844787486fd62074e144bcc1ddc8c336ef6,1,1
329,2100000,8,adjacent_relay,branch_one,production,4026531840|0,4026531840|0,,1|1,1,9,5,2,2,9,9,b3590888c8637c5e19a7c54e4c603f0f4dd489373fb32d75ee33a6364e0dcb8c,6c9d7110fbb193cb09364911c6147844787486fd62074e144bcc1ddc8c336ef6,1,1
330,2100000,9,adjacent_relay,branch_one,reference,4026531840|0,4026531840|0,,1|1,1,9,5,2,2,10,0,59147e5fd34c687c968617ce02e8fd25329520d99ab0bbb91100501059512bbe,755c5363ce7be21020fe433e8a8df9c86656d03fbde61b7c730d405fe42416f7,1,1
330,2100000,9,adjacent_relay,branch_one,production,4026531840|0,4026531840|0,,1|1,1,9,5,2,2,10,0,59147e5fd34c687c968617ce02e8fd25329520d99ab0bbb91100501059512bbe,755c5363ce7be21020fe433e8a8df9c86656d03fbde61b7c730d405fe42416f7,1,1
331,2200000,0,adjacent_relay,branch_one,reference,4026531840|0,4026531840|0,,1|1,1,9,5,2,2,1,1,acd3e4fb0d21603fad80711b87cef02cf49e74f19664f5afcca198fb8c4002d6,91975c7283d0aed13cccc08ca5469e8d14a2adf2fe49c00c7c7174383da07ea2,1,1
331,2200000,0,adjacent_relay,branch_one,production,4026531840|0,4026531840|0,,1|1,1,9,5,2,2,1,1,acd3e4fb0d21603fad80711b87cef02cf49e74f19664f5afcca198fb8c4002d6,91975c7283d0aed13cccc08ca5469e8d14a2adf2fe49c00c7c7174383da07ea2,1,1
332,2200000,1,adjacent_relay,branch_one,reference,4026531840|0,4026531840|0,,1|1,1,9,5,2,2,2,2,4c94ee1b91cf5651365ac474a8519f1bbcc394aded56681a3476f2eadbd66722,91975c7283d0aed13cccc08ca5469e8d14a2adf2fe49c00c7c7174383da07ea2,1,1
332,2200000,1,adjacent_relay,branch_one,production,4026531840|0,4026531840|0,,1|1,1,9,5,2,2,2,2,4c94ee1b91cf5651365ac474a8519f1bbcc394aded56681a3476f2eadbd66722,91975c7283d0aed13cccc08ca5469e8d14a2adf2fe49c00c7c7174383da07ea2,1,1
333,2200000,2,adjacent_relay,branch_one,reference,4026531840|0,4026531840|0,,1|1,1,9,5,2,2,3,3,96200f2bef44afa21f3396c2999b563647d16fece1b38bcfed8db8868fcdce47,91975c7283d0aed13cccc08ca5469e8d14a2adf2fe49c00c7c7174383da07ea2,1,1
333,2200000,2,adjacent_relay,branch_one,production,4026531840|0,4026531840|0,,1|1,1,9,5,2,2,3,3,96200f2bef44afa21f3396c2999b563647d16fece1b38bcfed8db8868fcdce47,91975c7283d0aed13cccc08ca5469e8d14a2adf2fe49c00c7c7174383da07ea2,1,1
334,2200000,3,adjacent_relay,branch_one,reference,4026531840|0,4026531840|0,,1|1,1,9,5,2,2,4,4,a8e6ba275a1efe9a442941062bb5cf52313cd1cb1b8bb203376fe6ff328b0266,91975c7283d0aed13cccc08ca5469e8d14a2adf2fe49c00c7c7174383da07ea2,1,1
334,2200000,3,adjacent_relay,branch_one,production,4026531840|0,4026531840|0,,1|1,1,9,5,2,2,4,4,a8e6ba275a1efe9a442941062bb5cf52313cd1cb1b8bb203376fe6ff328b0266,91975c7283d0aed13cccc08ca5469e8d14a2adf2fe49c00c7c7174383da07ea2,1,1
335,2200000,4,adjacent_relay,branch_one,reference,4026531840|0,4026531840|0,,1|1,1,9,5,2,2,5,5,33f380da0033f70dcce569f3aa0a7de45f54740879eecd736011dc4330fa7809,91975c7283d0aed13cccc08ca5469e8d14a2adf2fe49c00c7c7174383da07ea2,1,1
335,2200000,4,adjacent_relay,branch_one,production,4026531840|0,4026531840|0,,1|1,1,9,5,2,2,5,5,33f380da0033f70dcce569f3aa0a7de45f54740879eecd736011dc4330fa7809,91975c7283d0aed13cccc08ca5469e8d14a2adf2fe49c00c7c7174383da07ea2,1,1
336,2200000,5,adjacent_relay,branch_one,reference,4026531840|0,4026531840|0,,1|1,1,9,5,2,2,6,6,3196c596b0e3c0bef628867c94b4d039a66724cfcd347c4a0d7e38dff06b4e71,91975c7283d0aed13cccc08ca5469e8d14a2adf2fe49c00c7c7174383da07ea2,1,1
336,2200000,5,adjacent_relay,branch_one,production,4026531840|0,4026531840|0,,1|1,1,9,5,2,2,6,6,3196c596b0e3c0bef628867c94b4d039a66724cfcd347c4a0d7e38dff06b4e71,91975c7283d0aed13cccc08ca5469e8d14a2adf2fe49c00c7c7174383da07ea2,1,1
337,2200000,6,adjacent_relay,branch_one,reference,4026531840|0,4026531840|0,,1|1,1,9,5,2,2,7,7,91f4ce029e897d37b8c11ae995e701e14c93b53935ee9a621a75d930a620fd7a,91975c7283d0aed13cccc08ca5469e8d14a2adf2fe49c00c7c7174383da07ea2,1,1
337,2200000,6,adjacent_relay,branch_one,production,4026531840|0,4026531840|0,,1|1,1,9,5,2,2,7,7,91f4ce029e897d37b8c11ae995e701e14c93b53935ee9a621a75d930a620fd7a,91975c7283d0aed13cccc08ca5469e8d14a2adf2fe49c00c7c7174383da07ea2,1,1
338,2200000,7,adjacent_relay,branch_one,reference,4026531840|0,4026531840|0,,1|1,1,9,5,2,2,8,8,dc2c05f375a9eb54c11279d4adfe48233a24dd090577efe6969cbe57c32f814a,91975c7283d0aed13cccc08ca5469e8d14a2adf2fe49c00c7c7174383da07ea2,1,1
338,2200000,7,adjacent_relay,branch_one,production,4026531840|0,4026531840|0,,1|1,1,9,5,2,2,8,8,dc2c05f375a9eb54c11279d4adfe48233a24dd090577efe6969cbe57c32f814a,91975c7283d0aed13cccc08ca5469e8d14a2adf2fe49c00c7c7174383da07ea2,1,1
339,2200000,8,adjacent_relay,branch_one,reference,4026531840|0,4026531840|0,,1|1,1,9,5,2,2,9,9,b3590888c8637c5e19a7c54e4c603f0f4dd489373fb32d75ee33a6364e0dcb8c,91975c7283d0aed13cccc08ca5469e8d14a2adf2fe49c00c7c7174383da07ea2,1,1
339,2200000,8,adjacent_relay,branch_one,production,4026531840|0,4026531840|0,,1|1,1,9,5,2,2,9,9,b3590888c8637c5e19a7c54e4c603f0f4dd489373fb32d75ee33a6364e0dcb8c,91975c7283d0aed13cccc08ca5469e8d14a2adf2fe49c00c7c7174383da07ea2,1,1
340,2200000,9,adjacent_relay,branch_one,reference,4026531840|0,4026531840|0,,1|1,1,9,5,2,2,10,0,59147e5fd34c687c968617ce02e8fd25329520d99ab0bbb91100501059512bbe,562564e460134fcd2b21b0f2152821772364bf2c38d443ab91ffd6171cd34cd5,1,1
340,2200000,9,adjacent_relay,branch_one,production,4026531840|0,4026531840|0,,1|1,1,9,5,2,2,10,0,59147e5fd34c687c968617ce02e8fd25329520d99ab0bbb91100501059512bbe,562564e460134fcd2b21b0f2152821772364bf2c38d443ab91ffd6171cd34cd5,1,1
341,2100000,0,adjacent_relay,temporal_break,reference,0|0|4294967296,0|0|4294967296,,1|1|1,0,17,11,3,3,1024,4,d4798faa0823a34be7893a52c77a6ec2a8ae20945260b7be00fa60069002f334,b2c3c6e014a1dbfc5c0840f7327b84ea099170051618540e9f89cfbef9d9a5eb,1,1
341,2100000,0,adjacent_relay,temporal_break,production,0|0|4294967296,0|0|4294967296,,1|1|1,0,17,11,3,3,1024,4,d4798faa0823a34be7893a52c77a6ec2a8ae20945260b7be00fa60069002f334,b2c3c6e014a1dbfc5c0840f7327b84ea099170051618540e9f89cfbef9d9a5eb,1,1
342,2100000,1,adjacent_relay,temporal_break,reference,0|0|4294967296,0|0|4294967296,,1|1|1,0,17,11,3,3,1025,5,c1c28dc0916d4a6be2f22181da22dc98a7b21315189a7eff02b87448f5945b89,b2c3c6e014a1dbfc5c0840f7327b84ea099170051618540e9f89cfbef9d9a5eb,1,1
342,2100000,1,adjacent_relay,temporal_break,production,0|0|4294967296,0|0|4294967296,,1|1|1,0,17,11,3,3,1025,5,c1c28dc0916d4a6be2f22181da22dc98a7b21315189a7eff02b87448f5945b89,b2c3c6e014a1dbfc5c0840f7327b84ea099170051618540e9f89cfbef9d9a5eb,1,1
343,2100000,2,adjacent_relay,temporal_break,reference,0|0|4294967296,0|0|4294967296,,1|1|1,0,17,11,3,3,1026,6,d3459027ab741478dde1f980b0882ca300d3786db92a67ead49b5cd77435119a,b2c3c6e014a1dbfc5c0840f7327b84ea099170051618540e9f89cfbef9d9a5eb,1,1
343,2100000,2,adjacent_relay,temporal_break,production,0|0|4294967296,0|0|4294967296,,1|1|1,0,17,11,3,3,1026,6,d3459027ab741478dde1f980b0882ca300d3786db92a67ead49b5cd77435119a,b2c3c6e014a1dbfc5c0840f7327b84ea099170051618540e9f89cfbef9d9a5eb,1,1
344,2100000,3,adjacent_relay,temporal_break,reference,0|0|4294967296,0|0|4294967296,,1|1|1,0,17,11,3,3,1027,7,8e979bd88ddca6e01b645f7f26b13b06673045f8f06b85c4352b08ea55343e21,b2c3c6e014a1dbfc5c0840f7327b84ea099170051618540e9f89cfbef9d9a5eb,1,1
344,2100000,3,adjacent_relay,temporal_break,production,0|0|4294967296,0|0|4294967296,,1|1|1,0,17,11,3,3,1027,7,8e979bd88ddca6e01b645f7f26b13b06673045f8f06b85c4352b08ea55343e21,b2c3c6e014a1dbfc5c0840f7327b84ea099170051618540e9f89cfbef9d9a5eb,1,1
345,2100000,4,adjacent_relay,temporal_break,reference,0|0|4294967296,0|0|4294967296,,1|1|1,0,17,11,3,3,1028,8,59696c6e9b19cadd4a7b9adf601e1246d3c57645345dd5d2824b8e39c5414a26,b2c3c6e014a1dbfc5c0840f7327b84ea099170051618540e9f89cfbef9d9a5eb,1,1
345,2100000,4,adjacent_relay,temporal_break,production,0|0|4294967296,0|0|4294967296,,1|1|1,0,17,11,3,3,1028,8,59696c6e9b19cadd4a7b9adf601e1246d3c57645345dd5d2824b8e39c5414a26,b2c3c6e014a1dbfc5c0840f7327b84ea099170051618540e9f89cfbef9d9a5eb,1,1
346,2100000,5,adjacent_relay,temporal_break,reference,0|0|4294967296,0|0|4294967296,,1|1|1,0,17,11,3,3,1029,9,38ac2f05f80e83baf7c6f0f43daa9427153865dde57258b59a74e0d718691e4d,b2c3c6e014a1dbfc5c0840f7327b84ea099170051618540e9f89cfbef9d9a5eb,1,1
346,2100000,5,adjacent_relay,temporal_break,production,0|0|4294967296,0|0|4294967296,,1|1|1,0,17,11,3,3,1029,9,38ac2f05f80e83baf7c6f0f43daa9427153865dde57258b59a74e0d718691e4d,b2c3c6e014a1dbfc5c0840f7327b84ea099170051618540e9f89cfbef9d9a5eb,1,1
347,2100000,6,adjacent_relay,temporal_break,reference,0|0|4294967296,0|0|4294967296,,1|1|1,0,17,11,3,3,1030,0,e6d5ff680d777b9deb6145391fc24369473c7fa940faae7b4477d0f544930864,3ed8cb673b6156d3f9a013ec327afdd37b7e9f7b46021fde6eddc0ea5f6fdaa6,1,1
347,2100000,6,adjacent_relay,temporal_break,production,0|0|4294967296,0|0|4294967296,,1|1|1,0,17,11,3,3,1030,0,e6d5ff680d777b9deb6145391fc24369473c7fa940faae7b4477d0f544930864,3ed8cb673b6156d3f9a013ec327afdd37b7e9f7b46021fde6eddc0ea5f6fdaa6,1,1
348,2100000,7,adjacent_relay,temporal_break,reference,0|0|4294967296,0|0|4294967296,,1|1|1,0,17,11,3,3,1031,1,1616fca0992c5afe24043edc86f73b4bbbaa4d592b834a046da7d2bb3679336a,3ed8cb673b6156d3f9a013ec327afdd37b7e9f7b46021fde6eddc0ea5f6fdaa6,1,1
348,2100000,7,adjacent_relay,temporal_break,production,0|0|4294967296,0|0|4294967296,,1|1|1,0,17,11,3,3,1031,1,1616fca0992c5afe24043edc86f73b4bbbaa4d592b834a046da7d2bb3679336a,3ed8cb673b6156d3f9a013ec327afdd37b7e9f7b46021fde6eddc0ea5f6fdaa6,1,1
349,2100000,8,adjacent_relay,temporal_break,reference,0|0|4294967296,0|0|4294967296,,1|1|1,0,17,11,3,3,1032,2,6aba14ab6073cfe1a996cde4b7402300123d91d026ea13ef6b13d0f94d879e05,3ed8cb673b6156d3f9a013ec327afdd37b7e9f7b46021fde6eddc0ea5f6fdaa6,1,1
349,2100000,8,adjacent_relay,temporal_break,production,0|0|4294967296,0|0|4294967296,,1|1|1,0,17,11,3,3,1032,2,6aba14ab6073cfe1a996cde4b7402300123d91d026ea13ef6b13d0f94d879e05,3ed8cb673b6156d3f9a013ec327afdd37b7e9f7b46021fde6eddc0ea5f6fdaa6,1,1
350,2100000,9,adjacent_relay,temporal_break,reference,0|0|4294967296,0|0|4294967296,,1|1|1,0,17,11,3,3,1033,3,ec302e48323d5e6fab87991932561662ffc9b0f9d44d0cd7c40658a7f6990493,3ed8cb673b6156d3f9a013ec327afdd37b7e9f7b46021fde6eddc0ea5f6fdaa6,1,1
350,2100000,9,adjacent_relay,temporal_break,production,0|0|4294967296,0|0|4294967296,,1|1|1,0,17,11,3,3,1033,3,ec302e48323d5e6fab87991932561662ffc9b0f9d44d0cd7c40658a7f6990493,3ed8cb673b6156d3f9a013ec327afdd37b7e9f7b46021fde6eddc0ea5f6fdaa6,1,1
351,2200000,0,adjacent_relay,temporal_break,reference,0|0|4294967296,0|0|4294967296,,1|1|1,0,17,11,3,3,1024,4,d4798faa0823a34be7893a52c77a6ec2a8ae20945260b7be00fa60069002f334,f3d7e6445ddc0ea1c84aa0c7c2453d09a60c7a8914cbf495ab110719c5daa0e3,1,1
351,2200000,0,adjacent_relay,temporal_break,production,0|0|4294967296,0|0|4294967296,,1|1|1,0,17,11,3,3,1024,4,d4798faa0823a34be7893a52c77a6ec2a8ae20945260b7be00fa60069002f334,f3d7e6445ddc0ea1c84aa0c7c2453d09a60c7a8914cbf495ab110719c5daa0e3,1,1
352,2200000,1,adjacent_relay,temporal_break,reference,0|0|4294967296,0|0|4294967296,,1|1|1,0,17,11,3,3,1025,5,c1c28dc0916d4a6be2f22181da22dc98a7b21315189a7eff02b87448f5945b89,f3d7e6445ddc0ea1c84aa0c7c2453d09a60c7a8914cbf495ab110719c5daa0e3,1,1
352,2200000,1,adjacent_relay,temporal_break,production,0|0|4294967296,0|0|4294967296,,1|1|1,0,17,11,3,3,1025,5,c1c28dc0916d4a6be2f22181da22dc98a7b21315189a7eff02b87448f5945b89,f3d7e6445ddc0ea1c84aa0c7c2453d09a60c7a8914cbf495ab110719c5daa0e3,1,1
353,2200000,2,adjacent_relay,temporal_break,reference,0|0|4294967296,0|0|4294967296,,1|1|1,0,17,11,3,3,1026,6,d3459027ab741478dde1f980b0882ca300d3786db92a67ead49b5cd77435119a,f3d7e6445ddc0ea1c84aa0c7c2453d09a60c7a8914cbf495ab110719c5daa0e3,1,1
353,2200000,2,adjacent_relay,temporal_break,production,0|0|4294967296,0|0|4294967296,,1|1|1,0,17,11,3,3,1026,6,d3459027ab741478dde1f980b0882ca300d3786db92a67ead49b5cd77435119a,f3d7e6445ddc0ea1c84aa0c7c2453d09a60c7a8914cbf495ab110719c5daa0e3,1,1
354,2200000,3,adjacent_relay,temporal_break,reference,0|0|4294967296,0|0|4294967296,,1|1|1,0,17,11,3,3,1027,7,8e979bd88ddca6e01b645f7f26b13b06673045f8f06b85c4352b08ea55343e21,f3d7e6445ddc0ea1c84aa0c7c2453d09a60c7a8914cbf495ab110719c5daa0e3,1,1
354,2200000,3,adjacent_relay,temporal_break,production,0|0|4294967296,0|0|4294967296,,1|1|1,0,17,11,3,3,1027,7,8e979bd88ddca6e01b645f7f26b13b06673045f8f06b85c4352b08ea55343e21,f3d7e6445ddc0ea1c84aa0c7c2453d09a60c7a8914cbf495ab110719c5daa0e3,1,1
355,2200000,4,adjacent_relay,temporal_break,reference,0|0|4294967296,0|0|4294967296,,1|1|1,0,17,11,3,3,1028,8,59696c6e9b19cadd4a7b9adf601e1246d3c57645345dd5d2824b8e39c5414a26,f3d7e6445ddc0ea1c84aa0c7c2453d09a60c7a8914cbf495ab110719c5daa0e3,1,1
355,2200000,4,adjacent_relay,temporal_break,production,0|0|4294967296,0|0|4294967296,,1|1|1,0,17,11,3,3,1028,8,59696c6e9b19cadd4a7b9adf601e1246d3c57645345dd5d2824b8e39c5414a26,f3d7e6445ddc0ea1c84aa0c7c2453d09a60c7a8914cbf495ab110719c5daa0e3,1,1
356,2200000,5,adjacent_relay,temporal_break,reference,0|0|4294967296,0|0|4294967296,,1|1|1,0,17,11,3,3,1029,9,38ac2f05f80e83baf7c6f0f43daa9427153865dde57258b59a74e0d718691e4d,f3d7e6445ddc0ea1c84aa0c7c2453d09a60c7a8914cbf495ab110719c5daa0e3,1,1
356,2200000,5,adjacent_relay,temporal_break,production,0|0|4294967296,0|0|4294967296,,1|1|1,0,17,11,3,3,1029,9,38ac2f05f80e83baf7c6f0f43daa9427153865dde57258b59a74e0d718691e4d,f3d7e6445ddc0ea1c84aa0c7c2453d09a60c7a8914cbf495ab110719c5daa0e3,1,1
357,2200000,6,adjacent_relay,temporal_break,reference,0|0|4294967296,0|0|4294967296,,1|1|1,0,17,11,3,3,1030,0,e6d5ff680d777b9deb6145391fc24369473c7fa940faae7b4477d0f544930864,da0312bed3c78bdb1bee9bdbbecd19cd6c1eb7797c3253bde692d96b4dcf08f4,1,1
357,2200000,6,adjacent_relay,temporal_break,production,0|0|4294967296,0|0|4294967296,,1|1|1,0,17,11,3,3,1030,0,e6d5ff680d777b9deb6145391fc24369473c7fa940faae7b4477d0f544930864,da0312bed3c78bdb1bee9bdbbecd19cd6c1eb7797c3253bde692d96b4dcf08f4,1,1
358,2200000,7,adjacent_relay,temporal_break,reference,0|0|4294967296,0|0|4294967296,,1|1|1,0,17,11,3,3,1031,1,1616fca0992c5afe24043edc86f73b4bbbaa4d592b834a046da7d2bb3679336a,da0312bed3c78bdb1bee9bdbbecd19cd6c1eb7797c3253bde692d96b4dcf08f4,1,1
358,2200000,7,adjacent_relay,temporal_break,production,0|0|4294967296,0|0|4294967296,,1|1|1,0,17,11,3,3,1031,1,1616fca0992c5afe24043edc86f73b4bbbaa4d592b834a046da7d2bb3679336a,da0312bed3c78bdb1bee9bdbbecd19cd6c1eb7797c3253bde692d96b4dcf08f4,1,1
359,2200000,8,adjacent_relay,temporal_break,reference,0|0|4294967296,0|0|4294967296,,1|1|1,0,17,11,3,3,1032,2,6aba14ab6073cfe1a996cde4b7402300123d91d026ea13ef6b13d0f94d879e05,da0312bed3c78bdb1bee9bdbbecd19cd6c1eb7797c3253bde692d96b4dcf08f4,1,1
359,2200000,8,adjacent_relay,temporal_break,production,0|0|4294967296,0|0|4294967296,,1|1|1,0,17,11,3,3,1032,2,6aba14ab6073cfe1a996cde4b7402300123d91d026ea13ef6b13d0f94d879e05,da0312bed3c78bdb1bee9bdbbecd19cd6c1eb7797c3253bde692d96b4dcf08f4,1,1
360,2200000,9,adjacent_relay,temporal_break,reference,0|0|4294967296,0|0|4294967296,,1|1|1,0,17,11,3,3,1033,3,ec302e48323d5e6fab87991932561662ffc9b0f9d44d0cd7c40658a7f6990493,da0312bed3c78bdb1bee9bdbbecd19cd6c1eb7797c3253bde692d96b4dcf08f4,1,1
360,2200000,9,adjacent_relay,temporal_break,production,0|0|4294967296,0|0|4294967296,,1|1|1,0,17,11,3,3,1033,3,ec302e48323d5e6fab87991932561662ffc9b0f9d44d0cd7c40658a7f6990493,da0312bed3c78bdb1bee9bdbbecd19cd6c1eb7797c3253bde692d96b4dcf08f4,1,1
