choices,maturity,case,seed,policy,problem,old_action,new_action,old_value,new_value,preferred_action,selected_actions,paid_actions,correct,cumulative_cost
16,10,untried,0,mature,1,2,14,4,0,2,2|2|2|2|2|2|2|2|2|2|2|2|2|2|2|2,16,false,16
16,10,untried,0,mature,2,2,14,0,2,14,2|2|2|2|3|4|5|6|7|8|9|10|11|12|13|14,16,true,32
16,10,untried,0,mature,3,2,14,0,4,14,14,1,true,33
16,10,untried,0,mature,4,2,14,0,6,14,14,1,true,34
16,10,untried,0,mature,5,2,14,0,8,14,14,1,true,35
16,10,untried,0,mature,6,2,14,0,10,14,14,1,true,36
16,10,untried,0,mature,7,2,14,0,12,14,14,1,true,37
16,10,untried,0,fresh,1,2,14,-1,2,14,0|1|2|3|4|5|6|7|8|9|10|11|12|13|14,15,true,15
16,10,untried,0,fresh,2,2,14,-1,4,14,14,1,true,16
16,10,untried,0,fresh,3,2,14,-1,6,14,14,1,true,17
16,10,untried,0,fresh,4,2,14,-1,8,14,14,1,true,18
16,10,untried,0,fresh,5,2,14,-1,10,14,14,1,true,19
16,10,untried,0,fresh,6,2,14,-1,12,14,14,1,true,20
16,10,untried,1,mature,1,3,0,4,0,3,3|3|3|3|3|3|3|3|3|3|3|3|3|3|3|3,16,false,16
16,10,untried,1,mature,2,3,0,0,0,,3|3|3|3|4|5|6|7|8|9|10|11|12|13|14|15,15,false,31
16,10,untried,1,mature,3,3,0,0,2,0,0,1,true,32
16,10,untried,1,mature,4,3,0,0,4,0,0,1,true,33
16,10,untried,1,mature,5,3,0,0,6,0,0,1,true,34
16,10,untried,1,mature,6,3,0,0,8,0,0,1,true,35
16,10,untried,1,mature,7,3,0,0,10,0,0,1,true,36
16,10,untried,1,fresh,1,3,0,-1,0,,1|2|3|4|5|6|7|8|9|10|11|12|13|14|15,14,false,14
16,10,untried,1,fresh,2,3,0,-1,2,0,0,1,true,15
16,10,untried,1,fresh,3,3,0,-1,4,0,0,1,true,16
16,10,untried,1,fresh,4,3,0,-1,6,0,0,1,true,17
16,10,untried,1,fresh,5,3,0,-1,8,0,0,1,true,18
16,10,untried,1,fresh,6,3,0,-1,10,0,0,1,true,19
16,10,rejected,0,mature,1,2,0,4,-1,2,2|2|2|2|2|2|2|2|2|2|2|2|2|2|2|2,16,false,16
16,10,rejected,0,mature,2,2,0,0,-1,,2|2|2|2|3|4|5|6|7|8|9|10|11|12|13|14,16,false,32
16,10,rejected,0,mature,3,2,0,0,-1,,15,0,false,32
16,10,rejected,0,mature,4,2,0,0,-1,,15,0,false,32
16,10,rejected,0,mature,5,2,0,0,-1,,15,0,false,32
16,10,rejected,0,mature,6,2,0,0,-1,,15,0,false,32
16,10,rejected,0,mature,7,2,0,0,-1,,15,0,false,32
16,10,rejected,0,mature,8,2,0,0,-1,,15,0,false,32
16,10,rejected,0,mature,9,2,0,0,-1,,15,0,false,32
16,10,rejected,0,mature,10,2,0,0,-1,,15,0,false,32
16,10,rejected,0,mature,11,2,0,0,-1,,15,0,false,32
16,10,rejected,0,mature,12,2,0,0,-1,,15,0,false,32
16,10,rejected,0,mature,13,2,0,0,-1,,15,0,false,32
16,10,rejected,0,mature,14,2,0,0,-1,,15,0,false,32
16,10,rejected,0,mature,15,2,0,0,-1,,15,0,false,32
16,10,rejected,0,mature,16,2,0,0,-1,,15,0,false,32
16,10,rejected,0,mature,17,2,0,0,-1,,15,0,false,32
16,10,rejected,0,mature,18,2,0,0,-1,,15,0,false,32
16,10,rejected,0,mature,19,2,0,0,-1,,15,0,false,32
16,10,rejected,0,mature,20,2,0,0,-1,,15,0,false,32
16,10,rejected,0,mature,21,2,0,0,-1,,15,0,false,32
16,10,rejected,0,mature,22,2,0,0,-1,,15,0,false,32
16,10,rejected,0,mature,23,2,0,0,-1,,15,0,false,32
16,10,rejected,0,mature,24,2,0,0,-1,,15,0,false,32
16,10,rejected,0,mature,25,2,0,0,-1,,15,0,false,32
16,10,rejected,0,mature,26,2,0,0,-1,,15,0,false,32
16,10,rejected,0,mature,27,2,0,0,-1,,15,0,false,32
16,10,rejected,0,mature,28,2,0,0,-1,,15,0,false,32
16,10,rejected,0,mature,29,2,0,0,-1,,15,0,false,32
16,10,rejected,0,mature,30,2,0,0,-1,,15,0,false,32
16,10,rejected,0,mature,31,2,0,0,-1,,15,0,false,32
16,10,rejected,0,mature,32,2,0,0,-1,,15,0,false,32
16,10,rejected,0,mature,33,2,0,0,-1,,15,0,false,32
16,10,rejected,0,mature,34,2,0,0,-1,,15,0,false,32
16,10,rejected,0,mature,35,2,0,0,-1,,15,0,false,32
16,10,rejected,0,mature,36,2,0,0,-1,,15,0,false,32
16,10,rejected,0,mature,37,2,0,0,-1,,15,0,false,32
16,10,rejected,0,mature,38,2,0,0,-1,,15,0,false,32
16,10,rejected,0,mature,39,2,0,0,-1,,15,0,false,32
16,10,rejected,0,mature,40,2,0,0,-1,,15,0,false,32
16,10,rejected,0,mature,41,2,0,0,-1,,15,0,false,32
16,10,rejected,0,mature,42,2,0,0,-1,,15,0,false,32
16,10,rejected,0,mature,43,2,0,0,-1,,15,0,false,32
16,10,rejected,0,mature,44,2,0,0,-1,,15,0,false,32
16,10,rejected,0,mature,45,2,0,0,-1,,15,0,false,32
16,10,rejected,0,mature,46,2,0,0,-1,,15,0,false,32
16,10,rejected,0,mature,47,2,0,0,-1,,15,0,false,32
16,10,rejected,0,mature,48,2,0,0,-1,,15,0,false,32
16,10,rejected,0,mature,49,2,0,0,-1,,15,0,false,32
16,10,rejected,0,mature,50,2,0,0,-1,,15,0,false,32
16,10,rejected,0,mature,51,2,0,0,-1,,15,0,false,32
16,10,rejected,0,mature,52,2,0,0,-1,,15,0,false,32
16,10,rejected,0,mature,53,2,0,0,-1,,15,0,false,32
16,10,rejected,0,mature,54,2,0,0,-1,,15,0,false,32
16,10,rejected,0,mature,55,2,0,0,-1,,15,0,false,32
16,10,rejected,0,mature,56,2,0,0,-1,,15,0,false,32
16,10,rejected,0,mature,57,2,0,0,-1,,15,0,false,32
16,10,rejected,0,mature,58,2,0,0,-1,,15,0,false,32
16,10,rejected,0,mature,59,2,0,0,-1,,15,0,false,32
16,10,rejected,0,mature,60,2,0,0,-1,,15,0,false,32
16,10,rejected,0,mature,61,2,0,0,-1,,15,0,false,32
16,10,rejected,0,mature,62,2,0,0,-1,,15,0,false,32
16,10,rejected,0,mature,63,2,0,0,-1,,15,0,false,32
16,10,rejected,0,mature,64,2,0,0,-1,,15,0,false,32
16,10,rejected,0,mature,65,2,0,0,-1,,15,0,false,32
16,10,rejected,0,mature,66,2,0,0,-1,,15,0,false,32
16,10,rejected,0,mature,67,2,0,0,-1,,15,0,false,32
16,10,rejected,0,mature,68,2,0,0,-1,,15,0,false,32
16,10,rejected,0,mature,69,2,0,0,-1,,15,0,false,32
16,10,rejected,0,mature,70,2,0,0,-1,,15,0,false,32
16,10,rejected,0,mature,71,2,0,0,-1,,15,0,false,32
16,10,rejected,0,mature,72,2,0,0,-1,,15,0,false,32
16,10,rejected,0,mature,73,2,0,0,-1,,15,0,false,32
16,10,rejected,0,mature,74,2,0,0,-1,,15,0,false,32
16,10,rejected,0,mature,75,2,0,0,-1,,15,0,false,32
16,10,rejected,0,mature,76,2,0,0,-1,,15,0,false,32
16,10,rejected,0,mature,77,2,0,0,-1,,15,0,false,32
16,10,rejected,0,mature,78,2,0,0,-1,,15,0,false,32
16,10,rejected,0,mature,79,2,0,0,-1,,15,0,false,32
16,10,rejected,0,mature,80,2,0,0,-1,,15,0,false,32
16,10,rejected,0,mature,81,2,0,0,-1,,15,0,false,32
16,10,rejected,0,mature,82,2,0,0,-1,,15,0,false,32
16,10,rejected,0,mature,83,2,0,0,-1,,15,0,false,32
16,10,rejected,0,mature,84,2,0,0,-1,,15,0,false,32
16,10,rejected,0,mature,85,2,0,0,-1,,15,0,false,32
16,10,rejected,0,mature,86,2,0,0,-1,,15,0,false,32
16,10,rejected,0,mature,87,2,0,0,-1,,15,0,false,32
16,10,rejected,0,mature,88,2,0,0,-1,,15,0,false,32
16,10,rejected,0,mature,89,2,0,0,-1,,15,0,false,32
16,10,rejected,0,mature,90,2,0,0,-1,,15,0,false,32
16,10,rejected,0,mature,91,2,0,0,-1,,15,0,false,32
16,10,rejected,0,mature,92,2,0,0,-1,,15,0,false,32
16,10,rejected,0,mature,93,2,0,0,-1,,15,0,false,32
16,10,rejected,0,mature,94,2,0,0,-1,,15,0,false,32
16,10,rejected,0,mature,95,2,0,0,-1,,15,0,false,32
16,10,rejected,0,mature,96,2,0,0,-1,,15,0,false,32
16,10,rejected,0,mature,97,2,0,0,-1,,15,0,false,32
16,10,rejected,0,mature,98,2,0,0,-1,,15,0,false,32
16,10,rejected,0,mature,99,2,0,0,-1,,15,0,false,32
16,10,rejected,0,mature,100,2,0,0,-1,,15,0,false,32
16,10,rejected,0,mature,101,2,0,0,-1,,15,0,false,32
16,10,rejected,0,mature,102,2,0,0,-1,,15,0,false,32
16,10,rejected,0,mature,103,2,0,0,-1,,15,0,false,32
16,10,rejected,0,mature,104,2,0,0,-1,,15,0,false,32
16,10,rejected,0,mature,105,2,0,0,-1,,15,0,false,32
16,10,rejected,0,mature,106,2,0,0,-1,,15,0,false,32
16,10,rejected,0,mature,107,2,0,0,-1,,15,0,false,32
16,10,rejected,0,mature,108,2,0,0,-1,,15,0,false,32
16,10,rejected,0,mature,109,2,0,0,-1,,15,0,false,32
16,10,rejected,0,mature,110,2,0,0,-1,,15,0,false,32
16,10,rejected,0,mature,111,2,0,0,-1,,15,0,false,32
16,10,rejected,0,mature,112,2,0,0,-1,,15,0,false,32
16,10,rejected,0,mature,113,2,0,0,-1,,15,0,false,32
16,10,rejected,0,mature,114,2,0,0,-1,,15,0,false,32
16,10,rejected,0,mature,115,2,0,0,-1,,15,0,false,32
16,10,rejected,0,mature,116,2,0,0,-1,,15,0,false,32
16,10,rejected,0,mature,117,2,0,0,-1,,15,0,false,32
16,10,rejected,0,mature,118,2,0,0,-1,,15,0,false,32
16,10,rejected,0,mature,119,2,0,0,-1,,15,0,false,32
16,10,rejected,0,mature,120,2,0,0,-1,,15,0,false,32
16,10,rejected,0,mature,121,2,0,0,-1,,15,0,false,32
16,10,rejected,0,mature,122,2,0,0,-1,,15,0,false,32
16,10,rejected,0,mature,123,2,0,0,-1,,15,0,false,32
16,10,rejected,0,mature,124,2,0,0,-1,,15,0,false,32
16,10,rejected,0,mature,125,2,0,0,-1,,15,0,false,32
16,10,rejected,0,mature,126,2,0,0,-1,,15,0,false,32
16,10,rejected,0,mature,127,2,0,0,-1,,15,0,false,32
16,10,rejected,0,mature,128,2,0,0,-1,,15,0,false,32
16,10,rejected,0,mature,129,2,0,0,-1,,15,0,false,32
16,10,rejected,0,mature,130,2,0,0,-1,,15,0,false,32
16,10,rejected,0,mature,131,2,0,0,-1,,15,0,false,32
16,10,rejected,0,mature,132,2,0,0,-1,,15,0,false,32
16,10,rejected,0,mature,133,2,0,0,-1,,15,0,false,32
16,10,rejected,0,mature,134,2,0,0,-1,,15,0,false,32
16,10,rejected,0,mature,135,2,0,0,-1,,15,0,false,32
16,10,rejected,0,mature,136,2,0,0,-1,,15,0,false,32
16,10,rejected,0,mature,137,2,0,0,-1,,15,0,false,32
16,10,rejected,0,mature,138,2,0,0,-1,,15,0,false,32
16,10,rejected,0,mature,139,2,0,0,-1,,15,0,false,32
16,10,rejected,0,mature,140,2,0,0,-1,,15,0,false,32
16,10,rejected,0,mature,141,2,0,0,-1,,15,0,false,32
16,10,rejected,0,mature,142,2,0,0,-1,,15,0,false,32
16,10,rejected,0,mature,143,2,0,0,-1,,15,0,false,32
16,10,rejected,0,mature,144,2,0,0,-1,,15,0,false,32
16,10,rejected,0,mature,145,2,0,0,-1,,15,0,false,32
16,10,rejected,0,mature,146,2,0,0,-1,,15,0,false,32
16,10,rejected,0,mature,147,2,0,0,-1,,15,0,false,32
16,10,rejected,0,mature,148,2,0,0,-1,,15,0,false,32
16,10,rejected,0,mature,149,2,0,0,-1,,15,0,false,32
16,10,rejected,0,mature,150,2,0,0,-1,,15,0,false,32
16,10,rejected,0,mature,151,2,0,0,-1,,15,0,false,32
16,10,rejected,0,mature,152,2,0,0,-1,,15,0,false,32
16,10,rejected,0,mature,153,2,0,0,-1,,15,0,false,32
16,10,rejected,0,mature,154,2,0,0,-1,,15,0,false,32
16,10,rejected,0,mature,155,2,0,0,-1,,15,0,false,32
16,10,rejected,0,mature,156,2,0,0,-1,,15,0,false,32
16,10,rejected,0,mature,157,2,0,0,-1,,15,0,false,32
16,10,rejected,0,mature,158,2,0,0,-1,,15,0,false,32
16,10,rejected,0,mature,159,2,0,0,-1,,15,0,false,32
16,10,rejected,0,mature,160,2,0,0,-1,,15,0,false,32
16,10,rejected,0,mature,161,2,0,0,-1,,15,0,false,32
16,10,rejected,0,mature,162,2,0,0,-1,,15,0,false,32
16,10,rejected,0,mature,163,2,0,0,-1,,15,0,false,32
16,10,rejected,0,mature,164,2,0,0,-1,,15,0,false,32
16,10,rejected,0,mature,165,2,0,0,-1,,15,0,false,32
16,10,rejected,0,mature,166,2,0,0,-1,,15,0,false,32
16,10,rejected,0,mature,167,2,0,0,-1,,15,0,false,32
16,10,rejected,0,mature,168,2,0,0,-1,,15,0,false,32
16,10,rejected,0,mature,169,2,0,0,-1,,15,0,false,32
16,10,rejected,0,mature,170,2,0,0,-1,,15,0,false,32
16,10,rejected,0,mature,171,2,0,0,-1,,15,0,false,32
16,10,rejected,0,mature,172,2,0,0,-1,,15,0,false,32
16,10,rejected,0,mature,173,2,0,0,-1,,15,0,false,32
16,10,rejected,0,mature,174,2,0,0,-1,,15,0,false,32
16,10,rejected,0,mature,175,2,0,0,-1,,15,0,false,32
16,10,rejected,0,mature,176,2,0,0,-1,,15,0,false,32
16,10,rejected,0,mature,177,2,0,0,-1,,15,0,false,32
16,10,rejected,0,mature,178,2,0,0,-1,,15,0,false,32
16,10,rejected,0,mature,179,2,0,0,-1,,15,0,false,32
16,10,rejected,0,mature,180,2,0,0,-1,,15,0,false,32
16,10,rejected,0,mature,181,2,0,0,-1,,15,0,false,32
16,10,rejected,0,mature,182,2,0,0,-1,,15,0,false,32
16,10,rejected,0,mature,183,2,0,0,-1,,15,0,false,32
16,10,rejected,0,mature,184,2,0,0,-1,,15,0,false,32
16,10,rejected,0,mature,185,2,0,0,-1,,15,0,false,32
16,10,rejected,0,mature,186,2,0,0,-1,,15,0,false,32
16,10,rejected,0,mature,187,2,0,0,-1,,15,0,false,32
16,10,rejected,0,mature,188,2,0,0,-1,,15,0,false,32
16,10,rejected,0,mature,189,2,0,0,-1,,15,0,false,32
16,10,rejected,0,mature,190,2,0,0,-1,,15,0,false,32
16,10,rejected,0,mature,191,2,0,0,-1,,15,0,false,32
16,10,rejected,0,mature,192,2,0,0,-1,,15,0,false,32
16,10,rejected,0,mature,193,2,0,0,-1,,15,0,false,32
16,10,rejected,0,mature,194,2,0,0,-1,,15,0,false,32
16,10,rejected,0,mature,195,2,0,0,-1,,15,0,false,32
16,10,rejected,0,mature,196,2,0,0,-1,,15,0,false,32
16,10,rejected,0,mature,197,2,0,0,-1,,15,0,false,32
16,10,rejected,0,mature,198,2,0,0,-1,,15,0,false,32
16,10,rejected,0,mature,199,2,0,0,-1,,15,0,false,32
16,10,rejected,0,mature,200,2,0,0,-1,,15,0,false,32
16,10,rejected,0,mature,201,2,0,0,-1,,15,0,false,32
16,10,rejected,0,mature,202,2,0,0,-1,,15,0,false,32
16,10,rejected,0,mature,203,2,0,0,-1,,15,0,false,32
16,10,rejected,0,mature,204,2,0,0,-1,,15,0,false,32
16,10,rejected,0,mature,205,2,0,0,-1,,15,0,false,32
16,10,rejected,0,mature,206,2,0,0,-1,,15,0,false,32
16,10,rejected,0,mature,207,2,0,0,-1,,15,0,false,32
16,10,rejected,0,mature,208,2,0,0,-1,,15,0,false,32
16,10,rejected,0,mature,209,2,0,0,-1,,15,0,false,32
16,10,rejected,0,mature,210,2,0,0,-1,,15,0,false,32
16,10,rejected,0,mature,211,2,0,0,-1,,15,0,false,32
16,10,rejected,0,mature,212,2,0,0,-1,,15,0,false,32
16,10,rejected,0,mature,213,2,0,0,-1,,15,0,false,32
16,10,rejected,0,mature,214,2,0,0,-1,,15,0,false,32
16,10,rejected,0,mature,215,2,0,0,-1,,15,0,false,32
16,10,rejected,0,mature,216,2,0,0,-1,,15,0,false,32
16,10,rejected,0,mature,217,2,0,0,-1,,15,0,false,32
16,10,rejected,0,mature,218,2,0,0,-1,,15,0,false,32
16,10,rejected,0,mature,219,2,0,0,-1,,15,0,false,32
16,10,rejected,0,mature,220,2,0,0,-1,,15,0,false,32
16,10,rejected,0,mature,221,2,0,0,-1,,15,0,false,32
16,10,rejected,0,mature,222,2,0,0,-1,,15,0,false,32
16,10,rejected,0,mature,223,2,0,0,-1,,15,0,false,32
16,10,rejected,0,mature,224,2,0,0,-1,,15,0,false,32
16,10,rejected,0,mature,225,2,0,0,-1,,15,0,false,32
16,10,rejected,0,mature,226,2,0,0,-1,,15,0,false,32
16,10,rejected,0,mature,227,2,0,0,-1,,15,0,false,32
16,10,rejected,0,mature,228,2,0,0,-1,,15,0,false,32
16,10,rejected,0,mature,229,2,0,0,-1,,15,0,false,32
16,10,rejected,0,mature,230,2,0,0,-1,,15,0,false,32
16,10,rejected,0,mature,231,2,0,0,-1,,15,0,false,32
16,10,rejected,0,mature,232,2,0,0,-1,,15,0,false,32
16,10,rejected,0,mature,233,2,0,0,-1,,15,0,false,32
16,10,rejected,0,mature,234,2,0,0,-1,,15,0,false,32
16,10,rejected,0,mature,235,2,0,0,-1,,15,0,false,32
16,10,rejected,0,mature,236,2,0,0,-1,,15,0,false,32
16,10,rejected,0,mature,237,2,0,0,-1,,15,0,false,32
16,10,rejected,0,mature,238,2,0,0,-1,,15,0,false,32
16,10,rejected,0,mature,239,2,0,0,-1,,15,0,false,32
16,10,rejected,0,mature,240,2,0,0,-1,,15,0,false,32
16,10,rejected,0,mature,241,2,0,0,-1,,15,0,false,32
16,10,rejected,0,mature,242,2,0,0,-1,,15,0,false,32
16,10,rejected,0,mature,243,2,0,0,-1,,15,0,false,32
16,10,rejected,0,mature,244,2,0,0,-1,,15,0,false,32
16,10,rejected,0,mature,245,2,0,0,-1,,15,0,false,32
16,10,rejected,0,mature,246,2,0,0,-1,,15,0,false,32
16,10,rejected,0,mature,247,2,0,0,-1,,15,0,false,32
16,10,rejected,0,mature,248,2,0,0,-1,,15,0,false,32
16,10,rejected,0,mature,249,2,0,0,-1,,15,0,false,32
16,10,rejected,0,mature,250,2,0,0,-1,,15,0,false,32
16,10,rejected,0,mature,251,2,0,0,-1,,15,0,false,32
16,10,rejected,0,mature,252,2,0,0,-1,,15,0,false,32
16,10,rejected,0,mature,253,2,0,0,-1,,15,0,false,32
16,10,rejected,0,mature,254,2,0,0,-1,,15,0,false,32
16,10,rejected,0,mature,255,2,0,0,-1,,15,0,false,32
16,10,rejected,0,mature,256,2,0,0,-1,,15,0,false,32
16,10,rejected,0,mature,257,2,0,0,-1,,15,0,false,32
16,10,rejected,0,mature,258,2,0,0,-1,,15,0,false,32
16,10,rejected,0,mature,259,2,0,0,-1,,15,0,false,32
16,10,rejected,0,mature,260,2,0,0,-1,,15,0,false,32
16,10,rejected,0,mature,261,2,0,0,-1,,15,0,false,32
16,10,rejected,0,mature,262,2,0,0,-1,,15,0,false,32
16,10,rejected,0,mature,263,2,0,0,-1,,15,0,false,32
16,10,rejected,0,mature,264,2,0,0,-1,,15,0,false,32
16,10,rejected,0,mature,265,2,0,0,-1,,15,0,false,32
16,10,rejected,0,mature,266,2,0,0,-1,,15,0,false,32
16,10,rejected,0,mature,267,2,0,0,-1,,15,0,false,32
16,10,rejected,0,mature,268,2,0,0,-1,,15,0,false,32
16,10,rejected,0,mature,269,2,0,0,-1,,15,0,false,32
16,10,rejected,0,mature,270,2,0,0,-1,,15,0,false,32
16,10,rejected,0,mature,271,2,0,0,-1,,15,0,false,32
16,10,rejected,0,mature,272,2,0,0,-1,,15,0,false,32
16,10,rejected,0,mature,273,2,0,0,-1,,15,0,false,32
16,10,rejected,0,mature,274,2,0,0,-1,,15,0,false,32
16,10,rejected,0,mature,275,2,0,0,-1,,15,0,false,32
16,10,rejected,0,mature,276,2,0,0,-1,,15,0,false,32
16,10,rejected,0,mature,277,2,0,0,-1,,15,0,false,32
16,10,rejected,0,mature,278,2,0,0,-1,,15,0,false,32
16,10,rejected,0,mature,279,2,0,0,-1,,15,0,false,32
16,10,rejected,0,mature,280,2,0,0,-1,,15,0,false,32
16,10,rejected,0,mature,281,2,0,0,-1,,15,0,false,32
16,10,rejected,0,mature,282,2,0,0,-1,,15,0,false,32
16,10,rejected,0,mature,283,2,0,0,-1,,15,0,false,32
16,10,rejected,0,mature,284,2,0,0,-1,,15,0,false,32
16,10,rejected,0,mature,285,2,0,0,-1,,15,0,false,32
16,10,rejected,0,mature,286,2,0,0,-1,,15,0,false,32
16,10,rejected,0,mature,287,2,0,0,-1,,15,0,false,32
16,10,rejected,0,mature,288,2,0,0,-1,,15,0,false,32
16,10,rejected,0,mature,289,2,0,0,-1,,15,0,false,32
16,10,rejected,0,mature,290,2,0,0,-1,,15,0,false,32
16,10,rejected,0,mature,291,2,0,0,-1,,15,0,false,32
16,10,rejected,0,mature,292,2,0,0,-1,,15,0,false,32
16,10,rejected,0,mature,293,2,0,0,-1,,15,0,false,32
16,10,rejected,0,mature,294,2,0,0,-1,,15,0,false,32
16,10,rejected,0,mature,295,2,0,0,-1,,15,0,false,32
16,10,rejected,0,mature,296,2,0,0,-1,,15,0,false,32
16,10,rejected,0,mature,297,2,0,0,-1,,15,0,false,32
16,10,rejected,0,mature,298,2,0,0,-1,,15,0,false,32
16,10,rejected,0,mature,299,2,0,0,-1,,15,0,false,32
16,10,rejected,0,mature,300,2,0,0,-1,,15,0,false,32
16,10,rejected,0,mature,301,2,0,0,-1,,15,0,false,32
16,10,rejected,0,mature,302,2,0,0,-1,,15,0,false,32
16,10,rejected,0,mature,303,2,0,0,-1,,15,0,false,32
16,10,rejected,0,mature,304,2,0,0,-1,,15,0,false,32
16,10,rejected,0,mature,305,2,0,0,-1,,15,0,false,32
16,10,rejected,0,mature,306,2,0,0,-1,,15,0,false,32
16,10,rejected,0,mature,307,2,0,0,-1,,15,0,false,32
16,10,rejected,0,mature,308,2,0,0,-1,,15,0,false,32
16,10,rejected,0,mature,309,2,0,0,-1,,15,0,false,32
16,10,rejected,0,mature,310,2,0,0,-1,,15,0,false,32
16,10,rejected,0,mature,311,2,0,0,-1,,15,0,false,32
16,10,rejected,0,mature,312,2,0,0,-1,,15,0,false,32
16,10,rejected,0,mature,313,2,0,0,-1,,15,0,false,32
16,10,rejected,0,mature,314,2,0,0,-1,,15,0,false,32
16,10,rejected,0,mature,315,2,0,0,-1,,15,0,false,32
16,10,rejected,0,mature,316,2,0,0,-1,,15,0,false,32
16,10,rejected,0,mature,317,2,0,0,-1,,15,0,false,32
16,10,rejected,0,mature,318,2,0,0,-1,,15,0,false,32
16,10,rejected,0,mature,319,2,0,0,-1,,15,0,false,32
16,10,rejected,0,mature,320,2,0,0,-1,,15,0,false,32
16,10,rejected,0,mature,321,2,0,0,-1,,15,0,false,32
16,10,rejected,0,mature,322,2,0,0,-1,,15,0,false,32
16,10,rejected,0,mature,323,2,0,0,-1,,15,0,false,32
16,10,rejected,0,mature,324,2,0,0,-1,,15,0,false,32
16,10,rejected,0,mature,325,2,0,0,-1,,15,0,false,32
16,10,rejected,0,mature,326,2,0,0,-1,,15,0,false,32
16,10,rejected,0,mature,327,2,0,0,-1,,15,0,false,32
16,10,rejected,0,mature,328,2,0,0,-1,,15,0,false,32
16,10,rejected,0,mature,329,2,0,0,-1,,15,0,false,32
16,10,rejected,0,mature,330,2,0,0,-1,,15,0,false,32
16,10,rejected,0,mature,331,2,0,0,-1,,15,0,false,32
16,10,rejected,0,mature,332,2,0,0,-1,,15,0,false,32
16,10,rejected,0,mature,333,2,0,0,-1,,15,0,false,32
16,10,rejected,0,mature,334,2,0,0,-1,,15,0,false,32
16,10,rejected,0,mature,335,2,0,0,-1,,15,0,false,32
16,10,rejected,0,mature,336,2,0,0,-1,,15,0,false,32
16,10,rejected,0,mature,337,2,0,0,-1,,15,0,false,32
16,10,rejected,0,mature,338,2,0,0,-1,,15,0,false,32
16,10,rejected,0,mature,339,2,0,0,-1,,15,0,false,32
16,10,rejected,0,mature,340,2,0,0,-1,,15,0,false,32
16,10,rejected,0,mature,341,2,0,0,-1,,15,0,false,32
16,10,rejected,0,mature,342,2,0,0,-1,,15,0,false,32
16,10,rejected,0,mature,343,2,0,0,-1,,15,0,false,32
16,10,rejected,0,mature,344,2,0,0,-1,,15,0,false,32
16,10,rejected,0,mature,345,2,0,0,-1,,15,0,false,32
16,10,rejected,0,mature,346,2,0,0,-1,,15,0,false,32
16,10,rejected,0,mature,347,2,0,0,-1,,15,0,false,32
16,10,rejected,0,mature,348,2,0,0,-1,,15,0,false,32
16,10,rejected,0,mature,349,2,0,0,-1,,15,0,false,32
16,10,rejected,0,mature,350,2,0,0,-1,,15,0,false,32
16,10,rejected,0,mature,351,2,0,0,-1,,15,0,false,32
16,10,rejected,0,mature,352,2,0,0,-1,,15,0,false,32
16,10,rejected,0,mature,353,2,0,0,-1,,15,0,false,32
16,10,rejected,0,mature,354,2,0,0,-1,,15,0,false,32
16,10,rejected,0,mature,355,2,0,0,-1,,15,0,false,32
16,10,rejected,0,mature,356,2,0,0,-1,,15,0,false,32
16,10,rejected,0,mature,357,2,0,0,-1,,15,0,false,32
16,10,rejected,0,mature,358,2,0,0,-1,,15,0,false,32
16,10,rejected,0,mature,359,2,0,0,-1,,15,0,false,32
16,10,rejected,0,mature,360,2,0,0,-1,,15,0,false,32
16,10,rejected,0,mature,361,2,0,0,-1,,15,0,false,32
16,10,rejected,0,mature,362,2,0,0,-1,,15,0,false,32
16,10,rejected,0,mature,363,2,0,0,-1,,15,0,false,32
16,10,rejected,0,mature,364,2,0,0,-1,,15,0,false,32
16,10,rejected,0,mature,365,2,0,0,-1,,15,0,false,32
16,10,rejected,0,mature,366,2,0,0,-1,,15,0,false,32
16,10,rejected,0,mature,367,2,0,0,-1,,15,0,false,32
16,10,rejected,0,mature,368,2,0,0,-1,,15,0,false,32
16,10,rejected,0,mature,369,2,0,0,-1,,15,0,false,32
16,10,rejected,0,mature,370,2,0,0,-1,,15,0,false,32
16,10,rejected,0,mature,371,2,0,0,-1,,15,0,false,32
16,10,rejected,0,mature,372,2,0,0,-1,,15,0,false,32
16,10,rejected,0,mature,373,2,0,0,-1,,15,0,false,32
16,10,rejected,0,mature,374,2,0,0,-1,,15,0,false,32
16,10,rejected,0,mature,375,2,0,0,-1,,15,0,false,32
16,10,rejected,0,mature,376,2,0,0,-1,,15,0,false,32
16,10,rejected,0,mature,377,2,0,0,-1,,15,0,false,32
16,10,rejected,0,mature,378,2,0,0,-1,,15,0,false,32
16,10,rejected,0,mature,379,2,0,0,-1,,15,0,false,32
16,10,rejected,0,mature,380,2,0,0,-1,,15,0,false,32
16,10,rejected,0,mature,381,2,0,0,-1,,15,0,false,32
16,10,rejected,0,mature,382,2,0,0,-1,,15,0,false,32
16,10,rejected,0,mature,383,2,0,0,-1,,15,0,false,32
16,10,rejected,0,mature,384,2,0,0,-1,,15,0,false,32
16,10,rejected,0,mature,385,2,0,0,-1,,15,0,false,32
16,10,rejected,0,mature,386,2,0,0,-1,,15,0,false,32
16,10,rejected,0,mature,387,2,0,0,-1,,15,0,false,32
16,10,rejected,0,mature,388,2,0,0,-1,,15,0,false,32
16,10,rejected,0,mature,389,2,0,0,-1,,15,0,false,32
16,10,rejected,0,mature,390,2,0,0,-1,,15,0,false,32
16,10,rejected,0,mature,391,2,0,0,-1,,15,0,false,32
16,10,rejected,0,mature,392,2,0,0,-1,,15,0,false,32
16,10,rejected,0,mature,393,2,0,0,-1,,15,0,false,32
16,10,rejected,0,mature,394,2,0,0,-1,,15,0,false,32
16,10,rejected,0,mature,395,2,0,0,-1,,15,0,false,32
16,10,rejected,0,mature,396,2,0,0,-1,,15,0,false,32
16,10,rejected,0,mature,397,2,0,0,-1,,15,0,false,32
16,10,rejected,0,mature,398,2,0,0,-1,,15,0,false,32
16,10,rejected,0,mature,399,2,0,0,-1,,15,0,false,32
16,10,rejected,0,mature,400,2,0,0,-1,,15,0,false,32
16,10,rejected,0,mature,401,2,0,0,-1,,15,0,false,32
16,10,rejected,0,mature,402,2,0,0,-1,,15,0,false,32
16,10,rejected,0,mature,403,2,0,0,-1,,15,0,false,32
16,10,rejected,0,mature,404,2,0,0,-1,,15,0,false,32
16,10,rejected,0,mature,405,2,0,0,-1,,15,0,false,32
16,10,rejected,0,mature,406,2,0,0,-1,,15,0,false,32
16,10,rejected,0,mature,407,2,0,0,-1,,15,0,false,32
16,10,rejected,0,mature,408,2,0,0,-1,,15,0,false,32
16,10,rejected,0,mature,409,2,0,0,-1,,15,0,false,32
16,10,rejected,0,mature,410,2,0,0,-1,,15,0,false,32
16,10,rejected,0,mature,411,2,0,0,-1,,15,0,false,32
16,10,rejected,0,mature,412,2,0,0,-1,,15,0,false,32
16,10,rejected,0,mature,413,2,0,0,-1,,15,0,false,32
16,10,rejected,0,mature,414,2,0,0,-1,,15,0,false,32
16,10,rejected,0,mature,415,2,0,0,-1,,15,0,false,32
16,10,rejected,0,mature,416,2,0,0,-1,,15,0,false,32
16,10,rejected,0,mature,417,2,0,0,-1,,15,0,false,32
16,10,rejected,0,mature,418,2,0,0,-1,,15,0,false,32
16,10,rejected,0,mature,419,2,0,0,-1,,15,0,false,32
16,10,rejected,0,mature,420,2,0,0,-1,,15,0,false,32
16,10,rejected,0,mature,421,2,0,0,-1,,15,0,false,32
16,10,rejected,0,mature,422,2,0,0,-1,,15,0,false,32
16,10,rejected,0,mature,423,2,0,0,-1,,15,0,false,32
16,10,rejected,0,mature,424,2,0,0,-1,,15,0,false,32
16,10,rejected,0,mature,425,2,0,0,-1,,15,0,false,32
16,10,rejected,0,mature,426,2,0,0,-1,,15,0,false,32
16,10,rejected,0,mature,427,2,0,0,-1,,15,0,false,32
16,10,rejected,0,mature,428,2,0,0,-1,,15,0,false,32
16,10,rejected,0,mature,429,2,0,0,-1,,15,0,false,32
16,10,rejected,0,mature,430,2,0,0,-1,,15,0,false,32
16,10,rejected,0,mature,431,2,0,0,-1,,15,0,false,32
16,10,rejected,0,mature,432,2,0,0,-1,,15,0,false,32
16,10,rejected,0,mature,433,2,0,0,-1,,15,0,false,32
16,10,rejected,0,mature,434,2,0,0,-1,,15,0,false,32
16,10,rejected,0,mature,435,2,0,0,-1,,15,0,false,32
16,10,rejected,0,mature,436,2,0,0,-1,,15,0,false,32
16,10,rejected,0,mature,437,2,0,0,-1,,15,0,false,32
16,10,rejected,0,mature,438,2,0,0,-1,,15,0,false,32
16,10,rejected,0,mature,439,2,0,0,-1,,15,0,false,32
16,10,rejected,0,mature,440,2,0,0,-1,,15,0,false,32
16,10,rejected,0,mature,441,2,0,0,-1,,15,0,false,32
16,10,rejected,0,mature,442,2,0,0,-1,,15,0,false,32
16,10,rejected,0,mature,443,2,0,0,-1,,15,0,false,32
16,10,rejected,0,mature,444,2,0,0,-1,,15,0,false,32
16,10,rejected,0,mature,445,2,0,0,-1,,15,0,false,32
16,10,rejected,0,mature,446,2,0,0,-1,,15,0,false,32
16,10,rejected,0,mature,447,2,0,0,-1,,15,0,false,32
16,10,rejected,0,mature,448,2,0,0,-1,,15,0,false,32
16,10,rejected,0,mature,449,2,0,0,-1,,15,0,false,32
16,10,rejected,0,mature,450,2,0,0,-1,,15,0,false,32
16,10,rejected,0,mature,451,2,0,0,-1,,15,0,false,32
16,10,rejected,0,mature,452,2,0,0,-1,,15,0,false,32
16,10,rejected,0,mature,453,2,0,0,-1,,15,0,false,32
16,10,rejected,0,mature,454,2,0,0,-1,,15,0,false,32
16,10,rejected,0,mature,455,2,0,0,-1,,15,0,false,32
16,10,rejected,0,mature,456,2,0,0,-1,,15,0,false,32
16,10,rejected,0,mature,457,2,0,0,-1,,15,0,false,32
16,10,rejected,0,mature,458,2,0,0,-1,,15,0,false,32
16,10,rejected,0,mature,459,2,0,0,-1,,15,0,false,32
16,10,rejected,0,mature,460,2,0,0,-1,,15,0,false,32
16,10,rejected,0,mature,461,2,0,0,-1,,15,0,false,32
16,10,rejected,0,mature,462,2,0,0,-1,,15,0,false,32
16,10,rejected,0,mature,463,2,0,0,-1,,15,0,false,32
16,10,rejected,0,mature,464,2,0,0,-1,,15,0,false,32
16,10,rejected,0,mature,465,2,0,0,-1,,15,0,false,32
16,10,rejected,0,mature,466,2,0,0,-1,,15,0,false,32
16,10,rejected,0,mature,467,2,0,0,-1,,15,0,false,32
16,10,rejected,0,mature,468,2,0,0,-1,,15,0,false,32
16,10,rejected,0,mature,469,2,0,0,-1,,15,0,false,32
16,10,rejected,0,mature,470,2,0,0,-1,,15,0,false,32
16,10,rejected,0,mature,471,2,0,0,-1,,15,0,false,32
16,10,rejected,0,mature,472,2,0,0,-1,,15,0,false,32
16,10,rejected,0,mature,473,2,0,0,-1,,15,0,false,32
16,10,rejected,0,mature,474,2,0,0,-1,,15,0,false,32
16,10,rejected,0,mature,475,2,0,0,-1,,15,0,false,32
16,10,rejected,0,mature,476,2,0,0,-1,,15,0,false,32
16,10,rejected,0,mature,477,2,0,0,-1,,15,0,false,32
16,10,rejected,0,mature,478,2,0,0,-1,,15,0,false,32
16,10,rejected,0,mature,479,2,0,0,-1,,15,0,false,32
16,10,rejected,0,mature,480,2,0,0,-1,,15,0,false,32
16,10,rejected,0,mature,481,2,0,0,-1,,15,0,false,32
16,10,rejected,0,mature,482,2,0,0,-1,,15,0,false,32
16,10,rejected,0,mature,483,2,0,0,-1,,15,0,false,32
16,10,rejected,0,mature,484,2,0,0,-1,,15,0,false,32
16,10,rejected,0,mature,485,2,0,0,-1,,15,0,false,32
16,10,rejected,0,mature,486,2,0,0,-1,,15,0,false,32
16,10,rejected,0,mature,487,2,0,0,-1,,15,0,false,32
16,10,rejected,0,mature,488,2,0,0,-1,,15,0,false,32
16,10,rejected,0,mature,489,2,0,0,-1,,15,0,false,32
16,10,rejected,0,mature,490,2,0,0,-1,,15,0,false,32
16,10,rejected,0,mature,491,2,0,0,-1,,15,0,false,32
16,10,rejected,0,mature,492,2,0,0,-1,,15,0,false,32
16,10,rejected,0,mature,493,2,0,0,-1,,15,0,false,32
16,10,rejected,0,mature,494,2,0,0,-1,,15,0,false,32
16,10,rejected,0,mature,495,2,0,0,-1,,15,0,false,32
16,10,rejected,0,mature,496,2,0,0,-1,,15,0,false,32
16,10,rejected,0,mature,497,2,0,0,-1,,15,0,false,32
16,10,rejected,0,mature,498,2,0,0,-1,,15,0,false,32
16,10,rejected,0,mature,499,2,0,0,-1,,15,0,false,32
16,10,rejected,0,mature,500,2,0,0,-1,,15,0,false,32
16,10,rejected,0,fresh,1,2,0,0,2,0,0,1,true,1
16,10,rejected,0,fresh,2,2,0,0,4,0,0,1,true,2
16,10,rejected,0,fresh,3,2,0,0,6,0,0,1,true,3
16,10,rejected,0,fresh,4,2,0,0,8,0,0,1,true,4
16,10,rejected,0,fresh,5,2,0,0,10,0,0,1,true,5
16,10,rejected,1,mature,1,3,1,4,-1,3,3|3|3|3|3|3|3|3|3|3|3|3|3|3|3|3,16,false,16
16,10,rejected,1,mature,2,3,1,0,-1,,3|3|3|3|4|5|6|7|8|9|10|11|12|13|14|15,15,false,31
16,10,rejected,1,mature,3,3,1,0,-1,,0|15,1,false,32
16,10,rejected,1,mature,4,3,1,0,-1,,15,0,false,32
16,10,rejected,1,mature,5,3,1,0,-1,,15,0,false,32
16,10,rejected,1,mature,6,3,1,0,-1,,15,0,false,32
16,10,rejected,1,mature,7,3,1,0,-1,,15,0,false,32
16,10,rejected,1,mature,8,3,1,0,-1,,15,0,false,32
16,10,rejected,1,mature,9,3,1,0,-1,,15,0,false,32
16,10,rejected,1,mature,10,3,1,0,-1,,15,0,false,32
16,10,rejected,1,mature,11,3,1,0,-1,,15,0,false,32
16,10,rejected,1,mature,12,3,1,0,-1,,15,0,false,32
16,10,rejected,1,mature,13,3,1,0,-1,,15,0,false,32
16,10,rejected,1,mature,14,3,1,0,-1,,15,0,false,32
16,10,rejected,1,mature,15,3,1,0,-1,,15,0,false,32
16,10,rejected,1,mature,16,3,1,0,-1,,15,0,false,32
16,10,rejected,1,mature,17,3,1,0,-1,,15,0,false,32
16,10,rejected,1,mature,18,3,1,0,-1,,15,0,false,32
16,10,rejected,1,mature,19,3,1,0,-1,,15,0,false,32
16,10,rejected,1,mature,20,3,1,0,-1,,15,0,false,32
16,10,rejected,1,mature,21,3,1,0,-1,,15,0,false,32
16,10,rejected,1,mature,22,3,1,0,-1,,15,0,false,32
16,10,rejected,1,mature,23,3,1,0,-1,,15,0,false,32
16,10,rejected,1,mature,24,3,1,0,-1,,15,0,false,32
16,10,rejected,1,mature,25,3,1,0,-1,,15,0,false,32
16,10,rejected,1,mature,26,3,1,0,-1,,15,0,false,32
16,10,rejected,1,mature,27,3,1,0,-1,,15,0,false,32
16,10,rejected,1,mature,28,3,1,0,-1,,15,0,false,32
16,10,rejected,1,mature,29,3,1,0,-1,,15,0,false,32
16,10,rejected,1,mature,30,3,1,0,-1,,15,0,false,32
16,10,rejected,1,mature,31,3,1,0,-1,,15,0,false,32
16,10,rejected,1,mature,32,3,1,0,-1,,15,0,false,32
16,10,rejected,1,mature,33,3,1,0,-1,,15,0,false,32
16,10,rejected,1,mature,34,3,1,0,-1,,15,0,false,32
16,10,rejected,1,mature,35,3,1,0,-1,,15,0,false,32
16,10,rejected,1,mature,36,3,1,0,-1,,15,0,false,32
16,10,rejected,1,mature,37,3,1,0,-1,,15,0,false,32
16,10,rejected,1,mature,38,3,1,0,-1,,15,0,false,32
16,10,rejected,1,mature,39,3,1,0,-1,,15,0,false,32
16,10,rejected,1,mature,40,3,1,0,-1,,15,0,false,32
16,10,rejected,1,mature,41,3,1,0,-1,,15,0,false,32
16,10,rejected,1,mature,42,3,1,0,-1,,15,0,false,32
16,10,rejected,1,mature,43,3,1,0,-1,,15,0,false,32
16,10,rejected,1,mature,44,3,1,0,-1,,15,0,false,32
16,10,rejected,1,mature,45,3,1,0,-1,,15,0,false,32
16,10,rejected,1,mature,46,3,1,0,-1,,15,0,false,32
16,10,rejected,1,mature,47,3,1,0,-1,,15,0,false,32
16,10,rejected,1,mature,48,3,1,0,-1,,15,0,false,32
16,10,rejected,1,mature,49,3,1,0,-1,,15,0,false,32
16,10,rejected,1,mature,50,3,1,0,-1,,15,0,false,32
16,10,rejected,1,mature,51,3,1,0,-1,,15,0,false,32
16,10,rejected,1,mature,52,3,1,0,-1,,15,0,false,32
16,10,rejected,1,mature,53,3,1,0,-1,,15,0,false,32
16,10,rejected,1,mature,54,3,1,0,-1,,15,0,false,32
16,10,rejected,1,mature,55,3,1,0,-1,,15,0,false,32
16,10,rejected,1,mature,56,3,1,0,-1,,15,0,false,32
16,10,rejected,1,mature,57,3,1,0,-1,,15,0,false,32
16,10,rejected,1,mature,58,3,1,0,-1,,15,0,false,32
16,10,rejected,1,mature,59,3,1,0,-1,,15,0,false,32
16,10,rejected,1,mature,60,3,1,0,-1,,15,0,false,32
16,10,rejected,1,mature,61,3,1,0,-1,,15,0,false,32
16,10,rejected,1,mature,62,3,1,0,-1,,15,0,false,32
16,10,rejected,1,mature,63,3,1,0,-1,,15,0,false,32
16,10,rejected,1,mature,64,3,1,0,-1,,15,0,false,32
16,10,rejected,1,mature,65,3,1,0,-1,,15,0,false,32
16,10,rejected,1,mature,66,3,1,0,-1,,15,0,false,32
16,10,rejected,1,mature,67,3,1,0,-1,,15,0,false,32
16,10,rejected,1,mature,68,3,1,0,-1,,15,0,false,32
16,10,rejected,1,mature,69,3,1,0,-1,,15,0,false,32
16,10,rejected,1,mature,70,3,1,0,-1,,15,0,false,32
16,10,rejected,1,mature,71,3,1,0,-1,,15,0,false,32
16,10,rejected,1,mature,72,3,1,0,-1,,15,0,false,32
16,10,rejected,1,mature,73,3,1,0,-1,,15,0,false,32
16,10,rejected,1,mature,74,3,1,0,-1,,15,0,false,32
16,10,rejected,1,mature,75,3,1,0,-1,,15,0,false,32
16,10,rejected,1,mature,76,3,1,0,-1,,15,0,false,32
16,10,rejected,1,mature,77,3,1,0,-1,,15,0,false,32
16,10,rejected,1,mature,78,3,1,0,-1,,15,0,false,32
16,10,rejected,1,mature,79,3,1,0,-1,,15,0,false,32
16,10,rejected,1,mature,80,3,1,0,-1,,15,0,false,32
16,10,rejected,1,mature,81,3,1,0,-1,,15,0,false,32
16,10,rejected,1,mature,82,3,1,0,-1,,15,0,false,32
16,10,rejected,1,mature,83,3,1,0,-1,,15,0,false,32
16,10,rejected,1,mature,84,3,1,0,-1,,15,0,false,32
16,10,rejected,1,mature,85,3,1,0,-1,,15,0,false,32
16,10,rejected,1,mature,86,3,1,0,-1,,15,0,false,32
16,10,rejected,1,mature,87,3,1,0,-1,,15,0,false,32
16,10,rejected,1,mature,88,3,1,0,-1,,15,0,false,32
16,10,rejected,1,mature,89,3,1,0,-1,,15,0,false,32
16,10,rejected,1,mature,90,3,1,0,-1,,15,0,false,32
16,10,rejected,1,mature,91,3,1,0,-1,,15,0,false,32
16,10,rejected,1,mature,92,3,1,0,-1,,15,0,false,32
16,10,rejected,1,mature,93,3,1,0,-1,,15,0,false,32
16,10,rejected,1,mature,94,3,1,0,-1,,15,0,false,32
16,10,rejected,1,mature,95,3,1,0,-1,,15,0,false,32
16,10,rejected,1,mature,96,3,1,0,-1,,15,0,false,32
16,10,rejected,1,mature,97,3,1,0,-1,,15,0,false,32
16,10,rejected,1,mature,98,3,1,0,-1,,15,0,false,32
16,10,rejected,1,mature,99,3,1,0,-1,,15,0,false,32
16,10,rejected,1,mature,100,3,1,0,-1,,15,0,false,32
16,10,rejected,1,mature,101,3,1,0,-1,,15,0,false,32
16,10,rejected,1,mature,102,3,1,0,-1,,15,0,false,32
16,10,rejected,1,mature,103,3,1,0,-1,,15,0,false,32
16,10,rejected,1,mature,104,3,1,0,-1,,15,0,false,32
16,10,rejected,1,mature,105,3,1,0,-1,,15,0,false,32
16,10,rejected,1,mature,106,3,1,0,-1,,15,0,false,32
16,10,rejected,1,mature,107,3,1,0,-1,,15,0,false,32
16,10,rejected,1,mature,108,3,1,0,-1,,15,0,false,32
16,10,rejected,1,mature,109,3,1,0,-1,,15,0,false,32
16,10,rejected,1,mature,110,3,1,0,-1,,15,0,false,32
16,10,rejected,1,mature,111,3,1,0,-1,,15,0,false,32
16,10,rejected,1,mature,112,3,1,0,-1,,15,0,false,32
16,10,rejected,1,mature,113,3,1,0,-1,,15,0,false,32
16,10,rejected,1,mature,114,3,1,0,-1,,15,0,false,32
16,10,rejected,1,mature,115,3,1,0,-1,,15,0,false,32
16,10,rejected,1,mature,116,3,1,0,-1,,15,0,false,32
16,10,rejected,1,mature,117,3,1,0,-1,,15,0,false,32
16,10,rejected,1,mature,118,3,1,0,-1,,15,0,false,32
16,10,rejected,1,mature,119,3,1,0,-1,,15,0,false,32
16,10,rejected,1,mature,120,3,1,0,-1,,15,0,false,32
16,10,rejected,1,mature,121,3,1,0,-1,,15,0,false,32
16,10,rejected,1,mature,122,3,1,0,-1,,15,0,false,32
16,10,rejected,1,mature,123,3,1,0,-1,,15,0,false,32
16,10,rejected,1,mature,124,3,1,0,-1,,15,0,false,32
16,10,rejected,1,mature,125,3,1,0,-1,,15,0,false,32
16,10,rejected,1,mature,126,3,1,0,-1,,15,0,false,32
16,10,rejected,1,mature,127,3,1,0,-1,,15,0,false,32
16,10,rejected,1,mature,128,3,1,0,-1,,15,0,false,32
16,10,rejected,1,mature,129,3,1,0,-1,,15,0,false,32
16,10,rejected,1,mature,130,3,1,0,-1,,15,0,false,32
16,10,rejected,1,mature,131,3,1,0,-1,,15,0,false,32
16,10,rejected,1,mature,132,3,1,0,-1,,15,0,false,32
16,10,rejected,1,mature,133,3,1,0,-1,,15,0,false,32
16,10,rejected,1,mature,134,3,1,0,-1,,15,0,false,32
16,10,rejected,1,mature,135,3,1,0,-1,,15,0,false,32
16,10,rejected,1,mature,136,3,1,0,-1,,15,0,false,32
16,10,rejected,1,mature,137,3,1,0,-1,,15,0,false,32
16,10,rejected,1,mature,138,3,1,0,-1,,15,0,false,32
16,10,rejected,1,mature,139,3,1,0,-1,,15,0,false,32
16,10,rejected,1,mature,140,3,1,0,-1,,15,0,false,32
16,10,rejected,1,mature,141,3,1,0,-1,,15,0,false,32
16,10,rejected,1,mature,142,3,1,0,-1,,15,0,false,32
16,10,rejected,1,mature,143,3,1,0,-1,,15,0,false,32
16,10,rejected,1,mature,144,3,1,0,-1,,15,0,false,32
16,10,rejected,1,mature,145,3,1,0,-1,,15,0,false,32
16,10,rejected,1,mature,146,3,1,0,-1,,15,0,false,32
16,10,rejected,1,mature,147,3,1,0,-1,,15,0,false,32
16,10,rejected,1,mature,148,3,1,0,-1,,15,0,false,32
16,10,rejected,1,mature,149,3,1,0,-1,,15,0,false,32
16,10,rejected,1,mature,150,3,1,0,-1,,15,0,false,32
16,10,rejected,1,mature,151,3,1,0,-1,,15,0,false,32
16,10,rejected,1,mature,152,3,1,0,-1,,15,0,false,32
16,10,rejected,1,mature,153,3,1,0,-1,,15,0,false,32
16,10,rejected,1,mature,154,3,1,0,-1,,15,0,false,32
16,10,rejected,1,mature,155,3,1,0,-1,,15,0,false,32
16,10,rejected,1,mature,156,3,1,0,-1,,15,0,false,32
16,10,rejected,1,mature,157,3,1,0,-1,,15,0,false,32
16,10,rejected,1,mature,158,3,1,0,-1,,15,0,false,32
16,10,rejected,1,mature,159,3,1,0,-1,,15,0,false,32
16,10,rejected,1,mature,160,3,1,0,-1,,15,0,false,32
16,10,rejected,1,mature,161,3,1,0,-1,,15,0,false,32
16,10,rejected,1,mature,162,3,1,0,-1,,15,0,false,32
16,10,rejected,1,mature,163,3,1,0,-1,,15,0,false,32
16,10,rejected,1,mature,164,3,1,0,-1,,15,0,false,32
16,10,rejected,1,mature,165,3,1,0,-1,,15,0,false,32
16,10,rejected,1,mature,166,3,1,0,-1,,15,0,false,32
16,10,rejected,1,mature,167,3,1,0,-1,,15,0,false,32
16,10,rejected,1,mature,168,3,1,0,-1,,15,0,false,32
16,10,rejected,1,mature,169,3,1,0,-1,,15,0,false,32
16,10,rejected,1,mature,170,3,1,0,-1,,15,0,false,32
16,10,rejected,1,mature,171,3,1,0,-1,,15,0,false,32
16,10,rejected,1,mature,172,3,1,0,-1,,15,0,false,32
16,10,rejected,1,mature,173,3,1,0,-1,,15,0,false,32
16,10,rejected,1,mature,174,3,1,0,-1,,15,0,false,32
16,10,rejected,1,mature,175,3,1,0,-1,,15,0,false,32
16,10,rejected,1,mature,176,3,1,0,-1,,15,0,false,32
16,10,rejected,1,mature,177,3,1,0,-1,,15,0,false,32
16,10,rejected,1,mature,178,3,1,0,-1,,15,0,false,32
16,10,rejected,1,mature,179,3,1,0,-1,,15,0,false,32
16,10,rejected,1,mature,180,3,1,0,-1,,15,0,false,32
16,10,rejected,1,mature,181,3,1,0,-1,,15,0,false,32
16,10,rejected,1,mature,182,3,1,0,-1,,15,0,false,32
16,10,rejected,1,mature,183,3,1,0,-1,,15,0,false,32
16,10,rejected,1,mature,184,3,1,0,-1,,15,0,false,32
16,10,rejected,1,mature,185,3,1,0,-1,,15,0,false,32
16,10,rejected,1,mature,186,3,1,0,-1,,15,0,false,32
16,10,rejected,1,mature,187,3,1,0,-1,,15,0,false,32
16,10,rejected,1,mature,188,3,1,0,-1,,15,0,false,32
16,10,rejected,1,mature,189,3,1,0,-1,,15,0,false,32
16,10,rejected,1,mature,190,3,1,0,-1,,15,0,false,32
16,10,rejected,1,mature,191,3,1,0,-1,,15,0,false,32
16,10,rejected,1,mature,192,3,1,0,-1,,15,0,false,32
16,10,rejected,1,mature,193,3,1,0,-1,,15,0,false,32
16,10,rejected,1,mature,194,3,1,0,-1,,15,0,false,32
16,10,rejected,1,mature,195,3,1,0,-1,,15,0,false,32
16,10,rejected,1,mature,196,3,1,0,-1,,15,0,false,32
16,10,rejected,1,mature,197,3,1,0,-1,,15,0,false,32
16,10,rejected,1,mature,198,3,1,0,-1,,15,0,false,32
16,10,rejected,1,mature,199,3,1,0,-1,,15,0,false,32
16,10,rejected,1,mature,200,3,1,0,-1,,15,0,false,32
16,10,rejected,1,mature,201,3,1,0,-1,,15,0,false,32
16,10,rejected,1,mature,202,3,1,0,-1,,15,0,false,32
16,10,rejected,1,mature,203,3,1,0,-1,,15,0,false,32
16,10,rejected,1,mature,204,3,1,0,-1,,15,0,false,32
16,10,rejected,1,mature,205,3,1,0,-1,,15,0,false,32
16,10,rejected,1,mature,206,3,1,0,-1,,15,0,false,32
16,10,rejected,1,mature,207,3,1,0,-1,,15,0,false,32
16,10,rejected,1,mature,208,3,1,0,-1,,15,0,false,32
16,10,rejected,1,mature,209,3,1,0,-1,,15,0,false,32
16,10,rejected,1,mature,210,3,1,0,-1,,15,0,false,32
16,10,rejected,1,mature,211,3,1,0,-1,,15,0,false,32
16,10,rejected,1,mature,212,3,1,0,-1,,15,0,false,32
16,10,rejected,1,mature,213,3,1,0,-1,,15,0,false,32
16,10,rejected,1,mature,214,3,1,0,-1,,15,0,false,32
16,10,rejected,1,mature,215,3,1,0,-1,,15,0,false,32
16,10,rejected,1,mature,216,3,1,0,-1,,15,0,false,32
16,10,rejected,1,mature,217,3,1,0,-1,,15,0,false,32
16,10,rejected,1,mature,218,3,1,0,-1,,15,0,false,32
16,10,rejected,1,mature,219,3,1,0,-1,,15,0,false,32
16,10,rejected,1,mature,220,3,1,0,-1,,15,0,false,32
16,10,rejected,1,mature,221,3,1,0,-1,,15,0,false,32
16,10,rejected,1,mature,222,3,1,0,-1,,15,0,false,32
16,10,rejected,1,mature,223,3,1,0,-1,,15,0,false,32
16,10,rejected,1,mature,224,3,1,0,-1,,15,0,false,32
16,10,rejected,1,mature,225,3,1,0,-1,,15,0,false,32
16,10,rejected,1,mature,226,3,1,0,-1,,15,0,false,32
16,10,rejected,1,mature,227,3,1,0,-1,,15,0,false,32
16,10,rejected,1,mature,228,3,1,0,-1,,15,0,false,32
16,10,rejected,1,mature,229,3,1,0,-1,,15,0,false,32
16,10,rejected,1,mature,230,3,1,0,-1,,15,0,false,32
16,10,rejected,1,mature,231,3,1,0,-1,,15,0,false,32
16,10,rejected,1,mature,232,3,1,0,-1,,15,0,false,32
16,10,rejected,1,mature,233,3,1,0,-1,,15,0,false,32
16,10,rejected,1,mature,234,3,1,0,-1,,15,0,false,32
16,10,rejected,1,mature,235,3,1,0,-1,,15,0,false,32
16,10,rejected,1,mature,236,3,1,0,-1,,15,0,false,32
16,10,rejected,1,mature,237,3,1,0,-1,,15,0,false,32
16,10,rejected,1,mature,238,3,1,0,-1,,15,0,false,32
16,10,rejected,1,mature,239,3,1,0,-1,,15,0,false,32
16,10,rejected,1,mature,240,3,1,0,-1,,15,0,false,32
16,10,rejected,1,mature,241,3,1,0,-1,,15,0,false,32
16,10,rejected,1,mature,242,3,1,0,-1,,15,0,false,32
16,10,rejected,1,mature,243,3,1,0,-1,,15,0,false,32
16,10,rejected,1,mature,244,3,1,0,-1,,15,0,false,32
16,10,rejected,1,mature,245,3,1,0,-1,,15,0,false,32
16,10,rejected,1,mature,246,3,1,0,-1,,15,0,false,32
16,10,rejected,1,mature,247,3,1,0,-1,,15,0,false,32
16,10,rejected,1,mature,248,3,1,0,-1,,15,0,false,32
16,10,rejected,1,mature,249,3,1,0,-1,,15,0,false,32
16,10,rejected,1,mature,250,3,1,0,-1,,15,0,false,32
16,10,rejected,1,mature,251,3,1,0,-1,,15,0,false,32
16,10,rejected,1,mature,252,3,1,0,-1,,15,0,false,32
16,10,rejected,1,mature,253,3,1,0,-1,,15,0,false,32
16,10,rejected,1,mature,254,3,1,0,-1,,15,0,false,32
16,10,rejected,1,mature,255,3,1,0,-1,,15,0,false,32
16,10,rejected,1,mature,256,3,1,0,-1,,15,0,false,32
16,10,rejected,1,mature,257,3,1,0,-1,,15,0,false,32
16,10,rejected,1,mature,258,3,1,0,-1,,15,0,false,32
16,10,rejected,1,mature,259,3,1,0,-1,,15,0,false,32
16,10,rejected,1,mature,260,3,1,0,-1,,15,0,false,32
16,10,rejected,1,mature,261,3,1,0,-1,,15,0,false,32
16,10,rejected,1,mature,262,3,1,0,-1,,15,0,false,32
16,10,rejected,1,mature,263,3,1,0,-1,,15,0,false,32
16,10,rejected,1,mature,264,3,1,0,-1,,15,0,false,32
16,10,rejected,1,mature,265,3,1,0,-1,,15,0,false,32
16,10,rejected,1,mature,266,3,1,0,-1,,15,0,false,32
16,10,rejected,1,mature,267,3,1,0,-1,,15,0,false,32
16,10,rejected,1,mature,268,3,1,0,-1,,15,0,false,32
16,10,rejected,1,mature,269,3,1,0,-1,,15,0,false,32
16,10,rejected,1,mature,270,3,1,0,-1,,15,0,false,32
16,10,rejected,1,mature,271,3,1,0,-1,,15,0,false,32
16,10,rejected,1,mature,272,3,1,0,-1,,15,0,false,32
16,10,rejected,1,mature,273,3,1,0,-1,,15,0,false,32
16,10,rejected,1,mature,274,3,1,0,-1,,15,0,false,32
16,10,rejected,1,mature,275,3,1,0,-1,,15,0,false,32
16,10,rejected,1,mature,276,3,1,0,-1,,15,0,false,32
16,10,rejected,1,mature,277,3,1,0,-1,,15,0,false,32
16,10,rejected,1,mature,278,3,1,0,-1,,15,0,false,32
16,10,rejected,1,mature,279,3,1,0,-1,,15,0,false,32
16,10,rejected,1,mature,280,3,1,0,-1,,15,0,false,32
16,10,rejected,1,mature,281,3,1,0,-1,,15,0,false,32
16,10,rejected,1,mature,282,3,1,0,-1,,15,0,false,32
16,10,rejected,1,mature,283,3,1,0,-1,,15,0,false,32
16,10,rejected,1,mature,284,3,1,0,-1,,15,0,false,32
16,10,rejected,1,mature,285,3,1,0,-1,,15,0,false,32
16,10,rejected,1,mature,286,3,1,0,-1,,15,0,false,32
16,10,rejected,1,mature,287,3,1,0,-1,,15,0,false,32
16,10,rejected,1,mature,288,3,1,0,-1,,15,0,false,32
16,10,rejected,1,mature,289,3,1,0,-1,,15,0,false,32
16,10,rejected,1,mature,290,3,1,0,-1,,15,0,false,32
16,10,rejected,1,mature,291,3,1,0,-1,,15,0,false,32
16,10,rejected,1,mature,292,3,1,0,-1,,15,0,false,32
16,10,rejected,1,mature,293,3,1,0,-1,,15,0,false,32
16,10,rejected,1,mature,294,3,1,0,-1,,15,0,false,32
16,10,rejected,1,mature,295,3,1,0,-1,,15,0,false,32
16,10,rejected,1,mature,296,3,1,0,-1,,15,0,false,32
16,10,rejected,1,mature,297,3,1,0,-1,,15,0,false,32
16,10,rejected,1,mature,298,3,1,0,-1,,15,0,false,32
16,10,rejected,1,mature,299,3,1,0,-1,,15,0,false,32
16,10,rejected,1,mature,300,3,1,0,-1,,15,0,false,32
16,10,rejected,1,mature,301,3,1,0,-1,,15,0,false,32
16,10,rejected,1,mature,302,3,1,0,-1,,15,0,false,32
16,10,rejected,1,mature,303,3,1,0,-1,,15,0,false,32
16,10,rejected,1,mature,304,3,1,0,-1,,15,0,false,32
16,10,rejected,1,mature,305,3,1,0,-1,,15,0,false,32
16,10,rejected,1,mature,306,3,1,0,-1,,15,0,false,32
16,10,rejected,1,mature,307,3,1,0,-1,,15,0,false,32
16,10,rejected,1,mature,308,3,1,0,-1,,15,0,false,32
16,10,rejected,1,mature,309,3,1,0,-1,,15,0,false,32
16,10,rejected,1,mature,310,3,1,0,-1,,15,0,false,32
16,10,rejected,1,mature,311,3,1,0,-1,,15,0,false,32
16,10,rejected,1,mature,312,3,1,0,-1,,15,0,false,32
16,10,rejected,1,mature,313,3,1,0,-1,,15,0,false,32
16,10,rejected,1,mature,314,3,1,0,-1,,15,0,false,32
16,10,rejected,1,mature,315,3,1,0,-1,,15,0,false,32
16,10,rejected,1,mature,316,3,1,0,-1,,15,0,false,32
16,10,rejected,1,mature,317,3,1,0,-1,,15,0,false,32
16,10,rejected,1,mature,318,3,1,0,-1,,15,0,false,32
16,10,rejected,1,mature,319,3,1,0,-1,,15,0,false,32
16,10,rejected,1,mature,320,3,1,0,-1,,15,0,false,32
16,10,rejected,1,mature,321,3,1,0,-1,,15,0,false,32
16,10,rejected,1,mature,322,3,1,0,-1,,15,0,false,32
16,10,rejected,1,mature,323,3,1,0,-1,,15,0,false,32
16,10,rejected,1,mature,324,3,1,0,-1,,15,0,false,32
16,10,rejected,1,mature,325,3,1,0,-1,,15,0,false,32
16,10,rejected,1,mature,326,3,1,0,-1,,15,0,false,32
16,10,rejected,1,mature,327,3,1,0,-1,,15,0,false,32
16,10,rejected,1,mature,328,3,1,0,-1,,15,0,false,32
16,10,rejected,1,mature,329,3,1,0,-1,,15,0,false,32
16,10,rejected,1,mature,330,3,1,0,-1,,15,0,false,32
16,10,rejected,1,mature,331,3,1,0,-1,,15,0,false,32
16,10,rejected,1,mature,332,3,1,0,-1,,15,0,false,32
16,10,rejected,1,mature,333,3,1,0,-1,,15,0,false,32
16,10,rejected,1,mature,334,3,1,0,-1,,15,0,false,32
16,10,rejected,1,mature,335,3,1,0,-1,,15,0,false,32
16,10,rejected,1,mature,336,3,1,0,-1,,15,0,false,32
16,10,rejected,1,mature,337,3,1,0,-1,,15,0,false,32
16,10,rejected,1,mature,338,3,1,0,-1,,15,0,false,32
16,10,rejected,1,mature,339,3,1,0,-1,,15,0,false,32
16,10,rejected,1,mature,340,3,1,0,-1,,15,0,false,32
16,10,rejected,1,mature,341,3,1,0,-1,,15,0,false,32
16,10,rejected,1,mature,342,3,1,0,-1,,15,0,false,32
16,10,rejected,1,mature,343,3,1,0,-1,,15,0,false,32
16,10,rejected,1,mature,344,3,1,0,-1,,15,0,false,32
16,10,rejected,1,mature,345,3,1,0,-1,,15,0,false,32
16,10,rejected,1,mature,346,3,1,0,-1,,15,0,false,32
16,10,rejected,1,mature,347,3,1,0,-1,,15,0,false,32
16,10,rejected,1,mature,348,3,1,0,-1,,15,0,false,32
16,10,rejected,1,mature,349,3,1,0,-1,,15,0,false,32
16,10,rejected,1,mature,350,3,1,0,-1,,15,0,false,32
16,10,rejected,1,mature,351,3,1,0,-1,,15,0,false,32
16,10,rejected,1,mature,352,3,1,0,-1,,15,0,false,32
16,10,rejected,1,mature,353,3,1,0,-1,,15,0,false,32
16,10,rejected,1,mature,354,3,1,0,-1,,15,0,false,32
16,10,rejected,1,mature,355,3,1,0,-1,,15,0,false,32
16,10,rejected,1,mature,356,3,1,0,-1,,15,0,false,32
16,10,rejected,1,mature,357,3,1,0,-1,,15,0,false,32
16,10,rejected,1,mature,358,3,1,0,-1,,15,0,false,32
16,10,rejected,1,mature,359,3,1,0,-1,,15,0,false,32
16,10,rejected,1,mature,360,3,1,0,-1,,15,0,false,32
16,10,rejected,1,mature,361,3,1,0,-1,,15,0,false,32
16,10,rejected,1,mature,362,3,1,0,-1,,15,0,false,32
16,10,rejected,1,mature,363,3,1,0,-1,,15,0,false,32
16,10,rejected,1,mature,364,3,1,0,-1,,15,0,false,32
16,10,rejected,1,mature,365,3,1,0,-1,,15,0,false,32
16,10,rejected,1,mature,366,3,1,0,-1,,15,0,false,32
16,10,rejected,1,mature,367,3,1,0,-1,,15,0,false,32
16,10,rejected,1,mature,368,3,1,0,-1,,15,0,false,32
16,10,rejected,1,mature,369,3,1,0,-1,,15,0,false,32
16,10,rejected,1,mature,370,3,1,0,-1,,15,0,false,32
16,10,rejected,1,mature,371,3,1,0,-1,,15,0,false,32
16,10,rejected,1,mature,372,3,1,0,-1,,15,0,false,32
16,10,rejected,1,mature,373,3,1,0,-1,,15,0,false,32
16,10,rejected,1,mature,374,3,1,0,-1,,15,0,false,32
16,10,rejected,1,mature,375,3,1,0,-1,,15,0,false,32
16,10,rejected,1,mature,376,3,1,0,-1,,15,0,false,32
16,10,rejected,1,mature,377,3,1,0,-1,,15,0,false,32
16,10,rejected,1,mature,378,3,1,0,-1,,15,0,false,32
16,10,rejected,1,mature,379,3,1,0,-1,,15,0,false,32
16,10,rejected,1,mature,380,3,1,0,-1,,15,0,false,32
16,10,rejected,1,mature,381,3,1,0,-1,,15,0,false,32
16,10,rejected,1,mature,382,3,1,0,-1,,15,0,false,32
16,10,rejected,1,mature,383,3,1,0,-1,,15,0,false,32
16,10,rejected,1,mature,384,3,1,0,-1,,15,0,false,32
16,10,rejected,1,mature,385,3,1,0,-1,,15,0,false,32
16,10,rejected,1,mature,386,3,1,0,-1,,15,0,false,32
16,10,rejected,1,mature,387,3,1,0,-1,,15,0,false,32
16,10,rejected,1,mature,388,3,1,0,-1,,15,0,false,32
16,10,rejected,1,mature,389,3,1,0,-1,,15,0,false,32
16,10,rejected,1,mature,390,3,1,0,-1,,15,0,false,32
16,10,rejected,1,mature,391,3,1,0,-1,,15,0,false,32
16,10,rejected,1,mature,392,3,1,0,-1,,15,0,false,32
16,10,rejected,1,mature,393,3,1,0,-1,,15,0,false,32
16,10,rejected,1,mature,394,3,1,0,-1,,15,0,false,32
16,10,rejected,1,mature,395,3,1,0,-1,,15,0,false,32
16,10,rejected,1,mature,396,3,1,0,-1,,15,0,false,32
16,10,rejected,1,mature,397,3,1,0,-1,,15,0,false,32
16,10,rejected,1,mature,398,3,1,0,-1,,15,0,false,32
16,10,rejected,1,mature,399,3,1,0,-1,,15,0,false,32
16,10,rejected,1,mature,400,3,1,0,-1,,15,0,false,32
16,10,rejected,1,mature,401,3,1,0,-1,,15,0,false,32
16,10,rejected,1,mature,402,3,1,0,-1,,15,0,false,32
16,10,rejected,1,mature,403,3,1,0,-1,,15,0,false,32
16,10,rejected,1,mature,404,3,1,0,-1,,15,0,false,32
16,10,rejected,1,mature,405,3,1,0,-1,,15,0,false,32
16,10,rejected,1,mature,406,3,1,0,-1,,15,0,false,32
16,10,rejected,1,mature,407,3,1,0,-1,,15,0,false,32
16,10,rejected,1,mature,408,3,1,0,-1,,15,0,false,32
16,10,rejected,1,mature,409,3,1,0,-1,,15,0,false,32
16,10,rejected,1,mature,410,3,1,0,-1,,15,0,false,32
16,10,rejected,1,mature,411,3,1,0,-1,,15,0,false,32
16,10,rejected,1,mature,412,3,1,0,-1,,15,0,false,32
16,10,rejected,1,mature,413,3,1,0,-1,,15,0,false,32
16,10,rejected,1,mature,414,3,1,0,-1,,15,0,false,32
16,10,rejected,1,mature,415,3,1,0,-1,,15,0,false,32
16,10,rejected,1,mature,416,3,1,0,-1,,15,0,false,32
16,10,rejected,1,mature,417,3,1,0,-1,,15,0,false,32
16,10,rejected,1,mature,418,3,1,0,-1,,15,0,false,32
16,10,rejected,1,mature,419,3,1,0,-1,,15,0,false,32
16,10,rejected,1,mature,420,3,1,0,-1,,15,0,false,32
16,10,rejected,1,mature,421,3,1,0,-1,,15,0,false,32
16,10,rejected,1,mature,422,3,1,0,-1,,15,0,false,32
16,10,rejected,1,mature,423,3,1,0,-1,,15,0,false,32
16,10,rejected,1,mature,424,3,1,0,-1,,15,0,false,32
16,10,rejected,1,mature,425,3,1,0,-1,,15,0,false,32
16,10,rejected,1,mature,426,3,1,0,-1,,15,0,false,32
16,10,rejected,1,mature,427,3,1,0,-1,,15,0,false,32
16,10,rejected,1,mature,428,3,1,0,-1,,15,0,false,32
16,10,rejected,1,mature,429,3,1,0,-1,,15,0,false,32
16,10,rejected,1,mature,430,3,1,0,-1,,15,0,false,32
16,10,rejected,1,mature,431,3,1,0,-1,,15,0,false,32
16,10,rejected,1,mature,432,3,1,0,-1,,15,0,false,32
16,10,rejected,1,mature,433,3,1,0,-1,,15,0,false,32
16,10,rejected,1,mature,434,3,1,0,-1,,15,0,false,32
16,10,rejected,1,mature,435,3,1,0,-1,,15,0,false,32
16,10,rejected,1,mature,436,3,1,0,-1,,15,0,false,32
16,10,rejected,1,mature,437,3,1,0,-1,,15,0,false,32
16,10,rejected,1,mature,438,3,1,0,-1,,15,0,false,32
16,10,rejected,1,mature,439,3,1,0,-1,,15,0,false,32
16,10,rejected,1,mature,440,3,1,0,-1,,15,0,false,32
16,10,rejected,1,mature,441,3,1,0,-1,,15,0,false,32
16,10,rejected,1,mature,442,3,1,0,-1,,15,0,false,32
16,10,rejected,1,mature,443,3,1,0,-1,,15,0,false,32
16,10,rejected,1,mature,444,3,1,0,-1,,15,0,false,32
16,10,rejected,1,mature,445,3,1,0,-1,,15,0,false,32
16,10,rejected,1,mature,446,3,1,0,-1,,15,0,false,32
16,10,rejected,1,mature,447,3,1,0,-1,,15,0,false,32
16,10,rejected,1,mature,448,3,1,0,-1,,15,0,false,32
16,10,rejected,1,mature,449,3,1,0,-1,,15,0,false,32
16,10,rejected,1,mature,450,3,1,0,-1,,15,0,false,32
16,10,rejected,1,mature,451,3,1,0,-1,,15,0,false,32
16,10,rejected,1,mature,452,3,1,0,-1,,15,0,false,32
16,10,rejected,1,mature,453,3,1,0,-1,,15,0,false,32
16,10,rejected,1,mature,454,3,1,0,-1,,15,0,false,32
16,10,rejected,1,mature,455,3,1,0,-1,,15,0,false,32
16,10,rejected,1,mature,456,3,1,0,-1,,15,0,false,32
16,10,rejected,1,mature,457,3,1,0,-1,,15,0,false,32
16,10,rejected,1,mature,458,3,1,0,-1,,15,0,false,32
16,10,rejected,1,mature,459,3,1,0,-1,,15,0,false,32
16,10,rejected,1,mature,460,3,1,0,-1,,15,0,false,32
16,10,rejected,1,mature,461,3,1,0,-1,,15,0,false,32
16,10,rejected,1,mature,462,3,1,0,-1,,15,0,false,32
16,10,rejected,1,mature,463,3,1,0,-1,,15,0,false,32
16,10,rejected,1,mature,464,3,1,0,-1,,15,0,false,32
16,10,rejected,1,mature,465,3,1,0,-1,,15,0,false,32
16,10,rejected,1,mature,466,3,1,0,-1,,15,0,false,32
16,10,rejected,1,mature,467,3,1,0,-1,,15,0,false,32
16,10,rejected,1,mature,468,3,1,0,-1,,15,0,false,32
16,10,rejected,1,mature,469,3,1,0,-1,,15,0,false,32
16,10,rejected,1,mature,470,3,1,0,-1,,15,0,false,32
16,10,rejected,1,mature,471,3,1,0,-1,,15,0,false,32
16,10,rejected,1,mature,472,3,1,0,-1,,15,0,false,32
16,10,rejected,1,mature,473,3,1,0,-1,,15,0,false,32
16,10,rejected,1,mature,474,3,1,0,-1,,15,0,false,32
16,10,rejected,1,mature,475,3,1,0,-1,,15,0,false,32
16,10,rejected,1,mature,476,3,1,0,-1,,15,0,false,32
16,10,rejected,1,mature,477,3,1,0,-1,,15,0,false,32
16,10,rejected,1,mature,478,3,1,0,-1,,15,0,false,32
16,10,rejected,1,mature,479,3,1,0,-1,,15,0,false,32
16,10,rejected,1,mature,480,3,1,0,-1,,15,0,false,32
16,10,rejected,1,mature,481,3,1,0,-1,,15,0,false,32
16,10,rejected,1,mature,482,3,1,0,-1,,15,0,false,32
16,10,rejected,1,mature,483,3,1,0,-1,,15,0,false,32
16,10,rejected,1,mature,484,3,1,0,-1,,15,0,false,32
16,10,rejected,1,mature,485,3,1,0,-1,,15,0,false,32
16,10,rejected,1,mature,486,3,1,0,-1,,15,0,false,32
16,10,rejected,1,mature,487,3,1,0,-1,,15,0,false,32
16,10,rejected,1,mature,488,3,1,0,-1,,15,0,false,32
16,10,rejected,1,mature,489,3,1,0,-1,,15,0,false,32
16,10,rejected,1,mature,490,3,1,0,-1,,15,0,false,32
16,10,rejected,1,mature,491,3,1,0,-1,,15,0,false,32
16,10,rejected,1,mature,492,3,1,0,-1,,15,0,false,32
16,10,rejected,1,mature,493,3,1,0,-1,,15,0,false,32
16,10,rejected,1,mature,494,3,1,0,-1,,15,0,false,32
16,10,rejected,1,mature,495,3,1,0,-1,,15,0,false,32
16,10,rejected,1,mature,496,3,1,0,-1,,15,0,false,32
16,10,rejected,1,mature,497,3,1,0,-1,,15,0,false,32
16,10,rejected,1,mature,498,3,1,0,-1,,15,0,false,32
16,10,rejected,1,mature,499,3,1,0,-1,,15,0,false,32
16,10,rejected,1,mature,500,3,1,0,-1,,15,0,false,32
16,10,rejected,1,fresh,1,3,1,0,2,1,1,1,true,1
16,10,rejected,1,fresh,2,3,1,0,4,1,1,1,true,2
16,10,rejected,1,fresh,3,3,1,0,6,1,1,1,true,3
16,10,rejected,1,fresh,4,3,1,0,8,1,1,1,true,4
16,10,rejected,1,fresh,5,3,1,0,10,1,1,1,true,5
16,50,untried,0,mature,1,2,14,84,0,2,2|2|2|2|2|2|2|2|2|2|2|2|2|2|2|2,16,false,16
16,50,untried,0,mature,2,2,14,68,0,2,2|2|2|2|2|2|2|2|2|2|2|2|2|2|2|2,16,false,32
16,50,untried,0,mature,3,2,14,52,0,2,2|2|2|2|2|2|2|2|2|2|2|2|2|2|2|2,16,false,48
16,50,untried,0,mature,4,2,14,36,0,2,2|2|2|2|2|2|2|2|2|2|2|2|2|2|2|2,16,false,64
16,50,untried,0,mature,5,2,14,20,0,2,2|2|2|2|2|2|2|2|2|2|2|2|2|2|2|2,16,false,80
16,50,untried,0,mature,6,2,14,4,0,2,2|2|2|2|2|2|2|2|2|2|2|2|2|2|2|2,16,false,96
16,50,untried,0,mature,7,2,14,0,2,14,2|2|2|2|3|4|5|6|7|8|9|10|11|12|13|14,16,true,112
16,50,untried,0,mature,8,2,14,0,4,14,14,1,true,113
16,50,untried,0,mature,9,2,14,0,6,14,14,1,true,114
16,50,untried,0,mature,10,2,14,0,8,14,14,1,true,115
16,50,untried,0,mature,11,2,14,0,10,14,14,1,true,116
16,50,untried,0,mature,12,2,14,0,12,14,14,1,true,117
16,50,untried,0,fresh,1,2,14,-1,2,14,0|1|2|3|4|5|6|7|8|9|10|11|12|13|14,15,true,15
16,50,untried,0,fresh,2,2,14,-1,4,14,14,1,true,16
16,50,untried,0,fresh,3,2,14,-1,6,14,14,1,true,17
16,50,untried,0,fresh,4,2,14,-1,8,14,14,1,true,18
16,50,untried,0,fresh,5,2,14,-1,10,14,14,1,true,19
16,50,untried,0,fresh,6,2,14,-1,12,14,14,1,true,20
16,50,untried,1,mature,1,3,0,84,0,3,3|3|3|3|3|3|3|3|3|3|3|3|3|3|3|3,16,false,16
16,50,untried,1,mature,2,3,0,68,0,3,3|3|3|3|3|3|3|3|3|3|3|3|3|3|3|3,16,false,32
16,50,untried,1,mature,3,3,0,52,0,3,3|3|3|3|3|3|3|3|3|3|3|3|3|3|3|3,16,false,48
16,50,untried,1,mature,4,3,0,36,0,3,3|3|3|3|3|3|3|3|3|3|3|3|3|3|3|3,16,false,64
16,50,untried,1,mature,5,3,0,20,0,3,3|3|3|3|3|3|3|3|3|3|3|3|3|3|3|3,16,false,80
16,50,untried,1,mature,6,3,0,4,0,3,3|3|3|3|3|3|3|3|3|3|3|3|3|3|3|3,16,false,96
16,50,untried,1,mature,7,3,0,0,0,,3|3|3|3|4|5|6|7|8|9|10|11|12|13|14|15,15,false,111
16,50,untried,1,mature,8,3,0,0,2,0,0,1,true,112
16,50,untried,1,mature,9,3,0,0,4,0,0,1,true,113
16,50,untried,1,mature,10,3,0,0,6,0,0,1,true,114
16,50,untried,1,mature,11,3,0,0,8,0,0,1,true,115
16,50,untried,1,mature,12,3,0,0,10,0,0,1,true,116
16,50,untried,1,fresh,1,3,0,-1,0,,1|2|3|4|5|6|7|8|9|10|11|12|13|14|15,14,false,14
16,50,untried,1,fresh,2,3,0,-1,2,0,0,1,true,15
16,50,untried,1,fresh,3,3,0,-1,4,0,0,1,true,16
16,50,untried,1,fresh,4,3,0,-1,6,0,0,1,true,17
16,50,untried,1,fresh,5,3,0,-1,8,0,0,1,true,18
16,50,untried,1,fresh,6,3,0,-1,10,0,0,1,true,19
16,50,rejected,0,mature,1,2,0,84,-1,2,2|2|2|2|2|2|2|2|2|2|2|2|2|2|2|2,16,false,16
16,50,rejected,0,mature,2,2,0,68,-1,2,2|2|2|2|2|2|2|2|2|2|2|2|2|2|2|2,16,false,32
16,50,rejected,0,mature,3,2,0,52,-1,2,2|2|2|2|2|2|2|2|2|2|2|2|2|2|2|2,16,false,48
16,50,rejected,0,mature,4,2,0,36,-1,2,2|2|2|2|2|2|2|2|2|2|2|2|2|2|2|2,16,false,64
16,50,rejected,0,mature,5,2,0,20,-1,2,2|2|2|2|2|2|2|2|2|2|2|2|2|2|2|2,16,false,80
16,50,rejected,0,mature,6,2,0,4,-1,2,2|2|2|2|2|2|2|2|2|2|2|2|2|2|2|2,16,false,96
16,50,rejected,0,mature,7,2,0,0,-1,,2|2|2|2|3|4|5|6|7|8|9|10|11|12|13|14,16,false,112
16,50,rejected,0,mature,8,2,0,0,-1,,15,0,false,112
16,50,rejected,0,mature,9,2,0,0,-1,,15,0,false,112
16,50,rejected,0,mature,10,2,0,0,-1,,15,0,false,112
16,50,rejected,0,mature,11,2,0,0,-1,,15,0,false,112
16,50,rejected,0,mature,12,2,0,0,-1,,15,0,false,112
16,50,rejected,0,mature,13,2,0,0,-1,,15,0,false,112
16,50,rejected,0,mature,14,2,0,0,-1,,15,0,false,112
16,50,rejected,0,mature,15,2,0,0,-1,,15,0,false,112
16,50,rejected,0,mature,16,2,0,0,-1,,15,0,false,112
16,50,rejected,0,mature,17,2,0,0,-1,,15,0,false,112
16,50,rejected,0,mature,18,2,0,0,-1,,15,0,false,112
16,50,rejected,0,mature,19,2,0,0,-1,,15,0,false,112
16,50,rejected,0,mature,20,2,0,0,-1,,15,0,false,112
16,50,rejected,0,mature,21,2,0,0,-1,,15,0,false,112
16,50,rejected,0,mature,22,2,0,0,-1,,15,0,false,112
16,50,rejected,0,mature,23,2,0,0,-1,,15,0,false,112
16,50,rejected,0,mature,24,2,0,0,-1,,15,0,false,112
16,50,rejected,0,mature,25,2,0,0,-1,,15,0,false,112
16,50,rejected,0,mature,26,2,0,0,-1,,15,0,false,112
16,50,rejected,0,mature,27,2,0,0,-1,,15,0,false,112
16,50,rejected,0,mature,28,2,0,0,-1,,15,0,false,112
16,50,rejected,0,mature,29,2,0,0,-1,,15,0,false,112
16,50,rejected,0,mature,30,2,0,0,-1,,15,0,false,112
16,50,rejected,0,mature,31,2,0,0,-1,,15,0,false,112
16,50,rejected,0,mature,32,2,0,0,-1,,15,0,false,112
16,50,rejected,0,mature,33,2,0,0,-1,,15,0,false,112
16,50,rejected,0,mature,34,2,0,0,-1,,15,0,false,112
16,50,rejected,0,mature,35,2,0,0,-1,,15,0,false,112
16,50,rejected,0,mature,36,2,0,0,-1,,15,0,false,112
16,50,rejected,0,mature,37,2,0,0,-1,,15,0,false,112
16,50,rejected,0,mature,38,2,0,0,-1,,15,0,false,112
16,50,rejected,0,mature,39,2,0,0,-1,,15,0,false,112
16,50,rejected,0,mature,40,2,0,0,-1,,15,0,false,112
16,50,rejected,0,mature,41,2,0,0,-1,,15,0,false,112
16,50,rejected,0,mature,42,2,0,0,-1,,15,0,false,112
16,50,rejected,0,mature,43,2,0,0,-1,,15,0,false,112
16,50,rejected,0,mature,44,2,0,0,-1,,15,0,false,112
16,50,rejected,0,mature,45,2,0,0,-1,,15,0,false,112
16,50,rejected,0,mature,46,2,0,0,-1,,15,0,false,112
16,50,rejected,0,mature,47,2,0,0,-1,,15,0,false,112
16,50,rejected,0,mature,48,2,0,0,-1,,15,0,false,112
16,50,rejected,0,mature,49,2,0,0,-1,,15,0,false,112
16,50,rejected,0,mature,50,2,0,0,-1,,15,0,false,112
16,50,rejected,0,mature,51,2,0,0,-1,,15,0,false,112
16,50,rejected,0,mature,52,2,0,0,-1,,15,0,false,112
16,50,rejected,0,mature,53,2,0,0,-1,,15,0,false,112
16,50,rejected,0,mature,54,2,0,0,-1,,15,0,false,112
16,50,rejected,0,mature,55,2,0,0,-1,,15,0,false,112
16,50,rejected,0,mature,56,2,0,0,-1,,15,0,false,112
16,50,rejected,0,mature,57,2,0,0,-1,,15,0,false,112
16,50,rejected,0,mature,58,2,0,0,-1,,15,0,false,112
16,50,rejected,0,mature,59,2,0,0,-1,,15,0,false,112
16,50,rejected,0,mature,60,2,0,0,-1,,15,0,false,112
16,50,rejected,0,mature,61,2,0,0,-1,,15,0,false,112
16,50,rejected,0,mature,62,2,0,0,-1,,15,0,false,112
16,50,rejected,0,mature,63,2,0,0,-1,,15,0,false,112
16,50,rejected,0,mature,64,2,0,0,-1,,15,0,false,112
16,50,rejected,0,mature,65,2,0,0,-1,,15,0,false,112
16,50,rejected,0,mature,66,2,0,0,-1,,15,0,false,112
16,50,rejected,0,mature,67,2,0,0,-1,,15,0,false,112
16,50,rejected,0,mature,68,2,0,0,-1,,15,0,false,112
16,50,rejected,0,mature,69,2,0,0,-1,,15,0,false,112
16,50,rejected,0,mature,70,2,0,0,-1,,15,0,false,112
16,50,rejected,0,mature,71,2,0,0,-1,,15,0,false,112
16,50,rejected,0,mature,72,2,0,0,-1,,15,0,false,112
16,50,rejected,0,mature,73,2,0,0,-1,,15,0,false,112
16,50,rejected,0,mature,74,2,0,0,-1,,15,0,false,112
16,50,rejected,0,mature,75,2,0,0,-1,,15,0,false,112
16,50,rejected,0,mature,76,2,0,0,-1,,15,0,false,112
16,50,rejected,0,mature,77,2,0,0,-1,,15,0,false,112
16,50,rejected,0,mature,78,2,0,0,-1,,15,0,false,112
16,50,rejected,0,mature,79,2,0,0,-1,,15,0,false,112
16,50,rejected,0,mature,80,2,0,0,-1,,15,0,false,112
16,50,rejected,0,mature,81,2,0,0,-1,,15,0,false,112
16,50,rejected,0,mature,82,2,0,0,-1,,15,0,false,112
16,50,rejected,0,mature,83,2,0,0,-1,,15,0,false,112
16,50,rejected,0,mature,84,2,0,0,-1,,15,0,false,112
16,50,rejected,0,mature,85,2,0,0,-1,,15,0,false,112
16,50,rejected,0,mature,86,2,0,0,-1,,15,0,false,112
16,50,rejected,0,mature,87,2,0,0,-1,,15,0,false,112
16,50,rejected,0,mature,88,2,0,0,-1,,15,0,false,112
16,50,rejected,0,mature,89,2,0,0,-1,,15,0,false,112
16,50,rejected,0,mature,90,2,0,0,-1,,15,0,false,112
16,50,rejected,0,mature,91,2,0,0,-1,,15,0,false,112
16,50,rejected,0,mature,92,2,0,0,-1,,15,0,false,112
16,50,rejected,0,mature,93,2,0,0,-1,,15,0,false,112
16,50,rejected,0,mature,94,2,0,0,-1,,15,0,false,112
16,50,rejected,0,mature,95,2,0,0,-1,,15,0,false,112
16,50,rejected,0,mature,96,2,0,0,-1,,15,0,false,112
16,50,rejected,0,mature,97,2,0,0,-1,,15,0,false,112
16,50,rejected,0,mature,98,2,0,0,-1,,15,0,false,112
16,50,rejected,0,mature,99,2,0,0,-1,,15,0,false,112
16,50,rejected,0,mature,100,2,0,0,-1,,15,0,false,112
16,50,rejected,0,mature,101,2,0,0,-1,,15,0,false,112
16,50,rejected,0,mature,102,2,0,0,-1,,15,0,false,112
16,50,rejected,0,mature,103,2,0,0,-1,,15,0,false,112
16,50,rejected,0,mature,104,2,0,0,-1,,15,0,false,112
16,50,rejected,0,mature,105,2,0,0,-1,,15,0,false,112
16,50,rejected,0,mature,106,2,0,0,-1,,15,0,false,112
16,50,rejected,0,mature,107,2,0,0,-1,,15,0,false,112
16,50,rejected,0,mature,108,2,0,0,-1,,15,0,false,112
16,50,rejected,0,mature,109,2,0,0,-1,,15,0,false,112
16,50,rejected,0,mature,110,2,0,0,-1,,15,0,false,112
16,50,rejected,0,mature,111,2,0,0,-1,,15,0,false,112
16,50,rejected,0,mature,112,2,0,0,-1,,15,0,false,112
16,50,rejected,0,mature,113,2,0,0,-1,,15,0,false,112
16,50,rejected,0,mature,114,2,0,0,-1,,15,0,false,112
16,50,rejected,0,mature,115,2,0,0,-1,,15,0,false,112
16,50,rejected,0,mature,116,2,0,0,-1,,15,0,false,112
16,50,rejected,0,mature,117,2,0,0,-1,,15,0,false,112
16,50,rejected,0,mature,118,2,0,0,-1,,15,0,false,112
16,50,rejected,0,mature,119,2,0,0,-1,,15,0,false,112
16,50,rejected,0,mature,120,2,0,0,-1,,15,0,false,112
16,50,rejected,0,mature,121,2,0,0,-1,,15,0,false,112
16,50,rejected,0,mature,122,2,0,0,-1,,15,0,false,112
16,50,rejected,0,mature,123,2,0,0,-1,,15,0,false,112
16,50,rejected,0,mature,124,2,0,0,-1,,15,0,false,112
16,50,rejected,0,mature,125,2,0,0,-1,,15,0,false,112
16,50,rejected,0,mature,126,2,0,0,-1,,15,0,false,112
16,50,rejected,0,mature,127,2,0,0,-1,,15,0,false,112
16,50,rejected,0,mature,128,2,0,0,-1,,15,0,false,112
16,50,rejected,0,mature,129,2,0,0,-1,,15,0,false,112
16,50,rejected,0,mature,130,2,0,0,-1,,15,0,false,112
16,50,rejected,0,mature,131,2,0,0,-1,,15,0,false,112
16,50,rejected,0,mature,132,2,0,0,-1,,15,0,false,112
16,50,rejected,0,mature,133,2,0,0,-1,,15,0,false,112
16,50,rejected,0,mature,134,2,0,0,-1,,15,0,false,112
16,50,rejected,0,mature,135,2,0,0,-1,,15,0,false,112
16,50,rejected,0,mature,136,2,0,0,-1,,15,0,false,112
16,50,rejected,0,mature,137,2,0,0,-1,,15,0,false,112
16,50,rejected,0,mature,138,2,0,0,-1,,15,0,false,112
16,50,rejected,0,mature,139,2,0,0,-1,,15,0,false,112
16,50,rejected,0,mature,140,2,0,0,-1,,15,0,false,112
16,50,rejected,0,mature,141,2,0,0,-1,,15,0,false,112
16,50,rejected,0,mature,142,2,0,0,-1,,15,0,false,112
16,50,rejected,0,mature,143,2,0,0,-1,,15,0,false,112
16,50,rejected,0,mature,144,2,0,0,-1,,15,0,false,112
16,50,rejected,0,mature,145,2,0,0,-1,,15,0,false,112
16,50,rejected,0,mature,146,2,0,0,-1,,15,0,false,112
16,50,rejected,0,mature,147,2,0,0,-1,,15,0,false,112
16,50,rejected,0,mature,148,2,0,0,-1,,15,0,false,112
16,50,rejected,0,mature,149,2,0,0,-1,,15,0,false,112
16,50,rejected,0,mature,150,2,0,0,-1,,15,0,false,112
16,50,rejected,0,mature,151,2,0,0,-1,,15,0,false,112
16,50,rejected,0,mature,152,2,0,0,-1,,15,0,false,112
16,50,rejected,0,mature,153,2,0,0,-1,,15,0,false,112
16,50,rejected,0,mature,154,2,0,0,-1,,15,0,false,112
16,50,rejected,0,mature,155,2,0,0,-1,,15,0,false,112
16,50,rejected,0,mature,156,2,0,0,-1,,15,0,false,112
16,50,rejected,0,mature,157,2,0,0,-1,,15,0,false,112
16,50,rejected,0,mature,158,2,0,0,-1,,15,0,false,112
16,50,rejected,0,mature,159,2,0,0,-1,,15,0,false,112
16,50,rejected,0,mature,160,2,0,0,-1,,15,0,false,112
16,50,rejected,0,mature,161,2,0,0,-1,,15,0,false,112
16,50,rejected,0,mature,162,2,0,0,-1,,15,0,false,112
16,50,rejected,0,mature,163,2,0,0,-1,,15,0,false,112
16,50,rejected,0,mature,164,2,0,0,-1,,15,0,false,112
16,50,rejected,0,mature,165,2,0,0,-1,,15,0,false,112
16,50,rejected,0,mature,166,2,0,0,-1,,15,0,false,112
16,50,rejected,0,mature,167,2,0,0,-1,,15,0,false,112
16,50,rejected,0,mature,168,2,0,0,-1,,15,0,false,112
16,50,rejected,0,mature,169,2,0,0,-1,,15,0,false,112
16,50,rejected,0,mature,170,2,0,0,-1,,15,0,false,112
16,50,rejected,0,mature,171,2,0,0,-1,,15,0,false,112
16,50,rejected,0,mature,172,2,0,0,-1,,15,0,false,112
16,50,rejected,0,mature,173,2,0,0,-1,,15,0,false,112
16,50,rejected,0,mature,174,2,0,0,-1,,15,0,false,112
16,50,rejected,0,mature,175,2,0,0,-1,,15,0,false,112
16,50,rejected,0,mature,176,2,0,0,-1,,15,0,false,112
16,50,rejected,0,mature,177,2,0,0,-1,,15,0,false,112
16,50,rejected,0,mature,178,2,0,0,-1,,15,0,false,112
16,50,rejected,0,mature,179,2,0,0,-1,,15,0,false,112
16,50,rejected,0,mature,180,2,0,0,-1,,15,0,false,112
16,50,rejected,0,mature,181,2,0,0,-1,,15,0,false,112
16,50,rejected,0,mature,182,2,0,0,-1,,15,0,false,112
16,50,rejected,0,mature,183,2,0,0,-1,,15,0,false,112
16,50,rejected,0,mature,184,2,0,0,-1,,15,0,false,112
16,50,rejected,0,mature,185,2,0,0,-1,,15,0,false,112
16,50,rejected,0,mature,186,2,0,0,-1,,15,0,false,112
16,50,rejected,0,mature,187,2,0,0,-1,,15,0,false,112
16,50,rejected,0,mature,188,2,0,0,-1,,15,0,false,112
16,50,rejected,0,mature,189,2,0,0,-1,,15,0,false,112
16,50,rejected,0,mature,190,2,0,0,-1,,15,0,false,112
16,50,rejected,0,mature,191,2,0,0,-1,,15,0,false,112
16,50,rejected,0,mature,192,2,0,0,-1,,15,0,false,112
16,50,rejected,0,mature,193,2,0,0,-1,,15,0,false,112
16,50,rejected,0,mature,194,2,0,0,-1,,15,0,false,112
16,50,rejected,0,mature,195,2,0,0,-1,,15,0,false,112
16,50,rejected,0,mature,196,2,0,0,-1,,15,0,false,112
16,50,rejected,0,mature,197,2,0,0,-1,,15,0,false,112
16,50,rejected,0,mature,198,2,0,0,-1,,15,0,false,112
16,50,rejected,0,mature,199,2,0,0,-1,,15,0,false,112
16,50,rejected,0,mature,200,2,0,0,-1,,15,0,false,112
16,50,rejected,0,mature,201,2,0,0,-1,,15,0,false,112
16,50,rejected,0,mature,202,2,0,0,-1,,15,0,false,112
16,50,rejected,0,mature,203,2,0,0,-1,,15,0,false,112
16,50,rejected,0,mature,204,2,0,0,-1,,15,0,false,112
16,50,rejected,0,mature,205,2,0,0,-1,,15,0,false,112
16,50,rejected,0,mature,206,2,0,0,-1,,15,0,false,112
16,50,rejected,0,mature,207,2,0,0,-1,,15,0,false,112
16,50,rejected,0,mature,208,2,0,0,-1,,15,0,false,112
16,50,rejected,0,mature,209,2,0,0,-1,,15,0,false,112
16,50,rejected,0,mature,210,2,0,0,-1,,15,0,false,112
16,50,rejected,0,mature,211,2,0,0,-1,,15,0,false,112
16,50,rejected,0,mature,212,2,0,0,-1,,15,0,false,112
16,50,rejected,0,mature,213,2,0,0,-1,,15,0,false,112
16,50,rejected,0,mature,214,2,0,0,-1,,15,0,false,112
16,50,rejected,0,mature,215,2,0,0,-1,,15,0,false,112
16,50,rejected,0,mature,216,2,0,0,-1,,15,0,false,112
16,50,rejected,0,mature,217,2,0,0,-1,,15,0,false,112
16,50,rejected,0,mature,218,2,0,0,-1,,15,0,false,112
16,50,rejected,0,mature,219,2,0,0,-1,,15,0,false,112
16,50,rejected,0,mature,220,2,0,0,-1,,15,0,false,112
16,50,rejected,0,mature,221,2,0,0,-1,,15,0,false,112
16,50,rejected,0,mature,222,2,0,0,-1,,15,0,false,112
16,50,rejected,0,mature,223,2,0,0,-1,,15,0,false,112
16,50,rejected,0,mature,224,2,0,0,-1,,15,0,false,112
16,50,rejected,0,mature,225,2,0,0,-1,,15,0,false,112
16,50,rejected,0,mature,226,2,0,0,-1,,15,0,false,112
16,50,rejected,0,mature,227,2,0,0,-1,,15,0,false,112
16,50,rejected,0,mature,228,2,0,0,-1,,15,0,false,112
16,50,rejected,0,mature,229,2,0,0,-1,,15,0,false,112
16,50,rejected,0,mature,230,2,0,0,-1,,15,0,false,112
16,50,rejected,0,mature,231,2,0,0,-1,,15,0,false,112
16,50,rejected,0,mature,232,2,0,0,-1,,15,0,false,112
16,50,rejected,0,mature,233,2,0,0,-1,,15,0,false,112
16,50,rejected,0,mature,234,2,0,0,-1,,15,0,false,112
16,50,rejected,0,mature,235,2,0,0,-1,,15,0,false,112
16,50,rejected,0,mature,236,2,0,0,-1,,15,0,false,112
16,50,rejected,0,mature,237,2,0,0,-1,,15,0,false,112
16,50,rejected,0,mature,238,2,0,0,-1,,15,0,false,112
16,50,rejected,0,mature,239,2,0,0,-1,,15,0,false,112
16,50,rejected,0,mature,240,2,0,0,-1,,15,0,false,112
16,50,rejected,0,mature,241,2,0,0,-1,,15,0,false,112
16,50,rejected,0,mature,242,2,0,0,-1,,15,0,false,112
16,50,rejected,0,mature,243,2,0,0,-1,,15,0,false,112
16,50,rejected,0,mature,244,2,0,0,-1,,15,0,false,112
16,50,rejected,0,mature,245,2,0,0,-1,,15,0,false,112
16,50,rejected,0,mature,246,2,0,0,-1,,15,0,false,112
16,50,rejected,0,mature,247,2,0,0,-1,,15,0,false,112
16,50,rejected,0,mature,248,2,0,0,-1,,15,0,false,112
16,50,rejected,0,mature,249,2,0,0,-1,,15,0,false,112
16,50,rejected,0,mature,250,2,0,0,-1,,15,0,false,112
16,50,rejected,0,mature,251,2,0,0,-1,,15,0,false,112
16,50,rejected,0,mature,252,2,0,0,-1,,15,0,false,112
16,50,rejected,0,mature,253,2,0,0,-1,,15,0,false,112
16,50,rejected,0,mature,254,2,0,0,-1,,15,0,false,112
16,50,rejected,0,mature,255,2,0,0,-1,,15,0,false,112
16,50,rejected,0,mature,256,2,0,0,-1,,15,0,false,112
16,50,rejected,0,mature,257,2,0,0,-1,,15,0,false,112
16,50,rejected,0,mature,258,2,0,0,-1,,15,0,false,112
16,50,rejected,0,mature,259,2,0,0,-1,,15,0,false,112
16,50,rejected,0,mature,260,2,0,0,-1,,15,0,false,112
16,50,rejected,0,mature,261,2,0,0,-1,,15,0,false,112
16,50,rejected,0,mature,262,2,0,0,-1,,15,0,false,112
16,50,rejected,0,mature,263,2,0,0,-1,,15,0,false,112
16,50,rejected,0,mature,264,2,0,0,-1,,15,0,false,112
16,50,rejected,0,mature,265,2,0,0,-1,,15,0,false,112
16,50,rejected,0,mature,266,2,0,0,-1,,15,0,false,112
16,50,rejected,0,mature,267,2,0,0,-1,,15,0,false,112
16,50,rejected,0,mature,268,2,0,0,-1,,15,0,false,112
16,50,rejected,0,mature,269,2,0,0,-1,,15,0,false,112
16,50,rejected,0,mature,270,2,0,0,-1,,15,0,false,112
16,50,rejected,0,mature,271,2,0,0,-1,,15,0,false,112
16,50,rejected,0,mature,272,2,0,0,-1,,15,0,false,112
16,50,rejected,0,mature,273,2,0,0,-1,,15,0,false,112
16,50,rejected,0,mature,274,2,0,0,-1,,15,0,false,112
16,50,rejected,0,mature,275,2,0,0,-1,,15,0,false,112
16,50,rejected,0,mature,276,2,0,0,-1,,15,0,false,112
16,50,rejected,0,mature,277,2,0,0,-1,,15,0,false,112
16,50,rejected,0,mature,278,2,0,0,-1,,15,0,false,112
16,50,rejected,0,mature,279,2,0,0,-1,,15,0,false,112
16,50,rejected,0,mature,280,2,0,0,-1,,15,0,false,112
16,50,rejected,0,mature,281,2,0,0,-1,,15,0,false,112
16,50,rejected,0,mature,282,2,0,0,-1,,15,0,false,112
16,50,rejected,0,mature,283,2,0,0,-1,,15,0,false,112
16,50,rejected,0,mature,284,2,0,0,-1,,15,0,false,112
16,50,rejected,0,mature,285,2,0,0,-1,,15,0,false,112
16,50,rejected,0,mature,286,2,0,0,-1,,15,0,false,112
16,50,rejected,0,mature,287,2,0,0,-1,,15,0,false,112
16,50,rejected,0,mature,288,2,0,0,-1,,15,0,false,112
16,50,rejected,0,mature,289,2,0,0,-1,,15,0,false,112
16,50,rejected,0,mature,290,2,0,0,-1,,15,0,false,112
16,50,rejected,0,mature,291,2,0,0,-1,,15,0,false,112
16,50,rejected,0,mature,292,2,0,0,-1,,15,0,false,112
16,50,rejected,0,mature,293,2,0,0,-1,,15,0,false,112
16,50,rejected,0,mature,294,2,0,0,-1,,15,0,false,112
16,50,rejected,0,mature,295,2,0,0,-1,,15,0,false,112
16,50,rejected,0,mature,296,2,0,0,-1,,15,0,false,112
16,50,rejected,0,mature,297,2,0,0,-1,,15,0,false,112
16,50,rejected,0,mature,298,2,0,0,-1,,15,0,false,112
16,50,rejected,0,mature,299,2,0,0,-1,,15,0,false,112
16,50,rejected,0,mature,300,2,0,0,-1,,15,0,false,112
16,50,rejected,0,mature,301,2,0,0,-1,,15,0,false,112
16,50,rejected,0,mature,302,2,0,0,-1,,15,0,false,112
16,50,rejected,0,mature,303,2,0,0,-1,,15,0,false,112
16,50,rejected,0,mature,304,2,0,0,-1,,15,0,false,112
16,50,rejected,0,mature,305,2,0,0,-1,,15,0,false,112
16,50,rejected,0,mature,306,2,0,0,-1,,15,0,false,112
16,50,rejected,0,mature,307,2,0,0,-1,,15,0,false,112
16,50,rejected,0,mature,308,2,0,0,-1,,15,0,false,112
16,50,rejected,0,mature,309,2,0,0,-1,,15,0,false,112
16,50,rejected,0,mature,310,2,0,0,-1,,15,0,false,112
16,50,rejected,0,mature,311,2,0,0,-1,,15,0,false,112
16,50,rejected,0,mature,312,2,0,0,-1,,15,0,false,112
16,50,rejected,0,mature,313,2,0,0,-1,,15,0,false,112
16,50,rejected,0,mature,314,2,0,0,-1,,15,0,false,112
16,50,rejected,0,mature,315,2,0,0,-1,,15,0,false,112
16,50,rejected,0,mature,316,2,0,0,-1,,15,0,false,112
16,50,rejected,0,mature,317,2,0,0,-1,,15,0,false,112
16,50,rejected,0,mature,318,2,0,0,-1,,15,0,false,112
16,50,rejected,0,mature,319,2,0,0,-1,,15,0,false,112
16,50,rejected,0,mature,320,2,0,0,-1,,15,0,false,112
16,50,rejected,0,mature,321,2,0,0,-1,,15,0,false,112
16,50,rejected,0,mature,322,2,0,0,-1,,15,0,false,112
16,50,rejected,0,mature,323,2,0,0,-1,,15,0,false,112
16,50,rejected,0,mature,324,2,0,0,-1,,15,0,false,112
16,50,rejected,0,mature,325,2,0,0,-1,,15,0,false,112
16,50,rejected,0,mature,326,2,0,0,-1,,15,0,false,112
16,50,rejected,0,mature,327,2,0,0,-1,,15,0,false,112
16,50,rejected,0,mature,328,2,0,0,-1,,15,0,false,112
16,50,rejected,0,mature,329,2,0,0,-1,,15,0,false,112
16,50,rejected,0,mature,330,2,0,0,-1,,15,0,false,112
16,50,rejected,0,mature,331,2,0,0,-1,,15,0,false,112
16,50,rejected,0,mature,332,2,0,0,-1,,15,0,false,112
16,50,rejected,0,mature,333,2,0,0,-1,,15,0,false,112
16,50,rejected,0,mature,334,2,0,0,-1,,15,0,false,112
16,50,rejected,0,mature,335,2,0,0,-1,,15,0,false,112
16,50,rejected,0,mature,336,2,0,0,-1,,15,0,false,112
16,50,rejected,0,mature,337,2,0,0,-1,,15,0,false,112
16,50,rejected,0,mature,338,2,0,0,-1,,15,0,false,112
16,50,rejected,0,mature,339,2,0,0,-1,,15,0,false,112
16,50,rejected,0,mature,340,2,0,0,-1,,15,0,false,112
16,50,rejected,0,mature,341,2,0,0,-1,,15,0,false,112
16,50,rejected,0,mature,342,2,0,0,-1,,15,0,false,112
16,50,rejected,0,mature,343,2,0,0,-1,,15,0,false,112
16,50,rejected,0,mature,344,2,0,0,-1,,15,0,false,112
16,50,rejected,0,mature,345,2,0,0,-1,,15,0,false,112
16,50,rejected,0,mature,346,2,0,0,-1,,15,0,false,112
16,50,rejected,0,mature,347,2,0,0,-1,,15,0,false,112
16,50,rejected,0,mature,348,2,0,0,-1,,15,0,false,112
16,50,rejected,0,mature,349,2,0,0,-1,,15,0,false,112
16,50,rejected,0,mature,350,2,0,0,-1,,15,0,false,112
16,50,rejected,0,mature,351,2,0,0,-1,,15,0,false,112
16,50,rejected,0,mature,352,2,0,0,-1,,15,0,false,112
16,50,rejected,0,mature,353,2,0,0,-1,,15,0,false,112
16,50,rejected,0,mature,354,2,0,0,-1,,15,0,false,112
16,50,rejected,0,mature,355,2,0,0,-1,,15,0,false,112
16,50,rejected,0,mature,356,2,0,0,-1,,15,0,false,112
16,50,rejected,0,mature,357,2,0,0,-1,,15,0,false,112
16,50,rejected,0,mature,358,2,0,0,-1,,15,0,false,112
16,50,rejected,0,mature,359,2,0,0,-1,,15,0,false,112
16,50,rejected,0,mature,360,2,0,0,-1,,15,0,false,112
16,50,rejected,0,mature,361,2,0,0,-1,,15,0,false,112
16,50,rejected,0,mature,362,2,0,0,-1,,15,0,false,112
16,50,rejected,0,mature,363,2,0,0,-1,,15,0,false,112
16,50,rejected,0,mature,364,2,0,0,-1,,15,0,false,112
16,50,rejected,0,mature,365,2,0,0,-1,,15,0,false,112
16,50,rejected,0,mature,366,2,0,0,-1,,15,0,false,112
16,50,rejected,0,mature,367,2,0,0,-1,,15,0,false,112
16,50,rejected,0,mature,368,2,0,0,-1,,15,0,false,112
16,50,rejected,0,mature,369,2,0,0,-1,,15,0,false,112
16,50,rejected,0,mature,370,2,0,0,-1,,15,0,false,112
16,50,rejected,0,mature,371,2,0,0,-1,,15,0,false,112
16,50,rejected,0,mature,372,2,0,0,-1,,15,0,false,112
16,50,rejected,0,mature,373,2,0,0,-1,,15,0,false,112
16,50,rejected,0,mature,374,2,0,0,-1,,15,0,false,112
16,50,rejected,0,mature,375,2,0,0,-1,,15,0,false,112
16,50,rejected,0,mature,376,2,0,0,-1,,15,0,false,112
16,50,rejected,0,mature,377,2,0,0,-1,,15,0,false,112
16,50,rejected,0,mature,378,2,0,0,-1,,15,0,false,112
16,50,rejected,0,mature,379,2,0,0,-1,,15,0,false,112
16,50,rejected,0,mature,380,2,0,0,-1,,15,0,false,112
16,50,rejected,0,mature,381,2,0,0,-1,,15,0,false,112
16,50,rejected,0,mature,382,2,0,0,-1,,15,0,false,112
16,50,rejected,0,mature,383,2,0,0,-1,,15,0,false,112
16,50,rejected,0,mature,384,2,0,0,-1,,15,0,false,112
16,50,rejected,0,mature,385,2,0,0,-1,,15,0,false,112
16,50,rejected,0,mature,386,2,0,0,-1,,15,0,false,112
16,50,rejected,0,mature,387,2,0,0,-1,,15,0,false,112
16,50,rejected,0,mature,388,2,0,0,-1,,15,0,false,112
16,50,rejected,0,mature,389,2,0,0,-1,,15,0,false,112
16,50,rejected,0,mature,390,2,0,0,-1,,15,0,false,112
16,50,rejected,0,mature,391,2,0,0,-1,,15,0,false,112
16,50,rejected,0,mature,392,2,0,0,-1,,15,0,false,112
16,50,rejected,0,mature,393,2,0,0,-1,,15,0,false,112
16,50,rejected,0,mature,394,2,0,0,-1,,15,0,false,112
16,50,rejected,0,mature,395,2,0,0,-1,,15,0,false,112
16,50,rejected,0,mature,396,2,0,0,-1,,15,0,false,112
16,50,rejected,0,mature,397,2,0,0,-1,,15,0,false,112
16,50,rejected,0,mature,398,2,0,0,-1,,15,0,false,112
16,50,rejected,0,mature,399,2,0,0,-1,,15,0,false,112
16,50,rejected,0,mature,400,2,0,0,-1,,15,0,false,112
16,50,rejected,0,mature,401,2,0,0,-1,,15,0,false,112
16,50,rejected,0,mature,402,2,0,0,-1,,15,0,false,112
16,50,rejected,0,mature,403,2,0,0,-1,,15,0,false,112
16,50,rejected,0,mature,404,2,0,0,-1,,15,0,false,112
16,50,rejected,0,mature,405,2,0,0,-1,,15,0,false,112
16,50,rejected,0,mature,406,2,0,0,-1,,15,0,false,112
16,50,rejected,0,mature,407,2,0,0,-1,,15,0,false,112
16,50,rejected,0,mature,408,2,0,0,-1,,15,0,false,112
16,50,rejected,0,mature,409,2,0,0,-1,,15,0,false,112
16,50,rejected,0,mature,410,2,0,0,-1,,15,0,false,112
16,50,rejected,0,mature,411,2,0,0,-1,,15,0,false,112
16,50,rejected,0,mature,412,2,0,0,-1,,15,0,false,112
16,50,rejected,0,mature,413,2,0,0,-1,,15,0,false,112
16,50,rejected,0,mature,414,2,0,0,-1,,15,0,false,112
16,50,rejected,0,mature,415,2,0,0,-1,,15,0,false,112
16,50,rejected,0,mature,416,2,0,0,-1,,15,0,false,112
16,50,rejected,0,mature,417,2,0,0,-1,,15,0,false,112
16,50,rejected,0,mature,418,2,0,0,-1,,15,0,false,112
16,50,rejected,0,mature,419,2,0,0,-1,,15,0,false,112
16,50,rejected,0,mature,420,2,0,0,-1,,15,0,false,112
16,50,rejected,0,mature,421,2,0,0,-1,,15,0,false,112
16,50,rejected,0,mature,422,2,0,0,-1,,15,0,false,112
16,50,rejected,0,mature,423,2,0,0,-1,,15,0,false,112
16,50,rejected,0,mature,424,2,0,0,-1,,15,0,false,112
16,50,rejected,0,mature,425,2,0,0,-1,,15,0,false,112
16,50,rejected,0,mature,426,2,0,0,-1,,15,0,false,112
16,50,rejected,0,mature,427,2,0,0,-1,,15,0,false,112
16,50,rejected,0,mature,428,2,0,0,-1,,15,0,false,112
16,50,rejected,0,mature,429,2,0,0,-1,,15,0,false,112
16,50,rejected,0,mature,430,2,0,0,-1,,15,0,false,112
16,50,rejected,0,mature,431,2,0,0,-1,,15,0,false,112
16,50,rejected,0,mature,432,2,0,0,-1,,15,0,false,112
16,50,rejected,0,mature,433,2,0,0,-1,,15,0,false,112
16,50,rejected,0,mature,434,2,0,0,-1,,15,0,false,112
16,50,rejected,0,mature,435,2,0,0,-1,,15,0,false,112
16,50,rejected,0,mature,436,2,0,0,-1,,15,0,false,112
16,50,rejected,0,mature,437,2,0,0,-1,,15,0,false,112
16,50,rejected,0,mature,438,2,0,0,-1,,15,0,false,112
16,50,rejected,0,mature,439,2,0,0,-1,,15,0,false,112
16,50,rejected,0,mature,440,2,0,0,-1,,15,0,false,112
16,50,rejected,0,mature,441,2,0,0,-1,,15,0,false,112
16,50,rejected,0,mature,442,2,0,0,-1,,15,0,false,112
16,50,rejected,0,mature,443,2,0,0,-1,,15,0,false,112
16,50,rejected,0,mature,444,2,0,0,-1,,15,0,false,112
16,50,rejected,0,mature,445,2,0,0,-1,,15,0,false,112
16,50,rejected,0,mature,446,2,0,0,-1,,15,0,false,112
16,50,rejected,0,mature,447,2,0,0,-1,,15,0,false,112
16,50,rejected,0,mature,448,2,0,0,-1,,15,0,false,112
16,50,rejected,0,mature,449,2,0,0,-1,,15,0,false,112
16,50,rejected,0,mature,450,2,0,0,-1,,15,0,false,112
16,50,rejected,0,mature,451,2,0,0,-1,,15,0,false,112
16,50,rejected,0,mature,452,2,0,0,-1,,15,0,false,112
16,50,rejected,0,mature,453,2,0,0,-1,,15,0,false,112
16,50,rejected,0,mature,454,2,0,0,-1,,15,0,false,112
16,50,rejected,0,mature,455,2,0,0,-1,,15,0,false,112
16,50,rejected,0,mature,456,2,0,0,-1,,15,0,false,112
16,50,rejected,0,mature,457,2,0,0,-1,,15,0,false,112
16,50,rejected,0,mature,458,2,0,0,-1,,15,0,false,112
16,50,rejected,0,mature,459,2,0,0,-1,,15,0,false,112
16,50,rejected,0,mature,460,2,0,0,-1,,15,0,false,112
16,50,rejected,0,mature,461,2,0,0,-1,,15,0,false,112
16,50,rejected,0,mature,462,2,0,0,-1,,15,0,false,112
16,50,rejected,0,mature,463,2,0,0,-1,,15,0,false,112
16,50,rejected,0,mature,464,2,0,0,-1,,15,0,false,112
16,50,rejected,0,mature,465,2,0,0,-1,,15,0,false,112
16,50,rejected,0,mature,466,2,0,0,-1,,15,0,false,112
16,50,rejected,0,mature,467,2,0,0,-1,,15,0,false,112
16,50,rejected,0,mature,468,2,0,0,-1,,15,0,false,112
16,50,rejected,0,mature,469,2,0,0,-1,,15,0,false,112
16,50,rejected,0,mature,470,2,0,0,-1,,15,0,false,112
16,50,rejected,0,mature,471,2,0,0,-1,,15,0,false,112
16,50,rejected,0,mature,472,2,0,0,-1,,15,0,false,112
16,50,rejected,0,mature,473,2,0,0,-1,,15,0,false,112
16,50,rejected,0,mature,474,2,0,0,-1,,15,0,false,112
16,50,rejected,0,mature,475,2,0,0,-1,,15,0,false,112
16,50,rejected,0,mature,476,2,0,0,-1,,15,0,false,112
16,50,rejected,0,mature,477,2,0,0,-1,,15,0,false,112
16,50,rejected,0,mature,478,2,0,0,-1,,15,0,false,112
16,50,rejected,0,mature,479,2,0,0,-1,,15,0,false,112
16,50,rejected,0,mature,480,2,0,0,-1,,15,0,false,112
16,50,rejected,0,mature,481,2,0,0,-1,,15,0,false,112
16,50,rejected,0,mature,482,2,0,0,-1,,15,0,false,112
16,50,rejected,0,mature,483,2,0,0,-1,,15,0,false,112
16,50,rejected,0,mature,484,2,0,0,-1,,15,0,false,112
16,50,rejected,0,mature,485,2,0,0,-1,,15,0,false,112
16,50,rejected,0,mature,486,2,0,0,-1,,15,0,false,112
16,50,rejected,0,mature,487,2,0,0,-1,,15,0,false,112
16,50,rejected,0,mature,488,2,0,0,-1,,15,0,false,112
16,50,rejected,0,mature,489,2,0,0,-1,,15,0,false,112
16,50,rejected,0,mature,490,2,0,0,-1,,15,0,false,112
16,50,rejected,0,mature,491,2,0,0,-1,,15,0,false,112
16,50,rejected,0,mature,492,2,0,0,-1,,15,0,false,112
16,50,rejected,0,mature,493,2,0,0,-1,,15,0,false,112
16,50,rejected,0,mature,494,2,0,0,-1,,15,0,false,112
16,50,rejected,0,mature,495,2,0,0,-1,,15,0,false,112
16,50,rejected,0,mature,496,2,0,0,-1,,15,0,false,112
16,50,rejected,0,mature,497,2,0,0,-1,,15,0,false,112
16,50,rejected,0,mature,498,2,0,0,-1,,15,0,false,112
16,50,rejected,0,mature,499,2,0,0,-1,,15,0,false,112
16,50,rejected,0,mature,500,2,0,0,-1,,15,0,false,112
16,50,rejected,0,fresh,1,2,0,0,2,0,0,1,true,1
16,50,rejected,0,fresh,2,2,0,0,4,0,0,1,true,2
16,50,rejected,0,fresh,3,2,0,0,6,0,0,1,true,3
16,50,rejected,0,fresh,4,2,0,0,8,0,0,1,true,4
16,50,rejected,0,fresh,5,2,0,0,10,0,0,1,true,5
16,50,rejected,1,mature,1,3,1,84,-1,3,3|3|3|3|3|3|3|3|3|3|3|3|3|3|3|3,16,false,16
16,50,rejected,1,mature,2,3,1,68,-1,3,3|3|3|3|3|3|3|3|3|3|3|3|3|3|3|3,16,false,32
16,50,rejected,1,mature,3,3,1,52,-1,3,3|3|3|3|3|3|3|3|3|3|3|3|3|3|3|3,16,false,48
16,50,rejected,1,mature,4,3,1,36,-1,3,3|3|3|3|3|3|3|3|3|3|3|3|3|3|3|3,16,false,64
16,50,rejected,1,mature,5,3,1,20,-1,3,3|3|3|3|3|3|3|3|3|3|3|3|3|3|3|3,16,false,80
16,50,rejected,1,mature,6,3,1,4,-1,3,3|3|3|3|3|3|3|3|3|3|3|3|3|3|3|3,16,false,96
16,50,rejected,1,mature,7,3,1,0,-1,,3|3|3|3|4|5|6|7|8|9|10|11|12|13|14|15,15,false,111
16,50,rejected,1,mature,8,3,1,0,-1,,0|15,1,false,112
16,50,rejected,1,mature,9,3,1,0,-1,,15,0,false,112
16,50,rejected,1,mature,10,3,1,0,-1,,15,0,false,112
16,50,rejected,1,mature,11,3,1,0,-1,,15,0,false,112
16,50,rejected,1,mature,12,3,1,0,-1,,15,0,false,112
16,50,rejected,1,mature,13,3,1,0,-1,,15,0,false,112
16,50,rejected,1,mature,14,3,1,0,-1,,15,0,false,112
16,50,rejected,1,mature,15,3,1,0,-1,,15,0,false,112
16,50,rejected,1,mature,16,3,1,0,-1,,15,0,false,112
16,50,rejected,1,mature,17,3,1,0,-1,,15,0,false,112
16,50,rejected,1,mature,18,3,1,0,-1,,15,0,false,112
16,50,rejected,1,mature,19,3,1,0,-1,,15,0,false,112
16,50,rejected,1,mature,20,3,1,0,-1,,15,0,false,112
16,50,rejected,1,mature,21,3,1,0,-1,,15,0,false,112
16,50,rejected,1,mature,22,3,1,0,-1,,15,0,false,112
16,50,rejected,1,mature,23,3,1,0,-1,,15,0,false,112
16,50,rejected,1,mature,24,3,1,0,-1,,15,0,false,112
16,50,rejected,1,mature,25,3,1,0,-1,,15,0,false,112
16,50,rejected,1,mature,26,3,1,0,-1,,15,0,false,112
16,50,rejected,1,mature,27,3,1,0,-1,,15,0,false,112
16,50,rejected,1,mature,28,3,1,0,-1,,15,0,false,112
16,50,rejected,1,mature,29,3,1,0,-1,,15,0,false,112
16,50,rejected,1,mature,30,3,1,0,-1,,15,0,false,112
16,50,rejected,1,mature,31,3,1,0,-1,,15,0,false,112
16,50,rejected,1,mature,32,3,1,0,-1,,15,0,false,112
16,50,rejected,1,mature,33,3,1,0,-1,,15,0,false,112
16,50,rejected,1,mature,34,3,1,0,-1,,15,0,false,112
16,50,rejected,1,mature,35,3,1,0,-1,,15,0,false,112
16,50,rejected,1,mature,36,3,1,0,-1,,15,0,false,112
16,50,rejected,1,mature,37,3,1,0,-1,,15,0,false,112
16,50,rejected,1,mature,38,3,1,0,-1,,15,0,false,112
16,50,rejected,1,mature,39,3,1,0,-1,,15,0,false,112
16,50,rejected,1,mature,40,3,1,0,-1,,15,0,false,112
16,50,rejected,1,mature,41,3,1,0,-1,,15,0,false,112
16,50,rejected,1,mature,42,3,1,0,-1,,15,0,false,112
16,50,rejected,1,mature,43,3,1,0,-1,,15,0,false,112
16,50,rejected,1,mature,44,3,1,0,-1,,15,0,false,112
16,50,rejected,1,mature,45,3,1,0,-1,,15,0,false,112
16,50,rejected,1,mature,46,3,1,0,-1,,15,0,false,112
16,50,rejected,1,mature,47,3,1,0,-1,,15,0,false,112
16,50,rejected,1,mature,48,3,1,0,-1,,15,0,false,112
16,50,rejected,1,mature,49,3,1,0,-1,,15,0,false,112
16,50,rejected,1,mature,50,3,1,0,-1,,15,0,false,112
16,50,rejected,1,mature,51,3,1,0,-1,,15,0,false,112
16,50,rejected,1,mature,52,3,1,0,-1,,15,0,false,112
16,50,rejected,1,mature,53,3,1,0,-1,,15,0,false,112
16,50,rejected,1,mature,54,3,1,0,-1,,15,0,false,112
16,50,rejected,1,mature,55,3,1,0,-1,,15,0,false,112
16,50,rejected,1,mature,56,3,1,0,-1,,15,0,false,112
16,50,rejected,1,mature,57,3,1,0,-1,,15,0,false,112
16,50,rejected,1,mature,58,3,1,0,-1,,15,0,false,112
16,50,rejected,1,mature,59,3,1,0,-1,,15,0,false,112
16,50,rejected,1,mature,60,3,1,0,-1,,15,0,false,112
16,50,rejected,1,mature,61,3,1,0,-1,,15,0,false,112
16,50,rejected,1,mature,62,3,1,0,-1,,15,0,false,112
16,50,rejected,1,mature,63,3,1,0,-1,,15,0,false,112
16,50,rejected,1,mature,64,3,1,0,-1,,15,0,false,112
16,50,rejected,1,mature,65,3,1,0,-1,,15,0,false,112
16,50,rejected,1,mature,66,3,1,0,-1,,15,0,false,112
16,50,rejected,1,mature,67,3,1,0,-1,,15,0,false,112
16,50,rejected,1,mature,68,3,1,0,-1,,15,0,false,112
16,50,rejected,1,mature,69,3,1,0,-1,,15,0,false,112
16,50,rejected,1,mature,70,3,1,0,-1,,15,0,false,112
16,50,rejected,1,mature,71,3,1,0,-1,,15,0,false,112
16,50,rejected,1,mature,72,3,1,0,-1,,15,0,false,112
16,50,rejected,1,mature,73,3,1,0,-1,,15,0,false,112
16,50,rejected,1,mature,74,3,1,0,-1,,15,0,false,112
16,50,rejected,1,mature,75,3,1,0,-1,,15,0,false,112
16,50,rejected,1,mature,76,3,1,0,-1,,15,0,false,112
16,50,rejected,1,mature,77,3,1,0,-1,,15,0,false,112
16,50,rejected,1,mature,78,3,1,0,-1,,15,0,false,112
16,50,rejected,1,mature,79,3,1,0,-1,,15,0,false,112
16,50,rejected,1,mature,80,3,1,0,-1,,15,0,false,112
16,50,rejected,1,mature,81,3,1,0,-1,,15,0,false,112
16,50,rejected,1,mature,82,3,1,0,-1,,15,0,false,112
16,50,rejected,1,mature,83,3,1,0,-1,,15,0,false,112
16,50,rejected,1,mature,84,3,1,0,-1,,15,0,false,112
16,50,rejected,1,mature,85,3,1,0,-1,,15,0,false,112
16,50,rejected,1,mature,86,3,1,0,-1,,15,0,false,112
16,50,rejected,1,mature,87,3,1,0,-1,,15,0,false,112
16,50,rejected,1,mature,88,3,1,0,-1,,15,0,false,112
16,50,rejected,1,mature,89,3,1,0,-1,,15,0,false,112
16,50,rejected,1,mature,90,3,1,0,-1,,15,0,false,112
16,50,rejected,1,mature,91,3,1,0,-1,,15,0,false,112
16,50,rejected,1,mature,92,3,1,0,-1,,15,0,false,112
16,50,rejected,1,mature,93,3,1,0,-1,,15,0,false,112
16,50,rejected,1,mature,94,3,1,0,-1,,15,0,false,112
16,50,rejected,1,mature,95,3,1,0,-1,,15,0,false,112
16,50,rejected,1,mature,96,3,1,0,-1,,15,0,false,112
16,50,rejected,1,mature,97,3,1,0,-1,,15,0,false,112
16,50,rejected,1,mature,98,3,1,0,-1,,15,0,false,112
16,50,rejected,1,mature,99,3,1,0,-1,,15,0,false,112
16,50,rejected,1,mature,100,3,1,0,-1,,15,0,false,112
16,50,rejected,1,mature,101,3,1,0,-1,,15,0,false,112
16,50,rejected,1,mature,102,3,1,0,-1,,15,0,false,112
16,50,rejected,1,mature,103,3,1,0,-1,,15,0,false,112
16,50,rejected,1,mature,104,3,1,0,-1,,15,0,false,112
16,50,rejected,1,mature,105,3,1,0,-1,,15,0,false,112
16,50,rejected,1,mature,106,3,1,0,-1,,15,0,false,112
16,50,rejected,1,mature,107,3,1,0,-1,,15,0,false,112
16,50,rejected,1,mature,108,3,1,0,-1,,15,0,false,112
16,50,rejected,1,mature,109,3,1,0,-1,,15,0,false,112
16,50,rejected,1,mature,110,3,1,0,-1,,15,0,false,112
16,50,rejected,1,mature,111,3,1,0,-1,,15,0,false,112
16,50,rejected,1,mature,112,3,1,0,-1,,15,0,false,112
16,50,rejected,1,mature,113,3,1,0,-1,,15,0,false,112
16,50,rejected,1,mature,114,3,1,0,-1,,15,0,false,112
16,50,rejected,1,mature,115,3,1,0,-1,,15,0,false,112
16,50,rejected,1,mature,116,3,1,0,-1,,15,0,false,112
16,50,rejected,1,mature,117,3,1,0,-1,,15,0,false,112
16,50,rejected,1,mature,118,3,1,0,-1,,15,0,false,112
16,50,rejected,1,mature,119,3,1,0,-1,,15,0,false,112
16,50,rejected,1,mature,120,3,1,0,-1,,15,0,false,112
16,50,rejected,1,mature,121,3,1,0,-1,,15,0,false,112
16,50,rejected,1,mature,122,3,1,0,-1,,15,0,false,112
16,50,rejected,1,mature,123,3,1,0,-1,,15,0,false,112
16,50,rejected,1,mature,124,3,1,0,-1,,15,0,false,112
16,50,rejected,1,mature,125,3,1,0,-1,,15,0,false,112
16,50,rejected,1,mature,126,3,1,0,-1,,15,0,false,112
16,50,rejected,1,mature,127,3,1,0,-1,,15,0,false,112
16,50,rejected,1,mature,128,3,1,0,-1,,15,0,false,112
16,50,rejected,1,mature,129,3,1,0,-1,,15,0,false,112
16,50,rejected,1,mature,130,3,1,0,-1,,15,0,false,112
16,50,rejected,1,mature,131,3,1,0,-1,,15,0,false,112
16,50,rejected,1,mature,132,3,1,0,-1,,15,0,false,112
16,50,rejected,1,mature,133,3,1,0,-1,,15,0,false,112
16,50,rejected,1,mature,134,3,1,0,-1,,15,0,false,112
16,50,rejected,1,mature,135,3,1,0,-1,,15,0,false,112
16,50,rejected,1,mature,136,3,1,0,-1,,15,0,false,112
16,50,rejected,1,mature,137,3,1,0,-1,,15,0,false,112
16,50,rejected,1,mature,138,3,1,0,-1,,15,0,false,112
16,50,rejected,1,mature,139,3,1,0,-1,,15,0,false,112
16,50,rejected,1,mature,140,3,1,0,-1,,15,0,false,112
16,50,rejected,1,mature,141,3,1,0,-1,,15,0,false,112
16,50,rejected,1,mature,142,3,1,0,-1,,15,0,false,112
16,50,rejected,1,mature,143,3,1,0,-1,,15,0,false,112
16,50,rejected,1,mature,144,3,1,0,-1,,15,0,false,112
16,50,rejected,1,mature,145,3,1,0,-1,,15,0,false,112
16,50,rejected,1,mature,146,3,1,0,-1,,15,0,false,112
16,50,rejected,1,mature,147,3,1,0,-1,,15,0,false,112
16,50,rejected,1,mature,148,3,1,0,-1,,15,0,false,112
16,50,rejected,1,mature,149,3,1,0,-1,,15,0,false,112
16,50,rejected,1,mature,150,3,1,0,-1,,15,0,false,112
16,50,rejected,1,mature,151,3,1,0,-1,,15,0,false,112
16,50,rejected,1,mature,152,3,1,0,-1,,15,0,false,112
16,50,rejected,1,mature,153,3,1,0,-1,,15,0,false,112
16,50,rejected,1,mature,154,3,1,0,-1,,15,0,false,112
16,50,rejected,1,mature,155,3,1,0,-1,,15,0,false,112
16,50,rejected,1,mature,156,3,1,0,-1,,15,0,false,112
16,50,rejected,1,mature,157,3,1,0,-1,,15,0,false,112
16,50,rejected,1,mature,158,3,1,0,-1,,15,0,false,112
16,50,rejected,1,mature,159,3,1,0,-1,,15,0,false,112
16,50,rejected,1,mature,160,3,1,0,-1,,15,0,false,112
16,50,rejected,1,mature,161,3,1,0,-1,,15,0,false,112
16,50,rejected,1,mature,162,3,1,0,-1,,15,0,false,112
16,50,rejected,1,mature,163,3,1,0,-1,,15,0,false,112
16,50,rejected,1,mature,164,3,1,0,-1,,15,0,false,112
16,50,rejected,1,mature,165,3,1,0,-1,,15,0,false,112
16,50,rejected,1,mature,166,3,1,0,-1,,15,0,false,112
16,50,rejected,1,mature,167,3,1,0,-1,,15,0,false,112
16,50,rejected,1,mature,168,3,1,0,-1,,15,0,false,112
16,50,rejected,1,mature,169,3,1,0,-1,,15,0,false,112
16,50,rejected,1,mature,170,3,1,0,-1,,15,0,false,112
16,50,rejected,1,mature,171,3,1,0,-1,,15,0,false,112
16,50,rejected,1,mature,172,3,1,0,-1,,15,0,false,112
16,50,rejected,1,mature,173,3,1,0,-1,,15,0,false,112
16,50,rejected,1,mature,174,3,1,0,-1,,15,0,false,112
16,50,rejected,1,mature,175,3,1,0,-1,,15,0,false,112
16,50,rejected,1,mature,176,3,1,0,-1,,15,0,false,112
16,50,rejected,1,mature,177,3,1,0,-1,,15,0,false,112
16,50,rejected,1,mature,178,3,1,0,-1,,15,0,false,112
16,50,rejected,1,mature,179,3,1,0,-1,,15,0,false,112
16,50,rejected,1,mature,180,3,1,0,-1,,15,0,false,112
16,50,rejected,1,mature,181,3,1,0,-1,,15,0,false,112
16,50,rejected,1,mature,182,3,1,0,-1,,15,0,false,112
16,50,rejected,1,mature,183,3,1,0,-1,,15,0,false,112
16,50,rejected,1,mature,184,3,1,0,-1,,15,0,false,112
16,50,rejected,1,mature,185,3,1,0,-1,,15,0,false,112
16,50,rejected,1,mature,186,3,1,0,-1,,15,0,false,112
16,50,rejected,1,mature,187,3,1,0,-1,,15,0,false,112
16,50,rejected,1,mature,188,3,1,0,-1,,15,0,false,112
16,50,rejected,1,mature,189,3,1,0,-1,,15,0,false,112
16,50,rejected,1,mature,190,3,1,0,-1,,15,0,false,112
16,50,rejected,1,mature,191,3,1,0,-1,,15,0,false,112
16,50,rejected,1,mature,192,3,1,0,-1,,15,0,false,112
16,50,rejected,1,mature,193,3,1,0,-1,,15,0,false,112
16,50,rejected,1,mature,194,3,1,0,-1,,15,0,false,112
16,50,rejected,1,mature,195,3,1,0,-1,,15,0,false,112
16,50,rejected,1,mature,196,3,1,0,-1,,15,0,false,112
16,50,rejected,1,mature,197,3,1,0,-1,,15,0,false,112
16,50,rejected,1,mature,198,3,1,0,-1,,15,0,false,112
16,50,rejected,1,mature,199,3,1,0,-1,,15,0,false,112
16,50,rejected,1,mature,200,3,1,0,-1,,15,0,false,112
16,50,rejected,1,mature,201,3,1,0,-1,,15,0,false,112
16,50,rejected,1,mature,202,3,1,0,-1,,15,0,false,112
16,50,rejected,1,mature,203,3,1,0,-1,,15,0,false,112
16,50,rejected,1,mature,204,3,1,0,-1,,15,0,false,112
16,50,rejected,1,mature,205,3,1,0,-1,,15,0,false,112
16,50,rejected,1,mature,206,3,1,0,-1,,15,0,false,112
16,50,rejected,1,mature,207,3,1,0,-1,,15,0,false,112
16,50,rejected,1,mature,208,3,1,0,-1,,15,0,false,112
16,50,rejected,1,mature,209,3,1,0,-1,,15,0,false,112
16,50,rejected,1,mature,210,3,1,0,-1,,15,0,false,112
16,50,rejected,1,mature,211,3,1,0,-1,,15,0,false,112
16,50,rejected,1,mature,212,3,1,0,-1,,15,0,false,112
16,50,rejected,1,mature,213,3,1,0,-1,,15,0,false,112
16,50,rejected,1,mature,214,3,1,0,-1,,15,0,false,112
16,50,rejected,1,mature,215,3,1,0,-1,,15,0,false,112
16,50,rejected,1,mature,216,3,1,0,-1,,15,0,false,112
16,50,rejected,1,mature,217,3,1,0,-1,,15,0,false,112
16,50,rejected,1,mature,218,3,1,0,-1,,15,0,false,112
16,50,rejected,1,mature,219,3,1,0,-1,,15,0,false,112
16,50,rejected,1,mature,220,3,1,0,-1,,15,0,false,112
16,50,rejected,1,mature,221,3,1,0,-1,,15,0,false,112
16,50,rejected,1,mature,222,3,1,0,-1,,15,0,false,112
16,50,rejected,1,mature,223,3,1,0,-1,,15,0,false,112
16,50,rejected,1,mature,224,3,1,0,-1,,15,0,false,112
16,50,rejected,1,mature,225,3,1,0,-1,,15,0,false,112
16,50,rejected,1,mature,226,3,1,0,-1,,15,0,false,112
16,50,rejected,1,mature,227,3,1,0,-1,,15,0,false,112
16,50,rejected,1,mature,228,3,1,0,-1,,15,0,false,112
16,50,rejected,1,mature,229,3,1,0,-1,,15,0,false,112
16,50,rejected,1,mature,230,3,1,0,-1,,15,0,false,112
16,50,rejected,1,mature,231,3,1,0,-1,,15,0,false,112
16,50,rejected,1,mature,232,3,1,0,-1,,15,0,false,112
16,50,rejected,1,mature,233,3,1,0,-1,,15,0,false,112
16,50,rejected,1,mature,234,3,1,0,-1,,15,0,false,112
16,50,rejected,1,mature,235,3,1,0,-1,,15,0,false,112
16,50,rejected,1,mature,236,3,1,0,-1,,15,0,false,112
16,50,rejected,1,mature,237,3,1,0,-1,,15,0,false,112
16,50,rejected,1,mature,238,3,1,0,-1,,15,0,false,112
16,50,rejected,1,mature,239,3,1,0,-1,,15,0,false,112
16,50,rejected,1,mature,240,3,1,0,-1,,15,0,false,112
16,50,rejected,1,mature,241,3,1,0,-1,,15,0,false,112
16,50,rejected,1,mature,242,3,1,0,-1,,15,0,false,112
16,50,rejected,1,mature,243,3,1,0,-1,,15,0,false,112
16,50,rejected,1,mature,244,3,1,0,-1,,15,0,false,112
16,50,rejected,1,mature,245,3,1,0,-1,,15,0,false,112
16,50,rejected,1,mature,246,3,1,0,-1,,15,0,false,112
16,50,rejected,1,mature,247,3,1,0,-1,,15,0,false,112
16,50,rejected,1,mature,248,3,1,0,-1,,15,0,false,112
16,50,rejected,1,mature,249,3,1,0,-1,,15,0,false,112
16,50,rejected,1,mature,250,3,1,0,-1,,15,0,false,112
16,50,rejected,1,mature,251,3,1,0,-1,,15,0,false,112
16,50,rejected,1,mature,252,3,1,0,-1,,15,0,false,112
16,50,rejected,1,mature,253,3,1,0,-1,,15,0,false,112
16,50,rejected,1,mature,254,3,1,0,-1,,15,0,false,112
16,50,rejected,1,mature,255,3,1,0,-1,,15,0,false,112
16,50,rejected,1,mature,256,3,1,0,-1,,15,0,false,112
16,50,rejected,1,mature,257,3,1,0,-1,,15,0,false,112
16,50,rejected,1,mature,258,3,1,0,-1,,15,0,false,112
16,50,rejected,1,mature,259,3,1,0,-1,,15,0,false,112
16,50,rejected,1,mature,260,3,1,0,-1,,15,0,false,112
16,50,rejected,1,mature,261,3,1,0,-1,,15,0,false,112
16,50,rejected,1,mature,262,3,1,0,-1,,15,0,false,112
16,50,rejected,1,mature,263,3,1,0,-1,,15,0,false,112
16,50,rejected,1,mature,264,3,1,0,-1,,15,0,false,112
16,50,rejected,1,mature,265,3,1,0,-1,,15,0,false,112
16,50,rejected,1,mature,266,3,1,0,-1,,15,0,false,112
16,50,rejected,1,mature,267,3,1,0,-1,,15,0,false,112
16,50,rejected,1,mature,268,3,1,0,-1,,15,0,false,112
16,50,rejected,1,mature,269,3,1,0,-1,,15,0,false,112
16,50,rejected,1,mature,270,3,1,0,-1,,15,0,false,112
16,50,rejected,1,mature,271,3,1,0,-1,,15,0,false,112
16,50,rejected,1,mature,272,3,1,0,-1,,15,0,false,112
16,50,rejected,1,mature,273,3,1,0,-1,,15,0,false,112
16,50,rejected,1,mature,274,3,1,0,-1,,15,0,false,112
16,50,rejected,1,mature,275,3,1,0,-1,,15,0,false,112
16,50,rejected,1,mature,276,3,1,0,-1,,15,0,false,112
16,50,rejected,1,mature,277,3,1,0,-1,,15,0,false,112
16,50,rejected,1,mature,278,3,1,0,-1,,15,0,false,112
16,50,rejected,1,mature,279,3,1,0,-1,,15,0,false,112
16,50,rejected,1,mature,280,3,1,0,-1,,15,0,false,112
16,50,rejected,1,mature,281,3,1,0,-1,,15,0,false,112
16,50,rejected,1,mature,282,3,1,0,-1,,15,0,false,112
16,50,rejected,1,mature,283,3,1,0,-1,,15,0,false,112
16,50,rejected,1,mature,284,3,1,0,-1,,15,0,false,112
16,50,rejected,1,mature,285,3,1,0,-1,,15,0,false,112
16,50,rejected,1,mature,286,3,1,0,-1,,15,0,false,112
16,50,rejected,1,mature,287,3,1,0,-1,,15,0,false,112
16,50,rejected,1,mature,288,3,1,0,-1,,15,0,false,112
16,50,rejected,1,mature,289,3,1,0,-1,,15,0,false,112
16,50,rejected,1,mature,290,3,1,0,-1,,15,0,false,112
16,50,rejected,1,mature,291,3,1,0,-1,,15,0,false,112
16,50,rejected,1,mature,292,3,1,0,-1,,15,0,false,112
16,50,rejected,1,mature,293,3,1,0,-1,,15,0,false,112
16,50,rejected,1,mature,294,3,1,0,-1,,15,0,false,112
16,50,rejected,1,mature,295,3,1,0,-1,,15,0,false,112
16,50,rejected,1,mature,296,3,1,0,-1,,15,0,false,112
16,50,rejected,1,mature,297,3,1,0,-1,,15,0,false,112
16,50,rejected,1,mature,298,3,1,0,-1,,15,0,false,112
16,50,rejected,1,mature,299,3,1,0,-1,,15,0,false,112
16,50,rejected,1,mature,300,3,1,0,-1,,15,0,false,112
16,50,rejected,1,mature,301,3,1,0,-1,,15,0,false,112
16,50,rejected,1,mature,302,3,1,0,-1,,15,0,false,112
16,50,rejected,1,mature,303,3,1,0,-1,,15,0,false,112
16,50,rejected,1,mature,304,3,1,0,-1,,15,0,false,112
16,50,rejected,1,mature,305,3,1,0,-1,,15,0,false,112
16,50,rejected,1,mature,306,3,1,0,-1,,15,0,false,112
16,50,rejected,1,mature,307,3,1,0,-1,,15,0,false,112
16,50,rejected,1,mature,308,3,1,0,-1,,15,0,false,112
16,50,rejected,1,mature,309,3,1,0,-1,,15,0,false,112
16,50,rejected,1,mature,310,3,1,0,-1,,15,0,false,112
16,50,rejected,1,mature,311,3,1,0,-1,,15,0,false,112
16,50,rejected,1,mature,312,3,1,0,-1,,15,0,false,112
16,50,rejected,1,mature,313,3,1,0,-1,,15,0,false,112
16,50,rejected,1,mature,314,3,1,0,-1,,15,0,false,112
16,50,rejected,1,mature,315,3,1,0,-1,,15,0,false,112
16,50,rejected,1,mature,316,3,1,0,-1,,15,0,false,112
16,50,rejected,1,mature,317,3,1,0,-1,,15,0,false,112
16,50,rejected,1,mature,318,3,1,0,-1,,15,0,false,112
16,50,rejected,1,mature,319,3,1,0,-1,,15,0,false,112
16,50,rejected,1,mature,320,3,1,0,-1,,15,0,false,112
16,50,rejected,1,mature,321,3,1,0,-1,,15,0,false,112
16,50,rejected,1,mature,322,3,1,0,-1,,15,0,false,112
16,50,rejected,1,mature,323,3,1,0,-1,,15,0,false,112
16,50,rejected,1,mature,324,3,1,0,-1,,15,0,false,112
16,50,rejected,1,mature,325,3,1,0,-1,,15,0,false,112
16,50,rejected,1,mature,326,3,1,0,-1,,15,0,false,112
16,50,rejected,1,mature,327,3,1,0,-1,,15,0,false,112
16,50,rejected,1,mature,328,3,1,0,-1,,15,0,false,112
16,50,rejected,1,mature,329,3,1,0,-1,,15,0,false,112
16,50,rejected,1,mature,330,3,1,0,-1,,15,0,false,112
16,50,rejected,1,mature,331,3,1,0,-1,,15,0,false,112
16,50,rejected,1,mature,332,3,1,0,-1,,15,0,false,112
16,50,rejected,1,mature,333,3,1,0,-1,,15,0,false,112
16,50,rejected,1,mature,334,3,1,0,-1,,15,0,false,112
16,50,rejected,1,mature,335,3,1,0,-1,,15,0,false,112
16,50,rejected,1,mature,336,3,1,0,-1,,15,0,false,112
16,50,rejected,1,mature,337,3,1,0,-1,,15,0,false,112
16,50,rejected,1,mature,338,3,1,0,-1,,15,0,false,112
16,50,rejected,1,mature,339,3,1,0,-1,,15,0,false,112
16,50,rejected,1,mature,340,3,1,0,-1,,15,0,false,112
16,50,rejected,1,mature,341,3,1,0,-1,,15,0,false,112
16,50,rejected,1,mature,342,3,1,0,-1,,15,0,false,112
16,50,rejected,1,mature,343,3,1,0,-1,,15,0,false,112
16,50,rejected,1,mature,344,3,1,0,-1,,15,0,false,112
16,50,rejected,1,mature,345,3,1,0,-1,,15,0,false,112
16,50,rejected,1,mature,346,3,1,0,-1,,15,0,false,112
16,50,rejected,1,mature,347,3,1,0,-1,,15,0,false,112
16,50,rejected,1,mature,348,3,1,0,-1,,15,0,false,112
16,50,rejected,1,mature,349,3,1,0,-1,,15,0,false,112
16,50,rejected,1,mature,350,3,1,0,-1,,15,0,false,112
16,50,rejected,1,mature,351,3,1,0,-1,,15,0,false,112
16,50,rejected,1,mature,352,3,1,0,-1,,15,0,false,112
16,50,rejected,1,mature,353,3,1,0,-1,,15,0,false,112
16,50,rejected,1,mature,354,3,1,0,-1,,15,0,false,112
16,50,rejected,1,mature,355,3,1,0,-1,,15,0,false,112
16,50,rejected,1,mature,356,3,1,0,-1,,15,0,false,112
16,50,rejected,1,mature,357,3,1,0,-1,,15,0,false,112
16,50,rejected,1,mature,358,3,1,0,-1,,15,0,false,112
16,50,rejected,1,mature,359,3,1,0,-1,,15,0,false,112
16,50,rejected,1,mature,360,3,1,0,-1,,15,0,false,112
16,50,rejected,1,mature,361,3,1,0,-1,,15,0,false,112
16,50,rejected,1,mature,362,3,1,0,-1,,15,0,false,112
16,50,rejected,1,mature,363,3,1,0,-1,,15,0,false,112
16,50,rejected,1,mature,364,3,1,0,-1,,15,0,false,112
16,50,rejected,1,mature,365,3,1,0,-1,,15,0,false,112
16,50,rejected,1,mature,366,3,1,0,-1,,15,0,false,112
16,50,rejected,1,mature,367,3,1,0,-1,,15,0,false,112
16,50,rejected,1,mature,368,3,1,0,-1,,15,0,false,112
16,50,rejected,1,mature,369,3,1,0,-1,,15,0,false,112
16,50,rejected,1,mature,370,3,1,0,-1,,15,0,false,112
16,50,rejected,1,mature,371,3,1,0,-1,,15,0,false,112
16,50,rejected,1,mature,372,3,1,0,-1,,15,0,false,112
16,50,rejected,1,mature,373,3,1,0,-1,,15,0,false,112
16,50,rejected,1,mature,374,3,1,0,-1,,15,0,false,112
16,50,rejected,1,mature,375,3,1,0,-1,,15,0,false,112
16,50,rejected,1,mature,376,3,1,0,-1,,15,0,false,112
16,50,rejected,1,mature,377,3,1,0,-1,,15,0,false,112
16,50,rejected,1,mature,378,3,1,0,-1,,15,0,false,112
16,50,rejected,1,mature,379,3,1,0,-1,,15,0,false,112
16,50,rejected,1,mature,380,3,1,0,-1,,15,0,false,112
16,50,rejected,1,mature,381,3,1,0,-1,,15,0,false,112
16,50,rejected,1,mature,382,3,1,0,-1,,15,0,false,112
16,50,rejected,1,mature,383,3,1,0,-1,,15,0,false,112
16,50,rejected,1,mature,384,3,1,0,-1,,15,0,false,112
16,50,rejected,1,mature,385,3,1,0,-1,,15,0,false,112
16,50,rejected,1,mature,386,3,1,0,-1,,15,0,false,112
16,50,rejected,1,mature,387,3,1,0,-1,,15,0,false,112
16,50,rejected,1,mature,388,3,1,0,-1,,15,0,false,112
16,50,rejected,1,mature,389,3,1,0,-1,,15,0,false,112
16,50,rejected,1,mature,390,3,1,0,-1,,15,0,false,112
16,50,rejected,1,mature,391,3,1,0,-1,,15,0,false,112
16,50,rejected,1,mature,392,3,1,0,-1,,15,0,false,112
16,50,rejected,1,mature,393,3,1,0,-1,,15,0,false,112
16,50,rejected,1,mature,394,3,1,0,-1,,15,0,false,112
16,50,rejected,1,mature,395,3,1,0,-1,,15,0,false,112
16,50,rejected,1,mature,396,3,1,0,-1,,15,0,false,112
16,50,rejected,1,mature,397,3,1,0,-1,,15,0,false,112
16,50,rejected,1,mature,398,3,1,0,-1,,15,0,false,112
16,50,rejected,1,mature,399,3,1,0,-1,,15,0,false,112
16,50,rejected,1,mature,400,3,1,0,-1,,15,0,false,112
16,50,rejected,1,mature,401,3,1,0,-1,,15,0,false,112
16,50,rejected,1,mature,402,3,1,0,-1,,15,0,false,112
16,50,rejected,1,mature,403,3,1,0,-1,,15,0,false,112
16,50,rejected,1,mature,404,3,1,0,-1,,15,0,false,112
16,50,rejected,1,mature,405,3,1,0,-1,,15,0,false,112
16,50,rejected,1,mature,406,3,1,0,-1,,15,0,false,112
16,50,rejected,1,mature,407,3,1,0,-1,,15,0,false,112
16,50,rejected,1,mature,408,3,1,0,-1,,15,0,false,112
16,50,rejected,1,mature,409,3,1,0,-1,,15,0,false,112
16,50,rejected,1,mature,410,3,1,0,-1,,15,0,false,112
16,50,rejected,1,mature,411,3,1,0,-1,,15,0,false,112
16,50,rejected,1,mature,412,3,1,0,-1,,15,0,false,112
16,50,rejected,1,mature,413,3,1,0,-1,,15,0,false,112
16,50,rejected,1,mature,414,3,1,0,-1,,15,0,false,112
16,50,rejected,1,mature,415,3,1,0,-1,,15,0,false,112
16,50,rejected,1,mature,416,3,1,0,-1,,15,0,false,112
16,50,rejected,1,mature,417,3,1,0,-1,,15,0,false,112
16,50,rejected,1,mature,418,3,1,0,-1,,15,0,false,112
16,50,rejected,1,mature,419,3,1,0,-1,,15,0,false,112
16,50,rejected,1,mature,420,3,1,0,-1,,15,0,false,112
16,50,rejected,1,mature,421,3,1,0,-1,,15,0,false,112
16,50,rejected,1,mature,422,3,1,0,-1,,15,0,false,112
16,50,rejected,1,mature,423,3,1,0,-1,,15,0,false,112
16,50,rejected,1,mature,424,3,1,0,-1,,15,0,false,112
16,50,rejected,1,mature,425,3,1,0,-1,,15,0,false,112
16,50,rejected,1,mature,426,3,1,0,-1,,15,0,false,112
16,50,rejected,1,mature,427,3,1,0,-1,,15,0,false,112
16,50,rejected,1,mature,428,3,1,0,-1,,15,0,false,112
16,50,rejected,1,mature,429,3,1,0,-1,,15,0,false,112
16,50,rejected,1,mature,430,3,1,0,-1,,15,0,false,112
16,50,rejected,1,mature,431,3,1,0,-1,,15,0,false,112
16,50,rejected,1,mature,432,3,1,0,-1,,15,0,false,112
16,50,rejected,1,mature,433,3,1,0,-1,,15,0,false,112
16,50,rejected,1,mature,434,3,1,0,-1,,15,0,false,112
16,50,rejected,1,mature,435,3,1,0,-1,,15,0,false,112
16,50,rejected,1,mature,436,3,1,0,-1,,15,0,false,112
16,50,rejected,1,mature,437,3,1,0,-1,,15,0,false,112
16,50,rejected,1,mature,438,3,1,0,-1,,15,0,false,112
16,50,rejected,1,mature,439,3,1,0,-1,,15,0,false,112
16,50,rejected,1,mature,440,3,1,0,-1,,15,0,false,112
16,50,rejected,1,mature,441,3,1,0,-1,,15,0,false,112
16,50,rejected,1,mature,442,3,1,0,-1,,15,0,false,112
16,50,rejected,1,mature,443,3,1,0,-1,,15,0,false,112
16,50,rejected,1,mature,444,3,1,0,-1,,15,0,false,112
16,50,rejected,1,mature,445,3,1,0,-1,,15,0,false,112
16,50,rejected,1,mature,446,3,1,0,-1,,15,0,false,112
16,50,rejected,1,mature,447,3,1,0,-1,,15,0,false,112
16,50,rejected,1,mature,448,3,1,0,-1,,15,0,false,112
16,50,rejected,1,mature,449,3,1,0,-1,,15,0,false,112
16,50,rejected,1,mature,450,3,1,0,-1,,15,0,false,112
16,50,rejected,1,mature,451,3,1,0,-1,,15,0,false,112
16,50,rejected,1,mature,452,3,1,0,-1,,15,0,false,112
16,50,rejected,1,mature,453,3,1,0,-1,,15,0,false,112
16,50,rejected,1,mature,454,3,1,0,-1,,15,0,false,112
16,50,rejected,1,mature,455,3,1,0,-1,,15,0,false,112
16,50,rejected,1,mature,456,3,1,0,-1,,15,0,false,112
16,50,rejected,1,mature,457,3,1,0,-1,,15,0,false,112
16,50,rejected,1,mature,458,3,1,0,-1,,15,0,false,112
16,50,rejected,1,mature,459,3,1,0,-1,,15,0,false,112
16,50,rejected,1,mature,460,3,1,0,-1,,15,0,false,112
16,50,rejected,1,mature,461,3,1,0,-1,,15,0,false,112
16,50,rejected,1,mature,462,3,1,0,-1,,15,0,false,112
16,50,rejected,1,mature,463,3,1,0,-1,,15,0,false,112
16,50,rejected,1,mature,464,3,1,0,-1,,15,0,false,112
16,50,rejected,1,mature,465,3,1,0,-1,,15,0,false,112
16,50,rejected,1,mature,466,3,1,0,-1,,15,0,false,112
16,50,rejected,1,mature,467,3,1,0,-1,,15,0,false,112
16,50,rejected,1,mature,468,3,1,0,-1,,15,0,false,112
16,50,rejected,1,mature,469,3,1,0,-1,,15,0,false,112
16,50,rejected,1,mature,470,3,1,0,-1,,15,0,false,112
16,50,rejected,1,mature,471,3,1,0,-1,,15,0,false,112
16,50,rejected,1,mature,472,3,1,0,-1,,15,0,false,112
16,50,rejected,1,mature,473,3,1,0,-1,,15,0,false,112
16,50,rejected,1,mature,474,3,1,0,-1,,15,0,false,112
16,50,rejected,1,mature,475,3,1,0,-1,,15,0,false,112
16,50,rejected,1,mature,476,3,1,0,-1,,15,0,false,112
16,50,rejected,1,mature,477,3,1,0,-1,,15,0,false,112
16,50,rejected,1,mature,478,3,1,0,-1,,15,0,false,112
16,50,rejected,1,mature,479,3,1,0,-1,,15,0,false,112
16,50,rejected,1,mature,480,3,1,0,-1,,15,0,false,112
16,50,rejected,1,mature,481,3,1,0,-1,,15,0,false,112
16,50,rejected,1,mature,482,3,1,0,-1,,15,0,false,112
16,50,rejected,1,mature,483,3,1,0,-1,,15,0,false,112
16,50,rejected,1,mature,484,3,1,0,-1,,15,0,false,112
16,50,rejected,1,mature,485,3,1,0,-1,,15,0,false,112
16,50,rejected,1,mature,486,3,1,0,-1,,15,0,false,112
16,50,rejected,1,mature,487,3,1,0,-1,,15,0,false,112
16,50,rejected,1,mature,488,3,1,0,-1,,15,0,false,112
16,50,rejected,1,mature,489,3,1,0,-1,,15,0,false,112
16,50,rejected,1,mature,490,3,1,0,-1,,15,0,false,112
16,50,rejected,1,mature,491,3,1,0,-1,,15,0,false,112
16,50,rejected,1,mature,492,3,1,0,-1,,15,0,false,112
16,50,rejected,1,mature,493,3,1,0,-1,,15,0,false,112
16,50,rejected,1,mature,494,3,1,0,-1,,15,0,false,112
16,50,rejected,1,mature,495,3,1,0,-1,,15,0,false,112
16,50,rejected,1,mature,496,3,1,0,-1,,15,0,false,112
16,50,rejected,1,mature,497,3,1,0,-1,,15,0,false,112
16,50,rejected,1,mature,498,3,1,0,-1,,15,0,false,112
16,50,rejected,1,mature,499,3,1,0,-1,,15,0,false,112
16,50,rejected,1,mature,500,3,1,0,-1,,15,0,false,112
16,50,rejected,1,fresh,1,3,1,0,2,1,1,1,true,1
16,50,rejected,1,fresh,2,3,1,0,4,1,1,1,true,2
16,50,rejected,1,fresh,3,3,1,0,6,1,1,1,true,3
16,50,rejected,1,fresh,4,3,1,0,8,1,1,1,true,4
16,50,rejected,1,fresh,5,3,1,0,10,1,1,1,true,5
16,100,untried,0,mature,1,2,14,184,0,2,2|2|2|2|2|2|2|2|2|2|2|2|2|2|2|2,16,false,16
16,100,untried,0,mature,2,2,14,168,0,2,2|2|2|2|2|2|2|2|2|2|2|2|2|2|2|2,16,false,32
16,100,untried,0,mature,3,2,14,152,0,2,2|2|2|2|2|2|2|2|2|2|2|2|2|2|2|2,16,false,48
16,100,untried,0,mature,4,2,14,136,0,2,2|2|2|2|2|2|2|2|2|2|2|2|2|2|2|2,16,false,64
16,100,untried,0,mature,5,2,14,120,0,2,2|2|2|2|2|2|2|2|2|2|2|2|2|2|2|2,16,false,80
16,100,untried,0,mature,6,2,14,104,0,2,2|2|2|2|2|2|2|2|2|2|2|2|2|2|2|2,16,false,96
16,100,untried,0,mature,7,2,14,88,0,2,2|2|2|2|2|2|2|2|2|2|2|2|2|2|2|2,16,false,112
16,100,untried,0,mature,8,2,14,72,0,2,2|2|2|2|2|2|2|2|2|2|2|2|2|2|2|2,16,false,128
16,100,untried,0,mature,9,2,14,56,0,2,2|2|2|2|2|2|2|2|2|2|2|2|2|2|2|2,16,false,144
16,100,untried,0,mature,10,2,14,40,0,2,2|2|2|2|2|2|2|2|2|2|2|2|2|2|2|2,16,false,160
16,100,untried,0,mature,11,2,14,24,0,2,2|2|2|2|2|2|2|2|2|2|2|2|2|2|2|2,16,false,176
16,100,untried,0,mature,12,2,14,8,0,2,2|2|2|2|2|2|2|2|2|2|2|2|2|2|2|2,16,false,192
16,100,untried,0,mature,13,2,14,0,0,,2|2|2|2|2|2|2|2|3|4|5|6|7|8|9|10,16,false,208
16,100,untried,0,mature,14,2,14,0,2,14,11|12|13|14,4,true,212
16,100,untried,0,mature,15,2,14,0,4,14,14,1,true,213
16,100,untried,0,mature,16,2,14,0,6,14,14,1,true,214
16,100,untried,0,mature,17,2,14,0,8,14,14,1,true,215
16,100,untried,0,mature,18,2,14,0,10,14,14,1,true,216
16,100,untried,0,mature,19,2,14,0,12,14,14,1,true,217
16,100,untried,0,fresh,1,2,14,-1,2,14,0|1|2|3|4|5|6|7|8|9|10|11|12|13|14,15,true,15
16,100,untried,0,fresh,2,2,14,-1,4,14,14,1,true,16
16,100,untried,0,fresh,3,2,14,-1,6,14,14,1,true,17
16,100,untried,0,fresh,4,2,14,-1,8,14,14,1,true,18
16,100,untried,0,fresh,5,2,14,-1,10,14,14,1,true,19
16,100,untried,0,fresh,6,2,14,-1,12,14,14,1,true,20
16,100,untried,1,mature,1,3,0,184,0,3,3|3|3|3|3|3|3|3|3|3|3|3|3|3|3|3,16,false,16
16,100,untried,1,mature,2,3,0,168,0,3,3|3|3|3|3|3|3|3|3|3|3|3|3|3|3|3,16,false,32
16,100,untried,1,mature,3,3,0,152,0,3,3|3|3|3|3|3|3|3|3|3|3|3|3|3|3|3,16,false,48
16,100,untried,1,mature,4,3,0,136,0,3,3|3|3|3|3|3|3|3|3|3|3|3|3|3|3|3,16,false,64
16,100,untried,1,mature,5,3,0,120,0,3,3|3|3|3|3|3|3|3|3|3|3|3|3|3|3|3,16,false,80
16,100,untried,1,mature,6,3,0,104,0,3,3|3|3|3|3|3|3|3|3|3|3|3|3|3|3|3,16,false,96
16,100,untried,1,mature,7,3,0,88,0,3,3|3|3|3|3|3|3|3|3|3|3|3|3|3|3|3,16,false,112
16,100,untried,1,mature,8,3,0,72,0,3,3|3|3|3|3|3|3|3|3|3|3|3|3|3|3|3,16,false,128
16,100,untried,1,mature,9,3,0,56,0,3,3|3|3|3|3|3|3|3|3|3|3|3|3|3|3|3,16,false,144
16,100,untried,1,mature,10,3,0,40,0,3,3|3|3|3|3|3|3|3|3|3|3|3|3|3|3|3,16,false,160
16,100,untried,1,mature,11,3,0,24,0,3,3|3|3|3|3|3|3|3|3|3|3|3|3|3|3|3,16,false,176
16,100,untried,1,mature,12,3,0,8,0,3,3|3|3|3|3|3|3|3|3|3|3|3|3|3|3|3,16,false,192
16,100,untried,1,mature,13,3,0,0,0,,3|3|3|3|3|3|3|3|4|5|6|7|8|9|10|11,16,false,208
16,100,untried,1,mature,14,3,0,0,0,,12|13|14|15,3,false,211
16,100,untried,1,mature,15,3,0,0,2,0,0,1,true,212
16,100,untried,1,mature,16,3,0,0,4,0,0,1,true,213
16,100,untried,1,mature,17,3,0,0,6,0,0,1,true,214
16,100,untried,1,mature,18,3,0,0,8,0,0,1,true,215
16,100,untried,1,mature,19,3,0,0,10,0,0,1,true,216
16,100,untried,1,fresh,1,3,0,-1,0,,1|2|3|4|5|6|7|8|9|10|11|12|13|14|15,14,false,14
16,100,untried,1,fresh,2,3,0,-1,2,0,0,1,true,15
16,100,untried,1,fresh,3,3,0,-1,4,0,0,1,true,16
16,100,untried,1,fresh,4,3,0,-1,6,0,0,1,true,17
16,100,untried,1,fresh,5,3,0,-1,8,0,0,1,true,18
16,100,untried,1,fresh,6,3,0,-1,10,0,0,1,true,19
16,100,rejected,0,mature,1,2,0,184,-1,2,2|2|2|2|2|2|2|2|2|2|2|2|2|2|2|2,16,false,16
16,100,rejected,0,mature,2,2,0,168,-1,2,2|2|2|2|2|2|2|2|2|2|2|2|2|2|2|2,16,false,32
16,100,rejected,0,mature,3,2,0,152,-1,2,2|2|2|2|2|2|2|2|2|2|2|2|2|2|2|2,16,false,48
16,100,rejected,0,mature,4,2,0,136,-1,2,2|2|2|2|2|2|2|2|2|2|2|2|2|2|2|2,16,false,64
16,100,rejected,0,mature,5,2,0,120,-1,2,2|2|2|2|2|2|2|2|2|2|2|2|2|2|2|2,16,false,80
16,100,rejected,0,mature,6,2,0,104,-1,2,2|2|2|2|2|2|2|2|2|2|2|2|2|2|2|2,16,false,96
16,100,rejected,0,mature,7,2,0,88,-1,2,2|2|2|2|2|2|2|2|2|2|2|2|2|2|2|2,16,false,112
16,100,rejected,0,mature,8,2,0,72,-1,2,2|2|2|2|2|2|2|2|2|2|2|2|2|2|2|2,16,false,128
16,100,rejected,0,mature,9,2,0,56,-1,2,2|2|2|2|2|2|2|2|2|2|2|2|2|2|2|2,16,false,144
16,100,rejected,0,mature,10,2,0,40,-1,2,2|2|2|2|2|2|2|2|2|2|2|2|2|2|2|2,16,false,160
16,100,rejected,0,mature,11,2,0,24,-1,2,2|2|2|2|2|2|2|2|2|2|2|2|2|2|2|2,16,false,176
16,100,rejected,0,mature,12,2,0,8,-1,2,2|2|2|2|2|2|2|2|2|2|2|2|2|2|2|2,16,false,192
16,100,rejected,0,mature,13,2,0,0,-1,,2|2|2|2|2|2|2|2|3|4|5|6|7|8|9|10,16,false,208
16,100,rejected,0,mature,14,2,0,0,-1,,11|12|13|14|15,4,false,212
16,100,rejected,0,mature,15,2,0,0,-1,,15,0,false,212
16,100,rejected,0,mature,16,2,0,0,-1,,15,0,false,212
16,100,rejected,0,mature,17,2,0,0,-1,,15,0,false,212
16,100,rejected,0,mature,18,2,0,0,-1,,15,0,false,212
16,100,rejected,0,mature,19,2,0,0,-1,,15,0,false,212
16,100,rejected,0,mature,20,2,0,0,-1,,15,0,false,212
16,100,rejected,0,mature,21,2,0,0,-1,,15,0,false,212
16,100,rejected,0,mature,22,2,0,0,-1,,15,0,false,212
16,100,rejected,0,mature,23,2,0,0,-1,,15,0,false,212
16,100,rejected,0,mature,24,2,0,0,-1,,15,0,false,212
16,100,rejected,0,mature,25,2,0,0,-1,,15,0,false,212
16,100,rejected,0,mature,26,2,0,0,-1,,15,0,false,212
16,100,rejected,0,mature,27,2,0,0,-1,,15,0,false,212
16,100,rejected,0,mature,28,2,0,0,-1,,15,0,false,212
16,100,rejected,0,mature,29,2,0,0,-1,,15,0,false,212
16,100,rejected,0,mature,30,2,0,0,-1,,15,0,false,212
16,100,rejected,0,mature,31,2,0,0,-1,,15,0,false,212
16,100,rejected,0,mature,32,2,0,0,-1,,15,0,false,212
16,100,rejected,0,mature,33,2,0,0,-1,,15,0,false,212
16,100,rejected,0,mature,34,2,0,0,-1,,15,0,false,212
16,100,rejected,0,mature,35,2,0,0,-1,,15,0,false,212
16,100,rejected,0,mature,36,2,0,0,-1,,15,0,false,212
16,100,rejected,0,mature,37,2,0,0,-1,,15,0,false,212
16,100,rejected,0,mature,38,2,0,0,-1,,15,0,false,212
16,100,rejected,0,mature,39,2,0,0,-1,,15,0,false,212
16,100,rejected,0,mature,40,2,0,0,-1,,15,0,false,212
16,100,rejected,0,mature,41,2,0,0,-1,,15,0,false,212
16,100,rejected,0,mature,42,2,0,0,-1,,15,0,false,212
16,100,rejected,0,mature,43,2,0,0,-1,,15,0,false,212
16,100,rejected,0,mature,44,2,0,0,-1,,15,0,false,212
16,100,rejected,0,mature,45,2,0,0,-1,,15,0,false,212
16,100,rejected,0,mature,46,2,0,0,-1,,15,0,false,212
16,100,rejected,0,mature,47,2,0,0,-1,,15,0,false,212
16,100,rejected,0,mature,48,2,0,0,-1,,15,0,false,212
16,100,rejected,0,mature,49,2,0,0,-1,,15,0,false,212
16,100,rejected,0,mature,50,2,0,0,-1,,15,0,false,212
16,100,rejected,0,mature,51,2,0,0,-1,,15,0,false,212
16,100,rejected,0,mature,52,2,0,0,-1,,15,0,false,212
16,100,rejected,0,mature,53,2,0,0,-1,,15,0,false,212
16,100,rejected,0,mature,54,2,0,0,-1,,15,0,false,212
16,100,rejected,0,mature,55,2,0,0,-1,,15,0,false,212
16,100,rejected,0,mature,56,2,0,0,-1,,15,0,false,212
16,100,rejected,0,mature,57,2,0,0,-1,,15,0,false,212
16,100,rejected,0,mature,58,2,0,0,-1,,15,0,false,212
16,100,rejected,0,mature,59,2,0,0,-1,,15,0,false,212
16,100,rejected,0,mature,60,2,0,0,-1,,15,0,false,212
16,100,rejected,0,mature,61,2,0,0,-1,,15,0,false,212
16,100,rejected,0,mature,62,2,0,0,-1,,15,0,false,212
16,100,rejected,0,mature,63,2,0,0,-1,,15,0,false,212
16,100,rejected,0,mature,64,2,0,0,-1,,15,0,false,212
16,100,rejected,0,mature,65,2,0,0,-1,,15,0,false,212
16,100,rejected,0,mature,66,2,0,0,-1,,15,0,false,212
16,100,rejected,0,mature,67,2,0,0,-1,,15,0,false,212
16,100,rejected,0,mature,68,2,0,0,-1,,15,0,false,212
16,100,rejected,0,mature,69,2,0,0,-1,,15,0,false,212
16,100,rejected,0,mature,70,2,0,0,-1,,15,0,false,212
16,100,rejected,0,mature,71,2,0,0,-1,,15,0,false,212
16,100,rejected,0,mature,72,2,0,0,-1,,15,0,false,212
16,100,rejected,0,mature,73,2,0,0,-1,,15,0,false,212
16,100,rejected,0,mature,74,2,0,0,-1,,15,0,false,212
16,100,rejected,0,mature,75,2,0,0,-1,,15,0,false,212
16,100,rejected,0,mature,76,2,0,0,-1,,15,0,false,212
16,100,rejected,0,mature,77,2,0,0,-1,,15,0,false,212
16,100,rejected,0,mature,78,2,0,0,-1,,15,0,false,212
16,100,rejected,0,mature,79,2,0,0,-1,,15,0,false,212
16,100,rejected,0,mature,80,2,0,0,-1,,15,0,false,212
16,100,rejected,0,mature,81,2,0,0,-1,,15,0,false,212
16,100,rejected,0,mature,82,2,0,0,-1,,15,0,false,212
16,100,rejected,0,mature,83,2,0,0,-1,,15,0,false,212
16,100,rejected,0,mature,84,2,0,0,-1,,15,0,false,212
16,100,rejected,0,mature,85,2,0,0,-1,,15,0,false,212
16,100,rejected,0,mature,86,2,0,0,-1,,15,0,false,212
16,100,rejected,0,mature,87,2,0,0,-1,,15,0,false,212
16,100,rejected,0,mature,88,2,0,0,-1,,15,0,false,212
16,100,rejected,0,mature,89,2,0,0,-1,,15,0,false,212
16,100,rejected,0,mature,90,2,0,0,-1,,15,0,false,212
16,100,rejected,0,mature,91,2,0,0,-1,,15,0,false,212
16,100,rejected,0,mature,92,2,0,0,-1,,15,0,false,212
16,100,rejected,0,mature,93,2,0,0,-1,,15,0,false,212
16,100,rejected,0,mature,94,2,0,0,-1,,15,0,false,212
16,100,rejected,0,mature,95,2,0,0,-1,,15,0,false,212
16,100,rejected,0,mature,96,2,0,0,-1,,15,0,false,212
16,100,rejected,0,mature,97,2,0,0,-1,,15,0,false,212
16,100,rejected,0,mature,98,2,0,0,-1,,15,0,false,212
16,100,rejected,0,mature,99,2,0,0,-1,,15,0,false,212
16,100,rejected,0,mature,100,2,0,0,-1,,15,0,false,212
16,100,rejected,0,mature,101,2,0,0,-1,,15,0,false,212
16,100,rejected,0,mature,102,2,0,0,-1,,15,0,false,212
16,100,rejected,0,mature,103,2,0,0,-1,,15,0,false,212
16,100,rejected,0,mature,104,2,0,0,-1,,15,0,false,212
16,100,rejected,0,mature,105,2,0,0,-1,,15,0,false,212
16,100,rejected,0,mature,106,2,0,0,-1,,15,0,false,212
16,100,rejected,0,mature,107,2,0,0,-1,,15,0,false,212
16,100,rejected,0,mature,108,2,0,0,-1,,15,0,false,212
16,100,rejected,0,mature,109,2,0,0,-1,,15,0,false,212
16,100,rejected,0,mature,110,2,0,0,-1,,15,0,false,212
16,100,rejected,0,mature,111,2,0,0,-1,,15,0,false,212
16,100,rejected,0,mature,112,2,0,0,-1,,15,0,false,212
16,100,rejected,0,mature,113,2,0,0,-1,,15,0,false,212
16,100,rejected,0,mature,114,2,0,0,-1,,15,0,false,212
16,100,rejected,0,mature,115,2,0,0,-1,,15,0,false,212
16,100,rejected,0,mature,116,2,0,0,-1,,15,0,false,212
16,100,rejected,0,mature,117,2,0,0,-1,,15,0,false,212
16,100,rejected,0,mature,118,2,0,0,-1,,15,0,false,212
16,100,rejected,0,mature,119,2,0,0,-1,,15,0,false,212
16,100,rejected,0,mature,120,2,0,0,-1,,15,0,false,212
16,100,rejected,0,mature,121,2,0,0,-1,,15,0,false,212
16,100,rejected,0,mature,122,2,0,0,-1,,15,0,false,212
16,100,rejected,0,mature,123,2,0,0,-1,,15,0,false,212
16,100,rejected,0,mature,124,2,0,0,-1,,15,0,false,212
16,100,rejected,0,mature,125,2,0,0,-1,,15,0,false,212
16,100,rejected,0,mature,126,2,0,0,-1,,15,0,false,212
16,100,rejected,0,mature,127,2,0,0,-1,,15,0,false,212
16,100,rejected,0,mature,128,2,0,0,-1,,15,0,false,212
16,100,rejected,0,mature,129,2,0,0,-1,,15,0,false,212
16,100,rejected,0,mature,130,2,0,0,-1,,15,0,false,212
16,100,rejected,0,mature,131,2,0,0,-1,,15,0,false,212
16,100,rejected,0,mature,132,2,0,0,-1,,15,0,false,212
16,100,rejected,0,mature,133,2,0,0,-1,,15,0,false,212
16,100,rejected,0,mature,134,2,0,0,-1,,15,0,false,212
16,100,rejected,0,mature,135,2,0,0,-1,,15,0,false,212
16,100,rejected,0,mature,136,2,0,0,-1,,15,0,false,212
16,100,rejected,0,mature,137,2,0,0,-1,,15,0,false,212
16,100,rejected,0,mature,138,2,0,0,-1,,15,0,false,212
16,100,rejected,0,mature,139,2,0,0,-1,,15,0,false,212
16,100,rejected,0,mature,140,2,0,0,-1,,15,0,false,212
16,100,rejected,0,mature,141,2,0,0,-1,,15,0,false,212
16,100,rejected,0,mature,142,2,0,0,-1,,15,0,false,212
16,100,rejected,0,mature,143,2,0,0,-1,,15,0,false,212
16,100,rejected,0,mature,144,2,0,0,-1,,15,0,false,212
16,100,rejected,0,mature,145,2,0,0,-1,,15,0,false,212
16,100,rejected,0,mature,146,2,0,0,-1,,15,0,false,212
16,100,rejected,0,mature,147,2,0,0,-1,,15,0,false,212
16,100,rejected,0,mature,148,2,0,0,-1,,15,0,false,212
16,100,rejected,0,mature,149,2,0,0,-1,,15,0,false,212
16,100,rejected,0,mature,150,2,0,0,-1,,15,0,false,212
16,100,rejected,0,mature,151,2,0,0,-1,,15,0,false,212
16,100,rejected,0,mature,152,2,0,0,-1,,15,0,false,212
16,100,rejected,0,mature,153,2,0,0,-1,,15,0,false,212
16,100,rejected,0,mature,154,2,0,0,-1,,15,0,false,212
16,100,rejected,0,mature,155,2,0,0,-1,,15,0,false,212
16,100,rejected,0,mature,156,2,0,0,-1,,15,0,false,212
16,100,rejected,0,mature,157,2,0,0,-1,,15,0,false,212
16,100,rejected,0,mature,158,2,0,0,-1,,15,0,false,212
16,100,rejected,0,mature,159,2,0,0,-1,,15,0,false,212
16,100,rejected,0,mature,160,2,0,0,-1,,15,0,false,212
16,100,rejected,0,mature,161,2,0,0,-1,,15,0,false,212
16,100,rejected,0,mature,162,2,0,0,-1,,15,0,false,212
16,100,rejected,0,mature,163,2,0,0,-1,,15,0,false,212
16,100,rejected,0,mature,164,2,0,0,-1,,15,0,false,212
16,100,rejected,0,mature,165,2,0,0,-1,,15,0,false,212
16,100,rejected,0,mature,166,2,0,0,-1,,15,0,false,212
16,100,rejected,0,mature,167,2,0,0,-1,,15,0,false,212
16,100,rejected,0,mature,168,2,0,0,-1,,15,0,false,212
16,100,rejected,0,mature,169,2,0,0,-1,,15,0,false,212
16,100,rejected,0,mature,170,2,0,0,-1,,15,0,false,212
16,100,rejected,0,mature,171,2,0,0,-1,,15,0,false,212
16,100,rejected,0,mature,172,2,0,0,-1,,15,0,false,212
16,100,rejected,0,mature,173,2,0,0,-1,,15,0,false,212
16,100,rejected,0,mature,174,2,0,0,-1,,15,0,false,212
16,100,rejected,0,mature,175,2,0,0,-1,,15,0,false,212
16,100,rejected,0,mature,176,2,0,0,-1,,15,0,false,212
16,100,rejected,0,mature,177,2,0,0,-1,,15,0,false,212
16,100,rejected,0,mature,178,2,0,0,-1,,15,0,false,212
16,100,rejected,0,mature,179,2,0,0,-1,,15,0,false,212
16,100,rejected,0,mature,180,2,0,0,-1,,15,0,false,212
16,100,rejected,0,mature,181,2,0,0,-1,,15,0,false,212
16,100,rejected,0,mature,182,2,0,0,-1,,15,0,false,212
16,100,rejected,0,mature,183,2,0,0,-1,,15,0,false,212
16,100,rejected,0,mature,184,2,0,0,-1,,15,0,false,212
16,100,rejected,0,mature,185,2,0,0,-1,,15,0,false,212
16,100,rejected,0,mature,186,2,0,0,-1,,15,0,false,212
16,100,rejected,0,mature,187,2,0,0,-1,,15,0,false,212
16,100,rejected,0,mature,188,2,0,0,-1,,15,0,false,212
16,100,rejected,0,mature,189,2,0,0,-1,,15,0,false,212
16,100,rejected,0,mature,190,2,0,0,-1,,15,0,false,212
16,100,rejected,0,mature,191,2,0,0,-1,,15,0,false,212
16,100,rejected,0,mature,192,2,0,0,-1,,15,0,false,212
16,100,rejected,0,mature,193,2,0,0,-1,,15,0,false,212
16,100,rejected,0,mature,194,2,0,0,-1,,15,0,false,212
16,100,rejected,0,mature,195,2,0,0,-1,,15,0,false,212
16,100,rejected,0,mature,196,2,0,0,-1,,15,0,false,212
16,100,rejected,0,mature,197,2,0,0,-1,,15,0,false,212
16,100,rejected,0,mature,198,2,0,0,-1,,15,0,false,212
16,100,rejected,0,mature,199,2,0,0,-1,,15,0,false,212
16,100,rejected,0,mature,200,2,0,0,-1,,15,0,false,212
16,100,rejected,0,mature,201,2,0,0,-1,,15,0,false,212
16,100,rejected,0,mature,202,2,0,0,-1,,15,0,false,212
16,100,rejected,0,mature,203,2,0,0,-1,,15,0,false,212
16,100,rejected,0,mature,204,2,0,0,-1,,15,0,false,212
16,100,rejected,0,mature,205,2,0,0,-1,,15,0,false,212
16,100,rejected,0,mature,206,2,0,0,-1,,15,0,false,212
16,100,rejected,0,mature,207,2,0,0,-1,,15,0,false,212
16,100,rejected,0,mature,208,2,0,0,-1,,15,0,false,212
16,100,rejected,0,mature,209,2,0,0,-1,,15,0,false,212
16,100,rejected,0,mature,210,2,0,0,-1,,15,0,false,212
16,100,rejected,0,mature,211,2,0,0,-1,,15,0,false,212
16,100,rejected,0,mature,212,2,0,0,-1,,15,0,false,212
16,100,rejected,0,mature,213,2,0,0,-1,,15,0,false,212
16,100,rejected,0,mature,214,2,0,0,-1,,15,0,false,212
16,100,rejected,0,mature,215,2,0,0,-1,,15,0,false,212
16,100,rejected,0,mature,216,2,0,0,-1,,15,0,false,212
16,100,rejected,0,mature,217,2,0,0,-1,,15,0,false,212
16,100,rejected,0,mature,218,2,0,0,-1,,15,0,false,212
16,100,rejected,0,mature,219,2,0,0,-1,,15,0,false,212
16,100,rejected,0,mature,220,2,0,0,-1,,15,0,false,212
16,100,rejected,0,mature,221,2,0,0,-1,,15,0,false,212
16,100,rejected,0,mature,222,2,0,0,-1,,15,0,false,212
16,100,rejected,0,mature,223,2,0,0,-1,,15,0,false,212
16,100,rejected,0,mature,224,2,0,0,-1,,15,0,false,212
16,100,rejected,0,mature,225,2,0,0,-1,,15,0,false,212
16,100,rejected,0,mature,226,2,0,0,-1,,15,0,false,212
16,100,rejected,0,mature,227,2,0,0,-1,,15,0,false,212
16,100,rejected,0,mature,228,2,0,0,-1,,15,0,false,212
16,100,rejected,0,mature,229,2,0,0,-1,,15,0,false,212
16,100,rejected,0,mature,230,2,0,0,-1,,15,0,false,212
16,100,rejected,0,mature,231,2,0,0,-1,,15,0,false,212
16,100,rejected,0,mature,232,2,0,0,-1,,15,0,false,212
16,100,rejected,0,mature,233,2,0,0,-1,,15,0,false,212
16,100,rejected,0,mature,234,2,0,0,-1,,15,0,false,212
16,100,rejected,0,mature,235,2,0,0,-1,,15,0,false,212
16,100,rejected,0,mature,236,2,0,0,-1,,15,0,false,212
16,100,rejected,0,mature,237,2,0,0,-1,,15,0,false,212
16,100,rejected,0,mature,238,2,0,0,-1,,15,0,false,212
16,100,rejected,0,mature,239,2,0,0,-1,,15,0,false,212
16,100,rejected,0,mature,240,2,0,0,-1,,15,0,false,212
16,100,rejected,0,mature,241,2,0,0,-1,,15,0,false,212
16,100,rejected,0,mature,242,2,0,0,-1,,15,0,false,212
16,100,rejected,0,mature,243,2,0,0,-1,,15,0,false,212
16,100,rejected,0,mature,244,2,0,0,-1,,15,0,false,212
16,100,rejected,0,mature,245,2,0,0,-1,,15,0,false,212
16,100,rejected,0,mature,246,2,0,0,-1,,15,0,false,212
16,100,rejected,0,mature,247,2,0,0,-1,,15,0,false,212
16,100,rejected,0,mature,248,2,0,0,-1,,15,0,false,212
16,100,rejected,0,mature,249,2,0,0,-1,,15,0,false,212
16,100,rejected,0,mature,250,2,0,0,-1,,15,0,false,212
16,100,rejected,0,mature,251,2,0,0,-1,,15,0,false,212
16,100,rejected,0,mature,252,2,0,0,-1,,15,0,false,212
16,100,rejected,0,mature,253,2,0,0,-1,,15,0,false,212
16,100,rejected,0,mature,254,2,0,0,-1,,15,0,false,212
16,100,rejected,0,mature,255,2,0,0,-1,,15,0,false,212
16,100,rejected,0,mature,256,2,0,0,-1,,15,0,false,212
16,100,rejected,0,mature,257,2,0,0,-1,,15,0,false,212
16,100,rejected,0,mature,258,2,0,0,-1,,15,0,false,212
16,100,rejected,0,mature,259,2,0,0,-1,,15,0,false,212
16,100,rejected,0,mature,260,2,0,0,-1,,15,0,false,212
16,100,rejected,0,mature,261,2,0,0,-1,,15,0,false,212
16,100,rejected,0,mature,262,2,0,0,-1,,15,0,false,212
16,100,rejected,0,mature,263,2,0,0,-1,,15,0,false,212
16,100,rejected,0,mature,264,2,0,0,-1,,15,0,false,212
16,100,rejected,0,mature,265,2,0,0,-1,,15,0,false,212
16,100,rejected,0,mature,266,2,0,0,-1,,15,0,false,212
16,100,rejected,0,mature,267,2,0,0,-1,,15,0,false,212
16,100,rejected,0,mature,268,2,0,0,-1,,15,0,false,212
16,100,rejected,0,mature,269,2,0,0,-1,,15,0,false,212
16,100,rejected,0,mature,270,2,0,0,-1,,15,0,false,212
16,100,rejected,0,mature,271,2,0,0,-1,,15,0,false,212
16,100,rejected,0,mature,272,2,0,0,-1,,15,0,false,212
16,100,rejected,0,mature,273,2,0,0,-1,,15,0,false,212
16,100,rejected,0,mature,274,2,0,0,-1,,15,0,false,212
16,100,rejected,0,mature,275,2,0,0,-1,,15,0,false,212
16,100,rejected,0,mature,276,2,0,0,-1,,15,0,false,212
16,100,rejected,0,mature,277,2,0,0,-1,,15,0,false,212
16,100,rejected,0,mature,278,2,0,0,-1,,15,0,false,212
16,100,rejected,0,mature,279,2,0,0,-1,,15,0,false,212
16,100,rejected,0,mature,280,2,0,0,-1,,15,0,false,212
16,100,rejected,0,mature,281,2,0,0,-1,,15,0,false,212
16,100,rejected,0,mature,282,2,0,0,-1,,15,0,false,212
16,100,rejected,0,mature,283,2,0,0,-1,,15,0,false,212
16,100,rejected,0,mature,284,2,0,0,-1,,15,0,false,212
16,100,rejected,0,mature,285,2,0,0,-1,,15,0,false,212
16,100,rejected,0,mature,286,2,0,0,-1,,15,0,false,212
16,100,rejected,0,mature,287,2,0,0,-1,,15,0,false,212
16,100,rejected,0,mature,288,2,0,0,-1,,15,0,false,212
16,100,rejected,0,mature,289,2,0,0,-1,,15,0,false,212
16,100,rejected,0,mature,290,2,0,0,-1,,15,0,false,212
16,100,rejected,0,mature,291,2,0,0,-1,,15,0,false,212
16,100,rejected,0,mature,292,2,0,0,-1,,15,0,false,212
16,100,rejected,0,mature,293,2,0,0,-1,,15,0,false,212
16,100,rejected,0,mature,294,2,0,0,-1,,15,0,false,212
16,100,rejected,0,mature,295,2,0,0,-1,,15,0,false,212
16,100,rejected,0,mature,296,2,0,0,-1,,15,0,false,212
16,100,rejected,0,mature,297,2,0,0,-1,,15,0,false,212
16,100,rejected,0,mature,298,2,0,0,-1,,15,0,false,212
16,100,rejected,0,mature,299,2,0,0,-1,,15,0,false,212
16,100,rejected,0,mature,300,2,0,0,-1,,15,0,false,212
16,100,rejected,0,mature,301,2,0,0,-1,,15,0,false,212
16,100,rejected,0,mature,302,2,0,0,-1,,15,0,false,212
16,100,rejected,0,mature,303,2,0,0,-1,,15,0,false,212
16,100,rejected,0,mature,304,2,0,0,-1,,15,0,false,212
16,100,rejected,0,mature,305,2,0,0,-1,,15,0,false,212
16,100,rejected,0,mature,306,2,0,0,-1,,15,0,false,212
16,100,rejected,0,mature,307,2,0,0,-1,,15,0,false,212
16,100,rejected,0,mature,308,2,0,0,-1,,15,0,false,212
16,100,rejected,0,mature,309,2,0,0,-1,,15,0,false,212
16,100,rejected,0,mature,310,2,0,0,-1,,15,0,false,212
16,100,rejected,0,mature,311,2,0,0,-1,,15,0,false,212
16,100,rejected,0,mature,312,2,0,0,-1,,15,0,false,212
16,100,rejected,0,mature,313,2,0,0,-1,,15,0,false,212
16,100,rejected,0,mature,314,2,0,0,-1,,15,0,false,212
16,100,rejected,0,mature,315,2,0,0,-1,,15,0,false,212
16,100,rejected,0,mature,316,2,0,0,-1,,15,0,false,212
16,100,rejected,0,mature,317,2,0,0,-1,,15,0,false,212
16,100,rejected,0,mature,318,2,0,0,-1,,15,0,false,212
16,100,rejected,0,mature,319,2,0,0,-1,,15,0,false,212
16,100,rejected,0,mature,320,2,0,0,-1,,15,0,false,212
16,100,rejected,0,mature,321,2,0,0,-1,,15,0,false,212
16,100,rejected,0,mature,322,2,0,0,-1,,15,0,false,212
16,100,rejected,0,mature,323,2,0,0,-1,,15,0,false,212
16,100,rejected,0,mature,324,2,0,0,-1,,15,0,false,212
16,100,rejected,0,mature,325,2,0,0,-1,,15,0,false,212
16,100,rejected,0,mature,326,2,0,0,-1,,15,0,false,212
16,100,rejected,0,mature,327,2,0,0,-1,,15,0,false,212
16,100,rejected,0,mature,328,2,0,0,-1,,15,0,false,212
16,100,rejected,0,mature,329,2,0,0,-1,,15,0,false,212
16,100,rejected,0,mature,330,2,0,0,-1,,15,0,false,212
16,100,rejected,0,mature,331,2,0,0,-1,,15,0,false,212
16,100,rejected,0,mature,332,2,0,0,-1,,15,0,false,212
16,100,rejected,0,mature,333,2,0,0,-1,,15,0,false,212
16,100,rejected,0,mature,334,2,0,0,-1,,15,0,false,212
16,100,rejected,0,mature,335,2,0,0,-1,,15,0,false,212
16,100,rejected,0,mature,336,2,0,0,-1,,15,0,false,212
16,100,rejected,0,mature,337,2,0,0,-1,,15,0,false,212
16,100,rejected,0,mature,338,2,0,0,-1,,15,0,false,212
16,100,rejected,0,mature,339,2,0,0,-1,,15,0,false,212
16,100,rejected,0,mature,340,2,0,0,-1,,15,0,false,212
16,100,rejected,0,mature,341,2,0,0,-1,,15,0,false,212
16,100,rejected,0,mature,342,2,0,0,-1,,15,0,false,212
16,100,rejected,0,mature,343,2,0,0,-1,,15,0,false,212
16,100,rejected,0,mature,344,2,0,0,-1,,15,0,false,212
16,100,rejected,0,mature,345,2,0,0,-1,,15,0,false,212
16,100,rejected,0,mature,346,2,0,0,-1,,15,0,false,212
16,100,rejected,0,mature,347,2,0,0,-1,,15,0,false,212
16,100,rejected,0,mature,348,2,0,0,-1,,15,0,false,212
16,100,rejected,0,mature,349,2,0,0,-1,,15,0,false,212
16,100,rejected,0,mature,350,2,0,0,-1,,15,0,false,212
16,100,rejected,0,mature,351,2,0,0,-1,,15,0,false,212
16,100,rejected,0,mature,352,2,0,0,-1,,15,0,false,212
16,100,rejected,0,mature,353,2,0,0,-1,,15,0,false,212
16,100,rejected,0,mature,354,2,0,0,-1,,15,0,false,212
16,100,rejected,0,mature,355,2,0,0,-1,,15,0,false,212
16,100,rejected,0,mature,356,2,0,0,-1,,15,0,false,212
16,100,rejected,0,mature,357,2,0,0,-1,,15,0,false,212
16,100,rejected,0,mature,358,2,0,0,-1,,15,0,false,212
16,100,rejected,0,mature,359,2,0,0,-1,,15,0,false,212
16,100,rejected,0,mature,360,2,0,0,-1,,15,0,false,212
16,100,rejected,0,mature,361,2,0,0,-1,,15,0,false,212
16,100,rejected,0,mature,362,2,0,0,-1,,15,0,false,212
16,100,rejected,0,mature,363,2,0,0,-1,,15,0,false,212
16,100,rejected,0,mature,364,2,0,0,-1,,15,0,false,212
16,100,rejected,0,mature,365,2,0,0,-1,,15,0,false,212
16,100,rejected,0,mature,366,2,0,0,-1,,15,0,false,212
16,100,rejected,0,mature,367,2,0,0,-1,,15,0,false,212
16,100,rejected,0,mature,368,2,0,0,-1,,15,0,false,212
16,100,rejected,0,mature,369,2,0,0,-1,,15,0,false,212
16,100,rejected,0,mature,370,2,0,0,-1,,15,0,false,212
16,100,rejected,0,mature,371,2,0,0,-1,,15,0,false,212
16,100,rejected,0,mature,372,2,0,0,-1,,15,0,false,212
16,100,rejected,0,mature,373,2,0,0,-1,,15,0,false,212
16,100,rejected,0,mature,374,2,0,0,-1,,15,0,false,212
16,100,rejected,0,mature,375,2,0,0,-1,,15,0,false,212
16,100,rejected,0,mature,376,2,0,0,-1,,15,0,false,212
16,100,rejected,0,mature,377,2,0,0,-1,,15,0,false,212
16,100,rejected,0,mature,378,2,0,0,-1,,15,0,false,212
16,100,rejected,0,mature,379,2,0,0,-1,,15,0,false,212
16,100,rejected,0,mature,380,2,0,0,-1,,15,0,false,212
16,100,rejected,0,mature,381,2,0,0,-1,,15,0,false,212
16,100,rejected,0,mature,382,2,0,0,-1,,15,0,false,212
16,100,rejected,0,mature,383,2,0,0,-1,,15,0,false,212
16,100,rejected,0,mature,384,2,0,0,-1,,15,0,false,212
16,100,rejected,0,mature,385,2,0,0,-1,,15,0,false,212
16,100,rejected,0,mature,386,2,0,0,-1,,15,0,false,212
16,100,rejected,0,mature,387,2,0,0,-1,,15,0,false,212
16,100,rejected,0,mature,388,2,0,0,-1,,15,0,false,212
16,100,rejected,0,mature,389,2,0,0,-1,,15,0,false,212
16,100,rejected,0,mature,390,2,0,0,-1,,15,0,false,212
16,100,rejected,0,mature,391,2,0,0,-1,,15,0,false,212
16,100,rejected,0,mature,392,2,0,0,-1,,15,0,false,212
16,100,rejected,0,mature,393,2,0,0,-1,,15,0,false,212
16,100,rejected,0,mature,394,2,0,0,-1,,15,0,false,212
16,100,rejected,0,mature,395,2,0,0,-1,,15,0,false,212
16,100,rejected,0,mature,396,2,0,0,-1,,15,0,false,212
16,100,rejected,0,mature,397,2,0,0,-1,,15,0,false,212
16,100,rejected,0,mature,398,2,0,0,-1,,15,0,false,212
16,100,rejected,0,mature,399,2,0,0,-1,,15,0,false,212
16,100,rejected,0,mature,400,2,0,0,-1,,15,0,false,212
16,100,rejected,0,mature,401,2,0,0,-1,,15,0,false,212
16,100,rejected,0,mature,402,2,0,0,-1,,15,0,false,212
16,100,rejected,0,mature,403,2,0,0,-1,,15,0,false,212
16,100,rejected,0,mature,404,2,0,0,-1,,15,0,false,212
16,100,rejected,0,mature,405,2,0,0,-1,,15,0,false,212
16,100,rejected,0,mature,406,2,0,0,-1,,15,0,false,212
16,100,rejected,0,mature,407,2,0,0,-1,,15,0,false,212
16,100,rejected,0,mature,408,2,0,0,-1,,15,0,false,212
16,100,rejected,0,mature,409,2,0,0,-1,,15,0,false,212
16,100,rejected,0,mature,410,2,0,0,-1,,15,0,false,212
16,100,rejected,0,mature,411,2,0,0,-1,,15,0,false,212
16,100,rejected,0,mature,412,2,0,0,-1,,15,0,false,212
16,100,rejected,0,mature,413,2,0,0,-1,,15,0,false,212
16,100,rejected,0,mature,414,2,0,0,-1,,15,0,false,212
16,100,rejected,0,mature,415,2,0,0,-1,,15,0,false,212
16,100,rejected,0,mature,416,2,0,0,-1,,15,0,false,212
16,100,rejected,0,mature,417,2,0,0,-1,,15,0,false,212
16,100,rejected,0,mature,418,2,0,0,-1,,15,0,false,212
16,100,rejected,0,mature,419,2,0,0,-1,,15,0,false,212
16,100,rejected,0,mature,420,2,0,0,-1,,15,0,false,212
16,100,rejected,0,mature,421,2,0,0,-1,,15,0,false,212
16,100,rejected,0,mature,422,2,0,0,-1,,15,0,false,212
16,100,rejected,0,mature,423,2,0,0,-1,,15,0,false,212
16,100,rejected,0,mature,424,2,0,0,-1,,15,0,false,212
16,100,rejected,0,mature,425,2,0,0,-1,,15,0,false,212
16,100,rejected,0,mature,426,2,0,0,-1,,15,0,false,212
16,100,rejected,0,mature,427,2,0,0,-1,,15,0,false,212
16,100,rejected,0,mature,428,2,0,0,-1,,15,0,false,212
16,100,rejected,0,mature,429,2,0,0,-1,,15,0,false,212
16,100,rejected,0,mature,430,2,0,0,-1,,15,0,false,212
16,100,rejected,0,mature,431,2,0,0,-1,,15,0,false,212
16,100,rejected,0,mature,432,2,0,0,-1,,15,0,false,212
16,100,rejected,0,mature,433,2,0,0,-1,,15,0,false,212
16,100,rejected,0,mature,434,2,0,0,-1,,15,0,false,212
16,100,rejected,0,mature,435,2,0,0,-1,,15,0,false,212
16,100,rejected,0,mature,436,2,0,0,-1,,15,0,false,212
16,100,rejected,0,mature,437,2,0,0,-1,,15,0,false,212
16,100,rejected,0,mature,438,2,0,0,-1,,15,0,false,212
16,100,rejected,0,mature,439,2,0,0,-1,,15,0,false,212
16,100,rejected,0,mature,440,2,0,0,-1,,15,0,false,212
16,100,rejected,0,mature,441,2,0,0,-1,,15,0,false,212
16,100,rejected,0,mature,442,2,0,0,-1,,15,0,false,212
16,100,rejected,0,mature,443,2,0,0,-1,,15,0,false,212
16,100,rejected,0,mature,444,2,0,0,-1,,15,0,false,212
16,100,rejected,0,mature,445,2,0,0,-1,,15,0,false,212
16,100,rejected,0,mature,446,2,0,0,-1,,15,0,false,212
16,100,rejected,0,mature,447,2,0,0,-1,,15,0,false,212
16,100,rejected,0,mature,448,2,0,0,-1,,15,0,false,212
16,100,rejected,0,mature,449,2,0,0,-1,,15,0,false,212
16,100,rejected,0,mature,450,2,0,0,-1,,15,0,false,212
16,100,rejected,0,mature,451,2,0,0,-1,,15,0,false,212
16,100,rejected,0,mature,452,2,0,0,-1,,15,0,false,212
16,100,rejected,0,mature,453,2,0,0,-1,,15,0,false,212
16,100,rejected,0,mature,454,2,0,0,-1,,15,0,false,212
16,100,rejected,0,mature,455,2,0,0,-1,,15,0,false,212
16,100,rejected,0,mature,456,2,0,0,-1,,15,0,false,212
16,100,rejected,0,mature,457,2,0,0,-1,,15,0,false,212
16,100,rejected,0,mature,458,2,0,0,-1,,15,0,false,212
16,100,rejected,0,mature,459,2,0,0,-1,,15,0,false,212
16,100,rejected,0,mature,460,2,0,0,-1,,15,0,false,212
16,100,rejected,0,mature,461,2,0,0,-1,,15,0,false,212
16,100,rejected,0,mature,462,2,0,0,-1,,15,0,false,212
16,100,rejected,0,mature,463,2,0,0,-1,,15,0,false,212
16,100,rejected,0,mature,464,2,0,0,-1,,15,0,false,212
16,100,rejected,0,mature,465,2,0,0,-1,,15,0,false,212
16,100,rejected,0,mature,466,2,0,0,-1,,15,0,false,212
16,100,rejected,0,mature,467,2,0,0,-1,,15,0,false,212
16,100,rejected,0,mature,468,2,0,0,-1,,15,0,false,212
16,100,rejected,0,mature,469,2,0,0,-1,,15,0,false,212
16,100,rejected,0,mature,470,2,0,0,-1,,15,0,false,212
16,100,rejected,0,mature,471,2,0,0,-1,,15,0,false,212
16,100,rejected,0,mature,472,2,0,0,-1,,15,0,false,212
16,100,rejected,0,mature,473,2,0,0,-1,,15,0,false,212
16,100,rejected,0,mature,474,2,0,0,-1,,15,0,false,212
16,100,rejected,0,mature,475,2,0,0,-1,,15,0,false,212
16,100,rejected,0,mature,476,2,0,0,-1,,15,0,false,212
16,100,rejected,0,mature,477,2,0,0,-1,,15,0,false,212
16,100,rejected,0,mature,478,2,0,0,-1,,15,0,false,212
16,100,rejected,0,mature,479,2,0,0,-1,,15,0,false,212
16,100,rejected,0,mature,480,2,0,0,-1,,15,0,false,212
16,100,rejected,0,mature,481,2,0,0,-1,,15,0,false,212
16,100,rejected,0,mature,482,2,0,0,-1,,15,0,false,212
16,100,rejected,0,mature,483,2,0,0,-1,,15,0,false,212
16,100,rejected,0,mature,484,2,0,0,-1,,15,0,false,212
16,100,rejected,0,mature,485,2,0,0,-1,,15,0,false,212
16,100,rejected,0,mature,486,2,0,0,-1,,15,0,false,212
16,100,rejected,0,mature,487,2,0,0,-1,,15,0,false,212
16,100,rejected,0,mature,488,2,0,0,-1,,15,0,false,212
16,100,rejected,0,mature,489,2,0,0,-1,,15,0,false,212
16,100,rejected,0,mature,490,2,0,0,-1,,15,0,false,212
16,100,rejected,0,mature,491,2,0,0,-1,,15,0,false,212
16,100,rejected,0,mature,492,2,0,0,-1,,15,0,false,212
16,100,rejected,0,mature,493,2,0,0,-1,,15,0,false,212
16,100,rejected,0,mature,494,2,0,0,-1,,15,0,false,212
16,100,rejected,0,mature,495,2,0,0,-1,,15,0,false,212
16,100,rejected,0,mature,496,2,0,0,-1,,15,0,false,212
16,100,rejected,0,mature,497,2,0,0,-1,,15,0,false,212
16,100,rejected,0,mature,498,2,0,0,-1,,15,0,false,212
16,100,rejected,0,mature,499,2,0,0,-1,,15,0,false,212
16,100,rejected,0,mature,500,2,0,0,-1,,15,0,false,212
16,100,rejected,0,fresh,1,2,0,0,2,0,0,1,true,1
16,100,rejected,0,fresh,2,2,0,0,4,0,0,1,true,2
16,100,rejected,0,fresh,3,2,0,0,6,0,0,1,true,3
16,100,rejected,0,fresh,4,2,0,0,8,0,0,1,true,4
16,100,rejected,0,fresh,5,2,0,0,10,0,0,1,true,5
16,100,rejected,1,mature,1,3,1,184,-1,3,3|3|3|3|3|3|3|3|3|3|3|3|3|3|3|3,16,false,16
16,100,rejected,1,mature,2,3,1,168,-1,3,3|3|3|3|3|3|3|3|3|3|3|3|3|3|3|3,16,false,32
16,100,rejected,1,mature,3,3,1,152,-1,3,3|3|3|3|3|3|3|3|3|3|3|3|3|3|3|3,16,false,48
16,100,rejected,1,mature,4,3,1,136,-1,3,3|3|3|3|3|3|3|3|3|3|3|3|3|3|3|3,16,false,64
16,100,rejected,1,mature,5,3,1,120,-1,3,3|3|3|3|3|3|3|3|3|3|3|3|3|3|3|3,16,false,80
16,100,rejected,1,mature,6,3,1,104,-1,3,3|3|3|3|3|3|3|3|3|3|3|3|3|3|3|3,16,false,96
16,100,rejected,1,mature,7,3,1,88,-1,3,3|3|3|3|3|3|3|3|3|3|3|3|3|3|3|3,16,false,112
16,100,rejected,1,mature,8,3,1,72,-1,3,3|3|3|3|3|3|3|3|3|3|3|3|3|3|3|3,16,false,128
16,100,rejected,1,mature,9,3,1,56,-1,3,3|3|3|3|3|3|3|3|3|3|3|3|3|3|3|3,16,false,144
16,100,rejected,1,mature,10,3,1,40,-1,3,3|3|3|3|3|3|3|3|3|3|3|3|3|3|3|3,16,false,160
16,100,rejected,1,mature,11,3,1,24,-1,3,3|3|3|3|3|3|3|3|3|3|3|3|3|3|3|3,16,false,176
16,100,rejected,1,mature,12,3,1,8,-1,3,3|3|3|3|3|3|3|3|3|3|3|3|3|3|3|3,16,false,192
16,100,rejected,1,mature,13,3,1,0,-1,,3|3|3|3|3|3|3|3|4|5|6|7|8|9|10|11,16,false,208
16,100,rejected,1,mature,14,3,1,0,-1,,12|13|14|15,3,false,211
16,100,rejected,1,mature,15,3,1,0,-1,,0|15,1,false,212
16,100,rejected,1,mature,16,3,1,0,-1,,15,0,false,212
16,100,rejected,1,mature,17,3,1,0,-1,,15,0,false,212
16,100,rejected,1,mature,18,3,1,0,-1,,15,0,false,212
16,100,rejected,1,mature,19,3,1,0,-1,,15,0,false,212
16,100,rejected,1,mature,20,3,1,0,-1,,15,0,false,212
16,100,rejected,1,mature,21,3,1,0,-1,,15,0,false,212
16,100,rejected,1,mature,22,3,1,0,-1,,15,0,false,212
16,100,rejected,1,mature,23,3,1,0,-1,,15,0,false,212
16,100,rejected,1,mature,24,3,1,0,-1,,15,0,false,212
16,100,rejected,1,mature,25,3,1,0,-1,,15,0,false,212
16,100,rejected,1,mature,26,3,1,0,-1,,15,0,false,212
16,100,rejected,1,mature,27,3,1,0,-1,,15,0,false,212
16,100,rejected,1,mature,28,3,1,0,-1,,15,0,false,212
16,100,rejected,1,mature,29,3,1,0,-1,,15,0,false,212
16,100,rejected,1,mature,30,3,1,0,-1,,15,0,false,212
16,100,rejected,1,mature,31,3,1,0,-1,,15,0,false,212
16,100,rejected,1,mature,32,3,1,0,-1,,15,0,false,212
16,100,rejected,1,mature,33,3,1,0,-1,,15,0,false,212
16,100,rejected,1,mature,34,3,1,0,-1,,15,0,false,212
16,100,rejected,1,mature,35,3,1,0,-1,,15,0,false,212
16,100,rejected,1,mature,36,3,1,0,-1,,15,0,false,212
16,100,rejected,1,mature,37,3,1,0,-1,,15,0,false,212
16,100,rejected,1,mature,38,3,1,0,-1,,15,0,false,212
16,100,rejected,1,mature,39,3,1,0,-1,,15,0,false,212
16,100,rejected,1,mature,40,3,1,0,-1,,15,0,false,212
16,100,rejected,1,mature,41,3,1,0,-1,,15,0,false,212
16,100,rejected,1,mature,42,3,1,0,-1,,15,0,false,212
16,100,rejected,1,mature,43,3,1,0,-1,,15,0,false,212
16,100,rejected,1,mature,44,3,1,0,-1,,15,0,false,212
16,100,rejected,1,mature,45,3,1,0,-1,,15,0,false,212
16,100,rejected,1,mature,46,3,1,0,-1,,15,0,false,212
16,100,rejected,1,mature,47,3,1,0,-1,,15,0,false,212
16,100,rejected,1,mature,48,3,1,0,-1,,15,0,false,212
16,100,rejected,1,mature,49,3,1,0,-1,,15,0,false,212
16,100,rejected,1,mature,50,3,1,0,-1,,15,0,false,212
16,100,rejected,1,mature,51,3,1,0,-1,,15,0,false,212
16,100,rejected,1,mature,52,3,1,0,-1,,15,0,false,212
16,100,rejected,1,mature,53,3,1,0,-1,,15,0,false,212
16,100,rejected,1,mature,54,3,1,0,-1,,15,0,false,212
16,100,rejected,1,mature,55,3,1,0,-1,,15,0,false,212
16,100,rejected,1,mature,56,3,1,0,-1,,15,0,false,212
16,100,rejected,1,mature,57,3,1,0,-1,,15,0,false,212
16,100,rejected,1,mature,58,3,1,0,-1,,15,0,false,212
16,100,rejected,1,mature,59,3,1,0,-1,,15,0,false,212
16,100,rejected,1,mature,60,3,1,0,-1,,15,0,false,212
16,100,rejected,1,mature,61,3,1,0,-1,,15,0,false,212
16,100,rejected,1,mature,62,3,1,0,-1,,15,0,false,212
16,100,rejected,1,mature,63,3,1,0,-1,,15,0,false,212
16,100,rejected,1,mature,64,3,1,0,-1,,15,0,false,212
16,100,rejected,1,mature,65,3,1,0,-1,,15,0,false,212
16,100,rejected,1,mature,66,3,1,0,-1,,15,0,false,212
16,100,rejected,1,mature,67,3,1,0,-1,,15,0,false,212
16,100,rejected,1,mature,68,3,1,0,-1,,15,0,false,212
16,100,rejected,1,mature,69,3,1,0,-1,,15,0,false,212
16,100,rejected,1,mature,70,3,1,0,-1,,15,0,false,212
16,100,rejected,1,mature,71,3,1,0,-1,,15,0,false,212
16,100,rejected,1,mature,72,3,1,0,-1,,15,0,false,212
16,100,rejected,1,mature,73,3,1,0,-1,,15,0,false,212
16,100,rejected,1,mature,74,3,1,0,-1,,15,0,false,212
16,100,rejected,1,mature,75,3,1,0,-1,,15,0,false,212
16,100,rejected,1,mature,76,3,1,0,-1,,15,0,false,212
16,100,rejected,1,mature,77,3,1,0,-1,,15,0,false,212
16,100,rejected,1,mature,78,3,1,0,-1,,15,0,false,212
16,100,rejected,1,mature,79,3,1,0,-1,,15,0,false,212
16,100,rejected,1,mature,80,3,1,0,-1,,15,0,false,212
16,100,rejected,1,mature,81,3,1,0,-1,,15,0,false,212
16,100,rejected,1,mature,82,3,1,0,-1,,15,0,false,212
16,100,rejected,1,mature,83,3,1,0,-1,,15,0,false,212
16,100,rejected,1,mature,84,3,1,0,-1,,15,0,false,212
16,100,rejected,1,mature,85,3,1,0,-1,,15,0,false,212
16,100,rejected,1,mature,86,3,1,0,-1,,15,0,false,212
16,100,rejected,1,mature,87,3,1,0,-1,,15,0,false,212
16,100,rejected,1,mature,88,3,1,0,-1,,15,0,false,212
16,100,rejected,1,mature,89,3,1,0,-1,,15,0,false,212
16,100,rejected,1,mature,90,3,1,0,-1,,15,0,false,212
16,100,rejected,1,mature,91,3,1,0,-1,,15,0,false,212
16,100,rejected,1,mature,92,3,1,0,-1,,15,0,false,212
16,100,rejected,1,mature,93,3,1,0,-1,,15,0,false,212
16,100,rejected,1,mature,94,3,1,0,-1,,15,0,false,212
16,100,rejected,1,mature,95,3,1,0,-1,,15,0,false,212
16,100,rejected,1,mature,96,3,1,0,-1,,15,0,false,212
16,100,rejected,1,mature,97,3,1,0,-1,,15,0,false,212
16,100,rejected,1,mature,98,3,1,0,-1,,15,0,false,212
16,100,rejected,1,mature,99,3,1,0,-1,,15,0,false,212
16,100,rejected,1,mature,100,3,1,0,-1,,15,0,false,212
16,100,rejected,1,mature,101,3,1,0,-1,,15,0,false,212
16,100,rejected,1,mature,102,3,1,0,-1,,15,0,false,212
16,100,rejected,1,mature,103,3,1,0,-1,,15,0,false,212
16,100,rejected,1,mature,104,3,1,0,-1,,15,0,false,212
16,100,rejected,1,mature,105,3,1,0,-1,,15,0,false,212
16,100,rejected,1,mature,106,3,1,0,-1,,15,0,false,212
16,100,rejected,1,mature,107,3,1,0,-1,,15,0,false,212
16,100,rejected,1,mature,108,3,1,0,-1,,15,0,false,212
16,100,rejected,1,mature,109,3,1,0,-1,,15,0,false,212
16,100,rejected,1,mature,110,3,1,0,-1,,15,0,false,212
16,100,rejected,1,mature,111,3,1,0,-1,,15,0,false,212
16,100,rejected,1,mature,112,3,1,0,-1,,15,0,false,212
16,100,rejected,1,mature,113,3,1,0,-1,,15,0,false,212
16,100,rejected,1,mature,114,3,1,0,-1,,15,0,false,212
16,100,rejected,1,mature,115,3,1,0,-1,,15,0,false,212
16,100,rejected,1,mature,116,3,1,0,-1,,15,0,false,212
16,100,rejected,1,mature,117,3,1,0,-1,,15,0,false,212
16,100,rejected,1,mature,118,3,1,0,-1,,15,0,false,212
16,100,rejected,1,mature,119,3,1,0,-1,,15,0,false,212
16,100,rejected,1,mature,120,3,1,0,-1,,15,0,false,212
16,100,rejected,1,mature,121,3,1,0,-1,,15,0,false,212
16,100,rejected,1,mature,122,3,1,0,-1,,15,0,false,212
16,100,rejected,1,mature,123,3,1,0,-1,,15,0,false,212
16,100,rejected,1,mature,124,3,1,0,-1,,15,0,false,212
16,100,rejected,1,mature,125,3,1,0,-1,,15,0,false,212
16,100,rejected,1,mature,126,3,1,0,-1,,15,0,false,212
16,100,rejected,1,mature,127,3,1,0,-1,,15,0,false,212
16,100,rejected,1,mature,128,3,1,0,-1,,15,0,false,212
16,100,rejected,1,mature,129,3,1,0,-1,,15,0,false,212
16,100,rejected,1,mature,130,3,1,0,-1,,15,0,false,212
16,100,rejected,1,mature,131,3,1,0,-1,,15,0,false,212
16,100,rejected,1,mature,132,3,1,0,-1,,15,0,false,212
16,100,rejected,1,mature,133,3,1,0,-1,,15,0,false,212
16,100,rejected,1,mature,134,3,1,0,-1,,15,0,false,212
16,100,rejected,1,mature,135,3,1,0,-1,,15,0,false,212
16,100,rejected,1,mature,136,3,1,0,-1,,15,0,false,212
16,100,rejected,1,mature,137,3,1,0,-1,,15,0,false,212
16,100,rejected,1,mature,138,3,1,0,-1,,15,0,false,212
16,100,rejected,1,mature,139,3,1,0,-1,,15,0,false,212
16,100,rejected,1,mature,140,3,1,0,-1,,15,0,false,212
16,100,rejected,1,mature,141,3,1,0,-1,,15,0,false,212
16,100,rejected,1,mature,142,3,1,0,-1,,15,0,false,212
16,100,rejected,1,mature,143,3,1,0,-1,,15,0,false,212
16,100,rejected,1,mature,144,3,1,0,-1,,15,0,false,212
16,100,rejected,1,mature,145,3,1,0,-1,,15,0,false,212
16,100,rejected,1,mature,146,3,1,0,-1,,15,0,false,212
16,100,rejected,1,mature,147,3,1,0,-1,,15,0,false,212
16,100,rejected,1,mature,148,3,1,0,-1,,15,0,false,212
16,100,rejected,1,mature,149,3,1,0,-1,,15,0,false,212
16,100,rejected,1,mature,150,3,1,0,-1,,15,0,false,212
16,100,rejected,1,mature,151,3,1,0,-1,,15,0,false,212
16,100,rejected,1,mature,152,3,1,0,-1,,15,0,false,212
16,100,rejected,1,mature,153,3,1,0,-1,,15,0,false,212
16,100,rejected,1,mature,154,3,1,0,-1,,15,0,false,212
16,100,rejected,1,mature,155,3,1,0,-1,,15,0,false,212
16,100,rejected,1,mature,156,3,1,0,-1,,15,0,false,212
16,100,rejected,1,mature,157,3,1,0,-1,,15,0,false,212
16,100,rejected,1,mature,158,3,1,0,-1,,15,0,false,212
16,100,rejected,1,mature,159,3,1,0,-1,,15,0,false,212
16,100,rejected,1,mature,160,3,1,0,-1,,15,0,false,212
16,100,rejected,1,mature,161,3,1,0,-1,,15,0,false,212
16,100,rejected,1,mature,162,3,1,0,-1,,15,0,false,212
16,100,rejected,1,mature,163,3,1,0,-1,,15,0,false,212
16,100,rejected,1,mature,164,3,1,0,-1,,15,0,false,212
16,100,rejected,1,mature,165,3,1,0,-1,,15,0,false,212
16,100,rejected,1,mature,166,3,1,0,-1,,15,0,false,212
16,100,rejected,1,mature,167,3,1,0,-1,,15,0,false,212
16,100,rejected,1,mature,168,3,1,0,-1,,15,0,false,212
16,100,rejected,1,mature,169,3,1,0,-1,,15,0,false,212
16,100,rejected,1,mature,170,3,1,0,-1,,15,0,false,212
16,100,rejected,1,mature,171,3,1,0,-1,,15,0,false,212
16,100,rejected,1,mature,172,3,1,0,-1,,15,0,false,212
16,100,rejected,1,mature,173,3,1,0,-1,,15,0,false,212
16,100,rejected,1,mature,174,3,1,0,-1,,15,0,false,212
16,100,rejected,1,mature,175,3,1,0,-1,,15,0,false,212
16,100,rejected,1,mature,176,3,1,0,-1,,15,0,false,212
16,100,rejected,1,mature,177,3,1,0,-1,,15,0,false,212
16,100,rejected,1,mature,178,3,1,0,-1,,15,0,false,212
16,100,rejected,1,mature,179,3,1,0,-1,,15,0,false,212
16,100,rejected,1,mature,180,3,1,0,-1,,15,0,false,212
16,100,rejected,1,mature,181,3,1,0,-1,,15,0,false,212
16,100,rejected,1,mature,182,3,1,0,-1,,15,0,false,212
16,100,rejected,1,mature,183,3,1,0,-1,,15,0,false,212
16,100,rejected,1,mature,184,3,1,0,-1,,15,0,false,212
16,100,rejected,1,mature,185,3,1,0,-1,,15,0,false,212
16,100,rejected,1,mature,186,3,1,0,-1,,15,0,false,212
16,100,rejected,1,mature,187,3,1,0,-1,,15,0,false,212
16,100,rejected,1,mature,188,3,1,0,-1,,15,0,false,212
16,100,rejected,1,mature,189,3,1,0,-1,,15,0,false,212
16,100,rejected,1,mature,190,3,1,0,-1,,15,0,false,212
16,100,rejected,1,mature,191,3,1,0,-1,,15,0,false,212
16,100,rejected,1,mature,192,3,1,0,-1,,15,0,false,212
16,100,rejected,1,mature,193,3,1,0,-1,,15,0,false,212
16,100,rejected,1,mature,194,3,1,0,-1,,15,0,false,212
16,100,rejected,1,mature,195,3,1,0,-1,,15,0,false,212
16,100,rejected,1,mature,196,3,1,0,-1,,15,0,false,212
16,100,rejected,1,mature,197,3,1,0,-1,,15,0,false,212
16,100,rejected,1,mature,198,3,1,0,-1,,15,0,false,212
16,100,rejected,1,mature,199,3,1,0,-1,,15,0,false,212
16,100,rejected,1,mature,200,3,1,0,-1,,15,0,false,212
16,100,rejected,1,mature,201,3,1,0,-1,,15,0,false,212
16,100,rejected,1,mature,202,3,1,0,-1,,15,0,false,212
16,100,rejected,1,mature,203,3,1,0,-1,,15,0,false,212
16,100,rejected,1,mature,204,3,1,0,-1,,15,0,false,212
16,100,rejected,1,mature,205,3,1,0,-1,,15,0,false,212
16,100,rejected,1,mature,206,3,1,0,-1,,15,0,false,212
16,100,rejected,1,mature,207,3,1,0,-1,,15,0,false,212
16,100,rejected,1,mature,208,3,1,0,-1,,15,0,false,212
16,100,rejected,1,mature,209,3,1,0,-1,,15,0,false,212
16,100,rejected,1,mature,210,3,1,0,-1,,15,0,false,212
16,100,rejected,1,mature,211,3,1,0,-1,,15,0,false,212
16,100,rejected,1,mature,212,3,1,0,-1,,15,0,false,212
16,100,rejected,1,mature,213,3,1,0,-1,,15,0,false,212
16,100,rejected,1,mature,214,3,1,0,-1,,15,0,false,212
16,100,rejected,1,mature,215,3,1,0,-1,,15,0,false,212
16,100,rejected,1,mature,216,3,1,0,-1,,15,0,false,212
16,100,rejected,1,mature,217,3,1,0,-1,,15,0,false,212
16,100,rejected,1,mature,218,3,1,0,-1,,15,0,false,212
16,100,rejected,1,mature,219,3,1,0,-1,,15,0,false,212
16,100,rejected,1,mature,220,3,1,0,-1,,15,0,false,212
16,100,rejected,1,mature,221,3,1,0,-1,,15,0,false,212
16,100,rejected,1,mature,222,3,1,0,-1,,15,0,false,212
16,100,rejected,1,mature,223,3,1,0,-1,,15,0,false,212
16,100,rejected,1,mature,224,3,1,0,-1,,15,0,false,212
16,100,rejected,1,mature,225,3,1,0,-1,,15,0,false,212
16,100,rejected,1,mature,226,3,1,0,-1,,15,0,false,212
16,100,rejected,1,mature,227,3,1,0,-1,,15,0,false,212
16,100,rejected,1,mature,228,3,1,0,-1,,15,0,false,212
16,100,rejected,1,mature,229,3,1,0,-1,,15,0,false,212
16,100,rejected,1,mature,230,3,1,0,-1,,15,0,false,212
16,100,rejected,1,mature,231,3,1,0,-1,,15,0,false,212
16,100,rejected,1,mature,232,3,1,0,-1,,15,0,false,212
16,100,rejected,1,mature,233,3,1,0,-1,,15,0,false,212
16,100,rejected,1,mature,234,3,1,0,-1,,15,0,false,212
16,100,rejected,1,mature,235,3,1,0,-1,,15,0,false,212
16,100,rejected,1,mature,236,3,1,0,-1,,15,0,false,212
16,100,rejected,1,mature,237,3,1,0,-1,,15,0,false,212
16,100,rejected,1,mature,238,3,1,0,-1,,15,0,false,212
16,100,rejected,1,mature,239,3,1,0,-1,,15,0,false,212
16,100,rejected,1,mature,240,3,1,0,-1,,15,0,false,212
16,100,rejected,1,mature,241,3,1,0,-1,,15,0,false,212
16,100,rejected,1,mature,242,3,1,0,-1,,15,0,false,212
16,100,rejected,1,mature,243,3,1,0,-1,,15,0,false,212
16,100,rejected,1,mature,244,3,1,0,-1,,15,0,false,212
16,100,rejected,1,mature,245,3,1,0,-1,,15,0,false,212
16,100,rejected,1,mature,246,3,1,0,-1,,15,0,false,212
16,100,rejected,1,mature,247,3,1,0,-1,,15,0,false,212
16,100,rejected,1,mature,248,3,1,0,-1,,15,0,false,212
16,100,rejected,1,mature,249,3,1,0,-1,,15,0,false,212
16,100,rejected,1,mature,250,3,1,0,-1,,15,0,false,212
16,100,rejected,1,mature,251,3,1,0,-1,,15,0,false,212
16,100,rejected,1,mature,252,3,1,0,-1,,15,0,false,212
16,100,rejected,1,mature,253,3,1,0,-1,,15,0,false,212
16,100,rejected,1,mature,254,3,1,0,-1,,15,0,false,212
16,100,rejected,1,mature,255,3,1,0,-1,,15,0,false,212
16,100,rejected,1,mature,256,3,1,0,-1,,15,0,false,212
16,100,rejected,1,mature,257,3,1,0,-1,,15,0,false,212
16,100,rejected,1,mature,258,3,1,0,-1,,15,0,false,212
16,100,rejected,1,mature,259,3,1,0,-1,,15,0,false,212
16,100,rejected,1,mature,260,3,1,0,-1,,15,0,false,212
16,100,rejected,1,mature,261,3,1,0,-1,,15,0,false,212
16,100,rejected,1,mature,262,3,1,0,-1,,15,0,false,212
16,100,rejected,1,mature,263,3,1,0,-1,,15,0,false,212
16,100,rejected,1,mature,264,3,1,0,-1,,15,0,false,212
16,100,rejected,1,mature,265,3,1,0,-1,,15,0,false,212
16,100,rejected,1,mature,266,3,1,0,-1,,15,0,false,212
16,100,rejected,1,mature,267,3,1,0,-1,,15,0,false,212
16,100,rejected,1,mature,268,3,1,0,-1,,15,0,false,212
16,100,rejected,1,mature,269,3,1,0,-1,,15,0,false,212
16,100,rejected,1,mature,270,3,1,0,-1,,15,0,false,212
16,100,rejected,1,mature,271,3,1,0,-1,,15,0,false,212
16,100,rejected,1,mature,272,3,1,0,-1,,15,0,false,212
16,100,rejected,1,mature,273,3,1,0,-1,,15,0,false,212
16,100,rejected,1,mature,274,3,1,0,-1,,15,0,false,212
16,100,rejected,1,mature,275,3,1,0,-1,,15,0,false,212
16,100,rejected,1,mature,276,3,1,0,-1,,15,0,false,212
16,100,rejected,1,mature,277,3,1,0,-1,,15,0,false,212
16,100,rejected,1,mature,278,3,1,0,-1,,15,0,false,212
16,100,rejected,1,mature,279,3,1,0,-1,,15,0,false,212
16,100,rejected,1,mature,280,3,1,0,-1,,15,0,false,212
16,100,rejected,1,mature,281,3,1,0,-1,,15,0,false,212
16,100,rejected,1,mature,282,3,1,0,-1,,15,0,false,212
16,100,rejected,1,mature,283,3,1,0,-1,,15,0,false,212
16,100,rejected,1,mature,284,3,1,0,-1,,15,0,false,212
16,100,rejected,1,mature,285,3,1,0,-1,,15,0,false,212
16,100,rejected,1,mature,286,3,1,0,-1,,15,0,false,212
16,100,rejected,1,mature,287,3,1,0,-1,,15,0,false,212
16,100,rejected,1,mature,288,3,1,0,-1,,15,0,false,212
16,100,rejected,1,mature,289,3,1,0,-1,,15,0,false,212
16,100,rejected,1,mature,290,3,1,0,-1,,15,0,false,212
16,100,rejected,1,mature,291,3,1,0,-1,,15,0,false,212
16,100,rejected,1,mature,292,3,1,0,-1,,15,0,false,212
16,100,rejected,1,mature,293,3,1,0,-1,,15,0,false,212
16,100,rejected,1,mature,294,3,1,0,-1,,15,0,false,212
16,100,rejected,1,mature,295,3,1,0,-1,,15,0,false,212
16,100,rejected,1,mature,296,3,1,0,-1,,15,0,false,212
16,100,rejected,1,mature,297,3,1,0,-1,,15,0,false,212
16,100,rejected,1,mature,298,3,1,0,-1,,15,0,false,212
16,100,rejected,1,mature,299,3,1,0,-1,,15,0,false,212
16,100,rejected,1,mature,300,3,1,0,-1,,15,0,false,212
16,100,rejected,1,mature,301,3,1,0,-1,,15,0,false,212
16,100,rejected,1,mature,302,3,1,0,-1,,15,0,false,212
16,100,rejected,1,mature,303,3,1,0,-1,,15,0,false,212
16,100,rejected,1,mature,304,3,1,0,-1,,15,0,false,212
16,100,rejected,1,mature,305,3,1,0,-1,,15,0,false,212
16,100,rejected,1,mature,306,3,1,0,-1,,15,0,false,212
16,100,rejected,1,mature,307,3,1,0,-1,,15,0,false,212
16,100,rejected,1,mature,308,3,1,0,-1,,15,0,false,212
16,100,rejected,1,mature,309,3,1,0,-1,,15,0,false,212
16,100,rejected,1,mature,310,3,1,0,-1,,15,0,false,212
16,100,rejected,1,mature,311,3,1,0,-1,,15,0,false,212
16,100,rejected,1,mature,312,3,1,0,-1,,15,0,false,212
16,100,rejected,1,mature,313,3,1,0,-1,,15,0,false,212
16,100,rejected,1,mature,314,3,1,0,-1,,15,0,false,212
16,100,rejected,1,mature,315,3,1,0,-1,,15,0,false,212
16,100,rejected,1,mature,316,3,1,0,-1,,15,0,false,212
16,100,rejected,1,mature,317,3,1,0,-1,,15,0,false,212
16,100,rejected,1,mature,318,3,1,0,-1,,15,0,false,212
16,100,rejected,1,mature,319,3,1,0,-1,,15,0,false,212
16,100,rejected,1,mature,320,3,1,0,-1,,15,0,false,212
16,100,rejected,1,mature,321,3,1,0,-1,,15,0,false,212
16,100,rejected,1,mature,322,3,1,0,-1,,15,0,false,212
16,100,rejected,1,mature,323,3,1,0,-1,,15,0,false,212
16,100,rejected,1,mature,324,3,1,0,-1,,15,0,false,212
16,100,rejected,1,mature,325,3,1,0,-1,,15,0,false,212
16,100,rejected,1,mature,326,3,1,0,-1,,15,0,false,212
16,100,rejected,1,mature,327,3,1,0,-1,,15,0,false,212
16,100,rejected,1,mature,328,3,1,0,-1,,15,0,false,212
16,100,rejected,1,mature,329,3,1,0,-1,,15,0,false,212
16,100,rejected,1,mature,330,3,1,0,-1,,15,0,false,212
16,100,rejected,1,mature,331,3,1,0,-1,,15,0,false,212
16,100,rejected,1,mature,332,3,1,0,-1,,15,0,false,212
16,100,rejected,1,mature,333,3,1,0,-1,,15,0,false,212
16,100,rejected,1,mature,334,3,1,0,-1,,15,0,false,212
16,100,rejected,1,mature,335,3,1,0,-1,,15,0,false,212
16,100,rejected,1,mature,336,3,1,0,-1,,15,0,false,212
16,100,rejected,1,mature,337,3,1,0,-1,,15,0,false,212
16,100,rejected,1,mature,338,3,1,0,-1,,15,0,false,212
16,100,rejected,1,mature,339,3,1,0,-1,,15,0,false,212
16,100,rejected,1,mature,340,3,1,0,-1,,15,0,false,212
16,100,rejected,1,mature,341,3,1,0,-1,,15,0,false,212
16,100,rejected,1,mature,342,3,1,0,-1,,15,0,false,212
16,100,rejected,1,mature,343,3,1,0,-1,,15,0,false,212
16,100,rejected,1,mature,344,3,1,0,-1,,15,0,false,212
16,100,rejected,1,mature,345,3,1,0,-1,,15,0,false,212
16,100,rejected,1,mature,346,3,1,0,-1,,15,0,false,212
16,100,rejected,1,mature,347,3,1,0,-1,,15,0,false,212
16,100,rejected,1,mature,348,3,1,0,-1,,15,0,false,212
16,100,rejected,1,mature,349,3,1,0,-1,,15,0,false,212
16,100,rejected,1,mature,350,3,1,0,-1,,15,0,false,212
16,100,rejected,1,mature,351,3,1,0,-1,,15,0,false,212
16,100,rejected,1,mature,352,3,1,0,-1,,15,0,false,212
16,100,rejected,1,mature,353,3,1,0,-1,,15,0,false,212
16,100,rejected,1,mature,354,3,1,0,-1,,15,0,false,212
16,100,rejected,1,mature,355,3,1,0,-1,,15,0,false,212
16,100,rejected,1,mature,356,3,1,0,-1,,15,0,false,212
16,100,rejected,1,mature,357,3,1,0,-1,,15,0,false,212
16,100,rejected,1,mature,358,3,1,0,-1,,15,0,false,212
16,100,rejected,1,mature,359,3,1,0,-1,,15,0,false,212
16,100,rejected,1,mature,360,3,1,0,-1,,15,0,false,212
16,100,rejected,1,mature,361,3,1,0,-1,,15,0,false,212
16,100,rejected,1,mature,362,3,1,0,-1,,15,0,false,212
16,100,rejected,1,mature,363,3,1,0,-1,,15,0,false,212
16,100,rejected,1,mature,364,3,1,0,-1,,15,0,false,212
16,100,rejected,1,mature,365,3,1,0,-1,,15,0,false,212
16,100,rejected,1,mature,366,3,1,0,-1,,15,0,false,212
16,100,rejected,1,mature,367,3,1,0,-1,,15,0,false,212
16,100,rejected,1,mature,368,3,1,0,-1,,15,0,false,212
16,100,rejected,1,mature,369,3,1,0,-1,,15,0,false,212
16,100,rejected,1,mature,370,3,1,0,-1,,15,0,false,212
16,100,rejected,1,mature,371,3,1,0,-1,,15,0,false,212
16,100,rejected,1,mature,372,3,1,0,-1,,15,0,false,212
16,100,rejected,1,mature,373,3,1,0,-1,,15,0,false,212
16,100,rejected,1,mature,374,3,1,0,-1,,15,0,false,212
16,100,rejected,1,mature,375,3,1,0,-1,,15,0,false,212
16,100,rejected,1,mature,376,3,1,0,-1,,15,0,false,212
16,100,rejected,1,mature,377,3,1,0,-1,,15,0,false,212
16,100,rejected,1,mature,378,3,1,0,-1,,15,0,false,212
16,100,rejected,1,mature,379,3,1,0,-1,,15,0,false,212
16,100,rejected,1,mature,380,3,1,0,-1,,15,0,false,212
16,100,rejected,1,mature,381,3,1,0,-1,,15,0,false,212
16,100,rejected,1,mature,382,3,1,0,-1,,15,0,false,212
16,100,rejected,1,mature,383,3,1,0,-1,,15,0,false,212
16,100,rejected,1,mature,384,3,1,0,-1,,15,0,false,212
16,100,rejected,1,mature,385,3,1,0,-1,,15,0,false,212
16,100,rejected,1,mature,386,3,1,0,-1,,15,0,false,212
16,100,rejected,1,mature,387,3,1,0,-1,,15,0,false,212
16,100,rejected,1,mature,388,3,1,0,-1,,15,0,false,212
16,100,rejected,1,mature,389,3,1,0,-1,,15,0,false,212
16,100,rejected,1,mature,390,3,1,0,-1,,15,0,false,212
16,100,rejected,1,mature,391,3,1,0,-1,,15,0,false,212
16,100,rejected,1,mature,392,3,1,0,-1,,15,0,false,212
16,100,rejected,1,mature,393,3,1,0,-1,,15,0,false,212
16,100,rejected,1,mature,394,3,1,0,-1,,15,0,false,212
16,100,rejected,1,mature,395,3,1,0,-1,,15,0,false,212
16,100,rejected,1,mature,396,3,1,0,-1,,15,0,false,212
16,100,rejected,1,mature,397,3,1,0,-1,,15,0,false,212
16,100,rejected,1,mature,398,3,1,0,-1,,15,0,false,212
16,100,rejected,1,mature,399,3,1,0,-1,,15,0,false,212
16,100,rejected,1,mature,400,3,1,0,-1,,15,0,false,212
16,100,rejected,1,mature,401,3,1,0,-1,,15,0,false,212
16,100,rejected,1,mature,402,3,1,0,-1,,15,0,false,212
16,100,rejected,1,mature,403,3,1,0,-1,,15,0,false,212
16,100,rejected,1,mature,404,3,1,0,-1,,15,0,false,212
16,100,rejected,1,mature,405,3,1,0,-1,,15,0,false,212
16,100,rejected,1,mature,406,3,1,0,-1,,15,0,false,212
16,100,rejected,1,mature,407,3,1,0,-1,,15,0,false,212
16,100,rejected,1,mature,408,3,1,0,-1,,15,0,false,212
16,100,rejected,1,mature,409,3,1,0,-1,,15,0,false,212
16,100,rejected,1,mature,410,3,1,0,-1,,15,0,false,212
16,100,rejected,1,mature,411,3,1,0,-1,,15,0,false,212
16,100,rejected,1,mature,412,3,1,0,-1,,15,0,false,212
16,100,rejected,1,mature,413,3,1,0,-1,,15,0,false,212
16,100,rejected,1,mature,414,3,1,0,-1,,15,0,false,212
16,100,rejected,1,mature,415,3,1,0,-1,,15,0,false,212
16,100,rejected,1,mature,416,3,1,0,-1,,15,0,false,212
16,100,rejected,1,mature,417,3,1,0,-1,,15,0,false,212
16,100,rejected,1,mature,418,3,1,0,-1,,15,0,false,212
16,100,rejected,1,mature,419,3,1,0,-1,,15,0,false,212
16,100,rejected,1,mature,420,3,1,0,-1,,15,0,false,212
16,100,rejected,1,mature,421,3,1,0,-1,,15,0,false,212
16,100,rejected,1,mature,422,3,1,0,-1,,15,0,false,212
16,100,rejected,1,mature,423,3,1,0,-1,,15,0,false,212
16,100,rejected,1,mature,424,3,1,0,-1,,15,0,false,212
16,100,rejected,1,mature,425,3,1,0,-1,,15,0,false,212
16,100,rejected,1,mature,426,3,1,0,-1,,15,0,false,212
16,100,rejected,1,mature,427,3,1,0,-1,,15,0,false,212
16,100,rejected,1,mature,428,3,1,0,-1,,15,0,false,212
16,100,rejected,1,mature,429,3,1,0,-1,,15,0,false,212
16,100,rejected,1,mature,430,3,1,0,-1,,15,0,false,212
16,100,rejected,1,mature,431,3,1,0,-1,,15,0,false,212
16,100,rejected,1,mature,432,3,1,0,-1,,15,0,false,212
16,100,rejected,1,mature,433,3,1,0,-1,,15,0,false,212
16,100,rejected,1,mature,434,3,1,0,-1,,15,0,false,212
16,100,rejected,1,mature,435,3,1,0,-1,,15,0,false,212
16,100,rejected,1,mature,436,3,1,0,-1,,15,0,false,212
16,100,rejected,1,mature,437,3,1,0,-1,,15,0,false,212
16,100,rejected,1,mature,438,3,1,0,-1,,15,0,false,212
16,100,rejected,1,mature,439,3,1,0,-1,,15,0,false,212
16,100,rejected,1,mature,440,3,1,0,-1,,15,0,false,212
16,100,rejected,1,mature,441,3,1,0,-1,,15,0,false,212
16,100,rejected,1,mature,442,3,1,0,-1,,15,0,false,212
16,100,rejected,1,mature,443,3,1,0,-1,,15,0,false,212
16,100,rejected,1,mature,444,3,1,0,-1,,15,0,false,212
16,100,rejected,1,mature,445,3,1,0,-1,,15,0,false,212
16,100,rejected,1,mature,446,3,1,0,-1,,15,0,false,212
16,100,rejected,1,mature,447,3,1,0,-1,,15,0,false,212
16,100,rejected,1,mature,448,3,1,0,-1,,15,0,false,212
16,100,rejected,1,mature,449,3,1,0,-1,,15,0,false,212
16,100,rejected,1,mature,450,3,1,0,-1,,15,0,false,212
16,100,rejected,1,mature,451,3,1,0,-1,,15,0,false,212
16,100,rejected,1,mature,452,3,1,0,-1,,15,0,false,212
16,100,rejected,1,mature,453,3,1,0,-1,,15,0,false,212
16,100,rejected,1,mature,454,3,1,0,-1,,15,0,false,212
16,100,rejected,1,mature,455,3,1,0,-1,,15,0,false,212
16,100,rejected,1,mature,456,3,1,0,-1,,15,0,false,212
16,100,rejected,1,mature,457,3,1,0,-1,,15,0,false,212
16,100,rejected,1,mature,458,3,1,0,-1,,15,0,false,212
16,100,rejected,1,mature,459,3,1,0,-1,,15,0,false,212
16,100,rejected,1,mature,460,3,1,0,-1,,15,0,false,212
16,100,rejected,1,mature,461,3,1,0,-1,,15,0,false,212
16,100,rejected,1,mature,462,3,1,0,-1,,15,0,false,212
16,100,rejected,1,mature,463,3,1,0,-1,,15,0,false,212
16,100,rejected,1,mature,464,3,1,0,-1,,15,0,false,212
16,100,rejected,1,mature,465,3,1,0,-1,,15,0,false,212
16,100,rejected,1,mature,466,3,1,0,-1,,15,0,false,212
16,100,rejected,1,mature,467,3,1,0,-1,,15,0,false,212
16,100,rejected,1,mature,468,3,1,0,-1,,15,0,false,212
16,100,rejected,1,mature,469,3,1,0,-1,,15,0,false,212
16,100,rejected,1,mature,470,3,1,0,-1,,15,0,false,212
16,100,rejected,1,mature,471,3,1,0,-1,,15,0,false,212
16,100,rejected,1,mature,472,3,1,0,-1,,15,0,false,212
16,100,rejected,1,mature,473,3,1,0,-1,,15,0,false,212
16,100,rejected,1,mature,474,3,1,0,-1,,15,0,false,212
16,100,rejected,1,mature,475,3,1,0,-1,,15,0,false,212
16,100,rejected,1,mature,476,3,1,0,-1,,15,0,false,212
16,100,rejected,1,mature,477,3,1,0,-1,,15,0,false,212
16,100,rejected,1,mature,478,3,1,0,-1,,15,0,false,212
16,100,rejected,1,mature,479,3,1,0,-1,,15,0,false,212
16,100,rejected,1,mature,480,3,1,0,-1,,15,0,false,212
16,100,rejected,1,mature,481,3,1,0,-1,,15,0,false,212
16,100,rejected,1,mature,482,3,1,0,-1,,15,0,false,212
16,100,rejected,1,mature,483,3,1,0,-1,,15,0,false,212
16,100,rejected,1,mature,484,3,1,0,-1,,15,0,false,212
16,100,rejected,1,mature,485,3,1,0,-1,,15,0,false,212
16,100,rejected,1,mature,486,3,1,0,-1,,15,0,false,212
16,100,rejected,1,mature,487,3,1,0,-1,,15,0,false,212
16,100,rejected,1,mature,488,3,1,0,-1,,15,0,false,212
16,100,rejected,1,mature,489,3,1,0,-1,,15,0,false,212
16,100,rejected,1,mature,490,3,1,0,-1,,15,0,false,212
16,100,rejected,1,mature,491,3,1,0,-1,,15,0,false,212
16,100,rejected,1,mature,492,3,1,0,-1,,15,0,false,212
16,100,rejected,1,mature,493,3,1,0,-1,,15,0,false,212
16,100,rejected,1,mature,494,3,1,0,-1,,15,0,false,212
16,100,rejected,1,mature,495,3,1,0,-1,,15,0,false,212
16,100,rejected,1,mature,496,3,1,0,-1,,15,0,false,212
16,100,rejected,1,mature,497,3,1,0,-1,,15,0,false,212
16,100,rejected,1,mature,498,3,1,0,-1,,15,0,false,212
16,100,rejected,1,mature,499,3,1,0,-1,,15,0,false,212
16,100,rejected,1,mature,500,3,1,0,-1,,15,0,false,212
16,100,rejected,1,fresh,1,3,1,0,2,1,1,1,true,1
16,100,rejected,1,fresh,2,3,1,0,4,1,1,1,true,2
16,100,rejected,1,fresh,3,3,1,0,6,1,1,1,true,3
16,100,rejected,1,fresh,4,3,1,0,8,1,1,1,true,4
16,100,rejected,1,fresh,5,3,1,0,10,1,1,1,true,5
64,10,untried,0,mature,1,18,15,0,0,,18|18|18|18|18|18|18|18|18|18|18|18|18|18|18|18|18|18|18|18|19|20|21|22|23|24|25|26|27|28|29|30|31|32|33|34|35|36|37|38|39|40|41|42|43|44|45|46|47|48|49|50|51|52|53|54|55|56|57|58|59|60|61|62,64,false,64
64,10,untried,0,mature,2,18,15,0,0,,63,0,false,64
64,10,untried,0,mature,3,18,15,0,2,15,0|1|2|3|4|5|6|7|8|9|10|11|12|13|14|15,16,true,80
64,10,untried,0,mature,4,18,15,0,4,15,15,1,true,81
64,10,untried,0,mature,5,18,15,0,6,15,15,1,true,82
64,10,untried,0,mature,6,18,15,0,8,15,15,1,true,83
64,10,untried,0,mature,7,18,15,0,10,15,15,1,true,84
64,10,untried,0,mature,8,18,15,0,12,15,15,1,true,85
64,10,untried,0,fresh,1,18,15,-1,0,,16|17|18|19|20|21|22|23|24|25|26|27|28|29|30|31|32|33|34|35|36|37|38|39|40|41|42|43|44|45|46|47|48|49|50|51|52|53|54|55|56|57|58|59|60|61|62|63,47,false,47
64,10,untried,0,fresh,2,18,15,-1,2,15,0|1|2|3|4|5|6|7|8|9|10|11|12|13|14|15,16,true,63
64,10,untried,0,fresh,3,18,15,-1,4,15,15,1,true,64
64,10,untried,0,fresh,4,18,15,-1,6,15,15,1,true,65
64,10,untried,0,fresh,5,18,15,-1,8,15,15,1,true,66
64,10,untried,0,fresh,6,18,15,-1,10,15,15,1,true,67
64,10,untried,0,fresh,7,18,15,-1,12,15,15,1,true,68
64,10,untried,1,mature,1,19,16,0,0,,19|19|19|19|19|19|19|19|19|19|19|19|19|19|19|19|19|19|19|19|20|21|22|23|24|25|26|27|28|29|30|31|32|33|34|35|36|37|38|39|40|41|42|43|44|45|46|47|48|49|50|51|52|53|54|55|56|57|58|59|60|61|62|63,63,false,63
64,10,untried,1,mature,2,19,16,0,2,16,0|1|2|3|4|5|6|7|8|9|10|11|12|13|14|15|16,17,true,80
64,10,untried,1,mature,3,19,16,0,4,16,16,1,true,81
64,10,untried,1,mature,4,19,16,0,6,16,16,1,true,82
64,10,untried,1,mature,5,19,16,0,8,16,16,1,true,83
64,10,untried,1,mature,6,19,16,0,10,16,16,1,true,84
64,10,untried,1,mature,7,19,16,0,12,16,16,1,true,85
64,10,untried,1,fresh,1,19,16,-1,0,,17|18|19|20|21|22|23|24|25|26|27|28|29|30|31|32|33|34|35|36|37|38|39|40|41|42|43|44|45|46|47|48|49|50|51|52|53|54|55|56|57|58|59|60|61|62|63,46,false,46
64,10,untried,1,fresh,2,19,16,-1,2,16,0|1|2|3|4|5|6|7|8|9|10|11|12|13|14|15|16,17,true,63
64,10,untried,1,fresh,3,19,16,-1,4,16,16,1,true,64
64,10,untried,1,fresh,4,19,16,-1,6,16,16,1,true,65
64,10,untried,1,fresh,5,19,16,-1,8,16,16,1,true,66
64,10,untried,1,fresh,6,19,16,-1,10,16,16,1,true,67
64,10,untried,1,fresh,7,19,16,-1,12,16,16,1,true,68
64,10,rejected,0,mature,1,18,16,0,-1,,18|18|18|18|18|18|18|18|18|18|18|18|18|18|18|18|18|18|18|18|19|20|21|22|23|24|25|26|27|28|29|30|31|32|33|34|35|36|37|38|39|40|41|42|43|44|45|46|47|48|49|50|51|52|53|54|55|56|57|58|59|60|61|62,64,false,64
64,10,rejected,0,mature,2,18,16,0,-1,,63,0,false,64
64,10,rejected,0,mature,3,18,16,0,-1,,0|1|2|3|4|5|6|7|8|9|10|11|12|13|14|15|63,16,false,80
64,10,rejected,0,mature,4,18,16,0,-1,,63,0,false,80
64,10,rejected,0,mature,5,18,16,0,-1,,63,0,false,80
64,10,rejected,0,mature,6,18,16,0,-1,,63,0,false,80
64,10,rejected,0,mature,7,18,16,0,-1,,63,0,false,80
64,10,rejected,0,mature,8,18,16,0,-1,,63,0,false,80
64,10,rejected,0,mature,9,18,16,0,-1,,63,0,false,80
64,10,rejected,0,mature,10,18,16,0,-1,,63,0,false,80
64,10,rejected,0,mature,11,18,16,0,-1,,63,0,false,80
64,10,rejected,0,mature,12,18,16,0,-1,,63,0,false,80
64,10,rejected,0,mature,13,18,16,0,-1,,63,0,false,80
64,10,rejected,0,mature,14,18,16,0,-1,,63,0,false,80
64,10,rejected,0,mature,15,18,16,0,-1,,63,0,false,80
64,10,rejected,0,mature,16,18,16,0,-1,,63,0,false,80
64,10,rejected,0,mature,17,18,16,0,-1,,63,0,false,80
64,10,rejected,0,mature,18,18,16,0,-1,,63,0,false,80
64,10,rejected,0,mature,19,18,16,0,-1,,63,0,false,80
64,10,rejected,0,mature,20,18,16,0,-1,,63,0,false,80
64,10,rejected,0,mature,21,18,16,0,-1,,63,0,false,80
64,10,rejected,0,mature,22,18,16,0,-1,,63,0,false,80
64,10,rejected,0,mature,23,18,16,0,-1,,63,0,false,80
64,10,rejected,0,mature,24,18,16,0,-1,,63,0,false,80
64,10,rejected,0,mature,25,18,16,0,-1,,63,0,false,80
64,10,rejected,0,mature,26,18,16,0,-1,,63,0,false,80
64,10,rejected,0,mature,27,18,16,0,-1,,63,0,false,80
64,10,rejected,0,mature,28,18,16,0,-1,,63,0,false,80
64,10,rejected,0,mature,29,18,16,0,-1,,63,0,false,80
64,10,rejected,0,mature,30,18,16,0,-1,,63,0,false,80
64,10,rejected,0,mature,31,18,16,0,-1,,63,0,false,80
64,10,rejected,0,mature,32,18,16,0,-1,,63,0,false,80
64,10,rejected,0,mature,33,18,16,0,-1,,63,0,false,80
64,10,rejected,0,mature,34,18,16,0,-1,,63,0,false,80
64,10,rejected,0,mature,35,18,16,0,-1,,63,0,false,80
64,10,rejected,0,mature,36,18,16,0,-1,,63,0,false,80
64,10,rejected,0,mature,37,18,16,0,-1,,63,0,false,80
64,10,rejected,0,mature,38,18,16,0,-1,,63,0,false,80
64,10,rejected,0,mature,39,18,16,0,-1,,63,0,false,80
64,10,rejected,0,mature,40,18,16,0,-1,,63,0,false,80
64,10,rejected,0,mature,41,18,16,0,-1,,63,0,false,80
64,10,rejected,0,mature,42,18,16,0,-1,,63,0,false,80
64,10,rejected,0,mature,43,18,16,0,-1,,63,0,false,80
64,10,rejected,0,mature,44,18,16,0,-1,,63,0,false,80
64,10,rejected,0,mature,45,18,16,0,-1,,63,0,false,80
64,10,rejected,0,mature,46,18,16,0,-1,,63,0,false,80
64,10,rejected,0,mature,47,18,16,0,-1,,63,0,false,80
64,10,rejected,0,mature,48,18,16,0,-1,,63,0,false,80
64,10,rejected,0,mature,49,18,16,0,-1,,63,0,false,80
64,10,rejected,0,mature,50,18,16,0,-1,,63,0,false,80
64,10,rejected,0,mature,51,18,16,0,-1,,63,0,false,80
64,10,rejected,0,mature,52,18,16,0,-1,,63,0,false,80
64,10,rejected,0,mature,53,18,16,0,-1,,63,0,false,80
64,10,rejected,0,mature,54,18,16,0,-1,,63,0,false,80
64,10,rejected,0,mature,55,18,16,0,-1,,63,0,false,80
64,10,rejected,0,mature,56,18,16,0,-1,,63,0,false,80
64,10,rejected,0,mature,57,18,16,0,-1,,63,0,false,80
64,10,rejected,0,mature,58,18,16,0,-1,,63,0,false,80
64,10,rejected,0,mature,59,18,16,0,-1,,63,0,false,80
64,10,rejected,0,mature,60,18,16,0,-1,,63,0,false,80
64,10,rejected,0,mature,61,18,16,0,-1,,63,0,false,80
64,10,rejected,0,mature,62,18,16,0,-1,,63,0,false,80
64,10,rejected,0,mature,63,18,16,0,-1,,63,0,false,80
64,10,rejected,0,mature,64,18,16,0,-1,,63,0,false,80
64,10,rejected,0,mature,65,18,16,0,-1,,63,0,false,80
64,10,rejected,0,mature,66,18,16,0,-1,,63,0,false,80
64,10,rejected,0,mature,67,18,16,0,-1,,63,0,false,80
64,10,rejected,0,mature,68,18,16,0,-1,,63,0,false,80
64,10,rejected,0,mature,69,18,16,0,-1,,63,0,false,80
64,10,rejected,0,mature,70,18,16,0,-1,,63,0,false,80
64,10,rejected,0,mature,71,18,16,0,-1,,63,0,false,80
64,10,rejected,0,mature,72,18,16,0,-1,,63,0,false,80
64,10,rejected,0,mature,73,18,16,0,-1,,63,0,false,80
64,10,rejected,0,mature,74,18,16,0,-1,,63,0,false,80
64,10,rejected,0,mature,75,18,16,0,-1,,63,0,false,80
64,10,rejected,0,mature,76,18,16,0,-1,,63,0,false,80
64,10,rejected,0,mature,77,18,16,0,-1,,63,0,false,80
64,10,rejected,0,mature,78,18,16,0,-1,,63,0,false,80
64,10,rejected,0,mature,79,18,16,0,-1,,63,0,false,80
64,10,rejected,0,mature,80,18,16,0,-1,,63,0,false,80
64,10,rejected,0,mature,81,18,16,0,-1,,63,0,false,80
64,10,rejected,0,mature,82,18,16,0,-1,,63,0,false,80
64,10,rejected,0,mature,83,18,16,0,-1,,63,0,false,80
64,10,rejected,0,mature,84,18,16,0,-1,,63,0,false,80
64,10,rejected,0,mature,85,18,16,0,-1,,63,0,false,80
64,10,rejected,0,mature,86,18,16,0,-1,,63,0,false,80
64,10,rejected,0,mature,87,18,16,0,-1,,63,0,false,80
64,10,rejected,0,mature,88,18,16,0,-1,,63,0,false,80
64,10,rejected,0,mature,89,18,16,0,-1,,63,0,false,80
64,10,rejected,0,mature,90,18,16,0,-1,,63,0,false,80
64,10,rejected,0,mature,91,18,16,0,-1,,63,0,false,80
64,10,rejected,0,mature,92,18,16,0,-1,,63,0,false,80
64,10,rejected,0,mature,93,18,16,0,-1,,63,0,false,80
64,10,rejected,0,mature,94,18,16,0,-1,,63,0,false,80
64,10,rejected,0,mature,95,18,16,0,-1,,63,0,false,80
64,10,rejected,0,mature,96,18,16,0,-1,,63,0,false,80
64,10,rejected,0,mature,97,18,16,0,-1,,63,0,false,80
64,10,rejected,0,mature,98,18,16,0,-1,,63,0,false,80
64,10,rejected,0,mature,99,18,16,0,-1,,63,0,false,80
64,10,rejected,0,mature,100,18,16,0,-1,,63,0,false,80
64,10,rejected,0,mature,101,18,16,0,-1,,63,0,false,80
64,10,rejected,0,mature,102,18,16,0,-1,,63,0,false,80
64,10,rejected,0,mature,103,18,16,0,-1,,63,0,false,80
64,10,rejected,0,mature,104,18,16,0,-1,,63,0,false,80
64,10,rejected,0,mature,105,18,16,0,-1,,63,0,false,80
64,10,rejected,0,mature,106,18,16,0,-1,,63,0,false,80
64,10,rejected,0,mature,107,18,16,0,-1,,63,0,false,80
64,10,rejected,0,mature,108,18,16,0,-1,,63,0,false,80
64,10,rejected,0,mature,109,18,16,0,-1,,63,0,false,80
64,10,rejected,0,mature,110,18,16,0,-1,,63,0,false,80
64,10,rejected,0,mature,111,18,16,0,-1,,63,0,false,80
64,10,rejected,0,mature,112,18,16,0,-1,,63,0,false,80
64,10,rejected,0,mature,113,18,16,0,-1,,63,0,false,80
64,10,rejected,0,mature,114,18,16,0,-1,,63,0,false,80
64,10,rejected,0,mature,115,18,16,0,-1,,63,0,false,80
64,10,rejected,0,mature,116,18,16,0,-1,,63,0,false,80
64,10,rejected,0,mature,117,18,16,0,-1,,63,0,false,80
64,10,rejected,0,mature,118,18,16,0,-1,,63,0,false,80
64,10,rejected,0,mature,119,18,16,0,-1,,63,0,false,80
64,10,rejected,0,mature,120,18,16,0,-1,,63,0,false,80
64,10,rejected,0,mature,121,18,16,0,-1,,63,0,false,80
64,10,rejected,0,mature,122,18,16,0,-1,,63,0,false,80
64,10,rejected,0,mature,123,18,16,0,-1,,63,0,false,80
64,10,rejected,0,mature,124,18,16,0,-1,,63,0,false,80
64,10,rejected,0,mature,125,18,16,0,-1,,63,0,false,80
64,10,rejected,0,mature,126,18,16,0,-1,,63,0,false,80
64,10,rejected,0,mature,127,18,16,0,-1,,63,0,false,80
64,10,rejected,0,mature,128,18,16,0,-1,,63,0,false,80
64,10,rejected,0,mature,129,18,16,0,-1,,63,0,false,80
64,10,rejected,0,mature,130,18,16,0,-1,,63,0,false,80
64,10,rejected,0,mature,131,18,16,0,-1,,63,0,false,80
64,10,rejected,0,mature,132,18,16,0,-1,,63,0,false,80
64,10,rejected,0,mature,133,18,16,0,-1,,63,0,false,80
64,10,rejected,0,mature,134,18,16,0,-1,,63,0,false,80
64,10,rejected,0,mature,135,18,16,0,-1,,63,0,false,80
64,10,rejected,0,mature,136,18,16,0,-1,,63,0,false,80
64,10,rejected,0,mature,137,18,16,0,-1,,63,0,false,80
64,10,rejected,0,mature,138,18,16,0,-1,,63,0,false,80
64,10,rejected,0,mature,139,18,16,0,-1,,63,0,false,80
64,10,rejected,0,mature,140,18,16,0,-1,,63,0,false,80
64,10,rejected,0,mature,141,18,16,0,-1,,63,0,false,80
64,10,rejected,0,mature,142,18,16,0,-1,,63,0,false,80
64,10,rejected,0,mature,143,18,16,0,-1,,63,0,false,80
64,10,rejected,0,mature,144,18,16,0,-1,,63,0,false,80
64,10,rejected,0,mature,145,18,16,0,-1,,63,0,false,80
64,10,rejected,0,mature,146,18,16,0,-1,,63,0,false,80
64,10,rejected,0,mature,147,18,16,0,-1,,63,0,false,80
64,10,rejected,0,mature,148,18,16,0,-1,,63,0,false,80
64,10,rejected,0,mature,149,18,16,0,-1,,63,0,false,80
64,10,rejected,0,mature,150,18,16,0,-1,,63,0,false,80
64,10,rejected,0,mature,151,18,16,0,-1,,63,0,false,80
64,10,rejected,0,mature,152,18,16,0,-1,,63,0,false,80
64,10,rejected,0,mature,153,18,16,0,-1,,63,0,false,80
64,10,rejected,0,mature,154,18,16,0,-1,,63,0,false,80
64,10,rejected,0,mature,155,18,16,0,-1,,63,0,false,80
64,10,rejected,0,mature,156,18,16,0,-1,,63,0,false,80
64,10,rejected,0,mature,157,18,16,0,-1,,63,0,false,80
64,10,rejected,0,mature,158,18,16,0,-1,,63,0,false,80
64,10,rejected,0,mature,159,18,16,0,-1,,63,0,false,80
64,10,rejected,0,mature,160,18,16,0,-1,,63,0,false,80
64,10,rejected,0,mature,161,18,16,0,-1,,63,0,false,80
64,10,rejected,0,mature,162,18,16,0,-1,,63,0,false,80
64,10,rejected,0,mature,163,18,16,0,-1,,63,0,false,80
64,10,rejected,0,mature,164,18,16,0,-1,,63,0,false,80
64,10,rejected,0,mature,165,18,16,0,-1,,63,0,false,80
64,10,rejected,0,mature,166,18,16,0,-1,,63,0,false,80
64,10,rejected,0,mature,167,18,16,0,-1,,63,0,false,80
64,10,rejected,0,mature,168,18,16,0,-1,,63,0,false,80
64,10,rejected,0,mature,169,18,16,0,-1,,63,0,false,80
64,10,rejected,0,mature,170,18,16,0,-1,,63,0,false,80
64,10,rejected,0,mature,171,18,16,0,-1,,63,0,false,80
64,10,rejected,0,mature,172,18,16,0,-1,,63,0,false,80
64,10,rejected,0,mature,173,18,16,0,-1,,63,0,false,80
64,10,rejected,0,mature,174,18,16,0,-1,,63,0,false,80
64,10,rejected,0,mature,175,18,16,0,-1,,63,0,false,80
64,10,rejected,0,mature,176,18,16,0,-1,,63,0,false,80
64,10,rejected,0,mature,177,18,16,0,-1,,63,0,false,80
64,10,rejected,0,mature,178,18,16,0,-1,,63,0,false,80
64,10,rejected,0,mature,179,18,16,0,-1,,63,0,false,80
64,10,rejected,0,mature,180,18,16,0,-1,,63,0,false,80
64,10,rejected,0,mature,181,18,16,0,-1,,63,0,false,80
64,10,rejected,0,mature,182,18,16,0,-1,,63,0,false,80
64,10,rejected,0,mature,183,18,16,0,-1,,63,0,false,80
64,10,rejected,0,mature,184,18,16,0,-1,,63,0,false,80
64,10,rejected,0,mature,185,18,16,0,-1,,63,0,false,80
64,10,rejected,0,mature,186,18,16,0,-1,,63,0,false,80
64,10,rejected,0,mature,187,18,16,0,-1,,63,0,false,80
64,10,rejected,0,mature,188,18,16,0,-1,,63,0,false,80
64,10,rejected,0,mature,189,18,16,0,-1,,63,0,false,80
64,10,rejected,0,mature,190,18,16,0,-1,,63,0,false,80
64,10,rejected,0,mature,191,18,16,0,-1,,63,0,false,80
64,10,rejected,0,mature,192,18,16,0,-1,,63,0,false,80
64,10,rejected,0,mature,193,18,16,0,-1,,63,0,false,80
64,10,rejected,0,mature,194,18,16,0,-1,,63,0,false,80
64,10,rejected,0,mature,195,18,16,0,-1,,63,0,false,80
64,10,rejected,0,mature,196,18,16,0,-1,,63,0,false,80
64,10,rejected,0,mature,197,18,16,0,-1,,63,0,false,80
64,10,rejected,0,mature,198,18,16,0,-1,,63,0,false,80
64,10,rejected,0,mature,199,18,16,0,-1,,63,0,false,80
64,10,rejected,0,mature,200,18,16,0,-1,,63,0,false,80
64,10,rejected,0,mature,201,18,16,0,-1,,63,0,false,80
64,10,rejected,0,mature,202,18,16,0,-1,,63,0,false,80
64,10,rejected,0,mature,203,18,16,0,-1,,63,0,false,80
64,10,rejected,0,mature,204,18,16,0,-1,,63,0,false,80
64,10,rejected,0,mature,205,18,16,0,-1,,63,0,false,80
64,10,rejected,0,mature,206,18,16,0,-1,,63,0,false,80
64,10,rejected,0,mature,207,18,16,0,-1,,63,0,false,80
64,10,rejected,0,mature,208,18,16,0,-1,,63,0,false,80
64,10,rejected,0,mature,209,18,16,0,-1,,63,0,false,80
64,10,rejected,0,mature,210,18,16,0,-1,,63,0,false,80
64,10,rejected,0,mature,211,18,16,0,-1,,63,0,false,80
64,10,rejected,0,mature,212,18,16,0,-1,,63,0,false,80
64,10,rejected,0,mature,213,18,16,0,-1,,63,0,false,80
64,10,rejected,0,mature,214,18,16,0,-1,,63,0,false,80
64,10,rejected,0,mature,215,18,16,0,-1,,63,0,false,80
64,10,rejected,0,mature,216,18,16,0,-1,,63,0,false,80
64,10,rejected,0,mature,217,18,16,0,-1,,63,0,false,80
64,10,rejected,0,mature,218,18,16,0,-1,,63,0,false,80
64,10,rejected,0,mature,219,18,16,0,-1,,63,0,false,80
64,10,rejected,0,mature,220,18,16,0,-1,,63,0,false,80
64,10,rejected,0,mature,221,18,16,0,-1,,63,0,false,80
64,10,rejected,0,mature,222,18,16,0,-1,,63,0,false,80
64,10,rejected,0,mature,223,18,16,0,-1,,63,0,false,80
64,10,rejected,0,mature,224,18,16,0,-1,,63,0,false,80
64,10,rejected,0,mature,225,18,16,0,-1,,63,0,false,80
64,10,rejected,0,mature,226,18,16,0,-1,,63,0,false,80
64,10,rejected,0,mature,227,18,16,0,-1,,63,0,false,80
64,10,rejected,0,mature,228,18,16,0,-1,,63,0,false,80
64,10,rejected,0,mature,229,18,16,0,-1,,63,0,false,80
64,10,rejected,0,mature,230,18,16,0,-1,,63,0,false,80
64,10,rejected,0,mature,231,18,16,0,-1,,63,0,false,80
64,10,rejected,0,mature,232,18,16,0,-1,,63,0,false,80
64,10,rejected,0,mature,233,18,16,0,-1,,63,0,false,80
64,10,rejected,0,mature,234,18,16,0,-1,,63,0,false,80
64,10,rejected,0,mature,235,18,16,0,-1,,63,0,false,80
64,10,rejected,0,mature,236,18,16,0,-1,,63,0,false,80
64,10,rejected,0,mature,237,18,16,0,-1,,63,0,false,80
64,10,rejected,0,mature,238,18,16,0,-1,,63,0,false,80
64,10,rejected,0,mature,239,18,16,0,-1,,63,0,false,80
64,10,rejected,0,mature,240,18,16,0,-1,,63,0,false,80
64,10,rejected,0,mature,241,18,16,0,-1,,63,0,false,80
64,10,rejected,0,mature,242,18,16,0,-1,,63,0,false,80
64,10,rejected,0,mature,243,18,16,0,-1,,63,0,false,80
64,10,rejected,0,mature,244,18,16,0,-1,,63,0,false,80
64,10,rejected,0,mature,245,18,16,0,-1,,63,0,false,80
64,10,rejected,0,mature,246,18,16,0,-1,,63,0,false,80
64,10,rejected,0,mature,247,18,16,0,-1,,63,0,false,80
64,10,rejected,0,mature,248,18,16,0,-1,,63,0,false,80
64,10,rejected,0,mature,249,18,16,0,-1,,63,0,false,80
64,10,rejected,0,mature,250,18,16,0,-1,,63,0,false,80
64,10,rejected,0,mature,251,18,16,0,-1,,63,0,false,80
64,10,rejected,0,mature,252,18,16,0,-1,,63,0,false,80
64,10,rejected,0,mature,253,18,16,0,-1,,63,0,false,80
64,10,rejected,0,mature,254,18,16,0,-1,,63,0,false,80
64,10,rejected,0,mature,255,18,16,0,-1,,63,0,false,80
64,10,rejected,0,mature,256,18,16,0,-1,,63,0,false,80
64,10,rejected,0,mature,257,18,16,0,-1,,63,0,false,80
64,10,rejected,0,mature,258,18,16,0,-1,,63,0,false,80
64,10,rejected,0,mature,259,18,16,0,-1,,63,0,false,80
64,10,rejected,0,mature,260,18,16,0,-1,,63,0,false,80
64,10,rejected,0,mature,261,18,16,0,-1,,63,0,false,80
64,10,rejected,0,mature,262,18,16,0,-1,,63,0,false,80
64,10,rejected,0,mature,263,18,16,0,-1,,63,0,false,80
64,10,rejected,0,mature,264,18,16,0,-1,,63,0,false,80
64,10,rejected,0,mature,265,18,16,0,-1,,63,0,false,80
64,10,rejected,0,mature,266,18,16,0,-1,,63,0,false,80
64,10,rejected,0,mature,267,18,16,0,-1,,63,0,false,80
64,10,rejected,0,mature,268,18,16,0,-1,,63,0,false,80
64,10,rejected,0,mature,269,18,16,0,-1,,63,0,false,80
64,10,rejected,0,mature,270,18,16,0,-1,,63,0,false,80
64,10,rejected,0,mature,271,18,16,0,-1,,63,0,false,80
64,10,rejected,0,mature,272,18,16,0,-1,,63,0,false,80
64,10,rejected,0,mature,273,18,16,0,-1,,63,0,false,80
64,10,rejected,0,mature,274,18,16,0,-1,,63,0,false,80
64,10,rejected,0,mature,275,18,16,0,-1,,63,0,false,80
64,10,rejected,0,mature,276,18,16,0,-1,,63,0,false,80
64,10,rejected,0,mature,277,18,16,0,-1,,63,0,false,80
64,10,rejected,0,mature,278,18,16,0,-1,,63,0,false,80
64,10,rejected,0,mature,279,18,16,0,-1,,63,0,false,80
64,10,rejected,0,mature,280,18,16,0,-1,,63,0,false,80
64,10,rejected,0,mature,281,18,16,0,-1,,63,0,false,80
64,10,rejected,0,mature,282,18,16,0,-1,,63,0,false,80
64,10,rejected,0,mature,283,18,16,0,-1,,63,0,false,80
64,10,rejected,0,mature,284,18,16,0,-1,,63,0,false,80
64,10,rejected,0,mature,285,18,16,0,-1,,63,0,false,80
64,10,rejected,0,mature,286,18,16,0,-1,,63,0,false,80
64,10,rejected,0,mature,287,18,16,0,-1,,63,0,false,80
64,10,rejected,0,mature,288,18,16,0,-1,,63,0,false,80
64,10,rejected,0,mature,289,18,16,0,-1,,63,0,false,80
64,10,rejected,0,mature,290,18,16,0,-1,,63,0,false,80
64,10,rejected,0,mature,291,18,16,0,-1,,63,0,false,80
64,10,rejected,0,mature,292,18,16,0,-1,,63,0,false,80
64,10,rejected,0,mature,293,18,16,0,-1,,63,0,false,80
64,10,rejected,0,mature,294,18,16,0,-1,,63,0,false,80
64,10,rejected,0,mature,295,18,16,0,-1,,63,0,false,80
64,10,rejected,0,mature,296,18,16,0,-1,,63,0,false,80
64,10,rejected,0,mature,297,18,16,0,-1,,63,0,false,80
64,10,rejected,0,mature,298,18,16,0,-1,,63,0,false,80
64,10,rejected,0,mature,299,18,16,0,-1,,63,0,false,80
64,10,rejected,0,mature,300,18,16,0,-1,,63,0,false,80
64,10,rejected,0,mature,301,18,16,0,-1,,63,0,false,80
64,10,rejected,0,mature,302,18,16,0,-1,,63,0,false,80
64,10,rejected,0,mature,303,18,16,0,-1,,63,0,false,80
64,10,rejected,0,mature,304,18,16,0,-1,,63,0,false,80
64,10,rejected,0,mature,305,18,16,0,-1,,63,0,false,80
64,10,rejected,0,mature,306,18,16,0,-1,,63,0,false,80
64,10,rejected,0,mature,307,18,16,0,-1,,63,0,false,80
64,10,rejected,0,mature,308,18,16,0,-1,,63,0,false,80
64,10,rejected,0,mature,309,18,16,0,-1,,63,0,false,80
64,10,rejected,0,mature,310,18,16,0,-1,,63,0,false,80
64,10,rejected,0,mature,311,18,16,0,-1,,63,0,false,80
64,10,rejected,0,mature,312,18,16,0,-1,,63,0,false,80
64,10,rejected,0,mature,313,18,16,0,-1,,63,0,false,80
64,10,rejected,0,mature,314,18,16,0,-1,,63,0,false,80
64,10,rejected,0,mature,315,18,16,0,-1,,63,0,false,80
64,10,rejected,0,mature,316,18,16,0,-1,,63,0,false,80
64,10,rejected,0,mature,317,18,16,0,-1,,63,0,false,80
64,10,rejected,0,mature,318,18,16,0,-1,,63,0,false,80
64,10,rejected,0,mature,319,18,16,0,-1,,63,0,false,80
64,10,rejected,0,mature,320,18,16,0,-1,,63,0,false,80
64,10,rejected,0,mature,321,18,16,0,-1,,63,0,false,80
64,10,rejected,0,mature,322,18,16,0,-1,,63,0,false,80
64,10,rejected,0,mature,323,18,16,0,-1,,63,0,false,80
64,10,rejected,0,mature,324,18,16,0,-1,,63,0,false,80
64,10,rejected,0,mature,325,18,16,0,-1,,63,0,false,80
64,10,rejected,0,mature,326,18,16,0,-1,,63,0,false,80
64,10,rejected,0,mature,327,18,16,0,-1,,63,0,false,80
64,10,rejected,0,mature,328,18,16,0,-1,,63,0,false,80
64,10,rejected,0,mature,329,18,16,0,-1,,63,0,false,80
64,10,rejected,0,mature,330,18,16,0,-1,,63,0,false,80
64,10,rejected,0,mature,331,18,16,0,-1,,63,0,false,80
64,10,rejected,0,mature,332,18,16,0,-1,,63,0,false,80
64,10,rejected,0,mature,333,18,16,0,-1,,63,0,false,80
64,10,rejected,0,mature,334,18,16,0,-1,,63,0,false,80
64,10,rejected,0,mature,335,18,16,0,-1,,63,0,false,80
64,10,rejected,0,mature,336,18,16,0,-1,,63,0,false,80
64,10,rejected,0,mature,337,18,16,0,-1,,63,0,false,80
64,10,rejected,0,mature,338,18,16,0,-1,,63,0,false,80
64,10,rejected,0,mature,339,18,16,0,-1,,63,0,false,80
64,10,rejected,0,mature,340,18,16,0,-1,,63,0,false,80
64,10,rejected,0,mature,341,18,16,0,-1,,63,0,false,80
64,10,rejected,0,mature,342,18,16,0,-1,,63,0,false,80
64,10,rejected,0,mature,343,18,16,0,-1,,63,0,false,80
64,10,rejected,0,mature,344,18,16,0,-1,,63,0,false,80
64,10,rejected,0,mature,345,18,16,0,-1,,63,0,false,80
64,10,rejected,0,mature,346,18,16,0,-1,,63,0,false,80
64,10,rejected,0,mature,347,18,16,0,-1,,63,0,false,80
64,10,rejected,0,mature,348,18,16,0,-1,,63,0,false,80
64,10,rejected,0,mature,349,18,16,0,-1,,63,0,false,80
64,10,rejected,0,mature,350,18,16,0,-1,,63,0,false,80
64,10,rejected,0,mature,351,18,16,0,-1,,63,0,false,80
64,10,rejected,0,mature,352,18,16,0,-1,,63,0,false,80
64,10,rejected,0,mature,353,18,16,0,-1,,63,0,false,80
64,10,rejected,0,mature,354,18,16,0,-1,,63,0,false,80
64,10,rejected,0,mature,355,18,16,0,-1,,63,0,false,80
64,10,rejected,0,mature,356,18,16,0,-1,,63,0,false,80
64,10,rejected,0,mature,357,18,16,0,-1,,63,0,false,80
64,10,rejected,0,mature,358,18,16,0,-1,,63,0,false,80
64,10,rejected,0,mature,359,18,16,0,-1,,63,0,false,80
64,10,rejected,0,mature,360,18,16,0,-1,,63,0,false,80
64,10,rejected,0,mature,361,18,16,0,-1,,63,0,false,80
64,10,rejected,0,mature,362,18,16,0,-1,,63,0,false,80
64,10,rejected,0,mature,363,18,16,0,-1,,63,0,false,80
64,10,rejected,0,mature,364,18,16,0,-1,,63,0,false,80
64,10,rejected,0,mature,365,18,16,0,-1,,63,0,false,80
64,10,rejected,0,mature,366,18,16,0,-1,,63,0,false,80
64,10,rejected,0,mature,367,18,16,0,-1,,63,0,false,80
64,10,rejected,0,mature,368,18,16,0,-1,,63,0,false,80
64,10,rejected,0,mature,369,18,16,0,-1,,63,0,false,80
64,10,rejected,0,mature,370,18,16,0,-1,,63,0,false,80
64,10,rejected,0,mature,371,18,16,0,-1,,63,0,false,80
64,10,rejected,0,mature,372,18,16,0,-1,,63,0,false,80
64,10,rejected,0,mature,373,18,16,0,-1,,63,0,false,80
64,10,rejected,0,mature,374,18,16,0,-1,,63,0,false,80
64,10,rejected,0,mature,375,18,16,0,-1,,63,0,false,80
64,10,rejected,0,mature,376,18,16,0,-1,,63,0,false,80
64,10,rejected,0,mature,377,18,16,0,-1,,63,0,false,80
64,10,rejected,0,mature,378,18,16,0,-1,,63,0,false,80
64,10,rejected,0,mature,379,18,16,0,-1,,63,0,false,80
64,10,rejected,0,mature,380,18,16,0,-1,,63,0,false,80
64,10,rejected,0,mature,381,18,16,0,-1,,63,0,false,80
64,10,rejected,0,mature,382,18,16,0,-1,,63,0,false,80
64,10,rejected,0,mature,383,18,16,0,-1,,63,0,false,80
64,10,rejected,0,mature,384,18,16,0,-1,,63,0,false,80
64,10,rejected,0,mature,385,18,16,0,-1,,63,0,false,80
64,10,rejected,0,mature,386,18,16,0,-1,,63,0,false,80
64,10,rejected,0,mature,387,18,16,0,-1,,63,0,false,80
64,10,rejected,0,mature,388,18,16,0,-1,,63,0,false,80
64,10,rejected,0,mature,389,18,16,0,-1,,63,0,false,80
64,10,rejected,0,mature,390,18,16,0,-1,,63,0,false,80
64,10,rejected,0,mature,391,18,16,0,-1,,63,0,false,80
64,10,rejected,0,mature,392,18,16,0,-1,,63,0,false,80
64,10,rejected,0,mature,393,18,16,0,-1,,63,0,false,80
64,10,rejected,0,mature,394,18,16,0,-1,,63,0,false,80
64,10,rejected,0,mature,395,18,16,0,-1,,63,0,false,80
64,10,rejected,0,mature,396,18,16,0,-1,,63,0,false,80
64,10,rejected,0,mature,397,18,16,0,-1,,63,0,false,80
64,10,rejected,0,mature,398,18,16,0,-1,,63,0,false,80
64,10,rejected,0,mature,399,18,16,0,-1,,63,0,false,80
64,10,rejected,0,mature,400,18,16,0,-1,,63,0,false,80
64,10,rejected,0,mature,401,18,16,0,-1,,63,0,false,80
64,10,rejected,0,mature,402,18,16,0,-1,,63,0,false,80
64,10,rejected,0,mature,403,18,16,0,-1,,63,0,false,80
64,10,rejected,0,mature,404,18,16,0,-1,,63,0,false,80
64,10,rejected,0,mature,405,18,16,0,-1,,63,0,false,80
64,10,rejected,0,mature,406,18,16,0,-1,,63,0,false,80
64,10,rejected,0,mature,407,18,16,0,-1,,63,0,false,80
64,10,rejected,0,mature,408,18,16,0,-1,,63,0,false,80
64,10,rejected,0,mature,409,18,16,0,-1,,63,0,false,80
64,10,rejected,0,mature,410,18,16,0,-1,,63,0,false,80
64,10,rejected,0,mature,411,18,16,0,-1,,63,0,false,80
64,10,rejected,0,mature,412,18,16,0,-1,,63,0,false,80
64,10,rejected,0,mature,413,18,16,0,-1,,63,0,false,80
64,10,rejected,0,mature,414,18,16,0,-1,,63,0,false,80
64,10,rejected,0,mature,415,18,16,0,-1,,63,0,false,80
64,10,rejected,0,mature,416,18,16,0,-1,,63,0,false,80
64,10,rejected,0,mature,417,18,16,0,-1,,63,0,false,80
64,10,rejected,0,mature,418,18,16,0,-1,,63,0,false,80
64,10,rejected,0,mature,419,18,16,0,-1,,63,0,false,80
64,10,rejected,0,mature,420,18,16,0,-1,,63,0,false,80
64,10,rejected,0,mature,421,18,16,0,-1,,63,0,false,80
64,10,rejected,0,mature,422,18,16,0,-1,,63,0,false,80
64,10,rejected,0,mature,423,18,16,0,-1,,63,0,false,80
64,10,rejected,0,mature,424,18,16,0,-1,,63,0,false,80
64,10,rejected,0,mature,425,18,16,0,-1,,63,0,false,80
64,10,rejected,0,mature,426,18,16,0,-1,,63,0,false,80
64,10,rejected,0,mature,427,18,16,0,-1,,63,0,false,80
64,10,rejected,0,mature,428,18,16,0,-1,,63,0,false,80
64,10,rejected,0,mature,429,18,16,0,-1,,63,0,false,80
64,10,rejected,0,mature,430,18,16,0,-1,,63,0,false,80
64,10,rejected,0,mature,431,18,16,0,-1,,63,0,false,80
64,10,rejected,0,mature,432,18,16,0,-1,,63,0,false,80
64,10,rejected,0,mature,433,18,16,0,-1,,63,0,false,80
64,10,rejected,0,mature,434,18,16,0,-1,,63,0,false,80
64,10,rejected,0,mature,435,18,16,0,-1,,63,0,false,80
64,10,rejected,0,mature,436,18,16,0,-1,,63,0,false,80
64,10,rejected,0,mature,437,18,16,0,-1,,63,0,false,80
64,10,rejected,0,mature,438,18,16,0,-1,,63,0,false,80
64,10,rejected,0,mature,439,18,16,0,-1,,63,0,false,80
64,10,rejected,0,mature,440,18,16,0,-1,,63,0,false,80
64,10,rejected,0,mature,441,18,16,0,-1,,63,0,false,80
64,10,rejected,0,mature,442,18,16,0,-1,,63,0,false,80
64,10,rejected,0,mature,443,18,16,0,-1,,63,0,false,80
64,10,rejected,0,mature,444,18,16,0,-1,,63,0,false,80
64,10,rejected,0,mature,445,18,16,0,-1,,63,0,false,80
64,10,rejected,0,mature,446,18,16,0,-1,,63,0,false,80
64,10,rejected,0,mature,447,18,16,0,-1,,63,0,false,80
64,10,rejected,0,mature,448,18,16,0,-1,,63,0,false,80
64,10,rejected,0,mature,449,18,16,0,-1,,63,0,false,80
64,10,rejected,0,mature,450,18,16,0,-1,,63,0,false,80
64,10,rejected,0,mature,451,18,16,0,-1,,63,0,false,80
64,10,rejected,0,mature,452,18,16,0,-1,,63,0,false,80
64,10,rejected,0,mature,453,18,16,0,-1,,63,0,false,80
64,10,rejected,0,mature,454,18,16,0,-1,,63,0,false,80
64,10,rejected,0,mature,455,18,16,0,-1,,63,0,false,80
64,10,rejected,0,mature,456,18,16,0,-1,,63,0,false,80
64,10,rejected,0,mature,457,18,16,0,-1,,63,0,false,80
64,10,rejected,0,mature,458,18,16,0,-1,,63,0,false,80
64,10,rejected,0,mature,459,18,16,0,-1,,63,0,false,80
64,10,rejected,0,mature,460,18,16,0,-1,,63,0,false,80
64,10,rejected,0,mature,461,18,16,0,-1,,63,0,false,80
64,10,rejected,0,mature,462,18,16,0,-1,,63,0,false,80
64,10,rejected,0,mature,463,18,16,0,-1,,63,0,false,80
64,10,rejected,0,mature,464,18,16,0,-1,,63,0,false,80
64,10,rejected,0,mature,465,18,16,0,-1,,63,0,false,80
64,10,rejected,0,mature,466,18,16,0,-1,,63,0,false,80
64,10,rejected,0,mature,467,18,16,0,-1,,63,0,false,80
64,10,rejected,0,mature,468,18,16,0,-1,,63,0,false,80
64,10,rejected,0,mature,469,18,16,0,-1,,63,0,false,80
64,10,rejected,0,mature,470,18,16,0,-1,,63,0,false,80
64,10,rejected,0,mature,471,18,16,0,-1,,63,0,false,80
64,10,rejected,0,mature,472,18,16,0,-1,,63,0,false,80
64,10,rejected,0,mature,473,18,16,0,-1,,63,0,false,80
64,10,rejected,0,mature,474,18,16,0,-1,,63,0,false,80
64,10,rejected,0,mature,475,18,16,0,-1,,63,0,false,80
64,10,rejected,0,mature,476,18,16,0,-1,,63,0,false,80
64,10,rejected,0,mature,477,18,16,0,-1,,63,0,false,80
64,10,rejected,0,mature,478,18,16,0,-1,,63,0,false,80
64,10,rejected,0,mature,479,18,16,0,-1,,63,0,false,80
64,10,rejected,0,mature,480,18,16,0,-1,,63,0,false,80
64,10,rejected,0,mature,481,18,16,0,-1,,63,0,false,80
64,10,rejected,0,mature,482,18,16,0,-1,,63,0,false,80
64,10,rejected,0,mature,483,18,16,0,-1,,63,0,false,80
64,10,rejected,0,mature,484,18,16,0,-1,,63,0,false,80
64,10,rejected,0,mature,485,18,16,0,-1,,63,0,false,80
64,10,rejected,0,mature,486,18,16,0,-1,,63,0,false,80
64,10,rejected,0,mature,487,18,16,0,-1,,63,0,false,80
64,10,rejected,0,mature,488,18,16,0,-1,,63,0,false,80
64,10,rejected,0,mature,489,18,16,0,-1,,63,0,false,80
64,10,rejected,0,mature,490,18,16,0,-1,,63,0,false,80
64,10,rejected,0,mature,491,18,16,0,-1,,63,0,false,80
64,10,rejected,0,mature,492,18,16,0,-1,,63,0,false,80
64,10,rejected,0,mature,493,18,16,0,-1,,63,0,false,80
64,10,rejected,0,mature,494,18,16,0,-1,,63,0,false,80
64,10,rejected,0,mature,495,18,16,0,-1,,63,0,false,80
64,10,rejected,0,mature,496,18,16,0,-1,,63,0,false,80
64,10,rejected,0,mature,497,18,16,0,-1,,63,0,false,80
64,10,rejected,0,mature,498,18,16,0,-1,,63,0,false,80
64,10,rejected,0,mature,499,18,16,0,-1,,63,0,false,80
64,10,rejected,0,mature,500,18,16,0,-1,,63,0,false,80
64,10,rejected,0,fresh,1,18,16,0,2,16,16,1,true,1
64,10,rejected,0,fresh,2,18,16,0,4,16,16,1,true,2
64,10,rejected,0,fresh,3,18,16,0,6,16,16,1,true,3
64,10,rejected,0,fresh,4,18,16,0,8,16,16,1,true,4
64,10,rejected,0,fresh,5,18,16,0,10,16,16,1,true,5
64,10,rejected,1,mature,1,19,17,0,-1,,19|19|19|19|19|19|19|19|19|19|19|19|19|19|19|19|19|19|19|19|20|21|22|23|24|25|26|27|28|29|30|31|32|33|34|35|36|37|38|39|40|41|42|43|44|45|46|47|48|49|50|51|52|53|54|55|56|57|58|59|60|61|62|63,63,false,63
64,10,rejected,1,mature,2,19,17,0,-1,,0|1|2|3|4|5|6|7|8|9|10|11|12|13|14|15|16|63,17,false,80
64,10,rejected,1,mature,3,19,17,0,-1,,63,0,false,80
64,10,rejected,1,mature,4,19,17,0,-1,,63,0,false,80
64,10,rejected,1,mature,5,19,17,0,-1,,63,0,false,80
64,10,rejected,1,mature,6,19,17,0,-1,,63,0,false,80
64,10,rejected,1,mature,7,19,17,0,-1,,63,0,false,80
64,10,rejected,1,mature,8,19,17,0,-1,,63,0,false,80
64,10,rejected,1,mature,9,19,17,0,-1,,63,0,false,80
64,10,rejected,1,mature,10,19,17,0,-1,,63,0,false,80
64,10,rejected,1,mature,11,19,17,0,-1,,63,0,false,80
64,10,rejected,1,mature,12,19,17,0,-1,,63,0,false,80
64,10,rejected,1,mature,13,19,17,0,-1,,63,0,false,80
64,10,rejected,1,mature,14,19,17,0,-1,,63,0,false,80
64,10,rejected,1,mature,15,19,17,0,-1,,63,0,false,80
64,10,rejected,1,mature,16,19,17,0,-1,,63,0,false,80
64,10,rejected,1,mature,17,19,17,0,-1,,63,0,false,80
64,10,rejected,1,mature,18,19,17,0,-1,,63,0,false,80
64,10,rejected,1,mature,19,19,17,0,-1,,63,0,false,80
64,10,rejected,1,mature,20,19,17,0,-1,,63,0,false,80
64,10,rejected,1,mature,21,19,17,0,-1,,63,0,false,80
64,10,rejected,1,mature,22,19,17,0,-1,,63,0,false,80
64,10,rejected,1,mature,23,19,17,0,-1,,63,0,false,80
64,10,rejected,1,mature,24,19,17,0,-1,,63,0,false,80
64,10,rejected,1,mature,25,19,17,0,-1,,63,0,false,80
64,10,rejected,1,mature,26,19,17,0,-1,,63,0,false,80
64,10,rejected,1,mature,27,19,17,0,-1,,63,0,false,80
64,10,rejected,1,mature,28,19,17,0,-1,,63,0,false,80
64,10,rejected,1,mature,29,19,17,0,-1,,63,0,false,80
64,10,rejected,1,mature,30,19,17,0,-1,,63,0,false,80
64,10,rejected,1,mature,31,19,17,0,-1,,63,0,false,80
64,10,rejected,1,mature,32,19,17,0,-1,,63,0,false,80
64,10,rejected,1,mature,33,19,17,0,-1,,63,0,false,80
64,10,rejected,1,mature,34,19,17,0,-1,,63,0,false,80
64,10,rejected,1,mature,35,19,17,0,-1,,63,0,false,80
64,10,rejected,1,mature,36,19,17,0,-1,,63,0,false,80
64,10,rejected,1,mature,37,19,17,0,-1,,63,0,false,80
64,10,rejected,1,mature,38,19,17,0,-1,,63,0,false,80
64,10,rejected,1,mature,39,19,17,0,-1,,63,0,false,80
64,10,rejected,1,mature,40,19,17,0,-1,,63,0,false,80
64,10,rejected,1,mature,41,19,17,0,-1,,63,0,false,80
64,10,rejected,1,mature,42,19,17,0,-1,,63,0,false,80
64,10,rejected,1,mature,43,19,17,0,-1,,63,0,false,80
64,10,rejected,1,mature,44,19,17,0,-1,,63,0,false,80
64,10,rejected,1,mature,45,19,17,0,-1,,63,0,false,80
64,10,rejected,1,mature,46,19,17,0,-1,,63,0,false,80
64,10,rejected,1,mature,47,19,17,0,-1,,63,0,false,80
64,10,rejected,1,mature,48,19,17,0,-1,,63,0,false,80
64,10,rejected,1,mature,49,19,17,0,-1,,63,0,false,80
64,10,rejected,1,mature,50,19,17,0,-1,,63,0,false,80
64,10,rejected,1,mature,51,19,17,0,-1,,63,0,false,80
64,10,rejected,1,mature,52,19,17,0,-1,,63,0,false,80
64,10,rejected,1,mature,53,19,17,0,-1,,63,0,false,80
64,10,rejected,1,mature,54,19,17,0,-1,,63,0,false,80
64,10,rejected,1,mature,55,19,17,0,-1,,63,0,false,80
64,10,rejected,1,mature,56,19,17,0,-1,,63,0,false,80
64,10,rejected,1,mature,57,19,17,0,-1,,63,0,false,80
64,10,rejected,1,mature,58,19,17,0,-1,,63,0,false,80
64,10,rejected,1,mature,59,19,17,0,-1,,63,0,false,80
64,10,rejected,1,mature,60,19,17,0,-1,,63,0,false,80
64,10,rejected,1,mature,61,19,17,0,-1,,63,0,false,80
64,10,rejected,1,mature,62,19,17,0,-1,,63,0,false,80
64,10,rejected,1,mature,63,19,17,0,-1,,63,0,false,80
64,10,rejected,1,mature,64,19,17,0,-1,,63,0,false,80
64,10,rejected,1,mature,65,19,17,0,-1,,63,0,false,80
64,10,rejected,1,mature,66,19,17,0,-1,,63,0,false,80
64,10,rejected,1,mature,67,19,17,0,-1,,63,0,false,80
64,10,rejected,1,mature,68,19,17,0,-1,,63,0,false,80
64,10,rejected,1,mature,69,19,17,0,-1,,63,0,false,80
64,10,rejected,1,mature,70,19,17,0,-1,,63,0,false,80
64,10,rejected,1,mature,71,19,17,0,-1,,63,0,false,80
64,10,rejected,1,mature,72,19,17,0,-1,,63,0,false,80
64,10,rejected,1,mature,73,19,17,0,-1,,63,0,false,80
64,10,rejected,1,mature,74,19,17,0,-1,,63,0,false,80
64,10,rejected,1,mature,75,19,17,0,-1,,63,0,false,80
64,10,rejected,1,mature,76,19,17,0,-1,,63,0,false,80
64,10,rejected,1,mature,77,19,17,0,-1,,63,0,false,80
64,10,rejected,1,mature,78,19,17,0,-1,,63,0,false,80
64,10,rejected,1,mature,79,19,17,0,-1,,63,0,false,80
64,10,rejected,1,mature,80,19,17,0,-1,,63,0,false,80
64,10,rejected,1,mature,81,19,17,0,-1,,63,0,false,80
64,10,rejected,1,mature,82,19,17,0,-1,,63,0,false,80
64,10,rejected,1,mature,83,19,17,0,-1,,63,0,false,80
64,10,rejected,1,mature,84,19,17,0,-1,,63,0,false,80
64,10,rejected,1,mature,85,19,17,0,-1,,63,0,false,80
64,10,rejected,1,mature,86,19,17,0,-1,,63,0,false,80
64,10,rejected,1,mature,87,19,17,0,-1,,63,0,false,80
64,10,rejected,1,mature,88,19,17,0,-1,,63,0,false,80
64,10,rejected,1,mature,89,19,17,0,-1,,63,0,false,80
64,10,rejected,1,mature,90,19,17,0,-1,,63,0,false,80
64,10,rejected,1,mature,91,19,17,0,-1,,63,0,false,80
64,10,rejected,1,mature,92,19,17,0,-1,,63,0,false,80
64,10,rejected,1,mature,93,19,17,0,-1,,63,0,false,80
64,10,rejected,1,mature,94,19,17,0,-1,,63,0,false,80
64,10,rejected,1,mature,95,19,17,0,-1,,63,0,false,80
64,10,rejected,1,mature,96,19,17,0,-1,,63,0,false,80
64,10,rejected,1,mature,97,19,17,0,-1,,63,0,false,80
64,10,rejected,1,mature,98,19,17,0,-1,,63,0,false,80
64,10,rejected,1,mature,99,19,17,0,-1,,63,0,false,80
64,10,rejected,1,mature,100,19,17,0,-1,,63,0,false,80
64,10,rejected,1,mature,101,19,17,0,-1,,63,0,false,80
64,10,rejected,1,mature,102,19,17,0,-1,,63,0,false,80
64,10,rejected,1,mature,103,19,17,0,-1,,63,0,false,80
64,10,rejected,1,mature,104,19,17,0,-1,,63,0,false,80
64,10,rejected,1,mature,105,19,17,0,-1,,63,0,false,80
64,10,rejected,1,mature,106,19,17,0,-1,,63,0,false,80
64,10,rejected,1,mature,107,19,17,0,-1,,63,0,false,80
64,10,rejected,1,mature,108,19,17,0,-1,,63,0,false,80
64,10,rejected,1,mature,109,19,17,0,-1,,63,0,false,80
64,10,rejected,1,mature,110,19,17,0,-1,,63,0,false,80
64,10,rejected,1,mature,111,19,17,0,-1,,63,0,false,80
64,10,rejected,1,mature,112,19,17,0,-1,,63,0,false,80
64,10,rejected,1,mature,113,19,17,0,-1,,63,0,false,80
64,10,rejected,1,mature,114,19,17,0,-1,,63,0,false,80
64,10,rejected,1,mature,115,19,17,0,-1,,63,0,false,80
64,10,rejected,1,mature,116,19,17,0,-1,,63,0,false,80
64,10,rejected,1,mature,117,19,17,0,-1,,63,0,false,80
64,10,rejected,1,mature,118,19,17,0,-1,,63,0,false,80
64,10,rejected,1,mature,119,19,17,0,-1,,63,0,false,80
64,10,rejected,1,mature,120,19,17,0,-1,,63,0,false,80
64,10,rejected,1,mature,121,19,17,0,-1,,63,0,false,80
64,10,rejected,1,mature,122,19,17,0,-1,,63,0,false,80
64,10,rejected,1,mature,123,19,17,0,-1,,63,0,false,80
64,10,rejected,1,mature,124,19,17,0,-1,,63,0,false,80
64,10,rejected,1,mature,125,19,17,0,-1,,63,0,false,80
64,10,rejected,1,mature,126,19,17,0,-1,,63,0,false,80
64,10,rejected,1,mature,127,19,17,0,-1,,63,0,false,80
64,10,rejected,1,mature,128,19,17,0,-1,,63,0,false,80
64,10,rejected,1,mature,129,19,17,0,-1,,63,0,false,80
64,10,rejected,1,mature,130,19,17,0,-1,,63,0,false,80
64,10,rejected,1,mature,131,19,17,0,-1,,63,0,false,80
64,10,rejected,1,mature,132,19,17,0,-1,,63,0,false,80
64,10,rejected,1,mature,133,19,17,0,-1,,63,0,false,80
64,10,rejected,1,mature,134,19,17,0,-1,,63,0,false,80
64,10,rejected,1,mature,135,19,17,0,-1,,63,0,false,80
64,10,rejected,1,mature,136,19,17,0,-1,,63,0,false,80
64,10,rejected,1,mature,137,19,17,0,-1,,63,0,false,80
64,10,rejected,1,mature,138,19,17,0,-1,,63,0,false,80
64,10,rejected,1,mature,139,19,17,0,-1,,63,0,false,80
64,10,rejected,1,mature,140,19,17,0,-1,,63,0,false,80
64,10,rejected,1,mature,141,19,17,0,-1,,63,0,false,80
64,10,rejected,1,mature,142,19,17,0,-1,,63,0,false,80
64,10,rejected,1,mature,143,19,17,0,-1,,63,0,false,80
64,10,rejected,1,mature,144,19,17,0,-1,,63,0,false,80
64,10,rejected,1,mature,145,19,17,0,-1,,63,0,false,80
64,10,rejected,1,mature,146,19,17,0,-1,,63,0,false,80
64,10,rejected,1,mature,147,19,17,0,-1,,63,0,false,80
64,10,rejected,1,mature,148,19,17,0,-1,,63,0,false,80
64,10,rejected,1,mature,149,19,17,0,-1,,63,0,false,80
64,10,rejected,1,mature,150,19,17,0,-1,,63,0,false,80
64,10,rejected,1,mature,151,19,17,0,-1,,63,0,false,80
64,10,rejected,1,mature,152,19,17,0,-1,,63,0,false,80
64,10,rejected,1,mature,153,19,17,0,-1,,63,0,false,80
64,10,rejected,1,mature,154,19,17,0,-1,,63,0,false,80
64,10,rejected,1,mature,155,19,17,0,-1,,63,0,false,80
64,10,rejected,1,mature,156,19,17,0,-1,,63,0,false,80
64,10,rejected,1,mature,157,19,17,0,-1,,63,0,false,80
64,10,rejected,1,mature,158,19,17,0,-1,,63,0,false,80
64,10,rejected,1,mature,159,19,17,0,-1,,63,0,false,80
64,10,rejected,1,mature,160,19,17,0,-1,,63,0,false,80
64,10,rejected,1,mature,161,19,17,0,-1,,63,0,false,80
64,10,rejected,1,mature,162,19,17,0,-1,,63,0,false,80
64,10,rejected,1,mature,163,19,17,0,-1,,63,0,false,80
64,10,rejected,1,mature,164,19,17,0,-1,,63,0,false,80
64,10,rejected,1,mature,165,19,17,0,-1,,63,0,false,80
64,10,rejected,1,mature,166,19,17,0,-1,,63,0,false,80
64,10,rejected,1,mature,167,19,17,0,-1,,63,0,false,80
64,10,rejected,1,mature,168,19,17,0,-1,,63,0,false,80
64,10,rejected,1,mature,169,19,17,0,-1,,63,0,false,80
64,10,rejected,1,mature,170,19,17,0,-1,,63,0,false,80
64,10,rejected,1,mature,171,19,17,0,-1,,63,0,false,80
64,10,rejected,1,mature,172,19,17,0,-1,,63,0,false,80
64,10,rejected,1,mature,173,19,17,0,-1,,63,0,false,80
64,10,rejected,1,mature,174,19,17,0,-1,,63,0,false,80
64,10,rejected,1,mature,175,19,17,0,-1,,63,0,false,80
64,10,rejected,1,mature,176,19,17,0,-1,,63,0,false,80
64,10,rejected,1,mature,177,19,17,0,-1,,63,0,false,80
64,10,rejected,1,mature,178,19,17,0,-1,,63,0,false,80
64,10,rejected,1,mature,179,19,17,0,-1,,63,0,false,80
64,10,rejected,1,mature,180,19,17,0,-1,,63,0,false,80
64,10,rejected,1,mature,181,19,17,0,-1,,63,0,false,80
64,10,rejected,1,mature,182,19,17,0,-1,,63,0,false,80
64,10,rejected,1,mature,183,19,17,0,-1,,63,0,false,80
64,10,rejected,1,mature,184,19,17,0,-1,,63,0,false,80
64,10,rejected,1,mature,185,19,17,0,-1,,63,0,false,80
64,10,rejected,1,mature,186,19,17,0,-1,,63,0,false,80
64,10,rejected,1,mature,187,19,17,0,-1,,63,0,false,80
64,10,rejected,1,mature,188,19,17,0,-1,,63,0,false,80
64,10,rejected,1,mature,189,19,17,0,-1,,63,0,false,80
64,10,rejected,1,mature,190,19,17,0,-1,,63,0,false,80
64,10,rejected,1,mature,191,19,17,0,-1,,63,0,false,80
64,10,rejected,1,mature,192,19,17,0,-1,,63,0,false,80
64,10,rejected,1,mature,193,19,17,0,-1,,63,0,false,80
64,10,rejected,1,mature,194,19,17,0,-1,,63,0,false,80
64,10,rejected,1,mature,195,19,17,0,-1,,63,0,false,80
64,10,rejected,1,mature,196,19,17,0,-1,,63,0,false,80
64,10,rejected,1,mature,197,19,17,0,-1,,63,0,false,80
64,10,rejected,1,mature,198,19,17,0,-1,,63,0,false,80
64,10,rejected,1,mature,199,19,17,0,-1,,63,0,false,80
64,10,rejected,1,mature,200,19,17,0,-1,,63,0,false,80
64,10,rejected,1,mature,201,19,17,0,-1,,63,0,false,80
64,10,rejected,1,mature,202,19,17,0,-1,,63,0,false,80
64,10,rejected,1,mature,203,19,17,0,-1,,63,0,false,80
64,10,rejected,1,mature,204,19,17,0,-1,,63,0,false,80
64,10,rejected,1,mature,205,19,17,0,-1,,63,0,false,80
64,10,rejected,1,mature,206,19,17,0,-1,,63,0,false,80
64,10,rejected,1,mature,207,19,17,0,-1,,63,0,false,80
64,10,rejected,1,mature,208,19,17,0,-1,,63,0,false,80
64,10,rejected,1,mature,209,19,17,0,-1,,63,0,false,80
64,10,rejected,1,mature,210,19,17,0,-1,,63,0,false,80
64,10,rejected,1,mature,211,19,17,0,-1,,63,0,false,80
64,10,rejected,1,mature,212,19,17,0,-1,,63,0,false,80
64,10,rejected,1,mature,213,19,17,0,-1,,63,0,false,80
64,10,rejected,1,mature,214,19,17,0,-1,,63,0,false,80
64,10,rejected,1,mature,215,19,17,0,-1,,63,0,false,80
64,10,rejected,1,mature,216,19,17,0,-1,,63,0,false,80
64,10,rejected,1,mature,217,19,17,0,-1,,63,0,false,80
64,10,rejected,1,mature,218,19,17,0,-1,,63,0,false,80
64,10,rejected,1,mature,219,19,17,0,-1,,63,0,false,80
64,10,rejected,1,mature,220,19,17,0,-1,,63,0,false,80
64,10,rejected,1,mature,221,19,17,0,-1,,63,0,false,80
64,10,rejected,1,mature,222,19,17,0,-1,,63,0,false,80
64,10,rejected,1,mature,223,19,17,0,-1,,63,0,false,80
64,10,rejected,1,mature,224,19,17,0,-1,,63,0,false,80
64,10,rejected,1,mature,225,19,17,0,-1,,63,0,false,80
64,10,rejected,1,mature,226,19,17,0,-1,,63,0,false,80
64,10,rejected,1,mature,227,19,17,0,-1,,63,0,false,80
64,10,rejected,1,mature,228,19,17,0,-1,,63,0,false,80
64,10,rejected,1,mature,229,19,17,0,-1,,63,0,false,80
64,10,rejected,1,mature,230,19,17,0,-1,,63,0,false,80
64,10,rejected,1,mature,231,19,17,0,-1,,63,0,false,80
64,10,rejected,1,mature,232,19,17,0,-1,,63,0,false,80
64,10,rejected,1,mature,233,19,17,0,-1,,63,0,false,80
64,10,rejected,1,mature,234,19,17,0,-1,,63,0,false,80
64,10,rejected,1,mature,235,19,17,0,-1,,63,0,false,80
64,10,rejected,1,mature,236,19,17,0,-1,,63,0,false,80
64,10,rejected,1,mature,237,19,17,0,-1,,63,0,false,80
64,10,rejected,1,mature,238,19,17,0,-1,,63,0,false,80
64,10,rejected,1,mature,239,19,17,0,-1,,63,0,false,80
64,10,rejected,1,mature,240,19,17,0,-1,,63,0,false,80
64,10,rejected,1,mature,241,19,17,0,-1,,63,0,false,80
64,10,rejected,1,mature,242,19,17,0,-1,,63,0,false,80
64,10,rejected,1,mature,243,19,17,0,-1,,63,0,false,80
64,10,rejected,1,mature,244,19,17,0,-1,,63,0,false,80
64,10,rejected,1,mature,245,19,17,0,-1,,63,0,false,80
64,10,rejected,1,mature,246,19,17,0,-1,,63,0,false,80
64,10,rejected,1,mature,247,19,17,0,-1,,63,0,false,80
64,10,rejected,1,mature,248,19,17,0,-1,,63,0,false,80
64,10,rejected,1,mature,249,19,17,0,-1,,63,0,false,80
64,10,rejected,1,mature,250,19,17,0,-1,,63,0,false,80
64,10,rejected,1,mature,251,19,17,0,-1,,63,0,false,80
64,10,rejected,1,mature,252,19,17,0,-1,,63,0,false,80
64,10,rejected,1,mature,253,19,17,0,-1,,63,0,false,80
64,10,rejected,1,mature,254,19,17,0,-1,,63,0,false,80
64,10,rejected,1,mature,255,19,17,0,-1,,63,0,false,80
64,10,rejected,1,mature,256,19,17,0,-1,,63,0,false,80
64,10,rejected,1,mature,257,19,17,0,-1,,63,0,false,80
64,10,rejected,1,mature,258,19,17,0,-1,,63,0,false,80
64,10,rejected,1,mature,259,19,17,0,-1,,63,0,false,80
64,10,rejected,1,mature,260,19,17,0,-1,,63,0,false,80
64,10,rejected,1,mature,261,19,17,0,-1,,63,0,false,80
64,10,rejected,1,mature,262,19,17,0,-1,,63,0,false,80
64,10,rejected,1,mature,263,19,17,0,-1,,63,0,false,80
64,10,rejected,1,mature,264,19,17,0,-1,,63,0,false,80
64,10,rejected,1,mature,265,19,17,0,-1,,63,0,false,80
64,10,rejected,1,mature,266,19,17,0,-1,,63,0,false,80
64,10,rejected,1,mature,267,19,17,0,-1,,63,0,false,80
64,10,rejected,1,mature,268,19,17,0,-1,,63,0,false,80
64,10,rejected,1,mature,269,19,17,0,-1,,63,0,false,80
64,10,rejected,1,mature,270,19,17,0,-1,,63,0,false,80
64,10,rejected,1,mature,271,19,17,0,-1,,63,0,false,80
64,10,rejected,1,mature,272,19,17,0,-1,,63,0,false,80
64,10,rejected,1,mature,273,19,17,0,-1,,63,0,false,80
64,10,rejected,1,mature,274,19,17,0,-1,,63,0,false,80
64,10,rejected,1,mature,275,19,17,0,-1,,63,0,false,80
64,10,rejected,1,mature,276,19,17,0,-1,,63,0,false,80
64,10,rejected,1,mature,277,19,17,0,-1,,63,0,false,80
64,10,rejected,1,mature,278,19,17,0,-1,,63,0,false,80
64,10,rejected,1,mature,279,19,17,0,-1,,63,0,false,80
64,10,rejected,1,mature,280,19,17,0,-1,,63,0,false,80
64,10,rejected,1,mature,281,19,17,0,-1,,63,0,false,80
64,10,rejected,1,mature,282,19,17,0,-1,,63,0,false,80
64,10,rejected,1,mature,283,19,17,0,-1,,63,0,false,80
64,10,rejected,1,mature,284,19,17,0,-1,,63,0,false,80
64,10,rejected,1,mature,285,19,17,0,-1,,63,0,false,80
64,10,rejected,1,mature,286,19,17,0,-1,,63,0,false,80
64,10,rejected,1,mature,287,19,17,0,-1,,63,0,false,80
64,10,rejected,1,mature,288,19,17,0,-1,,63,0,false,80
64,10,rejected,1,mature,289,19,17,0,-1,,63,0,false,80
64,10,rejected,1,mature,290,19,17,0,-1,,63,0,false,80
64,10,rejected,1,mature,291,19,17,0,-1,,63,0,false,80
64,10,rejected,1,mature,292,19,17,0,-1,,63,0,false,80
64,10,rejected,1,mature,293,19,17,0,-1,,63,0,false,80
64,10,rejected,1,mature,294,19,17,0,-1,,63,0,false,80
64,10,rejected,1,mature,295,19,17,0,-1,,63,0,false,80
64,10,rejected,1,mature,296,19,17,0,-1,,63,0,false,80
64,10,rejected,1,mature,297,19,17,0,-1,,63,0,false,80
64,10,rejected,1,mature,298,19,17,0,-1,,63,0,false,80
64,10,rejected,1,mature,299,19,17,0,-1,,63,0,false,80
64,10,rejected,1,mature,300,19,17,0,-1,,63,0,false,80
64,10,rejected,1,mature,301,19,17,0,-1,,63,0,false,80
64,10,rejected,1,mature,302,19,17,0,-1,,63,0,false,80
64,10,rejected,1,mature,303,19,17,0,-1,,63,0,false,80
64,10,rejected,1,mature,304,19,17,0,-1,,63,0,false,80
64,10,rejected,1,mature,305,19,17,0,-1,,63,0,false,80
64,10,rejected,1,mature,306,19,17,0,-1,,63,0,false,80
64,10,rejected,1,mature,307,19,17,0,-1,,63,0,false,80
64,10,rejected,1,mature,308,19,17,0,-1,,63,0,false,80
64,10,rejected,1,mature,309,19,17,0,-1,,63,0,false,80
64,10,rejected,1,mature,310,19,17,0,-1,,63,0,false,80
64,10,rejected,1,mature,311,19,17,0,-1,,63,0,false,80
64,10,rejected,1,mature,312,19,17,0,-1,,63,0,false,80
64,10,rejected,1,mature,313,19,17,0,-1,,63,0,false,80
64,10,rejected,1,mature,314,19,17,0,-1,,63,0,false,80
64,10,rejected,1,mature,315,19,17,0,-1,,63,0,false,80
64,10,rejected,1,mature,316,19,17,0,-1,,63,0,false,80
64,10,rejected,1,mature,317,19,17,0,-1,,63,0,false,80
64,10,rejected,1,mature,318,19,17,0,-1,,63,0,false,80
64,10,rejected,1,mature,319,19,17,0,-1,,63,0,false,80
64,10,rejected,1,mature,320,19,17,0,-1,,63,0,false,80
64,10,rejected,1,mature,321,19,17,0,-1,,63,0,false,80
64,10,rejected,1,mature,322,19,17,0,-1,,63,0,false,80
64,10,rejected,1,mature,323,19,17,0,-1,,63,0,false,80
64,10,rejected,1,mature,324,19,17,0,-1,,63,0,false,80
64,10,rejected,1,mature,325,19,17,0,-1,,63,0,false,80
64,10,rejected,1,mature,326,19,17,0,-1,,63,0,false,80
64,10,rejected,1,mature,327,19,17,0,-1,,63,0,false,80
64,10,rejected,1,mature,328,19,17,0,-1,,63,0,false,80
64,10,rejected,1,mature,329,19,17,0,-1,,63,0,false,80
64,10,rejected,1,mature,330,19,17,0,-1,,63,0,false,80
64,10,rejected,1,mature,331,19,17,0,-1,,63,0,false,80
64,10,rejected,1,mature,332,19,17,0,-1,,63,0,false,80
64,10,rejected,1,mature,333,19,17,0,-1,,63,0,false,80
64,10,rejected,1,mature,334,19,17,0,-1,,63,0,false,80
64,10,rejected,1,mature,335,19,17,0,-1,,63,0,false,80
64,10,rejected,1,mature,336,19,17,0,-1,,63,0,false,80
64,10,rejected,1,mature,337,19,17,0,-1,,63,0,false,80
64,10,rejected,1,mature,338,19,17,0,-1,,63,0,false,80
64,10,rejected,1,mature,339,19,17,0,-1,,63,0,false,80
64,10,rejected,1,mature,340,19,17,0,-1,,63,0,false,80
64,10,rejected,1,mature,341,19,17,0,-1,,63,0,false,80
64,10,rejected,1,mature,342,19,17,0,-1,,63,0,false,80
64,10,rejected,1,mature,343,19,17,0,-1,,63,0,false,80
64,10,rejected,1,mature,344,19,17,0,-1,,63,0,false,80
64,10,rejected,1,mature,345,19,17,0,-1,,63,0,false,80
64,10,rejected,1,mature,346,19,17,0,-1,,63,0,false,80
64,10,rejected,1,mature,347,19,17,0,-1,,63,0,false,80
64,10,rejected,1,mature,348,19,17,0,-1,,63,0,false,80
64,10,rejected,1,mature,349,19,17,0,-1,,63,0,false,80
64,10,rejected,1,mature,350,19,17,0,-1,,63,0,false,80
64,10,rejected,1,mature,351,19,17,0,-1,,63,0,false,80
64,10,rejected,1,mature,352,19,17,0,-1,,63,0,false,80
64,10,rejected,1,mature,353,19,17,0,-1,,63,0,false,80
64,10,rejected,1,mature,354,19,17,0,-1,,63,0,false,80
64,10,rejected,1,mature,355,19,17,0,-1,,63,0,false,80
64,10,rejected,1,mature,356,19,17,0,-1,,63,0,false,80
64,10,rejected,1,mature,357,19,17,0,-1,,63,0,false,80
64,10,rejected,1,mature,358,19,17,0,-1,,63,0,false,80
64,10,rejected,1,mature,359,19,17,0,-1,,63,0,false,80
64,10,rejected,1,mature,360,19,17,0,-1,,63,0,false,80
64,10,rejected,1,mature,361,19,17,0,-1,,63,0,false,80
64,10,rejected,1,mature,362,19,17,0,-1,,63,0,false,80
64,10,rejected,1,mature,363,19,17,0,-1,,63,0,false,80
64,10,rejected,1,mature,364,19,17,0,-1,,63,0,false,80
64,10,rejected,1,mature,365,19,17,0,-1,,63,0,false,80
64,10,rejected,1,mature,366,19,17,0,-1,,63,0,false,80
64,10,rejected,1,mature,367,19,17,0,-1,,63,0,false,80
64,10,rejected,1,mature,368,19,17,0,-1,,63,0,false,80
64,10,rejected,1,mature,369,19,17,0,-1,,63,0,false,80
64,10,rejected,1,mature,370,19,17,0,-1,,63,0,false,80
64,10,rejected,1,mature,371,19,17,0,-1,,63,0,false,80
64,10,rejected,1,mature,372,19,17,0,-1,,63,0,false,80
64,10,rejected,1,mature,373,19,17,0,-1,,63,0,false,80
64,10,rejected,1,mature,374,19,17,0,-1,,63,0,false,80
64,10,rejected,1,mature,375,19,17,0,-1,,63,0,false,80
64,10,rejected,1,mature,376,19,17,0,-1,,63,0,false,80
64,10,rejected,1,mature,377,19,17,0,-1,,63,0,false,80
64,10,rejected,1,mature,378,19,17,0,-1,,63,0,false,80
64,10,rejected,1,mature,379,19,17,0,-1,,63,0,false,80
64,10,rejected,1,mature,380,19,17,0,-1,,63,0,false,80
64,10,rejected,1,mature,381,19,17,0,-1,,63,0,false,80
64,10,rejected,1,mature,382,19,17,0,-1,,63,0,false,80
64,10,rejected,1,mature,383,19,17,0,-1,,63,0,false,80
64,10,rejected,1,mature,384,19,17,0,-1,,63,0,false,80
64,10,rejected,1,mature,385,19,17,0,-1,,63,0,false,80
64,10,rejected,1,mature,386,19,17,0,-1,,63,0,false,80
64,10,rejected,1,mature,387,19,17,0,-1,,63,0,false,80
64,10,rejected,1,mature,388,19,17,0,-1,,63,0,false,80
64,10,rejected,1,mature,389,19,17,0,-1,,63,0,false,80
64,10,rejected,1,mature,390,19,17,0,-1,,63,0,false,80
64,10,rejected,1,mature,391,19,17,0,-1,,63,0,false,80
64,10,rejected,1,mature,392,19,17,0,-1,,63,0,false,80
64,10,rejected,1,mature,393,19,17,0,-1,,63,0,false,80
64,10,rejected,1,mature,394,19,17,0,-1,,63,0,false,80
64,10,rejected,1,mature,395,19,17,0,-1,,63,0,false,80
64,10,rejected,1,mature,396,19,17,0,-1,,63,0,false,80
64,10,rejected,1,mature,397,19,17,0,-1,,63,0,false,80
64,10,rejected,1,mature,398,19,17,0,-1,,63,0,false,80
64,10,rejected,1,mature,399,19,17,0,-1,,63,0,false,80
64,10,rejected,1,mature,400,19,17,0,-1,,63,0,false,80
64,10,rejected,1,mature,401,19,17,0,-1,,63,0,false,80
64,10,rejected,1,mature,402,19,17,0,-1,,63,0,false,80
64,10,rejected,1,mature,403,19,17,0,-1,,63,0,false,80
64,10,rejected,1,mature,404,19,17,0,-1,,63,0,false,80
64,10,rejected,1,mature,405,19,17,0,-1,,63,0,false,80
64,10,rejected,1,mature,406,19,17,0,-1,,63,0,false,80
64,10,rejected,1,mature,407,19,17,0,-1,,63,0,false,80
64,10,rejected,1,mature,408,19,17,0,-1,,63,0,false,80
64,10,rejected,1,mature,409,19,17,0,-1,,63,0,false,80
64,10,rejected,1,mature,410,19,17,0,-1,,63,0,false,80
64,10,rejected,1,mature,411,19,17,0,-1,,63,0,false,80
64,10,rejected,1,mature,412,19,17,0,-1,,63,0,false,80
64,10,rejected,1,mature,413,19,17,0,-1,,63,0,false,80
64,10,rejected,1,mature,414,19,17,0,-1,,63,0,false,80
64,10,rejected,1,mature,415,19,17,0,-1,,63,0,false,80
64,10,rejected,1,mature,416,19,17,0,-1,,63,0,false,80
64,10,rejected,1,mature,417,19,17,0,-1,,63,0,false,80
64,10,rejected,1,mature,418,19,17,0,-1,,63,0,false,80
64,10,rejected,1,mature,419,19,17,0,-1,,63,0,false,80
64,10,rejected,1,mature,420,19,17,0,-1,,63,0,false,80
64,10,rejected,1,mature,421,19,17,0,-1,,63,0,false,80
64,10,rejected,1,mature,422,19,17,0,-1,,63,0,false,80
64,10,rejected,1,mature,423,19,17,0,-1,,63,0,false,80
64,10,rejected,1,mature,424,19,17,0,-1,,63,0,false,80
64,10,rejected,1,mature,425,19,17,0,-1,,63,0,false,80
64,10,rejected,1,mature,426,19,17,0,-1,,63,0,false,80
64,10,rejected,1,mature,427,19,17,0,-1,,63,0,false,80
64,10,rejected,1,mature,428,19,17,0,-1,,63,0,false,80
64,10,rejected,1,mature,429,19,17,0,-1,,63,0,false,80
64,10,rejected,1,mature,430,19,17,0,-1,,63,0,false,80
64,10,rejected,1,mature,431,19,17,0,-1,,63,0,false,80
64,10,rejected,1,mature,432,19,17,0,-1,,63,0,false,80
64,10,rejected,1,mature,433,19,17,0,-1,,63,0,false,80
64,10,rejected,1,mature,434,19,17,0,-1,,63,0,false,80
64,10,rejected,1,mature,435,19,17,0,-1,,63,0,false,80
64,10,rejected,1,mature,436,19,17,0,-1,,63,0,false,80
64,10,rejected,1,mature,437,19,17,0,-1,,63,0,false,80
64,10,rejected,1,mature,438,19,17,0,-1,,63,0,false,80
64,10,rejected,1,mature,439,19,17,0,-1,,63,0,false,80
64,10,rejected,1,mature,440,19,17,0,-1,,63,0,false,80
64,10,rejected,1,mature,441,19,17,0,-1,,63,0,false,80
64,10,rejected,1,mature,442,19,17,0,-1,,63,0,false,80
64,10,rejected,1,mature,443,19,17,0,-1,,63,0,false,80
64,10,rejected,1,mature,444,19,17,0,-1,,63,0,false,80
64,10,rejected,1,mature,445,19,17,0,-1,,63,0,false,80
64,10,rejected,1,mature,446,19,17,0,-1,,63,0,false,80
64,10,rejected,1,mature,447,19,17,0,-1,,63,0,false,80
64,10,rejected,1,mature,448,19,17,0,-1,,63,0,false,80
64,10,rejected,1,mature,449,19,17,0,-1,,63,0,false,80
64,10,rejected,1,mature,450,19,17,0,-1,,63,0,false,80
64,10,rejected,1,mature,451,19,17,0,-1,,63,0,false,80
64,10,rejected,1,mature,452,19,17,0,-1,,63,0,false,80
64,10,rejected,1,mature,453,19,17,0,-1,,63,0,false,80
64,10,rejected,1,mature,454,19,17,0,-1,,63,0,false,80
64,10,rejected,1,mature,455,19,17,0,-1,,63,0,false,80
64,10,rejected,1,mature,456,19,17,0,-1,,63,0,false,80
64,10,rejected,1,mature,457,19,17,0,-1,,63,0,false,80
64,10,rejected,1,mature,458,19,17,0,-1,,63,0,false,80
64,10,rejected,1,mature,459,19,17,0,-1,,63,0,false,80
64,10,rejected,1,mature,460,19,17,0,-1,,63,0,false,80
64,10,rejected,1,mature,461,19,17,0,-1,,63,0,false,80
64,10,rejected,1,mature,462,19,17,0,-1,,63,0,false,80
64,10,rejected,1,mature,463,19,17,0,-1,,63,0,false,80
64,10,rejected,1,mature,464,19,17,0,-1,,63,0,false,80
64,10,rejected,1,mature,465,19,17,0,-1,,63,0,false,80
64,10,rejected,1,mature,466,19,17,0,-1,,63,0,false,80
64,10,rejected,1,mature,467,19,17,0,-1,,63,0,false,80
64,10,rejected,1,mature,468,19,17,0,-1,,63,0,false,80
64,10,rejected,1,mature,469,19,17,0,-1,,63,0,false,80
64,10,rejected,1,mature,470,19,17,0,-1,,63,0,false,80
64,10,rejected,1,mature,471,19,17,0,-1,,63,0,false,80
64,10,rejected,1,mature,472,19,17,0,-1,,63,0,false,80
64,10,rejected,1,mature,473,19,17,0,-1,,63,0,false,80
64,10,rejected,1,mature,474,19,17,0,-1,,63,0,false,80
64,10,rejected,1,mature,475,19,17,0,-1,,63,0,false,80
64,10,rejected,1,mature,476,19,17,0,-1,,63,0,false,80
64,10,rejected,1,mature,477,19,17,0,-1,,63,0,false,80
64,10,rejected,1,mature,478,19,17,0,-1,,63,0,false,80
64,10,rejected,1,mature,479,19,17,0,-1,,63,0,false,80
64,10,rejected,1,mature,480,19,17,0,-1,,63,0,false,80
64,10,rejected,1,mature,481,19,17,0,-1,,63,0,false,80
64,10,rejected,1,mature,482,19,17,0,-1,,63,0,false,80
64,10,rejected,1,mature,483,19,17,0,-1,,63,0,false,80
64,10,rejected,1,mature,484,19,17,0,-1,,63,0,false,80
64,10,rejected,1,mature,485,19,17,0,-1,,63,0,false,80
64,10,rejected,1,mature,486,19,17,0,-1,,63,0,false,80
64,10,rejected,1,mature,487,19,17,0,-1,,63,0,false,80
64,10,rejected,1,mature,488,19,17,0,-1,,63,0,false,80
64,10,rejected,1,mature,489,19,17,0,-1,,63,0,false,80
64,10,rejected,1,mature,490,19,17,0,-1,,63,0,false,80
64,10,rejected,1,mature,491,19,17,0,-1,,63,0,false,80
64,10,rejected,1,mature,492,19,17,0,-1,,63,0,false,80
64,10,rejected,1,mature,493,19,17,0,-1,,63,0,false,80
64,10,rejected,1,mature,494,19,17,0,-1,,63,0,false,80
64,10,rejected,1,mature,495,19,17,0,-1,,63,0,false,80
64,10,rejected,1,mature,496,19,17,0,-1,,63,0,false,80
64,10,rejected,1,mature,497,19,17,0,-1,,63,0,false,80
64,10,rejected,1,mature,498,19,17,0,-1,,63,0,false,80
64,10,rejected,1,mature,499,19,17,0,-1,,63,0,false,80
64,10,rejected,1,mature,500,19,17,0,-1,,63,0,false,80
64,10,rejected,1,fresh,1,19,17,0,2,17,17,1,true,1
64,10,rejected,1,fresh,2,19,17,0,4,17,17,1,true,2
64,10,rejected,1,fresh,3,19,17,0,6,17,17,1,true,3
64,10,rejected,1,fresh,4,19,17,0,8,17,17,1,true,4
64,10,rejected,1,fresh,5,19,17,0,10,17,17,1,true,5
64,50,untried,0,mature,1,18,15,36,0,18,18|18|18|18|18|18|18|18|18|18|18|18|18|18|18|18|18|18|18|18|18|18|18|18|18|18|18|18|18|18|18|18|18|18|18|18|18|18|18|18|18|18|18|18|18|18|18|18|18|18|18|18|18|18|18|18|18|18|18|18|18|18|18|18,64,false,64
64,50,untried,0,mature,2,18,15,0,0,,18|18|18|18|18|18|18|18|18|18|18|18|18|18|18|18|18|18|18|18|18|18|18|18|18|18|18|18|18|18|18|18|18|18|18|18|19|20|21|22|23|24|25|26|27|28|29|30|31|32|33|34|35|36|37|38|39|40|41|42|43|44|45|46,64,false,128
64,50,untried,0,mature,3,18,15,0,0,,47|48|49|50|51|52|53|54|55|56|57|58|59|60|61|62|63,16,false,144
64,50,untried,0,mature,4,18,15,0,2,15,0|1|2|3|4|5|6|7|8|9|10|11|12|13|14|15,16,true,160
64,50,untried,0,mature,5,18,15,0,4,15,15,1,true,161
64,50,untried,0,mature,6,18,15,0,6,15,15,1,true,162
64,50,untried,0,mature,7,18,15,0,8,15,15,1,true,163
64,50,untried,0,mature,8,18,15,0,10,15,15,1,true,164
64,50,untried,0,mature,9,18,15,0,12,15,15,1,true,165
64,50,untried,0,fresh,1,18,15,-1,0,,16|17|18|19|20|21|22|23|24|25|26|27|28|29|30|31|32|33|34|35|36|37|38|39|40|41|42|43|44|45|46|47|48|49|50|51|52|53|54|55|56|57|58|59|60|61|62|63,47,false,47
64,50,untried,0,fresh,2,18,15,-1,2,15,0|1|2|3|4|5|6|7|8|9|10|11|12|13|14|15,16,true,63
64,50,untried,0,fresh,3,18,15,-1,4,15,15,1,true,64
64,50,untried,0,fresh,4,18,15,-1,6,15,15,1,true,65
64,50,untried,0,fresh,5,18,15,-1,8,15,15,1,true,66
64,50,untried,0,fresh,6,18,15,-1,10,15,15,1,true,67
64,50,untried,0,fresh,7,18,15,-1,12,15,15,1,true,68
64,50,untried,1,mature,1,19,16,36,0,19,19|19|19|19|19|19|19|19|19|19|19|19|19|19|19|19|19|19|19|19|19|19|19|19|19|19|19|19|19|19|19|19|19|19|19|19|19|19|19|19|19|19|19|19|19|19|19|19|19|19|19|19|19|19|19|19|19|19|19|19|19|19|19|19,64,false,64
64,50,untried,1,mature,2,19,16,0,0,,19|19|19|19|19|19|19|19|19|19|19|19|19|19|19|19|19|19|19|19|19|19|19|19|19|19|19|19|19|19|19|19|19|19|19|19|20|21|22|23|24|25|26|27|28|29|30|31|32|33|34|35|36|37|38|39|40|41|42|43|44|45|46|47,64,false,128
64,50,untried,1,mature,3,19,16,0,0,,48|49|50|51|52|53|54|55|56|57|58|59|60|61|62|63,15,false,143
64,50,untried,1,mature,4,19,16,0,2,16,0|1|2|3|4|5|6|7|8|9|10|11|12|13|14|15|16,17,true,160
64,50,untried,1,mature,5,19,16,0,4,16,16,1,true,161
64,50,untried,1,mature,6,19,16,0,6,16,16,1,true,162
64,50,untried,1,mature,7,19,16,0,8,16,16,1,true,163
64,50,untried,1,mature,8,19,16,0,10,16,16,1,true,164
64,50,untried,1,mature,9,19,16,0,12,16,16,1,true,165
64,50,untried,1,fresh,1,19,16,-1,0,,17|18|19|20|21|22|23|24|25|26|27|28|29|30|31|32|33|34|35|36|37|38|39|40|41|42|43|44|45|46|47|48|49|50|51|52|53|54|55|56|57|58|59|60|61|62|63,46,false,46
64,50,untried,1,fresh,2,19,16,-1,2,16,0|1|2|3|4|5|6|7|8|9|10|11|12|13|14|15|16,17,true,63
64,50,untried,1,fresh,3,19,16,-1,4,16,16,1,true,64
64,50,untried,1,fresh,4,19,16,-1,6,16,16,1,true,65
64,50,untried,1,fresh,5,19,16,-1,8,16,16,1,true,66
64,50,untried,1,fresh,6,19,16,-1,10,16,16,1,true,67
64,50,untried,1,fresh,7,19,16,-1,12,16,16,1,true,68
64,50,rejected,0,mature,1,18,16,36,-1,18,18|18|18|18|18|18|18|18|18|18|18|18|18|18|18|18|18|18|18|18|18|18|18|18|18|18|18|18|18|18|18|18|18|18|18|18|18|18|18|18|18|18|18|18|18|18|18|18|18|18|18|18|18|18|18|18|18|18|18|18|18|18|18|18,64,false,64
64,50,rejected,0,mature,2,18,16,0,-1,,18|18|18|18|18|18|18|18|18|18|18|18|18|18|18|18|18|18|18|18|18|18|18|18|18|18|18|18|18|18|18|18|18|18|18|18|19|20|21|22|23|24|25|26|27|28|29|30|31|32|33|34|35|36|37|38|39|40|41|42|43|44|45|46,64,false,128
64,50,rejected,0,mature,3,18,16,0,-1,,47|48|49|50|51|52|53|54|55|56|57|58|59|60|61|62|63,16,false,144
64,50,rejected,0,mature,4,18,16,0,-1,,0|1|2|3|4|5|6|7|8|9|10|11|12|13|14|15|63,16,false,160
64,50,rejected,0,mature,5,18,16,0,-1,,63,0,false,160
64,50,rejected,0,mature,6,18,16,0,-1,,63,0,false,160
64,50,rejected,0,mature,7,18,16,0,-1,,63,0,false,160
64,50,rejected,0,mature,8,18,16,0,-1,,63,0,false,160
64,50,rejected,0,mature,9,18,16,0,-1,,63,0,false,160
64,50,rejected,0,mature,10,18,16,0,-1,,63,0,false,160
64,50,rejected,0,mature,11,18,16,0,-1,,63,0,false,160
64,50,rejected,0,mature,12,18,16,0,-1,,63,0,false,160
64,50,rejected,0,mature,13,18,16,0,-1,,63,0,false,160
64,50,rejected,0,mature,14,18,16,0,-1,,63,0,false,160
64,50,rejected,0,mature,15,18,16,0,-1,,63,0,false,160
64,50,rejected,0,mature,16,18,16,0,-1,,63,0,false,160
64,50,rejected,0,mature,17,18,16,0,-1,,63,0,false,160
64,50,rejected,0,mature,18,18,16,0,-1,,63,0,false,160
64,50,rejected,0,mature,19,18,16,0,-1,,63,0,false,160
64,50,rejected,0,mature,20,18,16,0,-1,,63,0,false,160
64,50,rejected,0,mature,21,18,16,0,-1,,63,0,false,160
64,50,rejected,0,mature,22,18,16,0,-1,,63,0,false,160
64,50,rejected,0,mature,23,18,16,0,-1,,63,0,false,160
64,50,rejected,0,mature,24,18,16,0,-1,,63,0,false,160
64,50,rejected,0,mature,25,18,16,0,-1,,63,0,false,160
64,50,rejected,0,mature,26,18,16,0,-1,,63,0,false,160
64,50,rejected,0,mature,27,18,16,0,-1,,63,0,false,160
64,50,rejected,0,mature,28,18,16,0,-1,,63,0,false,160
64,50,rejected,0,mature,29,18,16,0,-1,,63,0,false,160
64,50,rejected,0,mature,30,18,16,0,-1,,63,0,false,160
64,50,rejected,0,mature,31,18,16,0,-1,,63,0,false,160
64,50,rejected,0,mature,32,18,16,0,-1,,63,0,false,160
64,50,rejected,0,mature,33,18,16,0,-1,,63,0,false,160
64,50,rejected,0,mature,34,18,16,0,-1,,63,0,false,160
64,50,rejected,0,mature,35,18,16,0,-1,,63,0,false,160
64,50,rejected,0,mature,36,18,16,0,-1,,63,0,false,160
64,50,rejected,0,mature,37,18,16,0,-1,,63,0,false,160
64,50,rejected,0,mature,38,18,16,0,-1,,63,0,false,160
64,50,rejected,0,mature,39,18,16,0,-1,,63,0,false,160
64,50,rejected,0,mature,40,18,16,0,-1,,63,0,false,160
64,50,rejected,0,mature,41,18,16,0,-1,,63,0,false,160
64,50,rejected,0,mature,42,18,16,0,-1,,63,0,false,160
64,50,rejected,0,mature,43,18,16,0,-1,,63,0,false,160
64,50,rejected,0,mature,44,18,16,0,-1,,63,0,false,160
64,50,rejected,0,mature,45,18,16,0,-1,,63,0,false,160
64,50,rejected,0,mature,46,18,16,0,-1,,63,0,false,160
64,50,rejected,0,mature,47,18,16,0,-1,,63,0,false,160
64,50,rejected,0,mature,48,18,16,0,-1,,63,0,false,160
64,50,rejected,0,mature,49,18,16,0,-1,,63,0,false,160
64,50,rejected,0,mature,50,18,16,0,-1,,63,0,false,160
64,50,rejected,0,mature,51,18,16,0,-1,,63,0,false,160
64,50,rejected,0,mature,52,18,16,0,-1,,63,0,false,160
64,50,rejected,0,mature,53,18,16,0,-1,,63,0,false,160
64,50,rejected,0,mature,54,18,16,0,-1,,63,0,false,160
64,50,rejected,0,mature,55,18,16,0,-1,,63,0,false,160
64,50,rejected,0,mature,56,18,16,0,-1,,63,0,false,160
64,50,rejected,0,mature,57,18,16,0,-1,,63,0,false,160
64,50,rejected,0,mature,58,18,16,0,-1,,63,0,false,160
64,50,rejected,0,mature,59,18,16,0,-1,,63,0,false,160
64,50,rejected,0,mature,60,18,16,0,-1,,63,0,false,160
64,50,rejected,0,mature,61,18,16,0,-1,,63,0,false,160
64,50,rejected,0,mature,62,18,16,0,-1,,63,0,false,160
64,50,rejected,0,mature,63,18,16,0,-1,,63,0,false,160
64,50,rejected,0,mature,64,18,16,0,-1,,63,0,false,160
64,50,rejected,0,mature,65,18,16,0,-1,,63,0,false,160
64,50,rejected,0,mature,66,18,16,0,-1,,63,0,false,160
64,50,rejected,0,mature,67,18,16,0,-1,,63,0,false,160
64,50,rejected,0,mature,68,18,16,0,-1,,63,0,false,160
64,50,rejected,0,mature,69,18,16,0,-1,,63,0,false,160
64,50,rejected,0,mature,70,18,16,0,-1,,63,0,false,160
64,50,rejected,0,mature,71,18,16,0,-1,,63,0,false,160
64,50,rejected,0,mature,72,18,16,0,-1,,63,0,false,160
64,50,rejected,0,mature,73,18,16,0,-1,,63,0,false,160
64,50,rejected,0,mature,74,18,16,0,-1,,63,0,false,160
64,50,rejected,0,mature,75,18,16,0,-1,,63,0,false,160
64,50,rejected,0,mature,76,18,16,0,-1,,63,0,false,160
64,50,rejected,0,mature,77,18,16,0,-1,,63,0,false,160
64,50,rejected,0,mature,78,18,16,0,-1,,63,0,false,160
64,50,rejected,0,mature,79,18,16,0,-1,,63,0,false,160
64,50,rejected,0,mature,80,18,16,0,-1,,63,0,false,160
64,50,rejected,0,mature,81,18,16,0,-1,,63,0,false,160
64,50,rejected,0,mature,82,18,16,0,-1,,63,0,false,160
64,50,rejected,0,mature,83,18,16,0,-1,,63,0,false,160
64,50,rejected,0,mature,84,18,16,0,-1,,63,0,false,160
64,50,rejected,0,mature,85,18,16,0,-1,,63,0,false,160
64,50,rejected,0,mature,86,18,16,0,-1,,63,0,false,160
64,50,rejected,0,mature,87,18,16,0,-1,,63,0,false,160
64,50,rejected,0,mature,88,18,16,0,-1,,63,0,false,160
64,50,rejected,0,mature,89,18,16,0,-1,,63,0,false,160
64,50,rejected,0,mature,90,18,16,0,-1,,63,0,false,160
64,50,rejected,0,mature,91,18,16,0,-1,,63,0,false,160
64,50,rejected,0,mature,92,18,16,0,-1,,63,0,false,160
64,50,rejected,0,mature,93,18,16,0,-1,,63,0,false,160
64,50,rejected,0,mature,94,18,16,0,-1,,63,0,false,160
64,50,rejected,0,mature,95,18,16,0,-1,,63,0,false,160
64,50,rejected,0,mature,96,18,16,0,-1,,63,0,false,160
64,50,rejected,0,mature,97,18,16,0,-1,,63,0,false,160
64,50,rejected,0,mature,98,18,16,0,-1,,63,0,false,160
64,50,rejected,0,mature,99,18,16,0,-1,,63,0,false,160
64,50,rejected,0,mature,100,18,16,0,-1,,63,0,false,160
64,50,rejected,0,mature,101,18,16,0,-1,,63,0,false,160
64,50,rejected,0,mature,102,18,16,0,-1,,63,0,false,160
64,50,rejected,0,mature,103,18,16,0,-1,,63,0,false,160
64,50,rejected,0,mature,104,18,16,0,-1,,63,0,false,160
64,50,rejected,0,mature,105,18,16,0,-1,,63,0,false,160
64,50,rejected,0,mature,106,18,16,0,-1,,63,0,false,160
64,50,rejected,0,mature,107,18,16,0,-1,,63,0,false,160
64,50,rejected,0,mature,108,18,16,0,-1,,63,0,false,160
64,50,rejected,0,mature,109,18,16,0,-1,,63,0,false,160
64,50,rejected,0,mature,110,18,16,0,-1,,63,0,false,160
64,50,rejected,0,mature,111,18,16,0,-1,,63,0,false,160
64,50,rejected,0,mature,112,18,16,0,-1,,63,0,false,160
64,50,rejected,0,mature,113,18,16,0,-1,,63,0,false,160
64,50,rejected,0,mature,114,18,16,0,-1,,63,0,false,160
64,50,rejected,0,mature,115,18,16,0,-1,,63,0,false,160
64,50,rejected,0,mature,116,18,16,0,-1,,63,0,false,160
64,50,rejected,0,mature,117,18,16,0,-1,,63,0,false,160
64,50,rejected,0,mature,118,18,16,0,-1,,63,0,false,160
64,50,rejected,0,mature,119,18,16,0,-1,,63,0,false,160
64,50,rejected,0,mature,120,18,16,0,-1,,63,0,false,160
64,50,rejected,0,mature,121,18,16,0,-1,,63,0,false,160
64,50,rejected,0,mature,122,18,16,0,-1,,63,0,false,160
64,50,rejected,0,mature,123,18,16,0,-1,,63,0,false,160
64,50,rejected,0,mature,124,18,16,0,-1,,63,0,false,160
64,50,rejected,0,mature,125,18,16,0,-1,,63,0,false,160
64,50,rejected,0,mature,126,18,16,0,-1,,63,0,false,160
64,50,rejected,0,mature,127,18,16,0,-1,,63,0,false,160
64,50,rejected,0,mature,128,18,16,0,-1,,63,0,false,160
64,50,rejected,0,mature,129,18,16,0,-1,,63,0,false,160
64,50,rejected,0,mature,130,18,16,0,-1,,63,0,false,160
64,50,rejected,0,mature,131,18,16,0,-1,,63,0,false,160
64,50,rejected,0,mature,132,18,16,0,-1,,63,0,false,160
64,50,rejected,0,mature,133,18,16,0,-1,,63,0,false,160
64,50,rejected,0,mature,134,18,16,0,-1,,63,0,false,160
64,50,rejected,0,mature,135,18,16,0,-1,,63,0,false,160
64,50,rejected,0,mature,136,18,16,0,-1,,63,0,false,160
64,50,rejected,0,mature,137,18,16,0,-1,,63,0,false,160
64,50,rejected,0,mature,138,18,16,0,-1,,63,0,false,160
64,50,rejected,0,mature,139,18,16,0,-1,,63,0,false,160
64,50,rejected,0,mature,140,18,16,0,-1,,63,0,false,160
64,50,rejected,0,mature,141,18,16,0,-1,,63,0,false,160
64,50,rejected,0,mature,142,18,16,0,-1,,63,0,false,160
64,50,rejected,0,mature,143,18,16,0,-1,,63,0,false,160
64,50,rejected,0,mature,144,18,16,0,-1,,63,0,false,160
64,50,rejected,0,mature,145,18,16,0,-1,,63,0,false,160
64,50,rejected,0,mature,146,18,16,0,-1,,63,0,false,160
64,50,rejected,0,mature,147,18,16,0,-1,,63,0,false,160
64,50,rejected,0,mature,148,18,16,0,-1,,63,0,false,160
64,50,rejected,0,mature,149,18,16,0,-1,,63,0,false,160
64,50,rejected,0,mature,150,18,16,0,-1,,63,0,false,160
64,50,rejected,0,mature,151,18,16,0,-1,,63,0,false,160
64,50,rejected,0,mature,152,18,16,0,-1,,63,0,false,160
64,50,rejected,0,mature,153,18,16,0,-1,,63,0,false,160
64,50,rejected,0,mature,154,18,16,0,-1,,63,0,false,160
64,50,rejected,0,mature,155,18,16,0,-1,,63,0,false,160
64,50,rejected,0,mature,156,18,16,0,-1,,63,0,false,160
64,50,rejected,0,mature,157,18,16,0,-1,,63,0,false,160
64,50,rejected,0,mature,158,18,16,0,-1,,63,0,false,160
64,50,rejected,0,mature,159,18,16,0,-1,,63,0,false,160
64,50,rejected,0,mature,160,18,16,0,-1,,63,0,false,160
64,50,rejected,0,mature,161,18,16,0,-1,,63,0,false,160
64,50,rejected,0,mature,162,18,16,0,-1,,63,0,false,160
64,50,rejected,0,mature,163,18,16,0,-1,,63,0,false,160
64,50,rejected,0,mature,164,18,16,0,-1,,63,0,false,160
64,50,rejected,0,mature,165,18,16,0,-1,,63,0,false,160
64,50,rejected,0,mature,166,18,16,0,-1,,63,0,false,160
64,50,rejected,0,mature,167,18,16,0,-1,,63,0,false,160
64,50,rejected,0,mature,168,18,16,0,-1,,63,0,false,160
64,50,rejected,0,mature,169,18,16,0,-1,,63,0,false,160
64,50,rejected,0,mature,170,18,16,0,-1,,63,0,false,160
64,50,rejected,0,mature,171,18,16,0,-1,,63,0,false,160
64,50,rejected,0,mature,172,18,16,0,-1,,63,0,false,160
64,50,rejected,0,mature,173,18,16,0,-1,,63,0,false,160
64,50,rejected,0,mature,174,18,16,0,-1,,63,0,false,160
64,50,rejected,0,mature,175,18,16,0,-1,,63,0,false,160
64,50,rejected,0,mature,176,18,16,0,-1,,63,0,false,160
64,50,rejected,0,mature,177,18,16,0,-1,,63,0,false,160
64,50,rejected,0,mature,178,18,16,0,-1,,63,0,false,160
64,50,rejected,0,mature,179,18,16,0,-1,,63,0,false,160
64,50,rejected,0,mature,180,18,16,0,-1,,63,0,false,160
64,50,rejected,0,mature,181,18,16,0,-1,,63,0,false,160
64,50,rejected,0,mature,182,18,16,0,-1,,63,0,false,160
64,50,rejected,0,mature,183,18,16,0,-1,,63,0,false,160
64,50,rejected,0,mature,184,18,16,0,-1,,63,0,false,160
64,50,rejected,0,mature,185,18,16,0,-1,,63,0,false,160
64,50,rejected,0,mature,186,18,16,0,-1,,63,0,false,160
64,50,rejected,0,mature,187,18,16,0,-1,,63,0,false,160
64,50,rejected,0,mature,188,18,16,0,-1,,63,0,false,160
64,50,rejected,0,mature,189,18,16,0,-1,,63,0,false,160
64,50,rejected,0,mature,190,18,16,0,-1,,63,0,false,160
64,50,rejected,0,mature,191,18,16,0,-1,,63,0,false,160
64,50,rejected,0,mature,192,18,16,0,-1,,63,0,false,160
64,50,rejected,0,mature,193,18,16,0,-1,,63,0,false,160
64,50,rejected,0,mature,194,18,16,0,-1,,63,0,false,160
64,50,rejected,0,mature,195,18,16,0,-1,,63,0,false,160
64,50,rejected,0,mature,196,18,16,0,-1,,63,0,false,160
64,50,rejected,0,mature,197,18,16,0,-1,,63,0,false,160
64,50,rejected,0,mature,198,18,16,0,-1,,63,0,false,160
64,50,rejected,0,mature,199,18,16,0,-1,,63,0,false,160
64,50,rejected,0,mature,200,18,16,0,-1,,63,0,false,160
64,50,rejected,0,mature,201,18,16,0,-1,,63,0,false,160
64,50,rejected,0,mature,202,18,16,0,-1,,63,0,false,160
64,50,rejected,0,mature,203,18,16,0,-1,,63,0,false,160
64,50,rejected,0,mature,204,18,16,0,-1,,63,0,false,160
64,50,rejected,0,mature,205,18,16,0,-1,,63,0,false,160
64,50,rejected,0,mature,206,18,16,0,-1,,63,0,false,160
64,50,rejected,0,mature,207,18,16,0,-1,,63,0,false,160
64,50,rejected,0,mature,208,18,16,0,-1,,63,0,false,160
64,50,rejected,0,mature,209,18,16,0,-1,,63,0,false,160
64,50,rejected,0,mature,210,18,16,0,-1,,63,0,false,160
64,50,rejected,0,mature,211,18,16,0,-1,,63,0,false,160
64,50,rejected,0,mature,212,18,16,0,-1,,63,0,false,160
64,50,rejected,0,mature,213,18,16,0,-1,,63,0,false,160
64,50,rejected,0,mature,214,18,16,0,-1,,63,0,false,160
64,50,rejected,0,mature,215,18,16,0,-1,,63,0,false,160
64,50,rejected,0,mature,216,18,16,0,-1,,63,0,false,160
64,50,rejected,0,mature,217,18,16,0,-1,,63,0,false,160
64,50,rejected,0,mature,218,18,16,0,-1,,63,0,false,160
64,50,rejected,0,mature,219,18,16,0,-1,,63,0,false,160
64,50,rejected,0,mature,220,18,16,0,-1,,63,0,false,160
64,50,rejected,0,mature,221,18,16,0,-1,,63,0,false,160
64,50,rejected,0,mature,222,18,16,0,-1,,63,0,false,160
64,50,rejected,0,mature,223,18,16,0,-1,,63,0,false,160
64,50,rejected,0,mature,224,18,16,0,-1,,63,0,false,160
64,50,rejected,0,mature,225,18,16,0,-1,,63,0,false,160
64,50,rejected,0,mature,226,18,16,0,-1,,63,0,false,160
64,50,rejected,0,mature,227,18,16,0,-1,,63,0,false,160
64,50,rejected,0,mature,228,18,16,0,-1,,63,0,false,160
64,50,rejected,0,mature,229,18,16,0,-1,,63,0,false,160
64,50,rejected,0,mature,230,18,16,0,-1,,63,0,false,160
64,50,rejected,0,mature,231,18,16,0,-1,,63,0,false,160
64,50,rejected,0,mature,232,18,16,0,-1,,63,0,false,160
64,50,rejected,0,mature,233,18,16,0,-1,,63,0,false,160
64,50,rejected,0,mature,234,18,16,0,-1,,63,0,false,160
64,50,rejected,0,mature,235,18,16,0,-1,,63,0,false,160
64,50,rejected,0,mature,236,18,16,0,-1,,63,0,false,160
64,50,rejected,0,mature,237,18,16,0,-1,,63,0,false,160
64,50,rejected,0,mature,238,18,16,0,-1,,63,0,false,160
64,50,rejected,0,mature,239,18,16,0,-1,,63,0,false,160
64,50,rejected,0,mature,240,18,16,0,-1,,63,0,false,160
64,50,rejected,0,mature,241,18,16,0,-1,,63,0,false,160
64,50,rejected,0,mature,242,18,16,0,-1,,63,0,false,160
64,50,rejected,0,mature,243,18,16,0,-1,,63,0,false,160
64,50,rejected,0,mature,244,18,16,0,-1,,63,0,false,160
64,50,rejected,0,mature,245,18,16,0,-1,,63,0,false,160
64,50,rejected,0,mature,246,18,16,0,-1,,63,0,false,160
64,50,rejected,0,mature,247,18,16,0,-1,,63,0,false,160
64,50,rejected,0,mature,248,18,16,0,-1,,63,0,false,160
64,50,rejected,0,mature,249,18,16,0,-1,,63,0,false,160
64,50,rejected,0,mature,250,18,16,0,-1,,63,0,false,160
64,50,rejected,0,mature,251,18,16,0,-1,,63,0,false,160
64,50,rejected,0,mature,252,18,16,0,-1,,63,0,false,160
64,50,rejected,0,mature,253,18,16,0,-1,,63,0,false,160
64,50,rejected,0,mature,254,18,16,0,-1,,63,0,false,160
64,50,rejected,0,mature,255,18,16,0,-1,,63,0,false,160
64,50,rejected,0,mature,256,18,16,0,-1,,63,0,false,160
64,50,rejected,0,mature,257,18,16,0,-1,,63,0,false,160
64,50,rejected,0,mature,258,18,16,0,-1,,63,0,false,160
64,50,rejected,0,mature,259,18,16,0,-1,,63,0,false,160
64,50,rejected,0,mature,260,18,16,0,-1,,63,0,false,160
64,50,rejected,0,mature,261,18,16,0,-1,,63,0,false,160
64,50,rejected,0,mature,262,18,16,0,-1,,63,0,false,160
64,50,rejected,0,mature,263,18,16,0,-1,,63,0,false,160
64,50,rejected,0,mature,264,18,16,0,-1,,63,0,false,160
64,50,rejected,0,mature,265,18,16,0,-1,,63,0,false,160
64,50,rejected,0,mature,266,18,16,0,-1,,63,0,false,160
64,50,rejected,0,mature,267,18,16,0,-1,,63,0,false,160
64,50,rejected,0,mature,268,18,16,0,-1,,63,0,false,160
64,50,rejected,0,mature,269,18,16,0,-1,,63,0,false,160
64,50,rejected,0,mature,270,18,16,0,-1,,63,0,false,160
64,50,rejected,0,mature,271,18,16,0,-1,,63,0,false,160
64,50,rejected,0,mature,272,18,16,0,-1,,63,0,false,160
64,50,rejected,0,mature,273,18,16,0,-1,,63,0,false,160
64,50,rejected,0,mature,274,18,16,0,-1,,63,0,false,160
64,50,rejected,0,mature,275,18,16,0,-1,,63,0,false,160
64,50,rejected,0,mature,276,18,16,0,-1,,63,0,false,160
64,50,rejected,0,mature,277,18,16,0,-1,,63,0,false,160
64,50,rejected,0,mature,278,18,16,0,-1,,63,0,false,160
64,50,rejected,0,mature,279,18,16,0,-1,,63,0,false,160
64,50,rejected,0,mature,280,18,16,0,-1,,63,0,false,160
64,50,rejected,0,mature,281,18,16,0,-1,,63,0,false,160
64,50,rejected,0,mature,282,18,16,0,-1,,63,0,false,160
64,50,rejected,0,mature,283,18,16,0,-1,,63,0,false,160
64,50,rejected,0,mature,284,18,16,0,-1,,63,0,false,160
64,50,rejected,0,mature,285,18,16,0,-1,,63,0,false,160
64,50,rejected,0,mature,286,18,16,0,-1,,63,0,false,160
64,50,rejected,0,mature,287,18,16,0,-1,,63,0,false,160
64,50,rejected,0,mature,288,18,16,0,-1,,63,0,false,160
64,50,rejected,0,mature,289,18,16,0,-1,,63,0,false,160
64,50,rejected,0,mature,290,18,16,0,-1,,63,0,false,160
64,50,rejected,0,mature,291,18,16,0,-1,,63,0,false,160
64,50,rejected,0,mature,292,18,16,0,-1,,63,0,false,160
64,50,rejected,0,mature,293,18,16,0,-1,,63,0,false,160
64,50,rejected,0,mature,294,18,16,0,-1,,63,0,false,160
64,50,rejected,0,mature,295,18,16,0,-1,,63,0,false,160
64,50,rejected,0,mature,296,18,16,0,-1,,63,0,false,160
64,50,rejected,0,mature,297,18,16,0,-1,,63,0,false,160
64,50,rejected,0,mature,298,18,16,0,-1,,63,0,false,160
64,50,rejected,0,mature,299,18,16,0,-1,,63,0,false,160
64,50,rejected,0,mature,300,18,16,0,-1,,63,0,false,160
64,50,rejected,0,mature,301,18,16,0,-1,,63,0,false,160
64,50,rejected,0,mature,302,18,16,0,-1,,63,0,false,160
64,50,rejected,0,mature,303,18,16,0,-1,,63,0,false,160
64,50,rejected,0,mature,304,18,16,0,-1,,63,0,false,160
64,50,rejected,0,mature,305,18,16,0,-1,,63,0,false,160
64,50,rejected,0,mature,306,18,16,0,-1,,63,0,false,160
64,50,rejected,0,mature,307,18,16,0,-1,,63,0,false,160
64,50,rejected,0,mature,308,18,16,0,-1,,63,0,false,160
64,50,rejected,0,mature,309,18,16,0,-1,,63,0,false,160
64,50,rejected,0,mature,310,18,16,0,-1,,63,0,false,160
64,50,rejected,0,mature,311,18,16,0,-1,,63,0,false,160
64,50,rejected,0,mature,312,18,16,0,-1,,63,0,false,160
64,50,rejected,0,mature,313,18,16,0,-1,,63,0,false,160
64,50,rejected,0,mature,314,18,16,0,-1,,63,0,false,160
64,50,rejected,0,mature,315,18,16,0,-1,,63,0,false,160
64,50,rejected,0,mature,316,18,16,0,-1,,63,0,false,160
64,50,rejected,0,mature,317,18,16,0,-1,,63,0,false,160
64,50,rejected,0,mature,318,18,16,0,-1,,63,0,false,160
64,50,rejected,0,mature,319,18,16,0,-1,,63,0,false,160
64,50,rejected,0,mature,320,18,16,0,-1,,63,0,false,160
64,50,rejected,0,mature,321,18,16,0,-1,,63,0,false,160
64,50,rejected,0,mature,322,18,16,0,-1,,63,0,false,160
64,50,rejected,0,mature,323,18,16,0,-1,,63,0,false,160
64,50,rejected,0,mature,324,18,16,0,-1,,63,0,false,160
64,50,rejected,0,mature,325,18,16,0,-1,,63,0,false,160
64,50,rejected,0,mature,326,18,16,0,-1,,63,0,false,160
64,50,rejected,0,mature,327,18,16,0,-1,,63,0,false,160
64,50,rejected,0,mature,328,18,16,0,-1,,63,0,false,160
64,50,rejected,0,mature,329,18,16,0,-1,,63,0,false,160
64,50,rejected,0,mature,330,18,16,0,-1,,63,0,false,160
64,50,rejected,0,mature,331,18,16,0,-1,,63,0,false,160
64,50,rejected,0,mature,332,18,16,0,-1,,63,0,false,160
64,50,rejected,0,mature,333,18,16,0,-1,,63,0,false,160
64,50,rejected,0,mature,334,18,16,0,-1,,63,0,false,160
64,50,rejected,0,mature,335,18,16,0,-1,,63,0,false,160
64,50,rejected,0,mature,336,18,16,0,-1,,63,0,false,160
64,50,rejected,0,mature,337,18,16,0,-1,,63,0,false,160
64,50,rejected,0,mature,338,18,16,0,-1,,63,0,false,160
64,50,rejected,0,mature,339,18,16,0,-1,,63,0,false,160
64,50,rejected,0,mature,340,18,16,0,-1,,63,0,false,160
64,50,rejected,0,mature,341,18,16,0,-1,,63,0,false,160
64,50,rejected,0,mature,342,18,16,0,-1,,63,0,false,160
64,50,rejected,0,mature,343,18,16,0,-1,,63,0,false,160
64,50,rejected,0,mature,344,18,16,0,-1,,63,0,false,160
64,50,rejected,0,mature,345,18,16,0,-1,,63,0,false,160
64,50,rejected,0,mature,346,18,16,0,-1,,63,0,false,160
64,50,rejected,0,mature,347,18,16,0,-1,,63,0,false,160
64,50,rejected,0,mature,348,18,16,0,-1,,63,0,false,160
64,50,rejected,0,mature,349,18,16,0,-1,,63,0,false,160
64,50,rejected,0,mature,350,18,16,0,-1,,63,0,false,160
64,50,rejected,0,mature,351,18,16,0,-1,,63,0,false,160
64,50,rejected,0,mature,352,18,16,0,-1,,63,0,false,160
64,50,rejected,0,mature,353,18,16,0,-1,,63,0,false,160
64,50,rejected,0,mature,354,18,16,0,-1,,63,0,false,160
64,50,rejected,0,mature,355,18,16,0,-1,,63,0,false,160
64,50,rejected,0,mature,356,18,16,0,-1,,63,0,false,160
64,50,rejected,0,mature,357,18,16,0,-1,,63,0,false,160
64,50,rejected,0,mature,358,18,16,0,-1,,63,0,false,160
64,50,rejected,0,mature,359,18,16,0,-1,,63,0,false,160
64,50,rejected,0,mature,360,18,16,0,-1,,63,0,false,160
64,50,rejected,0,mature,361,18,16,0,-1,,63,0,false,160
64,50,rejected,0,mature,362,18,16,0,-1,,63,0,false,160
64,50,rejected,0,mature,363,18,16,0,-1,,63,0,false,160
64,50,rejected,0,mature,364,18,16,0,-1,,63,0,false,160
64,50,rejected,0,mature,365,18,16,0,-1,,63,0,false,160
64,50,rejected,0,mature,366,18,16,0,-1,,63,0,false,160
64,50,rejected,0,mature,367,18,16,0,-1,,63,0,false,160
64,50,rejected,0,mature,368,18,16,0,-1,,63,0,false,160
64,50,rejected,0,mature,369,18,16,0,-1,,63,0,false,160
64,50,rejected,0,mature,370,18,16,0,-1,,63,0,false,160
64,50,rejected,0,mature,371,18,16,0,-1,,63,0,false,160
64,50,rejected,0,mature,372,18,16,0,-1,,63,0,false,160
64,50,rejected,0,mature,373,18,16,0,-1,,63,0,false,160
64,50,rejected,0,mature,374,18,16,0,-1,,63,0,false,160
64,50,rejected,0,mature,375,18,16,0,-1,,63,0,false,160
64,50,rejected,0,mature,376,18,16,0,-1,,63,0,false,160
64,50,rejected,0,mature,377,18,16,0,-1,,63,0,false,160
64,50,rejected,0,mature,378,18,16,0,-1,,63,0,false,160
64,50,rejected,0,mature,379,18,16,0,-1,,63,0,false,160
64,50,rejected,0,mature,380,18,16,0,-1,,63,0,false,160
64,50,rejected,0,mature,381,18,16,0,-1,,63,0,false,160
64,50,rejected,0,mature,382,18,16,0,-1,,63,0,false,160
64,50,rejected,0,mature,383,18,16,0,-1,,63,0,false,160
64,50,rejected,0,mature,384,18,16,0,-1,,63,0,false,160
64,50,rejected,0,mature,385,18,16,0,-1,,63,0,false,160
64,50,rejected,0,mature,386,18,16,0,-1,,63,0,false,160
64,50,rejected,0,mature,387,18,16,0,-1,,63,0,false,160
64,50,rejected,0,mature,388,18,16,0,-1,,63,0,false,160
64,50,rejected,0,mature,389,18,16,0,-1,,63,0,false,160
64,50,rejected,0,mature,390,18,16,0,-1,,63,0,false,160
64,50,rejected,0,mature,391,18,16,0,-1,,63,0,false,160
64,50,rejected,0,mature,392,18,16,0,-1,,63,0,false,160
64,50,rejected,0,mature,393,18,16,0,-1,,63,0,false,160
64,50,rejected,0,mature,394,18,16,0,-1,,63,0,false,160
64,50,rejected,0,mature,395,18,16,0,-1,,63,0,false,160
64,50,rejected,0,mature,396,18,16,0,-1,,63,0,false,160
64,50,rejected,0,mature,397,18,16,0,-1,,63,0,false,160
64,50,rejected,0,mature,398,18,16,0,-1,,63,0,false,160
64,50,rejected,0,mature,399,18,16,0,-1,,63,0,false,160
64,50,rejected,0,mature,400,18,16,0,-1,,63,0,false,160
64,50,rejected,0,mature,401,18,16,0,-1,,63,0,false,160
64,50,rejected,0,mature,402,18,16,0,-1,,63,0,false,160
64,50,rejected,0,mature,403,18,16,0,-1,,63,0,false,160
64,50,rejected,0,mature,404,18,16,0,-1,,63,0,false,160
64,50,rejected,0,mature,405,18,16,0,-1,,63,0,false,160
64,50,rejected,0,mature,406,18,16,0,-1,,63,0,false,160
64,50,rejected,0,mature,407,18,16,0,-1,,63,0,false,160
64,50,rejected,0,mature,408,18,16,0,-1,,63,0,false,160
64,50,rejected,0,mature,409,18,16,0,-1,,63,0,false,160
64,50,rejected,0,mature,410,18,16,0,-1,,63,0,false,160
64,50,rejected,0,mature,411,18,16,0,-1,,63,0,false,160
64,50,rejected,0,mature,412,18,16,0,-1,,63,0,false,160
64,50,rejected,0,mature,413,18,16,0,-1,,63,0,false,160
64,50,rejected,0,mature,414,18,16,0,-1,,63,0,false,160
64,50,rejected,0,mature,415,18,16,0,-1,,63,0,false,160
64,50,rejected,0,mature,416,18,16,0,-1,,63,0,false,160
64,50,rejected,0,mature,417,18,16,0,-1,,63,0,false,160
64,50,rejected,0,mature,418,18,16,0,-1,,63,0,false,160
64,50,rejected,0,mature,419,18,16,0,-1,,63,0,false,160
64,50,rejected,0,mature,420,18,16,0,-1,,63,0,false,160
64,50,rejected,0,mature,421,18,16,0,-1,,63,0,false,160
64,50,rejected,0,mature,422,18,16,0,-1,,63,0,false,160
64,50,rejected,0,mature,423,18,16,0,-1,,63,0,false,160
64,50,rejected,0,mature,424,18,16,0,-1,,63,0,false,160
64,50,rejected,0,mature,425,18,16,0,-1,,63,0,false,160
64,50,rejected,0,mature,426,18,16,0,-1,,63,0,false,160
64,50,rejected,0,mature,427,18,16,0,-1,,63,0,false,160
64,50,rejected,0,mature,428,18,16,0,-1,,63,0,false,160
64,50,rejected,0,mature,429,18,16,0,-1,,63,0,false,160
64,50,rejected,0,mature,430,18,16,0,-1,,63,0,false,160
64,50,rejected,0,mature,431,18,16,0,-1,,63,0,false,160
64,50,rejected,0,mature,432,18,16,0,-1,,63,0,false,160
64,50,rejected,0,mature,433,18,16,0,-1,,63,0,false,160
64,50,rejected,0,mature,434,18,16,0,-1,,63,0,false,160
64,50,rejected,0,mature,435,18,16,0,-1,,63,0,false,160
64,50,rejected,0,mature,436,18,16,0,-1,,63,0,false,160
64,50,rejected,0,mature,437,18,16,0,-1,,63,0,false,160
64,50,rejected,0,mature,438,18,16,0,-1,,63,0,false,160
64,50,rejected,0,mature,439,18,16,0,-1,,63,0,false,160
64,50,rejected,0,mature,440,18,16,0,-1,,63,0,false,160
64,50,rejected,0,mature,441,18,16,0,-1,,63,0,false,160
64,50,rejected,0,mature,442,18,16,0,-1,,63,0,false,160
64,50,rejected,0,mature,443,18,16,0,-1,,63,0,false,160
64,50,rejected,0,mature,444,18,16,0,-1,,63,0,false,160
64,50,rejected,0,mature,445,18,16,0,-1,,63,0,false,160
64,50,rejected,0,mature,446,18,16,0,-1,,63,0,false,160
64,50,rejected,0,mature,447,18,16,0,-1,,63,0,false,160
64,50,rejected,0,mature,448,18,16,0,-1,,63,0,false,160
64,50,rejected,0,mature,449,18,16,0,-1,,63,0,false,160
64,50,rejected,0,mature,450,18,16,0,-1,,63,0,false,160
64,50,rejected,0,mature,451,18,16,0,-1,,63,0,false,160
64,50,rejected,0,mature,452,18,16,0,-1,,63,0,false,160
64,50,rejected,0,mature,453,18,16,0,-1,,63,0,false,160
64,50,rejected,0,mature,454,18,16,0,-1,,63,0,false,160
64,50,rejected,0,mature,455,18,16,0,-1,,63,0,false,160
64,50,rejected,0,mature,456,18,16,0,-1,,63,0,false,160
64,50,rejected,0,mature,457,18,16,0,-1,,63,0,false,160
64,50,rejected,0,mature,458,18,16,0,-1,,63,0,false,160
64,50,rejected,0,mature,459,18,16,0,-1,,63,0,false,160
64,50,rejected,0,mature,460,18,16,0,-1,,63,0,false,160
64,50,rejected,0,mature,461,18,16,0,-1,,63,0,false,160
64,50,rejected,0,mature,462,18,16,0,-1,,63,0,false,160
64,50,rejected,0,mature,463,18,16,0,-1,,63,0,false,160
64,50,rejected,0,mature,464,18,16,0,-1,,63,0,false,160
64,50,rejected,0,mature,465,18,16,0,-1,,63,0,false,160
64,50,rejected,0,mature,466,18,16,0,-1,,63,0,false,160
64,50,rejected,0,mature,467,18,16,0,-1,,63,0,false,160
64,50,rejected,0,mature,468,18,16,0,-1,,63,0,false,160
64,50,rejected,0,mature,469,18,16,0,-1,,63,0,false,160
64,50,rejected,0,mature,470,18,16,0,-1,,63,0,false,160
64,50,rejected,0,mature,471,18,16,0,-1,,63,0,false,160
64,50,rejected,0,mature,472,18,16,0,-1,,63,0,false,160
64,50,rejected,0,mature,473,18,16,0,-1,,63,0,false,160
64,50,rejected,0,mature,474,18,16,0,-1,,63,0,false,160
64,50,rejected,0,mature,475,18,16,0,-1,,63,0,false,160
64,50,rejected,0,mature,476,18,16,0,-1,,63,0,false,160
64,50,rejected,0,mature,477,18,16,0,-1,,63,0,false,160
64,50,rejected,0,mature,478,18,16,0,-1,,63,0,false,160
64,50,rejected,0,mature,479,18,16,0,-1,,63,0,false,160
64,50,rejected,0,mature,480,18,16,0,-1,,63,0,false,160
64,50,rejected,0,mature,481,18,16,0,-1,,63,0,false,160
64,50,rejected,0,mature,482,18,16,0,-1,,63,0,false,160
64,50,rejected,0,mature,483,18,16,0,-1,,63,0,false,160
64,50,rejected,0,mature,484,18,16,0,-1,,63,0,false,160
64,50,rejected,0,mature,485,18,16,0,-1,,63,0,false,160
64,50,rejected,0,mature,486,18,16,0,-1,,63,0,false,160
64,50,rejected,0,mature,487,18,16,0,-1,,63,0,false,160
64,50,rejected,0,mature,488,18,16,0,-1,,63,0,false,160
64,50,rejected,0,mature,489,18,16,0,-1,,63,0,false,160
64,50,rejected,0,mature,490,18,16,0,-1,,63,0,false,160
64,50,rejected,0,mature,491,18,16,0,-1,,63,0,false,160
64,50,rejected,0,mature,492,18,16,0,-1,,63,0,false,160
64,50,rejected,0,mature,493,18,16,0,-1,,63,0,false,160
64,50,rejected,0,mature,494,18,16,0,-1,,63,0,false,160
64,50,rejected,0,mature,495,18,16,0,-1,,63,0,false,160
64,50,rejected,0,mature,496,18,16,0,-1,,63,0,false,160
64,50,rejected,0,mature,497,18,16,0,-1,,63,0,false,160
64,50,rejected,0,mature,498,18,16,0,-1,,63,0,false,160
64,50,rejected,0,mature,499,18,16,0,-1,,63,0,false,160
64,50,rejected,0,mature,500,18,16,0,-1,,63,0,false,160
64,50,rejected,0,fresh,1,18,16,0,2,16,16,1,true,1
64,50,rejected,0,fresh,2,18,16,0,4,16,16,1,true,2
64,50,rejected,0,fresh,3,18,16,0,6,16,16,1,true,3
64,50,rejected,0,fresh,4,18,16,0,8,16,16,1,true,4
64,50,rejected,0,fresh,5,18,16,0,10,16,16,1,true,5
64,50,rejected,1,mature,1,19,17,36,-1,19,19|19|19|19|19|19|19|19|19|19|19|19|19|19|19|19|19|19|19|19|19|19|19|19|19|19|19|19|19|19|19|19|19|19|19|19|19|19|19|19|19|19|19|19|19|19|19|19|19|19|19|19|19|19|19|19|19|19|19|19|19|19|19|19,64,false,64
64,50,rejected,1,mature,2,19,17,0,-1,,19|19|19|19|19|19|19|19|19|19|19|19|19|19|19|19|19|19|19|19|19|19|19|19|19|19|19|19|19|19|19|19|19|19|19|19|20|21|22|23|24|25|26|27|28|29|30|31|32|33|34|35|36|37|38|39|40|41|42|43|44|45|46|47,64,false,128
64,50,rejected,1,mature,3,19,17,0,-1,,48|49|50|51|52|53|54|55|56|57|58|59|60|61|62|63,15,false,143
64,50,rejected,1,mature,4,19,17,0,-1,,0|1|2|3|4|5|6|7|8|9|10|11|12|13|14|15|16|63,17,false,160
64,50,rejected,1,mature,5,19,17,0,-1,,63,0,false,160
64,50,rejected,1,mature,6,19,17,0,-1,,63,0,false,160
64,50,rejected,1,mature,7,19,17,0,-1,,63,0,false,160
64,50,rejected,1,mature,8,19,17,0,-1,,63,0,false,160
64,50,rejected,1,mature,9,19,17,0,-1,,63,0,false,160
64,50,rejected,1,mature,10,19,17,0,-1,,63,0,false,160
64,50,rejected,1,mature,11,19,17,0,-1,,63,0,false,160
64,50,rejected,1,mature,12,19,17,0,-1,,63,0,false,160
64,50,rejected,1,mature,13,19,17,0,-1,,63,0,false,160
64,50,rejected,1,mature,14,19,17,0,-1,,63,0,false,160
64,50,rejected,1,mature,15,19,17,0,-1,,63,0,false,160
64,50,rejected,1,mature,16,19,17,0,-1,,63,0,false,160
64,50,rejected,1,mature,17,19,17,0,-1,,63,0,false,160
64,50,rejected,1,mature,18,19,17,0,-1,,63,0,false,160
64,50,rejected,1,mature,19,19,17,0,-1,,63,0,false,160
64,50,rejected,1,mature,20,19,17,0,-1,,63,0,false,160
64,50,rejected,1,mature,21,19,17,0,-1,,63,0,false,160
64,50,rejected,1,mature,22,19,17,0,-1,,63,0,false,160
64,50,rejected,1,mature,23,19,17,0,-1,,63,0,false,160
64,50,rejected,1,mature,24,19,17,0,-1,,63,0,false,160
64,50,rejected,1,mature,25,19,17,0,-1,,63,0,false,160
64,50,rejected,1,mature,26,19,17,0,-1,,63,0,false,160
64,50,rejected,1,mature,27,19,17,0,-1,,63,0,false,160
64,50,rejected,1,mature,28,19,17,0,-1,,63,0,false,160
64,50,rejected,1,mature,29,19,17,0,-1,,63,0,false,160
64,50,rejected,1,mature,30,19,17,0,-1,,63,0,false,160
64,50,rejected,1,mature,31,19,17,0,-1,,63,0,false,160
64,50,rejected,1,mature,32,19,17,0,-1,,63,0,false,160
64,50,rejected,1,mature,33,19,17,0,-1,,63,0,false,160
64,50,rejected,1,mature,34,19,17,0,-1,,63,0,false,160
64,50,rejected,1,mature,35,19,17,0,-1,,63,0,false,160
64,50,rejected,1,mature,36,19,17,0,-1,,63,0,false,160
64,50,rejected,1,mature,37,19,17,0,-1,,63,0,false,160
64,50,rejected,1,mature,38,19,17,0,-1,,63,0,false,160
64,50,rejected,1,mature,39,19,17,0,-1,,63,0,false,160
64,50,rejected,1,mature,40,19,17,0,-1,,63,0,false,160
64,50,rejected,1,mature,41,19,17,0,-1,,63,0,false,160
64,50,rejected,1,mature,42,19,17,0,-1,,63,0,false,160
64,50,rejected,1,mature,43,19,17,0,-1,,63,0,false,160
64,50,rejected,1,mature,44,19,17,0,-1,,63,0,false,160
64,50,rejected,1,mature,45,19,17,0,-1,,63,0,false,160
64,50,rejected,1,mature,46,19,17,0,-1,,63,0,false,160
64,50,rejected,1,mature,47,19,17,0,-1,,63,0,false,160
64,50,rejected,1,mature,48,19,17,0,-1,,63,0,false,160
64,50,rejected,1,mature,49,19,17,0,-1,,63,0,false,160
64,50,rejected,1,mature,50,19,17,0,-1,,63,0,false,160
64,50,rejected,1,mature,51,19,17,0,-1,,63,0,false,160
64,50,rejected,1,mature,52,19,17,0,-1,,63,0,false,160
64,50,rejected,1,mature,53,19,17,0,-1,,63,0,false,160
64,50,rejected,1,mature,54,19,17,0,-1,,63,0,false,160
64,50,rejected,1,mature,55,19,17,0,-1,,63,0,false,160
64,50,rejected,1,mature,56,19,17,0,-1,,63,0,false,160
64,50,rejected,1,mature,57,19,17,0,-1,,63,0,false,160
64,50,rejected,1,mature,58,19,17,0,-1,,63,0,false,160
64,50,rejected,1,mature,59,19,17,0,-1,,63,0,false,160
64,50,rejected,1,mature,60,19,17,0,-1,,63,0,false,160
64,50,rejected,1,mature,61,19,17,0,-1,,63,0,false,160
64,50,rejected,1,mature,62,19,17,0,-1,,63,0,false,160
64,50,rejected,1,mature,63,19,17,0,-1,,63,0,false,160
64,50,rejected,1,mature,64,19,17,0,-1,,63,0,false,160
64,50,rejected,1,mature,65,19,17,0,-1,,63,0,false,160
64,50,rejected,1,mature,66,19,17,0,-1,,63,0,false,160
64,50,rejected,1,mature,67,19,17,0,-1,,63,0,false,160
64,50,rejected,1,mature,68,19,17,0,-1,,63,0,false,160
64,50,rejected,1,mature,69,19,17,0,-1,,63,0,false,160
64,50,rejected,1,mature,70,19,17,0,-1,,63,0,false,160
64,50,rejected,1,mature,71,19,17,0,-1,,63,0,false,160
64,50,rejected,1,mature,72,19,17,0,-1,,63,0,false,160
64,50,rejected,1,mature,73,19,17,0,-1,,63,0,false,160
64,50,rejected,1,mature,74,19,17,0,-1,,63,0,false,160
64,50,rejected,1,mature,75,19,17,0,-1,,63,0,false,160
64,50,rejected,1,mature,76,19,17,0,-1,,63,0,false,160
64,50,rejected,1,mature,77,19,17,0,-1,,63,0,false,160
64,50,rejected,1,mature,78,19,17,0,-1,,63,0,false,160
64,50,rejected,1,mature,79,19,17,0,-1,,63,0,false,160
64,50,rejected,1,mature,80,19,17,0,-1,,63,0,false,160
64,50,rejected,1,mature,81,19,17,0,-1,,63,0,false,160
64,50,rejected,1,mature,82,19,17,0,-1,,63,0,false,160
64,50,rejected,1,mature,83,19,17,0,-1,,63,0,false,160
64,50,rejected,1,mature,84,19,17,0,-1,,63,0,false,160
64,50,rejected,1,mature,85,19,17,0,-1,,63,0,false,160
64,50,rejected,1,mature,86,19,17,0,-1,,63,0,false,160
64,50,rejected,1,mature,87,19,17,0,-1,,63,0,false,160
64,50,rejected,1,mature,88,19,17,0,-1,,63,0,false,160
64,50,rejected,1,mature,89,19,17,0,-1,,63,0,false,160
64,50,rejected,1,mature,90,19,17,0,-1,,63,0,false,160
64,50,rejected,1,mature,91,19,17,0,-1,,63,0,false,160
64,50,rejected,1,mature,92,19,17,0,-1,,63,0,false,160
64,50,rejected,1,mature,93,19,17,0,-1,,63,0,false,160
64,50,rejected,1,mature,94,19,17,0,-1,,63,0,false,160
64,50,rejected,1,mature,95,19,17,0,-1,,63,0,false,160
64,50,rejected,1,mature,96,19,17,0,-1,,63,0,false,160
64,50,rejected,1,mature,97,19,17,0,-1,,63,0,false,160
64,50,rejected,1,mature,98,19,17,0,-1,,63,0,false,160
64,50,rejected,1,mature,99,19,17,0,-1,,63,0,false,160
64,50,rejected,1,mature,100,19,17,0,-1,,63,0,false,160
64,50,rejected,1,mature,101,19,17,0,-1,,63,0,false,160
64,50,rejected,1,mature,102,19,17,0,-1,,63,0,false,160
64,50,rejected,1,mature,103,19,17,0,-1,,63,0,false,160
64,50,rejected,1,mature,104,19,17,0,-1,,63,0,false,160
64,50,rejected,1,mature,105,19,17,0,-1,,63,0,false,160
64,50,rejected,1,mature,106,19,17,0,-1,,63,0,false,160
64,50,rejected,1,mature,107,19,17,0,-1,,63,0,false,160
64,50,rejected,1,mature,108,19,17,0,-1,,63,0,false,160
64,50,rejected,1,mature,109,19,17,0,-1,,63,0,false,160
64,50,rejected,1,mature,110,19,17,0,-1,,63,0,false,160
64,50,rejected,1,mature,111,19,17,0,-1,,63,0,false,160
64,50,rejected,1,mature,112,19,17,0,-1,,63,0,false,160
64,50,rejected,1,mature,113,19,17,0,-1,,63,0,false,160
64,50,rejected,1,mature,114,19,17,0,-1,,63,0,false,160
64,50,rejected,1,mature,115,19,17,0,-1,,63,0,false,160
64,50,rejected,1,mature,116,19,17,0,-1,,63,0,false,160
64,50,rejected,1,mature,117,19,17,0,-1,,63,0,false,160
64,50,rejected,1,mature,118,19,17,0,-1,,63,0,false,160
64,50,rejected,1,mature,119,19,17,0,-1,,63,0,false,160
64,50,rejected,1,mature,120,19,17,0,-1,,63,0,false,160
64,50,rejected,1,mature,121,19,17,0,-1,,63,0,false,160
64,50,rejected,1,mature,122,19,17,0,-1,,63,0,false,160
64,50,rejected,1,mature,123,19,17,0,-1,,63,0,false,160
64,50,rejected,1,mature,124,19,17,0,-1,,63,0,false,160
64,50,rejected,1,mature,125,19,17,0,-1,,63,0,false,160
64,50,rejected,1,mature,126,19,17,0,-1,,63,0,false,160
64,50,rejected,1,mature,127,19,17,0,-1,,63,0,false,160
64,50,rejected,1,mature,128,19,17,0,-1,,63,0,false,160
64,50,rejected,1,mature,129,19,17,0,-1,,63,0,false,160
64,50,rejected,1,mature,130,19,17,0,-1,,63,0,false,160
64,50,rejected,1,mature,131,19,17,0,-1,,63,0,false,160
64,50,rejected,1,mature,132,19,17,0,-1,,63,0,false,160
64,50,rejected,1,mature,133,19,17,0,-1,,63,0,false,160
64,50,rejected,1,mature,134,19,17,0,-1,,63,0,false,160
64,50,rejected,1,mature,135,19,17,0,-1,,63,0,false,160
64,50,rejected,1,mature,136,19,17,0,-1,,63,0,false,160
64,50,rejected,1,mature,137,19,17,0,-1,,63,0,false,160
64,50,rejected,1,mature,138,19,17,0,-1,,63,0,false,160
64,50,rejected,1,mature,139,19,17,0,-1,,63,0,false,160
64,50,rejected,1,mature,140,19,17,0,-1,,63,0,false,160
64,50,rejected,1,mature,141,19,17,0,-1,,63,0,false,160
64,50,rejected,1,mature,142,19,17,0,-1,,63,0,false,160
64,50,rejected,1,mature,143,19,17,0,-1,,63,0,false,160
64,50,rejected,1,mature,144,19,17,0,-1,,63,0,false,160
64,50,rejected,1,mature,145,19,17,0,-1,,63,0,false,160
64,50,rejected,1,mature,146,19,17,0,-1,,63,0,false,160
64,50,rejected,1,mature,147,19,17,0,-1,,63,0,false,160
64,50,rejected,1,mature,148,19,17,0,-1,,63,0,false,160
64,50,rejected,1,mature,149,19,17,0,-1,,63,0,false,160
64,50,rejected,1,mature,150,19,17,0,-1,,63,0,false,160
64,50,rejected,1,mature,151,19,17,0,-1,,63,0,false,160
64,50,rejected,1,mature,152,19,17,0,-1,,63,0,false,160
64,50,rejected,1,mature,153,19,17,0,-1,,63,0,false,160
64,50,rejected,1,mature,154,19,17,0,-1,,63,0,false,160
64,50,rejected,1,mature,155,19,17,0,-1,,63,0,false,160
64,50,rejected,1,mature,156,19,17,0,-1,,63,0,false,160
64,50,rejected,1,mature,157,19,17,0,-1,,63,0,false,160
64,50,rejected,1,mature,158,19,17,0,-1,,63,0,false,160
64,50,rejected,1,mature,159,19,17,0,-1,,63,0,false,160
64,50,rejected,1,mature,160,19,17,0,-1,,63,0,false,160
64,50,rejected,1,mature,161,19,17,0,-1,,63,0,false,160
64,50,rejected,1,mature,162,19,17,0,-1,,63,0,false,160
64,50,rejected,1,mature,163,19,17,0,-1,,63,0,false,160
64,50,rejected,1,mature,164,19,17,0,-1,,63,0,false,160
64,50,rejected,1,mature,165,19,17,0,-1,,63,0,false,160
64,50,rejected,1,mature,166,19,17,0,-1,,63,0,false,160
64,50,rejected,1,mature,167,19,17,0,-1,,63,0,false,160
64,50,rejected,1,mature,168,19,17,0,-1,,63,0,false,160
64,50,rejected,1,mature,169,19,17,0,-1,,63,0,false,160
64,50,rejected,1,mature,170,19,17,0,-1,,63,0,false,160
64,50,rejected,1,mature,171,19,17,0,-1,,63,0,false,160
64,50,rejected,1,mature,172,19,17,0,-1,,63,0,false,160
64,50,rejected,1,mature,173,19,17,0,-1,,63,0,false,160
64,50,rejected,1,mature,174,19,17,0,-1,,63,0,false,160
64,50,rejected,1,mature,175,19,17,0,-1,,63,0,false,160
64,50,rejected,1,mature,176,19,17,0,-1,,63,0,false,160
64,50,rejected,1,mature,177,19,17,0,-1,,63,0,false,160
64,50,rejected,1,mature,178,19,17,0,-1,,63,0,false,160
64,50,rejected,1,mature,179,19,17,0,-1,,63,0,false,160
64,50,rejected,1,mature,180,19,17,0,-1,,63,0,false,160
64,50,rejected,1,mature,181,19,17,0,-1,,63,0,false,160
64,50,rejected,1,mature,182,19,17,0,-1,,63,0,false,160
64,50,rejected,1,mature,183,19,17,0,-1,,63,0,false,160
64,50,rejected,1,mature,184,19,17,0,-1,,63,0,false,160
64,50,rejected,1,mature,185,19,17,0,-1,,63,0,false,160
64,50,rejected,1,mature,186,19,17,0,-1,,63,0,false,160
64,50,rejected,1,mature,187,19,17,0,-1,,63,0,false,160
64,50,rejected,1,mature,188,19,17,0,-1,,63,0,false,160
64,50,rejected,1,mature,189,19,17,0,-1,,63,0,false,160
64,50,rejected,1,mature,190,19,17,0,-1,,63,0,false,160
64,50,rejected,1,mature,191,19,17,0,-1,,63,0,false,160
64,50,rejected,1,mature,192,19,17,0,-1,,63,0,false,160
64,50,rejected,1,mature,193,19,17,0,-1,,63,0,false,160
64,50,rejected,1,mature,194,19,17,0,-1,,63,0,false,160
64,50,rejected,1,mature,195,19,17,0,-1,,63,0,false,160
64,50,rejected,1,mature,196,19,17,0,-1,,63,0,false,160
64,50,rejected,1,mature,197,19,17,0,-1,,63,0,false,160
64,50,rejected,1,mature,198,19,17,0,-1,,63,0,false,160
64,50,rejected,1,mature,199,19,17,0,-1,,63,0,false,160
64,50,rejected,1,mature,200,19,17,0,-1,,63,0,false,160
64,50,rejected,1,mature,201,19,17,0,-1,,63,0,false,160
64,50,rejected,1,mature,202,19,17,0,-1,,63,0,false,160
64,50,rejected,1,mature,203,19,17,0,-1,,63,0,false,160
64,50,rejected,1,mature,204,19,17,0,-1,,63,0,false,160
64,50,rejected,1,mature,205,19,17,0,-1,,63,0,false,160
64,50,rejected,1,mature,206,19,17,0,-1,,63,0,false,160
64,50,rejected,1,mature,207,19,17,0,-1,,63,0,false,160
64,50,rejected,1,mature,208,19,17,0,-1,,63,0,false,160
64,50,rejected,1,mature,209,19,17,0,-1,,63,0,false,160
64,50,rejected,1,mature,210,19,17,0,-1,,63,0,false,160
64,50,rejected,1,mature,211,19,17,0,-1,,63,0,false,160
64,50,rejected,1,mature,212,19,17,0,-1,,63,0,false,160
64,50,rejected,1,mature,213,19,17,0,-1,,63,0,false,160
64,50,rejected,1,mature,214,19,17,0,-1,,63,0,false,160
64,50,rejected,1,mature,215,19,17,0,-1,,63,0,false,160
64,50,rejected,1,mature,216,19,17,0,-1,,63,0,false,160
64,50,rejected,1,mature,217,19,17,0,-1,,63,0,false,160
64,50,rejected,1,mature,218,19,17,0,-1,,63,0,false,160
64,50,rejected,1,mature,219,19,17,0,-1,,63,0,false,160
64,50,rejected,1,mature,220,19,17,0,-1,,63,0,false,160
64,50,rejected,1,mature,221,19,17,0,-1,,63,0,false,160
64,50,rejected,1,mature,222,19,17,0,-1,,63,0,false,160
64,50,rejected,1,mature,223,19,17,0,-1,,63,0,false,160
64,50,rejected,1,mature,224,19,17,0,-1,,63,0,false,160
64,50,rejected,1,mature,225,19,17,0,-1,,63,0,false,160
64,50,rejected,1,mature,226,19,17,0,-1,,63,0,false,160
64,50,rejected,1,mature,227,19,17,0,-1,,63,0,false,160
64,50,rejected,1,mature,228,19,17,0,-1,,63,0,false,160
64,50,rejected,1,mature,229,19,17,0,-1,,63,0,false,160
64,50,rejected,1,mature,230,19,17,0,-1,,63,0,false,160
64,50,rejected,1,mature,231,19,17,0,-1,,63,0,false,160
64,50,rejected,1,mature,232,19,17,0,-1,,63,0,false,160
64,50,rejected,1,mature,233,19,17,0,-1,,63,0,false,160
64,50,rejected,1,mature,234,19,17,0,-1,,63,0,false,160
64,50,rejected,1,mature,235,19,17,0,-1,,63,0,false,160
64,50,rejected,1,mature,236,19,17,0,-1,,63,0,false,160
64,50,rejected,1,mature,237,19,17,0,-1,,63,0,false,160
64,50,rejected,1,mature,238,19,17,0,-1,,63,0,false,160
64,50,rejected,1,mature,239,19,17,0,-1,,63,0,false,160
64,50,rejected,1,mature,240,19,17,0,-1,,63,0,false,160
64,50,rejected,1,mature,241,19,17,0,-1,,63,0,false,160
64,50,rejected,1,mature,242,19,17,0,-1,,63,0,false,160
64,50,rejected,1,mature,243,19,17,0,-1,,63,0,false,160
64,50,rejected,1,mature,244,19,17,0,-1,,63,0,false,160
64,50,rejected,1,mature,245,19,17,0,-1,,63,0,false,160
64,50,rejected,1,mature,246,19,17,0,-1,,63,0,false,160
64,50,rejected,1,mature,247,19,17,0,-1,,63,0,false,160
64,50,rejected,1,mature,248,19,17,0,-1,,63,0,false,160
64,50,rejected,1,mature,249,19,17,0,-1,,63,0,false,160
64,50,rejected,1,mature,250,19,17,0,-1,,63,0,false,160
64,50,rejected,1,mature,251,19,17,0,-1,,63,0,false,160
64,50,rejected,1,mature,252,19,17,0,-1,,63,0,false,160
64,50,rejected,1,mature,253,19,17,0,-1,,63,0,false,160
64,50,rejected,1,mature,254,19,17,0,-1,,63,0,false,160
64,50,rejected,1,mature,255,19,17,0,-1,,63,0,false,160
64,50,rejected,1,mature,256,19,17,0,-1,,63,0,false,160
64,50,rejected,1,mature,257,19,17,0,-1,,63,0,false,160
64,50,rejected,1,mature,258,19,17,0,-1,,63,0,false,160
64,50,rejected,1,mature,259,19,17,0,-1,,63,0,false,160
64,50,rejected,1,mature,260,19,17,0,-1,,63,0,false,160
64,50,rejected,1,mature,261,19,17,0,-1,,63,0,false,160
64,50,rejected,1,mature,262,19,17,0,-1,,63,0,false,160
64,50,rejected,1,mature,263,19,17,0,-1,,63,0,false,160
64,50,rejected,1,mature,264,19,17,0,-1,,63,0,false,160
64,50,rejected,1,mature,265,19,17,0,-1,,63,0,false,160
64,50,rejected,1,mature,266,19,17,0,-1,,63,0,false,160
64,50,rejected,1,mature,267,19,17,0,-1,,63,0,false,160
64,50,rejected,1,mature,268,19,17,0,-1,,63,0,false,160
64,50,rejected,1,mature,269,19,17,0,-1,,63,0,false,160
64,50,rejected,1,mature,270,19,17,0,-1,,63,0,false,160
64,50,rejected,1,mature,271,19,17,0,-1,,63,0,false,160
64,50,rejected,1,mature,272,19,17,0,-1,,63,0,false,160
64,50,rejected,1,mature,273,19,17,0,-1,,63,0,false,160
64,50,rejected,1,mature,274,19,17,0,-1,,63,0,false,160
64,50,rejected,1,mature,275,19,17,0,-1,,63,0,false,160
64,50,rejected,1,mature,276,19,17,0,-1,,63,0,false,160
64,50,rejected,1,mature,277,19,17,0,-1,,63,0,false,160
64,50,rejected,1,mature,278,19,17,0,-1,,63,0,false,160
64,50,rejected,1,mature,279,19,17,0,-1,,63,0,false,160
64,50,rejected,1,mature,280,19,17,0,-1,,63,0,false,160
64,50,rejected,1,mature,281,19,17,0,-1,,63,0,false,160
64,50,rejected,1,mature,282,19,17,0,-1,,63,0,false,160
64,50,rejected,1,mature,283,19,17,0,-1,,63,0,false,160
64,50,rejected,1,mature,284,19,17,0,-1,,63,0,false,160
64,50,rejected,1,mature,285,19,17,0,-1,,63,0,false,160
64,50,rejected,1,mature,286,19,17,0,-1,,63,0,false,160
64,50,rejected,1,mature,287,19,17,0,-1,,63,0,false,160
64,50,rejected,1,mature,288,19,17,0,-1,,63,0,false,160
64,50,rejected,1,mature,289,19,17,0,-1,,63,0,false,160
64,50,rejected,1,mature,290,19,17,0,-1,,63,0,false,160
64,50,rejected,1,mature,291,19,17,0,-1,,63,0,false,160
64,50,rejected,1,mature,292,19,17,0,-1,,63,0,false,160
64,50,rejected,1,mature,293,19,17,0,-1,,63,0,false,160
64,50,rejected,1,mature,294,19,17,0,-1,,63,0,false,160
64,50,rejected,1,mature,295,19,17,0,-1,,63,0,false,160
64,50,rejected,1,mature,296,19,17,0,-1,,63,0,false,160
64,50,rejected,1,mature,297,19,17,0,-1,,63,0,false,160
64,50,rejected,1,mature,298,19,17,0,-1,,63,0,false,160
64,50,rejected,1,mature,299,19,17,0,-1,,63,0,false,160
64,50,rejected,1,mature,300,19,17,0,-1,,63,0,false,160
64,50,rejected,1,mature,301,19,17,0,-1,,63,0,false,160
64,50,rejected,1,mature,302,19,17,0,-1,,63,0,false,160
64,50,rejected,1,mature,303,19,17,0,-1,,63,0,false,160
64,50,rejected,1,mature,304,19,17,0,-1,,63,0,false,160
64,50,rejected,1,mature,305,19,17,0,-1,,63,0,false,160
64,50,rejected,1,mature,306,19,17,0,-1,,63,0,false,160
64,50,rejected,1,mature,307,19,17,0,-1,,63,0,false,160
64,50,rejected,1,mature,308,19,17,0,-1,,63,0,false,160
64,50,rejected,1,mature,309,19,17,0,-1,,63,0,false,160
64,50,rejected,1,mature,310,19,17,0,-1,,63,0,false,160
64,50,rejected,1,mature,311,19,17,0,-1,,63,0,false,160
64,50,rejected,1,mature,312,19,17,0,-1,,63,0,false,160
64,50,rejected,1,mature,313,19,17,0,-1,,63,0,false,160
64,50,rejected,1,mature,314,19,17,0,-1,,63,0,false,160
64,50,rejected,1,mature,315,19,17,0,-1,,63,0,false,160
64,50,rejected,1,mature,316,19,17,0,-1,,63,0,false,160
64,50,rejected,1,mature,317,19,17,0,-1,,63,0,false,160
64,50,rejected,1,mature,318,19,17,0,-1,,63,0,false,160
64,50,rejected,1,mature,319,19,17,0,-1,,63,0,false,160
64,50,rejected,1,mature,320,19,17,0,-1,,63,0,false,160
64,50,rejected,1,mature,321,19,17,0,-1,,63,0,false,160
64,50,rejected,1,mature,322,19,17,0,-1,,63,0,false,160
64,50,rejected,1,mature,323,19,17,0,-1,,63,0,false,160
64,50,rejected,1,mature,324,19,17,0,-1,,63,0,false,160
64,50,rejected,1,mature,325,19,17,0,-1,,63,0,false,160
64,50,rejected,1,mature,326,19,17,0,-1,,63,0,false,160
64,50,rejected,1,mature,327,19,17,0,-1,,63,0,false,160
64,50,rejected,1,mature,328,19,17,0,-1,,63,0,false,160
64,50,rejected,1,mature,329,19,17,0,-1,,63,0,false,160
64,50,rejected,1,mature,330,19,17,0,-1,,63,0,false,160
64,50,rejected,1,mature,331,19,17,0,-1,,63,0,false,160
64,50,rejected,1,mature,332,19,17,0,-1,,63,0,false,160
64,50,rejected,1,mature,333,19,17,0,-1,,63,0,false,160
64,50,rejected,1,mature,334,19,17,0,-1,,63,0,false,160
64,50,rejected,1,mature,335,19,17,0,-1,,63,0,false,160
64,50,rejected,1,mature,336,19,17,0,-1,,63,0,false,160
64,50,rejected,1,mature,337,19,17,0,-1,,63,0,false,160
64,50,rejected,1,mature,338,19,17,0,-1,,63,0,false,160
64,50,rejected,1,mature,339,19,17,0,-1,,63,0,false,160
64,50,rejected,1,mature,340,19,17,0,-1,,63,0,false,160
64,50,rejected,1,mature,341,19,17,0,-1,,63,0,false,160
64,50,rejected,1,mature,342,19,17,0,-1,,63,0,false,160
64,50,rejected,1,mature,343,19,17,0,-1,,63,0,false,160
64,50,rejected,1,mature,344,19,17,0,-1,,63,0,false,160
64,50,rejected,1,mature,345,19,17,0,-1,,63,0,false,160
64,50,rejected,1,mature,346,19,17,0,-1,,63,0,false,160
64,50,rejected,1,mature,347,19,17,0,-1,,63,0,false,160
64,50,rejected,1,mature,348,19,17,0,-1,,63,0,false,160
64,50,rejected,1,mature,349,19,17,0,-1,,63,0,false,160
64,50,rejected,1,mature,350,19,17,0,-1,,63,0,false,160
64,50,rejected,1,mature,351,19,17,0,-1,,63,0,false,160
64,50,rejected,1,mature,352,19,17,0,-1,,63,0,false,160
64,50,rejected,1,mature,353,19,17,0,-1,,63,0,false,160
64,50,rejected,1,mature,354,19,17,0,-1,,63,0,false,160
64,50,rejected,1,mature,355,19,17,0,-1,,63,0,false,160
64,50,rejected,1,mature,356,19,17,0,-1,,63,0,false,160
64,50,rejected,1,mature,357,19,17,0,-1,,63,0,false,160
64,50,rejected,1,mature,358,19,17,0,-1,,63,0,false,160
64,50,rejected,1,mature,359,19,17,0,-1,,63,0,false,160
64,50,rejected,1,mature,360,19,17,0,-1,,63,0,false,160
64,50,rejected,1,mature,361,19,17,0,-1,,63,0,false,160
64,50,rejected,1,mature,362,19,17,0,-1,,63,0,false,160
64,50,rejected,1,mature,363,19,17,0,-1,,63,0,false,160
64,50,rejected,1,mature,364,19,17,0,-1,,63,0,false,160
64,50,rejected,1,mature,365,19,17,0,-1,,63,0,false,160
64,50,rejected,1,mature,366,19,17,0,-1,,63,0,false,160
64,50,rejected,1,mature,367,19,17,0,-1,,63,0,false,160
64,50,rejected,1,mature,368,19,17,0,-1,,63,0,false,160
64,50,rejected,1,mature,369,19,17,0,-1,,63,0,false,160
64,50,rejected,1,mature,370,19,17,0,-1,,63,0,false,160
64,50,rejected,1,mature,371,19,17,0,-1,,63,0,false,160
64,50,rejected,1,mature,372,19,17,0,-1,,63,0,false,160
64,50,rejected,1,mature,373,19,17,0,-1,,63,0,false,160
64,50,rejected,1,mature,374,19,17,0,-1,,63,0,false,160
64,50,rejected,1,mature,375,19,17,0,-1,,63,0,false,160
64,50,rejected,1,mature,376,19,17,0,-1,,63,0,false,160
64,50,rejected,1,mature,377,19,17,0,-1,,63,0,false,160
64,50,rejected,1,mature,378,19,17,0,-1,,63,0,false,160
64,50,rejected,1,mature,379,19,17,0,-1,,63,0,false,160
64,50,rejected,1,mature,380,19,17,0,-1,,63,0,false,160
64,50,rejected,1,mature,381,19,17,0,-1,,63,0,false,160
64,50,rejected,1,mature,382,19,17,0,-1,,63,0,false,160
64,50,rejected,1,mature,383,19,17,0,-1,,63,0,false,160
64,50,rejected,1,mature,384,19,17,0,-1,,63,0,false,160
64,50,rejected,1,mature,385,19,17,0,-1,,63,0,false,160
64,50,rejected,1,mature,386,19,17,0,-1,,63,0,false,160
64,50,rejected,1,mature,387,19,17,0,-1,,63,0,false,160
64,50,rejected,1,mature,388,19,17,0,-1,,63,0,false,160
64,50,rejected,1,mature,389,19,17,0,-1,,63,0,false,160
64,50,rejected,1,mature,390,19,17,0,-1,,63,0,false,160
64,50,rejected,1,mature,391,19,17,0,-1,,63,0,false,160
64,50,rejected,1,mature,392,19,17,0,-1,,63,0,false,160
64,50,rejected,1,mature,393,19,17,0,-1,,63,0,false,160
64,50,rejected,1,mature,394,19,17,0,-1,,63,0,false,160
64,50,rejected,1,mature,395,19,17,0,-1,,63,0,false,160
64,50,rejected,1,mature,396,19,17,0,-1,,63,0,false,160
64,50,rejected,1,mature,397,19,17,0,-1,,63,0,false,160
64,50,rejected,1,mature,398,19,17,0,-1,,63,0,false,160
64,50,rejected,1,mature,399,19,17,0,-1,,63,0,false,160
64,50,rejected,1,mature,400,19,17,0,-1,,63,0,false,160
64,50,rejected,1,mature,401,19,17,0,-1,,63,0,false,160
64,50,rejected,1,mature,402,19,17,0,-1,,63,0,false,160
64,50,rejected,1,mature,403,19,17,0,-1,,63,0,false,160
64,50,rejected,1,mature,404,19,17,0,-1,,63,0,false,160
64,50,rejected,1,mature,405,19,17,0,-1,,63,0,false,160
64,50,rejected,1,mature,406,19,17,0,-1,,63,0,false,160
64,50,rejected,1,mature,407,19,17,0,-1,,63,0,false,160
64,50,rejected,1,mature,408,19,17,0,-1,,63,0,false,160
64,50,rejected,1,mature,409,19,17,0,-1,,63,0,false,160
64,50,rejected,1,mature,410,19,17,0,-1,,63,0,false,160
64,50,rejected,1,mature,411,19,17,0,-1,,63,0,false,160
64,50,rejected,1,mature,412,19,17,0,-1,,63,0,false,160
64,50,rejected,1,mature,413,19,17,0,-1,,63,0,false,160
64,50,rejected,1,mature,414,19,17,0,-1,,63,0,false,160
64,50,rejected,1,mature,415,19,17,0,-1,,63,0,false,160
64,50,rejected,1,mature,416,19,17,0,-1,,63,0,false,160
64,50,rejected,1,mature,417,19,17,0,-1,,63,0,false,160
64,50,rejected,1,mature,418,19,17,0,-1,,63,0,false,160
64,50,rejected,1,mature,419,19,17,0,-1,,63,0,false,160
64,50,rejected,1,mature,420,19,17,0,-1,,63,0,false,160
64,50,rejected,1,mature,421,19,17,0,-1,,63,0,false,160
64,50,rejected,1,mature,422,19,17,0,-1,,63,0,false,160
64,50,rejected,1,mature,423,19,17,0,-1,,63,0,false,160
64,50,rejected,1,mature,424,19,17,0,-1,,63,0,false,160
64,50,rejected,1,mature,425,19,17,0,-1,,63,0,false,160
64,50,rejected,1,mature,426,19,17,0,-1,,63,0,false,160
64,50,rejected,1,mature,427,19,17,0,-1,,63,0,false,160
64,50,rejected,1,mature,428,19,17,0,-1,,63,0,false,160
64,50,rejected,1,mature,429,19,17,0,-1,,63,0,false,160
64,50,rejected,1,mature,430,19,17,0,-1,,63,0,false,160
64,50,rejected,1,mature,431,19,17,0,-1,,63,0,false,160
64,50,rejected,1,mature,432,19,17,0,-1,,63,0,false,160
64,50,rejected,1,mature,433,19,17,0,-1,,63,0,false,160
64,50,rejected,1,mature,434,19,17,0,-1,,63,0,false,160
64,50,rejected,1,mature,435,19,17,0,-1,,63,0,false,160
64,50,rejected,1,mature,436,19,17,0,-1,,63,0,false,160
64,50,rejected,1,mature,437,19,17,0,-1,,63,0,false,160
64,50,rejected,1,mature,438,19,17,0,-1,,63,0,false,160
64,50,rejected,1,mature,439,19,17,0,-1,,63,0,false,160
64,50,rejected,1,mature,440,19,17,0,-1,,63,0,false,160
64,50,rejected,1,mature,441,19,17,0,-1,,63,0,false,160
64,50,rejected,1,mature,442,19,17,0,-1,,63,0,false,160
64,50,rejected,1,mature,443,19,17,0,-1,,63,0,false,160
64,50,rejected,1,mature,444,19,17,0,-1,,63,0,false,160
64,50,rejected,1,mature,445,19,17,0,-1,,63,0,false,160
64,50,rejected,1,mature,446,19,17,0,-1,,63,0,false,160
64,50,rejected,1,mature,447,19,17,0,-1,,63,0,false,160
64,50,rejected,1,mature,448,19,17,0,-1,,63,0,false,160
64,50,rejected,1,mature,449,19,17,0,-1,,63,0,false,160
64,50,rejected,1,mature,450,19,17,0,-1,,63,0,false,160
64,50,rejected,1,mature,451,19,17,0,-1,,63,0,false,160
64,50,rejected,1,mature,452,19,17,0,-1,,63,0,false,160
64,50,rejected,1,mature,453,19,17,0,-1,,63,0,false,160
64,50,rejected,1,mature,454,19,17,0,-1,,63,0,false,160
64,50,rejected,1,mature,455,19,17,0,-1,,63,0,false,160
64,50,rejected,1,mature,456,19,17,0,-1,,63,0,false,160
64,50,rejected,1,mature,457,19,17,0,-1,,63,0,false,160
64,50,rejected,1,mature,458,19,17,0,-1,,63,0,false,160
64,50,rejected,1,mature,459,19,17,0,-1,,63,0,false,160
64,50,rejected,1,mature,460,19,17,0,-1,,63,0,false,160
64,50,rejected,1,mature,461,19,17,0,-1,,63,0,false,160
64,50,rejected,1,mature,462,19,17,0,-1,,63,0,false,160
64,50,rejected,1,mature,463,19,17,0,-1,,63,0,false,160
64,50,rejected,1,mature,464,19,17,0,-1,,63,0,false,160
64,50,rejected,1,mature,465,19,17,0,-1,,63,0,false,160
64,50,rejected,1,mature,466,19,17,0,-1,,63,0,false,160
64,50,rejected,1,mature,467,19,17,0,-1,,63,0,false,160
64,50,rejected,1,mature,468,19,17,0,-1,,63,0,false,160
64,50,rejected,1,mature,469,19,17,0,-1,,63,0,false,160
64,50,rejected,1,mature,470,19,17,0,-1,,63,0,false,160
64,50,rejected,1,mature,471,19,17,0,-1,,63,0,false,160
64,50,rejected,1,mature,472,19,17,0,-1,,63,0,false,160
64,50,rejected,1,mature,473,19,17,0,-1,,63,0,false,160
64,50,rejected,1,mature,474,19,17,0,-1,,63,0,false,160
64,50,rejected,1,mature,475,19,17,0,-1,,63,0,false,160
64,50,rejected,1,mature,476,19,17,0,-1,,63,0,false,160
64,50,rejected,1,mature,477,19,17,0,-1,,63,0,false,160
64,50,rejected,1,mature,478,19,17,0,-1,,63,0,false,160
64,50,rejected,1,mature,479,19,17,0,-1,,63,0,false,160
64,50,rejected,1,mature,480,19,17,0,-1,,63,0,false,160
64,50,rejected,1,mature,481,19,17,0,-1,,63,0,false,160
64,50,rejected,1,mature,482,19,17,0,-1,,63,0,false,160
64,50,rejected,1,mature,483,19,17,0,-1,,63,0,false,160
64,50,rejected,1,mature,484,19,17,0,-1,,63,0,false,160
64,50,rejected,1,mature,485,19,17,0,-1,,63,0,false,160
64,50,rejected,1,mature,486,19,17,0,-1,,63,0,false,160
64,50,rejected,1,mature,487,19,17,0,-1,,63,0,false,160
64,50,rejected,1,mature,488,19,17,0,-1,,63,0,false,160
64,50,rejected,1,mature,489,19,17,0,-1,,63,0,false,160
64,50,rejected,1,mature,490,19,17,0,-1,,63,0,false,160
64,50,rejected,1,mature,491,19,17,0,-1,,63,0,false,160
64,50,rejected,1,mature,492,19,17,0,-1,,63,0,false,160
64,50,rejected,1,mature,493,19,17,0,-1,,63,0,false,160
64,50,rejected,1,mature,494,19,17,0,-1,,63,0,false,160
64,50,rejected,1,mature,495,19,17,0,-1,,63,0,false,160
64,50,rejected,1,mature,496,19,17,0,-1,,63,0,false,160
64,50,rejected,1,mature,497,19,17,0,-1,,63,0,false,160
64,50,rejected,1,mature,498,19,17,0,-1,,63,0,false,160
64,50,rejected,1,mature,499,19,17,0,-1,,63,0,false,160
64,50,rejected,1,mature,500,19,17,0,-1,,63,0,false,160
64,50,rejected,1,fresh,1,19,17,0,2,17,17,1,true,1
64,50,rejected,1,fresh,2,19,17,0,4,17,17,1,true,2
64,50,rejected,1,fresh,3,19,17,0,6,17,17,1,true,3
64,50,rejected,1,fresh,4,19,17,0,8,17,17,1,true,4
64,50,rejected,1,fresh,5,19,17,0,10,17,17,1,true,5
64,100,untried,0,mature,1,34,31,136,0,34,34|34|34|34|34|34|34|34|34|34|34|34|34|34|34|34|34|34|34|34|34|34|34|34|34|34|34|34|34|34|34|34|34|34|34|34|34|34|34|34|34|34|34|34|34|34|34|34|34|34|34|34|34|34|34|34|34|34|34|34|34|34|34|34,64,false,64
64,100,untried,0,mature,2,34,31,72,0,34,34|34|34|34|34|34|34|34|34|34|34|34|34|34|34|34|34|34|34|34|34|34|34|34|34|34|34|34|34|34|34|34|34|34|34|34|34|34|34|34|34|34|34|34|34|34|34|34|34|34|34|34|34|34|34|34|34|34|34|34|34|34|34|34,64,false,128
64,100,untried,0,mature,3,34,31,8,0,34,34|34|34|34|34|34|34|34|34|34|34|34|34|34|34|34|34|34|34|34|34|34|34|34|34|34|34|34|34|34|34|34|34|34|34|34|34|34|34|34|34|34|34|34|34|34|34|34|34|34|34|34|34|34|34|34|34|34|34|34|34|34|34|34,64,false,192
64,100,untried,0,mature,4,34,31,0,0,,34|34|34|34|34|34|34|34|35|36|37|38|39|40|41|42|43|44|45|46|47|48|49|50|51|52|53|54|55|56|57|58|59|60|61|62|63,36,false,228
64,100,untried,0,mature,5,34,31,0,2,31,0|1|2|3|4|5|6|7|8|9|10|11|12|13|14|15|16|17|18|19|20|21|22|23|24|25|26|27|28|29|30|31,32,true,260
64,100,untried,0,mature,6,34,31,0,4,31,31,1,true,261
64,100,untried,0,mature,7,34,31,0,6,31,31,1,true,262
64,100,untried,0,mature,8,34,31,0,8,31,31,1,true,263
64,100,untried,0,mature,9,34,31,0,10,31,31,1,true,264
64,100,untried,0,mature,10,34,31,0,12,31,31,1,true,265
64,100,untried,0,fresh,1,34,31,-1,0,,32|33|34|35|36|37|38|39|40|41|42|43|44|45|46|47|48|49|50|51|52|53|54|55|56|57|58|59|60|61|62|63,31,false,31
64,100,untried,0,fresh,2,34,31,-1,2,31,0|1|2|3|4|5|6|7|8|9|10|11|12|13|14|15|16|17|18|19|20|21|22|23|24|25|26|27|28|29|30|31,32,true,63
64,100,untried,0,fresh,3,34,31,-1,4,31,31,1,true,64
64,100,untried,0,fresh,4,34,31,-1,6,31,31,1,true,65
64,100,untried,0,fresh,5,34,31,-1,8,31,31,1,true,66
64,100,untried,0,fresh,6,34,31,-1,10,31,31,1,true,67
64,100,untried,0,fresh,7,34,31,-1,12,31,31,1,true,68
64,100,untried,1,mature,1,35,32,136,0,35,35|35|35|35|35|35|35|35|35|35|35|35|35|35|35|35|35|35|35|35|35|35|35|35|35|35|35|35|35|35|35|35|35|35|35|35|35|35|35|35|35|35|35|35|35|35|35|35|35|35|35|35|35|35|35|35|35|35|35|35|35|35|35|35,64,false,64
64,100,untried,1,mature,2,35,32,72,0,35,35|35|35|35|35|35|35|35|35|35|35|35|35|35|35|35|35|35|35|35|35|35|35|35|35|35|35|35|35|35|35|35|35|35|35|35|35|35|35|35|35|35|35|35|35|35|35|35|35|35|35|35|35|35|35|35|35|35|35|35|35|35|35|35,64,false,128
64,100,untried,1,mature,3,35,32,8,0,35,35|35|35|35|35|35|35|35|35|35|35|35|35|35|35|35|35|35|35|35|35|35|35|35|35|35|35|35|35|35|35|35|35|35|35|35|35|35|35|35|35|35|35|35|35|35|35|35|35|35|35|35|35|35|35|35|35|35|35|35|35|35|35|35,64,false,192
64,100,untried,1,mature,4,35,32,0,0,,35|35|35|35|35|35|35|35|36|37|38|39|40|41|42|43|44|45|46|47|48|49|50|51|52|53|54|55|56|57|58|59|60|61|62|63,35,false,227
64,100,untried,1,mature,5,35,32,0,2,32,0|1|2|3|4|5|6|7|8|9|10|11|12|13|14|15|16|17|18|19|20|21|22|23|24|25|26|27|28|29|30|31|32,33,true,260
64,100,untried,1,mature,6,35,32,0,4,32,32,1,true,261
64,100,untried,1,mature,7,35,32,0,6,32,32,1,true,262
64,100,untried,1,mature,8,35,32,0,8,32,32,1,true,263
64,100,untried,1,mature,9,35,32,0,10,32,32,1,true,264
64,100,untried,1,mature,10,35,32,0,12,32,32,1,true,265
64,100,untried,1,fresh,1,35,32,-1,0,,33|34|35|36|37|38|39|40|41|42|43|44|45|46|47|48|49|50|51|52|53|54|55|56|57|58|59|60|61|62|63,30,false,30
64,100,untried,1,fresh,2,35,32,-1,2,32,0|1|2|3|4|5|6|7|8|9|10|11|12|13|14|15|16|17|18|19|20|21|22|23|24|25|26|27|28|29|30|31|32,33,true,63
64,100,untried,1,fresh,3,35,32,-1,4,32,32,1,true,64
64,100,untried,1,fresh,4,35,32,-1,6,32,32,1,true,65
64,100,untried,1,fresh,5,35,32,-1,8,32,32,1,true,66
64,100,untried,1,fresh,6,35,32,-1,10,32,32,1,true,67
64,100,untried,1,fresh,7,35,32,-1,12,32,32,1,true,68
64,100,rejected,0,mature,1,34,32,136,-1,34,34|34|34|34|34|34|34|34|34|34|34|34|34|34|34|34|34|34|34|34|34|34|34|34|34|34|34|34|34|34|34|34|34|34|34|34|34|34|34|34|34|34|34|34|34|34|34|34|34|34|34|34|34|34|34|34|34|34|34|34|34|34|34|34,64,false,64
64,100,rejected,0,mature,2,34,32,72,-1,34,34|34|34|34|34|34|34|34|34|34|34|34|34|34|34|34|34|34|34|34|34|34|34|34|34|34|34|34|34|34|34|34|34|34|34|34|34|34|34|34|34|34|34|34|34|34|34|34|34|34|34|34|34|34|34|34|34|34|34|34|34|34|34|34,64,false,128
64,100,rejected,0,mature,3,34,32,8,-1,34,34|34|34|34|34|34|34|34|34|34|34|34|34|34|34|34|34|34|34|34|34|34|34|34|34|34|34|34|34|34|34|34|34|34|34|34|34|34|34|34|34|34|34|34|34|34|34|34|34|34|34|34|34|34|34|34|34|34|34|34|34|34|34|34,64,false,192
64,100,rejected,0,mature,4,34,32,0,-1,,34|34|34|34|34|34|34|34|35|36|37|38|39|40|41|42|43|44|45|46|47|48|49|50|51|52|53|54|55|56|57|58|59|60|61|62|63,36,false,228
64,100,rejected,0,mature,5,34,32,0,-1,,0|1|2|3|4|5|6|7|8|9|10|11|12|13|14|15|16|17|18|19|20|21|22|23|24|25|26|27|28|29|30|31|63,32,false,260
64,100,rejected,0,mature,6,34,32,0,-1,,63,0,false,260
64,100,rejected,0,mature,7,34,32,0,-1,,63,0,false,260
64,100,rejected,0,mature,8,34,32,0,-1,,63,0,false,260
64,100,rejected,0,mature,9,34,32,0,-1,,63,0,false,260
64,100,rejected,0,mature,10,34,32,0,-1,,63,0,false,260
64,100,rejected,0,mature,11,34,32,0,-1,,63,0,false,260
64,100,rejected,0,mature,12,34,32,0,-1,,63,0,false,260
64,100,rejected,0,mature,13,34,32,0,-1,,63,0,false,260
64,100,rejected,0,mature,14,34,32,0,-1,,63,0,false,260
64,100,rejected,0,mature,15,34,32,0,-1,,63,0,false,260
64,100,rejected,0,mature,16,34,32,0,-1,,63,0,false,260
64,100,rejected,0,mature,17,34,32,0,-1,,63,0,false,260
64,100,rejected,0,mature,18,34,32,0,-1,,63,0,false,260
64,100,rejected,0,mature,19,34,32,0,-1,,63,0,false,260
64,100,rejected,0,mature,20,34,32,0,-1,,63,0,false,260
64,100,rejected,0,mature,21,34,32,0,-1,,63,0,false,260
64,100,rejected,0,mature,22,34,32,0,-1,,63,0,false,260
64,100,rejected,0,mature,23,34,32,0,-1,,63,0,false,260
64,100,rejected,0,mature,24,34,32,0,-1,,63,0,false,260
64,100,rejected,0,mature,25,34,32,0,-1,,63,0,false,260
64,100,rejected,0,mature,26,34,32,0,-1,,63,0,false,260
64,100,rejected,0,mature,27,34,32,0,-1,,63,0,false,260
64,100,rejected,0,mature,28,34,32,0,-1,,63,0,false,260
64,100,rejected,0,mature,29,34,32,0,-1,,63,0,false,260
64,100,rejected,0,mature,30,34,32,0,-1,,63,0,false,260
64,100,rejected,0,mature,31,34,32,0,-1,,63,0,false,260
64,100,rejected,0,mature,32,34,32,0,-1,,63,0,false,260
64,100,rejected,0,mature,33,34,32,0,-1,,63,0,false,260
64,100,rejected,0,mature,34,34,32,0,-1,,63,0,false,260
64,100,rejected,0,mature,35,34,32,0,-1,,63,0,false,260
64,100,rejected,0,mature,36,34,32,0,-1,,63,0,false,260
64,100,rejected,0,mature,37,34,32,0,-1,,63,0,false,260
64,100,rejected,0,mature,38,34,32,0,-1,,63,0,false,260
64,100,rejected,0,mature,39,34,32,0,-1,,63,0,false,260
64,100,rejected,0,mature,40,34,32,0,-1,,63,0,false,260
64,100,rejected,0,mature,41,34,32,0,-1,,63,0,false,260
64,100,rejected,0,mature,42,34,32,0,-1,,63,0,false,260
64,100,rejected,0,mature,43,34,32,0,-1,,63,0,false,260
64,100,rejected,0,mature,44,34,32,0,-1,,63,0,false,260
64,100,rejected,0,mature,45,34,32,0,-1,,63,0,false,260
64,100,rejected,0,mature,46,34,32,0,-1,,63,0,false,260
64,100,rejected,0,mature,47,34,32,0,-1,,63,0,false,260
64,100,rejected,0,mature,48,34,32,0,-1,,63,0,false,260
64,100,rejected,0,mature,49,34,32,0,-1,,63,0,false,260
64,100,rejected,0,mature,50,34,32,0,-1,,63,0,false,260
64,100,rejected,0,mature,51,34,32,0,-1,,63,0,false,260
64,100,rejected,0,mature,52,34,32,0,-1,,63,0,false,260
64,100,rejected,0,mature,53,34,32,0,-1,,63,0,false,260
64,100,rejected,0,mature,54,34,32,0,-1,,63,0,false,260
64,100,rejected,0,mature,55,34,32,0,-1,,63,0,false,260
64,100,rejected,0,mature,56,34,32,0,-1,,63,0,false,260
64,100,rejected,0,mature,57,34,32,0,-1,,63,0,false,260
64,100,rejected,0,mature,58,34,32,0,-1,,63,0,false,260
64,100,rejected,0,mature,59,34,32,0,-1,,63,0,false,260
64,100,rejected,0,mature,60,34,32,0,-1,,63,0,false,260
64,100,rejected,0,mature,61,34,32,0,-1,,63,0,false,260
64,100,rejected,0,mature,62,34,32,0,-1,,63,0,false,260
64,100,rejected,0,mature,63,34,32,0,-1,,63,0,false,260
64,100,rejected,0,mature,64,34,32,0,-1,,63,0,false,260
64,100,rejected,0,mature,65,34,32,0,-1,,63,0,false,260
64,100,rejected,0,mature,66,34,32,0,-1,,63,0,false,260
64,100,rejected,0,mature,67,34,32,0,-1,,63,0,false,260
64,100,rejected,0,mature,68,34,32,0,-1,,63,0,false,260
64,100,rejected,0,mature,69,34,32,0,-1,,63,0,false,260
64,100,rejected,0,mature,70,34,32,0,-1,,63,0,false,260
64,100,rejected,0,mature,71,34,32,0,-1,,63,0,false,260
64,100,rejected,0,mature,72,34,32,0,-1,,63,0,false,260
64,100,rejected,0,mature,73,34,32,0,-1,,63,0,false,260
64,100,rejected,0,mature,74,34,32,0,-1,,63,0,false,260
64,100,rejected,0,mature,75,34,32,0,-1,,63,0,false,260
64,100,rejected,0,mature,76,34,32,0,-1,,63,0,false,260
64,100,rejected,0,mature,77,34,32,0,-1,,63,0,false,260
64,100,rejected,0,mature,78,34,32,0,-1,,63,0,false,260
64,100,rejected,0,mature,79,34,32,0,-1,,63,0,false,260
64,100,rejected,0,mature,80,34,32,0,-1,,63,0,false,260
64,100,rejected,0,mature,81,34,32,0,-1,,63,0,false,260
64,100,rejected,0,mature,82,34,32,0,-1,,63,0,false,260
64,100,rejected,0,mature,83,34,32,0,-1,,63,0,false,260
64,100,rejected,0,mature,84,34,32,0,-1,,63,0,false,260
64,100,rejected,0,mature,85,34,32,0,-1,,63,0,false,260
64,100,rejected,0,mature,86,34,32,0,-1,,63,0,false,260
64,100,rejected,0,mature,87,34,32,0,-1,,63,0,false,260
64,100,rejected,0,mature,88,34,32,0,-1,,63,0,false,260
64,100,rejected,0,mature,89,34,32,0,-1,,63,0,false,260
64,100,rejected,0,mature,90,34,32,0,-1,,63,0,false,260
64,100,rejected,0,mature,91,34,32,0,-1,,63,0,false,260
64,100,rejected,0,mature,92,34,32,0,-1,,63,0,false,260
64,100,rejected,0,mature,93,34,32,0,-1,,63,0,false,260
64,100,rejected,0,mature,94,34,32,0,-1,,63,0,false,260
64,100,rejected,0,mature,95,34,32,0,-1,,63,0,false,260
64,100,rejected,0,mature,96,34,32,0,-1,,63,0,false,260
64,100,rejected,0,mature,97,34,32,0,-1,,63,0,false,260
64,100,rejected,0,mature,98,34,32,0,-1,,63,0,false,260
64,100,rejected,0,mature,99,34,32,0,-1,,63,0,false,260
64,100,rejected,0,mature,100,34,32,0,-1,,63,0,false,260
64,100,rejected,0,mature,101,34,32,0,-1,,63,0,false,260
64,100,rejected,0,mature,102,34,32,0,-1,,63,0,false,260
64,100,rejected,0,mature,103,34,32,0,-1,,63,0,false,260
64,100,rejected,0,mature,104,34,32,0,-1,,63,0,false,260
64,100,rejected,0,mature,105,34,32,0,-1,,63,0,false,260
64,100,rejected,0,mature,106,34,32,0,-1,,63,0,false,260
64,100,rejected,0,mature,107,34,32,0,-1,,63,0,false,260
64,100,rejected,0,mature,108,34,32,0,-1,,63,0,false,260
64,100,rejected,0,mature,109,34,32,0,-1,,63,0,false,260
64,100,rejected,0,mature,110,34,32,0,-1,,63,0,false,260
64,100,rejected,0,mature,111,34,32,0,-1,,63,0,false,260
64,100,rejected,0,mature,112,34,32,0,-1,,63,0,false,260
64,100,rejected,0,mature,113,34,32,0,-1,,63,0,false,260
64,100,rejected,0,mature,114,34,32,0,-1,,63,0,false,260
64,100,rejected,0,mature,115,34,32,0,-1,,63,0,false,260
64,100,rejected,0,mature,116,34,32,0,-1,,63,0,false,260
64,100,rejected,0,mature,117,34,32,0,-1,,63,0,false,260
64,100,rejected,0,mature,118,34,32,0,-1,,63,0,false,260
64,100,rejected,0,mature,119,34,32,0,-1,,63,0,false,260
64,100,rejected,0,mature,120,34,32,0,-1,,63,0,false,260
64,100,rejected,0,mature,121,34,32,0,-1,,63,0,false,260
64,100,rejected,0,mature,122,34,32,0,-1,,63,0,false,260
64,100,rejected,0,mature,123,34,32,0,-1,,63,0,false,260
64,100,rejected,0,mature,124,34,32,0,-1,,63,0,false,260
64,100,rejected,0,mature,125,34,32,0,-1,,63,0,false,260
64,100,rejected,0,mature,126,34,32,0,-1,,63,0,false,260
64,100,rejected,0,mature,127,34,32,0,-1,,63,0,false,260
64,100,rejected,0,mature,128,34,32,0,-1,,63,0,false,260
64,100,rejected,0,mature,129,34,32,0,-1,,63,0,false,260
64,100,rejected,0,mature,130,34,32,0,-1,,63,0,false,260
64,100,rejected,0,mature,131,34,32,0,-1,,63,0,false,260
64,100,rejected,0,mature,132,34,32,0,-1,,63,0,false,260
64,100,rejected,0,mature,133,34,32,0,-1,,63,0,false,260
64,100,rejected,0,mature,134,34,32,0,-1,,63,0,false,260
64,100,rejected,0,mature,135,34,32,0,-1,,63,0,false,260
64,100,rejected,0,mature,136,34,32,0,-1,,63,0,false,260
64,100,rejected,0,mature,137,34,32,0,-1,,63,0,false,260
64,100,rejected,0,mature,138,34,32,0,-1,,63,0,false,260
64,100,rejected,0,mature,139,34,32,0,-1,,63,0,false,260
64,100,rejected,0,mature,140,34,32,0,-1,,63,0,false,260
64,100,rejected,0,mature,141,34,32,0,-1,,63,0,false,260
64,100,rejected,0,mature,142,34,32,0,-1,,63,0,false,260
64,100,rejected,0,mature,143,34,32,0,-1,,63,0,false,260
64,100,rejected,0,mature,144,34,32,0,-1,,63,0,false,260
64,100,rejected,0,mature,145,34,32,0,-1,,63,0,false,260
64,100,rejected,0,mature,146,34,32,0,-1,,63,0,false,260
64,100,rejected,0,mature,147,34,32,0,-1,,63,0,false,260
64,100,rejected,0,mature,148,34,32,0,-1,,63,0,false,260
64,100,rejected,0,mature,149,34,32,0,-1,,63,0,false,260
64,100,rejected,0,mature,150,34,32,0,-1,,63,0,false,260
64,100,rejected,0,mature,151,34,32,0,-1,,63,0,false,260
64,100,rejected,0,mature,152,34,32,0,-1,,63,0,false,260
64,100,rejected,0,mature,153,34,32,0,-1,,63,0,false,260
64,100,rejected,0,mature,154,34,32,0,-1,,63,0,false,260
64,100,rejected,0,mature,155,34,32,0,-1,,63,0,false,260
64,100,rejected,0,mature,156,34,32,0,-1,,63,0,false,260
64,100,rejected,0,mature,157,34,32,0,-1,,63,0,false,260
64,100,rejected,0,mature,158,34,32,0,-1,,63,0,false,260
64,100,rejected,0,mature,159,34,32,0,-1,,63,0,false,260
64,100,rejected,0,mature,160,34,32,0,-1,,63,0,false,260
64,100,rejected,0,mature,161,34,32,0,-1,,63,0,false,260
64,100,rejected,0,mature,162,34,32,0,-1,,63,0,false,260
64,100,rejected,0,mature,163,34,32,0,-1,,63,0,false,260
64,100,rejected,0,mature,164,34,32,0,-1,,63,0,false,260
64,100,rejected,0,mature,165,34,32,0,-1,,63,0,false,260
64,100,rejected,0,mature,166,34,32,0,-1,,63,0,false,260
64,100,rejected,0,mature,167,34,32,0,-1,,63,0,false,260
64,100,rejected,0,mature,168,34,32,0,-1,,63,0,false,260
64,100,rejected,0,mature,169,34,32,0,-1,,63,0,false,260
64,100,rejected,0,mature,170,34,32,0,-1,,63,0,false,260
64,100,rejected,0,mature,171,34,32,0,-1,,63,0,false,260
64,100,rejected,0,mature,172,34,32,0,-1,,63,0,false,260
64,100,rejected,0,mature,173,34,32,0,-1,,63,0,false,260
64,100,rejected,0,mature,174,34,32,0,-1,,63,0,false,260
64,100,rejected,0,mature,175,34,32,0,-1,,63,0,false,260
64,100,rejected,0,mature,176,34,32,0,-1,,63,0,false,260
64,100,rejected,0,mature,177,34,32,0,-1,,63,0,false,260
64,100,rejected,0,mature,178,34,32,0,-1,,63,0,false,260
64,100,rejected,0,mature,179,34,32,0,-1,,63,0,false,260
64,100,rejected,0,mature,180,34,32,0,-1,,63,0,false,260
64,100,rejected,0,mature,181,34,32,0,-1,,63,0,false,260
64,100,rejected,0,mature,182,34,32,0,-1,,63,0,false,260
64,100,rejected,0,mature,183,34,32,0,-1,,63,0,false,260
64,100,rejected,0,mature,184,34,32,0,-1,,63,0,false,260
64,100,rejected,0,mature,185,34,32,0,-1,,63,0,false,260
64,100,rejected,0,mature,186,34,32,0,-1,,63,0,false,260
64,100,rejected,0,mature,187,34,32,0,-1,,63,0,false,260
64,100,rejected,0,mature,188,34,32,0,-1,,63,0,false,260
64,100,rejected,0,mature,189,34,32,0,-1,,63,0,false,260
64,100,rejected,0,mature,190,34,32,0,-1,,63,0,false,260
64,100,rejected,0,mature,191,34,32,0,-1,,63,0,false,260
64,100,rejected,0,mature,192,34,32,0,-1,,63,0,false,260
64,100,rejected,0,mature,193,34,32,0,-1,,63,0,false,260
64,100,rejected,0,mature,194,34,32,0,-1,,63,0,false,260
64,100,rejected,0,mature,195,34,32,0,-1,,63,0,false,260
64,100,rejected,0,mature,196,34,32,0,-1,,63,0,false,260
64,100,rejected,0,mature,197,34,32,0,-1,,63,0,false,260
64,100,rejected,0,mature,198,34,32,0,-1,,63,0,false,260
64,100,rejected,0,mature,199,34,32,0,-1,,63,0,false,260
64,100,rejected,0,mature,200,34,32,0,-1,,63,0,false,260
64,100,rejected,0,mature,201,34,32,0,-1,,63,0,false,260
64,100,rejected,0,mature,202,34,32,0,-1,,63,0,false,260
64,100,rejected,0,mature,203,34,32,0,-1,,63,0,false,260
64,100,rejected,0,mature,204,34,32,0,-1,,63,0,false,260
64,100,rejected,0,mature,205,34,32,0,-1,,63,0,false,260
64,100,rejected,0,mature,206,34,32,0,-1,,63,0,false,260
64,100,rejected,0,mature,207,34,32,0,-1,,63,0,false,260
64,100,rejected,0,mature,208,34,32,0,-1,,63,0,false,260
64,100,rejected,0,mature,209,34,32,0,-1,,63,0,false,260
64,100,rejected,0,mature,210,34,32,0,-1,,63,0,false,260
64,100,rejected,0,mature,211,34,32,0,-1,,63,0,false,260
64,100,rejected,0,mature,212,34,32,0,-1,,63,0,false,260
64,100,rejected,0,mature,213,34,32,0,-1,,63,0,false,260
64,100,rejected,0,mature,214,34,32,0,-1,,63,0,false,260
64,100,rejected,0,mature,215,34,32,0,-1,,63,0,false,260
64,100,rejected,0,mature,216,34,32,0,-1,,63,0,false,260
64,100,rejected,0,mature,217,34,32,0,-1,,63,0,false,260
64,100,rejected,0,mature,218,34,32,0,-1,,63,0,false,260
64,100,rejected,0,mature,219,34,32,0,-1,,63,0,false,260
64,100,rejected,0,mature,220,34,32,0,-1,,63,0,false,260
64,100,rejected,0,mature,221,34,32,0,-1,,63,0,false,260
64,100,rejected,0,mature,222,34,32,0,-1,,63,0,false,260
64,100,rejected,0,mature,223,34,32,0,-1,,63,0,false,260
64,100,rejected,0,mature,224,34,32,0,-1,,63,0,false,260
64,100,rejected,0,mature,225,34,32,0,-1,,63,0,false,260
64,100,rejected,0,mature,226,34,32,0,-1,,63,0,false,260
64,100,rejected,0,mature,227,34,32,0,-1,,63,0,false,260
64,100,rejected,0,mature,228,34,32,0,-1,,63,0,false,260
64,100,rejected,0,mature,229,34,32,0,-1,,63,0,false,260
64,100,rejected,0,mature,230,34,32,0,-1,,63,0,false,260
64,100,rejected,0,mature,231,34,32,0,-1,,63,0,false,260
64,100,rejected,0,mature,232,34,32,0,-1,,63,0,false,260
64,100,rejected,0,mature,233,34,32,0,-1,,63,0,false,260
64,100,rejected,0,mature,234,34,32,0,-1,,63,0,false,260
64,100,rejected,0,mature,235,34,32,0,-1,,63,0,false,260
64,100,rejected,0,mature,236,34,32,0,-1,,63,0,false,260
64,100,rejected,0,mature,237,34,32,0,-1,,63,0,false,260
64,100,rejected,0,mature,238,34,32,0,-1,,63,0,false,260
64,100,rejected,0,mature,239,34,32,0,-1,,63,0,false,260
64,100,rejected,0,mature,240,34,32,0,-1,,63,0,false,260
64,100,rejected,0,mature,241,34,32,0,-1,,63,0,false,260
64,100,rejected,0,mature,242,34,32,0,-1,,63,0,false,260
64,100,rejected,0,mature,243,34,32,0,-1,,63,0,false,260
64,100,rejected,0,mature,244,34,32,0,-1,,63,0,false,260
64,100,rejected,0,mature,245,34,32,0,-1,,63,0,false,260
64,100,rejected,0,mature,246,34,32,0,-1,,63,0,false,260
64,100,rejected,0,mature,247,34,32,0,-1,,63,0,false,260
64,100,rejected,0,mature,248,34,32,0,-1,,63,0,false,260
64,100,rejected,0,mature,249,34,32,0,-1,,63,0,false,260
64,100,rejected,0,mature,250,34,32,0,-1,,63,0,false,260
64,100,rejected,0,mature,251,34,32,0,-1,,63,0,false,260
64,100,rejected,0,mature,252,34,32,0,-1,,63,0,false,260
64,100,rejected,0,mature,253,34,32,0,-1,,63,0,false,260
64,100,rejected,0,mature,254,34,32,0,-1,,63,0,false,260
64,100,rejected,0,mature,255,34,32,0,-1,,63,0,false,260
64,100,rejected,0,mature,256,34,32,0,-1,,63,0,false,260
64,100,rejected,0,mature,257,34,32,0,-1,,63,0,false,260
64,100,rejected,0,mature,258,34,32,0,-1,,63,0,false,260
64,100,rejected,0,mature,259,34,32,0,-1,,63,0,false,260
64,100,rejected,0,mature,260,34,32,0,-1,,63,0,false,260
64,100,rejected,0,mature,261,34,32,0,-1,,63,0,false,260
64,100,rejected,0,mature,262,34,32,0,-1,,63,0,false,260
64,100,rejected,0,mature,263,34,32,0,-1,,63,0,false,260
64,100,rejected,0,mature,264,34,32,0,-1,,63,0,false,260
64,100,rejected,0,mature,265,34,32,0,-1,,63,0,false,260
64,100,rejected,0,mature,266,34,32,0,-1,,63,0,false,260
64,100,rejected,0,mature,267,34,32,0,-1,,63,0,false,260
64,100,rejected,0,mature,268,34,32,0,-1,,63,0,false,260
64,100,rejected,0,mature,269,34,32,0,-1,,63,0,false,260
64,100,rejected,0,mature,270,34,32,0,-1,,63,0,false,260
64,100,rejected,0,mature,271,34,32,0,-1,,63,0,false,260
64,100,rejected,0,mature,272,34,32,0,-1,,63,0,false,260
64,100,rejected,0,mature,273,34,32,0,-1,,63,0,false,260
64,100,rejected,0,mature,274,34,32,0,-1,,63,0,false,260
64,100,rejected,0,mature,275,34,32,0,-1,,63,0,false,260
64,100,rejected,0,mature,276,34,32,0,-1,,63,0,false,260
64,100,rejected,0,mature,277,34,32,0,-1,,63,0,false,260
64,100,rejected,0,mature,278,34,32,0,-1,,63,0,false,260
64,100,rejected,0,mature,279,34,32,0,-1,,63,0,false,260
64,100,rejected,0,mature,280,34,32,0,-1,,63,0,false,260
64,100,rejected,0,mature,281,34,32,0,-1,,63,0,false,260
64,100,rejected,0,mature,282,34,32,0,-1,,63,0,false,260
64,100,rejected,0,mature,283,34,32,0,-1,,63,0,false,260
64,100,rejected,0,mature,284,34,32,0,-1,,63,0,false,260
64,100,rejected,0,mature,285,34,32,0,-1,,63,0,false,260
64,100,rejected,0,mature,286,34,32,0,-1,,63,0,false,260
64,100,rejected,0,mature,287,34,32,0,-1,,63,0,false,260
64,100,rejected,0,mature,288,34,32,0,-1,,63,0,false,260
64,100,rejected,0,mature,289,34,32,0,-1,,63,0,false,260
64,100,rejected,0,mature,290,34,32,0,-1,,63,0,false,260
64,100,rejected,0,mature,291,34,32,0,-1,,63,0,false,260
64,100,rejected,0,mature,292,34,32,0,-1,,63,0,false,260
64,100,rejected,0,mature,293,34,32,0,-1,,63,0,false,260
64,100,rejected,0,mature,294,34,32,0,-1,,63,0,false,260
64,100,rejected,0,mature,295,34,32,0,-1,,63,0,false,260
64,100,rejected,0,mature,296,34,32,0,-1,,63,0,false,260
64,100,rejected,0,mature,297,34,32,0,-1,,63,0,false,260
64,100,rejected,0,mature,298,34,32,0,-1,,63,0,false,260
64,100,rejected,0,mature,299,34,32,0,-1,,63,0,false,260
64,100,rejected,0,mature,300,34,32,0,-1,,63,0,false,260
64,100,rejected,0,mature,301,34,32,0,-1,,63,0,false,260
64,100,rejected,0,mature,302,34,32,0,-1,,63,0,false,260
64,100,rejected,0,mature,303,34,32,0,-1,,63,0,false,260
64,100,rejected,0,mature,304,34,32,0,-1,,63,0,false,260
64,100,rejected,0,mature,305,34,32,0,-1,,63,0,false,260
64,100,rejected,0,mature,306,34,32,0,-1,,63,0,false,260
64,100,rejected,0,mature,307,34,32,0,-1,,63,0,false,260
64,100,rejected,0,mature,308,34,32,0,-1,,63,0,false,260
64,100,rejected,0,mature,309,34,32,0,-1,,63,0,false,260
64,100,rejected,0,mature,310,34,32,0,-1,,63,0,false,260
64,100,rejected,0,mature,311,34,32,0,-1,,63,0,false,260
64,100,rejected,0,mature,312,34,32,0,-1,,63,0,false,260
64,100,rejected,0,mature,313,34,32,0,-1,,63,0,false,260
64,100,rejected,0,mature,314,34,32,0,-1,,63,0,false,260
64,100,rejected,0,mature,315,34,32,0,-1,,63,0,false,260
64,100,rejected,0,mature,316,34,32,0,-1,,63,0,false,260
64,100,rejected,0,mature,317,34,32,0,-1,,63,0,false,260
64,100,rejected,0,mature,318,34,32,0,-1,,63,0,false,260
64,100,rejected,0,mature,319,34,32,0,-1,,63,0,false,260
64,100,rejected,0,mature,320,34,32,0,-1,,63,0,false,260
64,100,rejected,0,mature,321,34,32,0,-1,,63,0,false,260
64,100,rejected,0,mature,322,34,32,0,-1,,63,0,false,260
64,100,rejected,0,mature,323,34,32,0,-1,,63,0,false,260
64,100,rejected,0,mature,324,34,32,0,-1,,63,0,false,260
64,100,rejected,0,mature,325,34,32,0,-1,,63,0,false,260
64,100,rejected,0,mature,326,34,32,0,-1,,63,0,false,260
64,100,rejected,0,mature,327,34,32,0,-1,,63,0,false,260
64,100,rejected,0,mature,328,34,32,0,-1,,63,0,false,260
64,100,rejected,0,mature,329,34,32,0,-1,,63,0,false,260
64,100,rejected,0,mature,330,34,32,0,-1,,63,0,false,260
64,100,rejected,0,mature,331,34,32,0,-1,,63,0,false,260
64,100,rejected,0,mature,332,34,32,0,-1,,63,0,false,260
64,100,rejected,0,mature,333,34,32,0,-1,,63,0,false,260
64,100,rejected,0,mature,334,34,32,0,-1,,63,0,false,260
64,100,rejected,0,mature,335,34,32,0,-1,,63,0,false,260
64,100,rejected,0,mature,336,34,32,0,-1,,63,0,false,260
64,100,rejected,0,mature,337,34,32,0,-1,,63,0,false,260
64,100,rejected,0,mature,338,34,32,0,-1,,63,0,false,260
64,100,rejected,0,mature,339,34,32,0,-1,,63,0,false,260
64,100,rejected,0,mature,340,34,32,0,-1,,63,0,false,260
64,100,rejected,0,mature,341,34,32,0,-1,,63,0,false,260
64,100,rejected,0,mature,342,34,32,0,-1,,63,0,false,260
64,100,rejected,0,mature,343,34,32,0,-1,,63,0,false,260
64,100,rejected,0,mature,344,34,32,0,-1,,63,0,false,260
64,100,rejected,0,mature,345,34,32,0,-1,,63,0,false,260
64,100,rejected,0,mature,346,34,32,0,-1,,63,0,false,260
64,100,rejected,0,mature,347,34,32,0,-1,,63,0,false,260
64,100,rejected,0,mature,348,34,32,0,-1,,63,0,false,260
64,100,rejected,0,mature,349,34,32,0,-1,,63,0,false,260
64,100,rejected,0,mature,350,34,32,0,-1,,63,0,false,260
64,100,rejected,0,mature,351,34,32,0,-1,,63,0,false,260
64,100,rejected,0,mature,352,34,32,0,-1,,63,0,false,260
64,100,rejected,0,mature,353,34,32,0,-1,,63,0,false,260
64,100,rejected,0,mature,354,34,32,0,-1,,63,0,false,260
64,100,rejected,0,mature,355,34,32,0,-1,,63,0,false,260
64,100,rejected,0,mature,356,34,32,0,-1,,63,0,false,260
64,100,rejected,0,mature,357,34,32,0,-1,,63,0,false,260
64,100,rejected,0,mature,358,34,32,0,-1,,63,0,false,260
64,100,rejected,0,mature,359,34,32,0,-1,,63,0,false,260
64,100,rejected,0,mature,360,34,32,0,-1,,63,0,false,260
64,100,rejected,0,mature,361,34,32,0,-1,,63,0,false,260
64,100,rejected,0,mature,362,34,32,0,-1,,63,0,false,260
64,100,rejected,0,mature,363,34,32,0,-1,,63,0,false,260
64,100,rejected,0,mature,364,34,32,0,-1,,63,0,false,260
64,100,rejected,0,mature,365,34,32,0,-1,,63,0,false,260
64,100,rejected,0,mature,366,34,32,0,-1,,63,0,false,260
64,100,rejected,0,mature,367,34,32,0,-1,,63,0,false,260
64,100,rejected,0,mature,368,34,32,0,-1,,63,0,false,260
64,100,rejected,0,mature,369,34,32,0,-1,,63,0,false,260
64,100,rejected,0,mature,370,34,32,0,-1,,63,0,false,260
64,100,rejected,0,mature,371,34,32,0,-1,,63,0,false,260
64,100,rejected,0,mature,372,34,32,0,-1,,63,0,false,260
64,100,rejected,0,mature,373,34,32,0,-1,,63,0,false,260
64,100,rejected,0,mature,374,34,32,0,-1,,63,0,false,260
64,100,rejected,0,mature,375,34,32,0,-1,,63,0,false,260
64,100,rejected,0,mature,376,34,32,0,-1,,63,0,false,260
64,100,rejected,0,mature,377,34,32,0,-1,,63,0,false,260
64,100,rejected,0,mature,378,34,32,0,-1,,63,0,false,260
64,100,rejected,0,mature,379,34,32,0,-1,,63,0,false,260
64,100,rejected,0,mature,380,34,32,0,-1,,63,0,false,260
64,100,rejected,0,mature,381,34,32,0,-1,,63,0,false,260
64,100,rejected,0,mature,382,34,32,0,-1,,63,0,false,260
64,100,rejected,0,mature,383,34,32,0,-1,,63,0,false,260
64,100,rejected,0,mature,384,34,32,0,-1,,63,0,false,260
64,100,rejected,0,mature,385,34,32,0,-1,,63,0,false,260
64,100,rejected,0,mature,386,34,32,0,-1,,63,0,false,260
64,100,rejected,0,mature,387,34,32,0,-1,,63,0,false,260
64,100,rejected,0,mature,388,34,32,0,-1,,63,0,false,260
64,100,rejected,0,mature,389,34,32,0,-1,,63,0,false,260
64,100,rejected,0,mature,390,34,32,0,-1,,63,0,false,260
64,100,rejected,0,mature,391,34,32,0,-1,,63,0,false,260
64,100,rejected,0,mature,392,34,32,0,-1,,63,0,false,260
64,100,rejected,0,mature,393,34,32,0,-1,,63,0,false,260
64,100,rejected,0,mature,394,34,32,0,-1,,63,0,false,260
64,100,rejected,0,mature,395,34,32,0,-1,,63,0,false,260
64,100,rejected,0,mature,396,34,32,0,-1,,63,0,false,260
64,100,rejected,0,mature,397,34,32,0,-1,,63,0,false,260
64,100,rejected,0,mature,398,34,32,0,-1,,63,0,false,260
64,100,rejected,0,mature,399,34,32,0,-1,,63,0,false,260
64,100,rejected,0,mature,400,34,32,0,-1,,63,0,false,260
64,100,rejected,0,mature,401,34,32,0,-1,,63,0,false,260
64,100,rejected,0,mature,402,34,32,0,-1,,63,0,false,260
64,100,rejected,0,mature,403,34,32,0,-1,,63,0,false,260
64,100,rejected,0,mature,404,34,32,0,-1,,63,0,false,260
64,100,rejected,0,mature,405,34,32,0,-1,,63,0,false,260
64,100,rejected,0,mature,406,34,32,0,-1,,63,0,false,260
64,100,rejected,0,mature,407,34,32,0,-1,,63,0,false,260
64,100,rejected,0,mature,408,34,32,0,-1,,63,0,false,260
64,100,rejected,0,mature,409,34,32,0,-1,,63,0,false,260
64,100,rejected,0,mature,410,34,32,0,-1,,63,0,false,260
64,100,rejected,0,mature,411,34,32,0,-1,,63,0,false,260
64,100,rejected,0,mature,412,34,32,0,-1,,63,0,false,260
64,100,rejected,0,mature,413,34,32,0,-1,,63,0,false,260
64,100,rejected,0,mature,414,34,32,0,-1,,63,0,false,260
64,100,rejected,0,mature,415,34,32,0,-1,,63,0,false,260
64,100,rejected,0,mature,416,34,32,0,-1,,63,0,false,260
64,100,rejected,0,mature,417,34,32,0,-1,,63,0,false,260
64,100,rejected,0,mature,418,34,32,0,-1,,63,0,false,260
64,100,rejected,0,mature,419,34,32,0,-1,,63,0,false,260
64,100,rejected,0,mature,420,34,32,0,-1,,63,0,false,260
64,100,rejected,0,mature,421,34,32,0,-1,,63,0,false,260
64,100,rejected,0,mature,422,34,32,0,-1,,63,0,false,260
64,100,rejected,0,mature,423,34,32,0,-1,,63,0,false,260
64,100,rejected,0,mature,424,34,32,0,-1,,63,0,false,260
64,100,rejected,0,mature,425,34,32,0,-1,,63,0,false,260
64,100,rejected,0,mature,426,34,32,0,-1,,63,0,false,260
64,100,rejected,0,mature,427,34,32,0,-1,,63,0,false,260
64,100,rejected,0,mature,428,34,32,0,-1,,63,0,false,260
64,100,rejected,0,mature,429,34,32,0,-1,,63,0,false,260
64,100,rejected,0,mature,430,34,32,0,-1,,63,0,false,260
64,100,rejected,0,mature,431,34,32,0,-1,,63,0,false,260
64,100,rejected,0,mature,432,34,32,0,-1,,63,0,false,260
64,100,rejected,0,mature,433,34,32,0,-1,,63,0,false,260
64,100,rejected,0,mature,434,34,32,0,-1,,63,0,false,260
64,100,rejected,0,mature,435,34,32,0,-1,,63,0,false,260
64,100,rejected,0,mature,436,34,32,0,-1,,63,0,false,260
64,100,rejected,0,mature,437,34,32,0,-1,,63,0,false,260
64,100,rejected,0,mature,438,34,32,0,-1,,63,0,false,260
64,100,rejected,0,mature,439,34,32,0,-1,,63,0,false,260
64,100,rejected,0,mature,440,34,32,0,-1,,63,0,false,260
64,100,rejected,0,mature,441,34,32,0,-1,,63,0,false,260
64,100,rejected,0,mature,442,34,32,0,-1,,63,0,false,260
64,100,rejected,0,mature,443,34,32,0,-1,,63,0,false,260
64,100,rejected,0,mature,444,34,32,0,-1,,63,0,false,260
64,100,rejected,0,mature,445,34,32,0,-1,,63,0,false,260
64,100,rejected,0,mature,446,34,32,0,-1,,63,0,false,260
64,100,rejected,0,mature,447,34,32,0,-1,,63,0,false,260
64,100,rejected,0,mature,448,34,32,0,-1,,63,0,false,260
64,100,rejected,0,mature,449,34,32,0,-1,,63,0,false,260
64,100,rejected,0,mature,450,34,32,0,-1,,63,0,false,260
64,100,rejected,0,mature,451,34,32,0,-1,,63,0,false,260
64,100,rejected,0,mature,452,34,32,0,-1,,63,0,false,260
64,100,rejected,0,mature,453,34,32,0,-1,,63,0,false,260
64,100,rejected,0,mature,454,34,32,0,-1,,63,0,false,260
64,100,rejected,0,mature,455,34,32,0,-1,,63,0,false,260
64,100,rejected,0,mature,456,34,32,0,-1,,63,0,false,260
64,100,rejected,0,mature,457,34,32,0,-1,,63,0,false,260
64,100,rejected,0,mature,458,34,32,0,-1,,63,0,false,260
64,100,rejected,0,mature,459,34,32,0,-1,,63,0,false,260
64,100,rejected,0,mature,460,34,32,0,-1,,63,0,false,260
64,100,rejected,0,mature,461,34,32,0,-1,,63,0,false,260
64,100,rejected,0,mature,462,34,32,0,-1,,63,0,false,260
64,100,rejected,0,mature,463,34,32,0,-1,,63,0,false,260
64,100,rejected,0,mature,464,34,32,0,-1,,63,0,false,260
64,100,rejected,0,mature,465,34,32,0,-1,,63,0,false,260
64,100,rejected,0,mature,466,34,32,0,-1,,63,0,false,260
64,100,rejected,0,mature,467,34,32,0,-1,,63,0,false,260
64,100,rejected,0,mature,468,34,32,0,-1,,63,0,false,260
64,100,rejected,0,mature,469,34,32,0,-1,,63,0,false,260
64,100,rejected,0,mature,470,34,32,0,-1,,63,0,false,260
64,100,rejected,0,mature,471,34,32,0,-1,,63,0,false,260
64,100,rejected,0,mature,472,34,32,0,-1,,63,0,false,260
64,100,rejected,0,mature,473,34,32,0,-1,,63,0,false,260
64,100,rejected,0,mature,474,34,32,0,-1,,63,0,false,260
64,100,rejected,0,mature,475,34,32,0,-1,,63,0,false,260
64,100,rejected,0,mature,476,34,32,0,-1,,63,0,false,260
64,100,rejected,0,mature,477,34,32,0,-1,,63,0,false,260
64,100,rejected,0,mature,478,34,32,0,-1,,63,0,false,260
64,100,rejected,0,mature,479,34,32,0,-1,,63,0,false,260
64,100,rejected,0,mature,480,34,32,0,-1,,63,0,false,260
64,100,rejected,0,mature,481,34,32,0,-1,,63,0,false,260
64,100,rejected,0,mature,482,34,32,0,-1,,63,0,false,260
64,100,rejected,0,mature,483,34,32,0,-1,,63,0,false,260
64,100,rejected,0,mature,484,34,32,0,-1,,63,0,false,260
64,100,rejected,0,mature,485,34,32,0,-1,,63,0,false,260
64,100,rejected,0,mature,486,34,32,0,-1,,63,0,false,260
64,100,rejected,0,mature,487,34,32,0,-1,,63,0,false,260
64,100,rejected,0,mature,488,34,32,0,-1,,63,0,false,260
64,100,rejected,0,mature,489,34,32,0,-1,,63,0,false,260
64,100,rejected,0,mature,490,34,32,0,-1,,63,0,false,260
64,100,rejected,0,mature,491,34,32,0,-1,,63,0,false,260
64,100,rejected,0,mature,492,34,32,0,-1,,63,0,false,260
64,100,rejected,0,mature,493,34,32,0,-1,,63,0,false,260
64,100,rejected,0,mature,494,34,32,0,-1,,63,0,false,260
64,100,rejected,0,mature,495,34,32,0,-1,,63,0,false,260
64,100,rejected,0,mature,496,34,32,0,-1,,63,0,false,260
64,100,rejected,0,mature,497,34,32,0,-1,,63,0,false,260
64,100,rejected,0,mature,498,34,32,0,-1,,63,0,false,260
64,100,rejected,0,mature,499,34,32,0,-1,,63,0,false,260
64,100,rejected,0,mature,500,34,32,0,-1,,63,0,false,260
64,100,rejected,0,fresh,1,34,32,0,2,32,32,1,true,1
64,100,rejected,0,fresh,2,34,32,0,4,32,32,1,true,2
64,100,rejected,0,fresh,3,34,32,0,6,32,32,1,true,3
64,100,rejected,0,fresh,4,34,32,0,8,32,32,1,true,4
64,100,rejected,0,fresh,5,34,32,0,10,32,32,1,true,5
64,100,rejected,1,mature,1,35,33,136,-1,35,35|35|35|35|35|35|35|35|35|35|35|35|35|35|35|35|35|35|35|35|35|35|35|35|35|35|35|35|35|35|35|35|35|35|35|35|35|35|35|35|35|35|35|35|35|35|35|35|35|35|35|35|35|35|35|35|35|35|35|35|35|35|35|35,64,false,64
64,100,rejected,1,mature,2,35,33,72,-1,35,35|35|35|35|35|35|35|35|35|35|35|35|35|35|35|35|35|35|35|35|35|35|35|35|35|35|35|35|35|35|35|35|35|35|35|35|35|35|35|35|35|35|35|35|35|35|35|35|35|35|35|35|35|35|35|35|35|35|35|35|35|35|35|35,64,false,128
64,100,rejected,1,mature,3,35,33,8,-1,35,35|35|35|35|35|35|35|35|35|35|35|35|35|35|35|35|35|35|35|35|35|35|35|35|35|35|35|35|35|35|35|35|35|35|35|35|35|35|35|35|35|35|35|35|35|35|35|35|35|35|35|35|35|35|35|35|35|35|35|35|35|35|35|35,64,false,192
64,100,rejected,1,mature,4,35,33,0,-1,,35|35|35|35|35|35|35|35|36|37|38|39|40|41|42|43|44|45|46|47|48|49|50|51|52|53|54|55|56|57|58|59|60|61|62|63,35,false,227
64,100,rejected,1,mature,5,35,33,0,-1,,0|1|2|3|4|5|6|7|8|9|10|11|12|13|14|15|16|17|18|19|20|21|22|23|24|25|26|27|28|29|30|31|32|63,33,false,260
64,100,rejected,1,mature,6,35,33,0,-1,,63,0,false,260
64,100,rejected,1,mature,7,35,33,0,-1,,63,0,false,260
64,100,rejected,1,mature,8,35,33,0,-1,,63,0,false,260
64,100,rejected,1,mature,9,35,33,0,-1,,63,0,false,260
64,100,rejected,1,mature,10,35,33,0,-1,,63,0,false,260
64,100,rejected,1,mature,11,35,33,0,-1,,63,0,false,260
64,100,rejected,1,mature,12,35,33,0,-1,,63,0,false,260
64,100,rejected,1,mature,13,35,33,0,-1,,63,0,false,260
64,100,rejected,1,mature,14,35,33,0,-1,,63,0,false,260
64,100,rejected,1,mature,15,35,33,0,-1,,63,0,false,260
64,100,rejected,1,mature,16,35,33,0,-1,,63,0,false,260
64,100,rejected,1,mature,17,35,33,0,-1,,63,0,false,260
64,100,rejected,1,mature,18,35,33,0,-1,,63,0,false,260
64,100,rejected,1,mature,19,35,33,0,-1,,63,0,false,260
64,100,rejected,1,mature,20,35,33,0,-1,,63,0,false,260
64,100,rejected,1,mature,21,35,33,0,-1,,63,0,false,260
64,100,rejected,1,mature,22,35,33,0,-1,,63,0,false,260
64,100,rejected,1,mature,23,35,33,0,-1,,63,0,false,260
64,100,rejected,1,mature,24,35,33,0,-1,,63,0,false,260
64,100,rejected,1,mature,25,35,33,0,-1,,63,0,false,260
64,100,rejected,1,mature,26,35,33,0,-1,,63,0,false,260
64,100,rejected,1,mature,27,35,33,0,-1,,63,0,false,260
64,100,rejected,1,mature,28,35,33,0,-1,,63,0,false,260
64,100,rejected,1,mature,29,35,33,0,-1,,63,0,false,260
64,100,rejected,1,mature,30,35,33,0,-1,,63,0,false,260
64,100,rejected,1,mature,31,35,33,0,-1,,63,0,false,260
64,100,rejected,1,mature,32,35,33,0,-1,,63,0,false,260
64,100,rejected,1,mature,33,35,33,0,-1,,63,0,false,260
64,100,rejected,1,mature,34,35,33,0,-1,,63,0,false,260
64,100,rejected,1,mature,35,35,33,0,-1,,63,0,false,260
64,100,rejected,1,mature,36,35,33,0,-1,,63,0,false,260
64,100,rejected,1,mature,37,35,33,0,-1,,63,0,false,260
64,100,rejected,1,mature,38,35,33,0,-1,,63,0,false,260
64,100,rejected,1,mature,39,35,33,0,-1,,63,0,false,260
64,100,rejected,1,mature,40,35,33,0,-1,,63,0,false,260
64,100,rejected,1,mature,41,35,33,0,-1,,63,0,false,260
64,100,rejected,1,mature,42,35,33,0,-1,,63,0,false,260
64,100,rejected,1,mature,43,35,33,0,-1,,63,0,false,260
64,100,rejected,1,mature,44,35,33,0,-1,,63,0,false,260
64,100,rejected,1,mature,45,35,33,0,-1,,63,0,false,260
64,100,rejected,1,mature,46,35,33,0,-1,,63,0,false,260
64,100,rejected,1,mature,47,35,33,0,-1,,63,0,false,260
64,100,rejected,1,mature,48,35,33,0,-1,,63,0,false,260
64,100,rejected,1,mature,49,35,33,0,-1,,63,0,false,260
64,100,rejected,1,mature,50,35,33,0,-1,,63,0,false,260
64,100,rejected,1,mature,51,35,33,0,-1,,63,0,false,260
64,100,rejected,1,mature,52,35,33,0,-1,,63,0,false,260
64,100,rejected,1,mature,53,35,33,0,-1,,63,0,false,260
64,100,rejected,1,mature,54,35,33,0,-1,,63,0,false,260
64,100,rejected,1,mature,55,35,33,0,-1,,63,0,false,260
64,100,rejected,1,mature,56,35,33,0,-1,,63,0,false,260
64,100,rejected,1,mature,57,35,33,0,-1,,63,0,false,260
64,100,rejected,1,mature,58,35,33,0,-1,,63,0,false,260
64,100,rejected,1,mature,59,35,33,0,-1,,63,0,false,260
64,100,rejected,1,mature,60,35,33,0,-1,,63,0,false,260
64,100,rejected,1,mature,61,35,33,0,-1,,63,0,false,260
64,100,rejected,1,mature,62,35,33,0,-1,,63,0,false,260
64,100,rejected,1,mature,63,35,33,0,-1,,63,0,false,260
64,100,rejected,1,mature,64,35,33,0,-1,,63,0,false,260
64,100,rejected,1,mature,65,35,33,0,-1,,63,0,false,260
64,100,rejected,1,mature,66,35,33,0,-1,,63,0,false,260
64,100,rejected,1,mature,67,35,33,0,-1,,63,0,false,260
64,100,rejected,1,mature,68,35,33,0,-1,,63,0,false,260
64,100,rejected,1,mature,69,35,33,0,-1,,63,0,false,260
64,100,rejected,1,mature,70,35,33,0,-1,,63,0,false,260
64,100,rejected,1,mature,71,35,33,0,-1,,63,0,false,260
64,100,rejected,1,mature,72,35,33,0,-1,,63,0,false,260
64,100,rejected,1,mature,73,35,33,0,-1,,63,0,false,260
64,100,rejected,1,mature,74,35,33,0,-1,,63,0,false,260
64,100,rejected,1,mature,75,35,33,0,-1,,63,0,false,260
64,100,rejected,1,mature,76,35,33,0,-1,,63,0,false,260
64,100,rejected,1,mature,77,35,33,0,-1,,63,0,false,260
64,100,rejected,1,mature,78,35,33,0,-1,,63,0,false,260
64,100,rejected,1,mature,79,35,33,0,-1,,63,0,false,260
64,100,rejected,1,mature,80,35,33,0,-1,,63,0,false,260
64,100,rejected,1,mature,81,35,33,0,-1,,63,0,false,260
64,100,rejected,1,mature,82,35,33,0,-1,,63,0,false,260
64,100,rejected,1,mature,83,35,33,0,-1,,63,0,false,260
64,100,rejected,1,mature,84,35,33,0,-1,,63,0,false,260
64,100,rejected,1,mature,85,35,33,0,-1,,63,0,false,260
64,100,rejected,1,mature,86,35,33,0,-1,,63,0,false,260
64,100,rejected,1,mature,87,35,33,0,-1,,63,0,false,260
64,100,rejected,1,mature,88,35,33,0,-1,,63,0,false,260
64,100,rejected,1,mature,89,35,33,0,-1,,63,0,false,260
64,100,rejected,1,mature,90,35,33,0,-1,,63,0,false,260
64,100,rejected,1,mature,91,35,33,0,-1,,63,0,false,260
64,100,rejected,1,mature,92,35,33,0,-1,,63,0,false,260
64,100,rejected,1,mature,93,35,33,0,-1,,63,0,false,260
64,100,rejected,1,mature,94,35,33,0,-1,,63,0,false,260
64,100,rejected,1,mature,95,35,33,0,-1,,63,0,false,260
64,100,rejected,1,mature,96,35,33,0,-1,,63,0,false,260
64,100,rejected,1,mature,97,35,33,0,-1,,63,0,false,260
64,100,rejected,1,mature,98,35,33,0,-1,,63,0,false,260
64,100,rejected,1,mature,99,35,33,0,-1,,63,0,false,260
64,100,rejected,1,mature,100,35,33,0,-1,,63,0,false,260
64,100,rejected,1,mature,101,35,33,0,-1,,63,0,false,260
64,100,rejected,1,mature,102,35,33,0,-1,,63,0,false,260
64,100,rejected,1,mature,103,35,33,0,-1,,63,0,false,260
64,100,rejected,1,mature,104,35,33,0,-1,,63,0,false,260
64,100,rejected,1,mature,105,35,33,0,-1,,63,0,false,260
64,100,rejected,1,mature,106,35,33,0,-1,,63,0,false,260
64,100,rejected,1,mature,107,35,33,0,-1,,63,0,false,260
64,100,rejected,1,mature,108,35,33,0,-1,,63,0,false,260
64,100,rejected,1,mature,109,35,33,0,-1,,63,0,false,260
64,100,rejected,1,mature,110,35,33,0,-1,,63,0,false,260
64,100,rejected,1,mature,111,35,33,0,-1,,63,0,false,260
64,100,rejected,1,mature,112,35,33,0,-1,,63,0,false,260
64,100,rejected,1,mature,113,35,33,0,-1,,63,0,false,260
64,100,rejected,1,mature,114,35,33,0,-1,,63,0,false,260
64,100,rejected,1,mature,115,35,33,0,-1,,63,0,false,260
64,100,rejected,1,mature,116,35,33,0,-1,,63,0,false,260
64,100,rejected,1,mature,117,35,33,0,-1,,63,0,false,260
64,100,rejected,1,mature,118,35,33,0,-1,,63,0,false,260
64,100,rejected,1,mature,119,35,33,0,-1,,63,0,false,260
64,100,rejected,1,mature,120,35,33,0,-1,,63,0,false,260
64,100,rejected,1,mature,121,35,33,0,-1,,63,0,false,260
64,100,rejected,1,mature,122,35,33,0,-1,,63,0,false,260
64,100,rejected,1,mature,123,35,33,0,-1,,63,0,false,260
64,100,rejected,1,mature,124,35,33,0,-1,,63,0,false,260
64,100,rejected,1,mature,125,35,33,0,-1,,63,0,false,260
64,100,rejected,1,mature,126,35,33,0,-1,,63,0,false,260
64,100,rejected,1,mature,127,35,33,0,-1,,63,0,false,260
64,100,rejected,1,mature,128,35,33,0,-1,,63,0,false,260
64,100,rejected,1,mature,129,35,33,0,-1,,63,0,false,260
64,100,rejected,1,mature,130,35,33,0,-1,,63,0,false,260
64,100,rejected,1,mature,131,35,33,0,-1,,63,0,false,260
64,100,rejected,1,mature,132,35,33,0,-1,,63,0,false,260
64,100,rejected,1,mature,133,35,33,0,-1,,63,0,false,260
64,100,rejected,1,mature,134,35,33,0,-1,,63,0,false,260
64,100,rejected,1,mature,135,35,33,0,-1,,63,0,false,260
64,100,rejected,1,mature,136,35,33,0,-1,,63,0,false,260
64,100,rejected,1,mature,137,35,33,0,-1,,63,0,false,260
64,100,rejected,1,mature,138,35,33,0,-1,,63,0,false,260
64,100,rejected,1,mature,139,35,33,0,-1,,63,0,false,260
64,100,rejected,1,mature,140,35,33,0,-1,,63,0,false,260
64,100,rejected,1,mature,141,35,33,0,-1,,63,0,false,260
64,100,rejected,1,mature,142,35,33,0,-1,,63,0,false,260
64,100,rejected,1,mature,143,35,33,0,-1,,63,0,false,260
64,100,rejected,1,mature,144,35,33,0,-1,,63,0,false,260
64,100,rejected,1,mature,145,35,33,0,-1,,63,0,false,260
64,100,rejected,1,mature,146,35,33,0,-1,,63,0,false,260
64,100,rejected,1,mature,147,35,33,0,-1,,63,0,false,260
64,100,rejected,1,mature,148,35,33,0,-1,,63,0,false,260
64,100,rejected,1,mature,149,35,33,0,-1,,63,0,false,260
64,100,rejected,1,mature,150,35,33,0,-1,,63,0,false,260
64,100,rejected,1,mature,151,35,33,0,-1,,63,0,false,260
64,100,rejected,1,mature,152,35,33,0,-1,,63,0,false,260
64,100,rejected,1,mature,153,35,33,0,-1,,63,0,false,260
64,100,rejected,1,mature,154,35,33,0,-1,,63,0,false,260
64,100,rejected,1,mature,155,35,33,0,-1,,63,0,false,260
64,100,rejected,1,mature,156,35,33,0,-1,,63,0,false,260
64,100,rejected,1,mature,157,35,33,0,-1,,63,0,false,260
64,100,rejected,1,mature,158,35,33,0,-1,,63,0,false,260
64,100,rejected,1,mature,159,35,33,0,-1,,63,0,false,260
64,100,rejected,1,mature,160,35,33,0,-1,,63,0,false,260
64,100,rejected,1,mature,161,35,33,0,-1,,63,0,false,260
64,100,rejected,1,mature,162,35,33,0,-1,,63,0,false,260
64,100,rejected,1,mature,163,35,33,0,-1,,63,0,false,260
64,100,rejected,1,mature,164,35,33,0,-1,,63,0,false,260
64,100,rejected,1,mature,165,35,33,0,-1,,63,0,false,260
64,100,rejected,1,mature,166,35,33,0,-1,,63,0,false,260
64,100,rejected,1,mature,167,35,33,0,-1,,63,0,false,260
64,100,rejected,1,mature,168,35,33,0,-1,,63,0,false,260
64,100,rejected,1,mature,169,35,33,0,-1,,63,0,false,260
64,100,rejected,1,mature,170,35,33,0,-1,,63,0,false,260
64,100,rejected,1,mature,171,35,33,0,-1,,63,0,false,260
64,100,rejected,1,mature,172,35,33,0,-1,,63,0,false,260
64,100,rejected,1,mature,173,35,33,0,-1,,63,0,false,260
64,100,rejected,1,mature,174,35,33,0,-1,,63,0,false,260
64,100,rejected,1,mature,175,35,33,0,-1,,63,0,false,260
64,100,rejected,1,mature,176,35,33,0,-1,,63,0,false,260
64,100,rejected,1,mature,177,35,33,0,-1,,63,0,false,260
64,100,rejected,1,mature,178,35,33,0,-1,,63,0,false,260
64,100,rejected,1,mature,179,35,33,0,-1,,63,0,false,260
64,100,rejected,1,mature,180,35,33,0,-1,,63,0,false,260
64,100,rejected,1,mature,181,35,33,0,-1,,63,0,false,260
64,100,rejected,1,mature,182,35,33,0,-1,,63,0,false,260
64,100,rejected,1,mature,183,35,33,0,-1,,63,0,false,260
64,100,rejected,1,mature,184,35,33,0,-1,,63,0,false,260
64,100,rejected,1,mature,185,35,33,0,-1,,63,0,false,260
64,100,rejected,1,mature,186,35,33,0,-1,,63,0,false,260
64,100,rejected,1,mature,187,35,33,0,-1,,63,0,false,260
64,100,rejected,1,mature,188,35,33,0,-1,,63,0,false,260
64,100,rejected,1,mature,189,35,33,0,-1,,63,0,false,260
64,100,rejected,1,mature,190,35,33,0,-1,,63,0,false,260
64,100,rejected,1,mature,191,35,33,0,-1,,63,0,false,260
64,100,rejected,1,mature,192,35,33,0,-1,,63,0,false,260
64,100,rejected,1,mature,193,35,33,0,-1,,63,0,false,260
64,100,rejected,1,mature,194,35,33,0,-1,,63,0,false,260
64,100,rejected,1,mature,195,35,33,0,-1,,63,0,false,260
64,100,rejected,1,mature,196,35,33,0,-1,,63,0,false,260
64,100,rejected,1,mature,197,35,33,0,-1,,63,0,false,260
64,100,rejected,1,mature,198,35,33,0,-1,,63,0,false,260
64,100,rejected,1,mature,199,35,33,0,-1,,63,0,false,260
64,100,rejected,1,mature,200,35,33,0,-1,,63,0,false,260
64,100,rejected,1,mature,201,35,33,0,-1,,63,0,false,260
64,100,rejected,1,mature,202,35,33,0,-1,,63,0,false,260
64,100,rejected,1,mature,203,35,33,0,-1,,63,0,false,260
64,100,rejected,1,mature,204,35,33,0,-1,,63,0,false,260
64,100,rejected,1,mature,205,35,33,0,-1,,63,0,false,260
64,100,rejected,1,mature,206,35,33,0,-1,,63,0,false,260
64,100,rejected,1,mature,207,35,33,0,-1,,63,0,false,260
64,100,rejected,1,mature,208,35,33,0,-1,,63,0,false,260
64,100,rejected,1,mature,209,35,33,0,-1,,63,0,false,260
64,100,rejected,1,mature,210,35,33,0,-1,,63,0,false,260
64,100,rejected,1,mature,211,35,33,0,-1,,63,0,false,260
64,100,rejected,1,mature,212,35,33,0,-1,,63,0,false,260
64,100,rejected,1,mature,213,35,33,0,-1,,63,0,false,260
64,100,rejected,1,mature,214,35,33,0,-1,,63,0,false,260
64,100,rejected,1,mature,215,35,33,0,-1,,63,0,false,260
64,100,rejected,1,mature,216,35,33,0,-1,,63,0,false,260
64,100,rejected,1,mature,217,35,33,0,-1,,63,0,false,260
64,100,rejected,1,mature,218,35,33,0,-1,,63,0,false,260
64,100,rejected,1,mature,219,35,33,0,-1,,63,0,false,260
64,100,rejected,1,mature,220,35,33,0,-1,,63,0,false,260
64,100,rejected,1,mature,221,35,33,0,-1,,63,0,false,260
64,100,rejected,1,mature,222,35,33,0,-1,,63,0,false,260
64,100,rejected,1,mature,223,35,33,0,-1,,63,0,false,260
64,100,rejected,1,mature,224,35,33,0,-1,,63,0,false,260
64,100,rejected,1,mature,225,35,33,0,-1,,63,0,false,260
64,100,rejected,1,mature,226,35,33,0,-1,,63,0,false,260
64,100,rejected,1,mature,227,35,33,0,-1,,63,0,false,260
64,100,rejected,1,mature,228,35,33,0,-1,,63,0,false,260
64,100,rejected,1,mature,229,35,33,0,-1,,63,0,false,260
64,100,rejected,1,mature,230,35,33,0,-1,,63,0,false,260
64,100,rejected,1,mature,231,35,33,0,-1,,63,0,false,260
64,100,rejected,1,mature,232,35,33,0,-1,,63,0,false,260
64,100,rejected,1,mature,233,35,33,0,-1,,63,0,false,260
64,100,rejected,1,mature,234,35,33,0,-1,,63,0,false,260
64,100,rejected,1,mature,235,35,33,0,-1,,63,0,false,260
64,100,rejected,1,mature,236,35,33,0,-1,,63,0,false,260
64,100,rejected,1,mature,237,35,33,0,-1,,63,0,false,260
64,100,rejected,1,mature,238,35,33,0,-1,,63,0,false,260
64,100,rejected,1,mature,239,35,33,0,-1,,63,0,false,260
64,100,rejected,1,mature,240,35,33,0,-1,,63,0,false,260
64,100,rejected,1,mature,241,35,33,0,-1,,63,0,false,260
64,100,rejected,1,mature,242,35,33,0,-1,,63,0,false,260
64,100,rejected,1,mature,243,35,33,0,-1,,63,0,false,260
64,100,rejected,1,mature,244,35,33,0,-1,,63,0,false,260
64,100,rejected,1,mature,245,35,33,0,-1,,63,0,false,260
64,100,rejected,1,mature,246,35,33,0,-1,,63,0,false,260
64,100,rejected,1,mature,247,35,33,0,-1,,63,0,false,260
64,100,rejected,1,mature,248,35,33,0,-1,,63,0,false,260
64,100,rejected,1,mature,249,35,33,0,-1,,63,0,false,260
64,100,rejected,1,mature,250,35,33,0,-1,,63,0,false,260
64,100,rejected,1,mature,251,35,33,0,-1,,63,0,false,260
64,100,rejected,1,mature,252,35,33,0,-1,,63,0,false,260
64,100,rejected,1,mature,253,35,33,0,-1,,63,0,false,260
64,100,rejected,1,mature,254,35,33,0,-1,,63,0,false,260
64,100,rejected,1,mature,255,35,33,0,-1,,63,0,false,260
64,100,rejected,1,mature,256,35,33,0,-1,,63,0,false,260
64,100,rejected,1,mature,257,35,33,0,-1,,63,0,false,260
64,100,rejected,1,mature,258,35,33,0,-1,,63,0,false,260
64,100,rejected,1,mature,259,35,33,0,-1,,63,0,false,260
64,100,rejected,1,mature,260,35,33,0,-1,,63,0,false,260
64,100,rejected,1,mature,261,35,33,0,-1,,63,0,false,260
64,100,rejected,1,mature,262,35,33,0,-1,,63,0,false,260
64,100,rejected,1,mature,263,35,33,0,-1,,63,0,false,260
64,100,rejected,1,mature,264,35,33,0,-1,,63,0,false,260
64,100,rejected,1,mature,265,35,33,0,-1,,63,0,false,260
64,100,rejected,1,mature,266,35,33,0,-1,,63,0,false,260
64,100,rejected,1,mature,267,35,33,0,-1,,63,0,false,260
64,100,rejected,1,mature,268,35,33,0,-1,,63,0,false,260
64,100,rejected,1,mature,269,35,33,0,-1,,63,0,false,260
64,100,rejected,1,mature,270,35,33,0,-1,,63,0,false,260
64,100,rejected,1,mature,271,35,33,0,-1,,63,0,false,260
64,100,rejected,1,mature,272,35,33,0,-1,,63,0,false,260
64,100,rejected,1,mature,273,35,33,0,-1,,63,0,false,260
64,100,rejected,1,mature,274,35,33,0,-1,,63,0,false,260
64,100,rejected,1,mature,275,35,33,0,-1,,63,0,false,260
64,100,rejected,1,mature,276,35,33,0,-1,,63,0,false,260
64,100,rejected,1,mature,277,35,33,0,-1,,63,0,false,260
64,100,rejected,1,mature,278,35,33,0,-1,,63,0,false,260
64,100,rejected,1,mature,279,35,33,0,-1,,63,0,false,260
64,100,rejected,1,mature,280,35,33,0,-1,,63,0,false,260
64,100,rejected,1,mature,281,35,33,0,-1,,63,0,false,260
64,100,rejected,1,mature,282,35,33,0,-1,,63,0,false,260
64,100,rejected,1,mature,283,35,33,0,-1,,63,0,false,260
64,100,rejected,1,mature,284,35,33,0,-1,,63,0,false,260
64,100,rejected,1,mature,285,35,33,0,-1,,63,0,false,260
64,100,rejected,1,mature,286,35,33,0,-1,,63,0,false,260
64,100,rejected,1,mature,287,35,33,0,-1,,63,0,false,260
64,100,rejected,1,mature,288,35,33,0,-1,,63,0,false,260
64,100,rejected,1,mature,289,35,33,0,-1,,63,0,false,260
64,100,rejected,1,mature,290,35,33,0,-1,,63,0,false,260
64,100,rejected,1,mature,291,35,33,0,-1,,63,0,false,260
64,100,rejected,1,mature,292,35,33,0,-1,,63,0,false,260
64,100,rejected,1,mature,293,35,33,0,-1,,63,0,false,260
64,100,rejected,1,mature,294,35,33,0,-1,,63,0,false,260
64,100,rejected,1,mature,295,35,33,0,-1,,63,0,false,260
64,100,rejected,1,mature,296,35,33,0,-1,,63,0,false,260
64,100,rejected,1,mature,297,35,33,0,-1,,63,0,false,260
64,100,rejected,1,mature,298,35,33,0,-1,,63,0,false,260
64,100,rejected,1,mature,299,35,33,0,-1,,63,0,false,260
64,100,rejected,1,mature,300,35,33,0,-1,,63,0,false,260
64,100,rejected,1,mature,301,35,33,0,-1,,63,0,false,260
64,100,rejected,1,mature,302,35,33,0,-1,,63,0,false,260
64,100,rejected,1,mature,303,35,33,0,-1,,63,0,false,260
64,100,rejected,1,mature,304,35,33,0,-1,,63,0,false,260
64,100,rejected,1,mature,305,35,33,0,-1,,63,0,false,260
64,100,rejected,1,mature,306,35,33,0,-1,,63,0,false,260
64,100,rejected,1,mature,307,35,33,0,-1,,63,0,false,260
64,100,rejected,1,mature,308,35,33,0,-1,,63,0,false,260
64,100,rejected,1,mature,309,35,33,0,-1,,63,0,false,260
64,100,rejected,1,mature,310,35,33,0,-1,,63,0,false,260
64,100,rejected,1,mature,311,35,33,0,-1,,63,0,false,260
64,100,rejected,1,mature,312,35,33,0,-1,,63,0,false,260
64,100,rejected,1,mature,313,35,33,0,-1,,63,0,false,260
64,100,rejected,1,mature,314,35,33,0,-1,,63,0,false,260
64,100,rejected,1,mature,315,35,33,0,-1,,63,0,false,260
64,100,rejected,1,mature,316,35,33,0,-1,,63,0,false,260
64,100,rejected,1,mature,317,35,33,0,-1,,63,0,false,260
64,100,rejected,1,mature,318,35,33,0,-1,,63,0,false,260
64,100,rejected,1,mature,319,35,33,0,-1,,63,0,false,260
64,100,rejected,1,mature,320,35,33,0,-1,,63,0,false,260
64,100,rejected,1,mature,321,35,33,0,-1,,63,0,false,260
64,100,rejected,1,mature,322,35,33,0,-1,,63,0,false,260
64,100,rejected,1,mature,323,35,33,0,-1,,63,0,false,260
64,100,rejected,1,mature,324,35,33,0,-1,,63,0,false,260
64,100,rejected,1,mature,325,35,33,0,-1,,63,0,false,260
64,100,rejected,1,mature,326,35,33,0,-1,,63,0,false,260
64,100,rejected,1,mature,327,35,33,0,-1,,63,0,false,260
64,100,rejected,1,mature,328,35,33,0,-1,,63,0,false,260
64,100,rejected,1,mature,329,35,33,0,-1,,63,0,false,260
64,100,rejected,1,mature,330,35,33,0,-1,,63,0,false,260
64,100,rejected,1,mature,331,35,33,0,-1,,63,0,false,260
64,100,rejected,1,mature,332,35,33,0,-1,,63,0,false,260
64,100,rejected,1,mature,333,35,33,0,-1,,63,0,false,260
64,100,rejected,1,mature,334,35,33,0,-1,,63,0,false,260
64,100,rejected,1,mature,335,35,33,0,-1,,63,0,false,260
64,100,rejected,1,mature,336,35,33,0,-1,,63,0,false,260
64,100,rejected,1,mature,337,35,33,0,-1,,63,0,false,260
64,100,rejected,1,mature,338,35,33,0,-1,,63,0,false,260
64,100,rejected,1,mature,339,35,33,0,-1,,63,0,false,260
64,100,rejected,1,mature,340,35,33,0,-1,,63,0,false,260
64,100,rejected,1,mature,341,35,33,0,-1,,63,0,false,260
64,100,rejected,1,mature,342,35,33,0,-1,,63,0,false,260
64,100,rejected,1,mature,343,35,33,0,-1,,63,0,false,260
64,100,rejected,1,mature,344,35,33,0,-1,,63,0,false,260
64,100,rejected,1,mature,345,35,33,0,-1,,63,0,false,260
64,100,rejected,1,mature,346,35,33,0,-1,,63,0,false,260
64,100,rejected,1,mature,347,35,33,0,-1,,63,0,false,260
64,100,rejected,1,mature,348,35,33,0,-1,,63,0,false,260
64,100,rejected,1,mature,349,35,33,0,-1,,63,0,false,260
64,100,rejected,1,mature,350,35,33,0,-1,,63,0,false,260
64,100,rejected,1,mature,351,35,33,0,-1,,63,0,false,260
64,100,rejected,1,mature,352,35,33,0,-1,,63,0,false,260
64,100,rejected,1,mature,353,35,33,0,-1,,63,0,false,260
64,100,rejected,1,mature,354,35,33,0,-1,,63,0,false,260
64,100,rejected,1,mature,355,35,33,0,-1,,63,0,false,260
64,100,rejected,1,mature,356,35,33,0,-1,,63,0,false,260
64,100,rejected,1,mature,357,35,33,0,-1,,63,0,false,260
64,100,rejected,1,mature,358,35,33,0,-1,,63,0,false,260
64,100,rejected,1,mature,359,35,33,0,-1,,63,0,false,260
64,100,rejected,1,mature,360,35,33,0,-1,,63,0,false,260
64,100,rejected,1,mature,361,35,33,0,-1,,63,0,false,260
64,100,rejected,1,mature,362,35,33,0,-1,,63,0,false,260
64,100,rejected,1,mature,363,35,33,0,-1,,63,0,false,260
64,100,rejected,1,mature,364,35,33,0,-1,,63,0,false,260
64,100,rejected,1,mature,365,35,33,0,-1,,63,0,false,260
64,100,rejected,1,mature,366,35,33,0,-1,,63,0,false,260
64,100,rejected,1,mature,367,35,33,0,-1,,63,0,false,260
64,100,rejected,1,mature,368,35,33,0,-1,,63,0,false,260
64,100,rejected,1,mature,369,35,33,0,-1,,63,0,false,260
64,100,rejected,1,mature,370,35,33,0,-1,,63,0,false,260
64,100,rejected,1,mature,371,35,33,0,-1,,63,0,false,260
64,100,rejected,1,mature,372,35,33,0,-1,,63,0,false,260
64,100,rejected,1,mature,373,35,33,0,-1,,63,0,false,260
64,100,rejected,1,mature,374,35,33,0,-1,,63,0,false,260
64,100,rejected,1,mature,375,35,33,0,-1,,63,0,false,260
64,100,rejected,1,mature,376,35,33,0,-1,,63,0,false,260
64,100,rejected,1,mature,377,35,33,0,-1,,63,0,false,260
64,100,rejected,1,mature,378,35,33,0,-1,,63,0,false,260
64,100,rejected,1,mature,379,35,33,0,-1,,63,0,false,260
64,100,rejected,1,mature,380,35,33,0,-1,,63,0,false,260
64,100,rejected,1,mature,381,35,33,0,-1,,63,0,false,260
64,100,rejected,1,mature,382,35,33,0,-1,,63,0,false,260
64,100,rejected,1,mature,383,35,33,0,-1,,63,0,false,260
64,100,rejected,1,mature,384,35,33,0,-1,,63,0,false,260
64,100,rejected,1,mature,385,35,33,0,-1,,63,0,false,260
64,100,rejected,1,mature,386,35,33,0,-1,,63,0,false,260
64,100,rejected,1,mature,387,35,33,0,-1,,63,0,false,260
64,100,rejected,1,mature,388,35,33,0,-1,,63,0,false,260
64,100,rejected,1,mature,389,35,33,0,-1,,63,0,false,260
64,100,rejected,1,mature,390,35,33,0,-1,,63,0,false,260
64,100,rejected,1,mature,391,35,33,0,-1,,63,0,false,260
64,100,rejected,1,mature,392,35,33,0,-1,,63,0,false,260
64,100,rejected,1,mature,393,35,33,0,-1,,63,0,false,260
64,100,rejected,1,mature,394,35,33,0,-1,,63,0,false,260
64,100,rejected,1,mature,395,35,33,0,-1,,63,0,false,260
64,100,rejected,1,mature,396,35,33,0,-1,,63,0,false,260
64,100,rejected,1,mature,397,35,33,0,-1,,63,0,false,260
64,100,rejected,1,mature,398,35,33,0,-1,,63,0,false,260
64,100,rejected,1,mature,399,35,33,0,-1,,63,0,false,260
64,100,rejected,1,mature,400,35,33,0,-1,,63,0,false,260
64,100,rejected,1,mature,401,35,33,0,-1,,63,0,false,260
64,100,rejected,1,mature,402,35,33,0,-1,,63,0,false,260
64,100,rejected,1,mature,403,35,33,0,-1,,63,0,false,260
64,100,rejected,1,mature,404,35,33,0,-1,,63,0,false,260
64,100,rejected,1,mature,405,35,33,0,-1,,63,0,false,260
64,100,rejected,1,mature,406,35,33,0,-1,,63,0,false,260
64,100,rejected,1,mature,407,35,33,0,-1,,63,0,false,260
64,100,rejected,1,mature,408,35,33,0,-1,,63,0,false,260
64,100,rejected,1,mature,409,35,33,0,-1,,63,0,false,260
64,100,rejected,1,mature,410,35,33,0,-1,,63,0,false,260
64,100,rejected,1,mature,411,35,33,0,-1,,63,0,false,260
64,100,rejected,1,mature,412,35,33,0,-1,,63,0,false,260
64,100,rejected,1,mature,413,35,33,0,-1,,63,0,false,260
64,100,rejected,1,mature,414,35,33,0,-1,,63,0,false,260
64,100,rejected,1,mature,415,35,33,0,-1,,63,0,false,260
64,100,rejected,1,mature,416,35,33,0,-1,,63,0,false,260
64,100,rejected,1,mature,417,35,33,0,-1,,63,0,false,260
64,100,rejected,1,mature,418,35,33,0,-1,,63,0,false,260
64,100,rejected,1,mature,419,35,33,0,-1,,63,0,false,260
64,100,rejected,1,mature,420,35,33,0,-1,,63,0,false,260
64,100,rejected,1,mature,421,35,33,0,-1,,63,0,false,260
64,100,rejected,1,mature,422,35,33,0,-1,,63,0,false,260
64,100,rejected,1,mature,423,35,33,0,-1,,63,0,false,260
64,100,rejected,1,mature,424,35,33,0,-1,,63,0,false,260
64,100,rejected,1,mature,425,35,33,0,-1,,63,0,false,260
64,100,rejected,1,mature,426,35,33,0,-1,,63,0,false,260
64,100,rejected,1,mature,427,35,33,0,-1,,63,0,false,260
64,100,rejected,1,mature,428,35,33,0,-1,,63,0,false,260
64,100,rejected,1,mature,429,35,33,0,-1,,63,0,false,260
64,100,rejected,1,mature,430,35,33,0,-1,,63,0,false,260
64,100,rejected,1,mature,431,35,33,0,-1,,63,0,false,260
64,100,rejected,1,mature,432,35,33,0,-1,,63,0,false,260
64,100,rejected,1,mature,433,35,33,0,-1,,63,0,false,260
64,100,rejected,1,mature,434,35,33,0,-1,,63,0,false,260
64,100,rejected,1,mature,435,35,33,0,-1,,63,0,false,260
64,100,rejected,1,mature,436,35,33,0,-1,,63,0,false,260
64,100,rejected,1,mature,437,35,33,0,-1,,63,0,false,260
64,100,rejected,1,mature,438,35,33,0,-1,,63,0,false,260
64,100,rejected,1,mature,439,35,33,0,-1,,63,0,false,260
64,100,rejected,1,mature,440,35,33,0,-1,,63,0,false,260
64,100,rejected,1,mature,441,35,33,0,-1,,63,0,false,260
64,100,rejected,1,mature,442,35,33,0,-1,,63,0,false,260
64,100,rejected,1,mature,443,35,33,0,-1,,63,0,false,260
64,100,rejected,1,mature,444,35,33,0,-1,,63,0,false,260
64,100,rejected,1,mature,445,35,33,0,-1,,63,0,false,260
64,100,rejected,1,mature,446,35,33,0,-1,,63,0,false,260
64,100,rejected,1,mature,447,35,33,0,-1,,63,0,false,260
64,100,rejected,1,mature,448,35,33,0,-1,,63,0,false,260
64,100,rejected,1,mature,449,35,33,0,-1,,63,0,false,260
64,100,rejected,1,mature,450,35,33,0,-1,,63,0,false,260
64,100,rejected,1,mature,451,35,33,0,-1,,63,0,false,260
64,100,rejected,1,mature,452,35,33,0,-1,,63,0,false,260
64,100,rejected,1,mature,453,35,33,0,-1,,63,0,false,260
64,100,rejected,1,mature,454,35,33,0,-1,,63,0,false,260
64,100,rejected,1,mature,455,35,33,0,-1,,63,0,false,260
64,100,rejected,1,mature,456,35,33,0,-1,,63,0,false,260
64,100,rejected,1,mature,457,35,33,0,-1,,63,0,false,260
64,100,rejected,1,mature,458,35,33,0,-1,,63,0,false,260
64,100,rejected,1,mature,459,35,33,0,-1,,63,0,false,260
64,100,rejected,1,mature,460,35,33,0,-1,,63,0,false,260
64,100,rejected,1,mature,461,35,33,0,-1,,63,0,false,260
64,100,rejected,1,mature,462,35,33,0,-1,,63,0,false,260
64,100,rejected,1,mature,463,35,33,0,-1,,63,0,false,260
64,100,rejected,1,mature,464,35,33,0,-1,,63,0,false,260
64,100,rejected,1,mature,465,35,33,0,-1,,63,0,false,260
64,100,rejected,1,mature,466,35,33,0,-1,,63,0,false,260
64,100,rejected,1,mature,467,35,33,0,-1,,63,0,false,260
64,100,rejected,1,mature,468,35,33,0,-1,,63,0,false,260
64,100,rejected,1,mature,469,35,33,0,-1,,63,0,false,260
64,100,rejected,1,mature,470,35,33,0,-1,,63,0,false,260
64,100,rejected,1,mature,471,35,33,0,-1,,63,0,false,260
64,100,rejected,1,mature,472,35,33,0,-1,,63,0,false,260
64,100,rejected,1,mature,473,35,33,0,-1,,63,0,false,260
64,100,rejected,1,mature,474,35,33,0,-1,,63,0,false,260
64,100,rejected,1,mature,475,35,33,0,-1,,63,0,false,260
64,100,rejected,1,mature,476,35,33,0,-1,,63,0,false,260
64,100,rejected,1,mature,477,35,33,0,-1,,63,0,false,260
64,100,rejected,1,mature,478,35,33,0,-1,,63,0,false,260
64,100,rejected,1,mature,479,35,33,0,-1,,63,0,false,260
64,100,rejected,1,mature,480,35,33,0,-1,,63,0,false,260
64,100,rejected,1,mature,481,35,33,0,-1,,63,0,false,260
64,100,rejected,1,mature,482,35,33,0,-1,,63,0,false,260
64,100,rejected,1,mature,483,35,33,0,-1,,63,0,false,260
64,100,rejected,1,mature,484,35,33,0,-1,,63,0,false,260
64,100,rejected,1,mature,485,35,33,0,-1,,63,0,false,260
64,100,rejected,1,mature,486,35,33,0,-1,,63,0,false,260
64,100,rejected,1,mature,487,35,33,0,-1,,63,0,false,260
64,100,rejected,1,mature,488,35,33,0,-1,,63,0,false,260
64,100,rejected,1,mature,489,35,33,0,-1,,63,0,false,260
64,100,rejected,1,mature,490,35,33,0,-1,,63,0,false,260
64,100,rejected,1,mature,491,35,33,0,-1,,63,0,false,260
64,100,rejected,1,mature,492,35,33,0,-1,,63,0,false,260
64,100,rejected,1,mature,493,35,33,0,-1,,63,0,false,260
64,100,rejected,1,mature,494,35,33,0,-1,,63,0,false,260
64,100,rejected,1,mature,495,35,33,0,-1,,63,0,false,260
64,100,rejected,1,mature,496,35,33,0,-1,,63,0,false,260
64,100,rejected,1,mature,497,35,33,0,-1,,63,0,false,260
64,100,rejected,1,mature,498,35,33,0,-1,,63,0,false,260
64,100,rejected,1,mature,499,35,33,0,-1,,63,0,false,260
64,100,rejected,1,mature,500,35,33,0,-1,,63,0,false,260
64,100,rejected,1,fresh,1,35,33,0,2,33,33,1,true,1
64,100,rejected,1,fresh,2,35,33,0,4,33,33,1,true,2
64,100,rejected,1,fresh,3,35,33,0,6,33,33,1,true,3
64,100,rejected,1,fresh,4,35,33,0,8,33,33,1,true,4
64,100,rejected,1,fresh,5,35,33,0,10,33,33,1,true,5
